2,0,1655.00,828.00,96.00,252.00,1.0,-1,-1,-1
3,0,1653.00,834.00,101.00,246.00,1.0,-1,-1,-1
4,0,1652.00,838.00,107.00,242.00,1.0,-1,-1,-1
5,0,1657.00,839.00,104.00,241.00,1.0,-1,-1,-1
6,0,1659.00,841.00,104.00,239.00,1.0,-1,-1,-1
7,0,1664.00,840.00,103.00,240.00,1.0,-1,-1,-1
8,0,1669.00,837.00,106.00,243.00,1.0,-1,-1,-1
8,1,669.00,690.00,86.00,215.00,1.0,-1,-1,-1
9,0,1676.00,836.00,100.00,244.00,1.0,-1,-1,-1
9,1,665.00,692.00,88.00,215.00,1.0,-1,-1,-1
9,2,221.00,816.00,114.00,264.00,1.0,-1,-1,-1
10,0,1684.00,838.00,98.00,242.00,1.0,-1,-1,-1
10,1,667.00,695.00,85.00,214.00,1.0,-1,-1,-1
10,2,227.00,816.00,112.00,264.00,1.0,-1,-1,-1
11,0,1696.00,841.00,89.00,239.00,1.0,-1,-1,-1
11,1,670.00,698.00,85.00,211.00,1.0,-1,-1,-1
11,2,231.00,815.00,115.00,265.00,1.0,-1,-1,-1
12,0,1705.00,843.00,85.00,237.00,1.0,-1,-1,-1
12,1,668.00,700.00,85.00,212.00,1.0,-1,-1,-1
12,2,233.00,814.00,113.00,266.00,1.0,-1,-1,-1
13,0,1715.00,839.00,78.00,241.00,1.0,-1,-1,-1
13,1,667.00,701.00,85.00,213.00,1.0,-1,-1,-1
13,2,235.00,812.00,115.00,268.00,1.0,-1,-1,-1
13,3,752.00,714.00,95.00,203.00,1.0,-1,-1,-1
14,0,1718.00,837.00,82.00,243.00,1.0,-1,-1,-1
14,1,667.00,705.00,86.00,212.00,1.0,-1,-1,-1
14,2,239.00,810.00,116.00,270.00,1.0,-1,-1,-1
14,3,752.00,715.00,95.00,202.00,1.0,-1,-1,-1
14,4,388.00,813.00,94.00,267.00,1.0,-1,-1,-1
15,0,1719.00,837.00,88.00,243.00,1.0,-1,-1,-1
15,1,667.00,706.00,86.00,219.00,1.0,-1,-1,-1
15,2,242.00,809.00,116.00,271.00,1.0,-1,-1,-1
15,3,754.00,716.00,94.00,203.00,1.0,-1,-1,-1
15,4,389.00,813.00,92.00,267.00,1.0,-1,-1,-1
16,0,1719.00,838.00,95.00,242.00,1.0,-1,-1,-1
16,1,667.00,710.00,87.00,217.00,1.0,-1,-1,-1
16,2,245.00,809.00,116.00,271.00,1.0,-1,-1,-1
16,3,756.00,717.00,92.00,204.00,1.0,-1,-1,-1
16,4,392.00,812.00,93.00,268.00,1.0,-1,-1,-1
17,0,1720.00,841.00,96.00,239.00,1.0,-1,-1,-1
17,1,665.00,712.00,89.00,217.00,1.0,-1,-1,-1
17,2,247.00,809.00,116.00,271.00,1.0,-1,-1,-1
17,3,755.00,718.00,93.00,204.00,1.0,-1,-1,-1
17,4,392.00,810.00,93.00,270.00,1.0,-1,-1,-1
18,0,1721.00,841.00,100.00,239.00,1.0,-1,-1,-1
18,1,665.00,712.00,91.00,217.00,1.0,-1,-1,-1
18,2,251.00,809.00,115.00,271.00,1.0,-1,-1,-1
18,3,758.00,719.00,90.00,204.00,1.0,-1,-1,-1
18,4,393.00,809.00,99.00,271.00,1.0,-1,-1,-1
19,0,1724.00,842.00,98.00,238.00,1.0,-1,-1,-1
19,1,665.00,713.00,94.00,217.00,1.0,-1,-1,-1
19,2,253.00,811.00,116.00,269.00,1.0,-1,-1,-1
19,3,760.00,722.00,88.00,203.00,1.0,-1,-1,-1
19,4,394.00,807.00,99.00,273.00,1.0,-1,-1,-1
20,0,1727.00,842.00,100.00,238.00,1.0,-1,-1,-1
20,1,666.00,713.00,93.00,218.00,1.0,-1,-1,-1
20,2,256.00,811.00,116.00,269.00,1.0,-1,-1,-1
20,3,760.00,724.00,88.00,203.00,1.0,-1,-1,-1
20,4,395.00,806.00,98.00,274.00,1.0,-1,-1,-1
21,0,1733.00,842.00,90.00,238.00,1.0,-1,-1,-1
21,1,663.00,714.00,97.00,218.00,1.0,-1,-1,-1
21,2,257.00,811.00,116.00,267.00,1.0,-1,-1,-1
21,3,759.00,727.00,87.00,204.00,1.0,-1,-1,-1
21,4,395.00,806.00,99.00,274.00,1.0,-1,-1,-1
22,0,1742.00,841.00,83.00,239.00,1.0,-1,-1,-1
22,1,664.00,717.00,96.00,218.00,1.0,-1,-1,-1
22,2,259.00,812.00,117.00,268.00,1.0,-1,-1,-1
22,3,761.00,730.00,85.00,204.00,1.0,-1,-1,-1
22,4,396.00,807.00,101.00,273.00,1.0,-1,-1,-1
23,0,1754.00,843.00,77.00,237.00,1.0,-1,-1,-1
23,1,663.00,720.00,98.00,224.00,1.0,-1,-1,-1
23,2,260.00,813.00,118.00,267.00,1.0,-1,-1,-1
23,3,761.00,734.00,84.00,206.00,1.0,-1,-1,-1
23,4,398.00,809.00,100.00,271.00,1.0,-1,-1,-1
24,0,1765.00,843.00,85.00,237.00,1.0,-1,-1,-1
24,1,663.00,722.00,98.00,222.00,1.0,-1,-1,-1
24,2,261.00,813.00,119.00,267.00,1.0,-1,-1,-1
24,3,758.00,736.00,87.00,206.00,1.0,-1,-1,-1
24,4,398.00,811.00,103.00,269.00,1.0,-1,-1,-1
25,0,1774.00,844.00,81.00,236.00,1.0,-1,-1,-1
25,1,662.00,725.00,98.00,224.00,1.0,-1,-1,-1
25,2,263.00,811.00,118.00,269.00,1.0,-1,-1,-1
25,3,757.00,738.00,88.00,203.00,1.0,-1,-1,-1
25,4,400.00,813.00,101.00,267.00,1.0,-1,-1,-1
26,0,1765.00,847.00,94.00,233.00,1.0,-1,-1,-1
26,1,662.00,728.00,97.00,221.00,1.0,-1,-1,-1
26,2,266.00,810.00,118.00,270.00,1.0,-1,-1,-1
26,3,759.00,740.00,85.00,207.00,1.0,-1,-1,-1
26,4,402.00,814.00,97.00,266.00,1.0,-1,-1,-1
27,0,1785.00,848.00,81.00,232.00,1.0,-1,-1,-1
27,1,662.00,731.00,97.00,222.00,1.0,-1,-1,-1
27,2,270.00,808.00,117.00,272.00,1.0,-1,-1,-1
27,3,754.00,741.00,90.00,206.00,1.0,-1,-1,-1
27,4,405.00,815.00,97.00,265.00,1.0,-1,-1,-1
28,0,1781.00,852.00,98.00,228.00,1.0,-1,-1,-1
28,1,663.00,735.00,97.00,225.00,1.0,-1,-1,-1
28,2,274.00,809.00,117.00,271.00,1.0,-1,-1,-1
28,3,756.00,742.00,89.00,207.00,1.0,-1,-1,-1
28,4,409.00,815.00,98.00,265.00,1.0,-1,-1,-1
29,0,1778.00,855.00,103.00,225.00,1.0,-1,-1,-1
29,1,663.00,737.00,95.00,225.00,1.0,-1,-1,-1
29,2,275.00,809.00,119.00,271.00,1.0,-1,-1,-1
29,3,755.00,745.00,90.00,207.00,1.0,-1,-1,-1
29,4,410.00,815.00,97.00,265.00,1.0,-1,-1,-1
30,0,1783.00,857.00,101.00,223.00,1.0,-1,-1,-1
30,1,663.00,738.00,94.00,225.00,1.0,-1,-1,-1
30,2,278.00,809.00,120.00,271.00,1.0,-1,-1,-1
30,3,753.00,747.00,92.00,209.00,1.0,-1,-1,-1
30,4,413.00,813.00,95.00,267.00,1.0,-1,-1,-1
31,0,1789.00,859.00,98.00,221.00,1.0,-1,-1,-1
31,1,664.00,741.00,93.00,224.00,1.0,-1,-1,-1
31,2,281.00,811.00,121.00,269.00,1.0,-1,-1,-1
31,3,753.00,751.00,92.00,208.00,1.0,-1,-1,-1
31,4,416.00,813.00,98.00,267.00,1.0,-1,-1,-1
32,0,1794.00,857.00,93.00,223.00,1.0,-1,-1,-1
32,1,665.00,743.00,90.00,224.00,1.0,-1,-1,-1
32,2,284.00,815.00,120.00,265.00,1.0,-1,-1,-1
32,3,752.00,756.00,93.00,209.00,1.0,-1,-1,-1
32,4,418.00,813.00,96.00,267.00,1.0,-1,-1,-1
33,0,1796.00,858.00,90.00,222.00,1.0,-1,-1,-1
33,1,665.00,744.00,90.00,227.00,1.0,-1,-1,-1
33,2,289.00,816.00,118.00,264.00,1.0,-1,-1,-1
33,3,751.00,759.00,95.00,208.00,1.0,-1,-1,-1
33,4,421.00,813.00,95.00,267.00,1.0,-1,-1,-1
34,0,1805.00,858.00,83.00,222.00,1.0,-1,-1,-1
34,1,666.00,745.00,89.00,226.00,1.0,-1,-1,-1
34,2,296.00,817.00,115.00,263.00,1.0,-1,-1,-1
34,3,752.00,761.00,94.00,210.00,1.0,-1,-1,-1
34,4,424.00,812.00,95.00,268.00,1.0,-1,-1,-1
35,0,1814.00,859.00,75.00,221.00,1.0,-1,-1,-1
35,1,666.00,748.00,89.00,226.00,1.0,-1,-1,-1
35,2,299.00,819.00,116.00,261.00,1.0,-1,-1,-1
35,3,751.00,764.00,95.00,211.00,1.0,-1,-1,-1
35,4,426.00,813.00,93.00,267.00,1.0,-1,-1,-1
36,0,1831.00,858.00,59.00,222.00,1.0,-1,-1,-1
36,1,667.00,750.00,89.00,225.00,1.0,-1,-1,-1
36,2,305.00,817.00,114.00,263.00,1.0,-1,-1,-1
36,3,750.00,766.00,97.00,212.00,1.0,-1,-1,-1
36,4,428.00,814.00,91.00,266.00,1.0,-1,-1,-1
37,0,1845.00,857.00,46.00,223.00,1.0,-1,-1,-1
37,1,668.00,752.00,88.00,224.00,1.0,-1,-1,-1
37,2,310.00,817.00,113.00,263.00,1.0,-1,-1,-1
37,3,751.00,767.00,96.00,212.00,1.0,-1,-1,-1
37,4,430.00,814.00,92.00,266.00,1.0,-1,-1,-1
38,0,1854.00,857.00,38.00,223.00,1.0,-1,-1,-1
38,1,668.00,755.00,89.00,227.00,1.0,-1,-1,-1
38,2,315.00,817.00,111.00,263.00,1.0,-1,-1,-1
38,3,751.00,769.00,96.00,212.00,1.0,-1,-1,-1
38,4,431.00,817.00,92.00,263.00,1.0,-1,-1,-1
39,0,1859.00,859.00,35.00,221.00,1.0,-1,-1,-1
39,1,668.00,757.00,90.00,226.00,1.0,-1,-1,-1
39,2,318.00,815.00,112.00,265.00,1.0,-1,-1,-1
39,3,751.00,769.00,96.00,212.00,1.0,-1,-1,-1
39,4,434.00,818.00,90.00,262.00,1.0,-1,-1,-1
40,0,1861.00,874.00,32.00,206.00,1.0,-1,-1,-1
40,1,666.00,761.00,94.00,226.00,1.0,-1,-1,-1
40,2,320.00,812.00,113.00,268.00,1.0,-1,-1,-1
40,3,752.00,770.00,95.00,212.00,1.0,-1,-1,-1
40,4,435.00,818.00,91.00,262.00,1.0,-1,-1,-1
41,0,1863.00,880.00,32.00,200.00,1.0,-1,-1,-1
41,1,666.00,761.00,93.00,231.00,1.0,-1,-1,-1
41,2,323.00,811.00,114.00,269.00,1.0,-1,-1,-1
41,3,752.00,772.00,94.00,211.00,1.0,-1,-1,-1
41,4,438.00,819.00,92.00,261.00,1.0,-1,-1,-1
41,5,1636.00,826.00,111.00,211.00,1.0,-1,-1,-1
42,0,1865.00,894.00,31.00,186.00,1.0,-1,-1,-1
42,1,667.00,765.00,92.00,230.00,1.0,-1,-1,-1
42,2,328.00,810.00,112.00,270.00,1.0,-1,-1,-1
42,3,753.00,774.00,93.00,213.00,1.0,-1,-1,-1
42,4,441.00,819.00,94.00,261.00,1.0,-1,-1,-1
42,5,1642.00,829.00,103.00,209.00,1.0,-1,-1,-1
43,0,1867.00,911.00,30.00,169.00,1.0,-1,-1,-1
43,1,666.00,768.00,93.00,230.00,1.0,-1,-1,-1
43,2,330.00,811.00,112.00,269.00,1.0,-1,-1,-1
43,3,752.00,777.00,94.00,212.00,1.0,-1,-1,-1
43,4,445.00,819.00,93.00,261.00,1.0,-1,-1,-1
43,5,1637.00,831.00,104.00,210.00,1.0,-1,-1,-1
44,0,1869.00,973.00,26.00,107.00,1.0,-1,-1,-1
44,1,667.00,769.00,92.00,230.00,1.0,-1,-1,-1
44,2,332.00,811.00,114.00,269.00,1.0,-1,-1,-1
44,3,752.00,780.00,94.00,212.00,1.0,-1,-1,-1
44,4,449.00,819.00,89.00,261.00,1.0,-1,-1,-1
44,5,1634.00,831.00,96.00,208.00,1.0,-1,-1,-1
45,0,1871.00,1029.00,24.00,51.00,1.0,-1,-1,-1
45,1,666.00,770.00,91.00,229.00,1.0,-1,-1,-1
45,2,334.00,812.00,114.00,268.00,1.0,-1,-1,-1
45,3,751.00,783.00,95.00,212.00,1.0,-1,-1,-1
45,4,451.00,819.00,89.00,261.00,1.0,-1,-1,-1
45,5,1630.00,830.00,85.00,204.00,1.0,-1,-1,-1
46,0,1876.00,1065.00,17.00,15.00,1.0,-1,-1,-1
46,1,666.00,771.00,93.00,228.00,1.0,-1,-1,-1
46,2,338.00,812.00,113.00,268.00,1.0,-1,-1,-1
46,3,750.00,785.00,96.00,213.00,1.0,-1,-1,-1
46,4,454.00,816.00,90.00,264.00,1.0,-1,-1,-1
46,5,1629.00,830.00,71.00,205.00,1.0,-1,-1,-1
47,0,1878.00,1067.00,17.00,13.00,1.0,-1,-1,-1
47,1,665.00,774.00,93.00,227.00,1.0,-1,-1,-1
47,2,340.00,814.00,111.00,266.00,1.0,-1,-1,-1
47,3,749.00,787.00,96.00,217.00,1.0,-1,-1,-1
47,4,455.00,815.00,91.00,265.00,1.0,-1,-1,-1
47,5,1625.00,830.00,54.00,209.00,1.0,-1,-1,-1
48,0,1885.00,1070.00,9.00,10.00,1.0,-1,-1,-1
48,1,663.00,773.00,94.00,229.00,1.0,-1,-1,-1
48,2,340.00,814.00,112.00,266.00,1.0,-1,-1,-1
48,3,748.00,787.00,95.00,217.00,1.0,-1,-1,-1
48,4,455.00,813.00,92.00,267.00,1.0,-1,-1,-1
48,5,1617.00,829.00,51.00,211.00,1.0,-1,-1,-1
49,0,0.00,0.00,0.00,0.00,1.0,-1,-1,-1
49,1,662.00,775.00,95.00,229.00,1.0,-1,-1,-1
49,2,340.00,814.00,112.00,266.00,1.0,-1,-1,-1
49,3,748.00,789.00,93.00,216.00,1.0,-1,-1,-1
49,4,454.00,812.00,93.00,268.00,1.0,-1,-1,-1
49,5,1604.00,831.00,54.00,207.00,1.0,-1,-1,-1
50,0,0.00,0.00,0.00,0.00,1.0,-1,-1,-1
50,1,662.00,776.00,96.00,228.00,1.0,-1,-1,-1
50,2,341.00,813.00,112.00,267.00,1.0,-1,-1,-1
50,3,747.00,789.00,94.00,216.00,1.0,-1,-1,-1
50,4,456.00,811.00,94.00,269.00,1.0,-1,-1,-1
50,5,1594.00,832.00,60.00,206.00,1.0,-1,-1,-1
51,0,0.00,0.00,0.00,0.00,1.0,-1,-1,-1
51,1,658.00,777.00,96.00,231.00,1.0,-1,-1,-1
51,2,340.00,811.00,114.00,269.00,1.0,-1,-1,-1
51,3,748.00,790.00,91.00,216.00,1.0,-1,-1,-1
51,4,456.00,809.00,95.00,271.00,1.0,-1,-1,-1
51,5,1574.00,831.00,81.00,208.00,1.0,-1,-1,-1
52,0,0.00,0.00,0.00,0.00,1.0,-1,-1,-1
52,1,657.00,778.00,97.00,230.00,1.0,-1,-1,-1
52,2,339.00,811.00,117.00,266.00,1.0,-1,-1,-1
52,3,746.00,790.00,92.00,217.00,1.0,-1,-1,-1
52,4,458.00,810.00,94.00,270.00,1.0,-1,-1,-1
52,5,1560.00,832.00,94.00,206.00,1.0,-1,-1,-1
53,0,0.00,0.00,0.00,0.00,1.0,-1,-1,-1
53,1,656.00,781.00,96.00,234.00,1.0,-1,-1,-1
53,2,337.00,809.00,119.00,264.00,1.0,-1,-1,-1
53,3,738.00,792.00,100.00,216.00,1.0,-1,-1,-1
53,4,459.00,809.00,94.00,271.00,1.0,-1,-1,-1
53,5,1554.00,833.00,94.00,204.00,1.0,-1,-1,-1
54,0,0.00,0.00,0.00,0.00,1.0,-1,-1,-1
54,1,656.00,784.00,92.00,233.00,1.0,-1,-1,-1
54,2,337.00,808.00,121.00,262.00,1.0,-1,-1,-1
54,3,737.00,794.00,101.00,218.00,1.0,-1,-1,-1
54,4,461.00,810.00,93.00,270.00,1.0,-1,-1,-1
54,5,1536.00,833.00,111.00,208.00,1.0,-1,-1,-1
55,0,0.00,0.00,0.00,0.00,1.0,-1,-1,-1
55,1,655.00,785.00,92.00,234.00,1.0,-1,-1,-1
55,2,338.00,805.00,121.00,265.00,1.0,-1,-1,-1
55,3,736.00,796.00,101.00,219.00,1.0,-1,-1,-1
55,4,462.00,811.00,92.00,269.00,1.0,-1,-1,-1
55,5,1534.00,831.00,102.00,210.00,1.0,-1,-1,-1
56,0,0.00,0.00,0.00,0.00,1.0,-1,-1,-1
56,1,655.00,787.00,92.00,233.00,1.0,-1,-1,-1
56,2,340.00,805.00,121.00,265.00,1.0,-1,-1,-1
56,3,735.00,798.00,102.00,219.00,1.0,-1,-1,-1
56,4,464.00,811.00,90.00,269.00,1.0,-1,-1,-1
56,5,1533.00,831.00,89.00,211.00,1.0,-1,-1,-1
57,0,0.00,0.00,0.00,0.00,1.0,-1,-1,-1
57,1,655.00,787.00,92.00,233.00,1.0,-1,-1,-1
57,2,342.00,805.00,121.00,265.00,1.0,-1,-1,-1
57,3,735.00,800.00,102.00,220.00,1.0,-1,-1,-1
57,4,466.00,811.00,93.00,269.00,1.0,-1,-1,-1
57,5,1534.00,831.00,73.00,210.00,1.0,-1,-1,-1
58,0,0.00,0.00,0.00,0.00,1.0,-1,-1,-1
58,1,655.00,787.00,93.00,232.00,1.0,-1,-1,-1
58,2,346.00,803.00,119.00,267.00,1.0,-1,-1,-1
58,3,733.00,801.00,104.00,222.00,1.0,-1,-1,-1
58,4,468.00,810.00,93.00,270.00,1.0,-1,-1,-1
58,5,1534.00,828.00,58.00,214.00,1.0,-1,-1,-1
59,0,0.00,0.00,0.00,0.00,1.0,-1,-1,-1
59,1,655.00,788.00,94.00,232.00,1.0,-1,-1,-1
59,2,349.00,805.00,119.00,265.00,1.0,-1,-1,-1
59,3,733.00,802.00,104.00,221.00,1.0,-1,-1,-1
59,4,471.00,809.00,91.00,271.00,1.0,-1,-1,-1
59,5,1524.00,829.00,59.00,214.00,1.0,-1,-1,-1
60,0,0.00,0.00,0.00,0.00,1.0,-1,-1,-1
60,1,656.00,788.00,96.00,233.00,1.0,-1,-1,-1
60,2,355.00,804.00,116.00,265.00,1.0,-1,-1,-1
60,3,735.00,803.00,102.00,222.00,1.0,-1,-1,-1
60,4,474.00,808.00,87.00,272.00,1.0,-1,-1,-1
60,5,1512.00,827.00,63.00,215.00,1.0,-1,-1,-1
61,0,0.00,0.00,0.00,0.00,1.0,-1,-1,-1
61,1,656.00,789.00,93.00,232.00,1.0,-1,-1,-1
61,2,358.00,803.00,115.00,267.00,1.0,-1,-1,-1
61,3,735.00,804.00,102.00,221.00,1.0,-1,-1,-1
61,4,475.00,806.00,89.00,270.00,1.0,-1,-1,-1
61,5,1494.00,829.00,73.00,214.00,1.0,-1,-1,-1
62,0,0.00,0.00,0.00,0.00,1.0,-1,-1,-1
62,1,657.00,790.00,92.00,231.00,1.0,-1,-1,-1
62,2,361.00,800.00,117.00,269.00,1.0,-1,-1,-1
62,3,736.00,803.00,101.00,220.00,1.0,-1,-1,-1
62,4,478.00,804.00,90.00,265.00,1.0,-1,-1,-1
62,5,1475.00,828.00,92.00,214.00,1.0,-1,-1,-1
63,0,0.00,0.00,0.00,0.00,1.0,-1,-1,-1
63,1,658.00,791.00,85.00,234.00,1.0,-1,-1,-1
63,2,363.00,798.00,117.00,270.00,1.0,-1,-1,-1
63,3,736.00,803.00,101.00,221.00,1.0,-1,-1,-1
63,4,480.00,802.00,88.00,261.00,1.0,-1,-1,-1
63,5,1459.00,830.00,108.00,212.00,1.0,-1,-1,-1
64,0,0.00,0.00,0.00,0.00,1.0,-1,-1,-1
64,1,658.00,792.00,88.00,232.00,1.0,-1,-1,-1
64,2,366.00,797.00,116.00,268.00,1.0,-1,-1,-1
64,3,736.00,803.00,100.00,221.00,1.0,-1,-1,-1
64,4,483.00,799.00,87.00,263.00,1.0,-1,-1,-1
64,5,1451.00,831.00,114.00,210.00,1.0,-1,-1,-1
65,0,0.00,0.00,0.00,0.00,1.0,-1,-1,-1
65,1,658.00,793.00,86.00,234.00,1.0,-1,-1,-1
65,2,369.00,795.00,115.00,263.00,1.0,-1,-1,-1
65,3,737.00,803.00,97.00,221.00,1.0,-1,-1,-1
65,4,485.00,798.00,86.00,263.00,1.0,-1,-1,-1
65,5,1448.00,831.00,114.00,210.00,1.0,-1,-1,-1
66,0,0.00,0.00,0.00,0.00,1.0,-1,-1,-1
66,1,658.00,795.00,90.00,236.00,1.0,-1,-1,-1
66,2,372.00,794.00,113.00,256.00,1.0,-1,-1,-1
66,3,737.00,805.00,96.00,222.00,1.0,-1,-1,-1
66,4,487.00,796.00,87.00,266.00,1.0,-1,-1,-1
66,5,1447.00,831.00,108.00,209.00,1.0,-1,-1,-1
67,0,0.00,0.00,0.00,0.00,1.0,-1,-1,-1
67,1,657.00,797.00,90.00,239.00,1.0,-1,-1,-1
67,2,374.00,791.00,112.00,256.00,1.0,-1,-1,-1
67,3,735.00,808.00,97.00,223.00,1.0,-1,-1,-1
67,4,489.00,795.00,86.00,265.00,1.0,-1,-1,-1
67,5,1448.00,830.00,97.00,209.00,1.0,-1,-1,-1
68,0,0.00,0.00,0.00,0.00,1.0,-1,-1,-1
68,1,654.00,796.00,93.00,242.00,1.0,-1,-1,-1
68,2,375.00,789.00,113.00,257.00,1.0,-1,-1,-1
68,3,733.00,808.00,98.00,224.00,1.0,-1,-1,-1
68,4,489.00,793.00,86.00,267.00,1.0,-1,-1,-1
68,5,1447.00,827.00,81.00,209.00,1.0,-1,-1,-1
69,0,0.00,0.00,0.00,0.00,1.0,-1,-1,-1
69,1,652.00,797.00,95.00,241.00,1.0,-1,-1,-1
69,2,376.00,786.00,113.00,259.00,1.0,-1,-1,-1
69,3,736.00,808.00,94.00,228.00,1.0,-1,-1,-1
69,4,492.00,794.00,85.00,265.00,1.0,-1,-1,-1
69,5,1446.00,826.00,66.00,210.00,1.0,-1,-1,-1
70,0,0.00,0.00,0.00,0.00,1.0,-1,-1,-1
70,1,651.00,797.00,96.00,240.00,1.0,-1,-1,-1
70,2,378.00,786.00,113.00,259.00,1.0,-1,-1,-1
70,3,738.00,808.00,91.00,228.00,1.0,-1,-1,-1
70,4,494.00,794.00,86.00,265.00,1.0,-1,-1,-1
70,5,1444.00,825.00,50.00,211.00,1.0,-1,-1,-1
71,0,0.00,0.00,0.00,0.00,1.0,-1,-1,-1
71,1,650.00,797.00,94.00,240.00,1.0,-1,-1,-1
71,2,377.00,784.00,115.00,260.00,1.0,-1,-1,-1
71,3,736.00,808.00,93.00,226.00,1.0,-1,-1,-1
71,4,496.00,793.00,85.00,265.00,1.0,-1,-1,-1
71,5,1434.00,824.00,53.00,214.00,1.0,-1,-1,-1
72,0,0.00,0.00,0.00,0.00,1.0,-1,-1,-1
72,1,648.00,797.00,97.00,238.00,1.0,-1,-1,-1
72,2,378.00,784.00,116.00,259.00,1.0,-1,-1,-1
72,3,735.00,808.00,92.00,226.00,1.0,-1,-1,-1
72,4,499.00,793.00,85.00,264.00,1.0,-1,-1,-1
72,5,1426.00,824.00,55.00,213.00,1.0,-1,-1,-1
73,0,0.00,0.00,0.00,0.00,1.0,-1,-1,-1
73,1,645.00,796.00,99.00,239.00,1.0,-1,-1,-1
73,2,379.00,783.00,116.00,259.00,1.0,-1,-1,-1
73,3,735.00,807.00,90.00,227.00,1.0,-1,-1,-1
73,4,501.00,790.00,85.00,266.00,1.0,-1,-1,-1
73,5,1400.00,824.00,78.00,212.00,1.0,-1,-1,-1
74,0,0.00,0.00,0.00,0.00,1.0,-1,-1,-1
74,1,642.00,796.00,100.00,239.00,1.0,-1,-1,-1
74,2,378.00,782.00,118.00,259.00,1.0,-1,-1,-1
74,3,732.00,806.00,92.00,226.00,1.0,-1,-1,-1
74,4,504.00,787.00,83.00,268.00,1.0,-1,-1,-1
74,5,1378.00,822.00,99.00,210.00,1.0,-1,-1,-1
75,0,0.00,0.00,0.00,0.00,1.0,-1,-1,-1
75,1,639.00,796.00,101.00,240.00,1.0,-1,-1,-1
75,2,378.00,780.00,117.00,260.00,1.0,-1,-1,-1
75,3,730.00,806.00,94.00,225.00,1.0,-1,-1,-1
75,4,505.00,783.00,82.00,267.00,1.0,-1,-1,-1
75,5,1367.00,820.00,108.00,208.00,1.0,-1,-1,-1
76,0,0.00,0.00,0.00,0.00,1.0,-1,-1,-1
76,1,638.00,795.00,101.00,245.00,1.0,-1,-1,-1
76,2,378.00,778.00,117.00,261.00,1.0,-1,-1,-1
76,3,728.00,806.00,96.00,225.00,1.0,-1,-1,-1
76,4,507.00,777.00,83.00,268.00,1.0,-1,-1,-1
76,5,1360.00,821.00,111.00,207.00,1.0,-1,-1,-1
77,0,0.00,0.00,0.00,0.00,1.0,-1,-1,-1
77,1,641.00,795.00,93.00,248.00,1.0,-1,-1,-1
77,2,377.00,775.00,117.00,261.00,1.0,-1,-1,-1
77,3,724.00,807.00,100.00,229.00,1.0,-1,-1,-1
77,4,506.00,775.00,85.00,260.00,1.0,-1,-1,-1
77,5,1358.00,821.00,107.00,209.00,1.0,-1,-1,-1
78,0,0.00,0.00,0.00,0.00,1.0,-1,-1,-1
78,1,640.00,797.00,93.00,244.00,1.0,-1,-1,-1
78,2,377.00,773.00,118.00,257.00,1.0,-1,-1,-1
78,3,723.00,808.00,102.00,228.00,1.0,-1,-1,-1
78,4,506.00,771.00,87.00,261.00,1.0,-1,-1,-1
78,5,1356.00,812.00,99.00,217.00,1.0,-1,-1,-1
79,0,0.00,0.00,0.00,0.00,1.0,-1,-1,-1
79,1,633.00,801.00,95.00,243.00,1.0,-1,-1,-1
79,2,376.00,769.00,119.00,252.00,1.0,-1,-1,-1
79,3,721.00,808.00,105.00,227.00,1.0,-1,-1,-1
79,4,506.00,768.00,88.00,262.00,1.0,-1,-1,-1
79,5,1356.00,816.00,85.00,212.00,1.0,-1,-1,-1
80,0,0.00,0.00,0.00,0.00,1.0,-1,-1,-1
80,1,638.00,802.00,88.00,243.00,1.0,-1,-1,-1
80,2,377.00,767.00,117.00,249.00,1.0,-1,-1,-1
80,3,720.00,810.00,106.00,226.00,1.0,-1,-1,-1
80,4,505.00,767.00,91.00,262.00,1.0,-1,-1,-1
80,5,1355.00,815.00,72.00,212.00,1.0,-1,-1,-1
81,0,0.00,0.00,0.00,0.00,1.0,-1,-1,-1
81,1,638.00,802.00,85.00,243.00,1.0,-1,-1,-1
81,2,376.00,764.00,119.00,251.00,1.0,-1,-1,-1
81,3,720.00,811.00,107.00,229.00,1.0,-1,-1,-1
81,4,505.00,765.00,91.00,264.00,1.0,-1,-1,-1
81,5,1352.00,811.00,56.00,216.00,1.0,-1,-1,-1
82,0,0.00,0.00,0.00,0.00,1.0,-1,-1,-1
82,1,636.00,803.00,85.00,242.00,1.0,-1,-1,-1
82,2,386.00,761.00,110.00,252.00,1.0,-1,-1,-1
82,3,719.00,810.00,110.00,230.00,1.0,-1,-1,-1
82,4,506.00,764.00,92.00,262.00,1.0,-1,-1,-1
82,5,1340.00,809.00,59.00,216.00,1.0,-1,-1,-1
83,0,0.00,0.00,0.00,0.00,1.0,-1,-1,-1
83,1,629.00,802.00,90.00,243.00,1.0,-1,-1,-1
83,2,385.00,760.00,112.00,252.00,1.0,-1,-1,-1
83,3,720.00,809.00,109.00,231.00,1.0,-1,-1,-1
83,4,497.00,763.00,102.00,262.00,1.0,-1,-1,-1
83,5,1329.00,809.00,63.00,215.00,1.0,-1,-1,-1
84,0,0.00,0.00,0.00,0.00,1.0,-1,-1,-1
84,1,628.00,802.00,91.00,243.00,1.0,-1,-1,-1
84,2,386.00,759.00,113.00,253.00,1.0,-1,-1,-1
84,3,722.00,809.00,108.00,230.00,1.0,-1,-1,-1
84,4,508.00,763.00,92.00,263.00,1.0,-1,-1,-1
84,5,1315.00,809.00,70.00,215.00,1.0,-1,-1,-1
85,0,0.00,0.00,0.00,0.00,1.0,-1,-1,-1
85,1,615.00,801.00,102.00,243.00,1.0,-1,-1,-1
85,2,388.00,758.00,112.00,253.00,1.0,-1,-1,-1
85,3,722.00,808.00,108.00,231.00,1.0,-1,-1,-1
85,4,509.00,762.00,91.00,263.00,1.0,-1,-1,-1
85,5,1295.00,810.00,89.00,214.00,1.0,-1,-1,-1
86,0,0.00,0.00,0.00,0.00,1.0,-1,-1,-1
86,1,613.00,801.00,103.00,242.00,1.0,-1,-1,-1
86,2,391.00,758.00,109.00,253.00,1.0,-1,-1,-1
86,3,721.00,809.00,109.00,229.00,1.0,-1,-1,-1
86,4,510.00,762.00,89.00,263.00,1.0,-1,-1,-1
86,5,1275.00,810.00,108.00,213.00,1.0,-1,-1,-1
87,0,0.00,0.00,0.00,0.00,1.0,-1,-1,-1
87,1,610.00,800.00,105.00,242.00,1.0,-1,-1,-1
87,2,392.00,757.00,110.00,252.00,1.0,-1,-1,-1
87,3,721.00,808.00,109.00,229.00,1.0,-1,-1,-1
87,4,511.00,760.00,89.00,264.00,1.0,-1,-1,-1
87,5,1268.00,813.00,113.00,209.00,1.0,-1,-1,-1
88,0,0.00,0.00,0.00,0.00,1.0,-1,-1,-1
88,1,610.00,802.00,105.00,239.00,1.0,-1,-1,-1
88,2,395.00,754.00,108.00,254.00,1.0,-1,-1,-1
88,3,721.00,809.00,109.00,231.00,1.0,-1,-1,-1
88,4,512.00,759.00,87.00,264.00,1.0,-1,-1,-1
88,5,1261.00,812.00,118.00,209.00,1.0,-1,-1,-1
89,0,0.00,0.00,0.00,0.00,1.0,-1,-1,-1
89,1,610.00,803.00,105.00,239.00,1.0,-1,-1,-1
89,2,400.00,752.00,105.00,255.00,1.0,-1,-1,-1
89,3,720.00,810.00,109.00,231.00,1.0,-1,-1,-1
89,4,513.00,756.00,87.00,266.00,1.0,-1,-1,-1
89,5,1260.00,810.00,112.00,209.00,1.0,-1,-1,-1
90,0,0.00,0.00,0.00,0.00,1.0,-1,-1,-1
90,1,609.00,802.00,105.00,240.00,1.0,-1,-1,-1
90,2,400.00,749.00,108.00,256.00,1.0,-1,-1,-1
90,3,719.00,810.00,109.00,236.00,1.0,-1,-1,-1
90,4,514.00,752.00,86.00,269.00,1.0,-1,-1,-1
90,5,1257.00,809.00,106.00,208.00,1.0,-1,-1,-1
91,0,0.00,0.00,0.00,0.00,1.0,-1,-1,-1
91,1,608.00,803.00,105.00,243.00,1.0,-1,-1,-1
91,2,404.00,748.00,105.00,253.00,1.0,-1,-1,-1
91,3,719.00,812.00,108.00,237.00,1.0,-1,-1,-1
91,4,514.00,749.00,88.00,267.00,1.0,-1,-1,-1
91,5,1256.00,807.00,96.00,207.00,1.0,-1,-1,-1
92,0,0.00,0.00,0.00,0.00,1.0,-1,-1,-1
92,1,606.00,803.00,107.00,248.00,1.0,-1,-1,-1
92,2,403.00,742.00,107.00,262.00,1.0,-1,-1,-1
92,3,718.00,813.00,108.00,240.00,1.0,-1,-1,-1
92,4,514.00,745.00,88.00,263.00,1.0,-1,-1,-1
92,5,1256.00,804.00,79.00,210.00,1.0,-1,-1,-1
93,0,0.00,0.00,0.00,0.00,1.0,-1,-1,-1
93,1,604.00,805.00,107.00,249.00,1.0,-1,-1,-1
93,2,413.00,741.00,97.00,247.00,1.0,-1,-1,-1
93,3,716.00,814.00,108.00,237.00,1.0,-1,-1,-1
93,4,515.00,742.00,87.00,255.00,1.0,-1,-1,-1
93,5,1253.00,801.00,62.00,211.00,1.0,-1,-1,-1
94,0,0.00,0.00,0.00,0.00,1.0,-1,-1,-1
94,1,603.00,807.00,107.00,249.00,1.0,-1,-1,-1
94,2,408.00,739.00,103.00,246.00,1.0,-1,-1,-1
94,3,715.00,813.00,109.00,238.00,1.0,-1,-1,-1
94,4,515.00,739.00,87.00,258.00,1.0,-1,-1,-1
94,5,1246.00,797.00,55.00,216.00,1.0,-1,-1,-1
95,0,0.00,0.00,0.00,0.00,1.0,-1,-1,-1
95,1,604.00,806.00,105.00,249.00,1.0,-1,-1,-1
95,2,405.00,738.00,107.00,260.00,1.0,-1,-1,-1
95,3,715.00,813.00,109.00,238.00,1.0,-1,-1,-1
95,4,515.00,737.00,88.00,259.00,1.0,-1,-1,-1
95,5,1238.00,800.00,60.00,214.00,1.0,-1,-1,-1
96,0,0.00,0.00,0.00,0.00,1.0,-1,-1,-1
96,1,601.00,804.00,106.00,251.00,1.0,-1,-1,-1
96,2,400.00,736.00,112.00,247.00,1.0,-1,-1,-1
96,3,712.00,813.00,110.00,237.00,1.0,-1,-1,-1
96,4,516.00,736.00,85.00,260.00,1.0,-1,-1,-1
96,5,1224.00,801.00,61.00,212.00,1.0,-1,-1,-1
97,0,0.00,0.00,0.00,0.00,1.0,-1,-1,-1
97,1,599.00,803.00,106.00,253.00,1.0,-1,-1,-1
97,2,396.00,737.00,116.00,246.00,1.0,-1,-1,-1
97,3,709.00,814.00,112.00,237.00,1.0,-1,-1,-1
97,4,516.00,735.00,85.00,259.00,1.0,-1,-1,-1
97,5,1202.00,802.00,83.00,210.00,1.0,-1,-1,-1
98,0,0.00,0.00,0.00,0.00,1.0,-1,-1,-1
98,1,597.00,804.00,108.00,250.00,1.0,-1,-1,-1
98,2,396.00,736.00,116.00,246.00,1.0,-1,-1,-1
98,3,709.00,813.00,111.00,237.00,1.0,-1,-1,-1
98,4,516.00,735.00,85.00,258.00,1.0,-1,-1,-1
98,5,1194.00,803.00,89.00,208.00,1.0,-1,-1,-1
99,0,0.00,0.00,0.00,0.00,1.0,-1,-1,-1
99,1,596.00,803.00,110.00,250.00,1.0,-1,-1,-1
99,2,400.00,736.00,113.00,246.00,1.0,-1,-1,-1
99,3,708.00,814.00,112.00,236.00,1.0,-1,-1,-1
99,4,518.00,737.00,84.00,257.00,1.0,-1,-1,-1
99,5,1187.00,803.00,94.00,205.00,1.0,-1,-1,-1
100,0,0.00,0.00,0.00,0.00,1.0,-1,-1,-1
100,1,595.00,803.00,110.00,249.00,1.0,-1,-1,-1
100,2,398.00,734.00,116.00,246.00,1.0,-1,-1,-1
100,3,708.00,814.00,111.00,235.00,1.0,-1,-1,-1
100,4,518.00,736.00,86.00,255.00,1.0,-1,-1,-1
100,5,1180.00,807.00,98.00,200.00,1.0,-1,-1,-1
101,0,0.00,0.00,0.00,0.00,1.0,-1,-1,-1
101,1,592.00,805.00,113.00,254.00,1.0,-1,-1,-1
101,2,398.00,734.00,117.00,246.00,1.0,-1,-1,-1
101,3,708.00,814.00,111.00,241.00,1.0,-1,-1,-1
101,4,520.00,735.00,86.00,255.00,1.0,-1,-1,-1
101,5,1167.00,803.00,102.00,206.00,1.0,-1,-1,-1
102,0,0.00,0.00,0.00,0.00,1.0,-1,-1,-1
102,1,589.00,807.00,115.00,254.00,1.0,-1,-1,-1
102,2,398.00,731.00,117.00,247.00,1.0,-1,-1,-1
102,3,707.00,814.00,112.00,239.00,1.0,-1,-1,-1
102,4,521.00,733.00,87.00,255.00,1.0,-1,-1,-1
102,5,1166.00,798.00,91.00,209.00,1.0,-1,-1,-1
103,0,0.00,0.00,0.00,0.00,1.0,-1,-1,-1
103,1,586.00,807.00,116.00,253.00,1.0,-1,-1,-1
103,2,397.00,730.00,117.00,249.00,1.0,-1,-1,-1
103,3,705.00,815.00,112.00,241.00,1.0,-1,-1,-1
103,4,521.00,731.00,86.00,255.00,1.0,-1,-1,-1
103,5,1166.00,798.00,74.00,208.00,1.0,-1,-1,-1
104,0,0.00,0.00,0.00,0.00,1.0,-1,-1,-1
104,1,583.00,809.00,116.00,252.00,1.0,-1,-1,-1
104,2,396.00,728.00,118.00,250.00,1.0,-1,-1,-1
104,3,703.00,818.00,112.00,239.00,1.0,-1,-1,-1
104,4,521.00,730.00,85.00,255.00,1.0,-1,-1,-1
104,5,1160.00,796.00,68.00,209.00,1.0,-1,-1,-1
105,0,0.00,0.00,0.00,0.00,1.0,-1,-1,-1
105,1,580.00,810.00,117.00,255.00,1.0,-1,-1,-1
105,2,398.00,725.00,116.00,245.00,1.0,-1,-1,-1
105,3,701.00,821.00,114.00,242.00,1.0,-1,-1,-1
105,4,522.00,727.00,85.00,260.00,1.0,-1,-1,-1
105,5,1151.00,793.00,69.00,211.00,1.0,-1,-1,-1
106,0,0.00,0.00,0.00,0.00,1.0,-1,-1,-1
106,1,576.00,810.00,118.00,254.00,1.0,-1,-1,-1
106,2,397.00,724.00,116.00,239.00,1.0,-1,-1,-1
106,3,699.00,821.00,115.00,242.00,1.0,-1,-1,-1
106,4,522.00,726.00,86.00,248.00,1.0,-1,-1,-1
106,5,1143.00,792.00,66.00,213.00,1.0,-1,-1,-1
107,0,0.00,0.00,0.00,0.00,1.0,-1,-1,-1
107,1,575.00,815.00,116.00,251.00,1.0,-1,-1,-1
107,2,395.00,723.00,117.00,239.00,1.0,-1,-1,-1
107,3,696.00,824.00,115.00,241.00,1.0,-1,-1,-1
107,4,521.00,725.00,87.00,244.00,1.0,-1,-1,-1
107,5,1134.00,794.00,65.00,212.00,1.0,-1,-1,-1
108,0,0.00,0.00,0.00,0.00,1.0,-1,-1,-1
108,1,575.00,814.00,112.00,253.00,1.0,-1,-1,-1
108,2,394.00,722.00,118.00,238.00,1.0,-1,-1,-1
108,3,695.00,824.00,114.00,241.00,1.0,-1,-1,-1
108,4,520.00,724.00,89.00,242.00,1.0,-1,-1,-1
108,5,1128.00,795.00,63.00,208.00,1.0,-1,-1,-1
109,0,0.00,0.00,0.00,0.00,1.0,-1,-1,-1
109,1,572.00,813.00,113.00,255.00,1.0,-1,-1,-1
109,2,394.00,720.00,118.00,240.00,1.0,-1,-1,-1
109,3,693.00,823.00,114.00,242.00,1.0,-1,-1,-1
109,4,521.00,722.00,89.00,241.00,1.0,-1,-1,-1
109,5,1103.00,795.00,86.00,210.00,1.0,-1,-1,-1
110,0,0.00,0.00,0.00,0.00,1.0,-1,-1,-1
110,1,571.00,811.00,112.00,255.00,1.0,-1,-1,-1
110,2,392.00,721.00,121.00,239.00,1.0,-1,-1,-1
110,3,692.00,824.00,112.00,241.00,1.0,-1,-1,-1
110,4,522.00,720.00,89.00,239.00,1.0,-1,-1,-1
110,5,1076.00,793.00,112.00,212.00,1.0,-1,-1,-1
111,0,0.00,0.00,0.00,0.00,1.0,-1,-1,-1
111,1,569.00,812.00,112.00,254.00,1.0,-1,-1,-1
111,2,393.00,721.00,121.00,238.00,1.0,-1,-1,-1
111,3,690.00,825.00,111.00,239.00,1.0,-1,-1,-1
111,4,524.00,718.00,88.00,243.00,1.0,-1,-1,-1
111,5,1070.00,791.00,116.00,214.00,1.0,-1,-1,-1
112,0,0.00,0.00,0.00,0.00,1.0,-1,-1,-1
112,1,568.00,812.00,112.00,254.00,1.0,-1,-1,-1
112,2,397.00,721.00,118.00,238.00,1.0,-1,-1,-1
112,3,689.00,825.00,109.00,242.00,1.0,-1,-1,-1
112,4,526.00,717.00,87.00,243.00,1.0,-1,-1,-1
112,5,1066.00,793.00,116.00,211.00,1.0,-1,-1,-1
113,0,0.00,0.00,0.00,0.00,1.0,-1,-1,-1
113,1,567.00,815.00,113.00,253.00,1.0,-1,-1,-1
113,2,393.00,720.00,122.00,238.00,1.0,-1,-1,-1
113,3,688.00,827.00,108.00,243.00,1.0,-1,-1,-1
113,4,528.00,717.00,86.00,231.00,1.0,-1,-1,-1
113,5,1065.00,793.00,112.00,210.00,1.0,-1,-1,-1
114,0,0.00,0.00,0.00,0.00,1.0,-1,-1,-1
114,1,566.00,819.00,111.00,256.00,1.0,-1,-1,-1
114,2,392.00,722.00,124.00,237.00,1.0,-1,-1,-1
114,3,684.00,830.00,109.00,243.00,1.0,-1,-1,-1
114,4,529.00,718.00,86.00,210.00,1.0,-1,-1,-1
114,5,1063.00,794.00,105.00,207.00,1.0,-1,-1,-1
115,0,0.00,0.00,0.00,0.00,1.0,-1,-1,-1
115,1,565.00,819.00,112.00,261.00,1.0,-1,-1,-1
115,2,401.00,721.00,116.00,237.00,1.0,-1,-1,-1
115,3,681.00,831.00,110.00,245.00,1.0,-1,-1,-1
115,4,531.00,718.00,84.00,195.00,1.0,-1,-1,-1
115,5,1065.00,792.00,85.00,208.00,1.0,-1,-1,-1
116,0,0.00,0.00,0.00,0.00,1.0,-1,-1,-1
116,1,563.00,820.00,112.00,260.00,1.0,-1,-1,-1
116,2,413.00,720.00,105.00,240.00,1.0,-1,-1,-1
116,3,679.00,834.00,110.00,246.00,1.0,-1,-1,-1
116,4,533.00,719.00,82.00,191.00,1.0,-1,-1,-1
116,5,1065.00,792.00,70.00,208.00,1.0,-1,-1,-1
117,0,0.00,0.00,0.00,0.00,1.0,-1,-1,-1
117,1,562.00,821.00,110.00,259.00,1.0,-1,-1,-1
117,2,413.00,718.00,105.00,241.00,1.0,-1,-1,-1
117,3,677.00,834.00,109.00,246.00,1.0,-1,-1,-1
117,4,534.00,718.00,80.00,185.00,1.0,-1,-1,-1
117,5,1058.00,792.00,57.00,207.00,1.0,-1,-1,-1
118,0,0.00,0.00,0.00,0.00,1.0,-1,-1,-1
118,1,562.00,824.00,110.00,256.00,1.0,-1,-1,-1
118,2,415.00,716.00,104.00,240.00,1.0,-1,-1,-1
118,3,676.00,836.00,108.00,244.00,1.0,-1,-1,-1
118,4,536.00,719.00,80.00,176.00,1.0,-1,-1,-1
118,5,1050.00,789.00,53.00,212.00,1.0,-1,-1,-1
119,0,0.00,0.00,0.00,0.00,1.0,-1,-1,-1
119,1,562.00,826.00,110.00,254.00,1.0,-1,-1,-1
119,2,416.00,714.00,106.00,236.00,1.0,-1,-1,-1
119,3,675.00,835.00,109.00,245.00,1.0,-1,-1,-1
119,4,538.00,717.00,80.00,177.00,1.0,-1,-1,-1
119,5,1038.00,788.00,60.00,213.00,1.0,-1,-1,-1
120,0,0.00,0.00,0.00,0.00,1.0,-1,-1,-1
120,1,561.00,827.00,111.00,253.00,1.0,-1,-1,-1
120,2,417.00,713.00,105.00,232.00,1.0,-1,-1,-1
120,3,675.00,835.00,107.00,245.00,1.0,-1,-1,-1
120,4,540.00,715.00,80.00,178.00,1.0,-1,-1,-1
120,5,1026.00,785.00,67.00,217.00,1.0,-1,-1,-1
121,0,0.00,0.00,0.00,0.00,1.0,-1,-1,-1
121,1,560.00,828.00,112.00,252.00,1.0,-1,-1,-1
121,2,417.00,711.00,106.00,231.00,1.0,-1,-1,-1
121,3,674.00,835.00,108.00,245.00,1.0,-1,-1,-1
121,4,542.00,713.00,81.00,172.00,1.0,-1,-1,-1
121,5,1007.00,788.00,85.00,213.00,1.0,-1,-1,-1
122,0,0.00,0.00,0.00,0.00,1.0,-1,-1,-1
122,1,560.00,827.00,111.00,253.00,1.0,-1,-1,-1
122,2,419.00,708.00,106.00,233.00,1.0,-1,-1,-1
122,3,672.00,836.00,109.00,244.00,1.0,-1,-1,-1
122,4,544.00,711.00,83.00,180.00,1.0,-1,-1,-1
122,5,999.00,786.00,92.00,211.00,1.0,-1,-1,-1
123,0,0.00,0.00,0.00,0.00,1.0,-1,-1,-1
123,1,559.00,827.00,110.00,253.00,1.0,-1,-1,-1
123,2,419.00,708.00,106.00,232.00,1.0,-1,-1,-1
123,3,670.00,837.00,111.00,243.00,1.0,-1,-1,-1
123,4,546.00,708.00,82.00,171.00,1.0,-1,-1,-1
123,5,985.00,791.00,103.00,208.00,1.0,-1,-1,-1
124,0,0.00,0.00,0.00,0.00,1.0,-1,-1,-1
124,1,556.00,828.00,111.00,252.00,1.0,-1,-1,-1
124,2,419.00,709.00,105.00,232.00,1.0,-1,-1,-1
124,3,668.00,840.00,111.00,240.00,1.0,-1,-1,-1
124,4,547.00,708.00,81.00,186.00,1.0,-1,-1,-1
124,5,978.00,796.00,104.00,207.00,1.0,-1,-1,-1
125,0,0.00,0.00,0.00,0.00,1.0,-1,-1,-1
125,1,553.00,829.00,113.00,251.00,1.0,-1,-1,-1
125,2,419.00,709.00,104.00,230.00,1.0,-1,-1,-1
125,3,665.00,843.00,113.00,237.00,1.0,-1,-1,-1
125,4,548.00,705.00,79.00,187.00,1.0,-1,-1,-1
125,5,975.00,792.00,99.00,211.00,1.0,-1,-1,-1
126,0,0.00,0.00,0.00,0.00,1.0,-1,-1,-1
126,1,550.00,830.00,115.00,250.00,1.0,-1,-1,-1
126,2,419.00,708.00,104.00,231.00,1.0,-1,-1,-1
126,3,663.00,845.00,114.00,235.00,1.0,-1,-1,-1
126,4,549.00,705.00,78.00,187.00,1.0,-1,-1,-1
126,5,972.00,787.00,87.00,217.00,1.0,-1,-1,-1
126,6,1292.00,714.00,108.00,281.00,1.0,-1,-1,-1
127,0,0.00,0.00,0.00,0.00,1.0,-1,-1,-1
127,1,547.00,832.00,115.00,248.00,1.0,-1,-1,-1
127,2,418.00,709.00,104.00,231.00,1.0,-1,-1,-1
127,3,660.00,848.00,117.00,232.00,1.0,-1,-1,-1
127,4,549.00,706.00,76.00,183.00,1.0,-1,-1,-1
127,5,973.00,789.00,71.00,214.00,1.0,-1,-1,-1
127,6,1286.00,715.00,109.00,282.00,1.0,-1,-1,-1
128,0,0.00,0.00,0.00,0.00,1.0,-1,-1,-1
128,1,544.00,833.00,115.00,247.00,1.0,-1,-1,-1
128,2,417.00,707.00,104.00,230.00,1.0,-1,-1,-1
128,3,658.00,849.00,119.00,231.00,1.0,-1,-1,-1
128,4,550.00,704.00,74.00,182.00,1.0,-1,-1,-1
128,5,969.00,789.00,60.00,212.00,1.0,-1,-1,-1
128,6,1281.00,714.00,112.00,283.00,1.0,-1,-1,-1
129,0,0.00,0.00,0.00,0.00,1.0,-1,-1,-1
129,1,541.00,835.00,115.00,245.00,1.0,-1,-1,-1
129,2,416.00,706.00,104.00,231.00,1.0,-1,-1,-1
129,3,656.00,848.00,117.00,232.00,1.0,-1,-1,-1
129,4,550.00,705.00,74.00,180.00,1.0,-1,-1,-1
129,5,959.00,787.00,62.00,213.00,1.0,-1,-1,-1
129,6,1279.00,714.00,113.00,283.00,1.0,-1,-1,-1
130,0,0.00,0.00,0.00,0.00,1.0,-1,-1,-1
130,1,538.00,838.00,115.00,242.00,1.0,-1,-1,-1
130,2,416.00,706.00,103.00,232.00,1.0,-1,-1,-1
130,3,653.00,849.00,117.00,231.00,1.0,-1,-1,-1
130,4,550.00,704.00,75.00,182.00,1.0,-1,-1,-1
130,5,949.00,787.00,61.00,213.00,1.0,-1,-1,-1
130,6,1277.00,713.00,109.00,285.00,1.0,-1,-1,-1
131,0,0.00,0.00,0.00,0.00,1.0,-1,-1,-1
131,1,534.00,839.00,116.00,241.00,1.0,-1,-1,-1
131,2,415.00,706.00,102.00,228.00,1.0,-1,-1,-1
131,3,649.00,849.00,118.00,231.00,1.0,-1,-1,-1
131,4,550.00,705.00,75.00,177.00,1.0,-1,-1,-1
131,5,937.00,787.00,64.00,211.00,1.0,-1,-1,-1
131,6,1277.00,761.00,75.00,235.00,1.0,-1,-1,-1
132,0,0.00,0.00,0.00,0.00,1.0,-1,-1,-1
132,1,534.00,841.00,114.00,239.00,1.0,-1,-1,-1
132,2,415.00,704.00,101.00,228.00,1.0,-1,-1,-1
132,3,649.00,848.00,116.00,232.00,1.0,-1,-1,-1
132,4,552.00,704.00,76.00,179.00,1.0,-1,-1,-1
132,5,917.00,787.00,82.00,212.00,1.0,-1,-1,-1
132,6,1263.00,761.00,86.00,235.00,1.0,-1,-1,-1
133,0,0.00,0.00,0.00,0.00,1.0,-1,-1,-1
133,1,534.00,841.00,113.00,239.00,1.0,-1,-1,-1
133,2,417.00,701.00,100.00,226.00,1.0,-1,-1,-1
133,3,648.00,848.00,115.00,232.00,1.0,-1,-1,-1
133,4,554.00,703.00,78.00,158.00,1.0,-1,-1,-1
133,5,900.00,783.00,99.00,215.00,1.0,-1,-1,-1
133,6,1260.00,761.00,88.00,234.00,1.0,-1,-1,-1
134,0,0.00,0.00,0.00,0.00,1.0,-1,-1,-1
134,1,533.00,842.00,112.00,238.00,1.0,-1,-1,-1
134,2,418.00,699.00,100.00,224.00,1.0,-1,-1,-1
134,3,647.00,850.00,115.00,230.00,1.0,-1,-1,-1
134,4,557.00,702.00,84.00,188.00,1.0,-1,-1,-1
134,5,889.00,791.00,108.00,207.00,1.0,-1,-1,-1
134,6,1256.00,761.00,69.00,234.00,1.0,-1,-1,-1
135,0,0.00,0.00,0.00,0.00,1.0,-1,-1,-1
135,1,531.00,842.00,114.00,238.00,1.0,-1,-1,-1
135,2,419.00,698.00,100.00,224.00,1.0,-1,-1,-1
135,3,646.00,851.00,115.00,229.00,1.0,-1,-1,-1
135,4,558.00,701.00,85.00,191.00,1.0,-1,-1,-1
135,5,881.00,792.00,115.00,206.00,1.0,-1,-1,-1
135,6,1246.00,761.00,76.00,234.00,1.0,-1,-1,-1
136,0,0.00,0.00,0.00,0.00,1.0,-1,-1,-1
136,1,528.00,843.00,114.00,237.00,1.0,-1,-1,-1
136,2,419.00,697.00,99.00,225.00,1.0,-1,-1,-1
136,3,644.00,854.00,114.00,226.00,1.0,-1,-1,-1
136,4,558.00,699.00,87.00,192.00,1.0,-1,-1,-1
136,5,881.00,793.00,110.00,206.00,1.0,-1,-1,-1
136,6,1229.00,765.00,85.00,231.00,1.0,-1,-1,-1
137,0,0.00,0.00,0.00,0.00,1.0,-1,-1,-1
137,1,524.00,842.00,117.00,238.00,1.0,-1,-1,-1
137,2,419.00,696.00,99.00,226.00,1.0,-1,-1,-1
137,3,643.00,855.00,112.00,225.00,1.0,-1,-1,-1
137,4,557.00,696.00,87.00,194.00,1.0,-1,-1,-1
137,5,880.00,791.00,102.00,204.00,1.0,-1,-1,-1
137,6,1213.00,766.00,94.00,229.00,1.0,-1,-1,-1
138,0,0.00,0.00,0.00,0.00,1.0,-1,-1,-1
138,1,522.00,842.00,118.00,238.00,1.0,-1,-1,-1
138,2,421.00,696.00,98.00,224.00,1.0,-1,-1,-1
138,3,641.00,858.00,114.00,222.00,1.0,-1,-1,-1
138,4,558.00,692.00,89.00,198.00,1.0,-1,-1,-1
138,5,879.00,790.00,91.00,205.00,1.0,-1,-1,-1
138,6,1194.00,765.00,115.00,229.00,1.0,-1,-1,-1
139,0,0.00,0.00,0.00,0.00,1.0,-1,-1,-1
139,1,520.00,844.00,116.00,236.00,1.0,-1,-1,-1
139,2,421.00,696.00,97.00,225.00,1.0,-1,-1,-1
139,3,638.00,860.00,114.00,220.00,1.0,-1,-1,-1
139,4,556.00,691.00,90.00,192.00,1.0,-1,-1,-1
139,5,875.00,789.00,78.00,208.00,1.0,-1,-1,-1
139,6,1183.00,760.00,122.00,236.00,1.0,-1,-1,-1
140,0,0.00,0.00,0.00,0.00,1.0,-1,-1,-1
140,1,519.00,848.00,116.00,232.00,1.0,-1,-1,-1
140,2,422.00,695.00,96.00,227.00,1.0,-1,-1,-1
140,3,637.00,862.00,114.00,218.00,1.0,-1,-1,-1
140,4,556.00,689.00,91.00,199.00,1.0,-1,-1,-1
140,5,870.00,787.00,66.00,211.00,1.0,-1,-1,-1
140,6,1177.00,758.00,127.00,238.00,1.0,-1,-1,-1
141,0,0.00,0.00,0.00,0.00,1.0,-1,-1,-1
141,1,517.00,848.00,117.00,232.00,1.0,-1,-1,-1
141,2,422.00,695.00,97.00,225.00,1.0,-1,-1,-1
141,3,634.00,861.00,115.00,219.00,1.0,-1,-1,-1
141,4,556.00,688.00,92.00,201.00,1.0,-1,-1,-1
141,5,863.00,787.00,57.00,209.00,1.0,-1,-1,-1
141,6,1174.00,771.00,128.00,226.00,1.0,-1,-1,-1
142,0,0.00,0.00,0.00,0.00,1.0,-1,-1,-1
142,1,515.00,851.00,118.00,229.00,1.0,-1,-1,-1
142,2,423.00,694.00,97.00,226.00,1.0,-1,-1,-1
142,3,633.00,862.00,115.00,218.00,1.0,-1,-1,-1
142,4,556.00,687.00,93.00,206.00,1.0,-1,-1,-1
142,5,855.00,786.00,58.00,212.00,1.0,-1,-1,-1
142,6,1173.00,769.00,123.00,227.00,1.0,-1,-1,-1
143,0,0.00,0.00,0.00,0.00,1.0,-1,-1,-1
143,1,514.00,853.00,118.00,227.00,1.0,-1,-1,-1
143,2,424.00,692.00,98.00,227.00,1.0,-1,-1,-1
143,3,631.00,862.00,116.00,218.00,1.0,-1,-1,-1
143,4,557.00,686.00,93.00,209.00,1.0,-1,-1,-1
143,5,849.00,786.00,58.00,211.00,1.0,-1,-1,-1
143,6,1172.00,769.00,112.00,227.00,1.0,-1,-1,-1
144,0,0.00,0.00,0.00,0.00,1.0,-1,-1,-1
144,1,512.00,857.00,115.00,223.00,1.0,-1,-1,-1
144,2,426.00,691.00,96.00,228.00,1.0,-1,-1,-1
144,3,629.00,862.00,115.00,218.00,1.0,-1,-1,-1
144,4,558.00,687.00,92.00,210.00,1.0,-1,-1,-1
144,5,831.00,784.00,72.00,214.00,1.0,-1,-1,-1
144,6,1171.00,769.00,100.00,227.00,1.0,-1,-1,-1
145,0,0.00,0.00,0.00,0.00,1.0,-1,-1,-1
145,1,508.00,859.00,117.00,221.00,1.0,-1,-1,-1
145,2,426.00,689.00,98.00,230.00,1.0,-1,-1,-1
145,3,626.00,863.00,117.00,217.00,1.0,-1,-1,-1
145,4,558.00,688.00,92.00,214.00,1.0,-1,-1,-1
145,5,807.00,787.00,95.00,207.00,1.0,-1,-1,-1
145,6,1163.00,766.00,94.00,230.00,1.0,-1,-1,-1
146,0,0.00,0.00,0.00,0.00,1.0,-1,-1,-1
146,1,508.00,859.00,116.00,221.00,1.0,-1,-1,-1
146,2,429.00,688.00,97.00,227.00,1.0,-1,-1,-1
146,3,625.00,863.00,118.00,217.00,1.0,-1,-1,-1
146,4,560.00,688.00,92.00,215.00,1.0,-1,-1,-1
146,5,796.00,786.00,105.00,206.00,1.0,-1,-1,-1
146,6,1155.00,765.00,102.00,229.00,1.0,-1,-1,-1
147,0,0.00,0.00,0.00,0.00,1.0,-1,-1,-1
147,1,507.00,858.00,116.00,222.00,1.0,-1,-1,-1
147,2,431.00,685.00,97.00,223.00,1.0,-1,-1,-1
147,3,625.00,865.00,115.00,215.00,1.0,-1,-1,-1
147,4,562.00,686.00,91.00,219.00,1.0,-1,-1,-1
147,5,793.00,786.00,105.00,207.00,1.0,-1,-1,-1
147,6,1147.00,762.00,80.00,232.00,1.0,-1,-1,-1
148,0,0.00,0.00,0.00,0.00,1.0,-1,-1,-1
148,1,506.00,859.00,114.00,221.00,1.0,-1,-1,-1
148,2,431.00,685.00,98.00,218.00,1.0,-1,-1,-1
148,3,623.00,870.00,117.00,210.00,1.0,-1,-1,-1
148,4,562.00,686.00,92.00,221.00,1.0,-1,-1,-1
148,5,790.00,787.00,102.00,209.00,1.0,-1,-1,-1
148,6,1140.00,760.00,80.00,238.00,1.0,-1,-1,-1
149,0,0.00,0.00,0.00,0.00,1.0,-1,-1,-1
149,1,503.00,859.00,117.00,221.00,1.0,-1,-1,-1
149,2,433.00,682.00,97.00,221.00,1.0,-1,-1,-1
149,3,622.00,871.00,118.00,209.00,1.0,-1,-1,-1
149,4,564.00,684.00,94.00,222.00,1.0,-1,-1,-1
149,5,789.00,787.00,94.00,209.00,1.0,-1,-1,-1
149,6,1132.00,765.00,80.00,235.00,1.0,-1,-1,-1
150,0,0.00,0.00,0.00,0.00,1.0,-1,-1,-1
150,1,499.00,859.00,118.00,221.00,1.0,-1,-1,-1
150,2,433.00,682.00,99.00,220.00,1.0,-1,-1,-1
150,3,618.00,873.00,120.00,207.00,1.0,-1,-1,-1
150,4,564.00,682.00,94.00,223.00,1.0,-1,-1,-1
150,5,787.00,784.00,88.00,213.00,1.0,-1,-1,-1
150,6,1125.00,766.00,86.00,236.00,1.0,-1,-1,-1
151,0,0.00,0.00,0.00,0.00,1.0,-1,-1,-1
151,1,494.00,860.00,122.00,220.00,1.0,-1,-1,-1
151,2,434.00,681.00,98.00,221.00,1.0,-1,-1,-1
151,3,618.00,875.00,118.00,205.00,1.0,-1,-1,-1
151,4,565.00,682.00,93.00,228.00,1.0,-1,-1,-1
151,5,787.00,784.00,72.00,212.00,1.0,-1,-1,-1
151,6,1105.00,766.00,101.00,237.00,1.0,-1,-1,-1
152,0,0.00,0.00,0.00,0.00,1.0,-1,-1,-1
152,1,491.00,863.00,123.00,217.00,1.0,-1,-1,-1
152,2,435.00,681.00,98.00,221.00,1.0,-1,-1,-1
152,3,618.00,876.00,118.00,204.00,1.0,-1,-1,-1
152,4,566.00,679.00,93.00,228.00,1.0,-1,-1,-1
152,5,782.00,782.00,62.00,213.00,1.0,-1,-1,-1
152,6,1094.00,766.00,111.00,233.00,1.0,-1,-1,-1
153,0,0.00,0.00,0.00,0.00,1.0,-1,-1,-1
153,1,487.00,864.00,125.00,216.00,1.0,-1,-1,-1
153,2,435.00,680.00,99.00,221.00,1.0,-1,-1,-1
153,3,616.00,876.00,118.00,204.00,1.0,-1,-1,-1
153,4,566.00,676.00,93.00,226.00,1.0,-1,-1,-1
153,5,775.00,780.00,60.00,215.00,1.0,-1,-1,-1
153,6,1087.00,767.00,116.00,230.00,1.0,-1,-1,-1
154,0,0.00,0.00,0.00,0.00,1.0,-1,-1,-1
154,1,482.00,866.00,128.00,214.00,1.0,-1,-1,-1
154,2,435.00,679.00,100.00,222.00,1.0,-1,-1,-1
154,3,617.00,876.00,114.00,204.00,1.0,-1,-1,-1
154,4,567.00,674.00,91.00,225.00,1.0,-1,-1,-1
154,5,767.00,780.00,59.00,215.00,1.0,-1,-1,-1
154,6,1079.00,768.00,120.00,229.00,1.0,-1,-1,-1
155,0,0.00,0.00,0.00,0.00,1.0,-1,-1,-1
155,1,479.00,868.00,128.00,212.00,1.0,-1,-1,-1
155,2,436.00,678.00,100.00,222.00,1.0,-1,-1,-1
155,3,614.00,876.00,116.00,204.00,1.0,-1,-1,-1
155,4,568.00,673.00,90.00,227.00,1.0,-1,-1,-1
155,5,757.00,780.00,62.00,214.00,1.0,-1,-1,-1
155,6,1075.00,765.00,119.00,233.00,1.0,-1,-1,-1
156,0,0.00,0.00,0.00,0.00,1.0,-1,-1,-1
156,1,476.00,870.00,128.00,210.00,1.0,-1,-1,-1
156,2,436.00,678.00,101.00,222.00,1.0,-1,-1,-1
156,3,610.00,877.00,115.00,203.00,1.0,-1,-1,-1
156,4,570.00,671.00,88.00,228.00,1.0,-1,-1,-1
156,5,739.00,779.00,75.00,215.00,1.0,-1,-1,-1
156,6,1074.00,762.00,110.00,235.00,1.0,-1,-1,-1
157,0,0.00,0.00,0.00,0.00,1.0,-1,-1,-1
157,1,474.00,874.00,126.00,206.00,1.0,-1,-1,-1
157,2,438.00,675.00,101.00,224.00,1.0,-1,-1,-1
157,3,610.00,878.00,112.00,202.00,1.0,-1,-1,-1
157,4,571.00,671.00,86.00,229.00,1.0,-1,-1,-1
157,5,723.00,781.00,90.00,215.00,1.0,-1,-1,-1
157,6,1072.00,765.00,100.00,233.00,1.0,-1,-1,-1
158,0,0.00,0.00,0.00,0.00,1.0,-1,-1,-1
158,1,471.00,875.00,124.00,205.00,1.0,-1,-1,-1
158,2,440.00,674.00,99.00,225.00,1.0,-1,-1,-1
158,3,608.00,880.00,112.00,200.00,1.0,-1,-1,-1
158,4,572.00,671.00,85.00,229.00,1.0,-1,-1,-1
158,5,718.00,782.00,94.00,214.00,1.0,-1,-1,-1
158,6,1066.00,764.00,91.00,235.00,1.0,-1,-1,-1
159,0,0.00,0.00,0.00,0.00,1.0,-1,-1,-1
159,1,469.00,876.00,122.00,204.00,1.0,-1,-1,-1
159,2,441.00,672.00,98.00,221.00,1.0,-1,-1,-1
159,3,606.00,882.00,111.00,198.00,1.0,-1,-1,-1
159,4,574.00,671.00,82.00,228.00,1.0,-1,-1,-1
159,5,718.00,782.00,91.00,213.00,1.0,-1,-1,-1
159,6,1058.00,764.00,82.00,234.00,1.0,-1,-1,-1
160,0,0.00,0.00,0.00,0.00,1.0,-1,-1,-1
160,1,467.00,874.00,122.00,206.00,1.0,-1,-1,-1
160,2,444.00,670.00,97.00,220.00,1.0,-1,-1,-1
160,3,605.00,885.00,107.00,195.00,1.0,-1,-1,-1
160,4,575.00,671.00,78.00,228.00,1.0,-1,-1,-1
160,5,715.00,783.00,91.00,212.00,1.0,-1,-1,-1
160,6,1050.00,762.00,80.00,236.00,1.0,-1,-1,-1
161,0,0.00,0.00,0.00,0.00,1.0,-1,-1,-1
161,1,463.00,874.00,123.00,206.00,1.0,-1,-1,-1
161,2,444.00,668.00,98.00,220.00,1.0,-1,-1,-1
161,3,602.00,886.00,107.00,194.00,1.0,-1,-1,-1
161,4,575.00,671.00,79.00,228.00,1.0,-1,-1,-1
161,5,714.00,780.00,84.00,214.00,1.0,-1,-1,-1
161,6,1044.00,762.00,77.00,236.00,1.0,-1,-1,-1
162,0,0.00,0.00,0.00,0.00,1.0,-1,-1,-1
162,1,460.00,874.00,123.00,206.00,1.0,-1,-1,-1
162,2,447.00,666.00,96.00,219.00,1.0,-1,-1,-1
162,3,600.00,889.00,104.00,191.00,1.0,-1,-1,-1
162,4,576.00,672.00,82.00,227.00,1.0,-1,-1,-1
162,5,710.00,778.00,76.00,207.00,1.0,-1,-1,-1
162,6,1036.00,763.00,78.00,233.00,1.0,-1,-1,-1
163,0,0.00,0.00,0.00,0.00,1.0,-1,-1,-1
163,1,456.00,875.00,125.00,205.00,1.0,-1,-1,-1
163,2,449.00,665.00,96.00,220.00,1.0,-1,-1,-1
163,3,598.00,891.00,103.00,189.00,1.0,-1,-1,-1
163,4,578.00,671.00,80.00,229.00,1.0,-1,-1,-1
163,5,702.00,779.00,71.00,210.00,1.0,-1,-1,-1
163,6,1024.00,766.00,85.00,231.00,1.0,-1,-1,-1
164,0,0.00,0.00,0.00,0.00,1.0,-1,-1,-1
164,1,454.00,876.00,125.00,204.00,1.0,-1,-1,-1
164,2,451.00,664.00,95.00,221.00,1.0,-1,-1,-1
164,3,592.00,892.00,107.00,188.00,1.0,-1,-1,-1
164,4,580.00,671.00,79.00,229.00,1.0,-1,-1,-1
164,5,695.00,778.00,64.00,212.00,1.0,-1,-1,-1
164,6,1004.00,768.00,102.00,230.00,1.0,-1,-1,-1
165,0,0.00,0.00,0.00,0.00,1.0,-1,-1,-1
165,1,451.00,872.00,126.00,208.00,1.0,-1,-1,-1
165,2,452.00,663.00,96.00,222.00,1.0,-1,-1,-1
165,3,591.00,893.00,107.00,187.00,1.0,-1,-1,-1
165,4,581.00,669.00,78.00,231.00,1.0,-1,-1,-1
165,5,689.00,777.00,54.00,210.00,1.0,-1,-1,-1
165,6,985.00,768.00,120.00,231.00,1.0,-1,-1,-1
166,0,0.00,0.00,0.00,0.00,1.0,-1,-1,-1
166,1,449.00,881.00,125.00,199.00,1.0,-1,-1,-1
166,2,455.00,665.00,94.00,221.00,1.0,-1,-1,-1
166,3,589.00,893.00,109.00,187.00,1.0,-1,-1,-1
166,4,583.00,667.00,76.00,232.00,1.0,-1,-1,-1
166,5,682.00,777.00,55.00,217.00,1.0,-1,-1,-1
166,6,977.00,771.00,129.00,229.00,1.0,-1,-1,-1
167,0,0.00,0.00,0.00,0.00,1.0,-1,-1,-1
167,1,447.00,885.00,125.00,195.00,1.0,-1,-1,-1
167,2,457.00,665.00,93.00,221.00,1.0,-1,-1,-1
167,3,588.00,894.00,109.00,186.00,1.0,-1,-1,-1
167,4,584.00,666.00,76.00,231.00,1.0,-1,-1,-1
167,5,673.00,779.00,58.00,213.00,1.0,-1,-1,-1
167,6,979.00,774.00,125.00,228.00,1.0,-1,-1,-1
168,0,0.00,0.00,0.00,0.00,1.0,-1,-1,-1
168,1,445.00,888.00,126.00,192.00,1.0,-1,-1,-1
168,2,459.00,666.00,93.00,220.00,1.0,-1,-1,-1
168,3,586.00,896.00,109.00,184.00,1.0,-1,-1,-1
168,4,586.00,663.00,75.00,222.00,1.0,-1,-1,-1
168,5,668.00,780.00,364.00,211.00,1.0,-1,-1,-1
168,6,975.00,774.00,127.00,228.00,1.0,-1,-1,-1
169,0,0.00,0.00,0.00,0.00,1.0,-1,-1,-1
169,1,443.00,890.00,126.00,190.00,1.0,-1,-1,-1
169,2,461.00,665.00,94.00,221.00,1.0,-1,-1,-1
169,3,586.00,897.00,109.00,183.00,1.0,-1,-1,-1
169,4,587.00,661.00,77.00,224.00,1.0,-1,-1,-1
169,5,663.00,781.00,399.00,209.00,1.0,-1,-1,-1
169,6,974.00,773.00,124.00,230.00,1.0,-1,-1,-1
170,0,0.00,0.00,0.00,0.00,1.0,-1,-1,-1
170,1,441.00,893.00,127.00,187.00,1.0,-1,-1,-1
170,2,465.00,664.00,93.00,221.00,1.0,-1,-1,-1
170,3,585.00,899.00,108.00,181.00,1.0,-1,-1,-1
170,4,588.00,659.00,77.00,225.00,1.0,-1,-1,-1
170,5,661.00,781.00,63.00,211.00,1.0,-1,-1,-1
170,6,972.00,773.00,114.00,230.00,1.0,-1,-1,-1
171,0,0.00,0.00,0.00,0.00,1.0,-1,-1,-1
171,1,437.00,895.00,130.00,185.00,1.0,-1,-1,-1
171,2,467.00,661.00,93.00,224.00,1.0,-1,-1,-1
171,3,586.00,902.00,106.00,178.00,1.0,-1,-1,-1
171,4,589.00,659.00,77.00,225.00,1.0,-1,-1,-1
171,5,654.00,782.00,348.00,208.00,1.0,-1,-1,-1
171,6,970.00,771.00,106.00,231.00,1.0,-1,-1,-1
172,0,0.00,0.00,0.00,0.00,1.0,-1,-1,-1
172,1,435.00,895.00,131.00,185.00,1.0,-1,-1,-1
172,2,470.00,659.00,94.00,223.00,1.0,-1,-1,-1
172,3,587.00,903.00,104.00,177.00,1.0,-1,-1,-1
172,4,591.00,657.00,78.00,225.00,1.0,-1,-1,-1
172,5,648.00,779.00,73.00,212.00,1.0,-1,-1,-1
172,6,964.00,767.00,97.00,233.00,1.0,-1,-1,-1
173,0,0.00,0.00,0.00,0.00,1.0,-1,-1,-1
173,1,432.00,896.00,131.00,184.00,1.0,-1,-1,-1
173,2,471.00,658.00,94.00,221.00,1.0,-1,-1,-1
173,3,586.00,907.00,102.00,173.00,1.0,-1,-1,-1
173,4,592.00,658.00,77.00,225.00,1.0,-1,-1,-1
173,5,640.00,778.00,362.00,212.00,1.0,-1,-1,-1
173,6,955.00,767.00,88.00,235.00,1.0,-1,-1,-1
174,0,0.00,0.00,0.00,0.00,1.0,-1,-1,-1
174,1,430.00,896.00,132.00,184.00,1.0,-1,-1,-1
174,2,472.00,659.00,94.00,216.00,1.0,-1,-1,-1
174,3,585.00,909.00,101.00,171.00,1.0,-1,-1,-1
174,4,593.00,659.00,77.00,227.00,1.0,-1,-1,-1
174,5,632.00,778.00,370.00,195.00,1.0,-1,-1,-1
174,6,947.00,767.00,79.00,235.00,1.0,-1,-1,-1
175,0,0.00,0.00,0.00,0.00,1.0,-1,-1,-1
175,1,427.00,896.00,133.00,184.00,1.0,-1,-1,-1
175,2,472.00,658.00,95.00,214.00,1.0,-1,-1,-1
175,3,582.00,910.00,114.00,170.00,1.0,-1,-1,-1
175,4,595.00,659.00,74.00,221.00,1.0,-1,-1,-1
175,5,626.00,781.00,71.00,185.00,1.0,-1,-1,-1
175,6,938.00,768.00,80.00,239.00,1.0,-1,-1,-1
176,0,0.00,0.00,0.00,0.00,1.0,-1,-1,-1
176,1,424.00,898.00,134.00,182.00,1.0,-1,-1,-1
176,2,474.00,658.00,94.00,214.00,1.0,-1,-1,-1
176,3,580.00,910.00,111.00,170.00,1.0,-1,-1,-1
176,4,596.00,660.00,73.00,147.00,1.0,-1,-1,-1
176,5,619.00,779.00,69.00,185.00,1.0,-1,-1,-1
176,6,931.00,769.00,80.00,239.00,1.0,-1,-1,-1
177,0,0.00,0.00,0.00,0.00,1.0,-1,-1,-1
177,1,420.00,899.00,136.00,181.00,1.0,-1,-1,-1
177,2,474.00,657.00,95.00,215.00,1.0,-1,-1,-1
177,3,581.00,911.00,99.00,169.00,1.0,-1,-1,-1
177,4,598.00,661.00,84.00,178.00,1.0,-1,-1,-1
177,5,613.00,780.00,66.00,176.00,1.0,-1,-1,-1
177,6,923.00,771.00,84.00,241.00,1.0,-1,-1,-1
178,0,0.00,0.00,0.00,0.00,1.0,-1,-1,-1
178,1,416.00,901.00,137.00,179.00,1.0,-1,-1,-1
178,2,474.00,657.00,96.00,213.00,1.0,-1,-1,-1
178,3,580.00,911.00,95.00,169.00,1.0,-1,-1,-1
178,4,599.00,661.00,83.00,179.00,1.0,-1,-1,-1
178,5,607.00,778.00,64.00,162.00,1.0,-1,-1,-1
178,6,912.00,774.00,95.00,235.00,1.0,-1,-1,-1
179,0,0.00,0.00,0.00,0.00,1.0,-1,-1,-1
179,1,413.00,904.00,138.00,176.00,1.0,-1,-1,-1
179,2,475.00,657.00,96.00,215.00,1.0,-1,-1,-1
179,3,578.00,911.00,94.00,169.00,1.0,-1,-1,-1
179,4,600.00,660.00,86.00,181.00,1.0,-1,-1,-1
179,5,601.00,778.00,62.00,169.00,1.0,-1,-1,-1
179,6,890.00,775.00,117.00,234.00,1.0,-1,-1,-1
180,0,0.00,0.00,0.00,0.00,1.0,-1,-1,-1
180,1,411.00,907.00,137.00,173.00,1.0,-1,-1,-1
180,2,476.00,657.00,96.00,215.00,1.0,-1,-1,-1
180,3,576.00,914.00,96.00,166.00,1.0,-1,-1,-1
180,4,601.00,659.00,86.00,185.00,1.0,-1,-1,-1
180,5,596.00,778.00,61.00,177.00,1.0,-1,-1,-1
180,6,886.00,777.00,121.00,234.00,1.0,-1,-1,-1
181,0,0.00,0.00,0.00,0.00,1.0,-1,-1,-1
181,1,407.00,909.00,137.00,171.00,1.0,-1,-1,-1
181,2,477.00,657.00,96.00,216.00,1.0,-1,-1,-1
181,3,575.00,910.00,98.00,170.00,1.0,-1,-1,-1
181,4,603.00,657.00,85.00,213.00,1.0,-1,-1,-1
181,5,590.00,778.00,61.00,184.00,1.0,-1,-1,-1
181,6,880.00,778.00,126.00,233.00,1.0,-1,-1,-1
182,0,0.00,0.00,0.00,0.00,1.0,-1,-1,-1
182,1,403.00,912.00,138.00,168.00,1.0,-1,-1,-1
182,2,478.00,657.00,96.00,216.00,1.0,-1,-1,-1
182,3,575.00,912.00,99.00,168.00,1.0,-1,-1,-1
182,4,604.00,656.00,86.00,210.00,1.0,-1,-1,-1
182,5,583.00,781.00,66.00,198.00,1.0,-1,-1,-1
182,6,877.00,778.00,126.00,234.00,1.0,-1,-1,-1
183,0,0.00,0.00,0.00,0.00,1.0,-1,-1,-1
183,1,400.00,913.00,137.00,167.00,1.0,-1,-1,-1
183,2,480.00,656.00,95.00,215.00,1.0,-1,-1,-1
183,3,573.00,922.00,99.00,158.00,1.0,-1,-1,-1
183,4,606.00,653.00,83.00,217.00,1.0,-1,-1,-1
183,5,569.00,780.00,68.00,200.00,1.0,-1,-1,-1
183,6,877.00,776.00,118.00,236.00,1.0,-1,-1,-1
184,0,0.00,0.00,0.00,0.00,1.0,-1,-1,-1
184,1,398.00,916.00,136.00,164.00,1.0,-1,-1,-1
184,2,481.00,655.00,95.00,214.00,1.0,-1,-1,-1
184,3,550.00,925.00,122.00,155.00,1.0,-1,-1,-1
184,4,608.00,650.00,84.00,217.00,1.0,-1,-1,-1
184,5,562.00,780.00,67.00,199.00,1.0,-1,-1,-1
184,6,869.00,775.00,113.00,236.00,1.0,-1,-1,-1
185,0,0.00,0.00,0.00,0.00,1.0,-1,-1,-1
185,1,396.00,917.00,136.00,163.00,1.0,-1,-1,-1
185,2,481.00,654.00,96.00,215.00,1.0,-1,-1,-1
185,3,546.00,927.00,123.00,153.00,1.0,-1,-1,-1
185,4,608.00,650.00,86.00,217.00,1.0,-1,-1,-1
185,5,559.00,781.00,65.00,199.00,1.0,-1,-1,-1
185,6,860.00,774.00,108.00,238.00,1.0,-1,-1,-1
186,0,0.00,0.00,0.00,0.00,1.0,-1,-1,-1
186,1,394.00,919.00,135.00,161.00,1.0,-1,-1,-1
186,2,481.00,652.00,97.00,216.00,1.0,-1,-1,-1
186,3,542.00,929.00,124.00,151.00,1.0,-1,-1,-1
186,4,609.00,649.00,86.00,217.00,1.0,-1,-1,-1
186,5,558.00,781.00,354.00,199.00,1.0,-1,-1,-1
186,6,854.00,773.00,100.00,238.00,1.0,-1,-1,-1
187,0,0.00,0.00,0.00,0.00,1.0,-1,-1,-1
187,1,392.00,920.00,133.00,160.00,1.0,-1,-1,-1
187,2,481.00,652.00,97.00,216.00,1.0,-1,-1,-1
187,3,568.00,932.00,94.00,148.00,1.0,-1,-1,-1
187,4,609.00,649.00,86.00,217.00,1.0,-1,-1,-1
187,5,556.00,780.00,356.00,201.00,1.0,-1,-1,-1
187,6,846.00,772.00,89.00,239.00,1.0,-1,-1,-1
188,0,0.00,0.00,0.00,0.00,1.0,-1,-1,-1
188,1,388.00,920.00,136.00,160.00,1.0,-1,-1,-1
188,2,483.00,650.00,95.00,214.00,1.0,-1,-1,-1
188,3,543.00,931.00,117.00,149.00,1.0,-1,-1,-1
188,4,610.00,649.00,84.00,217.00,1.0,-1,-1,-1
188,5,551.00,778.00,361.00,203.00,1.0,-1,-1,-1
188,6,839.00,771.00,85.00,241.00,1.0,-1,-1,-1
189,0,0.00,0.00,0.00,0.00,1.0,-1,-1,-1
189,1,383.00,920.00,138.00,160.00,1.0,-1,-1,-1
189,2,483.00,649.00,95.00,210.00,1.0,-1,-1,-1
189,3,564.00,931.00,93.00,149.00,1.0,-1,-1,-1
189,4,610.00,649.00,84.00,216.00,1.0,-1,-1,-1
189,5,539.00,777.00,373.00,204.00,1.0,-1,-1,-1
189,6,833.00,771.00,84.00,239.00,1.0,-1,-1,-1
190,0,0.00,0.00,0.00,0.00,1.0,-1,-1,-1
190,1,379.00,921.00,141.00,159.00,1.0,-1,-1,-1
190,2,485.00,647.00,94.00,213.00,1.0,-1,-1,-1
190,3,550.00,932.00,106.00,148.00,1.0,-1,-1,-1
190,4,610.00,649.00,84.00,218.00,1.0,-1,-1,-1
190,5,541.00,777.00,341.00,203.00,1.0,-1,-1,-1
190,6,826.00,772.00,90.00,239.00,1.0,-1,-1,-1
191,0,0.00,0.00,0.00,0.00,1.0,-1,-1,-1
191,1,377.00,924.00,141.00,156.00,1.0,-1,-1,-1
191,2,488.00,646.00,92.00,213.00,1.0,-1,-1,-1
191,3,550.00,933.00,104.00,147.00,1.0,-1,-1,-1
191,4,610.00,649.00,85.00,217.00,1.0,-1,-1,-1
191,5,539.00,776.00,51.00,205.00,1.0,-1,-1,-1
191,6,820.00,774.00,96.00,237.00,1.0,-1,-1,-1
192,0,0.00,0.00,0.00,0.00,1.0,-1,-1,-1
192,1,374.00,926.00,142.00,154.00,1.0,-1,-1,-1
192,2,489.00,646.00,92.00,208.00,1.0,-1,-1,-1
192,3,549.00,934.00,103.00,146.00,1.0,-1,-1,-1
192,4,610.00,649.00,84.00,216.00,1.0,-1,-1,-1
192,5,531.00,777.00,351.00,195.00,1.0,-1,-1,-1
192,6,799.00,775.00,117.00,236.00,1.0,-1,-1,-1
193,0,0.00,0.00,0.00,0.00,1.0,-1,-1,-1
193,1,372.00,927.00,143.00,153.00,1.0,-1,-1,-1
193,2,490.00,644.00,92.00,177.00,1.0,-1,-1,-1
193,3,547.00,936.00,106.00,144.00,1.0,-1,-1,-1
193,4,610.00,648.00,84.00,216.00,1.0,-1,-1,-1
193,5,524.00,778.00,63.00,208.00,1.0,-1,-1,-1
193,6,786.00,775.00,130.00,234.00,1.0,-1,-1,-1
194,0,0.00,0.00,0.00,0.00,1.0,-1,-1,-1
194,1,369.00,931.00,145.00,149.00,1.0,-1,-1,-1
194,2,490.00,645.00,92.00,150.00,1.0,-1,-1,-1
194,3,534.00,939.00,117.00,141.00,1.0,-1,-1,-1
194,4,610.00,648.00,85.00,216.00,1.0,-1,-1,-1
194,5,516.00,780.00,68.00,199.00,1.0,-1,-1,-1
194,6,784.00,774.00,132.00,236.00,1.0,-1,-1,-1
195,0,0.00,0.00,0.00,0.00,1.0,-1,-1,-1
195,1,367.00,933.00,146.00,147.00,1.0,-1,-1,-1
195,2,491.00,645.00,92.00,142.00,1.0,-1,-1,-1
195,3,542.00,942.00,109.00,138.00,1.0,-1,-1,-1
195,4,610.00,646.00,84.00,218.00,1.0,-1,-1,-1
195,5,508.00,779.00,74.00,200.00,1.0,-1,-1,-1
195,6,778.00,776.00,137.00,234.00,1.0,-1,-1,-1
196,0,0.00,0.00,0.00,0.00,1.0,-1,-1,-1
196,1,365.00,938.00,145.00,142.00,1.0,-1,-1,-1
196,2,493.00,645.00,92.00,163.00,1.0,-1,-1,-1
196,3,544.00,944.00,105.00,136.00,1.0,-1,-1,-1
196,4,611.00,645.00,79.00,218.00,1.0,-1,-1,-1
196,5,482.00,776.00,95.00,210.00,1.0,-1,-1,-1
196,6,777.00,776.00,130.00,233.00,1.0,-1,-1,-1
197,0,0.00,0.00,0.00,0.00,1.0,-1,-1,-1
197,1,363.00,939.00,145.00,141.00,1.0,-1,-1,-1
197,2,495.00,643.00,92.00,196.00,1.0,-1,-1,-1
197,3,548.00,946.00,102.00,134.00,1.0,-1,-1,-1
197,4,612.00,643.00,77.00,216.00,1.0,-1,-1,-1
197,5,479.00,776.00,95.00,209.00,1.0,-1,-1,-1
197,6,772.00,775.00,123.00,234.00,1.0,-1,-1,-1
198,0,0.00,0.00,0.00,0.00,1.0,-1,-1,-1
198,1,361.00,941.00,145.00,139.00,1.0,-1,-1,-1
198,2,495.00,642.00,92.00,197.00,1.0,-1,-1,-1
198,3,547.00,948.00,104.00,132.00,1.0,-1,-1,-1
198,4,612.00,641.00,78.00,213.00,1.0,-1,-1,-1
198,5,485.00,777.00,87.00,207.00,1.0,-1,-1,-1
198,6,765.00,774.00,118.00,234.00,1.0,-1,-1,-1
199,0,0.00,0.00,0.00,0.00,1.0,-1,-1,-1
199,1,359.00,942.00,144.00,138.00,1.0,-1,-1,-1
199,2,496.00,641.00,93.00,202.00,1.0,-1,-1,-1
199,3,548.00,949.00,104.00,131.00,1.0,-1,-1,-1
199,4,614.00,639.00,77.00,211.00,1.0,-1,-1,-1
199,5,468.00,776.00,101.00,209.00,1.0,-1,-1,-1
199,6,754.00,771.00,110.00,238.00,1.0,-1,-1,-1
200,0,0.00,0.00,0.00,0.00,1.0,-1,-1,-1
200,1,357.00,942.00,144.00,138.00,1.0,-1,-1,-1
200,2,497.00,640.00,93.00,202.00,1.0,-1,-1,-1
200,3,546.00,950.00,107.00,130.00,1.0,-1,-1,-1
200,4,616.00,637.00,76.00,211.00,1.0,-1,-1,-1
200,5,468.00,775.00,324.00,211.00,1.0,-1,-1,-1
200,6,746.00,768.00,98.00,240.00,1.0,-1,-1,-1
201,0,0.00,0.00,0.00,0.00,1.0,-1,-1,-1
201,1,355.00,942.00,144.00,138.00,1.0,-1,-1,-1
201,2,498.00,638.00,92.00,205.00,1.0,-1,-1,-1
201,3,543.00,951.00,110.00,129.00,1.0,-1,-1,-1
201,4,616.00,636.00,76.00,212.00,1.0,-1,-1,-1
201,5,468.00,774.00,94.00,212.00,1.0,-1,-1,-1
201,6,738.00,768.00,88.00,242.00,1.0,-1,-1,-1
202,0,0.00,0.00,0.00,0.00,1.0,-1,-1,-1
202,1,352.00,942.00,144.00,138.00,1.0,-1,-1,-1
202,2,500.00,636.00,91.00,206.00,1.0,-1,-1,-1
202,3,544.00,951.00,109.00,129.00,1.0,-1,-1,-1
202,4,618.00,635.00,75.00,212.00,1.0,-1,-1,-1
202,5,467.00,773.00,325.00,227.00,1.0,-1,-1,-1
202,6,730.00,769.00,90.00,240.00,1.0,-1,-1,-1
203,0,0.00,0.00,0.00,0.00,1.0,-1,-1,-1
203,1,348.00,943.00,145.00,137.00,1.0,-1,-1,-1
203,2,500.00,635.00,92.00,205.00,1.0,-1,-1,-1
203,3,542.00,953.00,111.00,127.00,1.0,-1,-1,-1
203,4,618.00,635.00,76.00,212.00,1.0,-1,-1,-1
203,5,471.00,776.00,75.00,207.00,1.0,-1,-1,-1
203,6,722.00,769.00,94.00,242.00,1.0,-1,-1,-1
204,0,0.00,0.00,0.00,0.00,1.0,-1,-1,-1
204,1,345.00,944.00,146.00,136.00,1.0,-1,-1,-1
204,2,501.00,634.00,92.00,205.00,1.0,-1,-1,-1
204,3,541.00,954.00,111.00,126.00,1.0,-1,-1,-1
204,4,618.00,633.00,76.00,213.00,1.0,-1,-1,-1
204,5,467.00,773.00,66.00,211.00,1.0,-1,-1,-1
204,6,715.00,769.00,100.00,243.00,1.0,-1,-1,-1
205,0,0.00,0.00,0.00,0.00,1.0,-1,-1,-1
205,1,341.00,947.00,146.00,133.00,1.0,-1,-1,-1
205,2,503.00,633.00,90.00,206.00,1.0,-1,-1,-1
205,3,539.00,957.00,109.00,123.00,1.0,-1,-1,-1
205,4,618.00,634.00,75.00,212.00,1.0,-1,-1,-1
205,5,464.00,776.00,62.00,209.00,1.0,-1,-1,-1
205,6,701.00,771.00,115.00,243.00,1.0,-1,-1,-1
206,0,0.00,0.00,0.00,0.00,1.0,-1,-1,-1
206,1,339.00,950.00,144.00,130.00,1.0,-1,-1,-1
206,2,504.00,632.00,90.00,207.00,1.0,-1,-1,-1
206,3,535.00,960.00,111.00,120.00,1.0,-1,-1,-1
206,4,618.00,635.00,75.00,211.00,1.0,-1,-1,-1
206,5,461.00,776.00,59.00,207.00,1.0,-1,-1,-1
206,6,678.00,773.00,138.00,247.00,1.0,-1,-1,-1
207,0,0.00,0.00,0.00,0.00,1.0,-1,-1,-1
207,1,337.00,953.00,143.00,127.00,1.0,-1,-1,-1
207,2,507.00,632.00,87.00,206.00,1.0,-1,-1,-1
207,3,533.00,963.00,109.00,117.00,1.0,-1,-1,-1
207,4,618.00,635.00,74.00,211.00,1.0,-1,-1,-1
207,5,457.00,775.00,56.00,208.00,1.0,-1,-1,-1
207,6,675.00,775.00,139.00,245.00,1.0,-1,-1,-1
208,0,0.00,0.00,0.00,0.00,1.0,-1,-1,-1
208,1,336.00,957.00,139.00,123.00,1.0,-1,-1,-1
208,2,507.00,631.00,87.00,207.00,1.0,-1,-1,-1
208,3,530.00,966.00,110.00,114.00,1.0,-1,-1,-1
208,4,618.00,635.00,74.00,211.00,1.0,-1,-1,-1
208,5,453.00,775.00,55.00,207.00,1.0,-1,-1,-1
208,6,678.00,776.00,134.00,235.00,1.0,-1,-1,-1
209,0,0.00,0.00,0.00,0.00,1.0,-1,-1,-1
209,1,335.00,960.00,136.00,120.00,1.0,-1,-1,-1
209,2,509.00,631.00,85.00,207.00,1.0,-1,-1,-1
209,3,526.00,967.00,111.00,113.00,1.0,-1,-1,-1
209,4,618.00,633.00,73.00,211.00,1.0,-1,-1,-1
209,5,439.00,775.00,62.00,208.00,1.0,-1,-1,-1
209,6,675.00,775.00,131.00,241.00,1.0,-1,-1,-1
210,0,0.00,0.00,0.00,0.00,1.0,-1,-1,-1
210,1,334.00,960.00,134.00,120.00,1.0,-1,-1,-1
210,2,509.00,630.00,85.00,208.00,1.0,-1,-1,-1
210,3,523.00,967.00,111.00,113.00,1.0,-1,-1,-1
210,4,617.00,632.00,74.00,212.00,1.0,-1,-1,-1
210,5,434.00,775.00,67.00,208.00,1.0,-1,-1,-1
210,6,670.00,774.00,126.00,238.00,1.0,-1,-1,-1
211,0,0.00,0.00,0.00,0.00,1.0,-1,-1,-1
211,1,334.00,960.00,130.00,120.00,1.0,-1,-1,-1
211,2,509.00,630.00,85.00,208.00,1.0,-1,-1,-1
211,3,520.00,968.00,112.00,112.00,1.0,-1,-1,-1
211,4,616.00,632.00,76.00,211.00,1.0,-1,-1,-1
211,5,428.00,775.00,334.00,207.00,1.0,-1,-1,-1
211,6,663.00,773.00,118.00,238.00,1.0,-1,-1,-1
212,0,0.00,0.00,0.00,0.00,1.0,-1,-1,-1
212,1,333.00,961.00,128.00,119.00,1.0,-1,-1,-1
212,2,508.00,629.00,86.00,208.00,1.0,-1,-1,-1
212,3,518.00,968.00,113.00,112.00,1.0,-1,-1,-1
212,4,615.00,630.00,77.00,200.00,1.0,-1,-1,-1
212,5,424.00,777.00,308.00,205.00,1.0,-1,-1,-1
212,6,657.00,771.00,106.00,240.00,1.0,-1,-1,-1
213,0,0.00,0.00,0.00,0.00,1.0,-1,-1,-1
213,1,331.00,961.00,128.00,119.00,1.0,-1,-1,-1
213,2,508.00,628.00,86.00,209.00,1.0,-1,-1,-1
213,3,513.00,969.00,116.00,111.00,1.0,-1,-1,-1
213,4,614.00,628.00,78.00,203.00,1.0,-1,-1,-1
213,5,422.00,776.00,79.00,206.00,1.0,-1,-1,-1
213,6,650.00,770.00,95.00,240.00,1.0,-1,-1,-1
214,0,0.00,0.00,0.00,0.00,1.0,-1,-1,-1
214,1,329.00,961.00,128.00,119.00,1.0,-1,-1,-1
214,2,506.00,627.00,89.00,206.00,1.0,-1,-1,-1
214,3,511.00,971.00,117.00,109.00,1.0,-1,-1,-1
214,4,612.00,627.00,83.00,203.00,1.0,-1,-1,-1
214,5,421.00,774.00,79.00,207.00,1.0,-1,-1,-1
214,6,642.00,769.00,86.00,241.00,1.0,-1,-1,-1
215,0,0.00,0.00,0.00,0.00,1.0,-1,-1,-1
215,1,326.00,962.00,129.00,118.00,1.0,-1,-1,-1
215,2,506.00,626.00,88.00,203.00,1.0,-1,-1,-1
215,3,506.00,972.00,121.00,108.00,1.0,-1,-1,-1
215,4,611.00,625.00,83.00,205.00,1.0,-1,-1,-1
215,5,421.00,769.00,77.00,212.00,1.0,-1,-1,-1
215,6,637.00,768.00,85.00,246.00,1.0,-1,-1,-1
216,0,0.00,0.00,0.00,0.00,1.0,-1,-1,-1
216,1,323.00,962.00,130.00,118.00,1.0,-1,-1,-1
216,2,506.00,624.00,88.00,203.00,1.0,-1,-1,-1
216,3,501.00,974.00,127.00,106.00,1.0,-1,-1,-1
216,4,611.00,623.00,83.00,205.00,1.0,-1,-1,-1
216,5,419.00,768.00,75.00,212.00,1.0,-1,-1,-1
216,6,630.00,768.00,84.00,240.00,1.0,-1,-1,-1
217,0,0.00,0.00,0.00,0.00,1.0,-1,-1,-1
217,1,319.00,965.00,132.00,115.00,1.0,-1,-1,-1
217,2,505.00,623.00,89.00,203.00,1.0,-1,-1,-1
217,3,492.00,976.00,136.00,104.00,1.0,-1,-1,-1
217,4,611.00,622.00,83.00,207.00,1.0,-1,-1,-1
217,5,415.00,768.00,71.00,209.00,1.0,-1,-1,-1
217,6,623.00,769.00,92.00,242.00,1.0,-1,-1,-1
218,0,0.00,0.00,0.00,0.00,1.0,-1,-1,-1
218,1,321.00,968.00,126.00,112.00,1.0,-1,-1,-1
218,2,502.00,622.00,92.00,204.00,1.0,-1,-1,-1
218,3,486.00,979.00,140.00,101.00,1.0,-1,-1,-1
218,4,611.00,622.00,83.00,198.00,1.0,-1,-1,-1
218,5,411.00,767.00,66.00,208.00,1.0,-1,-1,-1
218,6,603.00,770.00,112.00,240.00,1.0,-1,-1,-1
219,0,0.00,0.00,0.00,0.00,1.0,-1,-1,-1
219,1,325.00,970.00,120.00,110.00,1.0,-1,-1,-1
219,2,502.00,622.00,92.00,204.00,1.0,-1,-1,-1
219,3,478.00,981.00,149.00,99.00,1.0,-1,-1,-1
219,4,611.00,622.00,82.00,197.00,1.0,-1,-1,-1
219,5,408.00,766.00,59.00,207.00,1.0,-1,-1,-1
219,6,600.00,773.00,115.00,237.00,1.0,-1,-1,-1
220,0,0.00,0.00,0.00,0.00,1.0,-1,-1,-1
220,1,323.00,971.00,120.00,109.00,1.0,-1,-1,-1
220,2,503.00,621.00,90.00,204.00,1.0,-1,-1,-1
220,3,470.00,984.00,155.00,96.00,1.0,-1,-1,-1
220,4,612.00,622.00,83.00,180.00,1.0,-1,-1,-1
220,5,404.00,765.00,56.00,210.00,1.0,-1,-1,-1
220,6,600.00,774.00,115.00,236.00,1.0,-1,-1,-1
221,0,0.00,0.00,0.00,0.00,1.0,-1,-1,-1
221,1,324.00,974.00,116.00,106.00,1.0,-1,-1,-1
221,2,503.00,621.00,91.00,203.00,1.0,-1,-1,-1
221,3,466.00,985.00,159.00,95.00,1.0,-1,-1,-1
221,4,613.00,622.00,84.00,167.00,1.0,-1,-1,-1
221,5,399.00,764.00,61.00,213.00,1.0,-1,-1,-1
221,6,593.00,774.00,123.00,234.00,1.0,-1,-1,-1
222,0,0.00,0.00,0.00,0.00,1.0,-1,-1,-1
222,1,326.00,979.00,114.00,101.00,1.0,-1,-1,-1
222,2,504.00,621.00,91.00,204.00,1.0,-1,-1,-1
222,3,466.00,987.00,159.00,93.00,1.0,-1,-1,-1
222,4,616.00,621.00,81.00,171.00,1.0,-1,-1,-1
222,5,396.00,764.00,276.00,212.00,1.0,-1,-1,-1
222,6,586.00,773.00,125.00,236.00,1.0,-1,-1,-1
223,0,0.00,0.00,0.00,0.00,1.0,-1,-1,-1
223,1,326.00,982.00,110.00,98.00,1.0,-1,-1,-1
223,2,504.00,621.00,91.00,204.00,1.0,-1,-1,-1
223,3,467.00,987.00,157.00,93.00,1.0,-1,-1,-1
223,4,617.00,622.00,81.00,185.00,1.0,-1,-1,-1
223,5,391.00,763.00,67.00,213.00,1.0,-1,-1,-1
223,6,576.00,771.00,126.00,237.00,1.0,-1,-1,-1
224,0,0.00,0.00,0.00,0.00,1.0,-1,-1,-1
224,1,326.00,984.00,109.00,96.00,1.0,-1,-1,-1
224,2,505.00,621.00,91.00,203.00,1.0,-1,-1,-1
224,3,470.00,988.00,153.00,92.00,1.0,-1,-1,-1
224,4,618.00,623.00,80.00,190.00,1.0,-1,-1,-1
224,5,388.00,763.00,254.00,212.00,1.0,-1,-1,-1
224,6,570.00,769.00,120.00,242.00,1.0,-1,-1,-1
224,7,1248.00,810.00,99.00,266.00,1.0,-1,-1,-1
225,0,0.00,0.00,0.00,0.00,1.0,-1,-1,-1
225,1,324.00,987.00,108.00,93.00,1.0,-1,-1,-1
225,2,505.00,619.00,90.00,205.00,1.0,-1,-1,-1
225,3,475.00,992.00,144.00,88.00,1.0,-1,-1,-1
225,4,618.00,620.00,79.00,193.00,1.0,-1,-1,-1
225,5,369.00,763.00,87.00,213.00,1.0,-1,-1,-1
225,6,563.00,768.00,110.00,241.00,1.0,-1,-1,-1
225,7,1246.00,812.00,102.00,265.00,1.0,-1,-1,-1
226,0,0.00,0.00,0.00,0.00,1.0,-1,-1,-1
226,1,324.00,987.00,106.00,93.00,1.0,-1,-1,-1
226,2,505.00,617.00,91.00,207.00,1.0,-1,-1,-1
226,3,488.00,992.00,129.00,88.00,1.0,-1,-1,-1
226,4,619.00,619.00,78.00,197.00,1.0,-1,-1,-1
226,5,366.00,763.00,88.00,212.00,1.0,-1,-1,-1
226,6,555.00,766.00,102.00,234.00,1.0,-1,-1,-1
226,7,1245.00,809.00,106.00,268.00,1.0,-1,-1,-1
227,0,0.00,0.00,0.00,0.00,1.0,-1,-1,-1
227,1,323.00,986.00,106.00,94.00,1.0,-1,-1,-1
227,2,507.00,616.00,90.00,206.00,1.0,-1,-1,-1
227,3,497.00,993.00,119.00,87.00,1.0,-1,-1,-1
227,4,621.00,617.00,77.00,204.00,1.0,-1,-1,-1
227,5,365.00,763.00,88.00,213.00,1.0,-1,-1,-1
227,6,545.00,764.00,106.00,247.00,1.0,-1,-1,-1
227,7,1244.00,811.00,109.00,264.00,1.0,-1,-1,-1
228,0,0.00,0.00,0.00,0.00,1.0,-1,-1,-1
228,1,321.00,988.00,105.00,92.00,1.0,-1,-1,-1
228,2,508.00,615.00,89.00,205.00,1.0,-1,-1,-1
228,3,501.00,997.00,114.00,83.00,1.0,-1,-1,-1
228,4,622.00,616.00,76.00,209.00,1.0,-1,-1,-1
228,5,358.00,763.00,93.00,213.00,1.0,-1,-1,-1
228,6,541.00,765.00,87.00,241.00,1.0,-1,-1,-1
228,7,1243.00,811.00,112.00,264.00,1.0,-1,-1,-1
229,0,0.00,0.00,0.00,0.00,1.0,-1,-1,-1
229,1,319.00,988.00,104.00,92.00,1.0,-1,-1,-1
229,2,507.00,615.00,89.00,202.00,1.0,-1,-1,-1
229,3,502.00,999.00,108.00,81.00,1.0,-1,-1,-1
229,4,622.00,615.00,76.00,200.00,1.0,-1,-1,-1
229,5,364.00,766.00,82.00,211.00,1.0,-1,-1,-1
229,6,536.00,763.00,83.00,243.00,1.0,-1,-1,-1
229,7,1241.00,813.00,114.00,263.00,1.0,-1,-1,-1
230,0,0.00,0.00,0.00,0.00,1.0,-1,-1,-1
230,1,319.00,991.00,103.00,89.00,1.0,-1,-1,-1
230,2,508.00,615.00,88.00,198.00,1.0,-1,-1,-1
230,3,505.00,1003.00,101.00,77.00,1.0,-1,-1,-1
230,4,622.00,615.00,77.00,199.00,1.0,-1,-1,-1
230,5,365.00,767.00,77.00,209.00,1.0,-1,-1,-1
230,6,529.00,764.00,89.00,244.00,1.0,-1,-1,-1
230,7,1241.00,815.00,114.00,262.00,1.0,-1,-1,-1
231,0,0.00,0.00,0.00,0.00,1.0,-1,-1,-1
231,1,314.00,994.00,105.00,86.00,1.0,-1,-1,-1
231,2,508.00,613.00,88.00,200.00,1.0,-1,-1,-1
231,3,505.00,1005.00,98.00,75.00,1.0,-1,-1,-1
231,4,621.00,612.00,78.00,201.00,1.0,-1,-1,-1
231,5,364.00,767.00,218.00,210.00,1.0,-1,-1,-1
231,6,522.00,767.00,97.00,241.00,1.0,-1,-1,-1
231,7,1241.00,817.00,113.00,263.00,1.0,-1,-1,-1
232,0,0.00,0.00,0.00,0.00,1.0,-1,-1,-1
232,1,312.00,997.00,104.00,83.00,1.0,-1,-1,-1
232,2,510.00,613.00,85.00,204.00,1.0,-1,-1,-1
232,3,503.00,1009.00,92.00,71.00,1.0,-1,-1,-1
232,4,622.00,610.00,77.00,203.00,1.0,-1,-1,-1
232,5,363.00,764.00,77.00,211.00,1.0,-1,-1,-1
232,6,513.00,769.00,107.00,238.00,1.0,-1,-1,-1
232,7,1241.00,818.00,113.00,262.00,1.0,-1,-1,-1
233,0,0.00,0.00,0.00,0.00,1.0,-1,-1,-1
233,1,311.00,1003.00,101.00,77.00,1.0,-1,-1,-1
233,2,511.00,612.00,84.00,197.00,1.0,-1,-1,-1
233,3,500.00,1010.00,90.00,70.00,1.0,-1,-1,-1
233,4,621.00,609.00,78.00,204.00,1.0,-1,-1,-1
233,5,359.00,765.00,223.00,209.00,1.0,-1,-1,-1
233,6,494.00,769.00,125.00,237.00,1.0,-1,-1,-1
233,7,1242.00,822.00,113.00,258.00,1.0,-1,-1,-1
234,0,0.00,0.00,0.00,0.00,1.0,-1,-1,-1
234,1,311.00,1005.00,97.00,75.00,1.0,-1,-1,-1
234,2,512.00,612.00,83.00,192.00,1.0,-1,-1,-1
234,3,499.00,1012.00,88.00,68.00,1.0,-1,-1,-1
234,4,622.00,609.00,77.00,204.00,1.0,-1,-1,-1
234,5,356.00,768.00,81.00,204.00,1.0,-1,-1,-1
234,6,491.00,772.00,128.00,243.00,1.0,-1,-1,-1
234,7,1242.00,824.00,113.00,256.00,1.0,-1,-1,-1
235,0,0.00,0.00,0.00,0.00,1.0,-1,-1,-1
235,1,300.00,1010.00,102.00,70.00,1.0,-1,-1,-1
235,2,511.00,611.00,81.00,186.00,1.0,-1,-1,-1
235,3,496.00,1012.00,89.00,68.00,1.0,-1,-1,-1
235,4,621.00,609.00,78.00,202.00,1.0,-1,-1,-1
235,5,351.00,765.00,81.00,208.00,1.0,-1,-1,-1
235,6,482.00,772.00,134.00,245.00,1.0,-1,-1,-1
235,7,1242.00,823.00,113.00,257.00,1.0,-1,-1,-1
236,0,0.00,0.00,0.00,0.00,1.0,-1,-1,-1
236,1,298.00,1011.00,99.00,69.00,1.0,-1,-1,-1
236,2,511.00,612.00,80.00,189.00,1.0,-1,-1,-1
236,3,494.00,1012.00,89.00,68.00,1.0,-1,-1,-1
236,4,621.00,609.00,79.00,202.00,1.0,-1,-1,-1
236,5,345.00,765.00,207.00,204.00,1.0,-1,-1,-1
236,6,481.00,772.00,131.00,247.00,1.0,-1,-1,-1
236,7,1241.00,824.00,113.00,256.00,1.0,-1,-1,-1
237,0,0.00,0.00,0.00,0.00,1.0,-1,-1,-1
237,1,295.00,1012.00,98.00,68.00,1.0,-1,-1,-1
237,2,511.00,612.00,80.00,174.00,1.0,-1,-1,-1
237,3,493.00,1014.00,86.00,66.00,1.0,-1,-1,-1
237,4,621.00,610.00,80.00,201.00,1.0,-1,-1,-1
237,5,342.00,765.00,74.00,204.00,1.0,-1,-1,-1
237,6,480.00,771.00,122.00,248.00,1.0,-1,-1,-1
237,7,1241.00,824.00,113.00,256.00,1.0,-1,-1,-1
238,0,0.00,0.00,0.00,0.00,1.0,-1,-1,-1
238,1,293.00,1013.00,98.00,67.00,1.0,-1,-1,-1
238,2,511.00,611.00,79.00,200.00,1.0,-1,-1,-1
238,3,492.00,1017.00,83.00,63.00,1.0,-1,-1,-1
238,4,622.00,612.00,79.00,201.00,1.0,-1,-1,-1
238,5,341.00,764.00,68.00,209.00,1.0,-1,-1,-1
238,6,475.00,771.00,115.00,238.00,1.0,-1,-1,-1
238,7,1240.00,825.00,115.00,255.00,1.0,-1,-1,-1
239,0,0.00,0.00,0.00,0.00,1.0,-1,-1,-1
239,1,290.00,1014.00,97.00,66.00,1.0,-1,-1,-1
239,2,509.00,611.00,81.00,201.00,1.0,-1,-1,-1
239,3,494.00,1020.00,69.00,60.00,1.0,-1,-1,-1
239,4,622.00,612.00,80.00,201.00,1.0,-1,-1,-1
239,5,340.00,764.00,53.00,208.00,1.0,-1,-1,-1
239,6,469.00,770.00,107.00,239.00,1.0,-1,-1,-1
239,7,1240.00,824.00,115.00,256.00,1.0,-1,-1,-1
240,0,0.00,0.00,0.00,0.00,1.0,-1,-1,-1
240,1,288.00,1014.00,97.00,66.00,1.0,-1,-1,-1
240,2,508.00,609.00,80.00,202.00,1.0,-1,-1,-1
240,3,496.00,1023.00,64.00,57.00,1.0,-1,-1,-1
240,4,621.00,611.00,82.00,202.00,1.0,-1,-1,-1
240,5,337.00,763.00,53.00,204.00,1.0,-1,-1,-1
240,6,463.00,768.00,98.00,241.00,1.0,-1,-1,-1
240,7,1239.00,822.00,116.00,258.00,1.0,-1,-1,-1
241,0,0.00,0.00,0.00,0.00,1.0,-1,-1,-1
241,1,286.00,1016.00,96.00,64.00,1.0,-1,-1,-1
241,2,506.00,608.00,81.00,200.00,1.0,-1,-1,-1
241,3,507.00,1027.00,47.00,53.00,1.0,-1,-1,-1
241,4,620.00,608.00,82.00,203.00,1.0,-1,-1,-1
241,5,333.00,763.00,54.00,204.00,1.0,-1,-1,-1
241,6,457.00,768.00,78.00,241.00,1.0,-1,-1,-1
241,7,1237.00,822.00,117.00,258.00,1.0,-1,-1,-1
242,0,0.00,0.00,0.00,0.00,1.0,-1,-1,-1
242,1,284.00,1017.00,95.00,63.00,1.0,-1,-1,-1
242,2,504.00,606.00,82.00,196.00,1.0,-1,-1,-1
242,3,507.00,1031.00,46.00,49.00,1.0,-1,-1,-1
242,4,619.00,607.00,83.00,203.00,1.0,-1,-1,-1
242,5,330.00,763.00,54.00,203.00,1.0,-1,-1,-1
242,6,451.00,767.00,77.00,242.00,1.0,-1,-1,-1
242,7,1237.00,823.00,117.00,257.00,1.0,-1,-1,-1
243,0,0.00,0.00,0.00,0.00,1.0,-1,-1,-1
243,1,285.00,1019.00,91.00,61.00,1.0,-1,-1,-1
243,2,504.00,605.00,82.00,195.00,1.0,-1,-1,-1
243,3,507.00,1034.00,47.00,46.00,1.0,-1,-1,-1
243,4,619.00,606.00,83.00,200.00,1.0,-1,-1,-1
243,5,326.00,764.00,56.00,202.00,1.0,-1,-1,-1
243,6,446.00,769.00,77.00,238.00,1.0,-1,-1,-1
243,7,1237.00,825.00,118.00,255.00,1.0,-1,-1,-1
244,0,0.00,0.00,0.00,0.00,1.0,-1,-1,-1
244,1,287.00,1021.00,82.00,59.00,1.0,-1,-1,-1
244,2,501.00,603.00,84.00,198.00,1.0,-1,-1,-1
244,3,506.00,1039.00,47.00,41.00,1.0,-1,-1,-1
244,4,618.00,605.00,85.00,196.00,1.0,-1,-1,-1
244,5,321.00,763.00,61.00,201.00,1.0,-1,-1,-1
244,6,440.00,769.00,83.00,239.00,1.0,-1,-1,-1
244,7,1236.00,827.00,119.00,253.00,1.0,-1,-1,-1
245,0,0.00,0.00,0.00,0.00,1.0,-1,-1,-1
245,1,292.00,1025.00,72.00,55.00,1.0,-1,-1,-1
245,2,500.00,604.00,85.00,197.00,1.0,-1,-1,-1
245,3,505.00,1041.00,47.00,39.00,1.0,-1,-1,-1
245,4,618.00,604.00,85.00,194.00,1.0,-1,-1,-1
245,5,318.00,765.00,48.00,85.00,1.0,-1,-1,-1
245,6,424.00,770.00,99.00,239.00,1.0,-1,-1,-1
245,7,1237.00,832.00,117.00,248.00,1.0,-1,-1,-1
246,0,0.00,0.00,0.00,0.00,1.0,-1,-1,-1
246,1,299.00,1029.00,59.00,51.00,1.0,-1,-1,-1
246,2,499.00,603.00,86.00,197.00,1.0,-1,-1,-1
246,3,503.00,1043.00,48.00,37.00,1.0,-1,-1,-1
246,4,618.00,601.00,84.00,196.00,1.0,-1,-1,-1
246,5,314.00,766.00,45.00,97.00,1.0,-1,-1,-1
246,6,407.00,772.00,117.00,237.00,1.0,-1,-1,-1
246,7,1235.00,834.00,120.00,246.00,1.0,-1,-1,-1
247,0,0.00,0.00,0.00,0.00,1.0,-1,-1,-1
247,1,308.00,1032.00,54.00,48.00,1.0,-1,-1,-1
247,2,498.00,603.00,87.00,197.00,1.0,-1,-1,-1
247,3,502.00,1045.00,47.00,35.00,1.0,-1,-1,-1
247,4,618.00,602.00,84.00,195.00,1.0,-1,-1,-1
247,5,310.00,766.00,44.00,100.00,1.0,-1,-1,-1
247,6,399.00,774.00,125.00,235.00,1.0,-1,-1,-1
247,7,1235.00,836.00,119.00,244.00,1.0,-1,-1,-1
247,8,1097.00,827.00,107.00,253.00,1.0,-1,-1,-1
248,0,0.00,0.00,0.00,0.00,1.0,-1,-1,-1
248,1,310.00,1036.00,46.00,44.00,1.0,-1,-1,-1
248,2,497.00,602.00,88.00,198.00,1.0,-1,-1,-1
248,3,499.00,1045.00,48.00,35.00,1.0,-1,-1,-1
248,4,619.00,602.00,83.00,197.00,1.0,-1,-1,-1
248,5,304.00,765.00,46.00,199.00,1.0,-1,-1,-1
248,6,396.00,775.00,128.00,234.00,1.0,-1,-1,-1
248,7,1233.00,837.00,119.00,243.00,1.0,-1,-1,-1
248,8,1094.00,830.00,110.00,250.00,1.0,-1,-1,-1
249,0,0.00,0.00,0.00,0.00,1.0,-1,-1,-1
249,1,311.00,1040.00,43.00,40.00,1.0,-1,-1,-1
249,2,497.00,602.00,88.00,198.00,1.0,-1,-1,-1
249,3,496.00,1047.00,48.00,33.00,1.0,-1,-1,-1
249,4,619.00,602.00,83.00,198.00,1.0,-1,-1,-1
249,5,300.00,765.00,46.00,203.00,1.0,-1,-1,-1
249,6,392.00,775.00,130.00,234.00,1.0,-1,-1,-1
249,7,1231.00,837.00,120.00,243.00,1.0,-1,-1,-1
249,8,1091.00,830.00,112.00,250.00,1.0,-1,-1,-1
250,0,0.00,0.00,0.00,0.00,1.0,-1,-1,-1
250,1,311.00,1041.00,41.00,39.00,1.0,-1,-1,-1
250,2,497.00,602.00,88.00,198.00,1.0,-1,-1,-1
250,3,492.00,1049.00,48.00,31.00,1.0,-1,-1,-1
250,4,619.00,602.00,82.00,197.00,1.0,-1,-1,-1
250,5,296.00,764.00,47.00,204.00,1.0,-1,-1,-1
250,6,391.00,774.00,130.00,235.00,1.0,-1,-1,-1
250,7,1227.00,837.00,123.00,243.00,1.0,-1,-1,-1
250,8,1087.00,830.00,116.00,250.00,1.0,-1,-1,-1
251,0,0.00,0.00,0.00,0.00,1.0,-1,-1,-1
251,1,310.00,1042.00,40.00,38.00,1.0,-1,-1,-1
251,2,497.00,601.00,88.00,199.00,1.0,-1,-1,-1
251,3,489.00,1051.00,47.00,29.00,1.0,-1,-1,-1
251,4,619.00,601.00,80.00,197.00,1.0,-1,-1,-1
251,5,292.00,763.00,50.00,205.00,1.0,-1,-1,-1
251,6,391.00,772.00,121.00,238.00,1.0,-1,-1,-1
251,7,1226.00,837.00,124.00,243.00,1.0,-1,-1,-1
251,8,1085.00,829.00,117.00,251.00,1.0,-1,-1,-1
252,0,0.00,0.00,0.00,0.00,1.0,-1,-1,-1
252,1,308.00,1045.00,42.00,35.00,1.0,-1,-1,-1
252,2,498.00,600.00,87.00,200.00,1.0,-1,-1,-1
252,3,485.00,1055.00,47.00,25.00,1.0,-1,-1,-1
252,4,619.00,602.00,78.00,197.00,1.0,-1,-1,-1
252,5,288.00,763.00,51.00,206.00,1.0,-1,-1,-1
252,6,384.00,772.00,112.00,237.00,1.0,-1,-1,-1
252,7,1225.00,837.00,124.00,243.00,1.0,-1,-1,-1
252,8,1084.00,830.00,118.00,250.00,1.0,-1,-1,-1
253,0,0.00,0.00,0.00,0.00,1.0,-1,-1,-1
253,1,306.00,1045.00,45.00,35.00,1.0,-1,-1,-1
253,2,498.00,600.00,87.00,200.00,1.0,-1,-1,-1
253,3,479.00,1060.00,49.00,20.00,1.0,-1,-1,-1
253,4,619.00,603.00,77.00,197.00,1.0,-1,-1,-1
253,5,286.00,764.00,48.00,204.00,1.0,-1,-1,-1
253,6,383.00,771.00,97.00,238.00,1.0,-1,-1,-1
253,7,1224.00,839.00,123.00,241.00,1.0,-1,-1,-1
253,8,1082.00,830.00,117.00,250.00,1.0,-1,-1,-1
254,0,0.00,0.00,0.00,0.00,1.0,-1,-1,-1
254,1,301.00,1047.00,51.00,33.00,1.0,-1,-1,-1
254,2,497.00,600.00,87.00,200.00,1.0,-1,-1,-1
254,3,478.00,1066.00,41.00,14.00,1.0,-1,-1,-1
254,4,618.00,603.00,77.00,198.00,1.0,-1,-1,-1
254,5,285.00,764.00,46.00,204.00,1.0,-1,-1,-1
254,6,382.00,769.00,82.00,241.00,1.0,-1,-1,-1
254,7,1224.00,842.00,120.00,238.00,1.0,-1,-1,-1
254,8,1082.00,830.00,115.00,250.00,1.0,-1,-1,-1
255,0,0.00,0.00,0.00,0.00,1.0,-1,-1,-1
255,1,299.00,1050.00,50.00,30.00,1.0,-1,-1,-1
255,2,497.00,599.00,87.00,199.00,1.0,-1,-1,-1
255,3,472.00,1069.00,42.00,11.00,1.0,-1,-1,-1
255,4,619.00,603.00,76.00,198.00,1.0,-1,-1,-1
255,5,280.00,764.00,48.00,211.00,1.0,-1,-1,-1
255,6,380.00,770.00,65.00,242.00,1.0,-1,-1,-1
255,7,1224.00,845.00,116.00,235.00,1.0,-1,-1,-1
255,8,1084.00,832.00,112.00,248.00,1.0,-1,-1,-1
256,0,0.00,0.00,0.00,0.00,1.0,-1,-1,-1
256,1,299.00,1050.00,40.00,30.00,1.0,-1,-1,-1
256,2,498.00,599.00,85.00,194.00,1.0,-1,-1,-1
256,3,472.00,1071.00,28.00,9.00,1.0,-1,-1,-1
256,4,620.00,603.00,74.00,200.00,1.0,-1,-1,-1
256,5,276.00,765.00,47.00,205.00,1.0,-1,-1,-1
256,6,380.00,768.00,57.00,245.00,1.0,-1,-1,-1
256,7,1225.00,848.00,115.00,232.00,1.0,-1,-1,-1
256,8,1084.00,835.00,111.00,245.00,1.0,-1,-1,-1
257,0,0.00,0.00,0.00,0.00,1.0,-1,-1,-1
257,1,298.00,1052.00,36.00,28.00,1.0,-1,-1,-1
257,2,498.00,599.00,84.00,192.00,1.0,-1,-1,-1
257,3,0.00,0.00,0.00,0.00,1.0,-1,-1,-1
257,4,619.00,601.00,71.00,202.00,1.0,-1,-1,-1
257,5,271.00,764.00,49.00,206.00,1.0,-1,-1,-1
257,6,377.00,769.00,54.00,241.00,1.0,-1,-1,-1
257,7,1225.00,852.00,111.00,228.00,1.0,-1,-1,-1
257,8,1084.00,836.00,111.00,244.00,1.0,-1,-1,-1
258,0,0.00,0.00,0.00,0.00,1.0,-1,-1,-1
258,1,297.00,1056.00,33.00,24.00,1.0,-1,-1,-1
258,2,499.00,599.00,83.00,192.00,1.0,-1,-1,-1
258,3,0.00,0.00,0.00,0.00,1.0,-1,-1,-1
258,4,620.00,600.00,70.00,203.00,1.0,-1,-1,-1
258,5,268.00,764.00,49.00,207.00,1.0,-1,-1,-1
258,6,376.00,769.00,50.00,241.00,1.0,-1,-1,-1
258,7,1226.00,854.00,110.00,226.00,1.0,-1,-1,-1
258,8,1085.00,839.00,109.00,241.00,1.0,-1,-1,-1
259,0,0.00,0.00,0.00,0.00,1.0,-1,-1,-1
259,1,291.00,1058.00,32.00,22.00,1.0,-1,-1,-1
259,2,500.00,598.00,81.00,193.00,1.0,-1,-1,-1
259,3,0.00,0.00,0.00,0.00,1.0,-1,-1,-1
259,4,618.00,599.00,72.00,199.00,1.0,-1,-1,-1
259,5,262.00,766.00,53.00,202.00,1.0,-1,-1,-1
259,6,321.00,771.00,105.00,243.00,1.0,-1,-1,-1
259,7,1226.00,857.00,108.00,223.00,1.0,-1,-1,-1
259,8,1083.00,841.00,111.00,239.00,1.0,-1,-1,-1
260,0,0.00,0.00,0.00,0.00,1.0,-1,-1,-1
260,1,287.00,1063.00,33.00,17.00,1.0,-1,-1,-1
260,2,500.00,598.00,80.00,192.00,1.0,-1,-1,-1
260,3,0.00,0.00,0.00,0.00,1.0,-1,-1,-1
260,4,618.00,598.00,69.00,193.00,1.0,-1,-1,-1
260,5,257.00,765.00,56.00,202.00,1.0,-1,-1,-1
260,6,310.00,773.00,116.00,238.00,1.0,-1,-1,-1
260,7,1224.00,857.00,110.00,223.00,1.0,-1,-1,-1
260,8,1081.00,844.00,112.00,236.00,1.0,-1,-1,-1
261,0,0.00,0.00,0.00,0.00,1.0,-1,-1,-1
261,1,280.00,1066.00,30.00,14.00,1.0,-1,-1,-1
261,2,500.00,596.00,79.00,193.00,1.0,-1,-1,-1
261,3,0.00,0.00,0.00,0.00,1.0,-1,-1,-1
261,4,616.00,595.00,71.00,193.00,1.0,-1,-1,-1
261,5,251.00,766.00,38.00,45.00,1.0,-1,-1,-1
261,6,304.00,774.00,122.00,237.00,1.0,-1,-1,-1
261,7,1221.00,857.00,113.00,223.00,1.0,-1,-1,-1
261,8,1077.00,847.00,116.00,233.00,1.0,-1,-1,-1
262,0,0.00,0.00,0.00,0.00,1.0,-1,-1,-1
262,1,276.00,1070.00,31.00,10.00,1.0,-1,-1,-1
262,2,502.00,596.00,76.00,193.00,1.0,-1,-1,-1
262,3,0.00,0.00,0.00,0.00,1.0,-1,-1,-1
262,4,615.00,593.00,71.00,194.00,1.0,-1,-1,-1
262,5,242.00,763.00,39.00,65.00,1.0,-1,-1,-1
262,6,303.00,776.00,121.00,236.00,1.0,-1,-1,-1
262,7,1218.00,857.00,116.00,223.00,1.0,-1,-1,-1
262,8,1076.00,849.00,114.00,231.00,1.0,-1,-1,-1
263,0,0.00,0.00,0.00,0.00,1.0,-1,-1,-1
263,1,273.00,1073.00,31.00,7.00,1.0,-1,-1,-1
263,2,501.00,596.00,75.00,192.00,1.0,-1,-1,-1
263,3,0.00,0.00,0.00,0.00,1.0,-1,-1,-1
263,4,613.00,592.00,73.00,196.00,1.0,-1,-1,-1
263,5,239.00,764.00,40.00,65.00,1.0,-1,-1,-1
263,6,305.00,776.00,115.00,236.00,1.0,-1,-1,-1
263,7,1213.00,857.00,119.00,223.00,1.0,-1,-1,-1
263,8,1075.00,849.00,113.00,231.00,1.0,-1,-1,-1
264,0,0.00,0.00,0.00,0.00,1.0,-1,-1,-1
264,1,270.00,1074.00,31.00,6.00,1.0,-1,-1,-1
264,2,500.00,596.00,74.00,192.00,1.0,-1,-1,-1
264,3,0.00,0.00,0.00,0.00,1.0,-1,-1,-1
264,4,612.00,593.00,74.00,195.00,1.0,-1,-1,-1
264,5,236.00,763.00,40.00,66.00,1.0,-1,-1,-1
264,6,307.00,775.00,65.00,238.00,1.0,-1,-1,-1
264,7,1210.00,857.00,120.00,223.00,1.0,-1,-1,-1
264,8,1074.00,849.00,110.00,231.00,1.0,-1,-1,-1
265,0,0.00,0.00,0.00,0.00,1.0,-1,-1,-1
265,1,268.00,1075.00,40.00,5.00,1.0,-1,-1,-1
265,2,499.00,595.00,75.00,193.00,1.0,-1,-1,-1
265,3,0.00,0.00,0.00,0.00,1.0,-1,-1,-1
265,4,612.00,593.00,74.00,195.00,1.0,-1,-1,-1
265,5,234.00,766.00,39.00,73.00,1.0,-1,-1,-1
265,6,305.00,775.00,62.00,270.00,1.0,-1,-1,-1
265,7,1206.00,858.00,123.00,222.00,1.0,-1,-1,-1
265,8,1073.00,850.00,109.00,230.00,1.0,-1,-1,-1
266,0,0.00,0.00,0.00,0.00,1.0,-1,-1,-1
266,1,262.00,1075.00,42.00,5.00,1.0,-1,-1,-1
266,2,498.00,595.00,74.00,195.00,1.0,-1,-1,-1
266,3,0.00,0.00,0.00,0.00,1.0,-1,-1,-1
266,4,611.00,594.00,73.00,194.00,1.0,-1,-1,-1
266,5,230.00,769.00,40.00,81.00,1.0,-1,-1,-1
266,6,304.00,771.00,58.00,274.00,1.0,-1,-1,-1
266,7,1203.00,860.00,124.00,220.00,1.0,-1,-1,-1
266,8,1073.00,850.00,109.00,230.00,1.0,-1,-1,-1
267,0,0.00,0.00,0.00,0.00,1.0,-1,-1,-1
267,1,261.00,1074.00,44.00,6.00,1.0,-1,-1,-1
267,2,496.00,594.00,75.00,195.00,1.0,-1,-1,-1
267,3,0.00,0.00,0.00,0.00,1.0,-1,-1,-1
267,4,611.00,594.00,73.00,194.00,1.0,-1,-1,-1
267,5,226.00,769.00,42.00,99.00,1.0,-1,-1,-1
267,6,298.00,772.00,59.00,270.00,1.0,-1,-1,-1
267,7,1198.00,861.00,130.00,219.00,1.0,-1,-1,-1
267,8,1072.00,852.00,109.00,228.00,1.0,-1,-1,-1
268,0,0.00,0.00,0.00,0.00,1.0,-1,-1,-1
268,1,264.00,1072.00,45.00,8.00,1.0,-1,-1,-1
268,2,494.00,592.00,76.00,196.00,1.0,-1,-1,-1
268,3,0.00,0.00,0.00,0.00,1.0,-1,-1,-1
268,4,610.00,599.00,72.00,189.00,1.0,-1,-1,-1
268,5,221.00,768.00,42.00,156.00,1.0,-1,-1,-1
268,6,294.00,772.00,67.00,261.00,1.0,-1,-1,-1
268,7,1194.00,862.00,131.00,218.00,1.0,-1,-1,-1
268,8,1071.00,852.00,109.00,228.00,1.0,-1,-1,-1
269,0,0.00,0.00,0.00,0.00,1.0,-1,-1,-1
269,1,0.00,0.00,0.00,0.00,1.0,-1,-1,-1
269,2,490.00,591.00,77.00,190.00,1.0,-1,-1,-1
269,3,0.00,0.00,0.00,0.00,1.0,-1,-1,-1
269,4,608.00,598.00,72.00,189.00,1.0,-1,-1,-1
269,5,215.00,768.00,45.00,161.00,1.0,-1,-1,-1
269,6,296.00,771.00,52.00,253.00,1.0,-1,-1,-1
269,7,1190.00,862.00,133.00,218.00,1.0,-1,-1,-1
269,8,1070.00,853.00,109.00,227.00,1.0,-1,-1,-1
270,0,0.00,0.00,0.00,0.00,1.0,-1,-1,-1
270,1,0.00,0.00,0.00,0.00,1.0,-1,-1,-1
270,2,489.00,592.00,77.00,187.00,1.0,-1,-1,-1
270,3,0.00,0.00,0.00,0.00,1.0,-1,-1,-1
270,4,607.00,595.00,73.00,193.00,1.0,-1,-1,-1
270,5,212.00,767.00,46.00,206.00,1.0,-1,-1,-1
270,6,291.00,770.00,44.00,96.00,1.0,-1,-1,-1
270,7,1187.00,863.00,135.00,217.00,1.0,-1,-1,-1
270,8,1070.00,855.00,109.00,225.00,1.0,-1,-1,-1
271,0,0.00,0.00,0.00,0.00,1.0,-1,-1,-1
271,1,0.00,0.00,0.00,0.00,1.0,-1,-1,-1
271,2,485.00,591.00,79.00,187.00,1.0,-1,-1,-1
271,3,0.00,0.00,0.00,0.00,1.0,-1,-1,-1
271,4,605.00,593.00,74.00,194.00,1.0,-1,-1,-1
271,5,206.00,766.00,52.00,212.00,1.0,-1,-1,-1
271,6,282.00,771.00,45.00,65.00,1.0,-1,-1,-1
271,7,1181.00,865.00,139.00,215.00,1.0,-1,-1,-1
271,8,1067.00,857.00,109.00,223.00,1.0,-1,-1,-1
272,0,0.00,0.00,0.00,0.00,1.0,-1,-1,-1
272,1,0.00,0.00,0.00,0.00,1.0,-1,-1,-1
272,2,482.00,591.00,80.00,187.00,1.0,-1,-1,-1
272,3,0.00,0.00,0.00,0.00,1.0,-1,-1,-1
272,4,603.00,593.00,77.00,193.00,1.0,-1,-1,-1
272,5,196.00,771.00,57.00,204.00,1.0,-1,-1,-1
272,6,278.00,770.00,41.00,32.00,1.0,-1,-1,-1
272,7,1180.00,870.00,139.00,210.00,1.0,-1,-1,-1
272,8,1061.00,861.00,113.00,219.00,1.0,-1,-1,-1
273,0,0.00,0.00,0.00,0.00,1.0,-1,-1,-1
273,1,0.00,0.00,0.00,0.00,1.0,-1,-1,-1
273,2,478.00,591.00,82.00,187.00,1.0,-1,-1,-1
273,3,0.00,0.00,0.00,0.00,1.0,-1,-1,-1
273,4,600.00,589.00,79.00,197.00,1.0,-1,-1,-1
273,5,185.00,769.00,69.00,206.00,1.0,-1,-1,-1
273,6,272.00,771.00,39.00,38.00,1.0,-1,-1,-1
273,7,1176.00,874.00,143.00,206.00,1.0,-1,-1,-1
273,8,1058.00,866.00,113.00,214.00,1.0,-1,-1,-1
274,0,0.00,0.00,0.00,0.00,1.0,-1,-1,-1
274,1,0.00,0.00,0.00,0.00,1.0,-1,-1,-1
274,2,476.00,590.00,83.00,187.00,1.0,-1,-1,-1
274,3,0.00,0.00,0.00,0.00,1.0,-1,-1,-1
274,4,597.00,592.00,80.00,191.00,1.0,-1,-1,-1
274,5,182.00,771.00,61.00,205.00,1.0,-1,-1,-1
274,6,265.00,771.00,38.00,54.00,1.0,-1,-1,-1
274,7,1173.00,875.00,144.00,205.00,1.0,-1,-1,-1
274,8,1059.00,870.00,109.00,210.00,1.0,-1,-1,-1
275,0,0.00,0.00,0.00,0.00,1.0,-1,-1,-1
275,1,0.00,0.00,0.00,0.00,1.0,-1,-1,-1
275,2,475.00,590.00,83.00,188.00,1.0,-1,-1,-1
275,3,0.00,0.00,0.00,0.00,1.0,-1,-1,-1
275,4,595.00,591.00,81.00,188.00,1.0,-1,-1,-1
275,5,181.00,771.00,61.00,206.00,1.0,-1,-1,-1
275,6,250.00,772.00,46.00,79.00,1.0,-1,-1,-1
275,7,1172.00,876.00,144.00,204.00,1.0,-1,-1,-1
275,8,1060.00,871.00,105.00,209.00,1.0,-1,-1,-1
276,0,0.00,0.00,0.00,0.00,1.0,-1,-1,-1
276,1,0.00,0.00,0.00,0.00,1.0,-1,-1,-1
276,2,473.00,591.00,84.00,187.00,1.0,-1,-1,-1
276,3,0.00,0.00,0.00,0.00,1.0,-1,-1,-1
276,4,595.00,590.00,75.00,185.00,1.0,-1,-1,-1
276,5,181.00,772.00,58.00,205.00,1.0,-1,-1,-1
276,6,247.00,773.00,46.00,81.00,1.0,-1,-1,-1
276,7,1172.00,877.00,143.00,203.00,1.0,-1,-1,-1
276,8,1056.00,875.00,104.00,205.00,1.0,-1,-1,-1
277,0,0.00,0.00,0.00,0.00,1.0,-1,-1,-1
277,1,0.00,0.00,0.00,0.00,1.0,-1,-1,-1
277,2,471.00,590.00,85.00,188.00,1.0,-1,-1,-1
277,3,0.00,0.00,0.00,0.00,1.0,-1,-1,-1
277,4,593.00,589.00,75.00,186.00,1.0,-1,-1,-1
277,5,181.00,771.00,56.00,206.00,1.0,-1,-1,-1
277,6,218.00,773.00,69.00,225.00,1.0,-1,-1,-1
277,7,1172.00,878.00,140.00,202.00,1.0,-1,-1,-1
277,8,1052.00,876.00,106.00,204.00,1.0,-1,-1,-1
278,0,0.00,0.00,0.00,0.00,1.0,-1,-1,-1
278,1,0.00,0.00,0.00,0.00,1.0,-1,-1,-1
278,2,470.00,589.00,86.00,189.00,1.0,-1,-1,-1
278,3,0.00,0.00,0.00,0.00,1.0,-1,-1,-1
278,4,593.00,589.00,76.00,186.00,1.0,-1,-1,-1
278,5,180.00,769.00,52.00,205.00,1.0,-1,-1,-1
278,6,190.00,775.00,93.00,232.00,1.0,-1,-1,-1
278,7,1172.00,882.00,135.00,198.00,1.0,-1,-1,-1
278,8,1051.00,875.00,104.00,205.00,1.0,-1,-1,-1
279,0,0.00,0.00,0.00,0.00,1.0,-1,-1,-1
279,1,0.00,0.00,0.00,0.00,1.0,-1,-1,-1
279,2,470.00,590.00,85.00,189.00,1.0,-1,-1,-1
279,3,0.00,0.00,0.00,0.00,1.0,-1,-1,-1
279,4,591.00,591.00,77.00,185.00,1.0,-1,-1,-1
279,5,179.00,766.00,52.00,208.00,1.0,-1,-1,-1
279,6,189.00,775.00,89.00,233.00,1.0,-1,-1,-1
279,7,1173.00,886.00,130.00,194.00,1.0,-1,-1,-1
279,8,1047.00,875.00,106.00,205.00,1.0,-1,-1,-1
280,0,0.00,0.00,0.00,0.00,1.0,-1,-1,-1
280,1,0.00,0.00,0.00,0.00,1.0,-1,-1,-1
280,2,470.00,590.00,84.00,188.00,1.0,-1,-1,-1
280,3,0.00,0.00,0.00,0.00,1.0,-1,-1,-1
280,4,591.00,592.00,75.00,184.00,1.0,-1,-1,-1
280,5,180.00,766.00,47.00,208.00,1.0,-1,-1,-1
280,6,188.00,774.00,85.00,234.00,1.0,-1,-1,-1
280,7,1171.00,889.00,128.00,191.00,1.0,-1,-1,-1
280,8,1045.00,876.00,106.00,204.00,1.0,-1,-1,-1
281,0,0.00,0.00,0.00,0.00,1.0,-1,-1,-1
281,1,0.00,0.00,0.00,0.00,1.0,-1,-1,-1
281,2,471.00,589.00,83.00,187.00,1.0,-1,-1,-1
281,3,0.00,0.00,0.00,0.00,1.0,-1,-1,-1
281,4,590.00,595.00,75.00,181.00,1.0,-1,-1,-1
281,5,180.00,766.00,42.00,208.00,1.0,-1,-1,-1
281,6,189.00,770.00,79.00,238.00,1.0,-1,-1,-1
281,7,1171.00,893.00,126.00,187.00,1.0,-1,-1,-1
281,8,1041.00,877.00,108.00,203.00,1.0,-1,-1,-1
282,0,0.00,0.00,0.00,0.00,1.0,-1,-1,-1
282,1,0.00,0.00,0.00,0.00,1.0,-1,-1,-1
282,2,471.00,589.00,81.00,186.00,1.0,-1,-1,-1
282,3,0.00,0.00,0.00,0.00,1.0,-1,-1,-1
282,4,589.00,594.00,76.00,182.00,1.0,-1,-1,-1
282,5,178.00,765.00,44.00,211.00,1.0,-1,-1,-1
282,6,189.00,770.00,79.00,238.00,1.0,-1,-1,-1
282,7,1168.00,897.00,125.00,183.00,1.0,-1,-1,-1
282,8,1039.00,877.00,108.00,203.00,1.0,-1,-1,-1
283,0,0.00,0.00,0.00,0.00,1.0,-1,-1,-1
283,1,0.00,0.00,0.00,0.00,1.0,-1,-1,-1
283,2,471.00,585.00,80.00,188.00,1.0,-1,-1,-1
283,3,0.00,0.00,0.00,0.00,1.0,-1,-1,-1
283,4,588.00,594.00,76.00,182.00,1.0,-1,-1,-1
283,5,174.00,764.00,43.00,214.00,1.0,-1,-1,-1
283,6,188.00,769.00,78.00,240.00,1.0,-1,-1,-1
283,7,1166.00,902.00,124.00,178.00,1.0,-1,-1,-1
283,8,1035.00,879.00,109.00,201.00,1.0,-1,-1,-1
284,0,0.00,0.00,0.00,0.00,1.0,-1,-1,-1
284,1,0.00,0.00,0.00,0.00,1.0,-1,-1,-1
284,2,471.00,586.00,78.00,187.00,1.0,-1,-1,-1
284,3,0.00,0.00,0.00,0.00,1.0,-1,-1,-1
284,4,587.00,594.00,74.00,182.00,1.0,-1,-1,-1
284,5,172.00,763.00,42.00,216.00,1.0,-1,-1,-1
284,6,183.00,769.00,83.00,242.00,1.0,-1,-1,-1
284,7,1163.00,903.00,122.00,177.00,1.0,-1,-1,-1
284,8,1033.00,883.00,109.00,197.00,1.0,-1,-1,-1
285,0,0.00,0.00,0.00,0.00,1.0,-1,-1,-1
285,1,0.00,0.00,0.00,0.00,1.0,-1,-1,-1
285,2,471.00,584.00,76.00,186.00,1.0,-1,-1,-1
285,3,0.00,0.00,0.00,0.00,1.0,-1,-1,-1
285,4,587.00,593.00,72.00,183.00,1.0,-1,-1,-1
285,5,168.00,765.00,47.00,213.00,1.0,-1,-1,-1
285,6,190.00,769.00,75.00,246.00,1.0,-1,-1,-1
285,7,1161.00,904.00,120.00,176.00,1.0,-1,-1,-1
285,8,1030.00,886.00,110.00,194.00,1.0,-1,-1,-1
286,0,0.00,0.00,0.00,0.00,1.0,-1,-1,-1
286,1,0.00,0.00,0.00,0.00,1.0,-1,-1,-1
286,2,473.00,583.00,73.00,184.00,1.0,-1,-1,-1
286,3,0.00,0.00,0.00,0.00,1.0,-1,-1,-1
286,4,587.00,592.00,71.00,184.00,1.0,-1,-1,-1
286,5,166.00,764.00,48.00,214.00,1.0,-1,-1,-1
286,6,190.00,769.00,77.00,248.00,1.0,-1,-1,-1
286,7,1159.00,904.00,120.00,176.00,1.0,-1,-1,-1
286,8,1029.00,891.00,110.00,189.00,1.0,-1,-1,-1
287,0,0.00,0.00,0.00,0.00,1.0,-1,-1,-1
287,1,0.00,0.00,0.00,0.00,1.0,-1,-1,-1
287,2,474.00,582.00,70.00,185.00,1.0,-1,-1,-1
287,3,0.00,0.00,0.00,0.00,1.0,-1,-1,-1
287,4,586.00,591.00,71.00,184.00,1.0,-1,-1,-1
287,5,160.00,764.00,53.00,214.00,1.0,-1,-1,-1
287,6,179.00,768.00,85.00,249.00,1.0,-1,-1,-1
287,7,1156.00,904.00,121.00,176.00,1.0,-1,-1,-1
287,8,1027.00,895.00,109.00,185.00,1.0,-1,-1,-1
288,0,0.00,0.00,0.00,0.00,1.0,-1,-1,-1
288,1,0.00,0.00,0.00,0.00,1.0,-1,-1,-1
288,2,474.00,582.00,67.00,186.00,1.0,-1,-1,-1
288,3,0.00,0.00,0.00,0.00,1.0,-1,-1,-1
288,4,586.00,589.00,66.00,186.00,1.0,-1,-1,-1
288,5,159.00,763.00,50.00,215.00,1.0,-1,-1,-1
288,6,176.00,768.00,88.00,249.00,1.0,-1,-1,-1
288,7,1154.00,904.00,122.00,176.00,1.0,-1,-1,-1
288,8,1026.00,896.00,109.00,184.00,1.0,-1,-1,-1
289,0,0.00,0.00,0.00,0.00,1.0,-1,-1,-1
289,1,0.00,0.00,0.00,0.00,1.0,-1,-1,-1
289,2,473.00,582.00,68.00,186.00,1.0,-1,-1,-1
289,3,0.00,0.00,0.00,0.00,1.0,-1,-1,-1
289,4,584.00,588.00,67.00,186.00,1.0,-1,-1,-1
289,5,157.00,763.00,50.00,215.00,1.0,-1,-1,-1
289,6,177.00,768.00,86.00,249.00,1.0,-1,-1,-1
289,7,1152.00,904.00,122.00,176.00,1.0,-1,-1,-1
289,8,1024.00,898.00,109.00,182.00,1.0,-1,-1,-1
290,0,0.00,0.00,0.00,0.00,1.0,-1,-1,-1
290,1,0.00,0.00,0.00,0.00,1.0,-1,-1,-1
290,2,472.00,582.00,67.00,184.00,1.0,-1,-1,-1
290,3,0.00,0.00,0.00,0.00,1.0,-1,-1,-1
290,4,584.00,589.00,66.00,183.00,1.0,-1,-1,-1
290,5,155.00,762.00,53.00,217.00,1.0,-1,-1,-1
290,6,175.00,768.00,88.00,249.00,1.0,-1,-1,-1
290,7,1151.00,905.00,122.00,175.00,1.0,-1,-1,-1
290,8,1025.00,900.00,107.00,180.00,1.0,-1,-1,-1
291,0,0.00,0.00,0.00,0.00,1.0,-1,-1,-1
291,1,0.00,0.00,0.00,0.00,1.0,-1,-1,-1
291,2,470.00,583.00,69.00,183.00,1.0,-1,-1,-1
291,3,0.00,0.00,0.00,0.00,1.0,-1,-1,-1
291,4,583.00,589.00,64.00,182.00,1.0,-1,-1,-1
291,5,155.00,763.00,52.00,216.00,1.0,-1,-1,-1
291,6,178.00,768.00,89.00,251.00,1.0,-1,-1,-1
291,7,1151.00,907.00,122.00,173.00,1.0,-1,-1,-1
291,8,1025.00,901.00,106.00,179.00,1.0,-1,-1,-1
292,0,0.00,0.00,0.00,0.00,1.0,-1,-1,-1
292,1,0.00,0.00,0.00,0.00,1.0,-1,-1,-1
292,2,469.00,585.00,64.00,182.00,1.0,-1,-1,-1
292,3,0.00,0.00,0.00,0.00,1.0,-1,-1,-1
292,4,581.00,586.00,70.00,182.00,1.0,-1,-1,-1
292,5,156.00,763.00,46.00,217.00,1.0,-1,-1,-1
292,6,177.00,768.00,88.00,251.00,1.0,-1,-1,-1
292,7,1148.00,911.00,124.00,169.00,1.0,-1,-1,-1
292,8,1023.00,902.00,107.00,178.00,1.0,-1,-1,-1
293,0,0.00,0.00,0.00,0.00,1.0,-1,-1,-1
293,1,0.00,0.00,0.00,0.00,1.0,-1,-1,-1
293,2,468.00,584.00,64.00,184.00,1.0,-1,-1,-1
293,3,0.00,0.00,0.00,0.00,1.0,-1,-1,-1
293,4,580.00,587.00,71.00,181.00,1.0,-1,-1,-1
293,5,156.00,764.00,46.00,216.00,1.0,-1,-1,-1
293,6,176.00,769.00,87.00,250.00,1.0,-1,-1,-1
293,7,1148.00,916.00,124.00,164.00,1.0,-1,-1,-1
293,8,1022.00,903.00,109.00,177.00,1.0,-1,-1,-1
293,9,653.00,613.00,64.00,177.00,1.0,-1,-1,-1
294,0,0.00,0.00,0.00,0.00,1.0,-1,-1,-1
294,1,0.00,0.00,0.00,0.00,1.0,-1,-1,-1
294,2,467.00,584.00,63.00,184.00,1.0,-1,-1,-1
294,3,0.00,0.00,0.00,0.00,1.0,-1,-1,-1
294,4,577.00,583.00,66.00,184.00,1.0,-1,-1,-1
294,5,156.00,763.00,46.00,217.00,1.0,-1,-1,-1
294,6,176.00,769.00,87.00,250.00,1.0,-1,-1,-1
294,7,1147.00,921.00,123.00,159.00,1.0,-1,-1,-1
294,8,1021.00,903.00,110.00,177.00,1.0,-1,-1,-1
294,9,653.00,613.00,61.00,177.00,1.0,-1,-1,-1
295,0,0.00,0.00,0.00,0.00,1.0,-1,-1,-1
295,1,0.00,0.00,0.00,0.00,1.0,-1,-1,-1
295,2,461.00,584.00,67.00,184.00,1.0,-1,-1,-1
295,3,0.00,0.00,0.00,0.00,1.0,-1,-1,-1
295,4,575.00,582.00,65.00,185.00,1.0,-1,-1,-1
295,5,155.00,765.00,44.00,215.00,1.0,-1,-1,-1
295,6,176.00,769.00,86.00,251.00,1.0,-1,-1,-1
295,7,1144.00,923.00,125.00,157.00,1.0,-1,-1,-1
295,8,1020.00,905.00,110.00,175.00,1.0,-1,-1,-1
295,9,654.00,614.00,54.00,175.00,1.0,-1,-1,-1
296,0,0.00,0.00,0.00,0.00,1.0,-1,-1,-1
296,1,0.00,0.00,0.00,0.00,1.0,-1,-1,-1
296,2,459.00,582.00,67.00,183.00,1.0,-1,-1,-1
296,3,0.00,0.00,0.00,0.00,1.0,-1,-1,-1
296,4,574.00,581.00,67.00,187.00,1.0,-1,-1,-1
296,5,156.00,762.00,46.00,218.00,1.0,-1,-1,-1
296,6,175.00,769.00,92.00,250.00,1.0,-1,-1,-1
296,7,1144.00,926.00,125.00,154.00,1.0,-1,-1,-1
296,8,1020.00,906.00,110.00,174.00,1.0,-1,-1,-1
296,9,655.00,612.00,48.00,176.00,1.0,-1,-1,-1
297,0,0.00,0.00,0.00,0.00,1.0,-1,-1,-1
297,1,0.00,0.00,0.00,0.00,1.0,-1,-1,-1
297,2,456.00,580.00,69.00,179.00,1.0,-1,-1,-1
297,3,0.00,0.00,0.00,0.00,1.0,-1,-1,-1
297,4,573.00,579.00,68.00,189.00,1.0,-1,-1,-1
297,5,156.00,764.00,44.00,216.00,1.0,-1,-1,-1
297,6,173.00,769.00,93.00,250.00,1.0,-1,-1,-1
297,7,1143.00,927.00,125.00,153.00,1.0,-1,-1,-1
297,8,1019.00,908.00,110.00,172.00,1.0,-1,-1,-1
297,9,652.00,611.00,49.00,174.00,1.0,-1,-1,-1
298,0,0.00,0.00,0.00,0.00,1.0,-1,-1,-1
298,1,0.00,0.00,0.00,0.00,1.0,-1,-1,-1
298,2,452.00,579.00,71.00,179.00,1.0,-1,-1,-1
298,3,0.00,0.00,0.00,0.00,1.0,-1,-1,-1
298,4,572.00,580.00,67.00,188.00,1.0,-1,-1,-1
298,5,157.00,765.00,45.00,215.00,1.0,-1,-1,-1
298,6,161.00,768.00,80.00,252.00,1.0,-1,-1,-1
298,7,1142.00,928.00,125.00,152.00,1.0,-1,-1,-1
298,8,1017.00,910.00,111.00,170.00,1.0,-1,-1,-1
298,9,647.00,608.00,51.00,177.00,1.0,-1,-1,-1
299,0,0.00,0.00,0.00,0.00,1.0,-1,-1,-1
299,1,0.00,0.00,0.00,0.00,1.0,-1,-1,-1
299,2,450.00,578.00,72.00,179.00,1.0,-1,-1,-1
299,3,0.00,0.00,0.00,0.00,1.0,-1,-1,-1
299,4,569.00,581.00,69.00,187.00,1.0,-1,-1,-1
299,5,158.00,763.00,44.00,217.00,1.0,-1,-1,-1
299,6,161.00,768.00,82.00,251.00,1.0,-1,-1,-1
299,7,1140.00,928.00,127.00,152.00,1.0,-1,-1,-1
299,8,1016.00,915.00,110.00,165.00,1.0,-1,-1,-1
299,9,643.00,609.00,53.00,176.00,1.0,-1,-1,-1
300,0,0.00,0.00,0.00,0.00,1.0,-1,-1,-1
300,1,0.00,0.00,0.00,0.00,1.0,-1,-1,-1
300,2,449.00,577.00,72.00,181.00,1.0,-1,-1,-1
300,3,0.00,0.00,0.00,0.00,1.0,-1,-1,-1
300,4,567.00,581.00,68.00,187.00,1.0,-1,-1,-1
300,5,160.00,763.00,42.00,218.00,1.0,-1,-1,-1
300,6,165.00,768.00,79.00,251.00,1.0,-1,-1,-1
300,7,1139.00,928.00,128.00,152.00,1.0,-1,-1,-1
300,8,1015.00,918.00,109.00,162.00,1.0,-1,-1,-1
300,9,640.00,608.00,51.00,177.00,1.0,-1,-1,-1
301,0,0.00,0.00,0.00,0.00,1.0,-1,-1,-1
301,1,0.00,0.00,0.00,0.00,1.0,-1,-1,-1
301,2,450.00,576.00,70.00,182.00,1.0,-1,-1,-1
301,3,0.00,0.00,0.00,0.00,1.0,-1,-1,-1
301,4,568.00,583.00,66.00,185.00,1.0,-1,-1,-1
301,5,161.00,764.00,40.00,216.00,1.0,-1,-1,-1
301,6,168.00,768.00,76.00,251.00,1.0,-1,-1,-1
301,7,1138.00,928.00,129.00,152.00,1.0,-1,-1,-1
301,8,1014.00,921.00,107.00,159.00,1.0,-1,-1,-1
301,9,636.00,608.00,52.00,177.00,1.0,-1,-1,-1
301,10,1285.00,933.00,112.00,147.00,1.0,-1,-1,-1
302,0,0.00,0.00,0.00,0.00,1.0,-1,-1,-1
302,1,0.00,0.00,0.00,0.00,1.0,-1,-1,-1
302,2,450.00,576.00,70.00,183.00,1.0,-1,-1,-1
302,3,0.00,0.00,0.00,0.00,1.0,-1,-1,-1
302,4,569.00,583.00,63.00,185.00,1.0,-1,-1,-1
302,5,163.00,763.00,38.00,218.00,1.0,-1,-1,-1
302,6,168.00,768.00,74.00,251.00,1.0,-1,-1,-1
302,7,1137.00,930.00,129.00,150.00,1.0,-1,-1,-1
302,8,1010.00,926.00,109.00,154.00,1.0,-1,-1,-1
302,9,621.00,608.00,63.00,177.00,1.0,-1,-1,-1
302,10,1284.00,938.00,112.00,142.00,1.0,-1,-1,-1
303,0,0.00,0.00,0.00,0.00,1.0,-1,-1,-1
303,1,0.00,0.00,0.00,0.00,1.0,-1,-1,-1
303,2,453.00,576.00,66.00,183.00,1.0,-1,-1,-1
303,3,0.00,0.00,0.00,0.00,1.0,-1,-1,-1
303,4,567.00,583.00,64.00,185.00,1.0,-1,-1,-1
303,5,163.00,765.00,38.00,216.00,1.0,-1,-1,-1
303,6,177.00,769.00,64.00,250.00,1.0,-1,-1,-1
303,7,1136.00,934.00,130.00,146.00,1.0,-1,-1,-1
303,8,1008.00,928.00,108.00,152.00,1.0,-1,-1,-1
303,9,615.00,609.00,66.00,176.00,1.0,-1,-1,-1
303,10,1284.00,942.00,111.00,138.00,1.0,-1,-1,-1
304,0,0.00,0.00,0.00,0.00,1.0,-1,-1,-1
304,1,0.00,0.00,0.00,0.00,1.0,-1,-1,-1
304,2,451.00,576.00,67.00,182.00,1.0,-1,-1,-1
304,3,0.00,0.00,0.00,0.00,1.0,-1,-1,-1
304,4,565.00,582.00,64.00,176.00,1.0,-1,-1,-1
304,5,166.00,764.00,36.00,217.00,1.0,-1,-1,-1
304,6,179.00,768.00,62.00,251.00,1.0,-1,-1,-1
304,7,1137.00,937.00,129.00,143.00,1.0,-1,-1,-1
304,8,1003.00,931.00,110.00,149.00,1.0,-1,-1,-1
304,9,604.00,609.00,77.00,176.00,1.0,-1,-1,-1
304,10,1282.00,946.00,111.00,134.00,1.0,-1,-1,-1
305,0,0.00,0.00,0.00,0.00,1.0,-1,-1,-1
305,1,0.00,0.00,0.00,0.00,1.0,-1,-1,-1
305,2,449.00,577.00,66.00,183.00,1.0,-1,-1,-1
305,3,0.00,0.00,0.00,0.00,1.0,-1,-1,-1
305,4,563.00,583.00,64.00,176.00,1.0,-1,-1,-1
305,5,166.00,766.00,41.00,216.00,1.0,-1,-1,-1
305,6,180.00,769.00,60.00,251.00,1.0,-1,-1,-1
305,7,1136.00,941.00,129.00,139.00,1.0,-1,-1,-1
305,8,999.00,932.00,111.00,148.00,1.0,-1,-1,-1
305,9,601.00,610.00,80.00,175.00,1.0,-1,-1,-1
305,10,1280.00,949.00,111.00,131.00,1.0,-1,-1,-1
306,0,0.00,0.00,0.00,0.00,1.0,-1,-1,-1
306,1,0.00,0.00,0.00,0.00,1.0,-1,-1,-1
306,2,449.00,577.00,65.00,182.00,1.0,-1,-1,-1
306,3,0.00,0.00,0.00,0.00,1.0,-1,-1,-1
306,4,560.00,581.00,62.00,179.00,1.0,-1,-1,-1
306,5,166.00,766.00,41.00,216.00,1.0,-1,-1,-1
306,6,179.00,769.00,61.00,251.00,1.0,-1,-1,-1
306,7,1136.00,946.00,127.00,134.00,1.0,-1,-1,-1
306,8,995.00,931.00,111.00,149.00,1.0,-1,-1,-1
306,9,600.00,611.00,80.00,174.00,1.0,-1,-1,-1
306,10,1279.00,953.00,108.00,127.00,1.0,-1,-1,-1
307,0,0.00,0.00,0.00,0.00,1.0,-1,-1,-1
307,1,0.00,0.00,0.00,0.00,1.0,-1,-1,-1
307,2,448.00,578.00,64.00,181.00,1.0,-1,-1,-1
307,3,0.00,0.00,0.00,0.00,1.0,-1,-1,-1
307,4,558.00,579.00,63.00,180.00,1.0,-1,-1,-1
307,5,166.00,766.00,37.00,217.00,1.0,-1,-1,-1
307,6,181.00,770.00,60.00,251.00,1.0,-1,-1,-1
307,7,1136.00,950.00,124.00,130.00,1.0,-1,-1,-1
307,8,993.00,932.00,111.00,148.00,1.0,-1,-1,-1
307,9,599.00,612.00,80.00,173.00,1.0,-1,-1,-1
307,10,1278.00,955.00,108.00,125.00,1.0,-1,-1,-1
308,0,0.00,0.00,0.00,0.00,1.0,-1,-1,-1
308,1,0.00,0.00,0.00,0.00,1.0,-1,-1,-1
308,2,447.00,578.00,64.00,180.00,1.0,-1,-1,-1
308,3,0.00,0.00,0.00,0.00,1.0,-1,-1,-1
308,4,556.00,579.00,61.00,182.00,1.0,-1,-1,-1
308,5,167.00,766.00,39.00,217.00,1.0,-1,-1,-1
308,6,182.00,770.00,60.00,252.00,1.0,-1,-1,-1
308,7,1136.00,954.00,121.00,126.00,1.0,-1,-1,-1
308,8,988.00,932.00,113.00,148.00,1.0,-1,-1,-1
308,9,599.00,611.00,78.00,174.00,1.0,-1,-1,-1
308,10,1276.00,958.00,107.00,122.00,1.0,-1,-1,-1
309,0,0.00,0.00,0.00,0.00,1.0,-1,-1,-1
309,1,0.00,0.00,0.00,0.00,1.0,-1,-1,-1
309,2,446.00,578.00,63.00,176.00,1.0,-1,-1,-1
309,3,0.00,0.00,0.00,0.00,1.0,-1,-1,-1
309,4,554.00,577.00,61.00,184.00,1.0,-1,-1,-1
309,5,166.00,767.00,41.00,215.00,1.0,-1,-1,-1
309,6,183.00,770.00,60.00,254.00,1.0,-1,-1,-1
309,7,1135.00,956.00,118.00,124.00,1.0,-1,-1,-1
309,8,985.00,933.00,113.00,147.00,1.0,-1,-1,-1
309,9,599.00,609.00,73.00,176.00,1.0,-1,-1,-1
309,10,1273.00,959.00,107.00,121.00,1.0,-1,-1,-1
310,0,0.00,0.00,0.00,0.00,1.0,-1,-1,-1
310,1,0.00,0.00,0.00,0.00,1.0,-1,-1,-1
310,2,446.00,577.00,62.00,176.00,1.0,-1,-1,-1
310,3,0.00,0.00,0.00,0.00,1.0,-1,-1,-1
310,4,554.00,576.00,59.00,185.00,1.0,-1,-1,-1
310,5,167.00,768.00,43.00,214.00,1.0,-1,-1,-1
310,6,183.00,770.00,61.00,254.00,1.0,-1,-1,-1
310,7,1133.00,956.00,118.00,124.00,1.0,-1,-1,-1
310,8,983.00,934.00,113.00,146.00,1.0,-1,-1,-1
310,9,600.00,608.00,67.00,176.00,1.0,-1,-1,-1
310,10,1271.00,959.00,108.00,121.00,1.0,-1,-1,-1
311,0,0.00,0.00,0.00,0.00,1.0,-1,-1,-1
311,1,0.00,0.00,0.00,0.00,1.0,-1,-1,-1
311,2,446.00,576.00,61.00,174.00,1.0,-1,-1,-1
311,3,0.00,0.00,0.00,0.00,1.0,-1,-1,-1
311,4,553.00,575.00,57.00,184.00,1.0,-1,-1,-1
311,5,167.00,767.00,45.00,215.00,1.0,-1,-1,-1
311,6,185.00,770.00,59.00,254.00,1.0,-1,-1,-1
311,7,1131.00,957.00,117.00,123.00,1.0,-1,-1,-1
311,8,980.00,936.00,114.00,144.00,1.0,-1,-1,-1
311,9,601.00,608.00,60.00,175.00,1.0,-1,-1,-1
311,10,1269.00,960.00,110.00,120.00,1.0,-1,-1,-1
312,0,0.00,0.00,0.00,0.00,1.0,-1,-1,-1
312,1,0.00,0.00,0.00,0.00,1.0,-1,-1,-1
312,2,447.00,575.00,60.00,177.00,1.0,-1,-1,-1
312,3,0.00,0.00,0.00,0.00,1.0,-1,-1,-1
312,4,551.00,575.00,57.00,185.00,1.0,-1,-1,-1
312,5,169.00,768.00,44.00,214.00,1.0,-1,-1,-1
312,6,186.00,772.00,59.00,252.00,1.0,-1,-1,-1
312,7,1130.00,957.00,116.00,123.00,1.0,-1,-1,-1
312,8,978.00,939.00,114.00,141.00,1.0,-1,-1,-1
312,9,602.00,608.00,52.00,175.00,1.0,-1,-1,-1
312,10,1268.00,960.00,111.00,120.00,1.0,-1,-1,-1
313,0,0.00,0.00,0.00,0.00,1.0,-1,-1,-1
313,1,0.00,0.00,0.00,0.00,1.0,-1,-1,-1
313,2,447.00,575.00,58.00,178.00,1.0,-1,-1,-1
313,3,0.00,0.00,0.00,0.00,1.0,-1,-1,-1
313,4,551.00,575.00,58.00,185.00,1.0,-1,-1,-1
313,5,170.00,767.00,52.00,216.00,1.0,-1,-1,-1
313,6,184.00,771.00,63.00,254.00,1.0,-1,-1,-1
313,7,1128.00,957.00,116.00,123.00,1.0,-1,-1,-1
313,8,975.00,944.00,116.00,136.00,1.0,-1,-1,-1
313,9,601.00,608.00,51.00,175.00,1.0,-1,-1,-1
313,10,1266.00,962.00,113.00,118.00,1.0,-1,-1,-1
314,0,0.00,0.00,0.00,0.00,1.0,-1,-1,-1
314,1,0.00,0.00,0.00,0.00,1.0,-1,-1,-1
314,2,449.00,575.00,56.00,177.00,1.0,-1,-1,-1
314,3,0.00,0.00,0.00,0.00,1.0,-1,-1,-1
314,4,549.00,575.00,58.00,185.00,1.0,-1,-1,-1
314,5,172.00,769.00,50.00,213.00,1.0,-1,-1,-1
314,6,175.00,772.00,74.00,253.00,1.0,-1,-1,-1
314,7,1126.00,958.00,117.00,122.00,1.0,-1,-1,-1
314,8,973.00,948.00,116.00,132.00,1.0,-1,-1,-1
314,9,597.00,609.00,54.00,174.00,1.0,-1,-1,-1
314,10,1265.00,964.00,115.00,116.00,1.0,-1,-1,-1
315,0,0.00,0.00,0.00,0.00,1.0,-1,-1,-1
315,1,0.00,0.00,0.00,0.00,1.0,-1,-1,-1
315,2,450.00,575.00,53.00,177.00,1.0,-1,-1,-1
315,3,0.00,0.00,0.00,0.00,1.0,-1,-1,-1
315,4,550.00,575.00,55.00,185.00,1.0,-1,-1,-1
315,5,171.00,768.00,51.00,214.00,1.0,-1,-1,-1
315,6,176.00,773.00,75.00,254.00,1.0,-1,-1,-1
315,7,1124.00,959.00,119.00,121.00,1.0,-1,-1,-1
315,8,971.00,953.00,117.00,127.00,1.0,-1,-1,-1
315,9,579.00,608.00,70.00,176.00,1.0,-1,-1,-1
315,10,1266.00,967.00,116.00,113.00,1.0,-1,-1,-1
316,0,0.00,0.00,0.00,0.00,1.0,-1,-1,-1
316,1,0.00,0.00,0.00,0.00,1.0,-1,-1,-1
316,2,452.00,575.00,50.00,177.00,1.0,-1,-1,-1
316,3,0.00,0.00,0.00,0.00,1.0,-1,-1,-1
316,4,548.00,576.00,53.00,185.00,1.0,-1,-1,-1
316,5,173.00,767.00,52.00,216.00,1.0,-1,-1,-1
316,6,176.00,772.00,75.00,255.00,1.0,-1,-1,-1
316,7,1121.00,961.00,121.00,119.00,1.0,-1,-1,-1
316,8,971.00,958.00,114.00,122.00,1.0,-1,-1,-1
316,9,572.00,608.00,75.00,176.00,1.0,-1,-1,-1
316,10,1267.00,971.00,115.00,109.00,1.0,-1,-1,-1
317,0,0.00,0.00,0.00,0.00,1.0,-1,-1,-1
317,1,0.00,0.00,0.00,0.00,1.0,-1,-1,-1
317,2,453.00,576.00,47.00,176.00,1.0,-1,-1,-1
317,3,0.00,0.00,0.00,0.00,1.0,-1,-1,-1
317,4,547.00,576.00,52.00,184.00,1.0,-1,-1,-1
317,5,174.00,768.00,43.00,214.00,1.0,-1,-1,-1
317,6,176.00,771.00,77.00,258.00,1.0,-1,-1,-1
317,7,1119.00,965.00,122.00,115.00,1.0,-1,-1,-1
317,8,970.00,959.00,114.00,121.00,1.0,-1,-1,-1
317,9,569.00,608.00,76.00,176.00,1.0,-1,-1,-1
317,10,1266.00,976.00,114.00,104.00,1.0,-1,-1,-1
318,0,0.00,0.00,0.00,0.00,1.0,-1,-1,-1
318,1,0.00,0.00,0.00,0.00,1.0,-1,-1,-1
318,2,453.00,582.00,46.00,171.00,1.0,-1,-1,-1
318,3,0.00,0.00,0.00,0.00,1.0,-1,-1,-1
318,4,546.00,575.00,50.00,179.00,1.0,-1,-1,-1
318,5,175.00,767.00,54.00,216.00,1.0,-1,-1,-1
318,6,177.00,769.00,79.00,260.00,1.0,-1,-1,-1
318,7,1119.00,969.00,122.00,111.00,1.0,-1,-1,-1
318,8,969.00,960.00,113.00,120.00,1.0,-1,-1,-1
318,9,564.00,609.00,78.00,175.00,1.0,-1,-1,-1
318,10,1267.00,980.00,112.00,100.00,1.0,-1,-1,-1
319,0,0.00,0.00,0.00,0.00,1.0,-1,-1,-1
319,1,0.00,0.00,0.00,0.00,1.0,-1,-1,-1
319,2,453.00,584.00,44.00,166.00,1.0,-1,-1,-1
319,3,0.00,0.00,0.00,0.00,1.0,-1,-1,-1
319,4,544.00,574.00,51.00,177.00,1.0,-1,-1,-1
319,5,176.00,768.00,54.00,214.00,1.0,-1,-1,-1
319,6,179.00,770.00,80.00,260.00,1.0,-1,-1,-1
319,7,1118.00,973.00,122.00,107.00,1.0,-1,-1,-1
319,8,968.00,960.00,113.00,120.00,1.0,-1,-1,-1
319,9,563.00,609.00,76.00,175.00,1.0,-1,-1,-1
319,10,1270.00,984.00,109.00,96.00,1.0,-1,-1,-1
320,0,0.00,0.00,0.00,0.00,1.0,-1,-1,-1
320,1,0.00,0.00,0.00,0.00,1.0,-1,-1,-1
320,2,452.00,586.00,42.00,165.00,1.0,-1,-1,-1
320,3,0.00,0.00,0.00,0.00,1.0,-1,-1,-1
320,4,543.00,573.00,48.00,178.00,1.0,-1,-1,-1
320,5,175.00,768.00,47.00,214.00,1.0,-1,-1,-1
320,6,179.00,771.00,85.00,260.00,1.0,-1,-1,-1
320,7,1119.00,977.00,120.00,103.00,1.0,-1,-1,-1
320,8,966.00,962.00,113.00,118.00,1.0,-1,-1,-1
320,9,558.00,609.00,76.00,175.00,1.0,-1,-1,-1
320,10,1271.00,988.00,106.00,92.00,1.0,-1,-1,-1
321,0,0.00,0.00,0.00,0.00,1.0,-1,-1,-1
321,1,0.00,0.00,0.00,0.00,1.0,-1,-1,-1
321,2,452.00,585.00,40.00,167.00,1.0,-1,-1,-1
321,3,0.00,0.00,0.00,0.00,1.0,-1,-1,-1
321,4,541.00,572.00,46.00,180.00,1.0,-1,-1,-1
321,5,174.00,768.00,49.00,214.00,1.0,-1,-1,-1
321,6,178.00,770.00,86.00,260.00,1.0,-1,-1,-1
321,7,1118.00,979.00,119.00,101.00,1.0,-1,-1,-1
321,8,963.00,962.00,115.00,118.00,1.0,-1,-1,-1
321,9,557.00,610.00,73.00,173.00,1.0,-1,-1,-1
321,10,1271.00,990.00,106.00,90.00,1.0,-1,-1,-1
322,0,0.00,0.00,0.00,0.00,1.0,-1,-1,-1
322,1,0.00,0.00,0.00,0.00,1.0,-1,-1,-1
322,2,452.00,584.00,38.00,166.00,1.0,-1,-1,-1
322,3,0.00,0.00,0.00,0.00,1.0,-1,-1,-1
322,4,539.00,571.00,44.00,181.00,1.0,-1,-1,-1
322,5,173.00,768.00,49.00,214.00,1.0,-1,-1,-1
322,6,185.00,782.00,82.00,249.00,1.0,-1,-1,-1
322,7,1118.00,981.00,119.00,99.00,1.0,-1,-1,-1
322,8,961.00,962.00,116.00,118.00,1.0,-1,-1,-1
322,9,557.00,611.00,71.00,172.00,1.0,-1,-1,-1
322,10,1273.00,992.00,104.00,88.00,1.0,-1,-1,-1
323,0,0.00,0.00,0.00,0.00,1.0,-1,-1,-1
323,1,0.00,0.00,0.00,0.00,1.0,-1,-1,-1
323,2,451.00,584.00,36.00,98.00,1.0,-1,-1,-1
323,3,0.00,0.00,0.00,0.00,1.0,-1,-1,-1
323,4,539.00,571.00,42.00,181.00,1.0,-1,-1,-1
323,5,172.00,768.00,48.00,216.00,1.0,-1,-1,-1
323,6,179.00,772.00,88.00,260.00,1.0,-1,-1,-1
323,7,1120.00,982.00,117.00,98.00,1.0,-1,-1,-1
323,8,961.00,963.00,115.00,117.00,1.0,-1,-1,-1
323,9,555.00,612.00,72.00,171.00,1.0,-1,-1,-1
323,10,1275.00,993.00,102.00,87.00,1.0,-1,-1,-1
324,0,0.00,0.00,0.00,0.00,1.0,-1,-1,-1
324,1,0.00,0.00,0.00,0.00,1.0,-1,-1,-1
324,2,452.00,584.00,34.00,141.00,1.0,-1,-1,-1
324,3,0.00,0.00,0.00,0.00,1.0,-1,-1,-1
324,4,538.00,571.00,40.00,181.00,1.0,-1,-1,-1
324,5,175.00,769.00,44.00,217.00,1.0,-1,-1,-1
324,6,176.00,770.00,91.00,262.00,1.0,-1,-1,-1
324,7,1120.00,984.00,117.00,96.00,1.0,-1,-1,-1
324,8,961.00,964.00,114.00,116.00,1.0,-1,-1,-1
324,9,562.00,608.00,58.00,173.00,1.0,-1,-1,-1
324,10,1277.00,993.00,101.00,87.00,1.0,-1,-1,-1
325,0,0.00,0.00,0.00,0.00,1.0,-1,-1,-1
325,1,0.00,0.00,0.00,0.00,1.0,-1,-1,-1
325,2,452.00,585.00,33.00,151.00,1.0,-1,-1,-1
325,3,0.00,0.00,0.00,0.00,1.0,-1,-1,-1
325,4,534.00,570.00,43.00,182.00,1.0,-1,-1,-1
325,5,176.00,769.00,44.00,217.00,1.0,-1,-1,-1
325,6,178.00,771.00,89.00,261.00,1.0,-1,-1,-1
325,7,1120.00,984.00,117.00,96.00,1.0,-1,-1,-1
325,8,960.00,966.00,114.00,114.00,1.0,-1,-1,-1
325,9,562.00,607.00,57.00,171.00,1.0,-1,-1,-1
325,10,1277.00,993.00,100.00,87.00,1.0,-1,-1,-1
326,0,0.00,0.00,0.00,0.00,1.0,-1,-1,-1
326,1,0.00,0.00,0.00,0.00,1.0,-1,-1,-1
326,2,452.00,587.00,29.00,89.00,1.0,-1,-1,-1
326,3,0.00,0.00,0.00,0.00,1.0,-1,-1,-1
326,4,531.00,569.00,47.00,182.00,1.0,-1,-1,-1
326,5,176.00,770.00,43.00,215.00,1.0,-1,-1,-1
326,6,181.00,773.00,88.00,260.00,1.0,-1,-1,-1
326,7,1121.00,985.00,118.00,95.00,1.0,-1,-1,-1
326,8,956.00,969.00,114.00,111.00,1.0,-1,-1,-1
326,9,559.00,607.00,61.00,170.00,1.0,-1,-1,-1
326,10,1278.00,994.00,100.00,86.00,1.0,-1,-1,-1
327,0,0.00,0.00,0.00,0.00,1.0,-1,-1,-1
327,1,0.00,0.00,0.00,0.00,1.0,-1,-1,-1
327,2,452.00,586.00,28.00,85.00,1.0,-1,-1,-1
327,3,0.00,0.00,0.00,0.00,1.0,-1,-1,-1
327,4,528.00,570.00,49.00,184.00,1.0,-1,-1,-1
327,5,178.00,769.00,40.00,215.00,1.0,-1,-1,-1
327,6,182.00,772.00,87.00,265.00,1.0,-1,-1,-1
327,7,1123.00,986.00,115.00,94.00,1.0,-1,-1,-1
327,8,952.00,974.00,118.00,106.00,1.0,-1,-1,-1
327,9,557.00,606.00,62.00,171.00,1.0,-1,-1,-1
327,10,1278.00,995.00,100.00,85.00,1.0,-1,-1,-1
328,0,0.00,0.00,0.00,0.00,1.0,-1,-1,-1
328,1,0.00,0.00,0.00,0.00,1.0,-1,-1,-1
328,2,452.00,587.00,27.00,83.00,1.0,-1,-1,-1
328,3,0.00,0.00,0.00,0.00,1.0,-1,-1,-1
328,4,526.00,572.00,49.00,182.00,1.0,-1,-1,-1
328,5,179.00,769.00,41.00,216.00,1.0,-1,-1,-1
328,6,190.00,795.00,80.00,245.00,1.0,-1,-1,-1
328,7,1124.00,988.00,114.00,92.00,1.0,-1,-1,-1
328,8,951.00,979.00,114.00,101.00,1.0,-1,-1,-1
328,9,554.00,605.00,65.00,172.00,1.0,-1,-1,-1
328,10,1278.00,997.00,100.00,83.00,1.0,-1,-1,-1
329,0,0.00,0.00,0.00,0.00,1.0,-1,-1,-1
329,1,0.00,0.00,0.00,0.00,1.0,-1,-1,-1
329,2,457.00,585.00,21.00,84.00,1.0,-1,-1,-1
329,3,0.00,0.00,0.00,0.00,1.0,-1,-1,-1
329,4,525.00,571.00,50.00,181.00,1.0,-1,-1,-1
329,5,181.00,770.00,39.00,215.00,1.0,-1,-1,-1
329,6,200.00,795.00,71.00,249.00,1.0,-1,-1,-1
329,7,1125.00,991.00,112.00,89.00,1.0,-1,-1,-1
329,8,949.00,982.00,114.00,98.00,1.0,-1,-1,-1
329,9,551.00,603.00,66.00,174.00,1.0,-1,-1,-1
329,10,1278.00,1000.00,100.00,80.00,1.0,-1,-1,-1
330,0,0.00,0.00,0.00,0.00,1.0,-1,-1,-1
330,1,0.00,0.00,0.00,0.00,1.0,-1,-1,-1
330,2,0.00,0.00,0.00,0.00,1.0,-1,-1,-1
330,3,0.00,0.00,0.00,0.00,1.0,-1,-1,-1
330,4,519.00,572.00,58.00,180.00,1.0,-1,-1,-1
330,5,181.00,770.00,40.00,216.00,1.0,-1,-1,-1
330,6,203.00,796.00,69.00,253.00,1.0,-1,-1,-1
330,7,1125.00,995.00,111.00,85.00,1.0,-1,-1,-1
330,8,947.00,985.00,114.00,95.00,1.0,-1,-1,-1
330,9,544.00,604.00,71.00,174.00,1.0,-1,-1,-1
330,10,1278.00,1005.00,98.00,75.00,1.0,-1,-1,-1
331,0,0.00,0.00,0.00,0.00,1.0,-1,-1,-1
331,1,0.00,0.00,0.00,0.00,1.0,-1,-1,-1
331,2,457.00,589.00,20.00,114.00,1.0,-1,-1,-1
331,3,0.00,0.00,0.00,0.00,1.0,-1,-1,-1
331,4,511.00,572.00,66.00,178.00,1.0,-1,-1,-1
331,5,180.00,770.00,42.00,216.00,1.0,-1,-1,-1
331,6,202.00,798.00,69.00,252.00,1.0,-1,-1,-1
331,7,1125.00,999.00,108.00,81.00,1.0,-1,-1,-1
331,8,945.00,989.00,112.00,91.00,1.0,-1,-1,-1
331,9,537.00,604.00,76.00,174.00,1.0,-1,-1,-1
331,10,1280.00,1009.00,94.00,71.00,1.0,-1,-1,-1
332,0,0.00,0.00,0.00,0.00,1.0,-1,-1,-1
332,1,0.00,0.00,0.00,0.00,1.0,-1,-1,-1
332,2,0.00,0.00,0.00,0.00,1.0,-1,-1,-1
332,3,0.00,0.00,0.00,0.00,1.0,-1,-1,-1
332,4,507.00,572.00,68.00,183.00,1.0,-1,-1,-1
332,5,181.00,770.00,44.00,216.00,1.0,-1,-1,-1
332,6,205.00,801.00,66.00,250.00,1.0,-1,-1,-1
332,7,1124.00,1002.00,107.00,78.00,1.0,-1,-1,-1
332,8,944.00,991.00,107.00,89.00,1.0,-1,-1,-1
332,9,532.00,605.00,79.00,173.00,1.0,-1,-1,-1
332,10,1283.00,1013.00,90.00,67.00,1.0,-1,-1,-1
333,0,0.00,0.00,0.00,0.00,1.0,-1,-1,-1
333,1,0.00,0.00,0.00,0.00,1.0,-1,-1,-1
333,2,0.00,0.00,0.00,0.00,1.0,-1,-1,-1
333,3,0.00,0.00,0.00,0.00,1.0,-1,-1,-1
333,4,499.00,572.00,69.00,173.00,1.0,-1,-1,-1
333,5,181.00,769.00,41.00,216.00,1.0,-1,-1,-1
333,6,204.00,802.00,68.00,254.00,1.0,-1,-1,-1
333,7,1123.00,1005.00,105.00,75.00,1.0,-1,-1,-1
333,8,941.00,991.00,97.00,89.00,1.0,-1,-1,-1
333,9,522.00,605.00,85.00,173.00,1.0,-1,-1,-1
333,10,1294.00,1016.00,68.00,64.00,1.0,-1,-1,-1
334,0,0.00,0.00,0.00,0.00,1.0,-1,-1,-1
334,1,0.00,0.00,0.00,0.00,1.0,-1,-1,-1
334,2,0.00,0.00,0.00,0.00,1.0,-1,-1,-1
334,3,0.00,0.00,0.00,0.00,1.0,-1,-1,-1
334,4,498.00,573.00,70.00,180.00,1.0,-1,-1,-1
334,5,181.00,769.00,44.00,215.00,1.0,-1,-1,-1
334,6,183.00,770.00,88.00,287.00,1.0,-1,-1,-1
334,7,1121.00,1008.00,103.00,72.00,1.0,-1,-1,-1
334,8,939.00,991.00,96.00,89.00,1.0,-1,-1,-1
334,9,522.00,606.00,82.00,171.00,1.0,-1,-1,-1
334,10,1298.00,1019.00,48.00,61.00,1.0,-1,-1,-1
335,0,0.00,0.00,0.00,0.00,1.0,-1,-1,-1
335,1,0.00,0.00,0.00,0.00,1.0,-1,-1,-1
335,2,0.00,0.00,0.00,0.00,1.0,-1,-1,-1
335,3,0.00,0.00,0.00,0.00,1.0,-1,-1,-1
335,4,500.00,572.00,68.00,180.00,1.0,-1,-1,-1
335,5,180.00,768.00,45.00,217.00,1.0,-1,-1,-1
335,6,205.00,803.00,69.00,255.00,1.0,-1,-1,-1
335,7,1120.00,1009.00,102.00,71.00,1.0,-1,-1,-1
335,8,936.00,990.00,98.00,90.00,1.0,-1,-1,-1
335,9,522.00,603.00,78.00,175.00,1.0,-1,-1,-1
335,10,1296.00,1022.00,46.00,58.00,1.0,-1,-1,-1
336,0,0.00,0.00,0.00,0.00,1.0,-1,-1,-1
336,1,0.00,0.00,0.00,0.00,1.0,-1,-1,-1
336,2,0.00,0.00,0.00,0.00,1.0,-1,-1,-1
336,3,0.00,0.00,0.00,0.00,1.0,-1,-1,-1
336,4,498.00,570.00,54.00,175.00,1.0,-1,-1,-1
336,5,180.00,767.00,44.00,218.00,1.0,-1,-1,-1
336,6,207.00,804.00,67.00,254.00,1.0,-1,-1,-1
336,7,1118.00,1010.00,101.00,70.00,1.0,-1,-1,-1
336,8,934.00,991.00,99.00,89.00,1.0,-1,-1,-1
336,9,522.00,602.00,74.00,176.00,1.0,-1,-1,-1
336,10,1296.00,1023.00,40.00,57.00,1.0,-1,-1,-1
337,0,0.00,0.00,0.00,0.00,1.0,-1,-1,-1
337,1,0.00,0.00,0.00,0.00,1.0,-1,-1,-1
337,2,0.00,0.00,0.00,0.00,1.0,-1,-1,-1
337,3,0.00,0.00,0.00,0.00,1.0,-1,-1,-1
337,4,499.00,569.00,51.00,176.00,1.0,-1,-1,-1
337,5,179.00,768.00,45.00,217.00,1.0,-1,-1,-1
337,6,206.00,803.00,68.00,254.00,1.0,-1,-1,-1
337,7,1119.00,1010.00,98.00,70.00,1.0,-1,-1,-1
337,8,932.00,992.00,100.00,88.00,1.0,-1,-1,-1
337,9,520.00,600.00,75.00,182.00,1.0,-1,-1,-1
337,10,1295.00,1023.00,40.00,57.00,1.0,-1,-1,-1
338,0,0.00,0.00,0.00,0.00,1.0,-1,-1,-1
338,1,0.00,0.00,0.00,0.00,1.0,-1,-1,-1
338,2,0.00,0.00,0.00,0.00,1.0,-1,-1,-1
338,3,0.00,0.00,0.00,0.00,1.0,-1,-1,-1
338,4,501.00,568.00,44.00,178.00,1.0,-1,-1,-1
338,5,179.00,767.00,46.00,217.00,1.0,-1,-1,-1
338,6,205.00,799.00,73.00,258.00,1.0,-1,-1,-1
338,7,1118.00,1010.00,97.00,70.00,1.0,-1,-1,-1
338,8,931.00,994.00,101.00,86.00,1.0,-1,-1,-1
338,9,519.00,600.00,70.00,176.00,1.0,-1,-1,-1
338,10,1294.00,1025.00,40.00,55.00,1.0,-1,-1,-1
339,0,0.00,0.00,0.00,0.00,1.0,-1,-1,-1
339,1,0.00,0.00,0.00,0.00,1.0,-1,-1,-1
339,2,0.00,0.00,0.00,0.00,1.0,-1,-1,-1
339,3,0.00,0.00,0.00,0.00,1.0,-1,-1,-1
339,4,502.00,567.00,41.00,178.00,1.0,-1,-1,-1
339,5,181.00,767.00,41.00,218.00,1.0,-1,-1,-1
339,6,199.00,797.00,80.00,261.00,1.0,-1,-1,-1
339,7,1120.00,1011.00,95.00,69.00,1.0,-1,-1,-1
339,8,931.00,998.00,108.00,82.00,1.0,-1,-1,-1
339,9,515.00,600.00,70.00,178.00,1.0,-1,-1,-1
339,10,1294.00,1026.00,40.00,54.00,1.0,-1,-1,-1
340,0,0.00,0.00,0.00,0.00,1.0,-1,-1,-1
340,1,0.00,0.00,0.00,0.00,1.0,-1,-1,-1
340,2,0.00,0.00,0.00,0.00,1.0,-1,-1,-1
340,3,0.00,0.00,0.00,0.00,1.0,-1,-1,-1
340,4,502.00,568.00,42.00,177.00,1.0,-1,-1,-1
340,5,182.00,767.00,40.00,218.00,1.0,-1,-1,-1
340,6,203.00,798.00,80.00,260.00,1.0,-1,-1,-1
340,7,1120.00,1013.00,88.00,67.00,1.0,-1,-1,-1
340,8,931.00,1002.00,104.00,78.00,1.0,-1,-1,-1
340,9,512.00,601.00,64.00,177.00,1.0,-1,-1,-1
340,10,1293.00,1027.00,41.00,53.00,1.0,-1,-1,-1
341,0,0.00,0.00,0.00,0.00,1.0,-1,-1,-1
341,1,0.00,0.00,0.00,0.00,1.0,-1,-1,-1
341,2,0.00,0.00,0.00,0.00,1.0,-1,-1,-1
341,3,0.00,0.00,0.00,0.00,1.0,-1,-1,-1
341,4,498.00,568.00,46.00,181.00,1.0,-1,-1,-1
341,5,181.00,767.00,42.00,218.00,1.0,-1,-1,-1
341,6,199.00,799.00,88.00,260.00,1.0,-1,-1,-1
341,7,1124.00,1017.00,83.00,63.00,1.0,-1,-1,-1
341,8,933.00,1006.00,102.00,74.00,1.0,-1,-1,-1
341,9,511.00,602.00,59.00,172.00,1.0,-1,-1,-1
341,10,1295.00,1029.00,40.00,51.00,1.0,-1,-1,-1
342,0,0.00,0.00,0.00,0.00,1.0,-1,-1,-1
342,1,0.00,0.00,0.00,0.00,1.0,-1,-1,-1
342,2,0.00,0.00,0.00,0.00,1.0,-1,-1,-1
342,3,0.00,0.00,0.00,0.00,1.0,-1,-1,-1
342,4,491.00,568.00,53.00,184.00,1.0,-1,-1,-1
342,5,181.00,768.00,43.00,216.00,1.0,-1,-1,-1
342,6,203.00,803.00,86.00,256.00,1.0,-1,-1,-1
342,7,1126.00,1020.00,78.00,60.00,1.0,-1,-1,-1
342,8,933.00,1013.00,98.00,67.00,1.0,-1,-1,-1
342,9,506.00,603.00,62.00,172.00,1.0,-1,-1,-1
342,10,1295.00,1032.00,40.00,48.00,1.0,-1,-1,-1
343,0,0.00,0.00,0.00,0.00,1.0,-1,-1,-1
343,1,0.00,0.00,0.00,0.00,1.0,-1,-1,-1
343,2,0.00,0.00,0.00,0.00,1.0,-1,-1,-1
343,3,0.00,0.00,0.00,0.00,1.0,-1,-1,-1
343,4,487.00,567.00,52.00,183.00,1.0,-1,-1,-1
343,5,183.00,768.00,40.00,216.00,1.0,-1,-1,-1
343,6,203.00,806.00,88.00,259.00,1.0,-1,-1,-1
343,7,1131.00,1024.00,63.00,56.00,1.0,-1,-1,-1
343,8,936.00,1017.00,91.00,63.00,1.0,-1,-1,-1
343,9,502.00,603.00,64.00,172.00,1.0,-1,-1,-1
343,10,1295.00,1034.00,40.00,46.00,1.0,-1,-1,-1
344,0,0.00,0.00,0.00,0.00,1.0,-1,-1,-1
344,1,0.00,0.00,0.00,0.00,1.0,-1,-1,-1
344,2,0.00,0.00,0.00,0.00,1.0,-1,-1,-1
344,3,0.00,0.00,0.00,0.00,1.0,-1,-1,-1
344,4,486.00,567.00,50.00,181.00,1.0,-1,-1,-1
344,5,182.00,768.00,42.00,214.00,1.0,-1,-1,-1
344,6,205.00,805.00,87.00,265.00,1.0,-1,-1,-1
344,7,1137.00,1028.00,50.00,52.00,1.0,-1,-1,-1
344,8,939.00,1022.00,84.00,58.00,1.0,-1,-1,-1
344,9,500.00,602.00,67.00,173.00,1.0,-1,-1,-1
344,10,1295.00,1040.00,41.00,40.00,1.0,-1,-1,-1
345,0,0.00,0.00,0.00,0.00,1.0,-1,-1,-1
345,1,0.00,0.00,0.00,0.00,1.0,-1,-1,-1
345,2,0.00,0.00,0.00,0.00,1.0,-1,-1,-1
345,3,944.00,1023.00,76.00,57.00,1.0,-1,-1,-1
345,4,483.00,567.00,51.00,179.00,1.0,-1,-1,-1
345,5,182.00,768.00,41.00,209.00,1.0,-1,-1,-1
345,6,208.00,807.00,81.00,265.00,1.0,-1,-1,-1
345,7,1145.00,1033.00,44.00,47.00,1.0,-1,-1,-1
345,8,944.00,1024.00,75.00,56.00,1.0,-1,-1,-1
345,9,497.00,600.00,69.00,176.00,1.0,-1,-1,-1
345,10,1296.00,1044.00,40.00,36.00,1.0,-1,-1,-1
346,0,0.00,0.00,0.00,0.00,1.0,-1,-1,-1
346,1,0.00,0.00,0.00,0.00,1.0,-1,-1,-1
346,2,0.00,0.00,0.00,0.00,1.0,-1,-1,-1
346,3,944.00,1023.00,71.00,57.00,1.0,-1,-1,-1
346,4,480.00,566.00,51.00,177.00,1.0,-1,-1,-1
346,5,178.00,768.00,48.00,214.00,1.0,-1,-1,-1
346,6,212.00,813.00,79.00,261.00,1.0,-1,-1,-1
346,7,1147.00,1038.00,43.00,42.00,1.0,-1,-1,-1
346,8,944.00,1024.00,72.00,56.00,1.0,-1,-1,-1
346,9,497.00,599.00,70.00,177.00,1.0,-1,-1,-1
346,10,1295.00,1049.00,41.00,31.00,1.0,-1,-1,-1
347,0,0.00,0.00,0.00,0.00,1.0,-1,-1,-1
347,1,0.00,0.00,0.00,0.00,1.0,-1,-1,-1
347,2,0.00,0.00,0.00,0.00,1.0,-1,-1,-1
347,3,942.00,1025.00,72.00,55.00,1.0,-1,-1,-1
347,4,474.00,567.00,52.00,174.00,1.0,-1,-1,-1
347,5,178.00,768.00,50.00,213.00,1.0,-1,-1,-1
347,6,213.00,816.00,78.00,264.00,1.0,-1,-1,-1
347,7,1148.00,1040.00,45.00,40.00,1.0,-1,-1,-1
347,8,942.00,1025.00,72.00,55.00,1.0,-1,-1,-1
347,9,496.00,599.00,65.00,176.00,1.0,-1,-1,-1
347,10,1295.00,1052.00,41.00,28.00,1.0,-1,-1,-1
348,0,0.00,0.00,0.00,0.00,1.0,-1,-1,-1
348,1,0.00,0.00,0.00,0.00,1.0,-1,-1,-1
348,2,0.00,0.00,0.00,0.00,1.0,-1,-1,-1
348,3,941.00,1026.00,72.00,54.00,1.0,-1,-1,-1
348,4,474.00,566.00,44.00,176.00,1.0,-1,-1,-1
348,5,195.00,767.00,35.00,214.00,1.0,-1,-1,-1
348,6,219.00,820.00,74.00,260.00,1.0,-1,-1,-1
348,7,1149.00,1041.00,47.00,39.00,1.0,-1,-1,-1
348,8,941.00,1025.00,72.00,55.00,1.0,-1,-1,-1
348,9,495.00,598.00,63.00,167.00,1.0,-1,-1,-1
348,10,1295.00,1056.00,42.00,24.00,1.0,-1,-1,-1
349,0,0.00,0.00,0.00,0.00,1.0,-1,-1,-1
349,1,0.00,0.00,0.00,0.00,1.0,-1,-1,-1
349,2,0.00,0.00,0.00,0.00,1.0,-1,-1,-1
349,3,941.00,1026.00,69.00,54.00,1.0,-1,-1,-1
349,4,472.00,567.00,38.00,166.00,1.0,-1,-1,-1
349,5,197.00,767.00,36.00,214.00,1.0,-1,-1,-1
349,6,219.00,820.00,79.00,260.00,1.0,-1,-1,-1
349,7,1151.00,1045.00,46.00,35.00,1.0,-1,-1,-1
349,8,941.00,1025.00,70.00,55.00,1.0,-1,-1,-1
349,9,491.00,597.00,62.00,170.00,1.0,-1,-1,-1
349,10,1295.00,1059.00,41.00,21.00,1.0,-1,-1,-1
350,0,0.00,0.00,0.00,0.00,1.0,-1,-1,-1
350,1,0.00,0.00,0.00,0.00,1.0,-1,-1,-1
350,2,0.00,0.00,0.00,0.00,1.0,-1,-1,-1
350,3,943.00,1025.00,67.00,55.00,1.0,-1,-1,-1
350,4,472.00,567.00,36.00,183.00,1.0,-1,-1,-1
350,5,201.00,767.00,58.00,216.00,1.0,-1,-1,-1
350,6,219.00,821.00,84.00,259.00,1.0,-1,-1,-1
350,7,1153.00,1045.00,45.00,35.00,1.0,-1,-1,-1
350,8,943.00,1025.00,67.00,55.00,1.0,-1,-1,-1
350,9,489.00,597.00,61.00,173.00,1.0,-1,-1,-1
350,10,1297.00,1062.00,39.00,18.00,1.0,-1,-1,-1
351,0,0.00,0.00,0.00,0.00,1.0,-1,-1,-1
351,1,0.00,0.00,0.00,0.00,1.0,-1,-1,-1
351,2,0.00,0.00,0.00,0.00,1.0,-1,-1,-1
351,3,942.00,1028.00,65.00,52.00,1.0,-1,-1,-1
351,4,473.00,568.00,41.00,175.00,1.0,-1,-1,-1
351,5,204.00,767.00,58.00,215.00,1.0,-1,-1,-1
351,6,218.00,824.00,88.00,256.00,1.0,-1,-1,-1
351,7,1150.00,1047.00,46.00,33.00,1.0,-1,-1,-1
351,8,943.00,1028.00,66.00,52.00,1.0,-1,-1,-1
351,9,486.00,598.00,62.00,189.00,1.0,-1,-1,-1
351,10,1297.00,1064.00,39.00,16.00,1.0,-1,-1,-1
352,0,0.00,0.00,0.00,0.00,1.0,-1,-1,-1
352,1,0.00,0.00,0.00,0.00,1.0,-1,-1,-1
352,2,0.00,0.00,0.00,0.00,1.0,-1,-1,-1
352,3,951.00,1036.00,52.00,44.00,1.0,-1,-1,-1
352,4,469.00,568.00,38.00,229.00,1.0,-1,-1,-1
352,5,209.00,768.00,58.00,216.00,1.0,-1,-1,-1
352,6,219.00,824.00,88.00,256.00,1.0,-1,-1,-1
352,7,1150.00,1052.00,43.00,28.00,1.0,-1,-1,-1
352,8,950.00,1035.00,53.00,45.00,1.0,-1,-1,-1
352,9,479.00,599.00,65.00,199.00,1.0,-1,-1,-1
352,10,1294.00,1065.00,40.00,15.00,1.0,-1,-1,-1
352,11,1141.00,602.00,72.00,285.00,1.0,-1,-1,-1
353,0,0.00,0.00,0.00,0.00,1.0,-1,-1,-1
353,1,0.00,0.00,0.00,0.00,1.0,-1,-1,-1
353,2,0.00,0.00,0.00,0.00,1.0,-1,-1,-1
353,3,948.00,1038.00,49.00,42.00,1.0,-1,-1,-1
353,4,470.00,567.00,38.00,139.00,1.0,-1,-1,-1
353,5,212.00,769.00,58.00,214.00,1.0,-1,-1,-1
353,6,224.00,823.00,88.00,257.00,1.0,-1,-1,-1
353,7,1148.00,1057.00,42.00,23.00,1.0,-1,-1,-1
353,8,948.00,1038.00,50.00,42.00,1.0,-1,-1,-1
353,9,479.00,600.00,62.00,190.00,1.0,-1,-1,-1
353,10,1293.00,1066.00,40.00,14.00,1.0,-1,-1,-1
353,11,1140.00,602.00,76.00,285.00,1.0,-1,-1,-1
354,0,0.00,0.00,0.00,0.00,1.0,-1,-1,-1
354,1,0.00,0.00,0.00,0.00,1.0,-1,-1,-1
354,2,0.00,0.00,0.00,0.00,1.0,-1,-1,-1
354,3,945.00,1041.00,46.00,39.00,1.0,-1,-1,-1
354,4,472.00,566.00,34.00,67.00,1.0,-1,-1,-1
354,5,213.00,767.00,61.00,216.00,1.0,-1,-1,-1
354,6,226.00,822.00,86.00,258.00,1.0,-1,-1,-1
354,7,1145.00,1064.00,41.00,16.00,1.0,-1,-1,-1
354,8,945.00,1041.00,46.00,39.00,1.0,-1,-1,-1
354,9,476.00,601.00,63.00,187.00,1.0,-1,-1,-1
354,10,1292.00,1067.00,38.00,13.00,1.0,-1,-1,-1
354,11,1140.00,603.00,76.00,285.00,1.0,-1,-1,-1
355,0,0.00,0.00,0.00,0.00,1.0,-1,-1,-1
355,1,0.00,0.00,0.00,0.00,1.0,-1,-1,-1
355,2,0.00,0.00,0.00,0.00,1.0,-1,-1,-1
355,3,943.00,1043.00,45.00,37.00,1.0,-1,-1,-1
355,4,470.00,567.00,34.00,64.00,1.0,-1,-1,-1
355,5,214.00,767.00,61.00,215.00,1.0,-1,-1,-1
355,6,226.00,814.00,87.00,266.00,1.0,-1,-1,-1
355,7,1146.00,1070.00,35.00,10.00,1.0,-1,-1,-1
355,8,943.00,1043.00,45.00,37.00,1.0,-1,-1,-1
355,9,475.00,599.00,63.00,193.00,1.0,-1,-1,-1
355,10,1292.00,1068.00,34.00,12.00,1.0,-1,-1,-1
355,11,1141.00,602.00,75.00,286.00,1.0,-1,-1,-1
356,0,0.00,0.00,0.00,0.00,1.0,-1,-1,-1
356,1,0.00,0.00,0.00,0.00,1.0,-1,-1,-1
356,2,0.00,0.00,0.00,0.00,1.0,-1,-1,-1
356,3,940.00,1048.00,45.00,32.00,1.0,-1,-1,-1
356,4,470.00,566.00,33.00,64.00,1.0,-1,-1,-1
356,5,215.00,766.00,66.00,214.00,1.0,-1,-1,-1
356,6,227.00,825.00,88.00,255.00,1.0,-1,-1,-1
356,7,0.00,0.00,0.00,0.00,1.0,-1,-1,-1
356,8,940.00,1047.00,46.00,33.00,1.0,-1,-1,-1
356,9,475.00,600.00,61.00,199.00,1.0,-1,-1,-1
356,10,1293.00,1071.00,30.00,9.00,1.0,-1,-1,-1
356,11,1142.00,603.00,75.00,286.00,1.0,-1,-1,-1
357,0,0.00,0.00,0.00,0.00,1.0,-1,-1,-1
357,1,0.00,0.00,0.00,0.00,1.0,-1,-1,-1
357,2,0.00,0.00,0.00,0.00,1.0,-1,-1,-1
357,3,940.00,1053.00,42.00,27.00,1.0,-1,-1,-1
357,4,468.00,562.00,32.00,58.00,1.0,-1,-1,-1
357,5,228.00,767.00,57.00,98.00,1.0,-1,-1,-1
357,6,220.00,828.00,97.00,252.00,1.0,-1,-1,-1
357,7,0.00,0.00,0.00,0.00,1.0,-1,-1,-1
357,8,940.00,1052.00,42.00,28.00,1.0,-1,-1,-1
357,9,473.00,597.00,60.00,201.00,1.0,-1,-1,-1
357,10,1292.00,1074.00,22.00,6.00,1.0,-1,-1,-1
357,11,1143.00,603.00,75.00,285.00,1.0,-1,-1,-1
358,0,0.00,0.00,0.00,0.00,1.0,-1,-1,-1
358,1,0.00,0.00,0.00,0.00,1.0,-1,-1,-1
358,2,0.00,0.00,0.00,0.00,1.0,-1,-1,-1
358,3,938.00,1057.00,42.00,23.00,1.0,-1,-1,-1
358,4,465.00,560.00,34.00,48.00,1.0,-1,-1,-1
358,5,234.00,766.00,49.00,102.00,1.0,-1,-1,-1
358,6,225.00,829.00,93.00,251.00,1.0,-1,-1,-1
358,7,0.00,0.00,0.00,0.00,1.0,-1,-1,-1
358,8,939.00,1057.00,41.00,23.00,1.0,-1,-1,-1
358,9,474.00,595.00,62.00,203.00,1.0,-1,-1,-1
358,10,0.00,0.00,0.00,0.00,1.0,-1,-1,-1
358,11,1142.00,604.00,76.00,284.00,1.0,-1,-1,-1
359,0,0.00,0.00,0.00,0.00,1.0,-1,-1,-1
359,1,0.00,0.00,0.00,0.00,1.0,-1,-1,-1
359,2,0.00,0.00,0.00,0.00,1.0,-1,-1,-1
359,3,936.00,1062.00,39.00,18.00,1.0,-1,-1,-1
359,4,463.00,560.00,59.00,147.00,1.0,-1,-1,-1
359,5,240.00,765.00,48.00,105.00,1.0,-1,-1,-1
359,6,226.00,829.00,93.00,251.00,1.0,-1,-1,-1
359,7,0.00,0.00,0.00,0.00,1.0,-1,-1,-1
359,8,936.00,1061.00,40.00,19.00,1.0,-1,-1,-1
359,9,475.00,594.00,62.00,202.00,1.0,-1,-1,-1
359,10,0.00,0.00,0.00,0.00,1.0,-1,-1,-1
359,11,1144.00,602.00,75.00,286.00,1.0,-1,-1,-1
360,0,0.00,0.00,0.00,0.00,1.0,-1,-1,-1
360,1,0.00,0.00,0.00,0.00,1.0,-1,-1,-1
360,2,0.00,0.00,0.00,0.00,1.0,-1,-1,-1
360,3,934.00,1064.00,38.00,16.00,1.0,-1,-1,-1
360,4,460.00,558.00,39.00,63.00,1.0,-1,-1,-1
360,5,243.00,761.00,46.00,110.00,1.0,-1,-1,-1
360,6,228.00,835.00,91.00,245.00,1.0,-1,-1,-1
360,7,0.00,0.00,0.00,0.00,1.0,-1,-1,-1
360,8,934.00,1063.00,39.00,17.00,1.0,-1,-1,-1
360,9,475.00,595.00,62.00,197.00,1.0,-1,-1,-1
360,10,0.00,0.00,0.00,0.00,1.0,-1,-1,-1
360,11,1143.00,603.00,76.00,285.00,1.0,-1,-1,-1
361,0,0.00,0.00,0.00,0.00,1.0,-1,-1,-1
361,1,0.00,0.00,0.00,0.00,1.0,-1,-1,-1
361,2,0.00,0.00,0.00,0.00,1.0,-1,-1,-1
361,3,931.00,1064.00,39.00,16.00,1.0,-1,-1,-1
361,4,456.00,559.00,41.00,178.00,1.0,-1,-1,-1
361,5,246.00,763.00,45.00,110.00,1.0,-1,-1,-1
361,6,228.00,836.00,92.00,244.00,1.0,-1,-1,-1
361,7,0.00,0.00,0.00,0.00,1.0,-1,-1,-1
361,8,932.00,1064.00,38.00,16.00,1.0,-1,-1,-1
361,9,475.00,596.00,59.00,187.00,1.0,-1,-1,-1
361,10,0.00,0.00,0.00,0.00,1.0,-1,-1,-1
361,11,1143.00,604.00,77.00,284.00,1.0,-1,-1,-1
362,0,0.00,0.00,0.00,0.00,1.0,-1,-1,-1
362,1,0.00,0.00,0.00,0.00,1.0,-1,-1,-1
362,2,0.00,0.00,0.00,0.00,1.0,-1,-1,-1
362,3,929.00,1064.00,40.00,16.00,1.0,-1,-1,-1
362,4,455.00,561.00,44.00,53.00,1.0,-1,-1,-1
362,5,246.00,762.00,54.00,114.00,1.0,-1,-1,-1
362,6,228.00,838.00,92.00,242.00,1.0,-1,-1,-1
362,7,0.00,0.00,0.00,0.00,1.0,-1,-1,-1
362,8,929.00,1064.00,40.00,16.00,1.0,-1,-1,-1
362,9,475.00,597.00,56.00,183.00,1.0,-1,-1,-1
362,10,0.00,0.00,0.00,0.00,1.0,-1,-1,-1
362,11,1146.00,603.00,75.00,284.00,1.0,-1,-1,-1
363,0,0.00,0.00,0.00,0.00,1.0,-1,-1,-1
363,1,0.00,0.00,0.00,0.00,1.0,-1,-1,-1
363,2,0.00,0.00,0.00,0.00,1.0,-1,-1,-1
363,3,927.00,1064.00,40.00,16.00,1.0,-1,-1,-1
363,4,456.00,563.00,38.00,51.00,1.0,-1,-1,-1
363,5,249.00,761.00,57.00,115.00,1.0,-1,-1,-1
363,6,223.00,842.00,96.00,238.00,1.0,-1,-1,-1
363,7,0.00,0.00,0.00,0.00,1.0,-1,-1,-1
363,8,927.00,1065.00,40.00,15.00,1.0,-1,-1,-1
363,9,474.00,600.00,54.00,178.00,1.0,-1,-1,-1
363,10,0.00,0.00,0.00,0.00,1.0,-1,-1,-1
363,11,1139.00,604.00,83.00,283.00,1.0,-1,-1,-1
364,0,0.00,0.00,0.00,0.00,1.0,-1,-1,-1
364,1,0.00,0.00,0.00,0.00,1.0,-1,-1,-1
364,2,0.00,0.00,0.00,0.00,1.0,-1,-1,-1
364,3,925.00,1064.00,41.00,16.00,1.0,-1,-1,-1
364,4,456.00,563.00,37.00,45.00,1.0,-1,-1,-1
364,5,249.00,761.00,59.00,115.00,1.0,-1,-1,-1
364,6,223.00,843.00,97.00,237.00,1.0,-1,-1,-1
364,7,0.00,0.00,0.00,0.00,1.0,-1,-1,-1
364,8,925.00,1064.00,41.00,16.00,1.0,-1,-1,-1
364,9,475.00,601.00,48.00,171.00,1.0,-1,-1,-1
364,10,0.00,0.00,0.00,0.00,1.0,-1,-1,-1
364,11,1140.00,604.00,82.00,284.00,1.0,-1,-1,-1
365,0,0.00,0.00,0.00,0.00,1.0,-1,-1,-1
365,1,0.00,0.00,0.00,0.00,1.0,-1,-1,-1
365,2,0.00,0.00,0.00,0.00,1.0,-1,-1,-1
365,3,927.00,1070.00,37.00,10.00,1.0,-1,-1,-1
365,4,457.00,563.00,34.00,45.00,1.0,-1,-1,-1
365,5,255.00,760.00,58.00,113.00,1.0,-1,-1,-1
365,6,221.00,843.00,98.00,237.00,1.0,-1,-1,-1
365,7,0.00,0.00,0.00,0.00,1.0,-1,-1,-1
365,8,927.00,1070.00,37.00,10.00,1.0,-1,-1,-1
365,9,476.00,601.00,45.00,169.00,1.0,-1,-1,-1
365,10,0.00,0.00,0.00,0.00,1.0,-1,-1,-1
365,11,1145.00,604.00,78.00,284.00,1.0,-1,-1,-1
366,0,0.00,0.00,0.00,0.00,1.0,-1,-1,-1
366,1,0.00,0.00,0.00,0.00,1.0,-1,-1,-1
366,2,0.00,0.00,0.00,0.00,1.0,-1,-1,-1
366,3,927.00,1070.00,36.00,10.00,1.0,-1,-1,-1
366,4,458.00,563.00,23.00,17.00,1.0,-1,-1,-1
366,5,258.00,763.00,57.00,103.00,1.0,-1,-1,-1
366,6,221.00,844.00,100.00,236.00,1.0,-1,-1,-1
366,7,0.00,0.00,0.00,0.00,1.0,-1,-1,-1
366,8,927.00,1070.00,36.00,10.00,1.0,-1,-1,-1
366,9,477.00,604.00,39.00,156.00,1.0,-1,-1,-1
366,10,0.00,0.00,0.00,0.00,1.0,-1,-1,-1
366,11,1148.00,605.00,75.00,283.00,1.0,-1,-1,-1
367,0,0.00,0.00,0.00,0.00,1.0,-1,-1,-1
367,1,0.00,0.00,0.00,0.00,1.0,-1,-1,-1
367,2,0.00,0.00,0.00,0.00,1.0,-1,-1,-1
367,3,927.00,1071.00,32.00,9.00,1.0,-1,-1,-1
367,4,457.00,558.00,26.00,24.00,1.0,-1,-1,-1
367,5,259.00,761.00,61.00,115.00,1.0,-1,-1,-1
367,6,220.00,844.00,101.00,236.00,1.0,-1,-1,-1
367,7,0.00,0.00,0.00,0.00,1.0,-1,-1,-1
367,8,927.00,1071.00,32.00,9.00,1.0,-1,-1,-1
367,9,477.00,608.00,34.00,123.00,1.0,-1,-1,-1
367,10,0.00,0.00,0.00,0.00,1.0,-1,-1,-1
367,11,1147.00,605.00,76.00,283.00,1.0,-1,-1,-1
368,0,0.00,0.00,0.00,0.00,1.0,-1,-1,-1
368,1,0.00,0.00,0.00,0.00,1.0,-1,-1,-1
368,2,0.00,0.00,0.00,0.00,1.0,-1,-1,-1
368,3,0.00,0.00,0.00,0.00,1.0,-1,-1,-1
368,4,459.00,559.00,26.00,23.00,1.0,-1,-1,-1
368,5,266.00,763.00,58.00,110.00,1.0,-1,-1,-1
368,6,226.00,844.00,98.00,236.00,1.0,-1,-1,-1
368,7,0.00,0.00,0.00,0.00,1.0,-1,-1,-1
368,8,0.00,0.00,0.00,0.00,1.0,-1,-1,-1
368,9,477.00,604.00,30.00,129.00,1.0,-1,-1,-1
368,10,0.00,0.00,0.00,0.00,1.0,-1,-1,-1
368,11,1148.00,608.00,72.00,280.00,1.0,-1,-1,-1
369,0,0.00,0.00,0.00,0.00,1.0,-1,-1,-1
369,1,0.00,0.00,0.00,0.00,1.0,-1,-1,-1
369,2,0.00,0.00,0.00,0.00,1.0,-1,-1,-1
369,3,0.00,0.00,0.00,0.00,1.0,-1,-1,-1
369,4,0.00,0.00,0.00,0.00,1.0,-1,-1,-1
369,5,268.00,762.00,59.00,127.00,1.0,-1,-1,-1
369,6,226.00,845.00,100.00,235.00,1.0,-1,-1,-1
369,7,0.00,0.00,0.00,0.00,1.0,-1,-1,-1
369,8,0.00,0.00,0.00,0.00,1.0,-1,-1,-1
369,9,477.00,605.00,25.00,124.00,1.0,-1,-1,-1
369,10,0.00,0.00,0.00,0.00,1.0,-1,-1,-1
369,11,1142.00,646.00,74.00,243.00,1.0,-1,-1,-1
370,0,0.00,0.00,0.00,0.00,1.0,-1,-1,-1
370,1,0.00,0.00,0.00,0.00,1.0,-1,-1,-1
370,2,0.00,0.00,0.00,0.00,1.0,-1,-1,-1
370,3,0.00,0.00,0.00,0.00,1.0,-1,-1,-1
370,4,0.00,0.00,0.00,0.00,1.0,-1,-1,-1
370,5,271.00,765.00,59.00,109.00,1.0,-1,-1,-1
370,6,226.00,846.00,102.00,234.00,1.0,-1,-1,-1
370,7,0.00,0.00,0.00,0.00,1.0,-1,-1,-1
370,8,0.00,0.00,0.00,0.00,1.0,-1,-1,-1
370,9,480.00,605.00,19.00,115.00,1.0,-1,-1,-1
370,10,0.00,0.00,0.00,0.00,1.0,-1,-1,-1
370,11,1145.00,646.00,72.00,242.00,1.0,-1,-1,-1
371,0,0.00,0.00,0.00,0.00,1.0,-1,-1,-1
371,1,0.00,0.00,0.00,0.00,1.0,-1,-1,-1
371,2,0.00,0.00,0.00,0.00,1.0,-1,-1,-1
371,3,0.00,0.00,0.00,0.00,1.0,-1,-1,-1
371,4,0.00,0.00,0.00,0.00,1.0,-1,-1,-1
371,5,272.00,763.00,64.00,157.00,1.0,-1,-1,-1
371,6,227.00,848.00,103.00,232.00,1.0,-1,-1,-1
371,7,0.00,0.00,0.00,0.00,1.0,-1,-1,-1
371,8,0.00,0.00,0.00,0.00,1.0,-1,-1,-1
371,9,0.00,0.00,0.00,0.00,1.0,-1,-1,-1
371,10,0.00,0.00,0.00,0.00,1.0,-1,-1,-1
371,11,1148.00,646.00,69.00,242.00,1.0,-1,-1,-1
372,0,0.00,0.00,0.00,0.00,1.0,-1,-1,-1
372,1,0.00,0.00,0.00,0.00,1.0,-1,-1,-1
372,2,0.00,0.00,0.00,0.00,1.0,-1,-1,-1
372,3,0.00,0.00,0.00,0.00,1.0,-1,-1,-1
372,4,0.00,0.00,0.00,0.00,1.0,-1,-1,-1
372,5,279.00,758.00,58.00,152.00,1.0,-1,-1,-1
372,6,227.00,851.00,106.00,229.00,1.0,-1,-1,-1
372,7,0.00,0.00,0.00,0.00,1.0,-1,-1,-1
372,8,0.00,0.00,0.00,0.00,1.0,-1,-1,-1
372,9,0.00,0.00,0.00,0.00,1.0,-1,-1,-1
372,10,0.00,0.00,0.00,0.00,1.0,-1,-1,-1
372,11,1148.00,655.00,70.00,233.00,1.0,-1,-1,-1
373,0,0.00,0.00,0.00,0.00,1.0,-1,-1,-1
373,1,0.00,0.00,0.00,0.00,1.0,-1,-1,-1
373,2,0.00,0.00,0.00,0.00,1.0,-1,-1,-1
373,3,0.00,0.00,0.00,0.00,1.0,-1,-1,-1
373,4,0.00,0.00,0.00,0.00,1.0,-1,-1,-1
373,5,281.00,756.00,58.00,155.00,1.0,-1,-1,-1
373,6,227.00,853.00,107.00,227.00,1.0,-1,-1,-1
373,7,0.00,0.00,0.00,0.00,1.0,-1,-1,-1
373,8,0.00,0.00,0.00,0.00,1.0,-1,-1,-1
373,9,0.00,0.00,0.00,0.00,1.0,-1,-1,-1
373,10,0.00,0.00,0.00,0.00,1.0,-1,-1,-1
373,11,1149.00,646.00,72.00,242.00,1.0,-1,-1,-1
374,0,0.00,0.00,0.00,0.00,1.0,-1,-1,-1
374,1,0.00,0.00,0.00,0.00,1.0,-1,-1,-1
374,2,0.00,0.00,0.00,0.00,1.0,-1,-1,-1
374,3,0.00,0.00,0.00,0.00,1.0,-1,-1,-1
374,4,0.00,0.00,0.00,0.00,1.0,-1,-1,-1
374,5,284.00,753.00,56.00,160.00,1.0,-1,-1,-1
374,6,229.00,857.00,106.00,223.00,1.0,-1,-1,-1
374,7,0.00,0.00,0.00,0.00,1.0,-1,-1,-1
374,8,0.00,0.00,0.00,0.00,1.0,-1,-1,-1
374,9,0.00,0.00,0.00,0.00,1.0,-1,-1,-1
374,10,0.00,0.00,0.00,0.00,1.0,-1,-1,-1
374,11,1155.00,646.00,70.00,242.00,1.0,-1,-1,-1
375,0,0.00,0.00,0.00,0.00,1.0,-1,-1,-1
375,1,0.00,0.00,0.00,0.00,1.0,-1,-1,-1
375,2,0.00,0.00,0.00,0.00,1.0,-1,-1,-1
375,3,0.00,0.00,0.00,0.00,1.0,-1,-1,-1
375,4,0.00,0.00,0.00,0.00,1.0,-1,-1,-1
375,5,284.00,752.00,59.00,165.00,1.0,-1,-1,-1
375,6,230.00,859.00,105.00,221.00,1.0,-1,-1,-1
375,7,0.00,0.00,0.00,0.00,1.0,-1,-1,-1
375,8,0.00,0.00,0.00,0.00,1.0,-1,-1,-1
375,9,0.00,0.00,0.00,0.00,1.0,-1,-1,-1
375,10,0.00,0.00,0.00,0.00,1.0,-1,-1,-1
375,11,1158.00,645.00,69.00,243.00,1.0,-1,-1,-1
376,0,0.00,0.00,0.00,0.00,1.0,-1,-1,-1
376,1,0.00,0.00,0.00,0.00,1.0,-1,-1,-1
376,2,0.00,0.00,0.00,0.00,1.0,-1,-1,-1
376,3,0.00,0.00,0.00,0.00,1.0,-1,-1,-1
376,4,0.00,0.00,0.00,0.00,1.0,-1,-1,-1
376,5,286.00,750.00,59.00,173.00,1.0,-1,-1,-1
376,6,225.00,862.00,110.00,218.00,1.0,-1,-1,-1
376,7,0.00,0.00,0.00,0.00,1.0,-1,-1,-1
376,8,0.00,0.00,0.00,0.00,1.0,-1,-1,-1
376,9,0.00,0.00,0.00,0.00,1.0,-1,-1,-1
376,10,0.00,0.00,0.00,0.00,1.0,-1,-1,-1
376,11,1157.00,646.00,71.00,241.00,1.0,-1,-1,-1
377,0,0.00,0.00,0.00,0.00,1.0,-1,-1,-1
377,1,0.00,0.00,0.00,0.00,1.0,-1,-1,-1
377,2,0.00,0.00,0.00,0.00,1.0,-1,-1,-1
377,3,0.00,0.00,0.00,0.00,1.0,-1,-1,-1
377,4,0.00,0.00,0.00,0.00,1.0,-1,-1,-1
377,5,290.00,749.00,58.00,181.00,1.0,-1,-1,-1
377,6,224.00,863.00,111.00,217.00,1.0,-1,-1,-1
377,7,0.00,0.00,0.00,0.00,1.0,-1,-1,-1
377,8,0.00,0.00,0.00,0.00,1.0,-1,-1,-1
377,9,0.00,0.00,0.00,0.00,1.0,-1,-1,-1
377,10,0.00,0.00,0.00,0.00,1.0,-1,-1,-1
377,11,1156.00,653.00,64.00,234.00,1.0,-1,-1,-1
378,0,0.00,0.00,0.00,0.00,1.0,-1,-1,-1
378,1,0.00,0.00,0.00,0.00,1.0,-1,-1,-1
378,2,0.00,0.00,0.00,0.00,1.0,-1,-1,-1
378,3,0.00,0.00,0.00,0.00,1.0,-1,-1,-1
378,4,0.00,0.00,0.00,0.00,1.0,-1,-1,-1
378,5,295.00,749.00,57.00,204.00,1.0,-1,-1,-1
378,6,222.00,865.00,113.00,215.00,1.0,-1,-1,-1
378,7,0.00,0.00,0.00,0.00,1.0,-1,-1,-1
378,8,0.00,0.00,0.00,0.00,1.0,-1,-1,-1
378,9,0.00,0.00,0.00,0.00,1.0,-1,-1,-1
378,10,0.00,0.00,0.00,0.00,1.0,-1,-1,-1
378,11,1156.00,663.00,64.00,224.00,1.0,-1,-1,-1
379,0,0.00,0.00,0.00,0.00,1.0,-1,-1,-1
379,1,0.00,0.00,0.00,0.00,1.0,-1,-1,-1
379,2,0.00,0.00,0.00,0.00,1.0,-1,-1,-1
379,3,0.00,0.00,0.00,0.00,1.0,-1,-1,-1
379,4,0.00,0.00,0.00,0.00,1.0,-1,-1,-1
379,5,297.00,749.00,57.00,204.00,1.0,-1,-1,-1
379,6,221.00,867.00,113.00,213.00,1.0,-1,-1,-1
379,7,0.00,0.00,0.00,0.00,1.0,-1,-1,-1
379,8,0.00,0.00,0.00,0.00,1.0,-1,-1,-1
379,9,0.00,0.00,0.00,0.00,1.0,-1,-1,-1
379,10,0.00,0.00,0.00,0.00,1.0,-1,-1,-1
379,11,1157.00,667.00,65.00,220.00,1.0,-1,-1,-1
380,0,0.00,0.00,0.00,0.00,1.0,-1,-1,-1
380,1,0.00,0.00,0.00,0.00,1.0,-1,-1,-1
380,2,0.00,0.00,0.00,0.00,1.0,-1,-1,-1
380,3,0.00,0.00,0.00,0.00,1.0,-1,-1,-1
380,4,0.00,0.00,0.00,0.00,1.0,-1,-1,-1
380,5,299.00,749.00,58.00,195.00,1.0,-1,-1,-1
380,6,223.00,866.00,112.00,214.00,1.0,-1,-1,-1
380,7,0.00,0.00,0.00,0.00,1.0,-1,-1,-1
380,8,0.00,0.00,0.00,0.00,1.0,-1,-1,-1
380,9,0.00,0.00,0.00,0.00,1.0,-1,-1,-1
380,10,0.00,0.00,0.00,0.00,1.0,-1,-1,-1
380,11,1157.00,668.00,64.00,219.00,1.0,-1,-1,-1
381,0,0.00,0.00,0.00,0.00,1.0,-1,-1,-1
381,1,0.00,0.00,0.00,0.00,1.0,-1,-1,-1
381,2,0.00,0.00,0.00,0.00,1.0,-1,-1,-1
381,3,0.00,0.00,0.00,0.00,1.0,-1,-1,-1
381,4,0.00,0.00,0.00,0.00,1.0,-1,-1,-1
381,5,300.00,750.00,59.00,190.00,1.0,-1,-1,-1
381,6,223.00,867.00,112.00,213.00,1.0,-1,-1,-1
381,7,0.00,0.00,0.00,0.00,1.0,-1,-1,-1
381,8,0.00,0.00,0.00,0.00,1.0,-1,-1,-1
381,9,0.00,0.00,0.00,0.00,1.0,-1,-1,-1
381,10,0.00,0.00,0.00,0.00,1.0,-1,-1,-1
381,11,1155.00,660.00,67.00,228.00,1.0,-1,-1,-1
382,0,0.00,0.00,0.00,0.00,1.0,-1,-1,-1
382,1,0.00,0.00,0.00,0.00,1.0,-1,-1,-1
382,2,0.00,0.00,0.00,0.00,1.0,-1,-1,-1
382,3,0.00,0.00,0.00,0.00,1.0,-1,-1,-1
382,4,0.00,0.00,0.00,0.00,1.0,-1,-1,-1
382,5,302.00,750.00,61.00,189.00,1.0,-1,-1,-1
382,6,221.00,865.00,114.00,215.00,1.0,-1,-1,-1
382,7,0.00,0.00,0.00,0.00,1.0,-1,-1,-1
382,8,0.00,0.00,0.00,0.00,1.0,-1,-1,-1
382,9,0.00,0.00,0.00,0.00,1.0,-1,-1,-1
382,10,0.00,0.00,0.00,0.00,1.0,-1,-1,-1
382,11,1154.00,645.00,67.00,242.00,1.0,-1,-1,-1
383,0,0.00,0.00,0.00,0.00,1.0,-1,-1,-1
383,1,0.00,0.00,0.00,0.00,1.0,-1,-1,-1
383,2,0.00,0.00,0.00,0.00,1.0,-1,-1,-1
383,3,0.00,0.00,0.00,0.00,1.0,-1,-1,-1
383,4,0.00,0.00,0.00,0.00,1.0,-1,-1,-1
383,5,304.00,748.00,64.00,193.00,1.0,-1,-1,-1
383,6,220.00,866.00,114.00,214.00,1.0,-1,-1,-1
383,7,0.00,0.00,0.00,0.00,1.0,-1,-1,-1
383,8,0.00,0.00,0.00,0.00,1.0,-1,-1,-1
383,9,0.00,0.00,0.00,0.00,1.0,-1,-1,-1
383,10,0.00,0.00,0.00,0.00,1.0,-1,-1,-1
383,11,1156.00,634.00,66.00,253.00,1.0,-1,-1,-1
384,0,0.00,0.00,0.00,0.00,1.0,-1,-1,-1
384,1,0.00,0.00,0.00,0.00,1.0,-1,-1,-1
384,2,0.00,0.00,0.00,0.00,1.0,-1,-1,-1
384,3,0.00,0.00,0.00,0.00,1.0,-1,-1,-1
384,4,0.00,0.00,0.00,0.00,1.0,-1,-1,-1
384,5,307.00,748.00,65.00,194.00,1.0,-1,-1,-1
384,6,220.00,865.00,112.00,215.00,1.0,-1,-1,-1
384,7,0.00,0.00,0.00,0.00,1.0,-1,-1,-1
384,8,0.00,0.00,0.00,0.00,1.0,-1,-1,-1
384,9,0.00,0.00,0.00,0.00,1.0,-1,-1,-1
384,10,0.00,0.00,0.00,0.00,1.0,-1,-1,-1
384,11,1155.00,660.00,67.00,227.00,1.0,-1,-1,-1
385,0,0.00,0.00,0.00,0.00,1.0,-1,-1,-1
385,1,0.00,0.00,0.00,0.00,1.0,-1,-1,-1
385,2,0.00,0.00,0.00,0.00,1.0,-1,-1,-1
385,3,0.00,0.00,0.00,0.00,1.0,-1,-1,-1
385,4,0.00,0.00,0.00,0.00,1.0,-1,-1,-1
385,5,309.00,746.00,66.00,197.00,1.0,-1,-1,-1
385,6,220.00,869.00,109.00,211.00,1.0,-1,-1,-1
385,7,0.00,0.00,0.00,0.00,1.0,-1,-1,-1
385,8,0.00,0.00,0.00,0.00,1.0,-1,-1,-1
385,9,0.00,0.00,0.00,0.00,1.0,-1,-1,-1
385,10,0.00,0.00,0.00,0.00,1.0,-1,-1,-1
385,11,1155.00,665.00,68.00,222.00,1.0,-1,-1,-1
386,0,0.00,0.00,0.00,0.00,1.0,-1,-1,-1
386,1,0.00,0.00,0.00,0.00,1.0,-1,-1,-1
386,2,0.00,0.00,0.00,0.00,1.0,-1,-1,-1
386,3,0.00,0.00,0.00,0.00,1.0,-1,-1,-1
386,4,0.00,0.00,0.00,0.00,1.0,-1,-1,-1
386,5,313.00,743.00,67.00,201.00,1.0,-1,-1,-1
386,6,220.00,871.00,106.00,209.00,1.0,-1,-1,-1
386,7,0.00,0.00,0.00,0.00,1.0,-1,-1,-1
386,8,0.00,0.00,0.00,0.00,1.0,-1,-1,-1
386,9,0.00,0.00,0.00,0.00,1.0,-1,-1,-1
386,10,0.00,0.00,0.00,0.00,1.0,-1,-1,-1
386,11,1155.00,665.00,69.00,222.00,1.0,-1,-1,-1
387,0,0.00,0.00,0.00,0.00,1.0,-1,-1,-1
387,1,0.00,0.00,0.00,0.00,1.0,-1,-1,-1
387,2,0.00,0.00,0.00,0.00,1.0,-1,-1,-1
387,3,0.00,0.00,0.00,0.00,1.0,-1,-1,-1
387,4,0.00,0.00,0.00,0.00,1.0,-1,-1,-1
387,5,316.00,743.00,67.00,195.00,1.0,-1,-1,-1
387,6,220.00,871.00,106.00,209.00,1.0,-1,-1,-1
387,7,0.00,0.00,0.00,0.00,1.0,-1,-1,-1
387,8,0.00,0.00,0.00,0.00,1.0,-1,-1,-1
387,9,0.00,0.00,0.00,0.00,1.0,-1,-1,-1
387,10,0.00,0.00,0.00,0.00,1.0,-1,-1,-1
387,11,1155.00,647.00,72.00,240.00,1.0,-1,-1,-1
388,0,0.00,0.00,0.00,0.00,1.0,-1,-1,-1
388,1,0.00,0.00,0.00,0.00,1.0,-1,-1,-1
388,2,0.00,0.00,0.00,0.00,1.0,-1,-1,-1
388,3,0.00,0.00,0.00,0.00,1.0,-1,-1,-1
388,4,0.00,0.00,0.00,0.00,1.0,-1,-1,-1
388,5,318.00,740.00,67.00,197.00,1.0,-1,-1,-1
388,6,219.00,874.00,105.00,206.00,1.0,-1,-1,-1
388,7,0.00,0.00,0.00,0.00,1.0,-1,-1,-1
388,8,0.00,0.00,0.00,0.00,1.0,-1,-1,-1
388,9,0.00,0.00,0.00,0.00,1.0,-1,-1,-1
388,10,0.00,0.00,0.00,0.00,1.0,-1,-1,-1
388,11,1154.00,639.00,74.00,248.00,1.0,-1,-1,-1
389,0,0.00,0.00,0.00,0.00,1.0,-1,-1,-1
389,1,0.00,0.00,0.00,0.00,1.0,-1,-1,-1
389,2,0.00,0.00,0.00,0.00,1.0,-1,-1,-1
389,3,0.00,0.00,0.00,0.00,1.0,-1,-1,-1
389,4,0.00,0.00,0.00,0.00,1.0,-1,-1,-1
389,5,320.00,740.00,64.00,197.00,1.0,-1,-1,-1
389,6,216.00,881.00,112.00,199.00,1.0,-1,-1,-1
389,7,0.00,0.00,0.00,0.00,1.0,-1,-1,-1
389,8,0.00,0.00,0.00,0.00,1.0,-1,-1,-1
389,9,0.00,0.00,0.00,0.00,1.0,-1,-1,-1
389,10,0.00,0.00,0.00,0.00,1.0,-1,-1,-1
389,11,1155.00,668.00,75.00,218.00,1.0,-1,-1,-1
390,0,0.00,0.00,0.00,0.00,1.0,-1,-1,-1
390,1,0.00,0.00,0.00,0.00,1.0,-1,-1,-1
390,2,0.00,0.00,0.00,0.00,1.0,-1,-1,-1
390,3,0.00,0.00,0.00,0.00,1.0,-1,-1,-1
390,4,0.00,0.00,0.00,0.00,1.0,-1,-1,-1
390,5,323.00,738.00,64.00,198.00,1.0,-1,-1,-1
390,6,213.00,884.00,106.00,196.00,1.0,-1,-1,-1
390,7,0.00,0.00,0.00,0.00,1.0,-1,-1,-1
390,8,0.00,0.00,0.00,0.00,1.0,-1,-1,-1
390,9,0.00,0.00,0.00,0.00,1.0,-1,-1,-1
390,10,0.00,0.00,0.00,0.00,1.0,-1,-1,-1
390,11,1155.00,668.00,75.00,218.00,1.0,-1,-1,-1
391,0,0.00,0.00,0.00,0.00,1.0,-1,-1,-1
391,1,0.00,0.00,0.00,0.00,1.0,-1,-1,-1
391,2,0.00,0.00,0.00,0.00,1.0,-1,-1,-1
391,3,0.00,0.00,0.00,0.00,1.0,-1,-1,-1
391,4,0.00,0.00,0.00,0.00,1.0,-1,-1,-1
391,5,324.00,737.00,64.00,210.00,1.0,-1,-1,-1
391,6,210.00,888.00,103.00,192.00,1.0,-1,-1,-1
391,7,0.00,0.00,0.00,0.00,1.0,-1,-1,-1
391,8,0.00,0.00,0.00,0.00,1.0,-1,-1,-1
391,9,0.00,0.00,0.00,0.00,1.0,-1,-1,-1
391,10,0.00,0.00,0.00,0.00,1.0,-1,-1,-1
391,11,1163.00,672.00,69.00,214.00,1.0,-1,-1,-1
392,0,0.00,0.00,0.00,0.00,1.0,-1,-1,-1
392,1,0.00,0.00,0.00,0.00,1.0,-1,-1,-1
392,2,0.00,0.00,0.00,0.00,1.0,-1,-1,-1
392,3,0.00,0.00,0.00,0.00,1.0,-1,-1,-1
392,4,0.00,0.00,0.00,0.00,1.0,-1,-1,-1
392,5,327.00,737.00,65.00,207.00,1.0,-1,-1,-1
392,6,206.00,887.00,109.00,193.00,1.0,-1,-1,-1
392,7,0.00,0.00,0.00,0.00,1.0,-1,-1,-1
392,8,0.00,0.00,0.00,0.00,1.0,-1,-1,-1
392,9,0.00,0.00,0.00,0.00,1.0,-1,-1,-1
392,10,0.00,0.00,0.00,0.00,1.0,-1,-1,-1
392,11,1162.00,670.00,72.00,216.00,1.0,-1,-1,-1
393,0,0.00,0.00,0.00,0.00,1.0,-1,-1,-1
393,1,0.00,0.00,0.00,0.00,1.0,-1,-1,-1
393,2,0.00,0.00,0.00,0.00,1.0,-1,-1,-1
393,3,0.00,0.00,0.00,0.00,1.0,-1,-1,-1
393,4,0.00,0.00,0.00,0.00,1.0,-1,-1,-1
393,5,329.00,734.00,66.00,207.00,1.0,-1,-1,-1
393,6,204.00,888.00,108.00,192.00,1.0,-1,-1,-1
393,7,0.00,0.00,0.00,0.00,1.0,-1,-1,-1
393,8,0.00,0.00,0.00,0.00,1.0,-1,-1,-1
393,9,0.00,0.00,0.00,0.00,1.0,-1,-1,-1
393,10,0.00,0.00,0.00,0.00,1.0,-1,-1,-1
393,11,1165.00,671.00,71.00,215.00,1.0,-1,-1,-1
394,0,0.00,0.00,0.00,0.00,1.0,-1,-1,-1
394,1,0.00,0.00,0.00,0.00,1.0,-1,-1,-1
394,2,0.00,0.00,0.00,0.00,1.0,-1,-1,-1
394,3,0.00,0.00,0.00,0.00,1.0,-1,-1,-1
394,4,0.00,0.00,0.00,0.00,1.0,-1,-1,-1
394,5,331.00,731.00,66.00,210.00,1.0,-1,-1,-1
394,6,200.00,888.00,114.00,192.00,1.0,-1,-1,-1
394,7,0.00,0.00,0.00,0.00,1.0,-1,-1,-1
394,8,0.00,0.00,0.00,0.00,1.0,-1,-1,-1
394,9,0.00,0.00,0.00,0.00,1.0,-1,-1,-1
394,10,0.00,0.00,0.00,0.00,1.0,-1,-1,-1
394,11,1167.00,670.00,73.00,217.00,1.0,-1,-1,-1
395,0,0.00,0.00,0.00,0.00,1.0,-1,-1,-1
395,1,0.00,0.00,0.00,0.00,1.0,-1,-1,-1
395,2,0.00,0.00,0.00,0.00,1.0,-1,-1,-1
395,3,0.00,0.00,0.00,0.00,1.0,-1,-1,-1
395,4,0.00,0.00,0.00,0.00,1.0,-1,-1,-1
395,5,334.00,733.00,66.00,207.00,1.0,-1,-1,-1
395,6,199.00,887.00,114.00,193.00,1.0,-1,-1,-1
395,7,0.00,0.00,0.00,0.00,1.0,-1,-1,-1
395,8,0.00,0.00,0.00,0.00,1.0,-1,-1,-1
395,9,0.00,0.00,0.00,0.00,1.0,-1,-1,-1
395,10,0.00,0.00,0.00,0.00,1.0,-1,-1,-1
395,11,1166.00,670.00,78.00,216.00,1.0,-1,-1,-1
396,0,0.00,0.00,0.00,0.00,1.0,-1,-1,-1
396,1,0.00,0.00,0.00,0.00,1.0,-1,-1,-1
396,2,0.00,0.00,0.00,0.00,1.0,-1,-1,-1
396,3,0.00,0.00,0.00,0.00,1.0,-1,-1,-1
396,4,0.00,0.00,0.00,0.00,1.0,-1,-1,-1
396,5,336.00,733.00,276.00,206.00,1.0,-1,-1,-1
396,6,197.00,887.00,108.00,193.00,1.0,-1,-1,-1
396,7,0.00,0.00,0.00,0.00,1.0,-1,-1,-1
396,8,0.00,0.00,0.00,0.00,1.0,-1,-1,-1
396,9,0.00,0.00,0.00,0.00,1.0,-1,-1,-1
396,10,0.00,0.00,0.00,0.00,1.0,-1,-1,-1
396,11,1168.00,650.00,79.00,235.00,1.0,-1,-1,-1
397,0,0.00,0.00,0.00,0.00,1.0,-1,-1,-1
397,1,0.00,0.00,0.00,0.00,1.0,-1,-1,-1
397,2,0.00,0.00,0.00,0.00,1.0,-1,-1,-1
397,3,0.00,0.00,0.00,0.00,1.0,-1,-1,-1
397,4,0.00,0.00,0.00,0.00,1.0,-1,-1,-1
397,5,337.00,734.00,66.00,204.00,1.0,-1,-1,-1
397,6,195.00,889.00,109.00,191.00,1.0,-1,-1,-1
397,7,0.00,0.00,0.00,0.00,1.0,-1,-1,-1
397,8,0.00,0.00,0.00,0.00,1.0,-1,-1,-1
397,9,0.00,0.00,0.00,0.00,1.0,-1,-1,-1
397,10,0.00,0.00,0.00,0.00,1.0,-1,-1,-1
397,11,1166.00,673.00,85.00,212.00,1.0,-1,-1,-1
398,0,0.00,0.00,0.00,0.00,1.0,-1,-1,-1
398,1,0.00,0.00,0.00,0.00,1.0,-1,-1,-1
398,2,0.00,0.00,0.00,0.00,1.0,-1,-1,-1
398,3,0.00,0.00,0.00,0.00,1.0,-1,-1,-1
398,4,0.00,0.00,0.00,0.00,1.0,-1,-1,-1
398,5,339.00,733.00,273.00,199.00,1.0,-1,-1,-1
398,6,194.00,890.00,110.00,190.00,1.0,-1,-1,-1
398,7,0.00,0.00,0.00,0.00,1.0,-1,-1,-1
398,8,0.00,0.00,0.00,0.00,1.0,-1,-1,-1
398,9,0.00,0.00,0.00,0.00,1.0,-1,-1,-1
398,10,0.00,0.00,0.00,0.00,1.0,-1,-1,-1
398,11,1162.00,674.00,90.00,213.00,1.0,-1,-1,-1
399,0,0.00,0.00,0.00,0.00,1.0,-1,-1,-1
399,1,0.00,0.00,0.00,0.00,1.0,-1,-1,-1
399,2,0.00,0.00,0.00,0.00,1.0,-1,-1,-1
399,3,0.00,0.00,0.00,0.00,1.0,-1,-1,-1
399,4,0.00,0.00,0.00,0.00,1.0,-1,-1,-1
399,5,340.00,732.00,272.00,207.00,1.0,-1,-1,-1
399,6,190.00,890.00,115.00,190.00,1.0,-1,-1,-1
399,7,0.00,0.00,0.00,0.00,1.0,-1,-1,-1
399,8,0.00,0.00,0.00,0.00,1.0,-1,-1,-1
399,9,0.00,0.00,0.00,0.00,1.0,-1,-1,-1
399,10,0.00,0.00,0.00,0.00,1.0,-1,-1,-1
399,11,1161.00,674.00,91.00,213.00,1.0,-1,-1,-1
400,0,0.00,0.00,0.00,0.00,1.0,-1,-1,-1
400,1,0.00,0.00,0.00,0.00,1.0,-1,-1,-1
400,2,0.00,0.00,0.00,0.00,1.0,-1,-1,-1
400,3,0.00,0.00,0.00,0.00,1.0,-1,-1,-1
400,4,0.00,0.00,0.00,0.00,1.0,-1,-1,-1
400,5,341.00,731.00,271.00,208.00,1.0,-1,-1,-1
400,6,190.00,893.00,116.00,187.00,1.0,-1,-1,-1
400,7,0.00,0.00,0.00,0.00,1.0,-1,-1,-1
400,8,0.00,0.00,0.00,0.00,1.0,-1,-1,-1
400,9,0.00,0.00,0.00,0.00,1.0,-1,-1,-1
400,10,0.00,0.00,0.00,0.00,1.0,-1,-1,-1
400,11,1164.00,674.00,89.00,213.00,1.0,-1,-1,-1
400,12,550.00,740.00,89.00,231.00,1.0,-1,-1,-1
401,0,0.00,0.00,0.00,0.00,1.0,-1,-1,-1
401,1,0.00,0.00,0.00,0.00,1.0,-1,-1,-1
401,2,0.00,0.00,0.00,0.00,1.0,-1,-1,-1
401,3,0.00,0.00,0.00,0.00,1.0,-1,-1,-1
401,4,0.00,0.00,0.00,0.00,1.0,-1,-1,-1
401,5,343.00,730.00,269.00,226.00,1.0,-1,-1,-1
401,6,188.00,895.00,118.00,185.00,1.0,-1,-1,-1
401,7,0.00,0.00,0.00,0.00,1.0,-1,-1,-1
401,8,0.00,0.00,0.00,0.00,1.0,-1,-1,-1
401,9,0.00,0.00,0.00,0.00,1.0,-1,-1,-1
401,10,0.00,0.00,0.00,0.00,1.0,-1,-1,-1
401,11,1166.00,675.00,87.00,212.00,1.0,-1,-1,-1
401,12,551.00,740.00,90.00,231.00,1.0,-1,-1,-1
402,0,0.00,0.00,0.00,0.00,1.0,-1,-1,-1
402,1,0.00,0.00,0.00,0.00,1.0,-1,-1,-1
402,2,0.00,0.00,0.00,0.00,1.0,-1,-1,-1
402,3,0.00,0.00,0.00,0.00,1.0,-1,-1,-1
402,4,0.00,0.00,0.00,0.00,1.0,-1,-1,-1
402,5,346.00,729.00,266.00,227.00,1.0,-1,-1,-1
402,6,185.00,900.00,122.00,180.00,1.0,-1,-1,-1
402,7,0.00,0.00,0.00,0.00,1.0,-1,-1,-1
402,8,0.00,0.00,0.00,0.00,1.0,-1,-1,-1
402,9,0.00,0.00,0.00,0.00,1.0,-1,-1,-1
402,10,0.00,0.00,0.00,0.00,1.0,-1,-1,-1
402,11,1170.00,674.00,84.00,213.00,1.0,-1,-1,-1
402,12,556.00,740.00,89.00,231.00,1.0,-1,-1,-1
403,0,0.00,0.00,0.00,0.00,1.0,-1,-1,-1
403,1,0.00,0.00,0.00,0.00,1.0,-1,-1,-1
403,2,0.00,0.00,0.00,0.00,1.0,-1,-1,-1
403,3,0.00,0.00,0.00,0.00,1.0,-1,-1,-1
403,4,0.00,0.00,0.00,0.00,1.0,-1,-1,-1
403,5,347.00,728.00,265.00,228.00,1.0,-1,-1,-1
403,6,182.00,899.00,124.00,181.00,1.0,-1,-1,-1
403,7,0.00,0.00,0.00,0.00,1.0,-1,-1,-1
403,8,0.00,0.00,0.00,0.00,1.0,-1,-1,-1
403,9,0.00,0.00,0.00,0.00,1.0,-1,-1,-1
403,10,0.00,0.00,0.00,0.00,1.0,-1,-1,-1
403,11,1179.00,674.00,75.00,213.00,1.0,-1,-1,-1
403,12,558.00,739.00,89.00,226.00,1.0,-1,-1,-1
404,0,0.00,0.00,0.00,0.00,1.0,-1,-1,-1
404,1,0.00,0.00,0.00,0.00,1.0,-1,-1,-1
404,2,0.00,0.00,0.00,0.00,1.0,-1,-1,-1
404,3,0.00,0.00,0.00,0.00,1.0,-1,-1,-1
404,4,0.00,0.00,0.00,0.00,1.0,-1,-1,-1
404,5,348.00,727.00,264.00,212.00,1.0,-1,-1,-1
404,6,179.00,904.00,125.00,176.00,1.0,-1,-1,-1
404,7,0.00,0.00,0.00,0.00,1.0,-1,-1,-1
404,8,0.00,0.00,0.00,0.00,1.0,-1,-1,-1
404,9,0.00,0.00,0.00,0.00,1.0,-1,-1,-1
404,10,0.00,0.00,0.00,0.00,1.0,-1,-1,-1
404,11,1187.00,673.00,67.00,212.00,1.0,-1,-1,-1
404,12,561.00,740.00,88.00,219.00,1.0,-1,-1,-1
405,0,0.00,0.00,0.00,0.00,1.0,-1,-1,-1
405,1,0.00,0.00,0.00,0.00,1.0,-1,-1,-1
405,2,0.00,0.00,0.00,0.00,1.0,-1,-1,-1
405,3,0.00,0.00,0.00,0.00,1.0,-1,-1,-1
405,4,0.00,0.00,0.00,0.00,1.0,-1,-1,-1
405,5,348.00,727.00,73.00,186.00,1.0,-1,-1,-1
405,6,176.00,904.00,125.00,176.00,1.0,-1,-1,-1
405,7,0.00,0.00,0.00,0.00,1.0,-1,-1,-1
405,8,0.00,0.00,0.00,0.00,1.0,-1,-1,-1
405,9,0.00,0.00,0.00,0.00,1.0,-1,-1,-1
405,10,0.00,0.00,0.00,0.00,1.0,-1,-1,-1
405,11,1187.00,673.00,68.00,211.00,1.0,-1,-1,-1
405,12,564.00,739.00,85.00,218.00,1.0,-1,-1,-1
406,0,0.00,0.00,0.00,0.00,1.0,-1,-1,-1
406,1,0.00,0.00,0.00,0.00,1.0,-1,-1,-1
406,2,0.00,0.00,0.00,0.00,1.0,-1,-1,-1
406,3,0.00,0.00,0.00,0.00,1.0,-1,-1,-1
406,4,0.00,0.00,0.00,0.00,1.0,-1,-1,-1
406,5,352.00,727.00,65.00,183.00,1.0,-1,-1,-1
406,6,176.00,908.00,126.00,172.00,1.0,-1,-1,-1
406,7,0.00,0.00,0.00,0.00,1.0,-1,-1,-1
406,8,0.00,0.00,0.00,0.00,1.0,-1,-1,-1
406,9,0.00,0.00,0.00,0.00,1.0,-1,-1,-1
406,10,0.00,0.00,0.00,0.00,1.0,-1,-1,-1
406,11,1190.00,672.00,68.00,213.00,1.0,-1,-1,-1
406,12,569.00,740.00,84.00,219.00,1.0,-1,-1,-1
407,0,0.00,0.00,0.00,0.00,1.0,-1,-1,-1
407,1,0.00,0.00,0.00,0.00,1.0,-1,-1,-1
407,2,0.00,0.00,0.00,0.00,1.0,-1,-1,-1
407,3,0.00,0.00,0.00,0.00,1.0,-1,-1,-1
407,4,0.00,0.00,0.00,0.00,1.0,-1,-1,-1
407,5,353.00,729.00,66.00,182.00,1.0,-1,-1,-1
407,6,172.00,908.00,128.00,172.00,1.0,-1,-1,-1
407,7,0.00,0.00,0.00,0.00,1.0,-1,-1,-1
407,8,0.00,0.00,0.00,0.00,1.0,-1,-1,-1
407,9,0.00,0.00,0.00,0.00,1.0,-1,-1,-1
407,10,0.00,0.00,0.00,0.00,1.0,-1,-1,-1
407,11,1191.00,674.00,72.00,213.00,1.0,-1,-1,-1
407,12,571.00,743.00,83.00,216.00,1.0,-1,-1,-1
408,0,0.00,0.00,0.00,0.00,1.0,-1,-1,-1
408,1,0.00,0.00,0.00,0.00,1.0,-1,-1,-1
408,2,0.00,0.00,0.00,0.00,1.0,-1,-1,-1
408,3,0.00,0.00,0.00,0.00,1.0,-1,-1,-1
408,4,0.00,0.00,0.00,0.00,1.0,-1,-1,-1
408,5,354.00,729.00,65.00,182.00,1.0,-1,-1,-1
408,6,171.00,909.00,125.00,171.00,1.0,-1,-1,-1
408,7,0.00,0.00,0.00,0.00,1.0,-1,-1,-1
408,8,0.00,0.00,0.00,0.00,1.0,-1,-1,-1
408,9,0.00,0.00,0.00,0.00,1.0,-1,-1,-1
408,10,0.00,0.00,0.00,0.00,1.0,-1,-1,-1
408,11,1192.00,671.00,73.00,215.00,1.0,-1,-1,-1
408,12,572.00,745.00,84.00,214.00,1.0,-1,-1,-1
409,0,0.00,0.00,0.00,0.00,1.0,-1,-1,-1
409,1,0.00,0.00,0.00,0.00,1.0,-1,-1,-1
409,2,0.00,0.00,0.00,0.00,1.0,-1,-1,-1
409,3,0.00,0.00,0.00,0.00,1.0,-1,-1,-1
409,4,0.00,0.00,0.00,0.00,1.0,-1,-1,-1
409,5,356.00,730.00,64.00,181.00,1.0,-1,-1,-1
409,6,169.00,911.00,123.00,169.00,1.0,-1,-1,-1
409,7,0.00,0.00,0.00,0.00,1.0,-1,-1,-1
409,8,0.00,0.00,0.00,0.00,1.0,-1,-1,-1
409,9,0.00,0.00,0.00,0.00,1.0,-1,-1,-1
409,10,0.00,0.00,0.00,0.00,1.0,-1,-1,-1
409,11,1196.00,670.00,76.00,217.00,1.0,-1,-1,-1
409,12,574.00,746.00,83.00,215.00,1.0,-1,-1,-1
410,0,0.00,0.00,0.00,0.00,1.0,-1,-1,-1
410,1,0.00,0.00,0.00,0.00,1.0,-1,-1,-1
410,2,0.00,0.00,0.00,0.00,1.0,-1,-1,-1
410,3,0.00,0.00,0.00,0.00,1.0,-1,-1,-1
410,4,0.00,0.00,0.00,0.00,1.0,-1,-1,-1
410,5,357.00,730.00,63.00,174.00,1.0,-1,-1,-1
410,6,165.00,910.00,122.00,170.00,1.0,-1,-1,-1
410,7,0.00,0.00,0.00,0.00,1.0,-1,-1,-1
410,8,0.00,0.00,0.00,0.00,1.0,-1,-1,-1
410,9,0.00,0.00,0.00,0.00,1.0,-1,-1,-1
410,10,0.00,0.00,0.00,0.00,1.0,-1,-1,-1
410,11,1198.00,664.00,74.00,222.00,1.0,-1,-1,-1
410,12,575.00,746.00,84.00,215.00,1.0,-1,-1,-1
411,0,0.00,0.00,0.00,0.00,1.0,-1,-1,-1
411,1,0.00,0.00,0.00,0.00,1.0,-1,-1,-1
411,2,0.00,0.00,0.00,0.00,1.0,-1,-1,-1
411,3,0.00,0.00,0.00,0.00,1.0,-1,-1,-1
411,4,0.00,0.00,0.00,0.00,1.0,-1,-1,-1
411,5,358.00,731.00,62.00,148.00,1.0,-1,-1,-1
411,6,158.00,911.00,122.00,169.00,1.0,-1,-1,-1
411,7,0.00,0.00,0.00,0.00,1.0,-1,-1,-1
411,8,0.00,0.00,0.00,0.00,1.0,-1,-1,-1
411,9,0.00,0.00,0.00,0.00,1.0,-1,-1,-1
411,10,0.00,0.00,0.00,0.00,1.0,-1,-1,-1
411,11,1204.00,664.00,68.00,221.00,1.0,-1,-1,-1
411,12,576.00,746.00,84.00,213.00,1.0,-1,-1,-1
412,0,0.00,0.00,0.00,0.00,1.0,-1,-1,-1
412,1,0.00,0.00,0.00,0.00,1.0,-1,-1,-1
412,2,0.00,0.00,0.00,0.00,1.0,-1,-1,-1
412,3,0.00,0.00,0.00,0.00,1.0,-1,-1,-1
412,4,0.00,0.00,0.00,0.00,1.0,-1,-1,-1
412,5,355.00,729.00,257.00,157.00,1.0,-1,-1,-1
412,6,149.00,910.00,118.00,170.00,1.0,-1,-1,-1
412,7,0.00,0.00,0.00,0.00,1.0,-1,-1,-1
412,8,0.00,0.00,0.00,0.00,1.0,-1,-1,-1
412,9,0.00,0.00,0.00,0.00,1.0,-1,-1,-1
412,10,0.00,0.00,0.00,0.00,1.0,-1,-1,-1
412,11,1206.00,666.00,74.00,217.00,1.0,-1,-1,-1
412,12,572.00,746.00,83.00,212.00,1.0,-1,-1,-1
413,0,0.00,0.00,0.00,0.00,1.0,-1,-1,-1
413,1,0.00,0.00,0.00,0.00,1.0,-1,-1,-1
413,2,0.00,0.00,0.00,0.00,1.0,-1,-1,-1
413,3,0.00,0.00,0.00,0.00,1.0,-1,-1,-1
413,4,0.00,0.00,0.00,0.00,1.0,-1,-1,-1
413,5,349.00,726.00,263.00,149.00,1.0,-1,-1,-1
413,6,138.00,909.00,120.00,171.00,1.0,-1,-1,-1
413,7,0.00,0.00,0.00,0.00,1.0,-1,-1,-1
413,8,0.00,0.00,0.00,0.00,1.0,-1,-1,-1
413,9,0.00,0.00,0.00,0.00,1.0,-1,-1,-1
413,10,0.00,0.00,0.00,0.00,1.0,-1,-1,-1
413,11,1209.00,669.00,53.00,213.00,1.0,-1,-1,-1
413,12,566.00,743.00,85.00,212.00,1.0,-1,-1,-1
414,0,0.00,0.00,0.00,0.00,1.0,-1,-1,-1
414,1,0.00,0.00,0.00,0.00,1.0,-1,-1,-1
414,2,0.00,0.00,0.00,0.00,1.0,-1,-1,-1
414,3,0.00,0.00,0.00,0.00,1.0,-1,-1,-1
414,4,0.00,0.00,0.00,0.00,1.0,-1,-1,-1
414,5,349.00,725.00,263.00,150.00,1.0,-1,-1,-1
414,6,135.00,912.00,118.00,168.00,1.0,-1,-1,-1
414,7,0.00,0.00,0.00,0.00,1.0,-1,-1,-1
414,8,0.00,0.00,0.00,0.00,1.0,-1,-1,-1
414,9,0.00,0.00,0.00,0.00,1.0,-1,-1,-1
414,10,0.00,0.00,0.00,0.00,1.0,-1,-1,-1
414,11,1211.00,670.00,72.00,211.00,1.0,-1,-1,-1
414,12,566.00,742.00,85.00,212.00,1.0,-1,-1,-1
415,0,0.00,0.00,0.00,0.00,1.0,-1,-1,-1
415,1,0.00,0.00,0.00,0.00,1.0,-1,-1,-1
415,2,0.00,0.00,0.00,0.00,1.0,-1,-1,-1
415,3,0.00,0.00,0.00,0.00,1.0,-1,-1,-1
415,4,0.00,0.00,0.00,0.00,1.0,-1,-1,-1
415,5,356.00,725.00,60.00,151.00,1.0,-1,-1,-1
415,6,136.00,915.00,116.00,165.00,1.0,-1,-1,-1
415,7,0.00,0.00,0.00,0.00,1.0,-1,-1,-1
415,8,0.00,0.00,0.00,0.00,1.0,-1,-1,-1
415,9,0.00,0.00,0.00,0.00,1.0,-1,-1,-1
415,10,0.00,0.00,0.00,0.00,1.0,-1,-1,-1
415,11,1216.00,672.00,70.00,210.00,1.0,-1,-1,-1
415,12,576.00,742.00,80.00,211.00,1.0,-1,-1,-1
416,0,0.00,0.00,0.00,0.00,1.0,-1,-1,-1
416,1,0.00,0.00,0.00,0.00,1.0,-1,-1,-1
416,2,0.00,0.00,0.00,0.00,1.0,-1,-1,-1
416,3,0.00,0.00,0.00,0.00,1.0,-1,-1,-1
416,4,0.00,0.00,0.00,0.00,1.0,-1,-1,-1
416,5,363.00,728.00,279.00,151.00,1.0,-1,-1,-1
416,6,138.00,919.00,114.00,161.00,1.0,-1,-1,-1
416,7,0.00,0.00,0.00,0.00,1.0,-1,-1,-1
416,8,0.00,0.00,0.00,0.00,1.0,-1,-1,-1
416,9,0.00,0.00,0.00,0.00,1.0,-1,-1,-1
416,10,0.00,0.00,0.00,0.00,1.0,-1,-1,-1
416,11,1221.00,676.00,69.00,207.00,1.0,-1,-1,-1
416,12,581.00,741.00,82.00,212.00,1.0,-1,-1,-1
417,0,0.00,0.00,0.00,0.00,1.0,-1,-1,-1
417,1,0.00,0.00,0.00,0.00,1.0,-1,-1,-1
417,2,0.00,0.00,0.00,0.00,1.0,-1,-1,-1
417,3,0.00,0.00,0.00,0.00,1.0,-1,-1,-1
417,4,0.00,0.00,0.00,0.00,1.0,-1,-1,-1
417,5,365.00,728.00,277.00,157.00,1.0,-1,-1,-1
417,6,137.00,923.00,112.00,157.00,1.0,-1,-1,-1
417,7,0.00,0.00,0.00,0.00,1.0,-1,-1,-1
417,8,0.00,0.00,0.00,0.00,1.0,-1,-1,-1
417,9,0.00,0.00,0.00,0.00,1.0,-1,-1,-1
417,10,0.00,0.00,0.00,0.00,1.0,-1,-1,-1
417,11,1224.00,678.00,68.00,207.00,1.0,-1,-1,-1
417,12,585.00,736.00,83.00,214.00,1.0,-1,-1,-1
418,0,0.00,0.00,0.00,0.00,1.0,-1,-1,-1
418,1,0.00,0.00,0.00,0.00,1.0,-1,-1,-1
418,2,0.00,0.00,0.00,0.00,1.0,-1,-1,-1
418,3,0.00,0.00,0.00,0.00,1.0,-1,-1,-1
418,4,0.00,0.00,0.00,0.00,1.0,-1,-1,-1
418,5,364.00,729.00,278.00,155.00,1.0,-1,-1,-1
418,6,134.00,927.00,111.00,153.00,1.0,-1,-1,-1
418,7,0.00,0.00,0.00,0.00,1.0,-1,-1,-1
418,8,0.00,0.00,0.00,0.00,1.0,-1,-1,-1
418,9,0.00,0.00,0.00,0.00,1.0,-1,-1,-1
418,10,0.00,0.00,0.00,0.00,1.0,-1,-1,-1
418,11,1224.00,678.00,77.00,207.00,1.0,-1,-1,-1
418,12,587.00,736.00,82.00,214.00,1.0,-1,-1,-1
419,0,0.00,0.00,0.00,0.00,1.0,-1,-1,-1
419,1,0.00,0.00,0.00,0.00,1.0,-1,-1,-1
419,2,0.00,0.00,0.00,0.00,1.0,-1,-1,-1
419,3,0.00,0.00,0.00,0.00,1.0,-1,-1,-1
419,4,0.00,0.00,0.00,0.00,1.0,-1,-1,-1
419,5,369.00,732.00,273.00,152.00,1.0,-1,-1,-1
419,6,133.00,929.00,111.00,151.00,1.0,-1,-1,-1
419,7,0.00,0.00,0.00,0.00,1.0,-1,-1,-1
419,8,0.00,0.00,0.00,0.00,1.0,-1,-1,-1
419,9,0.00,0.00,0.00,0.00,1.0,-1,-1,-1
419,10,0.00,0.00,0.00,0.00,1.0,-1,-1,-1
419,11,1226.00,680.00,86.00,206.00,1.0,-1,-1,-1
419,12,591.00,738.00,82.00,213.00,1.0,-1,-1,-1
420,0,0.00,0.00,0.00,0.00,1.0,-1,-1,-1
420,1,0.00,0.00,0.00,0.00,1.0,-1,-1,-1
420,2,0.00,0.00,0.00,0.00,1.0,-1,-1,-1
420,3,0.00,0.00,0.00,0.00,1.0,-1,-1,-1
420,4,0.00,0.00,0.00,0.00,1.0,-1,-1,-1
420,5,371.00,732.00,271.00,161.00,1.0,-1,-1,-1
420,6,132.00,933.00,108.00,147.00,1.0,-1,-1,-1
420,7,0.00,0.00,0.00,0.00,1.0,-1,-1,-1
420,8,0.00,0.00,0.00,0.00,1.0,-1,-1,-1
420,9,0.00,0.00,0.00,0.00,1.0,-1,-1,-1
420,10,0.00,0.00,0.00,0.00,1.0,-1,-1,-1
420,11,1229.00,679.00,85.00,207.00,1.0,-1,-1,-1
420,12,594.00,738.00,82.00,213.00,1.0,-1,-1,-1
421,0,0.00,0.00,0.00,0.00,1.0,-1,-1,-1
421,1,0.00,0.00,0.00,0.00,1.0,-1,-1,-1
421,2,0.00,0.00,0.00,0.00,1.0,-1,-1,-1
421,3,0.00,0.00,0.00,0.00,1.0,-1,-1,-1
421,4,0.00,0.00,0.00,0.00,1.0,-1,-1,-1
421,5,370.00,733.00,56.00,160.00,1.0,-1,-1,-1
421,6,128.00,936.00,104.00,144.00,1.0,-1,-1,-1
421,7,0.00,0.00,0.00,0.00,1.0,-1,-1,-1
421,8,0.00,0.00,0.00,0.00,1.0,-1,-1,-1
421,9,0.00,0.00,0.00,0.00,1.0,-1,-1,-1
421,10,0.00,0.00,0.00,0.00,1.0,-1,-1,-1
421,11,1229.00,678.00,85.00,208.00,1.0,-1,-1,-1
421,12,594.00,736.00,82.00,213.00,1.0,-1,-1,-1
422,0,0.00,0.00,0.00,0.00,1.0,-1,-1,-1
422,1,0.00,0.00,0.00,0.00,1.0,-1,-1,-1
422,2,0.00,0.00,0.00,0.00,1.0,-1,-1,-1
422,3,0.00,0.00,0.00,0.00,1.0,-1,-1,-1
422,4,0.00,0.00,0.00,0.00,1.0,-1,-1,-1
422,5,370.00,734.00,272.00,151.00,1.0,-1,-1,-1
422,6,124.00,940.00,103.00,140.00,1.0,-1,-1,-1
422,7,0.00,0.00,0.00,0.00,1.0,-1,-1,-1
422,8,0.00,0.00,0.00,0.00,1.0,-1,-1,-1
422,9,0.00,0.00,0.00,0.00,1.0,-1,-1,-1
422,10,0.00,0.00,0.00,0.00,1.0,-1,-1,-1
422,11,1229.00,678.00,87.00,209.00,1.0,-1,-1,-1
422,12,596.00,744.00,81.00,207.00,1.0,-1,-1,-1
423,0,0.00,0.00,0.00,0.00,1.0,-1,-1,-1
423,1,0.00,0.00,0.00,0.00,1.0,-1,-1,-1
423,2,0.00,0.00,0.00,0.00,1.0,-1,-1,-1
423,3,0.00,0.00,0.00,0.00,1.0,-1,-1,-1
423,4,0.00,0.00,0.00,0.00,1.0,-1,-1,-1
423,5,371.00,736.00,56.00,157.00,1.0,-1,-1,-1
423,6,120.00,943.00,102.00,137.00,1.0,-1,-1,-1
423,7,0.00,0.00,0.00,0.00,1.0,-1,-1,-1
423,8,0.00,0.00,0.00,0.00,1.0,-1,-1,-1
423,9,0.00,0.00,0.00,0.00,1.0,-1,-1,-1
423,10,0.00,0.00,0.00,0.00,1.0,-1,-1,-1
423,11,1232.00,679.00,88.00,210.00,1.0,-1,-1,-1
423,12,598.00,743.00,82.00,210.00,1.0,-1,-1,-1
424,0,0.00,0.00,0.00,0.00,1.0,-1,-1,-1
424,1,0.00,0.00,0.00,0.00,1.0,-1,-1,-1
424,2,0.00,0.00,0.00,0.00,1.0,-1,-1,-1
424,3,0.00,0.00,0.00,0.00,1.0,-1,-1,-1
424,4,0.00,0.00,0.00,0.00,1.0,-1,-1,-1
424,5,372.00,737.00,270.00,156.00,1.0,-1,-1,-1
424,6,109.00,944.00,109.00,136.00,1.0,-1,-1,-1
424,7,0.00,0.00,0.00,0.00,1.0,-1,-1,-1
424,8,0.00,0.00,0.00,0.00,1.0,-1,-1,-1
424,9,0.00,0.00,0.00,0.00,1.0,-1,-1,-1
424,10,0.00,0.00,0.00,0.00,1.0,-1,-1,-1
424,11,1237.00,678.00,84.00,211.00,1.0,-1,-1,-1
424,12,603.00,747.00,79.00,209.00,1.0,-1,-1,-1
425,0,0.00,0.00,0.00,0.00,1.0,-1,-1,-1
425,1,0.00,0.00,0.00,0.00,1.0,-1,-1,-1
425,2,0.00,0.00,0.00,0.00,1.0,-1,-1,-1
425,3,0.00,0.00,0.00,0.00,1.0,-1,-1,-1
425,4,0.00,0.00,0.00,0.00,1.0,-1,-1,-1
425,5,373.00,739.00,269.00,151.00,1.0,-1,-1,-1
425,6,105.00,946.00,107.00,134.00,1.0,-1,-1,-1
425,7,0.00,0.00,0.00,0.00,1.0,-1,-1,-1
425,8,0.00,0.00,0.00,0.00,1.0,-1,-1,-1
425,9,0.00,0.00,0.00,0.00,1.0,-1,-1,-1
425,10,0.00,0.00,0.00,0.00,1.0,-1,-1,-1
425,11,1241.00,677.00,80.00,213.00,1.0,-1,-1,-1
425,12,606.00,749.00,79.00,209.00,1.0,-1,-1,-1
426,0,0.00,0.00,0.00,0.00,1.0,-1,-1,-1
426,1,0.00,0.00,0.00,0.00,1.0,-1,-1,-1
426,2,0.00,0.00,0.00,0.00,1.0,-1,-1,-1
426,3,0.00,0.00,0.00,0.00,1.0,-1,-1,-1
426,4,0.00,0.00,0.00,0.00,1.0,-1,-1,-1
426,5,374.00,740.00,298.00,151.00,1.0,-1,-1,-1
426,6,101.00,950.00,109.00,130.00,1.0,-1,-1,-1
426,7,0.00,0.00,0.00,0.00,1.0,-1,-1,-1
426,8,0.00,0.00,0.00,0.00,1.0,-1,-1,-1
426,9,0.00,0.00,0.00,0.00,1.0,-1,-1,-1
426,10,0.00,0.00,0.00,0.00,1.0,-1,-1,-1
426,11,1250.00,680.00,74.00,209.00,1.0,-1,-1,-1
426,12,610.00,751.00,81.00,207.00,1.0,-1,-1,-1
427,0,0.00,0.00,0.00,0.00,1.0,-1,-1,-1
427,1,0.00,0.00,0.00,0.00,1.0,-1,-1,-1
427,2,0.00,0.00,0.00,0.00,1.0,-1,-1,-1
427,3,0.00,0.00,0.00,0.00,1.0,-1,-1,-1
427,4,0.00,0.00,0.00,0.00,1.0,-1,-1,-1
427,5,373.00,741.00,299.00,153.00,1.0,-1,-1,-1
427,6,98.00,954.00,111.00,126.00,1.0,-1,-1,-1
427,7,0.00,0.00,0.00,0.00,1.0,-1,-1,-1
427,8,0.00,0.00,0.00,0.00,1.0,-1,-1,-1
427,9,0.00,0.00,0.00,0.00,1.0,-1,-1,-1
427,10,0.00,0.00,0.00,0.00,1.0,-1,-1,-1
427,11,1260.00,679.00,70.00,211.00,1.0,-1,-1,-1
427,12,614.00,752.00,82.00,205.00,1.0,-1,-1,-1
428,0,0.00,0.00,0.00,0.00,1.0,-1,-1,-1
428,1,0.00,0.00,0.00,0.00,1.0,-1,-1,-1
428,2,0.00,0.00,0.00,0.00,1.0,-1,-1,-1
428,3,0.00,0.00,0.00,0.00,1.0,-1,-1,-1
428,4,0.00,0.00,0.00,0.00,1.0,-1,-1,-1
428,5,371.00,741.00,301.00,164.00,1.0,-1,-1,-1
428,6,93.00,955.00,115.00,125.00,1.0,-1,-1,-1
428,7,0.00,0.00,0.00,0.00,1.0,-1,-1,-1
428,8,0.00,0.00,0.00,0.00,1.0,-1,-1,-1
428,9,0.00,0.00,0.00,0.00,1.0,-1,-1,-1
428,10,0.00,0.00,0.00,0.00,1.0,-1,-1,-1
428,11,1270.00,676.00,66.00,213.00,1.0,-1,-1,-1
428,12,616.00,751.00,83.00,205.00,1.0,-1,-1,-1
