1,0,725.00,504.00,159.00,315.00,1.0,-1,-1,-1
1,1,62.00,716.00,138.00,364.00,1.0,-1,-1,-1
2,0,726.00,504.00,153.00,319.00,1.0,-1,-1,-1
2,1,58.00,717.00,139.00,363.00,1.0,-1,-1,-1
3,0,732.00,504.00,136.00,321.00,1.0,-1,-1,-1
3,1,53.00,717.00,142.00,363.00,1.0,-1,-1,-1
3,2,281.00,435.00,101.00,299.00,1.0,-1,-1,-1
4,0,735.00,505.00,132.00,325.00,1.0,-1,-1,-1
4,1,48.00,717.00,144.00,363.00,1.0,-1,-1,-1
4,2,280.00,434.00,100.00,300.00,1.0,-1,-1,-1
5,0,735.00,505.00,125.00,326.00,1.0,-1,-1,-1
5,1,46.00,720.00,144.00,360.00,1.0,-1,-1,-1
5,2,276.00,435.00,100.00,297.00,1.0,-1,-1,-1
6,0,736.00,505.00,119.00,326.00,1.0,-1,-1,-1
6,1,42.00,720.00,146.00,360.00,1.0,-1,-1,-1
6,2,274.00,435.00,101.00,299.00,1.0,-1,-1,-1
7,0,736.00,505.00,115.00,326.00,1.0,-1,-1,-1
7,1,37.00,723.00,147.00,357.00,1.0,-1,-1,-1
7,2,271.00,437.00,111.00,311.00,1.0,-1,-1,-1
8,0,730.00,504.00,117.00,326.00,1.0,-1,-1,-1
8,1,32.00,729.00,149.00,351.00,1.0,-1,-1,-1
8,2,269.00,439.00,114.00,316.00,1.0,-1,-1,-1
9,0,714.00,506.00,130.00,325.00,1.0,-1,-1,-1
9,1,29.00,735.00,149.00,345.00,1.0,-1,-1,-1
9,2,268.00,442.00,114.00,318.00,1.0,-1,-1,-1
10,0,704.00,507.00,135.00,325.00,1.0,-1,-1,-1
10,1,28.00,744.00,148.00,336.00,1.0,-1,-1,-1
10,2,266.00,450.00,116.00,317.00,1.0,-1,-1,-1
11,0,693.00,510.00,144.00,328.00,1.0,-1,-1,-1
11,1,21.00,750.00,153.00,330.00,1.0,-1,-1,-1
11,2,265.00,454.00,115.00,314.00,1.0,-1,-1,-1
12,0,685.00,513.00,147.00,336.00,1.0,-1,-1,-1
12,1,24.00,757.00,148.00,323.00,1.0,-1,-1,-1
12,2,263.00,456.00,117.00,313.00,1.0,-1,-1,-1
13,0,676.00,516.00,154.00,338.00,1.0,-1,-1,-1
13,1,21.00,761.00,148.00,319.00,1.0,-1,-1,-1
13,2,259.00,458.00,116.00,310.00,1.0,-1,-1,-1
14,0,670.00,520.00,157.00,332.00,1.0,-1,-1,-1
14,1,20.00,765.00,147.00,315.00,1.0,-1,-1,-1
14,2,256.00,458.00,116.00,309.00,1.0,-1,-1,-1
15,0,665.00,523.00,159.00,334.00,1.0,-1,-1,-1
15,1,19.00,766.00,145.00,314.00,1.0,-1,-1,-1
15,2,253.00,458.00,114.00,174.00,1.0,-1,-1,-1
16,0,663.00,526.00,158.00,337.00,1.0,-1,-1,-1
16,1,15.00,768.00,147.00,312.00,1.0,-1,-1,-1
16,2,250.00,457.00,111.00,172.00,1.0,-1,-1,-1
17,0,662.00,528.00,155.00,340.00,1.0,-1,-1,-1
17,1,11.00,771.00,146.00,309.00,1.0,-1,-1,-1
17,2,246.00,460.00,108.00,378.00,1.0,-1,-1,-1
18,0,662.00,528.00,150.00,344.00,1.0,-1,-1,-1
18,1,7.00,774.00,148.00,306.00,1.0,-1,-1,-1
18,2,245.00,462.00,105.00,168.00,1.0,-1,-1,-1
19,0,663.00,529.00,145.00,347.00,1.0,-1,-1,-1
19,1,4.00,777.00,146.00,303.00,1.0,-1,-1,-1
19,2,243.00,464.00,103.00,319.00,1.0,-1,-1,-1
20,0,663.00,529.00,144.00,347.00,1.0,-1,-1,-1
20,1,0.00,781.00,147.00,299.00,1.0,-1,-1,-1
20,2,242.00,467.00,100.00,321.00,1.0,-1,-1,-1
21,0,663.00,529.00,143.00,346.00,1.0,-1,-1,-1
21,1,0.00,788.00,141.00,292.00,1.0,-1,-1,-1
21,2,238.00,471.00,102.00,324.00,1.0,-1,-1,-1
22,0,662.00,529.00,140.00,345.00,1.0,-1,-1,-1
22,1,0.00,791.00,137.00,289.00,1.0,-1,-1,-1
22,2,236.00,473.00,101.00,162.00,1.0,-1,-1,-1
23,0,662.00,531.00,139.00,342.00,1.0,-1,-1,-1
23,1,0.00,802.00,132.00,278.00,1.0,-1,-1,-1
23,2,233.00,476.00,102.00,155.00,1.0,-1,-1,-1
24,0,663.00,532.00,136.00,342.00,1.0,-1,-1,-1
24,1,0.00,804.00,124.00,276.00,1.0,-1,-1,-1
24,2,229.00,477.00,103.00,155.00,1.0,-1,-1,-1
25,0,662.00,535.00,135.00,338.00,1.0,-1,-1,-1
25,1,0.00,808.00,117.00,272.00,1.0,-1,-1,-1
25,2,224.00,478.00,106.00,156.00,1.0,-1,-1,-1
26,0,653.00,538.00,140.00,340.00,1.0,-1,-1,-1
26,1,0.00,811.00,109.00,269.00,1.0,-1,-1,-1
26,2,220.00,478.00,108.00,158.00,1.0,-1,-1,-1
27,0,635.00,543.00,157.00,341.00,1.0,-1,-1,-1
27,1,0.00,811.00,105.00,269.00,1.0,-1,-1,-1
27,2,217.00,479.00,109.00,163.00,1.0,-1,-1,-1
28,0,624.00,546.00,164.00,342.00,1.0,-1,-1,-1
28,1,0.00,815.00,99.00,265.00,1.0,-1,-1,-1
28,2,212.00,479.00,112.00,175.00,1.0,-1,-1,-1
29,0,622.00,549.00,161.00,344.00,1.0,-1,-1,-1
29,1,0.00,815.00,95.00,265.00,1.0,-1,-1,-1
29,2,211.00,480.00,112.00,174.00,1.0,-1,-1,-1
30,0,625.00,552.00,153.00,346.00,1.0,-1,-1,-1
30,1,0.00,820.00,89.00,260.00,1.0,-1,-1,-1
30,2,209.00,482.00,116.00,177.00,1.0,-1,-1,-1
31,0,627.00,553.00,145.00,349.00,1.0,-1,-1,-1
31,1,0.00,826.00,84.00,254.00,1.0,-1,-1,-1
31,2,204.00,486.00,124.00,183.00,1.0,-1,-1,-1
32,0,628.00,553.00,136.00,355.00,1.0,-1,-1,-1
32,1,0.00,840.00,80.00,240.00,1.0,-1,-1,-1
32,2,201.00,489.00,127.00,187.00,1.0,-1,-1,-1
33,0,622.00,554.00,136.00,355.00,1.0,-1,-1,-1
33,1,0.00,861.00,74.00,219.00,1.0,-1,-1,-1
33,2,198.00,494.00,130.00,192.00,1.0,-1,-1,-1
34,0,616.00,555.00,138.00,354.00,1.0,-1,-1,-1
34,1,0.00,873.00,71.00,207.00,1.0,-1,-1,-1
34,2,196.00,498.00,131.00,189.00,1.0,-1,-1,-1
35,0,611.00,555.00,137.00,354.00,1.0,-1,-1,-1
35,1,0.00,882.00,66.00,198.00,1.0,-1,-1,-1
35,2,195.00,501.00,132.00,192.00,1.0,-1,-1,-1
36,0,605.00,557.00,139.00,352.00,1.0,-1,-1,-1
36,1,0.00,894.00,61.00,186.00,1.0,-1,-1,-1
36,2,192.00,504.00,130.00,201.00,1.0,-1,-1,-1
37,0,599.00,557.00,140.00,351.00,1.0,-1,-1,-1
37,1,0.00,903.00,56.00,177.00,1.0,-1,-1,-1
37,2,189.00,504.00,130.00,206.00,1.0,-1,-1,-1
38,0,592.00,558.00,141.00,351.00,1.0,-1,-1,-1
38,1,0.00,910.00,51.00,170.00,1.0,-1,-1,-1
38,2,187.00,503.00,124.00,326.00,1.0,-1,-1,-1
38,3,1082.00,129.00,79.00,213.00,1.0,-1,-1,-1
39,0,586.00,563.00,143.00,359.00,1.0,-1,-1,-1
39,1,0.00,919.00,49.00,161.00,1.0,-1,-1,-1
39,2,183.00,505.00,122.00,326.00,1.0,-1,-1,-1
39,3,1082.00,130.00,84.00,210.00,1.0,-1,-1,-1
40,0,583.00,566.00,142.00,358.00,1.0,-1,-1,-1
40,1,0.00,926.00,45.00,154.00,1.0,-1,-1,-1
40,2,180.00,504.00,119.00,325.00,1.0,-1,-1,-1
40,3,1084.00,134.00,83.00,206.00,1.0,-1,-1,-1
41,0,578.00,568.00,144.00,359.00,1.0,-1,-1,-1
41,1,0.00,930.00,42.00,150.00,1.0,-1,-1,-1
41,2,175.00,505.00,117.00,324.00,1.0,-1,-1,-1
41,3,1083.00,135.00,81.00,205.00,1.0,-1,-1,-1
42,0,574.00,569.00,146.00,364.00,1.0,-1,-1,-1
42,1,0.00,935.00,38.00,145.00,1.0,-1,-1,-1
42,2,172.00,508.00,117.00,322.00,1.0,-1,-1,-1
42,3,1084.00,140.00,81.00,198.00,1.0,-1,-1,-1
43,0,570.00,571.00,147.00,369.00,1.0,-1,-1,-1
43,1,0.00,940.00,31.00,120.00,1.0,-1,-1,-1
43,2,167.00,511.00,117.00,319.00,1.0,-1,-1,-1
43,3,1083.00,141.00,80.00,196.00,1.0,-1,-1,-1
44,0,567.00,583.00,144.00,363.00,1.0,-1,-1,-1
44,1,0.00,944.00,28.00,117.00,1.0,-1,-1,-1
44,2,162.00,515.00,119.00,341.00,1.0,-1,-1,-1
44,3,1083.00,142.00,79.00,196.00,1.0,-1,-1,-1
45,0,564.00,586.00,139.00,366.00,1.0,-1,-1,-1
45,1,0.00,953.00,22.00,112.00,1.0,-1,-1,-1
45,2,158.00,519.00,119.00,345.00,1.0,-1,-1,-1
45,3,1082.00,143.00,81.00,197.00,1.0,-1,-1,-1
46,0,563.00,586.00,135.00,370.00,1.0,-1,-1,-1
46,1,0.00,966.00,18.00,104.00,1.0,-1,-1,-1
46,2,154.00,523.00,121.00,344.00,1.0,-1,-1,-1
46,3,1082.00,143.00,82.00,199.00,1.0,-1,-1,-1
47,0,560.00,584.00,135.00,372.00,1.0,-1,-1,-1
47,1,0.00,987.00,13.00,93.00,1.0,-1,-1,-1
47,2,148.00,525.00,123.00,343.00,1.0,-1,-1,-1
47,3,1081.00,143.00,83.00,199.00,1.0,-1,-1,-1
48,0,559.00,584.00,135.00,372.00,1.0,-1,-1,-1
48,1,0.00,1013.00,7.00,67.00,1.0,-1,-1,-1
48,2,140.00,526.00,129.00,342.00,1.0,-1,-1,-1
48,3,1082.00,143.00,82.00,198.00,1.0,-1,-1,-1
49,0,558.00,585.00,136.00,371.00,1.0,-1,-1,-1
49,1,0.00,0.00,0.00,0.00,1.0,-1,-1,-1
49,2,134.00,528.00,132.00,340.00,1.0,-1,-1,-1
49,3,1086.00,142.00,78.00,200.00,1.0,-1,-1,-1
50,0,556.00,588.00,137.00,369.00,1.0,-1,-1,-1
50,1,0.00,0.00,0.00,0.00,1.0,-1,-1,-1
50,2,128.00,528.00,137.00,341.00,1.0,-1,-1,-1
50,3,1090.00,143.00,74.00,201.00,1.0,-1,-1,-1
51,0,553.00,590.00,138.00,367.00,1.0,-1,-1,-1
51,1,0.00,0.00,0.00,0.00,1.0,-1,-1,-1
51,2,128.00,530.00,134.00,340.00,1.0,-1,-1,-1
51,3,1095.00,143.00,69.00,201.00,1.0,-1,-1,-1
52,0,549.00,595.00,141.00,364.00,1.0,-1,-1,-1
52,1,0.00,0.00,0.00,0.00,1.0,-1,-1,-1
52,2,133.00,532.00,126.00,339.00,1.0,-1,-1,-1
52,3,1097.00,144.00,175.00,201.00,1.0,-1,-1,-1
53,0,546.00,599.00,145.00,370.00,1.0,-1,-1,-1
53,1,0.00,0.00,0.00,0.00,1.0,-1,-1,-1
53,2,105.00,536.00,155.00,341.00,1.0,-1,-1,-1
53,3,1101.00,144.00,171.00,201.00,1.0,-1,-1,-1
54,0,539.00,603.00,150.00,371.00,1.0,-1,-1,-1
54,1,0.00,0.00,0.00,0.00,1.0,-1,-1,-1
54,2,106.00,537.00,155.00,352.00,1.0,-1,-1,-1
54,3,1101.00,144.00,171.00,201.00,1.0,-1,-1,-1
55,0,527.00,608.00,159.00,369.00,1.0,-1,-1,-1
55,1,0.00,0.00,0.00,0.00,1.0,-1,-1,-1
55,2,107.00,542.00,157.00,360.00,1.0,-1,-1,-1
55,3,1101.00,144.00,171.00,201.00,1.0,-1,-1,-1
56,0,520.00,613.00,161.00,371.00,1.0,-1,-1,-1
56,1,0.00,0.00,0.00,0.00,1.0,-1,-1,-1
56,2,119.00,548.00,148.00,359.00,1.0,-1,-1,-1
56,3,1101.00,145.00,59.00,201.00,1.0,-1,-1,-1
57,0,521.00,617.00,153.00,375.00,1.0,-1,-1,-1
57,1,0.00,0.00,0.00,0.00,1.0,-1,-1,-1
57,2,114.00,554.00,151.00,360.00,1.0,-1,-1,-1
57,3,1100.00,147.00,442.00,202.00,1.0,-1,-1,-1
58,0,522.00,621.00,145.00,376.00,1.0,-1,-1,-1
58,1,0.00,0.00,0.00,0.00,1.0,-1,-1,-1
58,2,111.00,558.00,152.00,358.00,1.0,-1,-1,-1
58,3,1099.00,148.00,57.00,199.00,1.0,-1,-1,-1
59,0,515.00,625.00,144.00,382.00,1.0,-1,-1,-1
59,1,0.00,0.00,0.00,0.00,1.0,-1,-1,-1
59,2,110.00,563.00,151.00,355.00,1.0,-1,-1,-1
59,3,1099.00,149.00,54.00,201.00,1.0,-1,-1,-1
60,0,509.00,626.00,144.00,384.00,1.0,-1,-1,-1
60,1,0.00,0.00,0.00,0.00,1.0,-1,-1,-1
60,2,108.00,566.00,150.00,353.00,1.0,-1,-1,-1
60,3,1100.00,149.00,53.00,200.00,1.0,-1,-1,-1
61,0,502.00,629.00,147.00,383.00,1.0,-1,-1,-1
61,1,0.00,0.00,0.00,0.00,1.0,-1,-1,-1
61,2,107.00,568.00,145.00,352.00,1.0,-1,-1,-1
61,3,1101.00,150.00,51.00,97.00,1.0,-1,-1,-1
62,0,498.00,631.00,145.00,381.00,1.0,-1,-1,-1
62,1,0.00,0.00,0.00,0.00,1.0,-1,-1,-1
62,2,107.00,570.00,139.00,350.00,1.0,-1,-1,-1
62,3,1101.00,151.00,51.00,93.00,1.0,-1,-1,-1
63,0,491.00,633.00,146.00,381.00,1.0,-1,-1,-1
63,1,0.00,0.00,0.00,0.00,1.0,-1,-1,-1
63,2,106.00,571.00,133.00,349.00,1.0,-1,-1,-1
63,3,1098.00,152.00,53.00,94.00,1.0,-1,-1,-1
64,0,484.00,637.00,145.00,379.00,1.0,-1,-1,-1
64,1,0.00,0.00,0.00,0.00,1.0,-1,-1,-1
64,2,106.00,573.00,125.00,349.00,1.0,-1,-1,-1
64,3,1096.00,154.00,54.00,99.00,1.0,-1,-1,-1
65,0,479.00,641.00,144.00,375.00,1.0,-1,-1,-1
65,1,0.00,0.00,0.00,0.00,1.0,-1,-1,-1
65,2,105.00,575.00,124.00,355.00,1.0,-1,-1,-1
65,3,1095.00,155.00,54.00,174.00,1.0,-1,-1,-1
66,0,473.00,644.00,145.00,381.00,1.0,-1,-1,-1
66,1,0.00,0.00,0.00,0.00,1.0,-1,-1,-1
66,2,103.00,581.00,123.00,363.00,1.0,-1,-1,-1
66,3,1093.00,155.00,55.00,186.00,1.0,-1,-1,-1
67,0,468.00,648.00,144.00,389.00,1.0,-1,-1,-1
67,1,0.00,0.00,0.00,0.00,1.0,-1,-1,-1
67,2,99.00,586.00,123.00,370.00,1.0,-1,-1,-1
67,3,1093.00,156.00,54.00,190.00,1.0,-1,-1,-1
68,0,462.00,654.00,146.00,387.00,1.0,-1,-1,-1
68,1,0.00,0.00,0.00,0.00,1.0,-1,-1,-1
68,2,96.00,591.00,123.00,374.00,1.0,-1,-1,-1
68,3,1091.00,157.00,55.00,188.00,1.0,-1,-1,-1
69,0,456.00,659.00,147.00,388.00,1.0,-1,-1,-1
69,1,0.00,0.00,0.00,0.00,1.0,-1,-1,-1
69,2,93.00,598.00,122.00,372.00,1.0,-1,-1,-1
69,3,1091.00,157.00,54.00,191.00,1.0,-1,-1,-1
70,0,451.00,664.00,148.00,394.00,1.0,-1,-1,-1
70,1,0.00,0.00,0.00,0.00,1.0,-1,-1,-1
70,2,91.00,602.00,123.00,370.00,1.0,-1,-1,-1
70,3,1091.00,158.00,55.00,195.00,1.0,-1,-1,-1
71,0,446.00,667.00,146.00,395.00,1.0,-1,-1,-1
71,1,0.00,0.00,0.00,0.00,1.0,-1,-1,-1
71,2,87.00,606.00,124.00,367.00,1.0,-1,-1,-1
71,3,1091.00,159.00,54.00,199.00,1.0,-1,-1,-1
72,0,440.00,672.00,142.00,397.00,1.0,-1,-1,-1
72,1,0.00,0.00,0.00,0.00,1.0,-1,-1,-1
72,2,82.00,609.00,124.00,365.00,1.0,-1,-1,-1
72,3,1091.00,161.00,55.00,197.00,1.0,-1,-1,-1
73,0,433.00,675.00,138.00,405.00,1.0,-1,-1,-1
73,1,0.00,0.00,0.00,0.00,1.0,-1,-1,-1
73,2,77.00,613.00,125.00,365.00,1.0,-1,-1,-1
73,3,1090.00,163.00,55.00,199.00,1.0,-1,-1,-1
74,0,426.00,677.00,138.00,403.00,1.0,-1,-1,-1
74,1,0.00,0.00,0.00,0.00,1.0,-1,-1,-1
74,2,72.00,615.00,127.00,364.00,1.0,-1,-1,-1
74,3,1091.00,164.00,53.00,199.00,1.0,-1,-1,-1
75,0,421.00,679.00,139.00,401.00,1.0,-1,-1,-1
75,1,0.00,0.00,0.00,0.00,1.0,-1,-1,-1
75,2,66.00,617.00,132.00,363.00,1.0,-1,-1,-1
75,3,1092.00,165.00,54.00,198.00,1.0,-1,-1,-1
76,0,415.00,681.00,142.00,399.00,1.0,-1,-1,-1
76,1,0.00,0.00,0.00,0.00,1.0,-1,-1,-1
76,2,63.00,619.00,135.00,361.00,1.0,-1,-1,-1
76,3,1094.00,166.00,52.00,198.00,1.0,-1,-1,-1
77,0,405.00,685.00,147.00,395.00,1.0,-1,-1,-1
77,1,0.00,0.00,0.00,0.00,1.0,-1,-1,-1
77,2,55.00,624.00,146.00,366.00,1.0,-1,-1,-1
77,3,1094.00,166.00,53.00,199.00,1.0,-1,-1,-1
78,0,392.00,688.00,155.00,392.00,1.0,-1,-1,-1
78,1,0.00,0.00,0.00,0.00,1.0,-1,-1,-1
78,2,50.00,628.00,153.00,379.00,1.0,-1,-1,-1
78,3,1094.00,168.00,52.00,197.00,1.0,-1,-1,-1
79,0,383.00,694.00,159.00,386.00,1.0,-1,-1,-1
79,1,0.00,0.00,0.00,0.00,1.0,-1,-1,-1
79,2,47.00,636.00,157.00,383.00,1.0,-1,-1,-1
79,3,1095.00,168.00,52.00,194.00,1.0,-1,-1,-1
80,0,374.00,700.00,163.00,380.00,1.0,-1,-1,-1
80,1,0.00,0.00,0.00,0.00,1.0,-1,-1,-1
80,2,42.00,642.00,161.00,384.00,1.0,-1,-1,-1
80,3,1096.00,170.00,53.00,192.00,1.0,-1,-1,-1
81,0,359.00,706.00,171.00,374.00,1.0,-1,-1,-1
81,1,0.00,0.00,0.00,0.00,1.0,-1,-1,-1
81,2,38.00,649.00,163.00,386.00,1.0,-1,-1,-1
81,3,1096.00,172.00,52.00,191.00,1.0,-1,-1,-1
82,0,345.00,710.00,178.00,370.00,1.0,-1,-1,-1
82,1,0.00,0.00,0.00,0.00,1.0,-1,-1,-1
82,2,37.00,653.00,162.00,385.00,1.0,-1,-1,-1
82,3,1098.00,171.00,53.00,194.00,1.0,-1,-1,-1
83,0,337.00,715.00,177.00,365.00,1.0,-1,-1,-1
83,1,0.00,959.00,10.00,39.00,1.0,-1,-1,-1
83,2,35.00,658.00,160.00,382.00,1.0,-1,-1,-1
83,3,1097.00,172.00,54.00,200.00,1.0,-1,-1,-1
84,0,335.00,719.00,172.00,361.00,1.0,-1,-1,-1
84,1,0.00,0.00,0.00,0.00,1.0,-1,-1,-1
84,2,35.00,663.00,157.00,377.00,1.0,-1,-1,-1
84,3,1098.00,173.00,114.00,203.00,1.0,-1,-1,-1
85,0,329.00,722.00,165.00,358.00,1.0,-1,-1,-1
85,1,0.00,0.00,0.00,0.00,1.0,-1,-1,-1
85,2,34.00,664.00,150.00,378.00,1.0,-1,-1,-1
85,3,1097.00,174.00,145.00,259.00,1.0,-1,-1,-1
86,0,318.00,724.00,161.00,356.00,1.0,-1,-1,-1
86,1,0.00,0.00,0.00,0.00,1.0,-1,-1,-1
86,2,32.00,667.00,143.00,377.00,1.0,-1,-1,-1
86,3,1097.00,176.00,145.00,257.00,1.0,-1,-1,-1
87,0,308.00,727.00,159.00,353.00,1.0,-1,-1,-1
87,1,0.00,0.00,0.00,0.00,1.0,-1,-1,-1
87,2,31.00,669.00,138.00,376.00,1.0,-1,-1,-1
87,3,1097.00,177.00,145.00,256.00,1.0,-1,-1,-1
88,0,298.00,729.00,157.00,351.00,1.0,-1,-1,-1
88,1,0.00,0.00,0.00,0.00,1.0,-1,-1,-1
88,2,29.00,672.00,133.00,374.00,1.0,-1,-1,-1
88,3,1096.00,179.00,146.00,271.00,1.0,-1,-1,-1
89,0,282.00,732.00,161.00,348.00,1.0,-1,-1,-1
89,1,0.00,0.00,0.00,0.00,1.0,-1,-1,-1
89,2,25.00,676.00,131.00,378.00,1.0,-1,-1,-1
89,3,1096.00,180.00,57.00,202.00,1.0,-1,-1,-1
90,0,270.00,734.00,162.00,346.00,1.0,-1,-1,-1
90,1,0.00,0.00,0.00,0.00,1.0,-1,-1,-1
90,2,24.00,680.00,127.00,391.00,1.0,-1,-1,-1
90,3,1094.00,181.00,148.00,252.00,1.0,-1,-1,-1
91,0,257.00,737.00,167.00,343.00,1.0,-1,-1,-1
91,1,0.00,0.00,0.00,0.00,1.0,-1,-1,-1
91,2,20.00,683.00,127.00,397.00,1.0,-1,-1,-1
91,3,1083.00,181.00,160.00,269.00,1.0,-1,-1,-1
92,0,245.00,743.00,173.00,337.00,1.0,-1,-1,-1
92,1,0.00,0.00,0.00,0.00,1.0,-1,-1,-1
92,2,19.00,692.00,124.00,388.00,1.0,-1,-1,-1
92,3,1096.00,184.00,146.00,266.00,1.0,-1,-1,-1
93,0,230.00,748.00,179.00,332.00,1.0,-1,-1,-1
93,1,0.00,0.00,0.00,0.00,1.0,-1,-1,-1
93,2,16.00,698.00,125.00,382.00,1.0,-1,-1,-1
93,3,1081.00,185.00,72.00,203.00,1.0,-1,-1,-1
94,0,216.00,754.00,184.00,326.00,1.0,-1,-1,-1
94,1,0.00,0.00,0.00,0.00,1.0,-1,-1,-1
94,2,12.00,704.00,125.00,376.00,1.0,-1,-1,-1
94,3,1075.00,186.00,77.00,203.00,1.0,-1,-1,-1
95,0,203.00,761.00,187.00,319.00,1.0,-1,-1,-1
95,1,0.00,0.00,0.00,0.00,1.0,-1,-1,-1
95,2,4.00,709.00,128.00,371.00,1.0,-1,-1,-1
95,3,1079.00,189.00,193.00,244.00,1.0,-1,-1,-1
96,0,194.00,768.00,187.00,312.00,1.0,-1,-1,-1
96,1,0.00,0.00,0.00,0.00,1.0,-1,-1,-1
96,2,0.00,710.00,129.00,370.00,1.0,-1,-1,-1
96,3,1088.00,186.00,63.00,189.00,1.0,-1,-1,-1
97,0,183.00,774.00,189.00,306.00,1.0,-1,-1,-1
97,1,0.00,0.00,0.00,0.00,1.0,-1,-1,-1
97,2,0.00,712.00,125.00,368.00,1.0,-1,-1,-1
97,3,1083.00,187.00,66.00,208.00,1.0,-1,-1,-1
98,0,176.00,779.00,184.00,301.00,1.0,-1,-1,-1
98,1,0.00,0.00,0.00,0.00,1.0,-1,-1,-1
98,2,0.00,715.00,122.00,365.00,1.0,-1,-1,-1
98,3,1090.00,189.00,59.00,207.00,1.0,-1,-1,-1
99,0,171.00,782.00,179.00,298.00,1.0,-1,-1,-1
99,1,0.00,0.00,0.00,0.00,1.0,-1,-1,-1
99,2,0.00,717.00,117.00,363.00,1.0,-1,-1,-1
99,3,1091.00,189.00,56.00,207.00,1.0,-1,-1,-1
100,0,166.00,784.00,174.00,296.00,1.0,-1,-1,-1
100,1,0.00,0.00,0.00,0.00,1.0,-1,-1,-1
100,2,0.00,719.00,118.00,361.00,1.0,-1,-1,-1
100,3,1091.00,190.00,57.00,206.00,1.0,-1,-1,-1
101,0,161.00,787.00,171.00,293.00,1.0,-1,-1,-1
101,1,0.00,0.00,0.00,0.00,1.0,-1,-1,-1
101,2,0.00,722.00,120.00,358.00,1.0,-1,-1,-1
101,3,1090.00,190.00,60.00,209.00,1.0,-1,-1,-1
102,0,157.00,789.00,167.00,291.00,1.0,-1,-1,-1
102,1,0.00,0.00,0.00,0.00,1.0,-1,-1,-1
102,2,0.00,726.00,123.00,354.00,1.0,-1,-1,-1
102,3,1088.00,191.00,61.00,208.00,1.0,-1,-1,-1
103,0,154.00,791.00,163.00,289.00,1.0,-1,-1,-1
103,1,0.00,0.00,0.00,0.00,1.0,-1,-1,-1
103,2,0.00,731.00,124.00,349.00,1.0,-1,-1,-1
103,3,1087.00,194.00,215.00,207.00,1.0,-1,-1,-1
104,0,149.00,794.00,160.00,286.00,1.0,-1,-1,-1
104,1,0.00,0.00,0.00,0.00,1.0,-1,-1,-1
104,2,0.00,733.00,124.00,347.00,1.0,-1,-1,-1
104,3,1087.00,195.00,215.00,255.00,1.0,-1,-1,-1
105,0,140.00,800.00,160.00,280.00,1.0,-1,-1,-1
105,1,0.00,0.00,0.00,0.00,1.0,-1,-1,-1
105,2,0.00,744.00,123.00,336.00,1.0,-1,-1,-1
105,3,1087.00,196.00,57.00,206.00,1.0,-1,-1,-1
106,0,131.00,804.00,158.00,276.00,1.0,-1,-1,-1
106,1,0.00,0.00,0.00,0.00,1.0,-1,-1,-1
106,2,0.00,749.00,121.00,331.00,1.0,-1,-1,-1
106,3,1085.00,198.00,247.00,252.00,1.0,-1,-1,-1
107,0,125.00,810.00,152.00,270.00,1.0,-1,-1,-1
107,1,0.00,0.00,0.00,0.00,1.0,-1,-1,-1
107,2,0.00,751.00,118.00,329.00,1.0,-1,-1,-1
107,3,1086.00,198.00,216.00,206.00,1.0,-1,-1,-1
108,0,118.00,816.00,143.00,264.00,1.0,-1,-1,-1
108,1,0.00,0.00,0.00,0.00,1.0,-1,-1,-1
108,2,0.00,753.00,113.00,327.00,1.0,-1,-1,-1
108,3,1086.00,199.00,48.00,198.00,1.0,-1,-1,-1
108,4,706.00,302.00,84.00,211.00,1.0,-1,-1,-1
109,0,110.00,822.00,136.00,258.00,1.0,-1,-1,-1
109,1,0.00,0.00,0.00,0.00,1.0,-1,-1,-1
109,2,0.00,757.00,106.00,323.00,1.0,-1,-1,-1
109,3,1085.00,199.00,247.00,234.00,1.0,-1,-1,-1
109,4,702.00,299.00,87.00,216.00,1.0,-1,-1,-1
110,0,101.00,827.00,128.00,253.00,1.0,-1,-1,-1
110,1,0.00,0.00,0.00,0.00,1.0,-1,-1,-1
110,2,0.00,758.00,102.00,322.00,1.0,-1,-1,-1
110,3,1085.00,200.00,49.00,201.00,1.0,-1,-1,-1
110,4,702.00,303.00,87.00,224.00,1.0,-1,-1,-1
111,0,88.00,832.00,122.00,248.00,1.0,-1,-1,-1
111,1,0.00,0.00,0.00,0.00,1.0,-1,-1,-1
111,2,0.00,759.00,95.00,321.00,1.0,-1,-1,-1
111,3,1084.00,201.00,249.00,232.00,1.0,-1,-1,-1
111,4,700.00,306.00,88.00,222.00,1.0,-1,-1,-1
112,0,78.00,835.00,120.00,245.00,1.0,-1,-1,-1
112,1,0.00,0.00,0.00,0.00,1.0,-1,-1,-1
112,2,0.00,761.00,87.00,319.00,1.0,-1,-1,-1
112,3,1082.00,203.00,251.00,213.00,1.0,-1,-1,-1
112,4,697.00,310.00,91.00,224.00,1.0,-1,-1,-1
113,0,65.00,837.00,123.00,243.00,1.0,-1,-1,-1
113,1,0.00,0.00,0.00,0.00,1.0,-1,-1,-1
113,2,0.00,761.00,81.00,319.00,1.0,-1,-1,-1
113,3,1082.00,202.00,251.00,214.00,1.0,-1,-1,-1
113,4,696.00,314.00,92.00,221.00,1.0,-1,-1,-1
114,0,54.00,842.00,124.00,238.00,1.0,-1,-1,-1
114,1,0.00,0.00,0.00,0.00,1.0,-1,-1,-1
114,2,0.00,768.00,77.00,312.00,1.0,-1,-1,-1
114,3,1080.00,203.00,252.00,213.00,1.0,-1,-1,-1
114,4,695.00,316.00,93.00,227.00,1.0,-1,-1,-1
115,0,41.00,847.00,129.00,233.00,1.0,-1,-1,-1
115,1,0.00,0.00,0.00,0.00,1.0,-1,-1,-1
115,2,0.00,774.00,75.00,306.00,1.0,-1,-1,-1
115,3,1087.00,203.00,46.00,201.00,1.0,-1,-1,-1
115,4,695.00,320.00,95.00,223.00,1.0,-1,-1,-1
116,0,32.00,851.00,133.00,229.00,1.0,-1,-1,-1
116,1,0.00,0.00,0.00,0.00,1.0,-1,-1,-1
116,2,0.00,778.00,68.00,302.00,1.0,-1,-1,-1
116,3,1082.00,203.00,51.00,204.00,1.0,-1,-1,-1
116,4,694.00,320.00,96.00,224.00,1.0,-1,-1,-1
117,0,18.00,852.00,138.00,228.00,1.0,-1,-1,-1
117,1,0.00,0.00,0.00,0.00,1.0,-1,-1,-1
117,2,0.00,783.00,62.00,297.00,1.0,-1,-1,-1
117,3,1089.00,204.00,273.00,212.00,1.0,-1,-1,-1
117,4,693.00,321.00,97.00,224.00,1.0,-1,-1,-1
118,0,5.00,858.00,143.00,222.00,1.0,-1,-1,-1
118,1,0.00,0.00,0.00,0.00,1.0,-1,-1,-1
118,2,0.00,790.00,55.00,240.00,1.0,-1,-1,-1
118,3,1089.00,204.00,273.00,212.00,1.0,-1,-1,-1
118,4,692.00,321.00,99.00,222.00,1.0,-1,-1,-1
119,0,0.00,863.00,140.00,217.00,1.0,-1,-1,-1
119,1,0.00,0.00,0.00,0.00,1.0,-1,-1,-1
119,2,0.00,794.00,51.00,205.00,1.0,-1,-1,-1
119,3,1088.00,204.00,274.00,212.00,1.0,-1,-1,-1
119,4,691.00,322.00,99.00,215.00,1.0,-1,-1,-1
120,0,0.00,868.00,132.00,212.00,1.0,-1,-1,-1
120,1,0.00,0.00,0.00,0.00,1.0,-1,-1,-1
120,2,0.00,798.00,47.00,166.00,1.0,-1,-1,-1
120,3,1088.00,204.00,45.00,173.00,1.0,-1,-1,-1
120,4,692.00,321.00,100.00,218.00,1.0,-1,-1,-1
121,0,0.00,874.00,123.00,206.00,1.0,-1,-1,-1
121,1,0.00,0.00,0.00,0.00,1.0,-1,-1,-1
121,2,0.00,804.00,43.00,147.00,1.0,-1,-1,-1
121,3,1085.00,204.00,49.00,176.00,1.0,-1,-1,-1
121,4,691.00,320.00,87.00,219.00,1.0,-1,-1,-1
122,0,0.00,879.00,114.00,201.00,1.0,-1,-1,-1
122,1,0.00,0.00,0.00,0.00,1.0,-1,-1,-1
122,2,0.00,848.00,41.00,103.00,1.0,-1,-1,-1
122,3,1087.00,205.00,46.00,176.00,1.0,-1,-1,-1
122,4,690.00,320.00,87.00,231.00,1.0,-1,-1,-1
123,0,0.00,886.00,108.00,194.00,1.0,-1,-1,-1
123,1,0.00,0.00,0.00,0.00,1.0,-1,-1,-1
123,2,0.00,852.00,40.00,104.00,1.0,-1,-1,-1
123,3,1087.00,205.00,48.00,182.00,1.0,-1,-1,-1
123,4,690.00,323.00,87.00,229.00,1.0,-1,-1,-1
124,0,0.00,891.00,100.00,189.00,1.0,-1,-1,-1
124,1,0.00,0.00,0.00,0.00,1.0,-1,-1,-1
124,2,0.00,855.00,38.00,104.00,1.0,-1,-1,-1
124,3,1089.00,205.00,48.00,181.00,1.0,-1,-1,-1
124,4,689.00,326.00,88.00,228.00,1.0,-1,-1,-1
125,0,0.00,896.00,91.00,184.00,1.0,-1,-1,-1
125,1,0.00,0.00,0.00,0.00,1.0,-1,-1,-1
125,2,0.00,857.00,37.00,103.00,1.0,-1,-1,-1
125,3,1089.00,204.00,49.00,178.00,1.0,-1,-1,-1
125,4,684.00,328.00,91.00,231.00,1.0,-1,-1,-1
126,0,0.00,904.00,83.00,176.00,1.0,-1,-1,-1
126,1,0.00,0.00,0.00,0.00,1.0,-1,-1,-1
126,2,0.00,862.00,35.00,83.00,1.0,-1,-1,-1
126,3,1087.00,205.00,52.00,179.00,1.0,-1,-1,-1
126,4,682.00,330.00,90.00,234.00,1.0,-1,-1,-1
127,0,0.00,908.00,75.00,172.00,1.0,-1,-1,-1
127,1,0.00,0.00,0.00,0.00,1.0,-1,-1,-1
127,2,0.00,867.00,34.00,53.00,1.0,-1,-1,-1
127,3,1083.00,204.00,57.00,82.00,1.0,-1,-1,-1
127,4,680.00,331.00,90.00,236.00,1.0,-1,-1,-1
128,0,0.00,913.00,67.00,167.00,1.0,-1,-1,-1
128,1,0.00,0.00,0.00,0.00,1.0,-1,-1,-1
128,2,0.00,872.00,44.00,107.00,1.0,-1,-1,-1
128,3,1085.00,204.00,55.00,79.00,1.0,-1,-1,-1
128,4,681.00,332.00,92.00,237.00,1.0,-1,-1,-1
129,0,0.00,914.00,61.00,166.00,1.0,-1,-1,-1
129,1,0.00,0.00,0.00,0.00,1.0,-1,-1,-1
129,2,0.00,879.00,46.00,109.00,1.0,-1,-1,-1
129,3,1089.00,204.00,56.00,182.00,1.0,-1,-1,-1
129,4,677.00,332.00,94.00,236.00,1.0,-1,-1,-1
130,0,0.00,920.00,53.00,160.00,1.0,-1,-1,-1
130,1,0.00,0.00,0.00,0.00,1.0,-1,-1,-1
130,2,0.00,885.00,44.00,110.00,1.0,-1,-1,-1
130,3,1089.00,204.00,57.00,182.00,1.0,-1,-1,-1
130,4,675.00,333.00,92.00,235.00,1.0,-1,-1,-1
131,0,0.00,971.00,48.00,109.00,1.0,-1,-1,-1
131,1,0.00,0.00,0.00,0.00,1.0,-1,-1,-1
131,2,0.00,892.00,44.00,116.00,1.0,-1,-1,-1
131,3,1090.00,204.00,56.00,180.00,1.0,-1,-1,-1
131,4,671.00,331.00,93.00,237.00,1.0,-1,-1,-1
132,0,0.00,984.00,45.00,96.00,1.0,-1,-1,-1
132,1,0.00,0.00,0.00,0.00,1.0,-1,-1,-1
132,2,0.00,897.00,45.00,132.00,1.0,-1,-1,-1
132,3,1094.00,204.00,51.00,179.00,1.0,-1,-1,-1
132,4,671.00,330.00,92.00,238.00,1.0,-1,-1,-1
133,0,0.00,992.00,39.00,88.00,1.0,-1,-1,-1
133,1,0.00,0.00,0.00,0.00,1.0,-1,-1,-1
133,2,0.00,901.00,38.00,130.00,1.0,-1,-1,-1
133,3,1096.00,203.00,50.00,179.00,1.0,-1,-1,-1
133,4,674.00,330.00,88.00,237.00,1.0,-1,-1,-1
134,0,0.00,1003.00,34.00,77.00,1.0,-1,-1,-1
134,1,0.00,0.00,0.00,0.00,1.0,-1,-1,-1
134,2,0.00,906.00,37.00,159.00,1.0,-1,-1,-1
134,3,1096.00,204.00,51.00,178.00,1.0,-1,-1,-1
134,4,674.00,331.00,88.00,243.00,1.0,-1,-1,-1
135,0,0.00,1013.00,28.00,67.00,1.0,-1,-1,-1
135,1,0.00,0.00,0.00,0.00,1.0,-1,-1,-1
135,2,0.00,911.00,28.00,150.00,1.0,-1,-1,-1
135,3,1098.00,204.00,49.00,178.00,1.0,-1,-1,-1
135,4,673.00,336.00,91.00,243.00,1.0,-1,-1,-1
136,0,0.00,1028.00,20.00,52.00,1.0,-1,-1,-1
136,1,0.00,0.00,0.00,0.00,1.0,-1,-1,-1
136,2,0.00,916.00,27.00,154.00,1.0,-1,-1,-1
136,3,1099.00,204.00,48.00,175.00,1.0,-1,-1,-1
136,4,672.00,338.00,92.00,238.00,1.0,-1,-1,-1
137,0,0.00,1053.00,14.00,27.00,1.0,-1,-1,-1
137,1,0.00,0.00,0.00,0.00,1.0,-1,-1,-1
137,2,0.00,927.00,20.00,153.00,1.0,-1,-1,-1
137,3,1100.00,203.00,47.00,85.00,1.0,-1,-1,-1
137,4,673.00,340.00,90.00,238.00,1.0,-1,-1,-1
138,0,0.00,1059.00,7.00,21.00,1.0,-1,-1,-1
138,1,0.00,0.00,0.00,0.00,1.0,-1,-1,-1
138,2,0.00,941.00,13.00,132.00,1.0,-1,-1,-1
138,3,1101.00,203.00,49.00,85.00,1.0,-1,-1,-1
138,4,672.00,342.00,89.00,240.00,1.0,-1,-1,-1
139,0,0.00,0.00,0.00,0.00,1.0,-1,-1,-1
139,1,0.00,0.00,0.00,0.00,1.0,-1,-1,-1
139,2,0.00,969.00,7.00,89.00,1.0,-1,-1,-1
139,3,1103.00,204.00,48.00,81.00,1.0,-1,-1,-1
139,4,673.00,344.00,87.00,241.00,1.0,-1,-1,-1
140,0,0.00,0.00,0.00,0.00,1.0,-1,-1,-1
140,1,0.00,0.00,0.00,0.00,1.0,-1,-1,-1
140,2,0.00,994.00,5.00,29.00,1.0,-1,-1,-1
140,3,1105.00,203.00,47.00,81.00,1.0,-1,-1,-1
140,4,671.00,347.00,87.00,239.00,1.0,-1,-1,-1
141,0,0.00,0.00,0.00,0.00,1.0,-1,-1,-1
141,1,0.00,0.00,0.00,0.00,1.0,-1,-1,-1
141,2,0.00,0.00,0.00,0.00,1.0,-1,-1,-1
141,3,1106.00,202.00,48.00,82.00,1.0,-1,-1,-1
141,4,670.00,348.00,88.00,238.00,1.0,-1,-1,-1
142,0,0.00,0.00,0.00,0.00,1.0,-1,-1,-1
142,1,0.00,0.00,0.00,0.00,1.0,-1,-1,-1
142,2,0.00,0.00,0.00,0.00,1.0,-1,-1,-1
142,3,1108.00,202.00,48.00,80.00,1.0,-1,-1,-1
142,4,669.00,349.00,89.00,236.00,1.0,-1,-1,-1
143,0,0.00,0.00,0.00,0.00,1.0,-1,-1,-1
143,1,0.00,0.00,0.00,0.00,1.0,-1,-1,-1
143,2,0.00,0.00,0.00,0.00,1.0,-1,-1,-1
143,3,1112.00,202.00,44.00,83.00,1.0,-1,-1,-1
143,4,668.00,349.00,92.00,236.00,1.0,-1,-1,-1
144,0,0.00,0.00,0.00,0.00,1.0,-1,-1,-1
144,1,0.00,0.00,0.00,0.00,1.0,-1,-1,-1
144,2,0.00,0.00,0.00,0.00,1.0,-1,-1,-1
144,3,1114.00,201.00,42.00,168.00,1.0,-1,-1,-1
144,4,664.00,350.00,96.00,235.00,1.0,-1,-1,-1
145,0,0.00,0.00,0.00,0.00,1.0,-1,-1,-1
145,1,0.00,0.00,0.00,0.00,1.0,-1,-1,-1
145,2,0.00,0.00,0.00,0.00,1.0,-1,-1,-1
145,3,1116.00,200.00,40.00,166.00,1.0,-1,-1,-1
145,4,664.00,348.00,98.00,236.00,1.0,-1,-1,-1
146,0,0.00,0.00,0.00,0.00,1.0,-1,-1,-1
146,1,0.00,0.00,0.00,0.00,1.0,-1,-1,-1
146,2,0.00,0.00,0.00,0.00,1.0,-1,-1,-1
146,3,1118.00,201.00,38.00,168.00,1.0,-1,-1,-1
146,4,664.00,350.00,97.00,235.00,1.0,-1,-1,-1
147,0,0.00,0.00,0.00,0.00,1.0,-1,-1,-1
147,1,0.00,0.00,0.00,0.00,1.0,-1,-1,-1
147,2,0.00,0.00,0.00,0.00,1.0,-1,-1,-1
147,3,1121.00,201.00,36.00,168.00,1.0,-1,-1,-1
147,4,662.00,349.00,94.00,244.00,1.0,-1,-1,-1
147,5,373.00,411.00,81.00,239.00,1.0,-1,-1,-1
148,0,0.00,0.00,0.00,0.00,1.0,-1,-1,-1
148,1,0.00,0.00,0.00,0.00,1.0,-1,-1,-1
148,2,0.00,0.00,0.00,0.00,1.0,-1,-1,-1
148,3,1124.00,201.00,33.00,165.00,1.0,-1,-1,-1
148,4,662.00,353.00,88.00,240.00,1.0,-1,-1,-1
148,5,371.00,411.00,82.00,239.00,1.0,-1,-1,-1
149,0,0.00,0.00,0.00,0.00,1.0,-1,-1,-1
149,1,0.00,0.00,0.00,0.00,1.0,-1,-1,-1
149,2,0.00,0.00,0.00,0.00,1.0,-1,-1,-1
149,3,1127.00,201.00,30.00,86.00,1.0,-1,-1,-1
149,4,659.00,357.00,93.00,238.00,1.0,-1,-1,-1
149,5,370.00,412.00,82.00,237.00,1.0,-1,-1,-1
150,0,0.00,0.00,0.00,0.00,1.0,-1,-1,-1
150,1,0.00,0.00,0.00,0.00,1.0,-1,-1,-1
150,2,0.00,0.00,0.00,0.00,1.0,-1,-1,-1
150,3,1130.00,201.00,26.00,59.00,1.0,-1,-1,-1
150,4,658.00,359.00,99.00,241.00,1.0,-1,-1,-1
150,5,368.00,411.00,83.00,238.00,1.0,-1,-1,-1
151,0,0.00,0.00,0.00,0.00,1.0,-1,-1,-1
151,1,0.00,0.00,0.00,0.00,1.0,-1,-1,-1
151,2,0.00,0.00,0.00,0.00,1.0,-1,-1,-1
151,3,1132.00,201.00,24.00,60.00,1.0,-1,-1,-1
151,4,657.00,358.00,93.00,244.00,1.0,-1,-1,-1
151,5,366.00,413.00,82.00,239.00,1.0,-1,-1,-1
152,0,0.00,0.00,0.00,0.00,1.0,-1,-1,-1
152,1,0.00,0.00,0.00,0.00,1.0,-1,-1,-1
152,2,0.00,0.00,0.00,0.00,1.0,-1,-1,-1
152,3,1135.00,202.00,22.00,55.00,1.0,-1,-1,-1
152,4,655.00,370.00,96.00,235.00,1.0,-1,-1,-1
152,5,365.00,416.00,82.00,241.00,1.0,-1,-1,-1
153,0,0.00,0.00,0.00,0.00,1.0,-1,-1,-1
153,1,0.00,0.00,0.00,0.00,1.0,-1,-1,-1
153,2,0.00,0.00,0.00,0.00,1.0,-1,-1,-1
153,3,1136.00,204.00,21.00,52.00,1.0,-1,-1,-1
153,4,652.00,363.00,98.00,241.00,1.0,-1,-1,-1
153,5,364.00,419.00,81.00,240.00,1.0,-1,-1,-1
154,0,0.00,0.00,0.00,0.00,1.0,-1,-1,-1
154,1,0.00,0.00,0.00,0.00,1.0,-1,-1,-1
154,2,0.00,0.00,0.00,0.00,1.0,-1,-1,-1
154,3,1135.00,211.00,22.00,45.00,1.0,-1,-1,-1
154,4,650.00,363.00,101.00,242.00,1.0,-1,-1,-1
154,5,362.00,421.00,81.00,241.00,1.0,-1,-1,-1
155,0,0.00,0.00,0.00,0.00,1.0,-1,-1,-1
155,1,0.00,0.00,0.00,0.00,1.0,-1,-1,-1
155,2,0.00,0.00,0.00,0.00,1.0,-1,-1,-1
155,3,1136.00,212.00,21.00,44.00,1.0,-1,-1,-1
155,4,649.00,363.00,100.00,241.00,1.0,-1,-1,-1
155,5,361.00,424.00,80.00,242.00,1.0,-1,-1,-1
155,6,510.00,437.00,125.00,234.00,1.0,-1,-1,-1
156,0,0.00,0.00,0.00,0.00,1.0,-1,-1,-1
156,1,0.00,0.00,0.00,0.00,1.0,-1,-1,-1
156,2,0.00,0.00,0.00,0.00,1.0,-1,-1,-1
156,3,1135.00,214.00,22.00,42.00,1.0,-1,-1,-1
156,4,647.00,361.00,102.00,243.00,1.0,-1,-1,-1
156,5,360.00,426.00,79.00,244.00,1.0,-1,-1,-1
156,6,508.00,438.00,104.00,233.00,1.0,-1,-1,-1
157,0,0.00,0.00,0.00,0.00,1.0,-1,-1,-1
157,1,0.00,0.00,0.00,0.00,1.0,-1,-1,-1
157,2,0.00,0.00,0.00,0.00,1.0,-1,-1,-1
157,3,1134.00,215.00,23.00,43.00,1.0,-1,-1,-1
157,4,645.00,361.00,104.00,243.00,1.0,-1,-1,-1
157,5,360.00,428.00,78.00,243.00,1.0,-1,-1,-1
157,6,506.00,438.00,104.00,232.00,1.0,-1,-1,-1
158,0,0.00,0.00,0.00,0.00,1.0,-1,-1,-1
158,1,0.00,0.00,0.00,0.00,1.0,-1,-1,-1
158,2,0.00,0.00,0.00,0.00,1.0,-1,-1,-1
158,3,1135.00,218.00,22.00,39.00,1.0,-1,-1,-1
158,4,642.00,359.00,102.00,246.00,1.0,-1,-1,-1
158,5,358.00,427.00,79.00,243.00,1.0,-1,-1,-1
158,6,505.00,437.00,101.00,232.00,1.0,-1,-1,-1
159,0,0.00,0.00,0.00,0.00,1.0,-1,-1,-1
159,1,0.00,0.00,0.00,0.00,1.0,-1,-1,-1
159,2,0.00,0.00,0.00,0.00,1.0,-1,-1,-1
159,3,1134.00,219.00,33.00,38.00,1.0,-1,-1,-1
159,4,641.00,362.00,101.00,252.00,1.0,-1,-1,-1
159,5,356.00,427.00,81.00,243.00,1.0,-1,-1,-1
159,6,503.00,438.00,99.00,230.00,1.0,-1,-1,-1
160,0,0.00,0.00,0.00,0.00,1.0,-1,-1,-1
160,1,0.00,0.00,0.00,0.00,1.0,-1,-1,-1
160,2,0.00,0.00,0.00,0.00,1.0,-1,-1,-1
160,3,1134.00,220.00,22.00,37.00,1.0,-1,-1,-1
160,4,640.00,364.00,102.00,252.00,1.0,-1,-1,-1
160,5,355.00,426.00,82.00,243.00,1.0,-1,-1,-1
160,6,501.00,440.00,98.00,232.00,1.0,-1,-1,-1
161,0,0.00,0.00,0.00,0.00,1.0,-1,-1,-1
161,1,0.00,0.00,0.00,0.00,1.0,-1,-1,-1
161,2,0.00,0.00,0.00,0.00,1.0,-1,-1,-1
161,3,1133.00,220.00,22.00,37.00,1.0,-1,-1,-1
161,4,638.00,367.00,103.00,246.00,1.0,-1,-1,-1
161,5,353.00,425.00,82.00,242.00,1.0,-1,-1,-1
161,6,498.00,440.00,98.00,235.00,1.0,-1,-1,-1
162,0,0.00,0.00,0.00,0.00,1.0,-1,-1,-1
162,1,0.00,0.00,0.00,0.00,1.0,-1,-1,-1
162,2,0.00,0.00,0.00,0.00,1.0,-1,-1,-1
162,3,1132.00,221.00,22.00,37.00,1.0,-1,-1,-1
162,4,638.00,370.00,102.00,249.00,1.0,-1,-1,-1
162,5,352.00,423.00,83.00,245.00,1.0,-1,-1,-1
162,6,497.00,442.00,97.00,237.00,1.0,-1,-1,-1
163,0,0.00,0.00,0.00,0.00,1.0,-1,-1,-1
163,1,0.00,0.00,0.00,0.00,1.0,-1,-1,-1
163,2,0.00,0.00,0.00,0.00,1.0,-1,-1,-1
163,3,1132.00,221.00,22.00,36.00,1.0,-1,-1,-1
163,4,640.00,372.00,99.00,252.00,1.0,-1,-1,-1
163,5,351.00,423.00,83.00,244.00,1.0,-1,-1,-1
163,6,494.00,446.00,98.00,236.00,1.0,-1,-1,-1
164,0,0.00,0.00,0.00,0.00,1.0,-1,-1,-1
164,1,0.00,0.00,0.00,0.00,1.0,-1,-1,-1
164,2,0.00,0.00,0.00,0.00,1.0,-1,-1,-1
164,3,0.00,0.00,0.00,0.00,1.0,-1,-1,-1
164,4,641.00,372.00,99.00,255.00,1.0,-1,-1,-1
164,5,350.00,424.00,82.00,247.00,1.0,-1,-1,-1
164,6,487.00,448.00,102.00,238.00,1.0,-1,-1,-1
165,0,0.00,0.00,0.00,0.00,1.0,-1,-1,-1
165,1,0.00,0.00,0.00,0.00,1.0,-1,-1,-1
165,2,0.00,0.00,0.00,0.00,1.0,-1,-1,-1
165,3,0.00,0.00,0.00,0.00,1.0,-1,-1,-1
165,4,643.00,372.00,98.00,254.00,1.0,-1,-1,-1
165,5,349.00,426.00,82.00,250.00,1.0,-1,-1,-1
165,6,484.00,448.00,102.00,236.00,1.0,-1,-1,-1
166,0,0.00,0.00,0.00,0.00,1.0,-1,-1,-1
166,1,0.00,0.00,0.00,0.00,1.0,-1,-1,-1
166,2,0.00,0.00,0.00,0.00,1.0,-1,-1,-1
166,3,0.00,0.00,0.00,0.00,1.0,-1,-1,-1
166,4,644.00,372.00,98.00,255.00,1.0,-1,-1,-1
166,5,348.00,428.00,81.00,248.00,1.0,-1,-1,-1
166,6,483.00,449.00,100.00,235.00,1.0,-1,-1,-1
167,0,0.00,0.00,0.00,0.00,1.0,-1,-1,-1
167,1,0.00,0.00,0.00,0.00,1.0,-1,-1,-1
167,2,0.00,0.00,0.00,0.00,1.0,-1,-1,-1
167,3,0.00,0.00,0.00,0.00,1.0,-1,-1,-1
167,4,645.00,371.00,99.00,256.00,1.0,-1,-1,-1
167,5,348.00,431.00,79.00,247.00,1.0,-1,-1,-1
167,6,481.00,449.00,100.00,236.00,1.0,-1,-1,-1
168,0,0.00,0.00,0.00,0.00,1.0,-1,-1,-1
168,1,0.00,0.00,0.00,0.00,1.0,-1,-1,-1
168,2,0.00,0.00,0.00,0.00,1.0,-1,-1,-1
168,3,0.00,0.00,0.00,0.00,1.0,-1,-1,-1
168,4,644.00,369.00,101.00,258.00,1.0,-1,-1,-1
168,5,346.00,435.00,79.00,247.00,1.0,-1,-1,-1
168,6,478.00,448.00,101.00,236.00,1.0,-1,-1,-1
169,0,0.00,0.00,0.00,0.00,1.0,-1,-1,-1
169,1,0.00,0.00,0.00,0.00,1.0,-1,-1,-1
169,2,0.00,0.00,0.00,0.00,1.0,-1,-1,-1
169,3,0.00,0.00,0.00,0.00,1.0,-1,-1,-1
169,4,642.00,368.00,100.00,259.00,1.0,-1,-1,-1
169,5,343.00,437.00,80.00,247.00,1.0,-1,-1,-1
169,6,475.00,448.00,101.00,236.00,1.0,-1,-1,-1
170,0,0.00,0.00,0.00,0.00,1.0,-1,-1,-1
170,1,0.00,0.00,0.00,0.00,1.0,-1,-1,-1
170,2,0.00,0.00,0.00,0.00,1.0,-1,-1,-1
170,3,0.00,0.00,0.00,0.00,1.0,-1,-1,-1
170,4,640.00,370.00,97.00,256.00,1.0,-1,-1,-1
170,5,341.00,438.00,78.00,251.00,1.0,-1,-1,-1
170,6,472.00,449.00,103.00,237.00,1.0,-1,-1,-1
171,0,0.00,0.00,0.00,0.00,1.0,-1,-1,-1
171,1,0.00,0.00,0.00,0.00,1.0,-1,-1,-1
171,2,0.00,0.00,0.00,0.00,1.0,-1,-1,-1
171,3,0.00,0.00,0.00,0.00,1.0,-1,-1,-1
171,4,639.00,372.00,96.00,258.00,1.0,-1,-1,-1
171,5,338.00,439.00,79.00,250.00,1.0,-1,-1,-1
171,6,469.00,448.00,104.00,237.00,1.0,-1,-1,-1
172,0,0.00,0.00,0.00,0.00,1.0,-1,-1,-1
172,1,0.00,0.00,0.00,0.00,1.0,-1,-1,-1
172,2,0.00,0.00,0.00,0.00,1.0,-1,-1,-1
172,3,0.00,0.00,0.00,0.00,1.0,-1,-1,-1
172,4,638.00,376.00,97.00,255.00,1.0,-1,-1,-1
172,5,335.00,438.00,80.00,251.00,1.0,-1,-1,-1
172,6,466.00,448.00,106.00,240.00,1.0,-1,-1,-1
173,0,0.00,0.00,0.00,0.00,1.0,-1,-1,-1
173,1,0.00,0.00,0.00,0.00,1.0,-1,-1,-1
173,2,0.00,0.00,0.00,0.00,1.0,-1,-1,-1
173,3,0.00,0.00,0.00,0.00,1.0,-1,-1,-1
173,4,637.00,372.00,98.00,260.00,1.0,-1,-1,-1
173,5,332.00,438.00,82.00,251.00,1.0,-1,-1,-1
173,6,464.00,449.00,107.00,246.00,1.0,-1,-1,-1
174,0,0.00,0.00,0.00,0.00,1.0,-1,-1,-1
174,1,0.00,0.00,0.00,0.00,1.0,-1,-1,-1
174,2,0.00,0.00,0.00,0.00,1.0,-1,-1,-1
174,3,0.00,0.00,0.00,0.00,1.0,-1,-1,-1
174,4,638.00,380.00,96.00,256.00,1.0,-1,-1,-1
174,5,329.00,438.00,85.00,251.00,1.0,-1,-1,-1
174,6,463.00,454.00,106.00,245.00,1.0,-1,-1,-1
175,0,0.00,0.00,0.00,0.00,1.0,-1,-1,-1
175,1,0.00,0.00,0.00,0.00,1.0,-1,-1,-1
175,2,0.00,0.00,0.00,0.00,1.0,-1,-1,-1
175,3,0.00,0.00,0.00,0.00,1.0,-1,-1,-1
175,4,638.00,385.00,96.00,259.00,1.0,-1,-1,-1
175,5,326.00,436.00,226.00,253.00,1.0,-1,-1,-1
175,6,462.00,454.00,106.00,246.00,1.0,-1,-1,-1
176,0,0.00,0.00,0.00,0.00,1.0,-1,-1,-1
176,1,0.00,0.00,0.00,0.00,1.0,-1,-1,-1
176,2,0.00,0.00,0.00,0.00,1.0,-1,-1,-1
176,3,0.00,0.00,0.00,0.00,1.0,-1,-1,-1
176,4,637.00,385.00,98.00,260.00,1.0,-1,-1,-1
176,5,325.00,436.00,227.00,253.00,1.0,-1,-1,-1
176,6,458.00,457.00,116.00,246.00,1.0,-1,-1,-1
177,0,0.00,0.00,0.00,0.00,1.0,-1,-1,-1
177,1,0.00,0.00,0.00,0.00,1.0,-1,-1,-1
177,2,0.00,0.00,0.00,0.00,1.0,-1,-1,-1
177,3,0.00,0.00,0.00,0.00,1.0,-1,-1,-1
177,4,635.00,388.00,100.00,262.00,1.0,-1,-1,-1
177,5,322.00,437.00,230.00,253.00,1.0,-1,-1,-1
177,6,457.00,459.00,107.00,247.00,1.0,-1,-1,-1
178,0,0.00,0.00,0.00,0.00,1.0,-1,-1,-1
178,1,0.00,0.00,0.00,0.00,1.0,-1,-1,-1
178,2,0.00,0.00,0.00,0.00,1.0,-1,-1,-1
178,3,0.00,0.00,0.00,0.00,1.0,-1,-1,-1
178,4,633.00,388.00,101.00,263.00,1.0,-1,-1,-1
178,5,321.00,439.00,88.00,250.00,1.0,-1,-1,-1
178,6,455.00,459.00,106.00,247.00,1.0,-1,-1,-1
179,0,0.00,0.00,0.00,0.00,1.0,-1,-1,-1
179,1,0.00,0.00,0.00,0.00,1.0,-1,-1,-1
179,2,0.00,0.00,0.00,0.00,1.0,-1,-1,-1
179,3,0.00,0.00,0.00,0.00,1.0,-1,-1,-1
179,4,629.00,387.00,101.00,264.00,1.0,-1,-1,-1
179,5,319.00,440.00,89.00,252.00,1.0,-1,-1,-1
179,6,453.00,458.00,106.00,248.00,1.0,-1,-1,-1
180,0,0.00,0.00,0.00,0.00,1.0,-1,-1,-1
180,1,0.00,0.00,0.00,0.00,1.0,-1,-1,-1
180,2,0.00,0.00,0.00,0.00,1.0,-1,-1,-1
180,3,0.00,0.00,0.00,0.00,1.0,-1,-1,-1
180,4,626.00,386.00,99.00,265.00,1.0,-1,-1,-1
180,5,318.00,443.00,88.00,252.00,1.0,-1,-1,-1
180,6,449.00,459.00,107.00,248.00,1.0,-1,-1,-1
181,0,0.00,0.00,0.00,0.00,1.0,-1,-1,-1
181,1,0.00,0.00,0.00,0.00,1.0,-1,-1,-1
181,2,0.00,0.00,0.00,0.00,1.0,-1,-1,-1
181,3,0.00,0.00,0.00,0.00,1.0,-1,-1,-1
181,4,623.00,386.00,99.00,266.00,1.0,-1,-1,-1
181,5,317.00,446.00,86.00,247.00,1.0,-1,-1,-1
181,6,446.00,461.00,107.00,245.00,1.0,-1,-1,-1
182,0,0.00,0.00,0.00,0.00,1.0,-1,-1,-1
182,1,0.00,0.00,0.00,0.00,1.0,-1,-1,-1
182,2,0.00,0.00,0.00,0.00,1.0,-1,-1,-1
182,3,0.00,0.00,0.00,0.00,1.0,-1,-1,-1
182,4,621.00,387.00,101.00,266.00,1.0,-1,-1,-1
182,5,316.00,450.00,86.00,257.00,1.0,-1,-1,-1
182,6,445.00,463.00,106.00,245.00,1.0,-1,-1,-1
183,0,0.00,0.00,0.00,0.00,1.0,-1,-1,-1
183,1,0.00,0.00,0.00,0.00,1.0,-1,-1,-1
183,2,0.00,0.00,0.00,0.00,1.0,-1,-1,-1
183,3,0.00,0.00,0.00,0.00,1.0,-1,-1,-1
183,4,616.00,389.00,102.00,274.00,1.0,-1,-1,-1
183,5,314.00,455.00,86.00,257.00,1.0,-1,-1,-1
183,6,443.00,465.00,105.00,244.00,1.0,-1,-1,-1
184,0,0.00,0.00,0.00,0.00,1.0,-1,-1,-1
184,1,0.00,0.00,0.00,0.00,1.0,-1,-1,-1
184,2,0.00,0.00,0.00,0.00,1.0,-1,-1,-1
184,3,0.00,0.00,0.00,0.00,1.0,-1,-1,-1
184,4,613.00,394.00,104.00,270.00,1.0,-1,-1,-1
184,5,312.00,457.00,86.00,258.00,1.0,-1,-1,-1
184,6,438.00,467.00,107.00,248.00,1.0,-1,-1,-1
185,0,0.00,0.00,0.00,0.00,1.0,-1,-1,-1
185,1,0.00,0.00,0.00,0.00,1.0,-1,-1,-1
185,2,0.00,0.00,0.00,0.00,1.0,-1,-1,-1
185,3,0.00,0.00,0.00,0.00,1.0,-1,-1,-1
185,4,610.00,398.00,105.00,269.00,1.0,-1,-1,-1
185,5,311.00,458.00,84.00,257.00,1.0,-1,-1,-1
185,6,436.00,471.00,107.00,250.00,1.0,-1,-1,-1
186,0,0.00,0.00,0.00,0.00,1.0,-1,-1,-1
186,1,0.00,0.00,0.00,0.00,1.0,-1,-1,-1
186,2,0.00,0.00,0.00,0.00,1.0,-1,-1,-1
186,3,0.00,0.00,0.00,0.00,1.0,-1,-1,-1
186,4,608.00,399.00,109.00,271.00,1.0,-1,-1,-1
186,5,310.00,459.00,84.00,255.00,1.0,-1,-1,-1
186,6,434.00,472.00,107.00,248.00,1.0,-1,-1,-1
187,0,0.00,0.00,0.00,0.00,1.0,-1,-1,-1
187,1,0.00,0.00,0.00,0.00,1.0,-1,-1,-1
187,2,0.00,0.00,0.00,0.00,1.0,-1,-1,-1
187,3,0.00,0.00,0.00,0.00,1.0,-1,-1,-1
187,4,608.00,401.00,110.00,272.00,1.0,-1,-1,-1
187,5,307.00,459.00,185.00,255.00,1.0,-1,-1,-1
187,6,433.00,472.00,106.00,252.00,1.0,-1,-1,-1
188,0,0.00,0.00,0.00,0.00,1.0,-1,-1,-1
188,1,0.00,0.00,0.00,0.00,1.0,-1,-1,-1
188,2,0.00,0.00,0.00,0.00,1.0,-1,-1,-1
188,3,0.00,0.00,0.00,0.00,1.0,-1,-1,-1
188,4,607.00,403.00,112.00,278.00,1.0,-1,-1,-1
188,5,305.00,461.00,86.00,254.00,1.0,-1,-1,-1
188,6,429.00,475.00,108.00,257.00,1.0,-1,-1,-1
189,0,0.00,0.00,0.00,0.00,1.0,-1,-1,-1
189,1,0.00,0.00,0.00,0.00,1.0,-1,-1,-1
189,2,0.00,0.00,0.00,0.00,1.0,-1,-1,-1
189,3,0.00,0.00,0.00,0.00,1.0,-1,-1,-1
189,4,604.00,409.00,99.00,276.00,1.0,-1,-1,-1
189,5,302.00,460.00,86.00,258.00,1.0,-1,-1,-1
189,6,424.00,481.00,110.00,254.00,1.0,-1,-1,-1
190,0,0.00,0.00,0.00,0.00,1.0,-1,-1,-1
190,1,0.00,0.00,0.00,0.00,1.0,-1,-1,-1
190,2,0.00,0.00,0.00,0.00,1.0,-1,-1,-1
190,3,0.00,0.00,0.00,0.00,1.0,-1,-1,-1
190,4,603.00,412.00,98.00,274.00,1.0,-1,-1,-1
190,5,300.00,461.00,86.00,259.00,1.0,-1,-1,-1
190,6,422.00,484.00,110.00,252.00,1.0,-1,-1,-1
191,0,0.00,0.00,0.00,0.00,1.0,-1,-1,-1
191,1,0.00,0.00,0.00,0.00,1.0,-1,-1,-1
191,2,0.00,0.00,0.00,0.00,1.0,-1,-1,-1
191,3,0.00,0.00,0.00,0.00,1.0,-1,-1,-1
191,4,604.00,413.00,96.00,274.00,1.0,-1,-1,-1
191,5,299.00,462.00,85.00,258.00,1.0,-1,-1,-1
191,6,419.00,484.00,111.00,253.00,1.0,-1,-1,-1
192,0,0.00,0.00,0.00,0.00,1.0,-1,-1,-1
192,1,0.00,0.00,0.00,0.00,1.0,-1,-1,-1
192,2,0.00,0.00,0.00,0.00,1.0,-1,-1,-1
192,3,0.00,0.00,0.00,0.00,1.0,-1,-1,-1
192,4,605.00,413.00,94.00,273.00,1.0,-1,-1,-1
192,5,298.00,463.00,194.00,256.00,1.0,-1,-1,-1
192,6,416.00,484.00,113.00,252.00,1.0,-1,-1,-1
193,0,0.00,0.00,0.00,0.00,1.0,-1,-1,-1
193,1,0.00,0.00,0.00,0.00,1.0,-1,-1,-1
193,2,0.00,0.00,0.00,0.00,1.0,-1,-1,-1
193,3,0.00,0.00,0.00,0.00,1.0,-1,-1,-1
193,4,604.00,413.00,100.00,274.00,1.0,-1,-1,-1
193,5,296.00,466.00,196.00,258.00,1.0,-1,-1,-1
193,6,414.00,485.00,114.00,252.00,1.0,-1,-1,-1
194,0,0.00,0.00,0.00,0.00,1.0,-1,-1,-1
194,1,0.00,0.00,0.00,0.00,1.0,-1,-1,-1
194,2,0.00,0.00,0.00,0.00,1.0,-1,-1,-1
194,3,0.00,0.00,0.00,0.00,1.0,-1,-1,-1
194,4,603.00,414.00,103.00,274.00,1.0,-1,-1,-1
194,5,294.00,471.00,83.00,260.00,1.0,-1,-1,-1
194,6,412.00,486.00,117.00,252.00,1.0,-1,-1,-1
195,0,0.00,0.00,0.00,0.00,1.0,-1,-1,-1
195,1,0.00,0.00,0.00,0.00,1.0,-1,-1,-1
195,2,0.00,0.00,0.00,0.00,1.0,-1,-1,-1
195,3,0.00,0.00,0.00,0.00,1.0,-1,-1,-1
195,4,602.00,416.00,105.00,278.00,1.0,-1,-1,-1
195,5,288.00,475.00,90.00,258.00,1.0,-1,-1,-1
195,6,408.00,488.00,118.00,252.00,1.0,-1,-1,-1
196,0,0.00,0.00,0.00,0.00,1.0,-1,-1,-1
196,1,0.00,0.00,0.00,0.00,1.0,-1,-1,-1
196,2,0.00,0.00,0.00,0.00,1.0,-1,-1,-1
196,3,0.00,0.00,0.00,0.00,1.0,-1,-1,-1
196,4,600.00,420.00,104.00,279.00,1.0,-1,-1,-1
196,5,289.00,480.00,89.00,263.00,1.0,-1,-1,-1
196,6,406.00,489.00,119.00,258.00,1.0,-1,-1,-1
197,0,0.00,0.00,0.00,0.00,1.0,-1,-1,-1
197,1,0.00,0.00,0.00,0.00,1.0,-1,-1,-1
197,2,0.00,0.00,0.00,0.00,1.0,-1,-1,-1
197,3,0.00,0.00,0.00,0.00,1.0,-1,-1,-1
197,4,598.00,424.00,104.00,275.00,1.0,-1,-1,-1
197,5,287.00,484.00,89.00,265.00,1.0,-1,-1,-1
197,6,404.00,494.00,119.00,262.00,1.0,-1,-1,-1
197,7,1226.00,287.00,69.00,194.00,1.0,-1,-1,-1
198,0,0.00,0.00,0.00,0.00,1.0,-1,-1,-1
198,1,0.00,0.00,0.00,0.00,1.0,-1,-1,-1
198,2,0.00,0.00,0.00,0.00,1.0,-1,-1,-1
198,3,0.00,0.00,0.00,0.00,1.0,-1,-1,-1
198,4,595.00,429.00,104.00,276.00,1.0,-1,-1,-1
198,5,283.00,487.00,89.00,266.00,1.0,-1,-1,-1
198,6,401.00,498.00,120.00,264.00,1.0,-1,-1,-1
198,7,1230.00,290.00,70.00,193.00,1.0,-1,-1,-1
199,0,0.00,0.00,0.00,0.00,1.0,-1,-1,-1
199,1,0.00,0.00,0.00,0.00,1.0,-1,-1,-1
199,2,0.00,0.00,0.00,0.00,1.0,-1,-1,-1
199,3,0.00,0.00,0.00,0.00,1.0,-1,-1,-1
199,4,592.00,431.00,106.00,285.00,1.0,-1,-1,-1
199,5,279.00,489.00,90.00,266.00,1.0,-1,-1,-1
199,6,399.00,503.00,122.00,263.00,1.0,-1,-1,-1
199,7,1233.00,293.00,87.00,195.00,1.0,-1,-1,-1
200,0,0.00,0.00,0.00,0.00,1.0,-1,-1,-1
200,1,0.00,0.00,0.00,0.00,1.0,-1,-1,-1
200,2,0.00,0.00,0.00,0.00,1.0,-1,-1,-1
200,3,0.00,0.00,0.00,0.00,1.0,-1,-1,-1
200,4,587.00,435.00,110.00,283.00,1.0,-1,-1,-1
200,5,276.00,490.00,86.00,266.00,1.0,-1,-1,-1
200,6,398.00,506.00,121.00,263.00,1.0,-1,-1,-1
200,7,1233.00,297.00,93.00,192.00,1.0,-1,-1,-1
201,0,0.00,0.00,0.00,0.00,1.0,-1,-1,-1
201,1,0.00,0.00,0.00,0.00,1.0,-1,-1,-1
201,2,0.00,0.00,0.00,0.00,1.0,-1,-1,-1
201,3,0.00,0.00,0.00,0.00,1.0,-1,-1,-1
201,4,585.00,438.00,109.00,286.00,1.0,-1,-1,-1
201,5,272.00,491.00,84.00,268.00,1.0,-1,-1,-1
201,6,396.00,510.00,121.00,264.00,1.0,-1,-1,-1
201,7,1233.00,303.00,91.00,191.00,1.0,-1,-1,-1
202,0,0.00,0.00,0.00,0.00,1.0,-1,-1,-1
202,1,0.00,0.00,0.00,0.00,1.0,-1,-1,-1
202,2,0.00,0.00,0.00,0.00,1.0,-1,-1,-1
202,3,0.00,0.00,0.00,0.00,1.0,-1,-1,-1
202,4,582.00,440.00,108.00,287.00,1.0,-1,-1,-1
202,5,268.00,494.00,87.00,266.00,1.0,-1,-1,-1
202,6,395.00,511.00,121.00,265.00,1.0,-1,-1,-1
202,7,1235.00,303.00,93.00,193.00,1.0,-1,-1,-1
203,0,0.00,0.00,0.00,0.00,1.0,-1,-1,-1
203,1,0.00,0.00,0.00,0.00,1.0,-1,-1,-1
203,2,0.00,0.00,0.00,0.00,1.0,-1,-1,-1
203,3,0.00,0.00,0.00,0.00,1.0,-1,-1,-1
203,4,579.00,444.00,102.00,283.00,1.0,-1,-1,-1
203,5,264.00,494.00,88.00,267.00,1.0,-1,-1,-1
203,6,393.00,515.00,119.00,263.00,1.0,-1,-1,-1
203,7,1237.00,302.00,91.00,196.00,1.0,-1,-1,-1
203,8,1367.00,321.00,94.00,252.00,1.0,-1,-1,-1
204,0,0.00,0.00,0.00,0.00,1.0,-1,-1,-1
204,1,0.00,0.00,0.00,0.00,1.0,-1,-1,-1
204,2,0.00,0.00,0.00,0.00,1.0,-1,-1,-1
204,3,0.00,0.00,0.00,0.00,1.0,-1,-1,-1
204,4,577.00,445.00,101.00,285.00,1.0,-1,-1,-1
204,5,261.00,495.00,90.00,268.00,1.0,-1,-1,-1
204,6,391.00,518.00,118.00,261.00,1.0,-1,-1,-1
204,7,1243.00,302.00,87.00,198.00,1.0,-1,-1,-1
204,8,1365.00,326.00,87.00,244.00,1.0,-1,-1,-1
205,0,0.00,0.00,0.00,0.00,1.0,-1,-1,-1
205,1,0.00,0.00,0.00,0.00,1.0,-1,-1,-1
205,2,0.00,0.00,0.00,0.00,1.0,-1,-1,-1
205,3,0.00,0.00,0.00,0.00,1.0,-1,-1,-1
205,4,574.00,448.00,102.00,284.00,1.0,-1,-1,-1
205,5,258.00,498.00,90.00,267.00,1.0,-1,-1,-1
205,6,389.00,520.00,117.00,260.00,1.0,-1,-1,-1
205,7,1250.00,305.00,86.00,197.00,1.0,-1,-1,-1
205,8,1366.00,330.00,78.00,239.00,1.0,-1,-1,-1
206,0,0.00,0.00,0.00,0.00,1.0,-1,-1,-1
206,1,0.00,0.00,0.00,0.00,1.0,-1,-1,-1
206,2,0.00,0.00,0.00,0.00,1.0,-1,-1,-1
206,3,0.00,0.00,0.00,0.00,1.0,-1,-1,-1
206,4,572.00,449.00,103.00,284.00,1.0,-1,-1,-1
206,5,256.00,502.00,89.00,268.00,1.0,-1,-1,-1
206,6,386.00,521.00,116.00,261.00,1.0,-1,-1,-1
206,7,1262.00,305.00,79.00,198.00,1.0,-1,-1,-1
206,8,1365.00,335.00,68.00,234.00,1.0,-1,-1,-1
207,0,0.00,0.00,0.00,0.00,1.0,-1,-1,-1
207,1,0.00,0.00,0.00,0.00,1.0,-1,-1,-1
207,2,0.00,0.00,0.00,0.00,1.0,-1,-1,-1
207,3,0.00,0.00,0.00,0.00,1.0,-1,-1,-1
207,4,569.00,453.00,103.00,282.00,1.0,-1,-1,-1
207,5,253.00,506.00,88.00,276.00,1.0,-1,-1,-1
207,6,384.00,524.00,114.00,260.00,1.0,-1,-1,-1
207,7,1272.00,305.00,75.00,200.00,1.0,-1,-1,-1
207,8,1362.00,335.00,69.00,239.00,1.0,-1,-1,-1
208,0,0.00,0.00,0.00,0.00,1.0,-1,-1,-1
208,1,0.00,0.00,0.00,0.00,1.0,-1,-1,-1
208,2,0.00,0.00,0.00,0.00,1.0,-1,-1,-1
208,3,0.00,0.00,0.00,0.00,1.0,-1,-1,-1
208,4,566.00,456.00,107.00,293.00,1.0,-1,-1,-1
208,5,251.00,512.00,87.00,272.00,1.0,-1,-1,-1
208,6,382.00,530.00,114.00,260.00,1.0,-1,-1,-1
208,7,1283.00,308.00,71.00,201.00,1.0,-1,-1,-1
208,8,1356.00,336.00,70.00,239.00,1.0,-1,-1,-1
209,0,0.00,0.00,0.00,0.00,1.0,-1,-1,-1
209,1,0.00,0.00,0.00,0.00,1.0,-1,-1,-1
209,2,0.00,0.00,0.00,0.00,1.0,-1,-1,-1
209,3,0.00,0.00,0.00,0.00,1.0,-1,-1,-1
209,4,564.00,459.00,106.00,296.00,1.0,-1,-1,-1
209,5,248.00,517.00,88.00,275.00,1.0,-1,-1,-1
209,6,379.00,534.00,114.00,266.00,1.0,-1,-1,-1
209,7,1286.00,311.00,72.00,202.00,1.0,-1,-1,-1
209,8,1342.00,340.00,74.00,235.00,1.0,-1,-1,-1
210,0,0.00,0.00,0.00,0.00,1.0,-1,-1,-1
210,1,0.00,0.00,0.00,0.00,1.0,-1,-1,-1
210,2,0.00,0.00,0.00,0.00,1.0,-1,-1,-1
210,3,0.00,0.00,0.00,0.00,1.0,-1,-1,-1
210,4,560.00,468.00,111.00,288.00,1.0,-1,-1,-1
210,5,246.00,522.00,89.00,274.00,1.0,-1,-1,-1
210,6,377.00,539.00,114.00,264.00,1.0,-1,-1,-1
210,7,1289.00,315.00,73.00,202.00,1.0,-1,-1,-1
210,8,1337.00,343.00,75.00,234.00,1.0,-1,-1,-1
211,0,0.00,0.00,0.00,0.00,1.0,-1,-1,-1
211,1,0.00,0.00,0.00,0.00,1.0,-1,-1,-1
211,2,0.00,0.00,0.00,0.00,1.0,-1,-1,-1
211,3,0.00,0.00,0.00,0.00,1.0,-1,-1,-1
211,4,558.00,473.00,115.00,289.00,1.0,-1,-1,-1
211,5,245.00,527.00,89.00,274.00,1.0,-1,-1,-1
211,6,374.00,544.00,115.00,263.00,1.0,-1,-1,-1
211,7,1292.00,317.00,75.00,202.00,1.0,-1,-1,-1
211,8,1337.00,345.00,73.00,234.00,1.0,-1,-1,-1
212,0,0.00,0.00,0.00,0.00,1.0,-1,-1,-1
212,1,0.00,0.00,0.00,0.00,1.0,-1,-1,-1
212,2,0.00,0.00,0.00,0.00,1.0,-1,-1,-1
212,3,0.00,0.00,0.00,0.00,1.0,-1,-1,-1
212,4,556.00,479.00,117.00,291.00,1.0,-1,-1,-1
212,5,244.00,531.00,89.00,275.00,1.0,-1,-1,-1
212,6,371.00,549.00,114.00,267.00,1.0,-1,-1,-1
212,7,1295.00,322.00,75.00,191.00,1.0,-1,-1,-1
212,8,1337.00,346.00,70.00,234.00,1.0,-1,-1,-1
213,0,0.00,0.00,0.00,0.00,1.0,-1,-1,-1
213,1,0.00,0.00,0.00,0.00,1.0,-1,-1,-1
213,2,0.00,0.00,0.00,0.00,1.0,-1,-1,-1
213,3,0.00,0.00,0.00,0.00,1.0,-1,-1,-1
213,4,555.00,482.00,112.00,294.00,1.0,-1,-1,-1
213,5,241.00,534.00,91.00,275.00,1.0,-1,-1,-1
213,6,366.00,554.00,117.00,269.00,1.0,-1,-1,-1
213,7,1300.00,327.00,76.00,188.00,1.0,-1,-1,-1
213,8,1337.00,349.00,68.00,233.00,1.0,-1,-1,-1
214,0,0.00,0.00,0.00,0.00,1.0,-1,-1,-1
214,1,0.00,0.00,0.00,0.00,1.0,-1,-1,-1
214,2,0.00,0.00,0.00,0.00,1.0,-1,-1,-1
214,3,0.00,0.00,0.00,0.00,1.0,-1,-1,-1
214,4,553.00,484.00,119.00,295.00,1.0,-1,-1,-1
214,5,238.00,536.00,91.00,274.00,1.0,-1,-1,-1
214,6,364.00,555.00,116.00,269.00,1.0,-1,-1,-1
214,7,1301.00,330.00,79.00,188.00,1.0,-1,-1,-1
214,8,1330.00,349.00,73.00,235.00,1.0,-1,-1,-1
215,0,0.00,0.00,0.00,0.00,1.0,-1,-1,-1
215,1,0.00,0.00,0.00,0.00,1.0,-1,-1,-1
215,2,0.00,0.00,0.00,0.00,1.0,-1,-1,-1
215,3,0.00,0.00,0.00,0.00,1.0,-1,-1,-1
215,4,551.00,488.00,118.00,293.00,1.0,-1,-1,-1
215,5,236.00,539.00,90.00,273.00,1.0,-1,-1,-1
215,6,360.00,559.00,116.00,268.00,1.0,-1,-1,-1
215,7,1305.00,333.00,82.00,187.00,1.0,-1,-1,-1
215,8,1324.00,350.00,76.00,236.00,1.0,-1,-1,-1
216,0,0.00,0.00,0.00,0.00,1.0,-1,-1,-1
216,1,0.00,0.00,0.00,0.00,1.0,-1,-1,-1
216,2,0.00,0.00,0.00,0.00,1.0,-1,-1,-1
216,3,0.00,0.00,0.00,0.00,1.0,-1,-1,-1
216,4,549.00,489.00,119.00,294.00,1.0,-1,-1,-1
216,5,233.00,540.00,90.00,275.00,1.0,-1,-1,-1
216,6,356.00,562.00,116.00,267.00,1.0,-1,-1,-1
216,7,1311.00,334.00,81.00,192.00,1.0,-1,-1,-1
216,8,1319.00,351.00,82.00,237.00,1.0,-1,-1,-1
217,0,0.00,0.00,0.00,0.00,1.0,-1,-1,-1
217,1,0.00,0.00,0.00,0.00,1.0,-1,-1,-1
217,2,0.00,0.00,0.00,0.00,1.0,-1,-1,-1
217,3,0.00,0.00,0.00,0.00,1.0,-1,-1,-1
217,4,548.00,492.00,114.00,294.00,1.0,-1,-1,-1
217,5,229.00,542.00,90.00,275.00,1.0,-1,-1,-1
217,6,351.00,564.00,120.00,267.00,1.0,-1,-1,-1
217,7,1321.00,336.00,81.00,198.00,1.0,-1,-1,-1
217,8,1320.00,354.00,82.00,236.00,1.0,-1,-1,-1
218,0,0.00,0.00,0.00,0.00,1.0,-1,-1,-1
218,1,0.00,0.00,0.00,0.00,1.0,-1,-1,-1
218,2,0.00,0.00,0.00,0.00,1.0,-1,-1,-1
218,3,1106.00,272.00,39.00,79.00,1.0,-1,-1,-1
218,4,546.00,494.00,112.00,294.00,1.0,-1,-1,-1
218,5,226.00,545.00,89.00,275.00,1.0,-1,-1,-1
218,6,347.00,566.00,119.00,268.00,1.0,-1,-1,-1
218,7,1354.00,339.00,49.00,122.00,1.0,-1,-1,-1
218,8,1312.00,356.00,87.00,236.00,1.0,-1,-1,-1
219,0,0.00,0.00,0.00,0.00,1.0,-1,-1,-1
219,1,0.00,0.00,0.00,0.00,1.0,-1,-1,-1
219,2,0.00,0.00,0.00,0.00,1.0,-1,-1,-1
219,3,1106.00,275.00,38.00,75.00,1.0,-1,-1,-1
219,4,544.00,498.00,112.00,292.00,1.0,-1,-1,-1
219,5,222.00,548.00,90.00,274.00,1.0,-1,-1,-1
219,6,343.00,570.00,122.00,267.00,1.0,-1,-1,-1
219,7,1356.00,339.00,50.00,116.00,1.0,-1,-1,-1
219,8,1307.00,359.00,90.00,235.00,1.0,-1,-1,-1
220,0,0.00,0.00,0.00,0.00,1.0,-1,-1,-1
220,1,0.00,0.00,0.00,0.00,1.0,-1,-1,-1
220,2,0.00,0.00,0.00,0.00,1.0,-1,-1,-1
220,3,1107.00,279.00,38.00,75.00,1.0,-1,-1,-1
220,4,544.00,504.00,130.00,293.00,1.0,-1,-1,-1
220,5,220.00,554.00,89.00,274.00,1.0,-1,-1,-1
220,6,340.00,573.00,125.00,268.00,1.0,-1,-1,-1
220,7,1359.00,342.00,54.00,195.00,1.0,-1,-1,-1
220,8,1301.00,363.00,86.00,234.00,1.0,-1,-1,-1
221,0,0.00,0.00,0.00,0.00,1.0,-1,-1,-1
221,1,0.00,0.00,0.00,0.00,1.0,-1,-1,-1
221,2,0.00,0.00,0.00,0.00,1.0,-1,-1,-1
221,3,1107.00,283.00,38.00,70.00,1.0,-1,-1,-1
221,4,542.00,508.00,109.00,298.00,1.0,-1,-1,-1
221,5,216.00,558.00,90.00,280.00,1.0,-1,-1,-1
221,6,337.00,576.00,127.00,276.00,1.0,-1,-1,-1
221,7,1363.00,344.00,54.00,196.00,1.0,-1,-1,-1
221,8,1295.00,365.00,90.00,234.00,1.0,-1,-1,-1
222,0,0.00,0.00,0.00,0.00,1.0,-1,-1,-1
222,1,0.00,0.00,0.00,0.00,1.0,-1,-1,-1
222,2,0.00,0.00,0.00,0.00,1.0,-1,-1,-1
222,3,1106.00,284.00,39.00,69.00,1.0,-1,-1,-1
222,4,541.00,512.00,137.00,299.00,1.0,-1,-1,-1
222,5,215.00,564.00,90.00,280.00,1.0,-1,-1,-1
222,6,334.00,582.00,128.00,279.00,1.0,-1,-1,-1
222,7,1359.00,346.00,66.00,199.00,1.0,-1,-1,-1
222,8,1295.00,367.00,94.00,233.00,1.0,-1,-1,-1
223,0,0.00,0.00,0.00,0.00,1.0,-1,-1,-1
223,1,0.00,0.00,0.00,0.00,1.0,-1,-1,-1
223,2,0.00,0.00,0.00,0.00,1.0,-1,-1,-1
223,3,1108.00,284.00,38.00,69.00,1.0,-1,-1,-1
223,4,538.00,517.00,138.00,298.00,1.0,-1,-1,-1
223,5,212.00,571.00,92.00,277.00,1.0,-1,-1,-1
223,6,333.00,589.00,128.00,276.00,1.0,-1,-1,-1
223,7,1354.00,351.00,88.00,200.00,1.0,-1,-1,-1
223,8,1294.00,368.00,93.00,234.00,1.0,-1,-1,-1
224,0,0.00,0.00,0.00,0.00,1.0,-1,-1,-1
224,1,0.00,0.00,0.00,0.00,1.0,-1,-1,-1
224,2,0.00,0.00,0.00,0.00,1.0,-1,-1,-1
224,3,1106.00,289.00,39.00,68.00,1.0,-1,-1,-1
224,4,535.00,521.00,136.00,302.00,1.0,-1,-1,-1
224,5,209.00,576.00,223.00,280.00,1.0,-1,-1,-1
224,6,332.00,594.00,127.00,278.00,1.0,-1,-1,-1
224,7,1352.00,356.00,100.00,199.00,1.0,-1,-1,-1
224,8,1294.00,370.00,95.00,233.00,1.0,-1,-1,-1
225,0,0.00,0.00,0.00,0.00,1.0,-1,-1,-1
225,1,0.00,0.00,0.00,0.00,1.0,-1,-1,-1
225,2,0.00,0.00,0.00,0.00,1.0,-1,-1,-1
225,3,1106.00,290.00,39.00,69.00,1.0,-1,-1,-1
225,4,532.00,530.00,133.00,300.00,1.0,-1,-1,-1
225,5,206.00,581.00,94.00,283.00,1.0,-1,-1,-1
225,6,329.00,599.00,128.00,279.00,1.0,-1,-1,-1
225,7,1354.00,359.00,104.00,196.00,1.0,-1,-1,-1
225,8,1294.00,370.00,93.00,231.00,1.0,-1,-1,-1
226,0,0.00,0.00,0.00,0.00,1.0,-1,-1,-1
226,1,0.00,0.00,0.00,0.00,1.0,-1,-1,-1
226,2,0.00,0.00,0.00,0.00,1.0,-1,-1,-1
226,3,1106.00,289.00,39.00,73.00,1.0,-1,-1,-1
226,4,529.00,533.00,132.00,302.00,1.0,-1,-1,-1
226,5,205.00,584.00,227.00,284.00,1.0,-1,-1,-1
226,6,328.00,602.00,128.00,278.00,1.0,-1,-1,-1
226,7,1355.00,361.00,109.00,200.00,1.0,-1,-1,-1
226,8,1294.00,368.00,86.00,230.00,1.0,-1,-1,-1
227,0,0.00,0.00,0.00,0.00,1.0,-1,-1,-1
227,1,0.00,0.00,0.00,0.00,1.0,-1,-1,-1
227,2,0.00,0.00,0.00,0.00,1.0,-1,-1,-1
227,3,1106.00,291.00,39.00,76.00,1.0,-1,-1,-1
227,4,525.00,535.00,133.00,304.00,1.0,-1,-1,-1
227,5,201.00,589.00,201.00,282.00,1.0,-1,-1,-1
227,6,325.00,606.00,127.00,277.00,1.0,-1,-1,-1
227,7,1359.00,365.00,108.00,201.00,1.0,-1,-1,-1
227,8,1296.00,368.00,79.00,230.00,1.0,-1,-1,-1
228,0,0.00,0.00,0.00,0.00,1.0,-1,-1,-1
228,1,0.00,0.00,0.00,0.00,1.0,-1,-1,-1
228,2,0.00,0.00,0.00,0.00,1.0,-1,-1,-1
228,3,1106.00,294.00,39.00,79.00,1.0,-1,-1,-1
228,4,523.00,538.00,132.00,303.00,1.0,-1,-1,-1
228,5,198.00,591.00,91.00,282.00,1.0,-1,-1,-1
228,6,324.00,607.00,125.00,278.00,1.0,-1,-1,-1
228,7,1370.00,367.00,100.00,201.00,1.0,-1,-1,-1
228,8,1295.00,367.00,79.00,229.00,1.0,-1,-1,-1
229,0,0.00,0.00,0.00,0.00,1.0,-1,-1,-1
229,1,0.00,0.00,0.00,0.00,1.0,-1,-1,-1
229,2,0.00,0.00,0.00,0.00,1.0,-1,-1,-1
229,3,1107.00,294.00,39.00,92.00,1.0,-1,-1,-1
229,4,520.00,540.00,122.00,303.00,1.0,-1,-1,-1
229,5,196.00,592.00,93.00,283.00,1.0,-1,-1,-1
229,6,322.00,611.00,125.00,276.00,1.0,-1,-1,-1
229,7,1381.00,367.00,93.00,203.00,1.0,-1,-1,-1
229,8,1297.00,366.00,76.00,230.00,1.0,-1,-1,-1
230,0,0.00,0.00,0.00,0.00,1.0,-1,-1,-1
230,1,0.00,0.00,0.00,0.00,1.0,-1,-1,-1
230,2,0.00,0.00,0.00,0.00,1.0,-1,-1,-1
230,3,1106.00,297.00,39.00,94.00,1.0,-1,-1,-1
230,4,519.00,542.00,117.00,303.00,1.0,-1,-1,-1
230,5,193.00,594.00,94.00,283.00,1.0,-1,-1,-1
230,6,320.00,614.00,123.00,274.00,1.0,-1,-1,-1
230,7,1398.00,369.00,83.00,202.00,1.0,-1,-1,-1
230,8,1296.00,367.00,77.00,230.00,1.0,-1,-1,-1
231,0,0.00,0.00,0.00,0.00,1.0,-1,-1,-1
231,1,0.00,0.00,0.00,0.00,1.0,-1,-1,-1
231,2,0.00,0.00,0.00,0.00,1.0,-1,-1,-1
231,3,1107.00,299.00,38.00,101.00,1.0,-1,-1,-1
231,4,517.00,540.00,110.00,307.00,1.0,-1,-1,-1
231,5,190.00,595.00,94.00,283.00,1.0,-1,-1,-1
231,6,319.00,616.00,121.00,274.00,1.0,-1,-1,-1
231,7,1407.00,369.00,83.00,203.00,1.0,-1,-1,-1
231,8,1296.00,368.00,75.00,230.00,1.0,-1,-1,-1
232,0,0.00,0.00,0.00,0.00,1.0,-1,-1,-1
232,1,0.00,0.00,0.00,0.00,1.0,-1,-1,-1
232,2,0.00,0.00,0.00,0.00,1.0,-1,-1,-1
232,3,1106.00,301.00,38.00,100.00,1.0,-1,-1,-1
232,4,514.00,542.00,111.00,307.00,1.0,-1,-1,-1
232,5,187.00,597.00,95.00,283.00,1.0,-1,-1,-1
232,6,316.00,619.00,122.00,273.00,1.0,-1,-1,-1
232,7,1412.00,371.00,81.00,202.00,1.0,-1,-1,-1
232,8,1291.00,369.00,78.00,231.00,1.0,-1,-1,-1
233,0,0.00,0.00,0.00,0.00,1.0,-1,-1,-1
233,1,0.00,0.00,0.00,0.00,1.0,-1,-1,-1
233,2,0.00,0.00,0.00,0.00,1.0,-1,-1,-1
233,3,1106.00,305.00,38.00,97.00,1.0,-1,-1,-1
233,4,512.00,549.00,110.00,311.00,1.0,-1,-1,-1
233,5,184.00,599.00,97.00,283.00,1.0,-1,-1,-1
233,6,315.00,623.00,121.00,281.00,1.0,-1,-1,-1
233,7,1419.00,371.00,83.00,202.00,1.0,-1,-1,-1
233,8,1290.00,370.00,78.00,230.00,1.0,-1,-1,-1
234,0,0.00,0.00,0.00,0.00,1.0,-1,-1,-1
234,1,0.00,0.00,0.00,0.00,1.0,-1,-1,-1
234,2,0.00,0.00,0.00,0.00,1.0,-1,-1,-1
234,3,1106.00,305.00,38.00,98.00,1.0,-1,-1,-1
234,4,509.00,554.00,111.00,315.00,1.0,-1,-1,-1
234,5,182.00,602.00,96.00,290.00,1.0,-1,-1,-1
234,6,313.00,628.00,119.00,283.00,1.0,-1,-1,-1
234,7,1427.00,371.00,79.00,205.00,1.0,-1,-1,-1
234,8,1288.00,372.00,78.00,230.00,1.0,-1,-1,-1
235,0,0.00,0.00,0.00,0.00,1.0,-1,-1,-1
235,1,0.00,0.00,0.00,0.00,1.0,-1,-1,-1
235,2,0.00,0.00,0.00,0.00,1.0,-1,-1,-1
235,3,1105.00,312.00,37.00,88.00,1.0,-1,-1,-1
235,4,506.00,563.00,121.00,308.00,1.0,-1,-1,-1
235,5,179.00,607.00,96.00,292.00,1.0,-1,-1,-1
235,6,310.00,633.00,121.00,280.00,1.0,-1,-1,-1
235,7,1433.00,371.00,83.00,212.00,1.0,-1,-1,-1
235,8,1284.00,373.00,80.00,228.00,1.0,-1,-1,-1
236,0,0.00,0.00,0.00,0.00,1.0,-1,-1,-1
236,1,0.00,0.00,0.00,0.00,1.0,-1,-1,-1
236,2,0.00,0.00,0.00,0.00,1.0,-1,-1,-1
236,3,1106.00,312.00,36.00,89.00,1.0,-1,-1,-1
236,4,505.00,571.00,114.00,305.00,1.0,-1,-1,-1
236,5,177.00,611.00,96.00,292.00,1.0,-1,-1,-1
236,6,308.00,639.00,120.00,277.00,1.0,-1,-1,-1
236,7,1437.00,387.00,90.00,199.00,1.0,-1,-1,-1
236,8,1283.00,374.00,80.00,227.00,1.0,-1,-1,-1
237,0,0.00,0.00,0.00,0.00,1.0,-1,-1,-1
237,1,0.00,0.00,0.00,0.00,1.0,-1,-1,-1
237,2,0.00,0.00,0.00,0.00,1.0,-1,-1,-1
237,3,1105.00,313.00,39.00,89.00,1.0,-1,-1,-1
237,4,502.00,576.00,118.00,306.00,1.0,-1,-1,-1
237,5,175.00,617.00,95.00,288.00,1.0,-1,-1,-1
237,6,304.00,642.00,122.00,285.00,1.0,-1,-1,-1
237,7,1439.00,388.00,96.00,199.00,1.0,-1,-1,-1
237,8,1281.00,375.00,81.00,226.00,1.0,-1,-1,-1
238,0,0.00,0.00,0.00,0.00,1.0,-1,-1,-1
238,1,0.00,0.00,0.00,0.00,1.0,-1,-1,-1
238,2,0.00,0.00,0.00,0.00,1.0,-1,-1,-1
238,3,1104.00,313.00,40.00,89.00,1.0,-1,-1,-1
238,4,501.00,582.00,127.00,307.00,1.0,-1,-1,-1
238,5,173.00,622.00,94.00,290.00,1.0,-1,-1,-1
238,6,302.00,645.00,122.00,285.00,1.0,-1,-1,-1
238,7,1441.00,390.00,99.00,200.00,1.0,-1,-1,-1
238,8,1283.00,374.00,77.00,223.00,1.0,-1,-1,-1
239,0,0.00,0.00,0.00,0.00,1.0,-1,-1,-1
239,1,0.00,0.00,0.00,0.00,1.0,-1,-1,-1
239,2,0.00,0.00,0.00,0.00,1.0,-1,-1,-1
239,3,1105.00,313.00,39.00,89.00,1.0,-1,-1,-1
239,4,501.00,585.00,120.00,306.00,1.0,-1,-1,-1
239,5,172.00,626.00,94.00,293.00,1.0,-1,-1,-1
239,6,298.00,647.00,124.00,284.00,1.0,-1,-1,-1
239,7,1446.00,388.00,102.00,203.00,1.0,-1,-1,-1
239,8,1284.00,372.00,75.00,221.00,1.0,-1,-1,-1
240,0,0.00,0.00,0.00,0.00,1.0,-1,-1,-1
240,1,0.00,0.00,0.00,0.00,1.0,-1,-1,-1
240,2,0.00,0.00,0.00,0.00,1.0,-1,-1,-1
240,3,1105.00,314.00,39.00,90.00,1.0,-1,-1,-1
240,4,501.00,588.00,126.00,303.00,1.0,-1,-1,-1
240,5,171.00,630.00,94.00,294.00,1.0,-1,-1,-1
240,6,296.00,649.00,123.00,283.00,1.0,-1,-1,-1
240,7,1457.00,392.00,101.00,201.00,1.0,-1,-1,-1
240,8,1281.00,370.00,77.00,221.00,1.0,-1,-1,-1
241,0,0.00,0.00,0.00,0.00,1.0,-1,-1,-1
241,1,0.00,0.00,0.00,0.00,1.0,-1,-1,-1
241,2,0.00,0.00,0.00,0.00,1.0,-1,-1,-1
241,3,1104.00,313.00,40.00,91.00,1.0,-1,-1,-1
241,4,501.00,589.00,120.00,304.00,1.0,-1,-1,-1
241,5,170.00,631.00,93.00,295.00,1.0,-1,-1,-1
241,6,293.00,650.00,125.00,284.00,1.0,-1,-1,-1
241,7,1471.00,393.00,90.00,200.00,1.0,-1,-1,-1
241,8,1278.00,368.00,79.00,223.00,1.0,-1,-1,-1
242,0,0.00,0.00,0.00,0.00,1.0,-1,-1,-1
242,1,0.00,0.00,0.00,0.00,1.0,-1,-1,-1
242,2,0.00,0.00,0.00,0.00,1.0,-1,-1,-1
242,3,1104.00,313.00,40.00,90.00,1.0,-1,-1,-1
242,4,501.00,590.00,118.00,305.00,1.0,-1,-1,-1
242,5,168.00,634.00,94.00,292.00,1.0,-1,-1,-1
242,6,290.00,651.00,128.00,284.00,1.0,-1,-1,-1
242,7,1487.00,392.00,84.00,203.00,1.0,-1,-1,-1
242,8,1269.00,368.00,86.00,221.00,1.0,-1,-1,-1
243,0,0.00,0.00,0.00,0.00,1.0,-1,-1,-1
243,1,0.00,0.00,0.00,0.00,1.0,-1,-1,-1
243,2,0.00,0.00,0.00,0.00,1.0,-1,-1,-1
243,3,1105.00,319.00,39.00,86.00,1.0,-1,-1,-1
243,4,502.00,591.00,116.00,305.00,1.0,-1,-1,-1
243,5,165.00,635.00,95.00,293.00,1.0,-1,-1,-1
243,6,287.00,653.00,130.00,284.00,1.0,-1,-1,-1
243,7,1502.00,394.00,75.00,201.00,1.0,-1,-1,-1
243,8,1266.00,368.00,89.00,221.00,1.0,-1,-1,-1
244,0,0.00,0.00,0.00,0.00,1.0,-1,-1,-1
244,1,0.00,0.00,0.00,0.00,1.0,-1,-1,-1
244,2,0.00,0.00,0.00,0.00,1.0,-1,-1,-1
244,3,1105.00,314.00,39.00,93.00,1.0,-1,-1,-1
244,4,502.00,592.00,115.00,305.00,1.0,-1,-1,-1
244,5,162.00,636.00,97.00,293.00,1.0,-1,-1,-1
244,6,285.00,655.00,132.00,283.00,1.0,-1,-1,-1
244,7,1503.00,396.00,83.00,201.00,1.0,-1,-1,-1
244,8,1262.00,368.00,92.00,122.00,1.0,-1,-1,-1
245,0,0.00,0.00,0.00,0.00,1.0,-1,-1,-1
245,1,0.00,0.00,0.00,0.00,1.0,-1,-1,-1
245,2,0.00,0.00,0.00,0.00,1.0,-1,-1,-1
245,3,1105.00,313.00,39.00,94.00,1.0,-1,-1,-1
245,4,502.00,594.00,113.00,307.00,1.0,-1,-1,-1
245,5,160.00,637.00,96.00,293.00,1.0,-1,-1,-1
245,6,282.00,658.00,135.00,289.00,1.0,-1,-1,-1
245,7,1507.00,398.00,84.00,199.00,1.0,-1,-1,-1
245,8,1261.00,368.00,91.00,123.00,1.0,-1,-1,-1
246,0,0.00,0.00,0.00,0.00,1.0,-1,-1,-1
246,1,0.00,0.00,0.00,0.00,1.0,-1,-1,-1
246,2,0.00,0.00,0.00,0.00,1.0,-1,-1,-1
246,3,1104.00,313.00,38.00,93.00,1.0,-1,-1,-1
246,4,501.00,597.00,141.00,313.00,1.0,-1,-1,-1
246,5,157.00,638.00,95.00,292.00,1.0,-1,-1,-1
246,6,280.00,663.00,135.00,293.00,1.0,-1,-1,-1
246,7,1515.00,398.00,84.00,200.00,1.0,-1,-1,-1
246,8,1263.00,370.00,84.00,143.00,1.0,-1,-1,-1
247,0,0.00,0.00,0.00,0.00,1.0,-1,-1,-1
247,1,0.00,0.00,0.00,0.00,1.0,-1,-1,-1
247,2,0.00,0.00,0.00,0.00,1.0,-1,-1,-1
247,3,1104.00,305.00,40.00,102.00,1.0,-1,-1,-1
247,4,500.00,601.00,142.00,309.00,1.0,-1,-1,-1
247,5,155.00,639.00,95.00,292.00,1.0,-1,-1,-1
247,6,279.00,667.00,135.00,293.00,1.0,-1,-1,-1
247,7,1517.00,400.00,92.00,199.00,1.0,-1,-1,-1
247,8,1267.00,370.00,75.00,216.00,1.0,-1,-1,-1
248,0,0.00,0.00,0.00,0.00,1.0,-1,-1,-1
248,1,0.00,0.00,0.00,0.00,1.0,-1,-1,-1
248,2,0.00,0.00,0.00,0.00,1.0,-1,-1,-1
248,3,0.00,0.00,0.00,0.00,1.0,-1,-1,-1
248,4,499.00,606.00,142.00,309.00,1.0,-1,-1,-1
248,5,153.00,642.00,94.00,294.00,1.0,-1,-1,-1
248,6,278.00,672.00,136.00,296.00,1.0,-1,-1,-1
248,7,1518.00,405.00,107.00,196.00,1.0,-1,-1,-1
248,8,1270.00,371.00,69.00,223.00,1.0,-1,-1,-1
249,0,0.00,0.00,0.00,0.00,1.0,-1,-1,-1
249,1,0.00,0.00,0.00,0.00,1.0,-1,-1,-1
249,2,0.00,0.00,0.00,0.00,1.0,-1,-1,-1
249,3,0.00,0.00,0.00,0.00,1.0,-1,-1,-1
249,4,497.00,609.00,142.00,314.00,1.0,-1,-1,-1
249,5,152.00,647.00,92.00,300.00,1.0,-1,-1,-1
249,6,276.00,675.00,136.00,297.00,1.0,-1,-1,-1
249,7,1519.00,406.00,113.00,198.00,1.0,-1,-1,-1
249,8,1272.00,371.00,64.00,223.00,1.0,-1,-1,-1
250,0,0.00,0.00,0.00,0.00,1.0,-1,-1,-1
250,1,0.00,0.00,0.00,0.00,1.0,-1,-1,-1
250,2,0.00,0.00,0.00,0.00,1.0,-1,-1,-1
250,3,0.00,0.00,0.00,0.00,1.0,-1,-1,-1
250,4,495.00,613.00,141.00,316.00,1.0,-1,-1,-1
250,5,149.00,651.00,92.00,298.00,1.0,-1,-1,-1
250,6,275.00,678.00,135.00,297.00,1.0,-1,-1,-1
250,7,1520.00,408.00,113.00,197.00,1.0,-1,-1,-1
250,8,1273.00,371.00,64.00,222.00,1.0,-1,-1,-1
251,0,0.00,0.00,0.00,0.00,1.0,-1,-1,-1
251,1,0.00,0.00,0.00,0.00,1.0,-1,-1,-1
251,2,0.00,0.00,0.00,0.00,1.0,-1,-1,-1
251,3,0.00,0.00,0.00,0.00,1.0,-1,-1,-1
251,4,493.00,615.00,140.00,319.00,1.0,-1,-1,-1
251,5,145.00,656.00,96.00,297.00,1.0,-1,-1,-1
251,6,273.00,681.00,136.00,295.00,1.0,-1,-1,-1
251,7,1524.00,410.00,117.00,198.00,1.0,-1,-1,-1
251,8,1271.00,370.00,62.00,221.00,1.0,-1,-1,-1
252,0,0.00,0.00,0.00,0.00,1.0,-1,-1,-1
252,1,0.00,0.00,0.00,0.00,1.0,-1,-1,-1
252,2,0.00,0.00,0.00,0.00,1.0,-1,-1,-1
252,3,0.00,0.00,0.00,0.00,1.0,-1,-1,-1
252,4,491.00,616.00,138.00,320.00,1.0,-1,-1,-1
252,5,144.00,661.00,95.00,297.00,1.0,-1,-1,-1
252,6,273.00,683.00,133.00,294.00,1.0,-1,-1,-1
252,7,1533.00,411.00,117.00,198.00,1.0,-1,-1,-1
252,8,1269.00,369.00,61.00,217.00,1.0,-1,-1,-1
253,0,0.00,0.00,0.00,0.00,1.0,-1,-1,-1
253,1,0.00,0.00,0.00,0.00,1.0,-1,-1,-1
253,2,0.00,0.00,0.00,0.00,1.0,-1,-1,-1
253,3,0.00,0.00,0.00,0.00,1.0,-1,-1,-1
253,4,488.00,618.00,135.00,318.00,1.0,-1,-1,-1
253,5,140.00,663.00,96.00,301.00,1.0,-1,-1,-1
253,6,270.00,682.00,132.00,294.00,1.0,-1,-1,-1
253,7,1545.00,409.00,115.00,200.00,1.0,-1,-1,-1
253,8,1265.00,368.00,61.00,144.00,1.0,-1,-1,-1
254,0,0.00,0.00,0.00,0.00,1.0,-1,-1,-1
254,1,0.00,0.00,0.00,0.00,1.0,-1,-1,-1
254,2,0.00,0.00,0.00,0.00,1.0,-1,-1,-1
254,3,0.00,0.00,0.00,0.00,1.0,-1,-1,-1
254,4,485.00,617.00,129.00,320.00,1.0,-1,-1,-1
254,5,135.00,665.00,95.00,304.00,1.0,-1,-1,-1
254,6,267.00,683.00,132.00,294.00,1.0,-1,-1,-1
254,7,1561.00,408.00,102.00,201.00,1.0,-1,-1,-1
254,8,1257.00,366.00,36.00,215.00,1.0,-1,-1,-1
255,0,0.00,0.00,0.00,0.00,1.0,-1,-1,-1
255,1,0.00,0.00,0.00,0.00,1.0,-1,-1,-1
255,2,0.00,0.00,0.00,0.00,1.0,-1,-1,-1
255,3,0.00,0.00,0.00,0.00,1.0,-1,-1,-1
255,4,484.00,618.00,127.00,320.00,1.0,-1,-1,-1
255,5,132.00,666.00,94.00,304.00,1.0,-1,-1,-1
255,6,266.00,684.00,131.00,293.00,1.0,-1,-1,-1
255,7,1580.00,409.00,86.00,202.00,1.0,-1,-1,-1
255,8,1246.00,366.00,57.00,219.00,1.0,-1,-1,-1
256,0,0.00,0.00,0.00,0.00,1.0,-1,-1,-1
256,1,0.00,0.00,0.00,0.00,1.0,-1,-1,-1
256,2,0.00,0.00,0.00,0.00,1.0,-1,-1,-1
256,3,0.00,0.00,0.00,0.00,1.0,-1,-1,-1
256,4,482.00,617.00,122.00,321.00,1.0,-1,-1,-1
256,5,127.00,668.00,96.00,302.00,1.0,-1,-1,-1
256,6,265.00,686.00,130.00,292.00,1.0,-1,-1,-1
256,7,1600.00,408.00,74.00,204.00,1.0,-1,-1,-1
256,8,1242.00,365.00,61.00,220.00,1.0,-1,-1,-1
257,0,0.00,0.00,0.00,0.00,1.0,-1,-1,-1
257,1,0.00,0.00,0.00,0.00,1.0,-1,-1,-1
257,2,0.00,0.00,0.00,0.00,1.0,-1,-1,-1
257,3,0.00,0.00,0.00,0.00,1.0,-1,-1,-1
257,4,478.00,621.00,119.00,320.00,1.0,-1,-1,-1
257,5,123.00,670.00,98.00,300.00,1.0,-1,-1,-1
257,6,263.00,689.00,130.00,297.00,1.0,-1,-1,-1
257,7,1606.00,408.00,74.00,206.00,1.0,-1,-1,-1
257,8,1237.00,366.00,65.00,218.00,1.0,-1,-1,-1
258,0,0.00,0.00,0.00,0.00,1.0,-1,-1,-1
258,1,0.00,0.00,0.00,0.00,1.0,-1,-1,-1
258,2,0.00,0.00,0.00,0.00,1.0,-1,-1,-1
258,3,0.00,0.00,0.00,0.00,1.0,-1,-1,-1
258,4,475.00,623.00,117.00,330.00,1.0,-1,-1,-1
258,5,119.00,670.00,102.00,301.00,1.0,-1,-1,-1
258,6,261.00,693.00,130.00,300.00,1.0,-1,-1,-1
258,7,1601.00,410.00,85.00,205.00,1.0,-1,-1,-1
258,8,1223.00,367.00,79.00,217.00,1.0,-1,-1,-1
259,0,0.00,0.00,0.00,0.00,1.0,-1,-1,-1
259,1,0.00,0.00,0.00,0.00,1.0,-1,-1,-1
259,2,0.00,0.00,0.00,0.00,1.0,-1,-1,-1
259,3,0.00,0.00,0.00,0.00,1.0,-1,-1,-1
259,4,473.00,627.00,114.00,330.00,1.0,-1,-1,-1
259,5,116.00,671.00,104.00,301.00,1.0,-1,-1,-1
259,6,259.00,699.00,130.00,297.00,1.0,-1,-1,-1
259,7,1608.00,413.00,86.00,208.00,1.0,-1,-1,-1
259,8,1210.00,368.00,93.00,216.00,1.0,-1,-1,-1
260,0,0.00,0.00,0.00,0.00,1.0,-1,-1,-1
260,1,0.00,0.00,0.00,0.00,1.0,-1,-1,-1
260,2,0.00,0.00,0.00,0.00,1.0,-1,-1,-1
260,3,0.00,0.00,0.00,0.00,1.0,-1,-1,-1
260,4,469.00,631.00,115.00,325.00,1.0,-1,-1,-1
260,5,114.00,672.00,104.00,300.00,1.0,-1,-1,-1
260,6,257.00,703.00,130.00,297.00,1.0,-1,-1,-1
260,7,1609.00,416.00,95.00,202.00,1.0,-1,-1,-1
260,8,1202.00,369.00,100.00,214.00,1.0,-1,-1,-1
261,0,0.00,0.00,0.00,0.00,1.0,-1,-1,-1
261,1,0.00,0.00,0.00,0.00,1.0,-1,-1,-1
261,2,0.00,0.00,0.00,0.00,1.0,-1,-1,-1
261,3,0.00,0.00,0.00,0.00,1.0,-1,-1,-1
261,4,466.00,635.00,118.00,335.00,1.0,-1,-1,-1
261,5,112.00,673.00,104.00,299.00,1.0,-1,-1,-1
261,6,254.00,707.00,132.00,302.00,1.0,-1,-1,-1
261,7,1611.00,418.00,101.00,201.00,1.0,-1,-1,-1
261,8,1203.00,370.00,91.00,203.00,1.0,-1,-1,-1
262,0,0.00,0.00,0.00,0.00,1.0,-1,-1,-1
262,1,0.00,0.00,0.00,0.00,1.0,-1,-1,-1
262,2,0.00,0.00,0.00,0.00,1.0,-1,-1,-1
262,3,0.00,0.00,0.00,0.00,1.0,-1,-1,-1
262,4,464.00,639.00,121.00,334.00,1.0,-1,-1,-1
262,5,109.00,674.00,105.00,306.00,1.0,-1,-1,-1
262,6,251.00,710.00,133.00,304.00,1.0,-1,-1,-1
262,7,1613.00,419.00,109.00,203.00,1.0,-1,-1,-1
262,8,1206.00,369.00,87.00,204.00,1.0,-1,-1,-1
263,0,0.00,0.00,0.00,0.00,1.0,-1,-1,-1
263,1,0.00,0.00,0.00,0.00,1.0,-1,-1,-1
263,2,0.00,0.00,0.00,0.00,1.0,-1,-1,-1
263,3,0.00,0.00,0.00,0.00,1.0,-1,-1,-1
263,4,463.00,643.00,124.00,335.00,1.0,-1,-1,-1
263,5,108.00,679.00,104.00,310.00,1.0,-1,-1,-1
263,6,247.00,712.00,134.00,303.00,1.0,-1,-1,-1
263,7,1616.00,420.00,113.00,204.00,1.0,-1,-1,-1
263,8,1210.00,367.00,88.00,211.00,1.0,-1,-1,-1
264,0,0.00,0.00,0.00,0.00,1.0,-1,-1,-1
264,1,0.00,0.00,0.00,0.00,1.0,-1,-1,-1
264,2,0.00,0.00,0.00,0.00,1.0,-1,-1,-1
264,3,1111.00,314.00,30.00,141.00,1.0,-1,-1,-1
264,4,463.00,645.00,125.00,335.00,1.0,-1,-1,-1
264,5,108.00,684.00,101.00,311.00,1.0,-1,-1,-1
264,6,245.00,714.00,134.00,303.00,1.0,-1,-1,-1
264,7,1627.00,423.00,106.00,202.00,1.0,-1,-1,-1
264,8,1210.00,367.00,82.00,214.00,1.0,-1,-1,-1
265,0,0.00,0.00,0.00,0.00,1.0,-1,-1,-1
265,1,0.00,0.00,0.00,0.00,1.0,-1,-1,-1
265,2,0.00,0.00,0.00,0.00,1.0,-1,-1,-1
265,3,1112.00,328.00,29.00,127.00,1.0,-1,-1,-1
265,4,463.00,645.00,126.00,336.00,1.0,-1,-1,-1
265,5,107.00,689.00,99.00,303.00,1.0,-1,-1,-1
265,6,243.00,714.00,134.00,303.00,1.0,-1,-1,-1
265,7,1640.00,423.00,97.00,202.00,1.0,-1,-1,-1
265,8,1204.00,365.00,80.00,209.00,1.0,-1,-1,-1
266,0,0.00,0.00,0.00,0.00,1.0,-1,-1,-1
266,1,0.00,0.00,0.00,0.00,1.0,-1,-1,-1
266,2,0.00,0.00,0.00,0.00,1.0,-1,-1,-1
266,3,1114.00,389.00,26.00,65.00,1.0,-1,-1,-1
266,4,463.00,648.00,127.00,332.00,1.0,-1,-1,-1
266,5,107.00,694.00,98.00,307.00,1.0,-1,-1,-1
266,6,240.00,714.00,136.00,303.00,1.0,-1,-1,-1
266,7,1658.00,422.00,82.00,202.00,1.0,-1,-1,-1
266,8,1201.00,362.00,71.00,209.00,1.0,-1,-1,-1
267,0,0.00,0.00,0.00,0.00,1.0,-1,-1,-1
267,1,0.00,0.00,0.00,0.00,1.0,-1,-1,-1
267,2,0.00,0.00,0.00,0.00,1.0,-1,-1,-1
267,3,0.00,0.00,0.00,0.00,1.0,-1,-1,-1
267,4,462.00,645.00,128.00,335.00,1.0,-1,-1,-1
267,5,107.00,698.00,95.00,311.00,1.0,-1,-1,-1
267,6,236.00,715.00,138.00,302.00,1.0,-1,-1,-1
267,7,1683.00,433.00,58.00,190.00,1.0,-1,-1,-1
267,8,1196.00,360.00,66.00,209.00,1.0,-1,-1,-1
268,0,0.00,0.00,0.00,0.00,1.0,-1,-1,-1
268,1,0.00,0.00,0.00,0.00,1.0,-1,-1,-1
268,2,0.00,0.00,0.00,0.00,1.0,-1,-1,-1
268,3,0.00,0.00,0.00,0.00,1.0,-1,-1,-1
268,4,461.00,643.00,130.00,338.00,1.0,-1,-1,-1
268,5,106.00,701.00,94.00,313.00,1.0,-1,-1,-1
268,6,234.00,716.00,140.00,302.00,1.0,-1,-1,-1
268,7,1698.00,436.00,44.00,188.00,1.0,-1,-1,-1
268,8,1185.00,359.00,62.00,191.00,1.0,-1,-1,-1
269,0,0.00,0.00,0.00,0.00,1.0,-1,-1,-1
269,1,0.00,0.00,0.00,0.00,1.0,-1,-1,-1
269,2,0.00,0.00,0.00,0.00,1.0,-1,-1,-1
269,3,0.00,0.00,0.00,0.00,1.0,-1,-1,-1
269,4,459.00,642.00,132.00,339.00,1.0,-1,-1,-1
269,5,104.00,703.00,96.00,311.00,1.0,-1,-1,-1
269,6,231.00,719.00,142.00,304.00,1.0,-1,-1,-1
269,7,1698.00,437.00,46.00,186.00,1.0,-1,-1,-1
269,8,1176.00,357.00,66.00,212.00,1.0,-1,-1,-1
270,0,0.00,0.00,0.00,0.00,1.0,-1,-1,-1
270,1,0.00,0.00,0.00,0.00,1.0,-1,-1,-1
270,2,0.00,0.00,0.00,0.00,1.0,-1,-1,-1
270,3,0.00,0.00,0.00,0.00,1.0,-1,-1,-1
270,4,456.00,642.00,135.00,340.00,1.0,-1,-1,-1
270,5,100.00,706.00,99.00,309.00,1.0,-1,-1,-1
270,6,228.00,723.00,144.00,311.00,1.0,-1,-1,-1
270,7,1698.00,446.00,46.00,178.00,1.0,-1,-1,-1
270,8,1169.00,357.00,69.00,216.00,1.0,-1,-1,-1
271,0,0.00,0.00,0.00,0.00,1.0,-1,-1,-1
271,1,0.00,0.00,0.00,0.00,1.0,-1,-1,-1
271,2,0.00,0.00,0.00,0.00,1.0,-1,-1,-1
271,3,0.00,0.00,0.00,0.00,1.0,-1,-1,-1
271,4,455.00,644.00,135.00,346.00,1.0,-1,-1,-1
271,5,96.00,706.00,103.00,308.00,1.0,-1,-1,-1
271,6,226.00,725.00,145.00,315.00,1.0,-1,-1,-1
271,7,1698.00,455.00,46.00,169.00,1.0,-1,-1,-1
271,8,1160.00,357.00,75.00,216.00,1.0,-1,-1,-1
272,0,0.00,0.00,0.00,0.00,1.0,-1,-1,-1
272,1,0.00,0.00,0.00,0.00,1.0,-1,-1,-1
272,2,0.00,0.00,0.00,0.00,1.0,-1,-1,-1
272,3,0.00,0.00,0.00,0.00,1.0,-1,-1,-1
272,4,452.00,646.00,137.00,346.00,1.0,-1,-1,-1
272,5,93.00,706.00,105.00,308.00,1.0,-1,-1,-1
272,6,225.00,730.00,145.00,310.00,1.0,-1,-1,-1
272,7,1700.00,488.00,39.00,135.00,1.0,-1,-1,-1
272,8,1157.00,359.00,76.00,214.00,1.0,-1,-1,-1
273,0,0.00,0.00,0.00,0.00,1.0,-1,-1,-1
273,1,0.00,0.00,0.00,0.00,1.0,-1,-1,-1
273,2,0.00,0.00,0.00,0.00,1.0,-1,-1,-1
273,3,0.00,0.00,0.00,0.00,1.0,-1,-1,-1
273,4,446.00,651.00,141.00,344.00,1.0,-1,-1,-1
273,5,91.00,705.00,104.00,309.00,1.0,-1,-1,-1
273,6,224.00,734.00,146.00,319.00,1.0,-1,-1,-1
273,7,1701.00,532.00,36.00,91.00,1.0,-1,-1,-1
273,8,1153.00,360.00,76.00,213.00,1.0,-1,-1,-1
274,0,0.00,0.00,0.00,0.00,1.0,-1,-1,-1
274,1,0.00,0.00,0.00,0.00,1.0,-1,-1,-1
274,2,0.00,0.00,0.00,0.00,1.0,-1,-1,-1
274,3,0.00,0.00,0.00,0.00,1.0,-1,-1,-1
274,4,446.00,656.00,140.00,346.00,1.0,-1,-1,-1
274,5,88.00,705.00,105.00,308.00,1.0,-1,-1,-1
274,6,222.00,739.00,146.00,315.00,1.0,-1,-1,-1
274,7,1705.00,542.00,33.00,76.00,1.0,-1,-1,-1
274,8,1146.00,360.00,82.00,212.00,1.0,-1,-1,-1
275,0,0.00,0.00,0.00,0.00,1.0,-1,-1,-1
275,1,0.00,0.00,0.00,0.00,1.0,-1,-1,-1
275,2,0.00,0.00,0.00,0.00,1.0,-1,-1,-1
275,3,0.00,0.00,0.00,0.00,1.0,-1,-1,-1
275,4,444.00,659.00,139.00,348.00,1.0,-1,-1,-1
275,5,88.00,707.00,103.00,306.00,1.0,-1,-1,-1
275,6,222.00,741.00,144.00,314.00,1.0,-1,-1,-1
275,7,1711.00,581.00,24.00,35.00,1.0,-1,-1,-1
275,8,1139.00,361.00,88.00,209.00,1.0,-1,-1,-1
276,0,0.00,0.00,0.00,0.00,1.0,-1,-1,-1
276,1,0.00,0.00,0.00,0.00,1.0,-1,-1,-1
276,2,0.00,0.00,0.00,0.00,1.0,-1,-1,-1
276,3,1116.00,283.00,27.00,87.00,1.0,-1,-1,-1
276,4,440.00,662.00,139.00,355.00,1.0,-1,-1,-1
276,5,85.00,709.00,103.00,316.00,1.0,-1,-1,-1
276,6,220.00,741.00,143.00,314.00,1.0,-1,-1,-1
276,7,1717.00,584.00,18.00,39.00,1.0,-1,-1,-1
276,8,1135.00,360.00,90.00,210.00,1.0,-1,-1,-1
277,0,0.00,0.00,0.00,0.00,1.0,-1,-1,-1
277,1,0.00,0.00,0.00,0.00,1.0,-1,-1,-1
277,2,0.00,0.00,0.00,0.00,1.0,-1,-1,-1
277,3,1115.00,281.00,28.00,87.00,1.0,-1,-1,-1
277,4,436.00,666.00,139.00,353.00,1.0,-1,-1,-1
277,5,83.00,713.00,102.00,320.00,1.0,-1,-1,-1
277,6,217.00,742.00,143.00,312.00,1.0,-1,-1,-1
277,7,0.00,0.00,0.00,0.00,1.0,-1,-1,-1
277,8,1133.00,357.00,87.00,212.00,1.0,-1,-1,-1
278,0,0.00,0.00,0.00,0.00,1.0,-1,-1,-1
278,1,0.00,0.00,0.00,0.00,1.0,-1,-1,-1
278,2,0.00,0.00,0.00,0.00,1.0,-1,-1,-1
278,3,1112.00,279.00,31.00,84.00,1.0,-1,-1,-1
278,4,431.00,667.00,137.00,353.00,1.0,-1,-1,-1
278,5,81.00,719.00,201.00,319.00,1.0,-1,-1,-1
278,6,215.00,742.00,142.00,312.00,1.0,-1,-1,-1
278,7,0.00,0.00,0.00,0.00,1.0,-1,-1,-1
278,8,1131.00,357.00,80.00,206.00,1.0,-1,-1,-1
279,0,0.00,0.00,0.00,0.00,1.0,-1,-1,-1
279,1,0.00,0.00,0.00,0.00,1.0,-1,-1,-1
279,2,0.00,0.00,0.00,0.00,1.0,-1,-1,-1
279,3,1112.00,279.00,32.00,83.00,1.0,-1,-1,-1
279,4,430.00,665.00,136.00,353.00,1.0,-1,-1,-1
279,5,79.00,723.00,203.00,314.00,1.0,-1,-1,-1
279,6,214.00,742.00,141.00,312.00,1.0,-1,-1,-1
279,7,0.00,0.00,0.00,0.00,1.0,-1,-1,-1
279,8,1130.00,354.00,71.00,204.00,1.0,-1,-1,-1
280,0,0.00,0.00,0.00,0.00,1.0,-1,-1,-1
280,1,0.00,0.00,0.00,0.00,1.0,-1,-1,-1
280,2,0.00,0.00,0.00,0.00,1.0,-1,-1,-1
280,3,1112.00,279.00,32.00,89.00,1.0,-1,-1,-1
280,4,427.00,665.00,135.00,354.00,1.0,-1,-1,-1
280,5,77.00,727.00,205.00,318.00,1.0,-1,-1,-1
280,6,212.00,743.00,140.00,311.00,1.0,-1,-1,-1
280,7,0.00,0.00,0.00,0.00,1.0,-1,-1,-1
280,8,1125.00,352.00,67.00,206.00,1.0,-1,-1,-1
281,0,0.00,0.00,0.00,0.00,1.0,-1,-1,-1
281,1,0.00,0.00,0.00,0.00,1.0,-1,-1,-1
281,2,0.00,0.00,0.00,0.00,1.0,-1,-1,-1
281,3,1111.00,279.00,33.00,93.00,1.0,-1,-1,-1
281,4,423.00,663.00,137.00,356.00,1.0,-1,-1,-1
281,5,75.00,731.00,207.00,323.00,1.0,-1,-1,-1
281,6,210.00,745.00,139.00,312.00,1.0,-1,-1,-1
281,7,0.00,0.00,0.00,0.00,1.0,-1,-1,-1
281,8,1126.00,350.00,60.00,209.00,1.0,-1,-1,-1
282,0,0.00,0.00,0.00,0.00,1.0,-1,-1,-1
282,1,0.00,0.00,0.00,0.00,1.0,-1,-1,-1
282,2,0.00,0.00,0.00,0.00,1.0,-1,-1,-1
282,3,1109.00,279.00,35.00,94.00,1.0,-1,-1,-1
282,4,421.00,665.00,138.00,353.00,1.0,-1,-1,-1
282,5,72.00,732.00,102.00,322.00,1.0,-1,-1,-1
282,6,209.00,749.00,137.00,320.00,1.0,-1,-1,-1
282,7,0.00,0.00,0.00,0.00,1.0,-1,-1,-1
282,8,1115.00,348.00,68.00,211.00,1.0,-1,-1,-1
283,0,0.00,0.00,0.00,0.00,1.0,-1,-1,-1
283,1,0.00,0.00,0.00,0.00,1.0,-1,-1,-1
283,2,0.00,0.00,0.00,0.00,1.0,-1,-1,-1
283,3,1108.00,279.00,36.00,97.00,1.0,-1,-1,-1
283,4,417.00,666.00,139.00,357.00,1.0,-1,-1,-1
283,5,70.00,732.00,103.00,322.00,1.0,-1,-1,-1
283,6,207.00,752.00,137.00,317.00,1.0,-1,-1,-1
283,7,0.00,0.00,0.00,0.00,1.0,-1,-1,-1
283,8,1112.00,347.00,66.00,211.00,1.0,-1,-1,-1
284,0,0.00,0.00,0.00,0.00,1.0,-1,-1,-1
284,1,0.00,0.00,0.00,0.00,1.0,-1,-1,-1
284,2,0.00,0.00,0.00,0.00,1.0,-1,-1,-1
284,3,1111.00,279.00,32.00,87.00,1.0,-1,-1,-1
284,4,415.00,670.00,139.00,364.00,1.0,-1,-1,-1
284,5,66.00,734.00,106.00,320.00,1.0,-1,-1,-1
284,6,204.00,758.00,137.00,317.00,1.0,-1,-1,-1
284,7,0.00,0.00,0.00,0.00,1.0,-1,-1,-1
284,8,1098.00,348.00,76.00,210.00,1.0,-1,-1,-1
285,0,0.00,0.00,0.00,0.00,1.0,-1,-1,-1
285,1,0.00,0.00,0.00,0.00,1.0,-1,-1,-1
285,2,0.00,0.00,0.00,0.00,1.0,-1,-1,-1
285,3,1111.00,279.00,32.00,71.00,1.0,-1,-1,-1
285,4,412.00,674.00,141.00,364.00,1.0,-1,-1,-1
285,5,63.00,734.00,108.00,320.00,1.0,-1,-1,-1
285,6,200.00,763.00,139.00,317.00,1.0,-1,-1,-1
285,7,0.00,0.00,0.00,0.00,1.0,-1,-1,-1
285,8,1083.00,348.00,90.00,209.00,1.0,-1,-1,-1
286,0,0.00,0.00,0.00,0.00,1.0,-1,-1,-1
286,1,0.00,0.00,0.00,0.00,1.0,-1,-1,-1
286,2,0.00,0.00,0.00,0.00,1.0,-1,-1,-1
286,3,1109.00,278.00,33.00,76.00,1.0,-1,-1,-1
286,4,411.00,678.00,141.00,362.00,1.0,-1,-1,-1
286,5,61.00,732.00,110.00,321.00,1.0,-1,-1,-1
286,6,197.00,767.00,140.00,313.00,1.0,-1,-1,-1
286,7,0.00,0.00,0.00,0.00,1.0,-1,-1,-1
286,8,1068.00,349.00,105.00,207.00,1.0,-1,-1,-1
287,0,0.00,0.00,0.00,0.00,1.0,-1,-1,-1
287,1,0.00,0.00,0.00,0.00,1.0,-1,-1,-1
287,2,0.00,0.00,0.00,0.00,1.0,-1,-1,-1
287,3,1106.00,277.00,37.00,76.00,1.0,-1,-1,-1
287,4,411.00,682.00,139.00,365.00,1.0,-1,-1,-1
287,5,59.00,732.00,112.00,321.00,1.0,-1,-1,-1
287,6,194.00,769.00,140.00,311.00,1.0,-1,-1,-1
287,7,0.00,0.00,0.00,0.00,1.0,-1,-1,-1
287,8,1065.00,350.00,109.00,203.00,1.0,-1,-1,-1
288,0,0.00,0.00,0.00,0.00,1.0,-1,-1,-1
288,1,0.00,0.00,0.00,0.00,1.0,-1,-1,-1
288,2,0.00,0.00,0.00,0.00,1.0,-1,-1,-1
288,3,1104.00,277.00,39.00,91.00,1.0,-1,-1,-1
288,4,412.00,685.00,136.00,364.00,1.0,-1,-1,-1
288,5,55.00,733.00,114.00,320.00,1.0,-1,-1,-1
288,6,191.00,770.00,139.00,310.00,1.0,-1,-1,-1
288,7,0.00,0.00,0.00,0.00,1.0,-1,-1,-1
288,8,1063.00,349.00,109.00,204.00,1.0,-1,-1,-1
289,0,0.00,0.00,0.00,0.00,1.0,-1,-1,-1
289,1,0.00,0.00,0.00,0.00,1.0,-1,-1,-1
289,2,0.00,0.00,0.00,0.00,1.0,-1,-1,-1
289,3,1103.00,276.00,41.00,93.00,1.0,-1,-1,-1
289,4,411.00,687.00,136.00,369.00,1.0,-1,-1,-1
289,5,53.00,735.00,113.00,319.00,1.0,-1,-1,-1
289,6,186.00,770.00,142.00,310.00,1.0,-1,-1,-1
289,7,0.00,0.00,0.00,0.00,1.0,-1,-1,-1
289,8,1063.00,344.00,107.00,207.00,1.0,-1,-1,-1
290,0,0.00,0.00,0.00,0.00,1.0,-1,-1,-1
290,1,0.00,0.00,0.00,0.00,1.0,-1,-1,-1
290,2,0.00,0.00,0.00,0.00,1.0,-1,-1,-1
290,3,1102.00,275.00,39.00,69.00,1.0,-1,-1,-1
290,4,412.00,690.00,135.00,368.00,1.0,-1,-1,-1
290,5,51.00,738.00,113.00,328.00,1.0,-1,-1,-1
290,6,184.00,769.00,144.00,311.00,1.0,-1,-1,-1
290,7,0.00,0.00,0.00,0.00,1.0,-1,-1,-1
290,8,1063.00,339.00,103.00,212.00,1.0,-1,-1,-1
291,0,0.00,0.00,0.00,0.00,1.0,-1,-1,-1
291,1,0.00,0.00,0.00,0.00,1.0,-1,-1,-1
291,2,0.00,0.00,0.00,0.00,1.0,-1,-1,-1
291,3,1101.00,275.00,39.00,71.00,1.0,-1,-1,-1
291,4,413.00,690.00,134.00,367.00,1.0,-1,-1,-1
291,5,49.00,741.00,113.00,331.00,1.0,-1,-1,-1
291,6,181.00,768.00,146.00,312.00,1.0,-1,-1,-1
291,7,0.00,0.00,0.00,0.00,1.0,-1,-1,-1
291,8,1063.00,350.00,94.00,196.00,1.0,-1,-1,-1
292,0,0.00,0.00,0.00,0.00,1.0,-1,-1,-1
292,1,0.00,0.00,0.00,0.00,1.0,-1,-1,-1
292,2,0.00,0.00,0.00,0.00,1.0,-1,-1,-1
292,3,1100.00,275.00,38.00,75.00,1.0,-1,-1,-1
292,4,414.00,693.00,130.00,364.00,1.0,-1,-1,-1
292,5,48.00,745.00,111.00,330.00,1.0,-1,-1,-1
292,6,176.00,770.00,149.00,310.00,1.0,-1,-1,-1
292,7,0.00,0.00,0.00,0.00,1.0,-1,-1,-1
292,8,1063.00,346.00,88.00,198.00,1.0,-1,-1,-1
293,0,0.00,0.00,0.00,0.00,1.0,-1,-1,-1
293,1,0.00,0.00,0.00,0.00,1.0,-1,-1,-1
293,2,0.00,0.00,0.00,0.00,1.0,-1,-1,-1
293,3,1100.00,275.00,46.00,87.00,1.0,-1,-1,-1
293,4,415.00,692.00,130.00,365.00,1.0,-1,-1,-1
293,5,47.00,749.00,110.00,331.00,1.0,-1,-1,-1
293,6,175.00,772.00,149.00,308.00,1.0,-1,-1,-1
293,7,0.00,0.00,0.00,0.00,1.0,-1,-1,-1
293,8,1061.00,342.00,73.00,202.00,1.0,-1,-1,-1
294,0,0.00,0.00,0.00,0.00,1.0,-1,-1,-1
294,1,0.00,0.00,0.00,0.00,1.0,-1,-1,-1
294,2,0.00,0.00,0.00,0.00,1.0,-1,-1,-1
294,3,1099.00,276.00,46.00,91.00,1.0,-1,-1,-1
294,4,415.00,691.00,129.00,364.00,1.0,-1,-1,-1
294,5,46.00,753.00,109.00,327.00,1.0,-1,-1,-1
294,6,172.00,775.00,152.00,305.00,1.0,-1,-1,-1
294,7,0.00,0.00,0.00,0.00,1.0,-1,-1,-1
294,8,1057.00,338.00,68.00,205.00,1.0,-1,-1,-1
295,0,0.00,0.00,0.00,0.00,1.0,-1,-1,-1
295,1,0.00,0.00,0.00,0.00,1.0,-1,-1,-1
295,2,0.00,0.00,0.00,0.00,1.0,-1,-1,-1
295,3,1099.00,276.00,45.00,93.00,1.0,-1,-1,-1
295,4,413.00,691.00,130.00,365.00,1.0,-1,-1,-1
295,5,44.00,756.00,108.00,324.00,1.0,-1,-1,-1
295,6,169.00,778.00,151.00,302.00,1.0,-1,-1,-1
295,7,0.00,0.00,0.00,0.00,1.0,-1,-1,-1
295,8,1050.00,335.00,73.00,207.00,1.0,-1,-1,-1
296,0,0.00,0.00,0.00,0.00,1.0,-1,-1,-1
296,1,0.00,0.00,0.00,0.00,1.0,-1,-1,-1
296,2,0.00,0.00,0.00,0.00,1.0,-1,-1,-1
296,3,1099.00,275.00,41.00,96.00,1.0,-1,-1,-1
296,4,412.00,691.00,129.00,364.00,1.0,-1,-1,-1
296,5,42.00,758.00,108.00,322.00,1.0,-1,-1,-1
296,6,167.00,784.00,127.00,296.00,1.0,-1,-1,-1
296,7,0.00,0.00,0.00,0.00,1.0,-1,-1,-1
296,8,1040.00,333.00,82.00,208.00,1.0,-1,-1,-1
297,0,0.00,0.00,0.00,0.00,1.0,-1,-1,-1
297,1,0.00,0.00,0.00,0.00,1.0,-1,-1,-1
297,2,0.00,0.00,0.00,0.00,1.0,-1,-1,-1
297,3,1098.00,275.00,45.00,182.00,1.0,-1,-1,-1
297,4,410.00,692.00,129.00,369.00,1.0,-1,-1,-1
297,5,40.00,760.00,109.00,320.00,1.0,-1,-1,-1
297,6,164.00,785.00,132.00,295.00,1.0,-1,-1,-1
297,7,0.00,0.00,0.00,0.00,1.0,-1,-1,-1
297,8,1032.00,332.00,77.00,210.00,1.0,-1,-1,-1
298,0,0.00,0.00,0.00,0.00,1.0,-1,-1,-1
298,1,0.00,0.00,0.00,0.00,1.0,-1,-1,-1
298,2,0.00,0.00,0.00,0.00,1.0,-1,-1,-1
298,3,1095.00,275.00,48.00,207.00,1.0,-1,-1,-1
298,4,408.00,692.00,128.00,369.00,1.0,-1,-1,-1
298,5,37.00,760.00,111.00,320.00,1.0,-1,-1,-1
298,6,165.00,787.00,127.00,293.00,1.0,-1,-1,-1
298,7,0.00,0.00,0.00,0.00,1.0,-1,-1,-1
298,8,1026.00,330.00,76.00,211.00,1.0,-1,-1,-1
299,0,0.00,0.00,0.00,0.00,1.0,-1,-1,-1
299,1,0.00,0.00,0.00,0.00,1.0,-1,-1,-1
299,2,0.00,0.00,0.00,0.00,1.0,-1,-1,-1
299,3,1094.00,275.00,47.00,217.00,1.0,-1,-1,-1
299,4,405.00,692.00,128.00,371.00,1.0,-1,-1,-1
299,5,34.00,760.00,112.00,320.00,1.0,-1,-1,-1
299,6,164.00,798.00,118.00,282.00,1.0,-1,-1,-1
299,7,0.00,0.00,0.00,0.00,1.0,-1,-1,-1
299,8,1022.00,328.00,75.00,213.00,1.0,-1,-1,-1
300,0,0.00,0.00,0.00,0.00,1.0,-1,-1,-1
300,1,0.00,0.00,0.00,0.00,1.0,-1,-1,-1
300,2,0.00,0.00,0.00,0.00,1.0,-1,-1,-1
300,3,1091.00,275.00,49.00,208.00,1.0,-1,-1,-1
300,4,400.00,695.00,131.00,371.00,1.0,-1,-1,-1
300,5,32.00,759.00,113.00,321.00,1.0,-1,-1,-1
300,6,164.00,801.00,133.00,279.00,1.0,-1,-1,-1
300,7,0.00,0.00,0.00,0.00,1.0,-1,-1,-1
300,8,1018.00,330.00,76.00,210.00,1.0,-1,-1,-1
301,0,0.00,0.00,0.00,0.00,1.0,-1,-1,-1
301,1,0.00,0.00,0.00,0.00,1.0,-1,-1,-1
301,2,0.00,0.00,0.00,0.00,1.0,-1,-1,-1
301,3,1091.00,275.00,49.00,220.00,1.0,-1,-1,-1
301,4,397.00,695.00,132.00,375.00,1.0,-1,-1,-1
301,5,29.00,759.00,114.00,321.00,1.0,-1,-1,-1
301,6,162.00,799.00,136.00,281.00,1.0,-1,-1,-1
301,7,0.00,0.00,0.00,0.00,1.0,-1,-1,-1
301,8,1009.00,333.00,85.00,207.00,1.0,-1,-1,-1
302,0,0.00,0.00,0.00,0.00,1.0,-1,-1,-1
302,1,0.00,0.00,0.00,0.00,1.0,-1,-1,-1
302,2,0.00,0.00,0.00,0.00,1.0,-1,-1,-1
302,3,1091.00,274.00,49.00,208.00,1.0,-1,-1,-1
302,4,397.00,695.00,131.00,380.00,1.0,-1,-1,-1
302,5,28.00,760.00,113.00,320.00,1.0,-1,-1,-1
302,6,160.00,800.00,138.00,280.00,1.0,-1,-1,-1
302,7,0.00,0.00,0.00,0.00,1.0,-1,-1,-1
302,8,1003.00,333.00,90.00,205.00,1.0,-1,-1,-1
303,0,0.00,0.00,0.00,0.00,1.0,-1,-1,-1
303,1,0.00,0.00,0.00,0.00,1.0,-1,-1,-1
303,2,0.00,0.00,0.00,0.00,1.0,-1,-1,-1
303,3,1094.00,273.00,45.00,207.00,1.0,-1,-1,-1
303,4,394.00,694.00,132.00,386.00,1.0,-1,-1,-1
303,5,26.00,762.00,113.00,318.00,1.0,-1,-1,-1
303,6,157.00,803.00,142.00,277.00,1.0,-1,-1,-1
303,7,0.00,0.00,0.00,0.00,1.0,-1,-1,-1
303,8,998.00,332.00,94.00,205.00,1.0,-1,-1,-1
304,0,0.00,0.00,0.00,0.00,1.0,-1,-1,-1
304,1,0.00,0.00,0.00,0.00,1.0,-1,-1,-1
304,2,0.00,0.00,0.00,0.00,1.0,-1,-1,-1
304,3,1097.00,273.00,42.00,204.00,1.0,-1,-1,-1
304,4,391.00,693.00,131.00,387.00,1.0,-1,-1,-1
304,5,25.00,766.00,111.00,314.00,1.0,-1,-1,-1
304,6,154.00,802.00,143.00,278.00,1.0,-1,-1,-1
304,7,0.00,0.00,0.00,0.00,1.0,-1,-1,-1
304,8,997.00,332.00,87.00,203.00,1.0,-1,-1,-1
305,0,0.00,0.00,0.00,0.00,1.0,-1,-1,-1
305,1,0.00,0.00,0.00,0.00,1.0,-1,-1,-1
305,2,0.00,0.00,0.00,0.00,1.0,-1,-1,-1
305,3,1100.00,273.00,39.00,204.00,1.0,-1,-1,-1
305,4,387.00,709.00,129.00,371.00,1.0,-1,-1,-1
305,5,22.00,771.00,110.00,309.00,1.0,-1,-1,-1
305,6,152.00,804.00,124.00,276.00,1.0,-1,-1,-1
305,7,0.00,0.00,0.00,0.00,1.0,-1,-1,-1
305,8,996.00,327.00,80.00,204.00,1.0,-1,-1,-1
306,0,0.00,0.00,0.00,0.00,1.0,-1,-1,-1
306,1,0.00,0.00,0.00,0.00,1.0,-1,-1,-1
306,2,0.00,0.00,0.00,0.00,1.0,-1,-1,-1
306,3,1099.00,273.00,39.00,197.00,1.0,-1,-1,-1
306,4,384.00,710.00,129.00,370.00,1.0,-1,-1,-1
306,5,20.00,776.00,111.00,304.00,1.0,-1,-1,-1
306,6,149.00,808.00,128.00,272.00,1.0,-1,-1,-1
306,7,0.00,0.00,0.00,0.00,1.0,-1,-1,-1
306,8,994.00,327.00,72.00,200.00,1.0,-1,-1,-1
307,0,0.00,0.00,0.00,0.00,1.0,-1,-1,-1
307,1,0.00,0.00,0.00,0.00,1.0,-1,-1,-1
307,2,0.00,0.00,0.00,0.00,1.0,-1,-1,-1
307,3,1103.00,272.00,37.00,204.00,1.0,-1,-1,-1
307,4,380.00,712.00,131.00,368.00,1.0,-1,-1,-1
307,5,18.00,781.00,113.00,299.00,1.0,-1,-1,-1
307,6,147.00,809.00,127.00,271.00,1.0,-1,-1,-1
307,7,0.00,0.00,0.00,0.00,1.0,-1,-1,-1
307,8,994.00,324.00,70.00,202.00,1.0,-1,-1,-1
308,0,0.00,0.00,0.00,0.00,1.0,-1,-1,-1
308,1,18.00,815.00,281.00,265.00,1.0,-1,-1,-1
308,2,0.00,0.00,0.00,0.00,1.0,-1,-1,-1
308,3,1107.00,272.00,33.00,204.00,1.0,-1,-1,-1
308,4,376.00,712.00,132.00,368.00,1.0,-1,-1,-1
308,5,15.00,785.00,112.00,295.00,1.0,-1,-1,-1
308,6,146.00,812.00,141.00,268.00,1.0,-1,-1,-1
308,7,0.00,0.00,0.00,0.00,1.0,-1,-1,-1
308,8,993.00,322.00,74.00,204.00,1.0,-1,-1,-1
309,0,0.00,0.00,0.00,0.00,1.0,-1,-1,-1
309,1,143.00,820.00,140.00,260.00,1.0,-1,-1,-1
309,2,0.00,0.00,0.00,0.00,1.0,-1,-1,-1
309,3,1107.00,272.00,33.00,203.00,1.0,-1,-1,-1
309,4,372.00,713.00,134.00,367.00,1.0,-1,-1,-1
309,5,10.00,788.00,113.00,292.00,1.0,-1,-1,-1
309,6,142.00,818.00,143.00,262.00,1.0,-1,-1,-1
309,7,0.00,0.00,0.00,0.00,1.0,-1,-1,-1
309,8,990.00,320.00,80.00,205.00,1.0,-1,-1,-1
310,0,0.00,0.00,0.00,0.00,1.0,-1,-1,-1
310,1,139.00,826.00,135.00,254.00,1.0,-1,-1,-1
310,2,0.00,0.00,0.00,0.00,1.0,-1,-1,-1
310,3,1107.00,271.00,32.00,199.00,1.0,-1,-1,-1
310,4,370.00,713.00,136.00,367.00,1.0,-1,-1,-1
310,5,5.00,791.00,113.00,289.00,1.0,-1,-1,-1
310,6,139.00,823.00,145.00,257.00,1.0,-1,-1,-1
310,7,0.00,0.00,0.00,0.00,1.0,-1,-1,-1
310,8,985.00,320.00,65.00,205.00,1.0,-1,-1,-1
311,0,0.00,0.00,0.00,0.00,1.0,-1,-1,-1
311,1,134.00,826.00,124.00,254.00,1.0,-1,-1,-1
311,2,0.00,0.00,0.00,0.00,1.0,-1,-1,-1
311,3,1106.00,272.00,36.00,199.00,1.0,-1,-1,-1
311,4,366.00,713.00,137.00,367.00,1.0,-1,-1,-1
311,5,0.00,791.00,111.00,289.00,1.0,-1,-1,-1
311,6,134.00,827.00,126.00,253.00,1.0,-1,-1,-1
311,7,0.00,0.00,0.00,0.00,1.0,-1,-1,-1
311,8,970.00,320.00,74.00,205.00,1.0,-1,-1,-1
312,0,0.00,0.00,0.00,0.00,1.0,-1,-1,-1
312,1,129.00,827.00,127.00,253.00,1.0,-1,-1,-1
312,2,0.00,0.00,0.00,0.00,1.0,-1,-1,-1
312,3,1098.00,272.00,40.00,200.00,1.0,-1,-1,-1
312,4,363.00,715.00,137.00,365.00,1.0,-1,-1,-1
312,5,0.00,791.00,106.00,289.00,1.0,-1,-1,-1
312,6,129.00,827.00,137.00,253.00,1.0,-1,-1,-1
312,7,0.00,0.00,0.00,0.00,1.0,-1,-1,-1
312,8,955.00,321.00,88.00,204.00,1.0,-1,-1,-1
312,9,1571.00,408.00,107.00,219.00,1.0,-1,-1,-1
313,0,0.00,0.00,0.00,0.00,1.0,-1,-1,-1
313,1,126.00,828.00,135.00,252.00,1.0,-1,-1,-1
313,2,0.00,0.00,0.00,0.00,1.0,-1,-1,-1
313,3,1096.00,272.00,43.00,191.00,1.0,-1,-1,-1
313,4,360.00,717.00,139.00,363.00,1.0,-1,-1,-1
313,5,0.00,791.00,106.00,289.00,1.0,-1,-1,-1
313,6,126.00,827.00,142.00,253.00,1.0,-1,-1,-1
313,7,0.00,0.00,0.00,0.00,1.0,-1,-1,-1
313,8,944.00,322.00,101.00,202.00,1.0,-1,-1,-1
313,9,1572.00,409.00,112.00,218.00,1.0,-1,-1,-1
313,10,660.00,561.00,83.00,271.00,1.0,-1,-1,-1
314,0,0.00,0.00,0.00,0.00,1.0,-1,-1,-1
314,1,122.00,830.00,152.00,250.00,1.0,-1,-1,-1
314,2,0.00,0.00,0.00,0.00,1.0,-1,-1,-1
314,3,1096.00,272.00,41.00,68.00,1.0,-1,-1,-1
314,4,358.00,718.00,140.00,362.00,1.0,-1,-1,-1
314,5,0.00,791.00,106.00,289.00,1.0,-1,-1,-1
314,6,121.00,829.00,140.00,251.00,1.0,-1,-1,-1
314,7,0.00,0.00,0.00,0.00,1.0,-1,-1,-1
314,8,942.00,324.00,97.00,200.00,1.0,-1,-1,-1
314,9,1574.00,410.00,112.00,218.00,1.0,-1,-1,-1
314,10,656.00,566.00,85.00,266.00,1.0,-1,-1,-1
315,0,0.00,0.00,0.00,0.00,1.0,-1,-1,-1
315,1,117.00,830.00,146.00,250.00,1.0,-1,-1,-1
315,2,0.00,0.00,0.00,0.00,1.0,-1,-1,-1
315,3,1093.00,272.00,44.00,66.00,1.0,-1,-1,-1
315,4,356.00,718.00,140.00,362.00,1.0,-1,-1,-1
315,5,0.00,792.00,104.00,288.00,1.0,-1,-1,-1
315,6,117.00,830.00,146.00,250.00,1.0,-1,-1,-1
315,7,0.00,0.00,0.00,0.00,1.0,-1,-1,-1
315,8,944.00,323.00,96.00,200.00,1.0,-1,-1,-1
315,9,1576.00,410.00,114.00,220.00,1.0,-1,-1,-1
315,10,657.00,568.00,82.00,271.00,1.0,-1,-1,-1
316,0,0.00,0.00,0.00,0.00,1.0,-1,-1,-1
316,1,113.00,832.00,144.00,248.00,1.0,-1,-1,-1
316,2,0.00,0.00,0.00,0.00,1.0,-1,-1,-1
316,3,1090.00,272.00,44.00,72.00,1.0,-1,-1,-1
316,4,354.00,725.00,140.00,355.00,1.0,-1,-1,-1
316,5,0.00,794.00,103.00,286.00,1.0,-1,-1,-1
316,6,113.00,832.00,146.00,248.00,1.0,-1,-1,-1
316,7,0.00,0.00,0.00,0.00,1.0,-1,-1,-1
316,8,944.00,322.00,94.00,201.00,1.0,-1,-1,-1
316,9,1579.00,409.00,115.00,220.00,1.0,-1,-1,-1
316,10,659.00,571.00,77.00,277.00,1.0,-1,-1,-1
317,0,0.00,0.00,0.00,0.00,1.0,-1,-1,-1
317,1,109.00,832.00,135.00,248.00,1.0,-1,-1,-1
317,2,0.00,0.00,0.00,0.00,1.0,-1,-1,-1
317,3,1090.00,272.00,44.00,78.00,1.0,-1,-1,-1
317,4,352.00,729.00,140.00,351.00,1.0,-1,-1,-1
317,5,0.00,797.00,102.00,283.00,1.0,-1,-1,-1
317,6,109.00,832.00,138.00,248.00,1.0,-1,-1,-1
317,7,0.00,0.00,0.00,0.00,1.0,-1,-1,-1
317,8,944.00,321.00,91.00,200.00,1.0,-1,-1,-1
317,9,1588.00,408.00,105.00,221.00,1.0,-1,-1,-1
317,10,656.00,573.00,78.00,279.00,1.0,-1,-1,-1
318,0,0.00,0.00,0.00,0.00,1.0,-1,-1,-1
318,1,106.00,835.00,143.00,245.00,1.0,-1,-1,-1
318,2,0.00,0.00,0.00,0.00,1.0,-1,-1,-1
318,3,1092.00,272.00,38.00,78.00,1.0,-1,-1,-1
318,4,350.00,733.00,141.00,347.00,1.0,-1,-1,-1
318,5,0.00,802.00,100.00,278.00,1.0,-1,-1,-1
318,6,106.00,835.00,135.00,245.00,1.0,-1,-1,-1
318,7,0.00,0.00,0.00,0.00,1.0,-1,-1,-1
318,8,944.00,320.00,83.00,199.00,1.0,-1,-1,-1
318,9,1597.00,407.00,95.00,221.00,1.0,-1,-1,-1
318,10,655.00,575.00,76.00,275.00,1.0,-1,-1,-1
319,0,0.00,0.00,0.00,0.00,1.0,-1,-1,-1
319,1,101.00,840.00,144.00,240.00,1.0,-1,-1,-1
319,2,0.00,0.00,0.00,0.00,1.0,-1,-1,-1
319,3,1091.00,272.00,39.00,75.00,1.0,-1,-1,-1
319,4,349.00,737.00,140.00,343.00,1.0,-1,-1,-1
319,5,0.00,807.00,96.00,273.00,1.0,-1,-1,-1
319,6,103.00,840.00,137.00,240.00,1.0,-1,-1,-1
319,7,0.00,0.00,0.00,0.00,1.0,-1,-1,-1
319,8,943.00,318.00,77.00,196.00,1.0,-1,-1,-1
319,9,1609.00,407.00,87.00,221.00,1.0,-1,-1,-1
319,10,652.00,577.00,76.00,280.00,1.0,-1,-1,-1
320,0,0.00,0.00,0.00,0.00,1.0,-1,-1,-1
320,1,98.00,843.00,145.00,237.00,1.0,-1,-1,-1
320,2,0.00,0.00,0.00,0.00,1.0,-1,-1,-1
320,3,1088.00,272.00,42.00,74.00,1.0,-1,-1,-1
320,4,348.00,737.00,141.00,343.00,1.0,-1,-1,-1
320,5,0.00,813.00,95.00,267.00,1.0,-1,-1,-1
320,6,99.00,843.00,141.00,237.00,1.0,-1,-1,-1
320,7,0.00,0.00,0.00,0.00,1.0,-1,-1,-1
320,8,941.00,316.00,69.00,198.00,1.0,-1,-1,-1
320,9,1624.00,406.00,79.00,222.00,1.0,-1,-1,-1
320,10,650.00,580.00,76.00,281.00,1.0,-1,-1,-1
321,0,0.00,0.00,0.00,0.00,1.0,-1,-1,-1
321,1,95.00,848.00,147.00,232.00,1.0,-1,-1,-1
321,2,0.00,0.00,0.00,0.00,1.0,-1,-1,-1
321,3,1089.00,272.00,44.00,76.00,1.0,-1,-1,-1
321,4,346.00,735.00,140.00,345.00,1.0,-1,-1,-1
321,5,0.00,819.00,90.00,261.00,1.0,-1,-1,-1
321,6,95.00,848.00,146.00,232.00,1.0,-1,-1,-1
321,7,0.00,0.00,0.00,0.00,1.0,-1,-1,-1
321,8,934.00,313.00,66.00,201.00,1.0,-1,-1,-1
321,9,1641.00,406.00,67.00,222.00,1.0,-1,-1,-1
321,10,646.00,583.00,77.00,280.00,1.0,-1,-1,-1
322,0,0.00,0.00,0.00,0.00,1.0,-1,-1,-1
322,1,93.00,855.00,149.00,225.00,1.0,-1,-1,-1
322,2,0.00,0.00,0.00,0.00,1.0,-1,-1,-1
322,3,1088.00,272.00,49.00,77.00,1.0,-1,-1,-1
322,4,345.00,741.00,139.00,339.00,1.0,-1,-1,-1
322,5,0.00,823.00,88.00,257.00,1.0,-1,-1,-1
322,6,93.00,855.00,149.00,225.00,1.0,-1,-1,-1
322,7,0.00,0.00,0.00,0.00,1.0,-1,-1,-1
322,8,928.00,312.00,70.00,202.00,1.0,-1,-1,-1
322,9,1651.00,406.00,64.00,222.00,1.0,-1,-1,-1
322,10,643.00,585.00,78.00,276.00,1.0,-1,-1,-1
323,0,0.00,0.00,0.00,0.00,1.0,-1,-1,-1
323,1,91.00,860.00,162.00,220.00,1.0,-1,-1,-1
323,2,0.00,0.00,0.00,0.00,1.0,-1,-1,-1
323,3,1088.00,271.00,49.00,93.00,1.0,-1,-1,-1
323,4,343.00,743.00,138.00,337.00,1.0,-1,-1,-1
323,5,0.00,825.00,84.00,255.00,1.0,-1,-1,-1
323,6,91.00,861.00,162.00,219.00,1.0,-1,-1,-1
323,7,0.00,0.00,0.00,0.00,1.0,-1,-1,-1
323,8,919.00,309.00,76.00,204.00,1.0,-1,-1,-1
323,9,1652.00,406.00,70.00,224.00,1.0,-1,-1,-1
323,10,638.00,589.00,79.00,272.00,1.0,-1,-1,-1
324,0,0.00,0.00,0.00,0.00,1.0,-1,-1,-1
324,1,90.00,863.00,158.00,217.00,1.0,-1,-1,-1
324,2,0.00,0.00,0.00,0.00,1.0,-1,-1,-1
324,3,1086.00,272.00,49.00,94.00,1.0,-1,-1,-1
324,4,341.00,744.00,136.00,336.00,1.0,-1,-1,-1
324,5,0.00,828.00,82.00,252.00,1.0,-1,-1,-1
324,6,89.00,864.00,161.00,216.00,1.0,-1,-1,-1
324,7,0.00,0.00,0.00,0.00,1.0,-1,-1,-1
324,8,913.00,309.00,79.00,205.00,1.0,-1,-1,-1
324,9,1663.00,407.00,66.00,224.00,1.0,-1,-1,-1
324,10,626.00,588.00,89.00,273.00,1.0,-1,-1,-1
325,0,0.00,0.00,0.00,0.00,1.0,-1,-1,-1
325,1,86.00,864.00,161.00,216.00,1.0,-1,-1,-1
325,2,0.00,0.00,0.00,0.00,1.0,-1,-1,-1
325,3,1087.00,271.00,48.00,88.00,1.0,-1,-1,-1
325,4,339.00,746.00,134.00,334.00,1.0,-1,-1,-1
325,5,0.00,828.00,79.00,252.00,1.0,-1,-1,-1
325,6,86.00,866.00,160.00,214.00,1.0,-1,-1,-1
325,7,0.00,0.00,0.00,0.00,1.0,-1,-1,-1
325,8,906.00,310.00,84.00,203.00,1.0,-1,-1,-1
325,9,1664.00,409.00,74.00,224.00,1.0,-1,-1,-1
325,10,623.00,587.00,90.00,273.00,1.0,-1,-1,-1
326,0,0.00,0.00,0.00,0.00,1.0,-1,-1,-1
326,1,82.00,865.00,161.00,215.00,1.0,-1,-1,-1
326,2,0.00,0.00,0.00,0.00,1.0,-1,-1,-1
326,3,1084.00,271.00,51.00,94.00,1.0,-1,-1,-1
326,4,335.00,739.00,134.00,341.00,1.0,-1,-1,-1
326,5,0.00,829.00,78.00,251.00,1.0,-1,-1,-1
326,6,83.00,866.00,160.00,214.00,1.0,-1,-1,-1
326,7,0.00,0.00,0.00,0.00,1.0,-1,-1,-1
326,8,900.00,310.00,87.00,202.00,1.0,-1,-1,-1
326,9,1663.00,409.00,77.00,224.00,1.0,-1,-1,-1
326,10,619.00,587.00,91.00,273.00,1.0,-1,-1,-1
327,0,0.00,0.00,0.00,0.00,1.0,-1,-1,-1
327,1,79.00,866.00,159.00,214.00,1.0,-1,-1,-1
327,2,0.00,0.00,0.00,0.00,1.0,-1,-1,-1
327,3,1085.00,271.00,54.00,100.00,1.0,-1,-1,-1
327,4,332.00,739.00,132.00,341.00,1.0,-1,-1,-1
327,5,0.00,828.00,76.00,252.00,1.0,-1,-1,-1
327,6,80.00,867.00,157.00,213.00,1.0,-1,-1,-1
327,7,0.00,0.00,0.00,0.00,1.0,-1,-1,-1
327,8,895.00,310.00,90.00,201.00,1.0,-1,-1,-1
327,9,1665.00,411.00,86.00,215.00,1.0,-1,-1,-1
327,10,615.00,587.00,93.00,273.00,1.0,-1,-1,-1
328,0,0.00,0.00,0.00,0.00,1.0,-1,-1,-1
328,1,76.00,867.00,159.00,213.00,1.0,-1,-1,-1
328,2,0.00,0.00,0.00,0.00,1.0,-1,-1,-1
328,3,1084.00,271.00,55.00,101.00,1.0,-1,-1,-1
328,4,330.00,743.00,131.00,337.00,1.0,-1,-1,-1
328,5,0.00,828.00,73.00,252.00,1.0,-1,-1,-1
328,6,77.00,868.00,157.00,212.00,1.0,-1,-1,-1
328,7,0.00,0.00,0.00,0.00,1.0,-1,-1,-1
328,8,890.00,312.00,91.00,199.00,1.0,-1,-1,-1
328,9,1665.00,412.00,85.00,216.00,1.0,-1,-1,-1
328,10,608.00,589.00,97.00,280.00,1.0,-1,-1,-1
329,0,0.00,0.00,0.00,0.00,1.0,-1,-1,-1
329,1,73.00,868.00,157.00,212.00,1.0,-1,-1,-1
329,2,0.00,0.00,0.00,0.00,1.0,-1,-1,-1
329,3,1086.00,270.00,53.00,104.00,1.0,-1,-1,-1
329,4,326.00,742.00,133.00,338.00,1.0,-1,-1,-1
329,5,0.00,830.00,71.00,250.00,1.0,-1,-1,-1
329,6,74.00,869.00,155.00,211.00,1.0,-1,-1,-1
329,7,0.00,0.00,0.00,0.00,1.0,-1,-1,-1
329,8,887.00,310.00,91.00,199.00,1.0,-1,-1,-1
329,9,1669.00,412.00,83.00,214.00,1.0,-1,-1,-1
329,10,605.00,590.00,97.00,285.00,1.0,-1,-1,-1
330,0,0.00,0.00,0.00,0.00,1.0,-1,-1,-1
330,1,69.00,869.00,155.00,211.00,1.0,-1,-1,-1
330,2,0.00,0.00,0.00,0.00,1.0,-1,-1,-1
330,3,1075.00,271.00,64.00,214.00,1.0,-1,-1,-1
330,4,321.00,743.00,135.00,337.00,1.0,-1,-1,-1
330,5,0.00,833.00,67.00,247.00,1.0,-1,-1,-1
330,6,70.00,869.00,153.00,211.00,1.0,-1,-1,-1
330,7,0.00,0.00,0.00,0.00,1.0,-1,-1,-1
330,8,885.00,310.00,89.00,200.00,1.0,-1,-1,-1
330,9,1676.00,413.00,78.00,214.00,1.0,-1,-1,-1
330,10,598.00,594.00,99.00,283.00,1.0,-1,-1,-1
331,0,0.00,0.00,0.00,0.00,1.0,-1,-1,-1
331,1,68.00,873.00,151.00,207.00,1.0,-1,-1,-1
331,2,0.00,0.00,0.00,0.00,1.0,-1,-1,-1
331,3,1071.00,270.00,68.00,188.00,1.0,-1,-1,-1
331,4,317.00,759.00,137.00,321.00,1.0,-1,-1,-1
331,5,0.00,837.00,65.00,243.00,1.0,-1,-1,-1
331,6,68.00,873.00,153.00,207.00,1.0,-1,-1,-1
331,7,0.00,0.00,0.00,0.00,1.0,-1,-1,-1
331,8,885.00,309.00,86.00,199.00,1.0,-1,-1,-1
331,9,1686.00,413.00,71.00,212.00,1.0,-1,-1,-1
331,10,596.00,601.00,98.00,280.00,1.0,-1,-1,-1
332,0,0.00,0.00,0.00,0.00,1.0,-1,-1,-1
332,1,65.00,877.00,152.00,203.00,1.0,-1,-1,-1
332,2,0.00,0.00,0.00,0.00,1.0,-1,-1,-1
332,3,1075.00,271.00,64.00,190.00,1.0,-1,-1,-1
332,4,311.00,760.00,140.00,320.00,1.0,-1,-1,-1
332,5,0.00,843.00,62.00,237.00,1.0,-1,-1,-1
332,6,65.00,877.00,151.00,203.00,1.0,-1,-1,-1
332,7,0.00,0.00,0.00,0.00,1.0,-1,-1,-1
332,8,883.00,307.00,83.00,196.00,1.0,-1,-1,-1
332,9,1693.00,436.00,60.00,180.00,1.0,-1,-1,-1
332,10,593.00,603.00,97.00,281.00,1.0,-1,-1,-1
333,0,0.00,0.00,0.00,0.00,1.0,-1,-1,-1
333,1,61.00,880.00,153.00,200.00,1.0,-1,-1,-1
333,2,0.00,0.00,0.00,0.00,1.0,-1,-1,-1
333,3,1084.00,271.00,54.00,188.00,1.0,-1,-1,-1
333,4,303.00,762.00,143.00,318.00,1.0,-1,-1,-1
333,5,0.00,849.00,60.00,231.00,1.0,-1,-1,-1
333,6,62.00,881.00,152.00,199.00,1.0,-1,-1,-1
333,7,0.00,0.00,0.00,0.00,1.0,-1,-1,-1
333,8,883.00,305.00,80.00,194.00,1.0,-1,-1,-1
333,9,1704.00,438.00,50.00,177.00,1.0,-1,-1,-1
333,10,588.00,604.00,98.00,285.00,1.0,-1,-1,-1
334,0,0.00,0.00,0.00,0.00,1.0,-1,-1,-1
334,1,58.00,887.00,153.00,193.00,1.0,-1,-1,-1
334,2,0.00,0.00,0.00,0.00,1.0,-1,-1,-1
334,3,1083.00,270.00,55.00,189.00,1.0,-1,-1,-1
334,4,296.00,763.00,145.00,317.00,1.0,-1,-1,-1
334,5,0.00,855.00,55.00,225.00,1.0,-1,-1,-1
334,6,58.00,887.00,153.00,193.00,1.0,-1,-1,-1
334,7,0.00,0.00,0.00,0.00,1.0,-1,-1,-1
334,8,883.00,302.00,76.00,196.00,1.0,-1,-1,-1
334,9,1718.00,439.00,36.00,169.00,1.0,-1,-1,-1
334,10,585.00,605.00,97.00,286.00,1.0,-1,-1,-1
335,0,0.00,0.00,0.00,0.00,1.0,-1,-1,-1
335,1,52.00,895.00,155.00,185.00,1.0,-1,-1,-1
335,2,0.00,0.00,0.00,0.00,1.0,-1,-1,-1
335,3,1082.00,270.00,54.00,187.00,1.0,-1,-1,-1
335,4,288.00,767.00,147.00,313.00,1.0,-1,-1,-1
335,5,0.00,867.00,50.00,213.00,1.0,-1,-1,-1
335,6,53.00,895.00,164.00,185.00,1.0,-1,-1,-1
335,7,0.00,0.00,0.00,0.00,1.0,-1,-1,-1
335,8,884.00,300.00,71.00,198.00,1.0,-1,-1,-1
335,9,1724.00,439.00,30.00,143.00,1.0,-1,-1,-1
335,10,580.00,606.00,99.00,285.00,1.0,-1,-1,-1
336,0,0.00,0.00,0.00,0.00,1.0,-1,-1,-1
336,1,46.00,897.00,167.00,183.00,1.0,-1,-1,-1
336,2,0.00,0.00,0.00,0.00,1.0,-1,-1,-1
336,3,1081.00,270.00,53.00,187.00,1.0,-1,-1,-1
336,4,280.00,767.00,149.00,313.00,1.0,-1,-1,-1
336,5,0.00,886.00,45.00,194.00,1.0,-1,-1,-1
336,6,46.00,898.00,168.00,182.00,1.0,-1,-1,-1
336,7,0.00,0.00,0.00,0.00,1.0,-1,-1,-1
336,8,882.00,298.00,68.00,200.00,1.0,-1,-1,-1
336,9,0.00,0.00,0.00,0.00,1.0,-1,-1,-1
336,10,576.00,607.00,99.00,284.00,1.0,-1,-1,-1
337,0,0.00,0.00,0.00,0.00,1.0,-1,-1,-1
337,1,41.00,899.00,167.00,181.00,1.0,-1,-1,-1
337,2,0.00,0.00,0.00,0.00,1.0,-1,-1,-1
337,3,1081.00,269.00,54.00,188.00,1.0,-1,-1,-1
337,4,273.00,767.00,151.00,313.00,1.0,-1,-1,-1
337,5,0.00,902.00,41.00,178.00,1.0,-1,-1,-1
337,6,41.00,900.00,167.00,180.00,1.0,-1,-1,-1
337,7,0.00,0.00,0.00,0.00,1.0,-1,-1,-1
337,8,882.00,298.00,65.00,199.00,1.0,-1,-1,-1
337,9,0.00,0.00,0.00,0.00,1.0,-1,-1,-1
337,10,572.00,606.00,99.00,285.00,1.0,-1,-1,-1
338,0,0.00,0.00,0.00,0.00,1.0,-1,-1,-1
338,1,35.00,900.00,169.00,180.00,1.0,-1,-1,-1
338,2,0.00,0.00,0.00,0.00,1.0,-1,-1,-1
338,3,1081.00,269.00,54.00,191.00,1.0,-1,-1,-1
338,4,266.00,768.00,152.00,312.00,1.0,-1,-1,-1
338,5,0.00,910.00,132.00,170.00,1.0,-1,-1,-1
338,6,35.00,900.00,169.00,180.00,1.0,-1,-1,-1
338,7,0.00,0.00,0.00,0.00,1.0,-1,-1,-1
338,8,876.00,298.00,66.00,199.00,1.0,-1,-1,-1
338,9,0.00,0.00,0.00,0.00,1.0,-1,-1,-1
338,10,569.00,606.00,100.00,285.00,1.0,-1,-1,-1
339,0,0.00,0.00,0.00,0.00,1.0,-1,-1,-1
339,1,33.00,901.00,168.00,179.00,1.0,-1,-1,-1
339,2,0.00,0.00,0.00,0.00,1.0,-1,-1,-1
339,3,1081.00,269.00,53.00,199.00,1.0,-1,-1,-1
339,4,258.00,769.00,154.00,311.00,1.0,-1,-1,-1
339,5,0.00,917.00,34.00,163.00,1.0,-1,-1,-1
339,6,32.00,901.00,170.00,179.00,1.0,-1,-1,-1
339,7,0.00,0.00,0.00,0.00,1.0,-1,-1,-1
339,8,870.00,298.00,70.00,199.00,1.0,-1,-1,-1
339,9,0.00,0.00,0.00,0.00,1.0,-1,-1,-1
339,10,566.00,602.00,100.00,288.00,1.0,-1,-1,-1
340,0,0.00,0.00,0.00,0.00,1.0,-1,-1,-1
340,1,29.00,901.00,154.00,179.00,1.0,-1,-1,-1
340,2,0.00,0.00,0.00,0.00,1.0,-1,-1,-1
340,3,1080.00,269.00,54.00,200.00,1.0,-1,-1,-1
340,4,252.00,768.00,156.00,312.00,1.0,-1,-1,-1
340,5,0.00,918.00,34.00,162.00,1.0,-1,-1,-1
340,6,30.00,901.00,169.00,179.00,1.0,-1,-1,-1
340,7,0.00,0.00,0.00,0.00,1.0,-1,-1,-1
340,8,855.00,299.00,81.00,198.00,1.0,-1,-1,-1
340,9,0.00,0.00,0.00,0.00,1.0,-1,-1,-1
340,10,565.00,602.00,99.00,288.00,1.0,-1,-1,-1
341,0,0.00,0.00,0.00,0.00,1.0,-1,-1,-1
341,1,25.00,902.00,162.00,178.00,1.0,-1,-1,-1
341,2,0.00,0.00,0.00,0.00,1.0,-1,-1,-1
341,3,1081.00,269.00,53.00,202.00,1.0,-1,-1,-1
341,4,245.00,770.00,157.00,310.00,1.0,-1,-1,-1
341,5,0.00,922.00,31.00,158.00,1.0,-1,-1,-1
341,6,25.00,903.00,166.00,177.00,1.0,-1,-1,-1
341,7,0.00,0.00,0.00,0.00,1.0,-1,-1,-1
341,8,851.00,300.00,83.00,197.00,1.0,-1,-1,-1
341,9,0.00,0.00,0.00,0.00,1.0,-1,-1,-1
341,10,563.00,604.00,98.00,296.00,1.0,-1,-1,-1
342,0,0.00,0.00,0.00,0.00,1.0,-1,-1,-1
342,1,20.00,903.00,158.00,177.00,1.0,-1,-1,-1
342,2,0.00,0.00,0.00,0.00,1.0,-1,-1,-1
342,3,1081.00,269.00,53.00,202.00,1.0,-1,-1,-1
342,4,237.00,775.00,162.00,305.00,1.0,-1,-1,-1
342,5,0.00,925.00,30.00,155.00,1.0,-1,-1,-1
342,6,20.00,903.00,159.00,177.00,1.0,-1,-1,-1
342,7,0.00,0.00,0.00,0.00,1.0,-1,-1,-1
342,8,854.00,301.00,80.00,196.00,1.0,-1,-1,-1
342,9,0.00,0.00,0.00,0.00,1.0,-1,-1,-1
342,10,562.00,610.00,96.00,300.00,1.0,-1,-1,-1
343,0,0.00,0.00,0.00,0.00,1.0,-1,-1,-1
343,1,16.00,906.00,163.00,174.00,1.0,-1,-1,-1
343,2,0.00,0.00,0.00,0.00,1.0,-1,-1,-1
343,3,1081.00,270.00,53.00,199.00,1.0,-1,-1,-1
343,4,231.00,780.00,163.00,300.00,1.0,-1,-1,-1
343,5,0.00,928.00,28.00,136.00,1.0,-1,-1,-1
343,6,16.00,906.00,163.00,174.00,1.0,-1,-1,-1
343,7,0.00,0.00,0.00,0.00,1.0,-1,-1,-1
343,8,855.00,301.00,79.00,196.00,1.0,-1,-1,-1
343,9,0.00,0.00,0.00,0.00,1.0,-1,-1,-1
343,10,561.00,612.00,95.00,305.00,1.0,-1,-1,-1
344,0,0.00,0.00,0.00,0.00,1.0,-1,-1,-1
344,1,12.00,911.00,166.00,169.00,1.0,-1,-1,-1
344,2,0.00,0.00,0.00,0.00,1.0,-1,-1,-1
344,3,1081.00,270.00,53.00,199.00,1.0,-1,-1,-1
344,4,226.00,785.00,163.00,295.00,1.0,-1,-1,-1
344,5,0.00,935.00,23.00,128.00,1.0,-1,-1,-1
344,6,12.00,911.00,166.00,169.00,1.0,-1,-1,-1
344,7,0.00,0.00,0.00,0.00,1.0,-1,-1,-1
344,8,856.00,300.00,75.00,197.00,1.0,-1,-1,-1
344,9,0.00,0.00,0.00,0.00,1.0,-1,-1,-1
344,10,559.00,614.00,95.00,300.00,1.0,-1,-1,-1
345,0,0.00,0.00,0.00,0.00,1.0,-1,-1,-1
345,1,9.00,915.00,165.00,165.00,1.0,-1,-1,-1
345,2,0.00,0.00,0.00,0.00,1.0,-1,-1,-1
345,3,1080.00,271.00,54.00,197.00,1.0,-1,-1,-1
345,4,221.00,791.00,162.00,289.00,1.0,-1,-1,-1
345,5,0.00,941.00,20.00,89.00,1.0,-1,-1,-1
345,6,8.00,915.00,166.00,165.00,1.0,-1,-1,-1
345,7,0.00,0.00,0.00,0.00,1.0,-1,-1,-1
345,8,856.00,298.00,70.00,196.00,1.0,-1,-1,-1
345,9,0.00,0.00,0.00,0.00,1.0,-1,-1,-1
345,10,558.00,620.00,93.00,300.00,1.0,-1,-1,-1
346,0,0.00,0.00,0.00,0.00,1.0,-1,-1,-1
346,1,5.00,921.00,166.00,159.00,1.0,-1,-1,-1
346,2,0.00,0.00,0.00,0.00,1.0,-1,-1,-1
346,3,1081.00,270.00,55.00,199.00,1.0,-1,-1,-1
346,4,217.00,793.00,162.00,287.00,1.0,-1,-1,-1
346,5,0.00,947.00,17.00,127.00,1.0,-1,-1,-1
346,6,5.00,921.00,166.00,159.00,1.0,-1,-1,-1
346,7,0.00,0.00,0.00,0.00,1.0,-1,-1,-1
346,8,851.00,295.00,70.00,194.00,1.0,-1,-1,-1
346,9,0.00,0.00,0.00,0.00,1.0,-1,-1,-1
346,10,556.00,623.00,95.00,300.00,1.0,-1,-1,-1
346,11,431.00,679.00,105.00,307.00,1.0,-1,-1,-1
347,0,0.00,0.00,0.00,0.00,1.0,-1,-1,-1
347,1,0.00,926.00,165.00,154.00,1.0,-1,-1,-1
347,2,0.00,0.00,0.00,0.00,1.0,-1,-1,-1
347,3,1080.00,270.00,56.00,200.00,1.0,-1,-1,-1
347,4,215.00,799.00,145.00,281.00,1.0,-1,-1,-1
347,5,0.00,964.00,11.00,66.00,1.0,-1,-1,-1
347,6,0.00,926.00,165.00,154.00,1.0,-1,-1,-1
347,7,0.00,0.00,0.00,0.00,1.0,-1,-1,-1
347,8,838.00,291.00,76.00,194.00,1.0,-1,-1,-1
347,9,0.00,0.00,0.00,0.00,1.0,-1,-1,-1
347,10,553.00,622.00,97.00,303.00,1.0,-1,-1,-1
347,11,430.00,680.00,104.00,313.00,1.0,-1,-1,-1
348,0,0.00,0.00,0.00,0.00,1.0,-1,-1,-1
348,1,0.00,930.00,162.00,150.00,1.0,-1,-1,-1
348,2,0.00,975.00,9.00,54.00,1.0,-1,-1,-1
348,3,1081.00,271.00,56.00,200.00,1.0,-1,-1,-1
348,4,212.00,801.00,150.00,279.00,1.0,-1,-1,-1
348,5,0.00,976.00,8.00,55.00,1.0,-1,-1,-1
348,6,0.00,930.00,162.00,150.00,1.0,-1,-1,-1
348,7,0.00,0.00,0.00,0.00,1.0,-1,-1,-1
348,8,838.00,291.00,74.00,195.00,1.0,-1,-1,-1
348,9,0.00,0.00,0.00,0.00,1.0,-1,-1,-1
348,10,550.00,624.00,100.00,302.00,1.0,-1,-1,-1
348,11,432.00,684.00,102.00,318.00,1.0,-1,-1,-1
349,0,0.00,0.00,0.00,0.00,1.0,-1,-1,-1
349,1,0.00,935.00,159.00,145.00,1.0,-1,-1,-1
349,2,0.00,0.00,0.00,0.00,1.0,-1,-1,-1
349,3,1083.00,271.00,55.00,199.00,1.0,-1,-1,-1
349,4,207.00,803.00,154.00,277.00,1.0,-1,-1,-1
349,5,0.00,0.00,0.00,0.00,1.0,-1,-1,-1
349,6,0.00,935.00,159.00,145.00,1.0,-1,-1,-1
349,7,0.00,0.00,0.00,0.00,1.0,-1,-1,-1
349,8,837.00,290.00,73.00,193.00,1.0,-1,-1,-1
349,9,0.00,0.00,0.00,0.00,1.0,-1,-1,-1
349,10,546.00,625.00,103.00,301.00,1.0,-1,-1,-1
349,11,423.00,688.00,112.00,316.00,1.0,-1,-1,-1
350,0,0.00,0.00,0.00,0.00,1.0,-1,-1,-1
350,1,0.00,939.00,157.00,141.00,1.0,-1,-1,-1
350,2,0.00,0.00,0.00,0.00,1.0,-1,-1,-1
350,3,1082.00,272.00,57.00,198.00,1.0,-1,-1,-1
350,4,205.00,805.00,148.00,275.00,1.0,-1,-1,-1
350,5,0.00,0.00,0.00,0.00,1.0,-1,-1,-1
350,6,0.00,939.00,157.00,141.00,1.0,-1,-1,-1
350,7,0.00,0.00,0.00,0.00,1.0,-1,-1,-1
350,8,835.00,290.00,73.00,193.00,1.0,-1,-1,-1
350,9,0.00,0.00,0.00,0.00,1.0,-1,-1,-1
350,10,543.00,626.00,86.00,300.00,1.0,-1,-1,-1
350,11,414.00,693.00,121.00,315.00,1.0,-1,-1,-1
351,0,0.00,0.00,0.00,0.00,1.0,-1,-1,-1
351,1,0.00,941.00,153.00,139.00,1.0,-1,-1,-1
351,2,0.00,0.00,0.00,0.00,1.0,-1,-1,-1
351,3,1084.00,271.00,56.00,199.00,1.0,-1,-1,-1
351,4,203.00,807.00,139.00,273.00,1.0,-1,-1,-1
351,5,0.00,0.00,0.00,0.00,1.0,-1,-1,-1
351,6,0.00,941.00,153.00,139.00,1.0,-1,-1,-1
351,7,0.00,0.00,0.00,0.00,1.0,-1,-1,-1
351,8,831.00,289.00,77.00,195.00,1.0,-1,-1,-1
351,9,0.00,0.00,0.00,0.00,1.0,-1,-1,-1
351,10,540.00,624.00,88.00,301.00,1.0,-1,-1,-1
351,11,413.00,695.00,122.00,315.00,1.0,-1,-1,-1
352,0,0.00,0.00,0.00,0.00,1.0,-1,-1,-1
352,1,0.00,944.00,147.00,136.00,1.0,-1,-1,-1
352,2,0.00,0.00,0.00,0.00,1.0,-1,-1,-1
352,3,1088.00,270.00,54.00,207.00,1.0,-1,-1,-1
352,4,203.00,807.00,131.00,273.00,1.0,-1,-1,-1
352,5,0.00,0.00,0.00,0.00,1.0,-1,-1,-1
352,6,0.00,944.00,147.00,136.00,1.0,-1,-1,-1
352,7,0.00,0.00,0.00,0.00,1.0,-1,-1,-1
352,8,827.00,289.00,79.00,195.00,1.0,-1,-1,-1
352,9,0.00,0.00,0.00,0.00,1.0,-1,-1,-1
352,10,536.00,623.00,92.00,302.00,1.0,-1,-1,-1
352,11,416.00,697.00,116.00,319.00,1.0,-1,-1,-1
353,0,0.00,0.00,0.00,0.00,1.0,-1,-1,-1
353,1,0.00,944.00,143.00,136.00,1.0,-1,-1,-1
353,2,0.00,0.00,0.00,0.00,1.0,-1,-1,-1
353,3,1088.00,270.00,53.00,205.00,1.0,-1,-1,-1
353,4,198.00,808.00,126.00,272.00,1.0,-1,-1,-1
353,5,0.00,0.00,0.00,0.00,1.0,-1,-1,-1
353,6,0.00,944.00,144.00,136.00,1.0,-1,-1,-1
353,7,0.00,0.00,0.00,0.00,1.0,-1,-1,-1
353,8,823.00,290.00,81.00,194.00,1.0,-1,-1,-1
353,9,0.00,0.00,0.00,0.00,1.0,-1,-1,-1
353,10,532.00,626.00,97.00,299.00,1.0,-1,-1,-1
353,11,414.00,699.00,113.00,321.00,1.0,-1,-1,-1
354,0,0.00,0.00,0.00,0.00,1.0,-1,-1,-1
354,1,0.00,946.00,147.00,134.00,1.0,-1,-1,-1
354,2,0.00,0.00,0.00,0.00,1.0,-1,-1,-1
354,3,1088.00,271.00,54.00,208.00,1.0,-1,-1,-1
354,4,193.00,809.00,124.00,271.00,1.0,-1,-1,-1
354,5,0.00,0.00,0.00,0.00,1.0,-1,-1,-1
354,6,0.00,946.00,148.00,134.00,1.0,-1,-1,-1
354,7,0.00,0.00,0.00,0.00,1.0,-1,-1,-1
354,8,819.00,291.00,84.00,190.00,1.0,-1,-1,-1
354,9,0.00,0.00,0.00,0.00,1.0,-1,-1,-1
354,10,529.00,625.00,103.00,308.00,1.0,-1,-1,-1
354,11,409.00,701.00,112.00,320.00,1.0,-1,-1,-1
355,0,0.00,0.00,0.00,0.00,1.0,-1,-1,-1
355,1,0.00,948.00,153.00,132.00,1.0,-1,-1,-1
355,2,0.00,0.00,0.00,0.00,1.0,-1,-1,-1
355,3,1084.00,272.00,60.00,205.00,1.0,-1,-1,-1
355,4,188.00,810.00,123.00,270.00,1.0,-1,-1,-1
355,5,0.00,0.00,0.00,0.00,1.0,-1,-1,-1
355,6,0.00,948.00,154.00,132.00,1.0,-1,-1,-1
355,7,0.00,0.00,0.00,0.00,1.0,-1,-1,-1
355,8,817.00,291.00,85.00,191.00,1.0,-1,-1,-1
355,9,0.00,0.00,0.00,0.00,1.0,-1,-1,-1
355,10,527.00,627.00,103.00,314.00,1.0,-1,-1,-1
355,11,403.00,701.00,112.00,319.00,1.0,-1,-1,-1
356,0,0.00,0.00,0.00,0.00,1.0,-1,-1,-1
356,1,0.00,952.00,143.00,128.00,1.0,-1,-1,-1
356,2,0.00,0.00,0.00,0.00,1.0,-1,-1,-1
356,3,1086.00,271.00,58.00,209.00,1.0,-1,-1,-1
356,4,176.00,811.00,130.00,269.00,1.0,-1,-1,-1
356,5,0.00,0.00,0.00,0.00,1.0,-1,-1,-1
356,6,0.00,952.00,144.00,128.00,1.0,-1,-1,-1
356,7,0.00,0.00,0.00,0.00,1.0,-1,-1,-1
356,8,815.00,289.00,90.00,194.00,1.0,-1,-1,-1
356,9,0.00,0.00,0.00,0.00,1.0,-1,-1,-1
356,10,522.00,636.00,106.00,306.00,1.0,-1,-1,-1
356,11,396.00,701.00,113.00,319.00,1.0,-1,-1,-1
357,0,0.00,0.00,0.00,0.00,1.0,-1,-1,-1
357,1,0.00,959.00,138.00,121.00,1.0,-1,-1,-1
357,2,0.00,0.00,0.00,0.00,1.0,-1,-1,-1
357,3,1088.00,271.00,58.00,210.00,1.0,-1,-1,-1
357,4,177.00,814.00,124.00,266.00,1.0,-1,-1,-1
357,5,0.00,0.00,0.00,0.00,1.0,-1,-1,-1
357,6,0.00,960.00,138.00,120.00,1.0,-1,-1,-1
357,7,0.00,0.00,0.00,0.00,1.0,-1,-1,-1
357,8,814.00,287.00,94.00,196.00,1.0,-1,-1,-1
357,9,0.00,0.00,0.00,0.00,1.0,-1,-1,-1
357,10,519.00,640.00,107.00,306.00,1.0,-1,-1,-1
357,11,392.00,701.00,112.00,321.00,1.0,-1,-1,-1
358,0,0.00,0.00,0.00,0.00,1.0,-1,-1,-1
358,1,0.00,965.00,122.00,115.00,1.0,-1,-1,-1
358,2,0.00,0.00,0.00,0.00,1.0,-1,-1,-1
358,3,1089.00,271.00,57.00,212.00,1.0,-1,-1,-1
358,4,167.00,818.00,130.00,262.00,1.0,-1,-1,-1
358,5,0.00,0.00,0.00,0.00,1.0,-1,-1,-1
358,6,0.00,965.00,131.00,115.00,1.0,-1,-1,-1
358,7,0.00,0.00,0.00,0.00,1.0,-1,-1,-1
358,8,814.00,286.00,77.00,197.00,1.0,-1,-1,-1
358,9,0.00,0.00,0.00,0.00,1.0,-1,-1,-1
358,10,519.00,644.00,101.00,309.00,1.0,-1,-1,-1
358,11,379.00,703.00,120.00,319.00,1.0,-1,-1,-1
359,0,0.00,0.00,0.00,0.00,1.0,-1,-1,-1
359,1,0.00,973.00,116.00,107.00,1.0,-1,-1,-1
359,2,0.00,0.00,0.00,0.00,1.0,-1,-1,-1
359,3,1090.00,272.00,56.00,211.00,1.0,-1,-1,-1
359,4,161.00,825.00,135.00,255.00,1.0,-1,-1,-1
359,5,0.00,0.00,0.00,0.00,1.0,-1,-1,-1
359,6,0.00,973.00,116.00,107.00,1.0,-1,-1,-1
359,7,0.00,0.00,0.00,0.00,1.0,-1,-1,-1
359,8,815.00,286.00,73.00,195.00,1.0,-1,-1,-1
359,9,0.00,0.00,0.00,0.00,1.0,-1,-1,-1
359,10,515.00,648.00,92.00,311.00,1.0,-1,-1,-1
359,11,368.00,708.00,123.00,315.00,1.0,-1,-1,-1
360,0,0.00,0.00,0.00,0.00,1.0,-1,-1,-1
360,1,0.00,978.00,111.00,102.00,1.0,-1,-1,-1
360,2,0.00,0.00,0.00,0.00,1.0,-1,-1,-1
360,3,1091.00,272.00,55.00,211.00,1.0,-1,-1,-1
360,4,156.00,830.00,135.00,250.00,1.0,-1,-1,-1
360,5,0.00,0.00,0.00,0.00,1.0,-1,-1,-1
360,6,0.00,978.00,111.00,102.00,1.0,-1,-1,-1
360,7,0.00,0.00,0.00,0.00,1.0,-1,-1,-1
360,8,816.00,285.00,72.00,194.00,1.0,-1,-1,-1
360,9,0.00,0.00,0.00,0.00,1.0,-1,-1,-1
360,10,510.00,651.00,98.00,309.00,1.0,-1,-1,-1
360,11,363.00,712.00,125.00,320.00,1.0,-1,-1,-1
361,0,0.00,0.00,0.00,0.00,1.0,-1,-1,-1
361,1,0.00,987.00,103.00,93.00,1.0,-1,-1,-1
361,2,0.00,0.00,0.00,0.00,1.0,-1,-1,-1
361,3,1094.00,271.00,50.00,210.00,1.0,-1,-1,-1
361,4,149.00,833.00,134.00,247.00,1.0,-1,-1,-1
361,5,0.00,0.00,0.00,0.00,1.0,-1,-1,-1
361,6,0.00,987.00,103.00,93.00,1.0,-1,-1,-1
361,7,0.00,0.00,0.00,0.00,1.0,-1,-1,-1
361,8,816.00,283.00,71.00,191.00,1.0,-1,-1,-1
361,9,0.00,0.00,0.00,0.00,1.0,-1,-1,-1
361,10,504.00,652.00,103.00,309.00,1.0,-1,-1,-1
361,11,360.00,714.00,124.00,329.00,1.0,-1,-1,-1
362,0,0.00,990.00,126.00,90.00,1.0,-1,-1,-1
362,1,0.00,991.00,97.00,89.00,1.0,-1,-1,-1
362,2,0.00,0.00,0.00,0.00,1.0,-1,-1,-1
362,3,1094.00,272.00,48.00,211.00,1.0,-1,-1,-1
362,4,139.00,835.00,138.00,245.00,1.0,-1,-1,-1
362,5,0.00,0.00,0.00,0.00,1.0,-1,-1,-1
362,6,0.00,991.00,98.00,89.00,1.0,-1,-1,-1
362,7,0.00,0.00,0.00,0.00,1.0,-1,-1,-1
362,8,815.00,281.00,70.00,193.00,1.0,-1,-1,-1
362,9,0.00,0.00,0.00,0.00,1.0,-1,-1,-1
362,10,500.00,652.00,104.00,309.00,1.0,-1,-1,-1
362,11,360.00,718.00,120.00,330.00,1.0,-1,-1,-1
363,0,0.00,997.00,90.00,83.00,1.0,-1,-1,-1
363,1,0.00,997.00,91.00,83.00,1.0,-1,-1,-1
363,2,0.00,0.00,0.00,0.00,1.0,-1,-1,-1
363,3,1096.00,273.00,46.00,209.00,1.0,-1,-1,-1
363,4,129.00,836.00,142.00,244.00,1.0,-1,-1,-1
363,5,0.00,0.00,0.00,0.00,1.0,-1,-1,-1
363,6,0.00,997.00,91.00,83.00,1.0,-1,-1,-1
363,7,0.00,0.00,0.00,0.00,1.0,-1,-1,-1
363,8,815.00,280.00,63.00,194.00,1.0,-1,-1,-1
363,9,0.00,0.00,0.00,0.00,1.0,-1,-1,-1
363,10,499.00,653.00,101.00,309.00,1.0,-1,-1,-1
363,11,354.00,722.00,122.00,331.00,1.0,-1,-1,-1
364,0,0.00,1000.00,85.00,80.00,1.0,-1,-1,-1
364,1,0.00,1002.00,84.00,78.00,1.0,-1,-1,-1
364,2,0.00,0.00,0.00,0.00,1.0,-1,-1,-1
364,3,1098.00,272.00,44.00,210.00,1.0,-1,-1,-1
364,4,126.00,837.00,145.00,243.00,1.0,-1,-1,-1
364,5,0.00,0.00,0.00,0.00,1.0,-1,-1,-1
364,6,0.00,1002.00,85.00,78.00,1.0,-1,-1,-1
364,7,0.00,0.00,0.00,0.00,1.0,-1,-1,-1
364,8,815.00,279.00,64.00,194.00,1.0,-1,-1,-1
364,9,0.00,0.00,0.00,0.00,1.0,-1,-1,-1
364,10,492.00,653.00,109.00,309.00,1.0,-1,-1,-1
364,11,351.00,726.00,120.00,330.00,1.0,-1,-1,-1
365,0,0.00,1004.00,84.00,76.00,1.0,-1,-1,-1
365,1,0.00,1006.00,85.00,74.00,1.0,-1,-1,-1
365,2,0.00,0.00,0.00,0.00,1.0,-1,-1,-1
365,3,1100.00,274.00,42.00,207.00,1.0,-1,-1,-1
365,4,123.00,834.00,146.00,246.00,1.0,-1,-1,-1
365,5,0.00,0.00,0.00,0.00,1.0,-1,-1,-1
365,6,0.00,1006.00,85.00,74.00,1.0,-1,-1,-1
365,7,0.00,0.00,0.00,0.00,1.0,-1,-1,-1
365,8,814.00,280.00,63.00,193.00,1.0,-1,-1,-1
365,9,0.00,0.00,0.00,0.00,1.0,-1,-1,-1
365,10,490.00,653.00,111.00,308.00,1.0,-1,-1,-1
365,11,350.00,728.00,118.00,334.00,1.0,-1,-1,-1
366,0,0.00,1002.00,80.00,78.00,1.0,-1,-1,-1
366,1,0.00,1003.00,80.00,77.00,1.0,-1,-1,-1
366,2,0.00,0.00,0.00,0.00,1.0,-1,-1,-1
366,3,1102.00,278.00,40.00,202.00,1.0,-1,-1,-1
366,4,113.00,835.00,154.00,245.00,1.0,-1,-1,-1
366,5,0.00,0.00,0.00,0.00,1.0,-1,-1,-1
366,6,0.00,1003.00,80.00,77.00,1.0,-1,-1,-1
366,7,0.00,0.00,0.00,0.00,1.0,-1,-1,-1
366,8,809.00,280.00,64.00,194.00,1.0,-1,-1,-1
366,9,0.00,0.00,0.00,0.00,1.0,-1,-1,-1
366,10,485.00,655.00,114.00,307.00,1.0,-1,-1,-1
366,11,345.00,730.00,119.00,333.00,1.0,-1,-1,-1
367,0,0.00,1005.00,76.00,75.00,1.0,-1,-1,-1
367,1,0.00,1007.00,76.00,73.00,1.0,-1,-1,-1
367,2,0.00,0.00,0.00,0.00,1.0,-1,-1,-1
367,3,1102.00,287.00,42.00,193.00,1.0,-1,-1,-1
367,4,106.00,837.00,159.00,243.00,1.0,-1,-1,-1
367,5,0.00,0.00,0.00,0.00,1.0,-1,-1,-1
367,6,0.00,1007.00,76.00,73.00,1.0,-1,-1,-1
367,7,0.00,0.00,0.00,0.00,1.0,-1,-1,-1
367,8,801.00,282.00,74.00,192.00,1.0,-1,-1,-1
367,9,0.00,0.00,0.00,0.00,1.0,-1,-1,-1
367,10,484.00,657.00,107.00,309.00,1.0,-1,-1,-1
367,11,346.00,733.00,114.00,331.00,1.0,-1,-1,-1
368,0,0.00,1006.00,74.00,74.00,1.0,-1,-1,-1
368,1,0.00,1007.00,74.00,73.00,1.0,-1,-1,-1
368,2,0.00,0.00,0.00,0.00,1.0,-1,-1,-1
368,3,1105.00,287.00,40.00,193.00,1.0,-1,-1,-1
368,4,100.00,840.00,165.00,240.00,1.0,-1,-1,-1
368,5,0.00,0.00,0.00,0.00,1.0,-1,-1,-1
368,6,0.00,1007.00,74.00,73.00,1.0,-1,-1,-1
368,7,0.00,0.00,0.00,0.00,1.0,-1,-1,-1
368,8,794.00,282.00,85.00,192.00,1.0,-1,-1,-1
368,9,0.00,0.00,0.00,0.00,1.0,-1,-1,-1
368,10,483.00,660.00,107.00,317.00,1.0,-1,-1,-1
368,11,342.00,735.00,115.00,329.00,1.0,-1,-1,-1
369,0,0.00,1009.00,70.00,71.00,1.0,-1,-1,-1
369,1,0.00,1010.00,69.00,70.00,1.0,-1,-1,-1
369,2,0.00,0.00,0.00,0.00,1.0,-1,-1,-1
369,3,1104.00,288.00,43.00,194.00,1.0,-1,-1,-1
369,4,86.00,845.00,178.00,235.00,1.0,-1,-1,-1
369,5,0.00,0.00,0.00,0.00,1.0,-1,-1,-1
369,6,0.00,1010.00,69.00,70.00,1.0,-1,-1,-1
369,7,0.00,0.00,0.00,0.00,1.0,-1,-1,-1
369,8,795.00,283.00,74.00,191.00,1.0,-1,-1,-1
369,9,0.00,0.00,0.00,0.00,1.0,-1,-1,-1
369,10,479.00,664.00,96.00,323.00,1.0,-1,-1,-1
369,11,336.00,736.00,117.00,329.00,1.0,-1,-1,-1
370,0,0.00,1021.00,63.00,59.00,1.0,-1,-1,-1
370,1,0.00,1023.00,63.00,57.00,1.0,-1,-1,-1
370,2,0.00,0.00,0.00,0.00,1.0,-1,-1,-1
370,3,1105.00,288.00,43.00,195.00,1.0,-1,-1,-1
370,4,85.00,850.00,173.00,230.00,1.0,-1,-1,-1
370,5,0.00,0.00,0.00,0.00,1.0,-1,-1,-1
370,6,0.00,1023.00,62.00,57.00,1.0,-1,-1,-1
370,7,0.00,0.00,0.00,0.00,1.0,-1,-1,-1
370,8,795.00,282.00,69.00,193.00,1.0,-1,-1,-1
370,9,0.00,0.00,0.00,0.00,1.0,-1,-1,-1
370,10,480.00,669.00,89.00,314.00,1.0,-1,-1,-1
370,11,326.00,737.00,124.00,328.00,1.0,-1,-1,-1
371,0,0.00,1023.00,55.00,57.00,1.0,-1,-1,-1
371,1,0.00,1026.00,54.00,54.00,1.0,-1,-1,-1
371,2,0.00,0.00,0.00,0.00,1.0,-1,-1,-1
371,3,1103.00,288.00,46.00,193.00,1.0,-1,-1,-1
371,4,88.00,858.00,169.00,222.00,1.0,-1,-1,-1
371,5,0.00,0.00,0.00,0.00,1.0,-1,-1,-1
371,6,0.00,1026.00,54.00,54.00,1.0,-1,-1,-1
371,7,0.00,0.00,0.00,0.00,1.0,-1,-1,-1
371,8,783.00,282.00,82.00,191.00,1.0,-1,-1,-1
371,9,0.00,0.00,0.00,0.00,1.0,-1,-1,-1
371,10,483.00,674.00,83.00,314.00,1.0,-1,-1,-1
371,11,325.00,738.00,123.00,329.00,1.0,-1,-1,-1
372,0,0.00,1030.00,44.00,50.00,1.0,-1,-1,-1
372,1,0.00,1032.00,43.00,48.00,1.0,-1,-1,-1
372,2,0.00,0.00,0.00,0.00,1.0,-1,-1,-1
372,3,1102.00,288.00,48.00,192.00,1.0,-1,-1,-1
372,4,71.00,863.00,180.00,217.00,1.0,-1,-1,-1
372,5,0.00,0.00,0.00,0.00,1.0,-1,-1,-1
372,6,0.00,1032.00,43.00,48.00,1.0,-1,-1,-1
372,7,0.00,0.00,0.00,0.00,1.0,-1,-1,-1
372,8,792.00,280.00,71.00,192.00,1.0,-1,-1,-1
372,9,0.00,0.00,0.00,0.00,1.0,-1,-1,-1
372,10,477.00,677.00,92.00,322.00,1.0,-1,-1,-1
372,11,327.00,740.00,118.00,326.00,1.0,-1,-1,-1
373,0,0.00,1038.00,27.00,42.00,1.0,-1,-1,-1
373,1,0.00,1039.00,26.00,41.00,1.0,-1,-1,-1
373,2,0.00,0.00,0.00,0.00,1.0,-1,-1,-1
373,3,1103.00,287.00,48.00,193.00,1.0,-1,-1,-1
373,4,63.00,867.00,184.00,213.00,1.0,-1,-1,-1
373,5,0.00,0.00,0.00,0.00,1.0,-1,-1,-1
373,6,0.00,1039.00,26.00,41.00,1.0,-1,-1,-1
373,7,0.00,0.00,0.00,0.00,1.0,-1,-1,-1
373,8,790.00,279.00,70.00,191.00,1.0,-1,-1,-1
373,9,0.00,0.00,0.00,0.00,1.0,-1,-1,-1
373,10,468.00,680.00,102.00,323.00,1.0,-1,-1,-1
373,11,333.00,745.00,109.00,335.00,1.0,-1,-1,-1
374,0,0.00,1047.00,22.00,33.00,1.0,-1,-1,-1
374,1,0.00,1048.00,21.00,32.00,1.0,-1,-1,-1
374,2,0.00,0.00,0.00,0.00,1.0,-1,-1,-1
374,3,1100.00,279.00,51.00,191.00,1.0,-1,-1,-1
374,4,50.00,872.00,189.00,208.00,1.0,-1,-1,-1
374,5,0.00,0.00,0.00,0.00,1.0,-1,-1,-1
374,6,0.00,1048.00,21.00,32.00,1.0,-1,-1,-1
374,7,0.00,0.00,0.00,0.00,1.0,-1,-1,-1
374,8,788.00,277.00,68.00,199.00,1.0,-1,-1,-1
374,9,0.00,0.00,0.00,0.00,1.0,-1,-1,-1
374,10,467.00,682.00,97.00,322.00,1.0,-1,-1,-1
374,11,333.00,750.00,107.00,325.00,1.0,-1,-1,-1
375,0,0.00,1054.00,19.00,26.00,1.0,-1,-1,-1
375,1,0.00,1055.00,19.00,25.00,1.0,-1,-1,-1
375,2,0.00,0.00,0.00,0.00,1.0,-1,-1,-1
375,3,1101.00,270.00,51.00,209.00,1.0,-1,-1,-1
375,4,47.00,871.00,186.00,209.00,1.0,-1,-1,-1
375,5,0.00,0.00,0.00,0.00,1.0,-1,-1,-1
375,6,0.00,1055.00,19.00,25.00,1.0,-1,-1,-1
375,7,0.00,0.00,0.00,0.00,1.0,-1,-1,-1
375,8,782.00,275.00,65.00,199.00,1.0,-1,-1,-1
375,9,0.00,0.00,0.00,0.00,1.0,-1,-1,-1
375,10,467.00,682.00,96.00,322.00,1.0,-1,-1,-1
375,11,318.00,753.00,121.00,323.00,1.0,-1,-1,-1
376,0,0.00,1059.00,17.00,21.00,1.0,-1,-1,-1
376,1,0.00,1059.00,17.00,21.00,1.0,-1,-1,-1
376,2,0.00,0.00,0.00,0.00,1.0,-1,-1,-1
376,3,1099.00,270.00,53.00,211.00,1.0,-1,-1,-1
376,4,45.00,875.00,183.00,205.00,1.0,-1,-1,-1
376,5,0.00,0.00,0.00,0.00,1.0,-1,-1,-1
376,6,0.00,1061.00,16.00,19.00,1.0,-1,-1,-1
376,7,0.00,0.00,0.00,0.00,1.0,-1,-1,-1
376,8,783.00,274.00,61.00,203.00,1.0,-1,-1,-1
376,9,0.00,0.00,0.00,0.00,1.0,-1,-1,-1
376,10,477.00,682.00,90.00,323.00,1.0,-1,-1,-1
376,11,308.00,756.00,128.00,314.00,1.0,-1,-1,-1
377,0,0.00,1066.00,14.00,14.00,1.0,-1,-1,-1
377,1,0.00,1066.00,13.00,14.00,1.0,-1,-1,-1
377,2,0.00,0.00,0.00,0.00,1.0,-1,-1,-1
377,3,1098.00,271.00,54.00,214.00,1.0,-1,-1,-1
377,4,41.00,882.00,180.00,198.00,1.0,-1,-1,-1
377,5,0.00,0.00,0.00,0.00,1.0,-1,-1,-1
377,6,0.00,1066.00,14.00,14.00,1.0,-1,-1,-1
377,7,0.00,0.00,0.00,0.00,1.0,-1,-1,-1
377,8,783.00,273.00,60.00,181.00,1.0,-1,-1,-1
377,9,0.00,0.00,0.00,0.00,1.0,-1,-1,-1
377,10,460.00,683.00,108.00,323.00,1.0,-1,-1,-1
377,11,305.00,760.00,128.00,311.00,1.0,-1,-1,-1
378,0,0.00,1072.00,8.00,8.00,1.0,-1,-1,-1
378,1,0.00,1072.00,8.00,8.00,1.0,-1,-1,-1
378,2,0.00,0.00,0.00,0.00,1.0,-1,-1,-1
378,3,1097.00,271.00,56.00,213.00,1.0,-1,-1,-1
378,4,34.00,884.00,182.00,196.00,1.0,-1,-1,-1
378,5,0.00,0.00,0.00,0.00,1.0,-1,-1,-1
378,6,0.00,1072.00,8.00,8.00,1.0,-1,-1,-1
378,7,0.00,0.00,0.00,0.00,1.0,-1,-1,-1
378,8,784.00,263.00,57.00,215.00,1.0,-1,-1,-1
378,9,0.00,0.00,0.00,0.00,1.0,-1,-1,-1
378,10,456.00,685.00,112.00,320.00,1.0,-1,-1,-1
378,11,302.00,763.00,127.00,312.00,1.0,-1,-1,-1
379,0,0.00,0.00,0.00,0.00,1.0,-1,-1,-1
379,1,0.00,0.00,0.00,0.00,1.0,-1,-1,-1
379,2,0.00,0.00,0.00,0.00,1.0,-1,-1,-1
379,3,1098.00,270.00,55.00,205.00,1.0,-1,-1,-1
379,4,33.00,889.00,178.00,191.00,1.0,-1,-1,-1
379,5,0.00,0.00,0.00,0.00,1.0,-1,-1,-1
379,6,0.00,0.00,0.00,0.00,1.0,-1,-1,-1
379,7,0.00,0.00,0.00,0.00,1.0,-1,-1,-1
379,8,782.00,259.00,57.00,223.00,1.0,-1,-1,-1
379,9,0.00,0.00,0.00,0.00,1.0,-1,-1,-1
379,10,451.00,687.00,117.00,318.00,1.0,-1,-1,-1
379,11,304.00,766.00,121.00,314.00,1.0,-1,-1,-1
379,12,520.00,545.00,116.00,303.00,1.0,-1,-1,-1
380,0,0.00,0.00,0.00,0.00,1.0,-1,-1,-1
380,1,0.00,0.00,0.00,0.00,1.0,-1,-1,-1
380,2,0.00,0.00,0.00,0.00,1.0,-1,-1,-1
380,3,1100.00,271.00,53.00,212.00,1.0,-1,-1,-1
380,4,31.00,891.00,175.00,189.00,1.0,-1,-1,-1
380,5,0.00,0.00,0.00,0.00,1.0,-1,-1,-1
380,6,0.00,0.00,0.00,0.00,1.0,-1,-1,-1
380,7,0.00,0.00,0.00,0.00,1.0,-1,-1,-1
380,8,782.00,259.00,56.00,223.00,1.0,-1,-1,-1
380,9,0.00,0.00,0.00,0.00,1.0,-1,-1,-1
380,10,449.00,688.00,118.00,317.00,1.0,-1,-1,-1
380,11,301.00,766.00,118.00,314.00,1.0,-1,-1,-1
380,12,519.00,547.00,117.00,305.00,1.0,-1,-1,-1
381,0,0.00,0.00,0.00,0.00,1.0,-1,-1,-1
381,1,0.00,0.00,0.00,0.00,1.0,-1,-1,-1
381,2,0.00,0.00,0.00,0.00,1.0,-1,-1,-1
381,3,1100.00,270.00,53.00,213.00,1.0,-1,-1,-1
381,4,26.00,891.00,175.00,189.00,1.0,-1,-1,-1
381,5,0.00,0.00,0.00,0.00,1.0,-1,-1,-1
381,6,0.00,0.00,0.00,0.00,1.0,-1,-1,-1
381,7,0.00,0.00,0.00,0.00,1.0,-1,-1,-1
381,8,767.00,261.00,71.00,222.00,1.0,-1,-1,-1
381,9,0.00,0.00,0.00,0.00,1.0,-1,-1,-1
381,10,447.00,691.00,103.00,325.00,1.0,-1,-1,-1
381,11,302.00,768.00,111.00,312.00,1.0,-1,-1,-1
381,12,517.00,551.00,119.00,304.00,1.0,-1,-1,-1
382,0,0.00,0.00,0.00,0.00,1.0,-1,-1,-1
382,1,0.00,0.00,0.00,0.00,1.0,-1,-1,-1
382,2,0.00,0.00,0.00,0.00,1.0,-1,-1,-1
382,3,1101.00,270.00,53.00,209.00,1.0,-1,-1,-1
382,4,25.00,891.00,173.00,189.00,1.0,-1,-1,-1
382,5,0.00,0.00,0.00,0.00,1.0,-1,-1,-1
382,6,0.00,0.00,0.00,0.00,1.0,-1,-1,-1
382,7,0.00,0.00,0.00,0.00,1.0,-1,-1,-1
382,8,767.00,259.00,73.00,224.00,1.0,-1,-1,-1
382,9,0.00,0.00,0.00,0.00,1.0,-1,-1,-1
382,10,445.00,694.00,102.00,333.00,1.0,-1,-1,-1
382,11,291.00,769.00,117.00,311.00,1.0,-1,-1,-1
382,12,517.00,554.00,119.00,304.00,1.0,-1,-1,-1
383,0,0.00,0.00,0.00,0.00,1.0,-1,-1,-1
383,1,0.00,0.00,0.00,0.00,1.0,-1,-1,-1
383,2,0.00,0.00,0.00,0.00,1.0,-1,-1,-1
383,3,1102.00,270.00,53.00,209.00,1.0,-1,-1,-1
383,4,21.00,892.00,171.00,188.00,1.0,-1,-1,-1
383,5,0.00,0.00,0.00,0.00,1.0,-1,-1,-1
383,6,0.00,0.00,0.00,0.00,1.0,-1,-1,-1
383,7,0.00,0.00,0.00,0.00,1.0,-1,-1,-1
383,8,767.00,263.00,75.00,221.00,1.0,-1,-1,-1
383,9,0.00,0.00,0.00,0.00,1.0,-1,-1,-1
383,10,432.00,700.00,110.00,332.00,1.0,-1,-1,-1
383,11,278.00,769.00,124.00,311.00,1.0,-1,-1,-1
383,12,516.00,557.00,120.00,308.00,1.0,-1,-1,-1
384,0,0.00,0.00,0.00,0.00,1.0,-1,-1,-1
384,1,0.00,0.00,0.00,0.00,1.0,-1,-1,-1
384,2,0.00,0.00,0.00,0.00,1.0,-1,-1,-1
384,3,1102.00,269.00,53.00,207.00,1.0,-1,-1,-1
384,4,19.00,894.00,168.00,186.00,1.0,-1,-1,-1
384,5,0.00,0.00,0.00,0.00,1.0,-1,-1,-1
384,6,0.00,0.00,0.00,0.00,1.0,-1,-1,-1
384,7,0.00,0.00,0.00,0.00,1.0,-1,-1,-1
384,8,758.00,263.00,86.00,209.00,1.0,-1,-1,-1
384,9,0.00,0.00,0.00,0.00,1.0,-1,-1,-1
384,10,423.00,702.00,114.00,330.00,1.0,-1,-1,-1
384,11,273.00,769.00,126.00,311.00,1.0,-1,-1,-1
384,12,516.00,559.00,120.00,308.00,1.0,-1,-1,-1
385,0,0.00,0.00,0.00,0.00,1.0,-1,-1,-1
385,1,0.00,0.00,0.00,0.00,1.0,-1,-1,-1
385,2,0.00,0.00,0.00,0.00,1.0,-1,-1,-1
385,3,1104.00,269.00,51.00,209.00,1.0,-1,-1,-1
385,4,17.00,893.00,170.00,187.00,1.0,-1,-1,-1
385,5,0.00,0.00,0.00,0.00,1.0,-1,-1,-1
385,6,0.00,0.00,0.00,0.00,1.0,-1,-1,-1
385,7,0.00,0.00,0.00,0.00,1.0,-1,-1,-1
385,8,752.00,270.00,92.00,204.00,1.0,-1,-1,-1
385,9,0.00,0.00,0.00,0.00,1.0,-1,-1,-1
385,10,426.00,707.00,107.00,331.00,1.0,-1,-1,-1
385,11,264.00,771.00,132.00,309.00,1.0,-1,-1,-1
385,12,516.00,561.00,120.00,307.00,1.0,-1,-1,-1
386,0,0.00,0.00,0.00,0.00,1.0,-1,-1,-1
386,1,0.00,0.00,0.00,0.00,1.0,-1,-1,-1
386,2,0.00,0.00,0.00,0.00,1.0,-1,-1,-1
386,3,1105.00,269.00,51.00,210.00,1.0,-1,-1,-1
386,4,15.00,900.00,172.00,180.00,1.0,-1,-1,-1
386,5,0.00,0.00,0.00,0.00,1.0,-1,-1,-1
386,6,0.00,0.00,0.00,0.00,1.0,-1,-1,-1
386,7,0.00,0.00,0.00,0.00,1.0,-1,-1,-1
386,8,750.00,270.00,61.00,205.00,1.0,-1,-1,-1
386,9,0.00,0.00,0.00,0.00,1.0,-1,-1,-1
386,10,423.00,713.00,106.00,330.00,1.0,-1,-1,-1
386,11,260.00,774.00,133.00,306.00,1.0,-1,-1,-1
386,12,516.00,561.00,119.00,307.00,1.0,-1,-1,-1
387,0,0.00,0.00,0.00,0.00,1.0,-1,-1,-1
387,1,0.00,0.00,0.00,0.00,1.0,-1,-1,-1
387,2,0.00,0.00,0.00,0.00,1.0,-1,-1,-1
387,3,1105.00,269.00,51.00,210.00,1.0,-1,-1,-1
387,4,11.00,903.00,175.00,177.00,1.0,-1,-1,-1
387,5,0.00,0.00,0.00,0.00,1.0,-1,-1,-1
387,6,0.00,0.00,0.00,0.00,1.0,-1,-1,-1
387,7,0.00,0.00,0.00,0.00,1.0,-1,-1,-1
387,8,749.00,272.00,55.00,185.00,1.0,-1,-1,-1
387,9,0.00,0.00,0.00,0.00,1.0,-1,-1,-1
387,10,416.00,713.00,112.00,334.00,1.0,-1,-1,-1
387,11,257.00,778.00,133.00,302.00,1.0,-1,-1,-1
387,12,517.00,561.00,116.00,307.00,1.0,-1,-1,-1
388,0,0.00,0.00,0.00,0.00,1.0,-1,-1,-1
388,1,0.00,0.00,0.00,0.00,1.0,-1,-1,-1
388,2,0.00,0.00,0.00,0.00,1.0,-1,-1,-1
388,3,1111.00,269.00,46.00,211.00,1.0,-1,-1,-1
388,4,7.00,904.00,171.00,176.00,1.0,-1,-1,-1
388,5,0.00,0.00,0.00,0.00,1.0,-1,-1,-1
388,6,0.00,0.00,0.00,0.00,1.0,-1,-1,-1
388,7,0.00,0.00,0.00,0.00,1.0,-1,-1,-1
388,8,748.00,270.00,66.00,185.00,1.0,-1,-1,-1
388,9,0.00,0.00,0.00,0.00,1.0,-1,-1,-1
388,10,408.00,716.00,118.00,332.00,1.0,-1,-1,-1
388,11,254.00,782.00,131.00,298.00,1.0,-1,-1,-1
388,12,516.00,562.00,115.00,307.00,1.0,-1,-1,-1
389,0,0.00,0.00,0.00,0.00,1.0,-1,-1,-1
389,1,0.00,0.00,0.00,0.00,1.0,-1,-1,-1
389,2,0.00,0.00,0.00,0.00,1.0,-1,-1,-1
389,3,1111.00,269.00,47.00,212.00,1.0,-1,-1,-1
389,4,4.00,910.00,159.00,170.00,1.0,-1,-1,-1
389,5,0.00,0.00,0.00,0.00,1.0,-1,-1,-1
389,6,0.00,0.00,0.00,0.00,1.0,-1,-1,-1
389,7,0.00,0.00,0.00,0.00,1.0,-1,-1,-1
389,8,746.00,270.00,53.00,187.00,1.0,-1,-1,-1
389,9,0.00,0.00,0.00,0.00,1.0,-1,-1,-1
389,10,400.00,717.00,122.00,332.00,1.0,-1,-1,-1
389,11,244.00,788.00,137.00,292.00,1.0,-1,-1,-1
389,12,515.00,562.00,114.00,307.00,1.0,-1,-1,-1
390,0,0.00,0.00,0.00,0.00,1.0,-1,-1,-1
390,1,0.00,0.00,0.00,0.00,1.0,-1,-1,-1
390,2,0.00,0.00,0.00,0.00,1.0,-1,-1,-1
390,3,1108.00,268.00,50.00,216.00,1.0,-1,-1,-1
390,4,0.00,912.00,158.00,168.00,1.0,-1,-1,-1
390,5,0.00,0.00,0.00,0.00,1.0,-1,-1,-1
390,6,0.00,0.00,0.00,0.00,1.0,-1,-1,-1
390,7,0.00,0.00,0.00,0.00,1.0,-1,-1,-1
390,8,745.00,268.00,72.00,194.00,1.0,-1,-1,-1
390,9,0.00,0.00,0.00,0.00,1.0,-1,-1,-1
390,10,393.00,718.00,121.00,330.00,1.0,-1,-1,-1
390,11,242.00,790.00,134.00,290.00,1.0,-1,-1,-1
390,12,514.00,562.00,113.00,306.00,1.0,-1,-1,-1
391,0,0.00,0.00,0.00,0.00,1.0,-1,-1,-1
391,1,0.00,0.00,0.00,0.00,1.0,-1,-1,-1
391,2,0.00,0.00,0.00,0.00,1.0,-1,-1,-1
391,3,1102.00,268.00,58.00,200.00,1.0,-1,-1,-1
391,4,0.00,919.00,152.00,161.00,1.0,-1,-1,-1
391,5,0.00,0.00,0.00,0.00,1.0,-1,-1,-1
391,6,0.00,0.00,0.00,0.00,1.0,-1,-1,-1
391,7,0.00,0.00,0.00,0.00,1.0,-1,-1,-1
391,8,745.00,266.00,72.00,195.00,1.0,-1,-1,-1
391,9,0.00,0.00,0.00,0.00,1.0,-1,-1,-1
391,10,387.00,719.00,119.00,330.00,1.0,-1,-1,-1
391,11,240.00,793.00,132.00,287.00,1.0,-1,-1,-1
391,12,513.00,564.00,111.00,305.00,1.0,-1,-1,-1
392,0,0.00,0.00,0.00,0.00,1.0,-1,-1,-1
392,1,0.00,0.00,0.00,0.00,1.0,-1,-1,-1
392,2,0.00,0.00,0.00,0.00,1.0,-1,-1,-1
392,3,1106.00,269.00,56.00,198.00,1.0,-1,-1,-1
392,4,0.00,920.00,147.00,160.00,1.0,-1,-1,-1
392,5,0.00,0.00,0.00,0.00,1.0,-1,-1,-1
392,6,0.00,0.00,0.00,0.00,1.0,-1,-1,-1
392,7,0.00,0.00,0.00,0.00,1.0,-1,-1,-1
392,8,744.00,266.00,74.00,196.00,1.0,-1,-1,-1
392,9,0.00,0.00,0.00,0.00,1.0,-1,-1,-1
392,10,381.00,721.00,121.00,328.00,1.0,-1,-1,-1
392,11,234.00,795.00,133.00,285.00,1.0,-1,-1,-1
392,12,512.00,567.00,109.00,311.00,1.0,-1,-1,-1
393,0,0.00,0.00,0.00,0.00,1.0,-1,-1,-1
393,1,0.00,0.00,0.00,0.00,1.0,-1,-1,-1
393,2,0.00,0.00,0.00,0.00,1.0,-1,-1,-1
393,3,1105.00,268.00,57.00,197.00,1.0,-1,-1,-1
393,4,0.00,921.00,143.00,159.00,1.0,-1,-1,-1
393,5,0.00,0.00,0.00,0.00,1.0,-1,-1,-1
393,6,0.00,0.00,0.00,0.00,1.0,-1,-1,-1
393,7,0.00,0.00,0.00,0.00,1.0,-1,-1,-1
393,8,743.00,266.00,66.00,193.00,1.0,-1,-1,-1
393,9,0.00,0.00,0.00,0.00,1.0,-1,-1,-1
393,10,378.00,723.00,121.00,326.00,1.0,-1,-1,-1
393,11,235.00,798.00,128.00,282.00,1.0,-1,-1,-1
393,12,510.00,569.00,110.00,311.00,1.0,-1,-1,-1
394,0,0.00,0.00,0.00,0.00,1.0,-1,-1,-1
394,1,0.00,0.00,0.00,0.00,1.0,-1,-1,-1
394,2,0.00,0.00,0.00,0.00,1.0,-1,-1,-1
394,3,1109.00,268.00,54.00,197.00,1.0,-1,-1,-1
394,4,0.00,926.00,139.00,154.00,1.0,-1,-1,-1
394,5,0.00,0.00,0.00,0.00,1.0,-1,-1,-1
394,6,0.00,0.00,0.00,0.00,1.0,-1,-1,-1
394,7,0.00,0.00,0.00,0.00,1.0,-1,-1,-1
394,8,737.00,266.00,68.00,197.00,1.0,-1,-1,-1
394,9,0.00,0.00,0.00,0.00,1.0,-1,-1,-1
394,10,375.00,723.00,121.00,336.00,1.0,-1,-1,-1
394,11,233.00,799.00,126.00,281.00,1.0,-1,-1,-1
394,12,508.00,572.00,110.00,311.00,1.0,-1,-1,-1
395,0,0.00,0.00,0.00,0.00,1.0,-1,-1,-1
395,1,0.00,0.00,0.00,0.00,1.0,-1,-1,-1
395,2,0.00,0.00,0.00,0.00,1.0,-1,-1,-1
395,3,1107.00,269.00,56.00,195.00,1.0,-1,-1,-1
395,4,0.00,926.00,136.00,154.00,1.0,-1,-1,-1
395,5,0.00,0.00,0.00,0.00,1.0,-1,-1,-1
395,6,0.00,0.00,0.00,0.00,1.0,-1,-1,-1
395,7,0.00,0.00,0.00,0.00,1.0,-1,-1,-1
395,8,729.00,267.00,77.00,188.00,1.0,-1,-1,-1
395,9,0.00,0.00,0.00,0.00,1.0,-1,-1,-1
395,10,371.00,726.00,121.00,345.00,1.0,-1,-1,-1
395,11,231.00,801.00,124.00,279.00,1.0,-1,-1,-1
395,12,505.00,576.00,110.00,312.00,1.0,-1,-1,-1
396,0,0.00,0.00,0.00,0.00,1.0,-1,-1,-1
396,1,0.00,0.00,0.00,0.00,1.0,-1,-1,-1
396,2,0.00,0.00,0.00,0.00,1.0,-1,-1,-1
396,3,1106.00,268.00,59.00,195.00,1.0,-1,-1,-1
396,4,0.00,928.00,135.00,152.00,1.0,-1,-1,-1
396,5,0.00,0.00,0.00,0.00,1.0,-1,-1,-1
396,6,0.00,0.00,0.00,0.00,1.0,-1,-1,-1
396,7,0.00,0.00,0.00,0.00,1.0,-1,-1,-1
396,8,727.00,268.00,77.00,186.00,1.0,-1,-1,-1
396,9,0.00,0.00,0.00,0.00,1.0,-1,-1,-1
396,10,370.00,727.00,119.00,353.00,1.0,-1,-1,-1
396,11,230.00,802.00,123.00,278.00,1.0,-1,-1,-1
396,12,503.00,579.00,110.00,314.00,1.0,-1,-1,-1
397,0,0.00,0.00,0.00,0.00,1.0,-1,-1,-1
397,1,0.00,0.00,0.00,0.00,1.0,-1,-1,-1
397,2,0.00,0.00,0.00,0.00,1.0,-1,-1,-1
397,3,1106.00,268.00,59.00,196.00,1.0,-1,-1,-1
397,4,0.00,928.00,132.00,152.00,1.0,-1,-1,-1
397,5,0.00,0.00,0.00,0.00,1.0,-1,-1,-1
397,6,0.00,0.00,0.00,0.00,1.0,-1,-1,-1
397,7,0.00,0.00,0.00,0.00,1.0,-1,-1,-1
397,8,730.00,268.00,71.00,187.00,1.0,-1,-1,-1
397,9,0.00,0.00,0.00,0.00,1.0,-1,-1,-1
397,10,368.00,733.00,117.00,344.00,1.0,-1,-1,-1
397,11,230.00,804.00,120.00,276.00,1.0,-1,-1,-1
397,12,501.00,581.00,110.00,316.00,1.0,-1,-1,-1
398,0,0.00,0.00,0.00,0.00,1.0,-1,-1,-1
398,1,0.00,0.00,0.00,0.00,1.0,-1,-1,-1
398,2,0.00,0.00,0.00,0.00,1.0,-1,-1,-1
398,3,1105.00,268.00,60.00,196.00,1.0,-1,-1,-1
398,4,0.00,930.00,130.00,150.00,1.0,-1,-1,-1
398,5,0.00,0.00,0.00,0.00,1.0,-1,-1,-1
398,6,0.00,0.00,0.00,0.00,1.0,-1,-1,-1
398,7,0.00,0.00,0.00,0.00,1.0,-1,-1,-1
398,8,732.00,267.00,65.00,188.00,1.0,-1,-1,-1
398,9,0.00,0.00,0.00,0.00,1.0,-1,-1,-1
398,10,366.00,739.00,116.00,341.00,1.0,-1,-1,-1
398,11,230.00,806.00,120.00,274.00,1.0,-1,-1,-1
398,12,499.00,582.00,110.00,317.00,1.0,-1,-1,-1
399,0,0.00,0.00,0.00,0.00,1.0,-1,-1,-1
399,1,0.00,0.00,0.00,0.00,1.0,-1,-1,-1
399,2,0.00,0.00,0.00,0.00,1.0,-1,-1,-1
399,3,1104.00,268.00,62.00,198.00,1.0,-1,-1,-1
399,4,0.00,933.00,128.00,147.00,1.0,-1,-1,-1
399,5,0.00,0.00,0.00,0.00,1.0,-1,-1,-1
399,6,0.00,0.00,0.00,0.00,1.0,-1,-1,-1
399,7,0.00,0.00,0.00,0.00,1.0,-1,-1,-1
399,8,730.00,267.00,64.00,191.00,1.0,-1,-1,-1
399,9,0.00,0.00,0.00,0.00,1.0,-1,-1,-1
399,10,365.00,740.00,113.00,340.00,1.0,-1,-1,-1
399,11,227.00,809.00,123.00,271.00,1.0,-1,-1,-1
399,12,495.00,583.00,112.00,318.00,1.0,-1,-1,-1
400,0,0.00,0.00,0.00,0.00,1.0,-1,-1,-1
400,1,0.00,0.00,0.00,0.00,1.0,-1,-1,-1
400,2,0.00,0.00,0.00,0.00,1.0,-1,-1,-1
400,3,1103.00,268.00,63.00,197.00,1.0,-1,-1,-1
400,4,0.00,934.00,127.00,146.00,1.0,-1,-1,-1
400,5,0.00,0.00,0.00,0.00,1.0,-1,-1,-1
400,6,0.00,0.00,0.00,0.00,1.0,-1,-1,-1
400,7,0.00,0.00,0.00,0.00,1.0,-1,-1,-1
400,8,728.00,266.00,66.00,194.00,1.0,-1,-1,-1
400,9,0.00,0.00,0.00,0.00,1.0,-1,-1,-1
400,10,362.00,743.00,113.00,337.00,1.0,-1,-1,-1
400,11,227.00,814.00,123.00,266.00,1.0,-1,-1,-1
400,12,494.00,583.00,111.00,317.00,1.0,-1,-1,-1
401,0,0.00,0.00,0.00,0.00,1.0,-1,-1,-1
401,1,0.00,0.00,0.00,0.00,1.0,-1,-1,-1
401,2,0.00,0.00,0.00,0.00,1.0,-1,-1,-1
401,3,1102.00,268.00,64.00,197.00,1.0,-1,-1,-1
401,4,0.00,935.00,120.00,145.00,1.0,-1,-1,-1
401,5,0.00,0.00,0.00,0.00,1.0,-1,-1,-1
401,6,0.00,0.00,0.00,0.00,1.0,-1,-1,-1
401,7,0.00,0.00,0.00,0.00,1.0,-1,-1,-1
401,8,724.00,265.00,65.00,194.00,1.0,-1,-1,-1
401,9,0.00,0.00,0.00,0.00,1.0,-1,-1,-1
401,10,358.00,744.00,113.00,336.00,1.0,-1,-1,-1
401,11,225.00,818.00,126.00,262.00,1.0,-1,-1,-1
401,12,491.00,584.00,114.00,316.00,1.0,-1,-1,-1
402,0,0.00,944.00,102.00,136.00,1.0,-1,-1,-1
402,1,0.00,943.00,110.00,137.00,1.0,-1,-1,-1
402,2,0.00,0.00,0.00,0.00,1.0,-1,-1,-1
402,3,1101.00,268.00,65.00,197.00,1.0,-1,-1,-1
402,4,0.00,944.00,113.00,136.00,1.0,-1,-1,-1
402,5,0.00,0.00,0.00,0.00,1.0,-1,-1,-1
402,6,0.00,944.00,111.00,136.00,1.0,-1,-1,-1
402,7,0.00,0.00,0.00,0.00,1.0,-1,-1,-1
402,8,721.00,263.00,62.00,196.00,1.0,-1,-1,-1
402,9,0.00,0.00,0.00,0.00,1.0,-1,-1,-1
402,10,353.00,747.00,115.00,333.00,1.0,-1,-1,-1
402,11,219.00,823.00,131.00,257.00,1.0,-1,-1,-1
402,12,489.00,585.00,116.00,316.00,1.0,-1,-1,-1
403,0,0.00,950.00,103.00,130.00,1.0,-1,-1,-1
403,1,0.00,949.00,105.00,131.00,1.0,-1,-1,-1
403,2,0.00,0.00,0.00,0.00,1.0,-1,-1,-1
403,3,1099.00,268.00,67.00,197.00,1.0,-1,-1,-1
403,4,0.00,950.00,111.00,130.00,1.0,-1,-1,-1
403,5,0.00,0.00,0.00,0.00,1.0,-1,-1,-1
403,6,0.00,949.00,108.00,131.00,1.0,-1,-1,-1
403,7,0.00,0.00,0.00,0.00,1.0,-1,-1,-1
403,8,718.00,262.00,64.00,190.00,1.0,-1,-1,-1
403,9,0.00,0.00,0.00,0.00,1.0,-1,-1,-1
403,10,348.00,749.00,117.00,331.00,1.0,-1,-1,-1
403,11,214.00,826.00,133.00,254.00,1.0,-1,-1,-1
403,12,488.00,587.00,117.00,315.00,1.0,-1,-1,-1
