1,0,0.00,342.00,117.00,561.00,1.0,-1,-1,-1
2,0,0.00,339.00,118.00,564.00,1.0,-1,-1,-1
2,1,1691.00,391.00,147.00,337.00,1.0,-1,-1,-1
3,0,0.00,326.00,117.00,577.00,1.0,-1,-1,-1
3,1,1689.00,391.00,124.00,337.00,1.0,-1,-1,-1
4,0,0.00,270.00,121.00,633.00,1.0,-1,-1,-1
4,1,1688.00,390.00,123.00,338.00,1.0,-1,-1,-1
4,2,265.00,458.00,91.00,250.00,1.0,-1,-1,-1
5,0,0.00,246.00,130.00,657.00,1.0,-1,-1,-1
5,1,1688.00,390.00,121.00,337.00,1.0,-1,-1,-1
5,2,264.00,459.00,93.00,249.00,1.0,-1,-1,-1
6,0,0.00,242.00,136.00,661.00,1.0,-1,-1,-1
6,1,1688.00,390.00,120.00,343.00,1.0,-1,-1,-1
6,2,264.00,459.00,93.00,250.00,1.0,-1,-1,-1
7,0,0.00,236.00,147.00,667.00,1.0,-1,-1,-1
7,1,1689.00,390.00,117.00,344.00,1.0,-1,-1,-1
7,2,266.00,458.00,91.00,245.00,1.0,-1,-1,-1
8,0,0.00,232.00,152.00,672.00,1.0,-1,-1,-1
8,1,1690.00,391.00,114.00,343.00,1.0,-1,-1,-1
8,2,265.00,458.00,92.00,245.00,1.0,-1,-1,-1
9,0,0.00,230.00,158.00,674.00,1.0,-1,-1,-1
9,1,1690.00,392.00,113.00,318.00,1.0,-1,-1,-1
9,2,266.00,458.00,91.00,245.00,1.0,-1,-1,-1
10,0,0.00,232.00,165.00,672.00,1.0,-1,-1,-1
10,1,1687.00,392.00,115.00,350.00,1.0,-1,-1,-1
10,2,277.00,458.00,80.00,245.00,1.0,-1,-1,-1
11,0,0.00,232.00,171.00,672.00,1.0,-1,-1,-1
11,1,1685.00,391.00,117.00,351.00,1.0,-1,-1,-1
11,2,288.00,457.00,69.00,246.00,1.0,-1,-1,-1
11,3,1318.00,460.00,71.00,200.00,1.0,-1,-1,-1
12,0,0.00,233.00,176.00,670.00,1.0,-1,-1,-1
12,1,1682.00,390.00,120.00,352.00,1.0,-1,-1,-1
12,2,294.00,457.00,63.00,245.00,1.0,-1,-1,-1
12,3,1317.00,460.00,73.00,200.00,1.0,-1,-1,-1
13,0,0.00,235.00,183.00,692.00,1.0,-1,-1,-1
13,1,1680.00,387.00,122.00,355.00,1.0,-1,-1,-1
13,2,293.00,457.00,65.00,246.00,1.0,-1,-1,-1
13,3,1320.00,460.00,73.00,201.00,1.0,-1,-1,-1
14,0,0.00,235.00,187.00,690.00,1.0,-1,-1,-1
14,1,1681.00,386.00,119.00,356.00,1.0,-1,-1,-1
14,2,294.00,456.00,68.00,247.00,1.0,-1,-1,-1
14,3,1321.00,460.00,72.00,201.00,1.0,-1,-1,-1
14,4,1866.00,383.00,54.00,256.00,1.0,-1,-1,-1
15,0,0.00,237.00,194.00,683.00,1.0,-1,-1,-1
15,1,1679.00,385.00,118.00,357.00,1.0,-1,-1,-1
15,2,295.00,457.00,79.00,246.00,1.0,-1,-1,-1
15,3,1323.00,461.00,72.00,201.00,1.0,-1,-1,-1
15,4,1864.00,381.00,56.00,277.00,1.0,-1,-1,-1
16,0,0.00,238.00,198.00,678.00,1.0,-1,-1,-1
16,1,1674.00,383.00,120.00,359.00,1.0,-1,-1,-1
16,2,308.00,457.00,74.00,245.00,1.0,-1,-1,-1
16,3,1324.00,461.00,74.00,201.00,1.0,-1,-1,-1
16,4,1863.00,378.00,57.00,286.00,1.0,-1,-1,-1
17,0,0.00,238.00,203.00,675.00,1.0,-1,-1,-1
17,1,1671.00,381.00,122.00,360.00,1.0,-1,-1,-1
17,2,310.00,457.00,78.00,244.00,1.0,-1,-1,-1
17,3,1326.00,461.00,74.00,201.00,1.0,-1,-1,-1
17,4,1862.00,373.00,58.00,296.00,1.0,-1,-1,-1
18,0,0.00,239.00,212.00,668.00,1.0,-1,-1,-1
18,1,1659.00,379.00,132.00,363.00,1.0,-1,-1,-1
18,2,313.00,456.00,84.00,246.00,1.0,-1,-1,-1
18,3,1328.00,462.00,76.00,199.00,1.0,-1,-1,-1
18,4,1861.00,327.00,59.00,399.00,1.0,-1,-1,-1
19,0,0.00,240.00,219.00,664.00,1.0,-1,-1,-1
19,1,1654.00,378.00,135.00,367.00,1.0,-1,-1,-1
19,2,311.00,455.00,90.00,247.00,1.0,-1,-1,-1
19,3,1330.00,463.00,78.00,198.00,1.0,-1,-1,-1
19,4,1860.00,324.00,60.00,411.00,1.0,-1,-1,-1
20,0,0.00,241.00,231.00,661.00,1.0,-1,-1,-1
20,1,1650.00,378.00,138.00,371.00,1.0,-1,-1,-1
20,2,312.00,455.00,91.00,247.00,1.0,-1,-1,-1
20,3,1331.00,463.00,79.00,199.00,1.0,-1,-1,-1
20,4,1861.00,322.00,59.00,419.00,1.0,-1,-1,-1
21,0,0.00,242.00,240.00,660.00,1.0,-1,-1,-1
21,1,1647.00,379.00,139.00,371.00,1.0,-1,-1,-1
21,2,313.00,456.00,92.00,246.00,1.0,-1,-1,-1
21,3,1333.00,463.00,78.00,199.00,1.0,-1,-1,-1
21,4,1860.00,322.00,60.00,425.00,1.0,-1,-1,-1
22,0,0.00,243.00,250.00,659.00,1.0,-1,-1,-1
22,1,1643.00,380.00,141.00,370.00,1.0,-1,-1,-1
22,2,313.00,455.00,90.00,247.00,1.0,-1,-1,-1
22,3,1333.00,462.00,79.00,199.00,1.0,-1,-1,-1
22,4,1859.00,321.00,61.00,431.00,1.0,-1,-1,-1
23,0,0.00,243.00,269.00,657.00,1.0,-1,-1,-1
23,1,1642.00,381.00,140.00,373.00,1.0,-1,-1,-1
23,2,312.00,457.00,91.00,245.00,1.0,-1,-1,-1
23,3,1334.00,462.00,80.00,200.00,1.0,-1,-1,-1
23,4,1856.00,322.00,64.00,434.00,1.0,-1,-1,-1
24,0,0.00,242.00,286.00,658.00,1.0,-1,-1,-1
24,1,1637.00,383.00,142.00,372.00,1.0,-1,-1,-1
24,2,312.00,459.00,91.00,243.00,1.0,-1,-1,-1
24,3,1334.00,462.00,79.00,200.00,1.0,-1,-1,-1
24,4,1852.00,322.00,68.00,436.00,1.0,-1,-1,-1
25,0,0.00,241.00,320.00,659.00,1.0,-1,-1,-1
25,1,1637.00,383.00,138.00,376.00,1.0,-1,-1,-1
25,2,313.00,458.00,90.00,244.00,1.0,-1,-1,-1
25,3,1335.00,462.00,79.00,201.00,1.0,-1,-1,-1
25,4,1840.00,324.00,80.00,434.00,1.0,-1,-1,-1
26,0,0.00,239.00,336.00,661.00,1.0,-1,-1,-1
26,1,1634.00,382.00,139.00,378.00,1.0,-1,-1,-1
26,2,312.00,456.00,93.00,246.00,1.0,-1,-1,-1
26,3,1335.00,463.00,79.00,200.00,1.0,-1,-1,-1
26,4,1838.00,325.00,82.00,436.00,1.0,-1,-1,-1
27,0,0.00,239.00,336.00,661.00,1.0,-1,-1,-1
27,1,1631.00,381.00,139.00,380.00,1.0,-1,-1,-1
27,2,313.00,456.00,92.00,246.00,1.0,-1,-1,-1
27,3,1335.00,463.00,79.00,200.00,1.0,-1,-1,-1
27,4,1841.00,325.00,79.00,437.00,1.0,-1,-1,-1
28,0,0.00,237.00,360.00,662.00,1.0,-1,-1,-1
28,1,1631.00,378.00,135.00,383.00,1.0,-1,-1,-1
28,2,312.00,456.00,97.00,246.00,1.0,-1,-1,-1
28,3,1335.00,463.00,79.00,200.00,1.0,-1,-1,-1
28,4,1836.00,322.00,84.00,442.00,1.0,-1,-1,-1
29,0,0.00,236.00,379.00,663.00,1.0,-1,-1,-1
29,1,1630.00,376.00,133.00,385.00,1.0,-1,-1,-1
29,2,311.00,457.00,100.00,245.00,1.0,-1,-1,-1
29,3,1335.00,463.00,79.00,200.00,1.0,-1,-1,-1
29,4,1831.00,321.00,89.00,445.00,1.0,-1,-1,-1
30,0,0.00,233.00,390.00,667.00,1.0,-1,-1,-1
30,1,1629.00,376.00,128.00,385.00,1.0,-1,-1,-1
30,2,318.00,456.00,92.00,246.00,1.0,-1,-1,-1
30,3,1335.00,463.00,79.00,199.00,1.0,-1,-1,-1
30,4,1826.00,318.00,94.00,449.00,1.0,-1,-1,-1
31,0,0.00,234.00,393.00,666.00,1.0,-1,-1,-1
31,1,1629.00,376.00,125.00,385.00,1.0,-1,-1,-1
31,2,329.00,461.00,87.00,240.00,1.0,-1,-1,-1
31,3,1335.00,463.00,80.00,198.00,1.0,-1,-1,-1
31,4,1823.00,316.00,97.00,452.00,1.0,-1,-1,-1
32,0,0.00,234.00,410.00,666.00,1.0,-1,-1,-1
32,1,1628.00,375.00,124.00,386.00,1.0,-1,-1,-1
32,2,336.00,453.00,81.00,248.00,1.0,-1,-1,-1
32,3,1335.00,463.00,79.00,199.00,1.0,-1,-1,-1
32,4,1818.00,314.00,102.00,454.00,1.0,-1,-1,-1
33,0,0.00,237.00,420.00,663.00,1.0,-1,-1,-1
33,1,1627.00,374.00,124.00,387.00,1.0,-1,-1,-1
33,2,339.00,452.00,79.00,249.00,1.0,-1,-1,-1
33,3,1336.00,464.00,78.00,198.00,1.0,-1,-1,-1
33,4,1812.00,312.00,108.00,456.00,1.0,-1,-1,-1
34,0,0.00,239.00,423.00,661.00,1.0,-1,-1,-1
34,1,1628.00,372.00,120.00,388.00,1.0,-1,-1,-1
34,2,344.00,501.00,77.00,200.00,1.0,-1,-1,-1
34,3,1337.00,464.00,78.00,198.00,1.0,-1,-1,-1
34,4,1808.00,311.00,112.00,457.00,1.0,-1,-1,-1
35,0,0.00,245.00,455.00,655.00,1.0,-1,-1,-1
35,1,1627.00,371.00,117.00,389.00,1.0,-1,-1,-1
35,2,346.00,483.00,68.00,217.00,1.0,-1,-1,-1
35,3,1338.00,465.00,78.00,197.00,1.0,-1,-1,-1
35,4,1803.00,309.00,117.00,459.00,1.0,-1,-1,-1
36,0,0.00,252.00,470.00,648.00,1.0,-1,-1,-1
36,1,1625.00,371.00,119.00,389.00,1.0,-1,-1,-1
36,2,345.00,496.00,75.00,204.00,1.0,-1,-1,-1
36,3,1339.00,465.00,77.00,197.00,1.0,-1,-1,-1
36,4,1799.00,308.00,121.00,460.00,1.0,-1,-1,-1
37,0,0.00,254.00,476.00,646.00,1.0,-1,-1,-1
37,1,1625.00,371.00,118.00,388.00,1.0,-1,-1,-1
37,2,346.00,494.00,74.00,205.00,1.0,-1,-1,-1
37,3,1339.00,465.00,77.00,197.00,1.0,-1,-1,-1
37,4,1796.00,308.00,124.00,460.00,1.0,-1,-1,-1
38,0,16.00,256.00,462.00,643.00,1.0,-1,-1,-1
38,1,1622.00,371.00,123.00,389.00,1.0,-1,-1,-1
38,2,361.00,473.00,60.00,179.00,1.0,-1,-1,-1
38,3,1340.00,465.00,76.00,197.00,1.0,-1,-1,-1
38,4,1794.00,307.00,126.00,462.00,1.0,-1,-1,-1
39,0,44.00,259.00,438.00,640.00,1.0,-1,-1,-1
39,1,1622.00,372.00,122.00,385.00,1.0,-1,-1,-1
39,2,374.00,495.00,51.00,138.00,1.0,-1,-1,-1
39,3,1341.00,465.00,76.00,197.00,1.0,-1,-1,-1
39,4,1793.00,307.00,127.00,464.00,1.0,-1,-1,-1
40,0,85.00,259.00,397.00,640.00,1.0,-1,-1,-1
40,1,1622.00,373.00,120.00,400.00,1.0,-1,-1,-1
40,2,369.00,502.00,59.00,202.00,1.0,-1,-1,-1
40,3,1342.00,465.00,76.00,197.00,1.0,-1,-1,-1
40,4,1790.00,308.00,130.00,472.00,1.0,-1,-1,-1
41,0,116.00,257.00,371.00,642.00,1.0,-1,-1,-1
41,1,1621.00,373.00,121.00,404.00,1.0,-1,-1,-1
41,2,362.00,498.00,63.00,207.00,1.0,-1,-1,-1
41,3,1342.00,465.00,77.00,197.00,1.0,-1,-1,-1
41,4,1789.00,309.00,131.00,471.00,1.0,-1,-1,-1
42,0,146.00,257.00,345.00,639.00,1.0,-1,-1,-1
42,1,1618.00,372.00,125.00,407.00,1.0,-1,-1,-1
42,2,369.00,583.00,63.00,120.00,1.0,-1,-1,-1
42,3,1343.00,465.00,77.00,197.00,1.0,-1,-1,-1
42,4,1787.00,310.00,133.00,472.00,1.0,-1,-1,-1
43,0,195.00,255.00,305.00,632.00,1.0,-1,-1,-1
43,1,1615.00,370.00,128.00,409.00,1.0,-1,-1,-1
43,2,0.00,0.00,0.00,0.00,1.0,-1,-1,-1
43,3,1343.00,465.00,78.00,197.00,1.0,-1,-1,-1
43,4,1785.00,310.00,135.00,477.00,1.0,-1,-1,-1
44,0,238.00,253.00,275.00,628.00,1.0,-1,-1,-1
44,1,1613.00,368.00,129.00,411.00,1.0,-1,-1,-1
44,2,0.00,0.00,0.00,0.00,1.0,-1,-1,-1
44,3,1344.00,465.00,77.00,197.00,1.0,-1,-1,-1
44,4,1783.00,311.00,137.00,478.00,1.0,-1,-1,-1
45,0,287.00,251.00,232.00,619.00,1.0,-1,-1,-1
45,1,1610.00,365.00,131.00,415.00,1.0,-1,-1,-1
45,2,362.00,587.00,42.00,118.00,1.0,-1,-1,-1
45,3,1344.00,465.00,77.00,197.00,1.0,-1,-1,-1
45,4,1783.00,309.00,137.00,485.00,1.0,-1,-1,-1
46,0,308.00,252.00,218.00,616.00,1.0,-1,-1,-1
46,1,1607.00,364.00,132.00,415.00,1.0,-1,-1,-1
46,2,366.00,582.00,41.00,123.00,1.0,-1,-1,-1
46,3,1344.00,466.00,78.00,197.00,1.0,-1,-1,-1
46,4,1783.00,307.00,137.00,488.00,1.0,-1,-1,-1
47,0,331.00,255.00,204.00,614.00,1.0,-1,-1,-1
47,1,1600.00,364.00,137.00,415.00,1.0,-1,-1,-1
47,2,366.00,589.00,42.00,116.00,1.0,-1,-1,-1
47,3,1344.00,467.00,78.00,196.00,1.0,-1,-1,-1
47,4,1784.00,304.00,136.00,491.00,1.0,-1,-1,-1
48,0,356.00,256.00,197.00,608.00,1.0,-1,-1,-1
48,1,1590.00,362.00,143.00,416.00,1.0,-1,-1,-1
48,2,366.00,572.00,44.00,133.00,1.0,-1,-1,-1
48,3,1344.00,465.00,78.00,197.00,1.0,-1,-1,-1
48,4,1784.00,299.00,136.00,496.00,1.0,-1,-1,-1
49,0,377.00,258.00,219.00,605.00,1.0,-1,-1,-1
49,1,1584.00,361.00,148.00,414.00,1.0,-1,-1,-1
49,2,366.00,574.00,47.00,131.00,1.0,-1,-1,-1
49,3,1344.00,465.00,78.00,197.00,1.0,-1,-1,-1
49,4,1784.00,297.00,136.00,498.00,1.0,-1,-1,-1
50,0,384.00,262.00,270.00,601.00,1.0,-1,-1,-1
50,1,1575.00,360.00,153.00,421.00,1.0,-1,-1,-1
50,2,355.00,448.00,69.00,256.00,1.0,-1,-1,-1
50,3,1344.00,466.00,78.00,196.00,1.0,-1,-1,-1
50,4,1784.00,293.00,136.00,503.00,1.0,-1,-1,-1
51,0,384.00,267.00,300.00,596.00,1.0,-1,-1,-1
51,1,1571.00,360.00,154.00,424.00,1.0,-1,-1,-1
51,2,361.00,448.00,75.00,256.00,1.0,-1,-1,-1
51,3,1344.00,466.00,78.00,196.00,1.0,-1,-1,-1
51,4,1783.00,291.00,137.00,505.00,1.0,-1,-1,-1
52,0,385.00,271.00,319.00,591.00,1.0,-1,-1,-1
52,1,1568.00,360.00,155.00,424.00,1.0,-1,-1,-1
52,2,368.00,448.00,78.00,256.00,1.0,-1,-1,-1
52,3,1344.00,466.00,79.00,196.00,1.0,-1,-1,-1
52,4,1783.00,290.00,137.00,506.00,1.0,-1,-1,-1
53,0,386.00,275.00,334.00,584.00,1.0,-1,-1,-1
53,1,1565.00,360.00,155.00,427.00,1.0,-1,-1,-1
53,2,367.00,447.00,96.00,258.00,1.0,-1,-1,-1
53,3,1344.00,467.00,79.00,195.00,1.0,-1,-1,-1
53,4,1781.00,288.00,139.00,508.00,1.0,-1,-1,-1
54,0,388.00,276.00,337.00,579.00,1.0,-1,-1,-1
54,1,1564.00,361.00,153.00,428.00,1.0,-1,-1,-1
54,2,367.00,447.00,108.00,257.00,1.0,-1,-1,-1
54,3,1344.00,466.00,79.00,196.00,1.0,-1,-1,-1
54,4,1780.00,288.00,140.00,508.00,1.0,-1,-1,-1
55,0,400.00,275.00,329.00,579.00,1.0,-1,-1,-1
55,1,1563.00,362.00,148.00,430.00,1.0,-1,-1,-1
55,2,367.00,448.00,111.00,256.00,1.0,-1,-1,-1
55,3,1344.00,466.00,79.00,196.00,1.0,-1,-1,-1
55,4,1776.00,287.00,144.00,509.00,1.0,-1,-1,-1
56,0,417.00,273.00,313.00,579.00,1.0,-1,-1,-1
56,1,1561.00,362.00,146.00,432.00,1.0,-1,-1,-1
56,2,367.00,447.00,111.00,257.00,1.0,-1,-1,-1
56,3,1344.00,467.00,79.00,195.00,1.0,-1,-1,-1
56,4,1774.00,286.00,146.00,513.00,1.0,-1,-1,-1
57,0,446.00,274.00,284.00,575.00,1.0,-1,-1,-1
57,1,1556.00,362.00,147.00,436.00,1.0,-1,-1,-1
57,2,368.00,449.00,111.00,255.00,1.0,-1,-1,-1
57,3,1344.00,467.00,79.00,195.00,1.0,-1,-1,-1
57,4,1771.00,286.00,149.00,516.00,1.0,-1,-1,-1
58,0,492.00,267.00,238.00,576.00,1.0,-1,-1,-1
58,1,1547.00,361.00,149.00,438.00,1.0,-1,-1,-1
58,2,369.00,452.00,110.00,252.00,1.0,-1,-1,-1
58,3,1344.00,466.00,79.00,196.00,1.0,-1,-1,-1
58,4,1767.00,287.00,153.00,517.00,1.0,-1,-1,-1
59,0,525.00,263.00,213.00,580.00,1.0,-1,-1,-1
59,1,1540.00,360.00,152.00,439.00,1.0,-1,-1,-1
59,2,368.00,445.00,112.00,259.00,1.0,-1,-1,-1
59,3,1344.00,466.00,79.00,197.00,1.0,-1,-1,-1
59,4,1762.00,288.00,158.00,516.00,1.0,-1,-1,-1
60,0,579.00,260.00,203.00,582.00,1.0,-1,-1,-1
60,1,1531.00,356.00,154.00,443.00,1.0,-1,-1,-1
60,2,367.00,447.00,113.00,257.00,1.0,-1,-1,-1
60,3,1344.00,466.00,79.00,196.00,1.0,-1,-1,-1
60,4,1758.00,288.00,162.00,521.00,1.0,-1,-1,-1
61,0,600.00,263.00,209.00,579.00,1.0,-1,-1,-1
61,1,1525.00,354.00,155.00,445.00,1.0,-1,-1,-1
61,2,369.00,445.00,111.00,259.00,1.0,-1,-1,-1
61,3,1344.00,466.00,79.00,196.00,1.0,-1,-1,-1
61,4,1755.00,288.00,165.00,524.00,1.0,-1,-1,-1
62,0,605.00,265.00,225.00,577.00,1.0,-1,-1,-1
62,1,1520.00,352.00,155.00,447.00,1.0,-1,-1,-1
62,2,375.00,441.00,109.00,262.00,1.0,-1,-1,-1
62,3,1344.00,466.00,79.00,196.00,1.0,-1,-1,-1
62,4,1750.00,287.00,170.00,526.00,1.0,-1,-1,-1
63,0,614.00,271.00,245.00,571.00,1.0,-1,-1,-1
63,1,1514.00,351.00,155.00,448.00,1.0,-1,-1,-1
63,2,388.00,442.00,99.00,262.00,1.0,-1,-1,-1
63,3,1344.00,466.00,79.00,196.00,1.0,-1,-1,-1
63,4,1744.00,284.00,176.00,532.00,1.0,-1,-1,-1
64,0,624.00,276.00,247.00,566.00,1.0,-1,-1,-1
64,1,1510.00,351.00,156.00,448.00,1.0,-1,-1,-1
64,2,397.00,443.00,94.00,260.00,1.0,-1,-1,-1
64,3,1344.00,466.00,79.00,196.00,1.0,-1,-1,-1
64,4,1738.00,281.00,182.00,537.00,1.0,-1,-1,-1
65,0,635.00,283.00,255.00,558.00,1.0,-1,-1,-1
65,1,1510.00,350.00,152.00,449.00,1.0,-1,-1,-1
65,2,406.00,441.00,91.00,263.00,1.0,-1,-1,-1
65,3,1344.00,466.00,79.00,196.00,1.0,-1,-1,-1
65,4,1733.00,278.00,187.00,541.00,1.0,-1,-1,-1
66,0,636.00,286.00,266.00,555.00,1.0,-1,-1,-1
66,1,1513.00,350.00,146.00,450.00,1.0,-1,-1,-1
66,2,410.00,441.00,89.00,263.00,1.0,-1,-1,-1
66,3,1344.00,466.00,79.00,196.00,1.0,-1,-1,-1
66,4,1728.00,277.00,192.00,542.00,1.0,-1,-1,-1
67,0,640.00,289.00,272.00,551.00,1.0,-1,-1,-1
67,1,1519.00,348.00,137.00,451.00,1.0,-1,-1,-1
67,2,416.00,441.00,86.00,264.00,1.0,-1,-1,-1
67,3,1344.00,466.00,79.00,196.00,1.0,-1,-1,-1
67,4,1724.00,276.00,196.00,544.00,1.0,-1,-1,-1
68,0,649.00,292.00,273.00,546.00,1.0,-1,-1,-1
68,1,1520.00,348.00,133.00,451.00,1.0,-1,-1,-1
68,2,417.00,314.00,345.00,390.00,1.0,-1,-1,-1
68,3,1344.00,466.00,79.00,196.00,1.0,-1,-1,-1
68,4,1718.00,273.00,202.00,547.00,1.0,-1,-1,-1
69,0,662.00,292.00,264.00,545.00,1.0,-1,-1,-1
69,1,1518.00,348.00,133.00,444.00,1.0,-1,-1,-1
69,2,418.00,440.00,91.00,263.00,1.0,-1,-1,-1
69,3,1344.00,466.00,79.00,196.00,1.0,-1,-1,-1
69,4,1714.00,272.00,202.00,548.00,1.0,-1,-1,-1
70,0,697.00,291.00,235.00,543.00,1.0,-1,-1,-1
70,1,1517.00,349.00,133.00,464.00,1.0,-1,-1,-1
70,2,418.00,440.00,101.00,263.00,1.0,-1,-1,-1
70,3,1344.00,466.00,79.00,196.00,1.0,-1,-1,-1
70,4,1709.00,270.00,203.00,550.00,1.0,-1,-1,-1
71,0,722.00,289.00,212.00,532.00,1.0,-1,-1,-1
71,1,1516.00,350.00,133.00,465.00,1.0,-1,-1,-1
71,2,417.00,440.00,105.00,264.00,1.0,-1,-1,-1
71,3,1344.00,465.00,79.00,197.00,1.0,-1,-1,-1
71,4,1706.00,269.00,200.00,551.00,1.0,-1,-1,-1
72,0,743.00,287.00,193.00,526.00,1.0,-1,-1,-1
72,1,1514.00,350.00,135.00,425.00,1.0,-1,-1,-1
72,2,417.00,441.00,111.00,263.00,1.0,-1,-1,-1
72,3,1344.00,466.00,79.00,196.00,1.0,-1,-1,-1
72,4,1703.00,269.00,198.00,556.00,1.0,-1,-1,-1
73,0,768.00,283.00,168.00,524.00,1.0,-1,-1,-1
73,1,1511.00,348.00,138.00,422.00,1.0,-1,-1,-1
73,2,416.00,441.00,113.00,263.00,1.0,-1,-1,-1
73,3,1344.00,466.00,79.00,196.00,1.0,-1,-1,-1
73,4,1699.00,268.00,200.00,565.00,1.0,-1,-1,-1
74,0,778.00,283.00,160.00,523.00,1.0,-1,-1,-1
74,1,1508.00,346.00,140.00,430.00,1.0,-1,-1,-1
74,2,414.00,441.00,116.00,263.00,1.0,-1,-1,-1
74,3,1344.00,466.00,79.00,197.00,1.0,-1,-1,-1
74,4,1697.00,269.00,201.00,568.00,1.0,-1,-1,-1
75,0,797.00,284.00,154.00,522.00,1.0,-1,-1,-1
75,1,1506.00,342.00,158.00,483.00,1.0,-1,-1,-1
75,2,411.00,441.00,122.00,264.00,1.0,-1,-1,-1
75,3,1344.00,466.00,79.00,197.00,1.0,-1,-1,-1
75,4,1694.00,269.00,201.00,565.00,1.0,-1,-1,-1
76,0,812.00,287.00,175.00,519.00,1.0,-1,-1,-1
76,1,1503.00,339.00,162.00,486.00,1.0,-1,-1,-1
76,2,411.00,440.00,124.00,265.00,1.0,-1,-1,-1
76,3,1344.00,466.00,79.00,197.00,1.0,-1,-1,-1
76,4,1693.00,269.00,200.00,564.00,1.0,-1,-1,-1
77,0,821.00,290.00,201.00,516.00,1.0,-1,-1,-1
77,1,1495.00,337.00,171.00,488.00,1.0,-1,-1,-1
77,2,412.00,439.00,121.00,266.00,1.0,-1,-1,-1
77,3,1344.00,466.00,79.00,196.00,1.0,-1,-1,-1
77,4,1692.00,270.00,200.00,566.00,1.0,-1,-1,-1
78,0,825.00,296.00,237.00,509.00,1.0,-1,-1,-1
78,1,1487.00,334.00,155.00,488.00,1.0,-1,-1,-1
78,2,415.00,437.00,117.00,268.00,1.0,-1,-1,-1
78,3,1343.00,467.00,80.00,195.00,1.0,-1,-1,-1
78,4,1690.00,271.00,201.00,570.00,1.0,-1,-1,-1
79,0,825.00,301.00,251.00,502.00,1.0,-1,-1,-1
79,1,1476.00,332.00,163.00,489.00,1.0,-1,-1,-1
79,2,417.00,435.00,114.00,270.00,1.0,-1,-1,-1
79,3,1343.00,467.00,80.00,195.00,1.0,-1,-1,-1
79,4,1687.00,271.00,202.00,574.00,1.0,-1,-1,-1
80,0,825.00,305.00,256.00,495.00,1.0,-1,-1,-1
80,1,1458.00,330.00,205.00,495.00,1.0,-1,-1,-1
80,2,426.00,435.00,104.00,270.00,1.0,-1,-1,-1
80,3,1343.00,467.00,80.00,195.00,1.0,-1,-1,-1
80,4,1684.00,269.00,203.00,582.00,1.0,-1,-1,-1
81,0,828.00,305.00,255.00,494.00,1.0,-1,-1,-1
81,1,1451.00,329.00,210.00,496.00,1.0,-1,-1,-1
81,2,431.00,434.00,101.00,271.00,1.0,-1,-1,-1
81,3,1343.00,467.00,79.00,195.00,1.0,-1,-1,-1
81,4,1683.00,266.00,203.00,588.00,1.0,-1,-1,-1
82,0,835.00,306.00,249.00,492.00,1.0,-1,-1,-1
82,1,1446.00,329.00,217.00,500.00,1.0,-1,-1,-1
82,2,438.00,433.00,95.00,272.00,1.0,-1,-1,-1
82,3,1343.00,466.00,79.00,196.00,1.0,-1,-1,-1
82,4,1682.00,263.00,204.00,592.00,1.0,-1,-1,-1
83,0,858.00,307.00,226.00,487.00,1.0,-1,-1,-1
83,1,1435.00,329.00,193.00,501.00,1.0,-1,-1,-1
83,2,443.00,432.00,89.00,273.00,1.0,-1,-1,-1
83,3,1342.00,466.00,80.00,196.00,1.0,-1,-1,-1
83,4,1682.00,259.00,204.00,597.00,1.0,-1,-1,-1
84,0,878.00,307.00,206.00,479.00,1.0,-1,-1,-1
84,1,1430.00,330.00,209.00,502.00,1.0,-1,-1,-1
84,2,446.00,432.00,83.00,273.00,1.0,-1,-1,-1
84,3,1342.00,467.00,80.00,195.00,1.0,-1,-1,-1
84,4,1681.00,256.00,207.00,601.00,1.0,-1,-1,-1
85,0,917.00,303.00,167.00,477.00,1.0,-1,-1,-1
85,1,1425.00,331.00,233.00,506.00,1.0,-1,-1,-1
85,2,449.00,432.00,86.00,273.00,1.0,-1,-1,-1
85,3,1342.00,466.00,80.00,196.00,1.0,-1,-1,-1
85,4,1677.00,251.00,212.00,606.00,1.0,-1,-1,-1
86,0,943.00,300.00,160.00,480.00,1.0,-1,-1,-1
86,1,1421.00,332.00,228.00,510.00,1.0,-1,-1,-1
86,2,450.00,432.00,93.00,273.00,1.0,-1,-1,-1
86,3,1342.00,467.00,80.00,195.00,1.0,-1,-1,-1
86,4,1676.00,247.00,213.00,610.00,1.0,-1,-1,-1
87,0,948.00,300.00,176.00,480.00,1.0,-1,-1,-1
87,1,1418.00,334.00,230.00,509.00,1.0,-1,-1,-1
87,2,452.00,432.00,100.00,273.00,1.0,-1,-1,-1
87,3,1341.00,467.00,81.00,195.00,1.0,-1,-1,-1
87,4,1676.00,245.00,212.00,612.00,1.0,-1,-1,-1
88,0,957.00,301.00,191.00,479.00,1.0,-1,-1,-1
88,1,1413.00,333.00,232.00,518.00,1.0,-1,-1,-1
88,2,454.00,432.00,111.00,273.00,1.0,-1,-1,-1
88,3,1341.00,466.00,81.00,196.00,1.0,-1,-1,-1
88,4,1675.00,242.00,210.00,615.00,1.0,-1,-1,-1
89,0,965.00,304.00,195.00,476.00,1.0,-1,-1,-1
89,1,1409.00,332.00,230.00,522.00,1.0,-1,-1,-1
89,2,456.00,314.00,576.00,391.00,1.0,-1,-1,-1
89,3,1341.00,466.00,81.00,196.00,1.0,-1,-1,-1
89,4,1673.00,240.00,212.00,617.00,1.0,-1,-1,-1
90,0,972.00,311.00,204.00,469.00,1.0,-1,-1,-1
90,1,1394.00,329.00,235.00,526.00,1.0,-1,-1,-1
90,2,460.00,434.00,113.00,272.00,1.0,-1,-1,-1
90,3,1341.00,466.00,80.00,196.00,1.0,-1,-1,-1
90,4,1670.00,240.00,213.00,617.00,1.0,-1,-1,-1
91,0,978.00,316.00,206.00,463.00,1.0,-1,-1,-1
91,1,1387.00,326.00,238.00,529.00,1.0,-1,-1,-1
91,2,462.00,434.00,108.00,272.00,1.0,-1,-1,-1
91,3,1341.00,466.00,75.00,196.00,1.0,-1,-1,-1
91,4,1667.00,240.00,214.00,621.00,1.0,-1,-1,-1
92,0,986.00,320.00,207.00,457.00,1.0,-1,-1,-1
92,1,1383.00,324.00,237.00,531.00,1.0,-1,-1,-1
92,2,464.00,434.00,102.00,272.00,1.0,-1,-1,-1
92,3,1341.00,466.00,75.00,196.00,1.0,-1,-1,-1
92,4,1664.00,240.00,215.00,626.00,1.0,-1,-1,-1
93,0,970.00,324.00,233.00,452.00,1.0,-1,-1,-1
93,1,1381.00,322.00,231.00,533.00,1.0,-1,-1,-1
93,2,467.00,433.00,97.00,275.00,1.0,-1,-1,-1
93,3,1341.00,466.00,75.00,196.00,1.0,-1,-1,-1
93,4,1647.00,241.00,230.00,628.00,1.0,-1,-1,-1
94,0,978.00,326.00,232.00,450.00,1.0,-1,-1,-1
94,1,1382.00,322.00,225.00,533.00,1.0,-1,-1,-1
94,2,468.00,432.00,96.00,276.00,1.0,-1,-1,-1
94,3,1341.00,467.00,75.00,195.00,1.0,-1,-1,-1
94,4,1636.00,243.00,243.00,629.00,1.0,-1,-1,-1
95,0,993.00,327.00,220.00,448.00,1.0,-1,-1,-1
95,1,1383.00,321.00,220.00,534.00,1.0,-1,-1,-1
95,2,470.00,431.00,94.00,277.00,1.0,-1,-1,-1
95,3,1341.00,466.00,75.00,196.00,1.0,-1,-1,-1
95,4,1635.00,243.00,238.00,632.00,1.0,-1,-1,-1
96,0,1018.00,325.00,200.00,446.00,1.0,-1,-1,-1
96,1,1385.00,320.00,211.00,535.00,1.0,-1,-1,-1
96,2,471.00,428.00,93.00,280.00,1.0,-1,-1,-1
96,3,1341.00,466.00,77.00,196.00,1.0,-1,-1,-1
96,4,1637.00,244.00,220.00,636.00,1.0,-1,-1,-1
96,5,330.00,473.00,85.00,235.00,1.0,-1,-1,-1
97,0,1029.00,325.00,191.00,436.00,1.0,-1,-1,-1
97,1,1386.00,319.00,205.00,537.00,1.0,-1,-1,-1
97,2,471.00,427.00,93.00,282.00,1.0,-1,-1,-1
97,3,1340.00,466.00,79.00,196.00,1.0,-1,-1,-1
97,4,1634.00,242.00,224.00,640.00,1.0,-1,-1,-1
97,5,327.00,472.00,87.00,239.00,1.0,-1,-1,-1
98,0,1060.00,321.00,161.00,433.00,1.0,-1,-1,-1
98,1,1383.00,318.00,204.00,548.00,1.0,-1,-1,-1
98,2,469.00,425.00,101.00,283.00,1.0,-1,-1,-1
98,3,1340.00,467.00,78.00,195.00,1.0,-1,-1,-1
98,4,1624.00,237.00,217.00,647.00,1.0,-1,-1,-1
98,5,328.00,470.00,85.00,241.00,1.0,-1,-1,-1
99,0,1058.00,320.00,162.00,433.00,1.0,-1,-1,-1
99,1,1380.00,318.00,202.00,554.00,1.0,-1,-1,-1
99,2,470.00,424.00,101.00,284.00,1.0,-1,-1,-1
99,3,1340.00,467.00,78.00,196.00,1.0,-1,-1,-1
99,4,1618.00,234.00,221.00,651.00,1.0,-1,-1,-1
99,5,328.00,467.00,84.00,245.00,1.0,-1,-1,-1
100,0,1080.00,319.00,140.00,433.00,1.0,-1,-1,-1
100,1,1377.00,319.00,202.00,553.00,1.0,-1,-1,-1
100,2,468.00,423.00,104.00,285.00,1.0,-1,-1,-1
100,3,1340.00,466.00,78.00,197.00,1.0,-1,-1,-1
100,4,1613.00,231.00,225.00,654.00,1.0,-1,-1,-1
100,5,328.00,461.00,86.00,251.00,1.0,-1,-1,-1
101,0,1090.00,321.00,139.00,431.00,1.0,-1,-1,-1
101,1,1373.00,320.00,202.00,555.00,1.0,-1,-1,-1
101,2,466.00,422.00,108.00,287.00,1.0,-1,-1,-1
101,3,1339.00,465.00,77.00,197.00,1.0,-1,-1,-1
101,4,1604.00,227.00,230.00,659.00,1.0,-1,-1,-1
101,5,328.00,462.00,86.00,250.00,1.0,-1,-1,-1
102,0,1099.00,322.00,156.00,430.00,1.0,-1,-1,-1
102,1,1370.00,321.00,174.00,556.00,1.0,-1,-1,-1
102,2,466.00,421.00,110.00,289.00,1.0,-1,-1,-1
102,3,1339.00,464.00,74.00,197.00,1.0,-1,-1,-1
102,4,1598.00,226.00,230.00,660.00,1.0,-1,-1,-1
102,5,328.00,460.00,90.00,252.00,1.0,-1,-1,-1
103,0,1114.00,328.00,172.00,424.00,1.0,-1,-1,-1
103,1,1366.00,322.00,168.00,564.00,1.0,-1,-1,-1
103,2,465.00,421.00,115.00,291.00,1.0,-1,-1,-1
103,3,1339.00,465.00,62.00,196.00,1.0,-1,-1,-1
103,4,1591.00,224.00,227.00,662.00,1.0,-1,-1,-1
103,5,329.00,460.00,90.00,251.00,1.0,-1,-1,-1
104,0,1116.00,331.00,183.00,420.00,1.0,-1,-1,-1
104,1,1358.00,321.00,176.00,570.00,1.0,-1,-1,-1
104,2,465.00,421.00,117.00,291.00,1.0,-1,-1,-1
104,3,1339.00,466.00,40.00,195.00,1.0,-1,-1,-1
104,4,1585.00,222.00,224.00,664.00,1.0,-1,-1,-1
104,5,329.00,460.00,95.00,251.00,1.0,-1,-1,-1
105,0,1117.00,335.00,189.00,415.00,1.0,-1,-1,-1
105,1,1349.00,318.00,185.00,573.00,1.0,-1,-1,-1
105,2,464.00,421.00,118.00,291.00,1.0,-1,-1,-1
105,3,1339.00,466.00,40.00,196.00,1.0,-1,-1,-1
105,4,1580.00,220.00,221.00,666.00,1.0,-1,-1,-1
105,5,329.00,458.00,101.00,253.00,1.0,-1,-1,-1
106,0,1119.00,338.00,189.00,411.00,1.0,-1,-1,-1
106,1,1335.00,312.00,217.00,580.00,1.0,-1,-1,-1
106,2,466.00,422.00,116.00,291.00,1.0,-1,-1,-1
106,3,1338.00,466.00,41.00,196.00,1.0,-1,-1,-1
106,4,1574.00,219.00,222.00,672.00,1.0,-1,-1,-1
106,5,331.00,458.00,101.00,254.00,1.0,-1,-1,-1
107,0,1123.00,339.00,185.00,408.00,1.0,-1,-1,-1
107,1,1325.00,307.00,224.00,585.00,1.0,-1,-1,-1
107,2,468.00,423.00,113.00,290.00,1.0,-1,-1,-1
107,3,0.00,0.00,0.00,0.00,1.0,-1,-1,-1
107,4,1571.00,218.00,219.00,682.00,1.0,-1,-1,-1
107,5,331.00,463.00,101.00,249.00,1.0,-1,-1,-1
108,0,1135.00,338.00,174.00,406.00,1.0,-1,-1,-1
108,1,1303.00,304.00,208.00,586.00,1.0,-1,-1,-1
108,2,470.00,424.00,109.00,291.00,1.0,-1,-1,-1
108,3,0.00,0.00,0.00,0.00,1.0,-1,-1,-1
108,4,1563.00,217.00,220.00,691.00,1.0,-1,-1,-1
108,5,334.00,461.00,98.00,251.00,1.0,-1,-1,-1
109,0,1148.00,338.00,161.00,399.00,1.0,-1,-1,-1
109,1,1290.00,301.00,249.00,591.00,1.0,-1,-1,-1
109,2,470.00,424.00,107.00,292.00,1.0,-1,-1,-1
109,3,0.00,0.00,0.00,0.00,1.0,-1,-1,-1
109,4,1559.00,217.00,221.00,694.00,1.0,-1,-1,-1
109,5,337.00,462.00,94.00,252.00,1.0,-1,-1,-1
110,0,1167.00,335.00,142.00,398.00,1.0,-1,-1,-1
110,1,1284.00,299.00,252.00,594.00,1.0,-1,-1,-1
110,2,472.00,423.00,104.00,295.00,1.0,-1,-1,-1
110,3,0.00,0.00,0.00,0.00,1.0,-1,-1,-1
110,4,1556.00,217.00,221.00,693.00,1.0,-1,-1,-1
110,5,339.00,458.00,93.00,259.00,1.0,-1,-1,-1
111,0,1180.00,331.00,132.00,402.00,1.0,-1,-1,-1
111,1,1272.00,296.00,255.00,596.00,1.0,-1,-1,-1
111,2,472.00,421.00,101.00,299.00,1.0,-1,-1,-1
111,3,0.00,0.00,0.00,0.00,1.0,-1,-1,-1
111,4,1550.00,218.00,222.00,691.00,1.0,-1,-1,-1
111,5,338.00,456.00,94.00,262.00,1.0,-1,-1,-1
112,0,1183.00,331.00,131.00,402.00,1.0,-1,-1,-1
112,1,1269.00,295.00,258.00,598.00,1.0,-1,-1,-1
112,2,471.00,420.00,100.00,300.00,1.0,-1,-1,-1
112,3,0.00,0.00,0.00,0.00,1.0,-1,-1,-1
112,4,1546.00,218.00,221.00,694.00,1.0,-1,-1,-1
112,5,339.00,455.00,93.00,263.00,1.0,-1,-1,-1
113,0,1187.00,332.00,130.00,401.00,1.0,-1,-1,-1
113,1,1268.00,294.00,249.00,607.00,1.0,-1,-1,-1
113,2,470.00,418.00,100.00,302.00,1.0,-1,-1,-1
113,3,0.00,0.00,0.00,0.00,1.0,-1,-1,-1
113,4,1539.00,219.00,225.00,702.00,1.0,-1,-1,-1
113,5,350.00,455.00,83.00,263.00,1.0,-1,-1,-1
114,0,1187.00,335.00,131.00,398.00,1.0,-1,-1,-1
114,1,1267.00,294.00,242.00,606.00,1.0,-1,-1,-1
114,2,469.00,417.00,98.00,303.00,1.0,-1,-1,-1
114,3,0.00,0.00,0.00,0.00,1.0,-1,-1,-1
114,4,1534.00,219.00,227.00,706.00,1.0,-1,-1,-1
114,5,336.00,452.00,98.00,266.00,1.0,-1,-1,-1
115,0,1185.00,338.00,131.00,394.00,1.0,-1,-1,-1
115,1,1263.00,295.00,236.00,608.00,1.0,-1,-1,-1
115,2,468.00,416.00,97.00,304.00,1.0,-1,-1,-1
115,3,0.00,0.00,0.00,0.00,1.0,-1,-1,-1
115,4,1529.00,218.00,225.00,713.00,1.0,-1,-1,-1
115,5,343.00,450.00,91.00,268.00,1.0,-1,-1,-1
116,0,1181.00,344.00,136.00,388.00,1.0,-1,-1,-1
116,1,1251.00,297.00,245.00,614.00,1.0,-1,-1,-1
116,2,467.00,414.00,97.00,306.00,1.0,-1,-1,-1
116,3,0.00,0.00,0.00,0.00,1.0,-1,-1,-1
116,4,1524.00,214.00,225.00,723.00,1.0,-1,-1,-1
116,5,347.00,451.00,87.00,267.00,1.0,-1,-1,-1
117,0,1183.00,349.00,134.00,382.00,1.0,-1,-1,-1
117,1,1251.00,298.00,239.00,622.00,1.0,-1,-1,-1
117,2,466.00,413.00,97.00,307.00,1.0,-1,-1,-1
117,3,0.00,0.00,0.00,0.00,1.0,-1,-1,-1
117,4,1520.00,209.00,224.00,732.00,1.0,-1,-1,-1
117,5,349.00,451.00,85.00,269.00,1.0,-1,-1,-1
118,0,1189.00,358.00,122.00,366.00,1.0,-1,-1,-1
118,1,1246.00,299.00,231.00,626.00,1.0,-1,-1,-1
118,2,464.00,412.00,99.00,308.00,1.0,-1,-1,-1
118,3,0.00,0.00,0.00,0.00,1.0,-1,-1,-1
118,4,1512.00,201.00,226.00,741.00,1.0,-1,-1,-1
118,5,349.00,451.00,85.00,271.00,1.0,-1,-1,-1
119,0,1196.00,365.00,106.00,346.00,1.0,-1,-1,-1
119,1,1236.00,299.00,234.00,636.00,1.0,-1,-1,-1
119,2,462.00,412.00,101.00,308.00,1.0,-1,-1,-1
119,3,0.00,0.00,0.00,0.00,1.0,-1,-1,-1
119,4,1506.00,198.00,230.00,745.00,1.0,-1,-1,-1
119,5,349.00,453.00,86.00,269.00,1.0,-1,-1,-1
120,0,1206.00,387.00,90.00,177.00,1.0,-1,-1,-1
120,1,1221.00,297.00,246.00,641.00,1.0,-1,-1,-1
120,2,461.00,411.00,102.00,308.00,1.0,-1,-1,-1
120,3,0.00,0.00,0.00,0.00,1.0,-1,-1,-1
120,4,1502.00,193.00,232.00,750.00,1.0,-1,-1,-1
120,5,337.00,453.00,97.00,269.00,1.0,-1,-1,-1
121,0,0.00,0.00,0.00,0.00,1.0,-1,-1,-1
121,1,1196.00,293.00,266.00,646.00,1.0,-1,-1,-1
121,2,459.00,411.00,102.00,310.00,1.0,-1,-1,-1
121,3,0.00,0.00,0.00,0.00,1.0,-1,-1,-1
121,4,1495.00,188.00,234.00,756.00,1.0,-1,-1,-1
121,5,343.00,455.00,91.00,271.00,1.0,-1,-1,-1
122,0,0.00,0.00,0.00,0.00,1.0,-1,-1,-1
122,1,1179.00,288.00,276.00,651.00,1.0,-1,-1,-1
122,2,457.00,411.00,104.00,311.00,1.0,-1,-1,-1
122,3,0.00,0.00,0.00,0.00,1.0,-1,-1,-1
122,4,1490.00,184.00,237.00,760.00,1.0,-1,-1,-1
122,5,336.00,455.00,96.00,274.00,1.0,-1,-1,-1
123,0,1320.00,332.00,27.00,40.00,1.0,-1,-1,-1
123,1,1157.00,284.00,283.00,655.00,1.0,-1,-1,-1
123,2,456.00,412.00,105.00,311.00,1.0,-1,-1,-1
123,3,0.00,0.00,0.00,0.00,1.0,-1,-1,-1
123,4,1483.00,180.00,238.00,764.00,1.0,-1,-1,-1
123,5,339.00,453.00,93.00,277.00,1.0,-1,-1,-1
124,0,1313.00,329.00,35.00,42.00,1.0,-1,-1,-1
124,1,1143.00,279.00,288.00,660.00,1.0,-1,-1,-1
124,2,456.00,412.00,104.00,311.00,1.0,-1,-1,-1
124,3,0.00,0.00,0.00,0.00,1.0,-1,-1,-1
124,4,1479.00,178.00,244.00,766.00,1.0,-1,-1,-1
124,5,333.00,449.00,99.00,281.00,1.0,-1,-1,-1
125,0,1315.00,346.00,39.00,23.00,1.0,-1,-1,-1
125,1,1132.00,277.00,288.00,663.00,1.0,-1,-1,-1
125,2,455.00,413.00,103.00,312.00,1.0,-1,-1,-1
125,3,1399.00,638.00,23.00,27.00,1.0,-1,-1,-1
125,4,1475.00,176.00,242.00,769.00,1.0,-1,-1,-1
125,5,333.00,446.00,97.00,285.00,1.0,-1,-1,-1
126,0,1314.00,349.00,100.00,359.00,1.0,-1,-1,-1
126,1,1121.00,277.00,290.00,662.00,1.0,-1,-1,-1
126,2,455.00,412.00,104.00,315.00,1.0,-1,-1,-1
126,3,1391.00,525.00,35.00,140.00,1.0,-1,-1,-1
126,4,1467.00,175.00,245.00,769.00,1.0,-1,-1,-1
126,5,329.00,445.00,102.00,285.00,1.0,-1,-1,-1
127,0,1308.00,351.00,122.00,355.00,1.0,-1,-1,-1
127,1,1119.00,276.00,283.00,663.00,1.0,-1,-1,-1
127,2,455.00,411.00,104.00,317.00,1.0,-1,-1,-1
127,3,1402.00,632.00,21.00,33.00,1.0,-1,-1,-1
127,4,1453.00,174.00,261.00,779.00,1.0,-1,-1,-1
127,5,327.00,443.00,107.00,287.00,1.0,-1,-1,-1
128,0,1342.00,355.00,105.00,347.00,1.0,-1,-1,-1
128,1,1123.00,275.00,277.00,684.00,1.0,-1,-1,-1
128,2,456.00,408.00,100.00,321.00,1.0,-1,-1,-1
128,3,0.00,0.00,0.00,0.00,1.0,-1,-1,-1
128,4,1420.00,173.00,288.00,786.00,1.0,-1,-1,-1
128,5,327.00,438.00,110.00,292.00,1.0,-1,-1,-1
129,0,1345.00,359.00,108.00,340.00,1.0,-1,-1,-1
129,1,1129.00,274.00,258.00,689.00,1.0,-1,-1,-1
129,2,457.00,407.00,97.00,321.00,1.0,-1,-1,-1
129,3,1362.00,637.00,20.00,30.00,1.0,-1,-1,-1
129,4,1399.00,173.00,304.00,787.00,1.0,-1,-1,-1
129,5,327.00,438.00,112.00,292.00,1.0,-1,-1,-1
130,0,1350.00,361.00,105.00,338.00,1.0,-1,-1,-1
130,1,1136.00,274.00,245.00,692.00,1.0,-1,-1,-1
130,2,457.00,405.00,98.00,323.00,1.0,-1,-1,-1
130,3,1360.00,644.00,20.00,22.00,1.0,-1,-1,-1
130,4,1384.00,173.00,308.00,790.00,1.0,-1,-1,-1
130,5,328.00,438.00,111.00,292.00,1.0,-1,-1,-1
131,0,1354.00,363.00,99.00,336.00,1.0,-1,-1,-1
131,1,1128.00,275.00,247.00,694.00,1.0,-1,-1,-1
131,2,455.00,405.00,101.00,324.00,1.0,-1,-1,-1
131,3,1356.00,645.00,24.00,20.00,1.0,-1,-1,-1
131,4,1379.00,175.00,300.00,801.00,1.0,-1,-1,-1
131,5,327.00,439.00,115.00,293.00,1.0,-1,-1,-1
132,0,1355.00,364.00,96.00,335.00,1.0,-1,-1,-1
132,1,1123.00,275.00,246.00,702.00,1.0,-1,-1,-1
132,2,455.00,404.00,100.00,324.00,1.0,-1,-1,-1
132,3,1348.00,643.00,43.00,21.00,1.0,-1,-1,-1
132,4,1383.00,173.00,291.00,806.00,1.0,-1,-1,-1
132,5,328.00,439.00,115.00,294.00,1.0,-1,-1,-1
133,0,1329.00,366.00,113.00,339.00,1.0,-1,-1,-1
133,1,1115.00,275.00,248.00,715.00,1.0,-1,-1,-1
133,2,455.00,402.00,99.00,327.00,1.0,-1,-1,-1
133,3,0.00,0.00,0.00,0.00,1.0,-1,-1,-1
133,4,1384.00,170.00,276.00,815.00,1.0,-1,-1,-1
133,5,328.00,440.00,114.00,295.00,1.0,-1,-1,-1
134,0,1335.00,383.00,101.00,319.00,1.0,-1,-1,-1
134,1,1109.00,274.00,250.00,727.00,1.0,-1,-1,-1
134,2,455.00,403.00,99.00,326.00,1.0,-1,-1,-1
134,3,0.00,0.00,0.00,0.00,1.0,-1,-1,-1
134,4,1383.00,165.00,270.00,823.00,1.0,-1,-1,-1
134,5,328.00,439.00,114.00,298.00,1.0,-1,-1,-1
135,0,1348.00,410.00,80.00,289.00,1.0,-1,-1,-1
135,1,1103.00,271.00,249.00,731.00,1.0,-1,-1,-1
135,2,454.00,402.00,100.00,327.00,1.0,-1,-1,-1
135,3,0.00,0.00,0.00,0.00,1.0,-1,-1,-1
135,4,1381.00,159.00,263.00,832.00,1.0,-1,-1,-1
135,5,328.00,437.00,113.00,300.00,1.0,-1,-1,-1
135,6,0.00,420.00,105.00,511.00,1.0,-1,-1,-1
136,0,1345.00,432.00,65.00,265.00,1.0,-1,-1,-1
136,1,1086.00,265.00,259.00,737.00,1.0,-1,-1,-1
136,2,454.00,401.00,103.00,328.00,1.0,-1,-1,-1
136,3,0.00,0.00,0.00,0.00,1.0,-1,-1,-1
136,4,1365.00,154.00,275.00,839.00,1.0,-1,-1,-1
136,5,328.00,436.00,112.00,301.00,1.0,-1,-1,-1
136,6,0.00,418.00,125.00,511.00,1.0,-1,-1,-1
137,0,1382.00,573.00,23.00,122.00,1.0,-1,-1,-1
137,1,1074.00,259.00,266.00,743.00,1.0,-1,-1,-1
137,2,453.00,401.00,104.00,331.00,1.0,-1,-1,-1
137,3,0.00,0.00,0.00,0.00,1.0,-1,-1,-1
137,4,1355.00,150.00,283.00,846.00,1.0,-1,-1,-1
137,5,328.00,433.00,114.00,305.00,1.0,-1,-1,-1
137,6,0.00,419.00,162.00,504.00,1.0,-1,-1,-1
138,0,0.00,0.00,0.00,0.00,1.0,-1,-1,-1
138,1,1063.00,254.00,265.00,748.00,1.0,-1,-1,-1
138,2,452.00,402.00,107.00,332.00,1.0,-1,-1,-1
138,3,1371.00,558.00,21.00,105.00,1.0,-1,-1,-1
138,4,1344.00,147.00,286.00,850.00,1.0,-1,-1,-1
138,5,326.00,428.00,115.00,309.00,1.0,-1,-1,-1
138,6,0.00,299.00,190.00,620.00,1.0,-1,-1,-1
139,0,0.00,0.00,0.00,0.00,1.0,-1,-1,-1
139,1,1039.00,250.00,284.00,752.00,1.0,-1,-1,-1
139,2,452.00,401.00,107.00,332.00,1.0,-1,-1,-1
139,3,0.00,0.00,0.00,0.00,1.0,-1,-1,-1
139,4,1330.00,144.00,293.00,854.00,1.0,-1,-1,-1
139,5,325.00,426.00,116.00,311.00,1.0,-1,-1,-1
139,6,0.00,289.00,196.00,630.00,1.0,-1,-1,-1
140,0,0.00,0.00,0.00,0.00,1.0,-1,-1,-1
140,1,1018.00,246.00,301.00,755.00,1.0,-1,-1,-1
140,2,450.00,402.00,110.00,331.00,1.0,-1,-1,-1
140,3,0.00,0.00,0.00,0.00,1.0,-1,-1,-1
140,4,1323.00,141.00,290.00,857.00,1.0,-1,-1,-1
140,5,324.00,424.00,116.00,313.00,1.0,-1,-1,-1
140,6,0.00,278.00,199.00,641.00,1.0,-1,-1,-1
141,0,0.00,0.00,0.00,0.00,1.0,-1,-1,-1
141,1,998.00,241.00,312.00,760.00,1.0,-1,-1,-1
141,2,9.00,10.00,551.00,723.00,1.0,-1,-1,-1
141,3,0.00,0.00,0.00,0.00,1.0,-1,-1,-1
141,4,1311.00,137.00,284.00,861.00,1.0,-1,-1,-1
141,5,318.00,422.00,120.00,316.00,1.0,-1,-1,-1
141,6,0.00,276.00,201.00,643.00,1.0,-1,-1,-1
142,0,0.00,0.00,0.00,0.00,1.0,-1,-1,-1
142,1,986.00,239.00,319.00,762.00,1.0,-1,-1,-1
142,2,448.00,402.00,112.00,335.00,1.0,-1,-1,-1
142,3,0.00,0.00,0.00,0.00,1.0,-1,-1,-1
142,4,1303.00,134.00,282.00,865.00,1.0,-1,-1,-1
142,5,317.00,422.00,121.00,318.00,1.0,-1,-1,-1
142,6,0.00,276.00,201.00,643.00,1.0,-1,-1,-1
143,0,0.00,0.00,0.00,0.00,1.0,-1,-1,-1
143,1,968.00,237.00,330.00,773.00,1.0,-1,-1,-1
143,2,446.00,404.00,114.00,337.00,1.0,-1,-1,-1
143,3,0.00,0.00,0.00,0.00,1.0,-1,-1,-1
143,4,1287.00,132.00,291.00,880.00,1.0,-1,-1,-1
143,5,314.00,423.00,123.00,319.00,1.0,-1,-1,-1
143,6,0.00,276.00,214.00,643.00,1.0,-1,-1,-1
144,0,0.00,0.00,0.00,0.00,1.0,-1,-1,-1
144,1,956.00,236.00,337.00,777.00,1.0,-1,-1,-1
144,2,446.00,404.00,114.00,339.00,1.0,-1,-1,-1
144,3,0.00,0.00,0.00,0.00,1.0,-1,-1,-1
144,4,1284.00,131.00,290.00,896.00,1.0,-1,-1,-1
144,5,312.00,424.00,125.00,319.00,1.0,-1,-1,-1
144,6,0.00,276.00,221.00,655.00,1.0,-1,-1,-1
145,0,0.00,0.00,0.00,0.00,1.0,-1,-1,-1
145,1,947.00,234.00,338.00,785.00,1.0,-1,-1,-1
145,2,446.00,402.00,115.00,343.00,1.0,-1,-1,-1
145,3,0.00,0.00,0.00,0.00,1.0,-1,-1,-1
145,4,1275.00,130.00,295.00,909.00,1.0,-1,-1,-1
145,5,310.00,424.00,127.00,323.00,1.0,-1,-1,-1
145,6,0.00,276.00,229.00,648.00,1.0,-1,-1,-1
146,0,0.00,0.00,0.00,0.00,1.0,-1,-1,-1
146,1,940.00,234.00,334.00,796.00,1.0,-1,-1,-1
146,2,445.00,402.00,118.00,344.00,1.0,-1,-1,-1
146,3,0.00,0.00,0.00,0.00,1.0,-1,-1,-1
146,4,1263.00,129.00,300.00,917.00,1.0,-1,-1,-1
146,5,308.00,424.00,127.00,328.00,1.0,-1,-1,-1
146,6,39.00,277.00,199.00,642.00,1.0,-1,-1,-1
147,0,0.00,0.00,0.00,0.00,1.0,-1,-1,-1
147,1,940.00,236.00,324.00,804.00,1.0,-1,-1,-1
147,2,445.00,402.00,121.00,344.00,1.0,-1,-1,-1
147,3,0.00,0.00,0.00,0.00,1.0,-1,-1,-1
147,4,1255.00,129.00,302.00,919.00,1.0,-1,-1,-1
147,5,308.00,423.00,126.00,330.00,1.0,-1,-1,-1
147,6,55.00,280.00,196.00,639.00,1.0,-1,-1,-1
148,0,0.00,0.00,0.00,0.00,1.0,-1,-1,-1
148,1,938.00,239.00,313.00,813.00,1.0,-1,-1,-1
148,2,445.00,400.00,126.00,346.00,1.0,-1,-1,-1
148,3,0.00,0.00,0.00,0.00,1.0,-1,-1,-1
148,4,1243.00,128.00,306.00,925.00,1.0,-1,-1,-1
148,5,307.00,419.00,125.00,334.00,1.0,-1,-1,-1
148,6,79.00,283.00,238.00,636.00,1.0,-1,-1,-1
149,0,0.00,0.00,0.00,0.00,1.0,-1,-1,-1
149,1,930.00,241.00,308.00,818.00,1.0,-1,-1,-1
149,2,445.00,399.00,127.00,347.00,1.0,-1,-1,-1
149,3,1284.00,440.00,45.00,206.00,1.0,-1,-1,-1
149,4,1238.00,127.00,305.00,933.00,1.0,-1,-1,-1
149,5,305.00,418.00,127.00,335.00,1.0,-1,-1,-1
149,6,92.00,286.00,276.00,632.00,1.0,-1,-1,-1
150,0,1494.00,481.00,55.00,201.00,1.0,-1,-1,-1
150,1,917.00,241.00,318.00,830.00,1.0,-1,-1,-1
150,2,446.00,396.00,126.00,350.00,1.0,-1,-1,-1
150,3,1282.00,438.00,39.00,207.00,1.0,-1,-1,-1
150,4,1232.00,125.00,308.00,943.00,1.0,-1,-1,-1
150,5,304.00,418.00,128.00,336.00,1.0,-1,-1,-1
150,6,93.00,289.00,314.00,629.00,1.0,-1,-1,-1
151,0,1496.00,452.00,52.00,229.00,1.0,-1,-1,-1
151,1,895.00,236.00,336.00,841.00,1.0,-1,-1,-1
151,2,448.00,394.00,124.00,353.00,1.0,-1,-1,-1
151,3,0.00,0.00,0.00,0.00,1.0,-1,-1,-1
151,4,1223.00,122.00,306.00,958.00,1.0,-1,-1,-1
151,5,301.00,415.00,130.00,339.00,1.0,-1,-1,-1
151,6,93.00,293.00,349.00,624.00,1.0,-1,-1,-1
152,0,1471.00,436.00,90.00,247.00,1.0,-1,-1,-1
152,1,879.00,234.00,350.00,841.00,1.0,-1,-1,-1
152,2,449.00,393.00,123.00,353.00,1.0,-1,-1,-1
152,3,0.00,0.00,0.00,0.00,1.0,-1,-1,-1
152,4,1215.00,117.00,308.00,963.00,1.0,-1,-1,-1
152,5,301.00,415.00,130.00,329.00,1.0,-1,-1,-1
152,6,93.00,298.00,361.00,616.00,1.0,-1,-1,-1
153,0,1464.00,387.00,115.00,299.00,1.0,-1,-1,-1
153,1,852.00,225.00,363.00,850.00,1.0,-1,-1,-1
153,2,451.00,393.00,123.00,354.00,1.0,-1,-1,-1
153,3,0.00,0.00,0.00,0.00,1.0,-1,-1,-1
153,4,1205.00,108.00,308.00,972.00,1.0,-1,-1,-1
153,5,327.00,414.00,105.00,334.00,1.0,-1,-1,-1
153,6,99.00,301.00,361.00,612.00,1.0,-1,-1,-1
154,0,1462.00,378.00,122.00,307.00,1.0,-1,-1,-1
154,1,834.00,221.00,365.00,854.00,1.0,-1,-1,-1
154,2,452.00,393.00,123.00,354.00,1.0,-1,-1,-1
154,3,0.00,0.00,0.00,0.00,1.0,-1,-1,-1
154,4,1196.00,101.00,313.00,979.00,1.0,-1,-1,-1
154,5,343.00,413.00,89.00,335.00,1.0,-1,-1,-1
154,6,110.00,301.00,353.00,612.00,1.0,-1,-1,-1
155,0,1460.00,379.00,127.00,306.00,1.0,-1,-1,-1
155,1,813.00,218.00,371.00,857.00,1.0,-1,-1,-1
155,2,454.00,393.00,122.00,357.00,1.0,-1,-1,-1
155,3,0.00,0.00,0.00,0.00,1.0,-1,-1,-1
155,4,1187.00,95.00,319.00,985.00,1.0,-1,-1,-1
155,5,340.00,413.00,92.00,340.00,1.0,-1,-1,-1
155,6,124.00,300.00,339.00,611.00,1.0,-1,-1,-1
156,0,1461.00,381.00,126.00,303.00,1.0,-1,-1,-1
156,1,781.00,214.00,378.00,862.00,1.0,-1,-1,-1
156,2,456.00,391.00,136.00,358.00,1.0,-1,-1,-1
156,3,0.00,0.00,0.00,0.00,1.0,-1,-1,-1
156,4,1171.00,86.00,331.00,994.00,1.0,-1,-1,-1
156,5,338.00,414.00,95.00,339.00,1.0,-1,-1,-1
156,6,156.00,298.00,307.00,602.00,1.0,-1,-1,-1
157,0,1463.00,380.00,124.00,303.00,1.0,-1,-1,-1
157,1,766.00,211.00,378.00,865.00,1.0,-1,-1,-1
157,2,457.00,392.00,138.00,359.00,1.0,-1,-1,-1
157,3,0.00,0.00,0.00,0.00,1.0,-1,-1,-1
157,4,1162.00,79.00,336.00,1001.00,1.0,-1,-1,-1
157,5,355.00,418.00,92.00,332.00,1.0,-1,-1,-1
157,6,191.00,297.00,272.00,595.00,1.0,-1,-1,-1
158,0,1470.00,379.00,118.00,302.00,1.0,-1,-1,-1
158,1,746.00,206.00,384.00,874.00,1.0,-1,-1,-1
158,2,462.00,394.00,129.00,360.00,1.0,-1,-1,-1
158,3,0.00,0.00,0.00,0.00,1.0,-1,-1,-1
158,4,1149.00,71.00,343.00,1009.00,1.0,-1,-1,-1
158,5,337.00,445.00,125.00,271.00,1.0,-1,-1,-1
158,6,245.00,294.00,218.00,598.00,1.0,-1,-1,-1
159,0,1479.00,379.00,115.00,296.00,1.0,-1,-1,-1
159,1,744.00,204.00,377.00,876.00,1.0,-1,-1,-1
159,2,464.00,393.00,125.00,364.00,1.0,-1,-1,-1
159,3,0.00,0.00,0.00,0.00,1.0,-1,-1,-1
159,4,1142.00,66.00,345.00,1014.00,1.0,-1,-1,-1
159,5,338.00,630.00,33.00,100.00,1.0,-1,-1,-1
159,6,283.00,293.00,181.00,599.00,1.0,-1,-1,-1
160,0,1479.00,377.00,120.00,297.00,1.0,-1,-1,-1
160,1,753.00,202.00,359.00,878.00,1.0,-1,-1,-1
160,2,467.00,394.00,122.00,367.00,1.0,-1,-1,-1
160,3,0.00,0.00,0.00,0.00,1.0,-1,-1,-1
160,4,1132.00,62.00,351.00,1018.00,1.0,-1,-1,-1
160,5,333.00,629.00,45.00,88.00,1.0,-1,-1,-1
160,6,314.00,294.00,176.00,598.00,1.0,-1,-1,-1
161,0,1481.00,375.00,126.00,299.00,1.0,-1,-1,-1
161,1,777.00,201.00,321.00,879.00,1.0,-1,-1,-1
161,2,482.00,394.00,107.00,368.00,1.0,-1,-1,-1
161,3,0.00,0.00,0.00,0.00,1.0,-1,-1,-1
161,4,1120.00,57.00,355.00,1023.00,1.0,-1,-1,-1
161,5,336.00,440.00,53.00,246.00,1.0,-1,-1,-1
161,6,343.00,297.00,195.00,594.00,1.0,-1,-1,-1
162,0,1486.00,374.00,127.00,300.00,1.0,-1,-1,-1
162,1,783.00,202.00,304.00,878.00,1.0,-1,-1,-1
162,2,486.00,393.00,106.00,369.00,1.0,-1,-1,-1
162,3,0.00,0.00,0.00,0.00,1.0,-1,-1,-1
162,4,1112.00,54.00,358.00,1026.00,1.0,-1,-1,-1
162,5,339.00,439.00,63.00,313.00,1.0,-1,-1,-1
162,6,355.00,299.00,215.00,592.00,1.0,-1,-1,-1
163,0,1487.00,375.00,133.00,299.00,1.0,-1,-1,-1
163,1,767.00,202.00,305.00,878.00,1.0,-1,-1,-1
163,2,503.00,392.00,97.00,371.00,1.0,-1,-1,-1
163,3,0.00,0.00,0.00,0.00,1.0,-1,-1,-1
163,4,1097.00,50.00,364.00,1030.00,1.0,-1,-1,-1
163,5,353.00,434.00,66.00,317.00,1.0,-1,-1,-1
163,6,366.00,304.00,243.00,587.00,1.0,-1,-1,-1
164,0,1486.00,377.00,136.00,297.00,1.0,-1,-1,-1
164,1,759.00,203.00,303.00,877.00,1.0,-1,-1,-1
164,2,512.00,391.00,93.00,372.00,1.0,-1,-1,-1
164,3,0.00,0.00,0.00,0.00,1.0,-1,-1,-1
164,4,1087.00,49.00,367.00,1031.00,1.0,-1,-1,-1
164,5,393.00,625.00,37.00,102.00,1.0,-1,-1,-1
164,6,367.00,308.00,264.00,582.00,1.0,-1,-1,-1
165,0,1489.00,380.00,135.00,294.00,1.0,-1,-1,-1
165,1,744.00,204.00,309.00,876.00,1.0,-1,-1,-1
165,2,498.00,392.00,113.00,371.00,1.0,-1,-1,-1
165,3,1428.00,505.00,29.00,169.00,1.0,-1,-1,-1
165,4,1075.00,48.00,370.00,1032.00,1.0,-1,-1,-1
165,5,361.00,408.00,73.00,335.00,1.0,-1,-1,-1
165,6,368.00,312.00,282.00,576.00,1.0,-1,-1,-1
166,0,1495.00,385.00,135.00,288.00,1.0,-1,-1,-1
166,1,726.00,200.00,319.00,880.00,1.0,-1,-1,-1
166,2,509.00,391.00,111.00,364.00,1.0,-1,-1,-1
166,3,1418.00,491.00,41.00,184.00,1.0,-1,-1,-1
166,4,1025.00,45.00,409.00,1035.00,1.0,-1,-1,-1
166,5,330.00,406.00,109.00,398.00,1.0,-1,-1,-1
166,6,372.00,316.00,299.00,571.00,1.0,-1,-1,-1
167,0,1496.00,387.00,138.00,286.00,1.0,-1,-1,-1
167,1,710.00,193.00,332.00,887.00,1.0,-1,-1,-1
167,2,513.00,389.00,114.00,370.00,1.0,-1,-1,-1
167,3,1409.00,489.00,51.00,186.00,1.0,-1,-1,-1
167,4,1045.00,44.00,378.00,1036.00,1.0,-1,-1,-1
167,5,331.00,410.00,124.00,356.00,1.0,-1,-1,-1
167,6,381.00,317.00,299.00,569.00,1.0,-1,-1,-1
168,0,1499.00,388.00,139.00,285.00,1.0,-1,-1,-1
168,1,685.00,181.00,344.00,899.00,1.0,-1,-1,-1
168,2,527.00,508.00,105.00,258.00,1.0,-1,-1,-1
168,3,1392.00,449.00,72.00,226.00,1.0,-1,-1,-1
168,4,1025.00,40.00,385.00,1040.00,1.0,-1,-1,-1
168,5,332.00,465.00,98.00,303.00,1.0,-1,-1,-1
168,6,412.00,316.00,277.00,567.00,1.0,-1,-1,-1
169,0,1501.00,389.00,140.00,283.00,1.0,-1,-1,-1
169,1,652.00,171.00,360.00,909.00,1.0,-1,-1,-1
169,2,513.00,515.00,124.00,255.00,1.0,-1,-1,-1
169,3,1397.00,445.00,70.00,230.00,1.0,-1,-1,-1
169,4,1013.00,34.00,391.00,1046.00,1.0,-1,-1,-1
169,5,336.00,457.00,93.00,310.00,1.0,-1,-1,-1
169,6,432.00,317.00,232.00,555.00,1.0,-1,-1,-1
170,0,1507.00,389.00,136.00,283.00,1.0,-1,-1,-1
170,1,615.00,165.00,372.00,915.00,1.0,-1,-1,-1
170,2,535.00,537.00,103.00,189.00,1.0,-1,-1,-1
170,3,1399.00,449.00,71.00,226.00,1.0,-1,-1,-1
170,4,1003.00,27.00,395.00,1053.00,1.0,-1,-1,-1
170,5,338.00,458.00,75.00,272.00,1.0,-1,-1,-1
170,6,461.00,316.00,198.00,543.00,1.0,-1,-1,-1
171,0,1516.00,388.00,130.00,278.00,1.0,-1,-1,-1
171,1,574.00,157.00,385.00,923.00,1.0,-1,-1,-1
171,2,499.00,451.00,90.00,304.00,1.0,-1,-1,-1
171,3,1390.00,449.00,84.00,226.00,1.0,-1,-1,-1
171,4,989.00,14.00,404.00,1066.00,1.0,-1,-1,-1
171,5,341.00,414.00,95.00,334.00,1.0,-1,-1,-1
171,6,512.00,316.00,147.00,536.00,1.0,-1,-1,-1
172,0,1521.00,387.00,126.00,277.00,1.0,-1,-1,-1
172,1,557.00,152.00,389.00,928.00,1.0,-1,-1,-1
172,2,509.00,397.00,70.00,434.00,1.0,-1,-1,-1
172,3,1391.00,449.00,85.00,226.00,1.0,-1,-1,-1
172,4,979.00,7.00,410.00,1073.00,1.0,-1,-1,-1
172,5,343.00,411.00,106.00,364.00,1.0,-1,-1,-1
172,6,536.00,315.00,131.00,537.00,1.0,-1,-1,-1
173,0,1529.00,385.00,120.00,278.00,1.0,-1,-1,-1
173,1,545.00,145.00,381.00,935.00,1.0,-1,-1,-1
173,2,528.00,385.00,58.00,445.00,1.0,-1,-1,-1
173,3,1406.00,448.00,72.00,227.00,1.0,-1,-1,-1
173,4,964.00,0.00,417.00,1080.00,1.0,-1,-1,-1
173,5,345.00,411.00,118.00,358.00,1.0,-1,-1,-1
173,6,557.00,315.00,94.00,538.00,1.0,-1,-1,-1
174,0,1533.00,385.00,116.00,279.00,1.0,-1,-1,-1
174,1,538.00,142.00,374.00,938.00,1.0,-1,-1,-1
174,2,539.00,385.00,50.00,380.00,1.0,-1,-1,-1
174,3,1409.00,449.00,70.00,226.00,1.0,-1,-1,-1
174,4,955.00,0.00,416.00,1080.00,1.0,-1,-1,-1
174,5,348.00,412.00,121.00,380.00,1.0,-1,-1,-1
174,6,568.00,316.00,90.00,536.00,1.0,-1,-1,-1
175,0,1538.00,385.00,112.00,279.00,1.0,-1,-1,-1
175,1,533.00,139.00,365.00,941.00,1.0,-1,-1,-1
175,2,543.00,385.00,56.00,350.00,1.0,-1,-1,-1
175,3,1410.00,448.00,70.00,227.00,1.0,-1,-1,-1
175,4,947.00,0.00,412.00,1080.00,1.0,-1,-1,-1
175,5,354.00,411.00,127.00,361.00,1.0,-1,-1,-1
175,6,581.00,317.00,152.00,525.00,1.0,-1,-1,-1
176,0,1546.00,385.00,105.00,279.00,1.0,-1,-1,-1
176,1,525.00,137.00,348.00,943.00,1.0,-1,-1,-1
176,2,544.00,385.00,39.00,78.00,1.0,-1,-1,-1
176,3,1410.00,447.00,70.00,228.00,1.0,-1,-1,-1
176,4,936.00,0.00,400.00,1080.00,1.0,-1,-1,-1
176,5,359.00,409.00,141.00,388.00,1.0,-1,-1,-1
176,6,0.00,0.00,0.00,0.00,1.0,-1,-1,-1
176,7,1339.00,546.00,52.00,137.00,1.0,-1,-1,-1
177,0,1547.00,388.00,115.00,276.00,1.0,-1,-1,-1
177,1,524.00,136.00,346.00,944.00,1.0,-1,-1,-1
177,2,0.00,0.00,0.00,0.00,1.0,-1,-1,-1
177,3,1412.00,447.00,69.00,229.00,1.0,-1,-1,-1
177,4,929.00,0.00,378.00,1080.00,1.0,-1,-1,-1
177,5,366.00,408.00,135.00,389.00,1.0,-1,-1,-1
177,6,0.00,0.00,0.00,0.00,1.0,-1,-1,-1
177,7,1340.00,547.00,53.00,137.00,1.0,-1,-1,-1
178,0,1550.00,390.00,121.00,273.00,1.0,-1,-1,-1
178,1,484.00,136.00,383.00,944.00,1.0,-1,-1,-1
178,2,498.00,487.00,40.00,136.00,1.0,-1,-1,-1
178,3,1413.00,448.00,68.00,229.00,1.0,-1,-1,-1
178,4,920.00,0.00,363.00,1080.00,1.0,-1,-1,-1
178,5,371.00,406.00,131.00,391.00,1.0,-1,-1,-1
178,6,840.00,777.00,14.00,32.00,1.0,-1,-1,-1
178,7,1342.00,546.00,53.00,138.00,1.0,-1,-1,-1
179,0,1558.00,392.00,121.00,271.00,1.0,-1,-1,-1
179,1,436.00,140.00,428.00,940.00,1.0,-1,-1,-1
179,2,0.00,0.00,0.00,0.00,1.0,-1,-1,-1
179,3,1396.00,447.00,86.00,231.00,1.0,-1,-1,-1
179,4,905.00,0.00,365.00,1080.00,1.0,-1,-1,-1
179,5,380.00,402.00,122.00,395.00,1.0,-1,-1,-1
179,6,648.00,794.00,213.00,48.00,1.0,-1,-1,-1
179,7,1345.00,546.00,52.00,138.00,1.0,-1,-1,-1
180,0,1560.00,395.00,120.00,268.00,1.0,-1,-1,-1
180,1,429.00,141.00,433.00,939.00,1.0,-1,-1,-1
180,2,0.00,0.00,0.00,0.00,1.0,-1,-1,-1
180,3,1394.00,448.00,88.00,230.00,1.0,-1,-1,-1
180,4,896.00,0.00,368.00,1080.00,1.0,-1,-1,-1
180,5,386.00,400.00,108.00,397.00,1.0,-1,-1,-1
180,6,723.00,318.00,140.00,509.00,1.0,-1,-1,-1
180,7,1346.00,546.00,54.00,138.00,1.0,-1,-1,-1
181,0,1565.00,398.00,115.00,264.00,1.0,-1,-1,-1
181,1,407.00,142.00,450.00,938.00,1.0,-1,-1,-1
181,2,0.00,0.00,0.00,0.00,1.0,-1,-1,-1
181,3,1394.00,448.00,90.00,230.00,1.0,-1,-1,-1
181,4,881.00,0.00,373.00,1080.00,1.0,-1,-1,-1
181,5,395.00,450.00,64.00,342.00,1.0,-1,-1,-1
181,6,721.00,322.00,143.00,506.00,1.0,-1,-1,-1
181,7,1348.00,545.00,55.00,139.00,1.0,-1,-1,-1
181,8,0.00,342.00,128.00,679.00,1.0,-1,-1,-1
182,0,1568.00,392.00,111.00,270.00,1.0,-1,-1,-1
182,1,391.00,139.00,463.00,941.00,1.0,-1,-1,-1
182,2,0.00,0.00,0.00,0.00,1.0,-1,-1,-1
182,3,1394.00,448.00,92.00,230.00,1.0,-1,-1,-1
182,4,870.00,0.00,378.00,1080.00,1.0,-1,-1,-1
182,5,401.00,479.00,29.00,131.00,1.0,-1,-1,-1
182,6,723.00,322.00,140.00,505.00,1.0,-1,-1,-1
182,7,1348.00,545.00,55.00,139.00,1.0,-1,-1,-1
182,8,0.00,315.00,133.00,695.00,1.0,-1,-1,-1
183,0,1573.00,396.00,105.00,265.00,1.0,-1,-1,-1
183,1,369.00,133.00,485.00,947.00,1.0,-1,-1,-1
183,2,0.00,0.00,0.00,0.00,1.0,-1,-1,-1
183,3,1396.00,448.00,91.00,231.00,1.0,-1,-1,-1
183,4,860.00,0.00,380.00,1080.00,1.0,-1,-1,-1
183,5,0.00,0.00,0.00,0.00,1.0,-1,-1,-1
183,6,710.00,322.00,153.00,505.00,1.0,-1,-1,-1
183,7,1349.00,545.00,55.00,140.00,1.0,-1,-1,-1
183,8,0.00,188.00,189.00,818.00,1.0,-1,-1,-1
184,0,1578.00,394.00,108.00,262.00,1.0,-1,-1,-1
184,1,340.00,123.00,493.00,957.00,1.0,-1,-1,-1
184,2,0.00,0.00,0.00,0.00,1.0,-1,-1,-1
184,3,1396.00,448.00,93.00,232.00,1.0,-1,-1,-1
184,4,846.00,0.00,382.00,1080.00,1.0,-1,-1,-1
184,5,0.00,0.00,0.00,0.00,1.0,-1,-1,-1
184,6,692.00,322.00,171.00,505.00,1.0,-1,-1,-1
184,7,1351.00,546.00,54.00,139.00,1.0,-1,-1,-1
184,8,0.00,194.00,282.00,811.00,1.0,-1,-1,-1
185,0,1580.00,395.00,112.00,260.00,1.0,-1,-1,-1
185,1,318.00,115.00,485.00,965.00,1.0,-1,-1,-1
185,2,0.00,0.00,0.00,0.00,1.0,-1,-1,-1
185,3,1398.00,448.00,92.00,233.00,1.0,-1,-1,-1
185,4,834.00,0.00,385.00,1080.00,1.0,-1,-1,-1
185,5,0.00,0.00,0.00,0.00,1.0,-1,-1,-1
185,6,728.00,321.00,154.00,506.00,1.0,-1,-1,-1
185,7,1353.00,546.00,53.00,139.00,1.0,-1,-1,-1
185,8,0.00,200.00,321.00,806.00,1.0,-1,-1,-1
186,0,1584.00,390.00,117.00,265.00,1.0,-1,-1,-1
186,1,287.00,108.00,463.00,972.00,1.0,-1,-1,-1
186,2,605.00,443.00,54.00,370.00,1.0,-1,-1,-1
186,3,1400.00,447.00,93.00,234.00,1.0,-1,-1,-1
186,4,817.00,0.00,388.00,1080.00,1.0,-1,-1,-1
186,5,0.00,0.00,0.00,0.00,1.0,-1,-1,-1
186,6,758.00,320.00,112.00,506.00,1.0,-1,-1,-1
186,7,1357.00,547.00,50.00,138.00,1.0,-1,-1,-1
186,8,0.00,208.00,306.00,798.00,1.0,-1,-1,-1
187,0,1586.00,391.00,117.00,264.00,1.0,-1,-1,-1
187,1,264.00,102.00,445.00,978.00,1.0,-1,-1,-1
187,2,580.00,379.00,81.00,403.00,1.0,-1,-1,-1
187,3,1400.00,446.00,95.00,236.00,1.0,-1,-1,-1
187,4,806.00,0.00,388.00,1080.00,1.0,-1,-1,-1
187,5,0.00,0.00,0.00,0.00,1.0,-1,-1,-1
187,6,768.00,324.00,105.00,503.00,1.0,-1,-1,-1
187,7,1360.00,548.00,49.00,139.00,1.0,-1,-1,-1
187,8,0.00,213.00,298.00,792.00,1.0,-1,-1,-1
188,0,1588.00,391.00,119.00,264.00,1.0,-1,-1,-1
188,1,197.00,98.00,446.00,982.00,1.0,-1,-1,-1
188,2,566.00,376.00,96.00,406.00,1.0,-1,-1,-1
188,3,1401.00,446.00,93.00,236.00,1.0,-1,-1,-1
188,4,794.00,0.00,387.00,1080.00,1.0,-1,-1,-1
188,5,541.00,777.00,39.00,26.00,1.0,-1,-1,-1
188,6,776.00,387.00,132.00,440.00,1.0,-1,-1,-1
188,7,1362.00,548.00,48.00,140.00,1.0,-1,-1,-1
188,8,0.00,217.00,289.00,781.00,1.0,-1,-1,-1
189,0,1590.00,393.00,121.00,262.00,1.0,-1,-1,-1
189,1,128.00,91.00,435.00,989.00,1.0,-1,-1,-1
189,2,553.00,376.00,134.00,406.00,1.0,-1,-1,-1
189,3,1402.00,445.00,94.00,237.00,1.0,-1,-1,-1
189,4,778.00,0.00,383.00,1080.00,1.0,-1,-1,-1
189,5,517.00,405.00,63.00,398.00,1.0,-1,-1,-1
189,6,788.00,672.00,76.00,155.00,1.0,-1,-1,-1
189,7,1364.00,547.00,47.00,141.00,1.0,-1,-1,-1
189,8,0.00,218.00,274.00,788.00,1.0,-1,-1,-1
189,9,0.00,240.00,140.00,764.00,1.0,-1,-1,-1
190,0,1591.00,395.00,124.00,260.00,1.0,-1,-1,-1
190,1,61.00,85.00,479.00,995.00,1.0,-1,-1,-1
190,2,558.00,377.00,154.00,406.00,1.0,-1,-1,-1
190,3,1402.00,445.00,98.00,237.00,1.0,-1,-1,-1
190,4,766.00,0.00,391.00,1080.00,1.0,-1,-1,-1
190,5,498.00,400.00,81.00,403.00,1.0,-1,-1,-1
190,6,789.00,706.00,67.00,120.00,1.0,-1,-1,-1
190,7,1367.00,545.00,47.00,143.00,1.0,-1,-1,-1
190,8,0.00,219.00,254.00,783.00,1.0,-1,-1,-1
190,9,0.00,242.00,143.00,760.00,1.0,-1,-1,-1
191,0,1594.00,398.00,126.00,257.00,1.0,-1,-1,-1
191,1,0.00,81.00,516.00,999.00,1.0,-1,-1,-1
191,2,567.00,377.00,151.00,406.00,1.0,-1,-1,-1
191,3,1402.00,443.00,97.00,239.00,1.0,-1,-1,-1
191,4,747.00,0.00,406.00,1080.00,1.0,-1,-1,-1
191,5,467.00,398.00,118.00,405.00,1.0,-1,-1,-1
191,6,790.00,763.00,219.00,61.00,1.0,-1,-1,-1
191,7,1371.00,544.00,47.00,144.00,1.0,-1,-1,-1
191,8,17.00,254.00,214.00,729.00,1.0,-1,-1,-1
191,9,0.00,246.00,186.00,736.00,1.0,-1,-1,-1
192,0,1596.00,400.00,126.00,254.00,1.0,-1,-1,-1
192,1,0.00,81.00,496.00,999.00,1.0,-1,-1,-1
192,2,571.00,378.00,159.00,404.00,1.0,-1,-1,-1
192,3,1402.00,443.00,100.00,239.00,1.0,-1,-1,-1
192,4,731.00,0.00,401.00,1080.00,1.0,-1,-1,-1
192,5,481.00,397.00,108.00,406.00,1.0,-1,-1,-1
192,6,951.00,759.00,67.00,44.00,1.0,-1,-1,-1
192,7,1373.00,541.00,50.00,148.00,1.0,-1,-1,-1
192,8,70.00,815.00,100.00,156.00,1.0,-1,-1,-1
192,9,0.00,250.00,134.00,719.00,1.0,-1,-1,-1
192,10,1484.00,430.00,84.00,223.00,1.0,-1,-1,-1
193,0,1598.00,402.00,126.00,252.00,1.0,-1,-1,-1
193,1,0.00,80.00,473.00,1000.00,1.0,-1,-1,-1
193,2,572.00,378.00,162.00,405.00,1.0,-1,-1,-1
193,3,1402.00,443.00,100.00,239.00,1.0,-1,-1,-1
193,4,714.00,0.00,393.00,1080.00,1.0,-1,-1,-1
193,5,479.00,395.00,119.00,408.00,1.0,-1,-1,-1
193,6,951.00,733.00,69.00,70.00,1.0,-1,-1,-1
193,7,1376.00,541.00,51.00,147.00,1.0,-1,-1,-1
193,8,115.00,221.00,212.00,702.00,1.0,-1,-1,-1
193,9,10.00,255.00,137.00,699.00,1.0,-1,-1,-1
193,10,1485.00,430.00,84.00,223.00,1.0,-1,-1,-1
194,0,1602.00,402.00,126.00,252.00,1.0,-1,-1,-1
194,1,0.00,80.00,437.00,1000.00,1.0,-1,-1,-1
194,2,575.00,379.00,128.00,404.00,1.0,-1,-1,-1
194,3,1402.00,442.00,102.00,240.00,1.0,-1,-1,-1
194,4,689.00,0.00,397.00,1080.00,1.0,-1,-1,-1
194,5,485.00,394.00,120.00,410.00,1.0,-1,-1,-1
194,6,946.00,638.00,77.00,165.00,1.0,-1,-1,-1
194,7,1378.00,540.00,51.00,148.00,1.0,-1,-1,-1
194,8,263.00,216.00,116.00,727.00,1.0,-1,-1,-1
194,9,11.00,262.00,131.00,690.00,1.0,-1,-1,-1
194,10,1489.00,430.00,81.00,223.00,1.0,-1,-1,-1
195,0,1606.00,402.00,122.00,251.00,1.0,-1,-1,-1
195,1,0.00,80.00,450.00,1000.00,1.0,-1,-1,-1
195,2,588.00,379.00,96.00,404.00,1.0,-1,-1,-1
195,3,1402.00,442.00,102.00,240.00,1.0,-1,-1,-1
195,4,665.00,0.00,408.00,1080.00,1.0,-1,-1,-1
195,5,492.00,394.00,139.00,411.00,1.0,-1,-1,-1
195,6,942.00,573.00,81.00,230.00,1.0,-1,-1,-1
195,7,1378.00,539.00,55.00,149.00,1.0,-1,-1,-1
195,8,272.00,217.00,190.00,736.00,1.0,-1,-1,-1
195,9,11.00,289.00,349.00,662.00,1.0,-1,-1,-1
195,10,1492.00,430.00,79.00,223.00,1.0,-1,-1,-1
196,0,1612.00,402.00,117.00,247.00,1.0,-1,-1,-1
196,1,0.00,78.00,401.00,1002.00,1.0,-1,-1,-1
196,2,579.00,379.00,90.00,399.00,1.0,-1,-1,-1
196,3,1403.00,442.00,101.00,241.00,1.0,-1,-1,-1
196,4,611.00,0.00,443.00,1080.00,1.0,-1,-1,-1
196,5,503.00,395.00,142.00,407.00,1.0,-1,-1,-1
196,6,916.00,537.00,140.00,266.00,1.0,-1,-1,-1
196,7,1378.00,540.00,67.00,149.00,1.0,-1,-1,-1
196,8,287.00,221.00,223.00,737.00,1.0,-1,-1,-1
196,9,300.00,829.00,70.00,65.00,1.0,-1,-1,-1
196,10,1496.00,428.00,74.00,225.00,1.0,-1,-1,-1
197,0,1615.00,400.00,116.00,247.00,1.0,-1,-1,-1
197,1,0.00,73.00,383.00,1007.00,1.0,-1,-1,-1
197,2,581.00,377.00,81.00,400.00,1.0,-1,-1,-1
197,3,1404.00,441.00,102.00,242.00,1.0,-1,-1,-1
197,4,578.00,0.00,463.00,1080.00,1.0,-1,-1,-1
197,5,517.00,395.00,113.00,407.00,1.0,-1,-1,-1
197,6,915.00,533.00,137.00,269.00,1.0,-1,-1,-1
197,7,1382.00,541.00,67.00,148.00,1.0,-1,-1,-1
197,8,273.00,223.00,266.00,738.00,1.0,-1,-1,-1
197,9,315.00,846.00,59.00,48.00,1.0,-1,-1,-1
197,10,1499.00,428.00,71.00,225.00,1.0,-1,-1,-1
198,0,1620.00,399.00,110.00,247.00,1.0,-1,-1,-1
198,1,0.00,63.00,360.00,1017.00,1.0,-1,-1,-1
198,2,614.00,382.00,31.00,100.00,1.0,-1,-1,-1
198,3,1407.00,441.00,100.00,242.00,1.0,-1,-1,-1
198,4,545.00,0.00,484.00,1080.00,1.0,-1,-1,-1
198,5,516.00,396.00,120.00,406.00,1.0,-1,-1,-1
198,6,939.00,527.00,110.00,276.00,1.0,-1,-1,-1
198,7,1388.00,541.00,61.00,150.00,1.0,-1,-1,-1
198,8,261.00,228.00,306.00,737.00,1.0,-1,-1,-1
198,9,205.00,271.00,169.00,624.00,1.0,-1,-1,-1
198,10,1500.00,427.00,71.00,226.00,1.0,-1,-1,-1
199,0,1623.00,397.00,109.00,249.00,1.0,-1,-1,-1
199,1,0.00,49.00,305.00,1031.00,1.0,-1,-1,-1
199,2,0.00,0.00,0.00,0.00,1.0,-1,-1,-1
199,3,1409.00,441.00,101.00,243.00,1.0,-1,-1,-1
199,4,505.00,0.00,505.00,1080.00,1.0,-1,-1,-1
199,5,521.00,398.00,94.00,398.00,1.0,-1,-1,-1
199,6,945.00,510.00,120.00,292.00,1.0,-1,-1,-1
199,7,1390.00,541.00,60.00,150.00,1.0,-1,-1,-1
199,8,260.00,236.00,325.00,728.00,1.0,-1,-1,-1
199,9,181.00,270.00,192.00,624.00,1.0,-1,-1,-1
199,10,1504.00,426.00,67.00,227.00,1.0,-1,-1,-1
200,0,1626.00,397.00,106.00,249.00,1.0,-1,-1,-1
200,1,0.00,55.00,251.00,1025.00,1.0,-1,-1,-1
200,2,0.00,0.00,0.00,0.00,1.0,-1,-1,-1
200,3,1410.00,441.00,101.00,243.00,1.0,-1,-1,-1
200,4,481.00,0.00,511.00,1080.00,1.0,-1,-1,-1
200,5,537.00,539.00,32.00,64.00,1.0,-1,-1,-1
200,6,946.00,330.00,153.00,472.00,1.0,-1,-1,-1
200,7,1393.00,542.00,57.00,149.00,1.0,-1,-1,-1
200,8,143.00,238.00,417.00,722.00,1.0,-1,-1,-1
200,9,140.00,268.00,234.00,653.00,1.0,-1,-1,-1
200,10,1507.00,425.00,66.00,228.00,1.0,-1,-1,-1
201,0,1631.00,398.00,102.00,248.00,1.0,-1,-1,-1
201,1,0.00,110.00,185.00,970.00,1.0,-1,-1,-1
201,2,0.00,0.00,0.00,0.00,1.0,-1,-1,-1
201,3,1413.00,441.00,103.00,244.00,1.0,-1,-1,-1
201,4,434.00,0.00,529.00,1080.00,1.0,-1,-1,-1
201,5,0.00,0.00,0.00,0.00,1.0,-1,-1,-1
201,6,956.00,332.00,188.00,470.00,1.0,-1,-1,-1
201,7,1403.00,540.00,52.00,151.00,1.0,-1,-1,-1
201,8,265.00,244.00,282.00,713.00,1.0,-1,-1,-1
201,9,186.00,267.00,188.00,639.00,1.0,-1,-1,-1
201,10,1507.00,426.00,69.00,227.00,1.0,-1,-1,-1
202,0,1632.00,400.00,108.00,246.00,1.0,-1,-1,-1
202,1,0.00,221.00,153.00,859.00,1.0,-1,-1,-1
202,2,0.00,0.00,0.00,0.00,1.0,-1,-1,-1
202,3,1417.00,441.00,101.00,245.00,1.0,-1,-1,-1
202,4,403.00,0.00,541.00,1080.00,1.0,-1,-1,-1
202,5,0.00,0.00,0.00,0.00,1.0,-1,-1,-1
202,6,958.00,334.00,205.00,467.00,1.0,-1,-1,-1
202,7,1406.00,539.00,54.00,151.00,1.0,-1,-1,-1
202,8,273.00,244.00,258.00,711.00,1.0,-1,-1,-1
202,9,210.00,266.00,184.00,626.00,1.0,-1,-1,-1
202,10,1509.00,425.00,71.00,228.00,1.0,-1,-1,-1
203,0,1637.00,401.00,111.00,245.00,1.0,-1,-1,-1
203,1,0.00,244.00,127.00,664.00,1.0,-1,-1,-1
203,2,0.00,0.00,0.00,0.00,1.0,-1,-1,-1
203,3,1419.00,442.00,102.00,245.00,1.0,-1,-1,-1
203,4,379.00,0.00,541.00,1080.00,1.0,-1,-1,-1
203,5,0.00,0.00,0.00,0.00,1.0,-1,-1,-1
203,6,958.00,335.00,213.00,464.00,1.0,-1,-1,-1
203,7,1407.00,539.00,56.00,152.00,1.0,-1,-1,-1
203,8,288.00,239.00,227.00,713.00,1.0,-1,-1,-1
203,9,224.00,266.00,188.00,611.00,1.0,-1,-1,-1
203,10,1515.00,425.00,76.00,228.00,1.0,-1,-1,-1
204,0,1640.00,404.00,115.00,242.00,1.0,-1,-1,-1
204,1,0.00,330.00,82.00,519.00,1.0,-1,-1,-1
204,2,0.00,0.00,0.00,0.00,1.0,-1,-1,-1
204,3,1422.00,444.00,103.00,244.00,1.0,-1,-1,-1
204,4,341.00,0.00,542.00,1080.00,1.0,-1,-1,-1
204,5,0.00,0.00,0.00,0.00,1.0,-1,-1,-1
204,6,961.00,338.00,212.00,460.00,1.0,-1,-1,-1
204,7,1409.00,538.00,60.00,155.00,1.0,-1,-1,-1
204,8,344.00,315.00,129.00,631.00,1.0,-1,-1,-1
204,9,242.00,267.00,196.00,635.00,1.0,-1,-1,-1
204,10,1526.00,426.00,90.00,227.00,1.0,-1,-1,-1
205,0,1646.00,405.00,110.00,241.00,1.0,-1,-1,-1
205,1,0.00,437.00,52.00,367.00,1.0,-1,-1,-1
205,2,0.00,0.00,0.00,0.00,1.0,-1,-1,-1
205,3,1424.00,443.00,105.00,245.00,1.0,-1,-1,-1
205,4,306.00,0.00,557.00,1080.00,1.0,-1,-1,-1
205,5,0.00,0.00,0.00,0.00,1.0,-1,-1,-1
205,6,962.00,338.00,212.00,460.00,1.0,-1,-1,-1
205,7,1412.00,540.00,59.00,151.00,1.0,-1,-1,-1
205,8,422.00,373.00,188.00,524.00,1.0,-1,-1,-1
205,9,256.00,269.00,167.00,632.00,1.0,-1,-1,-1
205,10,1528.00,427.00,102.00,226.00,1.0,-1,-1,-1
205,11,856.00,415.00,132.00,372.00,1.0,-1,-1,-1
206,0,1650.00,407.00,104.00,238.00,1.0,-1,-1,-1
206,1,0.00,0.00,0.00,0.00,1.0,-1,-1,-1
206,2,730.00,615.00,61.00,166.00,1.0,-1,-1,-1
206,3,1426.00,443.00,108.00,245.00,1.0,-1,-1,-1
206,4,264.00,0.00,574.00,1080.00,1.0,-1,-1,-1
206,5,0.00,0.00,0.00,0.00,1.0,-1,-1,-1
206,6,974.00,337.00,200.00,459.00,1.0,-1,-1,-1
206,7,1415.00,541.00,61.00,152.00,1.0,-1,-1,-1
206,8,544.00,858.00,47.00,44.00,1.0,-1,-1,-1
206,9,275.00,274.00,114.00,627.00,1.0,-1,-1,-1
206,10,1528.00,430.00,116.00,223.00,1.0,-1,-1,-1
206,11,856.00,418.00,145.00,367.00,1.0,-1,-1,-1
207,0,1653.00,407.00,100.00,238.00,1.0,-1,-1,-1
207,1,0.00,0.00,0.00,0.00,1.0,-1,-1,-1
207,2,699.00,583.00,117.00,197.00,1.0,-1,-1,-1
207,3,1427.00,441.00,109.00,247.00,1.0,-1,-1,-1
207,4,238.00,0.00,578.00,1080.00,1.0,-1,-1,-1
207,5,677.00,605.00,74.00,199.00,1.0,-1,-1,-1
207,6,989.00,338.00,186.00,455.00,1.0,-1,-1,-1
207,7,1417.00,537.00,60.00,158.00,1.0,-1,-1,-1
207,8,514.00,854.00,40.00,57.00,1.0,-1,-1,-1
207,9,287.00,310.00,265.00,600.00,1.0,-1,-1,-1
207,10,1528.00,430.00,121.00,222.00,1.0,-1,-1,-1
207,11,860.00,418.00,151.00,366.00,1.0,-1,-1,-1
208,0,1656.00,406.00,97.00,238.00,1.0,-1,-1,-1
208,1,0.00,0.00,0.00,0.00,1.0,-1,-1,-1
208,2,739.00,540.00,101.00,239.00,1.0,-1,-1,-1
208,3,1430.00,442.00,108.00,246.00,1.0,-1,-1,-1
208,4,207.00,0.00,581.00,1080.00,1.0,-1,-1,-1
208,5,667.00,556.00,96.00,247.00,1.0,-1,-1,-1
208,6,1004.00,337.00,171.00,446.00,1.0,-1,-1,-1
208,7,1420.00,537.00,58.00,159.00,1.0,-1,-1,-1
208,8,624.00,623.00,34.00,132.00,1.0,-1,-1,-1
208,9,0.00,0.00,0.00,0.00,1.0,-1,-1,-1
208,10,1528.00,430.00,123.00,222.00,1.0,-1,-1,-1
208,11,868.00,417.00,147.00,365.00,1.0,-1,-1,-1
209,0,1661.00,406.00,104.00,235.00,1.0,-1,-1,-1
209,1,0.00,0.00,0.00,0.00,1.0,-1,-1,-1
209,2,698.00,374.00,169.00,401.00,1.0,-1,-1,-1
209,3,1432.00,437.00,109.00,251.00,1.0,-1,-1,-1
209,4,172.00,0.00,553.00,1080.00,1.0,-1,-1,-1
209,5,644.00,380.00,156.00,422.00,1.0,-1,-1,-1
209,6,1033.00,335.00,153.00,448.00,1.0,-1,-1,-1
209,7,1421.00,539.00,60.00,157.00,1.0,-1,-1,-1
209,8,565.00,580.00,115.00,319.00,1.0,-1,-1,-1
209,9,0.00,0.00,0.00,0.00,1.0,-1,-1,-1
209,10,1532.00,431.00,124.00,221.00,1.0,-1,-1,-1
209,11,891.00,415.00,149.00,362.00,1.0,-1,-1,-1
210,0,1663.00,404.00,105.00,236.00,1.0,-1,-1,-1
210,1,0.00,0.00,0.00,0.00,1.0,-1,-1,-1
210,2,698.00,375.00,179.00,404.00,1.0,-1,-1,-1
210,3,1434.00,436.00,109.00,252.00,1.0,-1,-1,-1
210,4,139.00,0.00,524.00,1080.00,1.0,-1,-1,-1
210,5,653.00,385.00,176.00,418.00,1.0,-1,-1,-1
210,6,1051.00,335.00,161.00,448.00,1.0,-1,-1,-1
210,7,1421.00,540.00,60.00,156.00,1.0,-1,-1,-1
210,8,531.00,537.00,194.00,364.00,1.0,-1,-1,-1
210,9,556.00,817.00,66.00,68.00,1.0,-1,-1,-1
210,10,1534.00,430.00,122.00,222.00,1.0,-1,-1,-1
210,11,910.00,414.00,135.00,358.00,1.0,-1,-1,-1
211,0,1667.00,402.00,110.00,238.00,1.0,-1,-1,-1
211,1,0.00,0.00,0.00,0.00,1.0,-1,-1,-1
211,2,708.00,376.00,176.00,404.00,1.0,-1,-1,-1
211,3,1437.00,435.00,109.00,254.00,1.0,-1,-1,-1
211,4,87.00,0.00,500.00,1080.00,1.0,-1,-1,-1
211,5,670.00,387.00,185.00,414.00,1.0,-1,-1,-1
211,6,1062.00,335.00,182.00,448.00,1.0,-1,-1,-1
211,7,1428.00,539.00,55.00,157.00,1.0,-1,-1,-1
211,8,516.00,252.00,269.00,655.00,1.0,-1,-1,-1
211,9,470.00,606.00,153.00,253.00,1.0,-1,-1,-1
211,10,1546.00,429.00,110.00,223.00,1.0,-1,-1,-1
211,11,933.00,410.00,118.00,361.00,1.0,-1,-1,-1
212,0,1668.00,402.00,109.00,237.00,1.0,-1,-1,-1
212,1,0.00,0.00,0.00,0.00,1.0,-1,-1,-1
212,2,731.00,376.00,158.00,401.00,1.0,-1,-1,-1
212,3,1436.00,435.00,112.00,255.00,1.0,-1,-1,-1
212,4,56.00,0.00,501.00,1080.00,1.0,-1,-1,-1
212,5,669.00,388.00,194.00,413.00,1.0,-1,-1,-1
212,6,1071.00,335.00,190.00,448.00,1.0,-1,-1,-1
212,7,1430.00,532.00,54.00,164.00,1.0,-1,-1,-1
212,8,517.00,255.00,293.00,651.00,1.0,-1,-1,-1
212,9,433.00,581.00,190.00,279.00,1.0,-1,-1,-1
212,10,1557.00,428.00,99.00,223.00,1.0,-1,-1,-1
212,11,943.00,409.00,118.00,361.00,1.0,-1,-1,-1
213,0,1669.00,402.00,109.00,237.00,1.0,-1,-1,-1
213,1,0.00,0.00,0.00,0.00,1.0,-1,-1,-1
213,2,738.00,376.00,154.00,399.00,1.0,-1,-1,-1
213,3,1439.00,436.00,109.00,255.00,1.0,-1,-1,-1
213,4,19.00,0.00,509.00,1080.00,1.0,-1,-1,-1
213,5,671.00,387.00,193.00,415.00,1.0,-1,-1,-1
213,6,1081.00,337.00,191.00,446.00,1.0,-1,-1,-1
213,7,1432.00,531.00,54.00,165.00,1.0,-1,-1,-1
213,8,517.00,260.00,308.00,646.00,1.0,-1,-1,-1
213,9,361.00,540.00,262.00,341.00,1.0,-1,-1,-1
213,10,1567.00,427.00,89.00,224.00,1.0,-1,-1,-1
213,11,952.00,408.00,118.00,362.00,1.0,-1,-1,-1
214,0,1672.00,403.00,114.00,236.00,1.0,-1,-1,-1
214,1,0.00,0.00,0.00,0.00,1.0,-1,-1,-1
214,2,751.00,373.00,140.00,400.00,1.0,-1,-1,-1
214,3,1443.00,436.00,108.00,253.00,1.0,-1,-1,-1
214,4,0.00,0.00,475.00,1080.00,1.0,-1,-1,-1
214,5,681.00,389.00,188.00,414.00,1.0,-1,-1,-1
214,6,1091.00,341.00,195.00,442.00,1.0,-1,-1,-1
214,7,1433.00,531.00,60.00,165.00,1.0,-1,-1,-1
214,8,516.00,264.00,315.00,641.00,1.0,-1,-1,-1
214,9,380.00,287.00,243.00,579.00,1.0,-1,-1,-1
214,10,1580.00,427.00,76.00,223.00,1.0,-1,-1,-1
214,11,968.00,410.00,114.00,360.00,1.0,-1,-1,-1
215,0,1674.00,404.00,113.00,235.00,1.0,-1,-1,-1
215,1,0.00,0.00,0.00,0.00,1.0,-1,-1,-1
215,2,708.00,372.00,184.00,401.00,1.0,-1,-1,-1
215,3,1452.00,436.00,102.00,252.00,1.0,-1,-1,-1
215,4,0.00,0.00,439.00,1080.00,1.0,-1,-1,-1
215,5,689.00,387.00,180.00,415.00,1.0,-1,-1,-1
215,6,1098.00,343.00,194.00,439.00,1.0,-1,-1,-1
215,7,1435.00,531.00,60.00,165.00,1.0,-1,-1,-1
215,8,518.00,265.00,319.00,637.00,1.0,-1,-1,-1
215,9,410.00,285.00,213.00,574.00,1.0,-1,-1,-1
215,10,1583.00,426.00,73.00,224.00,1.0,-1,-1,-1
215,11,978.00,413.00,113.00,357.00,1.0,-1,-1,-1
216,0,1677.00,407.00,114.00,232.00,1.0,-1,-1,-1
216,1,0.00,0.00,0.00,0.00,1.0,-1,-1,-1
216,2,768.00,370.00,124.00,403.00,1.0,-1,-1,-1
216,3,1457.00,437.00,101.00,252.00,1.0,-1,-1,-1
216,4,0.00,0.00,383.00,1080.00,1.0,-1,-1,-1
216,5,706.00,385.00,163.00,410.00,1.0,-1,-1,-1
216,6,1111.00,347.00,186.00,434.00,1.0,-1,-1,-1
216,7,1443.00,533.00,56.00,166.00,1.0,-1,-1,-1
216,8,288.00,267.00,548.00,628.00,1.0,-1,-1,-1
216,9,456.00,284.00,167.00,575.00,1.0,-1,-1,-1
216,10,1591.00,425.00,76.00,225.00,1.0,-1,-1,-1
216,11,989.00,416.00,121.00,354.00,1.0,-1,-1,-1
217,0,1679.00,408.00,113.00,231.00,1.0,-1,-1,-1
217,1,0.00,0.00,0.00,0.00,1.0,-1,-1,-1
217,2,715.00,369.00,177.00,404.00,1.0,-1,-1,-1
217,3,1461.00,445.00,101.00,246.00,1.0,-1,-1,-1
217,4,0.00,0.00,345.00,1080.00,1.0,-1,-1,-1
217,5,723.00,384.00,147.00,407.00,1.0,-1,-1,-1
217,6,1118.00,349.00,183.00,431.00,1.0,-1,-1,-1
217,7,1441.00,532.00,57.00,169.00,1.0,-1,-1,-1
217,8,558.00,267.00,279.00,624.00,1.0,-1,-1,-1
217,9,473.00,284.00,157.00,579.00,1.0,-1,-1,-1
217,10,1595.00,426.00,83.00,224.00,1.0,-1,-1,-1
217,11,993.00,418.00,126.00,352.00,1.0,-1,-1,-1
218,0,1681.00,409.00,113.00,230.00,1.0,-1,-1,-1
218,1,0.00,0.00,0.00,0.00,1.0,-1,-1,-1
218,2,700.00,369.00,192.00,404.00,1.0,-1,-1,-1
218,3,1464.00,445.00,100.00,248.00,1.0,-1,-1,-1
218,4,0.00,0.00,305.00,1080.00,1.0,-1,-1,-1
218,5,776.00,383.00,93.00,408.00,1.0,-1,-1,-1
218,6,1126.00,350.00,181.00,430.00,1.0,-1,-1,-1
218,7,1441.00,532.00,59.00,169.00,1.0,-1,-1,-1
218,8,593.00,267.00,244.00,618.00,1.0,-1,-1,-1
218,9,486.00,285.00,155.00,578.00,1.0,-1,-1,-1
218,10,1600.00,426.00,96.00,224.00,1.0,-1,-1,-1
218,11,993.00,420.00,132.00,349.00,1.0,-1,-1,-1
219,0,1684.00,411.00,114.00,227.00,1.0,-1,-1,-1
219,1,0.00,0.00,0.00,0.00,1.0,-1,-1,-1
219,2,791.00,368.00,100.00,405.00,1.0,-1,-1,-1
219,3,1468.00,444.00,100.00,250.00,1.0,-1,-1,-1
219,4,0.00,0.00,240.00,1080.00,1.0,-1,-1,-1
219,5,790.00,381.00,93.00,410.00,1.0,-1,-1,-1
219,6,1136.00,350.00,179.00,427.00,1.0,-1,-1,-1
219,7,1452.00,542.00,55.00,159.00,1.0,-1,-1,-1
219,8,632.00,266.00,205.00,609.00,1.0,-1,-1,-1
219,9,504.00,287.00,154.00,576.00,1.0,-1,-1,-1
219,10,1609.00,426.00,110.00,224.00,1.0,-1,-1,-1
219,11,999.00,421.00,136.00,346.00,1.0,-1,-1,-1
220,0,1686.00,410.00,112.00,228.00,1.0,-1,-1,-1
220,1,0.00,0.00,0.00,0.00,1.0,-1,-1,-1
220,2,796.00,368.00,97.00,405.00,1.0,-1,-1,-1
220,3,1469.00,442.00,102.00,252.00,1.0,-1,-1,-1
220,4,0.00,0.00,194.00,1080.00,1.0,-1,-1,-1
220,5,796.00,379.00,100.00,412.00,1.0,-1,-1,-1
220,6,1143.00,350.00,178.00,418.00,1.0,-1,-1,-1
220,7,1456.00,541.00,55.00,160.00,1.0,-1,-1,-1
220,8,668.00,264.00,182.00,611.00,1.0,-1,-1,-1
220,9,516.00,289.00,158.00,574.00,1.0,-1,-1,-1
220,10,1614.00,428.00,116.00,222.00,1.0,-1,-1,-1
220,11,1008.00,421.00,131.00,344.00,1.0,-1,-1,-1
221,0,1690.00,409.00,108.00,226.00,1.0,-1,-1,-1
221,1,0.00,0.00,0.00,0.00,1.0,-1,-1,-1
221,2,816.00,368.00,62.00,404.00,1.0,-1,-1,-1
221,3,1475.00,441.00,103.00,253.00,1.0,-1,-1,-1
221,4,0.00,0.00,114.00,1080.00,1.0,-1,-1,-1
221,5,807.00,379.00,111.00,412.00,1.0,-1,-1,-1
221,6,1151.00,349.00,171.00,414.00,1.0,-1,-1,-1
221,7,1460.00,539.00,56.00,163.00,1.0,-1,-1,-1
221,8,698.00,265.00,196.00,609.00,1.0,-1,-1,-1
221,9,530.00,293.00,213.00,569.00,1.0,-1,-1,-1
221,10,1617.00,428.00,124.00,222.00,1.0,-1,-1,-1
221,11,1030.00,419.00,119.00,338.00,1.0,-1,-1,-1
222,0,1693.00,407.00,106.00,225.00,1.0,-1,-1,-1
222,1,0.00,0.00,0.00,0.00,1.0,-1,-1,-1
222,2,825.00,369.00,60.00,403.00,1.0,-1,-1,-1
222,3,1480.00,440.00,101.00,254.00,1.0,-1,-1,-1
222,4,0.00,194.00,57.00,886.00,1.0,-1,-1,-1
222,5,811.00,381.00,137.00,410.00,1.0,-1,-1,-1
222,6,1157.00,349.00,164.00,414.00,1.0,-1,-1,-1
222,7,1461.00,539.00,58.00,163.00,1.0,-1,-1,-1
222,8,709.00,266.00,206.00,608.00,1.0,-1,-1,-1
222,9,531.00,298.00,225.00,564.00,1.0,-1,-1,-1
222,10,1617.00,428.00,132.00,222.00,1.0,-1,-1,-1
222,11,1042.00,418.00,112.00,335.00,1.0,-1,-1,-1
223,0,1696.00,406.00,104.00,226.00,1.0,-1,-1,-1
223,1,0.00,0.00,0.00,0.00,1.0,-1,-1,-1
223,2,839.00,370.00,55.00,402.00,1.0,-1,-1,-1
223,3,1481.00,432.00,102.00,262.00,1.0,-1,-1,-1
223,4,0.00,0.00,0.00,0.00,1.0,-1,-1,-1
223,5,840.00,382.00,136.00,406.00,1.0,-1,-1,-1
223,6,1162.00,349.00,155.00,413.00,1.0,-1,-1,-1
223,7,1462.00,539.00,60.00,163.00,1.0,-1,-1,-1
223,8,720.00,268.00,221.00,607.00,1.0,-1,-1,-1
223,9,530.00,300.00,228.00,560.00,1.0,-1,-1,-1
223,10,1618.00,428.00,134.00,221.00,1.0,-1,-1,-1
223,11,1048.00,416.00,112.00,337.00,1.0,-1,-1,-1
224,0,1702.00,407.00,100.00,225.00,1.0,-1,-1,-1
224,1,0.00,0.00,0.00,0.00,1.0,-1,-1,-1
224,2,842.00,373.00,86.00,396.00,1.0,-1,-1,-1
224,3,1483.00,430.00,103.00,264.00,1.0,-1,-1,-1
224,4,0.00,0.00,0.00,0.00,1.0,-1,-1,-1
224,5,812.00,377.00,189.00,414.00,1.0,-1,-1,-1
224,6,1169.00,350.00,142.00,412.00,1.0,-1,-1,-1
224,7,1465.00,541.00,62.00,161.00,1.0,-1,-1,-1
224,8,738.00,273.00,229.00,601.00,1.0,-1,-1,-1
224,9,533.00,303.00,229.00,555.00,1.0,-1,-1,-1
224,10,1620.00,429.00,135.00,220.00,1.0,-1,-1,-1
224,11,1057.00,416.00,114.00,336.00,1.0,-1,-1,-1
224,12,138.00,316.00,186.00,623.00,1.0,-1,-1,-1
225,0,1705.00,408.00,98.00,224.00,1.0,-1,-1,-1
225,1,0.00,0.00,0.00,0.00,1.0,-1,-1,-1
225,2,850.00,378.00,94.00,389.00,1.0,-1,-1,-1
225,3,1486.00,429.00,103.00,265.00,1.0,-1,-1,-1
225,4,0.00,0.00,0.00,0.00,1.0,-1,-1,-1
225,5,812.00,392.00,198.00,398.00,1.0,-1,-1,-1
225,6,1176.00,350.00,154.00,413.00,1.0,-1,-1,-1
225,7,1468.00,542.00,61.00,161.00,1.0,-1,-1,-1
225,8,378.00,276.00,604.00,597.00,1.0,-1,-1,-1
225,9,538.00,305.00,225.00,552.00,1.0,-1,-1,-1
225,10,1623.00,428.00,132.00,221.00,1.0,-1,-1,-1
225,11,1062.00,416.00,116.00,337.00,1.0,-1,-1,-1
225,12,140.00,318.00,205.00,615.00,1.0,-1,-1,-1
226,0,1711.00,406.00,94.00,226.00,1.0,-1,-1,-1
226,1,0.00,454.00,27.00,69.00,1.0,-1,-1,-1
226,2,839.00,630.00,112.00,141.00,1.0,-1,-1,-1
226,3,1491.00,428.00,101.00,266.00,1.0,-1,-1,-1
226,4,0.00,0.00,0.00,0.00,1.0,-1,-1,-1
226,5,811.00,393.00,202.00,395.00,1.0,-1,-1,-1
226,6,1187.00,353.00,164.00,410.00,1.0,-1,-1,-1
226,7,1474.00,541.00,58.00,163.00,1.0,-1,-1,-1
226,8,751.00,280.00,254.00,593.00,1.0,-1,-1,-1
226,9,556.00,304.00,209.00,552.00,1.0,-1,-1,-1
226,10,1633.00,427.00,123.00,220.00,1.0,-1,-1,-1
226,11,1070.00,418.00,128.00,335.00,1.0,-1,-1,-1
226,12,146.00,319.00,244.00,610.00,1.0,-1,-1,-1
227,0,1716.00,407.00,95.00,224.00,1.0,-1,-1,-1
227,1,0.00,0.00,0.00,0.00,1.0,-1,-1,-1
227,2,843.00,627.00,114.00,145.00,1.0,-1,-1,-1
227,3,1494.00,428.00,100.00,266.00,1.0,-1,-1,-1
227,4,0.00,0.00,0.00,0.00,1.0,-1,-1,-1
227,5,816.00,398.00,200.00,390.00,1.0,-1,-1,-1
227,6,1194.00,354.00,164.00,408.00,1.0,-1,-1,-1
227,7,1478.00,542.00,57.00,164.00,1.0,-1,-1,-1
227,8,751.00,283.00,262.00,589.00,1.0,-1,-1,-1
227,9,574.00,303.00,194.00,549.00,1.0,-1,-1,-1
227,10,1644.00,426.00,112.00,220.00,1.0,-1,-1,-1
227,11,1076.00,420.00,139.00,333.00,1.0,-1,-1,-1
227,12,158.00,318.00,260.00,611.00,1.0,-1,-1,-1
228,0,1724.00,409.00,94.00,220.00,1.0,-1,-1,-1
228,1,0.00,0.00,0.00,0.00,1.0,-1,-1,-1
228,2,845.00,687.00,114.00,86.00,1.0,-1,-1,-1
228,3,1497.00,428.00,98.00,266.00,1.0,-1,-1,-1
228,4,0.00,0.00,0.00,0.00,1.0,-1,-1,-1
228,5,827.00,397.00,190.00,391.00,1.0,-1,-1,-1
228,6,1200.00,357.00,158.00,404.00,1.0,-1,-1,-1
228,7,1480.00,544.00,60.00,163.00,1.0,-1,-1,-1
228,8,753.00,283.00,270.00,586.00,1.0,-1,-1,-1
228,9,598.00,302.00,174.00,546.00,1.0,-1,-1,-1
228,10,1656.00,424.00,100.00,222.00,1.0,-1,-1,-1
228,11,1083.00,422.00,138.00,330.00,1.0,-1,-1,-1
228,12,177.00,316.00,270.00,609.00,1.0,-1,-1,-1
229,0,1734.00,411.00,90.00,216.00,1.0,-1,-1,-1
229,1,0.00,0.00,0.00,0.00,1.0,-1,-1,-1
229,2,861.00,709.00,98.00,65.00,1.0,-1,-1,-1
229,3,1498.00,428.00,105.00,266.00,1.0,-1,-1,-1
229,4,0.00,0.00,0.00,0.00,1.0,-1,-1,-1
229,5,833.00,489.00,185.00,298.00,1.0,-1,-1,-1
229,6,1205.00,359.00,157.00,400.00,1.0,-1,-1,-1
229,7,1484.00,542.00,60.00,165.00,1.0,-1,-1,-1
229,8,761.00,283.00,269.00,585.00,1.0,-1,-1,-1
229,9,633.00,302.00,147.00,533.00,1.0,-1,-1,-1
229,10,1674.00,423.00,83.00,223.00,1.0,-1,-1,-1
229,11,1092.00,425.00,135.00,326.00,1.0,-1,-1,-1
229,12,216.00,312.00,238.00,595.00,1.0,-1,-1,-1
230,0,1739.00,412.00,87.00,215.00,1.0,-1,-1,-1
230,1,0.00,0.00,0.00,0.00,1.0,-1,-1,-1
230,2,827.00,666.00,66.00,116.00,1.0,-1,-1,-1
230,3,1501.00,428.00,111.00,267.00,1.0,-1,-1,-1
230,4,0.00,0.00,0.00,0.00,1.0,-1,-1,-1
230,5,827.00,505.00,191.00,280.00,1.0,-1,-1,-1
230,6,1211.00,359.00,150.00,400.00,1.0,-1,-1,-1
230,7,1488.00,540.00,59.00,167.00,1.0,-1,-1,-1
230,8,779.00,283.00,253.00,582.00,1.0,-1,-1,-1
230,9,652.00,302.00,138.00,530.00,1.0,-1,-1,-1
230,10,1684.00,422.00,87.00,224.00,1.0,-1,-1,-1
230,11,1093.00,426.00,135.00,324.00,1.0,-1,-1,-1
230,12,252.00,311.00,213.00,591.00,1.0,-1,-1,-1
231,0,1746.00,412.00,80.00,215.00,1.0,-1,-1,-1
231,1,0.00,0.00,0.00,0.00,1.0,-1,-1,-1
231,2,835.00,650.00,69.00,100.00,1.0,-1,-1,-1
231,3,1506.00,429.00,111.00,268.00,1.0,-1,-1,-1
231,4,0.00,0.00,0.00,0.00,1.0,-1,-1,-1
231,5,884.00,513.00,134.00,263.00,1.0,-1,-1,-1
231,6,1216.00,359.00,145.00,399.00,1.0,-1,-1,-1
231,7,1491.00,539.00,58.00,168.00,1.0,-1,-1,-1
231,8,812.00,281.00,221.00,574.00,1.0,-1,-1,-1
231,9,665.00,303.00,148.00,529.00,1.0,-1,-1,-1
231,10,1690.00,421.00,87.00,225.00,1.0,-1,-1,-1
231,11,1100.00,427.00,129.00,320.00,1.0,-1,-1,-1
231,12,312.00,311.00,175.00,591.00,1.0,-1,-1,-1
232,0,1751.00,413.00,75.00,214.00,1.0,-1,-1,-1
232,1,0.00,0.00,0.00,0.00,1.0,-1,-1,-1
232,2,843.00,655.00,75.00,100.00,1.0,-1,-1,-1
232,3,1508.00,430.00,107.00,268.00,1.0,-1,-1,-1
232,4,0.00,0.00,0.00,0.00,1.0,-1,-1,-1
232,5,906.00,517.00,112.00,259.00,1.0,-1,-1,-1
232,6,1224.00,359.00,137.00,397.00,1.0,-1,-1,-1
232,7,1496.00,538.00,58.00,169.00,1.0,-1,-1,-1
232,8,835.00,280.00,197.00,567.00,1.0,-1,-1,-1
232,9,673.00,303.00,151.00,529.00,1.0,-1,-1,-1
232,10,1694.00,422.00,91.00,224.00,1.0,-1,-1,-1
232,11,1111.00,426.00,123.00,317.00,1.0,-1,-1,-1
232,12,356.00,311.00,133.00,590.00,1.0,-1,-1,-1
233,0,1754.00,413.00,72.00,214.00,1.0,-1,-1,-1
233,1,0.00,0.00,0.00,0.00,1.0,-1,-1,-1
233,2,854.00,659.00,69.00,100.00,1.0,-1,-1,-1
233,3,1510.00,429.00,106.00,269.00,1.0,-1,-1,-1
233,4,0.00,0.00,0.00,0.00,1.0,-1,-1,-1
233,5,956.00,699.00,62.00,77.00,1.0,-1,-1,-1
233,6,1228.00,359.00,133.00,390.00,1.0,-1,-1,-1
233,7,1502.00,537.00,60.00,169.00,1.0,-1,-1,-1
233,8,864.00,279.00,167.00,564.00,1.0,-1,-1,-1
233,9,682.00,305.00,175.00,527.00,1.0,-1,-1,-1
233,10,1695.00,421.00,72.00,225.00,1.0,-1,-1,-1
233,11,1124.00,424.00,114.00,315.00,1.0,-1,-1,-1
233,12,373.00,311.00,137.00,591.00,1.0,-1,-1,-1
234,0,1761.00,413.00,75.00,214.00,1.0,-1,-1,-1
234,1,0.00,0.00,0.00,0.00,1.0,-1,-1,-1
234,2,874.00,458.00,53.00,299.00,1.0,-1,-1,-1
234,3,1517.00,429.00,99.00,268.00,1.0,-1,-1,-1
234,4,0.00,0.00,0.00,0.00,1.0,-1,-1,-1
234,5,963.00,734.00,55.00,42.00,1.0,-1,-1,-1
234,6,1236.00,357.00,141.00,388.00,1.0,-1,-1,-1
234,7,1509.00,536.00,77.00,171.00,1.0,-1,-1,-1
234,8,881.00,277.00,149.00,563.00,1.0,-1,-1,-1
234,9,698.00,308.00,210.00,524.00,1.0,-1,-1,-1
234,10,1710.00,421.00,81.00,225.00,1.0,-1,-1,-1
234,11,1136.00,421.00,109.00,318.00,1.0,-1,-1,-1
234,12,397.00,315.00,140.00,587.00,1.0,-1,-1,-1
235,0,1764.00,411.00,75.00,215.00,1.0,-1,-1,-1
235,1,0.00,0.00,0.00,0.00,1.0,-1,-1,-1
235,2,881.00,453.00,51.00,300.00,1.0,-1,-1,-1
235,3,1520.00,427.00,99.00,270.00,1.0,-1,-1,-1
235,4,0.00,0.00,0.00,0.00,1.0,-1,-1,-1
235,5,880.00,453.00,140.00,322.00,1.0,-1,-1,-1
235,6,1242.00,357.00,149.00,388.00,1.0,-1,-1,-1
235,7,1509.00,536.00,103.00,171.00,1.0,-1,-1,-1
235,8,891.00,277.00,149.00,563.00,1.0,-1,-1,-1
235,9,708.00,310.00,229.00,522.00,1.0,-1,-1,-1
235,10,1713.00,422.00,86.00,224.00,1.0,-1,-1,-1
235,11,1143.00,419.00,108.00,319.00,1.0,-1,-1,-1
235,12,403.00,319.00,186.00,583.00,1.0,-1,-1,-1
236,0,1768.00,409.00,77.00,218.00,1.0,-1,-1,-1
236,1,0.00,0.00,0.00,0.00,1.0,-1,-1,-1
236,2,888.00,376.00,47.00,353.00,1.0,-1,-1,-1
236,3,1524.00,426.00,97.00,270.00,1.0,-1,-1,-1
236,4,0.00,0.00,0.00,0.00,1.0,-1,-1,-1
236,5,888.00,377.00,166.00,399.00,1.0,-1,-1,-1
236,6,1248.00,356.00,166.00,389.00,1.0,-1,-1,-1
236,7,1509.00,538.00,107.00,169.00,1.0,-1,-1,-1
236,8,905.00,280.00,175.00,560.00,1.0,-1,-1,-1
236,9,713.00,315.00,226.00,515.00,1.0,-1,-1,-1
236,10,1713.00,425.00,97.00,220.00,1.0,-1,-1,-1
236,11,1151.00,420.00,110.00,318.00,1.0,-1,-1,-1
236,12,403.00,324.00,239.00,576.00,1.0,-1,-1,-1
237,0,1771.00,409.00,78.00,219.00,1.0,-1,-1,-1
237,1,0.00,0.00,0.00,0.00,1.0,-1,-1,-1
237,2,893.00,377.00,47.00,346.00,1.0,-1,-1,-1
237,3,1528.00,427.00,98.00,263.00,1.0,-1,-1,-1
237,4,0.00,0.00,0.00,0.00,1.0,-1,-1,-1
237,5,963.00,675.00,111.00,101.00,1.0,-1,-1,-1
237,6,1257.00,358.00,164.00,387.00,1.0,-1,-1,-1
237,7,1509.00,538.00,107.00,169.00,1.0,-1,-1,-1
237,8,917.00,282.00,195.00,558.00,1.0,-1,-1,-1
237,9,714.00,317.00,227.00,511.00,1.0,-1,-1,-1
237,10,1714.00,425.00,98.00,220.00,1.0,-1,-1,-1
237,11,1155.00,421.00,113.00,317.00,1.0,-1,-1,-1
237,12,404.00,327.00,239.00,570.00,1.0,-1,-1,-1
238,0,1775.00,409.00,76.00,218.00,1.0,-1,-1,-1
238,1,0.00,0.00,0.00,0.00,1.0,-1,-1,-1
238,2,899.00,376.00,47.00,355.00,1.0,-1,-1,-1
238,3,1529.00,426.00,100.00,262.00,1.0,-1,-1,-1
238,4,0.00,0.00,0.00,0.00,1.0,-1,-1,-1
238,5,963.00,684.00,124.00,92.00,1.0,-1,-1,-1
238,6,1264.00,359.00,165.00,386.00,1.0,-1,-1,-1
238,7,1510.00,539.00,102.00,168.00,1.0,-1,-1,-1
238,8,926.00,285.00,213.00,555.00,1.0,-1,-1,-1
238,9,716.00,319.00,227.00,507.00,1.0,-1,-1,-1
238,10,1718.00,426.00,94.00,219.00,1.0,-1,-1,-1
238,11,1161.00,422.00,112.00,315.00,1.0,-1,-1,-1
238,12,406.00,329.00,236.00,567.00,1.0,-1,-1,-1
239,0,1780.00,408.00,73.00,218.00,1.0,-1,-1,-1
239,1,0.00,0.00,0.00,0.00,1.0,-1,-1,-1
239,2,906.00,377.00,130.00,373.00,1.0,-1,-1,-1
239,3,1533.00,425.00,99.00,267.00,1.0,-1,-1,-1
239,4,0.00,0.00,0.00,0.00,1.0,-1,-1,-1
239,5,966.00,692.00,112.00,83.00,1.0,-1,-1,-1
239,6,1276.00,361.00,162.00,383.00,1.0,-1,-1,-1
239,7,1517.00,539.00,97.00,168.00,1.0,-1,-1,-1
239,8,929.00,289.00,237.00,550.00,1.0,-1,-1,-1
239,9,619.00,319.00,323.00,506.00,1.0,-1,-1,-1
239,10,1731.00,426.00,82.00,217.00,1.0,-1,-1,-1
239,11,1170.00,426.00,112.00,312.00,1.0,-1,-1,-1
239,12,419.00,332.00,226.00,563.00,1.0,-1,-1,-1
240,0,1783.00,409.00,74.00,218.00,1.0,-1,-1,-1
240,1,0.00,0.00,0.00,0.00,1.0,-1,-1,-1
240,2,912.00,377.00,157.00,377.00,1.0,-1,-1,-1
240,3,1534.00,425.00,100.00,253.00,1.0,-1,-1,-1
240,4,0.00,0.00,0.00,0.00,1.0,-1,-1,-1
240,5,970.00,693.00,115.00,82.00,1.0,-1,-1,-1
240,6,1277.00,363.00,163.00,381.00,1.0,-1,-1,-1
240,7,1522.00,539.00,92.00,167.00,1.0,-1,-1,-1
240,8,928.00,291.00,242.00,547.00,1.0,-1,-1,-1
240,9,730.00,317.00,216.00,507.00,1.0,-1,-1,-1
240,10,1740.00,425.00,73.00,216.00,1.0,-1,-1,-1
240,11,1178.00,426.00,109.00,311.00,1.0,-1,-1,-1
240,12,436.00,333.00,212.00,559.00,1.0,-1,-1,-1
241,0,1789.00,412.00,71.00,215.00,1.0,-1,-1,-1
241,1,0.00,0.00,0.00,0.00,1.0,-1,-1,-1
241,2,921.00,380.00,128.00,375.00,1.0,-1,-1,-1
241,3,1536.00,423.00,99.00,267.00,1.0,-1,-1,-1
241,4,0.00,0.00,0.00,0.00,1.0,-1,-1,-1
241,5,978.00,689.00,112.00,85.00,1.0,-1,-1,-1
241,6,1283.00,367.00,166.00,376.00,1.0,-1,-1,-1
241,7,1536.00,539.00,81.00,167.00,1.0,-1,-1,-1
241,8,929.00,295.00,238.00,541.00,1.0,-1,-1,-1
241,9,761.00,316.00,187.00,504.00,1.0,-1,-1,-1
241,10,1742.00,423.00,79.00,217.00,1.0,-1,-1,-1
241,11,1188.00,430.00,103.00,306.00,1.0,-1,-1,-1
241,12,474.00,334.00,182.00,546.00,1.0,-1,-1,-1
242,0,1792.00,414.00,71.00,213.00,1.0,-1,-1,-1
242,1,0.00,0.00,0.00,0.00,1.0,-1,-1,-1
242,2,926.00,383.00,125.00,372.00,1.0,-1,-1,-1
242,3,1538.00,423.00,98.00,165.00,1.0,-1,-1,-1
242,4,0.00,0.00,0.00,0.00,1.0,-1,-1,-1
242,5,986.00,667.00,109.00,107.00,1.0,-1,-1,-1
242,6,1286.00,369.00,165.00,372.00,1.0,-1,-1,-1
242,7,1549.00,538.00,75.00,168.00,1.0,-1,-1,-1
242,8,931.00,296.00,238.00,537.00,1.0,-1,-1,-1
242,9,798.00,314.00,152.00,494.00,1.0,-1,-1,-1
242,10,1749.00,422.00,74.00,219.00,1.0,-1,-1,-1
242,11,1194.00,431.00,101.00,303.00,1.0,-1,-1,-1
242,12,504.00,333.00,158.00,537.00,1.0,-1,-1,-1
242,13,118.00,503.00,77.00,239.00,1.0,-1,-1,-1
243,0,1795.00,415.00,69.00,212.00,1.0,-1,-1,-1
243,1,0.00,0.00,0.00,0.00,1.0,-1,-1,-1
243,2,933.00,385.00,120.00,370.00,1.0,-1,-1,-1
243,3,1539.00,424.00,97.00,250.00,1.0,-1,-1,-1
243,4,0.00,0.00,0.00,0.00,1.0,-1,-1,-1
243,5,994.00,672.00,105.00,100.00,1.0,-1,-1,-1
243,6,1290.00,369.00,165.00,372.00,1.0,-1,-1,-1
243,7,1560.00,537.00,68.00,170.00,1.0,-1,-1,-1
243,8,939.00,295.00,229.00,537.00,1.0,-1,-1,-1
243,9,818.00,312.00,132.00,496.00,1.0,-1,-1,-1
243,10,1752.00,422.00,73.00,219.00,1.0,-1,-1,-1
243,11,1198.00,431.00,101.00,301.00,1.0,-1,-1,-1
243,12,536.00,331.00,310.00,553.00,1.0,-1,-1,-1
243,13,119.00,532.00,77.00,209.00,1.0,-1,-1,-1
244,0,1799.00,416.00,67.00,107.00,1.0,-1,-1,-1
244,1,0.00,0.00,0.00,0.00,1.0,-1,-1,-1
244,2,934.00,386.00,115.00,367.00,1.0,-1,-1,-1
244,3,1541.00,423.00,95.00,267.00,1.0,-1,-1,-1
244,4,0.00,0.00,0.00,0.00,1.0,-1,-1,-1
244,5,933.00,394.00,168.00,368.00,1.0,-1,-1,-1
244,6,1298.00,370.00,164.00,370.00,1.0,-1,-1,-1
244,7,1566.00,538.00,70.00,171.00,1.0,-1,-1,-1
244,8,959.00,295.00,210.00,534.00,1.0,-1,-1,-1
244,9,834.00,312.00,128.00,496.00,1.0,-1,-1,-1
244,10,1761.00,422.00,76.00,219.00,1.0,-1,-1,-1
244,11,1203.00,428.00,103.00,297.00,1.0,-1,-1,-1
244,12,575.00,329.00,112.00,534.00,1.0,-1,-1,-1
244,13,120.00,532.00,76.00,210.00,1.0,-1,-1,-1
245,0,1801.00,416.00,66.00,106.00,1.0,-1,-1,-1
245,1,0.00,0.00,0.00,0.00,1.0,-1,-1,-1
245,2,936.00,386.00,106.00,366.00,1.0,-1,-1,-1
245,3,1542.00,423.00,95.00,267.00,1.0,-1,-1,-1
245,4,0.00,0.00,0.00,0.00,1.0,-1,-1,-1
245,5,941.00,394.00,161.00,364.00,1.0,-1,-1,-1
245,6,1309.00,370.00,154.00,362.00,1.0,-1,-1,-1
245,7,1568.00,540.00,72.00,166.00,1.0,-1,-1,-1
245,8,980.00,294.00,189.00,528.00,1.0,-1,-1,-1
245,9,841.00,312.00,131.00,496.00,1.0,-1,-1,-1
245,10,1761.00,423.00,91.00,218.00,1.0,-1,-1,-1
245,11,1204.00,426.00,104.00,299.00,1.0,-1,-1,-1
245,12,586.00,329.00,114.00,534.00,1.0,-1,-1,-1
245,13,121.00,533.00,75.00,208.00,1.0,-1,-1,-1
246,0,1804.00,415.00,66.00,106.00,1.0,-1,-1,-1
246,1,0.00,0.00,0.00,0.00,1.0,-1,-1,-1
246,2,940.00,385.00,114.00,367.00,1.0,-1,-1,-1
246,3,1542.00,424.00,97.00,268.00,1.0,-1,-1,-1
246,4,0.00,0.00,0.00,0.00,1.0,-1,-1,-1
246,5,953.00,407.00,152.00,351.00,1.0,-1,-1,-1
246,6,1319.00,369.00,150.00,358.00,1.0,-1,-1,-1
246,7,1578.00,541.00,76.00,167.00,1.0,-1,-1,-1
246,8,1009.00,293.00,168.00,523.00,1.0,-1,-1,-1
246,9,855.00,313.00,126.00,493.00,1.0,-1,-1,-1
246,10,1766.00,424.00,101.00,216.00,1.0,-1,-1,-1
246,11,1207.00,424.00,107.00,300.00,1.0,-1,-1,-1
246,12,606.00,329.00,151.00,534.00,1.0,-1,-1,-1
246,13,121.00,534.00,74.00,207.00,1.0,-1,-1,-1
247,0,1803.00,414.00,70.00,206.00,1.0,-1,-1,-1
247,1,0.00,0.00,0.00,0.00,1.0,-1,-1,-1
247,2,958.00,384.00,105.00,366.00,1.0,-1,-1,-1
247,3,1543.00,423.00,93.00,270.00,1.0,-1,-1,-1
247,4,0.00,0.00,0.00,0.00,1.0,-1,-1,-1
247,5,962.00,410.00,142.00,344.00,1.0,-1,-1,-1
247,6,1325.00,368.00,140.00,360.00,1.0,-1,-1,-1
247,7,1579.00,541.00,83.00,170.00,1.0,-1,-1,-1
247,8,1031.00,293.00,167.00,523.00,1.0,-1,-1,-1
247,9,863.00,315.00,125.00,491.00,1.0,-1,-1,-1
247,10,1769.00,425.00,107.00,215.00,1.0,-1,-1,-1
247,11,1210.00,425.00,108.00,299.00,1.0,-1,-1,-1
247,12,619.00,332.00,177.00,530.00,1.0,-1,-1,-1
247,13,122.00,534.00,74.00,207.00,1.0,-1,-1,-1
248,0,1808.00,413.00,67.00,207.00,1.0,-1,-1,-1
248,1,0.00,0.00,0.00,0.00,1.0,-1,-1,-1
248,2,971.00,384.00,97.00,356.00,1.0,-1,-1,-1
248,3,1543.00,423.00,93.00,273.00,1.0,-1,-1,-1
248,4,0.00,0.00,0.00,0.00,1.0,-1,-1,-1
248,5,970.00,414.00,116.00,344.00,1.0,-1,-1,-1
248,6,1329.00,367.00,128.00,360.00,1.0,-1,-1,-1
248,7,1583.00,540.00,81.00,173.00,1.0,-1,-1,-1
248,8,1037.00,293.00,180.00,523.00,1.0,-1,-1,-1
248,9,871.00,318.00,132.00,488.00,1.0,-1,-1,-1
248,10,1773.00,425.00,109.00,215.00,1.0,-1,-1,-1
248,11,1206.00,426.00,122.00,299.00,1.0,-1,-1,-1
248,12,627.00,337.00,204.00,526.00,1.0,-1,-1,-1
248,13,122.00,534.00,73.00,207.00,1.0,-1,-1,-1
249,0,1809.00,411.00,67.00,210.00,1.0,-1,-1,-1
249,1,0.00,0.00,0.00,0.00,1.0,-1,-1,-1
249,2,981.00,383.00,86.00,356.00,1.0,-1,-1,-1
249,3,1543.00,423.00,93.00,275.00,1.0,-1,-1,-1
249,4,0.00,0.00,0.00,0.00,1.0,-1,-1,-1
249,5,984.00,423.00,168.00,335.00,1.0,-1,-1,-1
249,6,1330.00,367.00,117.00,360.00,1.0,-1,-1,-1
249,7,1594.00,540.00,72.00,173.00,1.0,-1,-1,-1
249,8,1047.00,296.00,197.00,520.00,1.0,-1,-1,-1
249,9,888.00,321.00,147.00,486.00,1.0,-1,-1,-1
249,10,1779.00,426.00,109.00,214.00,1.0,-1,-1,-1
249,11,1212.00,429.00,137.00,296.00,1.0,-1,-1,-1
249,12,629.00,343.00,240.00,518.00,1.0,-1,-1,-1
249,13,122.00,535.00,74.00,206.00,1.0,-1,-1,-1
250,0,1812.00,410.00,64.00,210.00,1.0,-1,-1,-1
250,1,0.00,0.00,0.00,0.00,1.0,-1,-1,-1
250,2,988.00,383.00,80.00,356.00,1.0,-1,-1,-1
250,3,1543.00,423.00,93.00,276.00,1.0,-1,-1,-1
250,4,0.00,0.00,0.00,0.00,1.0,-1,-1,-1
250,5,991.00,411.00,187.00,347.00,1.0,-1,-1,-1
250,6,1333.00,368.00,114.00,359.00,1.0,-1,-1,-1
250,7,1604.00,539.00,62.00,175.00,1.0,-1,-1,-1
250,8,1055.00,298.00,203.00,518.00,1.0,-1,-1,-1
250,9,899.00,324.00,150.00,482.00,1.0,-1,-1,-1
250,10,1782.00,426.00,106.00,213.00,1.0,-1,-1,-1
250,11,1233.00,431.00,121.00,294.00,1.0,-1,-1,-1
250,12,629.00,344.00,246.00,515.00,1.0,-1,-1,-1
250,13,122.00,535.00,74.00,206.00,1.0,-1,-1,-1
251,0,1816.00,411.00,61.00,208.00,1.0,-1,-1,-1
251,1,0.00,0.00,0.00,0.00,1.0,-1,-1,-1
251,2,1001.00,382.00,66.00,358.00,1.0,-1,-1,-1
251,3,1543.00,423.00,93.00,277.00,1.0,-1,-1,-1
251,4,0.00,0.00,0.00,0.00,1.0,-1,-1,-1
251,5,1000.00,421.00,169.00,337.00,1.0,-1,-1,-1
251,6,1342.00,370.00,125.00,358.00,1.0,-1,-1,-1
251,7,1610.00,535.00,57.00,178.00,1.0,-1,-1,-1
251,8,1065.00,302.00,211.00,514.00,1.0,-1,-1,-1
251,9,912.00,327.00,144.00,479.00,1.0,-1,-1,-1
251,10,1784.00,425.00,106.00,215.00,1.0,-1,-1,-1
251,11,1247.00,433.00,109.00,291.00,1.0,-1,-1,-1
251,12,631.00,346.00,247.00,509.00,1.0,-1,-1,-1
251,13,123.00,535.00,73.00,206.00,1.0,-1,-1,-1
252,0,1816.00,412.00,62.00,208.00,1.0,-1,-1,-1
252,1,0.00,0.00,0.00,0.00,1.0,-1,-1,-1
252,2,1008.00,381.00,65.00,358.00,1.0,-1,-1,-1
252,3,1543.00,423.00,92.00,277.00,1.0,-1,-1,-1
252,4,0.00,0.00,0.00,0.00,1.0,-1,-1,-1
252,5,1062.00,575.00,124.00,182.00,1.0,-1,-1,-1
252,6,1346.00,371.00,127.00,356.00,1.0,-1,-1,-1
252,7,1616.00,534.00,58.00,180.00,1.0,-1,-1,-1
252,8,1071.00,305.00,217.00,511.00,1.0,-1,-1,-1
252,9,922.00,329.00,138.00,476.00,1.0,-1,-1,-1
252,10,1786.00,426.00,105.00,213.00,1.0,-1,-1,-1
252,11,1255.00,435.00,108.00,288.00,1.0,-1,-1,-1
252,12,636.00,345.00,209.00,509.00,1.0,-1,-1,-1
252,13,122.00,534.00,75.00,207.00,1.0,-1,-1,-1
253,0,1792.00,414.00,88.00,205.00,1.0,-1,-1,-1
253,1,0.00,0.00,0.00,0.00,1.0,-1,-1,-1
253,2,1013.00,382.00,67.00,357.00,1.0,-1,-1,-1
253,3,1543.00,423.00,92.00,277.00,1.0,-1,-1,-1
253,4,0.00,0.00,0.00,0.00,1.0,-1,-1,-1
253,5,1065.00,581.00,129.00,175.00,1.0,-1,-1,-1
253,6,1352.00,373.00,125.00,354.00,1.0,-1,-1,-1
253,7,1621.00,533.00,60.00,181.00,1.0,-1,-1,-1
253,8,1076.00,307.00,220.00,509.00,1.0,-1,-1,-1
253,9,930.00,330.00,132.00,474.00,1.0,-1,-1,-1
253,10,1790.00,425.00,101.00,213.00,1.0,-1,-1,-1
253,11,1257.00,434.00,107.00,288.00,1.0,-1,-1,-1
253,12,648.00,344.00,216.00,509.00,1.0,-1,-1,-1
253,13,122.00,534.00,75.00,207.00,1.0,-1,-1,-1
254,0,1799.00,416.00,90.00,204.00,1.0,-1,-1,-1
254,1,0.00,0.00,0.00,0.00,1.0,-1,-1,-1
254,2,1020.00,382.00,70.00,356.00,1.0,-1,-1,-1
254,3,1543.00,423.00,92.00,277.00,1.0,-1,-1,-1
254,4,0.00,0.00,0.00,0.00,1.0,-1,-1,-1
254,5,1068.00,584.00,134.00,171.00,1.0,-1,-1,-1
254,6,1358.00,375.00,125.00,350.00,1.0,-1,-1,-1
254,7,1625.00,532.00,76.00,183.00,1.0,-1,-1,-1
254,8,1090.00,311.00,214.00,503.00,1.0,-1,-1,-1
254,9,932.00,331.00,130.00,512.00,1.0,-1,-1,-1
254,10,1799.00,422.00,92.00,214.00,1.0,-1,-1,-1
254,11,1263.00,434.00,101.00,286.00,1.0,-1,-1,-1
254,12,671.00,342.00,205.00,502.00,1.0,-1,-1,-1
254,13,122.00,534.00,75.00,207.00,1.0,-1,-1,-1
255,0,1797.00,417.00,85.00,147.00,1.0,-1,-1,-1
255,1,0.00,0.00,0.00,0.00,1.0,-1,-1,-1
255,2,1025.00,384.00,72.00,354.00,1.0,-1,-1,-1
255,3,1543.00,423.00,92.00,277.00,1.0,-1,-1,-1
255,4,0.00,0.00,0.00,0.00,1.0,-1,-1,-1
255,5,1031.00,415.00,176.00,340.00,1.0,-1,-1,-1
255,6,1364.00,377.00,120.00,348.00,1.0,-1,-1,-1
255,7,1629.00,532.00,87.00,182.00,1.0,-1,-1,-1
255,8,1097.00,311.00,209.00,501.00,1.0,-1,-1,-1
255,9,940.00,331.00,123.00,452.00,1.0,-1,-1,-1
255,10,1803.00,422.00,88.00,214.00,1.0,-1,-1,-1
255,11,1271.00,433.00,100.00,283.00,1.0,-1,-1,-1
255,12,692.00,341.00,184.00,494.00,1.0,-1,-1,-1
255,13,122.00,534.00,75.00,208.00,1.0,-1,-1,-1
256,0,1802.00,418.00,93.00,195.00,1.0,-1,-1,-1
256,1,0.00,0.00,0.00,0.00,1.0,-1,-1,-1
256,2,1034.00,386.00,76.00,362.00,1.0,-1,-1,-1
256,3,1543.00,423.00,92.00,277.00,1.0,-1,-1,-1
256,4,0.00,0.00,0.00,0.00,1.0,-1,-1,-1
256,5,1081.00,583.00,130.00,170.00,1.0,-1,-1,-1
256,6,1369.00,375.00,114.00,349.00,1.0,-1,-1,-1
256,7,1635.00,531.00,92.00,183.00,1.0,-1,-1,-1
256,8,1108.00,310.00,203.00,501.00,1.0,-1,-1,-1
256,9,952.00,329.00,111.00,463.00,1.0,-1,-1,-1
256,10,1809.00,421.00,82.00,215.00,1.0,-1,-1,-1
256,11,1282.00,429.00,89.00,284.00,1.0,-1,-1,-1
256,12,728.00,339.00,274.00,496.00,1.0,-1,-1,-1
256,13,122.00,534.00,75.00,207.00,1.0,-1,-1,-1
257,0,1804.00,419.00,92.00,204.00,1.0,-1,-1,-1
257,1,0.00,0.00,0.00,0.00,1.0,-1,-1,-1
257,2,1036.00,388.00,80.00,350.00,1.0,-1,-1,-1
257,3,1543.00,422.00,92.00,278.00,1.0,-1,-1,-1
257,4,0.00,0.00,0.00,0.00,1.0,-1,-1,-1
257,5,1088.00,580.00,124.00,172.00,1.0,-1,-1,-1
257,6,1374.00,376.00,109.00,347.00,1.0,-1,-1,-1
257,7,1637.00,531.00,93.00,185.00,1.0,-1,-1,-1
257,8,1117.00,309.00,195.00,499.00,1.0,-1,-1,-1
257,9,963.00,329.00,105.00,458.00,1.0,-1,-1,-1
257,10,1813.00,420.00,78.00,216.00,1.0,-1,-1,-1
257,11,1286.00,427.00,84.00,286.00,1.0,-1,-1,-1
257,12,756.00,339.00,130.00,496.00,1.0,-1,-1,-1
257,13,123.00,535.00,73.00,206.00,1.0,-1,-1,-1
258,0,1807.00,418.00,90.00,209.00,1.0,-1,-1,-1
258,1,0.00,0.00,0.00,0.00,1.0,-1,-1,-1
258,2,1038.00,391.00,85.00,346.00,1.0,-1,-1,-1
258,3,1543.00,422.00,92.00,278.00,1.0,-1,-1,-1
258,4,0.00,0.00,0.00,0.00,1.0,-1,-1,-1
258,5,1100.00,578.00,112.00,167.00,1.0,-1,-1,-1
258,6,1373.00,375.00,109.00,343.00,1.0,-1,-1,-1
258,7,1639.00,530.00,93.00,187.00,1.0,-1,-1,-1
258,8,1122.00,308.00,189.00,497.00,1.0,-1,-1,-1
258,9,985.00,328.00,89.00,390.00,1.0,-1,-1,-1
258,10,1817.00,419.00,74.00,217.00,1.0,-1,-1,-1
258,11,1290.00,425.00,84.00,288.00,1.0,-1,-1,-1
258,12,773.00,338.00,128.00,497.00,1.0,-1,-1,-1
258,13,123.00,535.00,73.00,206.00,1.0,-1,-1,-1
259,0,1810.00,419.00,88.00,200.00,1.0,-1,-1,-1
259,1,0.00,0.00,0.00,0.00,1.0,-1,-1,-1
259,2,1056.00,393.00,75.00,344.00,1.0,-1,-1,-1
259,3,1543.00,422.00,92.00,278.00,1.0,-1,-1,-1
259,4,0.00,0.00,0.00,0.00,1.0,-1,-1,-1
259,5,1119.00,565.00,78.00,176.00,1.0,-1,-1,-1
259,6,1386.00,374.00,109.00,341.00,1.0,-1,-1,-1
259,7,1649.00,532.00,83.00,185.00,1.0,-1,-1,-1
259,8,1136.00,306.00,176.00,489.00,1.0,-1,-1,-1
259,9,997.00,328.00,101.00,409.00,1.0,-1,-1,-1
259,10,1820.00,419.00,74.00,216.00,1.0,-1,-1,-1
259,11,1295.00,426.00,86.00,286.00,1.0,-1,-1,-1
259,12,789.00,341.00,133.00,494.00,1.0,-1,-1,-1
259,13,123.00,535.00,73.00,206.00,1.0,-1,-1,-1
260,0,1813.00,418.00,91.00,200.00,1.0,-1,-1,-1
260,1,0.00,0.00,0.00,0.00,1.0,-1,-1,-1
260,2,1062.00,394.00,78.00,331.00,1.0,-1,-1,-1
260,3,1544.00,421.00,91.00,279.00,1.0,-1,-1,-1
260,4,0.00,0.00,0.00,0.00,1.0,-1,-1,-1
260,5,1124.00,456.00,74.00,284.00,1.0,-1,-1,-1
260,6,1390.00,374.00,119.00,340.00,1.0,-1,-1,-1
260,7,1657.00,533.00,77.00,184.00,1.0,-1,-1,-1
260,8,1140.00,305.00,173.00,487.00,1.0,-1,-1,-1
260,9,1004.00,328.00,97.00,452.00,1.0,-1,-1,-1
260,10,1822.00,420.00,78.00,215.00,1.0,-1,-1,-1
260,11,1299.00,428.00,86.00,284.00,1.0,-1,-1,-1
260,12,797.00,343.00,139.00,492.00,1.0,-1,-1,-1
260,13,123.00,535.00,73.00,206.00,1.0,-1,-1,-1
261,0,1816.00,417.00,93.00,199.00,1.0,-1,-1,-1
261,1,0.00,0.00,0.00,0.00,1.0,-1,-1,-1
261,2,1067.00,393.00,82.00,332.00,1.0,-1,-1,-1
261,3,1544.00,421.00,92.00,279.00,1.0,-1,-1,-1
261,4,0.00,0.00,0.00,0.00,1.0,-1,-1,-1
261,5,1128.00,471.00,84.00,271.00,1.0,-1,-1,-1
261,6,1394.00,375.00,126.00,339.00,1.0,-1,-1,-1
261,7,1667.00,531.00,75.00,187.00,1.0,-1,-1,-1
261,8,1145.00,306.00,169.00,484.00,1.0,-1,-1,-1
261,9,1014.00,329.00,115.00,448.00,1.0,-1,-1,-1
261,10,1823.00,421.00,81.00,215.00,1.0,-1,-1,-1
261,11,1305.00,432.00,84.00,280.00,1.0,-1,-1,-1
261,12,807.00,344.00,143.00,491.00,1.0,-1,-1,-1
261,13,124.00,535.00,72.00,206.00,1.0,-1,-1,-1
262,0,1818.00,416.00,95.00,203.00,1.0,-1,-1,-1
262,1,0.00,0.00,0.00,0.00,1.0,-1,-1,-1
262,2,1075.00,391.00,81.00,334.00,1.0,-1,-1,-1
262,3,1544.00,421.00,92.00,279.00,1.0,-1,-1,-1
262,4,0.00,0.00,0.00,0.00,1.0,-1,-1,-1
262,5,1128.00,451.00,84.00,291.00,1.0,-1,-1,-1
262,6,1394.00,375.00,136.00,339.00,1.0,-1,-1,-1
262,7,1680.00,529.00,69.00,189.00,1.0,-1,-1,-1
262,8,1141.00,306.00,172.00,484.00,1.0,-1,-1,-1
262,9,1038.00,333.00,130.00,441.00,1.0,-1,-1,-1
262,10,1821.00,424.00,84.00,211.00,1.0,-1,-1,-1
262,11,1311.00,433.00,84.00,279.00,1.0,-1,-1,-1
262,12,820.00,348.00,151.00,486.00,1.0,-1,-1,-1
262,13,123.00,535.00,73.00,206.00,1.0,-1,-1,-1
263,0,1857.00,415.00,63.00,204.00,1.0,-1,-1,-1
263,1,0.00,0.00,0.00,0.00,1.0,-1,-1,-1
263,2,1079.00,390.00,79.00,341.00,1.0,-1,-1,-1
263,3,1545.00,421.00,91.00,279.00,1.0,-1,-1,-1
263,4,0.00,0.00,0.00,0.00,1.0,-1,-1,-1
263,5,1140.00,458.00,76.00,284.00,1.0,-1,-1,-1
263,6,1397.00,375.00,137.00,338.00,1.0,-1,-1,-1
263,7,1683.00,527.00,70.00,192.00,1.0,-1,-1,-1
263,8,1143.00,306.00,176.00,484.00,1.0,-1,-1,-1
263,9,1051.00,335.00,138.00,436.00,1.0,-1,-1,-1
263,10,1821.00,424.00,90.00,211.00,1.0,-1,-1,-1
263,11,1315.00,433.00,83.00,279.00,1.0,-1,-1,-1
263,12,820.00,352.00,170.00,479.00,1.0,-1,-1,-1
263,13,123.00,533.00,73.00,208.00,1.0,-1,-1,-1
264,0,1859.00,416.00,61.00,198.00,1.0,-1,-1,-1
264,1,0.00,0.00,0.00,0.00,1.0,-1,-1,-1
264,2,1086.00,389.00,75.00,341.00,1.0,-1,-1,-1
264,3,1545.00,421.00,91.00,278.00,1.0,-1,-1,-1
264,4,0.00,0.00,0.00,0.00,1.0,-1,-1,-1
264,5,1151.00,457.00,103.00,267.00,1.0,-1,-1,-1
264,6,1403.00,377.00,137.00,336.00,1.0,-1,-1,-1
264,7,1690.00,527.00,68.00,194.00,1.0,-1,-1,-1
264,8,1149.00,310.00,196.00,480.00,1.0,-1,-1,-1
264,9,1067.00,338.00,143.00,428.00,1.0,-1,-1,-1
264,10,1824.00,426.00,91.00,209.00,1.0,-1,-1,-1
264,11,1324.00,434.00,78.00,277.00,1.0,-1,-1,-1
264,12,822.00,353.00,190.00,477.00,1.0,-1,-1,-1
264,13,122.00,533.00,74.00,208.00,1.0,-1,-1,-1
265,0,1860.00,417.00,60.00,168.00,1.0,-1,-1,-1
265,1,0.00,0.00,0.00,0.00,1.0,-1,-1,-1
265,2,1079.00,389.00,89.00,340.00,1.0,-1,-1,-1
265,3,1546.00,421.00,91.00,278.00,1.0,-1,-1,-1
265,4,0.00,0.00,0.00,0.00,1.0,-1,-1,-1
265,5,1156.00,457.00,109.00,267.00,1.0,-1,-1,-1
265,6,1405.00,378.00,137.00,335.00,1.0,-1,-1,-1
265,7,1694.00,527.00,71.00,195.00,1.0,-1,-1,-1
265,8,1175.00,312.00,182.00,478.00,1.0,-1,-1,-1
265,9,1082.00,342.00,131.00,423.00,1.0,-1,-1,-1
265,10,1826.00,427.00,94.00,208.00,1.0,-1,-1,-1
265,11,1327.00,434.00,79.00,276.00,1.0,-1,-1,-1
265,12,827.00,354.00,189.00,475.00,1.0,-1,-1,-1
265,13,122.00,533.00,74.00,208.00,1.0,-1,-1,-1
266,0,1862.00,418.00,58.00,85.00,1.0,-1,-1,-1
266,1,0.00,0.00,0.00,0.00,1.0,-1,-1,-1
266,2,1085.00,388.00,85.00,339.00,1.0,-1,-1,-1
266,3,1547.00,421.00,91.00,278.00,1.0,-1,-1,-1
266,4,0.00,0.00,0.00,0.00,1.0,-1,-1,-1
266,5,1173.00,577.00,97.00,150.00,1.0,-1,-1,-1
266,6,1414.00,379.00,131.00,334.00,1.0,-1,-1,-1
266,7,1696.00,528.00,70.00,196.00,1.0,-1,-1,-1
266,8,1184.00,315.00,181.00,475.00,1.0,-1,-1,-1
266,9,1084.00,436.00,129.00,330.00,1.0,-1,-1,-1
266,10,1826.00,427.00,94.00,207.00,1.0,-1,-1,-1
266,11,1331.00,434.00,78.00,274.00,1.0,-1,-1,-1
266,12,839.00,355.00,180.00,473.00,1.0,-1,-1,-1
266,13,122.00,533.00,74.00,208.00,1.0,-1,-1,-1
267,0,1868.00,420.00,52.00,80.00,1.0,-1,-1,-1
267,1,0.00,0.00,0.00,0.00,1.0,-1,-1,-1
267,2,1108.00,388.00,70.00,338.00,1.0,-1,-1,-1
267,3,1548.00,421.00,92.00,279.00,1.0,-1,-1,-1
267,4,0.00,0.00,0.00,0.00,1.0,-1,-1,-1
267,5,1171.00,462.00,103.00,278.00,1.0,-1,-1,-1
267,6,1418.00,382.00,130.00,330.00,1.0,-1,-1,-1
267,7,1699.00,530.00,73.00,194.00,1.0,-1,-1,-1
267,8,1194.00,318.00,173.00,471.00,1.0,-1,-1,-1
267,9,1022.00,415.00,190.00,354.00,1.0,-1,-1,-1
267,10,1826.00,428.00,94.00,204.00,1.0,-1,-1,-1
267,11,1334.00,432.00,79.00,270.00,1.0,-1,-1,-1
267,12,864.00,356.00,158.00,466.00,1.0,-1,-1,-1
267,13,122.00,533.00,74.00,208.00,1.0,-1,-1,-1
268,0,1870.00,420.00,50.00,79.00,1.0,-1,-1,-1
268,1,0.00,0.00,0.00,0.00,1.0,-1,-1,-1
268,2,1113.00,388.00,69.00,337.00,1.0,-1,-1,-1
268,3,1549.00,421.00,91.00,279.00,1.0,-1,-1,-1
268,4,0.00,0.00,0.00,0.00,1.0,-1,-1,-1
268,5,1177.00,411.00,98.00,328.00,1.0,-1,-1,-1
268,6,1421.00,385.00,130.00,327.00,1.0,-1,-1,-1
268,7,1704.00,531.00,73.00,193.00,1.0,-1,-1,-1
268,8,1202.00,320.00,161.00,464.00,1.0,-1,-1,-1
268,9,1030.00,388.00,183.00,376.00,1.0,-1,-1,-1
268,10,1827.00,427.00,93.00,203.00,1.0,-1,-1,-1
268,11,1337.00,431.00,77.00,270.00,1.0,-1,-1,-1
268,12,884.00,356.00,149.00,459.00,1.0,-1,-1,-1
268,13,121.00,533.00,75.00,208.00,1.0,-1,-1,-1
269,0,1830.00,422.00,90.00,96.00,1.0,-1,-1,-1
269,1,0.00,0.00,0.00,0.00,1.0,-1,-1,-1
269,2,1116.00,392.00,73.00,333.00,1.0,-1,-1,-1
269,3,1552.00,422.00,90.00,278.00,1.0,-1,-1,-1
269,4,0.00,0.00,0.00,0.00,1.0,-1,-1,-1
269,5,1188.00,405.00,87.00,322.00,1.0,-1,-1,-1
269,6,1428.00,387.00,123.00,325.00,1.0,-1,-1,-1
269,7,1711.00,530.00,71.00,194.00,1.0,-1,-1,-1
269,8,1213.00,322.00,151.00,453.00,1.0,-1,-1,-1
269,9,1045.00,382.00,160.00,384.00,1.0,-1,-1,-1
269,10,1832.00,425.00,88.00,205.00,1.0,-1,-1,-1
269,11,1346.00,430.00,72.00,271.00,1.0,-1,-1,-1
269,12,910.00,353.00,132.00,455.00,1.0,-1,-1,-1
269,13,122.00,533.00,74.00,208.00,1.0,-1,-1,-1
270,0,1831.00,422.00,89.00,97.00,1.0,-1,-1,-1
270,1,0.00,0.00,0.00,0.00,1.0,-1,-1,-1
270,2,1118.00,654.00,34.00,71.00,1.0,-1,-1,-1
270,3,1555.00,423.00,87.00,277.00,1.0,-1,-1,-1
270,4,0.00,0.00,0.00,0.00,1.0,-1,-1,-1
270,5,1194.00,404.00,82.00,322.00,1.0,-1,-1,-1
270,6,1428.00,388.00,123.00,324.00,1.0,-1,-1,-1
270,7,1715.00,528.00,67.00,196.00,1.0,-1,-1,-1
270,8,1218.00,322.00,146.00,460.00,1.0,-1,-1,-1
270,9,1149.00,400.00,48.00,366.00,1.0,-1,-1,-1
270,10,1832.00,424.00,88.00,206.00,1.0,-1,-1,-1
270,11,1351.00,431.00,72.00,270.00,1.0,-1,-1,-1
270,12,916.00,353.00,127.00,456.00,1.0,-1,-1,-1
270,13,122.00,533.00,74.00,208.00,1.0,-1,-1,-1
271,0,1832.00,422.00,88.00,99.00,1.0,-1,-1,-1
271,1,0.00,0.00,0.00,0.00,1.0,-1,-1,-1
271,2,1121.00,651.00,57.00,75.00,1.0,-1,-1,-1
271,3,1556.00,424.00,90.00,276.00,1.0,-1,-1,-1
271,4,0.00,0.00,0.00,0.00,1.0,-1,-1,-1
271,5,1202.00,402.00,73.00,324.00,1.0,-1,-1,-1
271,6,1433.00,388.00,117.00,323.00,1.0,-1,-1,-1
271,7,1717.00,526.00,75.00,198.00,1.0,-1,-1,-1
271,8,1227.00,321.00,146.00,448.00,1.0,-1,-1,-1
271,9,1098.00,338.00,103.00,428.00,1.0,-1,-1,-1
271,10,1833.00,424.00,87.00,206.00,1.0,-1,-1,-1
271,11,1359.00,432.00,76.00,269.00,1.0,-1,-1,-1
271,12,920.00,352.00,127.00,456.00,1.0,-1,-1,-1
271,13,122.00,533.00,74.00,208.00,1.0,-1,-1,-1
272,0,1835.00,421.00,85.00,98.00,1.0,-1,-1,-1
272,1,0.00,0.00,0.00,0.00,1.0,-1,-1,-1
272,2,1151.00,653.00,32.00,74.00,1.0,-1,-1,-1
272,3,1559.00,425.00,88.00,276.00,1.0,-1,-1,-1
272,4,0.00,0.00,0.00,0.00,1.0,-1,-1,-1
272,5,1217.00,400.00,52.00,312.00,1.0,-1,-1,-1
272,6,1436.00,388.00,111.00,315.00,1.0,-1,-1,-1
272,7,1719.00,526.00,93.00,199.00,1.0,-1,-1,-1
272,8,1235.00,321.00,151.00,450.00,1.0,-1,-1,-1
272,9,1090.00,337.00,112.00,429.00,1.0,-1,-1,-1
272,10,1836.00,423.00,84.00,208.00,1.0,-1,-1,-1
272,11,1368.00,434.00,86.00,268.00,1.0,-1,-1,-1
272,12,925.00,352.00,138.00,456.00,1.0,-1,-1,-1
272,13,122.00,534.00,74.00,207.00,1.0,-1,-1,-1
273,0,1838.00,419.00,82.00,108.00,1.0,-1,-1,-1
273,1,0.00,0.00,0.00,0.00,1.0,-1,-1,-1
273,2,1105.00,622.00,76.00,105.00,1.0,-1,-1,-1
273,3,1560.00,427.00,88.00,273.00,1.0,-1,-1,-1
273,4,0.00,0.00,0.00,0.00,1.0,-1,-1,-1
273,5,1225.00,399.00,53.00,323.00,1.0,-1,-1,-1
273,6,1439.00,389.00,103.00,312.00,1.0,-1,-1,-1
273,7,1721.00,527.00,94.00,199.00,1.0,-1,-1,-1
273,8,1238.00,320.00,160.00,449.00,1.0,-1,-1,-1
273,9,1095.00,336.00,110.00,430.00,1.0,-1,-1,-1
273,10,1838.00,424.00,82.00,206.00,1.0,-1,-1,-1
273,11,1369.00,435.00,93.00,266.00,1.0,-1,-1,-1
273,12,939.00,355.00,137.00,453.00,1.0,-1,-1,-1
273,13,123.00,535.00,73.00,206.00,1.0,-1,-1,-1
274,0,1842.00,418.00,78.00,109.00,1.0,-1,-1,-1
274,1,0.00,0.00,0.00,0.00,1.0,-1,-1,-1
274,2,1119.00,612.00,36.00,112.00,1.0,-1,-1,-1
274,3,1561.00,428.00,87.00,270.00,1.0,-1,-1,-1
274,4,0.00,0.00,0.00,0.00,1.0,-1,-1,-1
274,5,1232.00,399.00,62.00,325.00,1.0,-1,-1,-1
274,6,1446.00,388.00,88.00,313.00,1.0,-1,-1,-1
274,7,1727.00,531.00,89.00,195.00,1.0,-1,-1,-1
274,8,1248.00,320.00,163.00,449.00,1.0,-1,-1,-1
274,9,1106.00,336.00,99.00,427.00,1.0,-1,-1,-1
274,10,1843.00,426.00,77.00,204.00,1.0,-1,-1,-1
274,11,1369.00,438.00,98.00,263.00,1.0,-1,-1,-1
274,12,941.00,357.00,164.00,451.00,1.0,-1,-1,-1
274,13,123.00,536.00,73.00,205.00,1.0,-1,-1,-1
275,0,1844.00,417.00,76.00,109.00,1.0,-1,-1,-1
275,1,0.00,0.00,0.00,0.00,1.0,-1,-1,-1
275,2,1120.00,553.00,40.00,170.00,1.0,-1,-1,-1
275,3,1563.00,429.00,81.00,269.00,1.0,-1,-1,-1
275,4,0.00,0.00,0.00,0.00,1.0,-1,-1,-1
275,5,1240.00,400.00,63.00,325.00,1.0,-1,-1,-1
275,6,1449.00,388.00,86.00,313.00,1.0,-1,-1,-1
275,7,1731.00,533.00,85.00,192.00,1.0,-1,-1,-1
275,8,1253.00,321.00,171.00,448.00,1.0,-1,-1,-1
275,9,1112.00,336.00,96.00,423.00,1.0,-1,-1,-1
275,10,1846.00,427.00,74.00,203.00,1.0,-1,-1,-1
275,11,1370.00,440.00,97.00,260.00,1.0,-1,-1,-1
275,12,962.00,359.00,164.00,448.00,1.0,-1,-1,-1
275,13,123.00,536.00,73.00,205.00,1.0,-1,-1,-1
276,0,1846.00,418.00,74.00,106.00,1.0,-1,-1,-1
276,1,0.00,0.00,0.00,0.00,1.0,-1,-1,-1
276,2,1123.00,624.00,38.00,99.00,1.0,-1,-1,-1
276,3,1566.00,430.00,84.00,267.00,1.0,-1,-1,-1
276,4,0.00,0.00,0.00,0.00,1.0,-1,-1,-1
276,5,1247.00,403.00,73.00,322.00,1.0,-1,-1,-1
276,6,1452.00,388.00,88.00,313.00,1.0,-1,-1,-1
276,7,1735.00,533.00,81.00,192.00,1.0,-1,-1,-1
276,8,1257.00,322.00,175.00,447.00,1.0,-1,-1,-1
276,9,1118.00,337.00,61.00,404.00,1.0,-1,-1,-1
276,10,1847.00,427.00,73.00,203.00,1.0,-1,-1,-1
276,11,1371.00,439.00,98.00,261.00,1.0,-1,-1,-1
276,12,972.00,361.00,174.00,444.00,1.0,-1,-1,-1
276,13,123.00,536.00,73.00,205.00,1.0,-1,-1,-1
277,0,1848.00,419.00,72.00,103.00,1.0,-1,-1,-1
277,1,0.00,0.00,0.00,0.00,1.0,-1,-1,-1
277,2,1130.00,640.00,68.00,81.00,1.0,-1,-1,-1
277,3,1567.00,432.00,100.00,265.00,1.0,-1,-1,-1
277,4,0.00,0.00,0.00,0.00,1.0,-1,-1,-1
277,5,1188.00,405.00,130.00,321.00,1.0,-1,-1,-1
277,6,1456.00,389.00,91.00,311.00,1.0,-1,-1,-1
277,7,1740.00,531.00,76.00,197.00,1.0,-1,-1,-1
277,8,1270.00,325.00,170.00,444.00,1.0,-1,-1,-1
277,9,1126.00,338.00,86.00,427.00,1.0,-1,-1,-1
277,10,1849.00,429.00,71.00,201.00,1.0,-1,-1,-1
277,11,1376.00,439.00,93.00,258.00,1.0,-1,-1,-1
277,12,978.00,363.00,174.00,440.00,1.0,-1,-1,-1
277,13,123.00,536.00,73.00,205.00,1.0,-1,-1,-1
278,0,1851.00,420.00,69.00,97.00,1.0,-1,-1,-1
278,1,0.00,0.00,0.00,0.00,1.0,-1,-1,-1
278,2,1137.00,655.00,61.00,64.00,1.0,-1,-1,-1
278,3,1569.00,434.00,106.00,265.00,1.0,-1,-1,-1
278,4,0.00,0.00,0.00,0.00,1.0,-1,-1,-1
278,5,1193.00,410.00,84.00,316.00,1.0,-1,-1,-1
278,6,1460.00,390.00,95.00,310.00,1.0,-1,-1,-1
278,7,1741.00,530.00,75.00,201.00,1.0,-1,-1,-1
278,8,1278.00,328.00,168.00,441.00,1.0,-1,-1,-1
278,9,1132.00,341.00,85.00,424.00,1.0,-1,-1,-1
278,10,1850.00,429.00,70.00,201.00,1.0,-1,-1,-1
278,11,1383.00,438.00,86.00,254.00,1.0,-1,-1,-1
278,12,981.00,363.00,175.00,439.00,1.0,-1,-1,-1
278,13,123.00,535.00,73.00,206.00,1.0,-1,-1,-1
279,0,1852.00,422.00,68.00,89.00,1.0,-1,-1,-1
279,1,0.00,0.00,0.00,0.00,1.0,-1,-1,-1
279,2,1152.00,625.00,69.00,80.00,1.0,-1,-1,-1
279,3,1574.00,437.00,103.00,263.00,1.0,-1,-1,-1
279,4,0.00,0.00,0.00,0.00,1.0,-1,-1,-1
279,5,1197.00,620.00,25.00,74.00,1.0,-1,-1,-1
279,6,1463.00,391.00,106.00,309.00,1.0,-1,-1,-1
279,7,1741.00,530.00,73.00,201.00,1.0,-1,-1,-1
279,8,1290.00,331.00,162.00,437.00,1.0,-1,-1,-1
279,9,1141.00,344.00,80.00,421.00,1.0,-1,-1,-1
279,10,1852.00,429.00,68.00,200.00,1.0,-1,-1,-1
279,11,1398.00,436.00,70.00,256.00,1.0,-1,-1,-1
279,12,988.00,363.00,169.00,437.00,1.0,-1,-1,-1
279,13,123.00,536.00,72.00,205.00,1.0,-1,-1,-1
280,0,1855.00,423.00,65.00,88.00,1.0,-1,-1,-1
280,1,0.00,0.00,0.00,0.00,1.0,-1,-1,-1
280,2,0.00,0.00,0.00,0.00,1.0,-1,-1,-1
280,3,1575.00,441.00,103.00,260.00,1.0,-1,-1,-1
280,4,0.00,0.00,0.00,0.00,1.0,-1,-1,-1
280,5,1172.00,567.00,191.00,140.00,1.0,-1,-1,-1
280,6,1466.00,393.00,110.00,308.00,1.0,-1,-1,-1
280,7,1737.00,529.00,78.00,202.00,1.0,-1,-1,-1
280,8,1297.00,333.00,157.00,433.00,1.0,-1,-1,-1
280,9,1147.00,346.00,80.00,418.00,1.0,-1,-1,-1
280,10,1855.00,427.00,65.00,201.00,1.0,-1,-1,-1
280,11,1406.00,435.00,63.00,257.00,1.0,-1,-1,-1
280,12,995.00,362.00,161.00,435.00,1.0,-1,-1,-1
280,13,123.00,536.00,72.00,205.00,1.0,-1,-1,-1
281,0,1857.00,425.00,63.00,85.00,1.0,-1,-1,-1
281,1,0.00,0.00,0.00,0.00,1.0,-1,-1,-1
281,2,1190.00,624.00,43.00,83.00,1.0,-1,-1,-1
281,3,1578.00,446.00,99.00,254.00,1.0,-1,-1,-1
281,4,0.00,0.00,0.00,0.00,1.0,-1,-1,-1
281,5,1207.00,625.00,165.00,91.00,1.0,-1,-1,-1
281,6,1471.00,393.00,108.00,307.00,1.0,-1,-1,-1
281,7,1732.00,529.00,78.00,202.00,1.0,-1,-1,-1
281,8,1304.00,335.00,153.00,428.00,1.0,-1,-1,-1
281,9,1151.00,347.00,121.00,416.00,1.0,-1,-1,-1
281,10,1858.00,427.00,62.00,200.00,1.0,-1,-1,-1
281,11,1408.00,435.00,63.00,257.00,1.0,-1,-1,-1
281,12,1005.00,361.00,152.00,428.00,1.0,-1,-1,-1
281,13,123.00,536.00,72.00,205.00,1.0,-1,-1,-1
282,0,1860.00,426.00,53.00,85.00,1.0,-1,-1,-1
282,1,0.00,0.00,0.00,0.00,1.0,-1,-1,-1
282,2,1202.00,613.00,44.00,95.00,1.0,-1,-1,-1
282,3,1582.00,451.00,95.00,250.00,1.0,-1,-1,-1
282,4,0.00,0.00,0.00,0.00,1.0,-1,-1,-1
282,5,0.00,0.00,0.00,0.00,1.0,-1,-1,-1
282,6,1480.00,394.00,102.00,305.00,1.0,-1,-1,-1
282,7,1727.00,527.00,76.00,204.00,1.0,-1,-1,-1
282,8,1311.00,336.00,149.00,427.00,1.0,-1,-1,-1
282,9,1155.00,349.00,90.00,413.00,1.0,-1,-1,-1
282,10,1861.00,426.00,59.00,197.00,1.0,-1,-1,-1
282,11,1411.00,434.00,68.00,258.00,1.0,-1,-1,-1
282,12,1024.00,360.00,132.00,425.00,1.0,-1,-1,-1
282,13,123.00,536.00,72.00,205.00,1.0,-1,-1,-1
283,0,1864.00,426.00,56.00,88.00,1.0,-1,-1,-1
283,1,0.00,0.00,0.00,0.00,1.0,-1,-1,-1
283,2,1217.00,616.00,42.00,97.00,1.0,-1,-1,-1
283,3,1582.00,458.00,96.00,243.00,1.0,-1,-1,-1
283,4,0.00,0.00,0.00,0.00,1.0,-1,-1,-1
283,5,0.00,0.00,0.00,0.00,1.0,-1,-1,-1
283,6,1481.00,394.00,101.00,305.00,1.0,-1,-1,-1
283,7,1725.00,526.00,80.00,205.00,1.0,-1,-1,-1
283,8,1319.00,336.00,142.00,425.00,1.0,-1,-1,-1
283,9,1158.00,349.00,99.00,413.00,1.0,-1,-1,-1
283,10,1865.00,425.00,55.00,196.00,1.0,-1,-1,-1
283,11,1412.00,435.00,71.00,257.00,1.0,-1,-1,-1
283,12,1033.00,359.00,138.00,426.00,1.0,-1,-1,-1
283,13,123.00,537.00,72.00,204.00,1.0,-1,-1,-1
284,0,1867.00,425.00,53.00,93.00,1.0,-1,-1,-1
284,1,0.00,0.00,0.00,0.00,1.0,-1,-1,-1
284,2,1230.00,608.00,38.00,109.00,1.0,-1,-1,-1
284,3,1584.00,464.00,99.00,236.00,1.0,-1,-1,-1
284,4,0.00,0.00,0.00,0.00,1.0,-1,-1,-1
284,5,1240.00,590.00,131.00,165.00,1.0,-1,-1,-1
284,6,1483.00,394.00,98.00,304.00,1.0,-1,-1,-1
284,7,1719.00,526.00,91.00,205.00,1.0,-1,-1,-1
284,8,1325.00,335.00,139.00,413.00,1.0,-1,-1,-1
284,9,1168.00,348.00,95.00,412.00,1.0,-1,-1,-1
284,10,1868.00,424.00,52.00,196.00,1.0,-1,-1,-1
284,11,1429.00,439.00,62.00,252.00,1.0,-1,-1,-1
284,12,1043.00,359.00,153.00,426.00,1.0,-1,-1,-1
284,13,123.00,538.00,72.00,203.00,1.0,-1,-1,-1
285,0,1869.00,424.00,51.00,95.00,1.0,-1,-1,-1
285,1,0.00,0.00,0.00,0.00,1.0,-1,-1,-1
285,2,1253.00,614.00,30.00,88.00,1.0,-1,-1,-1
285,3,1588.00,470.00,98.00,230.00,1.0,-1,-1,-1
285,4,0.00,0.00,0.00,0.00,1.0,-1,-1,-1
285,5,1240.00,596.00,131.00,107.00,1.0,-1,-1,-1
285,6,1486.00,393.00,98.00,304.00,1.0,-1,-1,-1
285,7,1711.00,527.00,102.00,204.00,1.0,-1,-1,-1
285,8,1329.00,335.00,137.00,414.00,1.0,-1,-1,-1
285,9,1176.00,347.00,93.00,412.00,1.0,-1,-1,-1
285,10,1869.00,424.00,51.00,197.00,1.0,-1,-1,-1
285,11,1433.00,440.00,60.00,252.00,1.0,-1,-1,-1
285,12,1050.00,359.00,160.00,426.00,1.0,-1,-1,-1
285,13,123.00,538.00,72.00,203.00,1.0,-1,-1,-1
286,0,1871.00,424.00,49.00,96.00,1.0,-1,-1,-1
286,1,0.00,0.00,0.00,0.00,1.0,-1,-1,-1
286,2,1255.00,614.00,46.00,93.00,1.0,-1,-1,-1
286,3,1587.00,472.00,102.00,229.00,1.0,-1,-1,-1
286,4,0.00,0.00,0.00,0.00,1.0,-1,-1,-1
286,5,0.00,0.00,0.00,0.00,1.0,-1,-1,-1
286,6,1489.00,392.00,95.00,302.00,1.0,-1,-1,-1
286,7,1706.00,527.00,110.00,204.00,1.0,-1,-1,-1
286,8,1336.00,335.00,133.00,415.00,1.0,-1,-1,-1
286,9,1180.00,347.00,97.00,406.00,1.0,-1,-1,-1
286,10,1871.00,424.00,49.00,198.00,1.0,-1,-1,-1
286,11,1435.00,441.00,62.00,250.00,1.0,-1,-1,-1
286,12,1055.00,361.00,168.00,424.00,1.0,-1,-1,-1
286,13,123.00,538.00,72.00,203.00,1.0,-1,-1,-1
287,0,1873.00,424.00,47.00,95.00,1.0,-1,-1,-1
287,1,0.00,0.00,0.00,0.00,1.0,-1,-1,-1
287,2,1271.00,449.00,121.00,252.00,1.0,-1,-1,-1
287,3,1586.00,480.00,110.00,221.00,1.0,-1,-1,-1
287,4,0.00,0.00,0.00,0.00,1.0,-1,-1,-1
287,5,0.00,0.00,0.00,0.00,1.0,-1,-1,-1
287,6,1498.00,391.00,92.00,299.00,1.0,-1,-1,-1
287,7,1701.00,526.00,116.00,206.00,1.0,-1,-1,-1
287,8,1347.00,334.00,125.00,416.00,1.0,-1,-1,-1
287,9,1186.00,346.00,102.00,402.00,1.0,-1,-1,-1
287,10,1873.00,424.00,47.00,197.00,1.0,-1,-1,-1
287,11,1435.00,442.00,66.00,249.00,1.0,-1,-1,-1
287,12,1063.00,365.00,171.00,420.00,1.0,-1,-1,-1
287,13,123.00,538.00,72.00,203.00,1.0,-1,-1,-1
288,0,1875.00,423.00,45.00,98.00,1.0,-1,-1,-1
288,1,0.00,0.00,0.00,0.00,1.0,-1,-1,-1
288,2,1283.00,449.00,139.00,234.00,1.0,-1,-1,-1
288,3,1586.00,484.00,112.00,217.00,1.0,-1,-1,-1
288,4,0.00,0.00,0.00,0.00,1.0,-1,-1,-1
288,5,0.00,0.00,0.00,0.00,1.0,-1,-1,-1
288,6,1505.00,390.00,97.00,300.00,1.0,-1,-1,-1
288,7,1700.00,526.00,116.00,206.00,1.0,-1,-1,-1
288,8,1349.00,334.00,125.00,415.00,1.0,-1,-1,-1
288,9,1190.00,347.00,103.00,400.00,1.0,-1,-1,-1
288,10,1875.00,424.00,45.00,196.00,1.0,-1,-1,-1
288,11,1438.00,443.00,67.00,247.00,1.0,-1,-1,-1
288,12,1068.00,366.00,174.00,418.00,1.0,-1,-1,-1
288,13,123.00,538.00,72.00,203.00,1.0,-1,-1,-1
289,0,1875.00,424.00,45.00,97.00,1.0,-1,-1,-1
289,1,0.00,0.00,0.00,0.00,1.0,-1,-1,-1
289,2,1292.00,637.00,18.00,45.00,1.0,-1,-1,-1
289,3,1589.00,492.00,111.00,209.00,1.0,-1,-1,-1
289,4,0.00,0.00,0.00,0.00,1.0,-1,-1,-1
289,5,0.00,0.00,0.00,0.00,1.0,-1,-1,-1
289,6,1517.00,390.00,98.00,300.00,1.0,-1,-1,-1
289,7,1699.00,527.00,114.00,205.00,1.0,-1,-1,-1
289,8,1359.00,334.00,117.00,411.00,1.0,-1,-1,-1
289,9,1193.00,347.00,108.00,401.00,1.0,-1,-1,-1
289,10,1875.00,425.00,45.00,182.00,1.0,-1,-1,-1
289,11,1448.00,442.00,59.00,245.00,1.0,-1,-1,-1
289,12,1076.00,369.00,176.00,413.00,1.0,-1,-1,-1
289,13,123.00,538.00,72.00,203.00,1.0,-1,-1,-1
290,0,1876.00,426.00,44.00,97.00,1.0,-1,-1,-1
290,1,0.00,0.00,0.00,0.00,1.0,-1,-1,-1
290,2,1241.00,607.00,70.00,96.00,1.0,-1,-1,-1
290,3,1591.00,495.00,111.00,206.00,1.0,-1,-1,-1
290,4,0.00,0.00,0.00,0.00,1.0,-1,-1,-1
290,5,1354.00,641.00,29.00,76.00,1.0,-1,-1,-1
290,6,1520.00,390.00,102.00,300.00,1.0,-1,-1,-1
290,7,1699.00,527.00,111.00,205.00,1.0,-1,-1,-1
290,8,1367.00,335.00,111.00,408.00,1.0,-1,-1,-1
290,9,1199.00,347.00,107.00,401.00,1.0,-1,-1,-1
290,10,1876.00,427.00,44.00,180.00,1.0,-1,-1,-1
290,11,1451.00,440.00,59.00,243.00,1.0,-1,-1,-1
290,12,1081.00,370.00,176.00,411.00,1.0,-1,-1,-1
290,13,123.00,538.00,72.00,203.00,1.0,-1,-1,-1
291,0,1877.00,427.00,43.00,96.00,1.0,-1,-1,-1
291,1,0.00,0.00,0.00,0.00,1.0,-1,-1,-1
291,2,1257.00,622.00,24.00,69.00,1.0,-1,-1,-1
291,3,1592.00,499.00,110.00,201.00,1.0,-1,-1,-1
291,4,0.00,0.00,0.00,0.00,1.0,-1,-1,-1
291,5,1355.00,639.00,34.00,77.00,1.0,-1,-1,-1
291,6,1524.00,390.00,103.00,300.00,1.0,-1,-1,-1
291,7,1699.00,527.00,106.00,205.00,1.0,-1,-1,-1
291,8,1373.00,337.00,108.00,409.00,1.0,-1,-1,-1
291,9,1204.00,348.00,110.00,400.00,1.0,-1,-1,-1
291,10,1877.00,427.00,43.00,168.00,1.0,-1,-1,-1
291,11,1459.00,440.00,54.00,243.00,1.0,-1,-1,-1
291,12,1086.00,370.00,172.00,410.00,1.0,-1,-1,-1
291,13,123.00,538.00,72.00,203.00,1.0,-1,-1,-1
292,0,1878.00,429.00,42.00,96.00,1.0,-1,-1,-1
292,1,0.00,0.00,0.00,0.00,1.0,-1,-1,-1
292,2,1262.00,498.00,41.00,193.00,1.0,-1,-1,-1
292,3,1594.00,505.00,107.00,195.00,1.0,-1,-1,-1
292,4,0.00,0.00,0.00,0.00,1.0,-1,-1,-1
292,5,1359.00,639.00,26.00,77.00,1.0,-1,-1,-1
292,6,1530.00,391.00,110.00,299.00,1.0,-1,-1,-1
292,7,1698.00,527.00,101.00,205.00,1.0,-1,-1,-1
292,8,1380.00,340.00,114.00,408.00,1.0,-1,-1,-1
292,9,1209.00,350.00,111.00,398.00,1.0,-1,-1,-1
292,10,1878.00,429.00,42.00,154.00,1.0,-1,-1,-1
292,11,1466.00,439.00,51.00,243.00,1.0,-1,-1,-1
292,12,1094.00,372.00,339.00,408.00,1.0,-1,-1,-1
292,13,123.00,538.00,72.00,203.00,1.0,-1,-1,-1
293,0,1877.00,430.00,43.00,98.00,1.0,-1,-1,-1
293,1,0.00,0.00,0.00,0.00,1.0,-1,-1,-1
293,2,1263.00,403.00,61.00,306.00,1.0,-1,-1,-1
293,3,1597.00,509.00,103.00,191.00,1.0,-1,-1,-1
293,4,0.00,0.00,0.00,0.00,1.0,-1,-1,-1
293,5,1361.00,658.00,27.00,58.00,1.0,-1,-1,-1
293,6,1534.00,391.00,116.00,299.00,1.0,-1,-1,-1
293,7,1697.00,527.00,102.00,205.00,1.0,-1,-1,-1
293,8,1382.00,343.00,116.00,405.00,1.0,-1,-1,-1
293,9,1212.00,351.00,114.00,397.00,1.0,-1,-1,-1
293,10,1879.00,430.00,41.00,150.00,1.0,-1,-1,-1
293,11,1469.00,438.00,52.00,243.00,1.0,-1,-1,-1
293,12,1097.00,373.00,163.00,406.00,1.0,-1,-1,-1
293,13,123.00,538.00,72.00,203.00,1.0,-1,-1,-1
294,0,1877.00,431.00,43.00,106.00,1.0,-1,-1,-1
294,1,0.00,0.00,0.00,0.00,1.0,-1,-1,-1
294,2,1269.00,398.00,69.00,304.00,1.0,-1,-1,-1
294,3,1595.00,515.00,104.00,185.00,1.0,-1,-1,-1
294,4,0.00,0.00,0.00,0.00,1.0,-1,-1,-1
294,5,1271.00,398.00,150.00,308.00,1.0,-1,-1,-1
294,6,1541.00,393.00,137.00,296.00,1.0,-1,-1,-1
294,7,1695.00,526.00,103.00,205.00,1.0,-1,-1,-1
294,8,1385.00,346.00,108.00,401.00,1.0,-1,-1,-1
294,9,1219.00,353.00,114.00,395.00,1.0,-1,-1,-1
294,10,1879.00,430.00,41.00,147.00,1.0,-1,-1,-1
294,11,1474.00,439.00,57.00,242.00,1.0,-1,-1,-1
294,12,1105.00,373.00,152.00,399.00,1.0,-1,-1,-1
294,13,123.00,538.00,72.00,203.00,1.0,-1,-1,-1
295,0,0.00,0.00,0.00,0.00,1.0,-1,-1,-1
295,1,0.00,0.00,0.00,0.00,1.0,-1,-1,-1
295,2,1277.00,398.00,70.00,302.00,1.0,-1,-1,-1
295,3,1593.00,517.00,108.00,183.00,1.0,-1,-1,-1
295,4,0.00,0.00,0.00,0.00,1.0,-1,-1,-1
295,5,1405.00,652.00,23.00,53.00,1.0,-1,-1,-1
295,6,1544.00,394.00,137.00,295.00,1.0,-1,-1,-1
295,7,1693.00,526.00,107.00,205.00,1.0,-1,-1,-1
295,8,1383.00,348.00,116.00,399.00,1.0,-1,-1,-1
295,9,1222.00,355.00,117.00,392.00,1.0,-1,-1,-1
295,10,1879.00,430.00,41.00,150.00,1.0,-1,-1,-1
295,11,1478.00,441.00,66.00,240.00,1.0,-1,-1,-1
295,12,1107.00,373.00,145.00,393.00,1.0,-1,-1,-1
295,13,123.00,537.00,72.00,204.00,1.0,-1,-1,-1
296,0,0.00,0.00,0.00,0.00,1.0,-1,-1,-1
296,1,0.00,0.00,0.00,0.00,1.0,-1,-1,-1
296,2,1296.00,397.00,61.00,298.00,1.0,-1,-1,-1
296,3,1595.00,518.00,110.00,182.00,1.0,-1,-1,-1
296,4,0.00,0.00,0.00,0.00,1.0,-1,-1,-1
296,5,1406.00,670.00,28.00,35.00,1.0,-1,-1,-1
296,6,1547.00,395.00,139.00,294.00,1.0,-1,-1,-1
296,7,1691.00,527.00,109.00,204.00,1.0,-1,-1,-1
296,8,1385.00,348.00,117.00,397.00,1.0,-1,-1,-1
296,9,1225.00,356.00,121.00,390.00,1.0,-1,-1,-1
296,10,1879.00,429.00,41.00,153.00,1.0,-1,-1,-1
296,11,1496.00,473.00,54.00,203.00,1.0,-1,-1,-1
296,12,1112.00,372.00,134.00,393.00,1.0,-1,-1,-1
296,13,124.00,538.00,71.00,203.00,1.0,-1,-1,-1
297,0,0.00,0.00,0.00,0.00,1.0,-1,-1,-1
297,1,0.00,0.00,0.00,0.00,1.0,-1,-1,-1
297,2,1301.00,396.00,69.00,282.00,1.0,-1,-1,-1
297,3,1597.00,520.00,109.00,180.00,1.0,-1,-1,-1
297,4,0.00,0.00,0.00,0.00,1.0,-1,-1,-1
297,5,1226.00,396.00,206.00,345.00,1.0,-1,-1,-1
297,6,1552.00,394.00,138.00,295.00,1.0,-1,-1,-1
297,7,1689.00,527.00,104.00,204.00,1.0,-1,-1,-1
297,8,1396.00,349.00,114.00,393.00,1.0,-1,-1,-1
297,9,1231.00,357.00,125.00,388.00,1.0,-1,-1,-1
297,10,1878.00,429.00,42.00,157.00,1.0,-1,-1,-1
297,11,1499.00,471.00,59.00,204.00,1.0,-1,-1,-1
297,12,1117.00,371.00,119.00,394.00,1.0,-1,-1,-1
297,13,124.00,537.00,71.00,204.00,1.0,-1,-1,-1
298,0,0.00,0.00,0.00,0.00,1.0,-1,-1,-1
298,1,0.00,0.00,0.00,0.00,1.0,-1,-1,-1
298,2,1306.00,397.00,71.00,294.00,1.0,-1,-1,-1
298,3,1588.00,521.00,119.00,179.00,1.0,-1,-1,-1
298,4,0.00,0.00,0.00,0.00,1.0,-1,-1,-1
298,5,1240.00,396.00,193.00,307.00,1.0,-1,-1,-1
298,6,1558.00,395.00,134.00,292.00,1.0,-1,-1,-1
298,7,1689.00,528.00,101.00,203.00,1.0,-1,-1,-1
298,8,1418.00,349.00,95.00,380.00,1.0,-1,-1,-1
298,9,1237.00,357.00,125.00,387.00,1.0,-1,-1,-1
298,10,1877.00,429.00,43.00,162.00,1.0,-1,-1,-1
298,11,1502.00,465.00,55.00,210.00,1.0,-1,-1,-1
298,12,1121.00,371.00,112.00,395.00,1.0,-1,-1,-1
298,13,123.00,537.00,72.00,204.00,1.0,-1,-1,-1
299,0,0.00,0.00,0.00,0.00,1.0,-1,-1,-1
299,1,0.00,0.00,0.00,0.00,1.0,-1,-1,-1
299,2,1309.00,398.00,77.00,296.00,1.0,-1,-1,-1
299,3,1580.00,522.00,126.00,178.00,1.0,-1,-1,-1
299,4,0.00,0.00,0.00,0.00,1.0,-1,-1,-1
299,5,1317.00,398.00,120.00,302.00,1.0,-1,-1,-1
299,6,1565.00,394.00,127.00,266.00,1.0,-1,-1,-1
299,7,1689.00,528.00,94.00,203.00,1.0,-1,-1,-1
299,8,1432.00,349.00,88.00,380.00,1.0,-1,-1,-1
299,9,1244.00,356.00,135.00,387.00,1.0,-1,-1,-1
299,10,1877.00,429.00,43.00,163.00,1.0,-1,-1,-1
299,11,1507.00,456.00,52.00,219.00,1.0,-1,-1,-1
299,12,1126.00,371.00,125.00,394.00,1.0,-1,-1,-1
299,13,123.00,537.00,72.00,204.00,1.0,-1,-1,-1
300,0,0.00,0.00,0.00,0.00,1.0,-1,-1,-1
300,1,0.00,0.00,0.00,0.00,1.0,-1,-1,-1
300,2,1311.00,400.00,89.00,298.00,1.0,-1,-1,-1
300,3,1591.00,523.00,115.00,177.00,1.0,-1,-1,-1
300,4,0.00,0.00,0.00,0.00,1.0,-1,-1,-1
300,5,1319.00,398.00,128.00,301.00,1.0,-1,-1,-1
300,6,1570.00,394.00,119.00,208.00,1.0,-1,-1,-1
300,7,1691.00,528.00,89.00,202.00,1.0,-1,-1,-1
300,8,1436.00,350.00,76.00,380.00,1.0,-1,-1,-1
300,9,1251.00,354.00,133.00,389.00,1.0,-1,-1,-1
300,10,1882.00,429.00,38.00,163.00,1.0,-1,-1,-1
300,11,1510.00,449.00,48.00,226.00,1.0,-1,-1,-1
300,12,1130.00,372.00,337.00,393.00,1.0,-1,-1,-1
300,13,123.00,537.00,72.00,204.00,1.0,-1,-1,-1
301,0,0.00,0.00,0.00,0.00,1.0,-1,-1,-1
301,1,0.00,0.00,0.00,0.00,1.0,-1,-1,-1
301,2,1314.00,401.00,92.00,299.00,1.0,-1,-1,-1
301,3,1596.00,522.00,106.00,178.00,1.0,-1,-1,-1
301,4,0.00,0.00,0.00,0.00,1.0,-1,-1,-1
301,5,0.00,0.00,0.00,0.00,1.0,-1,-1,-1
301,6,1576.00,392.00,103.00,201.00,1.0,-1,-1,-1
301,7,1692.00,530.00,89.00,200.00,1.0,-1,-1,-1
301,8,1456.00,352.00,60.00,378.00,1.0,-1,-1,-1
301,9,1260.00,353.00,125.00,389.00,1.0,-1,-1,-1
301,10,1882.00,429.00,38.00,160.00,1.0,-1,-1,-1
301,11,1506.00,448.00,52.00,227.00,1.0,-1,-1,-1
301,12,1134.00,372.00,139.00,393.00,1.0,-1,-1,-1
301,13,123.00,537.00,72.00,204.00,1.0,-1,-1,-1
302,0,0.00,0.00,0.00,0.00,1.0,-1,-1,-1
302,1,0.00,0.00,0.00,0.00,1.0,-1,-1,-1
302,2,1316.00,404.00,85.00,295.00,1.0,-1,-1,-1
302,3,1596.00,521.00,105.00,179.00,1.0,-1,-1,-1
302,4,0.00,0.00,0.00,0.00,1.0,-1,-1,-1
302,5,1271.00,426.00,156.00,279.00,1.0,-1,-1,-1
302,6,1580.00,391.00,89.00,195.00,1.0,-1,-1,-1
302,7,1696.00,531.00,87.00,198.00,1.0,-1,-1,-1
302,8,1477.00,404.00,58.00,328.00,1.0,-1,-1,-1
302,9,1268.00,353.00,147.00,381.00,1.0,-1,-1,-1
302,10,1882.00,431.00,38.00,147.00,1.0,-1,-1,-1
302,11,1494.00,449.00,70.00,226.00,1.0,-1,-1,-1
302,12,1139.00,373.00,141.00,391.00,1.0,-1,-1,-1
302,13,123.00,536.00,72.00,205.00,1.0,-1,-1,-1
303,0,0.00,0.00,0.00,0.00,1.0,-1,-1,-1
303,1,0.00,0.00,0.00,0.00,1.0,-1,-1,-1
303,2,1317.00,405.00,86.00,293.00,1.0,-1,-1,-1
303,3,1596.00,519.00,108.00,180.00,1.0,-1,-1,-1
303,4,0.00,0.00,0.00,0.00,1.0,-1,-1,-1
303,5,1361.00,427.00,71.00,278.00,1.0,-1,-1,-1
303,6,1582.00,392.00,82.00,189.00,1.0,-1,-1,-1
303,7,1699.00,531.00,86.00,196.00,1.0,-1,-1,-1
303,8,1484.00,406.00,29.00,324.00,1.0,-1,-1,-1
303,9,1271.00,352.00,114.00,381.00,1.0,-1,-1,-1
303,10,1884.00,432.00,36.00,146.00,1.0,-1,-1,-1
303,11,1496.00,449.00,72.00,239.00,1.0,-1,-1,-1
303,12,1144.00,374.00,141.00,389.00,1.0,-1,-1,-1
303,13,123.00,537.00,72.00,204.00,1.0,-1,-1,-1
304,0,0.00,0.00,0.00,0.00,1.0,-1,-1,-1
304,1,0.00,0.00,0.00,0.00,1.0,-1,-1,-1
304,2,1323.00,406.00,87.00,286.00,1.0,-1,-1,-1
304,3,1595.00,515.00,112.00,184.00,1.0,-1,-1,-1
304,4,0.00,0.00,0.00,0.00,1.0,-1,-1,-1
304,5,1350.00,388.00,83.00,316.00,1.0,-1,-1,-1
304,6,1587.00,393.00,79.00,181.00,1.0,-1,-1,-1
304,7,1703.00,530.00,85.00,197.00,1.0,-1,-1,-1
304,8,1490.00,403.00,52.00,329.00,1.0,-1,-1,-1
304,9,1275.00,353.00,109.00,380.00,1.0,-1,-1,-1
304,10,1886.00,434.00,34.00,145.00,1.0,-1,-1,-1
304,11,1506.00,441.00,67.00,245.00,1.0,-1,-1,-1
304,12,1151.00,376.00,133.00,386.00,1.0,-1,-1,-1
304,13,123.00,536.00,73.00,205.00,1.0,-1,-1,-1
305,0,0.00,0.00,0.00,0.00,1.0,-1,-1,-1
305,1,0.00,0.00,0.00,0.00,1.0,-1,-1,-1
305,2,1353.00,406.00,60.00,279.00,1.0,-1,-1,-1
305,3,1595.00,511.00,111.00,188.00,1.0,-1,-1,-1
305,4,0.00,0.00,0.00,0.00,1.0,-1,-1,-1
305,5,1353.00,394.00,152.00,310.00,1.0,-1,-1,-1
305,6,1592.00,394.00,79.00,173.00,1.0,-1,-1,-1
305,7,1705.00,530.00,84.00,197.00,1.0,-1,-1,-1
305,8,0.00,0.00,0.00,0.00,1.0,-1,-1,-1
305,9,1281.00,353.00,104.00,380.00,1.0,-1,-1,-1
305,10,1887.00,434.00,33.00,145.00,1.0,-1,-1,-1
305,11,1515.00,440.00,62.00,235.00,1.0,-1,-1,-1
305,12,1157.00,377.00,126.00,385.00,1.0,-1,-1,-1
305,13,123.00,537.00,73.00,204.00,1.0,-1,-1,-1
306,0,0.00,0.00,0.00,0.00,1.0,-1,-1,-1
306,1,0.00,0.00,0.00,0.00,1.0,-1,-1,-1
306,2,1356.00,405.00,63.00,275.00,1.0,-1,-1,-1
306,3,1594.00,508.00,111.00,191.00,1.0,-1,-1,-1
306,4,0.00,0.00,0.00,0.00,1.0,-1,-1,-1
306,5,1361.00,406.00,160.00,297.00,1.0,-1,-1,-1
306,6,1596.00,395.00,104.00,274.00,1.0,-1,-1,-1
306,7,1706.00,529.00,84.00,198.00,1.0,-1,-1,-1
306,8,0.00,0.00,0.00,0.00,1.0,-1,-1,-1
306,9,1285.00,354.00,100.00,379.00,1.0,-1,-1,-1
306,10,1886.00,435.00,34.00,144.00,1.0,-1,-1,-1
306,11,1521.00,438.00,59.00,237.00,1.0,-1,-1,-1
306,12,1163.00,376.00,121.00,385.00,1.0,-1,-1,-1
306,13,123.00,538.00,72.00,203.00,1.0,-1,-1,-1
307,0,0.00,0.00,0.00,0.00,1.0,-1,-1,-1
307,1,0.00,0.00,0.00,0.00,1.0,-1,-1,-1
307,2,1365.00,406.00,61.00,284.00,1.0,-1,-1,-1
307,3,1593.00,502.00,109.00,197.00,1.0,-1,-1,-1
307,4,0.00,0.00,0.00,0.00,1.0,-1,-1,-1
307,5,1367.00,406.00,80.00,297.00,1.0,-1,-1,-1
307,6,1597.00,397.00,105.00,266.00,1.0,-1,-1,-1
307,7,1706.00,529.00,85.00,198.00,1.0,-1,-1,-1
307,8,1395.00,402.00,172.00,289.00,1.0,-1,-1,-1
307,9,1291.00,355.00,98.00,378.00,1.0,-1,-1,-1
307,10,1887.00,436.00,33.00,144.00,1.0,-1,-1,-1
307,11,1525.00,438.00,60.00,237.00,1.0,-1,-1,-1
307,12,1169.00,377.00,115.00,383.00,1.0,-1,-1,-1
307,13,123.00,537.00,72.00,204.00,1.0,-1,-1,-1
308,0,0.00,0.00,0.00,0.00,1.0,-1,-1,-1
308,1,0.00,0.00,0.00,0.00,1.0,-1,-1,-1
308,2,1366.00,403.00,61.00,288.00,1.0,-1,-1,-1
308,3,1592.00,497.00,114.00,203.00,1.0,-1,-1,-1
308,4,0.00,0.00,0.00,0.00,1.0,-1,-1,-1
308,5,1391.00,465.00,67.00,237.00,1.0,-1,-1,-1
308,6,1600.00,397.00,107.00,272.00,1.0,-1,-1,-1
308,7,1704.00,528.00,87.00,199.00,1.0,-1,-1,-1
308,8,1397.00,418.00,175.00,273.00,1.0,-1,-1,-1
308,9,1295.00,356.00,96.00,377.00,1.0,-1,-1,-1
308,10,1889.00,436.00,31.00,144.00,1.0,-1,-1,-1
308,11,1528.00,438.00,58.00,236.00,1.0,-1,-1,-1
308,12,1173.00,376.00,111.00,383.00,1.0,-1,-1,-1
308,13,123.00,538.00,73.00,203.00,1.0,-1,-1,-1
309,0,0.00,0.00,0.00,0.00,1.0,-1,-1,-1
309,1,0.00,0.00,0.00,0.00,1.0,-1,-1,-1
309,2,1369.00,401.00,60.00,290.00,1.0,-1,-1,-1
309,3,1590.00,492.00,112.00,208.00,1.0,-1,-1,-1
309,4,0.00,0.00,0.00,0.00,1.0,-1,-1,-1
309,5,1424.00,615.00,38.00,83.00,1.0,-1,-1,-1
309,6,1617.00,398.00,82.00,232.00,1.0,-1,-1,-1
309,7,1699.00,528.00,91.00,199.00,1.0,-1,-1,-1
309,8,1410.00,420.00,31.00,175.00,1.0,-1,-1,-1
309,9,1300.00,358.00,96.00,374.00,1.0,-1,-1,-1
309,10,1889.00,436.00,31.00,148.00,1.0,-1,-1,-1
309,11,1531.00,440.00,57.00,234.00,1.0,-1,-1,-1
309,12,1181.00,376.00,118.00,377.00,1.0,-1,-1,-1
309,13,123.00,538.00,73.00,203.00,1.0,-1,-1,-1
310,0,0.00,0.00,0.00,0.00,1.0,-1,-1,-1
310,1,0.00,0.00,0.00,0.00,1.0,-1,-1,-1
310,2,1365.00,401.00,70.00,290.00,1.0,-1,-1,-1
310,3,1588.00,488.00,113.00,212.00,1.0,-1,-1,-1
310,4,0.00,0.00,0.00,0.00,1.0,-1,-1,-1
310,5,1391.00,449.00,88.00,255.00,1.0,-1,-1,-1
310,6,1620.00,398.00,82.00,271.00,1.0,-1,-1,-1
310,7,1700.00,528.00,90.00,199.00,1.0,-1,-1,-1
310,8,1418.00,421.00,37.00,265.00,1.0,-1,-1,-1
310,9,1303.00,359.00,94.00,373.00,1.0,-1,-1,-1
310,10,1890.00,435.00,30.00,154.00,1.0,-1,-1,-1
310,11,1538.00,447.00,53.00,226.00,1.0,-1,-1,-1
310,12,1185.00,376.00,125.00,376.00,1.0,-1,-1,-1
310,13,123.00,538.00,73.00,203.00,1.0,-1,-1,-1
311,0,0.00,0.00,0.00,0.00,1.0,-1,-1,-1
311,1,0.00,0.00,0.00,0.00,1.0,-1,-1,-1
311,2,1379.00,400.00,56.00,291.00,1.0,-1,-1,-1
311,3,1587.00,484.00,106.00,216.00,1.0,-1,-1,-1
311,4,0.00,0.00,0.00,0.00,1.0,-1,-1,-1
311,5,1450.00,646.00,24.00,48.00,1.0,-1,-1,-1
311,6,1622.00,398.00,85.00,272.00,1.0,-1,-1,-1
311,7,1701.00,527.00,88.00,200.00,1.0,-1,-1,-1
311,8,1419.00,365.00,55.00,328.00,1.0,-1,-1,-1
311,9,1306.00,361.00,94.00,371.00,1.0,-1,-1,-1
311,10,1891.00,435.00,29.00,156.00,1.0,-1,-1,-1
311,11,1544.00,447.00,52.00,226.00,1.0,-1,-1,-1
311,12,1188.00,377.00,131.00,375.00,1.0,-1,-1,-1
311,13,123.00,538.00,73.00,203.00,1.0,-1,-1,-1
312,0,0.00,0.00,0.00,0.00,1.0,-1,-1,-1
312,1,0.00,0.00,0.00,0.00,1.0,-1,-1,-1
312,2,1384.00,401.00,56.00,290.00,1.0,-1,-1,-1
312,3,1585.00,480.00,108.00,220.00,1.0,-1,-1,-1
312,4,0.00,0.00,0.00,0.00,1.0,-1,-1,-1
312,5,0.00,0.00,0.00,0.00,1.0,-1,-1,-1
312,6,1631.00,398.00,85.00,273.00,1.0,-1,-1,-1
312,7,1703.00,527.00,84.00,200.00,1.0,-1,-1,-1
312,8,1420.00,363.00,50.00,199.00,1.0,-1,-1,-1
312,9,1307.00,364.00,97.00,367.00,1.0,-1,-1,-1
312,10,1890.00,434.00,30.00,176.00,1.0,-1,-1,-1
312,11,1549.00,447.00,51.00,220.00,1.0,-1,-1,-1
312,12,1192.00,377.00,140.00,375.00,1.0,-1,-1,-1
312,13,123.00,538.00,73.00,203.00,1.0,-1,-1,-1
313,0,0.00,0.00,0.00,0.00,1.0,-1,-1,-1
313,1,0.00,0.00,0.00,0.00,1.0,-1,-1,-1
313,2,1386.00,401.00,54.00,291.00,1.0,-1,-1,-1
313,3,1585.00,477.00,107.00,223.00,1.0,-1,-1,-1
313,4,0.00,0.00,0.00,0.00,1.0,-1,-1,-1
313,5,0.00,0.00,0.00,0.00,1.0,-1,-1,-1
313,6,1634.00,396.00,92.00,275.00,1.0,-1,-1,-1
313,7,1702.00,527.00,83.00,200.00,1.0,-1,-1,-1
313,8,1418.00,363.00,54.00,201.00,1.0,-1,-1,-1
313,9,1308.00,365.00,98.00,366.00,1.0,-1,-1,-1
313,10,1890.00,432.00,30.00,181.00,1.0,-1,-1,-1
313,11,1552.00,446.00,51.00,221.00,1.0,-1,-1,-1
313,12,1194.00,379.00,146.00,373.00,1.0,-1,-1,-1
313,13,123.00,538.00,73.00,203.00,1.0,-1,-1,-1
314,0,0.00,0.00,0.00,0.00,1.0,-1,-1,-1
314,1,0.00,0.00,0.00,0.00,1.0,-1,-1,-1
314,2,1392.00,405.00,52.00,286.00,1.0,-1,-1,-1
314,3,1584.00,473.00,108.00,227.00,1.0,-1,-1,-1
314,4,0.00,0.00,0.00,0.00,1.0,-1,-1,-1
314,5,1451.00,432.00,80.00,264.00,1.0,-1,-1,-1
314,6,1639.00,395.00,103.00,277.00,1.0,-1,-1,-1
314,7,1704.00,527.00,80.00,200.00,1.0,-1,-1,-1
314,8,1420.00,363.00,51.00,197.00,1.0,-1,-1,-1
314,9,1310.00,366.00,99.00,364.00,1.0,-1,-1,-1
314,10,1889.00,432.00,31.00,182.00,1.0,-1,-1,-1
314,11,1556.00,444.00,51.00,222.00,1.0,-1,-1,-1
314,12,1191.00,380.00,157.00,372.00,1.0,-1,-1,-1
314,13,123.00,539.00,73.00,202.00,1.0,-1,-1,-1
315,0,0.00,0.00,0.00,0.00,1.0,-1,-1,-1
315,1,0.00,0.00,0.00,0.00,1.0,-1,-1,-1
315,2,1396.00,407.00,59.00,284.00,1.0,-1,-1,-1
315,3,1585.00,471.00,106.00,229.00,1.0,-1,-1,-1
315,4,0.00,0.00,0.00,0.00,1.0,-1,-1,-1
315,5,1450.00,432.00,84.00,279.00,1.0,-1,-1,-1
315,6,1644.00,395.00,124.00,276.00,1.0,-1,-1,-1
315,7,1702.00,526.00,80.00,201.00,1.0,-1,-1,-1
315,8,1422.00,363.00,48.00,197.00,1.0,-1,-1,-1
315,9,1309.00,366.00,101.00,364.00,1.0,-1,-1,-1
315,10,1887.00,432.00,33.00,182.00,1.0,-1,-1,-1
315,11,1518.00,442.00,90.00,224.00,1.0,-1,-1,-1
315,12,1191.00,382.00,160.00,370.00,1.0,-1,-1,-1
315,13,123.00,539.00,73.00,202.00,1.0,-1,-1,-1
316,0,0.00,0.00,0.00,0.00,1.0,-1,-1,-1
316,1,0.00,0.00,0.00,0.00,1.0,-1,-1,-1
316,2,1400.00,409.00,62.00,282.00,1.0,-1,-1,-1
316,3,1585.00,468.00,106.00,232.00,1.0,-1,-1,-1
316,4,0.00,0.00,0.00,0.00,1.0,-1,-1,-1
316,5,1424.00,375.00,103.00,336.00,1.0,-1,-1,-1
316,6,1649.00,395.00,125.00,276.00,1.0,-1,-1,-1
316,7,1701.00,527.00,81.00,200.00,1.0,-1,-1,-1
316,8,1424.00,362.00,50.00,232.00,1.0,-1,-1,-1
316,9,1312.00,366.00,99.00,363.00,1.0,-1,-1,-1
316,10,1886.00,432.00,34.00,182.00,1.0,-1,-1,-1
316,11,1559.00,441.00,50.00,224.00,1.0,-1,-1,-1
316,12,1211.00,383.00,145.00,369.00,1.0,-1,-1,-1
316,13,124.00,539.00,72.00,202.00,1.0,-1,-1,-1
317,0,0.00,0.00,0.00,0.00,1.0,-1,-1,-1
317,1,0.00,0.00,0.00,0.00,1.0,-1,-1,-1
317,2,1402.00,411.00,69.00,279.00,1.0,-1,-1,-1
317,3,1585.00,463.00,103.00,236.00,1.0,-1,-1,-1
317,4,0.00,0.00,0.00,0.00,1.0,-1,-1,-1
317,5,1426.00,364.00,100.00,351.00,1.0,-1,-1,-1
317,6,1655.00,396.00,128.00,275.00,1.0,-1,-1,-1
317,7,1700.00,526.00,80.00,201.00,1.0,-1,-1,-1
317,8,1427.00,363.00,65.00,194.00,1.0,-1,-1,-1
317,9,1312.00,365.00,101.00,360.00,1.0,-1,-1,-1
317,10,1888.00,434.00,32.00,180.00,1.0,-1,-1,-1
317,11,1562.00,442.00,47.00,220.00,1.0,-1,-1,-1
317,12,1216.00,385.00,143.00,367.00,1.0,-1,-1,-1
317,13,124.00,539.00,72.00,202.00,1.0,-1,-1,-1
318,0,0.00,0.00,0.00,0.00,1.0,-1,-1,-1
318,1,0.00,0.00,0.00,0.00,1.0,-1,-1,-1
318,2,1403.00,413.00,74.00,277.00,1.0,-1,-1,-1
318,3,1584.00,461.00,103.00,239.00,1.0,-1,-1,-1
318,4,0.00,0.00,0.00,0.00,1.0,-1,-1,-1
318,5,1427.00,363.00,68.00,352.00,1.0,-1,-1,-1
318,6,1659.00,397.00,127.00,274.00,1.0,-1,-1,-1
318,7,1698.00,526.00,83.00,201.00,1.0,-1,-1,-1
318,8,1428.00,363.00,67.00,193.00,1.0,-1,-1,-1
318,9,1315.00,366.00,100.00,354.00,1.0,-1,-1,-1
318,10,1889.00,436.00,31.00,178.00,1.0,-1,-1,-1
318,11,1564.00,442.00,47.00,219.00,1.0,-1,-1,-1
318,12,1224.00,386.00,138.00,366.00,1.0,-1,-1,-1
318,13,124.00,539.00,72.00,202.00,1.0,-1,-1,-1
319,0,0.00,0.00,0.00,0.00,1.0,-1,-1,-1
319,1,0.00,0.00,0.00,0.00,1.0,-1,-1,-1
319,2,1405.00,413.00,75.00,277.00,1.0,-1,-1,-1
319,3,1583.00,456.00,100.00,244.00,1.0,-1,-1,-1
319,4,0.00,0.00,0.00,0.00,1.0,-1,-1,-1
319,5,1428.00,365.00,71.00,351.00,1.0,-1,-1,-1
319,6,1664.00,399.00,123.00,272.00,1.0,-1,-1,-1
319,7,1695.00,527.00,84.00,200.00,1.0,-1,-1,-1
319,8,1430.00,365.00,70.00,271.00,1.0,-1,-1,-1
319,9,1320.00,366.00,97.00,354.00,1.0,-1,-1,-1
319,10,1889.00,436.00,31.00,176.00,1.0,-1,-1,-1
319,11,1570.00,445.00,52.00,214.00,1.0,-1,-1,-1
319,12,1231.00,387.00,133.00,363.00,1.0,-1,-1,-1
319,13,124.00,539.00,72.00,202.00,1.0,-1,-1,-1
320,0,0.00,0.00,0.00,0.00,1.0,-1,-1,-1
320,1,0.00,0.00,0.00,0.00,1.0,-1,-1,-1
320,2,1407.00,413.00,74.00,276.00,1.0,-1,-1,-1
320,3,1584.00,452.00,98.00,247.00,1.0,-1,-1,-1
320,4,0.00,0.00,0.00,0.00,1.0,-1,-1,-1
320,5,1432.00,368.00,67.00,349.00,1.0,-1,-1,-1
320,6,1665.00,400.00,124.00,270.00,1.0,-1,-1,-1
320,7,1693.00,527.00,85.00,200.00,1.0,-1,-1,-1
320,8,1432.00,368.00,69.00,295.00,1.0,-1,-1,-1
320,9,1315.00,366.00,102.00,354.00,1.0,-1,-1,-1
320,10,1886.00,437.00,34.00,173.00,1.0,-1,-1,-1
320,11,1575.00,448.00,53.00,203.00,1.0,-1,-1,-1
320,12,1236.00,388.00,130.00,361.00,1.0,-1,-1,-1
320,13,124.00,539.00,72.00,202.00,1.0,-1,-1,-1
321,0,0.00,0.00,0.00,0.00,1.0,-1,-1,-1
321,1,0.00,0.00,0.00,0.00,1.0,-1,-1,-1
321,2,1411.00,412.00,71.00,277.00,1.0,-1,-1,-1
321,3,1585.00,449.00,97.00,251.00,1.0,-1,-1,-1
321,4,0.00,0.00,0.00,0.00,1.0,-1,-1,-1
321,5,1434.00,370.00,66.00,347.00,1.0,-1,-1,-1
321,6,1666.00,401.00,121.00,269.00,1.0,-1,-1,-1
321,7,1692.00,528.00,84.00,200.00,1.0,-1,-1,-1
321,8,1434.00,370.00,67.00,346.00,1.0,-1,-1,-1
321,9,1321.00,366.00,100.00,354.00,1.0,-1,-1,-1
321,10,1885.00,438.00,35.00,174.00,1.0,-1,-1,-1
321,11,1579.00,449.00,49.00,195.00,1.0,-1,-1,-1
321,12,1241.00,389.00,126.00,360.00,1.0,-1,-1,-1
321,13,124.00,540.00,71.00,201.00,1.0,-1,-1,-1
322,0,0.00,0.00,0.00,0.00,1.0,-1,-1,-1
322,1,0.00,0.00,0.00,0.00,1.0,-1,-1,-1
322,2,1414.00,410.00,65.00,274.00,1.0,-1,-1,-1
322,3,1587.00,444.00,94.00,256.00,1.0,-1,-1,-1
322,4,0.00,0.00,0.00,0.00,1.0,-1,-1,-1
322,5,1439.00,372.00,64.00,345.00,1.0,-1,-1,-1
322,6,1675.00,402.00,111.00,145.00,1.0,-1,-1,-1
322,7,1687.00,529.00,88.00,198.00,1.0,-1,-1,-1
322,8,1437.00,372.00,66.00,342.00,1.0,-1,-1,-1
322,9,1327.00,368.00,104.00,351.00,1.0,-1,-1,-1
322,10,1887.00,438.00,33.00,175.00,1.0,-1,-1,-1
322,11,1584.00,450.00,48.00,194.00,1.0,-1,-1,-1
322,12,1247.00,389.00,120.00,359.00,1.0,-1,-1,-1
322,13,125.00,539.00,70.00,202.00,1.0,-1,-1,-1
322,14,1179.00,406.00,89.00,310.00,1.0,-1,-1,-1
323,0,0.00,0.00,0.00,0.00,1.0,-1,-1,-1
323,1,0.00,0.00,0.00,0.00,1.0,-1,-1,-1
323,2,1418.00,410.00,59.00,271.00,1.0,-1,-1,-1
323,3,1588.00,442.00,91.00,258.00,1.0,-1,-1,-1
323,4,0.00,0.00,0.00,0.00,1.0,-1,-1,-1
323,5,1440.00,372.00,101.00,345.00,1.0,-1,-1,-1
323,6,1677.00,401.00,110.00,143.00,1.0,-1,-1,-1
323,7,1683.00,529.00,91.00,198.00,1.0,-1,-1,-1
323,8,1439.00,372.00,66.00,344.00,1.0,-1,-1,-1
323,9,1332.00,369.00,107.00,350.00,1.0,-1,-1,-1
323,10,1889.00,438.00,31.00,175.00,1.0,-1,-1,-1
323,11,1578.00,450.00,53.00,191.00,1.0,-1,-1,-1
323,12,1249.00,389.00,116.00,356.00,1.0,-1,-1,-1
323,13,125.00,539.00,70.00,202.00,1.0,-1,-1,-1
323,14,1175.00,407.00,93.00,310.00,1.0,-1,-1,-1
324,0,0.00,0.00,0.00,0.00,1.0,-1,-1,-1
324,1,0.00,0.00,0.00,0.00,1.0,-1,-1,-1
324,2,1418.00,409.00,61.00,271.00,1.0,-1,-1,-1
324,3,1586.00,436.00,92.00,264.00,1.0,-1,-1,-1
324,4,0.00,0.00,0.00,0.00,1.0,-1,-1,-1
324,5,1442.00,372.00,66.00,343.00,1.0,-1,-1,-1
324,6,1680.00,401.00,113.00,188.00,1.0,-1,-1,-1
324,7,1680.00,529.00,95.00,198.00,1.0,-1,-1,-1
324,8,1441.00,372.00,67.00,342.00,1.0,-1,-1,-1
324,9,1344.00,371.00,104.00,348.00,1.0,-1,-1,-1
324,10,1889.00,439.00,31.00,174.00,1.0,-1,-1,-1
324,11,1578.00,449.00,47.00,193.00,1.0,-1,-1,-1
324,12,1254.00,389.00,111.00,349.00,1.0,-1,-1,-1
324,13,124.00,538.00,71.00,203.00,1.0,-1,-1,-1
324,14,1173.00,408.00,96.00,311.00,1.0,-1,-1,-1
325,0,0.00,0.00,0.00,0.00,1.0,-1,-1,-1
325,1,0.00,0.00,0.00,0.00,1.0,-1,-1,-1
325,2,1418.00,406.00,64.00,274.00,1.0,-1,-1,-1
325,3,1585.00,432.00,92.00,268.00,1.0,-1,-1,-1
325,4,0.00,0.00,0.00,0.00,1.0,-1,-1,-1
325,5,1443.00,372.00,66.00,341.00,1.0,-1,-1,-1
325,6,1682.00,401.00,110.00,183.00,1.0,-1,-1,-1
325,7,1677.00,529.00,100.00,198.00,1.0,-1,-1,-1
325,8,1442.00,371.00,68.00,342.00,1.0,-1,-1,-1
325,9,1347.00,372.00,105.00,346.00,1.0,-1,-1,-1
325,10,1890.00,438.00,30.00,174.00,1.0,-1,-1,-1
325,11,1584.00,447.00,32.00,210.00,1.0,-1,-1,-1
325,12,1257.00,385.00,108.00,352.00,1.0,-1,-1,-1
325,13,125.00,539.00,70.00,202.00,1.0,-1,-1,-1
325,14,1171.00,408.00,99.00,312.00,1.0,-1,-1,-1
326,0,0.00,0.00,0.00,0.00,1.0,-1,-1,-1
326,1,0.00,0.00,0.00,0.00,1.0,-1,-1,-1
326,2,1420.00,407.00,60.00,273.00,1.0,-1,-1,-1
326,3,1584.00,429.00,95.00,271.00,1.0,-1,-1,-1
326,4,0.00,0.00,0.00,0.00,1.0,-1,-1,-1
326,5,1445.00,372.00,67.00,339.00,1.0,-1,-1,-1
326,6,1685.00,400.00,105.00,206.00,1.0,-1,-1,-1
326,7,1674.00,529.00,107.00,198.00,1.0,-1,-1,-1
326,8,1443.00,371.00,70.00,340.00,1.0,-1,-1,-1
326,9,1349.00,374.00,105.00,344.00,1.0,-1,-1,-1
326,10,1890.00,438.00,30.00,174.00,1.0,-1,-1,-1
326,11,1585.00,447.00,33.00,207.00,1.0,-1,-1,-1
326,12,1261.00,383.00,105.00,354.00,1.0,-1,-1,-1
326,13,125.00,539.00,71.00,201.00,1.0,-1,-1,-1
326,14,1170.00,407.00,101.00,315.00,1.0,-1,-1,-1
327,0,0.00,0.00,0.00,0.00,1.0,-1,-1,-1
327,1,0.00,0.00,0.00,0.00,1.0,-1,-1,-1
327,2,1425.00,407.00,54.00,273.00,1.0,-1,-1,-1
327,3,1586.00,424.00,94.00,276.00,1.0,-1,-1,-1
327,4,0.00,0.00,0.00,0.00,1.0,-1,-1,-1
327,5,1447.00,371.00,69.00,334.00,1.0,-1,-1,-1
327,6,1690.00,400.00,107.00,257.00,1.0,-1,-1,-1
327,7,1672.00,529.00,110.00,198.00,1.0,-1,-1,-1
327,8,1444.00,371.00,73.00,334.00,1.0,-1,-1,-1
327,9,1351.00,377.00,103.00,340.00,1.0,-1,-1,-1
327,10,1890.00,437.00,30.00,174.00,1.0,-1,-1,-1
327,11,1599.00,448.00,20.00,42.00,1.0,-1,-1,-1
327,12,1266.00,384.00,103.00,353.00,1.0,-1,-1,-1
327,13,125.00,539.00,71.00,202.00,1.0,-1,-1,-1
327,14,1164.00,406.00,108.00,317.00,1.0,-1,-1,-1
328,0,0.00,0.00,0.00,0.00,1.0,-1,-1,-1
328,1,0.00,0.00,0.00,0.00,1.0,-1,-1,-1
328,2,1427.00,408.00,54.00,272.00,1.0,-1,-1,-1
328,3,1587.00,421.00,104.00,279.00,1.0,-1,-1,-1
328,4,0.00,0.00,0.00,0.00,1.0,-1,-1,-1
328,5,1446.00,371.00,71.00,332.00,1.0,-1,-1,-1
328,6,1692.00,401.00,105.00,258.00,1.0,-1,-1,-1
328,7,1671.00,529.00,109.00,198.00,1.0,-1,-1,-1
328,8,1445.00,371.00,73.00,332.00,1.0,-1,-1,-1
328,9,1353.00,377.00,99.00,340.00,1.0,-1,-1,-1
328,10,1891.00,436.00,29.00,174.00,1.0,-1,-1,-1
328,11,1601.00,443.00,18.00,43.00,1.0,-1,-1,-1
328,12,1269.00,386.00,102.00,350.00,1.0,-1,-1,-1
328,13,125.00,539.00,71.00,201.00,1.0,-1,-1,-1
328,14,1163.00,404.00,109.00,319.00,1.0,-1,-1,-1
329,0,0.00,0.00,0.00,0.00,1.0,-1,-1,-1
329,1,0.00,0.00,0.00,0.00,1.0,-1,-1,-1
329,2,1430.00,411.00,54.00,270.00,1.0,-1,-1,-1
329,3,1591.00,417.00,86.00,283.00,1.0,-1,-1,-1
329,4,0.00,0.00,0.00,0.00,1.0,-1,-1,-1
329,5,1449.00,371.00,70.00,331.00,1.0,-1,-1,-1
329,6,1697.00,402.00,96.00,257.00,1.0,-1,-1,-1
329,7,1671.00,529.00,104.00,198.00,1.0,-1,-1,-1
329,8,1450.00,371.00,70.00,331.00,1.0,-1,-1,-1
329,9,1353.00,378.00,97.00,339.00,1.0,-1,-1,-1
329,10,1891.00,437.00,29.00,174.00,1.0,-1,-1,-1
329,11,0.00,0.00,0.00,0.00,1.0,-1,-1,-1
329,12,1273.00,385.00,111.00,351.00,1.0,-1,-1,-1
329,13,125.00,539.00,71.00,201.00,1.0,-1,-1,-1
329,14,1162.00,402.00,114.00,321.00,1.0,-1,-1,-1
330,0,0.00,0.00,0.00,0.00,1.0,-1,-1,-1
330,1,0.00,0.00,0.00,0.00,1.0,-1,-1,-1
330,2,1441.00,415.00,42.00,266.00,1.0,-1,-1,-1
330,3,1597.00,415.00,79.00,285.00,1.0,-1,-1,-1
330,4,0.00,0.00,0.00,0.00,1.0,-1,-1,-1
330,5,1449.00,373.00,64.00,328.00,1.0,-1,-1,-1
330,6,1700.00,403.00,102.00,256.00,1.0,-1,-1,-1
330,7,1673.00,529.00,98.00,199.00,1.0,-1,-1,-1
330,8,1450.00,372.00,69.00,329.00,1.0,-1,-1,-1
330,9,1360.00,378.00,90.00,335.00,1.0,-1,-1,-1
330,10,1891.00,437.00,29.00,174.00,1.0,-1,-1,-1
330,11,1562.00,420.00,55.00,216.00,1.0,-1,-1,-1
330,12,1276.00,389.00,114.00,347.00,1.0,-1,-1,-1
330,13,125.00,537.00,71.00,203.00,1.0,-1,-1,-1
330,14,1159.00,401.00,120.00,322.00,1.0,-1,-1,-1
331,0,0.00,0.00,0.00,0.00,1.0,-1,-1,-1
331,1,0.00,0.00,0.00,0.00,1.0,-1,-1,-1
331,2,1442.00,418.00,40.00,263.00,1.0,-1,-1,-1
331,3,1603.00,413.00,94.00,287.00,1.0,-1,-1,-1
331,4,0.00,0.00,0.00,0.00,1.0,-1,-1,-1
331,5,1448.00,372.00,72.00,328.00,1.0,-1,-1,-1
331,6,1701.00,404.00,104.00,253.00,1.0,-1,-1,-1
331,7,1677.00,529.00,90.00,199.00,1.0,-1,-1,-1
331,8,1449.00,372.00,73.00,327.00,1.0,-1,-1,-1
331,9,1362.00,378.00,93.00,329.00,1.0,-1,-1,-1
331,10,1893.00,437.00,27.00,174.00,1.0,-1,-1,-1
331,11,0.00,0.00,0.00,0.00,1.0,-1,-1,-1
331,12,1279.00,390.00,121.00,346.00,1.0,-1,-1,-1
331,13,126.00,538.00,70.00,202.00,1.0,-1,-1,-1
331,14,1156.00,398.00,124.00,325.00,1.0,-1,-1,-1
332,0,0.00,0.00,0.00,0.00,1.0,-1,-1,-1
332,1,0.00,0.00,0.00,0.00,1.0,-1,-1,-1
332,2,1457.00,581.00,30.00,100.00,1.0,-1,-1,-1
332,3,1612.00,412.00,92.00,288.00,1.0,-1,-1,-1
332,4,0.00,0.00,0.00,0.00,1.0,-1,-1,-1
332,5,1447.00,421.00,45.00,85.00,1.0,-1,-1,-1
332,6,1706.00,407.00,100.00,249.00,1.0,-1,-1,-1
332,7,1682.00,529.00,79.00,202.00,1.0,-1,-1,-1
332,8,1448.00,376.00,71.00,130.00,1.0,-1,-1,-1
332,9,1370.00,379.00,85.00,327.00,1.0,-1,-1,-1
332,10,1892.00,439.00,28.00,172.00,1.0,-1,-1,-1
332,11,0.00,0.00,0.00,0.00,1.0,-1,-1,-1
332,12,1284.00,392.00,124.00,344.00,1.0,-1,-1,-1
332,13,126.00,536.00,69.00,204.00,1.0,-1,-1,-1
332,14,1155.00,397.00,124.00,327.00,1.0,-1,-1,-1
333,0,0.00,0.00,0.00,0.00,1.0,-1,-1,-1
333,1,0.00,0.00,0.00,0.00,1.0,-1,-1,-1
333,2,1458.00,588.00,30.00,91.00,1.0,-1,-1,-1
333,3,1616.00,412.00,93.00,288.00,1.0,-1,-1,-1
333,4,0.00,0.00,0.00,0.00,1.0,-1,-1,-1
333,5,1445.00,428.00,46.00,80.00,1.0,-1,-1,-1
333,6,1710.00,408.00,96.00,248.00,1.0,-1,-1,-1
333,7,1682.00,530.00,78.00,200.00,1.0,-1,-1,-1
333,8,1448.00,377.00,68.00,129.00,1.0,-1,-1,-1
333,9,1373.00,378.00,84.00,328.00,1.0,-1,-1,-1
333,10,1892.00,441.00,28.00,170.00,1.0,-1,-1,-1
333,11,0.00,0.00,0.00,0.00,1.0,-1,-1,-1
333,12,1288.00,392.00,126.00,343.00,1.0,-1,-1,-1
333,13,126.00,535.00,69.00,205.00,1.0,-1,-1,-1
333,14,1154.00,396.00,124.00,327.00,1.0,-1,-1,-1
334,0,0.00,0.00,0.00,0.00,1.0,-1,-1,-1
334,1,0.00,0.00,0.00,0.00,1.0,-1,-1,-1
334,2,1461.00,590.00,28.00,89.00,1.0,-1,-1,-1
334,3,1616.00,412.00,96.00,287.00,1.0,-1,-1,-1
334,4,0.00,0.00,0.00,0.00,1.0,-1,-1,-1
334,5,1449.00,431.00,41.00,176.00,1.0,-1,-1,-1
334,6,1715.00,408.00,91.00,249.00,1.0,-1,-1,-1
334,7,1681.00,529.00,79.00,201.00,1.0,-1,-1,-1
334,8,1450.00,386.00,48.00,119.00,1.0,-1,-1,-1
334,9,1380.00,379.00,75.00,328.00,1.0,-1,-1,-1
334,10,1898.00,444.00,22.00,167.00,1.0,-1,-1,-1
334,11,0.00,0.00,0.00,0.00,1.0,-1,-1,-1
334,12,1294.00,394.00,123.00,340.00,1.0,-1,-1,-1
334,13,125.00,529.00,71.00,210.00,1.0,-1,-1,-1
334,14,1151.00,396.00,126.00,330.00,1.0,-1,-1,-1
335,0,0.00,0.00,0.00,0.00,1.0,-1,-1,-1
335,1,0.00,0.00,0.00,0.00,1.0,-1,-1,-1
335,2,1463.00,600.00,27.00,78.00,1.0,-1,-1,-1
335,3,1619.00,411.00,97.00,289.00,1.0,-1,-1,-1
335,4,0.00,0.00,0.00,0.00,1.0,-1,-1,-1
335,5,0.00,0.00,0.00,0.00,1.0,-1,-1,-1
335,6,1720.00,408.00,86.00,249.00,1.0,-1,-1,-1
335,7,1686.00,529.00,74.00,201.00,1.0,-1,-1,-1
335,8,1471.00,380.00,57.00,74.00,1.0,-1,-1,-1
335,9,1376.00,378.00,79.00,329.00,1.0,-1,-1,-1
335,10,1899.00,446.00,21.00,166.00,1.0,-1,-1,-1
335,11,0.00,0.00,0.00,0.00,1.0,-1,-1,-1
335,12,1299.00,395.00,120.00,339.00,1.0,-1,-1,-1
335,13,125.00,547.00,70.00,192.00,1.0,-1,-1,-1
335,14,1150.00,396.00,127.00,332.00,1.0,-1,-1,-1
336,0,0.00,0.00,0.00,0.00,1.0,-1,-1,-1
336,1,0.00,0.00,0.00,0.00,1.0,-1,-1,-1
336,2,1466.00,607.00,26.00,70.00,1.0,-1,-1,-1
336,3,1622.00,411.00,98.00,288.00,1.0,-1,-1,-1
336,4,0.00,0.00,0.00,0.00,1.0,-1,-1,-1
336,5,0.00,0.00,0.00,0.00,1.0,-1,-1,-1
336,6,1725.00,406.00,84.00,251.00,1.0,-1,-1,-1
336,7,1687.00,529.00,73.00,201.00,1.0,-1,-1,-1
336,8,1473.00,380.00,61.00,70.00,1.0,-1,-1,-1
336,9,1381.00,378.00,78.00,330.00,1.0,-1,-1,-1
336,10,1898.00,447.00,22.00,165.00,1.0,-1,-1,-1
336,11,1577.00,418.00,94.00,257.00,1.0,-1,-1,-1
336,12,1304.00,395.00,115.00,338.00,1.0,-1,-1,-1
336,13,125.00,552.00,70.00,186.00,1.0,-1,-1,-1
336,14,1148.00,397.00,129.00,332.00,1.0,-1,-1,-1
337,0,0.00,0.00,0.00,0.00,1.0,-1,-1,-1
337,1,0.00,0.00,0.00,0.00,1.0,-1,-1,-1
337,2,1473.00,618.00,20.00,54.00,1.0,-1,-1,-1
337,3,1624.00,411.00,101.00,289.00,1.0,-1,-1,-1
337,4,0.00,0.00,0.00,0.00,1.0,-1,-1,-1
337,5,0.00,0.00,0.00,0.00,1.0,-1,-1,-1
337,6,1727.00,405.00,95.00,251.00,1.0,-1,-1,-1
337,7,1688.00,529.00,73.00,201.00,1.0,-1,-1,-1
337,8,1501.00,381.00,34.00,24.00,1.0,-1,-1,-1
337,9,1388.00,379.00,70.00,327.00,1.0,-1,-1,-1
337,10,1896.00,447.00,24.00,163.00,1.0,-1,-1,-1
337,11,1578.00,418.00,101.00,256.00,1.0,-1,-1,-1
337,12,1309.00,394.00,111.00,338.00,1.0,-1,-1,-1
337,13,124.00,561.00,72.00,177.00,1.0,-1,-1,-1
337,14,1146.00,397.00,132.00,334.00,1.0,-1,-1,-1
338,0,0.00,0.00,0.00,0.00,1.0,-1,-1,-1
338,1,0.00,0.00,0.00,0.00,1.0,-1,-1,-1
338,2,1480.00,620.00,47.00,49.00,1.0,-1,-1,-1
338,3,1626.00,412.00,102.00,288.00,1.0,-1,-1,-1
338,4,0.00,0.00,0.00,0.00,1.0,-1,-1,-1
338,5,1501.00,381.00,51.00,56.00,1.0,-1,-1,-1
338,6,1730.00,405.00,100.00,252.00,1.0,-1,-1,-1
338,7,1687.00,529.00,74.00,202.00,1.0,-1,-1,-1
338,8,1503.00,381.00,32.00,30.00,1.0,-1,-1,-1
338,9,1392.00,381.00,66.00,326.00,1.0,-1,-1,-1
338,10,1897.00,447.00,23.00,160.00,1.0,-1,-1,-1
338,11,1580.00,417.00,92.00,258.00,1.0,-1,-1,-1
338,12,1314.00,394.00,109.00,338.00,1.0,-1,-1,-1
338,13,124.00,561.00,72.00,177.00,1.0,-1,-1,-1
338,14,1146.00,398.00,133.00,336.00,1.0,-1,-1,-1
339,0,0.00,0.00,0.00,0.00,1.0,-1,-1,-1
339,1,0.00,0.00,0.00,0.00,1.0,-1,-1,-1
339,2,0.00,0.00,0.00,0.00,1.0,-1,-1,-1
339,3,1629.00,411.00,132.00,289.00,1.0,-1,-1,-1
339,4,0.00,0.00,0.00,0.00,1.0,-1,-1,-1
339,5,1502.00,380.00,64.00,75.00,1.0,-1,-1,-1
339,6,1734.00,404.00,106.00,252.00,1.0,-1,-1,-1
339,7,1688.00,528.00,73.00,202.00,1.0,-1,-1,-1
339,8,1502.00,380.00,63.00,75.00,1.0,-1,-1,-1
339,9,1396.00,383.00,62.00,324.00,1.0,-1,-1,-1
339,10,1906.00,474.00,14.00,119.00,1.0,-1,-1,-1
339,11,0.00,0.00,0.00,0.00,1.0,-1,-1,-1
339,12,1319.00,392.00,116.00,334.00,1.0,-1,-1,-1
339,13,123.00,562.00,73.00,176.00,1.0,-1,-1,-1
339,14,1145.00,397.00,135.00,338.00,1.0,-1,-1,-1
340,0,0.00,0.00,0.00,0.00,1.0,-1,-1,-1
340,1,0.00,0.00,0.00,0.00,1.0,-1,-1,-1
340,2,0.00,0.00,0.00,0.00,1.0,-1,-1,-1
340,3,1629.00,411.00,141.00,289.00,1.0,-1,-1,-1
340,4,0.00,0.00,0.00,0.00,1.0,-1,-1,-1
340,5,1504.00,380.00,68.00,80.00,1.0,-1,-1,-1
340,6,1738.00,403.00,108.00,253.00,1.0,-1,-1,-1
340,7,1688.00,527.00,73.00,203.00,1.0,-1,-1,-1
340,8,1504.00,380.00,64.00,77.00,1.0,-1,-1,-1
340,9,1398.00,384.00,60.00,323.00,1.0,-1,-1,-1
340,10,0.00,0.00,0.00,0.00,1.0,-1,-1,-1
340,11,0.00,0.00,0.00,0.00,1.0,-1,-1,-1
340,12,1323.00,392.00,118.00,331.00,1.0,-1,-1,-1
340,13,124.00,562.00,73.00,176.00,1.0,-1,-1,-1
340,14,1143.00,396.00,138.00,339.00,1.0,-1,-1,-1
341,0,0.00,0.00,0.00,0.00,1.0,-1,-1,-1
341,1,0.00,0.00,0.00,0.00,1.0,-1,-1,-1
341,2,0.00,0.00,0.00,0.00,1.0,-1,-1,-1
341,3,1630.00,411.00,142.00,289.00,1.0,-1,-1,-1
341,4,0.00,0.00,0.00,0.00,1.0,-1,-1,-1
341,5,1504.00,380.00,66.00,77.00,1.0,-1,-1,-1
341,6,1739.00,403.00,115.00,253.00,1.0,-1,-1,-1
341,7,1687.00,528.00,74.00,202.00,1.0,-1,-1,-1
341,8,1503.00,379.00,66.00,78.00,1.0,-1,-1,-1
341,9,1402.00,386.00,56.00,321.00,1.0,-1,-1,-1
341,10,0.00,0.00,0.00,0.00,1.0,-1,-1,-1
341,11,0.00,0.00,0.00,0.00,1.0,-1,-1,-1
341,12,1326.00,391.00,119.00,332.00,1.0,-1,-1,-1
341,13,124.00,562.00,73.00,176.00,1.0,-1,-1,-1
341,14,1143.00,394.00,138.00,341.00,1.0,-1,-1,-1
342,0,0.00,0.00,0.00,0.00,1.0,-1,-1,-1
342,1,0.00,0.00,0.00,0.00,1.0,-1,-1,-1
342,2,0.00,0.00,0.00,0.00,1.0,-1,-1,-1
342,3,1631.00,411.00,143.00,293.00,1.0,-1,-1,-1
342,4,0.00,0.00,0.00,0.00,1.0,-1,-1,-1
342,5,1505.00,379.00,68.00,86.00,1.0,-1,-1,-1
342,6,1741.00,405.00,112.00,252.00,1.0,-1,-1,-1
342,7,1686.00,527.00,74.00,203.00,1.0,-1,-1,-1
342,8,1505.00,379.00,68.00,87.00,1.0,-1,-1,-1
342,9,1404.00,388.00,54.00,318.00,1.0,-1,-1,-1
342,10,0.00,0.00,0.00,0.00,1.0,-1,-1,-1
342,11,0.00,0.00,0.00,0.00,1.0,-1,-1,-1
342,12,1331.00,391.00,121.00,332.00,1.0,-1,-1,-1
342,13,124.00,562.00,74.00,175.00,1.0,-1,-1,-1
342,14,1143.00,391.00,137.00,344.00,1.0,-1,-1,-1
343,0,0.00,0.00,0.00,0.00,1.0,-1,-1,-1
343,1,0.00,0.00,0.00,0.00,1.0,-1,-1,-1
343,2,0.00,0.00,0.00,0.00,1.0,-1,-1,-1
343,3,1633.00,411.00,141.00,293.00,1.0,-1,-1,-1
343,4,0.00,0.00,0.00,0.00,1.0,-1,-1,-1
343,5,1508.00,379.00,68.00,90.00,1.0,-1,-1,-1
343,6,1746.00,405.00,106.00,252.00,1.0,-1,-1,-1
343,7,1686.00,527.00,74.00,203.00,1.0,-1,-1,-1
343,8,1507.00,379.00,69.00,90.00,1.0,-1,-1,-1
343,9,1406.00,389.00,53.00,316.00,1.0,-1,-1,-1
343,10,0.00,0.00,0.00,0.00,1.0,-1,-1,-1
343,11,0.00,0.00,0.00,0.00,1.0,-1,-1,-1
343,12,1335.00,392.00,118.00,330.00,1.0,-1,-1,-1
343,13,124.00,562.00,74.00,175.00,1.0,-1,-1,-1
343,14,1143.00,389.00,137.00,346.00,1.0,-1,-1,-1
344,0,0.00,0.00,0.00,0.00,1.0,-1,-1,-1
344,1,0.00,0.00,0.00,0.00,1.0,-1,-1,-1
344,2,1552.00,583.00,20.00,111.00,1.0,-1,-1,-1
344,3,1639.00,411.00,135.00,293.00,1.0,-1,-1,-1
344,4,0.00,0.00,0.00,0.00,1.0,-1,-1,-1
344,5,1509.00,379.00,71.00,100.00,1.0,-1,-1,-1
344,6,1749.00,406.00,101.00,250.00,1.0,-1,-1,-1
344,7,1688.00,527.00,72.00,203.00,1.0,-1,-1,-1
344,8,1509.00,379.00,72.00,100.00,1.0,-1,-1,-1
344,9,1406.00,389.00,54.00,314.00,1.0,-1,-1,-1
344,10,0.00,0.00,0.00,0.00,1.0,-1,-1,-1
344,11,1599.00,424.00,72.00,251.00,1.0,-1,-1,-1
344,12,1339.00,393.00,117.00,330.00,1.0,-1,-1,-1
344,13,124.00,562.00,75.00,175.00,1.0,-1,-1,-1
344,14,1143.00,387.00,136.00,347.00,1.0,-1,-1,-1
345,0,0.00,0.00,0.00,0.00,1.0,-1,-1,-1
345,1,0.00,0.00,0.00,0.00,1.0,-1,-1,-1
345,2,1541.00,432.00,49.00,254.00,1.0,-1,-1,-1
345,3,1647.00,409.00,129.00,296.00,1.0,-1,-1,-1
345,4,0.00,0.00,0.00,0.00,1.0,-1,-1,-1
345,5,1513.00,380.00,68.00,306.00,1.0,-1,-1,-1
345,6,1754.00,409.00,98.00,247.00,1.0,-1,-1,-1
345,7,1689.00,527.00,72.00,204.00,1.0,-1,-1,-1
345,8,1513.00,380.00,69.00,93.00,1.0,-1,-1,-1
345,9,1398.00,389.00,65.00,314.00,1.0,-1,-1,-1
345,10,0.00,0.00,0.00,0.00,1.0,-1,-1,-1
345,11,1599.00,427.00,79.00,248.00,1.0,-1,-1,-1
345,12,1345.00,394.00,112.00,329.00,1.0,-1,-1,-1
345,13,125.00,563.00,74.00,173.00,1.0,-1,-1,-1
345,14,1144.00,386.00,134.00,351.00,1.0,-1,-1,-1
346,0,0.00,0.00,0.00,0.00,1.0,-1,-1,-1
346,1,0.00,0.00,0.00,0.00,1.0,-1,-1,-1
346,2,1569.00,483.00,32.00,181.00,1.0,-1,-1,-1
346,3,1657.00,407.00,125.00,298.00,1.0,-1,-1,-1
346,4,0.00,0.00,0.00,0.00,1.0,-1,-1,-1
346,5,1515.00,381.00,68.00,91.00,1.0,-1,-1,-1
346,6,1757.00,409.00,94.00,247.00,1.0,-1,-1,-1
346,7,1688.00,528.00,73.00,203.00,1.0,-1,-1,-1
346,8,1515.00,381.00,68.00,91.00,1.0,-1,-1,-1
346,9,1398.00,389.00,65.00,313.00,1.0,-1,-1,-1
346,10,0.00,0.00,0.00,0.00,1.0,-1,-1,-1
346,11,1601.00,427.00,78.00,247.00,1.0,-1,-1,-1
346,12,1348.00,395.00,112.00,328.00,1.0,-1,-1,-1
346,13,122.00,562.00,76.00,176.00,1.0,-1,-1,-1
346,14,1144.00,385.00,133.00,355.00,1.0,-1,-1,-1
347,0,0.00,0.00,0.00,0.00,1.0,-1,-1,-1
347,1,0.00,0.00,0.00,0.00,1.0,-1,-1,-1
347,2,1574.00,471.00,30.00,198.00,1.0,-1,-1,-1
347,3,1671.00,405.00,120.00,300.00,1.0,-1,-1,-1
347,4,0.00,0.00,0.00,0.00,1.0,-1,-1,-1
347,5,1520.00,384.00,63.00,85.00,1.0,-1,-1,-1
347,6,1760.00,409.00,91.00,247.00,1.0,-1,-1,-1
347,7,1680.00,528.00,81.00,203.00,1.0,-1,-1,-1
347,8,1519.00,384.00,64.00,83.00,1.0,-1,-1,-1
347,9,1396.00,388.00,65.00,320.00,1.0,-1,-1,-1
347,10,0.00,0.00,0.00,0.00,1.0,-1,-1,-1
347,11,1604.00,425.00,87.00,249.00,1.0,-1,-1,-1
347,12,1355.00,399.00,111.00,324.00,1.0,-1,-1,-1
347,13,122.00,563.00,76.00,175.00,1.0,-1,-1,-1
347,14,1147.00,386.00,128.00,355.00,1.0,-1,-1,-1
348,0,0.00,0.00,0.00,0.00,1.0,-1,-1,-1
348,1,0.00,0.00,0.00,0.00,1.0,-1,-1,-1
348,2,0.00,0.00,0.00,0.00,1.0,-1,-1,-1
348,3,1685.00,404.00,112.00,301.00,1.0,-1,-1,-1
348,4,0.00,0.00,0.00,0.00,1.0,-1,-1,-1
348,5,1525.00,385.00,59.00,80.00,1.0,-1,-1,-1
348,6,1764.00,409.00,90.00,245.00,1.0,-1,-1,-1
348,7,1682.00,529.00,78.00,202.00,1.0,-1,-1,-1
348,8,1524.00,386.00,81.00,298.00,1.0,-1,-1,-1
348,9,1382.00,387.00,85.00,305.00,1.0,-1,-1,-1
348,10,0.00,0.00,0.00,0.00,1.0,-1,-1,-1
348,11,1561.00,470.00,57.00,214.00,1.0,-1,-1,-1
348,12,1359.00,402.00,111.00,320.00,1.0,-1,-1,-1
348,13,126.00,563.00,72.00,174.00,1.0,-1,-1,-1
348,14,1143.00,388.00,130.00,355.00,1.0,-1,-1,-1
349,0,0.00,0.00,0.00,0.00,1.0,-1,-1,-1
349,1,0.00,0.00,0.00,0.00,1.0,-1,-1,-1
349,2,0.00,0.00,0.00,0.00,1.0,-1,-1,-1
349,3,1687.00,403.00,114.00,302.00,1.0,-1,-1,-1
349,4,0.00,0.00,0.00,0.00,1.0,-1,-1,-1
349,5,1531.00,387.00,77.00,296.00,1.0,-1,-1,-1
349,6,1766.00,409.00,92.00,241.00,1.0,-1,-1,-1
349,7,1682.00,529.00,79.00,202.00,1.0,-1,-1,-1
349,8,1530.00,387.00,79.00,298.00,1.0,-1,-1,-1
349,9,1379.00,386.00,80.00,304.00,1.0,-1,-1,-1
349,10,0.00,0.00,0.00,0.00,1.0,-1,-1,-1
349,11,1562.00,444.00,55.00,241.00,1.0,-1,-1,-1
349,12,1363.00,404.00,111.00,316.00,1.0,-1,-1,-1
349,13,123.00,563.00,74.00,177.00,1.0,-1,-1,-1
349,14,1143.00,388.00,128.00,357.00,1.0,-1,-1,-1
350,0,0.00,0.00,0.00,0.00,1.0,-1,-1,-1
350,1,0.00,0.00,0.00,0.00,1.0,-1,-1,-1
350,2,0.00,0.00,0.00,0.00,1.0,-1,-1,-1
350,3,1692.00,402.00,114.00,303.00,1.0,-1,-1,-1
350,4,0.00,0.00,0.00,0.00,1.0,-1,-1,-1
350,5,1538.00,388.00,74.00,297.00,1.0,-1,-1,-1
350,6,1770.00,409.00,87.00,240.00,1.0,-1,-1,-1
350,7,1679.00,532.00,83.00,199.00,1.0,-1,-1,-1
350,8,1539.00,388.00,70.00,297.00,1.0,-1,-1,-1
350,9,1378.00,385.00,80.00,87.00,1.0,-1,-1,-1
350,10,0.00,0.00,0.00,0.00,1.0,-1,-1,-1
350,11,1566.00,444.00,46.00,241.00,1.0,-1,-1,-1
350,12,1369.00,405.00,107.00,315.00,1.0,-1,-1,-1
350,13,126.00,563.00,71.00,175.00,1.0,-1,-1,-1
350,14,1139.00,389.00,129.00,358.00,1.0,-1,-1,-1
351,0,0.00,0.00,0.00,0.00,1.0,-1,-1,-1
351,1,0.00,0.00,0.00,0.00,1.0,-1,-1,-1
351,2,0.00,0.00,0.00,0.00,1.0,-1,-1,-1
351,3,1695.00,402.00,113.00,305.00,1.0,-1,-1,-1
351,4,0.00,0.00,0.00,0.00,1.0,-1,-1,-1
351,5,1543.00,388.00,76.00,297.00,1.0,-1,-1,-1
351,6,1771.00,408.00,86.00,241.00,1.0,-1,-1,-1
351,7,1679.00,533.00,83.00,198.00,1.0,-1,-1,-1
351,8,1544.00,388.00,66.00,297.00,1.0,-1,-1,-1
351,9,1379.00,386.00,92.00,306.00,1.0,-1,-1,-1
351,10,0.00,0.00,0.00,0.00,1.0,-1,-1,-1
351,11,1449.00,444.00,168.00,246.00,1.0,-1,-1,-1
351,12,1373.00,406.00,105.00,314.00,1.0,-1,-1,-1
351,13,123.00,562.00,74.00,179.00,1.0,-1,-1,-1
351,14,1135.00,387.00,130.00,362.00,1.0,-1,-1,-1
352,0,0.00,0.00,0.00,0.00,1.0,-1,-1,-1
352,1,0.00,0.00,0.00,0.00,1.0,-1,-1,-1
352,2,0.00,0.00,0.00,0.00,1.0,-1,-1,-1
352,3,1698.00,402.00,115.00,308.00,1.0,-1,-1,-1
352,4,0.00,0.00,0.00,0.00,1.0,-1,-1,-1
352,5,1547.00,387.00,72.00,299.00,1.0,-1,-1,-1
352,6,1775.00,408.00,83.00,241.00,1.0,-1,-1,-1
352,7,1678.00,533.00,84.00,198.00,1.0,-1,-1,-1
352,8,1547.00,387.00,70.00,298.00,1.0,-1,-1,-1
352,9,1381.00,387.00,101.00,303.00,1.0,-1,-1,-1
352,10,0.00,0.00,0.00,0.00,1.0,-1,-1,-1
352,11,1381.00,388.00,99.00,301.00,1.0,-1,-1,-1
352,12,1380.00,405.00,100.00,312.00,1.0,-1,-1,-1
352,13,125.00,562.00,71.00,177.00,1.0,-1,-1,-1
352,14,1128.00,385.00,134.00,366.00,1.0,-1,-1,-1
353,0,0.00,0.00,0.00,0.00,1.0,-1,-1,-1
353,1,0.00,0.00,0.00,0.00,1.0,-1,-1,-1
353,2,0.00,0.00,0.00,0.00,1.0,-1,-1,-1
353,3,1700.00,401.00,117.00,310.00,1.0,-1,-1,-1
353,4,0.00,0.00,0.00,0.00,1.0,-1,-1,-1
353,5,1550.00,387.00,75.00,299.00,1.0,-1,-1,-1
353,6,1777.00,409.00,80.00,239.00,1.0,-1,-1,-1
353,7,1679.00,533.00,83.00,198.00,1.0,-1,-1,-1
353,8,1550.00,387.00,68.00,298.00,1.0,-1,-1,-1
353,9,1383.00,388.00,104.00,302.00,1.0,-1,-1,-1
353,10,0.00,0.00,0.00,0.00,1.0,-1,-1,-1
353,11,1383.00,388.00,102.00,301.00,1.0,-1,-1,-1
353,12,1385.00,406.00,97.00,304.00,1.0,-1,-1,-1
353,13,124.00,561.00,71.00,179.00,1.0,-1,-1,-1
353,14,1125.00,383.00,134.00,368.00,1.0,-1,-1,-1
354,0,0.00,0.00,0.00,0.00,1.0,-1,-1,-1
354,1,0.00,0.00,0.00,0.00,1.0,-1,-1,-1
354,2,0.00,0.00,0.00,0.00,1.0,-1,-1,-1
354,3,1703.00,402.00,118.00,309.00,1.0,-1,-1,-1
354,4,0.00,0.00,0.00,0.00,1.0,-1,-1,-1
354,5,1554.00,387.00,77.00,298.00,1.0,-1,-1,-1
354,6,1783.00,410.00,71.00,239.00,1.0,-1,-1,-1
354,7,1679.00,533.00,81.00,198.00,1.0,-1,-1,-1
354,8,1554.00,387.00,70.00,298.00,1.0,-1,-1,-1
354,9,1386.00,389.00,106.00,299.00,1.0,-1,-1,-1
354,10,0.00,0.00,0.00,0.00,1.0,-1,-1,-1
354,11,1385.00,389.00,106.00,298.00,1.0,-1,-1,-1
354,12,1389.00,406.00,97.00,304.00,1.0,-1,-1,-1
354,13,124.00,560.00,71.00,180.00,1.0,-1,-1,-1
354,14,1121.00,381.00,137.00,370.00,1.0,-1,-1,-1
355,0,0.00,0.00,0.00,0.00,1.0,-1,-1,-1
355,1,0.00,0.00,0.00,0.00,1.0,-1,-1,-1
355,2,1595.00,579.00,34.00,83.00,1.0,-1,-1,-1
355,3,1706.00,402.00,121.00,310.00,1.0,-1,-1,-1
355,4,0.00,0.00,0.00,0.00,1.0,-1,-1,-1
355,5,1559.00,387.00,77.00,298.00,1.0,-1,-1,-1
355,6,1787.00,409.00,75.00,241.00,1.0,-1,-1,-1
355,7,1679.00,534.00,81.00,198.00,1.0,-1,-1,-1
355,8,1559.00,387.00,73.00,298.00,1.0,-1,-1,-1
355,9,1388.00,393.00,109.00,302.00,1.0,-1,-1,-1
355,10,0.00,0.00,0.00,0.00,1.0,-1,-1,-1
355,11,1388.00,393.00,108.00,303.00,1.0,-1,-1,-1
355,12,1394.00,407.00,96.00,303.00,1.0,-1,-1,-1
355,13,124.00,559.00,70.00,181.00,1.0,-1,-1,-1
355,14,1118.00,378.00,138.00,373.00,1.0,-1,-1,-1
356,0,0.00,0.00,0.00,0.00,1.0,-1,-1,-1
356,1,0.00,0.00,0.00,0.00,1.0,-1,-1,-1
356,2,1605.00,561.00,34.00,99.00,1.0,-1,-1,-1
356,3,1710.00,402.00,121.00,312.00,1.0,-1,-1,-1
356,4,0.00,0.00,0.00,0.00,1.0,-1,-1,-1
356,5,1561.00,388.00,86.00,298.00,1.0,-1,-1,-1
356,6,1794.00,411.00,70.00,238.00,1.0,-1,-1,-1
356,7,1679.00,533.00,83.00,199.00,1.0,-1,-1,-1
356,8,1560.00,387.00,86.00,298.00,1.0,-1,-1,-1
356,9,1389.00,394.00,108.00,301.00,1.0,-1,-1,-1
356,10,0.00,0.00,0.00,0.00,1.0,-1,-1,-1
356,11,1391.00,394.00,106.00,301.00,1.0,-1,-1,-1
356,12,1396.00,407.00,96.00,303.00,1.0,-1,-1,-1
356,13,124.00,560.00,69.00,180.00,1.0,-1,-1,-1
356,14,1116.00,376.00,139.00,375.00,1.0,-1,-1,-1
357,0,0.00,0.00,0.00,0.00,1.0,-1,-1,-1
357,1,0.00,0.00,0.00,0.00,1.0,-1,-1,-1
357,2,1601.00,449.00,49.00,210.00,1.0,-1,-1,-1
357,3,1717.00,400.00,119.00,316.00,1.0,-1,-1,-1
357,4,0.00,0.00,0.00,0.00,1.0,-1,-1,-1
357,5,1566.00,388.00,84.00,297.00,1.0,-1,-1,-1
357,6,1795.00,411.00,69.00,238.00,1.0,-1,-1,-1
357,7,1680.00,532.00,87.00,201.00,1.0,-1,-1,-1
357,8,1565.00,387.00,85.00,297.00,1.0,-1,-1,-1
357,9,1390.00,395.00,60.00,300.00,1.0,-1,-1,-1
357,10,0.00,0.00,0.00,0.00,1.0,-1,-1,-1
357,11,1391.00,395.00,58.00,300.00,1.0,-1,-1,-1
357,12,1402.00,408.00,94.00,301.00,1.0,-1,-1,-1
357,13,124.00,559.00,68.00,181.00,1.0,-1,-1,-1
357,14,1112.00,376.00,141.00,375.00,1.0,-1,-1,-1
358,0,0.00,0.00,0.00,0.00,1.0,-1,-1,-1
358,1,0.00,0.00,0.00,0.00,1.0,-1,-1,-1
358,2,1601.00,449.00,53.00,209.00,1.0,-1,-1,-1
358,3,1721.00,400.00,120.00,316.00,1.0,-1,-1,-1
358,4,0.00,0.00,0.00,0.00,1.0,-1,-1,-1
358,5,1568.00,388.00,88.00,296.00,1.0,-1,-1,-1
358,6,1800.00,411.00,63.00,238.00,1.0,-1,-1,-1
358,7,1682.00,534.00,85.00,202.00,1.0,-1,-1,-1
358,8,1568.00,388.00,88.00,296.00,1.0,-1,-1,-1
358,9,1391.00,396.00,68.00,298.00,1.0,-1,-1,-1
358,10,0.00,0.00,0.00,0.00,1.0,-1,-1,-1
358,11,1394.00,396.00,58.00,298.00,1.0,-1,-1,-1
358,12,1405.00,409.00,97.00,300.00,1.0,-1,-1,-1
358,13,124.00,559.00,67.00,180.00,1.0,-1,-1,-1
358,14,1110.00,376.00,142.00,377.00,1.0,-1,-1,-1
359,0,0.00,0.00,0.00,0.00,1.0,-1,-1,-1
359,1,0.00,0.00,0.00,0.00,1.0,-1,-1,-1
359,2,1601.00,449.00,54.00,208.00,1.0,-1,-1,-1
359,3,1722.00,399.00,120.00,317.00,1.0,-1,-1,-1
359,4,0.00,0.00,0.00,0.00,1.0,-1,-1,-1
359,5,1571.00,388.00,91.00,296.00,1.0,-1,-1,-1
359,6,1802.00,412.00,61.00,236.00,1.0,-1,-1,-1
359,7,1684.00,534.00,84.00,201.00,1.0,-1,-1,-1
359,8,1572.00,388.00,90.00,295.00,1.0,-1,-1,-1
359,9,1391.00,396.00,88.00,297.00,1.0,-1,-1,-1
359,10,0.00,0.00,0.00,0.00,1.0,-1,-1,-1
359,11,1397.00,395.00,59.00,298.00,1.0,-1,-1,-1
359,12,1407.00,411.00,105.00,298.00,1.0,-1,-1,-1
359,13,124.00,556.00,67.00,184.00,1.0,-1,-1,-1
359,14,1108.00,376.00,144.00,380.00,1.0,-1,-1,-1
360,0,0.00,0.00,0.00,0.00,1.0,-1,-1,-1
360,1,0.00,0.00,0.00,0.00,1.0,-1,-1,-1
360,2,1620.00,444.00,37.00,213.00,1.0,-1,-1,-1
360,3,1727.00,397.00,125.00,319.00,1.0,-1,-1,-1
360,4,0.00,0.00,0.00,0.00,1.0,-1,-1,-1
360,5,1575.00,390.00,95.00,293.00,1.0,-1,-1,-1
360,6,1806.00,411.00,60.00,237.00,1.0,-1,-1,-1
360,7,1693.00,534.00,82.00,202.00,1.0,-1,-1,-1
360,8,1575.00,390.00,96.00,293.00,1.0,-1,-1,-1
360,9,1394.00,395.00,92.00,297.00,1.0,-1,-1,-1
360,10,0.00,0.00,0.00,0.00,1.0,-1,-1,-1
360,11,1402.00,396.00,84.00,296.00,1.0,-1,-1,-1
360,12,1413.00,413.00,112.00,295.00,1.0,-1,-1,-1
360,13,125.00,555.00,65.00,186.00,1.0,-1,-1,-1
360,14,1105.00,376.00,147.00,383.00,1.0,-1,-1,-1
361,0,0.00,0.00,0.00,0.00,1.0,-1,-1,-1
361,1,0.00,0.00,0.00,0.00,1.0,-1,-1,-1
361,2,1624.00,499.00,35.00,158.00,1.0,-1,-1,-1
361,3,1729.00,396.00,129.00,320.00,1.0,-1,-1,-1
361,4,0.00,0.00,0.00,0.00,1.0,-1,-1,-1
361,5,1578.00,392.00,96.00,291.00,1.0,-1,-1,-1
361,6,1816.00,412.00,55.00,231.00,1.0,-1,-1,-1
361,7,1701.00,532.00,81.00,204.00,1.0,-1,-1,-1
361,8,1577.00,392.00,98.00,291.00,1.0,-1,-1,-1
361,9,1398.00,395.00,94.00,296.00,1.0,-1,-1,-1
361,10,0.00,0.00,0.00,0.00,1.0,-1,-1,-1
361,11,1405.00,396.00,87.00,295.00,1.0,-1,-1,-1
361,12,1419.00,414.00,112.00,293.00,1.0,-1,-1,-1
361,13,124.00,526.00,65.00,215.00,1.0,-1,-1,-1
361,14,1104.00,376.00,148.00,385.00,1.0,-1,-1,-1
362,0,0.00,0.00,0.00,0.00,1.0,-1,-1,-1
362,1,0.00,0.00,0.00,0.00,1.0,-1,-1,-1
362,2,1628.00,482.00,36.00,172.00,1.0,-1,-1,-1
362,3,1734.00,394.00,134.00,322.00,1.0,-1,-1,-1
362,4,0.00,0.00,0.00,0.00,1.0,-1,-1,-1
362,5,1582.00,394.00,97.00,289.00,1.0,-1,-1,-1
362,6,1821.00,413.00,56.00,230.00,1.0,-1,-1,-1
362,7,1712.00,529.00,76.00,207.00,1.0,-1,-1,-1
362,8,1583.00,394.00,97.00,289.00,1.0,-1,-1,-1
362,9,1405.00,395.00,89.00,293.00,1.0,-1,-1,-1
362,10,0.00,0.00,0.00,0.00,1.0,-1,-1,-1
362,11,1411.00,395.00,82.00,292.00,1.0,-1,-1,-1
362,12,1426.00,415.00,108.00,292.00,1.0,-1,-1,-1
362,13,123.00,542.00,66.00,199.00,1.0,-1,-1,-1
362,14,1101.00,376.00,151.00,389.00,1.0,-1,-1,-1
363,0,0.00,0.00,0.00,0.00,1.0,-1,-1,-1
363,1,0.00,0.00,0.00,0.00,1.0,-1,-1,-1
363,2,1630.00,515.00,35.00,142.00,1.0,-1,-1,-1
363,3,1740.00,394.00,128.00,322.00,1.0,-1,-1,-1
363,4,0.00,0.00,0.00,0.00,1.0,-1,-1,-1
363,5,1587.00,394.00,92.00,289.00,1.0,-1,-1,-1
363,6,1825.00,413.00,55.00,230.00,1.0,-1,-1,-1
363,7,1723.00,526.00,67.00,210.00,1.0,-1,-1,-1
363,8,1587.00,394.00,93.00,289.00,1.0,-1,-1,-1
363,9,1411.00,395.00,83.00,290.00,1.0,-1,-1,-1
363,10,0.00,0.00,0.00,0.00,1.0,-1,-1,-1
363,11,1413.00,395.00,81.00,290.00,1.0,-1,-1,-1
363,12,1430.00,414.00,104.00,293.00,1.0,-1,-1,-1
363,13,123.00,541.00,66.00,200.00,1.0,-1,-1,-1
363,14,1098.00,376.00,156.00,391.00,1.0,-1,-1,-1
364,0,0.00,0.00,0.00,0.00,1.0,-1,-1,-1
364,1,0.00,0.00,0.00,0.00,1.0,-1,-1,-1
364,2,1632.00,516.00,35.00,141.00,1.0,-1,-1,-1
364,3,1744.00,393.00,123.00,323.00,1.0,-1,-1,-1
364,4,0.00,0.00,0.00,0.00,1.0,-1,-1,-1
364,5,1590.00,393.00,90.00,282.00,1.0,-1,-1,-1
364,6,1828.00,413.00,59.00,229.00,1.0,-1,-1,-1
364,7,1728.00,524.00,66.00,212.00,1.0,-1,-1,-1
364,8,1590.00,393.00,91.00,282.00,1.0,-1,-1,-1
364,9,1417.00,395.00,77.00,289.00,1.0,-1,-1,-1
364,10,0.00,0.00,0.00,0.00,1.0,-1,-1,-1
364,11,1418.00,395.00,76.00,289.00,1.0,-1,-1,-1
364,12,1435.00,413.00,98.00,293.00,1.0,-1,-1,-1
364,13,123.00,541.00,66.00,201.00,1.0,-1,-1,-1
364,14,1095.00,376.00,159.00,392.00,1.0,-1,-1,-1
365,0,0.00,0.00,0.00,0.00,1.0,-1,-1,-1
365,1,0.00,0.00,0.00,0.00,1.0,-1,-1,-1
365,2,1638.00,515.00,32.00,142.00,1.0,-1,-1,-1
365,3,1749.00,392.00,127.00,322.00,1.0,-1,-1,-1
365,4,0.00,0.00,0.00,0.00,1.0,-1,-1,-1
365,5,1595.00,393.00,84.00,281.00,1.0,-1,-1,-1
365,6,1829.00,413.00,66.00,221.00,1.0,-1,-1,-1
365,7,1731.00,522.00,81.00,214.00,1.0,-1,-1,-1
365,8,1581.00,393.00,104.00,281.00,1.0,-1,-1,-1
365,9,1423.00,395.00,71.00,288.00,1.0,-1,-1,-1
365,10,0.00,0.00,0.00,0.00,1.0,-1,-1,-1
365,11,1424.00,395.00,70.00,289.00,1.0,-1,-1,-1
365,12,1436.00,412.00,98.00,288.00,1.0,-1,-1,-1
365,13,121.00,523.00,67.00,210.00,1.0,-1,-1,-1
365,14,1094.00,375.00,161.00,394.00,1.0,-1,-1,-1
366,0,0.00,0.00,0.00,0.00,1.0,-1,-1,-1
366,1,0.00,0.00,0.00,0.00,1.0,-1,-1,-1
366,2,1640.00,526.00,30.00,133.00,1.0,-1,-1,-1
366,3,1752.00,391.00,127.00,325.00,1.0,-1,-1,-1
366,4,0.00,0.00,0.00,0.00,1.0,-1,-1,-1
366,5,1599.00,391.00,83.00,281.00,1.0,-1,-1,-1
366,6,1830.00,413.00,67.00,196.00,1.0,-1,-1,-1
366,7,1731.00,522.00,96.00,214.00,1.0,-1,-1,-1
366,8,1582.00,391.00,102.00,291.00,1.0,-1,-1,-1
366,9,1425.00,395.00,69.00,288.00,1.0,-1,-1,-1
366,10,0.00,0.00,0.00,0.00,1.0,-1,-1,-1
366,11,1425.00,395.00,70.00,288.00,1.0,-1,-1,-1
366,12,1444.00,411.00,95.00,286.00,1.0,-1,-1,-1
366,13,121.00,533.00,64.00,149.00,1.0,-1,-1,-1
366,14,1092.00,373.00,163.00,396.00,1.0,-1,-1,-1
367,0,0.00,0.00,0.00,0.00,1.0,-1,-1,-1
367,1,0.00,0.00,0.00,0.00,1.0,-1,-1,-1
367,2,1601.00,531.00,70.00,138.00,1.0,-1,-1,-1
367,3,1755.00,390.00,142.00,328.00,1.0,-1,-1,-1
367,4,0.00,0.00,0.00,0.00,1.0,-1,-1,-1
367,5,1605.00,390.00,82.00,166.00,1.0,-1,-1,-1
367,6,1834.00,413.00,65.00,187.00,1.0,-1,-1,-1
367,7,1732.00,522.00,114.00,214.00,1.0,-1,-1,-1
367,8,1585.00,390.00,102.00,293.00,1.0,-1,-1,-1
367,9,1429.00,395.00,63.00,260.00,1.0,-1,-1,-1
367,10,0.00,0.00,0.00,0.00,1.0,-1,-1,-1
367,11,1429.00,395.00,62.00,287.00,1.0,-1,-1,-1
367,12,1451.00,410.00,96.00,287.00,1.0,-1,-1,-1
367,13,141.00,539.00,44.00,122.00,1.0,-1,-1,-1
367,14,1092.00,368.00,161.00,401.00,1.0,-1,-1,-1
368,0,0.00,0.00,0.00,0.00,1.0,-1,-1,-1
368,1,0.00,0.00,0.00,0.00,1.0,-1,-1,-1
368,2,1600.00,518.00,73.00,158.00,1.0,-1,-1,-1
368,3,1756.00,390.00,151.00,328.00,1.0,-1,-1,-1
368,4,0.00,0.00,0.00,0.00,1.0,-1,-1,-1
368,5,1608.00,389.00,81.00,265.00,1.0,-1,-1,-1
368,6,1836.00,414.00,63.00,99.00,1.0,-1,-1,-1
368,7,1733.00,524.00,121.00,212.00,1.0,-1,-1,-1
368,8,1590.00,389.00,100.00,289.00,1.0,-1,-1,-1
368,9,1432.00,395.00,62.00,290.00,1.0,-1,-1,-1
368,10,0.00,0.00,0.00,0.00,1.0,-1,-1,-1
368,11,1432.00,395.00,61.00,290.00,1.0,-1,-1,-1
368,12,1454.00,409.00,97.00,288.00,1.0,-1,-1,-1
368,13,160.00,536.00,24.00,103.00,1.0,-1,-1,-1
368,14,1093.00,365.00,159.00,404.00,1.0,-1,-1,-1
369,0,0.00,0.00,0.00,0.00,1.0,-1,-1,-1
369,1,0.00,0.00,0.00,0.00,1.0,-1,-1,-1
369,2,1608.00,601.00,65.00,73.00,1.0,-1,-1,-1
369,3,1764.00,390.00,152.00,328.00,1.0,-1,-1,-1
369,4,0.00,0.00,0.00,0.00,1.0,-1,-1,-1
369,5,1609.00,388.00,84.00,269.00,1.0,-1,-1,-1
369,6,1838.00,415.00,62.00,93.00,1.0,-1,-1,-1
369,7,1735.00,525.00,123.00,212.00,1.0,-1,-1,-1
369,8,1609.00,388.00,85.00,282.00,1.0,-1,-1,-1
369,9,1435.00,397.00,63.00,288.00,1.0,-1,-1,-1
369,10,0.00,0.00,0.00,0.00,1.0,-1,-1,-1
369,11,1434.00,397.00,63.00,288.00,1.0,-1,-1,-1
369,12,1457.00,409.00,99.00,288.00,1.0,-1,-1,-1
369,13,0.00,0.00,0.00,0.00,1.0,-1,-1,-1
369,14,1093.00,363.00,157.00,406.00,1.0,-1,-1,-1
370,0,0.00,0.00,0.00,0.00,1.0,-1,-1,-1
370,1,0.00,0.00,0.00,0.00,1.0,-1,-1,-1
370,2,1627.00,626.00,45.00,48.00,1.0,-1,-1,-1
370,3,1765.00,389.00,155.00,331.00,1.0,-1,-1,-1
370,4,0.00,0.00,0.00,0.00,1.0,-1,-1,-1
370,5,1618.00,386.00,77.00,268.00,1.0,-1,-1,-1
370,6,1841.00,416.00,61.00,89.00,1.0,-1,-1,-1
370,7,1743.00,527.00,119.00,212.00,1.0,-1,-1,-1
370,8,1618.00,386.00,77.00,240.00,1.0,-1,-1,-1
370,9,1439.00,400.00,61.00,285.00,1.0,-1,-1,-1
370,10,0.00,0.00,0.00,0.00,1.0,-1,-1,-1
370,11,1439.00,400.00,60.00,285.00,1.0,-1,-1,-1
370,12,1460.00,409.00,105.00,288.00,1.0,-1,-1,-1
370,13,0.00,0.00,0.00,0.00,1.0,-1,-1,-1
370,14,1091.00,360.00,156.00,412.00,1.0,-1,-1,-1
371,0,0.00,0.00,0.00,0.00,1.0,-1,-1,-1
371,1,0.00,0.00,0.00,0.00,1.0,-1,-1,-1
371,2,1624.00,629.00,54.00,46.00,1.0,-1,-1,-1
371,3,1769.00,389.00,151.00,332.00,1.0,-1,-1,-1
371,4,0.00,0.00,0.00,0.00,1.0,-1,-1,-1
371,5,1620.00,387.00,79.00,288.00,1.0,-1,-1,-1
371,6,1841.00,417.00,63.00,81.00,1.0,-1,-1,-1
371,7,1755.00,526.00,109.00,213.00,1.0,-1,-1,-1
371,8,1620.00,387.00,79.00,287.00,1.0,-1,-1,-1
371,9,1442.00,401.00,61.00,284.00,1.0,-1,-1,-1
371,10,0.00,0.00,0.00,0.00,1.0,-1,-1,-1
371,11,1442.00,401.00,62.00,284.00,1.0,-1,-1,-1
371,12,1463.00,411.00,106.00,286.00,1.0,-1,-1,-1
371,13,0.00,0.00,0.00,0.00,1.0,-1,-1,-1
371,14,1089.00,360.00,157.00,415.00,1.0,-1,-1,-1
372,0,0.00,0.00,0.00,0.00,1.0,-1,-1,-1
372,1,0.00,0.00,0.00,0.00,1.0,-1,-1,-1
372,2,0.00,0.00,0.00,0.00,1.0,-1,-1,-1
372,3,1782.00,389.00,138.00,335.00,1.0,-1,-1,-1
372,4,0.00,0.00,0.00,0.00,1.0,-1,-1,-1
372,5,1623.00,389.00,76.00,285.00,1.0,-1,-1,-1
372,6,1847.00,414.00,58.00,77.00,1.0,-1,-1,-1
372,7,1775.00,525.00,89.00,213.00,1.0,-1,-1,-1
372,8,1623.00,389.00,76.00,284.00,1.0,-1,-1,-1
372,9,1446.00,402.00,59.00,282.00,1.0,-1,-1,-1
372,10,0.00,0.00,0.00,0.00,1.0,-1,-1,-1
372,11,1446.00,402.00,59.00,282.00,1.0,-1,-1,-1
372,12,1468.00,414.00,107.00,283.00,1.0,-1,-1,-1
372,13,0.00,0.00,0.00,0.00,1.0,-1,-1,-1
372,14,1084.00,359.00,157.00,419.00,1.0,-1,-1,-1
373,0,0.00,0.00,0.00,0.00,1.0,-1,-1,-1
373,1,0.00,0.00,0.00,0.00,1.0,-1,-1,-1
373,2,1622.00,398.00,63.00,279.00,1.0,-1,-1,-1
373,3,1786.00,388.00,134.00,337.00,1.0,-1,-1,-1
373,4,0.00,0.00,0.00,0.00,1.0,-1,-1,-1
373,5,1630.00,389.00,82.00,283.00,1.0,-1,-1,-1
373,6,1853.00,413.00,54.00,77.00,1.0,-1,-1,-1
373,7,1792.00,524.00,82.00,215.00,1.0,-1,-1,-1
373,8,1634.00,389.00,78.00,283.00,1.0,-1,-1,-1
373,9,1448.00,402.00,60.00,282.00,1.0,-1,-1,-1
373,10,0.00,0.00,0.00,0.00,1.0,-1,-1,-1
373,11,1448.00,403.00,61.00,281.00,1.0,-1,-1,-1
373,12,1471.00,415.00,109.00,281.00,1.0,-1,-1,-1
373,13,121.00,527.00,35.00,197.00,1.0,-1,-1,-1
373,14,1082.00,361.00,155.00,418.00,1.0,-1,-1,-1
374,0,0.00,0.00,0.00,0.00,1.0,-1,-1,-1
374,1,0.00,0.00,0.00,0.00,1.0,-1,-1,-1
374,2,1623.00,398.00,71.00,278.00,1.0,-1,-1,-1
374,3,1794.00,387.00,126.00,339.00,1.0,-1,-1,-1
374,4,0.00,0.00,0.00,0.00,1.0,-1,-1,-1
374,5,1636.00,391.00,81.00,279.00,1.0,-1,-1,-1
374,6,1855.00,416.00,55.00,72.00,1.0,-1,-1,-1
374,7,1803.00,524.00,83.00,216.00,1.0,-1,-1,-1
374,8,1630.00,391.00,88.00,279.00,1.0,-1,-1,-1
374,9,1450.00,402.00,60.00,282.00,1.0,-1,-1,-1
374,10,0.00,0.00,0.00,0.00,1.0,-1,-1,-1
374,11,1450.00,402.00,56.00,282.00,1.0,-1,-1,-1
374,12,1473.00,417.00,110.00,278.00,1.0,-1,-1,-1
374,13,123.00,529.00,46.00,209.00,1.0,-1,-1,-1
374,14,1076.00,361.00,158.00,421.00,1.0,-1,-1,-1
375,0,0.00,0.00,0.00,0.00,1.0,-1,-1,-1
375,1,0.00,0.00,0.00,0.00,1.0,-1,-1,-1
375,2,1623.00,397.00,83.00,251.00,1.0,-1,-1,-1
375,3,1800.00,385.00,120.00,341.00,1.0,-1,-1,-1
375,4,0.00,0.00,0.00,0.00,1.0,-1,-1,-1
375,5,1641.00,393.00,84.00,276.00,1.0,-1,-1,-1
375,6,1856.00,414.00,54.00,68.00,1.0,-1,-1,-1
375,7,1810.00,526.00,94.00,216.00,1.0,-1,-1,-1
375,8,1640.00,393.00,86.00,276.00,1.0,-1,-1,-1
375,9,1453.00,401.00,61.00,281.00,1.0,-1,-1,-1
375,10,0.00,0.00,0.00,0.00,1.0,-1,-1,-1
375,11,1454.00,401.00,59.00,281.00,1.0,-1,-1,-1
375,12,1478.00,418.00,109.00,277.00,1.0,-1,-1,-1
375,13,124.00,538.00,65.00,202.00,1.0,-1,-1,-1
375,14,1071.00,362.00,157.00,422.00,1.0,-1,-1,-1
376,0,0.00,0.00,0.00,0.00,1.0,-1,-1,-1
376,1,0.00,0.00,0.00,0.00,1.0,-1,-1,-1
376,2,1615.00,398.00,87.00,277.00,1.0,-1,-1,-1
376,3,1806.00,384.00,114.00,343.00,1.0,-1,-1,-1
376,4,0.00,0.00,0.00,0.00,1.0,-1,-1,-1
376,5,1649.00,394.00,80.00,275.00,1.0,-1,-1,-1
376,6,0.00,0.00,0.00,0.00,1.0,-1,-1,-1
376,7,1816.00,527.00,104.00,216.00,1.0,-1,-1,-1
376,8,1648.00,394.00,79.00,275.00,1.0,-1,-1,-1
376,9,1454.00,401.00,61.00,281.00,1.0,-1,-1,-1
376,10,0.00,0.00,0.00,0.00,1.0,-1,-1,-1
376,11,1455.00,401.00,59.00,280.00,1.0,-1,-1,-1
376,12,1481.00,418.00,109.00,276.00,1.0,-1,-1,-1
376,13,123.00,538.00,64.00,202.00,1.0,-1,-1,-1
376,14,1067.00,361.00,157.00,425.00,1.0,-1,-1,-1
377,0,0.00,0.00,0.00,0.00,1.0,-1,-1,-1
377,1,0.00,0.00,0.00,0.00,1.0,-1,-1,-1
377,2,1629.00,590.00,65.00,80.00,1.0,-1,-1,-1
377,3,1812.00,381.00,108.00,311.00,1.0,-1,-1,-1
377,4,0.00,0.00,0.00,0.00,1.0,-1,-1,-1
377,5,1654.00,396.00,79.00,273.00,1.0,-1,-1,-1
377,6,0.00,0.00,0.00,0.00,1.0,-1,-1,-1
377,7,1818.00,526.00,102.00,218.00,1.0,-1,-1,-1
377,8,1654.00,396.00,78.00,273.00,1.0,-1,-1,-1
377,9,1457.00,401.00,70.00,274.00,1.0,-1,-1,-1
377,10,0.00,0.00,0.00,0.00,1.0,-1,-1,-1
377,11,1458.00,401.00,69.00,274.00,1.0,-1,-1,-1
377,12,1487.00,418.00,107.00,273.00,1.0,-1,-1,-1
377,13,123.00,536.00,65.00,205.00,1.0,-1,-1,-1
377,14,1060.00,358.00,158.00,432.00,1.0,-1,-1,-1
378,0,0.00,0.00,0.00,0.00,1.0,-1,-1,-1
378,1,0.00,0.00,0.00,0.00,1.0,-1,-1,-1
378,2,1629.00,594.00,65.00,77.00,1.0,-1,-1,-1
378,3,1817.00,380.00,103.00,340.00,1.0,-1,-1,-1
378,4,0.00,0.00,0.00,0.00,1.0,-1,-1,-1
378,5,1658.00,396.00,79.00,273.00,1.0,-1,-1,-1
378,6,0.00,0.00,0.00,0.00,1.0,-1,-1,-1
378,7,1823.00,526.00,97.00,220.00,1.0,-1,-1,-1
378,8,1658.00,396.00,78.00,273.00,1.0,-1,-1,-1
378,9,1460.00,401.00,60.00,274.00,1.0,-1,-1,-1
378,10,0.00,0.00,0.00,0.00,1.0,-1,-1,-1
378,11,1460.00,401.00,60.00,274.00,1.0,-1,-1,-1
378,12,1489.00,418.00,105.00,269.00,1.0,-1,-1,-1
378,13,123.00,537.00,65.00,204.00,1.0,-1,-1,-1
378,14,1055.00,355.00,159.00,435.00,1.0,-1,-1,-1
379,0,0.00,0.00,0.00,0.00,1.0,-1,-1,-1
379,1,0.00,0.00,0.00,0.00,1.0,-1,-1,-1
379,2,1664.00,595.00,31.00,88.00,1.0,-1,-1,-1
379,3,1821.00,379.00,99.00,336.00,1.0,-1,-1,-1
379,4,0.00,0.00,0.00,0.00,1.0,-1,-1,-1
379,5,1661.00,395.00,76.00,274.00,1.0,-1,-1,-1
379,6,0.00,0.00,0.00,0.00,1.0,-1,-1,-1
379,7,1828.00,523.00,92.00,223.00,1.0,-1,-1,-1
379,8,1662.00,395.00,75.00,274.00,1.0,-1,-1,-1
379,9,1463.00,400.00,66.00,274.00,1.0,-1,-1,-1
379,10,0.00,0.00,0.00,0.00,1.0,-1,-1,-1
379,11,1464.00,400.00,65.00,274.00,1.0,-1,-1,-1
379,12,1490.00,417.00,101.00,270.00,1.0,-1,-1,-1
379,13,123.00,535.00,65.00,206.00,1.0,-1,-1,-1
379,14,1051.00,353.00,159.00,438.00,1.0,-1,-1,-1
380,0,0.00,0.00,0.00,0.00,1.0,-1,-1,-1
380,1,0.00,0.00,0.00,0.00,1.0,-1,-1,-1
380,2,1661.00,431.00,54.00,256.00,1.0,-1,-1,-1
380,3,1829.00,378.00,91.00,244.00,1.0,-1,-1,-1
380,4,0.00,0.00,0.00,0.00,1.0,-1,-1,-1
380,5,1668.00,394.00,71.00,275.00,1.0,-1,-1,-1
380,6,0.00,0.00,0.00,0.00,1.0,-1,-1,-1
380,7,1849.00,526.00,71.00,220.00,1.0,-1,-1,-1
380,8,1668.00,394.00,72.00,275.00,1.0,-1,-1,-1
380,9,1468.00,400.00,62.00,275.00,1.0,-1,-1,-1
380,10,0.00,0.00,0.00,0.00,1.0,-1,-1,-1
380,11,1467.00,400.00,64.00,275.00,1.0,-1,-1,-1
380,12,1494.00,416.00,93.00,271.00,1.0,-1,-1,-1
380,13,123.00,533.00,64.00,208.00,1.0,-1,-1,-1
380,14,1043.00,348.00,162.00,443.00,1.0,-1,-1,-1
381,0,0.00,0.00,0.00,0.00,1.0,-1,-1,-1
381,1,0.00,0.00,0.00,0.00,1.0,-1,-1,-1
381,2,1675.00,449.00,29.00,203.00,1.0,-1,-1,-1
381,3,1833.00,378.00,87.00,312.00,1.0,-1,-1,-1
381,4,0.00,0.00,0.00,0.00,1.0,-1,-1,-1
381,5,1671.00,394.00,70.00,275.00,1.0,-1,-1,-1
381,6,0.00,0.00,0.00,0.00,1.0,-1,-1,-1
381,7,1866.00,527.00,54.00,219.00,1.0,-1,-1,-1
381,8,1670.00,394.00,73.00,275.00,1.0,-1,-1,-1
381,9,1470.00,401.00,59.00,275.00,1.0,-1,-1,-1
381,10,0.00,0.00,0.00,0.00,1.0,-1,-1,-1
381,11,1469.00,401.00,60.00,275.00,1.0,-1,-1,-1
381,12,1495.00,415.00,90.00,272.00,1.0,-1,-1,-1
381,13,123.00,534.00,65.00,207.00,1.0,-1,-1,-1
381,14,1039.00,345.00,163.00,446.00,1.0,-1,-1,-1
382,0,0.00,0.00,0.00,0.00,1.0,-1,-1,-1
382,1,0.00,0.00,0.00,0.00,1.0,-1,-1,-1
382,2,1668.00,448.00,55.00,231.00,1.0,-1,-1,-1
382,3,1841.00,377.00,79.00,346.00,1.0,-1,-1,-1
382,4,0.00,0.00,0.00,0.00,1.0,-1,-1,-1
382,5,1674.00,393.00,83.00,276.00,1.0,-1,-1,-1
382,6,0.00,0.00,0.00,0.00,1.0,-1,-1,-1
382,7,1880.00,573.00,40.00,174.00,1.0,-1,-1,-1
382,8,1674.00,393.00,83.00,276.00,1.0,-1,-1,-1
382,9,1473.00,402.00,58.00,274.00,1.0,-1,-1,-1
382,10,0.00,0.00,0.00,0.00,1.0,-1,-1,-1
382,11,1473.00,402.00,58.00,274.00,1.0,-1,-1,-1
382,12,1499.00,416.00,85.00,271.00,1.0,-1,-1,-1
382,13,123.00,538.00,64.00,204.00,1.0,-1,-1,-1
382,14,1034.00,343.00,163.00,448.00,1.0,-1,-1,-1
383,0,0.00,0.00,0.00,0.00,1.0,-1,-1,-1
383,1,0.00,0.00,0.00,0.00,1.0,-1,-1,-1
383,2,0.00,0.00,0.00,0.00,1.0,-1,-1,-1
383,3,1844.00,378.00,76.00,345.00,1.0,-1,-1,-1
383,4,0.00,0.00,0.00,0.00,1.0,-1,-1,-1
383,5,1678.00,393.00,88.00,276.00,1.0,-1,-1,-1
383,6,0.00,0.00,0.00,0.00,1.0,-1,-1,-1
383,7,1885.00,597.00,35.00,150.00,1.0,-1,-1,-1
383,8,1677.00,393.00,89.00,276.00,1.0,-1,-1,-1
383,9,1477.00,403.00,56.00,273.00,1.0,-1,-1,-1
383,10,0.00,0.00,0.00,0.00,1.0,-1,-1,-1
383,11,1477.00,403.00,55.00,273.00,1.0,-1,-1,-1
383,12,1502.00,417.00,86.00,269.00,1.0,-1,-1,-1
383,13,122.00,532.00,65.00,209.00,1.0,-1,-1,-1
383,14,1029.00,342.00,165.00,452.00,1.0,-1,-1,-1
384,0,0.00,0.00,0.00,0.00,1.0,-1,-1,-1
384,1,0.00,0.00,0.00,0.00,1.0,-1,-1,-1
384,2,0.00,0.00,0.00,0.00,1.0,-1,-1,-1
384,3,1850.00,377.00,70.00,346.00,1.0,-1,-1,-1
384,4,0.00,0.00,0.00,0.00,1.0,-1,-1,-1
384,5,1680.00,393.00,90.00,276.00,1.0,-1,-1,-1
384,6,0.00,0.00,0.00,0.00,1.0,-1,-1,-1
384,7,1889.00,623.00,31.00,124.00,1.0,-1,-1,-1
384,8,1680.00,393.00,91.00,275.00,1.0,-1,-1,-1
384,9,1481.00,404.00,56.00,272.00,1.0,-1,-1,-1
384,10,0.00,0.00,0.00,0.00,1.0,-1,-1,-1
384,11,1481.00,404.00,55.00,272.00,1.0,-1,-1,-1
384,12,1504.00,418.00,87.00,268.00,1.0,-1,-1,-1
384,13,122.00,539.00,65.00,202.00,1.0,-1,-1,-1
384,14,1025.00,341.00,166.00,458.00,1.0,-1,-1,-1
385,0,0.00,0.00,0.00,0.00,1.0,-1,-1,-1
385,1,0.00,0.00,0.00,0.00,1.0,-1,-1,-1
385,2,0.00,0.00,0.00,0.00,1.0,-1,-1,-1
385,3,1855.00,376.00,65.00,347.00,1.0,-1,-1,-1
385,4,0.00,0.00,0.00,0.00,1.0,-1,-1,-1
385,5,1683.00,393.00,114.00,276.00,1.0,-1,-1,-1
385,6,0.00,0.00,0.00,0.00,1.0,-1,-1,-1
385,7,1894.00,640.00,26.00,107.00,1.0,-1,-1,-1
385,8,1683.00,393.00,115.00,275.00,1.0,-1,-1,-1
385,9,1485.00,404.00,58.00,272.00,1.0,-1,-1,-1
385,10,0.00,0.00,0.00,0.00,1.0,-1,-1,-1
385,11,1485.00,404.00,58.00,272.00,1.0,-1,-1,-1
385,12,1507.00,420.00,92.00,266.00,1.0,-1,-1,-1
385,13,122.00,534.00,65.00,207.00,1.0,-1,-1,-1
385,14,1018.00,341.00,171.00,460.00,1.0,-1,-1,-1
386,0,0.00,0.00,0.00,0.00,1.0,-1,-1,-1
386,1,0.00,0.00,0.00,0.00,1.0,-1,-1,-1
386,2,0.00,0.00,0.00,0.00,1.0,-1,-1,-1
386,3,1858.00,375.00,62.00,347.00,1.0,-1,-1,-1
386,4,0.00,0.00,0.00,0.00,1.0,-1,-1,-1
386,5,1685.00,394.00,93.00,274.00,1.0,-1,-1,-1
386,6,0.00,0.00,0.00,0.00,1.0,-1,-1,-1
386,7,1896.00,686.00,24.00,61.00,1.0,-1,-1,-1
386,8,1686.00,394.00,111.00,274.00,1.0,-1,-1,-1
386,9,1488.00,405.00,59.00,270.00,1.0,-1,-1,-1
386,10,0.00,0.00,0.00,0.00,1.0,-1,-1,-1
386,11,1488.00,405.00,59.00,270.00,1.0,-1,-1,-1
386,12,1509.00,420.00,93.00,266.00,1.0,-1,-1,-1
386,13,122.00,532.00,64.00,209.00,1.0,-1,-1,-1
386,14,1014.00,342.00,174.00,462.00,1.0,-1,-1,-1
387,0,0.00,0.00,0.00,0.00,1.0,-1,-1,-1
387,1,0.00,0.00,0.00,0.00,1.0,-1,-1,-1
387,2,0.00,0.00,0.00,0.00,1.0,-1,-1,-1
387,3,1864.00,373.00,56.00,351.00,1.0,-1,-1,-1
387,4,0.00,0.00,0.00,0.00,1.0,-1,-1,-1
387,5,1693.00,395.00,96.00,273.00,1.0,-1,-1,-1
387,6,0.00,0.00,0.00,0.00,1.0,-1,-1,-1
387,7,1908.00,692.00,12.00,49.00,1.0,-1,-1,-1
387,8,1693.00,395.00,121.00,272.00,1.0,-1,-1,-1
387,9,1496.00,406.00,57.00,269.00,1.0,-1,-1,-1
387,10,0.00,0.00,0.00,0.00,1.0,-1,-1,-1
387,11,1496.00,406.00,57.00,269.00,1.0,-1,-1,-1
387,12,1515.00,421.00,87.00,264.00,1.0,-1,-1,-1
387,13,122.00,531.00,65.00,211.00,1.0,-1,-1,-1
387,14,1004.00,342.00,181.00,467.00,1.0,-1,-1,-1
388,0,0.00,0.00,0.00,0.00,1.0,-1,-1,-1
388,1,0.00,0.00,0.00,0.00,1.0,-1,-1,-1
388,2,1681.00,436.00,71.00,237.00,1.0,-1,-1,-1
388,3,1868.00,372.00,52.00,354.00,1.0,-1,-1,-1
388,4,0.00,0.00,0.00,0.00,1.0,-1,-1,-1
388,5,1696.00,397.00,98.00,268.00,1.0,-1,-1,-1
388,6,0.00,0.00,0.00,0.00,1.0,-1,-1,-1
388,7,0.00,0.00,0.00,0.00,1.0,-1,-1,-1
388,8,1697.00,397.00,117.00,268.00,1.0,-1,-1,-1
388,9,1500.00,405.00,56.00,269.00,1.0,-1,-1,-1
388,10,0.00,0.00,0.00,0.00,1.0,-1,-1,-1
388,11,1500.00,405.00,56.00,269.00,1.0,-1,-1,-1
388,12,1516.00,421.00,87.00,264.00,1.0,-1,-1,-1
388,13,122.00,531.00,65.00,211.00,1.0,-1,-1,-1
388,14,998.00,343.00,186.00,469.00,1.0,-1,-1,-1
389,0,0.00,0.00,0.00,0.00,1.0,-1,-1,-1
389,1,0.00,0.00,0.00,0.00,1.0,-1,-1,-1
389,2,1195.00,569.00,514.00,98.00,1.0,-1,-1,-1
389,3,1871.00,371.00,49.00,355.00,1.0,-1,-1,-1
389,4,0.00,0.00,0.00,0.00,1.0,-1,-1,-1
389,5,1699.00,398.00,113.00,263.00,1.0,-1,-1,-1
389,6,0.00,0.00,0.00,0.00,1.0,-1,-1,-1
389,7,0.00,0.00,0.00,0.00,1.0,-1,-1,-1
389,8,1699.00,398.00,121.00,262.00,1.0,-1,-1,-1
389,9,1501.00,405.00,101.00,268.00,1.0,-1,-1,-1
389,10,0.00,0.00,0.00,0.00,1.0,-1,-1,-1
389,11,1501.00,405.00,61.00,268.00,1.0,-1,-1,-1
389,12,1521.00,421.00,81.00,263.00,1.0,-1,-1,-1
389,13,123.00,531.00,64.00,211.00,1.0,-1,-1,-1
389,14,992.00,342.00,190.00,475.00,1.0,-1,-1,-1
390,0,0.00,0.00,0.00,0.00,1.0,-1,-1,-1
390,1,0.00,0.00,0.00,0.00,1.0,-1,-1,-1
390,2,1691.00,584.00,30.00,85.00,1.0,-1,-1,-1
390,3,1880.00,369.00,40.00,345.00,1.0,-1,-1,-1
390,4,0.00,0.00,0.00,0.00,1.0,-1,-1,-1
390,5,1704.00,400.00,109.00,259.00,1.0,-1,-1,-1
390,6,0.00,0.00,0.00,0.00,1.0,-1,-1,-1
390,7,0.00,0.00,0.00,0.00,1.0,-1,-1,-1
390,8,1704.00,400.00,124.00,263.00,1.0,-1,-1,-1
390,9,1505.00,403.00,99.00,269.00,1.0,-1,-1,-1
390,10,0.00,0.00,0.00,0.00,1.0,-1,-1,-1
390,11,1505.00,403.00,99.00,269.00,1.0,-1,-1,-1
390,12,1525.00,421.00,82.00,259.00,1.0,-1,-1,-1
390,13,123.00,533.00,64.00,208.00,1.0,-1,-1,-1
390,14,985.00,340.00,194.00,477.00,1.0,-1,-1,-1
391,0,0.00,0.00,0.00,0.00,1.0,-1,-1,-1
391,1,0.00,0.00,0.00,0.00,1.0,-1,-1,-1
391,2,1693.00,584.00,37.00,84.00,1.0,-1,-1,-1
391,3,1884.00,370.00,36.00,318.00,1.0,-1,-1,-1
391,4,0.00,0.00,0.00,0.00,1.0,-1,-1,-1
391,5,1708.00,400.00,112.00,261.00,1.0,-1,-1,-1
391,6,0.00,0.00,0.00,0.00,1.0,-1,-1,-1
391,7,0.00,0.00,0.00,0.00,1.0,-1,-1,-1
391,8,1707.00,400.00,121.00,263.00,1.0,-1,-1,-1
391,9,1512.00,403.00,92.00,265.00,1.0,-1,-1,-1
391,10,0.00,0.00,0.00,0.00,1.0,-1,-1,-1
391,11,1512.00,403.00,92.00,265.00,1.0,-1,-1,-1
391,12,1528.00,422.00,85.00,255.00,1.0,-1,-1,-1
391,13,123.00,535.00,63.00,206.00,1.0,-1,-1,-1
391,14,982.00,337.00,195.00,480.00,1.0,-1,-1,-1
392,0,0.00,0.00,0.00,0.00,1.0,-1,-1,-1
392,1,0.00,0.00,0.00,0.00,1.0,-1,-1,-1
392,2,1697.00,589.00,41.00,79.00,1.0,-1,-1,-1
392,3,1892.00,373.00,28.00,232.00,1.0,-1,-1,-1
392,4,0.00,0.00,0.00,0.00,1.0,-1,-1,-1
392,5,1711.00,399.00,110.00,264.00,1.0,-1,-1,-1
392,6,0.00,0.00,0.00,0.00,1.0,-1,-1,-1
392,7,0.00,0.00,0.00,0.00,1.0,-1,-1,-1
392,8,1711.00,398.00,116.00,254.00,1.0,-1,-1,-1
392,9,1523.00,401.00,81.00,270.00,1.0,-1,-1,-1
392,10,0.00,0.00,0.00,0.00,1.0,-1,-1,-1
392,11,1523.00,401.00,81.00,269.00,1.0,-1,-1,-1
392,12,1531.00,421.00,91.00,256.00,1.0,-1,-1,-1
392,13,122.00,532.00,65.00,209.00,1.0,-1,-1,-1
392,14,978.00,333.00,193.00,484.00,1.0,-1,-1,-1
393,0,0.00,0.00,0.00,0.00,1.0,-1,-1,-1
393,1,0.00,0.00,0.00,0.00,1.0,-1,-1,-1
393,2,1699.00,588.00,40.00,78.00,1.0,-1,-1,-1
393,3,1898.00,384.00,22.00,178.00,1.0,-1,-1,-1
393,4,0.00,0.00,0.00,0.00,1.0,-1,-1,-1
393,5,1714.00,399.00,107.00,266.00,1.0,-1,-1,-1
393,6,0.00,0.00,0.00,0.00,1.0,-1,-1,-1
393,7,0.00,0.00,0.00,0.00,1.0,-1,-1,-1
393,8,1711.00,399.00,117.00,266.00,1.0,-1,-1,-1
393,9,1528.00,400.00,75.00,268.00,1.0,-1,-1,-1
393,10,0.00,0.00,0.00,0.00,1.0,-1,-1,-1
393,11,1527.00,400.00,76.00,268.00,1.0,-1,-1,-1
393,12,1534.00,420.00,95.00,257.00,1.0,-1,-1,-1
393,13,122.00,532.00,65.00,209.00,1.0,-1,-1,-1
393,14,976.00,330.00,192.00,487.00,1.0,-1,-1,-1
394,0,0.00,0.00,0.00,0.00,1.0,-1,-1,-1
394,1,0.00,0.00,0.00,0.00,1.0,-1,-1,-1
394,2,1703.00,580.00,37.00,85.00,1.0,-1,-1,-1
394,3,1903.00,409.00,17.00,127.00,1.0,-1,-1,-1
394,4,0.00,0.00,0.00,0.00,1.0,-1,-1,-1
394,5,1723.00,398.00,96.00,140.00,1.0,-1,-1,-1
394,6,1878.00,431.00,42.00,124.00,1.0,-1,-1,-1
394,7,0.00,0.00,0.00,0.00,1.0,-1,-1,-1
394,8,1723.00,398.00,106.00,142.00,1.0,-1,-1,-1
394,9,1532.00,400.00,73.00,270.00,1.0,-1,-1,-1
394,10,0.00,0.00,0.00,0.00,1.0,-1,-1,-1
394,11,1532.00,400.00,73.00,269.00,1.0,-1,-1,-1
394,12,1538.00,421.00,99.00,256.00,1.0,-1,-1,-1
394,13,122.00,532.00,65.00,209.00,1.0,-1,-1,-1
394,14,971.00,327.00,191.00,490.00,1.0,-1,-1,-1
395,0,0.00,0.00,0.00,0.00,1.0,-1,-1,-1
395,1,0.00,0.00,0.00,0.00,1.0,-1,-1,-1
395,2,1707.00,584.00,29.00,60.00,1.0,-1,-1,-1
395,3,1908.00,432.00,12.00,22.00,1.0,-1,-1,-1
395,4,0.00,0.00,0.00,0.00,1.0,-1,-1,-1
395,5,1728.00,397.00,99.00,246.00,1.0,-1,-1,-1
395,6,1885.00,432.00,35.00,124.00,1.0,-1,-1,-1
395,7,0.00,0.00,0.00,0.00,1.0,-1,-1,-1
395,8,1729.00,397.00,107.00,211.00,1.0,-1,-1,-1
395,9,1536.00,401.00,69.00,269.00,1.0,-1,-1,-1
395,10,0.00,0.00,0.00,0.00,1.0,-1,-1,-1
395,11,1536.00,400.00,69.00,270.00,1.0,-1,-1,-1
395,12,1544.00,420.00,102.00,257.00,1.0,-1,-1,-1
395,13,122.00,532.00,65.00,209.00,1.0,-1,-1,-1
395,14,968.00,324.00,186.00,493.00,1.0,-1,-1,-1
396,0,0.00,0.00,0.00,0.00,1.0,-1,-1,-1
396,1,0.00,0.00,0.00,0.00,1.0,-1,-1,-1
396,2,1713.00,590.00,28.00,53.00,1.0,-1,-1,-1
396,3,0.00,0.00,0.00,0.00,1.0,-1,-1,-1
396,4,0.00,0.00,0.00,0.00,1.0,-1,-1,-1
396,5,1732.00,396.00,106.00,250.00,1.0,-1,-1,-1
396,6,1886.00,439.00,34.00,118.00,1.0,-1,-1,-1
396,7,0.00,0.00,0.00,0.00,1.0,-1,-1,-1
396,8,1732.00,396.00,110.00,214.00,1.0,-1,-1,-1
396,9,1539.00,401.00,51.00,138.00,1.0,-1,-1,-1
396,10,0.00,0.00,0.00,0.00,1.0,-1,-1,-1
396,11,1539.00,401.00,50.00,138.00,1.0,-1,-1,-1
396,12,1547.00,421.00,99.00,256.00,1.0,-1,-1,-1
396,13,122.00,531.00,65.00,210.00,1.0,-1,-1,-1
396,14,963.00,323.00,186.00,499.00,1.0,-1,-1,-1
397,0,0.00,0.00,0.00,0.00,1.0,-1,-1,-1
397,1,0.00,0.00,0.00,0.00,1.0,-1,-1,-1
397,2,1721.00,567.00,59.00,91.00,1.0,-1,-1,-1
397,3,0.00,0.00,0.00,0.00,1.0,-1,-1,-1
397,4,0.00,0.00,0.00,0.00,1.0,-1,-1,-1
397,5,1735.00,396.00,118.00,250.00,1.0,-1,-1,-1
397,6,1894.00,451.00,26.00,105.00,1.0,-1,-1,-1
397,7,0.00,0.00,0.00,0.00,1.0,-1,-1,-1
397,8,1735.00,396.00,117.00,264.00,1.0,-1,-1,-1
397,9,1544.00,403.00,50.00,136.00,1.0,-1,-1,-1
397,10,0.00,0.00,0.00,0.00,1.0,-1,-1,-1
397,11,1544.00,403.00,49.00,136.00,1.0,-1,-1,-1
397,12,1554.00,421.00,97.00,256.00,1.0,-1,-1,-1
397,13,122.00,532.00,65.00,209.00,1.0,-1,-1,-1
397,14,953.00,324.00,186.00,502.00,1.0,-1,-1,-1
398,0,0.00,0.00,0.00,0.00,1.0,-1,-1,-1
398,1,0.00,0.00,0.00,0.00,1.0,-1,-1,-1
398,2,1725.00,607.00,42.00,37.00,1.0,-1,-1,-1
398,3,0.00,0.00,0.00,0.00,1.0,-1,-1,-1
398,4,0.00,0.00,0.00,0.00,1.0,-1,-1,-1
398,5,1740.00,396.00,109.00,250.00,1.0,-1,-1,-1
398,6,1893.00,453.00,27.00,103.00,1.0,-1,-1,-1
398,7,0.00,0.00,0.00,0.00,1.0,-1,-1,-1
398,8,1740.00,396.00,110.00,263.00,1.0,-1,-1,-1
398,9,1545.00,404.00,49.00,136.00,1.0,-1,-1,-1
398,10,0.00,0.00,0.00,0.00,1.0,-1,-1,-1
398,11,1545.00,404.00,48.00,135.00,1.0,-1,-1,-1
398,12,1556.00,419.00,99.00,257.00,1.0,-1,-1,-1
398,13,122.00,532.00,65.00,209.00,1.0,-1,-1,-1
398,14,931.00,325.00,201.00,505.00,1.0,-1,-1,-1
399,0,0.00,0.00,0.00,0.00,1.0,-1,-1,-1
399,1,0.00,0.00,0.00,0.00,1.0,-1,-1,-1
399,2,0.00,0.00,0.00,0.00,1.0,-1,-1,-1
399,3,0.00,0.00,0.00,0.00,1.0,-1,-1,-1
399,4,0.00,0.00,0.00,0.00,1.0,-1,-1,-1
399,5,1745.00,397.00,84.00,248.00,1.0,-1,-1,-1
399,6,1891.00,451.00,29.00,104.00,1.0,-1,-1,-1
399,7,0.00,0.00,0.00,0.00,1.0,-1,-1,-1
399,8,1745.00,396.00,107.00,262.00,1.0,-1,-1,-1
399,9,1548.00,406.00,50.00,133.00,1.0,-1,-1,-1
399,10,0.00,0.00,0.00,0.00,1.0,-1,-1,-1
399,11,1548.00,406.00,50.00,132.00,1.0,-1,-1,-1
399,12,1559.00,423.00,100.00,253.00,1.0,-1,-1,-1
399,13,122.00,532.00,66.00,210.00,1.0,-1,-1,-1
399,14,923.00,326.00,203.00,507.00,1.0,-1,-1,-1
400,0,0.00,0.00,0.00,0.00,1.0,-1,-1,-1
400,1,0.00,0.00,0.00,0.00,1.0,-1,-1,-1
400,2,0.00,0.00,0.00,0.00,1.0,-1,-1,-1
400,3,0.00,0.00,0.00,0.00,1.0,-1,-1,-1
400,4,0.00,0.00,0.00,0.00,1.0,-1,-1,-1
400,5,1750.00,398.00,78.00,232.00,1.0,-1,-1,-1
400,6,1896.00,449.00,24.00,108.00,1.0,-1,-1,-1
400,7,0.00,0.00,0.00,0.00,1.0,-1,-1,-1
400,8,1750.00,397.00,102.00,261.00,1.0,-1,-1,-1
400,9,1553.00,407.00,85.00,259.00,1.0,-1,-1,-1
400,10,0.00,0.00,0.00,0.00,1.0,-1,-1,-1
400,11,1553.00,407.00,84.00,258.00,1.0,-1,-1,-1
400,12,1563.00,423.00,99.00,252.00,1.0,-1,-1,-1
400,13,122.00,532.00,66.00,210.00,1.0,-1,-1,-1
400,14,921.00,327.00,193.00,509.00,1.0,-1,-1,-1
401,0,0.00,0.00,0.00,0.00,1.0,-1,-1,-1
401,1,0.00,0.00,0.00,0.00,1.0,-1,-1,-1
401,2,0.00,0.00,0.00,0.00,1.0,-1,-1,-1
401,3,0.00,0.00,0.00,0.00,1.0,-1,-1,-1
401,4,0.00,0.00,0.00,0.00,1.0,-1,-1,-1
401,5,1754.00,398.00,75.00,197.00,1.0,-1,-1,-1
401,6,1896.00,449.00,24.00,107.00,1.0,-1,-1,-1
401,7,0.00,0.00,0.00,0.00,1.0,-1,-1,-1
401,8,1755.00,398.00,79.00,258.00,1.0,-1,-1,-1
401,9,1558.00,407.00,82.00,259.00,1.0,-1,-1,-1
401,10,0.00,0.00,0.00,0.00,1.0,-1,-1,-1
401,11,1558.00,407.00,82.00,259.00,1.0,-1,-1,-1
401,12,1566.00,423.00,96.00,251.00,1.0,-1,-1,-1
401,13,123.00,533.00,64.00,209.00,1.0,-1,-1,-1
401,14,919.00,327.00,195.00,512.00,1.0,-1,-1,-1
402,0,0.00,0.00,0.00,0.00,1.0,-1,-1,-1
402,1,0.00,0.00,0.00,0.00,1.0,-1,-1,-1
402,2,0.00,0.00,0.00,0.00,1.0,-1,-1,-1
402,3,0.00,0.00,0.00,0.00,1.0,-1,-1,-1
402,4,0.00,0.00,0.00,0.00,1.0,-1,-1,-1
402,5,1758.00,400.00,78.00,195.00,1.0,-1,-1,-1
402,6,1897.00,447.00,23.00,109.00,1.0,-1,-1,-1
402,7,0.00,0.00,0.00,0.00,1.0,-1,-1,-1
402,8,1759.00,400.00,84.00,254.00,1.0,-1,-1,-1
402,9,1561.00,407.00,80.00,260.00,1.0,-1,-1,-1
402,10,0.00,0.00,0.00,0.00,1.0,-1,-1,-1
402,11,1561.00,407.00,80.00,260.00,1.0,-1,-1,-1
402,12,1570.00,422.00,93.00,248.00,1.0,-1,-1,-1
402,13,123.00,534.00,64.00,207.00,1.0,-1,-1,-1
402,14,905.00,323.00,206.00,522.00,1.0,-1,-1,-1
403,0,0.00,0.00,0.00,0.00,1.0,-1,-1,-1
403,1,0.00,0.00,0.00,0.00,1.0,-1,-1,-1
403,2,1728.00,612.00,12.00,30.00,1.0,-1,-1,-1
403,3,0.00,0.00,0.00,0.00,1.0,-1,-1,-1
403,4,0.00,0.00,0.00,0.00,1.0,-1,-1,-1
403,5,1764.00,402.00,66.00,239.00,1.0,-1,-1,-1
403,6,1898.00,450.00,22.00,106.00,1.0,-1,-1,-1
403,7,0.00,0.00,0.00,0.00,1.0,-1,-1,-1
403,8,1763.00,401.00,83.00,253.00,1.0,-1,-1,-1
403,9,1563.00,407.00,79.00,260.00,1.0,-1,-1,-1
403,10,0.00,0.00,0.00,0.00,1.0,-1,-1,-1
403,11,1563.00,407.00,79.00,260.00,1.0,-1,-1,-1
403,12,1574.00,422.00,90.00,248.00,1.0,-1,-1,-1
403,13,123.00,534.00,64.00,207.00,1.0,-1,-1,-1
403,14,895.00,320.00,211.00,525.00,1.0,-1,-1,-1
404,0,0.00,0.00,0.00,0.00,1.0,-1,-1,-1
404,1,0.00,0.00,0.00,0.00,1.0,-1,-1,-1
404,2,1730.00,607.00,11.00,33.00,1.0,-1,-1,-1
404,3,0.00,0.00,0.00,0.00,1.0,-1,-1,-1
404,4,0.00,0.00,0.00,0.00,1.0,-1,-1,-1
404,5,1766.00,402.00,68.00,235.00,1.0,-1,-1,-1
404,6,1899.00,449.00,21.00,106.00,1.0,-1,-1,-1
404,7,0.00,0.00,0.00,0.00,1.0,-1,-1,-1
404,8,1766.00,402.00,80.00,253.00,1.0,-1,-1,-1
404,9,1564.00,406.00,77.00,256.00,1.0,-1,-1,-1
404,10,0.00,0.00,0.00,0.00,1.0,-1,-1,-1
404,11,1565.00,406.00,77.00,256.00,1.0,-1,-1,-1
404,12,1578.00,420.00,86.00,250.00,1.0,-1,-1,-1
404,13,123.00,536.00,64.00,206.00,1.0,-1,-1,-1
404,14,887.00,317.00,208.00,528.00,1.0,-1,-1,-1
405,0,0.00,0.00,0.00,0.00,1.0,-1,-1,-1
405,1,0.00,0.00,0.00,0.00,1.0,-1,-1,-1
405,2,0.00,0.00,0.00,0.00,1.0,-1,-1,-1
405,3,0.00,0.00,0.00,0.00,1.0,-1,-1,-1
405,4,0.00,0.00,0.00,0.00,1.0,-1,-1,-1
405,5,1768.00,402.00,119.00,224.00,1.0,-1,-1,-1
405,6,1900.00,450.00,20.00,106.00,1.0,-1,-1,-1
405,7,0.00,0.00,0.00,0.00,1.0,-1,-1,-1
405,8,1768.00,402.00,78.00,252.00,1.0,-1,-1,-1
405,9,1571.00,405.00,47.00,129.00,1.0,-1,-1,-1
405,10,0.00,0.00,0.00,0.00,1.0,-1,-1,-1
405,11,1571.00,405.00,47.00,129.00,1.0,-1,-1,-1
405,12,1583.00,422.00,81.00,248.00,1.0,-1,-1,-1
405,13,123.00,534.00,64.00,208.00,1.0,-1,-1,-1
405,14,873.00,311.00,197.00,534.00,1.0,-1,-1,-1
406,0,0.00,0.00,0.00,0.00,1.0,-1,-1,-1
406,1,0.00,0.00,0.00,0.00,1.0,-1,-1,-1
406,2,0.00,0.00,0.00,0.00,1.0,-1,-1,-1
406,3,0.00,0.00,0.00,0.00,1.0,-1,-1,-1
406,4,0.00,0.00,0.00,0.00,1.0,-1,-1,-1
406,5,1769.00,401.00,106.00,233.00,1.0,-1,-1,-1
406,6,1900.00,449.00,20.00,107.00,1.0,-1,-1,-1
406,7,0.00,0.00,0.00,0.00,1.0,-1,-1,-1
406,8,1769.00,401.00,80.00,253.00,1.0,-1,-1,-1
406,9,1574.00,404.00,56.00,240.00,1.0,-1,-1,-1
406,10,0.00,0.00,0.00,0.00,1.0,-1,-1,-1
406,11,1574.00,404.00,55.00,236.00,1.0,-1,-1,-1
406,12,1585.00,422.00,81.00,248.00,1.0,-1,-1,-1
406,13,123.00,533.00,64.00,209.00,1.0,-1,-1,-1
406,14,864.00,308.00,201.00,537.00,1.0,-1,-1,-1
407,0,0.00,0.00,0.00,0.00,1.0,-1,-1,-1
407,1,0.00,0.00,0.00,0.00,1.0,-1,-1,-1
407,2,0.00,0.00,0.00,0.00,1.0,-1,-1,-1
407,3,0.00,0.00,0.00,0.00,1.0,-1,-1,-1
407,4,0.00,0.00,0.00,0.00,1.0,-1,-1,-1
407,5,1770.00,400.00,81.00,230.00,1.0,-1,-1,-1
407,6,1900.00,449.00,20.00,110.00,1.0,-1,-1,-1
407,7,0.00,0.00,0.00,0.00,1.0,-1,-1,-1
407,8,1771.00,400.00,78.00,254.00,1.0,-1,-1,-1
407,9,1582.00,404.00,68.00,255.00,1.0,-1,-1,-1
407,10,0.00,0.00,0.00,0.00,1.0,-1,-1,-1
407,11,1581.00,404.00,69.00,255.00,1.0,-1,-1,-1
407,12,1592.00,422.00,93.00,247.00,1.0,-1,-1,-1
407,13,122.00,533.00,65.00,209.00,1.0,-1,-1,-1
407,14,854.00,304.00,204.00,542.00,1.0,-1,-1,-1
408,0,0.00,0.00,0.00,0.00,1.0,-1,-1,-1
408,1,0.00,0.00,0.00,0.00,1.0,-1,-1,-1
408,2,0.00,0.00,0.00,0.00,1.0,-1,-1,-1
408,3,0.00,0.00,0.00,0.00,1.0,-1,-1,-1
408,4,0.00,0.00,0.00,0.00,1.0,-1,-1,-1
408,5,1771.00,400.00,82.00,237.00,1.0,-1,-1,-1
408,6,0.00,0.00,0.00,0.00,1.0,-1,-1,-1
408,7,0.00,0.00,0.00,0.00,1.0,-1,-1,-1
408,8,1772.00,400.00,86.00,254.00,1.0,-1,-1,-1
408,9,1581.00,404.00,82.00,255.00,1.0,-1,-1,-1
408,10,0.00,0.00,0.00,0.00,1.0,-1,-1,-1
408,11,1580.00,404.00,82.00,255.00,1.0,-1,-1,-1
408,12,1595.00,422.00,98.00,247.00,1.0,-1,-1,-1
408,13,122.00,533.00,65.00,208.00,1.0,-1,-1,-1
408,14,849.00,303.00,204.00,552.00,1.0,-1,-1,-1
409,0,0.00,0.00,0.00,0.00,1.0,-1,-1,-1
409,1,0.00,0.00,0.00,0.00,1.0,-1,-1,-1
409,2,0.00,0.00,0.00,0.00,1.0,-1,-1,-1
409,3,0.00,0.00,0.00,0.00,1.0,-1,-1,-1
409,4,0.00,0.00,0.00,0.00,1.0,-1,-1,-1
409,5,1774.00,400.00,87.00,237.00,1.0,-1,-1,-1
409,6,0.00,0.00,0.00,0.00,1.0,-1,-1,-1
409,7,0.00,0.00,0.00,0.00,1.0,-1,-1,-1
409,8,1775.00,400.00,86.00,255.00,1.0,-1,-1,-1
409,9,1582.00,405.00,96.00,257.00,1.0,-1,-1,-1
409,10,0.00,0.00,0.00,0.00,1.0,-1,-1,-1
409,11,1582.00,405.00,95.00,256.00,1.0,-1,-1,-1
409,12,1600.00,423.00,101.00,246.00,1.0,-1,-1,-1
409,13,122.00,533.00,65.00,208.00,1.0,-1,-1,-1
409,14,840.00,302.00,208.00,559.00,1.0,-1,-1,-1
410,0,0.00,0.00,0.00,0.00,1.0,-1,-1,-1
410,1,0.00,0.00,0.00,0.00,1.0,-1,-1,-1
410,2,0.00,0.00,0.00,0.00,1.0,-1,-1,-1
410,3,0.00,0.00,0.00,0.00,1.0,-1,-1,-1
410,4,0.00,0.00,0.00,0.00,1.0,-1,-1,-1
410,5,1779.00,398.00,90.00,236.00,1.0,-1,-1,-1
410,6,0.00,0.00,0.00,0.00,1.0,-1,-1,-1
410,7,0.00,0.00,0.00,0.00,1.0,-1,-1,-1
410,8,1780.00,398.00,86.00,256.00,1.0,-1,-1,-1
410,9,1586.00,406.00,93.00,251.00,1.0,-1,-1,-1
410,10,0.00,0.00,0.00,0.00,1.0,-1,-1,-1
410,11,1585.00,405.00,94.00,252.00,1.0,-1,-1,-1
410,12,1604.00,424.00,102.00,245.00,1.0,-1,-1,-1
410,13,122.00,533.00,65.00,208.00,1.0,-1,-1,-1
410,14,826.00,303.00,213.00,561.00,1.0,-1,-1,-1
411,0,0.00,0.00,0.00,0.00,1.0,-1,-1,-1
411,1,0.00,0.00,0.00,0.00,1.0,-1,-1,-1
411,2,0.00,0.00,0.00,0.00,1.0,-1,-1,-1
411,3,0.00,0.00,0.00,0.00,1.0,-1,-1,-1
411,4,0.00,0.00,0.00,0.00,1.0,-1,-1,-1
411,5,1784.00,399.00,88.00,234.00,1.0,-1,-1,-1
411,6,0.00,0.00,0.00,0.00,1.0,-1,-1,-1
411,7,0.00,0.00,0.00,0.00,1.0,-1,-1,-1
411,8,1784.00,398.00,85.00,256.00,1.0,-1,-1,-1
411,9,1594.00,406.00,86.00,252.00,1.0,-1,-1,-1
411,10,0.00,0.00,0.00,0.00,1.0,-1,-1,-1
411,11,1594.00,406.00,86.00,252.00,1.0,-1,-1,-1
411,12,1606.00,425.00,100.00,244.00,1.0,-1,-1,-1
411,13,122.00,533.00,65.00,209.00,1.0,-1,-1,-1
411,14,818.00,303.00,217.00,565.00,1.0,-1,-1,-1
412,0,0.00,0.00,0.00,0.00,1.0,-1,-1,-1
412,1,0.00,0.00,0.00,0.00,1.0,-1,-1,-1
412,2,0.00,0.00,0.00,0.00,1.0,-1,-1,-1
412,3,0.00,0.00,0.00,0.00,1.0,-1,-1,-1
412,4,0.00,0.00,0.00,0.00,1.0,-1,-1,-1
412,5,1789.00,399.00,95.00,255.00,1.0,-1,-1,-1
412,6,0.00,0.00,0.00,0.00,1.0,-1,-1,-1
412,7,0.00,0.00,0.00,0.00,1.0,-1,-1,-1
412,8,1789.00,399.00,98.00,256.00,1.0,-1,-1,-1
412,9,1600.00,406.00,107.00,252.00,1.0,-1,-1,-1
412,10,0.00,0.00,0.00,0.00,1.0,-1,-1,-1
412,11,1600.00,406.00,108.00,252.00,1.0,-1,-1,-1
412,12,1612.00,424.00,94.00,244.00,1.0,-1,-1,-1
412,13,122.00,533.00,65.00,208.00,1.0,-1,-1,-1
412,14,803.00,304.00,225.00,570.00,1.0,-1,-1,-1
413,0,0.00,0.00,0.00,0.00,1.0,-1,-1,-1
413,1,0.00,0.00,0.00,0.00,1.0,-1,-1,-1
413,2,0.00,0.00,0.00,0.00,1.0,-1,-1,-1
413,3,0.00,0.00,0.00,0.00,1.0,-1,-1,-1
413,4,0.00,0.00,0.00,0.00,1.0,-1,-1,-1
413,5,1791.00,400.00,96.00,253.00,1.0,-1,-1,-1
413,6,0.00,0.00,0.00,0.00,1.0,-1,-1,-1
413,7,0.00,0.00,0.00,0.00,1.0,-1,-1,-1
413,8,1791.00,400.00,99.00,254.00,1.0,-1,-1,-1
413,9,1603.00,408.00,54.00,216.00,1.0,-1,-1,-1
413,10,0.00,0.00,0.00,0.00,1.0,-1,-1,-1
413,11,1603.00,408.00,54.00,248.00,1.0,-1,-1,-1
413,12,1617.00,423.00,89.00,242.00,1.0,-1,-1,-1
413,13,123.00,533.00,64.00,208.00,1.0,-1,-1,-1
413,14,794.00,304.00,228.00,576.00,1.0,-1,-1,-1
414,0,0.00,0.00,0.00,0.00,1.0,-1,-1,-1
414,1,0.00,0.00,0.00,0.00,1.0,-1,-1,-1
414,2,0.00,0.00,0.00,0.00,1.0,-1,-1,-1
414,3,0.00,0.00,0.00,0.00,1.0,-1,-1,-1
414,4,0.00,0.00,0.00,0.00,1.0,-1,-1,-1
414,5,1795.00,401.00,96.00,252.00,1.0,-1,-1,-1
414,6,0.00,0.00,0.00,0.00,1.0,-1,-1,-1
414,7,0.00,0.00,0.00,0.00,1.0,-1,-1,-1
414,8,1795.00,401.00,98.00,252.00,1.0,-1,-1,-1
414,9,1610.00,408.00,50.00,220.00,1.0,-1,-1,-1
414,10,0.00,0.00,0.00,0.00,1.0,-1,-1,-1
414,11,1609.00,408.00,51.00,223.00,1.0,-1,-1,-1
414,12,1624.00,422.00,82.00,241.00,1.0,-1,-1,-1
414,13,122.00,534.00,65.00,208.00,1.0,-1,-1,-1
414,14,781.00,303.00,235.00,582.00,1.0,-1,-1,-1
415,0,0.00,0.00,0.00,0.00,1.0,-1,-1,-1
415,1,0.00,0.00,0.00,0.00,1.0,-1,-1,-1
415,2,1735.00,490.00,70.00,158.00,1.0,-1,-1,-1
415,3,0.00,0.00,0.00,0.00,1.0,-1,-1,-1
415,4,0.00,0.00,0.00,0.00,1.0,-1,-1,-1
415,5,1799.00,404.00,98.00,244.00,1.0,-1,-1,-1
415,6,0.00,0.00,0.00,0.00,1.0,-1,-1,-1
415,7,0.00,0.00,0.00,0.00,1.0,-1,-1,-1
415,8,1799.00,403.00,100.00,246.00,1.0,-1,-1,-1
415,9,1616.00,410.00,50.00,250.00,1.0,-1,-1,-1
415,10,0.00,0.00,0.00,0.00,1.0,-1,-1,-1
415,11,1616.00,410.00,50.00,250.00,1.0,-1,-1,-1
415,12,1635.00,420.00,83.00,243.00,1.0,-1,-1,-1
415,13,123.00,534.00,64.00,208.00,1.0,-1,-1,-1
415,14,768.00,298.00,237.00,588.00,1.0,-1,-1,-1
416,0,0.00,0.00,0.00,0.00,1.0,-1,-1,-1
416,1,0.00,0.00,0.00,0.00,1.0,-1,-1,-1
416,2,1741.00,470.00,68.00,161.00,1.0,-1,-1,-1
416,3,0.00,0.00,0.00,0.00,1.0,-1,-1,-1
416,4,0.00,0.00,0.00,0.00,1.0,-1,-1,-1
416,5,1802.00,404.00,97.00,244.00,1.0,-1,-1,-1
416,6,0.00,0.00,0.00,0.00,1.0,-1,-1,-1
416,7,0.00,0.00,0.00,0.00,1.0,-1,-1,-1
416,8,1803.00,404.00,96.00,244.00,1.0,-1,-1,-1
416,9,1618.00,410.00,51.00,250.00,1.0,-1,-1,-1
416,10,0.00,0.00,0.00,0.00,1.0,-1,-1,-1
416,11,1619.00,410.00,50.00,250.00,1.0,-1,-1,-1
416,12,1638.00,419.00,88.00,244.00,1.0,-1,-1,-1
416,13,122.00,534.00,65.00,208.00,1.0,-1,-1,-1
416,14,759.00,294.00,240.00,592.00,1.0,-1,-1,-1
417,0,0.00,0.00,0.00,0.00,1.0,-1,-1,-1
417,1,0.00,0.00,0.00,0.00,1.0,-1,-1,-1
417,2,1741.00,471.00,71.00,160.00,1.0,-1,-1,-1
417,3,0.00,0.00,0.00,0.00,1.0,-1,-1,-1
417,4,0.00,0.00,0.00,0.00,1.0,-1,-1,-1
417,5,1807.00,403.00,95.00,245.00,1.0,-1,-1,-1
417,6,0.00,0.00,0.00,0.00,1.0,-1,-1,-1
417,7,0.00,0.00,0.00,0.00,1.0,-1,-1,-1
417,8,1808.00,403.00,96.00,245.00,1.0,-1,-1,-1
417,9,1623.00,409.00,54.00,249.00,1.0,-1,-1,-1
417,10,0.00,0.00,0.00,0.00,1.0,-1,-1,-1
417,11,1623.00,409.00,54.00,249.00,1.0,-1,-1,-1
417,12,1642.00,421.00,96.00,242.00,1.0,-1,-1,-1
417,13,123.00,533.00,64.00,209.00,1.0,-1,-1,-1
417,14,746.00,288.00,243.00,598.00,1.0,-1,-1,-1
418,0,0.00,0.00,0.00,0.00,1.0,-1,-1,-1
418,1,0.00,0.00,0.00,0.00,1.0,-1,-1,-1
418,2,1792.00,576.00,24.00,56.00,1.0,-1,-1,-1
418,3,0.00,0.00,0.00,0.00,1.0,-1,-1,-1
418,4,0.00,0.00,0.00,0.00,1.0,-1,-1,-1
418,5,1811.00,403.00,93.00,245.00,1.0,-1,-1,-1
418,6,0.00,0.00,0.00,0.00,1.0,-1,-1,-1
418,7,0.00,0.00,0.00,0.00,1.0,-1,-1,-1
418,8,1812.00,403.00,91.00,245.00,1.0,-1,-1,-1
418,9,1625.00,408.00,54.00,250.00,1.0,-1,-1,-1
418,10,0.00,0.00,0.00,0.00,1.0,-1,-1,-1
418,11,1625.00,408.00,54.00,249.00,1.0,-1,-1,-1
418,12,1645.00,421.00,98.00,242.00,1.0,-1,-1,-1
418,13,123.00,534.00,64.00,208.00,1.0,-1,-1,-1
418,14,744.00,284.00,234.00,602.00,1.0,-1,-1,-1
419,0,0.00,0.00,0.00,0.00,1.0,-1,-1,-1
419,1,0.00,0.00,0.00,0.00,1.0,-1,-1,-1
419,2,1764.00,575.00,56.00,57.00,1.0,-1,-1,-1
419,3,0.00,0.00,0.00,0.00,1.0,-1,-1,-1
419,4,0.00,0.00,0.00,0.00,1.0,-1,-1,-1
419,5,1815.00,403.00,87.00,245.00,1.0,-1,-1,-1
419,6,0.00,0.00,0.00,0.00,1.0,-1,-1,-1
419,7,0.00,0.00,0.00,0.00,1.0,-1,-1,-1
419,8,1815.00,403.00,87.00,244.00,1.0,-1,-1,-1
419,9,1628.00,407.00,53.00,248.00,1.0,-1,-1,-1
419,10,0.00,0.00,0.00,0.00,1.0,-1,-1,-1
419,11,1628.00,407.00,55.00,248.00,1.0,-1,-1,-1
419,12,1648.00,421.00,101.00,242.00,1.0,-1,-1,-1
419,13,123.00,534.00,64.00,208.00,1.0,-1,-1,-1
419,14,738.00,280.00,234.00,606.00,1.0,-1,-1,-1
420,0,1751.00,462.00,22.00,61.00,1.0,-1,-1,-1
420,1,0.00,0.00,0.00,0.00,1.0,-1,-1,-1
420,2,1762.00,566.00,55.00,68.00,1.0,-1,-1,-1
420,3,0.00,0.00,0.00,0.00,1.0,-1,-1,-1
420,4,0.00,0.00,0.00,0.00,1.0,-1,-1,-1
420,5,1822.00,404.00,85.00,244.00,1.0,-1,-1,-1
420,6,0.00,0.00,0.00,0.00,1.0,-1,-1,-1
420,7,0.00,0.00,0.00,0.00,1.0,-1,-1,-1
420,8,1822.00,404.00,83.00,243.00,1.0,-1,-1,-1
420,9,1633.00,405.00,55.00,247.00,1.0,-1,-1,-1
420,10,0.00,0.00,0.00,0.00,1.0,-1,-1,-1
420,11,1634.00,406.00,54.00,246.00,1.0,-1,-1,-1
420,12,1653.00,423.00,104.00,239.00,1.0,-1,-1,-1
420,13,123.00,535.00,64.00,207.00,1.0,-1,-1,-1
420,14,729.00,277.00,229.00,609.00,1.0,-1,-1,-1
421,0,1753.00,461.00,27.00,166.00,1.0,-1,-1,-1
421,1,0.00,0.00,0.00,0.00,1.0,-1,-1,-1
421,2,1764.00,559.00,26.00,69.00,1.0,-1,-1,-1
421,3,0.00,0.00,0.00,0.00,1.0,-1,-1,-1
421,4,0.00,0.00,0.00,0.00,1.0,-1,-1,-1
421,5,1826.00,403.00,84.00,245.00,1.0,-1,-1,-1
421,6,0.00,0.00,0.00,0.00,1.0,-1,-1,-1
421,7,0.00,0.00,0.00,0.00,1.0,-1,-1,-1
421,8,1826.00,403.00,81.00,244.00,1.0,-1,-1,-1
421,9,1636.00,405.00,57.00,246.00,1.0,-1,-1,-1
421,10,0.00,0.00,0.00,0.00,1.0,-1,-1,-1
421,11,1636.00,406.00,56.00,245.00,1.0,-1,-1,-1
421,12,1657.00,424.00,103.00,238.00,1.0,-1,-1,-1
421,13,122.00,538.00,65.00,204.00,1.0,-1,-1,-1
421,14,719.00,276.00,227.00,615.00,1.0,-1,-1,-1
421,15,922.00,345.00,105.00,439.00,1.0,-1,-1,-1
422,0,1754.00,460.00,104.00,184.00,1.0,-1,-1,-1
422,1,0.00,0.00,0.00,0.00,1.0,-1,-1,-1
422,2,1754.00,427.00,43.00,202.00,1.0,-1,-1,-1
422,3,0.00,0.00,0.00,0.00,1.0,-1,-1,-1
422,4,0.00,0.00,0.00,0.00,1.0,-1,-1,-1
422,5,1830.00,403.00,72.00,245.00,1.0,-1,-1,-1
422,6,0.00,0.00,0.00,0.00,1.0,-1,-1,-1
422,7,0.00,0.00,0.00,0.00,1.0,-1,-1,-1
422,8,1830.00,402.00,72.00,244.00,1.0,-1,-1,-1
422,9,1641.00,405.00,57.00,245.00,1.0,-1,-1,-1
422,10,0.00,0.00,0.00,0.00,1.0,-1,-1,-1
422,11,1642.00,405.00,56.00,245.00,1.0,-1,-1,-1
422,12,1664.00,426.00,98.00,236.00,1.0,-1,-1,-1
422,13,122.00,533.00,65.00,209.00,1.0,-1,-1,-1
422,14,692.00,276.00,240.00,622.00,1.0,-1,-1,-1
422,15,925.00,347.00,114.00,436.00,1.0,-1,-1,-1
423,0,1756.00,461.00,28.00,68.00,1.0,-1,-1,-1
423,1,0.00,0.00,0.00,0.00,1.0,-1,-1,-1
423,2,1756.00,427.00,42.00,202.00,1.0,-1,-1,-1
423,3,0.00,0.00,0.00,0.00,1.0,-1,-1,-1
423,4,0.00,0.00,0.00,0.00,1.0,-1,-1,-1
423,5,1832.00,401.00,73.00,247.00,1.0,-1,-1,-1
423,6,0.00,0.00,0.00,0.00,1.0,-1,-1,-1
423,7,0.00,0.00,0.00,0.00,1.0,-1,-1,-1
423,8,1832.00,401.00,71.00,246.00,1.0,-1,-1,-1
423,9,1643.00,406.00,56.00,157.00,1.0,-1,-1,-1
423,10,0.00,0.00,0.00,0.00,1.0,-1,-1,-1
423,11,1644.00,406.00,55.00,156.00,1.0,-1,-1,-1
423,12,1668.00,426.00,94.00,236.00,1.0,-1,-1,-1
423,13,122.00,532.00,65.00,210.00,1.0,-1,-1,-1
423,14,662.00,277.00,262.00,627.00,1.0,-1,-1,-1
423,15,923.00,350.00,139.00,434.00,1.0,-1,-1,-1
424,0,1757.00,427.00,41.00,158.00,1.0,-1,-1,-1
424,1,0.00,0.00,0.00,0.00,1.0,-1,-1,-1
424,2,1757.00,426.00,50.00,205.00,1.0,-1,-1,-1
424,3,0.00,0.00,0.00,0.00,1.0,-1,-1,-1
424,4,0.00,0.00,0.00,0.00,1.0,-1,-1,-1
424,5,1835.00,400.00,72.00,247.00,1.0,-1,-1,-1
424,6,0.00,0.00,0.00,0.00,1.0,-1,-1,-1
424,7,0.00,0.00,0.00,0.00,1.0,-1,-1,-1
424,8,1835.00,400.00,70.00,247.00,1.0,-1,-1,-1
424,9,1643.00,407.00,58.00,217.00,1.0,-1,-1,-1
424,10,0.00,0.00,0.00,0.00,1.0,-1,-1,-1
424,11,1644.00,407.00,56.00,153.00,1.0,-1,-1,-1
424,12,1671.00,427.00,97.00,234.00,1.0,-1,-1,-1
424,13,122.00,532.00,65.00,210.00,1.0,-1,-1,-1
424,14,646.00,278.00,271.00,632.00,1.0,-1,-1,-1
424,15,928.00,353.00,159.00,430.00,1.0,-1,-1,-1
425,0,1758.00,428.00,42.00,199.00,1.0,-1,-1,-1
425,1,0.00,0.00,0.00,0.00,1.0,-1,-1,-1
425,2,1758.00,428.00,57.00,204.00,1.0,-1,-1,-1
425,3,0.00,0.00,0.00,0.00,1.0,-1,-1,-1
425,4,0.00,0.00,0.00,0.00,1.0,-1,-1,-1
425,5,1838.00,400.00,74.00,247.00,1.0,-1,-1,-1
425,6,0.00,0.00,0.00,0.00,1.0,-1,-1,-1
425,7,0.00,0.00,0.00,0.00,1.0,-1,-1,-1
425,8,1838.00,400.00,72.00,247.00,1.0,-1,-1,-1
425,9,1648.00,409.00,61.00,245.00,1.0,-1,-1,-1
425,10,0.00,0.00,0.00,0.00,1.0,-1,-1,-1
425,11,1650.00,409.00,54.00,245.00,1.0,-1,-1,-1
425,12,1675.00,427.00,93.00,232.00,1.0,-1,-1,-1
425,13,122.00,532.00,64.00,210.00,1.0,-1,-1,-1
425,14,644.00,280.00,272.00,634.00,1.0,-1,-1,-1
425,15,936.00,357.00,175.00,425.00,1.0,-1,-1,-1
426,0,1759.00,429.00,44.00,202.00,1.0,-1,-1,-1
426,1,0.00,0.00,0.00,0.00,1.0,-1,-1,-1
426,2,1760.00,429.00,56.00,203.00,1.0,-1,-1,-1
426,3,0.00,0.00,0.00,0.00,1.0,-1,-1,-1
426,4,0.00,0.00,0.00,0.00,1.0,-1,-1,-1
426,5,1839.00,400.00,71.00,246.00,1.0,-1,-1,-1
426,6,0.00,0.00,0.00,0.00,1.0,-1,-1,-1
426,7,0.00,0.00,0.00,0.00,1.0,-1,-1,-1
426,8,1840.00,400.00,69.00,246.00,1.0,-1,-1,-1
426,9,1651.00,409.00,59.00,246.00,1.0,-1,-1,-1
426,10,0.00,0.00,0.00,0.00,1.0,-1,-1,-1
426,11,1651.00,409.00,58.00,245.00,1.0,-1,-1,-1
426,12,1679.00,426.00,88.00,230.00,1.0,-1,-1,-1
426,13,121.00,531.00,65.00,211.00,1.0,-1,-1,-1
426,14,640.00,278.00,274.00,640.00,1.0,-1,-1,-1
426,15,936.00,361.00,180.00,418.00,1.0,-1,-1,-1
427,0,1760.00,430.00,55.00,202.00,1.0,-1,-1,-1
427,1,0.00,0.00,0.00,0.00,1.0,-1,-1,-1
427,2,1761.00,430.00,56.00,202.00,1.0,-1,-1,-1
427,3,0.00,0.00,0.00,0.00,1.0,-1,-1,-1
427,4,0.00,0.00,0.00,0.00,1.0,-1,-1,-1
427,5,1841.00,400.00,73.00,247.00,1.0,-1,-1,-1
427,6,0.00,0.00,0.00,0.00,1.0,-1,-1,-1
427,7,0.00,0.00,0.00,0.00,1.0,-1,-1,-1
427,8,1842.00,400.00,72.00,247.00,1.0,-1,-1,-1
427,9,1653.00,410.00,61.00,244.00,1.0,-1,-1,-1
427,10,0.00,0.00,0.00,0.00,1.0,-1,-1,-1
427,11,1654.00,410.00,59.00,244.00,1.0,-1,-1,-1
427,12,1681.00,425.00,86.00,231.00,1.0,-1,-1,-1
427,13,121.00,531.00,66.00,211.00,1.0,-1,-1,-1
427,14,638.00,276.00,271.00,649.00,1.0,-1,-1,-1
427,15,937.00,364.00,179.00,415.00,1.0,-1,-1,-1
428,0,1766.00,432.00,53.00,200.00,1.0,-1,-1,-1
428,1,0.00,0.00,0.00,0.00,1.0,-1,-1,-1
428,2,1765.00,433.00,54.00,199.00,1.0,-1,-1,-1
428,3,0.00,0.00,0.00,0.00,1.0,-1,-1,-1
428,4,0.00,0.00,0.00,0.00,1.0,-1,-1,-1
428,5,1847.00,402.00,73.00,241.00,1.0,-1,-1,-1
428,6,0.00,0.00,0.00,0.00,1.0,-1,-1,-1
428,7,0.00,0.00,0.00,0.00,1.0,-1,-1,-1
428,8,1847.00,402.00,73.00,241.00,1.0,-1,-1,-1
428,9,1658.00,412.00,58.00,242.00,1.0,-1,-1,-1
428,10,0.00,0.00,0.00,0.00,1.0,-1,-1,-1
428,11,1659.00,412.00,56.00,242.00,1.0,-1,-1,-1
428,12,1688.00,424.00,81.00,232.00,1.0,-1,-1,-1
428,13,121.00,531.00,66.00,211.00,1.0,-1,-1,-1
428,14,619.00,271.00,278.00,658.00,1.0,-1,-1,-1
428,15,943.00,365.00,174.00,413.00,1.0,-1,-1,-1
429,0,1767.00,434.00,55.00,198.00,1.0,-1,-1,-1
429,1,0.00,0.00,0.00,0.00,1.0,-1,-1,-1
429,2,1768.00,434.00,54.00,198.00,1.0,-1,-1,-1
429,3,0.00,0.00,0.00,0.00,1.0,-1,-1,-1
429,4,0.00,0.00,0.00,0.00,1.0,-1,-1,-1
429,5,1849.00,404.00,71.00,237.00,1.0,-1,-1,-1
429,6,0.00,0.00,0.00,0.00,1.0,-1,-1,-1
429,7,0.00,0.00,0.00,0.00,1.0,-1,-1,-1
429,8,1849.00,404.00,71.00,237.00,1.0,-1,-1,-1
429,9,1661.00,412.00,55.00,242.00,1.0,-1,-1,-1
429,10,0.00,0.00,0.00,0.00,1.0,-1,-1,-1
429,11,1663.00,412.00,51.00,242.00,1.0,-1,-1,-1
429,12,1691.00,423.00,80.00,233.00,1.0,-1,-1,-1
429,13,121.00,532.00,66.00,211.00,1.0,-1,-1,-1
429,14,608.00,268.00,276.00,662.00,1.0,-1,-1,-1
429,15,952.00,366.00,165.00,410.00,1.0,-1,-1,-1
430,0,1768.00,435.00,59.00,205.00,1.0,-1,-1,-1
430,1,0.00,0.00,0.00,0.00,1.0,-1,-1,-1
430,2,1768.00,434.00,56.00,198.00,1.0,-1,-1,-1
430,3,0.00,0.00,0.00,0.00,1.0,-1,-1,-1
430,4,0.00,0.00,0.00,0.00,1.0,-1,-1,-1
430,5,1854.00,405.00,66.00,236.00,1.0,-1,-1,-1
430,6,0.00,0.00,0.00,0.00,1.0,-1,-1,-1
430,7,0.00,0.00,0.00,0.00,1.0,-1,-1,-1
430,8,1853.00,404.00,67.00,238.00,1.0,-1,-1,-1
430,9,1666.00,413.00,56.00,240.00,1.0,-1,-1,-1
430,10,0.00,0.00,0.00,0.00,1.0,-1,-1,-1
430,11,1667.00,413.00,49.00,240.00,1.0,-1,-1,-1
430,12,1695.00,424.00,81.00,232.00,1.0,-1,-1,-1
430,13,120.00,532.00,68.00,210.00,1.0,-1,-1,-1
430,14,588.00,261.00,262.00,669.00,1.0,-1,-1,-1
430,15,969.00,365.00,148.00,404.00,1.0,-1,-1,-1
431,0,1768.00,434.00,59.00,197.00,1.0,-1,-1,-1
431,1,0.00,0.00,0.00,0.00,1.0,-1,-1,-1
431,2,1769.00,434.00,59.00,198.00,1.0,-1,-1,-1
431,3,0.00,0.00,0.00,0.00,1.0,-1,-1,-1
431,4,0.00,0.00,0.00,0.00,1.0,-1,-1,-1
431,5,1857.00,406.00,63.00,236.00,1.0,-1,-1,-1
431,6,0.00,0.00,0.00,0.00,1.0,-1,-1,-1
431,7,0.00,0.00,0.00,0.00,1.0,-1,-1,-1
431,8,1856.00,406.00,64.00,236.00,1.0,-1,-1,-1
431,9,1669.00,413.00,56.00,239.00,1.0,-1,-1,-1
431,10,0.00,0.00,0.00,0.00,1.0,-1,-1,-1
431,11,1669.00,413.00,49.00,240.00,1.0,-1,-1,-1
431,12,1698.00,425.00,89.00,231.00,1.0,-1,-1,-1
431,13,121.00,533.00,66.00,209.00,1.0,-1,-1,-1
431,14,573.00,256.00,257.00,674.00,1.0,-1,-1,-1
431,15,982.00,364.00,136.00,397.00,1.0,-1,-1,-1
432,0,1769.00,434.00,61.00,198.00,1.0,-1,-1,-1
432,1,0.00,0.00,0.00,0.00,1.0,-1,-1,-1
432,2,1769.00,433.00,60.00,198.00,1.0,-1,-1,-1
432,3,0.00,0.00,0.00,0.00,1.0,-1,-1,-1
432,4,0.00,0.00,0.00,0.00,1.0,-1,-1,-1
432,5,1859.00,407.00,61.00,232.00,1.0,-1,-1,-1
432,6,0.00,0.00,0.00,0.00,1.0,-1,-1,-1
432,7,0.00,0.00,0.00,0.00,1.0,-1,-1,-1
432,8,1859.00,406.00,61.00,236.00,1.0,-1,-1,-1
432,9,1672.00,412.00,59.00,239.00,1.0,-1,-1,-1
432,10,0.00,0.00,0.00,0.00,1.0,-1,-1,-1
432,11,1672.00,412.00,58.00,240.00,1.0,-1,-1,-1
432,12,1703.00,426.00,93.00,230.00,1.0,-1,-1,-1
432,13,121.00,533.00,66.00,209.00,1.0,-1,-1,-1
432,14,565.00,252.00,256.00,678.00,1.0,-1,-1,-1
432,15,998.00,362.00,129.00,398.00,1.0,-1,-1,-1
433,0,1771.00,432.00,62.00,199.00,1.0,-1,-1,-1
433,1,0.00,0.00,0.00,0.00,1.0,-1,-1,-1
433,2,1771.00,432.00,62.00,199.00,1.0,-1,-1,-1
433,3,0.00,0.00,0.00,0.00,1.0,-1,-1,-1
433,4,0.00,0.00,0.00,0.00,1.0,-1,-1,-1
433,5,1861.00,406.00,59.00,236.00,1.0,-1,-1,-1
433,6,0.00,0.00,0.00,0.00,1.0,-1,-1,-1
433,7,0.00,0.00,0.00,0.00,1.0,-1,-1,-1
433,8,1861.00,406.00,59.00,236.00,1.0,-1,-1,-1
433,9,1675.00,411.00,64.00,220.00,1.0,-1,-1,-1
433,10,0.00,0.00,0.00,0.00,1.0,-1,-1,-1
433,11,1676.00,411.00,63.00,233.00,1.0,-1,-1,-1
433,12,1706.00,428.00,94.00,227.00,1.0,-1,-1,-1
433,13,122.00,533.00,66.00,209.00,1.0,-1,-1,-1
433,14,548.00,248.00,260.00,692.00,1.0,-1,-1,-1
433,15,1027.00,361.00,111.00,399.00,1.0,-1,-1,-1
434,0,1775.00,432.00,60.00,195.00,1.0,-1,-1,-1
434,1,0.00,0.00,0.00,0.00,1.0,-1,-1,-1
434,2,1775.00,432.00,60.00,195.00,1.0,-1,-1,-1
434,3,0.00,0.00,0.00,0.00,1.0,-1,-1,-1
434,4,0.00,0.00,0.00,0.00,1.0,-1,-1,-1
434,5,1865.00,405.00,55.00,237.00,1.0,-1,-1,-1
434,6,0.00,0.00,0.00,0.00,1.0,-1,-1,-1
434,7,0.00,0.00,0.00,0.00,1.0,-1,-1,-1
434,8,1865.00,405.00,55.00,237.00,1.0,-1,-1,-1
434,9,1677.00,410.00,66.00,212.00,1.0,-1,-1,-1
434,10,0.00,0.00,0.00,0.00,1.0,-1,-1,-1
434,11,1678.00,410.00,80.00,212.00,1.0,-1,-1,-1
434,12,1710.00,429.00,93.00,226.00,1.0,-1,-1,-1
434,13,121.00,533.00,67.00,209.00,1.0,-1,-1,-1
434,14,535.00,247.00,264.00,707.00,1.0,-1,-1,-1
434,15,1036.00,361.00,109.00,399.00,1.0,-1,-1,-1
435,0,1781.00,430.00,55.00,196.00,1.0,-1,-1,-1
435,1,0.00,0.00,0.00,0.00,1.0,-1,-1,-1
435,2,1781.00,430.00,55.00,197.00,1.0,-1,-1,-1
435,3,0.00,0.00,0.00,0.00,1.0,-1,-1,-1
435,4,0.00,0.00,0.00,0.00,1.0,-1,-1,-1
435,5,1869.00,405.00,51.00,247.00,1.0,-1,-1,-1
435,6,0.00,0.00,0.00,0.00,1.0,-1,-1,-1
435,7,0.00,0.00,0.00,0.00,1.0,-1,-1,-1
435,8,1870.00,405.00,50.00,248.00,1.0,-1,-1,-1
435,9,1680.00,409.00,68.00,200.00,1.0,-1,-1,-1
435,10,0.00,0.00,0.00,0.00,1.0,-1,-1,-1
435,11,1681.00,409.00,65.00,199.00,1.0,-1,-1,-1
435,12,1714.00,429.00,90.00,226.00,1.0,-1,-1,-1
435,13,121.00,533.00,66.00,209.00,1.0,-1,-1,-1
435,14,513.00,246.00,272.00,713.00,1.0,-1,-1,-1
435,15,1048.00,361.00,109.00,398.00,1.0,-1,-1,-1
436,0,1786.00,429.00,52.00,197.00,1.0,-1,-1,-1
436,1,0.00,0.00,0.00,0.00,1.0,-1,-1,-1
436,2,1786.00,429.00,51.00,198.00,1.0,-1,-1,-1
436,3,0.00,0.00,0.00,0.00,1.0,-1,-1,-1
436,4,0.00,0.00,0.00,0.00,1.0,-1,-1,-1
436,5,1873.00,405.00,47.00,227.00,1.0,-1,-1,-1
436,6,0.00,0.00,0.00,0.00,1.0,-1,-1,-1
436,7,0.00,0.00,0.00,0.00,1.0,-1,-1,-1
436,8,1873.00,405.00,47.00,227.00,1.0,-1,-1,-1
436,9,1682.00,410.00,74.00,243.00,1.0,-1,-1,-1
436,10,0.00,0.00,0.00,0.00,1.0,-1,-1,-1
436,11,1684.00,410.00,72.00,243.00,1.0,-1,-1,-1
436,12,1710.00,428.00,94.00,227.00,1.0,-1,-1,-1
436,13,121.00,532.00,67.00,210.00,1.0,-1,-1,-1
436,14,498.00,246.00,277.00,718.00,1.0,-1,-1,-1
436,15,1054.00,363.00,112.00,396.00,1.0,-1,-1,-1
437,0,1791.00,429.00,51.00,197.00,1.0,-1,-1,-1
437,1,0.00,0.00,0.00,0.00,1.0,-1,-1,-1
437,2,1791.00,429.00,51.00,197.00,1.0,-1,-1,-1
437,3,0.00,0.00,0.00,0.00,1.0,-1,-1,-1
437,4,0.00,0.00,0.00,0.00,1.0,-1,-1,-1
437,5,1875.00,405.00,45.00,244.00,1.0,-1,-1,-1
437,6,0.00,0.00,0.00,0.00,1.0,-1,-1,-1
437,7,0.00,0.00,0.00,0.00,1.0,-1,-1,-1
437,8,1874.00,404.00,46.00,124.00,1.0,-1,-1,-1
437,9,1686.00,410.00,79.00,235.00,1.0,-1,-1,-1
437,10,0.00,0.00,0.00,0.00,1.0,-1,-1,-1
437,11,1687.00,410.00,77.00,235.00,1.0,-1,-1,-1
437,12,1725.00,426.00,79.00,228.00,1.0,-1,-1,-1
437,13,121.00,532.00,67.00,210.00,1.0,-1,-1,-1
437,14,482.00,246.00,285.00,724.00,1.0,-1,-1,-1
437,15,1060.00,365.00,112.00,393.00,1.0,-1,-1,-1
438,0,1797.00,429.00,49.00,196.00,1.0,-1,-1,-1
438,1,0.00,0.00,0.00,0.00,1.0,-1,-1,-1
438,2,1796.00,429.00,50.00,197.00,1.0,-1,-1,-1
438,3,0.00,0.00,0.00,0.00,1.0,-1,-1,-1
438,4,0.00,0.00,0.00,0.00,1.0,-1,-1,-1
438,5,1877.00,404.00,43.00,114.00,1.0,-1,-1,-1
438,6,0.00,0.00,0.00,0.00,1.0,-1,-1,-1
438,7,0.00,0.00,0.00,0.00,1.0,-1,-1,-1
438,8,1877.00,404.00,43.00,123.00,1.0,-1,-1,-1
438,9,1691.00,411.00,62.00,236.00,1.0,-1,-1,-1
438,10,0.00,0.00,0.00,0.00,1.0,-1,-1,-1
438,11,1691.00,411.00,58.00,237.00,1.0,-1,-1,-1
438,12,1731.00,426.00,73.00,224.00,1.0,-1,-1,-1
438,13,121.00,532.00,67.00,210.00,1.0,-1,-1,-1
438,14,458.00,246.00,295.00,740.00,1.0,-1,-1,-1
438,15,1067.00,369.00,121.00,388.00,1.0,-1,-1,-1
439,0,1799.00,430.00,47.00,196.00,1.0,-1,-1,-1
439,1,0.00,0.00,0.00,0.00,1.0,-1,-1,-1
439,2,1800.00,430.00,46.00,196.00,1.0,-1,-1,-1
439,3,0.00,0.00,0.00,0.00,1.0,-1,-1,-1
439,4,0.00,0.00,0.00,0.00,1.0,-1,-1,-1
439,5,1880.00,405.00,40.00,83.00,1.0,-1,-1,-1
439,6,0.00,0.00,0.00,0.00,1.0,-1,-1,-1
439,7,0.00,0.00,0.00,0.00,1.0,-1,-1,-1
439,8,1880.00,404.00,40.00,97.00,1.0,-1,-1,-1
439,9,1694.00,413.00,62.00,235.00,1.0,-1,-1,-1
439,10,0.00,0.00,0.00,0.00,1.0,-1,-1,-1
439,11,1694.00,413.00,58.00,235.00,1.0,-1,-1,-1
439,12,1733.00,426.00,72.00,225.00,1.0,-1,-1,-1
439,13,122.00,532.00,66.00,210.00,1.0,-1,-1,-1
439,14,441.00,244.00,299.00,750.00,1.0,-1,-1,-1
439,15,1067.00,372.00,131.00,385.00,1.0,-1,-1,-1
440,0,1804.00,431.00,46.00,196.00,1.0,-1,-1,-1
440,1,0.00,0.00,0.00,0.00,1.0,-1,-1,-1
440,2,1804.00,432.00,45.00,195.00,1.0,-1,-1,-1
440,3,0.00,0.00,0.00,0.00,1.0,-1,-1,-1
440,4,0.00,0.00,0.00,0.00,1.0,-1,-1,-1
440,5,1885.00,405.00,25.00,53.00,1.0,-1,-1,-1
440,6,0.00,0.00,0.00,0.00,1.0,-1,-1,-1
440,7,0.00,0.00,0.00,0.00,1.0,-1,-1,-1
440,8,1884.00,390.00,36.00,69.00,1.0,-1,-1,-1
440,9,1699.00,416.00,63.00,232.00,1.0,-1,-1,-1
440,10,0.00,0.00,0.00,0.00,1.0,-1,-1,-1
440,11,1700.00,416.00,62.00,232.00,1.0,-1,-1,-1
440,12,1737.00,426.00,78.00,224.00,1.0,-1,-1,-1
440,13,122.00,532.00,66.00,210.00,1.0,-1,-1,-1
440,14,423.00,240.00,301.00,756.00,1.0,-1,-1,-1
440,15,1069.00,373.00,140.00,383.00,1.0,-1,-1,-1
440,16,0.00,272.00,112.00,662.00,1.0,-1,-1,-1
441,0,1806.00,433.00,36.00,195.00,1.0,-1,-1,-1
441,1,0.00,0.00,0.00,0.00,1.0,-1,-1,-1
441,2,1806.00,433.00,36.00,194.00,1.0,-1,-1,-1
441,3,0.00,0.00,0.00,0.00,1.0,-1,-1,-1
441,4,0.00,0.00,0.00,0.00,1.0,-1,-1,-1
441,5,0.00,0.00,0.00,0.00,1.0,-1,-1,-1
441,6,0.00,0.00,0.00,0.00,1.0,-1,-1,-1
441,7,0.00,0.00,0.00,0.00,1.0,-1,-1,-1
441,8,0.00,0.00,0.00,0.00,1.0,-1,-1,-1
441,9,1702.00,419.00,62.00,229.00,1.0,-1,-1,-1
441,10,0.00,0.00,0.00,0.00,1.0,-1,-1,-1
441,11,1702.00,420.00,62.00,228.00,1.0,-1,-1,-1
441,12,1740.00,425.00,81.00,225.00,1.0,-1,-1,-1
441,13,122.00,532.00,66.00,210.00,1.0,-1,-1,-1
441,14,408.00,236.00,303.00,761.00,1.0,-1,-1,-1
441,15,1072.00,374.00,140.00,381.00,1.0,-1,-1,-1
441,16,0.00,273.00,162.00,661.00,1.0,-1,-1,-1
442,0,1806.00,434.00,38.00,194.00,1.0,-1,-1,-1
442,1,0.00,0.00,0.00,0.00,1.0,-1,-1,-1
442,2,1807.00,434.00,37.00,193.00,1.0,-1,-1,-1
442,3,0.00,0.00,0.00,0.00,1.0,-1,-1,-1
442,4,0.00,0.00,0.00,0.00,1.0,-1,-1,-1
442,5,0.00,0.00,0.00,0.00,1.0,-1,-1,-1
442,6,0.00,0.00,0.00,0.00,1.0,-1,-1,-1
442,7,0.00,0.00,0.00,0.00,1.0,-1,-1,-1
442,8,0.00,0.00,0.00,0.00,1.0,-1,-1,-1
442,9,1705.00,415.00,62.00,233.00,1.0,-1,-1,-1
442,10,0.00,0.00,0.00,0.00,1.0,-1,-1,-1
442,11,1706.00,416.00,61.00,232.00,1.0,-1,-1,-1
442,12,1743.00,425.00,83.00,225.00,1.0,-1,-1,-1
442,13,123.00,534.00,64.00,208.00,1.0,-1,-1,-1
442,14,398.00,230.00,301.00,767.00,1.0,-1,-1,-1
442,15,1078.00,375.00,134.00,379.00,1.0,-1,-1,-1
442,16,0.00,273.00,207.00,661.00,1.0,-1,-1,-1
443,0,1808.00,436.00,42.00,191.00,1.0,-1,-1,-1
443,1,0.00,0.00,0.00,0.00,1.0,-1,-1,-1
443,2,1809.00,436.00,38.00,191.00,1.0,-1,-1,-1
443,3,0.00,0.00,0.00,0.00,1.0,-1,-1,-1
443,4,0.00,0.00,0.00,0.00,1.0,-1,-1,-1
443,5,0.00,0.00,0.00,0.00,1.0,-1,-1,-1
443,6,0.00,0.00,0.00,0.00,1.0,-1,-1,-1
443,7,0.00,0.00,0.00,0.00,1.0,-1,-1,-1
443,8,0.00,0.00,0.00,0.00,1.0,-1,-1,-1
443,9,1709.00,413.00,58.00,234.00,1.0,-1,-1,-1
443,10,0.00,0.00,0.00,0.00,1.0,-1,-1,-1
443,11,1709.00,413.00,59.00,234.00,1.0,-1,-1,-1
443,12,1748.00,428.00,83.00,222.00,1.0,-1,-1,-1
443,13,121.00,531.00,66.00,212.00,1.0,-1,-1,-1
443,14,383.00,221.00,297.00,776.00,1.0,-1,-1,-1
443,15,1096.00,374.00,119.00,377.00,1.0,-1,-1,-1
443,16,0.00,277.00,254.00,655.00,1.0,-1,-1,-1
444,0,1810.00,436.00,48.00,191.00,1.0,-1,-1,-1
444,1,0.00,0.00,0.00,0.00,1.0,-1,-1,-1
444,2,1810.00,436.00,40.00,191.00,1.0,-1,-1,-1
444,3,0.00,0.00,0.00,0.00,1.0,-1,-1,-1
444,4,0.00,0.00,0.00,0.00,1.0,-1,-1,-1
444,5,0.00,0.00,0.00,0.00,1.0,-1,-1,-1
444,6,0.00,0.00,0.00,0.00,1.0,-1,-1,-1
444,7,0.00,0.00,0.00,0.00,1.0,-1,-1,-1
444,8,0.00,0.00,0.00,0.00,1.0,-1,-1,-1
444,9,1711.00,414.00,57.00,233.00,1.0,-1,-1,-1
444,10,0.00,0.00,0.00,0.00,1.0,-1,-1,-1
444,11,1711.00,414.00,57.00,233.00,1.0,-1,-1,-1
444,12,1751.00,427.00,85.00,223.00,1.0,-1,-1,-1
444,13,122.00,530.00,66.00,211.00,1.0,-1,-1,-1
444,14,366.00,215.00,300.00,782.00,1.0,-1,-1,-1
444,15,1109.00,372.00,113.00,371.00,1.0,-1,-1,-1
444,16,0.00,280.00,268.00,653.00,1.0,-1,-1,-1
445,0,1806.00,434.00,51.00,210.00,1.0,-1,-1,-1
445,1,0.00,0.00,0.00,0.00,1.0,-1,-1,-1
445,2,1813.00,434.00,38.00,191.00,1.0,-1,-1,-1
445,3,0.00,0.00,0.00,0.00,1.0,-1,-1,-1
445,4,0.00,0.00,0.00,0.00,1.0,-1,-1,-1
445,5,1907.00,424.00,13.00,41.00,1.0,-1,-1,-1
445,6,0.00,0.00,0.00,0.00,1.0,-1,-1,-1
445,7,0.00,0.00,0.00,0.00,1.0,-1,-1,-1
445,8,1902.00,380.00,18.00,84.00,1.0,-1,-1,-1
445,9,1716.00,413.00,61.00,233.00,1.0,-1,-1,-1
445,10,0.00,0.00,0.00,0.00,1.0,-1,-1,-1
445,11,1717.00,413.00,59.00,233.00,1.0,-1,-1,-1
445,12,1757.00,429.00,81.00,221.00,1.0,-1,-1,-1
445,13,121.00,531.00,66.00,204.00,1.0,-1,-1,-1
445,14,346.00,210.00,299.00,787.00,1.0,-1,-1,-1
445,15,1128.00,371.00,104.00,369.00,1.0,-1,-1,-1
445,16,0.00,285.00,277.00,648.00,1.0,-1,-1,-1
446,0,1809.00,434.00,41.00,210.00,1.0,-1,-1,-1
446,1,0.00,0.00,0.00,0.00,1.0,-1,-1,-1
446,2,1816.00,434.00,34.00,178.00,1.0,-1,-1,-1
446,3,0.00,0.00,0.00,0.00,1.0,-1,-1,-1
446,4,0.00,0.00,0.00,0.00,1.0,-1,-1,-1
446,5,0.00,0.00,0.00,0.00,1.0,-1,-1,-1
446,6,0.00,0.00,0.00,0.00,1.0,-1,-1,-1
446,7,0.00,0.00,0.00,0.00,1.0,-1,-1,-1
446,8,0.00,0.00,0.00,0.00,1.0,-1,-1,-1
446,9,1718.00,413.00,64.00,232.00,1.0,-1,-1,-1
446,10,0.00,0.00,0.00,0.00,1.0,-1,-1,-1
446,11,1719.00,413.00,61.00,232.00,1.0,-1,-1,-1
446,12,1761.00,431.00,77.00,218.00,1.0,-1,-1,-1
446,13,123.00,530.00,63.00,187.00,1.0,-1,-1,-1
446,14,332.00,207.00,302.00,794.00,1.0,-1,-1,-1
446,15,1140.00,370.00,100.00,370.00,1.0,-1,-1,-1
446,16,0.00,286.00,282.00,647.00,1.0,-1,-1,-1
447,0,1807.00,433.00,77.00,211.00,1.0,-1,-1,-1
447,1,0.00,0.00,0.00,0.00,1.0,-1,-1,-1
447,2,1819.00,433.00,55.00,204.00,1.0,-1,-1,-1
447,3,0.00,0.00,0.00,0.00,1.0,-1,-1,-1
447,4,0.00,0.00,0.00,0.00,1.0,-1,-1,-1
447,5,0.00,0.00,0.00,0.00,1.0,-1,-1,-1
447,6,0.00,0.00,0.00,0.00,1.0,-1,-1,-1
447,7,0.00,0.00,0.00,0.00,1.0,-1,-1,-1
447,8,0.00,0.00,0.00,0.00,1.0,-1,-1,-1
447,9,1721.00,413.00,64.00,229.00,1.0,-1,-1,-1
447,10,0.00,0.00,0.00,0.00,1.0,-1,-1,-1
447,11,1721.00,412.00,66.00,230.00,1.0,-1,-1,-1
447,12,1763.00,431.00,72.00,218.00,1.0,-1,-1,-1
447,13,128.00,530.00,55.00,151.00,1.0,-1,-1,-1
447,14,314.00,205.00,310.00,803.00,1.0,-1,-1,-1
447,15,1146.00,370.00,101.00,370.00,1.0,-1,-1,-1
447,16,0.00,204.00,529.00,728.00,1.0,-1,-1,-1
448,0,1842.00,558.00,78.00,82.00,1.0,-1,-1,-1
448,1,0.00,0.00,0.00,0.00,1.0,-1,-1,-1
448,2,1845.00,589.00,27.00,34.00,1.0,-1,-1,-1
448,3,0.00,0.00,0.00,0.00,1.0,-1,-1,-1
448,4,0.00,0.00,0.00,0.00,1.0,-1,-1,-1
448,5,0.00,0.00,0.00,0.00,1.0,-1,-1,-1
448,6,0.00,0.00,0.00,0.00,1.0,-1,-1,-1
448,7,0.00,0.00,0.00,0.00,1.0,-1,-1,-1
448,8,0.00,0.00,0.00,0.00,1.0,-1,-1,-1
448,9,1724.00,412.00,68.00,228.00,1.0,-1,-1,-1
448,10,0.00,0.00,0.00,0.00,1.0,-1,-1,-1
448,11,1724.00,411.00,68.00,229.00,1.0,-1,-1,-1
448,12,1766.00,432.00,64.00,217.00,1.0,-1,-1,-1
448,13,131.00,533.00,53.00,209.00,1.0,-1,-1,-1
448,14,228.00,205.00,379.00,817.00,1.0,-1,-1,-1
448,15,1157.00,371.00,102.00,369.00,1.0,-1,-1,-1
448,16,0.00,285.00,286.00,649.00,1.0,-1,-1,-1
449,0,1833.00,570.00,54.00,70.00,1.0,-1,-1,-1
449,1,0.00,0.00,0.00,0.00,1.0,-1,-1,-1
449,2,1844.00,582.00,43.00,41.00,1.0,-1,-1,-1
449,3,0.00,0.00,0.00,0.00,1.0,-1,-1,-1
449,4,0.00,0.00,0.00,0.00,1.0,-1,-1,-1
449,5,0.00,0.00,0.00,0.00,1.0,-1,-1,-1
449,6,0.00,0.00,0.00,0.00,1.0,-1,-1,-1
449,7,0.00,0.00,0.00,0.00,1.0,-1,-1,-1
449,8,0.00,0.00,0.00,0.00,1.0,-1,-1,-1
449,9,1726.00,411.00,69.00,231.00,1.0,-1,-1,-1
449,10,0.00,0.00,0.00,0.00,1.0,-1,-1,-1
449,11,1725.00,411.00,70.00,231.00,1.0,-1,-1,-1
449,12,1770.00,432.00,57.00,213.00,1.0,-1,-1,-1
449,13,129.00,681.00,37.00,63.00,1.0,-1,-1,-1
449,14,195.00,206.00,412.00,823.00,1.0,-1,-1,-1
449,15,1160.00,372.00,106.00,368.00,1.0,-1,-1,-1
449,16,0.00,285.00,286.00,648.00,1.0,-1,-1,-1
450,0,0.00,0.00,0.00,0.00,1.0,-1,-1,-1
450,1,0.00,0.00,0.00,0.00,1.0,-1,-1,-1
450,2,0.00,0.00,0.00,0.00,1.0,-1,-1,-1
450,3,0.00,0.00,0.00,0.00,1.0,-1,-1,-1
450,4,0.00,0.00,0.00,0.00,1.0,-1,-1,-1
450,5,0.00,0.00,0.00,0.00,1.0,-1,-1,-1
450,6,0.00,0.00,0.00,0.00,1.0,-1,-1,-1
450,7,0.00,0.00,0.00,0.00,1.0,-1,-1,-1
450,8,0.00,0.00,0.00,0.00,1.0,-1,-1,-1
450,9,1727.00,412.00,75.00,230.00,1.0,-1,-1,-1
450,10,0.00,0.00,0.00,0.00,1.0,-1,-1,-1
450,11,1728.00,412.00,74.00,230.00,1.0,-1,-1,-1
450,12,1774.00,424.00,62.00,220.00,1.0,-1,-1,-1
450,13,0.00,0.00,0.00,0.00,1.0,-1,-1,-1
450,14,182.00,208.00,423.00,832.00,1.0,-1,-1,-1
450,15,1168.00,376.00,130.00,363.00,1.0,-1,-1,-1
450,16,0.00,285.00,284.00,641.00,1.0,-1,-1,-1
451,0,0.00,0.00,0.00,0.00,1.0,-1,-1,-1
451,1,0.00,0.00,0.00,0.00,1.0,-1,-1,-1
451,2,0.00,0.00,0.00,0.00,1.0,-1,-1,-1
451,3,0.00,0.00,0.00,0.00,1.0,-1,-1,-1
451,4,0.00,0.00,0.00,0.00,1.0,-1,-1,-1
451,5,0.00,0.00,0.00,0.00,1.0,-1,-1,-1
451,6,0.00,0.00,0.00,0.00,1.0,-1,-1,-1
451,7,0.00,0.00,0.00,0.00,1.0,-1,-1,-1
451,8,0.00,0.00,0.00,0.00,1.0,-1,-1,-1
451,9,1724.00,412.00,76.00,231.00,1.0,-1,-1,-1
451,10,0.00,0.00,0.00,0.00,1.0,-1,-1,-1
451,11,1725.00,412.00,75.00,231.00,1.0,-1,-1,-1
451,12,1776.00,448.00,64.00,196.00,1.0,-1,-1,-1
451,13,0.00,0.00,0.00,0.00,1.0,-1,-1,-1
451,14,175.00,208.00,428.00,837.00,1.0,-1,-1,-1
451,15,1168.00,377.00,151.00,361.00,1.0,-1,-1,-1
451,16,0.00,283.00,280.00,631.00,1.0,-1,-1,-1
451,17,1859.00,385.00,61.00,280.00,1.0,-1,-1,-1
452,0,0.00,0.00,0.00,0.00,1.0,-1,-1,-1
452,1,0.00,0.00,0.00,0.00,1.0,-1,-1,-1
452,2,1839.00,448.00,31.00,171.00,1.0,-1,-1,-1
452,3,0.00,0.00,0.00,0.00,1.0,-1,-1,-1
452,4,0.00,0.00,0.00,0.00,1.0,-1,-1,-1
452,5,0.00,0.00,0.00,0.00,1.0,-1,-1,-1
452,6,0.00,0.00,0.00,0.00,1.0,-1,-1,-1
452,7,0.00,0.00,0.00,0.00,1.0,-1,-1,-1
452,8,0.00,0.00,0.00,0.00,1.0,-1,-1,-1
452,9,1724.00,412.00,75.00,230.00,1.0,-1,-1,-1
452,10,0.00,0.00,0.00,0.00,1.0,-1,-1,-1
452,11,1725.00,412.00,74.00,230.00,1.0,-1,-1,-1
452,12,1779.00,470.00,63.00,176.00,1.0,-1,-1,-1
452,13,0.00,0.00,0.00,0.00,1.0,-1,-1,-1
452,14,168.00,204.00,430.00,854.00,1.0,-1,-1,-1
452,15,1168.00,380.00,163.00,357.00,1.0,-1,-1,-1
452,16,14.00,213.00,351.00,694.00,1.0,-1,-1,-1
452,17,1854.00,386.00,66.00,280.00,1.0,-1,-1,-1
453,0,0.00,0.00,0.00,0.00,1.0,-1,-1,-1
453,1,0.00,0.00,0.00,0.00,1.0,-1,-1,-1
453,2,1838.00,434.00,24.00,168.00,1.0,-1,-1,-1
453,3,0.00,0.00,0.00,0.00,1.0,-1,-1,-1
453,4,0.00,0.00,0.00,0.00,1.0,-1,-1,-1
453,5,0.00,0.00,0.00,0.00,1.0,-1,-1,-1
453,6,0.00,0.00,0.00,0.00,1.0,-1,-1,-1
453,7,0.00,0.00,0.00,0.00,1.0,-1,-1,-1
453,8,0.00,0.00,0.00,0.00,1.0,-1,-1,-1
453,9,1727.00,413.00,64.00,229.00,1.0,-1,-1,-1
453,10,1890.00,408.00,30.00,241.00,1.0,-1,-1,-1
453,11,1728.00,413.00,63.00,229.00,1.0,-1,-1,-1
453,12,1810.00,438.00,49.00,228.00,1.0,-1,-1,-1
453,13,131.00,703.00,41.00,42.00,1.0,-1,-1,-1
453,14,165.00,195.00,409.00,870.00,1.0,-1,-1,-1
453,15,1170.00,384.00,165.00,352.00,1.0,-1,-1,-1
453,16,56.00,282.00,200.00,626.00,1.0,-1,-1,-1
453,17,1842.00,388.00,78.00,263.00,1.0,-1,-1,-1
454,0,0.00,0.00,0.00,0.00,1.0,-1,-1,-1
454,1,0.00,0.00,0.00,0.00,1.0,-1,-1,-1
454,2,0.00,0.00,0.00,0.00,1.0,-1,-1,-1
454,3,0.00,0.00,0.00,0.00,1.0,-1,-1,-1
454,4,0.00,0.00,0.00,0.00,1.0,-1,-1,-1
454,5,0.00,0.00,0.00,0.00,1.0,-1,-1,-1
454,6,0.00,0.00,0.00,0.00,1.0,-1,-1,-1
454,7,0.00,0.00,0.00,0.00,1.0,-1,-1,-1
454,8,0.00,0.00,0.00,0.00,1.0,-1,-1,-1
454,9,1727.00,415.00,63.00,227.00,1.0,-1,-1,-1
454,10,0.00,0.00,0.00,0.00,1.0,-1,-1,-1
454,11,1728.00,415.00,62.00,227.00,1.0,-1,-1,-1
454,12,1805.00,454.00,57.00,215.00,1.0,-1,-1,-1
454,13,133.00,705.00,39.00,39.00,1.0,-1,-1,-1
454,14,152.00,188.00,405.00,878.00,1.0,-1,-1,-1
454,15,1172.00,385.00,163.00,351.00,1.0,-1,-1,-1
454,16,87.00,281.00,172.00,626.00,1.0,-1,-1,-1
454,17,1835.00,390.00,85.00,260.00,1.0,-1,-1,-1
455,0,0.00,0.00,0.00,0.00,1.0,-1,-1,-1
455,1,0.00,0.00,0.00,0.00,1.0,-1,-1,-1
455,2,0.00,0.00,0.00,0.00,1.0,-1,-1,-1
455,3,0.00,0.00,0.00,0.00,1.0,-1,-1,-1
455,4,0.00,0.00,0.00,0.00,1.0,-1,-1,-1
455,5,0.00,0.00,0.00,0.00,1.0,-1,-1,-1
455,6,0.00,0.00,0.00,0.00,1.0,-1,-1,-1
455,7,0.00,0.00,0.00,0.00,1.0,-1,-1,-1
455,8,0.00,0.00,0.00,0.00,1.0,-1,-1,-1
455,9,1730.00,415.00,58.00,226.00,1.0,-1,-1,-1
455,10,0.00,0.00,0.00,0.00,1.0,-1,-1,-1
455,11,1730.00,415.00,58.00,226.00,1.0,-1,-1,-1
455,12,1809.00,435.00,55.00,214.00,1.0,-1,-1,-1
455,13,140.00,725.00,37.00,19.00,1.0,-1,-1,-1
455,14,119.00,180.00,389.00,886.00,1.0,-1,-1,-1
455,15,1181.00,385.00,154.00,350.00,1.0,-1,-1,-1
455,16,107.00,281.00,167.00,627.00,1.0,-1,-1,-1
455,17,1826.00,392.00,94.00,278.00,1.0,-1,-1,-1
455,18,1424.00,449.00,61.00,197.00,1.0,-1,-1,-1
456,0,0.00,0.00,0.00,0.00,1.0,-1,-1,-1
456,1,0.00,0.00,0.00,0.00,1.0,-1,-1,-1
456,2,0.00,0.00,0.00,0.00,1.0,-1,-1,-1
456,3,0.00,0.00,0.00,0.00,1.0,-1,-1,-1
456,4,0.00,0.00,0.00,0.00,1.0,-1,-1,-1
456,5,0.00,0.00,0.00,0.00,1.0,-1,-1,-1
456,6,0.00,0.00,0.00,0.00,1.0,-1,-1,-1
456,7,0.00,0.00,0.00,0.00,1.0,-1,-1,-1
456,8,0.00,0.00,0.00,0.00,1.0,-1,-1,-1
456,9,1735.00,422.00,78.00,219.00,1.0,-1,-1,-1
456,10,0.00,0.00,0.00,0.00,1.0,-1,-1,-1
456,11,1735.00,421.00,79.00,220.00,1.0,-1,-1,-1
456,12,1809.00,436.00,61.00,205.00,1.0,-1,-1,-1
456,13,123.00,698.00,69.00,45.00,1.0,-1,-1,-1
456,14,97.00,174.00,369.00,892.00,1.0,-1,-1,-1
456,15,1195.00,384.00,140.00,348.00,1.0,-1,-1,-1
456,16,115.00,280.00,142.00,628.00,1.0,-1,-1,-1
456,17,1812.00,392.00,108.00,277.00,1.0,-1,-1,-1
456,18,1429.00,450.00,62.00,195.00,1.0,-1,-1,-1
457,0,0.00,0.00,0.00,0.00,1.0,-1,-1,-1
457,1,0.00,0.00,0.00,0.00,1.0,-1,-1,-1
457,2,0.00,0.00,0.00,0.00,1.0,-1,-1,-1
457,3,0.00,0.00,0.00,0.00,1.0,-1,-1,-1
457,4,0.00,0.00,0.00,0.00,1.0,-1,-1,-1
457,5,0.00,0.00,0.00,0.00,1.0,-1,-1,-1
457,6,0.00,0.00,0.00,0.00,1.0,-1,-1,-1
457,7,0.00,0.00,0.00,0.00,1.0,-1,-1,-1
457,8,0.00,0.00,0.00,0.00,1.0,-1,-1,-1
457,9,0.00,0.00,0.00,0.00,1.0,-1,-1,-1
457,10,0.00,0.00,0.00,0.00,1.0,-1,-1,-1
457,11,0.00,0.00,0.00,0.00,1.0,-1,-1,-1
457,12,1804.00,462.00,70.00,186.00,1.0,-1,-1,-1
457,13,133.00,697.00,50.00,46.00,1.0,-1,-1,-1
457,14,76.00,167.00,346.00,899.00,1.0,-1,-1,-1
457,15,1207.00,383.00,132.00,342.00,1.0,-1,-1,-1
457,16,122.00,355.00,110.00,553.00,1.0,-1,-1,-1
457,17,1809.00,392.00,111.00,279.00,1.0,-1,-1,-1
457,18,1432.00,450.00,67.00,195.00,1.0,-1,-1,-1
458,0,1850.00,438.00,31.00,152.00,1.0,-1,-1,-1
458,1,0.00,0.00,0.00,0.00,1.0,-1,-1,-1
458,2,1849.00,437.00,32.00,165.00,1.0,-1,-1,-1
458,3,0.00,0.00,0.00,0.00,1.0,-1,-1,-1
458,4,0.00,0.00,0.00,0.00,1.0,-1,-1,-1
458,5,0.00,0.00,0.00,0.00,1.0,-1,-1,-1
458,6,0.00,0.00,0.00,0.00,1.0,-1,-1,-1
458,7,0.00,0.00,0.00,0.00,1.0,-1,-1,-1
458,8,0.00,0.00,0.00,0.00,1.0,-1,-1,-1
458,9,0.00,0.00,0.00,0.00,1.0,-1,-1,-1
458,10,0.00,0.00,0.00,0.00,1.0,-1,-1,-1
458,11,0.00,0.00,0.00,0.00,1.0,-1,-1,-1
458,12,0.00,0.00,0.00,0.00,1.0,-1,-1,-1
458,13,130.00,682.00,39.00,61.00,1.0,-1,-1,-1
458,14,32.00,160.00,367.00,920.00,1.0,-1,-1,-1
458,15,1228.00,380.00,120.00,345.00,1.0,-1,-1,-1
458,16,166.00,725.00,215.00,183.00,1.0,-1,-1,-1
458,17,1803.00,391.00,109.00,279.00,1.0,-1,-1,-1
458,18,1436.00,450.00,77.00,195.00,1.0,-1,-1,-1
459,0,1848.00,438.00,32.00,159.00,1.0,-1,-1,-1
459,1,0.00,0.00,0.00,0.00,1.0,-1,-1,-1
459,2,1847.00,437.00,35.00,173.00,1.0,-1,-1,-1
459,3,0.00,0.00,0.00,0.00,1.0,-1,-1,-1
459,4,0.00,0.00,0.00,0.00,1.0,-1,-1,-1
459,5,0.00,0.00,0.00,0.00,1.0,-1,-1,-1
459,6,0.00,0.00,0.00,0.00,1.0,-1,-1,-1
459,7,0.00,0.00,0.00,0.00,1.0,-1,-1,-1
459,8,0.00,0.00,0.00,0.00,1.0,-1,-1,-1
459,9,1773.00,403.00,100.00,239.00,1.0,-1,-1,-1
459,10,0.00,0.00,0.00,0.00,1.0,-1,-1,-1
459,11,1786.00,420.00,87.00,222.00,1.0,-1,-1,-1
459,12,1795.00,432.00,79.00,178.00,1.0,-1,-1,-1
459,13,128.00,672.00,28.00,71.00,1.0,-1,-1,-1
459,14,16.00,157.00,367.00,923.00,1.0,-1,-1,-1
459,15,1244.00,379.00,110.00,346.00,1.0,-1,-1,-1
459,16,166.00,693.00,245.00,216.00,1.0,-1,-1,-1
459,17,1796.00,392.00,102.00,278.00,1.0,-1,-1,-1
459,18,1436.00,451.00,81.00,194.00,1.0,-1,-1,-1
460,0,0.00,0.00,0.00,0.00,1.0,-1,-1,-1
460,1,0.00,0.00,0.00,0.00,1.0,-1,-1,-1
460,2,1852.00,438.00,36.00,172.00,1.0,-1,-1,-1
460,3,0.00,0.00,0.00,0.00,1.0,-1,-1,-1
460,4,0.00,0.00,0.00,0.00,1.0,-1,-1,-1
460,5,0.00,0.00,0.00,0.00,1.0,-1,-1,-1
460,6,0.00,0.00,0.00,0.00,1.0,-1,-1,-1
460,7,0.00,0.00,0.00,0.00,1.0,-1,-1,-1
460,8,0.00,0.00,0.00,0.00,1.0,-1,-1,-1
460,9,1777.00,410.00,43.00,229.00,1.0,-1,-1,-1
460,10,0.00,0.00,0.00,0.00,1.0,-1,-1,-1
460,11,1777.00,410.00,42.00,226.00,1.0,-1,-1,-1
460,12,1819.00,432.00,63.00,195.00,1.0,-1,-1,-1
460,13,0.00,0.00,0.00,0.00,1.0,-1,-1,-1
460,14,0.00,153.00,364.00,927.00,1.0,-1,-1,-1
460,15,1250.00,377.00,112.00,347.00,1.0,-1,-1,-1
460,16,296.00,292.00,150.00,578.00,1.0,-1,-1,-1
460,17,1786.00,392.00,92.00,277.00,1.0,-1,-1,-1
460,18,1436.00,451.00,86.00,194.00,1.0,-1,-1,-1
461,0,0.00,0.00,0.00,0.00,1.0,-1,-1,-1
461,1,0.00,0.00,0.00,0.00,1.0,-1,-1,-1
461,2,1855.00,438.00,36.00,143.00,1.0,-1,-1,-1
461,3,0.00,0.00,0.00,0.00,1.0,-1,-1,-1
461,4,0.00,0.00,0.00,0.00,1.0,-1,-1,-1
461,5,0.00,0.00,0.00,0.00,1.0,-1,-1,-1
461,6,0.00,0.00,0.00,0.00,1.0,-1,-1,-1
461,7,0.00,0.00,0.00,0.00,1.0,-1,-1,-1
461,8,0.00,0.00,0.00,0.00,1.0,-1,-1,-1
461,9,1772.00,411.00,37.00,222.00,1.0,-1,-1,-1
461,10,0.00,0.00,0.00,0.00,1.0,-1,-1,-1
461,11,1772.00,413.00,41.00,222.00,1.0,-1,-1,-1
461,12,1829.00,432.00,52.00,207.00,1.0,-1,-1,-1
461,13,0.00,0.00,0.00,0.00,1.0,-1,-1,-1
461,14,0.00,152.00,339.00,928.00,1.0,-1,-1,-1
461,15,1255.00,377.00,113.00,347.00,1.0,-1,-1,-1
461,16,192.00,294.00,267.00,609.00,1.0,-1,-1,-1
461,17,1778.00,392.00,80.00,278.00,1.0,-1,-1,-1
461,18,1437.00,451.00,87.00,195.00,1.0,-1,-1,-1
462,0,0.00,0.00,0.00,0.00,1.0,-1,-1,-1
462,1,0.00,0.00,0.00,0.00,1.0,-1,-1,-1
462,2,1873.00,455.00,19.00,124.00,1.0,-1,-1,-1
462,3,0.00,0.00,0.00,0.00,1.0,-1,-1,-1
462,4,0.00,0.00,0.00,0.00,1.0,-1,-1,-1
462,5,0.00,0.00,0.00,0.00,1.0,-1,-1,-1
462,6,0.00,0.00,0.00,0.00,1.0,-1,-1,-1
462,7,0.00,0.00,0.00,0.00,1.0,-1,-1,-1
462,8,0.00,0.00,0.00,0.00,1.0,-1,-1,-1
462,9,1767.00,410.00,71.00,256.00,1.0,-1,-1,-1
462,10,0.00,0.00,0.00,0.00,1.0,-1,-1,-1
462,11,1766.00,410.00,72.00,255.00,1.0,-1,-1,-1
462,12,1829.00,431.00,53.00,208.00,1.0,-1,-1,-1
462,13,0.00,0.00,0.00,0.00,1.0,-1,-1,-1
462,14,0.00,151.00,323.00,929.00,1.0,-1,-1,-1
462,15,1259.00,377.00,115.00,347.00,1.0,-1,-1,-1
462,16,175.00,297.00,290.00,607.00,1.0,-1,-1,-1
462,17,1772.00,392.00,68.00,277.00,1.0,-1,-1,-1
462,18,1437.00,451.00,92.00,195.00,1.0,-1,-1,-1
463,0,0.00,0.00,0.00,0.00,1.0,-1,-1,-1
463,1,0.00,0.00,0.00,0.00,1.0,-1,-1,-1
463,2,1878.00,464.00,18.00,126.00,1.0,-1,-1,-1
463,3,0.00,0.00,0.00,0.00,1.0,-1,-1,-1
463,4,0.00,0.00,0.00,0.00,1.0,-1,-1,-1
463,5,0.00,0.00,0.00,0.00,1.0,-1,-1,-1
463,6,0.00,0.00,0.00,0.00,1.0,-1,-1,-1
463,7,0.00,0.00,0.00,0.00,1.0,-1,-1,-1
463,8,0.00,0.00,0.00,0.00,1.0,-1,-1,-1
463,9,1779.00,405.00,62.00,265.00,1.0,-1,-1,-1
463,10,0.00,0.00,0.00,0.00,1.0,-1,-1,-1
463,11,1765.00,407.00,77.00,263.00,1.0,-1,-1,-1
463,12,1825.00,430.00,62.00,214.00,1.0,-1,-1,-1
463,13,0.00,0.00,0.00,0.00,1.0,-1,-1,-1
463,14,0.00,150.00,317.00,930.00,1.0,-1,-1,-1
463,15,1268.00,382.00,114.00,341.00,1.0,-1,-1,-1
463,16,228.00,300.00,247.00,593.00,1.0,-1,-1,-1
463,17,1765.00,394.00,74.00,275.00,1.0,-1,-1,-1
463,18,1443.00,451.00,86.00,195.00,1.0,-1,-1,-1
464,0,0.00,0.00,0.00,0.00,1.0,-1,-1,-1
464,1,0.00,0.00,0.00,0.00,1.0,-1,-1,-1
464,2,0.00,0.00,0.00,0.00,1.0,-1,-1,-1
464,3,0.00,0.00,0.00,0.00,1.0,-1,-1,-1
464,4,0.00,0.00,0.00,0.00,1.0,-1,-1,-1
464,5,0.00,0.00,0.00,0.00,1.0,-1,-1,-1
464,6,0.00,0.00,0.00,0.00,1.0,-1,-1,-1
464,7,0.00,0.00,0.00,0.00,1.0,-1,-1,-1
464,8,0.00,0.00,0.00,0.00,1.0,-1,-1,-1
464,9,1771.00,413.00,70.00,257.00,1.0,-1,-1,-1
464,10,0.00,0.00,0.00,0.00,1.0,-1,-1,-1
464,11,1766.00,413.00,75.00,257.00,1.0,-1,-1,-1
464,12,1822.00,429.00,67.00,210.00,1.0,-1,-1,-1
464,13,0.00,0.00,0.00,0.00,1.0,-1,-1,-1
464,14,0.00,146.00,317.00,934.00,1.0,-1,-1,-1
464,15,1274.00,384.00,119.00,339.00,1.0,-1,-1,-1
464,16,207.00,302.00,271.00,595.00,1.0,-1,-1,-1
464,17,1761.00,396.00,79.00,273.00,1.0,-1,-1,-1
464,18,1452.00,451.00,76.00,194.00,1.0,-1,-1,-1
465,0,0.00,0.00,0.00,0.00,1.0,-1,-1,-1
465,1,0.00,0.00,0.00,0.00,1.0,-1,-1,-1
465,2,0.00,0.00,0.00,0.00,1.0,-1,-1,-1
465,3,0.00,0.00,0.00,0.00,1.0,-1,-1,-1
465,4,0.00,0.00,0.00,0.00,1.0,-1,-1,-1
465,5,0.00,0.00,0.00,0.00,1.0,-1,-1,-1
465,6,0.00,0.00,0.00,0.00,1.0,-1,-1,-1
465,7,0.00,0.00,0.00,0.00,1.0,-1,-1,-1
465,8,0.00,0.00,0.00,0.00,1.0,-1,-1,-1
465,9,1783.00,415.00,46.00,226.00,1.0,-1,-1,-1
465,10,0.00,0.00,0.00,0.00,1.0,-1,-1,-1
465,11,1785.00,416.00,44.00,204.00,1.0,-1,-1,-1
465,12,1819.00,429.00,75.00,210.00,1.0,-1,-1,-1
465,13,150.00,697.00,40.00,45.00,1.0,-1,-1,-1
465,14,0.00,138.00,302.00,942.00,1.0,-1,-1,-1
465,15,1283.00,386.00,126.00,336.00,1.0,-1,-1,-1
465,16,193.00,301.00,288.00,596.00,1.0,-1,-1,-1
465,17,1713.00,397.00,126.00,272.00,1.0,-1,-1,-1
465,18,1463.00,452.00,66.00,192.00,1.0,-1,-1,-1
466,0,1868.00,452.00,52.00,185.00,1.0,-1,-1,-1
466,1,0.00,0.00,0.00,0.00,1.0,-1,-1,-1
466,2,1883.00,462.00,20.00,155.00,1.0,-1,-1,-1
466,3,0.00,0.00,0.00,0.00,1.0,-1,-1,-1
466,4,0.00,0.00,0.00,0.00,1.0,-1,-1,-1
466,5,0.00,0.00,0.00,0.00,1.0,-1,-1,-1
466,6,0.00,0.00,0.00,0.00,1.0,-1,-1,-1
466,7,0.00,0.00,0.00,0.00,1.0,-1,-1,-1
466,8,0.00,0.00,0.00,0.00,1.0,-1,-1,-1
466,9,1782.00,417.00,50.00,215.00,1.0,-1,-1,-1
466,10,0.00,0.00,0.00,0.00,1.0,-1,-1,-1
466,11,1782.00,418.00,50.00,202.00,1.0,-1,-1,-1
466,12,1821.00,429.00,76.00,210.00,1.0,-1,-1,-1
466,13,135.00,682.00,53.00,61.00,1.0,-1,-1,-1
466,14,0.00,132.00,281.00,948.00,1.0,-1,-1,-1
466,15,1291.00,388.00,123.00,334.00,1.0,-1,-1,-1
466,16,215.00,301.00,266.00,592.00,1.0,-1,-1,-1
466,17,1701.00,399.00,138.00,270.00,1.0,-1,-1,-1
466,18,1469.00,451.00,60.00,194.00,1.0,-1,-1,-1
467,0,0.00,0.00,0.00,0.00,1.0,-1,-1,-1
467,1,0.00,0.00,0.00,0.00,1.0,-1,-1,-1
467,2,1885.00,463.00,20.00,153.00,1.0,-1,-1,-1
467,3,0.00,0.00,0.00,0.00,1.0,-1,-1,-1
467,4,0.00,0.00,0.00,0.00,1.0,-1,-1,-1
467,5,0.00,0.00,0.00,0.00,1.0,-1,-1,-1
467,6,0.00,0.00,0.00,0.00,1.0,-1,-1,-1
467,7,0.00,0.00,0.00,0.00,1.0,-1,-1,-1
467,8,0.00,0.00,0.00,0.00,1.0,-1,-1,-1
467,9,1782.00,418.00,57.00,206.00,1.0,-1,-1,-1
467,10,0.00,0.00,0.00,0.00,1.0,-1,-1,-1
467,11,1782.00,418.00,58.00,216.00,1.0,-1,-1,-1
467,12,1823.00,430.00,72.00,209.00,1.0,-1,-1,-1
467,13,133.00,658.00,55.00,85.00,1.0,-1,-1,-1
467,14,0.00,124.00,248.00,956.00,1.0,-1,-1,-1
467,15,1295.00,389.00,123.00,333.00,1.0,-1,-1,-1
467,16,239.00,300.00,242.00,589.00,1.0,-1,-1,-1
467,17,1693.00,400.00,146.00,269.00,1.0,-1,-1,-1
467,18,1475.00,451.00,60.00,194.00,1.0,-1,-1,-1
468,0,1885.00,462.00,26.00,154.00,1.0,-1,-1,-1
468,1,0.00,0.00,0.00,0.00,1.0,-1,-1,-1
468,2,1888.00,463.00,23.00,153.00,1.0,-1,-1,-1
468,3,0.00,0.00,0.00,0.00,1.0,-1,-1,-1
468,4,0.00,0.00,0.00,0.00,1.0,-1,-1,-1
468,5,0.00,0.00,0.00,0.00,1.0,-1,-1,-1
468,6,0.00,0.00,0.00,0.00,1.0,-1,-1,-1
468,7,0.00,0.00,0.00,0.00,1.0,-1,-1,-1
468,8,0.00,0.00,0.00,0.00,1.0,-1,-1,-1
468,9,1780.00,420.00,65.00,215.00,1.0,-1,-1,-1
468,10,0.00,0.00,0.00,0.00,1.0,-1,-1,-1
468,11,1781.00,420.00,63.00,215.00,1.0,-1,-1,-1
468,12,1825.00,432.00,70.00,207.00,1.0,-1,-1,-1
468,13,129.00,567.00,58.00,175.00,1.0,-1,-1,-1
468,14,0.00,111.00,182.00,969.00,1.0,-1,-1,-1
468,15,1306.00,389.00,114.00,331.00,1.0,-1,-1,-1
468,16,280.00,301.00,201.00,575.00,1.0,-1,-1,-1
468,17,1692.00,402.00,147.00,267.00,1.0,-1,-1,-1
468,18,1479.00,451.00,65.00,194.00,1.0,-1,-1,-1
469,0,1888.00,464.00,32.00,151.00,1.0,-1,-1,-1
469,1,0.00,0.00,0.00,0.00,1.0,-1,-1,-1
469,2,1889.00,464.00,25.00,151.00,1.0,-1,-1,-1
469,3,0.00,0.00,0.00,0.00,1.0,-1,-1,-1
469,4,0.00,0.00,0.00,0.00,1.0,-1,-1,-1
469,5,0.00,0.00,0.00,0.00,1.0,-1,-1,-1
469,6,0.00,0.00,0.00,0.00,1.0,-1,-1,-1
469,7,0.00,0.00,0.00,0.00,1.0,-1,-1,-1
469,8,0.00,0.00,0.00,0.00,1.0,-1,-1,-1
469,9,1776.00,421.00,77.00,210.00,1.0,-1,-1,-1
469,10,0.00,0.00,0.00,0.00,1.0,-1,-1,-1
469,11,1776.00,421.00,76.00,210.00,1.0,-1,-1,-1
469,12,1827.00,433.00,69.00,206.00,1.0,-1,-1,-1
469,13,125.00,532.00,62.00,210.00,1.0,-1,-1,-1
469,14,0.00,100.00,150.00,980.00,1.0,-1,-1,-1
469,15,1314.00,389.00,106.00,328.00,1.0,-1,-1,-1
469,16,298.00,302.00,183.00,570.00,1.0,-1,-1,-1
469,17,1695.00,403.00,143.00,266.00,1.0,-1,-1,-1
469,18,1482.00,453.00,67.00,192.00,1.0,-1,-1,-1
470,0,0.00,0.00,0.00,0.00,1.0,-1,-1,-1
470,1,0.00,0.00,0.00,0.00,1.0,-1,-1,-1
470,2,1890.00,465.00,30.00,149.00,1.0,-1,-1,-1
470,3,0.00,0.00,0.00,0.00,1.0,-1,-1,-1
470,4,0.00,0.00,0.00,0.00,1.0,-1,-1,-1
470,5,0.00,0.00,0.00,0.00,1.0,-1,-1,-1
470,6,0.00,0.00,0.00,0.00,1.0,-1,-1,-1
470,7,0.00,0.00,0.00,0.00,1.0,-1,-1,-1
470,8,0.00,0.00,0.00,0.00,1.0,-1,-1,-1
470,9,1776.00,421.00,77.00,210.00,1.0,-1,-1,-1
470,10,0.00,0.00,0.00,0.00,1.0,-1,-1,-1
470,11,1775.00,421.00,78.00,211.00,1.0,-1,-1,-1
470,12,1828.00,435.00,71.00,203.00,1.0,-1,-1,-1
470,13,121.00,531.00,65.00,211.00,1.0,-1,-1,-1
470,14,0.00,6.00,120.00,1074.00,1.0,-1,-1,-1
470,15,1323.00,387.00,99.00,322.00,1.0,-1,-1,-1
470,16,311.00,301.00,186.00,570.00,1.0,-1,-1,-1
470,17,1695.00,403.00,140.00,266.00,1.0,-1,-1,-1
470,18,1486.00,454.00,70.00,191.00,1.0,-1,-1,-1
471,0,0.00,0.00,0.00,0.00,1.0,-1,-1,-1
471,1,0.00,0.00,0.00,0.00,1.0,-1,-1,-1
471,2,1890.00,465.00,26.00,150.00,1.0,-1,-1,-1
471,3,0.00,0.00,0.00,0.00,1.0,-1,-1,-1
471,4,0.00,0.00,0.00,0.00,1.0,-1,-1,-1
471,5,0.00,0.00,0.00,0.00,1.0,-1,-1,-1
471,6,0.00,0.00,0.00,0.00,1.0,-1,-1,-1
471,7,0.00,0.00,0.00,0.00,1.0,-1,-1,-1
471,8,0.00,0.00,0.00,0.00,1.0,-1,-1,-1
471,9,1779.00,421.00,73.00,210.00,1.0,-1,-1,-1
471,10,0.00,0.00,0.00,0.00,1.0,-1,-1,-1
471,11,1777.00,421.00,76.00,210.00,1.0,-1,-1,-1
471,12,1829.00,436.00,72.00,202.00,1.0,-1,-1,-1
471,13,122.00,531.00,65.00,211.00,1.0,-1,-1,-1
471,14,0.00,153.00,102.00,927.00,1.0,-1,-1,-1
471,15,1329.00,386.00,98.00,323.00,1.0,-1,-1,-1
471,16,319.00,301.00,190.00,571.00,1.0,-1,-1,-1
471,17,1693.00,403.00,134.00,265.00,1.0,-1,-1,-1
471,18,1491.00,452.00,82.00,193.00,1.0,-1,-1,-1
472,0,0.00,0.00,0.00,0.00,1.0,-1,-1,-1
472,1,0.00,0.00,0.00,0.00,1.0,-1,-1,-1
472,2,1877.00,440.00,38.00,175.00,1.0,-1,-1,-1
472,3,0.00,0.00,0.00,0.00,1.0,-1,-1,-1
472,4,0.00,0.00,0.00,0.00,1.0,-1,-1,-1
472,5,0.00,0.00,0.00,0.00,1.0,-1,-1,-1
472,6,0.00,0.00,0.00,0.00,1.0,-1,-1,-1
472,7,0.00,0.00,0.00,0.00,1.0,-1,-1,-1
472,8,0.00,0.00,0.00,0.00,1.0,-1,-1,-1
472,9,1780.00,421.00,73.00,210.00,1.0,-1,-1,-1
472,10,0.00,0.00,0.00,0.00,1.0,-1,-1,-1
472,11,1780.00,422.00,73.00,209.00,1.0,-1,-1,-1
472,12,1831.00,437.00,72.00,201.00,1.0,-1,-1,-1
472,13,122.00,532.00,65.00,210.00,1.0,-1,-1,-1
472,14,0.00,255.00,84.00,825.00,1.0,-1,-1,-1
472,15,1335.00,384.00,98.00,325.00,1.0,-1,-1,-1
472,16,327.00,300.00,191.00,572.00,1.0,-1,-1,-1
472,17,1690.00,402.00,124.00,266.00,1.0,-1,-1,-1
472,18,1494.00,452.00,88.00,192.00,1.0,-1,-1,-1
473,0,0.00,0.00,0.00,0.00,1.0,-1,-1,-1
473,1,0.00,0.00,0.00,0.00,1.0,-1,-1,-1
473,2,1877.00,440.00,38.00,175.00,1.0,-1,-1,-1
473,3,0.00,0.00,0.00,0.00,1.0,-1,-1,-1
473,4,0.00,0.00,0.00,0.00,1.0,-1,-1,-1
473,5,0.00,0.00,0.00,0.00,1.0,-1,-1,-1
473,6,0.00,0.00,0.00,0.00,1.0,-1,-1,-1
473,7,0.00,0.00,0.00,0.00,1.0,-1,-1,-1
473,8,0.00,0.00,0.00,0.00,1.0,-1,-1,-1
473,9,1782.00,420.00,71.00,214.00,1.0,-1,-1,-1
473,10,0.00,0.00,0.00,0.00,1.0,-1,-1,-1
473,11,1782.00,420.00,71.00,214.00,1.0,-1,-1,-1
473,12,1834.00,439.00,73.00,198.00,1.0,-1,-1,-1
473,13,124.00,532.00,63.00,210.00,1.0,-1,-1,-1
473,14,0.00,337.00,54.00,743.00,1.0,-1,-1,-1
473,15,1344.00,383.00,94.00,326.00,1.0,-1,-1,-1
473,16,339.00,302.00,211.00,570.00,1.0,-1,-1,-1
473,17,1686.00,402.00,111.00,266.00,1.0,-1,-1,-1
473,18,1496.00,452.00,99.00,192.00,1.0,-1,-1,-1
474,0,0.00,0.00,0.00,0.00,1.0,-1,-1,-1
474,1,0.00,0.00,0.00,0.00,1.0,-1,-1,-1
474,2,1877.00,440.00,38.00,175.00,1.0,-1,-1,-1
474,3,0.00,0.00,0.00,0.00,1.0,-1,-1,-1
474,4,0.00,0.00,0.00,0.00,1.0,-1,-1,-1
474,5,0.00,0.00,0.00,0.00,1.0,-1,-1,-1
474,6,0.00,0.00,0.00,0.00,1.0,-1,-1,-1
474,7,0.00,0.00,0.00,0.00,1.0,-1,-1,-1
474,8,0.00,0.00,0.00,0.00,1.0,-1,-1,-1
474,9,1786.00,420.00,67.00,212.00,1.0,-1,-1,-1
474,10,0.00,0.00,0.00,0.00,1.0,-1,-1,-1
474,11,1786.00,420.00,67.00,212.00,1.0,-1,-1,-1
474,12,1837.00,440.00,73.00,195.00,1.0,-1,-1,-1
474,13,124.00,532.00,63.00,210.00,1.0,-1,-1,-1
474,14,0.00,543.00,48.00,537.00,1.0,-1,-1,-1
474,15,1349.00,383.00,97.00,326.00,1.0,-1,-1,-1
474,16,349.00,302.00,229.00,569.00,1.0,-1,-1,-1
474,17,1680.00,402.00,101.00,266.00,1.0,-1,-1,-1
474,18,1496.00,453.00,104.00,191.00,1.0,-1,-1,-1
475,0,0.00,0.00,0.00,0.00,1.0,-1,-1,-1
475,1,0.00,0.00,0.00,0.00,1.0,-1,-1,-1
475,2,1878.00,439.00,38.00,175.00,1.0,-1,-1,-1
475,3,0.00,0.00,0.00,0.00,1.0,-1,-1,-1
475,4,0.00,0.00,0.00,0.00,1.0,-1,-1,-1
475,5,0.00,0.00,0.00,0.00,1.0,-1,-1,-1
475,6,0.00,0.00,0.00,0.00,1.0,-1,-1,-1
475,7,0.00,0.00,0.00,0.00,1.0,-1,-1,-1
475,8,0.00,0.00,0.00,0.00,1.0,-1,-1,-1
475,9,1787.00,420.00,67.00,211.00,1.0,-1,-1,-1
475,10,0.00,0.00,0.00,0.00,1.0,-1,-1,-1
475,11,1788.00,420.00,66.00,211.00,1.0,-1,-1,-1
475,12,1840.00,439.00,71.00,194.00,1.0,-1,-1,-1
475,13,124.00,532.00,63.00,210.00,1.0,-1,-1,-1
475,14,0.00,912.00,44.00,168.00,1.0,-1,-1,-1
475,15,1357.00,385.00,115.00,324.00,1.0,-1,-1,-1
475,16,362.00,305.00,253.00,567.00,1.0,-1,-1,-1
475,17,1670.00,403.00,91.00,264.00,1.0,-1,-1,-1
475,18,1498.00,452.00,92.00,192.00,1.0,-1,-1,-1
476,0,0.00,0.00,0.00,0.00,1.0,-1,-1,-1
476,1,0.00,0.00,0.00,0.00,1.0,-1,-1,-1
476,2,1882.00,437.00,38.00,177.00,1.0,-1,-1,-1
476,3,0.00,0.00,0.00,0.00,1.0,-1,-1,-1
476,4,0.00,0.00,0.00,0.00,1.0,-1,-1,-1
476,5,0.00,0.00,0.00,0.00,1.0,-1,-1,-1
476,6,0.00,0.00,0.00,0.00,1.0,-1,-1,-1
476,7,0.00,0.00,0.00,0.00,1.0,-1,-1,-1
476,8,0.00,0.00,0.00,0.00,1.0,-1,-1,-1
476,9,1790.00,419.00,63.00,212.00,1.0,-1,-1,-1
476,10,0.00,0.00,0.00,0.00,1.0,-1,-1,-1
476,11,1790.00,419.00,63.00,212.00,1.0,-1,-1,-1
476,12,1839.00,439.00,73.00,194.00,1.0,-1,-1,-1
476,13,123.00,531.00,64.00,211.00,1.0,-1,-1,-1
476,14,0.00,972.00,50.00,108.00,1.0,-1,-1,-1
476,15,1362.00,388.00,127.00,321.00,1.0,-1,-1,-1
476,16,370.00,307.00,261.00,565.00,1.0,-1,-1,-1
476,17,1660.00,403.00,84.00,265.00,1.0,-1,-1,-1
476,18,1500.00,452.00,90.00,192.00,1.0,-1,-1,-1
477,0,0.00,0.00,0.00,0.00,1.0,-1,-1,-1
477,1,0.00,0.00,0.00,0.00,1.0,-1,-1,-1
477,2,0.00,0.00,0.00,0.00,1.0,-1,-1,-1
477,3,0.00,0.00,0.00,0.00,1.0,-1,-1,-1
477,4,0.00,0.00,0.00,0.00,1.0,-1,-1,-1
477,5,0.00,0.00,0.00,0.00,1.0,-1,-1,-1
477,6,0.00,0.00,0.00,0.00,1.0,-1,-1,-1
477,7,0.00,0.00,0.00,0.00,1.0,-1,-1,-1
477,8,0.00,0.00,0.00,0.00,1.0,-1,-1,-1
477,9,1792.00,419.00,64.00,212.00,1.0,-1,-1,-1
477,10,0.00,0.00,0.00,0.00,1.0,-1,-1,-1
477,11,1793.00,419.00,62.00,212.00,1.0,-1,-1,-1
477,12,1839.00,438.00,74.00,195.00,1.0,-1,-1,-1
477,13,124.00,533.00,63.00,209.00,1.0,-1,-1,-1
477,14,0.00,1032.00,55.00,48.00,1.0,-1,-1,-1
477,15,1364.00,391.00,137.00,318.00,1.0,-1,-1,-1
477,16,380.00,309.00,260.00,562.00,1.0,-1,-1,-1
477,17,1650.00,404.00,81.00,264.00,1.0,-1,-1,-1
477,18,1500.00,451.00,89.00,193.00,1.0,-1,-1,-1
478,0,0.00,0.00,0.00,0.00,1.0,-1,-1,-1
478,1,0.00,0.00,0.00,0.00,1.0,-1,-1,-1
478,2,0.00,0.00,0.00,0.00,1.0,-1,-1,-1
478,3,0.00,0.00,0.00,0.00,1.0,-1,-1,-1
478,4,0.00,0.00,0.00,0.00,1.0,-1,-1,-1
478,5,0.00,0.00,0.00,0.00,1.0,-1,-1,-1
478,6,0.00,0.00,0.00,0.00,1.0,-1,-1,-1
478,7,0.00,0.00,0.00,0.00,1.0,-1,-1,-1
478,8,0.00,0.00,0.00,0.00,1.0,-1,-1,-1
478,9,1794.00,419.00,64.00,212.00,1.0,-1,-1,-1
478,10,0.00,0.00,0.00,0.00,1.0,-1,-1,-1
478,11,1794.00,418.00,63.00,213.00,1.0,-1,-1,-1
478,12,1841.00,436.00,74.00,198.00,1.0,-1,-1,-1
478,13,124.00,532.00,63.00,210.00,1.0,-1,-1,-1
478,14,0.00,1035.00,20.00,45.00,1.0,-1,-1,-1
478,15,1372.00,393.00,135.00,315.00,1.0,-1,-1,-1
478,16,392.00,311.00,252.00,560.00,1.0,-1,-1,-1
478,17,1649.00,405.00,82.00,263.00,1.0,-1,-1,-1
478,18,1504.00,451.00,82.00,193.00,1.0,-1,-1,-1
479,0,0.00,0.00,0.00,0.00,1.0,-1,-1,-1
479,1,0.00,0.00,0.00,0.00,1.0,-1,-1,-1
479,2,0.00,0.00,0.00,0.00,1.0,-1,-1,-1
479,3,0.00,0.00,0.00,0.00,1.0,-1,-1,-1
479,4,0.00,0.00,0.00,0.00,1.0,-1,-1,-1
479,5,0.00,0.00,0.00,0.00,1.0,-1,-1,-1
479,6,0.00,0.00,0.00,0.00,1.0,-1,-1,-1
479,7,0.00,0.00,0.00,0.00,1.0,-1,-1,-1
479,8,0.00,0.00,0.00,0.00,1.0,-1,-1,-1
479,9,1795.00,419.00,65.00,212.00,1.0,-1,-1,-1
479,10,0.00,0.00,0.00,0.00,1.0,-1,-1,-1
479,11,1795.00,419.00,65.00,212.00,1.0,-1,-1,-1
479,12,1842.00,436.00,78.00,198.00,1.0,-1,-1,-1
479,13,124.00,532.00,63.00,209.00,1.0,-1,-1,-1
479,14,0.00,0.00,0.00,0.00,1.0,-1,-1,-1
479,15,1379.00,395.00,128.00,312.00,1.0,-1,-1,-1
479,16,400.00,314.00,243.00,556.00,1.0,-1,-1,-1
479,17,1644.00,407.00,87.00,261.00,1.0,-1,-1,-1
479,18,1512.00,450.00,69.00,193.00,1.0,-1,-1,-1
480,0,0.00,0.00,0.00,0.00,1.0,-1,-1,-1
480,1,0.00,0.00,0.00,0.00,1.0,-1,-1,-1
480,2,0.00,0.00,0.00,0.00,1.0,-1,-1,-1
480,3,0.00,0.00,0.00,0.00,1.0,-1,-1,-1
480,4,0.00,0.00,0.00,0.00,1.0,-1,-1,-1
480,5,0.00,0.00,0.00,0.00,1.0,-1,-1,-1
480,6,0.00,0.00,0.00,0.00,1.0,-1,-1,-1
480,7,0.00,0.00,0.00,0.00,1.0,-1,-1,-1
480,8,0.00,0.00,0.00,0.00,1.0,-1,-1,-1
480,9,1797.00,420.00,64.00,211.00,1.0,-1,-1,-1
480,10,0.00,0.00,0.00,0.00,1.0,-1,-1,-1
480,11,1798.00,420.00,63.00,211.00,1.0,-1,-1,-1
480,12,1844.00,437.00,76.00,197.00,1.0,-1,-1,-1
480,13,124.00,534.00,63.00,207.00,1.0,-1,-1,-1
480,14,0.00,0.00,0.00,0.00,1.0,-1,-1,-1
480,15,1385.00,395.00,124.00,312.00,1.0,-1,-1,-1
480,16,401.00,316.00,242.00,548.00,1.0,-1,-1,-1
480,17,1631.00,410.00,100.00,259.00,1.0,-1,-1,-1
480,18,1522.00,449.00,53.00,190.00,1.0,-1,-1,-1
481,0,0.00,0.00,0.00,0.00,1.0,-1,-1,-1
481,1,0.00,0.00,0.00,0.00,1.0,-1,-1,-1
481,2,0.00,0.00,0.00,0.00,1.0,-1,-1,-1
481,3,0.00,0.00,0.00,0.00,1.0,-1,-1,-1
481,4,0.00,0.00,0.00,0.00,1.0,-1,-1,-1
481,5,0.00,0.00,0.00,0.00,1.0,-1,-1,-1
481,6,0.00,0.00,0.00,0.00,1.0,-1,-1,-1
481,7,0.00,0.00,0.00,0.00,1.0,-1,-1,-1
481,8,0.00,0.00,0.00,0.00,1.0,-1,-1,-1
481,9,1795.00,420.00,66.00,211.00,1.0,-1,-1,-1
481,10,0.00,0.00,0.00,0.00,1.0,-1,-1,-1
481,11,1796.00,421.00,66.00,210.00,1.0,-1,-1,-1
481,12,1846.00,437.00,74.00,197.00,1.0,-1,-1,-1
481,13,123.00,532.00,65.00,210.00,1.0,-1,-1,-1
481,14,0.00,573.00,36.00,424.00,1.0,-1,-1,-1
481,15,1391.00,396.00,117.00,310.00,1.0,-1,-1,-1
481,16,402.00,317.00,241.00,546.00,1.0,-1,-1,-1
481,17,1626.00,411.00,104.00,257.00,1.0,-1,-1,-1
481,18,1531.00,450.00,39.00,188.00,1.0,-1,-1,-1
482,0,0.00,0.00,0.00,0.00,1.0,-1,-1,-1
482,1,0.00,0.00,0.00,0.00,1.0,-1,-1,-1
482,2,1888.00,436.00,32.00,141.00,1.0,-1,-1,-1
482,3,0.00,0.00,0.00,0.00,1.0,-1,-1,-1
482,4,0.00,0.00,0.00,0.00,1.0,-1,-1,-1
482,5,0.00,0.00,0.00,0.00,1.0,-1,-1,-1
482,6,0.00,0.00,0.00,0.00,1.0,-1,-1,-1
482,7,0.00,0.00,0.00,0.00,1.0,-1,-1,-1
482,8,0.00,0.00,0.00,0.00,1.0,-1,-1,-1
482,9,1801.00,422.00,61.00,209.00,1.0,-1,-1,-1
482,10,0.00,0.00,0.00,0.00,1.0,-1,-1,-1
482,11,1800.00,421.00,62.00,210.00,1.0,-1,-1,-1
482,12,1847.00,438.00,73.00,195.00,1.0,-1,-1,-1
482,13,123.00,532.00,64.00,210.00,1.0,-1,-1,-1
482,14,0.00,0.00,0.00,0.00,1.0,-1,-1,-1
482,15,1398.00,394.00,110.00,311.00,1.0,-1,-1,-1
482,16,407.00,316.00,236.00,546.00,1.0,-1,-1,-1
482,17,1620.00,412.00,110.00,256.00,1.0,-1,-1,-1
482,18,1536.00,453.00,31.00,184.00,1.0,-1,-1,-1
483,0,1890.00,439.00,30.00,133.00,1.0,-1,-1,-1
483,1,0.00,0.00,0.00,0.00,1.0,-1,-1,-1
483,2,1890.00,438.00,30.00,139.00,1.0,-1,-1,-1
483,3,0.00,0.00,0.00,0.00,1.0,-1,-1,-1
483,4,0.00,0.00,0.00,0.00,1.0,-1,-1,-1
483,5,0.00,0.00,0.00,0.00,1.0,-1,-1,-1
483,6,0.00,0.00,0.00,0.00,1.0,-1,-1,-1
483,7,0.00,0.00,0.00,0.00,1.0,-1,-1,-1
483,8,0.00,0.00,0.00,0.00,1.0,-1,-1,-1
483,9,1801.00,423.00,62.00,208.00,1.0,-1,-1,-1
483,10,0.00,0.00,0.00,0.00,1.0,-1,-1,-1
483,11,1800.00,423.00,64.00,208.00,1.0,-1,-1,-1
483,12,1849.00,440.00,71.00,193.00,1.0,-1,-1,-1
483,13,123.00,533.00,64.00,209.00,1.0,-1,-1,-1
483,14,0.00,0.00,0.00,0.00,1.0,-1,-1,-1
483,15,1410.00,394.00,98.00,304.00,1.0,-1,-1,-1
483,16,418.00,317.00,225.00,541.00,1.0,-1,-1,-1
483,17,1605.00,415.00,121.00,253.00,1.0,-1,-1,-1
483,18,0.00,0.00,0.00,0.00,1.0,-1,-1,-1
484,0,0.00,0.00,0.00,0.00,1.0,-1,-1,-1
484,1,0.00,0.00,0.00,0.00,1.0,-1,-1,-1
484,2,1892.00,439.00,28.00,39.00,1.0,-1,-1,-1
484,3,0.00,0.00,0.00,0.00,1.0,-1,-1,-1
484,4,0.00,0.00,0.00,0.00,1.0,-1,-1,-1
484,5,0.00,0.00,0.00,0.00,1.0,-1,-1,-1
484,6,0.00,0.00,0.00,0.00,1.0,-1,-1,-1
484,7,0.00,0.00,0.00,0.00,1.0,-1,-1,-1
484,8,0.00,0.00,0.00,0.00,1.0,-1,-1,-1
484,9,1796.00,424.00,69.00,206.00,1.0,-1,-1,-1
484,10,0.00,0.00,0.00,0.00,1.0,-1,-1,-1
484,11,1802.00,424.00,64.00,207.00,1.0,-1,-1,-1
484,12,1850.00,440.00,70.00,192.00,1.0,-1,-1,-1
484,13,124.00,533.00,63.00,208.00,1.0,-1,-1,-1
484,14,0.00,0.00,0.00,0.00,1.0,-1,-1,-1
484,15,1420.00,392.00,89.00,306.00,1.0,-1,-1,-1
484,16,430.00,317.00,212.00,538.00,1.0,-1,-1,-1
484,17,1599.00,415.00,122.00,253.00,1.0,-1,-1,-1
484,18,0.00,0.00,0.00,0.00,1.0,-1,-1,-1
485,0,0.00,0.00,0.00,0.00,1.0,-1,-1,-1
485,1,0.00,0.00,0.00,0.00,1.0,-1,-1,-1
485,2,1896.00,441.00,24.00,27.00,1.0,-1,-1,-1
485,3,0.00,0.00,0.00,0.00,1.0,-1,-1,-1
485,4,0.00,0.00,0.00,0.00,1.0,-1,-1,-1
485,5,0.00,0.00,0.00,0.00,1.0,-1,-1,-1
485,6,0.00,0.00,0.00,0.00,1.0,-1,-1,-1
485,7,0.00,0.00,0.00,0.00,1.0,-1,-1,-1
485,8,0.00,0.00,0.00,0.00,1.0,-1,-1,-1
485,9,1804.00,425.00,61.00,205.00,1.0,-1,-1,-1
485,10,0.00,0.00,0.00,0.00,1.0,-1,-1,-1
485,11,1803.00,425.00,63.00,206.00,1.0,-1,-1,-1
485,12,1852.00,439.00,68.00,193.00,1.0,-1,-1,-1
485,13,123.00,531.00,65.00,211.00,1.0,-1,-1,-1
485,14,0.00,0.00,0.00,0.00,1.0,-1,-1,-1
485,15,1427.00,390.00,91.00,307.00,1.0,-1,-1,-1
485,16,451.00,316.00,191.00,527.00,1.0,-1,-1,-1
485,17,1590.00,416.00,117.00,250.00,1.0,-1,-1,-1
485,18,1577.00,452.00,33.00,190.00,1.0,-1,-1,-1
485,19,1217.00,461.00,56.00,182.00,1.0,-1,-1,-1
486,0,0.00,0.00,0.00,0.00,1.0,-1,-1,-1
486,1,0.00,0.00,0.00,0.00,1.0,-1,-1,-1
486,2,1898.00,441.00,22.00,27.00,1.0,-1,-1,-1
486,3,0.00,0.00,0.00,0.00,1.0,-1,-1,-1
486,4,0.00,0.00,0.00,0.00,1.0,-1,-1,-1
486,5,0.00,0.00,0.00,0.00,1.0,-1,-1,-1
486,6,0.00,0.00,0.00,0.00,1.0,-1,-1,-1
486,7,0.00,0.00,0.00,0.00,1.0,-1,-1,-1
486,8,0.00,0.00,0.00,0.00,1.0,-1,-1,-1
486,9,1803.00,425.00,64.00,205.00,1.0,-1,-1,-1
486,10,0.00,0.00,0.00,0.00,1.0,-1,-1,-1
486,11,1805.00,425.00,63.00,205.00,1.0,-1,-1,-1
486,12,1854.00,438.00,66.00,194.00,1.0,-1,-1,-1
486,13,123.00,541.00,65.00,201.00,1.0,-1,-1,-1
486,14,0.00,0.00,0.00,0.00,1.0,-1,-1,-1
486,15,1432.00,390.00,95.00,307.00,1.0,-1,-1,-1
486,16,466.00,316.00,184.00,523.00,1.0,-1,-1,-1
486,17,1591.00,416.00,101.00,248.00,1.0,-1,-1,-1
486,18,1573.00,450.00,39.00,194.00,1.0,-1,-1,-1
486,19,1216.00,461.00,70.00,182.00,1.0,-1,-1,-1
487,0,0.00,0.00,0.00,0.00,1.0,-1,-1,-1
487,1,0.00,0.00,0.00,0.00,1.0,-1,-1,-1
487,2,1898.00,441.00,22.00,27.00,1.0,-1,-1,-1
487,3,0.00,0.00,0.00,0.00,1.0,-1,-1,-1
487,4,0.00,0.00,0.00,0.00,1.0,-1,-1,-1
487,5,0.00,0.00,0.00,0.00,1.0,-1,-1,-1
487,6,1501.00,415.00,419.00,254.00,1.0,-1,-1,-1
487,7,0.00,0.00,0.00,0.00,1.0,-1,-1,-1
487,8,0.00,0.00,0.00,0.00,1.0,-1,-1,-1
487,9,1805.00,425.00,63.00,204.00,1.0,-1,-1,-1
487,10,0.00,0.00,0.00,0.00,1.0,-1,-1,-1
487,11,1805.00,425.00,63.00,204.00,1.0,-1,-1,-1
487,12,1855.00,437.00,65.00,193.00,1.0,-1,-1,-1
487,13,132.00,573.00,56.00,167.00,1.0,-1,-1,-1
487,14,0.00,0.00,0.00,0.00,1.0,-1,-1,-1
487,15,1439.00,390.00,88.00,307.00,1.0,-1,-1,-1
487,16,480.00,315.00,174.00,525.00,1.0,-1,-1,-1
487,17,1587.00,415.00,92.00,249.00,1.0,-1,-1,-1
487,18,1569.00,453.00,41.00,190.00,1.0,-1,-1,-1
487,19,1220.00,462.00,77.00,181.00,1.0,-1,-1,-1
488,0,0.00,0.00,0.00,0.00,1.0,-1,-1,-1
488,1,0.00,0.00,0.00,0.00,1.0,-1,-1,-1
488,2,1884.00,440.00,36.00,27.00,1.0,-1,-1,-1
488,3,0.00,0.00,0.00,0.00,1.0,-1,-1,-1
488,4,0.00,0.00,0.00,0.00,1.0,-1,-1,-1
488,5,0.00,0.00,0.00,0.00,1.0,-1,-1,-1
488,6,1508.00,414.00,363.00,255.00,1.0,-1,-1,-1
488,7,0.00,0.00,0.00,0.00,1.0,-1,-1,-1
488,8,0.00,0.00,0.00,0.00,1.0,-1,-1,-1
488,9,1807.00,424.00,63.00,202.00,1.0,-1,-1,-1
488,10,0.00,0.00,0.00,0.00,1.0,-1,-1,-1
488,11,1807.00,424.00,63.00,202.00,1.0,-1,-1,-1
488,12,1857.00,438.00,63.00,189.00,1.0,-1,-1,-1
488,13,0.00,0.00,0.00,0.00,1.0,-1,-1,-1
488,14,0.00,0.00,0.00,0.00,1.0,-1,-1,-1
488,15,1445.00,392.00,82.00,305.00,1.0,-1,-1,-1
488,16,490.00,315.00,172.00,524.00,1.0,-1,-1,-1
488,17,1579.00,414.00,79.00,250.00,1.0,-1,-1,-1
488,18,1561.00,453.00,49.00,189.00,1.0,-1,-1,-1
488,19,1224.00,461.00,89.00,182.00,1.0,-1,-1,-1
489,0,0.00,0.00,0.00,0.00,1.0,-1,-1,-1
489,1,0.00,0.00,0.00,0.00,1.0,-1,-1,-1
489,2,0.00,0.00,0.00,0.00,1.0,-1,-1,-1
489,3,0.00,0.00,0.00,0.00,1.0,-1,-1,-1
489,4,0.00,0.00,0.00,0.00,1.0,-1,-1,-1
489,5,0.00,0.00,0.00,0.00,1.0,-1,-1,-1
489,6,1555.00,414.00,316.00,254.00,1.0,-1,-1,-1
489,7,0.00,0.00,0.00,0.00,1.0,-1,-1,-1
489,8,0.00,0.00,0.00,0.00,1.0,-1,-1,-1
489,9,1809.00,424.00,62.00,201.00,1.0,-1,-1,-1
489,10,0.00,0.00,0.00,0.00,1.0,-1,-1,-1
489,11,1809.00,424.00,62.00,201.00,1.0,-1,-1,-1
489,12,1857.00,437.00,63.00,191.00,1.0,-1,-1,-1
489,13,0.00,0.00,0.00,0.00,1.0,-1,-1,-1
489,14,0.00,0.00,0.00,0.00,1.0,-1,-1,-1
489,15,1448.00,393.00,86.00,303.00,1.0,-1,-1,-1
489,16,495.00,315.00,173.00,524.00,1.0,-1,-1,-1
489,17,1574.00,414.00,70.00,251.00,1.0,-1,-1,-1
489,18,0.00,0.00,0.00,0.00,1.0,-1,-1,-1
489,19,1226.00,461.00,89.00,181.00,1.0,-1,-1,-1
490,0,0.00,0.00,0.00,0.00,1.0,-1,-1,-1
490,1,0.00,0.00,0.00,0.00,1.0,-1,-1,-1
490,2,0.00,0.00,0.00,0.00,1.0,-1,-1,-1
490,3,0.00,0.00,0.00,0.00,1.0,-1,-1,-1
490,4,0.00,0.00,0.00,0.00,1.0,-1,-1,-1
490,5,0.00,0.00,0.00,0.00,1.0,-1,-1,-1
490,6,1562.00,415.00,312.00,250.00,1.0,-1,-1,-1
490,7,0.00,0.00,0.00,0.00,1.0,-1,-1,-1
490,8,0.00,0.00,0.00,0.00,1.0,-1,-1,-1
490,9,1810.00,423.00,62.00,202.00,1.0,-1,-1,-1
490,10,0.00,0.00,0.00,0.00,1.0,-1,-1,-1
490,11,1811.00,423.00,61.00,202.00,1.0,-1,-1,-1
490,12,1860.00,435.00,60.00,192.00,1.0,-1,-1,-1
490,13,0.00,0.00,0.00,0.00,1.0,-1,-1,-1
490,14,0.00,0.00,0.00,0.00,1.0,-1,-1,-1
490,15,1452.00,395.00,97.00,301.00,1.0,-1,-1,-1
490,16,506.00,317.00,172.00,522.00,1.0,-1,-1,-1
490,17,1565.00,415.00,68.00,249.00,1.0,-1,-1,-1
490,18,1617.00,502.00,31.00,138.00,1.0,-1,-1,-1
490,19,1231.00,461.00,88.00,181.00,1.0,-1,-1,-1
491,0,0.00,0.00,0.00,0.00,1.0,-1,-1,-1
491,1,0.00,0.00,0.00,0.00,1.0,-1,-1,-1
491,2,0.00,0.00,0.00,0.00,1.0,-1,-1,-1
491,3,0.00,0.00,0.00,0.00,1.0,-1,-1,-1
491,4,0.00,0.00,0.00,0.00,1.0,-1,-1,-1
491,5,0.00,0.00,0.00,0.00,1.0,-1,-1,-1
491,6,1558.00,415.00,316.00,250.00,1.0,-1,-1,-1
491,7,0.00,0.00,0.00,0.00,1.0,-1,-1,-1
491,8,0.00,0.00,0.00,0.00,1.0,-1,-1,-1
491,9,1813.00,423.00,60.00,202.00,1.0,-1,-1,-1
491,10,0.00,0.00,0.00,0.00,1.0,-1,-1,-1
491,11,1814.00,423.00,59.00,202.00,1.0,-1,-1,-1
491,12,1864.00,435.00,56.00,193.00,1.0,-1,-1,-1
491,13,0.00,0.00,0.00,0.00,1.0,-1,-1,-1
491,14,0.00,0.00,0.00,0.00,1.0,-1,-1,-1
491,15,1453.00,397.00,102.00,299.00,1.0,-1,-1,-1
491,16,512.00,319.00,172.00,520.00,1.0,-1,-1,-1
491,17,1557.00,416.00,75.00,248.00,1.0,-1,-1,-1
491,18,1589.00,465.00,61.00,177.00,1.0,-1,-1,-1
491,19,1234.00,459.00,86.00,183.00,1.0,-1,-1,-1
492,0,0.00,0.00,0.00,0.00,1.0,-1,-1,-1
492,1,0.00,0.00,0.00,0.00,1.0,-1,-1,-1
492,2,0.00,0.00,0.00,0.00,1.0,-1,-1,-1
492,3,0.00,0.00,0.00,0.00,1.0,-1,-1,-1
492,4,0.00,0.00,0.00,0.00,1.0,-1,-1,-1
492,5,0.00,0.00,0.00,0.00,1.0,-1,-1,-1
492,6,1552.00,416.00,325.00,250.00,1.0,-1,-1,-1
492,7,0.00,0.00,0.00,0.00,1.0,-1,-1,-1
492,8,0.00,0.00,0.00,0.00,1.0,-1,-1,-1
492,9,1815.00,423.00,64.00,202.00,1.0,-1,-1,-1
492,10,0.00,0.00,0.00,0.00,1.0,-1,-1,-1
492,11,1815.00,423.00,65.00,202.00,1.0,-1,-1,-1
492,12,1863.00,434.00,57.00,194.00,1.0,-1,-1,-1
492,13,120.00,548.00,33.00,194.00,1.0,-1,-1,-1
492,14,0.00,0.00,0.00,0.00,1.0,-1,-1,-1
492,15,1458.00,398.00,103.00,297.00,1.0,-1,-1,-1
492,16,520.00,320.00,171.00,519.00,1.0,-1,-1,-1
492,17,1551.00,417.00,81.00,248.00,1.0,-1,-1,-1
492,18,1582.00,454.00,68.00,188.00,1.0,-1,-1,-1
492,19,1239.00,460.00,81.00,180.00,1.0,-1,-1,-1
493,0,0.00,0.00,0.00,0.00,1.0,-1,-1,-1
493,1,0.00,0.00,0.00,0.00,1.0,-1,-1,-1
493,2,0.00,0.00,0.00,0.00,1.0,-1,-1,-1
493,3,0.00,0.00,0.00,0.00,1.0,-1,-1,-1
493,4,0.00,0.00,0.00,0.00,1.0,-1,-1,-1
493,5,0.00,0.00,0.00,0.00,1.0,-1,-1,-1
493,6,1457.00,474.00,41.00,192.00,1.0,-1,-1,-1
493,7,0.00,0.00,0.00,0.00,1.0,-1,-1,-1
493,8,0.00,0.00,0.00,0.00,1.0,-1,-1,-1
493,9,1817.00,424.00,67.00,202.00,1.0,-1,-1,-1
493,10,0.00,0.00,0.00,0.00,1.0,-1,-1,-1
493,11,1817.00,423.00,67.00,203.00,1.0,-1,-1,-1
493,12,1866.00,436.00,54.00,192.00,1.0,-1,-1,-1
493,13,123.00,527.00,43.00,214.00,1.0,-1,-1,-1
493,14,0.00,0.00,0.00,0.00,1.0,-1,-1,-1
493,15,1467.00,399.00,101.00,296.00,1.0,-1,-1,-1
493,16,530.00,322.00,167.00,517.00,1.0,-1,-1,-1
493,17,1541.00,419.00,91.00,246.00,1.0,-1,-1,-1
493,18,1586.00,452.00,63.00,190.00,1.0,-1,-1,-1
493,19,1247.00,458.00,73.00,182.00,1.0,-1,-1,-1
494,0,0.00,0.00,0.00,0.00,1.0,-1,-1,-1
494,1,0.00,0.00,0.00,0.00,1.0,-1,-1,-1
494,2,0.00,0.00,0.00,0.00,1.0,-1,-1,-1
494,3,0.00,0.00,0.00,0.00,1.0,-1,-1,-1
494,4,0.00,0.00,0.00,0.00,1.0,-1,-1,-1
494,5,0.00,0.00,0.00,0.00,1.0,-1,-1,-1
494,6,1443.00,447.00,54.00,220.00,1.0,-1,-1,-1
494,7,0.00,0.00,0.00,0.00,1.0,-1,-1,-1
494,8,0.00,0.00,0.00,0.00,1.0,-1,-1,-1
494,9,1818.00,425.00,70.00,201.00,1.0,-1,-1,-1
494,10,0.00,0.00,0.00,0.00,1.0,-1,-1,-1
494,11,1818.00,424.00,70.00,202.00,1.0,-1,-1,-1
494,12,1866.00,436.00,54.00,192.00,1.0,-1,-1,-1
494,13,123.00,532.00,56.00,210.00,1.0,-1,-1,-1
494,14,0.00,0.00,0.00,0.00,1.0,-1,-1,-1
494,15,1471.00,400.00,98.00,295.00,1.0,-1,-1,-1
494,16,536.00,325.00,174.00,514.00,1.0,-1,-1,-1
494,17,1535.00,422.00,97.00,243.00,1.0,-1,-1,-1
494,18,1593.00,452.00,57.00,188.00,1.0,-1,-1,-1
494,19,1259.00,457.00,65.00,183.00,1.0,-1,-1,-1
495,0,0.00,0.00,0.00,0.00,1.0,-1,-1,-1
495,1,0.00,0.00,0.00,0.00,1.0,-1,-1,-1
495,2,0.00,0.00,0.00,0.00,1.0,-1,-1,-1
495,3,0.00,0.00,0.00,0.00,1.0,-1,-1,-1
495,4,0.00,0.00,0.00,0.00,1.0,-1,-1,-1
495,5,0.00,0.00,0.00,0.00,1.0,-1,-1,-1
495,6,1456.00,445.00,42.00,222.00,1.0,-1,-1,-1
495,7,0.00,0.00,0.00,0.00,1.0,-1,-1,-1
495,8,0.00,0.00,0.00,0.00,1.0,-1,-1,-1
495,9,1819.00,426.00,69.00,200.00,1.0,-1,-1,-1
495,10,0.00,0.00,0.00,0.00,1.0,-1,-1,-1
495,11,1819.00,426.00,70.00,200.00,1.0,-1,-1,-1
495,12,1868.00,437.00,52.00,191.00,1.0,-1,-1,-1
495,13,123.00,531.00,64.00,211.00,1.0,-1,-1,-1
495,14,0.00,0.00,0.00,0.00,1.0,-1,-1,-1
495,15,1478.00,399.00,91.00,294.00,1.0,-1,-1,-1
495,16,546.00,329.00,182.00,510.00,1.0,-1,-1,-1
495,17,1530.00,423.00,102.00,242.00,1.0,-1,-1,-1
495,18,1598.00,449.00,53.00,191.00,1.0,-1,-1,-1
495,19,1274.00,457.00,58.00,183.00,1.0,-1,-1,-1
496,0,0.00,0.00,0.00,0.00,1.0,-1,-1,-1
496,1,0.00,0.00,0.00,0.00,1.0,-1,-1,-1
496,2,0.00,0.00,0.00,0.00,1.0,-1,-1,-1
496,3,0.00,0.00,0.00,0.00,1.0,-1,-1,-1
496,4,0.00,0.00,0.00,0.00,1.0,-1,-1,-1
496,5,0.00,0.00,0.00,0.00,1.0,-1,-1,-1
496,6,1450.00,455.00,52.00,212.00,1.0,-1,-1,-1
496,7,0.00,0.00,0.00,0.00,1.0,-1,-1,-1
496,8,0.00,0.00,0.00,0.00,1.0,-1,-1,-1
496,9,1822.00,427.00,64.00,199.00,1.0,-1,-1,-1
496,10,0.00,0.00,0.00,0.00,1.0,-1,-1,-1
496,11,1821.00,426.00,67.00,200.00,1.0,-1,-1,-1
496,12,1868.00,438.00,52.00,190.00,1.0,-1,-1,-1
496,13,124.00,532.00,64.00,210.00,1.0,-1,-1,-1
496,14,0.00,0.00,0.00,0.00,1.0,-1,-1,-1
496,15,1484.00,398.00,86.00,289.00,1.0,-1,-1,-1
496,16,553.00,332.00,183.00,506.00,1.0,-1,-1,-1
496,17,1534.00,426.00,97.00,239.00,1.0,-1,-1,-1
496,18,1598.00,448.00,53.00,192.00,1.0,-1,-1,-1
496,19,1278.00,456.00,58.00,185.00,1.0,-1,-1,-1
497,0,0.00,0.00,0.00,0.00,1.0,-1,-1,-1
497,1,0.00,0.00,0.00,0.00,1.0,-1,-1,-1
497,2,0.00,0.00,0.00,0.00,1.0,-1,-1,-1
497,3,0.00,0.00,0.00,0.00,1.0,-1,-1,-1
497,4,0.00,0.00,0.00,0.00,1.0,-1,-1,-1
497,5,0.00,0.00,0.00,0.00,1.0,-1,-1,-1
497,6,1443.00,432.00,78.00,235.00,1.0,-1,-1,-1
497,7,0.00,0.00,0.00,0.00,1.0,-1,-1,-1
497,8,0.00,0.00,0.00,0.00,1.0,-1,-1,-1
497,9,1823.00,428.00,66.00,198.00,1.0,-1,-1,-1
497,10,0.00,0.00,0.00,0.00,1.0,-1,-1,-1
497,11,1823.00,427.00,66.00,199.00,1.0,-1,-1,-1
497,12,1869.00,438.00,51.00,190.00,1.0,-1,-1,-1
497,13,124.00,533.00,64.00,209.00,1.0,-1,-1,-1
497,14,0.00,0.00,0.00,0.00,1.0,-1,-1,-1
497,15,1488.00,397.00,84.00,290.00,1.0,-1,-1,-1
497,16,560.00,335.00,180.00,501.00,1.0,-1,-1,-1
497,17,1563.00,544.00,65.00,121.00,1.0,-1,-1,-1
497,18,1600.00,448.00,54.00,193.00,1.0,-1,-1,-1
497,19,1287.00,456.00,54.00,185.00,1.0,-1,-1,-1
498,0,0.00,0.00,0.00,0.00,1.0,-1,-1,-1
498,1,0.00,0.00,0.00,0.00,1.0,-1,-1,-1
498,2,0.00,0.00,0.00,0.00,1.0,-1,-1,-1
498,3,0.00,0.00,0.00,0.00,1.0,-1,-1,-1
498,4,0.00,0.00,0.00,0.00,1.0,-1,-1,-1
498,5,0.00,0.00,0.00,0.00,1.0,-1,-1,-1
498,6,1435.00,432.00,92.00,235.00,1.0,-1,-1,-1
498,7,0.00,0.00,0.00,0.00,1.0,-1,-1,-1
498,8,0.00,0.00,0.00,0.00,1.0,-1,-1,-1
498,9,1823.00,428.00,64.00,198.00,1.0,-1,-1,-1
498,10,0.00,0.00,0.00,0.00,1.0,-1,-1,-1
498,11,1824.00,428.00,63.00,198.00,1.0,-1,-1,-1
498,12,1871.00,439.00,49.00,189.00,1.0,-1,-1,-1
498,13,124.00,533.00,63.00,209.00,1.0,-1,-1,-1
498,14,0.00,0.00,0.00,0.00,1.0,-1,-1,-1
498,15,1493.00,395.00,87.00,292.00,1.0,-1,-1,-1
498,16,570.00,336.00,177.00,499.00,1.0,-1,-1,-1
498,17,1493.00,477.00,37.00,186.00,1.0,-1,-1,-1
498,18,1602.00,448.00,57.00,192.00,1.0,-1,-1,-1
498,19,1295.00,456.00,52.00,185.00,1.0,-1,-1,-1
499,0,0.00,0.00,0.00,0.00,1.0,-1,-1,-1
499,1,0.00,0.00,0.00,0.00,1.0,-1,-1,-1
499,2,0.00,0.00,0.00,0.00,1.0,-1,-1,-1
499,3,0.00,0.00,0.00,0.00,1.0,-1,-1,-1
499,4,0.00,0.00,0.00,0.00,1.0,-1,-1,-1
499,5,0.00,0.00,0.00,0.00,1.0,-1,-1,-1
499,6,1427.00,432.00,92.00,236.00,1.0,-1,-1,-1
499,7,0.00,0.00,0.00,0.00,1.0,-1,-1,-1
499,8,0.00,0.00,0.00,0.00,1.0,-1,-1,-1
499,9,1825.00,429.00,61.00,197.00,1.0,-1,-1,-1
499,10,0.00,0.00,0.00,0.00,1.0,-1,-1,-1
499,11,1825.00,428.00,61.00,198.00,1.0,-1,-1,-1
499,12,1874.00,439.00,46.00,188.00,1.0,-1,-1,-1
499,13,124.00,533.00,63.00,209.00,1.0,-1,-1,-1
499,14,0.00,0.00,0.00,0.00,1.0,-1,-1,-1
499,15,1497.00,395.00,89.00,292.00,1.0,-1,-1,-1
499,16,575.00,335.00,174.00,499.00,1.0,-1,-1,-1
499,17,1488.00,456.00,41.00,207.00,1.0,-1,-1,-1
499,18,1603.00,448.00,58.00,192.00,1.0,-1,-1,-1
499,19,1295.00,457.00,63.00,184.00,1.0,-1,-1,-1
500,0,0.00,0.00,0.00,0.00,1.0,-1,-1,-1
500,1,0.00,0.00,0.00,0.00,1.0,-1,-1,-1
500,2,0.00,0.00,0.00,0.00,1.0,-1,-1,-1
500,3,0.00,0.00,0.00,0.00,1.0,-1,-1,-1
500,4,0.00,0.00,0.00,0.00,1.0,-1,-1,-1
500,5,0.00,0.00,0.00,0.00,1.0,-1,-1,-1
500,6,1412.00,436.00,95.00,232.00,1.0,-1,-1,-1
500,7,0.00,0.00,0.00,0.00,1.0,-1,-1,-1
500,8,0.00,0.00,0.00,0.00,1.0,-1,-1,-1
500,9,1825.00,428.00,62.00,197.00,1.0,-1,-1,-1
500,10,0.00,0.00,0.00,0.00,1.0,-1,-1,-1
500,11,1825.00,428.00,62.00,198.00,1.0,-1,-1,-1
500,12,1875.00,440.00,45.00,184.00,1.0,-1,-1,-1
500,13,124.00,534.00,62.00,208.00,1.0,-1,-1,-1
500,14,0.00,0.00,0.00,0.00,1.0,-1,-1,-1
500,15,1496.00,396.00,100.00,292.00,1.0,-1,-1,-1
500,16,590.00,335.00,161.00,495.00,1.0,-1,-1,-1
500,17,1487.00,427.00,41.00,237.00,1.0,-1,-1,-1
500,18,1605.00,447.00,67.00,194.00,1.0,-1,-1,-1
500,19,1296.00,457.00,80.00,184.00,1.0,-1,-1,-1
501,0,0.00,0.00,0.00,0.00,1.0,-1,-1,-1
501,1,0.00,0.00,0.00,0.00,1.0,-1,-1,-1
501,2,0.00,0.00,0.00,0.00,1.0,-1,-1,-1
501,3,0.00,0.00,0.00,0.00,1.0,-1,-1,-1
501,4,0.00,0.00,0.00,0.00,1.0,-1,-1,-1
501,5,0.00,0.00,0.00,0.00,1.0,-1,-1,-1
501,6,1401.00,438.00,89.00,230.00,1.0,-1,-1,-1
501,7,0.00,0.00,0.00,0.00,1.0,-1,-1,-1
501,8,0.00,0.00,0.00,0.00,1.0,-1,-1,-1
501,9,1826.00,428.00,61.00,197.00,1.0,-1,-1,-1
501,10,0.00,0.00,0.00,0.00,1.0,-1,-1,-1
501,11,1826.00,427.00,61.00,197.00,1.0,-1,-1,-1
501,12,1876.00,439.00,44.00,185.00,1.0,-1,-1,-1
501,13,123.00,533.00,64.00,209.00,1.0,-1,-1,-1
501,14,0.00,0.00,0.00,0.00,1.0,-1,-1,-1
501,15,1508.00,396.00,101.00,291.00,1.0,-1,-1,-1
501,16,599.00,335.00,159.00,492.00,1.0,-1,-1,-1
501,17,1483.00,422.00,48.00,241.00,1.0,-1,-1,-1
501,18,1608.00,444.00,71.00,197.00,1.0,-1,-1,-1
501,19,1297.00,457.00,84.00,184.00,1.0,-1,-1,-1
502,0,0.00,0.00,0.00,0.00,1.0,-1,-1,-1
502,1,0.00,0.00,0.00,0.00,1.0,-1,-1,-1
502,2,0.00,0.00,0.00,0.00,1.0,-1,-1,-1
502,3,0.00,0.00,0.00,0.00,1.0,-1,-1,-1
502,4,0.00,0.00,0.00,0.00,1.0,-1,-1,-1
502,5,0.00,0.00,0.00,0.00,1.0,-1,-1,-1
502,6,1396.00,438.00,93.00,230.00,1.0,-1,-1,-1
502,7,0.00,0.00,0.00,0.00,1.0,-1,-1,-1
502,8,0.00,0.00,0.00,0.00,1.0,-1,-1,-1
502,9,1826.00,427.00,62.00,196.00,1.0,-1,-1,-1
502,10,0.00,0.00,0.00,0.00,1.0,-1,-1,-1
502,11,1826.00,427.00,61.00,196.00,1.0,-1,-1,-1
502,12,1878.00,438.00,42.00,186.00,1.0,-1,-1,-1
502,13,123.00,534.00,64.00,208.00,1.0,-1,-1,-1
502,14,0.00,0.00,0.00,0.00,1.0,-1,-1,-1
502,15,1515.00,398.00,108.00,289.00,1.0,-1,-1,-1
502,16,606.00,335.00,162.00,485.00,1.0,-1,-1,-1
502,17,1479.00,423.00,49.00,239.00,1.0,-1,-1,-1
502,18,1610.00,444.00,77.00,197.00,1.0,-1,-1,-1
502,19,1297.00,458.00,88.00,183.00,1.0,-1,-1,-1
503,0,0.00,0.00,0.00,0.00,1.0,-1,-1,-1
503,1,0.00,0.00,0.00,0.00,1.0,-1,-1,-1
503,2,0.00,0.00,0.00,0.00,1.0,-1,-1,-1
503,3,0.00,0.00,0.00,0.00,1.0,-1,-1,-1
503,4,0.00,0.00,0.00,0.00,1.0,-1,-1,-1
503,5,0.00,0.00,0.00,0.00,1.0,-1,-1,-1
503,6,1393.00,442.00,95.00,226.00,1.0,-1,-1,-1
503,7,0.00,0.00,0.00,0.00,1.0,-1,-1,-1
503,8,0.00,0.00,0.00,0.00,1.0,-1,-1,-1
503,9,1826.00,427.00,64.00,196.00,1.0,-1,-1,-1
503,10,0.00,0.00,0.00,0.00,1.0,-1,-1,-1
503,11,1827.00,427.00,62.00,196.00,1.0,-1,-1,-1
503,12,1877.00,437.00,43.00,187.00,1.0,-1,-1,-1
503,13,123.00,534.00,64.00,208.00,1.0,-1,-1,-1
503,14,0.00,0.00,0.00,0.00,1.0,-1,-1,-1
503,15,1518.00,400.00,118.00,287.00,1.0,-1,-1,-1
503,16,614.00,335.00,159.00,477.00,1.0,-1,-1,-1
503,17,1467.00,423.00,62.00,240.00,1.0,-1,-1,-1
503,18,1614.00,444.00,78.00,197.00,1.0,-1,-1,-1
503,19,1300.00,458.00,88.00,185.00,1.0,-1,-1,-1
504,0,0.00,0.00,0.00,0.00,1.0,-1,-1,-1
504,1,0.00,0.00,0.00,0.00,1.0,-1,-1,-1
504,2,0.00,0.00,0.00,0.00,1.0,-1,-1,-1
504,3,0.00,0.00,0.00,0.00,1.0,-1,-1,-1
504,4,0.00,0.00,0.00,0.00,1.0,-1,-1,-1
504,5,0.00,0.00,0.00,0.00,1.0,-1,-1,-1
504,6,1390.00,443.00,94.00,226.00,1.0,-1,-1,-1
504,7,0.00,0.00,0.00,0.00,1.0,-1,-1,-1
504,8,0.00,0.00,0.00,0.00,1.0,-1,-1,-1
504,9,1827.00,426.00,64.00,197.00,1.0,-1,-1,-1
504,10,0.00,0.00,0.00,0.00,1.0,-1,-1,-1
504,11,1828.00,426.00,62.00,197.00,1.0,-1,-1,-1
504,12,1878.00,437.00,42.00,187.00,1.0,-1,-1,-1
504,13,124.00,535.00,63.00,207.00,1.0,-1,-1,-1
504,14,0.00,0.00,0.00,0.00,1.0,-1,-1,-1
504,15,1524.00,401.00,117.00,285.00,1.0,-1,-1,-1
504,16,618.00,334.00,158.00,478.00,1.0,-1,-1,-1
504,17,1462.00,424.00,66.00,240.00,1.0,-1,-1,-1
504,18,1617.00,445.00,75.00,196.00,1.0,-1,-1,-1
504,19,1304.00,458.00,87.00,186.00,1.0,-1,-1,-1
505,0,0.00,0.00,0.00,0.00,1.0,-1,-1,-1
505,1,0.00,0.00,0.00,0.00,1.0,-1,-1,-1
505,2,0.00,0.00,0.00,0.00,1.0,-1,-1,-1
505,3,0.00,0.00,0.00,0.00,1.0,-1,-1,-1
505,4,0.00,0.00,0.00,0.00,1.0,-1,-1,-1
505,5,0.00,0.00,0.00,0.00,1.0,-1,-1,-1
505,6,1388.00,440.00,93.00,227.00,1.0,-1,-1,-1
505,7,0.00,0.00,0.00,0.00,1.0,-1,-1,-1
505,8,0.00,0.00,0.00,0.00,1.0,-1,-1,-1
505,9,1826.00,426.00,67.00,197.00,1.0,-1,-1,-1
505,10,0.00,0.00,0.00,0.00,1.0,-1,-1,-1
505,11,1828.00,426.00,64.00,197.00,1.0,-1,-1,-1
505,12,1878.00,438.00,42.00,185.00,1.0,-1,-1,-1
505,13,123.00,533.00,64.00,209.00,1.0,-1,-1,-1
505,14,0.00,0.00,0.00,0.00,1.0,-1,-1,-1
505,15,1531.00,403.00,109.00,283.00,1.0,-1,-1,-1
505,16,625.00,333.00,155.00,479.00,1.0,-1,-1,-1
505,17,1446.00,428.00,81.00,237.00,1.0,-1,-1,-1
505,18,1619.00,443.00,73.00,198.00,1.0,-1,-1,-1
505,19,1313.00,457.00,77.00,187.00,1.0,-1,-1,-1
506,0,0.00,0.00,0.00,0.00,1.0,-1,-1,-1
506,1,0.00,0.00,0.00,0.00,1.0,-1,-1,-1
506,2,0.00,0.00,0.00,0.00,1.0,-1,-1,-1
506,3,0.00,0.00,0.00,0.00,1.0,-1,-1,-1
506,4,0.00,0.00,0.00,0.00,1.0,-1,-1,-1
506,5,0.00,0.00,0.00,0.00,1.0,-1,-1,-1
506,6,1387.00,439.00,81.00,227.00,1.0,-1,-1,-1
506,7,0.00,0.00,0.00,0.00,1.0,-1,-1,-1
506,8,0.00,0.00,0.00,0.00,1.0,-1,-1,-1
506,9,1827.00,426.00,66.00,197.00,1.0,-1,-1,-1
506,10,0.00,0.00,0.00,0.00,1.0,-1,-1,-1
506,11,1828.00,426.00,65.00,197.00,1.0,-1,-1,-1
506,12,1879.00,439.00,41.00,222.00,1.0,-1,-1,-1
506,13,122.00,532.00,66.00,210.00,1.0,-1,-1,-1
506,14,0.00,0.00,0.00,0.00,1.0,-1,-1,-1
506,15,1534.00,404.00,104.00,281.00,1.0,-1,-1,-1
506,16,631.00,333.00,154.00,479.00,1.0,-1,-1,-1
506,17,1442.00,429.00,84.00,236.00,1.0,-1,-1,-1
506,18,1622.00,444.00,71.00,196.00,1.0,-1,-1,-1
506,19,1320.00,457.00,70.00,187.00,1.0,-1,-1,-1
507,0,0.00,0.00,0.00,0.00,1.0,-1,-1,-1
507,1,0.00,0.00,0.00,0.00,1.0,-1,-1,-1
507,2,0.00,0.00,0.00,0.00,1.0,-1,-1,-1
507,3,0.00,0.00,0.00,0.00,1.0,-1,-1,-1
507,4,0.00,0.00,0.00,0.00,1.0,-1,-1,-1
507,5,0.00,0.00,0.00,0.00,1.0,-1,-1,-1
507,6,1383.00,439.00,73.00,225.00,1.0,-1,-1,-1
507,7,0.00,0.00,0.00,0.00,1.0,-1,-1,-1
507,8,0.00,0.00,0.00,0.00,1.0,-1,-1,-1
507,9,1828.00,427.00,67.00,196.00,1.0,-1,-1,-1
507,10,0.00,0.00,0.00,0.00,1.0,-1,-1,-1
507,11,1829.00,427.00,66.00,196.00,1.0,-1,-1,-1
507,12,1882.00,440.00,38.00,222.00,1.0,-1,-1,-1
507,13,123.00,535.00,64.00,207.00,1.0,-1,-1,-1
507,14,0.00,0.00,0.00,0.00,1.0,-1,-1,-1
507,15,1540.00,405.00,99.00,279.00,1.0,-1,-1,-1
507,16,638.00,335.00,152.00,477.00,1.0,-1,-1,-1
507,17,1439.00,430.00,87.00,235.00,1.0,-1,-1,-1
507,18,1623.00,448.00,70.00,192.00,1.0,-1,-1,-1
507,19,1330.00,457.00,59.00,187.00,1.0,-1,-1,-1
508,0,0.00,0.00,0.00,0.00,1.0,-1,-1,-1
508,1,0.00,0.00,0.00,0.00,1.0,-1,-1,-1
508,2,0.00,0.00,0.00,0.00,1.0,-1,-1,-1
508,3,0.00,0.00,0.00,0.00,1.0,-1,-1,-1
508,4,0.00,0.00,0.00,0.00,1.0,-1,-1,-1
508,5,0.00,0.00,0.00,0.00,1.0,-1,-1,-1
508,6,1376.00,438.00,59.00,226.00,1.0,-1,-1,-1
508,7,0.00,0.00,0.00,0.00,1.0,-1,-1,-1
508,8,0.00,0.00,0.00,0.00,1.0,-1,-1,-1
508,9,1830.00,427.00,67.00,196.00,1.0,-1,-1,-1
508,10,0.00,0.00,0.00,0.00,1.0,-1,-1,-1
508,11,1832.00,427.00,64.00,196.00,1.0,-1,-1,-1
508,12,1884.00,441.00,36.00,227.00,1.0,-1,-1,-1
508,13,122.00,532.00,65.00,210.00,1.0,-1,-1,-1
508,14,0.00,0.00,0.00,0.00,1.0,-1,-1,-1
508,15,1547.00,405.00,92.00,277.00,1.0,-1,-1,-1
508,16,647.00,336.00,170.00,476.00,1.0,-1,-1,-1
508,17,1428.00,432.00,98.00,233.00,1.0,-1,-1,-1
508,18,1625.00,452.00,67.00,188.00,1.0,-1,-1,-1
508,19,1343.00,457.00,44.00,187.00,1.0,-1,-1,-1
508,20,1492.00,437.00,67.00,209.00,1.0,-1,-1,-1
509,0,0.00,0.00,0.00,0.00,1.0,-1,-1,-1
509,1,0.00,0.00,0.00,0.00,1.0,-1,-1,-1
509,2,0.00,0.00,0.00,0.00,1.0,-1,-1,-1
509,3,0.00,0.00,0.00,0.00,1.0,-1,-1,-1
509,4,0.00,0.00,0.00,0.00,1.0,-1,-1,-1
509,5,0.00,0.00,0.00,0.00,1.0,-1,-1,-1
509,6,1368.00,437.00,62.00,227.00,1.0,-1,-1,-1
509,7,0.00,0.00,0.00,0.00,1.0,-1,-1,-1
509,8,0.00,0.00,0.00,0.00,1.0,-1,-1,-1
509,9,1832.00,428.00,67.00,195.00,1.0,-1,-1,-1
509,10,0.00,0.00,0.00,0.00,1.0,-1,-1,-1
509,11,1834.00,428.00,66.00,195.00,1.0,-1,-1,-1
509,12,1887.00,443.00,33.00,228.00,1.0,-1,-1,-1
509,13,123.00,533.00,64.00,209.00,1.0,-1,-1,-1
509,14,0.00,0.00,0.00,0.00,1.0,-1,-1,-1
509,15,1550.00,404.00,89.00,274.00,1.0,-1,-1,-1
509,16,651.00,337.00,186.00,475.00,1.0,-1,-1,-1
509,17,1424.00,434.00,101.00,231.00,1.0,-1,-1,-1
509,18,1627.00,452.00,65.00,187.00,1.0,-1,-1,-1
509,19,1349.00,456.00,38.00,188.00,1.0,-1,-1,-1
509,20,1491.00,437.00,71.00,209.00,1.0,-1,-1,-1
510,0,0.00,0.00,0.00,0.00,1.0,-1,-1,-1
510,1,0.00,0.00,0.00,0.00,1.0,-1,-1,-1
510,2,0.00,0.00,0.00,0.00,1.0,-1,-1,-1
510,3,0.00,0.00,0.00,0.00,1.0,-1,-1,-1
510,4,0.00,0.00,0.00,0.00,1.0,-1,-1,-1
510,5,0.00,0.00,0.00,0.00,1.0,-1,-1,-1
510,6,1361.00,436.00,61.00,227.00,1.0,-1,-1,-1
510,7,0.00,0.00,0.00,0.00,1.0,-1,-1,-1
510,8,0.00,0.00,0.00,0.00,1.0,-1,-1,-1
510,9,1834.00,429.00,68.00,194.00,1.0,-1,-1,-1
510,10,0.00,0.00,0.00,0.00,1.0,-1,-1,-1
510,11,1835.00,429.00,66.00,194.00,1.0,-1,-1,-1
510,12,1890.00,440.00,30.00,232.00,1.0,-1,-1,-1
510,13,123.00,532.00,64.00,210.00,1.0,-1,-1,-1
510,14,0.00,0.00,0.00,0.00,1.0,-1,-1,-1
510,15,1555.00,402.00,84.00,275.00,1.0,-1,-1,-1
510,16,663.00,339.00,194.00,473.00,1.0,-1,-1,-1
510,17,1420.00,434.00,101.00,231.00,1.0,-1,-1,-1
510,18,1630.00,450.00,64.00,187.00,1.0,-1,-1,-1
510,19,1354.00,457.00,34.00,188.00,1.0,-1,-1,-1
510,20,1491.00,437.00,83.00,209.00,1.0,-1,-1,-1
511,0,0.00,0.00,0.00,0.00,1.0,-1,-1,-1
511,1,0.00,0.00,0.00,0.00,1.0,-1,-1,-1
511,2,0.00,0.00,0.00,0.00,1.0,-1,-1,-1
511,3,0.00,0.00,0.00,0.00,1.0,-1,-1,-1
511,4,0.00,0.00,0.00,0.00,1.0,-1,-1,-1
511,5,0.00,0.00,0.00,0.00,1.0,-1,-1,-1
511,6,1358.00,436.00,60.00,227.00,1.0,-1,-1,-1
511,7,0.00,0.00,0.00,0.00,1.0,-1,-1,-1
511,8,0.00,0.00,0.00,0.00,1.0,-1,-1,-1
511,9,1836.00,431.00,67.00,191.00,1.0,-1,-1,-1
511,10,0.00,0.00,0.00,0.00,1.0,-1,-1,-1
511,11,1836.00,431.00,68.00,191.00,1.0,-1,-1,-1
511,12,1892.00,438.00,28.00,235.00,1.0,-1,-1,-1
511,13,122.00,532.00,64.00,210.00,1.0,-1,-1,-1
511,14,0.00,0.00,0.00,0.00,1.0,-1,-1,-1
511,15,1560.00,402.00,79.00,275.00,1.0,-1,-1,-1
511,16,550.00,341.00,316.00,471.00,1.0,-1,-1,-1
511,17,1419.00,434.00,93.00,230.00,1.0,-1,-1,-1
511,18,1628.00,450.00,72.00,191.00,1.0,-1,-1,-1
511,19,1363.00,620.00,15.00,23.00,1.0,-1,-1,-1
511,20,1490.00,437.00,96.00,208.00,1.0,-1,-1,-1
512,0,0.00,0.00,0.00,0.00,1.0,-1,-1,-1
512,1,0.00,0.00,0.00,0.00,1.0,-1,-1,-1
512,2,0.00,0.00,0.00,0.00,1.0,-1,-1,-1
512,3,0.00,0.00,0.00,0.00,1.0,-1,-1,-1
512,4,0.00,0.00,0.00,0.00,1.0,-1,-1,-1
512,5,0.00,0.00,0.00,0.00,1.0,-1,-1,-1
512,6,1351.00,438.00,67.00,225.00,1.0,-1,-1,-1
512,7,0.00,0.00,0.00,0.00,1.0,-1,-1,-1
512,8,0.00,0.00,0.00,0.00,1.0,-1,-1,-1
512,9,1838.00,431.00,63.00,191.00,1.0,-1,-1,-1
512,10,0.00,0.00,0.00,0.00,1.0,-1,-1,-1
512,11,1838.00,431.00,64.00,191.00,1.0,-1,-1,-1
512,12,1897.00,434.00,23.00,236.00,1.0,-1,-1,-1
512,13,123.00,531.00,63.00,211.00,1.0,-1,-1,-1
512,14,0.00,0.00,0.00,0.00,1.0,-1,-1,-1
512,15,1561.00,401.00,79.00,276.00,1.0,-1,-1,-1
512,16,572.00,342.00,298.00,469.00,1.0,-1,-1,-1
512,17,1413.00,433.00,91.00,230.00,1.0,-1,-1,-1
512,18,1629.00,450.00,75.00,194.00,1.0,-1,-1,-1
512,19,1380.00,565.00,48.00,77.00,1.0,-1,-1,-1
512,20,1490.00,437.00,97.00,209.00,1.0,-1,-1,-1
513,0,0.00,0.00,0.00,0.00,1.0,-1,-1,-1
513,1,0.00,0.00,0.00,0.00,1.0,-1,-1,-1
513,2,0.00,0.00,0.00,0.00,1.0,-1,-1,-1
513,3,0.00,0.00,0.00,0.00,1.0,-1,-1,-1
513,4,0.00,0.00,0.00,0.00,1.0,-1,-1,-1
513,5,0.00,0.00,0.00,0.00,1.0,-1,-1,-1
513,6,1330.00,441.00,85.00,223.00,1.0,-1,-1,-1
513,7,0.00,0.00,0.00,0.00,1.0,-1,-1,-1
513,8,0.00,0.00,0.00,0.00,1.0,-1,-1,-1
513,9,1835.00,432.00,59.00,191.00,1.0,-1,-1,-1
513,10,0.00,0.00,0.00,0.00,1.0,-1,-1,-1
513,11,1833.00,432.00,61.00,191.00,1.0,-1,-1,-1
513,12,0.00,0.00,0.00,0.00,1.0,-1,-1,-1
513,13,124.00,532.00,63.00,210.00,1.0,-1,-1,-1
513,14,0.00,0.00,0.00,0.00,1.0,-1,-1,-1
513,15,1567.00,402.00,77.00,275.00,1.0,-1,-1,-1
513,16,706.00,346.00,164.00,463.00,1.0,-1,-1,-1
513,17,1410.00,433.00,80.00,228.00,1.0,-1,-1,-1
513,18,1629.00,449.00,76.00,193.00,1.0,-1,-1,-1
513,19,1365.00,464.00,64.00,179.00,1.0,-1,-1,-1
513,20,1489.00,438.00,91.00,207.00,1.0,-1,-1,-1
514,0,0.00,0.00,0.00,0.00,1.0,-1,-1,-1
514,1,0.00,0.00,0.00,0.00,1.0,-1,-1,-1
514,2,0.00,0.00,0.00,0.00,1.0,-1,-1,-1
514,3,0.00,0.00,0.00,0.00,1.0,-1,-1,-1
514,4,0.00,0.00,0.00,0.00,1.0,-1,-1,-1
514,5,0.00,0.00,0.00,0.00,1.0,-1,-1,-1
514,6,1319.00,443.00,95.00,220.00,1.0,-1,-1,-1
514,7,0.00,0.00,0.00,0.00,1.0,-1,-1,-1
514,8,0.00,0.00,0.00,0.00,1.0,-1,-1,-1
514,9,1835.00,431.00,56.00,191.00,1.0,-1,-1,-1
514,10,0.00,0.00,0.00,0.00,1.0,-1,-1,-1
514,11,1833.00,432.00,59.00,190.00,1.0,-1,-1,-1
514,12,0.00,0.00,0.00,0.00,1.0,-1,-1,-1
514,13,124.00,533.00,63.00,209.00,1.0,-1,-1,-1
514,14,0.00,0.00,0.00,0.00,1.0,-1,-1,-1
514,15,1570.00,403.00,77.00,274.00,1.0,-1,-1,-1
514,16,716.00,346.00,153.00,461.00,1.0,-1,-1,-1
514,17,1400.00,434.00,79.00,227.00,1.0,-1,-1,-1
514,18,1635.00,449.00,74.00,193.00,1.0,-1,-1,-1
514,19,1365.00,457.00,46.00,187.00,1.0,-1,-1,-1
514,20,1489.00,438.00,94.00,204.00,1.0,-1,-1,-1
514,21,512.00,286.00,272.00,621.00,1.0,-1,-1,-1
515,0,0.00,0.00,0.00,0.00,1.0,-1,-1,-1
515,1,0.00,0.00,0.00,0.00,1.0,-1,-1,-1
515,2,0.00,0.00,0.00,0.00,1.0,-1,-1,-1
515,3,0.00,0.00,0.00,0.00,1.0,-1,-1,-1
515,4,0.00,0.00,0.00,0.00,1.0,-1,-1,-1
515,5,0.00,0.00,0.00,0.00,1.0,-1,-1,-1
515,6,1312.00,444.00,102.00,220.00,1.0,-1,-1,-1
515,7,0.00,0.00,0.00,0.00,1.0,-1,-1,-1
515,8,0.00,0.00,0.00,0.00,1.0,-1,-1,-1
515,9,1833.00,431.00,60.00,191.00,1.0,-1,-1,-1
515,10,0.00,0.00,0.00,0.00,1.0,-1,-1,-1
515,11,1839.00,431.00,54.00,191.00,1.0,-1,-1,-1
515,12,0.00,0.00,0.00,0.00,1.0,-1,-1,-1
515,13,124.00,538.00,63.00,204.00,1.0,-1,-1,-1
515,14,0.00,0.00,0.00,0.00,1.0,-1,-1,-1
515,15,1574.00,404.00,76.00,273.00,1.0,-1,-1,-1
515,16,724.00,347.00,143.00,460.00,1.0,-1,-1,-1
515,17,1397.00,434.00,69.00,227.00,1.0,-1,-1,-1
515,18,1656.00,450.00,53.00,188.00,1.0,-1,-1,-1
515,19,1366.00,605.00,25.00,40.00,1.0,-1,-1,-1
515,20,1490.00,438.00,100.00,204.00,1.0,-1,-1,-1
515,21,550.00,285.00,246.00,605.00,1.0,-1,-1,-1
516,0,0.00,0.00,0.00,0.00,1.0,-1,-1,-1
516,1,0.00,0.00,0.00,0.00,1.0,-1,-1,-1
516,2,0.00,0.00,0.00,0.00,1.0,-1,-1,-1
516,3,0.00,0.00,0.00,0.00,1.0,-1,-1,-1
516,4,0.00,0.00,0.00,0.00,1.0,-1,-1,-1
516,5,0.00,0.00,0.00,0.00,1.0,-1,-1,-1
516,6,1307.00,448.00,105.00,215.00,1.0,-1,-1,-1
516,7,0.00,0.00,0.00,0.00,1.0,-1,-1,-1
516,8,0.00,0.00,0.00,0.00,1.0,-1,-1,-1
516,9,1837.00,431.00,60.00,190.00,1.0,-1,-1,-1
516,10,0.00,0.00,0.00,0.00,1.0,-1,-1,-1
516,11,1843.00,431.00,53.00,190.00,1.0,-1,-1,-1
516,12,0.00,0.00,0.00,0.00,1.0,-1,-1,-1
516,13,124.00,538.00,63.00,205.00,1.0,-1,-1,-1
516,14,0.00,0.00,0.00,0.00,1.0,-1,-1,-1
516,15,1578.00,407.00,82.00,270.00,1.0,-1,-1,-1
516,16,727.00,347.00,140.00,460.00,1.0,-1,-1,-1
516,17,1393.00,433.00,56.00,228.00,1.0,-1,-1,-1
516,18,1660.00,450.00,51.00,188.00,1.0,-1,-1,-1
516,19,1373.00,615.00,79.00,30.00,1.0,-1,-1,-1
516,20,1491.00,438.00,103.00,195.00,1.0,-1,-1,-1
516,21,596.00,282.00,208.00,597.00,1.0,-1,-1,-1
517,0,0.00,0.00,0.00,0.00,1.0,-1,-1,-1
517,1,0.00,0.00,0.00,0.00,1.0,-1,-1,-1
517,2,0.00,0.00,0.00,0.00,1.0,-1,-1,-1
517,3,0.00,0.00,0.00,0.00,1.0,-1,-1,-1
517,4,0.00,0.00,0.00,0.00,1.0,-1,-1,-1
517,5,0.00,0.00,0.00,0.00,1.0,-1,-1,-1
517,6,1306.00,448.00,107.00,216.00,1.0,-1,-1,-1
517,7,0.00,0.00,0.00,0.00,1.0,-1,-1,-1
517,8,0.00,0.00,0.00,0.00,1.0,-1,-1,-1
517,9,1841.00,430.00,55.00,189.00,1.0,-1,-1,-1
517,10,0.00,0.00,0.00,0.00,1.0,-1,-1,-1
517,11,1844.00,431.00,50.00,188.00,1.0,-1,-1,-1
517,12,0.00,0.00,0.00,0.00,1.0,-1,-1,-1
517,13,124.00,533.00,64.00,209.00,1.0,-1,-1,-1
517,14,0.00,0.00,0.00,0.00,1.0,-1,-1,-1
517,15,1580.00,408.00,85.00,268.00,1.0,-1,-1,-1
517,16,728.00,347.00,139.00,458.00,1.0,-1,-1,-1
517,17,1389.00,433.00,58.00,228.00,1.0,-1,-1,-1
517,18,1662.00,451.00,52.00,188.00,1.0,-1,-1,-1
517,19,1377.00,574.00,92.00,72.00,1.0,-1,-1,-1
517,20,1490.00,438.00,114.00,196.00,1.0,-1,-1,-1
517,21,630.00,281.00,180.00,596.00,1.0,-1,-1,-1
518,0,0.00,0.00,0.00,0.00,1.0,-1,-1,-1
518,1,0.00,0.00,0.00,0.00,1.0,-1,-1,-1
518,2,0.00,0.00,0.00,0.00,1.0,-1,-1,-1
518,3,0.00,0.00,0.00,0.00,1.0,-1,-1,-1
518,4,0.00,0.00,0.00,0.00,1.0,-1,-1,-1
518,5,0.00,0.00,0.00,0.00,1.0,-1,-1,-1
518,6,1306.00,450.00,102.00,213.00,1.0,-1,-1,-1
518,7,0.00,0.00,0.00,0.00,1.0,-1,-1,-1
518,8,0.00,0.00,0.00,0.00,1.0,-1,-1,-1
518,9,1843.00,430.00,55.00,190.00,1.0,-1,-1,-1
518,10,0.00,0.00,0.00,0.00,1.0,-1,-1,-1
518,11,1846.00,430.00,51.00,189.00,1.0,-1,-1,-1
518,12,0.00,0.00,0.00,0.00,1.0,-1,-1,-1
518,13,123.00,533.00,65.00,210.00,1.0,-1,-1,-1
518,14,0.00,0.00,0.00,0.00,1.0,-1,-1,-1
518,15,1583.00,410.00,88.00,266.00,1.0,-1,-1,-1
518,16,737.00,347.00,138.00,444.00,1.0,-1,-1,-1
518,17,1383.00,435.00,64.00,226.00,1.0,-1,-1,-1
518,18,1663.00,451.00,59.00,188.00,1.0,-1,-1,-1
518,19,1404.00,458.00,65.00,188.00,1.0,-1,-1,-1
518,20,1489.00,438.00,100.00,196.00,1.0,-1,-1,-1
518,21,667.00,280.00,151.00,596.00,1.0,-1,-1,-1
519,0,0.00,0.00,0.00,0.00,1.0,-1,-1,-1
519,1,0.00,0.00,0.00,0.00,1.0,-1,-1,-1
519,2,0.00,0.00,0.00,0.00,1.0,-1,-1,-1
519,3,0.00,0.00,0.00,0.00,1.0,-1,-1,-1
519,4,0.00,0.00,0.00,0.00,1.0,-1,-1,-1
519,5,0.00,0.00,0.00,0.00,1.0,-1,-1,-1
519,6,1305.00,446.00,87.00,215.00,1.0,-1,-1,-1
519,7,0.00,0.00,0.00,0.00,1.0,-1,-1,-1
519,8,0.00,0.00,0.00,0.00,1.0,-1,-1,-1
519,9,1846.00,429.00,57.00,191.00,1.0,-1,-1,-1
519,10,0.00,0.00,0.00,0.00,1.0,-1,-1,-1
519,11,1847.00,430.00,56.00,189.00,1.0,-1,-1,-1
519,12,0.00,0.00,0.00,0.00,1.0,-1,-1,-1
519,13,123.00,533.00,65.00,210.00,1.0,-1,-1,-1
519,14,0.00,0.00,0.00,0.00,1.0,-1,-1,-1
519,15,1586.00,411.00,86.00,265.00,1.0,-1,-1,-1
519,16,733.00,347.00,151.00,447.00,1.0,-1,-1,-1
519,17,1373.00,436.00,74.00,225.00,1.0,-1,-1,-1
519,18,1663.00,450.00,64.00,189.00,1.0,-1,-1,-1
519,19,1423.00,457.00,46.00,189.00,1.0,-1,-1,-1
519,20,1489.00,438.00,100.00,196.00,1.0,-1,-1,-1
519,21,682.00,281.00,144.00,595.00,1.0,-1,-1,-1
520,0,0.00,0.00,0.00,0.00,1.0,-1,-1,-1
520,1,0.00,0.00,0.00,0.00,1.0,-1,-1,-1
520,2,0.00,0.00,0.00,0.00,1.0,-1,-1,-1
520,3,0.00,0.00,0.00,0.00,1.0,-1,-1,-1
520,4,0.00,0.00,0.00,0.00,1.0,-1,-1,-1
520,5,0.00,0.00,0.00,0.00,1.0,-1,-1,-1
520,6,1306.00,445.00,83.00,212.00,1.0,-1,-1,-1
520,7,0.00,0.00,0.00,0.00,1.0,-1,-1,-1
520,8,0.00,0.00,0.00,0.00,1.0,-1,-1,-1
520,9,1840.00,430.00,64.00,190.00,1.0,-1,-1,-1
520,10,0.00,0.00,0.00,0.00,1.0,-1,-1,-1
520,11,1841.00,430.00,63.00,189.00,1.0,-1,-1,-1
520,12,0.00,0.00,0.00,0.00,1.0,-1,-1,-1
520,13,123.00,534.00,65.00,209.00,1.0,-1,-1,-1
520,14,0.00,0.00,0.00,0.00,1.0,-1,-1,-1
520,15,1590.00,412.00,82.00,263.00,1.0,-1,-1,-1
520,16,737.00,347.00,154.00,444.00,1.0,-1,-1,-1
520,17,1360.00,437.00,87.00,225.00,1.0,-1,-1,-1
520,18,1663.00,450.00,66.00,188.00,1.0,-1,-1,-1
520,19,1413.00,456.00,56.00,191.00,1.0,-1,-1,-1
520,20,1489.00,438.00,100.00,196.00,1.0,-1,-1,-1
520,21,693.00,283.00,166.00,592.00,1.0,-1,-1,-1
521,0,0.00,0.00,0.00,0.00,1.0,-1,-1,-1
521,1,0.00,0.00,0.00,0.00,1.0,-1,-1,-1
521,2,0.00,0.00,0.00,0.00,1.0,-1,-1,-1
521,3,0.00,0.00,0.00,0.00,1.0,-1,-1,-1
521,4,0.00,0.00,0.00,0.00,1.0,-1,-1,-1
521,5,0.00,0.00,0.00,0.00,1.0,-1,-1,-1
521,6,1304.00,446.00,118.00,210.00,1.0,-1,-1,-1
521,7,0.00,0.00,0.00,0.00,1.0,-1,-1,-1
521,8,0.00,0.00,0.00,0.00,1.0,-1,-1,-1
521,9,1836.00,430.00,58.00,190.00,1.0,-1,-1,-1
521,10,0.00,0.00,0.00,0.00,1.0,-1,-1,-1
521,11,1836.00,431.00,55.00,189.00,1.0,-1,-1,-1
521,12,0.00,0.00,0.00,0.00,1.0,-1,-1,-1
521,13,124.00,535.00,63.00,208.00,1.0,-1,-1,-1
521,14,0.00,0.00,0.00,0.00,1.0,-1,-1,-1
521,15,1594.00,411.00,81.00,263.00,1.0,-1,-1,-1
521,16,751.00,347.00,146.00,444.00,1.0,-1,-1,-1
521,17,1364.00,441.00,84.00,220.00,1.0,-1,-1,-1
521,18,1661.00,450.00,68.00,191.00,1.0,-1,-1,-1
521,19,1423.00,456.00,55.00,190.00,1.0,-1,-1,-1
521,20,1488.00,438.00,102.00,197.00,1.0,-1,-1,-1
521,21,693.00,287.00,222.00,587.00,1.0,-1,-1,-1
522,0,0.00,0.00,0.00,0.00,1.0,-1,-1,-1
522,1,0.00,0.00,0.00,0.00,1.0,-1,-1,-1
522,2,0.00,0.00,0.00,0.00,1.0,-1,-1,-1
522,3,0.00,0.00,0.00,0.00,1.0,-1,-1,-1
522,4,0.00,0.00,0.00,0.00,1.0,-1,-1,-1
522,5,0.00,0.00,0.00,0.00,1.0,-1,-1,-1
522,6,1300.00,442.00,122.00,214.00,1.0,-1,-1,-1
522,7,0.00,0.00,0.00,0.00,1.0,-1,-1,-1
522,8,0.00,0.00,0.00,0.00,1.0,-1,-1,-1
522,9,1830.00,434.00,60.00,187.00,1.0,-1,-1,-1
522,10,0.00,0.00,0.00,0.00,1.0,-1,-1,-1
522,11,1828.00,436.00,61.00,185.00,1.0,-1,-1,-1
522,12,0.00,0.00,0.00,0.00,1.0,-1,-1,-1
522,13,124.00,536.00,63.00,207.00,1.0,-1,-1,-1
522,14,0.00,0.00,0.00,0.00,1.0,-1,-1,-1
522,15,1599.00,410.00,80.00,259.00,1.0,-1,-1,-1
522,16,764.00,349.00,135.00,442.00,1.0,-1,-1,-1
522,17,1360.00,441.00,86.00,220.00,1.0,-1,-1,-1
522,18,1665.00,451.00,65.00,190.00,1.0,-1,-1,-1
522,19,1423.00,455.00,60.00,192.00,1.0,-1,-1,-1
522,20,1489.00,438.00,101.00,197.00,1.0,-1,-1,-1
522,21,693.00,293.00,250.00,581.00,1.0,-1,-1,-1
523,0,0.00,0.00,0.00,0.00,1.0,-1,-1,-1
523,1,0.00,0.00,0.00,0.00,1.0,-1,-1,-1
523,2,0.00,0.00,0.00,0.00,1.0,-1,-1,-1
523,3,0.00,0.00,0.00,0.00,1.0,-1,-1,-1
523,4,0.00,0.00,0.00,0.00,1.0,-1,-1,-1
523,5,0.00,0.00,0.00,0.00,1.0,-1,-1,-1
523,6,1293.00,442.00,59.00,214.00,1.0,-1,-1,-1
523,7,0.00,0.00,0.00,0.00,1.0,-1,-1,-1
523,8,0.00,0.00,0.00,0.00,1.0,-1,-1,-1
523,9,1858.00,526.00,32.00,95.00,1.0,-1,-1,-1
523,10,0.00,0.00,0.00,0.00,1.0,-1,-1,-1
523,11,1857.00,527.00,33.00,94.00,1.0,-1,-1,-1
523,12,0.00,0.00,0.00,0.00,1.0,-1,-1,-1
523,13,124.00,535.00,63.00,208.00,1.0,-1,-1,-1
523,14,0.00,0.00,0.00,0.00,1.0,-1,-1,-1
523,15,1604.00,408.00,81.00,261.00,1.0,-1,-1,-1
523,16,785.00,356.00,117.00,435.00,1.0,-1,-1,-1
523,17,1349.00,443.00,97.00,218.00,1.0,-1,-1,-1
523,18,1672.00,451.00,59.00,190.00,1.0,-1,-1,-1
523,19,1435.00,457.00,56.00,190.00,1.0,-1,-1,-1
523,20,1492.00,438.00,97.00,197.00,1.0,-1,-1,-1
523,21,693.00,299.00,273.00,574.00,1.0,-1,-1,-1
524,0,0.00,0.00,0.00,0.00,1.0,-1,-1,-1
524,1,0.00,0.00,0.00,0.00,1.0,-1,-1,-1
524,2,0.00,0.00,0.00,0.00,1.0,-1,-1,-1
524,3,0.00,0.00,0.00,0.00,1.0,-1,-1,-1
524,4,0.00,0.00,0.00,0.00,1.0,-1,-1,-1
524,5,0.00,0.00,0.00,0.00,1.0,-1,-1,-1
524,6,1290.00,443.00,58.00,213.00,1.0,-1,-1,-1
524,7,0.00,0.00,0.00,0.00,1.0,-1,-1,-1
524,8,0.00,0.00,0.00,0.00,1.0,-1,-1,-1
524,9,1848.00,453.00,41.00,167.00,1.0,-1,-1,-1
524,10,0.00,0.00,0.00,0.00,1.0,-1,-1,-1
524,11,1860.00,529.00,30.00,91.00,1.0,-1,-1,-1
524,12,0.00,0.00,0.00,0.00,1.0,-1,-1,-1
524,13,124.00,538.00,63.00,204.00,1.0,-1,-1,-1
524,14,0.00,0.00,0.00,0.00,1.0,-1,-1,-1
524,15,1607.00,406.00,78.00,261.00,1.0,-1,-1,-1
524,16,753.00,371.00,151.00,420.00,1.0,-1,-1,-1
524,17,1347.00,443.00,96.00,217.00,1.0,-1,-1,-1
524,18,1674.00,449.00,59.00,192.00,1.0,-1,-1,-1
524,19,1440.00,457.00,68.00,192.00,1.0,-1,-1,-1
524,20,1494.00,438.00,95.00,196.00,1.0,-1,-1,-1
524,21,693.00,301.00,276.00,570.00,1.0,-1,-1,-1
