1,0,1476.00,420.00,72.00,170.00,1.0,-1,-1,-1
1,1,1366.00,397.00,64.00,219.00,1.0,-1,-1,-1
1,2,471.00,431.00,66.00,173.00,1.0,-1,-1,-1
2,0,1467.00,421.00,72.00,169.00,1.0,-1,-1,-1
2,1,1364.00,398.00,63.00,213.00,1.0,-1,-1,-1
2,2,464.00,431.00,67.00,171.00,1.0,-1,-1,-1
2,3,721.00,422.00,53.00,174.00,1.0,-1,-1,-1
3,0,1461.00,421.00,70.00,169.00,1.0,-1,-1,-1
3,1,1360.00,399.00,64.00,214.00,1.0,-1,-1,-1
3,2,455.00,431.00,68.00,171.00,1.0,-1,-1,-1
3,3,717.00,423.00,51.00,168.00,1.0,-1,-1,-1
3,4,621.00,421.00,48.00,141.00,1.0,-1,-1,-1
4,0,1458.00,422.00,68.00,169.00,1.0,-1,-1,-1
4,1,1358.00,401.00,64.00,214.00,1.0,-1,-1,-1
4,2,450.00,431.00,67.00,174.00,1.0,-1,-1,-1
4,3,714.00,423.00,45.00,169.00,1.0,-1,-1,-1
4,4,615.00,423.00,51.00,137.00,1.0,-1,-1,-1
5,0,1445.00,426.00,64.00,169.00,1.0,-1,-1,-1
5,1,1354.00,405.00,65.00,222.00,1.0,-1,-1,-1
5,2,439.00,432.00,68.00,175.00,1.0,-1,-1,-1
5,3,693.00,426.00,54.00,171.00,1.0,-1,-1,-1
5,4,603.00,423.00,52.00,142.00,1.0,-1,-1,-1
6,0,1441.00,428.00,65.00,167.00,1.0,-1,-1,-1
6,1,1358.00,407.00,61.00,221.00,1.0,-1,-1,-1
6,2,435.00,433.00,68.00,173.00,1.0,-1,-1,-1
6,3,694.00,426.00,49.00,171.00,1.0,-1,-1,-1
6,4,600.00,424.00,51.00,138.00,1.0,-1,-1,-1
7,0,1435.00,431.00,64.00,164.00,1.0,-1,-1,-1
7,1,1358.00,409.00,62.00,226.00,1.0,-1,-1,-1
7,2,431.00,436.00,64.00,171.00,1.0,-1,-1,-1
7,3,691.00,430.00,45.00,169.00,1.0,-1,-1,-1
7,4,598.00,428.00,52.00,132.00,1.0,-1,-1,-1
8,0,1428.00,431.00,69.00,167.00,1.0,-1,-1,-1
8,1,1355.00,409.00,67.00,228.00,1.0,-1,-1,-1
8,2,427.00,436.00,66.00,174.00,1.0,-1,-1,-1
8,3,685.00,432.00,47.00,170.00,1.0,-1,-1,-1
8,4,598.00,429.00,48.00,134.00,1.0,-1,-1,-1
9,0,1426.00,430.00,70.00,168.00,1.0,-1,-1,-1
9,1,1359.00,408.00,67.00,229.00,1.0,-1,-1,-1
9,2,426.00,435.00,66.00,173.00,1.0,-1,-1,-1
9,3,683.00,432.00,48.00,170.00,1.0,-1,-1,-1
9,4,597.00,428.00,48.00,135.00,1.0,-1,-1,-1
10,0,1430.00,429.00,63.00,171.00,1.0,-1,-1,-1
10,1,1364.00,406.00,68.00,235.00,1.0,-1,-1,-1
10,2,420.00,435.00,65.00,175.00,1.0,-1,-1,-1
10,3,678.00,431.00,43.00,172.00,1.0,-1,-1,-1
10,4,595.00,428.00,48.00,142.00,1.0,-1,-1,-1
11,0,1433.00,432.00,58.00,170.00,1.0,-1,-1,-1
11,1,1366.00,407.00,69.00,234.00,1.0,-1,-1,-1
11,2,418.00,436.00,65.00,175.00,1.0,-1,-1,-1
11,3,676.00,433.00,42.00,171.00,1.0,-1,-1,-1
11,4,593.00,429.00,46.00,136.00,1.0,-1,-1,-1
12,0,1435.00,432.00,54.00,170.00,1.0,-1,-1,-1
12,1,1368.00,405.00,68.00,238.00,1.0,-1,-1,-1
12,2,415.00,435.00,66.00,176.00,1.0,-1,-1,-1
12,3,672.00,434.00,42.00,169.00,1.0,-1,-1,-1
12,4,592.00,427.00,46.00,138.00,1.0,-1,-1,-1
13,0,1437.00,434.00,49.00,166.00,1.0,-1,-1,-1
13,1,1370.00,406.00,72.00,239.00,1.0,-1,-1,-1
13,2,412.00,436.00,68.00,177.00,1.0,-1,-1,-1
13,3,670.00,434.00,42.00,172.00,1.0,-1,-1,-1
13,4,592.00,428.00,45.00,133.00,1.0,-1,-1,-1
14,0,1435.00,435.00,47.00,133.00,1.0,-1,-1,-1
14,1,1370.00,407.00,74.00,239.00,1.0,-1,-1,-1
14,2,409.00,438.00,69.00,174.00,1.0,-1,-1,-1
14,3,668.00,436.00,39.00,163.00,1.0,-1,-1,-1
14,4,588.00,428.00,44.00,129.00,1.0,-1,-1,-1
15,0,1425.00,433.00,49.00,110.00,1.0,-1,-1,-1
15,1,1372.00,408.00,87.00,239.00,1.0,-1,-1,-1
15,2,399.00,436.00,68.00,174.00,1.0,-1,-1,-1
15,3,667.00,438.00,30.00,98.00,1.0,-1,-1,-1
15,4,580.00,426.00,42.00,121.00,1.0,-1,-1,-1
16,0,1422.00,432.00,47.00,107.00,1.0,-1,-1,-1
16,1,1371.00,408.00,89.00,240.00,1.0,-1,-1,-1
16,2,390.00,437.00,71.00,175.00,1.0,-1,-1,-1
16,3,655.00,434.00,34.00,148.00,1.0,-1,-1,-1
16,4,573.00,429.00,42.00,123.00,1.0,-1,-1,-1
17,0,1419.00,434.00,42.00,94.00,1.0,-1,-1,-1
17,1,1371.00,409.00,85.00,243.00,1.0,-1,-1,-1
17,2,385.00,438.00,68.00,176.00,1.0,-1,-1,-1
17,3,0.00,0.00,0.00,0.00,1.0,-1,-1,-1
17,4,568.00,431.00,41.00,121.00,1.0,-1,-1,-1
18,0,1418.00,437.00,37.00,79.00,1.0,-1,-1,-1
18,1,1369.00,410.00,85.00,248.00,1.0,-1,-1,-1
18,2,378.00,440.00,72.00,175.00,1.0,-1,-1,-1
18,3,0.00,0.00,0.00,0.00,1.0,-1,-1,-1
18,4,561.00,435.00,43.00,133.00,1.0,-1,-1,-1
19,0,0.00,0.00,0.00,0.00,1.0,-1,-1,-1
19,1,1368.00,411.00,80.00,252.00,1.0,-1,-1,-1
19,2,371.00,441.00,69.00,177.00,1.0,-1,-1,-1
19,3,0.00,0.00,0.00,0.00,1.0,-1,-1,-1
19,4,554.00,433.00,44.00,127.00,1.0,-1,-1,-1
20,0,1363.00,419.00,51.00,154.00,1.0,-1,-1,-1
20,1,1362.00,416.00,75.00,256.00,1.0,-1,-1,-1
20,2,354.00,445.00,69.00,179.00,1.0,-1,-1,-1
20,3,0.00,0.00,0.00,0.00,1.0,-1,-1,-1
20,4,536.00,439.00,45.00,138.00,1.0,-1,-1,-1
21,0,1357.00,440.00,35.00,115.00,1.0,-1,-1,-1
21,1,1358.00,414.00,76.00,259.00,1.0,-1,-1,-1
21,2,344.00,446.00,70.00,175.00,1.0,-1,-1,-1
21,3,0.00,0.00,0.00,0.00,1.0,-1,-1,-1
21,4,532.00,441.00,44.00,128.00,1.0,-1,-1,-1
22,0,1348.00,444.00,35.00,158.00,1.0,-1,-1,-1
22,1,1354.00,415.00,77.00,263.00,1.0,-1,-1,-1
22,2,333.00,447.00,73.00,178.00,1.0,-1,-1,-1
22,3,0.00,0.00,0.00,0.00,1.0,-1,-1,-1
22,4,523.00,445.00,46.00,125.00,1.0,-1,-1,-1
23,0,1336.00,445.00,42.00,162.00,1.0,-1,-1,-1
23,1,1349.00,415.00,78.00,265.00,1.0,-1,-1,-1
23,2,321.00,448.00,74.00,179.00,1.0,-1,-1,-1
23,3,0.00,0.00,0.00,0.00,1.0,-1,-1,-1
23,4,513.00,446.00,45.00,126.00,1.0,-1,-1,-1
24,0,1322.00,448.00,42.00,162.00,1.0,-1,-1,-1
24,1,1339.00,416.00,80.00,268.00,1.0,-1,-1,-1
24,2,309.00,452.00,70.00,180.00,1.0,-1,-1,-1
24,3,572.00,468.00,32.00,156.00,1.0,-1,-1,-1
24,4,502.00,446.00,42.00,132.00,1.0,-1,-1,-1
25,0,1293.00,451.00,55.00,166.00,1.0,-1,-1,-1
25,1,1323.00,416.00,78.00,271.00,1.0,-1,-1,-1
25,2,276.00,454.00,73.00,182.00,1.0,-1,-1,-1
25,3,0.00,0.00,0.00,0.00,1.0,-1,-1,-1
25,4,472.00,450.00,43.00,131.00,1.0,-1,-1,-1
26,0,1279.00,452.00,55.00,161.00,1.0,-1,-1,-1
26,1,1311.00,416.00,79.00,272.00,1.0,-1,-1,-1
26,2,260.00,452.00,75.00,183.00,1.0,-1,-1,-1
26,3,0.00,0.00,0.00,0.00,1.0,-1,-1,-1
26,4,458.00,458.00,41.00,118.00,1.0,-1,-1,-1
27,0,1249.00,453.00,62.00,161.00,1.0,-1,-1,-1
27,1,1287.00,417.00,82.00,274.00,1.0,-1,-1,-1
27,2,227.00,450.00,78.00,185.00,1.0,-1,-1,-1
27,3,0.00,0.00,0.00,0.00,1.0,-1,-1,-1
27,4,425.00,457.00,47.00,123.00,1.0,-1,-1,-1
28,0,1238.00,450.00,57.00,165.00,1.0,-1,-1,-1
28,1,1281.00,418.00,80.00,273.00,1.0,-1,-1,-1
28,2,215.00,449.00,73.00,189.00,1.0,-1,-1,-1
28,3,0.00,0.00,0.00,0.00,1.0,-1,-1,-1
28,4,413.00,448.00,39.00,133.00,1.0,-1,-1,-1
29,0,1225.00,449.00,59.00,162.00,1.0,-1,-1,-1
29,1,1274.00,418.00,81.00,274.00,1.0,-1,-1,-1
29,2,202.00,448.00,73.00,189.00,1.0,-1,-1,-1
29,3,468.00,465.00,36.00,154.00,1.0,-1,-1,-1
29,4,390.00,449.00,45.00,130.00,1.0,-1,-1,-1
30,0,1199.00,449.00,62.00,163.00,1.0,-1,-1,-1
30,1,1259.00,421.00,82.00,280.00,1.0,-1,-1,-1
30,2,172.00,448.00,74.00,190.00,1.0,-1,-1,-1
30,3,0.00,0.00,0.00,0.00,1.0,-1,-1,-1
30,4,359.00,458.00,43.00,129.00,1.0,-1,-1,-1
31,0,1184.00,449.00,67.00,166.00,1.0,-1,-1,-1
31,1,1249.00,425.00,84.00,282.00,1.0,-1,-1,-1
31,2,158.00,450.00,74.00,193.00,1.0,-1,-1,-1
31,3,0.00,0.00,0.00,0.00,1.0,-1,-1,-1
31,4,0.00,0.00,0.00,0.00,1.0,-1,-1,-1
32,0,1170.00,451.00,102.00,235.00,1.0,-1,-1,-1
32,1,1244.00,426.00,84.00,286.00,1.0,-1,-1,-1
32,2,144.00,451.00,76.00,193.00,1.0,-1,-1,-1
32,3,407.00,453.00,45.00,142.00,1.0,-1,-1,-1
32,4,0.00,0.00,0.00,0.00,1.0,-1,-1,-1
33,0,1158.00,454.00,68.00,164.00,1.0,-1,-1,-1
33,1,1238.00,428.00,83.00,290.00,1.0,-1,-1,-1
33,2,128.00,452.00,79.00,194.00,1.0,-1,-1,-1
33,3,390.00,452.00,44.00,176.00,1.0,-1,-1,-1
33,4,0.00,0.00,0.00,0.00,1.0,-1,-1,-1
34,0,1148.00,456.00,68.00,164.00,1.0,-1,-1,-1
34,1,1232.00,428.00,82.00,295.00,1.0,-1,-1,-1
34,2,114.00,453.00,79.00,196.00,1.0,-1,-1,-1
34,3,371.00,452.00,48.00,175.00,1.0,-1,-1,-1
34,4,0.00,0.00,0.00,0.00,1.0,-1,-1,-1
35,0,1130.00,462.00,69.00,165.00,1.0,-1,-1,-1
35,1,1224.00,429.00,86.00,300.00,1.0,-1,-1,-1
35,2,94.00,457.00,76.00,193.00,1.0,-1,-1,-1
35,3,347.00,456.00,52.00,182.00,1.0,-1,-1,-1
35,4,0.00,0.00,0.00,0.00,1.0,-1,-1,-1
36,0,1125.00,463.00,68.00,162.00,1.0,-1,-1,-1
36,1,1224.00,427.00,86.00,304.00,1.0,-1,-1,-1
36,2,85.00,458.00,77.00,192.00,1.0,-1,-1,-1
36,3,338.00,455.00,50.00,188.00,1.0,-1,-1,-1
36,4,0.00,0.00,0.00,0.00,1.0,-1,-1,-1
37,0,1120.00,464.00,65.00,160.00,1.0,-1,-1,-1
37,1,1224.00,425.00,86.00,306.00,1.0,-1,-1,-1
37,2,75.00,460.00,76.00,193.00,1.0,-1,-1,-1
37,3,330.00,459.00,45.00,185.00,1.0,-1,-1,-1
37,4,0.00,0.00,0.00,0.00,1.0,-1,-1,-1
38,0,1116.00,465.00,65.00,159.00,1.0,-1,-1,-1
38,1,1224.00,424.00,86.00,307.00,1.0,-1,-1,-1
38,2,67.00,462.00,81.00,195.00,1.0,-1,-1,-1
38,3,322.00,460.00,49.00,184.00,1.0,-1,-1,-1
38,4,0.00,0.00,0.00,0.00,1.0,-1,-1,-1
39,0,1109.00,462.00,67.00,162.00,1.0,-1,-1,-1
39,1,1222.00,421.00,89.00,310.00,1.0,-1,-1,-1
39,2,61.00,459.00,80.00,196.00,1.0,-1,-1,-1
39,3,313.00,454.00,48.00,190.00,1.0,-1,-1,-1
39,4,0.00,0.00,0.00,0.00,1.0,-1,-1,-1
40,0,1096.00,456.00,66.00,160.00,1.0,-1,-1,-1
40,1,1222.00,418.00,95.00,316.00,1.0,-1,-1,-1
40,2,44.00,460.00,81.00,198.00,1.0,-1,-1,-1
40,3,292.00,455.00,53.00,189.00,1.0,-1,-1,-1
40,4,0.00,0.00,0.00,0.00,1.0,-1,-1,-1
41,0,1091.00,432.00,181.00,180.00,1.0,-1,-1,-1
41,1,1221.00,417.00,107.00,315.00,1.0,-1,-1,-1
41,2,35.00,458.00,83.00,198.00,1.0,-1,-1,-1
41,3,278.00,455.00,59.00,186.00,1.0,-1,-1,-1
41,4,0.00,0.00,0.00,0.00,1.0,-1,-1,-1
42,0,1085.00,449.00,67.00,162.00,1.0,-1,-1,-1
42,1,1220.00,416.00,115.00,319.00,1.0,-1,-1,-1
42,2,28.00,458.00,84.00,198.00,1.0,-1,-1,-1
42,3,274.00,453.00,58.00,187.00,1.0,-1,-1,-1
42,4,0.00,0.00,0.00,0.00,1.0,-1,-1,-1
43,0,1079.00,446.00,67.00,163.00,1.0,-1,-1,-1
43,1,1222.00,414.00,115.00,322.00,1.0,-1,-1,-1
43,2,18.00,456.00,86.00,200.00,1.0,-1,-1,-1
43,3,268.00,450.00,58.00,190.00,1.0,-1,-1,-1
43,4,0.00,0.00,0.00,0.00,1.0,-1,-1,-1
44,0,1075.00,445.00,63.00,163.00,1.0,-1,-1,-1
44,1,1222.00,414.00,111.00,327.00,1.0,-1,-1,-1
44,2,10.00,460.00,81.00,197.00,1.0,-1,-1,-1
44,3,257.00,451.00,62.00,190.00,1.0,-1,-1,-1
44,4,0.00,0.00,0.00,0.00,1.0,-1,-1,-1
45,0,1066.00,443.00,63.00,164.00,1.0,-1,-1,-1
45,1,1227.00,409.00,99.00,338.00,1.0,-1,-1,-1
45,2,0.00,459.00,81.00,200.00,1.0,-1,-1,-1
45,3,245.00,451.00,61.00,190.00,1.0,-1,-1,-1
45,4,0.00,0.00,0.00,0.00,1.0,-1,-1,-1
46,0,1059.00,443.00,64.00,163.00,1.0,-1,-1,-1
46,1,1227.00,407.00,98.00,344.00,1.0,-1,-1,-1
46,2,0.00,460.00,73.00,200.00,1.0,-1,-1,-1
46,3,236.00,451.00,64.00,191.00,1.0,-1,-1,-1
46,4,0.00,0.00,0.00,0.00,1.0,-1,-1,-1
47,0,1053.00,442.00,65.00,164.00,1.0,-1,-1,-1
47,1,1228.00,404.00,94.00,349.00,1.0,-1,-1,-1
47,2,0.00,459.00,72.00,196.00,1.0,-1,-1,-1
47,3,231.00,450.00,65.00,189.00,1.0,-1,-1,-1
47,4,0.00,0.00,0.00,0.00,1.0,-1,-1,-1
47,5,122.00,429.00,109.00,309.00,1.0,-1,-1,-1
48,0,1046.00,444.00,65.00,163.00,1.0,-1,-1,-1
48,1,1228.00,403.00,98.00,352.00,1.0,-1,-1,-1
48,2,0.00,456.00,61.00,202.00,1.0,-1,-1,-1
48,3,224.00,453.00,61.00,191.00,1.0,-1,-1,-1
48,4,0.00,0.00,0.00,0.00,1.0,-1,-1,-1
48,5,119.00,436.00,104.00,310.00,1.0,-1,-1,-1
49,0,1040.00,444.00,65.00,164.00,1.0,-1,-1,-1
49,1,1231.00,401.00,97.00,355.00,1.0,-1,-1,-1
49,2,0.00,459.00,42.00,195.00,1.0,-1,-1,-1
49,3,213.00,453.00,65.00,188.00,1.0,-1,-1,-1
49,4,0.00,0.00,0.00,0.00,1.0,-1,-1,-1
49,5,100.00,434.00,107.00,311.00,1.0,-1,-1,-1
50,0,1032.00,446.00,62.00,162.00,1.0,-1,-1,-1
50,1,1234.00,395.00,98.00,365.00,1.0,-1,-1,-1
50,2,0.00,476.00,27.00,178.00,1.0,-1,-1,-1
50,3,192.00,450.00,73.00,194.00,1.0,-1,-1,-1
50,4,0.00,0.00,0.00,0.00,1.0,-1,-1,-1
50,5,70.00,433.00,113.00,327.00,1.0,-1,-1,-1
51,0,1025.00,447.00,61.00,163.00,1.0,-1,-1,-1
51,1,1235.00,396.00,98.00,367.00,1.0,-1,-1,-1
51,2,0.00,484.00,16.00,173.00,1.0,-1,-1,-1
51,3,181.00,452.00,78.00,193.00,1.0,-1,-1,-1
51,4,0.00,0.00,0.00,0.00,1.0,-1,-1,-1
51,5,59.00,435.00,109.00,332.00,1.0,-1,-1,-1
52,0,1018.00,446.00,64.00,158.00,1.0,-1,-1,-1
52,1,1237.00,394.00,98.00,370.00,1.0,-1,-1,-1
52,2,0.00,486.00,9.00,121.00,1.0,-1,-1,-1
52,3,176.00,450.00,70.00,190.00,1.0,-1,-1,-1
52,4,216.00,444.00,44.00,128.00,1.0,-1,-1,-1
52,5,25.00,432.00,133.00,335.00,1.0,-1,-1,-1
53,0,1011.00,442.00,65.00,161.00,1.0,-1,-1,-1
53,1,1236.00,393.00,102.00,375.00,1.0,-1,-1,-1
53,2,0.00,0.00,0.00,0.00,1.0,-1,-1,-1
53,3,166.00,448.00,74.00,191.00,1.0,-1,-1,-1
53,4,169.00,440.00,91.00,87.00,1.0,-1,-1,-1
53,5,10.00,429.00,137.00,340.00,1.0,-1,-1,-1
54,0,1005.00,439.00,64.00,162.00,1.0,-1,-1,-1
54,1,1237.00,391.00,102.00,380.00,1.0,-1,-1,-1
54,2,0.00,0.00,0.00,0.00,1.0,-1,-1,-1
54,3,154.00,447.00,78.00,189.00,1.0,-1,-1,-1
54,4,152.00,461.00,32.00,70.00,1.0,-1,-1,-1
54,5,16.00,429.00,121.00,341.00,1.0,-1,-1,-1
55,0,988.00,433.00,69.00,163.00,1.0,-1,-1,-1
55,1,1241.00,389.00,100.00,382.00,1.0,-1,-1,-1
55,2,0.00,0.00,0.00,0.00,1.0,-1,-1,-1
55,3,135.00,441.00,79.00,193.00,1.0,-1,-1,-1
55,4,138.00,439.00,99.00,78.00,1.0,-1,-1,-1
55,5,0.00,420.00,104.00,352.00,1.0,-1,-1,-1
56,0,980.00,432.00,70.00,164.00,1.0,-1,-1,-1
56,1,1241.00,389.00,113.00,385.00,1.0,-1,-1,-1
56,2,0.00,0.00,0.00,0.00,1.0,-1,-1,-1
56,3,125.00,442.00,79.00,194.00,1.0,-1,-1,-1
56,4,197.00,453.00,30.00,69.00,1.0,-1,-1,-1
56,5,0.00,415.00,84.00,362.00,1.0,-1,-1,-1
57,0,974.00,431.00,69.00,164.00,1.0,-1,-1,-1
57,1,1242.00,389.00,122.00,391.00,1.0,-1,-1,-1
57,2,0.00,0.00,0.00,0.00,1.0,-1,-1,-1
57,3,114.00,442.00,77.00,194.00,1.0,-1,-1,-1
57,4,187.00,455.00,35.00,72.00,1.0,-1,-1,-1
57,5,0.00,414.00,103.00,361.00,1.0,-1,-1,-1
58,0,970.00,431.00,67.00,164.00,1.0,-1,-1,-1
58,1,1243.00,388.00,126.00,401.00,1.0,-1,-1,-1
58,2,0.00,0.00,0.00,0.00,1.0,-1,-1,-1
58,3,104.00,439.00,80.00,196.00,1.0,-1,-1,-1
58,4,175.00,440.00,39.00,85.00,1.0,-1,-1,-1
58,5,0.00,418.00,72.00,355.00,1.0,-1,-1,-1
59,0,965.00,398.00,337.00,197.00,1.0,-1,-1,-1
59,1,1244.00,387.00,129.00,408.00,1.0,-1,-1,-1
59,2,0.00,0.00,0.00,0.00,1.0,-1,-1,-1
59,3,99.00,440.00,78.00,197.00,1.0,-1,-1,-1
59,4,175.00,450.00,33.00,72.00,1.0,-1,-1,-1
59,5,0.00,456.00,46.00,284.00,1.0,-1,-1,-1
60,0,956.00,436.00,67.00,160.00,1.0,-1,-1,-1
60,1,1252.00,384.00,120.00,420.00,1.0,-1,-1,-1
60,2,0.00,0.00,0.00,0.00,1.0,-1,-1,-1
60,3,83.00,443.00,79.00,198.00,1.0,-1,-1,-1
60,4,165.00,454.00,34.00,81.00,1.0,-1,-1,-1
60,5,0.00,481.00,34.00,115.00,1.0,-1,-1,-1
61,0,954.00,436.00,63.00,163.00,1.0,-1,-1,-1
61,1,1258.00,383.00,113.00,427.00,1.0,-1,-1,-1
61,2,0.00,0.00,0.00,0.00,1.0,-1,-1,-1
61,3,76.00,447.00,81.00,197.00,1.0,-1,-1,-1
61,4,158.00,452.00,38.00,86.00,1.0,-1,-1,-1
61,5,0.00,0.00,0.00,0.00,1.0,-1,-1,-1
62,0,950.00,438.00,66.00,160.00,1.0,-1,-1,-1
62,1,1263.00,383.00,111.00,430.00,1.0,-1,-1,-1
62,2,0.00,0.00,0.00,0.00,1.0,-1,-1,-1
62,3,70.00,452.00,79.00,196.00,1.0,-1,-1,-1
62,4,152.00,454.00,40.00,89.00,1.0,-1,-1,-1
62,5,0.00,0.00,0.00,0.00,1.0,-1,-1,-1
63,0,948.00,437.00,67.00,163.00,1.0,-1,-1,-1
63,1,1270.00,380.00,114.00,437.00,1.0,-1,-1,-1
63,2,0.00,0.00,0.00,0.00,1.0,-1,-1,-1
63,3,69.00,451.00,79.00,194.00,1.0,-1,-1,-1
63,4,151.00,454.00,39.00,91.00,1.0,-1,-1,-1
63,5,0.00,0.00,0.00,0.00,1.0,-1,-1,-1
64,0,947.00,436.00,66.00,159.00,1.0,-1,-1,-1
64,1,1279.00,376.00,114.00,444.00,1.0,-1,-1,-1
64,2,0.00,0.00,0.00,0.00,1.0,-1,-1,-1
64,3,67.00,449.00,77.00,199.00,1.0,-1,-1,-1
64,4,150.00,452.00,39.00,96.00,1.0,-1,-1,-1
64,5,0.00,0.00,0.00,0.00,1.0,-1,-1,-1
65,0,942.00,434.00,64.00,161.00,1.0,-1,-1,-1
65,1,1292.00,372.00,127.00,450.00,1.0,-1,-1,-1
65,2,0.00,0.00,0.00,0.00,1.0,-1,-1,-1
65,3,58.00,457.00,80.00,188.00,1.0,-1,-1,-1
65,4,141.00,451.00,44.00,100.00,1.0,-1,-1,-1
65,5,0.00,0.00,0.00,0.00,1.0,-1,-1,-1
66,0,939.00,381.00,423.00,213.00,1.0,-1,-1,-1
66,1,1300.00,370.00,129.00,458.00,1.0,-1,-1,-1
66,2,0.00,0.00,0.00,0.00,1.0,-1,-1,-1
66,3,56.00,452.00,79.00,193.00,1.0,-1,-1,-1
66,4,140.00,451.00,44.00,108.00,1.0,-1,-1,-1
66,5,0.00,0.00,0.00,0.00,1.0,-1,-1,-1
67,0,936.00,381.00,426.00,213.00,1.0,-1,-1,-1
67,1,1304.00,370.00,148.00,463.00,1.0,-1,-1,-1
67,2,0.00,0.00,0.00,0.00,1.0,-1,-1,-1
67,3,52.00,448.00,78.00,194.00,1.0,-1,-1,-1
67,4,135.00,450.00,45.00,108.00,1.0,-1,-1,-1
67,5,0.00,0.00,0.00,0.00,1.0,-1,-1,-1
68,0,933.00,381.00,459.00,211.00,1.0,-1,-1,-1
68,1,1310.00,369.00,173.00,470.00,1.0,-1,-1,-1
68,2,0.00,0.00,0.00,0.00,1.0,-1,-1,-1
68,3,47.00,446.00,77.00,194.00,1.0,-1,-1,-1
68,4,129.00,449.00,48.00,109.00,1.0,-1,-1,-1
68,5,0.00,0.00,0.00,0.00,1.0,-1,-1,-1
68,6,835.00,419.00,39.00,111.00,1.0,-1,-1,-1
69,0,931.00,425.00,65.00,165.00,1.0,-1,-1,-1
69,1,1320.00,367.00,193.00,477.00,1.0,-1,-1,-1
69,2,0.00,0.00,0.00,0.00,1.0,-1,-1,-1
69,3,44.00,438.00,76.00,197.00,1.0,-1,-1,-1
69,4,127.00,443.00,50.00,123.00,1.0,-1,-1,-1
69,5,0.00,0.00,0.00,0.00,1.0,-1,-1,-1
69,6,832.00,416.00,43.00,112.00,1.0,-1,-1,-1
70,0,924.00,426.00,66.00,162.00,1.0,-1,-1,-1
70,1,1333.00,366.00,215.00,494.00,1.0,-1,-1,-1
70,2,0.00,0.00,0.00,0.00,1.0,-1,-1,-1
70,3,35.00,437.00,74.00,200.00,1.0,-1,-1,-1
70,4,109.00,444.00,62.00,141.00,1.0,-1,-1,-1
70,5,0.00,0.00,0.00,0.00,1.0,-1,-1,-1
70,6,833.00,415.00,41.00,113.00,1.0,-1,-1,-1
71,0,919.00,425.00,68.00,161.00,1.0,-1,-1,-1
71,1,1334.00,365.00,217.00,508.00,1.0,-1,-1,-1
71,2,0.00,0.00,0.00,0.00,1.0,-1,-1,-1
71,3,30.00,437.00,76.00,199.00,1.0,-1,-1,-1
71,4,109.00,441.00,59.00,161.00,1.0,-1,-1,-1
71,5,0.00,0.00,0.00,0.00,1.0,-1,-1,-1
71,6,832.00,414.00,42.00,113.00,1.0,-1,-1,-1
72,0,918.00,381.00,504.00,205.00,1.0,-1,-1,-1
72,1,1338.00,363.00,218.00,517.00,1.0,-1,-1,-1
72,2,0.00,0.00,0.00,0.00,1.0,-1,-1,-1
72,3,26.00,443.00,76.00,194.00,1.0,-1,-1,-1
72,4,108.00,441.00,56.00,162.00,1.0,-1,-1,-1
72,5,0.00,0.00,0.00,0.00,1.0,-1,-1,-1
72,6,833.00,414.00,41.00,113.00,1.0,-1,-1,-1
73,0,917.00,364.00,535.00,223.00,1.0,-1,-1,-1
73,1,1344.00,359.00,218.00,534.00,1.0,-1,-1,-1
73,2,0.00,0.00,0.00,0.00,1.0,-1,-1,-1
73,3,26.00,439.00,72.00,199.00,1.0,-1,-1,-1
73,4,103.00,442.00,59.00,160.00,1.0,-1,-1,-1
73,5,0.00,0.00,0.00,0.00,1.0,-1,-1,-1
73,6,833.00,415.00,41.00,113.00,1.0,-1,-1,-1
74,0,913.00,425.00,66.00,162.00,1.0,-1,-1,-1
74,1,1351.00,354.00,215.00,547.00,1.0,-1,-1,-1
74,2,0.00,0.00,0.00,0.00,1.0,-1,-1,-1
74,3,18.00,436.00,75.00,200.00,1.0,-1,-1,-1
74,4,102.00,440.00,59.00,162.00,1.0,-1,-1,-1
74,5,0.00,0.00,0.00,0.00,1.0,-1,-1,-1
74,6,832.00,415.00,42.00,113.00,1.0,-1,-1,-1
75,0,905.00,428.00,65.00,161.00,1.0,-1,-1,-1
75,1,1373.00,351.00,200.00,564.00,1.0,-1,-1,-1
75,2,0.00,0.00,0.00,0.00,1.0,-1,-1,-1
75,3,0.00,438.00,83.00,202.00,1.0,-1,-1,-1
75,4,101.00,439.00,53.00,137.00,1.0,-1,-1,-1
75,5,0.00,0.00,0.00,0.00,1.0,-1,-1,-1
75,6,829.00,418.00,41.00,116.00,1.0,-1,-1,-1
76,0,901.00,364.00,581.00,225.00,1.0,-1,-1,-1
76,1,1390.00,348.00,184.00,574.00,1.0,-1,-1,-1
76,2,0.00,0.00,0.00,0.00,1.0,-1,-1,-1
76,3,0.00,436.00,74.00,203.00,1.0,-1,-1,-1
76,4,93.00,439.00,59.00,137.00,1.0,-1,-1,-1
76,5,0.00,0.00,0.00,0.00,1.0,-1,-1,-1
76,6,829.00,419.00,41.00,114.00,1.0,-1,-1,-1
77,0,897.00,427.00,69.00,164.00,1.0,-1,-1,-1
77,1,1409.00,346.00,169.00,584.00,1.0,-1,-1,-1
77,2,0.00,0.00,0.00,0.00,1.0,-1,-1,-1
77,3,0.00,440.00,65.00,199.00,1.0,-1,-1,-1
77,4,92.00,436.00,58.00,141.00,1.0,-1,-1,-1
77,5,0.00,0.00,0.00,0.00,1.0,-1,-1,-1
77,6,829.00,420.00,40.00,115.00,1.0,-1,-1,-1
78,0,893.00,427.00,69.00,165.00,1.0,-1,-1,-1
78,1,1428.00,344.00,153.00,593.00,1.0,-1,-1,-1
78,2,0.00,0.00,0.00,0.00,1.0,-1,-1,-1
78,3,0.00,434.00,61.00,206.00,1.0,-1,-1,-1
78,4,89.00,433.00,58.00,143.00,1.0,-1,-1,-1
78,5,0.00,0.00,0.00,0.00,1.0,-1,-1,-1
78,6,826.00,419.00,42.00,116.00,1.0,-1,-1,-1
79,0,889.00,429.00,69.00,164.00,1.0,-1,-1,-1
79,1,1436.00,344.00,153.00,600.00,1.0,-1,-1,-1
79,2,0.00,0.00,0.00,0.00,1.0,-1,-1,-1
79,3,0.00,433.00,53.00,207.00,1.0,-1,-1,-1
79,4,85.00,431.00,59.00,146.00,1.0,-1,-1,-1
79,5,0.00,0.00,0.00,0.00,1.0,-1,-1,-1
79,6,825.00,419.00,41.00,118.00,1.0,-1,-1,-1
80,0,883.00,429.00,70.00,164.00,1.0,-1,-1,-1
80,1,1454.00,345.00,160.00,621.00,1.0,-1,-1,-1
80,2,0.00,0.00,0.00,0.00,1.0,-1,-1,-1
80,3,0.00,431.00,44.00,202.00,1.0,-1,-1,-1
80,4,77.00,431.00,66.00,144.00,1.0,-1,-1,-1
80,5,0.00,0.00,0.00,0.00,1.0,-1,-1,-1
80,6,822.00,417.00,41.00,118.00,1.0,-1,-1,-1
81,0,881.00,429.00,69.00,163.00,1.0,-1,-1,-1
81,1,1466.00,345.00,161.00,641.00,1.0,-1,-1,-1
81,2,0.00,0.00,0.00,0.00,1.0,-1,-1,-1
81,3,0.00,434.00,37.00,197.00,1.0,-1,-1,-1
81,4,68.00,431.00,70.00,142.00,1.0,-1,-1,-1
81,5,0.00,0.00,0.00,0.00,1.0,-1,-1,-1
81,6,820.00,415.00,42.00,119.00,1.0,-1,-1,-1
82,0,879.00,428.00,67.00,162.00,1.0,-1,-1,-1
82,1,1478.00,345.00,173.00,653.00,1.0,-1,-1,-1
82,2,0.00,0.00,0.00,0.00,1.0,-1,-1,-1
82,3,0.00,437.00,28.00,190.00,1.0,-1,-1,-1
82,4,65.00,426.00,70.00,145.00,1.0,-1,-1,-1
82,5,0.00,0.00,0.00,0.00,1.0,-1,-1,-1
82,6,819.00,413.00,42.00,120.00,1.0,-1,-1,-1
83,0,875.00,427.00,68.00,162.00,1.0,-1,-1,-1
83,1,1490.00,345.00,202.00,664.00,1.0,-1,-1,-1
83,2,0.00,0.00,0.00,0.00,1.0,-1,-1,-1
83,3,0.00,450.00,22.00,176.00,1.0,-1,-1,-1
83,4,67.00,425.00,66.00,141.00,1.0,-1,-1,-1
83,5,0.00,0.00,0.00,0.00,1.0,-1,-1,-1
83,6,817.00,411.00,44.00,120.00,1.0,-1,-1,-1
84,0,872.00,426.00,67.00,162.00,1.0,-1,-1,-1
84,1,1500.00,346.00,227.00,678.00,1.0,-1,-1,-1
84,2,0.00,0.00,0.00,0.00,1.0,-1,-1,-1
84,3,0.00,453.00,16.00,97.00,1.0,-1,-1,-1
84,4,64.00,424.00,64.00,141.00,1.0,-1,-1,-1
84,5,0.00,0.00,0.00,0.00,1.0,-1,-1,-1
84,6,816.00,410.00,43.00,120.00,1.0,-1,-1,-1
85,0,867.00,424.00,67.00,163.00,1.0,-1,-1,-1
85,1,1517.00,344.00,255.00,713.00,1.0,-1,-1,-1
85,2,0.00,0.00,0.00,0.00,1.0,-1,-1,-1
85,3,0.00,0.00,0.00,0.00,1.0,-1,-1,-1
85,4,70.00,429.00,54.00,135.00,1.0,-1,-1,-1
85,5,0.00,0.00,0.00,0.00,1.0,-1,-1,-1
85,6,815.00,410.00,44.00,120.00,1.0,-1,-1,-1
86,0,866.00,422.00,66.00,161.00,1.0,-1,-1,-1
86,1,1524.00,340.00,264.00,740.00,1.0,-1,-1,-1
86,2,0.00,0.00,0.00,0.00,1.0,-1,-1,-1
86,3,0.00,0.00,0.00,0.00,1.0,-1,-1,-1
86,4,69.00,427.00,56.00,138.00,1.0,-1,-1,-1
86,5,0.00,0.00,0.00,0.00,1.0,-1,-1,-1
86,6,814.00,410.00,45.00,119.00,1.0,-1,-1,-1
87,0,863.00,421.00,65.00,160.00,1.0,-1,-1,-1
87,1,1532.00,336.00,259.00,744.00,1.0,-1,-1,-1
87,2,0.00,0.00,0.00,0.00,1.0,-1,-1,-1
87,3,0.00,0.00,0.00,0.00,1.0,-1,-1,-1
87,4,66.00,429.00,56.00,137.00,1.0,-1,-1,-1
87,5,0.00,0.00,0.00,0.00,1.0,-1,-1,-1
87,6,813.00,409.00,46.00,120.00,1.0,-1,-1,-1
87,7,1870.00,413.00,50.00,489.00,1.0,-1,-1,-1
88,0,858.00,420.00,68.00,161.00,1.0,-1,-1,-1
88,1,1548.00,333.00,240.00,747.00,1.0,-1,-1,-1
88,2,0.00,0.00,0.00,0.00,1.0,-1,-1,-1
88,3,0.00,0.00,0.00,0.00,1.0,-1,-1,-1
88,4,64.00,429.00,56.00,122.00,1.0,-1,-1,-1
88,5,0.00,0.00,0.00,0.00,1.0,-1,-1,-1
88,6,813.00,410.00,46.00,120.00,1.0,-1,-1,-1
88,7,1873.00,408.00,47.00,497.00,1.0,-1,-1,-1
89,0,860.00,419.00,62.00,161.00,1.0,-1,-1,-1
89,1,1571.00,327.00,216.00,753.00,1.0,-1,-1,-1
89,2,0.00,0.00,0.00,0.00,1.0,-1,-1,-1
89,3,0.00,0.00,0.00,0.00,1.0,-1,-1,-1
89,4,60.00,428.00,63.00,94.00,1.0,-1,-1,-1
89,5,0.00,0.00,0.00,0.00,1.0,-1,-1,-1
89,6,815.00,410.00,41.00,119.00,1.0,-1,-1,-1
89,7,1873.00,406.00,47.00,501.00,1.0,-1,-1,-1
90,0,855.00,420.00,67.00,163.00,1.0,-1,-1,-1
90,1,1623.00,316.00,205.00,764.00,1.0,-1,-1,-1
90,2,0.00,0.00,0.00,0.00,1.0,-1,-1,-1
90,3,0.00,0.00,0.00,0.00,1.0,-1,-1,-1
90,4,60.00,436.00,57.00,81.00,1.0,-1,-1,-1
90,5,0.00,0.00,0.00,0.00,1.0,-1,-1,-1
90,6,817.00,410.00,42.00,121.00,1.0,-1,-1,-1
90,7,1865.00,406.00,55.00,512.00,1.0,-1,-1,-1
91,0,855.00,420.00,66.00,162.00,1.0,-1,-1,-1
91,1,1644.00,308.00,216.00,772.00,1.0,-1,-1,-1
91,2,0.00,0.00,0.00,0.00,1.0,-1,-1,-1
91,3,0.00,0.00,0.00,0.00,1.0,-1,-1,-1
91,4,61.00,443.00,61.00,70.00,1.0,-1,-1,-1
91,5,0.00,0.00,0.00,0.00,1.0,-1,-1,-1
91,6,820.00,409.00,40.00,121.00,1.0,-1,-1,-1
91,7,1863.00,406.00,57.00,395.00,1.0,-1,-1,-1
92,0,854.00,314.00,958.00,269.00,1.0,-1,-1,-1
92,1,1663.00,302.00,237.00,778.00,1.0,-1,-1,-1
92,2,0.00,0.00,0.00,0.00,1.0,-1,-1,-1
92,3,0.00,0.00,0.00,0.00,1.0,-1,-1,-1
92,4,61.00,454.00,51.00,58.00,1.0,-1,-1,-1
92,5,0.00,0.00,0.00,0.00,1.0,-1,-1,-1
92,6,822.00,409.00,41.00,120.00,1.0,-1,-1,-1
92,7,1869.00,408.00,51.00,390.00,1.0,-1,-1,-1
93,0,852.00,421.00,66.00,160.00,1.0,-1,-1,-1
93,1,1684.00,298.00,236.00,782.00,1.0,-1,-1,-1
93,2,0.00,0.00,0.00,0.00,1.0,-1,-1,-1
93,3,0.00,0.00,0.00,0.00,1.0,-1,-1,-1
93,4,56.00,461.00,55.00,48.00,1.0,-1,-1,-1
93,5,0.00,0.00,0.00,0.00,1.0,-1,-1,-1
93,6,826.00,408.00,40.00,119.00,1.0,-1,-1,-1
93,7,1882.00,411.00,38.00,282.00,1.0,-1,-1,-1
94,0,849.00,297.00,993.00,281.00,1.0,-1,-1,-1
94,1,1707.00,292.00,213.00,788.00,1.0,-1,-1,-1
94,2,0.00,0.00,0.00,0.00,1.0,-1,-1,-1
94,3,0.00,0.00,0.00,0.00,1.0,-1,-1,-1
94,4,53.00,462.00,49.00,45.00,1.0,-1,-1,-1
94,5,0.00,0.00,0.00,0.00,1.0,-1,-1,-1
94,6,828.00,404.00,41.00,122.00,1.0,-1,-1,-1
94,7,1892.00,410.00,28.00,67.00,1.0,-1,-1,-1
95,0,845.00,414.00,73.00,161.00,1.0,-1,-1,-1
95,1,1750.00,286.00,170.00,794.00,1.0,-1,-1,-1
95,2,0.00,0.00,0.00,0.00,1.0,-1,-1,-1
95,3,0.00,0.00,0.00,0.00,1.0,-1,-1,-1
95,4,0.00,0.00,0.00,0.00,1.0,-1,-1,-1
95,5,0.00,0.00,0.00,0.00,1.0,-1,-1,-1
95,6,830.00,398.00,38.00,125.00,1.0,-1,-1,-1
95,7,1777.00,837.00,35.00,33.00,1.0,-1,-1,-1
95,8,737.00,406.00,49.00,115.00,1.0,-1,-1,-1
96,0,845.00,411.00,70.00,160.00,1.0,-1,-1,-1
96,1,1776.00,290.00,144.00,790.00,1.0,-1,-1,-1
96,2,0.00,0.00,0.00,0.00,1.0,-1,-1,-1
96,3,0.00,0.00,0.00,0.00,1.0,-1,-1,-1
96,4,0.00,0.00,0.00,0.00,1.0,-1,-1,-1
96,5,0.00,0.00,0.00,0.00,1.0,-1,-1,-1
96,6,832.00,395.00,34.00,125.00,1.0,-1,-1,-1
96,7,1782.00,404.00,127.00,470.00,1.0,-1,-1,-1
96,8,741.00,403.00,47.00,116.00,1.0,-1,-1,-1
97,0,844.00,407.00,70.00,161.00,1.0,-1,-1,-1
97,1,1803.00,398.00,117.00,682.00,1.0,-1,-1,-1
97,2,0.00,0.00,0.00,0.00,1.0,-1,-1,-1
97,3,0.00,0.00,0.00,0.00,1.0,-1,-1,-1
97,4,0.00,0.00,0.00,0.00,1.0,-1,-1,-1
97,5,0.00,0.00,0.00,0.00,1.0,-1,-1,-1
97,6,832.00,391.00,34.00,126.00,1.0,-1,-1,-1
97,7,1788.00,395.00,132.00,484.00,1.0,-1,-1,-1
97,8,743.00,399.00,47.00,116.00,1.0,-1,-1,-1
98,0,843.00,404.00,69.00,162.00,1.0,-1,-1,-1
98,1,1821.00,392.00,99.00,688.00,1.0,-1,-1,-1
98,2,0.00,0.00,0.00,0.00,1.0,-1,-1,-1
98,3,0.00,0.00,0.00,0.00,1.0,-1,-1,-1
98,4,0.00,0.00,0.00,0.00,1.0,-1,-1,-1
98,5,0.00,0.00,0.00,0.00,1.0,-1,-1,-1
98,6,833.00,390.00,33.00,125.00,1.0,-1,-1,-1
98,7,1793.00,391.00,127.00,491.00,1.0,-1,-1,-1
98,8,742.00,398.00,48.00,116.00,1.0,-1,-1,-1
99,0,840.00,402.00,71.00,161.00,1.0,-1,-1,-1
99,1,1837.00,431.00,83.00,649.00,1.0,-1,-1,-1
99,2,0.00,0.00,0.00,0.00,1.0,-1,-1,-1
99,3,0.00,0.00,0.00,0.00,1.0,-1,-1,-1
99,4,0.00,0.00,0.00,0.00,1.0,-1,-1,-1
99,5,0.00,0.00,0.00,0.00,1.0,-1,-1,-1
99,6,834.00,389.00,30.00,122.00,1.0,-1,-1,-1
99,7,1799.00,387.00,121.00,497.00,1.0,-1,-1,-1
99,8,731.00,397.00,59.00,115.00,1.0,-1,-1,-1
100,0,839.00,398.00,68.00,163.00,1.0,-1,-1,-1
100,1,1894.00,1031.00,26.00,49.00,1.0,-1,-1,-1
100,2,0.00,0.00,0.00,0.00,1.0,-1,-1,-1
100,3,0.00,0.00,0.00,0.00,1.0,-1,-1,-1
100,4,0.00,0.00,0.00,0.00,1.0,-1,-1,-1
100,5,0.00,0.00,0.00,0.00,1.0,-1,-1,-1
100,6,836.00,387.00,30.00,97.00,1.0,-1,-1,-1
100,7,1803.00,378.00,117.00,511.00,1.0,-1,-1,-1
100,8,744.00,394.00,47.00,116.00,1.0,-1,-1,-1
101,0,836.00,397.00,69.00,164.00,1.0,-1,-1,-1
101,1,0.00,0.00,0.00,0.00,1.0,-1,-1,-1
101,2,0.00,0.00,0.00,0.00,1.0,-1,-1,-1
101,3,0.00,0.00,0.00,0.00,1.0,-1,-1,-1
101,4,0.00,0.00,0.00,0.00,1.0,-1,-1,-1
101,5,0.00,0.00,0.00,0.00,1.0,-1,-1,-1
101,6,835.00,387.00,30.00,64.00,1.0,-1,-1,-1
101,7,1795.00,375.00,125.00,515.00,1.0,-1,-1,-1
101,8,743.00,394.00,48.00,116.00,1.0,-1,-1,-1
102,0,835.00,393.00,68.00,167.00,1.0,-1,-1,-1
102,1,0.00,0.00,0.00,0.00,1.0,-1,-1,-1
102,2,0.00,0.00,0.00,0.00,1.0,-1,-1,-1
102,3,0.00,0.00,0.00,0.00,1.0,-1,-1,-1
102,4,0.00,0.00,0.00,0.00,1.0,-1,-1,-1
102,5,0.00,0.00,0.00,0.00,1.0,-1,-1,-1
102,6,836.00,386.00,29.00,55.00,1.0,-1,-1,-1
102,7,1789.00,374.00,131.00,517.00,1.0,-1,-1,-1
102,8,745.00,393.00,44.00,116.00,1.0,-1,-1,-1
103,0,832.00,388.00,68.00,171.00,1.0,-1,-1,-1
103,1,0.00,0.00,0.00,0.00,1.0,-1,-1,-1
103,2,0.00,0.00,0.00,0.00,1.0,-1,-1,-1
103,3,0.00,0.00,0.00,0.00,1.0,-1,-1,-1
103,4,0.00,0.00,0.00,0.00,1.0,-1,-1,-1
103,5,0.00,0.00,0.00,0.00,1.0,-1,-1,-1
103,6,839.00,384.00,29.00,37.00,1.0,-1,-1,-1
103,7,1771.00,371.00,149.00,527.00,1.0,-1,-1,-1
103,8,746.00,391.00,41.00,112.00,1.0,-1,-1,-1
104,0,829.00,387.00,68.00,173.00,1.0,-1,-1,-1
104,1,0.00,0.00,0.00,0.00,1.0,-1,-1,-1
104,2,0.00,0.00,0.00,0.00,1.0,-1,-1,-1
104,3,0.00,0.00,0.00,0.00,1.0,-1,-1,-1
104,4,0.00,0.00,0.00,0.00,1.0,-1,-1,-1
104,5,0.00,0.00,0.00,0.00,1.0,-1,-1,-1
104,6,840.00,385.00,32.00,31.00,1.0,-1,-1,-1
104,7,1745.00,373.00,175.00,528.00,1.0,-1,-1,-1
104,8,749.00,392.00,37.00,110.00,1.0,-1,-1,-1
105,0,828.00,384.00,67.00,176.00,1.0,-1,-1,-1
105,1,0.00,0.00,0.00,0.00,1.0,-1,-1,-1
105,2,0.00,0.00,0.00,0.00,1.0,-1,-1,-1
105,3,0.00,0.00,0.00,0.00,1.0,-1,-1,-1
105,4,0.00,0.00,0.00,0.00,1.0,-1,-1,-1
105,5,0.00,0.00,0.00,0.00,1.0,-1,-1,-1
105,6,836.00,383.00,33.00,37.00,1.0,-1,-1,-1
105,7,1701.00,378.00,219.00,533.00,1.0,-1,-1,-1
105,8,749.00,392.00,37.00,109.00,1.0,-1,-1,-1
106,0,824.00,383.00,68.00,178.00,1.0,-1,-1,-1
106,1,0.00,0.00,0.00,0.00,1.0,-1,-1,-1
106,2,0.00,0.00,0.00,0.00,1.0,-1,-1,-1
106,3,0.00,0.00,0.00,0.00,1.0,-1,-1,-1
106,4,0.00,0.00,0.00,0.00,1.0,-1,-1,-1
106,5,0.00,0.00,0.00,0.00,1.0,-1,-1,-1
106,6,835.00,383.00,36.00,45.00,1.0,-1,-1,-1
106,7,1687.00,381.00,233.00,531.00,1.0,-1,-1,-1
106,8,747.00,393.00,37.00,109.00,1.0,-1,-1,-1
107,0,824.00,382.00,67.00,179.00,1.0,-1,-1,-1
107,1,0.00,0.00,0.00,0.00,1.0,-1,-1,-1
107,2,0.00,0.00,0.00,0.00,1.0,-1,-1,-1
107,3,0.00,0.00,0.00,0.00,1.0,-1,-1,-1
107,4,0.00,0.00,0.00,0.00,1.0,-1,-1,-1
107,5,0.00,0.00,0.00,0.00,1.0,-1,-1,-1
107,6,836.00,382.00,35.00,39.00,1.0,-1,-1,-1
107,7,1682.00,384.00,238.00,532.00,1.0,-1,-1,-1
107,8,747.00,393.00,36.00,109.00,1.0,-1,-1,-1
108,0,823.00,381.00,66.00,180.00,1.0,-1,-1,-1
108,1,0.00,0.00,0.00,0.00,1.0,-1,-1,-1
108,2,0.00,0.00,0.00,0.00,1.0,-1,-1,-1
108,3,0.00,0.00,0.00,0.00,1.0,-1,-1,-1
108,4,0.00,0.00,0.00,0.00,1.0,-1,-1,-1
108,5,0.00,0.00,0.00,0.00,1.0,-1,-1,-1
108,6,836.00,380.00,38.00,43.00,1.0,-1,-1,-1
108,7,1683.00,386.00,237.00,531.00,1.0,-1,-1,-1
108,8,747.00,392.00,36.00,109.00,1.0,-1,-1,-1
109,0,821.00,380.00,65.00,181.00,1.0,-1,-1,-1
109,1,0.00,0.00,0.00,0.00,1.0,-1,-1,-1
109,2,0.00,0.00,0.00,0.00,1.0,-1,-1,-1
109,3,0.00,0.00,0.00,0.00,1.0,-1,-1,-1
109,4,0.00,0.00,0.00,0.00,1.0,-1,-1,-1
109,5,0.00,0.00,0.00,0.00,1.0,-1,-1,-1
109,6,839.00,380.00,36.00,66.00,1.0,-1,-1,-1
109,7,1685.00,388.00,235.00,531.00,1.0,-1,-1,-1
109,8,746.00,391.00,36.00,109.00,1.0,-1,-1,-1
110,0,817.00,380.00,65.00,175.00,1.0,-1,-1,-1
110,1,0.00,0.00,0.00,0.00,1.0,-1,-1,-1
110,2,0.00,0.00,0.00,0.00,1.0,-1,-1,-1
110,3,0.00,0.00,0.00,0.00,1.0,-1,-1,-1
110,4,55.00,398.00,43.00,82.00,1.0,-1,-1,-1
110,5,0.00,0.00,0.00,0.00,1.0,-1,-1,-1
110,6,835.00,379.00,42.00,78.00,1.0,-1,-1,-1
110,7,1693.00,384.00,227.00,535.00,1.0,-1,-1,-1
110,8,744.00,390.00,36.00,108.00,1.0,-1,-1,-1
111,0,815.00,380.00,64.00,176.00,1.0,-1,-1,-1
111,1,0.00,0.00,0.00,0.00,1.0,-1,-1,-1
111,2,0.00,0.00,0.00,0.00,1.0,-1,-1,-1
111,3,0.00,0.00,0.00,0.00,1.0,-1,-1,-1
111,4,47.00,399.00,50.00,80.00,1.0,-1,-1,-1
111,5,0.00,0.00,0.00,0.00,1.0,-1,-1,-1
111,6,845.00,379.00,31.00,73.00,1.0,-1,-1,-1
111,7,1698.00,382.00,222.00,539.00,1.0,-1,-1,-1
111,8,741.00,389.00,38.00,108.00,1.0,-1,-1,-1
112,0,813.00,380.00,64.00,175.00,1.0,-1,-1,-1
112,1,0.00,0.00,0.00,0.00,1.0,-1,-1,-1
112,2,0.00,0.00,0.00,0.00,1.0,-1,-1,-1
112,3,0.00,0.00,0.00,0.00,1.0,-1,-1,-1
112,4,40.00,399.00,56.00,95.00,1.0,-1,-1,-1
112,5,0.00,0.00,0.00,0.00,1.0,-1,-1,-1
112,6,848.00,379.00,29.00,73.00,1.0,-1,-1,-1
112,7,1701.00,380.00,219.00,533.00,1.0,-1,-1,-1
112,8,740.00,388.00,39.00,108.00,1.0,-1,-1,-1
113,0,812.00,394.00,63.00,162.00,1.0,-1,-1,-1
113,1,0.00,0.00,0.00,0.00,1.0,-1,-1,-1
113,2,0.00,0.00,0.00,0.00,1.0,-1,-1,-1
113,3,0.00,0.00,0.00,0.00,1.0,-1,-1,-1
113,4,40.00,399.00,55.00,137.00,1.0,-1,-1,-1
113,5,0.00,0.00,0.00,0.00,1.0,-1,-1,-1
113,6,848.00,380.00,31.00,133.00,1.0,-1,-1,-1
113,7,1708.00,375.00,212.00,524.00,1.0,-1,-1,-1
113,8,744.00,389.00,35.00,107.00,1.0,-1,-1,-1
114,0,812.00,394.00,63.00,162.00,1.0,-1,-1,-1
114,1,0.00,0.00,0.00,0.00,1.0,-1,-1,-1
114,2,0.00,0.00,0.00,0.00,1.0,-1,-1,-1
114,3,0.00,0.00,0.00,0.00,1.0,-1,-1,-1
114,4,43.00,397.00,54.00,142.00,1.0,-1,-1,-1
114,5,0.00,0.00,0.00,0.00,1.0,-1,-1,-1
114,6,851.00,380.00,31.00,134.00,1.0,-1,-1,-1
114,7,1717.00,370.00,203.00,523.00,1.0,-1,-1,-1
114,8,745.00,389.00,35.00,108.00,1.0,-1,-1,-1
115,0,813.00,396.00,59.00,162.00,1.0,-1,-1,-1
115,1,0.00,0.00,0.00,0.00,1.0,-1,-1,-1
115,2,0.00,0.00,0.00,0.00,1.0,-1,-1,-1
115,3,0.00,0.00,0.00,0.00,1.0,-1,-1,-1
115,4,48.00,403.00,54.00,145.00,1.0,-1,-1,-1
115,5,0.00,0.00,0.00,0.00,1.0,-1,-1,-1
115,6,856.00,382.00,33.00,137.00,1.0,-1,-1,-1
115,7,1738.00,366.00,182.00,533.00,1.0,-1,-1,-1
115,8,750.00,391.00,36.00,109.00,1.0,-1,-1,-1
116,0,815.00,397.00,56.00,161.00,1.0,-1,-1,-1
116,1,0.00,0.00,0.00,0.00,1.0,-1,-1,-1
116,2,0.00,0.00,0.00,0.00,1.0,-1,-1,-1
116,3,0.00,0.00,0.00,0.00,1.0,-1,-1,-1
116,4,50.00,404.00,58.00,142.00,1.0,-1,-1,-1
116,5,0.00,0.00,0.00,0.00,1.0,-1,-1,-1
116,6,860.00,383.00,32.00,136.00,1.0,-1,-1,-1
116,7,1740.00,366.00,180.00,539.00,1.0,-1,-1,-1
116,8,752.00,392.00,38.00,107.00,1.0,-1,-1,-1
117,0,819.00,400.00,56.00,160.00,1.0,-1,-1,-1
117,1,0.00,0.00,0.00,0.00,1.0,-1,-1,-1
117,2,0.00,0.00,0.00,0.00,1.0,-1,-1,-1
117,3,0.00,0.00,0.00,0.00,1.0,-1,-1,-1
117,4,53.00,407.00,60.00,141.00,1.0,-1,-1,-1
117,5,0.00,0.00,0.00,0.00,1.0,-1,-1,-1
117,6,859.00,384.00,32.00,129.00,1.0,-1,-1,-1
117,7,1740.00,366.00,180.00,545.00,1.0,-1,-1,-1
117,8,753.00,393.00,37.00,106.00,1.0,-1,-1,-1
118,0,820.00,403.00,56.00,160.00,1.0,-1,-1,-1
118,1,0.00,0.00,0.00,0.00,1.0,-1,-1,-1
118,2,0.00,0.00,0.00,0.00,1.0,-1,-1,-1
118,3,0.00,0.00,0.00,0.00,1.0,-1,-1,-1
118,4,60.00,406.00,57.00,145.00,1.0,-1,-1,-1
118,5,0.00,0.00,0.00,0.00,1.0,-1,-1,-1
118,6,861.00,384.00,38.00,139.00,1.0,-1,-1,-1
118,7,1729.00,368.00,191.00,548.00,1.0,-1,-1,-1
118,8,760.00,394.00,38.00,111.00,1.0,-1,-1,-1
119,0,827.00,402.00,68.00,160.00,1.0,-1,-1,-1
119,1,0.00,0.00,0.00,0.00,1.0,-1,-1,-1
119,2,0.00,0.00,0.00,0.00,1.0,-1,-1,-1
119,3,0.00,0.00,0.00,0.00,1.0,-1,-1,-1
119,4,71.00,408.00,55.00,139.00,1.0,-1,-1,-1
119,5,0.00,0.00,0.00,0.00,1.0,-1,-1,-1
119,6,868.00,384.00,45.00,138.00,1.0,-1,-1,-1
119,7,1709.00,370.00,162.00,554.00,1.0,-1,-1,-1
119,8,769.00,394.00,37.00,108.00,1.0,-1,-1,-1
120,0,832.00,402.00,61.00,160.00,1.0,-1,-1,-1
120,1,0.00,0.00,0.00,0.00,1.0,-1,-1,-1
120,2,0.00,0.00,0.00,0.00,1.0,-1,-1,-1
120,3,0.00,0.00,0.00,0.00,1.0,-1,-1,-1
120,4,82.00,411.00,55.00,138.00,1.0,-1,-1,-1
120,5,0.00,0.00,0.00,0.00,1.0,-1,-1,-1
120,6,874.00,384.00,41.00,138.00,1.0,-1,-1,-1
120,7,1701.00,371.00,183.00,557.00,1.0,-1,-1,-1
120,8,778.00,394.00,35.00,107.00,1.0,-1,-1,-1
121,0,855.00,400.00,64.00,159.00,1.0,-1,-1,-1
121,1,0.00,0.00,0.00,0.00,1.0,-1,-1,-1
121,2,0.00,0.00,0.00,0.00,1.0,-1,-1,-1
121,3,0.00,0.00,0.00,0.00,1.0,-1,-1,-1
121,4,114.00,413.00,52.00,138.00,1.0,-1,-1,-1
121,5,0.00,0.00,0.00,0.00,1.0,-1,-1,-1
121,6,899.00,382.00,47.00,141.00,1.0,-1,-1,-1
121,7,1708.00,375.00,212.00,560.00,1.0,-1,-1,-1
121,8,805.00,395.00,35.00,107.00,1.0,-1,-1,-1
122,0,861.00,397.00,65.00,161.00,1.0,-1,-1,-1
122,1,0.00,0.00,0.00,0.00,1.0,-1,-1,-1
122,2,0.00,0.00,0.00,0.00,1.0,-1,-1,-1
122,3,0.00,0.00,0.00,0.00,1.0,-1,-1,-1
122,4,123.00,411.00,53.00,137.00,1.0,-1,-1,-1
122,5,0.00,0.00,0.00,0.00,1.0,-1,-1,-1
122,6,909.00,379.00,47.00,142.00,1.0,-1,-1,-1
122,7,1714.00,376.00,206.00,562.00,1.0,-1,-1,-1
122,8,811.00,393.00,39.00,107.00,1.0,-1,-1,-1
123,0,866.00,394.00,64.00,161.00,1.0,-1,-1,-1
123,1,0.00,0.00,0.00,0.00,1.0,-1,-1,-1
123,2,0.00,0.00,0.00,0.00,1.0,-1,-1,-1
123,3,0.00,0.00,0.00,0.00,1.0,-1,-1,-1
123,4,131.00,409.00,53.00,135.00,1.0,-1,-1,-1
123,5,0.00,0.00,0.00,0.00,1.0,-1,-1,-1
123,6,914.00,377.00,47.00,143.00,1.0,-1,-1,-1
123,7,1720.00,376.00,200.00,563.00,1.0,-1,-1,-1
123,8,820.00,391.00,37.00,106.00,1.0,-1,-1,-1
124,0,870.00,392.00,65.00,161.00,1.0,-1,-1,-1
124,1,0.00,0.00,0.00,0.00,1.0,-1,-1,-1
124,2,0.00,0.00,0.00,0.00,1.0,-1,-1,-1
124,3,0.00,0.00,0.00,0.00,1.0,-1,-1,-1
124,4,139.00,406.00,51.00,136.00,1.0,-1,-1,-1
124,5,0.00,0.00,0.00,0.00,1.0,-1,-1,-1
124,6,921.00,376.00,47.00,141.00,1.0,-1,-1,-1
124,7,1730.00,374.00,190.00,566.00,1.0,-1,-1,-1
124,8,825.00,389.00,38.00,108.00,1.0,-1,-1,-1
125,0,875.00,381.00,967.00,169.00,1.0,-1,-1,-1
125,1,0.00,0.00,0.00,0.00,1.0,-1,-1,-1
125,2,0.00,0.00,0.00,0.00,1.0,-1,-1,-1
125,3,0.00,0.00,0.00,0.00,1.0,-1,-1,-1
125,4,146.00,404.00,49.00,131.00,1.0,-1,-1,-1
125,5,0.00,0.00,0.00,0.00,1.0,-1,-1,-1
125,6,928.00,373.00,49.00,143.00,1.0,-1,-1,-1
125,7,1742.00,371.00,178.00,568.00,1.0,-1,-1,-1
125,8,833.00,385.00,38.00,107.00,1.0,-1,-1,-1
126,0,888.00,386.00,57.00,160.00,1.0,-1,-1,-1
126,1,0.00,0.00,0.00,0.00,1.0,-1,-1,-1
126,2,0.00,0.00,0.00,0.00,1.0,-1,-1,-1
126,3,0.00,0.00,0.00,0.00,1.0,-1,-1,-1
126,4,162.00,399.00,50.00,131.00,1.0,-1,-1,-1
126,5,0.00,0.00,0.00,0.00,1.0,-1,-1,-1
126,6,944.00,371.00,47.00,142.00,1.0,-1,-1,-1
126,7,1766.00,360.00,154.00,527.00,1.0,-1,-1,-1
126,8,847.00,382.00,36.00,106.00,1.0,-1,-1,-1
127,0,893.00,386.00,65.00,161.00,1.0,-1,-1,-1
127,1,0.00,0.00,0.00,0.00,1.0,-1,-1,-1
127,2,0.00,0.00,0.00,0.00,1.0,-1,-1,-1
127,3,0.00,0.00,0.00,0.00,1.0,-1,-1,-1
127,4,172.00,397.00,49.00,134.00,1.0,-1,-1,-1
127,5,0.00,0.00,0.00,0.00,1.0,-1,-1,-1
127,6,949.00,369.00,50.00,144.00,1.0,-1,-1,-1
127,7,1780.00,356.00,140.00,537.00,1.0,-1,-1,-1
127,8,852.00,380.00,38.00,108.00,1.0,-1,-1,-1
128,0,900.00,385.00,66.00,160.00,1.0,-1,-1,-1
128,1,0.00,0.00,0.00,0.00,1.0,-1,-1,-1
128,2,0.00,0.00,0.00,0.00,1.0,-1,-1,-1
128,3,0.00,0.00,0.00,0.00,1.0,-1,-1,-1
128,4,179.00,396.00,50.00,135.00,1.0,-1,-1,-1
128,5,0.00,0.00,0.00,0.00,1.0,-1,-1,-1
128,6,956.00,368.00,51.00,145.00,1.0,-1,-1,-1
128,7,1796.00,350.00,124.00,544.00,1.0,-1,-1,-1
128,8,864.00,379.00,35.00,105.00,1.0,-1,-1,-1
129,0,907.00,386.00,67.00,159.00,1.0,-1,-1,-1
129,1,0.00,0.00,0.00,0.00,1.0,-1,-1,-1
129,2,0.00,0.00,0.00,0.00,1.0,-1,-1,-1
129,3,0.00,0.00,0.00,0.00,1.0,-1,-1,-1
129,4,189.00,396.00,49.00,134.00,1.0,-1,-1,-1
129,5,0.00,0.00,0.00,0.00,1.0,-1,-1,-1
129,6,962.00,367.00,51.00,147.00,1.0,-1,-1,-1
129,7,1795.00,345.00,125.00,556.00,1.0,-1,-1,-1
129,8,872.00,378.00,36.00,106.00,1.0,-1,-1,-1
129,9,0.00,377.00,92.00,229.00,1.0,-1,-1,-1
130,0,913.00,385.00,60.00,159.00,1.0,-1,-1,-1
130,1,0.00,0.00,0.00,0.00,1.0,-1,-1,-1
130,2,0.00,0.00,0.00,0.00,1.0,-1,-1,-1
130,3,0.00,0.00,0.00,0.00,1.0,-1,-1,-1
130,4,195.00,394.00,50.00,134.00,1.0,-1,-1,-1
130,5,0.00,0.00,0.00,0.00,1.0,-1,-1,-1
130,6,970.00,366.00,50.00,147.00,1.0,-1,-1,-1
130,7,1795.00,341.00,125.00,561.00,1.0,-1,-1,-1
130,8,877.00,376.00,37.00,107.00,1.0,-1,-1,-1
130,9,0.00,375.00,97.00,230.00,1.0,-1,-1,-1
131,0,930.00,381.00,58.00,161.00,1.0,-1,-1,-1
131,1,0.00,0.00,0.00,0.00,1.0,-1,-1,-1
131,2,0.00,0.00,0.00,0.00,1.0,-1,-1,-1
131,3,0.00,0.00,0.00,0.00,1.0,-1,-1,-1
131,4,213.00,388.00,53.00,137.00,1.0,-1,-1,-1
131,5,0.00,0.00,0.00,0.00,1.0,-1,-1,-1
131,6,985.00,362.00,51.00,150.00,1.0,-1,-1,-1
131,7,1800.00,336.00,120.00,574.00,1.0,-1,-1,-1
131,8,895.00,375.00,34.00,106.00,1.0,-1,-1,-1
131,9,9.00,370.00,99.00,232.00,1.0,-1,-1,-1
132,0,936.00,381.00,60.00,159.00,1.0,-1,-1,-1
132,1,0.00,0.00,0.00,0.00,1.0,-1,-1,-1
132,2,0.00,0.00,0.00,0.00,1.0,-1,-1,-1
132,3,0.00,0.00,0.00,0.00,1.0,-1,-1,-1
132,4,223.00,394.00,55.00,129.00,1.0,-1,-1,-1
132,5,0.00,0.00,0.00,0.00,1.0,-1,-1,-1
132,6,991.00,361.00,52.00,151.00,1.0,-1,-1,-1
132,7,1777.00,337.00,143.00,569.00,1.0,-1,-1,-1
132,8,902.00,374.00,35.00,109.00,1.0,-1,-1,-1
132,9,16.00,371.00,97.00,230.00,1.0,-1,-1,-1
133,0,942.00,379.00,62.00,158.00,1.0,-1,-1,-1
133,1,0.00,0.00,0.00,0.00,1.0,-1,-1,-1
133,2,0.00,0.00,0.00,0.00,1.0,-1,-1,-1
133,3,0.00,0.00,0.00,0.00,1.0,-1,-1,-1
133,4,231.00,393.00,57.00,131.00,1.0,-1,-1,-1
133,5,0.00,0.00,0.00,0.00,1.0,-1,-1,-1
133,6,1001.00,360.00,51.00,151.00,1.0,-1,-1,-1
133,7,1761.00,338.00,159.00,570.00,1.0,-1,-1,-1
133,8,910.00,373.00,33.00,107.00,1.0,-1,-1,-1
133,9,21.00,369.00,96.00,230.00,1.0,-1,-1,-1
134,0,948.00,376.00,63.00,158.00,1.0,-1,-1,-1
134,1,0.00,0.00,0.00,0.00,1.0,-1,-1,-1
134,2,0.00,0.00,0.00,0.00,1.0,-1,-1,-1
134,3,0.00,0.00,0.00,0.00,1.0,-1,-1,-1
134,4,240.00,390.00,53.00,131.00,1.0,-1,-1,-1
134,5,0.00,0.00,0.00,0.00,1.0,-1,-1,-1
134,6,1007.00,356.00,53.00,153.00,1.0,-1,-1,-1
134,7,1746.00,341.00,174.00,561.00,1.0,-1,-1,-1
134,8,917.00,371.00,34.00,107.00,1.0,-1,-1,-1
134,9,26.00,367.00,102.00,228.00,1.0,-1,-1,-1
135,0,954.00,372.00,63.00,160.00,1.0,-1,-1,-1
135,1,0.00,0.00,0.00,0.00,1.0,-1,-1,-1
135,2,0.00,0.00,0.00,0.00,1.0,-1,-1,-1
135,3,0.00,0.00,0.00,0.00,1.0,-1,-1,-1
135,4,248.00,388.00,50.00,130.00,1.0,-1,-1,-1
135,5,0.00,0.00,0.00,0.00,1.0,-1,-1,-1
135,6,1014.00,353.00,54.00,153.00,1.0,-1,-1,-1
135,7,1742.00,344.00,178.00,523.00,1.0,-1,-1,-1
135,8,924.00,369.00,31.00,106.00,1.0,-1,-1,-1
135,9,32.00,363.00,101.00,230.00,1.0,-1,-1,-1
136,0,959.00,364.00,943.00,164.00,1.0,-1,-1,-1
136,1,0.00,0.00,0.00,0.00,1.0,-1,-1,-1
136,2,0.00,0.00,0.00,0.00,1.0,-1,-1,-1
136,3,0.00,0.00,0.00,0.00,1.0,-1,-1,-1
136,4,257.00,380.00,48.00,133.00,1.0,-1,-1,-1
136,5,0.00,0.00,0.00,0.00,1.0,-1,-1,-1
136,6,1025.00,348.00,52.00,155.00,1.0,-1,-1,-1
136,7,1750.00,344.00,170.00,530.00,1.0,-1,-1,-1
136,8,933.00,364.00,31.00,107.00,1.0,-1,-1,-1
136,9,38.00,357.00,102.00,232.00,1.0,-1,-1,-1
137,0,962.00,364.00,940.00,161.00,1.0,-1,-1,-1
137,1,0.00,0.00,0.00,0.00,1.0,-1,-1,-1
137,2,0.00,0.00,0.00,0.00,1.0,-1,-1,-1
137,3,0.00,0.00,0.00,0.00,1.0,-1,-1,-1
137,4,263.00,375.00,48.00,131.00,1.0,-1,-1,-1
137,5,0.00,0.00,0.00,0.00,1.0,-1,-1,-1
137,6,1029.00,346.00,55.00,154.00,1.0,-1,-1,-1
137,7,1759.00,345.00,161.00,534.00,1.0,-1,-1,-1
137,8,938.00,361.00,30.00,107.00,1.0,-1,-1,-1
137,9,40.00,353.00,102.00,231.00,1.0,-1,-1,-1
138,0,965.00,362.00,937.00,160.00,1.0,-1,-1,-1
138,1,0.00,0.00,0.00,0.00,1.0,-1,-1,-1
138,2,0.00,0.00,0.00,0.00,1.0,-1,-1,-1
138,3,0.00,0.00,0.00,0.00,1.0,-1,-1,-1
138,4,269.00,372.00,48.00,131.00,1.0,-1,-1,-1
138,5,0.00,0.00,0.00,0.00,1.0,-1,-1,-1
138,6,1036.00,343.00,54.00,155.00,1.0,-1,-1,-1
138,7,1768.00,342.00,152.00,542.00,1.0,-1,-1,-1
138,8,944.00,359.00,29.00,105.00,1.0,-1,-1,-1
138,9,42.00,350.00,104.00,233.00,1.0,-1,-1,-1
139,0,967.00,348.00,935.00,173.00,1.0,-1,-1,-1
139,1,0.00,0.00,0.00,0.00,1.0,-1,-1,-1
139,2,0.00,0.00,0.00,0.00,1.0,-1,-1,-1
139,3,0.00,0.00,0.00,0.00,1.0,-1,-1,-1
139,4,275.00,371.00,46.00,127.00,1.0,-1,-1,-1
139,5,0.00,0.00,0.00,0.00,1.0,-1,-1,-1
139,6,1039.00,342.00,55.00,156.00,1.0,-1,-1,-1
139,7,1777.00,338.00,143.00,549.00,1.0,-1,-1,-1
139,8,947.00,357.00,30.00,106.00,1.0,-1,-1,-1
139,9,44.00,350.00,97.00,232.00,1.0,-1,-1,-1
140,0,969.00,347.00,933.00,173.00,1.0,-1,-1,-1
140,1,0.00,0.00,0.00,0.00,1.0,-1,-1,-1
140,2,0.00,0.00,0.00,0.00,1.0,-1,-1,-1
140,3,0.00,0.00,0.00,0.00,1.0,-1,-1,-1
140,4,280.00,370.00,47.00,128.00,1.0,-1,-1,-1
140,5,0.00,0.00,0.00,0.00,1.0,-1,-1,-1
140,6,1042.00,342.00,55.00,154.00,1.0,-1,-1,-1
140,7,1787.00,334.00,133.00,557.00,1.0,-1,-1,-1
140,8,948.00,356.00,31.00,107.00,1.0,-1,-1,-1
140,9,44.00,348.00,98.00,233.00,1.0,-1,-1,-1
141,0,971.00,363.00,67.00,155.00,1.0,-1,-1,-1
141,1,0.00,0.00,0.00,0.00,1.0,-1,-1,-1
141,2,0.00,0.00,0.00,0.00,1.0,-1,-1,-1
141,3,0.00,0.00,0.00,0.00,1.0,-1,-1,-1
141,4,286.00,367.00,47.00,132.00,1.0,-1,-1,-1
141,5,0.00,0.00,0.00,0.00,1.0,-1,-1,-1
141,6,1049.00,340.00,57.00,157.00,1.0,-1,-1,-1
141,7,1807.00,325.00,113.00,575.00,1.0,-1,-1,-1
141,8,955.00,354.00,29.00,105.00,1.0,-1,-1,-1
141,9,46.00,348.00,99.00,234.00,1.0,-1,-1,-1
141,10,863.00,352.00,45.00,120.00,1.0,-1,-1,-1
142,0,975.00,360.00,65.00,158.00,1.0,-1,-1,-1
142,1,0.00,0.00,0.00,0.00,1.0,-1,-1,-1
142,2,0.00,0.00,0.00,0.00,1.0,-1,-1,-1
142,3,0.00,0.00,0.00,0.00,1.0,-1,-1,-1
142,4,290.00,365.00,48.00,133.00,1.0,-1,-1,-1
142,5,0.00,0.00,0.00,0.00,1.0,-1,-1,-1
142,6,1054.00,339.00,56.00,158.00,1.0,-1,-1,-1
142,7,1817.00,321.00,103.00,583.00,1.0,-1,-1,-1
142,8,959.00,353.00,29.00,106.00,1.0,-1,-1,-1
142,9,48.00,348.00,100.00,234.00,1.0,-1,-1,-1
142,10,865.00,352.00,49.00,121.00,1.0,-1,-1,-1
143,0,976.00,361.00,65.00,158.00,1.0,-1,-1,-1
143,1,0.00,0.00,0.00,0.00,1.0,-1,-1,-1
143,2,0.00,0.00,0.00,0.00,1.0,-1,-1,-1
143,3,0.00,0.00,0.00,0.00,1.0,-1,-1,-1
143,4,295.00,367.00,46.00,135.00,1.0,-1,-1,-1
143,5,0.00,0.00,0.00,0.00,1.0,-1,-1,-1
143,6,1057.00,340.00,59.00,159.00,1.0,-1,-1,-1
143,7,1827.00,320.00,93.00,588.00,1.0,-1,-1,-1
143,8,963.00,354.00,27.00,107.00,1.0,-1,-1,-1
143,9,50.00,350.00,103.00,234.00,1.0,-1,-1,-1
143,10,868.00,354.00,51.00,122.00,1.0,-1,-1,-1
144,0,979.00,359.00,66.00,158.00,1.0,-1,-1,-1
144,1,0.00,0.00,0.00,0.00,1.0,-1,-1,-1
144,2,0.00,0.00,0.00,0.00,1.0,-1,-1,-1
144,3,0.00,0.00,0.00,0.00,1.0,-1,-1,-1
144,4,299.00,371.00,46.00,129.00,1.0,-1,-1,-1
144,5,0.00,0.00,0.00,0.00,1.0,-1,-1,-1
144,6,1062.00,339.00,60.00,160.00,1.0,-1,-1,-1
144,7,1839.00,316.00,81.00,598.00,1.0,-1,-1,-1
144,8,966.00,354.00,27.00,107.00,1.0,-1,-1,-1
144,9,54.00,351.00,99.00,234.00,1.0,-1,-1,-1
144,10,869.00,354.00,52.00,122.00,1.0,-1,-1,-1
145,0,987.00,360.00,57.00,157.00,1.0,-1,-1,-1
145,1,0.00,0.00,0.00,0.00,1.0,-1,-1,-1
145,2,0.00,0.00,0.00,0.00,1.0,-1,-1,-1
145,3,0.00,0.00,0.00,0.00,1.0,-1,-1,-1
145,4,302.00,373.00,45.00,128.00,1.0,-1,-1,-1
145,5,0.00,0.00,0.00,0.00,1.0,-1,-1,-1
145,6,1068.00,340.00,57.00,160.00,1.0,-1,-1,-1
145,7,1847.00,318.00,73.00,600.00,1.0,-1,-1,-1
145,8,968.00,355.00,27.00,109.00,1.0,-1,-1,-1
145,9,55.00,353.00,99.00,234.00,1.0,-1,-1,-1
145,10,868.00,356.00,53.00,120.00,1.0,-1,-1,-1
146,0,992.00,360.00,55.00,161.00,1.0,-1,-1,-1
146,1,0.00,0.00,0.00,0.00,1.0,-1,-1,-1
146,2,0.00,0.00,0.00,0.00,1.0,-1,-1,-1
146,3,0.00,0.00,0.00,0.00,1.0,-1,-1,-1
146,4,310.00,377.00,47.00,129.00,1.0,-1,-1,-1
146,5,0.00,0.00,0.00,0.00,1.0,-1,-1,-1
146,6,1077.00,340.00,58.00,163.00,1.0,-1,-1,-1
146,7,1834.00,324.00,86.00,599.00,1.0,-1,-1,-1
146,8,972.00,357.00,27.00,106.00,1.0,-1,-1,-1
146,9,56.00,356.00,103.00,238.00,1.0,-1,-1,-1
146,10,875.00,358.00,55.00,121.00,1.0,-1,-1,-1
147,0,990.00,362.00,65.00,159.00,1.0,-1,-1,-1
147,1,0.00,0.00,0.00,0.00,1.0,-1,-1,-1
147,2,0.00,0.00,0.00,0.00,1.0,-1,-1,-1
147,3,0.00,0.00,0.00,0.00,1.0,-1,-1,-1
147,4,316.00,379.00,47.00,128.00,1.0,-1,-1,-1
147,5,0.00,0.00,0.00,0.00,1.0,-1,-1,-1
147,6,1083.00,340.00,58.00,164.00,1.0,-1,-1,-1
147,7,1813.00,324.00,107.00,604.00,1.0,-1,-1,-1
147,8,978.00,357.00,26.00,109.00,1.0,-1,-1,-1
147,9,59.00,356.00,103.00,237.00,1.0,-1,-1,-1
147,10,883.00,359.00,52.00,121.00,1.0,-1,-1,-1
148,0,994.00,361.00,63.00,160.00,1.0,-1,-1,-1
148,1,0.00,0.00,0.00,0.00,1.0,-1,-1,-1
148,2,0.00,0.00,0.00,0.00,1.0,-1,-1,-1
148,3,0.00,0.00,0.00,0.00,1.0,-1,-1,-1
148,4,320.00,379.00,49.00,122.00,1.0,-1,-1,-1
148,5,0.00,0.00,0.00,0.00,1.0,-1,-1,-1
148,6,1090.00,339.00,58.00,165.00,1.0,-1,-1,-1
148,7,1799.00,325.00,121.00,605.00,1.0,-1,-1,-1
148,8,982.00,357.00,27.00,109.00,1.0,-1,-1,-1
148,9,62.00,357.00,105.00,238.00,1.0,-1,-1,-1
148,10,887.00,358.00,54.00,122.00,1.0,-1,-1,-1
149,0,997.00,361.00,66.00,160.00,1.0,-1,-1,-1
149,1,0.00,0.00,0.00,0.00,1.0,-1,-1,-1
149,2,0.00,0.00,0.00,0.00,1.0,-1,-1,-1
149,3,0.00,0.00,0.00,0.00,1.0,-1,-1,-1
149,4,327.00,379.00,46.00,126.00,1.0,-1,-1,-1
149,5,0.00,0.00,0.00,0.00,1.0,-1,-1,-1
149,6,1095.00,339.00,777.00,212.00,1.0,-1,-1,-1
149,7,1791.00,328.00,129.00,604.00,1.0,-1,-1,-1
149,8,989.00,356.00,25.00,104.00,1.0,-1,-1,-1
149,9,65.00,357.00,103.00,238.00,1.0,-1,-1,-1
149,10,889.00,358.00,53.00,122.00,1.0,-1,-1,-1
150,0,1002.00,363.00,66.00,157.00,1.0,-1,-1,-1
150,1,0.00,0.00,0.00,0.00,1.0,-1,-1,-1
150,2,0.00,0.00,0.00,0.00,1.0,-1,-1,-1
150,3,0.00,0.00,0.00,0.00,1.0,-1,-1,-1
150,4,333.00,378.00,42.00,125.00,1.0,-1,-1,-1
150,5,0.00,0.00,0.00,0.00,1.0,-1,-1,-1
150,6,1101.00,338.00,58.00,165.00,1.0,-1,-1,-1
150,7,1790.00,331.00,130.00,542.00,1.0,-1,-1,-1
150,8,998.00,355.00,21.00,78.00,1.0,-1,-1,-1
150,9,66.00,356.00,103.00,237.00,1.0,-1,-1,-1
150,10,895.00,357.00,51.00,123.00,1.0,-1,-1,-1
151,0,1011.00,361.00,62.00,158.00,1.0,-1,-1,-1
151,1,0.00,0.00,0.00,0.00,1.0,-1,-1,-1
151,2,0.00,0.00,0.00,0.00,1.0,-1,-1,-1
151,3,0.00,0.00,0.00,0.00,1.0,-1,-1,-1
151,4,343.00,374.00,45.00,126.00,1.0,-1,-1,-1
151,5,0.00,0.00,0.00,0.00,1.0,-1,-1,-1
151,6,1110.00,335.00,61.00,169.00,1.0,-1,-1,-1
151,7,1790.00,333.00,130.00,546.00,1.0,-1,-1,-1
151,8,1000.00,352.00,27.00,77.00,1.0,-1,-1,-1
151,9,71.00,355.00,105.00,238.00,1.0,-1,-1,-1
151,10,901.00,356.00,50.00,122.00,1.0,-1,-1,-1
152,0,1014.00,360.00,58.00,157.00,1.0,-1,-1,-1
152,1,0.00,0.00,0.00,0.00,1.0,-1,-1,-1
152,2,0.00,0.00,0.00,0.00,1.0,-1,-1,-1
152,3,0.00,0.00,0.00,0.00,1.0,-1,-1,-1
152,4,344.00,371.00,45.00,126.00,1.0,-1,-1,-1
152,5,0.00,0.00,0.00,0.00,1.0,-1,-1,-1
152,6,1111.00,333.00,61.00,169.00,1.0,-1,-1,-1
152,7,1793.00,329.00,127.00,552.00,1.0,-1,-1,-1
152,8,1006.00,350.00,22.00,71.00,1.0,-1,-1,-1
152,9,69.00,353.00,105.00,239.00,1.0,-1,-1,-1
152,10,901.00,354.00,45.00,122.00,1.0,-1,-1,-1
153,0,1013.00,355.00,60.00,158.00,1.0,-1,-1,-1
153,1,0.00,0.00,0.00,0.00,1.0,-1,-1,-1
153,2,0.00,0.00,0.00,0.00,1.0,-1,-1,-1
153,3,0.00,0.00,0.00,0.00,1.0,-1,-1,-1
153,4,346.00,368.00,46.00,124.00,1.0,-1,-1,-1
153,5,0.00,0.00,0.00,0.00,1.0,-1,-1,-1
153,6,1114.00,331.00,61.00,168.00,1.0,-1,-1,-1
153,7,1801.00,327.00,119.00,559.00,1.0,-1,-1,-1
153,8,1000.00,348.00,31.00,73.00,1.0,-1,-1,-1
153,9,67.00,350.00,110.00,239.00,1.0,-1,-1,-1
153,10,903.00,350.00,43.00,122.00,1.0,-1,-1,-1
154,0,1016.00,353.00,58.00,158.00,1.0,-1,-1,-1
154,1,0.00,0.00,0.00,0.00,1.0,-1,-1,-1
154,2,0.00,0.00,0.00,0.00,1.0,-1,-1,-1
154,3,0.00,0.00,0.00,0.00,1.0,-1,-1,-1
154,4,350.00,365.00,44.00,126.00,1.0,-1,-1,-1
154,5,0.00,0.00,0.00,0.00,1.0,-1,-1,-1
154,6,1119.00,329.00,783.00,168.00,1.0,-1,-1,-1
154,7,1808.00,323.00,112.00,566.00,1.0,-1,-1,-1
154,8,1007.00,345.00,26.00,75.00,1.0,-1,-1,-1
154,9,68.00,347.00,107.00,241.00,1.0,-1,-1,-1
154,10,902.00,347.00,43.00,124.00,1.0,-1,-1,-1
155,0,1017.00,351.00,57.00,158.00,1.0,-1,-1,-1
155,1,0.00,0.00,0.00,0.00,1.0,-1,-1,-1
155,2,0.00,0.00,0.00,0.00,1.0,-1,-1,-1
155,3,0.00,0.00,0.00,0.00,1.0,-1,-1,-1
155,4,350.00,365.00,45.00,127.00,1.0,-1,-1,-1
155,5,0.00,0.00,0.00,0.00,1.0,-1,-1,-1
155,6,1120.00,328.00,61.00,170.00,1.0,-1,-1,-1
155,7,1814.00,319.00,106.00,574.00,1.0,-1,-1,-1
155,8,1017.00,345.00,17.00,34.00,1.0,-1,-1,-1
155,9,65.00,347.00,108.00,241.00,1.0,-1,-1,-1
155,10,903.00,346.00,43.00,124.00,1.0,-1,-1,-1
156,0,1020.00,349.00,57.00,155.00,1.0,-1,-1,-1
156,1,0.00,0.00,0.00,0.00,1.0,-1,-1,-1
156,2,0.00,0.00,0.00,0.00,1.0,-1,-1,-1
156,3,0.00,0.00,0.00,0.00,1.0,-1,-1,-1
156,4,351.00,362.00,48.00,128.00,1.0,-1,-1,-1
156,5,0.00,0.00,0.00,0.00,1.0,-1,-1,-1
156,6,1123.00,326.00,60.00,172.00,1.0,-1,-1,-1
156,7,1815.00,308.00,105.00,592.00,1.0,-1,-1,-1
156,8,1018.00,342.00,21.00,37.00,1.0,-1,-1,-1
156,9,61.00,344.00,110.00,241.00,1.0,-1,-1,-1
156,10,904.00,343.00,42.00,124.00,1.0,-1,-1,-1
157,0,1019.00,348.00,57.00,157.00,1.0,-1,-1,-1
157,1,0.00,0.00,0.00,0.00,1.0,-1,-1,-1
157,2,0.00,0.00,0.00,0.00,1.0,-1,-1,-1
157,3,0.00,0.00,0.00,0.00,1.0,-1,-1,-1
157,4,352.00,362.00,51.00,129.00,1.0,-1,-1,-1
157,5,0.00,0.00,0.00,0.00,1.0,-1,-1,-1
157,6,1124.00,324.00,748.00,173.00,1.0,-1,-1,-1
157,7,1809.00,305.00,111.00,595.00,1.0,-1,-1,-1
157,8,1020.00,342.00,21.00,35.00,1.0,-1,-1,-1
157,9,58.00,344.00,112.00,243.00,1.0,-1,-1,-1
157,10,907.00,343.00,39.00,124.00,1.0,-1,-1,-1
158,0,1018.00,348.00,57.00,157.00,1.0,-1,-1,-1
158,1,0.00,0.00,0.00,0.00,1.0,-1,-1,-1
158,2,0.00,0.00,0.00,0.00,1.0,-1,-1,-1
158,3,0.00,0.00,0.00,0.00,1.0,-1,-1,-1
158,4,351.00,364.00,54.00,127.00,1.0,-1,-1,-1
158,5,0.00,0.00,0.00,0.00,1.0,-1,-1,-1
158,6,1125.00,324.00,747.00,174.00,1.0,-1,-1,-1
158,7,1803.00,304.00,117.00,606.00,1.0,-1,-1,-1
158,8,1020.00,342.00,20.00,34.00,1.0,-1,-1,-1
158,9,53.00,344.00,114.00,244.00,1.0,-1,-1,-1
158,10,905.00,343.00,40.00,125.00,1.0,-1,-1,-1
159,0,1016.00,348.00,57.00,158.00,1.0,-1,-1,-1
159,1,0.00,0.00,0.00,0.00,1.0,-1,-1,-1
159,2,0.00,0.00,0.00,0.00,1.0,-1,-1,-1
159,3,0.00,0.00,0.00,0.00,1.0,-1,-1,-1
159,4,350.00,365.00,53.00,122.00,1.0,-1,-1,-1
159,5,0.00,0.00,0.00,0.00,1.0,-1,-1,-1
159,6,1126.00,324.00,746.00,175.00,1.0,-1,-1,-1
159,7,1793.00,305.00,127.00,611.00,1.0,-1,-1,-1
159,8,1022.00,342.00,20.00,32.00,1.0,-1,-1,-1
159,9,47.00,345.00,115.00,244.00,1.0,-1,-1,-1
159,10,905.00,344.00,39.00,126.00,1.0,-1,-1,-1
160,0,1014.00,348.00,58.00,160.00,1.0,-1,-1,-1
160,1,0.00,0.00,0.00,0.00,1.0,-1,-1,-1
160,2,0.00,0.00,0.00,0.00,1.0,-1,-1,-1
160,3,0.00,0.00,0.00,0.00,1.0,-1,-1,-1
160,4,351.00,365.00,50.00,127.00,1.0,-1,-1,-1
160,5,0.00,0.00,0.00,0.00,1.0,-1,-1,-1
160,6,1124.00,324.00,778.00,244.00,1.0,-1,-1,-1
160,7,1756.00,303.00,164.00,622.00,1.0,-1,-1,-1
160,8,1023.00,342.00,32.00,30.00,1.0,-1,-1,-1
160,9,43.00,343.00,110.00,247.00,1.0,-1,-1,-1
160,10,903.00,344.00,38.00,126.00,1.0,-1,-1,-1
161,0,1005.00,348.00,57.00,162.00,1.0,-1,-1,-1
161,1,0.00,0.00,0.00,0.00,1.0,-1,-1,-1
161,2,0.00,0.00,0.00,0.00,1.0,-1,-1,-1
161,3,0.00,0.00,0.00,0.00,1.0,-1,-1,-1
161,4,341.00,370.00,47.00,126.00,1.0,-1,-1,-1
161,5,0.00,0.00,0.00,0.00,1.0,-1,-1,-1
161,6,1120.00,326.00,60.00,179.00,1.0,-1,-1,-1
161,7,1711.00,311.00,209.00,625.00,1.0,-1,-1,-1
161,8,1021.00,347.00,29.00,27.00,1.0,-1,-1,-1
161,9,24.00,347.00,116.00,247.00,1.0,-1,-1,-1
161,10,894.00,348.00,39.00,125.00,1.0,-1,-1,-1
162,0,1000.00,346.00,842.00,164.00,1.0,-1,-1,-1
162,1,0.00,0.00,0.00,0.00,1.0,-1,-1,-1
162,2,0.00,0.00,0.00,0.00,1.0,-1,-1,-1
162,3,0.00,0.00,0.00,0.00,1.0,-1,-1,-1
162,4,333.00,367.00,52.00,125.00,1.0,-1,-1,-1
162,5,0.00,0.00,0.00,0.00,1.0,-1,-1,-1
162,6,1118.00,324.00,62.00,180.00,1.0,-1,-1,-1
162,7,1695.00,314.00,225.00,627.00,1.0,-1,-1,-1
162,8,1018.00,345.00,32.00,30.00,1.0,-1,-1,-1
162,9,19.00,345.00,116.00,249.00,1.0,-1,-1,-1
162,10,891.00,346.00,40.00,126.00,1.0,-1,-1,-1
163,0,994.00,348.00,55.00,163.00,1.0,-1,-1,-1
163,1,0.00,0.00,0.00,0.00,1.0,-1,-1,-1
163,2,0.00,0.00,0.00,0.00,1.0,-1,-1,-1
163,3,0.00,0.00,0.00,0.00,1.0,-1,-1,-1
163,4,336.00,369.00,44.00,123.00,1.0,-1,-1,-1
163,5,0.00,0.00,0.00,0.00,1.0,-1,-1,-1
163,6,1114.00,325.00,62.00,180.00,1.0,-1,-1,-1
163,7,1683.00,317.00,237.00,627.00,1.0,-1,-1,-1
163,8,1013.00,345.00,34.00,38.00,1.0,-1,-1,-1
163,9,9.00,345.00,110.00,251.00,1.0,-1,-1,-1
163,10,886.00,346.00,40.00,127.00,1.0,-1,-1,-1
164,0,990.00,347.00,58.00,165.00,1.0,-1,-1,-1
164,1,0.00,0.00,0.00,0.00,1.0,-1,-1,-1
164,2,0.00,0.00,0.00,0.00,1.0,-1,-1,-1
164,3,0.00,0.00,0.00,0.00,1.0,-1,-1,-1
164,4,330.00,368.00,46.00,126.00,1.0,-1,-1,-1
164,5,0.00,0.00,0.00,0.00,1.0,-1,-1,-1
164,6,1109.00,325.00,63.00,182.00,1.0,-1,-1,-1
164,7,1679.00,320.00,241.00,627.00,1.0,-1,-1,-1
164,8,1007.00,345.00,18.00,17.00,1.0,-1,-1,-1
164,9,0.00,346.00,112.00,252.00,1.0,-1,-1,-1
164,10,882.00,345.00,38.00,128.00,1.0,-1,-1,-1
165,0,982.00,347.00,64.00,164.00,1.0,-1,-1,-1
165,1,0.00,0.00,0.00,0.00,1.0,-1,-1,-1
165,2,0.00,0.00,0.00,0.00,1.0,-1,-1,-1
165,3,0.00,0.00,0.00,0.00,1.0,-1,-1,-1
165,4,325.00,366.00,44.00,126.00,1.0,-1,-1,-1
165,5,0.00,0.00,0.00,0.00,1.0,-1,-1,-1
165,6,1104.00,325.00,64.00,182.00,1.0,-1,-1,-1
165,7,1677.00,323.00,243.00,624.00,1.0,-1,-1,-1
165,8,1000.00,344.00,25.00,28.00,1.0,-1,-1,-1
165,9,0.00,345.00,106.00,255.00,1.0,-1,-1,-1
165,10,874.00,346.00,41.00,128.00,1.0,-1,-1,-1
166,0,968.00,346.00,60.00,161.00,1.0,-1,-1,-1
166,1,0.00,0.00,0.00,0.00,1.0,-1,-1,-1
166,2,0.00,0.00,0.00,0.00,1.0,-1,-1,-1
166,3,0.00,0.00,0.00,0.00,1.0,-1,-1,-1
166,4,307.00,366.00,50.00,127.00,1.0,-1,-1,-1
166,5,0.00,0.00,0.00,0.00,1.0,-1,-1,-1
166,6,1096.00,327.00,656.00,224.00,1.0,-1,-1,-1
166,7,1670.00,322.00,250.00,624.00,1.0,-1,-1,-1
166,8,986.00,344.00,29.00,29.00,1.0,-1,-1,-1
166,9,0.00,347.00,81.00,254.00,1.0,-1,-1,-1
166,10,863.00,347.00,39.00,126.00,1.0,-1,-1,-1
167,0,961.00,346.00,57.00,161.00,1.0,-1,-1,-1
167,1,0.00,0.00,0.00,0.00,1.0,-1,-1,-1
167,2,0.00,0.00,0.00,0.00,1.0,-1,-1,-1
167,3,0.00,0.00,0.00,0.00,1.0,-1,-1,-1
167,4,304.00,365.00,46.00,127.00,1.0,-1,-1,-1
167,5,0.00,0.00,0.00,0.00,1.0,-1,-1,-1
167,6,1090.00,326.00,66.00,183.00,1.0,-1,-1,-1
167,7,1665.00,319.00,251.00,625.00,1.0,-1,-1,-1
167,8,963.00,343.00,56.00,107.00,1.0,-1,-1,-1
167,9,0.00,379.00,73.00,223.00,1.0,-1,-1,-1
167,10,858.00,347.00,41.00,126.00,1.0,-1,-1,-1
168,0,950.00,345.00,67.00,162.00,1.0,-1,-1,-1
168,1,0.00,0.00,0.00,0.00,1.0,-1,-1,-1
168,2,0.00,0.00,0.00,0.00,1.0,-1,-1,-1
168,3,0.00,0.00,0.00,0.00,1.0,-1,-1,-1
168,4,297.00,362.00,47.00,130.00,1.0,-1,-1,-1
168,5,0.00,0.00,0.00,0.00,1.0,-1,-1,-1
168,6,1085.00,326.00,67.00,184.00,1.0,-1,-1,-1
168,7,1660.00,316.00,232.00,623.00,1.0,-1,-1,-1
168,8,982.00,343.00,33.00,62.00,1.0,-1,-1,-1
168,9,0.00,378.00,59.00,224.00,1.0,-1,-1,-1
168,10,853.00,345.00,36.00,127.00,1.0,-1,-1,-1
169,0,943.00,345.00,63.00,161.00,1.0,-1,-1,-1
169,1,0.00,0.00,0.00,0.00,1.0,-1,-1,-1
169,2,0.00,0.00,0.00,0.00,1.0,-1,-1,-1
169,3,0.00,0.00,0.00,0.00,1.0,-1,-1,-1
169,4,288.00,362.00,46.00,129.00,1.0,-1,-1,-1
169,5,0.00,0.00,0.00,0.00,1.0,-1,-1,-1
169,6,1079.00,325.00,67.00,185.00,1.0,-1,-1,-1
169,7,1653.00,313.00,214.00,611.00,1.0,-1,-1,-1
169,8,974.00,343.00,33.00,63.00,1.0,-1,-1,-1
169,9,0.00,377.00,46.00,223.00,1.0,-1,-1,-1
169,10,843.00,344.00,40.00,127.00,1.0,-1,-1,-1
170,0,936.00,345.00,59.00,160.00,1.0,-1,-1,-1
170,1,0.00,0.00,0.00,0.00,1.0,-1,-1,-1
170,2,0.00,0.00,0.00,0.00,1.0,-1,-1,-1
170,3,0.00,0.00,0.00,0.00,1.0,-1,-1,-1
170,4,278.00,364.00,50.00,128.00,1.0,-1,-1,-1
170,5,0.00,0.00,0.00,0.00,1.0,-1,-1,-1
170,6,1072.00,324.00,67.00,186.00,1.0,-1,-1,-1
170,7,1649.00,310.00,191.00,598.00,1.0,-1,-1,-1
170,8,960.00,342.00,27.00,27.00,1.0,-1,-1,-1
170,9,0.00,377.00,31.00,222.00,1.0,-1,-1,-1
170,10,835.00,344.00,42.00,128.00,1.0,-1,-1,-1
170,11,1847.00,347.00,73.00,546.00,1.0,-1,-1,-1
171,0,920.00,345.00,63.00,161.00,1.0,-1,-1,-1
171,1,0.00,0.00,0.00,0.00,1.0,-1,-1,-1
171,2,0.00,0.00,0.00,0.00,1.0,-1,-1,-1
171,3,0.00,0.00,0.00,0.00,1.0,-1,-1,-1
171,4,258.00,365.00,42.00,126.00,1.0,-1,-1,-1
171,5,0.00,0.00,0.00,0.00,1.0,-1,-1,-1
171,6,1059.00,322.00,68.00,189.00,1.0,-1,-1,-1
171,7,1635.00,303.00,180.00,603.00,1.0,-1,-1,-1
171,8,953.00,344.00,30.00,76.00,1.0,-1,-1,-1
171,9,0.00,0.00,0.00,0.00,1.0,-1,-1,-1
171,10,823.00,344.00,35.00,128.00,1.0,-1,-1,-1
171,11,1833.00,348.00,87.00,549.00,1.0,-1,-1,-1
172,0,911.00,347.00,63.00,161.00,1.0,-1,-1,-1
172,1,0.00,0.00,0.00,0.00,1.0,-1,-1,-1
172,2,0.00,0.00,0.00,0.00,1.0,-1,-1,-1
172,3,0.00,0.00,0.00,0.00,1.0,-1,-1,-1
172,4,250.00,369.00,40.00,126.00,1.0,-1,-1,-1
172,5,0.00,0.00,0.00,0.00,1.0,-1,-1,-1
172,6,1053.00,322.00,68.00,190.00,1.0,-1,-1,-1
172,7,1620.00,302.00,183.00,606.00,1.0,-1,-1,-1
172,8,942.00,345.00,33.00,84.00,1.0,-1,-1,-1
172,9,0.00,0.00,0.00,0.00,1.0,-1,-1,-1
172,10,812.00,345.00,39.00,128.00,1.0,-1,-1,-1
172,11,1822.00,270.00,98.00,628.00,1.0,-1,-1,-1
173,0,903.00,350.00,63.00,159.00,1.0,-1,-1,-1
173,1,0.00,0.00,0.00,0.00,1.0,-1,-1,-1
173,2,0.00,0.00,0.00,0.00,1.0,-1,-1,-1
173,3,0.00,0.00,0.00,0.00,1.0,-1,-1,-1
173,4,241.00,370.00,42.00,125.00,1.0,-1,-1,-1
173,5,0.00,0.00,0.00,0.00,1.0,-1,-1,-1
173,6,1049.00,321.00,67.00,190.00,1.0,-1,-1,-1
173,7,1608.00,302.00,185.00,612.00,1.0,-1,-1,-1
173,8,932.00,344.00,24.00,24.00,1.0,-1,-1,-1
173,9,0.00,0.00,0.00,0.00,1.0,-1,-1,-1
173,10,806.00,345.00,39.00,128.00,1.0,-1,-1,-1
173,11,1810.00,271.00,110.00,632.00,1.0,-1,-1,-1
174,0,901.00,346.00,58.00,160.00,1.0,-1,-1,-1
174,1,0.00,0.00,0.00,0.00,1.0,-1,-1,-1
174,2,0.00,0.00,0.00,0.00,1.0,-1,-1,-1
174,3,0.00,0.00,0.00,0.00,1.0,-1,-1,-1
174,4,235.00,380.00,44.00,112.00,1.0,-1,-1,-1
174,5,0.00,0.00,0.00,0.00,1.0,-1,-1,-1
174,6,1049.00,320.00,58.00,192.00,1.0,-1,-1,-1
174,7,1600.00,302.00,181.00,618.00,1.0,-1,-1,-1
174,8,0.00,0.00,0.00,0.00,1.0,-1,-1,-1
174,9,0.00,0.00,0.00,0.00,1.0,-1,-1,-1
174,10,801.00,347.00,41.00,126.00,1.0,-1,-1,-1
174,11,1802.00,272.00,118.00,634.00,1.0,-1,-1,-1
175,0,893.00,348.00,63.00,162.00,1.0,-1,-1,-1
175,1,0.00,0.00,0.00,0.00,1.0,-1,-1,-1
175,2,0.00,0.00,0.00,0.00,1.0,-1,-1,-1
175,3,0.00,0.00,0.00,0.00,1.0,-1,-1,-1
175,4,227.00,379.00,45.00,100.00,1.0,-1,-1,-1
175,5,0.00,0.00,0.00,0.00,1.0,-1,-1,-1
175,6,1041.00,321.00,66.00,194.00,1.0,-1,-1,-1
175,7,1584.00,307.00,192.00,616.00,1.0,-1,-1,-1
175,8,934.00,361.00,40.00,90.00,1.0,-1,-1,-1
175,9,0.00,0.00,0.00,0.00,1.0,-1,-1,-1
175,10,796.00,348.00,39.00,125.00,1.0,-1,-1,-1
175,11,1780.00,279.00,140.00,630.00,1.0,-1,-1,-1
176,0,894.00,353.00,51.00,157.00,1.0,-1,-1,-1
176,1,0.00,0.00,0.00,0.00,1.0,-1,-1,-1
176,2,0.00,0.00,0.00,0.00,1.0,-1,-1,-1
176,3,0.00,0.00,0.00,0.00,1.0,-1,-1,-1
176,4,232.00,373.00,41.00,126.00,1.0,-1,-1,-1
176,5,0.00,0.00,0.00,0.00,1.0,-1,-1,-1
176,6,1042.00,320.00,65.00,195.00,1.0,-1,-1,-1
176,7,1562.00,308.00,208.00,624.00,1.0,-1,-1,-1
176,8,924.00,345.00,32.00,61.00,1.0,-1,-1,-1
176,9,0.00,0.00,0.00,0.00,1.0,-1,-1,-1
176,10,797.00,346.00,36.00,127.00,1.0,-1,-1,-1
176,11,1743.00,284.00,177.00,639.00,1.0,-1,-1,-1
177,0,894.00,351.00,48.00,158.00,1.0,-1,-1,-1
177,1,0.00,0.00,0.00,0.00,1.0,-1,-1,-1
177,2,0.00,0.00,0.00,0.00,1.0,-1,-1,-1
177,3,0.00,0.00,0.00,0.00,1.0,-1,-1,-1
177,4,229.00,371.00,43.00,134.00,1.0,-1,-1,-1
177,5,0.00,0.00,0.00,0.00,1.0,-1,-1,-1
177,6,1043.00,321.00,65.00,197.00,1.0,-1,-1,-1
177,7,1550.00,311.00,214.00,622.00,1.0,-1,-1,-1
177,8,925.00,347.00,33.00,62.00,1.0,-1,-1,-1
177,9,0.00,0.00,0.00,0.00,1.0,-1,-1,-1
177,10,796.00,348.00,35.00,125.00,1.0,-1,-1,-1
177,11,1730.00,288.00,190.00,637.00,1.0,-1,-1,-1
178,0,891.00,352.00,711.00,153.00,1.0,-1,-1,-1
178,1,0.00,0.00,0.00,0.00,1.0,-1,-1,-1
178,2,0.00,0.00,0.00,0.00,1.0,-1,-1,-1
178,3,0.00,0.00,0.00,0.00,1.0,-1,-1,-1
178,4,224.00,369.00,46.00,128.00,1.0,-1,-1,-1
178,5,0.00,0.00,0.00,0.00,1.0,-1,-1,-1
178,6,1041.00,320.00,561.00,198.00,1.0,-1,-1,-1
178,7,1541.00,312.00,215.00,621.00,1.0,-1,-1,-1
178,8,923.00,344.00,35.00,106.00,1.0,-1,-1,-1
178,9,0.00,0.00,0.00,0.00,1.0,-1,-1,-1
178,10,793.00,346.00,37.00,127.00,1.0,-1,-1,-1
178,11,1724.00,289.00,196.00,636.00,1.0,-1,-1,-1
179,0,890.00,349.00,48.00,153.00,1.0,-1,-1,-1
179,1,0.00,0.00,0.00,0.00,1.0,-1,-1,-1
179,2,0.00,0.00,0.00,0.00,1.0,-1,-1,-1
179,3,0.00,0.00,0.00,0.00,1.0,-1,-1,-1
179,4,219.00,364.00,49.00,127.00,1.0,-1,-1,-1
179,5,0.00,0.00,0.00,0.00,1.0,-1,-1,-1
179,6,1042.00,318.00,66.00,199.00,1.0,-1,-1,-1
179,7,1534.00,312.00,212.00,623.00,1.0,-1,-1,-1
179,8,923.00,341.00,42.00,110.00,1.0,-1,-1,-1
179,9,0.00,0.00,0.00,0.00,1.0,-1,-1,-1
179,10,791.00,342.00,39.00,130.00,1.0,-1,-1,-1
179,11,1721.00,289.00,199.00,637.00,1.0,-1,-1,-1
180,0,889.00,345.00,49.00,154.00,1.0,-1,-1,-1
180,1,0.00,0.00,0.00,0.00,1.0,-1,-1,-1
180,2,0.00,0.00,0.00,0.00,1.0,-1,-1,-1
180,3,0.00,0.00,0.00,0.00,1.0,-1,-1,-1
180,4,221.00,359.00,47.00,125.00,1.0,-1,-1,-1
180,5,0.00,0.00,0.00,0.00,1.0,-1,-1,-1
180,6,1043.00,315.00,529.00,236.00,1.0,-1,-1,-1
180,7,1532.00,310.00,208.00,627.00,1.0,-1,-1,-1
180,8,923.00,338.00,50.00,108.00,1.0,-1,-1,-1
180,9,0.00,0.00,0.00,0.00,1.0,-1,-1,-1
180,10,789.00,339.00,40.00,127.00,1.0,-1,-1,-1
180,11,1720.00,287.00,200.00,642.00,1.0,-1,-1,-1
181,0,885.00,338.00,49.00,156.00,1.0,-1,-1,-1
181,1,0.00,0.00,0.00,0.00,1.0,-1,-1,-1
181,2,0.00,0.00,0.00,0.00,1.0,-1,-1,-1
181,3,0.00,0.00,0.00,0.00,1.0,-1,-1,-1
181,4,218.00,350.00,47.00,130.00,1.0,-1,-1,-1
181,5,0.00,0.00,0.00,0.00,1.0,-1,-1,-1
181,6,1043.00,309.00,66.00,200.00,1.0,-1,-1,-1
181,7,1532.00,302.00,190.00,627.00,1.0,-1,-1,-1
181,8,921.00,330.00,44.00,109.00,1.0,-1,-1,-1
181,9,0.00,0.00,0.00,0.00,1.0,-1,-1,-1
181,10,786.00,331.00,40.00,129.00,1.0,-1,-1,-1
181,11,1724.00,280.00,196.00,643.00,1.0,-1,-1,-1
182,0,882.00,314.00,720.00,175.00,1.0,-1,-1,-1
182,1,0.00,0.00,0.00,0.00,1.0,-1,-1,-1
182,2,0.00,0.00,0.00,0.00,1.0,-1,-1,-1
182,3,0.00,0.00,0.00,0.00,1.0,-1,-1,-1
182,4,217.00,346.00,49.00,130.00,1.0,-1,-1,-1
182,5,0.00,0.00,0.00,0.00,1.0,-1,-1,-1
182,6,1043.00,305.00,559.00,202.00,1.0,-1,-1,-1
182,7,1532.00,297.00,181.00,619.00,1.0,-1,-1,-1
182,8,922.00,325.00,41.00,108.00,1.0,-1,-1,-1
182,9,0.00,0.00,0.00,0.00,1.0,-1,-1,-1
182,10,785.00,328.00,40.00,127.00,1.0,-1,-1,-1
182,11,1726.00,274.00,194.00,636.00,1.0,-1,-1,-1
183,0,880.00,314.00,722.00,173.00,1.0,-1,-1,-1
183,1,0.00,0.00,0.00,0.00,1.0,-1,-1,-1
183,2,0.00,0.00,0.00,0.00,1.0,-1,-1,-1
183,3,0.00,0.00,0.00,0.00,1.0,-1,-1,-1
183,4,217.00,344.00,49.00,129.00,1.0,-1,-1,-1
183,5,0.00,0.00,0.00,0.00,1.0,-1,-1,-1
183,6,1043.00,302.00,559.00,204.00,1.0,-1,-1,-1
183,7,1521.00,291.00,185.00,611.00,1.0,-1,-1,-1
183,8,922.00,323.00,38.00,110.00,1.0,-1,-1,-1
183,9,0.00,0.00,0.00,0.00,1.0,-1,-1,-1
183,10,783.00,326.00,40.00,127.00,1.0,-1,-1,-1
183,11,1722.00,268.00,198.00,627.00,1.0,-1,-1,-1
184,0,878.00,314.00,724.00,172.00,1.0,-1,-1,-1
184,1,0.00,0.00,0.00,0.00,1.0,-1,-1,-1
184,2,0.00,0.00,0.00,0.00,1.0,-1,-1,-1
184,3,0.00,0.00,0.00,0.00,1.0,-1,-1,-1
184,4,216.00,341.00,52.00,131.00,1.0,-1,-1,-1
184,5,0.00,0.00,0.00,0.00,1.0,-1,-1,-1
184,6,1043.00,299.00,67.00,206.00,1.0,-1,-1,-1
184,7,1510.00,286.00,188.00,604.00,1.0,-1,-1,-1
184,8,920.00,322.00,39.00,109.00,1.0,-1,-1,-1
184,9,0.00,0.00,0.00,0.00,1.0,-1,-1,-1
184,10,781.00,324.00,40.00,128.00,1.0,-1,-1,-1
184,11,1714.00,263.00,206.00,618.00,1.0,-1,-1,-1
185,0,873.00,296.00,699.00,188.00,1.0,-1,-1,-1
185,1,0.00,0.00,0.00,0.00,1.0,-1,-1,-1
185,2,0.00,0.00,0.00,0.00,1.0,-1,-1,-1
185,3,0.00,0.00,0.00,0.00,1.0,-1,-1,-1
185,4,216.00,340.00,52.00,128.00,1.0,-1,-1,-1
185,5,0.00,0.00,0.00,0.00,1.0,-1,-1,-1
185,6,1044.00,297.00,528.00,207.00,1.0,-1,-1,-1
185,7,1501.00,284.00,190.00,600.00,1.0,-1,-1,-1
185,8,921.00,322.00,37.00,108.00,1.0,-1,-1,-1
185,9,0.00,0.00,0.00,0.00,1.0,-1,-1,-1
185,10,781.00,322.00,39.00,128.00,1.0,-1,-1,-1
185,11,1706.00,260.00,214.00,615.00,1.0,-1,-1,-1
186,0,874.00,297.00,698.00,187.00,1.0,-1,-1,-1
186,1,0.00,0.00,0.00,0.00,1.0,-1,-1,-1
186,2,0.00,0.00,0.00,0.00,1.0,-1,-1,-1
186,3,0.00,0.00,0.00,0.00,1.0,-1,-1,-1
186,4,217.00,339.00,51.00,128.00,1.0,-1,-1,-1
186,5,0.00,0.00,0.00,0.00,1.0,-1,-1,-1
186,6,1046.00,294.00,526.00,211.00,1.0,-1,-1,-1
186,7,1487.00,281.00,191.00,615.00,1.0,-1,-1,-1
186,8,920.00,322.00,35.00,109.00,1.0,-1,-1,-1
186,9,0.00,0.00,0.00,0.00,1.0,-1,-1,-1
186,10,780.00,321.00,40.00,130.00,1.0,-1,-1,-1
186,11,1692.00,256.00,228.00,629.00,1.0,-1,-1,-1
187,0,874.00,297.00,698.00,189.00,1.0,-1,-1,-1
187,1,0.00,0.00,0.00,0.00,1.0,-1,-1,-1
187,2,0.00,0.00,0.00,0.00,1.0,-1,-1,-1
187,3,0.00,0.00,0.00,0.00,1.0,-1,-1,-1
187,4,217.00,340.00,48.00,127.00,1.0,-1,-1,-1
187,5,0.00,0.00,0.00,0.00,1.0,-1,-1,-1
187,6,1046.00,295.00,526.00,213.00,1.0,-1,-1,-1
187,7,1468.00,282.00,205.00,621.00,1.0,-1,-1,-1
187,8,919.00,324.00,35.00,108.00,1.0,-1,-1,-1
187,9,0.00,0.00,0.00,0.00,1.0,-1,-1,-1
187,10,778.00,322.00,40.00,130.00,1.0,-1,-1,-1
187,11,1665.00,258.00,255.00,636.00,1.0,-1,-1,-1
188,0,873.00,297.00,699.00,189.00,1.0,-1,-1,-1
188,1,0.00,0.00,0.00,0.00,1.0,-1,-1,-1
188,2,0.00,0.00,0.00,0.00,1.0,-1,-1,-1
188,3,0.00,0.00,0.00,0.00,1.0,-1,-1,-1
188,4,218.00,340.00,48.00,129.00,1.0,-1,-1,-1
188,5,0.00,0.00,0.00,0.00,1.0,-1,-1,-1
188,6,1049.00,295.00,493.00,214.00,1.0,-1,-1,-1
188,7,1443.00,284.00,224.00,628.00,1.0,-1,-1,-1
188,8,919.00,325.00,34.00,108.00,1.0,-1,-1,-1
188,9,0.00,0.00,0.00,0.00,1.0,-1,-1,-1
188,10,778.00,324.00,40.00,130.00,1.0,-1,-1,-1
188,11,1633.00,261.00,287.00,643.00,1.0,-1,-1,-1
189,0,872.00,314.00,670.00,172.00,1.0,-1,-1,-1
189,1,0.00,0.00,0.00,0.00,1.0,-1,-1,-1
189,2,0.00,0.00,0.00,0.00,1.0,-1,-1,-1
189,3,0.00,0.00,0.00,0.00,1.0,-1,-1,-1
189,4,218.00,340.00,46.00,130.00,1.0,-1,-1,-1
189,5,0.00,0.00,0.00,0.00,1.0,-1,-1,-1
189,6,1048.00,298.00,71.00,215.00,1.0,-1,-1,-1
189,7,1427.00,291.00,233.00,630.00,1.0,-1,-1,-1
189,8,919.00,327.00,35.00,110.00,1.0,-1,-1,-1
189,9,0.00,0.00,0.00,0.00,1.0,-1,-1,-1
189,10,776.00,326.00,41.00,130.00,1.0,-1,-1,-1
189,11,1618.00,268.00,302.00,644.00,1.0,-1,-1,-1
190,0,871.00,336.00,52.00,151.00,1.0,-1,-1,-1
190,1,0.00,0.00,0.00,0.00,1.0,-1,-1,-1
190,2,0.00,0.00,0.00,0.00,1.0,-1,-1,-1
190,3,0.00,0.00,0.00,0.00,1.0,-1,-1,-1
190,4,219.00,341.00,44.00,127.00,1.0,-1,-1,-1
190,5,0.00,0.00,0.00,0.00,1.0,-1,-1,-1
190,6,1050.00,300.00,72.00,215.00,1.0,-1,-1,-1
190,7,1411.00,297.00,244.00,634.00,1.0,-1,-1,-1
190,8,921.00,328.00,35.00,110.00,1.0,-1,-1,-1
190,9,0.00,0.00,0.00,0.00,1.0,-1,-1,-1
190,10,776.00,327.00,42.00,129.00,1.0,-1,-1,-1
190,11,1617.00,276.00,303.00,646.00,1.0,-1,-1,-1
191,0,871.00,337.00,50.00,154.00,1.0,-1,-1,-1
191,1,0.00,0.00,0.00,0.00,1.0,-1,-1,-1
191,2,0.00,0.00,0.00,0.00,1.0,-1,-1,-1
191,3,0.00,0.00,0.00,0.00,1.0,-1,-1,-1
191,4,219.00,339.00,46.00,125.00,1.0,-1,-1,-1
191,5,0.00,0.00,0.00,0.00,1.0,-1,-1,-1
191,6,1053.00,304.00,489.00,219.00,1.0,-1,-1,-1
191,7,1396.00,307.00,246.00,637.00,1.0,-1,-1,-1
191,8,923.00,330.00,34.00,110.00,1.0,-1,-1,-1
191,9,0.00,0.00,0.00,0.00,1.0,-1,-1,-1
191,10,777.00,329.00,41.00,130.00,1.0,-1,-1,-1
191,11,1615.00,289.00,292.00,646.00,1.0,-1,-1,-1
192,0,870.00,339.00,51.00,155.00,1.0,-1,-1,-1
192,1,0.00,0.00,0.00,0.00,1.0,-1,-1,-1
192,2,0.00,0.00,0.00,0.00,1.0,-1,-1,-1
192,3,0.00,0.00,0.00,0.00,1.0,-1,-1,-1
192,4,220.00,338.00,45.00,126.00,1.0,-1,-1,-1
192,5,0.00,0.00,0.00,0.00,1.0,-1,-1,-1
192,6,1054.00,307.00,488.00,219.00,1.0,-1,-1,-1
192,7,1395.00,313.00,241.00,633.00,1.0,-1,-1,-1
192,8,924.00,331.00,34.00,112.00,1.0,-1,-1,-1
192,9,0.00,0.00,0.00,0.00,1.0,-1,-1,-1
192,10,777.00,332.00,42.00,128.00,1.0,-1,-1,-1
192,11,1619.00,296.00,281.00,643.00,1.0,-1,-1,-1
193,0,871.00,339.00,48.00,154.00,1.0,-1,-1,-1
193,1,0.00,0.00,0.00,0.00,1.0,-1,-1,-1
193,2,0.00,0.00,0.00,0.00,1.0,-1,-1,-1
193,3,0.00,0.00,0.00,0.00,1.0,-1,-1,-1
193,4,220.00,336.00,46.00,126.00,1.0,-1,-1,-1
193,5,0.00,0.00,0.00,0.00,1.0,-1,-1,-1
193,6,1057.00,309.00,455.00,219.00,1.0,-1,-1,-1
193,7,1396.00,317.00,232.00,634.00,1.0,-1,-1,-1
193,8,924.00,332.00,35.00,110.00,1.0,-1,-1,-1
193,9,0.00,0.00,0.00,0.00,1.0,-1,-1,-1
193,10,777.00,332.00,42.00,128.00,1.0,-1,-1,-1
193,11,1618.00,300.00,274.00,648.00,1.0,-1,-1,-1
194,0,871.00,340.00,641.00,153.00,1.0,-1,-1,-1
194,1,0.00,0.00,0.00,0.00,1.0,-1,-1,-1
194,2,0.00,0.00,0.00,0.00,1.0,-1,-1,-1
194,3,0.00,0.00,0.00,0.00,1.0,-1,-1,-1
194,4,220.00,335.00,45.00,128.00,1.0,-1,-1,-1
194,5,0.00,0.00,0.00,0.00,1.0,-1,-1,-1
194,6,1057.00,310.00,455.00,241.00,1.0,-1,-1,-1
194,7,1394.00,318.00,232.00,639.00,1.0,-1,-1,-1
194,8,922.00,331.00,37.00,111.00,1.0,-1,-1,-1
194,9,0.00,0.00,0.00,0.00,1.0,-1,-1,-1
194,10,778.00,331.00,40.00,129.00,1.0,-1,-1,-1
194,11,1618.00,300.00,264.00,651.00,1.0,-1,-1,-1
195,0,870.00,341.00,50.00,152.00,1.0,-1,-1,-1
195,1,0.00,0.00,0.00,0.00,1.0,-1,-1,-1
195,2,0.00,0.00,0.00,0.00,1.0,-1,-1,-1
195,3,0.00,0.00,0.00,0.00,1.0,-1,-1,-1
195,4,221.00,335.00,47.00,128.00,1.0,-1,-1,-1
195,5,0.00,0.00,0.00,0.00,1.0,-1,-1,-1
195,6,1058.00,311.00,484.00,222.00,1.0,-1,-1,-1
195,7,1397.00,318.00,226.00,640.00,1.0,-1,-1,-1
195,8,924.00,332.00,36.00,110.00,1.0,-1,-1,-1
195,9,0.00,0.00,0.00,0.00,1.0,-1,-1,-1
195,10,777.00,335.00,41.00,126.00,1.0,-1,-1,-1
195,11,1622.00,302.00,252.00,651.00,1.0,-1,-1,-1
196,0,873.00,343.00,47.00,150.00,1.0,-1,-1,-1
196,1,0.00,0.00,0.00,0.00,1.0,-1,-1,-1
196,2,0.00,0.00,0.00,0.00,1.0,-1,-1,-1
196,3,0.00,0.00,0.00,0.00,1.0,-1,-1,-1
196,4,226.00,333.00,47.00,127.00,1.0,-1,-1,-1
196,5,0.00,0.00,0.00,0.00,1.0,-1,-1,-1
196,6,1065.00,311.00,447.00,225.00,1.0,-1,-1,-1
196,7,1400.00,313.00,205.00,635.00,1.0,-1,-1,-1
196,8,928.00,330.00,37.00,112.00,1.0,-1,-1,-1
196,9,0.00,0.00,0.00,0.00,1.0,-1,-1,-1
196,10,779.00,335.00,42.00,125.00,1.0,-1,-1,-1
196,11,1630.00,298.00,237.00,644.00,1.0,-1,-1,-1
197,0,873.00,345.00,549.00,151.00,1.0,-1,-1,-1
197,1,0.00,0.00,0.00,0.00,1.0,-1,-1,-1
197,2,0.00,0.00,0.00,0.00,1.0,-1,-1,-1
197,3,0.00,0.00,0.00,0.00,1.0,-1,-1,-1
197,4,227.00,336.00,47.00,127.00,1.0,-1,-1,-1
197,5,0.00,0.00,0.00,0.00,1.0,-1,-1,-1
197,6,1068.00,312.00,444.00,256.00,1.0,-1,-1,-1
197,7,1402.00,312.00,197.00,624.00,1.0,-1,-1,-1
197,8,930.00,333.00,37.00,112.00,1.0,-1,-1,-1
197,9,0.00,0.00,0.00,0.00,1.0,-1,-1,-1
197,10,780.00,336.00,41.00,127.00,1.0,-1,-1,-1
197,11,1629.00,296.00,235.00,634.00,1.0,-1,-1,-1
198,0,875.00,346.00,48.00,150.00,1.0,-1,-1,-1
198,1,0.00,0.00,0.00,0.00,1.0,-1,-1,-1
198,2,0.00,0.00,0.00,0.00,1.0,-1,-1,-1
198,3,0.00,0.00,0.00,0.00,1.0,-1,-1,-1
198,4,229.00,337.00,46.00,127.00,1.0,-1,-1,-1
198,5,0.00,0.00,0.00,0.00,1.0,-1,-1,-1
198,6,1071.00,312.00,441.00,229.00,1.0,-1,-1,-1
198,7,1405.00,311.00,191.00,618.00,1.0,-1,-1,-1
198,8,933.00,335.00,37.00,111.00,1.0,-1,-1,-1
198,9,0.00,0.00,0.00,0.00,1.0,-1,-1,-1
198,10,781.00,338.00,42.00,126.00,1.0,-1,-1,-1
198,11,1625.00,295.00,237.00,630.00,1.0,-1,-1,-1
199,0,879.00,348.00,50.00,150.00,1.0,-1,-1,-1
199,1,0.00,0.00,0.00,0.00,1.0,-1,-1,-1
199,2,0.00,0.00,0.00,0.00,1.0,-1,-1,-1
199,3,0.00,0.00,0.00,0.00,1.0,-1,-1,-1
199,4,234.00,340.00,44.00,126.00,1.0,-1,-1,-1
199,5,0.00,0.00,0.00,0.00,1.0,-1,-1,-1
199,6,1076.00,312.00,436.00,232.00,1.0,-1,-1,-1
199,7,1403.00,311.00,192.00,626.00,1.0,-1,-1,-1
199,8,937.00,336.00,36.00,112.00,1.0,-1,-1,-1
199,9,0.00,0.00,0.00,0.00,1.0,-1,-1,-1
199,10,780.00,338.00,47.00,128.00,1.0,-1,-1,-1
199,11,1624.00,293.00,237.00,639.00,1.0,-1,-1,-1
200,0,881.00,331.00,631.00,203.00,1.0,-1,-1,-1
200,1,0.00,0.00,0.00,0.00,1.0,-1,-1,-1
200,2,0.00,0.00,0.00,0.00,1.0,-1,-1,-1
200,3,0.00,0.00,0.00,0.00,1.0,-1,-1,-1
200,4,235.00,344.00,45.00,127.00,1.0,-1,-1,-1
200,5,0.00,0.00,0.00,0.00,1.0,-1,-1,-1
200,6,1081.00,314.00,431.00,234.00,1.0,-1,-1,-1
200,7,1400.00,312.00,195.00,633.00,1.0,-1,-1,-1
200,8,939.00,340.00,37.00,112.00,1.0,-1,-1,-1
200,9,0.00,0.00,0.00,0.00,1.0,-1,-1,-1
200,10,781.00,340.00,38.00,131.00,1.0,-1,-1,-1
200,11,1622.00,294.00,239.00,647.00,1.0,-1,-1,-1
200,12,525.00,346.00,45.00,139.00,1.0,-1,-1,-1
201,0,891.00,356.00,531.00,150.00,1.0,-1,-1,-1
201,1,0.00,0.00,0.00,0.00,1.0,-1,-1,-1
201,2,0.00,0.00,0.00,0.00,1.0,-1,-1,-1
201,3,0.00,0.00,0.00,0.00,1.0,-1,-1,-1
201,4,245.00,353.00,45.00,116.00,1.0,-1,-1,-1
201,5,0.00,0.00,0.00,0.00,1.0,-1,-1,-1
201,6,1096.00,319.00,71.00,236.00,1.0,-1,-1,-1
201,7,1397.00,318.00,198.00,649.00,1.0,-1,-1,-1
201,8,947.00,348.00,36.00,109.00,1.0,-1,-1,-1
201,9,0.00,0.00,0.00,0.00,1.0,-1,-1,-1
201,10,789.00,346.00,46.00,131.00,1.0,-1,-1,-1
201,11,1626.00,303.00,236.00,655.00,1.0,-1,-1,-1
201,12,529.00,354.00,44.00,136.00,1.0,-1,-1,-1
202,0,894.00,361.00,45.00,150.00,1.0,-1,-1,-1
202,1,0.00,0.00,0.00,0.00,1.0,-1,-1,-1
202,2,0.00,0.00,0.00,0.00,1.0,-1,-1,-1
202,3,0.00,0.00,0.00,0.00,1.0,-1,-1,-1
202,4,250.00,356.00,49.00,122.00,1.0,-1,-1,-1
202,5,0.00,0.00,0.00,0.00,1.0,-1,-1,-1
202,6,1102.00,324.00,350.00,236.00,1.0,-1,-1,-1
202,7,1396.00,324.00,197.00,656.00,1.0,-1,-1,-1
202,8,949.00,355.00,35.00,92.00,1.0,-1,-1,-1
202,9,0.00,0.00,0.00,0.00,1.0,-1,-1,-1
202,10,791.00,359.00,46.00,122.00,1.0,-1,-1,-1
202,11,1624.00,310.00,236.00,662.00,1.0,-1,-1,-1
202,12,535.00,363.00,41.00,133.00,1.0,-1,-1,-1
203,0,900.00,364.00,48.00,153.00,1.0,-1,-1,-1
203,1,0.00,0.00,0.00,0.00,1.0,-1,-1,-1
203,2,0.00,0.00,0.00,0.00,1.0,-1,-1,-1
203,3,0.00,0.00,0.00,0.00,1.0,-1,-1,-1
203,4,262.00,358.00,44.00,126.00,1.0,-1,-1,-1
203,5,0.00,0.00,0.00,0.00,1.0,-1,-1,-1
203,6,1107.00,328.00,79.00,240.00,1.0,-1,-1,-1
203,7,1395.00,331.00,209.00,659.00,1.0,-1,-1,-1
203,8,959.00,358.00,37.00,112.00,1.0,-1,-1,-1
203,9,0.00,0.00,0.00,0.00,1.0,-1,-1,-1
203,10,800.00,355.00,41.00,132.00,1.0,-1,-1,-1
203,11,1626.00,317.00,242.00,665.00,1.0,-1,-1,-1
203,12,541.00,360.00,46.00,140.00,1.0,-1,-1,-1
204,0,910.00,367.00,572.00,201.00,1.0,-1,-1,-1
204,1,0.00,0.00,0.00,0.00,1.0,-1,-1,-1
204,2,0.00,0.00,0.00,0.00,1.0,-1,-1,-1
204,3,0.00,0.00,0.00,0.00,1.0,-1,-1,-1
204,4,275.00,359.00,46.00,125.00,1.0,-1,-1,-1
204,5,0.00,0.00,0.00,0.00,1.0,-1,-1,-1
204,6,1121.00,331.00,77.00,241.00,1.0,-1,-1,-1
204,7,1403.00,338.00,210.00,663.00,1.0,-1,-1,-1
204,8,970.00,359.00,37.00,112.00,1.0,-1,-1,-1
204,9,0.00,0.00,0.00,0.00,1.0,-1,-1,-1
204,10,810.00,356.00,37.00,132.00,1.0,-1,-1,-1
204,11,1636.00,324.00,245.00,669.00,1.0,-1,-1,-1
204,12,551.00,362.00,46.00,139.00,1.0,-1,-1,-1
205,0,919.00,369.00,503.00,182.00,1.0,-1,-1,-1
205,1,0.00,0.00,0.00,0.00,1.0,-1,-1,-1
205,2,0.00,0.00,0.00,0.00,1.0,-1,-1,-1
205,3,0.00,0.00,0.00,0.00,1.0,-1,-1,-1
205,4,284.00,362.00,48.00,121.00,1.0,-1,-1,-1
205,5,0.00,0.00,0.00,0.00,1.0,-1,-1,-1
205,6,1134.00,334.00,288.00,244.00,1.0,-1,-1,-1
205,7,1408.00,343.00,207.00,667.00,1.0,-1,-1,-1
205,8,978.00,363.00,37.00,110.00,1.0,-1,-1,-1
205,9,0.00,0.00,0.00,0.00,1.0,-1,-1,-1
205,10,821.00,364.00,45.00,128.00,1.0,-1,-1,-1
205,11,1643.00,328.00,245.00,675.00,1.0,-1,-1,-1
205,12,558.00,366.00,46.00,139.00,1.0,-1,-1,-1
206,0,932.00,372.00,51.00,153.00,1.0,-1,-1,-1
206,1,0.00,0.00,0.00,0.00,1.0,-1,-1,-1
206,2,0.00,0.00,0.00,0.00,1.0,-1,-1,-1
206,3,0.00,0.00,0.00,0.00,1.0,-1,-1,-1
206,4,302.00,363.00,47.00,122.00,1.0,-1,-1,-1
206,5,0.00,0.00,0.00,0.00,1.0,-1,-1,-1
206,6,1150.00,339.00,332.00,245.00,1.0,-1,-1,-1
206,7,1411.00,353.00,205.00,665.00,1.0,-1,-1,-1
206,8,996.00,365.00,35.00,113.00,1.0,-1,-1,-1
206,9,0.00,0.00,0.00,0.00,1.0,-1,-1,-1
206,10,833.00,361.00,38.00,133.00,1.0,-1,-1,-1
206,11,1653.00,336.00,249.00,682.00,1.0,-1,-1,-1
206,12,572.00,369.00,46.00,138.00,1.0,-1,-1,-1
207,0,937.00,372.00,57.00,154.00,1.0,-1,-1,-1
207,1,0.00,0.00,0.00,0.00,1.0,-1,-1,-1
207,2,0.00,0.00,0.00,0.00,1.0,-1,-1,-1
207,3,0.00,0.00,0.00,0.00,1.0,-1,-1,-1
207,4,312.00,362.00,46.00,126.00,1.0,-1,-1,-1
207,5,0.00,0.00,0.00,0.00,1.0,-1,-1,-1
207,6,1158.00,340.00,82.00,248.00,1.0,-1,-1,-1
207,7,1410.00,354.00,209.00,670.00,1.0,-1,-1,-1
207,8,1001.00,365.00,38.00,113.00,1.0,-1,-1,-1
207,9,0.00,0.00,0.00,0.00,1.0,-1,-1,-1
207,10,842.00,361.00,36.00,135.00,1.0,-1,-1,-1
207,11,1658.00,336.00,254.00,687.00,1.0,-1,-1,-1
207,12,577.00,368.00,47.00,141.00,1.0,-1,-1,-1
208,0,944.00,373.00,52.00,153.00,1.0,-1,-1,-1
208,1,0.00,0.00,0.00,0.00,1.0,-1,-1,-1
208,2,0.00,0.00,0.00,0.00,1.0,-1,-1,-1
208,3,0.00,0.00,0.00,0.00,1.0,-1,-1,-1
208,4,318.00,364.00,48.00,123.00,1.0,-1,-1,-1
208,5,0.00,0.00,0.00,0.00,1.0,-1,-1,-1
208,6,1167.00,341.00,80.00,250.00,1.0,-1,-1,-1
208,7,1415.00,356.00,203.00,674.00,1.0,-1,-1,-1
208,8,1007.00,367.00,39.00,111.00,1.0,-1,-1,-1
208,9,0.00,0.00,0.00,0.00,1.0,-1,-1,-1
208,10,849.00,362.00,40.00,134.00,1.0,-1,-1,-1
208,11,1663.00,336.00,257.00,688.00,1.0,-1,-1,-1
208,12,585.00,367.00,43.00,142.00,1.0,-1,-1,-1
209,0,950.00,373.00,49.00,153.00,1.0,-1,-1,-1
209,1,0.00,0.00,0.00,0.00,1.0,-1,-1,-1
209,2,0.00,0.00,0.00,0.00,1.0,-1,-1,-1
209,3,0.00,0.00,0.00,0.00,1.0,-1,-1,-1
209,4,326.00,363.00,44.00,125.00,1.0,-1,-1,-1
209,5,0.00,0.00,0.00,0.00,1.0,-1,-1,-1
209,6,1172.00,341.00,83.00,253.00,1.0,-1,-1,-1
209,7,1420.00,353.00,197.00,678.00,1.0,-1,-1,-1
209,8,1011.00,365.00,40.00,111.00,1.0,-1,-1,-1
209,9,0.00,0.00,0.00,0.00,1.0,-1,-1,-1
209,10,855.00,362.00,44.00,133.00,1.0,-1,-1,-1
209,11,1666.00,335.00,254.00,683.00,1.0,-1,-1,-1
209,12,586.00,367.00,48.00,142.00,1.0,-1,-1,-1
210,0,955.00,374.00,52.00,150.00,1.0,-1,-1,-1
210,1,0.00,0.00,0.00,0.00,1.0,-1,-1,-1
210,2,0.00,0.00,0.00,0.00,1.0,-1,-1,-1
210,3,0.00,0.00,0.00,0.00,1.0,-1,-1,-1
210,4,333.00,362.00,47.00,126.00,1.0,-1,-1,-1
210,5,0.00,0.00,0.00,0.00,1.0,-1,-1,-1
210,6,1181.00,339.00,301.00,256.00,1.0,-1,-1,-1
210,7,1421.00,349.00,197.00,679.00,1.0,-1,-1,-1
210,8,1019.00,364.00,39.00,110.00,1.0,-1,-1,-1
210,9,0.00,0.00,0.00,0.00,1.0,-1,-1,-1
210,10,861.00,362.00,45.00,132.00,1.0,-1,-1,-1
210,11,1673.00,329.00,247.00,675.00,1.0,-1,-1,-1
210,12,589.00,368.00,48.00,140.00,1.0,-1,-1,-1
211,0,962.00,373.00,54.00,147.00,1.0,-1,-1,-1
211,1,0.00,0.00,0.00,0.00,1.0,-1,-1,-1
211,2,0.00,0.00,0.00,0.00,1.0,-1,-1,-1
211,3,0.00,0.00,0.00,0.00,1.0,-1,-1,-1
211,4,347.00,365.00,48.00,123.00,1.0,-1,-1,-1
211,5,0.00,0.00,0.00,0.00,1.0,-1,-1,-1
211,6,1195.00,335.00,83.00,261.00,1.0,-1,-1,-1
211,7,1421.00,341.00,199.00,660.00,1.0,-1,-1,-1
211,8,1030.00,362.00,38.00,113.00,1.0,-1,-1,-1
211,9,0.00,0.00,0.00,0.00,1.0,-1,-1,-1
211,10,870.00,359.00,36.00,135.00,1.0,-1,-1,-1
211,11,1679.00,318.00,241.00,660.00,1.0,-1,-1,-1
211,12,599.00,371.00,48.00,137.00,1.0,-1,-1,-1
212,0,967.00,371.00,545.00,148.00,1.0,-1,-1,-1
212,1,0.00,0.00,0.00,0.00,1.0,-1,-1,-1
212,2,0.00,0.00,0.00,0.00,1.0,-1,-1,-1
212,3,0.00,0.00,0.00,0.00,1.0,-1,-1,-1
212,4,353.00,347.00,1159.00,141.00,1.0,-1,-1,-1
212,5,0.00,0.00,0.00,0.00,1.0,-1,-1,-1
212,6,1201.00,333.00,83.00,262.00,1.0,-1,-1,-1
212,7,1423.00,338.00,201.00,651.00,1.0,-1,-1,-1
212,8,1034.00,362.00,39.00,112.00,1.0,-1,-1,-1
212,9,0.00,0.00,0.00,0.00,1.0,-1,-1,-1
212,10,872.00,359.00,44.00,135.00,1.0,-1,-1,-1
212,11,1683.00,315.00,237.00,669.00,1.0,-1,-1,-1
212,12,600.00,371.00,51.00,137.00,1.0,-1,-1,-1
213,0,970.00,370.00,57.00,149.00,1.0,-1,-1,-1
213,1,0.00,0.00,0.00,0.00,1.0,-1,-1,-1
213,2,0.00,0.00,0.00,0.00,1.0,-1,-1,-1
213,3,0.00,0.00,0.00,0.00,1.0,-1,-1,-1
213,4,359.00,365.00,46.00,122.00,1.0,-1,-1,-1
213,5,0.00,0.00,0.00,0.00,1.0,-1,-1,-1
213,6,1208.00,329.00,84.00,266.00,1.0,-1,-1,-1
213,7,1421.00,333.00,208.00,646.00,1.0,-1,-1,-1
213,8,1037.00,361.00,41.00,112.00,1.0,-1,-1,-1
213,9,0.00,0.00,0.00,0.00,1.0,-1,-1,-1
213,10,877.00,360.00,38.00,132.00,1.0,-1,-1,-1
213,11,1683.00,311.00,237.00,676.00,1.0,-1,-1,-1
213,12,602.00,370.00,52.00,137.00,1.0,-1,-1,-1
214,0,974.00,370.00,57.00,150.00,1.0,-1,-1,-1
214,1,0.00,0.00,0.00,0.00,1.0,-1,-1,-1
214,2,0.00,0.00,0.00,0.00,1.0,-1,-1,-1
214,3,0.00,0.00,0.00,0.00,1.0,-1,-1,-1
214,4,364.00,366.00,45.00,123.00,1.0,-1,-1,-1
214,5,0.00,0.00,0.00,0.00,1.0,-1,-1,-1
214,6,1214.00,327.00,85.00,270.00,1.0,-1,-1,-1
214,7,1420.00,331.00,212.00,653.00,1.0,-1,-1,-1
214,8,1044.00,362.00,39.00,113.00,1.0,-1,-1,-1
214,9,0.00,0.00,0.00,0.00,1.0,-1,-1,-1
214,10,882.00,360.00,41.00,133.00,1.0,-1,-1,-1
214,11,1667.00,310.00,253.00,683.00,1.0,-1,-1,-1
214,12,604.00,364.00,54.00,145.00,1.0,-1,-1,-1
215,0,980.00,369.00,54.00,151.00,1.0,-1,-1,-1
215,1,0.00,0.00,0.00,0.00,1.0,-1,-1,-1
215,2,0.00,0.00,0.00,0.00,1.0,-1,-1,-1
215,3,0.00,0.00,0.00,0.00,1.0,-1,-1,-1
215,4,369.00,366.00,43.00,122.00,1.0,-1,-1,-1
215,5,0.00,0.00,0.00,0.00,1.0,-1,-1,-1
215,6,1222.00,325.00,87.00,273.00,1.0,-1,-1,-1
215,7,1422.00,330.00,214.00,663.00,1.0,-1,-1,-1
215,8,1053.00,362.00,36.00,110.00,1.0,-1,-1,-1
215,9,0.00,0.00,0.00,0.00,1.0,-1,-1,-1
215,10,886.00,359.00,44.00,134.00,1.0,-1,-1,-1
215,11,1647.00,310.00,273.00,691.00,1.0,-1,-1,-1
215,12,604.00,362.00,59.00,146.00,1.0,-1,-1,-1
216,0,989.00,373.00,53.00,149.00,1.0,-1,-1,-1
216,1,0.00,0.00,0.00,0.00,1.0,-1,-1,-1
216,2,0.00,0.00,0.00,0.00,1.0,-1,-1,-1
216,3,0.00,0.00,0.00,0.00,1.0,-1,-1,-1
216,4,377.00,368.00,46.00,123.00,1.0,-1,-1,-1
216,5,0.00,0.00,0.00,0.00,1.0,-1,-1,-1
216,6,1237.00,325.00,84.00,277.00,1.0,-1,-1,-1
216,7,1399.00,331.00,247.00,678.00,1.0,-1,-1,-1
216,8,1059.00,365.00,39.00,111.00,1.0,-1,-1,-1
216,9,0.00,0.00,0.00,0.00,1.0,-1,-1,-1
216,10,895.00,362.00,41.00,132.00,1.0,-1,-1,-1
216,11,1616.00,315.00,304.00,704.00,1.0,-1,-1,-1
216,12,611.00,372.00,56.00,136.00,1.0,-1,-1,-1
217,0,989.00,375.00,55.00,150.00,1.0,-1,-1,-1
217,1,0.00,0.00,0.00,0.00,1.0,-1,-1,-1
217,2,0.00,0.00,0.00,0.00,1.0,-1,-1,-1
217,3,0.00,0.00,0.00,0.00,1.0,-1,-1,-1
217,4,381.00,368.00,47.00,121.00,1.0,-1,-1,-1
217,5,0.00,0.00,0.00,0.00,1.0,-1,-1,-1
217,6,1242.00,327.00,87.00,280.00,1.0,-1,-1,-1
217,7,1388.00,336.00,254.00,684.00,1.0,-1,-1,-1
217,8,1063.00,367.00,38.00,113.00,1.0,-1,-1,-1
217,9,0.00,0.00,0.00,0.00,1.0,-1,-1,-1
217,10,896.00,362.00,43.00,134.00,1.0,-1,-1,-1
217,11,1614.00,321.00,306.00,706.00,1.0,-1,-1,-1
217,12,611.00,372.00,59.00,139.00,1.0,-1,-1,-1
218,0,992.00,376.00,56.00,150.00,1.0,-1,-1,-1
218,1,0.00,0.00,0.00,0.00,1.0,-1,-1,-1
218,2,0.00,0.00,0.00,0.00,1.0,-1,-1,-1
218,3,0.00,0.00,0.00,0.00,1.0,-1,-1,-1
218,4,387.00,367.00,1095.00,117.00,1.0,-1,-1,-1
218,5,0.00,0.00,0.00,0.00,1.0,-1,-1,-1
218,6,1249.00,329.00,89.00,282.00,1.0,-1,-1,-1
218,7,1384.00,339.00,258.00,689.00,1.0,-1,-1,-1
218,8,1070.00,368.00,36.00,111.00,1.0,-1,-1,-1
218,9,0.00,0.00,0.00,0.00,1.0,-1,-1,-1
218,10,900.00,362.00,41.00,134.00,1.0,-1,-1,-1
218,11,1622.00,327.00,298.00,708.00,1.0,-1,-1,-1
218,12,614.00,371.00,60.00,141.00,1.0,-1,-1,-1
219,0,993.00,376.00,54.00,150.00,1.0,-1,-1,-1
219,1,0.00,0.00,0.00,0.00,1.0,-1,-1,-1
219,2,0.00,0.00,0.00,0.00,1.0,-1,-1,-1
219,3,0.00,0.00,0.00,0.00,1.0,-1,-1,-1
219,4,391.00,365.00,1091.00,117.00,1.0,-1,-1,-1
219,5,0.00,0.00,0.00,0.00,1.0,-1,-1,-1
219,6,1255.00,329.00,89.00,285.00,1.0,-1,-1,-1
219,7,1381.00,342.00,258.00,692.00,1.0,-1,-1,-1
219,8,1072.00,368.00,36.00,111.00,1.0,-1,-1,-1
219,9,0.00,0.00,0.00,0.00,1.0,-1,-1,-1
219,10,901.00,362.00,42.00,134.00,1.0,-1,-1,-1
219,11,1630.00,329.00,290.00,708.00,1.0,-1,-1,-1
219,12,611.00,356.00,65.00,155.00,1.0,-1,-1,-1
220,0,998.00,379.00,49.00,148.00,1.0,-1,-1,-1
220,1,0.00,0.00,0.00,0.00,1.0,-1,-1,-1
220,2,0.00,0.00,0.00,0.00,1.0,-1,-1,-1
220,3,0.00,0.00,0.00,0.00,1.0,-1,-1,-1
220,4,397.00,364.00,44.00,121.00,1.0,-1,-1,-1
220,5,0.00,0.00,0.00,0.00,1.0,-1,-1,-1
220,6,1262.00,332.00,92.00,286.00,1.0,-1,-1,-1
220,7,1382.00,347.00,256.00,693.00,1.0,-1,-1,-1
220,8,1077.00,369.00,35.00,111.00,1.0,-1,-1,-1
220,9,0.00,0.00,0.00,0.00,1.0,-1,-1,-1
220,10,903.00,362.00,42.00,136.00,1.0,-1,-1,-1
220,11,1631.00,333.00,289.00,708.00,1.0,-1,-1,-1
220,12,611.00,356.00,67.00,157.00,1.0,-1,-1,-1
221,0,1001.00,378.00,50.00,150.00,1.0,-1,-1,-1
221,1,0.00,0.00,0.00,0.00,1.0,-1,-1,-1
221,2,0.00,0.00,0.00,0.00,1.0,-1,-1,-1
221,3,0.00,0.00,0.00,0.00,1.0,-1,-1,-1
221,4,401.00,361.00,43.00,121.00,1.0,-1,-1,-1
221,5,0.00,0.00,0.00,0.00,1.0,-1,-1,-1
221,6,1266.00,336.00,95.00,291.00,1.0,-1,-1,-1
221,7,1381.00,353.00,245.00,691.00,1.0,-1,-1,-1
221,8,1080.00,370.00,35.00,110.00,1.0,-1,-1,-1
221,9,0.00,0.00,0.00,0.00,1.0,-1,-1,-1
221,10,900.00,362.00,47.00,136.00,1.0,-1,-1,-1
221,11,1636.00,338.00,284.00,716.00,1.0,-1,-1,-1
221,12,610.00,355.00,67.00,158.00,1.0,-1,-1,-1
222,0,1001.00,378.00,53.00,148.00,1.0,-1,-1,-1
222,1,0.00,0.00,0.00,0.00,1.0,-1,-1,-1
222,2,0.00,0.00,0.00,0.00,1.0,-1,-1,-1
222,3,0.00,0.00,0.00,0.00,1.0,-1,-1,-1
222,4,403.00,361.00,42.00,121.00,1.0,-1,-1,-1
222,5,0.00,0.00,0.00,0.00,1.0,-1,-1,-1
222,6,1267.00,336.00,99.00,295.00,1.0,-1,-1,-1
222,7,1379.00,353.00,239.00,697.00,1.0,-1,-1,-1
222,8,1081.00,369.00,36.00,112.00,1.0,-1,-1,-1
222,9,0.00,0.00,0.00,0.00,1.0,-1,-1,-1
222,10,897.00,363.00,50.00,135.00,1.0,-1,-1,-1
222,11,1640.00,338.00,280.00,714.00,1.0,-1,-1,-1
222,12,610.00,355.00,67.00,158.00,1.0,-1,-1,-1
223,0,1006.00,376.00,446.00,149.00,1.0,-1,-1,-1
223,1,0.00,0.00,0.00,0.00,1.0,-1,-1,-1
223,2,0.00,0.00,0.00,0.00,1.0,-1,-1,-1
223,3,0.00,0.00,0.00,0.00,1.0,-1,-1,-1
223,4,404.00,360.00,44.00,121.00,1.0,-1,-1,-1
223,5,0.00,0.00,0.00,0.00,1.0,-1,-1,-1
223,6,1271.00,335.00,100.00,299.00,1.0,-1,-1,-1
223,7,1375.00,352.00,240.00,697.00,1.0,-1,-1,-1
223,8,1084.00,368.00,35.00,112.00,1.0,-1,-1,-1
223,9,0.00,0.00,0.00,0.00,1.0,-1,-1,-1
223,10,900.00,363.00,47.00,135.00,1.0,-1,-1,-1
223,11,1643.00,336.00,277.00,704.00,1.0,-1,-1,-1
223,12,610.00,354.00,67.00,158.00,1.0,-1,-1,-1
224,0,1007.00,373.00,53.00,148.00,1.0,-1,-1,-1
224,1,0.00,0.00,0.00,0.00,1.0,-1,-1,-1
224,2,0.00,0.00,0.00,0.00,1.0,-1,-1,-1
224,3,0.00,0.00,0.00,0.00,1.0,-1,-1,-1
224,4,407.00,357.00,43.00,122.00,1.0,-1,-1,-1
224,5,0.00,0.00,0.00,0.00,1.0,-1,-1,-1
224,6,1273.00,332.00,105.00,302.00,1.0,-1,-1,-1
224,7,1364.00,348.00,251.00,697.00,1.0,-1,-1,-1
224,8,1086.00,366.00,36.00,112.00,1.0,-1,-1,-1
224,9,0.00,0.00,0.00,0.00,1.0,-1,-1,-1
224,10,903.00,362.00,43.00,133.00,1.0,-1,-1,-1
224,11,1647.00,331.00,273.00,695.00,1.0,-1,-1,-1
224,12,614.00,354.00,65.00,156.00,1.0,-1,-1,-1
225,0,1009.00,372.00,443.00,149.00,1.0,-1,-1,-1
225,1,0.00,0.00,0.00,0.00,1.0,-1,-1,-1
225,2,0.00,0.00,0.00,0.00,1.0,-1,-1,-1
225,3,0.00,0.00,0.00,0.00,1.0,-1,-1,-1
225,4,410.00,358.00,40.00,118.00,1.0,-1,-1,-1
225,5,0.00,0.00,0.00,0.00,1.0,-1,-1,-1
225,6,1277.00,330.00,102.00,304.00,1.0,-1,-1,-1
225,7,1358.00,344.00,255.00,688.00,1.0,-1,-1,-1
225,8,1085.00,365.00,38.00,111.00,1.0,-1,-1,-1
225,9,0.00,0.00,0.00,0.00,1.0,-1,-1,-1
225,10,904.00,361.00,42.00,134.00,1.0,-1,-1,-1
225,11,1648.00,327.00,264.00,682.00,1.0,-1,-1,-1
225,12,615.00,353.00,64.00,157.00,1.0,-1,-1,-1
226,0,1010.00,364.00,472.00,157.00,1.0,-1,-1,-1
226,1,0.00,0.00,0.00,0.00,1.0,-1,-1,-1
226,2,0.00,0.00,0.00,0.00,1.0,-1,-1,-1
226,3,0.00,0.00,0.00,0.00,1.0,-1,-1,-1
226,4,412.00,357.00,43.00,119.00,1.0,-1,-1,-1
226,5,0.00,0.00,0.00,0.00,1.0,-1,-1,-1
226,6,1288.00,324.00,105.00,312.00,1.0,-1,-1,-1
226,7,1349.00,337.00,264.00,671.00,1.0,-1,-1,-1
226,8,1088.00,364.00,40.00,112.00,1.0,-1,-1,-1
226,9,0.00,0.00,0.00,0.00,1.0,-1,-1,-1
226,10,905.00,361.00,41.00,134.00,1.0,-1,-1,-1
226,11,1644.00,321.00,264.00,699.00,1.0,-1,-1,-1
226,12,611.00,351.00,68.00,158.00,1.0,-1,-1,-1
227,0,1015.00,364.00,467.00,156.00,1.0,-1,-1,-1
227,1,0.00,0.00,0.00,0.00,1.0,-1,-1,-1
227,2,0.00,0.00,0.00,0.00,1.0,-1,-1,-1
227,3,0.00,0.00,0.00,0.00,1.0,-1,-1,-1
227,4,416.00,358.00,40.00,115.00,1.0,-1,-1,-1
227,5,0.00,0.00,0.00,0.00,1.0,-1,-1,-1
227,6,1299.00,322.00,102.00,314.00,1.0,-1,-1,-1
227,7,1348.00,334.00,268.00,673.00,1.0,-1,-1,-1
227,8,1090.00,364.00,42.00,111.00,1.0,-1,-1,-1
227,9,0.00,0.00,0.00,0.00,1.0,-1,-1,-1
227,10,908.00,364.00,41.00,130.00,1.0,-1,-1,-1
227,11,1644.00,319.00,265.00,708.00,1.0,-1,-1,-1
227,12,617.00,354.00,63.00,154.00,1.0,-1,-1,-1
228,0,1018.00,348.00,464.00,174.00,1.0,-1,-1,-1
228,1,0.00,0.00,0.00,0.00,1.0,-1,-1,-1
228,2,0.00,0.00,0.00,0.00,1.0,-1,-1,-1
228,3,0.00,0.00,0.00,0.00,1.0,-1,-1,-1
228,4,420.00,357.00,41.00,119.00,1.0,-1,-1,-1
228,5,0.00,0.00,0.00,0.00,1.0,-1,-1,-1
228,6,1308.00,321.00,101.00,317.00,1.0,-1,-1,-1
228,7,1349.00,333.00,269.00,681.00,1.0,-1,-1,-1
228,8,1099.00,364.00,38.00,114.00,1.0,-1,-1,-1
228,9,0.00,0.00,0.00,0.00,1.0,-1,-1,-1
228,10,910.00,364.00,40.00,132.00,1.0,-1,-1,-1
228,11,1644.00,320.00,264.00,714.00,1.0,-1,-1,-1
228,12,617.00,355.00,66.00,154.00,1.0,-1,-1,-1
229,0,1020.00,347.00,462.00,174.00,1.0,-1,-1,-1
229,1,0.00,0.00,0.00,0.00,1.0,-1,-1,-1
229,2,0.00,0.00,0.00,0.00,1.0,-1,-1,-1
229,3,0.00,0.00,0.00,0.00,1.0,-1,-1,-1
229,4,424.00,357.00,42.00,118.00,1.0,-1,-1,-1
229,5,0.00,0.00,0.00,0.00,1.0,-1,-1,-1
229,6,1316.00,320.00,102.00,319.00,1.0,-1,-1,-1
229,7,1352.00,332.00,269.00,688.00,1.0,-1,-1,-1
229,8,1103.00,365.00,38.00,113.00,1.0,-1,-1,-1
229,9,0.00,0.00,0.00,0.00,1.0,-1,-1,-1
229,10,912.00,363.00,38.00,131.00,1.0,-1,-1,-1
229,11,1645.00,322.00,264.00,719.00,1.0,-1,-1,-1
229,12,617.00,353.00,68.00,156.00,1.0,-1,-1,-1
230,0,1022.00,374.00,50.00,143.00,1.0,-1,-1,-1
230,1,0.00,0.00,0.00,0.00,1.0,-1,-1,-1
230,2,0.00,0.00,0.00,0.00,1.0,-1,-1,-1
230,3,0.00,0.00,0.00,0.00,1.0,-1,-1,-1
230,4,429.00,356.00,42.00,116.00,1.0,-1,-1,-1
230,5,0.00,0.00,0.00,0.00,1.0,-1,-1,-1
230,6,1326.00,319.00,97.00,322.00,1.0,-1,-1,-1
230,7,1353.00,332.00,271.00,697.00,1.0,-1,-1,-1
230,8,1106.00,364.00,39.00,110.00,1.0,-1,-1,-1
230,9,0.00,0.00,0.00,0.00,1.0,-1,-1,-1
230,10,919.00,361.00,40.00,132.00,1.0,-1,-1,-1
230,11,1646.00,324.00,263.00,727.00,1.0,-1,-1,-1
230,12,626.00,361.00,63.00,146.00,1.0,-1,-1,-1
231,0,1023.00,375.00,55.00,148.00,1.0,-1,-1,-1
231,1,0.00,0.00,0.00,0.00,1.0,-1,-1,-1
231,2,0.00,0.00,0.00,0.00,1.0,-1,-1,-1
231,3,0.00,0.00,0.00,0.00,1.0,-1,-1,-1
231,4,438.00,356.00,40.00,121.00,1.0,-1,-1,-1
231,5,0.00,0.00,0.00,0.00,1.0,-1,-1,-1
231,6,1334.00,322.00,102.00,332.00,1.0,-1,-1,-1
231,7,1356.00,338.00,278.00,704.00,1.0,-1,-1,-1
231,8,1115.00,366.00,39.00,113.00,1.0,-1,-1,-1
231,9,0.00,0.00,0.00,0.00,1.0,-1,-1,-1
231,10,923.00,365.00,39.00,131.00,1.0,-1,-1,-1
231,11,1647.00,332.00,264.00,726.00,1.0,-1,-1,-1
231,12,629.00,347.00,65.00,164.00,1.0,-1,-1,-1
232,0,1027.00,371.00,54.00,147.00,1.0,-1,-1,-1
232,1,0.00,0.00,0.00,0.00,1.0,-1,-1,-1
232,2,0.00,0.00,0.00,0.00,1.0,-1,-1,-1
232,3,0.00,0.00,0.00,0.00,1.0,-1,-1,-1
232,4,443.00,352.00,45.00,120.00,1.0,-1,-1,-1
232,5,0.00,0.00,0.00,0.00,1.0,-1,-1,-1
232,6,1342.00,320.00,96.00,334.00,1.0,-1,-1,-1
232,7,1356.00,339.00,281.00,706.00,1.0,-1,-1,-1
232,8,1119.00,364.00,40.00,110.00,1.0,-1,-1,-1
232,9,0.00,0.00,0.00,0.00,1.0,-1,-1,-1
232,10,929.00,360.00,40.00,133.00,1.0,-1,-1,-1
232,11,1649.00,333.00,263.00,728.00,1.0,-1,-1,-1
232,12,634.00,346.00,62.00,161.00,1.0,-1,-1,-1
233,0,1032.00,370.00,420.00,144.00,1.0,-1,-1,-1
233,1,0.00,0.00,0.00,0.00,1.0,-1,-1,-1
233,2,0.00,0.00,0.00,0.00,1.0,-1,-1,-1
233,3,0.00,0.00,0.00,0.00,1.0,-1,-1,-1
233,4,446.00,349.00,41.00,118.00,1.0,-1,-1,-1
233,5,0.00,0.00,0.00,0.00,1.0,-1,-1,-1
233,6,1346.00,320.00,96.00,335.00,1.0,-1,-1,-1
233,7,1356.00,341.00,284.00,705.00,1.0,-1,-1,-1
233,8,1123.00,363.00,40.00,111.00,1.0,-1,-1,-1
233,9,0.00,0.00,0.00,0.00,1.0,-1,-1,-1
233,10,929.00,356.00,41.00,135.00,1.0,-1,-1,-1
233,11,1650.00,333.00,262.00,728.00,1.0,-1,-1,-1
233,12,634.00,341.00,64.00,165.00,1.0,-1,-1,-1
234,0,1037.00,367.00,54.00,144.00,1.0,-1,-1,-1
234,1,0.00,0.00,0.00,0.00,1.0,-1,-1,-1
234,2,0.00,0.00,0.00,0.00,1.0,-1,-1,-1
234,3,0.00,0.00,0.00,0.00,1.0,-1,-1,-1
234,4,451.00,347.00,43.00,120.00,1.0,-1,-1,-1
234,5,0.00,0.00,0.00,0.00,1.0,-1,-1,-1
234,6,1356.00,319.00,94.00,323.00,1.0,-1,-1,-1
234,7,1362.00,341.00,281.00,704.00,1.0,-1,-1,-1
234,8,1128.00,360.00,40.00,111.00,1.0,-1,-1,-1
234,9,0.00,0.00,0.00,0.00,1.0,-1,-1,-1
234,10,933.00,355.00,39.00,134.00,1.0,-1,-1,-1
234,11,1655.00,330.00,265.00,735.00,1.0,-1,-1,-1
234,12,639.00,338.00,64.00,167.00,1.0,-1,-1,-1
235,0,1034.00,362.00,60.00,147.00,1.0,-1,-1,-1
235,1,0.00,0.00,0.00,0.00,1.0,-1,-1,-1
235,2,0.00,0.00,0.00,0.00,1.0,-1,-1,-1
235,3,0.00,0.00,0.00,0.00,1.0,-1,-1,-1
235,4,458.00,344.00,40.00,120.00,1.0,-1,-1,-1
235,5,0.00,0.00,0.00,0.00,1.0,-1,-1,-1
235,6,1364.00,316.00,90.00,325.00,1.0,-1,-1,-1
235,7,1367.00,340.00,278.00,706.00,1.0,-1,-1,-1
235,8,1135.00,358.00,38.00,111.00,1.0,-1,-1,-1
235,9,0.00,0.00,0.00,0.00,1.0,-1,-1,-1
235,10,941.00,352.00,36.00,134.00,1.0,-1,-1,-1
235,11,1660.00,327.00,260.00,741.00,1.0,-1,-1,-1
235,12,639.00,336.00,67.00,166.00,1.0,-1,-1,-1
236,0,1035.00,357.00,65.00,148.00,1.0,-1,-1,-1
236,1,0.00,0.00,0.00,0.00,1.0,-1,-1,-1
236,2,0.00,0.00,0.00,0.00,1.0,-1,-1,-1
236,3,0.00,0.00,0.00,0.00,1.0,-1,-1,-1
236,4,463.00,339.00,41.00,120.00,1.0,-1,-1,-1
236,5,0.00,0.00,0.00,0.00,1.0,-1,-1,-1
236,6,1378.00,310.00,81.00,330.00,1.0,-1,-1,-1
236,7,1373.00,334.00,269.00,716.00,1.0,-1,-1,-1
236,8,1141.00,352.00,38.00,111.00,1.0,-1,-1,-1
236,9,0.00,0.00,0.00,0.00,1.0,-1,-1,-1
236,10,941.00,346.00,40.00,135.00,1.0,-1,-1,-1
236,11,1662.00,318.00,258.00,733.00,1.0,-1,-1,-1
236,12,646.00,337.00,63.00,161.00,1.0,-1,-1,-1
236,13,0.00,336.00,47.00,192.00,1.0,-1,-1,-1
237,0,1036.00,354.00,65.00,148.00,1.0,-1,-1,-1
237,1,0.00,0.00,0.00,0.00,1.0,-1,-1,-1
237,2,0.00,0.00,0.00,0.00,1.0,-1,-1,-1
237,3,0.00,0.00,0.00,0.00,1.0,-1,-1,-1
237,4,467.00,339.00,43.00,118.00,1.0,-1,-1,-1
237,5,0.00,0.00,0.00,0.00,1.0,-1,-1,-1
237,6,1384.00,306.00,80.00,331.00,1.0,-1,-1,-1
237,7,1375.00,331.00,260.00,714.00,1.0,-1,-1,-1
237,8,1144.00,348.00,37.00,112.00,1.0,-1,-1,-1
237,9,0.00,0.00,0.00,0.00,1.0,-1,-1,-1
237,10,945.00,346.00,38.00,132.00,1.0,-1,-1,-1
237,11,1662.00,312.00,258.00,721.00,1.0,-1,-1,-1
237,12,647.00,329.00,65.00,166.00,1.0,-1,-1,-1
237,13,0.00,332.00,49.00,191.00,1.0,-1,-1,-1
238,0,1050.00,353.00,54.00,147.00,1.0,-1,-1,-1
238,1,0.00,0.00,0.00,0.00,1.0,-1,-1,-1
238,2,0.00,0.00,0.00,0.00,1.0,-1,-1,-1
238,3,0.00,0.00,0.00,0.00,1.0,-1,-1,-1
238,4,469.00,344.00,46.00,110.00,1.0,-1,-1,-1
238,5,0.00,0.00,0.00,0.00,1.0,-1,-1,-1
238,6,1391.00,301.00,80.00,155.00,1.0,-1,-1,-1
238,7,1376.00,325.00,253.00,711.00,1.0,-1,-1,-1
238,8,1145.00,345.00,38.00,113.00,1.0,-1,-1,-1
238,9,0.00,0.00,0.00,0.00,1.0,-1,-1,-1
238,10,945.00,341.00,41.00,136.00,1.0,-1,-1,-1
238,11,1661.00,306.00,259.00,710.00,1.0,-1,-1,-1
238,12,647.00,324.00,65.00,169.00,1.0,-1,-1,-1
238,13,0.00,329.00,57.00,191.00,1.0,-1,-1,-1
239,0,1038.00,352.00,68.00,147.00,1.0,-1,-1,-1
239,1,0.00,0.00,0.00,0.00,1.0,-1,-1,-1
239,2,0.00,0.00,0.00,0.00,1.0,-1,-1,-1
239,3,0.00,0.00,0.00,0.00,1.0,-1,-1,-1
239,4,473.00,338.00,48.00,116.00,1.0,-1,-1,-1
239,5,0.00,0.00,0.00,0.00,1.0,-1,-1,-1
239,6,1398.00,297.00,81.00,143.00,1.0,-1,-1,-1
239,7,1380.00,320.00,243.00,697.00,1.0,-1,-1,-1
239,8,1147.00,344.00,38.00,113.00,1.0,-1,-1,-1
239,9,0.00,0.00,0.00,0.00,1.0,-1,-1,-1
239,10,945.00,339.00,42.00,137.00,1.0,-1,-1,-1
239,11,1659.00,301.00,261.00,705.00,1.0,-1,-1,-1
239,12,647.00,322.00,67.00,172.00,1.0,-1,-1,-1
239,13,0.00,328.00,59.00,193.00,1.0,-1,-1,-1
240,0,1037.00,352.00,70.00,146.00,1.0,-1,-1,-1
240,1,0.00,0.00,0.00,0.00,1.0,-1,-1,-1
240,2,0.00,0.00,0.00,0.00,1.0,-1,-1,-1
240,3,0.00,0.00,0.00,0.00,1.0,-1,-1,-1
240,4,476.00,337.00,47.00,115.00,1.0,-1,-1,-1
240,5,0.00,0.00,0.00,0.00,1.0,-1,-1,-1
240,6,1404.00,293.00,82.00,142.00,1.0,-1,-1,-1
240,7,1382.00,316.00,236.00,686.00,1.0,-1,-1,-1
240,8,1147.00,343.00,39.00,113.00,1.0,-1,-1,-1
240,9,0.00,0.00,0.00,0.00,1.0,-1,-1,-1
240,10,948.00,339.00,40.00,136.00,1.0,-1,-1,-1
240,11,1658.00,296.00,262.00,715.00,1.0,-1,-1,-1
240,12,652.00,322.00,62.00,170.00,1.0,-1,-1,-1
240,13,0.00,326.00,60.00,192.00,1.0,-1,-1,-1
241,0,1038.00,352.00,76.00,145.00,1.0,-1,-1,-1
241,1,0.00,0.00,0.00,0.00,1.0,-1,-1,-1
241,2,0.00,0.00,0.00,0.00,1.0,-1,-1,-1
241,3,0.00,0.00,0.00,0.00,1.0,-1,-1,-1
241,4,482.00,333.00,47.00,115.00,1.0,-1,-1,-1
241,5,0.00,0.00,0.00,0.00,1.0,-1,-1,-1
241,6,1420.00,285.00,81.00,136.00,1.0,-1,-1,-1
241,7,1389.00,306.00,228.00,690.00,1.0,-1,-1,-1
241,8,1155.00,341.00,38.00,112.00,1.0,-1,-1,-1
241,9,0.00,0.00,0.00,0.00,1.0,-1,-1,-1
241,10,959.00,339.00,34.00,133.00,1.0,-1,-1,-1
241,11,1632.00,290.00,288.00,729.00,1.0,-1,-1,-1
241,12,656.00,319.00,63.00,172.00,1.0,-1,-1,-1
241,13,0.00,323.00,66.00,194.00,1.0,-1,-1,-1
242,0,1042.00,351.00,76.00,145.00,1.0,-1,-1,-1
242,1,0.00,0.00,0.00,0.00,1.0,-1,-1,-1
242,2,0.00,0.00,0.00,0.00,1.0,-1,-1,-1
242,3,0.00,0.00,0.00,0.00,1.0,-1,-1,-1
242,4,485.00,334.00,44.00,116.00,1.0,-1,-1,-1
242,5,0.00,0.00,0.00,0.00,1.0,-1,-1,-1
242,6,1427.00,284.00,84.00,131.00,1.0,-1,-1,-1
242,7,1392.00,305.00,227.00,695.00,1.0,-1,-1,-1
242,8,1158.00,340.00,38.00,113.00,1.0,-1,-1,-1
242,9,0.00,0.00,0.00,0.00,1.0,-1,-1,-1
242,10,960.00,338.00,36.00,135.00,1.0,-1,-1,-1
242,11,1612.00,289.00,308.00,738.00,1.0,-1,-1,-1
242,12,658.00,318.00,63.00,172.00,1.0,-1,-1,-1
242,13,0.00,323.00,71.00,193.00,1.0,-1,-1,-1
243,0,1046.00,350.00,75.00,146.00,1.0,-1,-1,-1
243,1,0.00,0.00,0.00,0.00,1.0,-1,-1,-1
243,2,0.00,0.00,0.00,0.00,1.0,-1,-1,-1
243,3,0.00,0.00,0.00,0.00,1.0,-1,-1,-1
243,4,488.00,333.00,43.00,114.00,1.0,-1,-1,-1
243,5,0.00,0.00,0.00,0.00,1.0,-1,-1,-1
243,6,1436.00,282.00,117.00,134.00,1.0,-1,-1,-1
243,7,1382.00,304.00,238.00,703.00,1.0,-1,-1,-1
243,8,1162.00,340.00,37.00,113.00,1.0,-1,-1,-1
243,9,0.00,0.00,0.00,0.00,1.0,-1,-1,-1
243,10,966.00,339.00,37.00,134.00,1.0,-1,-1,-1
243,11,1594.00,290.00,326.00,744.00,1.0,-1,-1,-1
243,12,661.00,316.00,62.00,174.00,1.0,-1,-1,-1
243,13,0.00,322.00,73.00,192.00,1.0,-1,-1,-1
244,0,1052.00,346.00,71.00,146.00,1.0,-1,-1,-1
244,1,0.00,0.00,0.00,0.00,1.0,-1,-1,-1
244,2,0.00,0.00,0.00,0.00,1.0,-1,-1,-1
244,3,0.00,0.00,0.00,0.00,1.0,-1,-1,-1
244,4,492.00,328.00,37.00,110.00,1.0,-1,-1,-1
244,5,0.00,0.00,0.00,0.00,1.0,-1,-1,-1
244,6,1496.00,280.00,68.00,140.00,1.0,-1,-1,-1
244,7,1373.00,303.00,249.00,710.00,1.0,-1,-1,-1
244,8,1164.00,339.00,37.00,113.00,1.0,-1,-1,-1
244,9,0.00,0.00,0.00,0.00,1.0,-1,-1,-1
244,10,967.00,339.00,40.00,133.00,1.0,-1,-1,-1
244,11,1602.00,290.00,318.00,752.00,1.0,-1,-1,-1
244,12,664.00,318.00,58.00,170.00,1.0,-1,-1,-1
244,13,0.00,319.00,75.00,196.00,1.0,-1,-1,-1
245,0,1055.00,348.00,71.00,147.00,1.0,-1,-1,-1
245,1,0.00,0.00,0.00,0.00,1.0,-1,-1,-1
245,2,0.00,0.00,0.00,0.00,1.0,-1,-1,-1
245,3,0.00,0.00,0.00,0.00,1.0,-1,-1,-1
245,4,495.00,328.00,39.00,121.00,1.0,-1,-1,-1
245,5,0.00,0.00,0.00,0.00,1.0,-1,-1,-1
245,6,1502.00,283.00,76.00,144.00,1.0,-1,-1,-1
245,7,1363.00,305.00,262.00,715.00,1.0,-1,-1,-1
245,8,1166.00,340.00,38.00,114.00,1.0,-1,-1,-1
245,9,0.00,0.00,0.00,0.00,1.0,-1,-1,-1
245,10,970.00,340.00,36.00,133.00,1.0,-1,-1,-1
245,11,1597.00,293.00,323.00,756.00,1.0,-1,-1,-1
245,12,666.00,317.00,58.00,173.00,1.0,-1,-1,-1
245,13,0.00,322.00,77.00,192.00,1.0,-1,-1,-1
246,0,1081.00,346.00,54.00,148.00,1.0,-1,-1,-1
246,1,0.00,0.00,0.00,0.00,1.0,-1,-1,-1
246,2,0.00,0.00,0.00,0.00,1.0,-1,-1,-1
246,3,0.00,0.00,0.00,0.00,1.0,-1,-1,-1
246,4,502.00,325.00,42.00,120.00,1.0,-1,-1,-1
246,5,0.00,0.00,0.00,0.00,1.0,-1,-1,-1
246,6,1527.00,285.00,74.00,171.00,1.0,-1,-1,-1
246,7,1353.00,310.00,281.00,725.00,1.0,-1,-1,-1
246,8,1174.00,339.00,38.00,112.00,1.0,-1,-1,-1
246,9,0.00,0.00,0.00,0.00,1.0,-1,-1,-1
246,10,976.00,339.00,41.00,133.00,1.0,-1,-1,-1
246,11,1612.00,301.00,308.00,755.00,1.0,-1,-1,-1
246,12,671.00,313.00,57.00,175.00,1.0,-1,-1,-1
246,13,5.00,318.00,78.00,192.00,1.0,-1,-1,-1
247,0,1079.00,346.00,403.00,148.00,1.0,-1,-1,-1
247,1,0.00,0.00,0.00,0.00,1.0,-1,-1,-1
247,2,0.00,0.00,0.00,0.00,1.0,-1,-1,-1
247,3,0.00,0.00,0.00,0.00,1.0,-1,-1,-1
247,4,508.00,325.00,35.00,121.00,1.0,-1,-1,-1
247,5,0.00,0.00,0.00,0.00,1.0,-1,-1,-1
247,6,1527.00,287.00,86.00,208.00,1.0,-1,-1,-1
247,7,1351.00,314.00,282.00,724.00,1.0,-1,-1,-1
247,8,1175.00,339.00,37.00,115.00,1.0,-1,-1,-1
247,9,0.00,0.00,0.00,0.00,1.0,-1,-1,-1
247,10,976.00,339.00,37.00,133.00,1.0,-1,-1,-1
247,11,1616.00,303.00,304.00,753.00,1.0,-1,-1,-1
247,12,671.00,313.00,56.00,176.00,1.0,-1,-1,-1
247,13,5.00,318.00,75.00,192.00,1.0,-1,-1,-1
248,0,1081.00,346.00,401.00,149.00,1.0,-1,-1,-1
248,1,0.00,0.00,0.00,0.00,1.0,-1,-1,-1
248,2,0.00,0.00,0.00,0.00,1.0,-1,-1,-1
248,3,0.00,0.00,0.00,0.00,1.0,-1,-1,-1
248,4,511.00,325.00,30.00,122.00,1.0,-1,-1,-1
248,5,0.00,0.00,0.00,0.00,1.0,-1,-1,-1
248,6,1528.00,289.00,96.00,411.00,1.0,-1,-1,-1
248,7,1355.00,318.00,278.00,720.00,1.0,-1,-1,-1
248,8,1176.00,339.00,37.00,115.00,1.0,-1,-1,-1
248,9,0.00,0.00,0.00,0.00,1.0,-1,-1,-1
248,10,976.00,336.00,37.00,136.00,1.0,-1,-1,-1
248,11,1619.00,304.00,301.00,756.00,1.0,-1,-1,-1
248,12,672.00,313.00,55.00,176.00,1.0,-1,-1,-1
248,13,6.00,317.00,74.00,193.00,1.0,-1,-1,-1
249,0,1081.00,345.00,401.00,149.00,1.0,-1,-1,-1
249,1,0.00,0.00,0.00,0.00,1.0,-1,-1,-1
249,2,0.00,0.00,0.00,0.00,1.0,-1,-1,-1
249,3,0.00,0.00,0.00,0.00,1.0,-1,-1,-1
249,4,513.00,325.00,29.00,118.00,1.0,-1,-1,-1
249,5,0.00,0.00,0.00,0.00,1.0,-1,-1,-1
249,6,1525.00,289.00,114.00,421.00,1.0,-1,-1,-1
249,7,1357.00,319.00,277.00,719.00,1.0,-1,-1,-1
249,8,1178.00,339.00,38.00,114.00,1.0,-1,-1,-1
249,9,0.00,0.00,0.00,0.00,1.0,-1,-1,-1
249,10,976.00,335.00,38.00,135.00,1.0,-1,-1,-1
249,11,1628.00,306.00,292.00,759.00,1.0,-1,-1,-1
249,12,672.00,313.00,56.00,175.00,1.0,-1,-1,-1
249,13,7.00,314.00,70.00,193.00,1.0,-1,-1,-1
250,0,1085.00,344.00,59.00,148.00,1.0,-1,-1,-1
250,1,0.00,0.00,0.00,0.00,1.0,-1,-1,-1
250,2,0.00,0.00,0.00,0.00,1.0,-1,-1,-1
250,3,0.00,0.00,0.00,0.00,1.0,-1,-1,-1
250,4,518.00,321.00,26.00,121.00,1.0,-1,-1,-1
250,5,0.00,0.00,0.00,0.00,1.0,-1,-1,-1
250,6,1523.00,285.00,128.00,433.00,1.0,-1,-1,-1
250,7,1362.00,317.00,272.00,725.00,1.0,-1,-1,-1
250,8,1178.00,337.00,40.00,113.00,1.0,-1,-1,-1
250,9,0.00,0.00,0.00,0.00,1.0,-1,-1,-1
250,10,979.00,333.00,38.00,134.00,1.0,-1,-1,-1
250,11,1636.00,303.00,284.00,759.00,1.0,-1,-1,-1
250,12,674.00,305.00,55.00,181.00,1.0,-1,-1,-1
250,13,14.00,313.00,67.00,191.00,1.0,-1,-1,-1
251,0,1082.00,342.00,66.00,147.00,1.0,-1,-1,-1
251,1,0.00,0.00,0.00,0.00,1.0,-1,-1,-1
251,2,0.00,0.00,0.00,0.00,1.0,-1,-1,-1
251,3,0.00,0.00,0.00,0.00,1.0,-1,-1,-1
251,4,520.00,320.00,28.00,123.00,1.0,-1,-1,-1
251,5,0.00,0.00,0.00,0.00,1.0,-1,-1,-1
251,6,1536.00,279.00,140.00,441.00,1.0,-1,-1,-1
251,7,1372.00,311.00,260.00,725.00,1.0,-1,-1,-1
251,8,1187.00,334.00,37.00,113.00,1.0,-1,-1,-1
251,9,0.00,0.00,0.00,0.00,1.0,-1,-1,-1
251,10,982.00,329.00,40.00,135.00,1.0,-1,-1,-1
251,11,1650.00,295.00,270.00,735.00,1.0,-1,-1,-1
251,12,679.00,304.00,53.00,181.00,1.0,-1,-1,-1
251,13,17.00,310.00,68.00,193.00,1.0,-1,-1,-1
252,0,1095.00,331.00,387.00,156.00,1.0,-1,-1,-1
252,1,0.00,0.00,0.00,0.00,1.0,-1,-1,-1
252,2,0.00,0.00,0.00,0.00,1.0,-1,-1,-1
252,3,0.00,0.00,0.00,0.00,1.0,-1,-1,-1
252,4,520.00,320.00,29.00,126.00,1.0,-1,-1,-1
252,5,0.00,0.00,0.00,0.00,1.0,-1,-1,-1
252,6,1547.00,274.00,132.00,446.00,1.0,-1,-1,-1
252,7,1374.00,306.00,258.00,716.00,1.0,-1,-1,-1
252,8,1190.00,332.00,36.00,114.00,1.0,-1,-1,-1
252,9,0.00,0.00,0.00,0.00,1.0,-1,-1,-1
252,10,983.00,328.00,39.00,136.00,1.0,-1,-1,-1
252,11,1658.00,289.00,262.00,725.00,1.0,-1,-1,-1
252,12,679.00,302.00,53.00,182.00,1.0,-1,-1,-1
252,13,18.00,309.00,69.00,190.00,1.0,-1,-1,-1
253,0,1101.00,331.00,411.00,156.00,1.0,-1,-1,-1
253,1,0.00,0.00,0.00,0.00,1.0,-1,-1,-1
253,2,0.00,0.00,0.00,0.00,1.0,-1,-1,-1
253,3,0.00,0.00,0.00,0.00,1.0,-1,-1,-1
253,4,0.00,0.00,0.00,0.00,1.0,-1,-1,-1
253,5,0.00,0.00,0.00,0.00,1.0,-1,-1,-1
253,6,1556.00,269.00,137.00,452.00,1.0,-1,-1,-1
253,7,1373.00,302.00,265.00,701.00,1.0,-1,-1,-1
253,8,1191.00,330.00,36.00,114.00,1.0,-1,-1,-1
253,9,0.00,0.00,0.00,0.00,1.0,-1,-1,-1
253,10,983.00,326.00,38.00,137.00,1.0,-1,-1,-1
253,11,1657.00,283.00,263.00,726.00,1.0,-1,-1,-1
253,12,681.00,304.00,53.00,181.00,1.0,-1,-1,-1
253,13,19.00,311.00,69.00,190.00,1.0,-1,-1,-1
254,0,1104.00,314.00,408.00,171.00,1.0,-1,-1,-1
254,1,0.00,0.00,0.00,0.00,1.0,-1,-1,-1
254,2,0.00,0.00,0.00,0.00,1.0,-1,-1,-1
254,3,0.00,0.00,0.00,0.00,1.0,-1,-1,-1
254,4,0.00,0.00,0.00,0.00,1.0,-1,-1,-1
254,5,0.00,0.00,0.00,0.00,1.0,-1,-1,-1
254,6,1567.00,264.00,139.00,457.00,1.0,-1,-1,-1
254,7,1373.00,296.00,257.00,693.00,1.0,-1,-1,-1
254,8,1194.00,330.00,36.00,113.00,1.0,-1,-1,-1
254,9,0.00,0.00,0.00,0.00,1.0,-1,-1,-1
254,10,983.00,322.00,39.00,141.00,1.0,-1,-1,-1
254,11,1658.00,278.00,262.00,737.00,1.0,-1,-1,-1
254,12,682.00,311.00,53.00,174.00,1.0,-1,-1,-1
254,13,20.00,312.00,69.00,191.00,1.0,-1,-1,-1
255,0,1107.00,314.00,405.00,169.00,1.0,-1,-1,-1
255,1,0.00,0.00,0.00,0.00,1.0,-1,-1,-1
255,2,0.00,0.00,0.00,0.00,1.0,-1,-1,-1
255,3,0.00,0.00,0.00,0.00,1.0,-1,-1,-1
255,4,0.00,0.00,0.00,0.00,1.0,-1,-1,-1
255,5,0.00,0.00,0.00,0.00,1.0,-1,-1,-1
255,6,1579.00,259.00,142.00,464.00,1.0,-1,-1,-1
255,7,1375.00,291.00,254.00,694.00,1.0,-1,-1,-1
255,8,1196.00,328.00,38.00,113.00,1.0,-1,-1,-1
255,9,0.00,0.00,0.00,0.00,1.0,-1,-1,-1
255,10,984.00,321.00,39.00,141.00,1.0,-1,-1,-1
255,11,1661.00,274.00,259.00,747.00,1.0,-1,-1,-1
255,12,684.00,319.00,52.00,165.00,1.0,-1,-1,-1
255,13,22.00,312.00,71.00,190.00,1.0,-1,-1,-1
256,0,1112.00,297.00,430.00,183.00,1.0,-1,-1,-1
256,1,0.00,0.00,0.00,0.00,1.0,-1,-1,-1
256,2,0.00,0.00,0.00,0.00,1.0,-1,-1,-1
256,3,0.00,0.00,0.00,0.00,1.0,-1,-1,-1
256,4,0.00,0.00,0.00,0.00,1.0,-1,-1,-1
256,5,0.00,0.00,0.00,0.00,1.0,-1,-1,-1
256,6,1600.00,249.00,153.00,480.00,1.0,-1,-1,-1
256,7,1381.00,285.00,257.00,711.00,1.0,-1,-1,-1
256,8,1202.00,325.00,38.00,115.00,1.0,-1,-1,-1
256,9,0.00,0.00,0.00,0.00,1.0,-1,-1,-1
256,10,989.00,320.00,38.00,140.00,1.0,-1,-1,-1
256,11,1667.00,269.00,253.00,762.00,1.0,-1,-1,-1
256,12,689.00,319.00,51.00,166.00,1.0,-1,-1,-1
256,13,26.00,315.00,80.00,191.00,1.0,-1,-1,-1
257,0,1115.00,332.00,51.00,147.00,1.0,-1,-1,-1
257,1,0.00,0.00,0.00,0.00,1.0,-1,-1,-1
257,2,0.00,0.00,0.00,0.00,1.0,-1,-1,-1
257,3,0.00,0.00,0.00,0.00,1.0,-1,-1,-1
257,4,0.00,0.00,0.00,0.00,1.0,-1,-1,-1
257,5,0.00,0.00,0.00,0.00,1.0,-1,-1,-1
257,6,1615.00,246.00,151.00,494.00,1.0,-1,-1,-1
257,7,1387.00,284.00,257.00,720.00,1.0,-1,-1,-1
257,8,1206.00,325.00,39.00,114.00,1.0,-1,-1,-1
257,9,0.00,0.00,0.00,0.00,1.0,-1,-1,-1
257,10,992.00,321.00,39.00,138.00,1.0,-1,-1,-1
257,11,1671.00,270.00,249.00,769.00,1.0,-1,-1,-1
257,12,692.00,319.00,51.00,166.00,1.0,-1,-1,-1
257,13,30.00,316.00,71.00,191.00,1.0,-1,-1,-1
258,0,1115.00,330.00,52.00,147.00,1.0,-1,-1,-1
258,1,0.00,0.00,0.00,0.00,1.0,-1,-1,-1
258,2,0.00,0.00,0.00,0.00,1.0,-1,-1,-1
258,3,0.00,0.00,0.00,0.00,1.0,-1,-1,-1
258,4,0.00,0.00,0.00,0.00,1.0,-1,-1,-1
258,5,0.00,0.00,0.00,0.00,1.0,-1,-1,-1
258,6,1630.00,246.00,131.00,499.00,1.0,-1,-1,-1
258,7,1393.00,283.00,257.00,727.00,1.0,-1,-1,-1
258,8,1208.00,322.00,40.00,115.00,1.0,-1,-1,-1
258,9,0.00,0.00,0.00,0.00,1.0,-1,-1,-1
258,10,991.00,327.00,47.00,132.00,1.0,-1,-1,-1
258,11,1678.00,269.00,242.00,773.00,1.0,-1,-1,-1
258,12,695.00,314.00,47.00,169.00,1.0,-1,-1,-1
258,13,37.00,315.00,67.00,195.00,1.0,-1,-1,-1
259,0,1121.00,297.00,421.00,182.00,1.0,-1,-1,-1
259,1,0.00,0.00,0.00,0.00,1.0,-1,-1,-1
259,2,0.00,0.00,0.00,0.00,1.0,-1,-1,-1
259,3,0.00,0.00,0.00,0.00,1.0,-1,-1,-1
259,4,0.00,0.00,0.00,0.00,1.0,-1,-1,-1
259,5,0.00,0.00,0.00,0.00,1.0,-1,-1,-1
259,6,1635.00,246.00,138.00,502.00,1.0,-1,-1,-1
259,7,1398.00,285.00,264.00,730.00,1.0,-1,-1,-1
259,8,1213.00,324.00,39.00,115.00,1.0,-1,-1,-1
259,9,0.00,0.00,0.00,0.00,1.0,-1,-1,-1
259,10,994.00,321.00,43.00,140.00,1.0,-1,-1,-1
259,11,1683.00,273.00,237.00,771.00,1.0,-1,-1,-1
259,12,694.00,314.00,54.00,173.00,1.0,-1,-1,-1
259,13,35.00,320.00,73.00,191.00,1.0,-1,-1,-1
260,0,1126.00,297.00,446.00,181.00,1.0,-1,-1,-1
260,1,0.00,0.00,0.00,0.00,1.0,-1,-1,-1
260,2,0.00,0.00,0.00,0.00,1.0,-1,-1,-1
260,3,0.00,0.00,0.00,0.00,1.0,-1,-1,-1
260,4,0.00,0.00,0.00,0.00,1.0,-1,-1,-1
260,5,0.00,0.00,0.00,0.00,1.0,-1,-1,-1
260,6,1652.00,245.00,134.00,487.00,1.0,-1,-1,-1
260,7,1408.00,287.00,265.00,733.00,1.0,-1,-1,-1
260,8,1220.00,322.00,39.00,115.00,1.0,-1,-1,-1
260,9,0.00,0.00,0.00,0.00,1.0,-1,-1,-1
260,10,997.00,321.00,46.00,138.00,1.0,-1,-1,-1
260,11,1689.00,273.00,231.00,772.00,1.0,-1,-1,-1
260,12,699.00,312.00,55.00,173.00,1.0,-1,-1,-1
260,13,38.00,318.00,73.00,191.00,1.0,-1,-1,-1
261,0,1140.00,314.00,432.00,160.00,1.0,-1,-1,-1
261,1,0.00,0.00,0.00,0.00,1.0,-1,-1,-1
261,2,0.00,304.00,19.00,192.00,1.0,-1,-1,-1
261,3,0.00,0.00,0.00,0.00,1.0,-1,-1,-1
261,4,0.00,0.00,0.00,0.00,1.0,-1,-1,-1
261,5,0.00,0.00,0.00,0.00,1.0,-1,-1,-1
261,6,1676.00,239.00,147.00,493.00,1.0,-1,-1,-1
261,7,1422.00,288.00,263.00,730.00,1.0,-1,-1,-1
261,8,1231.00,318.00,38.00,115.00,1.0,-1,-1,-1
261,9,0.00,0.00,0.00,0.00,1.0,-1,-1,-1
261,10,999.00,314.00,48.00,140.00,1.0,-1,-1,-1
261,11,1691.00,270.00,229.00,779.00,1.0,-1,-1,-1
261,12,706.00,297.00,54.00,184.00,1.0,-1,-1,-1
261,13,45.00,315.00,68.00,190.00,1.0,-1,-1,-1
262,0,1143.00,326.00,48.00,146.00,1.0,-1,-1,-1
262,1,0.00,0.00,0.00,0.00,1.0,-1,-1,-1
262,2,0.00,304.00,19.00,194.00,1.0,-1,-1,-1
262,3,0.00,0.00,0.00,0.00,1.0,-1,-1,-1
262,4,0.00,0.00,0.00,0.00,1.0,-1,-1,-1
262,5,0.00,0.00,0.00,0.00,1.0,-1,-1,-1
262,6,1688.00,236.00,150.00,496.00,1.0,-1,-1,-1
262,7,1430.00,290.00,262.00,728.00,1.0,-1,-1,-1
262,8,1235.00,316.00,37.00,115.00,1.0,-1,-1,-1
262,9,0.00,0.00,0.00,0.00,1.0,-1,-1,-1
262,10,1001.00,313.00,48.00,141.00,1.0,-1,-1,-1
262,11,1697.00,269.00,223.00,781.00,1.0,-1,-1,-1
262,12,706.00,295.00,54.00,186.00,1.0,-1,-1,-1
262,13,48.00,314.00,66.00,188.00,1.0,-1,-1,-1
263,0,1148.00,323.00,49.00,146.00,1.0,-1,-1,-1
263,1,0.00,0.00,0.00,0.00,1.0,-1,-1,-1
263,2,0.00,295.00,23.00,202.00,1.0,-1,-1,-1
263,3,0.00,0.00,0.00,0.00,1.0,-1,-1,-1
263,4,0.00,0.00,0.00,0.00,1.0,-1,-1,-1
263,5,0.00,0.00,0.00,0.00,1.0,-1,-1,-1
263,6,1720.00,231.00,200.00,252.00,1.0,-1,-1,-1
263,7,1437.00,287.00,258.00,734.00,1.0,-1,-1,-1
263,8,1237.00,313.00,40.00,116.00,1.0,-1,-1,-1
263,9,0.00,0.00,0.00,0.00,1.0,-1,-1,-1
263,10,1005.00,308.00,45.00,140.00,1.0,-1,-1,-1
263,11,1706.00,266.00,214.00,783.00,1.0,-1,-1,-1
263,12,706.00,291.00,59.00,186.00,1.0,-1,-1,-1
263,13,50.00,309.00,67.00,189.00,1.0,-1,-1,-1
264,0,1150.00,320.00,50.00,147.00,1.0,-1,-1,-1
264,1,0.00,0.00,0.00,0.00,1.0,-1,-1,-1
264,2,0.00,292.00,25.00,205.00,1.0,-1,-1,-1
264,3,0.00,0.00,0.00,0.00,1.0,-1,-1,-1
264,4,0.00,0.00,0.00,0.00,1.0,-1,-1,-1
264,5,0.00,0.00,0.00,0.00,1.0,-1,-1,-1
264,6,1736.00,227.00,140.00,230.00,1.0,-1,-1,-1
264,7,1443.00,285.00,253.00,739.00,1.0,-1,-1,-1
264,8,1242.00,310.00,38.00,114.00,1.0,-1,-1,-1
264,9,0.00,0.00,0.00,0.00,1.0,-1,-1,-1
264,10,1005.00,305.00,43.00,141.00,1.0,-1,-1,-1
264,11,1716.00,262.00,204.00,774.00,1.0,-1,-1,-1
264,12,707.00,288.00,60.00,187.00,1.0,-1,-1,-1
264,13,51.00,305.00,66.00,191.00,1.0,-1,-1,-1
265,0,1154.00,297.00,448.00,254.00,1.0,-1,-1,-1
265,1,0.00,0.00,0.00,0.00,1.0,-1,-1,-1
265,2,0.00,290.00,28.00,205.00,1.0,-1,-1,-1
265,3,0.00,0.00,0.00,0.00,1.0,-1,-1,-1
265,4,591.00,301.00,25.00,79.00,1.0,-1,-1,-1
265,5,0.00,0.00,0.00,0.00,1.0,-1,-1,-1
265,6,1751.00,223.00,148.00,217.00,1.0,-1,-1,-1
265,7,1447.00,283.00,249.00,737.00,1.0,-1,-1,-1
265,8,1243.00,308.00,39.00,117.00,1.0,-1,-1,-1
265,9,0.00,0.00,0.00,0.00,1.0,-1,-1,-1
265,10,1005.00,304.00,43.00,143.00,1.0,-1,-1,-1
265,11,1720.00,256.00,200.00,760.00,1.0,-1,-1,-1
265,12,712.00,287.00,56.00,187.00,1.0,-1,-1,-1
265,13,50.00,303.00,66.00,192.00,1.0,-1,-1,-1
266,0,1162.00,297.00,470.00,161.00,1.0,-1,-1,-1
266,1,0.00,0.00,0.00,0.00,1.0,-1,-1,-1
266,2,0.00,285.00,30.00,206.00,1.0,-1,-1,-1
266,3,0.00,0.00,0.00,0.00,1.0,-1,-1,-1
266,4,594.00,302.00,25.00,77.00,1.0,-1,-1,-1
266,5,0.00,0.00,0.00,0.00,1.0,-1,-1,-1
266,6,1784.00,210.00,136.00,197.00,1.0,-1,-1,-1
266,7,1458.00,274.00,243.00,714.00,1.0,-1,-1,-1
266,8,1248.00,306.00,40.00,115.00,1.0,-1,-1,-1
266,9,0.00,0.00,0.00,0.00,1.0,-1,-1,-1
266,10,1011.00,301.00,38.00,139.00,1.0,-1,-1,-1
266,11,1737.00,246.00,183.00,746.00,1.0,-1,-1,-1
266,12,715.00,284.00,57.00,187.00,1.0,-1,-1,-1
266,13,51.00,298.00,66.00,190.00,1.0,-1,-1,-1
267,0,1163.00,312.00,52.00,146.00,1.0,-1,-1,-1
267,1,0.00,0.00,0.00,0.00,1.0,-1,-1,-1
267,2,0.00,284.00,31.00,206.00,1.0,-1,-1,-1
267,3,0.00,0.00,0.00,0.00,1.0,-1,-1,-1
267,4,596.00,301.00,25.00,78.00,1.0,-1,-1,-1
267,5,0.00,0.00,0.00,0.00,1.0,-1,-1,-1
267,6,1801.00,207.00,119.00,190.00,1.0,-1,-1,-1
267,7,1464.00,270.00,239.00,699.00,1.0,-1,-1,-1
267,8,1249.00,305.00,41.00,115.00,1.0,-1,-1,-1
267,9,0.00,0.00,0.00,0.00,1.0,-1,-1,-1
267,10,1013.00,297.00,37.00,142.00,1.0,-1,-1,-1
267,11,1745.00,242.00,175.00,755.00,1.0,-1,-1,-1
267,12,713.00,281.00,60.00,190.00,1.0,-1,-1,-1
267,13,52.00,298.00,66.00,190.00,1.0,-1,-1,-1
268,0,1165.00,310.00,53.00,147.00,1.0,-1,-1,-1
268,1,0.00,0.00,0.00,0.00,1.0,-1,-1,-1
268,2,0.00,282.00,35.00,207.00,1.0,-1,-1,-1
268,3,0.00,0.00,0.00,0.00,1.0,-1,-1,-1
268,4,597.00,298.00,28.00,80.00,1.0,-1,-1,-1
268,5,0.00,0.00,0.00,0.00,1.0,-1,-1,-1
268,6,1817.00,346.00,47.00,454.00,1.0,-1,-1,-1
268,7,1467.00,263.00,240.00,697.00,1.0,-1,-1,-1
268,8,1249.00,304.00,42.00,116.00,1.0,-1,-1,-1
268,9,0.00,0.00,0.00,0.00,1.0,-1,-1,-1
268,10,1012.00,296.00,38.00,141.00,1.0,-1,-1,-1
268,11,1733.00,237.00,187.00,766.00,1.0,-1,-1,-1
268,12,709.00,279.00,65.00,192.00,1.0,-1,-1,-1
268,13,53.00,296.00,66.00,191.00,1.0,-1,-1,-1
269,0,1167.00,310.00,53.00,148.00,1.0,-1,-1,-1
269,1,0.00,0.00,0.00,0.00,1.0,-1,-1,-1
269,2,0.00,282.00,35.00,206.00,1.0,-1,-1,-1
269,3,0.00,0.00,0.00,0.00,1.0,-1,-1,-1
269,4,596.00,299.00,32.00,79.00,1.0,-1,-1,-1
269,5,0.00,0.00,0.00,0.00,1.0,-1,-1,-1
269,6,1832.00,357.00,42.00,449.00,1.0,-1,-1,-1
269,7,1471.00,259.00,240.00,708.00,1.0,-1,-1,-1
269,8,1251.00,304.00,41.00,116.00,1.0,-1,-1,-1
269,9,0.00,0.00,0.00,0.00,1.0,-1,-1,-1
269,10,1010.00,296.00,41.00,143.00,1.0,-1,-1,-1
269,11,1713.00,236.00,207.00,774.00,1.0,-1,-1,-1
269,12,708.00,279.00,66.00,193.00,1.0,-1,-1,-1
269,13,52.00,296.00,70.00,191.00,1.0,-1,-1,-1
270,0,1168.00,309.00,55.00,148.00,1.0,-1,-1,-1
270,1,0.00,0.00,0.00,0.00,1.0,-1,-1,-1
270,2,0.00,281.00,36.00,207.00,1.0,-1,-1,-1
270,3,0.00,0.00,0.00,0.00,1.0,-1,-1,-1
270,4,596.00,298.00,33.00,81.00,1.0,-1,-1,-1
270,5,0.00,0.00,0.00,0.00,1.0,-1,-1,-1
270,6,1860.00,723.00,26.00,85.00,1.0,-1,-1,-1
270,7,1470.00,257.00,246.00,716.00,1.0,-1,-1,-1
270,8,1255.00,305.00,38.00,116.00,1.0,-1,-1,-1
270,9,0.00,0.00,0.00,0.00,1.0,-1,-1,-1
270,10,1009.00,297.00,43.00,141.00,1.0,-1,-1,-1
270,11,1698.00,236.00,222.00,783.00,1.0,-1,-1,-1
270,12,716.00,279.00,58.00,193.00,1.0,-1,-1,-1
270,13,53.00,296.00,71.00,190.00,1.0,-1,-1,-1
271,0,1170.00,313.00,54.00,147.00,1.0,-1,-1,-1
271,1,0.00,0.00,0.00,0.00,1.0,-1,-1,-1
271,2,0.00,285.00,34.00,205.00,1.0,-1,-1,-1
271,3,0.00,0.00,0.00,0.00,1.0,-1,-1,-1
271,4,594.00,301.00,36.00,81.00,1.0,-1,-1,-1
271,5,0.00,0.00,0.00,0.00,1.0,-1,-1,-1
271,6,1875.00,747.00,21.00,71.00,1.0,-1,-1,-1
271,7,1454.00,257.00,268.00,733.00,1.0,-1,-1,-1
271,8,1251.00,305.00,41.00,117.00,1.0,-1,-1,-1
271,9,0.00,0.00,0.00,0.00,1.0,-1,-1,-1
271,10,1008.00,298.00,40.00,143.00,1.0,-1,-1,-1
271,11,1686.00,241.00,234.00,790.00,1.0,-1,-1,-1
271,12,711.00,280.00,61.00,195.00,1.0,-1,-1,-1
271,13,47.00,299.00,73.00,192.00,1.0,-1,-1,-1
272,0,1168.00,316.00,55.00,148.00,1.0,-1,-1,-1
272,1,0.00,0.00,0.00,0.00,1.0,-1,-1,-1
272,2,0.00,293.00,29.00,202.00,1.0,-1,-1,-1
272,3,0.00,0.00,0.00,0.00,1.0,-1,-1,-1
272,4,591.00,303.00,38.00,82.00,1.0,-1,-1,-1
272,5,0.00,0.00,0.00,0.00,1.0,-1,-1,-1
272,6,0.00,0.00,0.00,0.00,1.0,-1,-1,-1
272,7,1454.00,262.00,268.00,738.00,1.0,-1,-1,-1
272,8,1251.00,306.00,38.00,118.00,1.0,-1,-1,-1
272,9,0.00,0.00,0.00,0.00,1.0,-1,-1,-1
272,10,1007.00,302.00,40.00,144.00,1.0,-1,-1,-1
272,11,1689.00,243.00,231.00,789.00,1.0,-1,-1,-1
272,12,715.00,286.00,53.00,193.00,1.0,-1,-1,-1
272,13,43.00,302.00,73.00,193.00,1.0,-1,-1,-1
273,0,1164.00,316.00,57.00,147.00,1.0,-1,-1,-1
273,1,0.00,0.00,0.00,0.00,1.0,-1,-1,-1
273,2,0.00,322.00,27.00,172.00,1.0,-1,-1,-1
273,3,0.00,0.00,0.00,0.00,1.0,-1,-1,-1
273,4,588.00,303.00,39.00,82.00,1.0,-1,-1,-1
273,5,0.00,0.00,0.00,0.00,1.0,-1,-1,-1
273,6,0.00,0.00,0.00,0.00,1.0,-1,-1,-1
273,7,1453.00,264.00,268.00,744.00,1.0,-1,-1,-1
273,8,1248.00,306.00,40.00,117.00,1.0,-1,-1,-1
273,9,0.00,0.00,0.00,0.00,1.0,-1,-1,-1
273,10,1003.00,303.00,40.00,143.00,1.0,-1,-1,-1
273,11,1698.00,245.00,222.00,785.00,1.0,-1,-1,-1
273,12,709.00,283.00,55.00,197.00,1.0,-1,-1,-1
273,13,40.00,303.00,76.00,192.00,1.0,-1,-1,-1
274,0,1167.00,280.00,435.00,183.00,1.0,-1,-1,-1
274,1,0.00,0.00,0.00,0.00,1.0,-1,-1,-1
274,2,0.00,322.00,26.00,174.00,1.0,-1,-1,-1
274,3,0.00,0.00,0.00,0.00,1.0,-1,-1,-1
274,4,585.00,303.00,40.00,83.00,1.0,-1,-1,-1
274,5,0.00,0.00,0.00,0.00,1.0,-1,-1,-1
274,6,0.00,0.00,0.00,0.00,1.0,-1,-1,-1
274,7,1456.00,267.00,264.00,745.00,1.0,-1,-1,-1
274,8,1249.00,307.00,38.00,117.00,1.0,-1,-1,-1
274,9,0.00,0.00,0.00,0.00,1.0,-1,-1,-1
274,10,1002.00,303.00,38.00,144.00,1.0,-1,-1,-1
274,11,1707.00,247.00,213.00,786.00,1.0,-1,-1,-1
274,12,706.00,286.00,55.00,195.00,1.0,-1,-1,-1
274,13,37.00,306.00,74.00,191.00,1.0,-1,-1,-1
275,0,1166.00,280.00,436.00,182.00,1.0,-1,-1,-1
275,1,0.00,0.00,0.00,0.00,1.0,-1,-1,-1
275,2,0.00,327.00,30.00,168.00,1.0,-1,-1,-1
275,3,0.00,0.00,0.00,0.00,1.0,-1,-1,-1
275,4,584.00,302.00,40.00,83.00,1.0,-1,-1,-1
275,5,0.00,0.00,0.00,0.00,1.0,-1,-1,-1
275,6,0.00,0.00,0.00,0.00,1.0,-1,-1,-1
275,7,1457.00,268.00,260.00,746.00,1.0,-1,-1,-1
275,8,1247.00,305.00,38.00,117.00,1.0,-1,-1,-1
275,9,0.00,0.00,0.00,0.00,1.0,-1,-1,-1
275,10,1001.00,302.00,35.00,143.00,1.0,-1,-1,-1
275,11,1710.00,245.00,210.00,792.00,1.0,-1,-1,-1
275,12,703.00,283.00,56.00,198.00,1.0,-1,-1,-1
275,13,30.00,305.00,76.00,192.00,1.0,-1,-1,-1
276,0,1151.00,316.00,60.00,145.00,1.0,-1,-1,-1
276,1,0.00,0.00,0.00,0.00,1.0,-1,-1,-1
276,2,0.00,450.00,11.00,46.00,1.0,-1,-1,-1
276,3,0.00,0.00,0.00,0.00,1.0,-1,-1,-1
276,4,577.00,303.00,39.00,84.00,1.0,-1,-1,-1
276,5,0.00,0.00,0.00,0.00,1.0,-1,-1,-1
276,6,0.00,0.00,0.00,0.00,1.0,-1,-1,-1
276,7,1462.00,272.00,256.00,739.00,1.0,-1,-1,-1
276,8,1238.00,304.00,40.00,120.00,1.0,-1,-1,-1
276,9,0.00,0.00,0.00,0.00,1.0,-1,-1,-1
276,10,995.00,302.00,33.00,144.00,1.0,-1,-1,-1
276,11,1716.00,244.00,204.00,799.00,1.0,-1,-1,-1
276,12,693.00,287.00,55.00,197.00,1.0,-1,-1,-1
276,13,19.00,307.00,82.00,193.00,1.0,-1,-1,-1
277,0,1146.00,314.00,366.00,145.00,1.0,-1,-1,-1
277,1,0.00,0.00,0.00,0.00,1.0,-1,-1,-1
277,2,0.00,0.00,0.00,0.00,1.0,-1,-1,-1
277,3,0.00,0.00,0.00,0.00,1.0,-1,-1,-1
277,4,570.00,304.00,40.00,84.00,1.0,-1,-1,-1
277,5,0.00,0.00,0.00,0.00,1.0,-1,-1,-1
277,6,0.00,0.00,0.00,0.00,1.0,-1,-1,-1
277,7,1455.00,271.00,265.00,739.00,1.0,-1,-1,-1
277,8,1234.00,304.00,38.00,117.00,1.0,-1,-1,-1
277,9,0.00,0.00,0.00,0.00,1.0,-1,-1,-1
277,10,990.00,302.00,32.00,144.00,1.0,-1,-1,-1
277,11,1717.00,243.00,203.00,794.00,1.0,-1,-1,-1
277,12,685.00,283.00,55.00,201.00,1.0,-1,-1,-1
277,13,13.00,306.00,77.00,195.00,1.0,-1,-1,-1
278,0,1138.00,313.00,61.00,144.00,1.0,-1,-1,-1
278,1,0.00,0.00,0.00,0.00,1.0,-1,-1,-1
278,2,0.00,0.00,0.00,0.00,1.0,-1,-1,-1
278,3,0.00,0.00,0.00,0.00,1.0,-1,-1,-1
278,4,564.00,305.00,38.00,83.00,1.0,-1,-1,-1
278,5,0.00,0.00,0.00,0.00,1.0,-1,-1,-1
278,6,0.00,0.00,0.00,0.00,1.0,-1,-1,-1
278,7,1447.00,270.00,272.00,739.00,1.0,-1,-1,-1
278,8,1227.00,303.00,38.00,118.00,1.0,-1,-1,-1
278,9,0.00,0.00,0.00,0.00,1.0,-1,-1,-1
278,10,981.00,301.00,33.00,144.00,1.0,-1,-1,-1
278,11,1716.00,240.00,204.00,783.00,1.0,-1,-1,-1
278,12,674.00,283.00,57.00,201.00,1.0,-1,-1,-1
278,13,0.00,305.00,78.00,197.00,1.0,-1,-1,-1
279,0,1134.00,280.00,438.00,176.00,1.0,-1,-1,-1
279,1,0.00,0.00,0.00,0.00,1.0,-1,-1,-1
279,2,0.00,0.00,0.00,0.00,1.0,-1,-1,-1
279,3,0.00,0.00,0.00,0.00,1.0,-1,-1,-1
279,4,555.00,297.00,987.00,89.00,1.0,-1,-1,-1
279,5,0.00,0.00,0.00,0.00,1.0,-1,-1,-1
279,6,0.00,0.00,0.00,0.00,1.0,-1,-1,-1
279,7,1438.00,267.00,280.00,738.00,1.0,-1,-1,-1
279,8,1217.00,302.00,39.00,116.00,1.0,-1,-1,-1
279,9,0.00,0.00,0.00,0.00,1.0,-1,-1,-1
279,10,972.00,297.00,32.00,148.00,1.0,-1,-1,-1
279,11,1715.00,236.00,205.00,768.00,1.0,-1,-1,-1
279,12,664.00,282.00,55.00,201.00,1.0,-1,-1,-1
279,13,0.00,305.00,64.00,193.00,1.0,-1,-1,-1
280,0,1132.00,280.00,440.00,174.00,1.0,-1,-1,-1
280,1,0.00,0.00,0.00,0.00,1.0,-1,-1,-1
280,2,0.00,0.00,0.00,0.00,1.0,-1,-1,-1
280,3,0.00,0.00,0.00,0.00,1.0,-1,-1,-1
280,4,548.00,302.00,40.00,83.00,1.0,-1,-1,-1
280,5,0.00,0.00,0.00,0.00,1.0,-1,-1,-1
280,6,0.00,0.00,0.00,0.00,1.0,-1,-1,-1
280,7,1430.00,262.00,285.00,722.00,1.0,-1,-1,-1
280,8,1210.00,299.00,40.00,118.00,1.0,-1,-1,-1
280,9,0.00,0.00,0.00,0.00,1.0,-1,-1,-1
280,10,964.00,294.00,33.00,146.00,1.0,-1,-1,-1
280,11,1707.00,230.00,213.00,755.00,1.0,-1,-1,-1
280,12,656.00,263.00,1156.00,218.00,1.0,-1,-1,-1
280,13,0.00,302.00,55.00,194.00,1.0,-1,-1,-1
281,0,1117.00,304.00,57.00,147.00,1.0,-1,-1,-1
281,1,0.00,0.00,0.00,0.00,1.0,-1,-1,-1
281,2,0.00,0.00,0.00,0.00,1.0,-1,-1,-1
281,3,0.00,0.00,0.00,0.00,1.0,-1,-1,-1
281,4,533.00,303.00,38.00,81.00,1.0,-1,-1,-1
281,5,0.00,0.00,0.00,0.00,1.0,-1,-1,-1
281,6,0.00,0.00,0.00,0.00,1.0,-1,-1,-1
281,7,1417.00,252.00,292.00,698.00,1.0,-1,-1,-1
281,8,1194.00,297.00,41.00,118.00,1.0,-1,-1,-1
281,9,0.00,0.00,0.00,0.00,1.0,-1,-1,-1
281,10,948.00,291.00,32.00,147.00,1.0,-1,-1,-1
281,11,1689.00,222.00,231.00,761.00,1.0,-1,-1,-1
281,12,631.00,277.00,61.00,205.00,1.0,-1,-1,-1
281,13,0.00,317.00,34.00,161.00,1.0,-1,-1,-1
282,0,1114.00,303.00,53.00,147.00,1.0,-1,-1,-1
282,1,0.00,0.00,0.00,0.00,1.0,-1,-1,-1
282,2,0.00,0.00,0.00,0.00,1.0,-1,-1,-1
282,3,0.00,0.00,0.00,0.00,1.0,-1,-1,-1
282,4,523.00,300.00,42.00,83.00,1.0,-1,-1,-1
282,5,0.00,0.00,0.00,0.00,1.0,-1,-1,-1
282,6,0.00,0.00,0.00,0.00,1.0,-1,-1,-1
282,7,1412.00,247.00,291.00,701.00,1.0,-1,-1,-1
282,8,1188.00,296.00,40.00,117.00,1.0,-1,-1,-1
282,9,0.00,0.00,0.00,0.00,1.0,-1,-1,-1
282,10,940.00,289.00,32.00,149.00,1.0,-1,-1,-1
282,11,1682.00,217.00,238.00,770.00,1.0,-1,-1,-1
282,12,622.00,263.00,1160.00,218.00,1.0,-1,-1,-1
282,13,0.00,334.00,19.00,90.00,1.0,-1,-1,-1
283,0,1111.00,303.00,51.00,146.00,1.0,-1,-1,-1
283,1,0.00,0.00,0.00,0.00,1.0,-1,-1,-1
283,2,0.00,0.00,0.00,0.00,1.0,-1,-1,-1
283,3,0.00,0.00,0.00,0.00,1.0,-1,-1,-1
283,4,518.00,300.00,41.00,83.00,1.0,-1,-1,-1
283,5,0.00,0.00,0.00,0.00,1.0,-1,-1,-1
283,6,0.00,0.00,0.00,0.00,1.0,-1,-1,-1
283,7,1410.00,243.00,289.00,708.00,1.0,-1,-1,-1
283,8,1182.00,295.00,40.00,118.00,1.0,-1,-1,-1
283,9,0.00,0.00,0.00,0.00,1.0,-1,-1,-1
283,10,935.00,288.00,31.00,147.00,1.0,-1,-1,-1
283,11,1676.00,214.00,244.00,776.00,1.0,-1,-1,-1
283,12,611.00,274.00,65.00,207.00,1.0,-1,-1,-1
283,13,0.00,346.00,13.00,75.00,1.0,-1,-1,-1
284,0,1106.00,263.00,466.00,185.00,1.0,-1,-1,-1
284,1,0.00,0.00,0.00,0.00,1.0,-1,-1,-1
284,2,0.00,0.00,0.00,0.00,1.0,-1,-1,-1
284,3,0.00,0.00,0.00,0.00,1.0,-1,-1,-1
284,4,510.00,300.00,42.00,83.00,1.0,-1,-1,-1
284,5,0.00,0.00,0.00,0.00,1.0,-1,-1,-1
284,6,0.00,0.00,0.00,0.00,1.0,-1,-1,-1
284,7,1408.00,240.00,286.00,715.00,1.0,-1,-1,-1
284,8,1177.00,294.00,39.00,117.00,1.0,-1,-1,-1
284,9,0.00,0.00,0.00,0.00,1.0,-1,-1,-1
284,10,930.00,289.00,29.00,146.00,1.0,-1,-1,-1
284,11,1669.00,212.00,251.00,780.00,1.0,-1,-1,-1
284,12,602.00,274.00,66.00,207.00,1.0,-1,-1,-1
284,13,0.00,0.00,0.00,0.00,1.0,-1,-1,-1
285,0,1102.00,303.00,51.00,145.00,1.0,-1,-1,-1
285,1,0.00,0.00,0.00,0.00,1.0,-1,-1,-1
285,2,0.00,0.00,0.00,0.00,1.0,-1,-1,-1
285,3,0.00,0.00,0.00,0.00,1.0,-1,-1,-1
285,4,507.00,301.00,38.00,83.00,1.0,-1,-1,-1
285,5,0.00,0.00,0.00,0.00,1.0,-1,-1,-1
285,6,0.00,0.00,0.00,0.00,1.0,-1,-1,-1
285,7,1408.00,239.00,280.00,719.00,1.0,-1,-1,-1
285,8,1173.00,293.00,39.00,119.00,1.0,-1,-1,-1
285,9,0.00,0.00,0.00,0.00,1.0,-1,-1,-1
285,10,924.00,288.00,30.00,147.00,1.0,-1,-1,-1
285,11,1665.00,213.00,255.00,783.00,1.0,-1,-1,-1
285,12,594.00,275.00,70.00,207.00,1.0,-1,-1,-1
285,13,0.00,0.00,0.00,0.00,1.0,-1,-1,-1
286,0,1101.00,297.00,441.00,149.00,1.0,-1,-1,-1
286,1,0.00,0.00,0.00,0.00,1.0,-1,-1,-1
286,2,0.00,0.00,0.00,0.00,1.0,-1,-1,-1
286,3,0.00,0.00,0.00,0.00,1.0,-1,-1,-1
286,4,502.00,299.00,40.00,83.00,1.0,-1,-1,-1
286,5,0.00,0.00,0.00,0.00,1.0,-1,-1,-1
286,6,0.00,0.00,0.00,0.00,1.0,-1,-1,-1
286,7,1412.00,237.00,268.00,728.00,1.0,-1,-1,-1
286,8,1171.00,292.00,36.00,116.00,1.0,-1,-1,-1
286,9,0.00,0.00,0.00,0.00,1.0,-1,-1,-1
286,10,917.00,286.00,34.00,140.00,1.0,-1,-1,-1
286,11,1666.00,212.00,254.00,789.00,1.0,-1,-1,-1
286,12,587.00,274.00,69.00,207.00,1.0,-1,-1,-1
286,13,0.00,0.00,0.00,0.00,1.0,-1,-1,-1
287,0,1097.00,302.00,48.00,141.00,1.0,-1,-1,-1
287,1,0.00,0.00,0.00,0.00,1.0,-1,-1,-1
287,2,0.00,0.00,0.00,0.00,1.0,-1,-1,-1
287,3,0.00,0.00,0.00,0.00,1.0,-1,-1,-1
287,4,496.00,301.00,41.00,84.00,1.0,-1,-1,-1
287,5,0.00,0.00,0.00,0.00,1.0,-1,-1,-1
287,6,0.00,0.00,0.00,0.00,1.0,-1,-1,-1
287,7,1417.00,241.00,258.00,727.00,1.0,-1,-1,-1
287,8,1167.00,291.00,36.00,118.00,1.0,-1,-1,-1
287,9,0.00,0.00,0.00,0.00,1.0,-1,-1,-1
287,10,909.00,291.00,33.00,135.00,1.0,-1,-1,-1
287,11,1664.00,213.00,256.00,787.00,1.0,-1,-1,-1
287,12,577.00,279.00,71.00,205.00,1.0,-1,-1,-1
287,13,0.00,0.00,0.00,0.00,1.0,-1,-1,-1
288,0,1099.00,263.00,473.00,179.00,1.0,-1,-1,-1
288,1,0.00,0.00,0.00,0.00,1.0,-1,-1,-1
288,2,0.00,0.00,0.00,0.00,1.0,-1,-1,-1
288,3,0.00,0.00,0.00,0.00,1.0,-1,-1,-1
288,4,497.00,280.00,1075.00,103.00,1.0,-1,-1,-1
288,5,0.00,0.00,0.00,0.00,1.0,-1,-1,-1
288,6,0.00,0.00,0.00,0.00,1.0,-1,-1,-1
288,7,1425.00,241.00,253.00,727.00,1.0,-1,-1,-1
288,8,1169.00,287.00,37.00,115.00,1.0,-1,-1,-1
288,9,0.00,0.00,0.00,0.00,1.0,-1,-1,-1
288,10,910.00,287.00,33.00,144.00,1.0,-1,-1,-1
288,11,1668.00,211.00,252.00,789.00,1.0,-1,-1,-1
288,12,568.00,273.00,79.00,208.00,1.0,-1,-1,-1
288,13,0.00,0.00,0.00,0.00,1.0,-1,-1,-1
289,0,1102.00,263.00,470.00,173.00,1.0,-1,-1,-1
289,1,0.00,0.00,0.00,0.00,1.0,-1,-1,-1
289,2,0.00,0.00,0.00,0.00,1.0,-1,-1,-1
289,3,0.00,0.00,0.00,0.00,1.0,-1,-1,-1
289,4,497.00,294.00,42.00,86.00,1.0,-1,-1,-1
289,5,0.00,0.00,0.00,0.00,1.0,-1,-1,-1
289,6,0.00,0.00,0.00,0.00,1.0,-1,-1,-1
289,7,1435.00,240.00,244.00,726.00,1.0,-1,-1,-1
289,8,1168.00,285.00,38.00,115.00,1.0,-1,-1,-1
289,9,0.00,0.00,0.00,0.00,1.0,-1,-1,-1
289,10,909.00,290.00,33.00,137.00,1.0,-1,-1,-1
289,11,1675.00,207.00,245.00,796.00,1.0,-1,-1,-1
289,12,558.00,266.00,83.00,214.00,1.0,-1,-1,-1
289,13,0.00,0.00,0.00,0.00,1.0,-1,-1,-1
290,0,1096.00,280.00,446.00,155.00,1.0,-1,-1,-1
290,1,0.00,0.00,0.00,0.00,1.0,-1,-1,-1
290,2,0.00,0.00,0.00,0.00,1.0,-1,-1,-1
290,3,0.00,0.00,0.00,0.00,1.0,-1,-1,-1
290,4,496.00,296.00,44.00,85.00,1.0,-1,-1,-1
290,5,0.00,0.00,0.00,0.00,1.0,-1,-1,-1
290,6,0.00,0.00,0.00,0.00,1.0,-1,-1,-1
290,7,1438.00,239.00,247.00,729.00,1.0,-1,-1,-1
290,8,1165.00,282.00,40.00,116.00,1.0,-1,-1,-1
290,9,0.00,0.00,0.00,0.00,1.0,-1,-1,-1
290,10,906.00,286.00,31.00,143.00,1.0,-1,-1,-1
290,11,1678.00,204.00,242.00,799.00,1.0,-1,-1,-1
290,12,555.00,269.00,83.00,211.00,1.0,-1,-1,-1
290,13,0.00,0.00,0.00,0.00,1.0,-1,-1,-1
291,0,1101.00,287.00,441.00,145.00,1.0,-1,-1,-1
291,1,0.00,0.00,0.00,0.00,1.0,-1,-1,-1
291,2,0.00,0.00,0.00,0.00,1.0,-1,-1,-1
291,3,0.00,0.00,0.00,0.00,1.0,-1,-1,-1
291,4,498.00,293.00,41.00,84.00,1.0,-1,-1,-1
291,5,0.00,0.00,0.00,0.00,1.0,-1,-1,-1
291,6,0.00,0.00,0.00,0.00,1.0,-1,-1,-1
291,7,1450.00,235.00,242.00,734.00,1.0,-1,-1,-1
291,8,1167.00,278.00,40.00,116.00,1.0,-1,-1,-1
291,9,0.00,0.00,0.00,0.00,1.0,-1,-1,-1
291,10,904.00,278.00,34.00,147.00,1.0,-1,-1,-1
291,11,1690.00,198.00,230.00,802.00,1.0,-1,-1,-1
291,12,555.00,264.00,79.00,212.00,1.0,-1,-1,-1
291,13,0.00,0.00,0.00,0.00,1.0,-1,-1,-1
292,0,1103.00,280.00,499.00,153.00,1.0,-1,-1,-1
292,1,0.00,0.00,0.00,0.00,1.0,-1,-1,-1
292,2,0.00,0.00,0.00,0.00,1.0,-1,-1,-1
292,3,0.00,0.00,0.00,0.00,1.0,-1,-1,-1
292,4,499.00,287.00,43.00,85.00,1.0,-1,-1,-1
292,5,0.00,0.00,0.00,0.00,1.0,-1,-1,-1
292,6,0.00,0.00,0.00,0.00,1.0,-1,-1,-1
292,7,1466.00,225.00,236.00,729.00,1.0,-1,-1,-1
292,8,1169.00,271.00,41.00,117.00,1.0,-1,-1,-1
292,9,0.00,0.00,0.00,0.00,1.0,-1,-1,-1
292,10,901.00,272.00,34.00,142.00,1.0,-1,-1,-1
292,11,1715.00,188.00,205.00,773.00,1.0,-1,-1,-1
292,12,548.00,258.00,76.00,209.00,1.0,-1,-1,-1
292,13,0.00,0.00,0.00,0.00,1.0,-1,-1,-1
293,0,1102.00,277.00,500.00,146.00,1.0,-1,-1,-1
293,1,0.00,0.00,0.00,0.00,1.0,-1,-1,-1
293,2,0.00,0.00,0.00,0.00,1.0,-1,-1,-1
293,3,0.00,0.00,0.00,0.00,1.0,-1,-1,-1
293,4,500.00,284.00,40.00,84.00,1.0,-1,-1,-1
293,5,0.00,0.00,0.00,0.00,1.0,-1,-1,-1
293,6,0.00,0.00,0.00,0.00,1.0,-1,-1,-1
293,7,1470.00,218.00,238.00,718.00,1.0,-1,-1,-1
293,8,1171.00,267.00,40.00,117.00,1.0,-1,-1,-1
293,9,0.00,0.00,0.00,0.00,1.0,-1,-1,-1
293,10,900.00,269.00,34.00,140.00,1.0,-1,-1,-1
293,11,1724.00,181.00,196.00,762.00,1.0,-1,-1,-1
293,12,543.00,254.00,60.00,115.00,1.0,-1,-1,-1
293,13,0.00,0.00,0.00,0.00,1.0,-1,-1,-1
294,0,1105.00,273.00,497.00,145.00,1.0,-1,-1,-1
294,1,0.00,0.00,0.00,0.00,1.0,-1,-1,-1
294,2,0.00,0.00,0.00,0.00,1.0,-1,-1,-1
294,3,0.00,0.00,0.00,0.00,1.0,-1,-1,-1
294,4,503.00,281.00,38.00,81.00,1.0,-1,-1,-1
294,5,0.00,0.00,0.00,0.00,1.0,-1,-1,-1
294,6,0.00,0.00,0.00,0.00,1.0,-1,-1,-1
294,7,1479.00,210.00,235.00,710.00,1.0,-1,-1,-1
294,8,1175.00,262.00,38.00,119.00,1.0,-1,-1,-1
294,9,0.00,0.00,0.00,0.00,1.0,-1,-1,-1
294,10,902.00,262.00,35.00,144.00,1.0,-1,-1,-1
294,11,1734.00,174.00,186.00,763.00,1.0,-1,-1,-1
294,12,535.00,250.00,67.00,115.00,1.0,-1,-1,-1
294,13,0.00,0.00,0.00,0.00,1.0,-1,-1,-1
295,0,1108.00,272.00,524.00,144.00,1.0,-1,-1,-1
295,1,0.00,0.00,0.00,0.00,1.0,-1,-1,-1
295,2,0.00,0.00,0.00,0.00,1.0,-1,-1,-1
295,3,0.00,0.00,0.00,0.00,1.0,-1,-1,-1
295,4,504.00,278.00,38.00,84.00,1.0,-1,-1,-1
295,5,0.00,0.00,0.00,0.00,1.0,-1,-1,-1
295,6,0.00,0.00,0.00,0.00,1.0,-1,-1,-1
295,7,1489.00,205.00,230.00,701.00,1.0,-1,-1,-1
295,8,1177.00,260.00,37.00,119.00,1.0,-1,-1,-1
295,9,0.00,0.00,0.00,0.00,1.0,-1,-1,-1
295,10,902.00,258.00,36.00,152.00,1.0,-1,-1,-1
295,11,1739.00,170.00,181.00,772.00,1.0,-1,-1,-1
295,12,542.00,248.00,57.00,115.00,1.0,-1,-1,-1
295,13,0.00,0.00,0.00,0.00,1.0,-1,-1,-1
296,0,1108.00,271.00,554.00,145.00,1.0,-1,-1,-1
296,1,0.00,0.00,0.00,0.00,1.0,-1,-1,-1
296,2,0.00,0.00,0.00,0.00,1.0,-1,-1,-1
296,3,0.00,0.00,0.00,0.00,1.0,-1,-1,-1
296,4,507.00,276.00,33.00,86.00,1.0,-1,-1,-1
296,5,0.00,0.00,0.00,0.00,1.0,-1,-1,-1
296,6,0.00,0.00,0.00,0.00,1.0,-1,-1,-1
296,7,1494.00,200.00,232.00,708.00,1.0,-1,-1,-1
296,8,1176.00,259.00,39.00,120.00,1.0,-1,-1,-1
296,9,0.00,0.00,0.00,0.00,1.0,-1,-1,-1
296,10,901.00,256.00,35.00,151.00,1.0,-1,-1,-1
296,11,1727.00,167.00,193.00,781.00,1.0,-1,-1,-1
296,12,538.00,247.00,61.00,115.00,1.0,-1,-1,-1
296,13,0.00,0.00,0.00,0.00,1.0,-1,-1,-1
297,0,1110.00,268.00,59.00,145.00,1.0,-1,-1,-1
297,1,0.00,0.00,0.00,0.00,1.0,-1,-1,-1
297,2,0.00,0.00,0.00,0.00,1.0,-1,-1,-1
297,3,0.00,0.00,0.00,0.00,1.0,-1,-1,-1
297,4,513.00,272.00,27.00,86.00,1.0,-1,-1,-1
297,5,0.00,0.00,0.00,0.00,1.0,-1,-1,-1
297,6,0.00,0.00,0.00,0.00,1.0,-1,-1,-1
297,7,1503.00,193.00,238.00,727.00,1.0,-1,-1,-1
297,8,1182.00,258.00,39.00,118.00,1.0,-1,-1,-1
297,9,0.00,0.00,0.00,0.00,1.0,-1,-1,-1
297,10,900.00,253.00,36.00,172.00,1.0,-1,-1,-1
297,11,1698.00,165.00,222.00,799.00,1.0,-1,-1,-1
297,12,534.00,242.00,59.00,116.00,1.0,-1,-1,-1
297,13,0.00,0.00,0.00,0.00,1.0,-1,-1,-1
298,0,1110.00,268.00,59.00,145.00,1.0,-1,-1,-1
298,1,0.00,0.00,0.00,0.00,1.0,-1,-1,-1
298,2,0.00,0.00,0.00,0.00,1.0,-1,-1,-1
298,3,0.00,0.00,0.00,0.00,1.0,-1,-1,-1
298,4,514.00,276.00,25.00,82.00,1.0,-1,-1,-1
298,5,0.00,0.00,0.00,0.00,1.0,-1,-1,-1
298,6,0.00,0.00,0.00,0.00,1.0,-1,-1,-1
298,7,1493.00,192.00,252.00,734.00,1.0,-1,-1,-1
298,8,1183.00,258.00,37.00,117.00,1.0,-1,-1,-1
298,9,0.00,0.00,0.00,0.00,1.0,-1,-1,-1
298,10,901.00,252.00,38.00,152.00,1.0,-1,-1,-1
298,11,1689.00,165.00,231.00,803.00,1.0,-1,-1,-1
298,12,531.00,242.00,57.00,117.00,1.0,-1,-1,-1
298,13,0.00,0.00,0.00,0.00,1.0,-1,-1,-1
299,0,1112.00,269.00,57.00,145.00,1.0,-1,-1,-1
299,1,0.00,0.00,0.00,0.00,1.0,-1,-1,-1
299,2,0.00,0.00,0.00,0.00,1.0,-1,-1,-1
299,3,0.00,0.00,0.00,0.00,1.0,-1,-1,-1
299,4,513.00,282.00,23.00,76.00,1.0,-1,-1,-1
299,5,0.00,0.00,0.00,0.00,1.0,-1,-1,-1
299,6,0.00,0.00,0.00,0.00,1.0,-1,-1,-1
299,7,1484.00,194.00,265.00,740.00,1.0,-1,-1,-1
299,8,1183.00,260.00,37.00,118.00,1.0,-1,-1,-1
299,9,0.00,0.00,0.00,0.00,1.0,-1,-1,-1
299,10,901.00,255.00,35.00,151.00,1.0,-1,-1,-1
299,11,1690.00,169.00,230.00,806.00,1.0,-1,-1,-1
299,12,523.00,244.00,61.00,116.00,1.0,-1,-1,-1
299,13,0.00,0.00,0.00,0.00,1.0,-1,-1,-1
300,0,1113.00,267.00,57.00,142.00,1.0,-1,-1,-1
300,1,0.00,0.00,0.00,0.00,1.0,-1,-1,-1
300,2,0.00,0.00,0.00,0.00,1.0,-1,-1,-1
300,3,0.00,0.00,0.00,0.00,1.0,-1,-1,-1
300,4,512.00,284.00,22.00,60.00,1.0,-1,-1,-1
300,5,0.00,0.00,0.00,0.00,1.0,-1,-1,-1
300,6,0.00,0.00,0.00,0.00,1.0,-1,-1,-1
300,7,1473.00,195.00,277.00,748.00,1.0,-1,-1,-1
300,8,1182.00,259.00,37.00,118.00,1.0,-1,-1,-1
300,9,0.00,0.00,0.00,0.00,1.0,-1,-1,-1
300,10,900.00,254.00,34.00,149.00,1.0,-1,-1,-1
300,11,1698.00,171.00,222.00,814.00,1.0,-1,-1,-1
300,12,522.00,241.00,59.00,117.00,1.0,-1,-1,-1
300,13,0.00,0.00,0.00,0.00,1.0,-1,-1,-1
301,0,1112.00,269.00,57.00,144.00,1.0,-1,-1,-1
301,1,0.00,0.00,0.00,0.00,1.0,-1,-1,-1
301,2,0.00,0.00,0.00,0.00,1.0,-1,-1,-1
301,3,0.00,0.00,0.00,0.00,1.0,-1,-1,-1
301,4,0.00,0.00,0.00,0.00,1.0,-1,-1,-1
301,5,0.00,0.00,0.00,0.00,1.0,-1,-1,-1
301,6,0.00,0.00,0.00,0.00,1.0,-1,-1,-1
301,7,1469.00,200.00,280.00,750.00,1.0,-1,-1,-1
301,8,1179.00,262.00,38.00,119.00,1.0,-1,-1,-1
301,9,0.00,0.00,0.00,0.00,1.0,-1,-1,-1
301,10,896.00,257.00,40.00,150.00,1.0,-1,-1,-1
301,11,1711.00,175.00,209.00,805.00,1.0,-1,-1,-1
301,12,520.00,245.00,55.00,115.00,1.0,-1,-1,-1
301,13,0.00,0.00,0.00,0.00,1.0,-1,-1,-1
301,14,1050.00,255.00,50.00,138.00,1.0,-1,-1,-1
302,0,1112.00,268.00,56.00,146.00,1.0,-1,-1,-1
302,1,0.00,0.00,0.00,0.00,1.0,-1,-1,-1
302,2,0.00,0.00,0.00,0.00,1.0,-1,-1,-1
302,3,0.00,0.00,0.00,0.00,1.0,-1,-1,-1
302,4,0.00,0.00,0.00,0.00,1.0,-1,-1,-1
302,5,0.00,0.00,0.00,0.00,1.0,-1,-1,-1
302,6,0.00,0.00,0.00,0.00,1.0,-1,-1,-1
302,7,1468.00,209.00,282.00,748.00,1.0,-1,-1,-1
302,8,1178.00,261.00,38.00,121.00,1.0,-1,-1,-1
302,9,0.00,0.00,0.00,0.00,1.0,-1,-1,-1
302,10,890.00,257.00,39.00,149.00,1.0,-1,-1,-1
302,11,1724.00,181.00,196.00,811.00,1.0,-1,-1,-1
302,12,508.00,241.00,57.00,117.00,1.0,-1,-1,-1
302,13,0.00,0.00,0.00,0.00,1.0,-1,-1,-1
302,14,1048.00,254.00,51.00,138.00,1.0,-1,-1,-1
303,0,1113.00,268.00,55.00,146.00,1.0,-1,-1,-1
303,1,0.00,0.00,0.00,0.00,1.0,-1,-1,-1
303,2,0.00,0.00,0.00,0.00,1.0,-1,-1,-1
303,3,0.00,0.00,0.00,0.00,1.0,-1,-1,-1
303,4,0.00,0.00,0.00,0.00,1.0,-1,-1,-1
303,5,0.00,0.00,0.00,0.00,1.0,-1,-1,-1
303,6,0.00,0.00,0.00,0.00,1.0,-1,-1,-1
303,7,1472.00,212.00,274.00,746.00,1.0,-1,-1,-1
303,8,1178.00,261.00,35.00,121.00,1.0,-1,-1,-1
303,9,0.00,0.00,0.00,0.00,1.0,-1,-1,-1
303,10,885.00,259.00,39.00,150.00,1.0,-1,-1,-1
303,11,1731.00,182.00,189.00,819.00,1.0,-1,-1,-1
303,12,495.00,241.00,63.00,118.00,1.0,-1,-1,-1
303,13,0.00,0.00,0.00,0.00,1.0,-1,-1,-1
303,14,1046.00,255.00,52.00,138.00,1.0,-1,-1,-1
304,0,1112.00,269.00,56.00,146.00,1.0,-1,-1,-1
304,1,0.00,0.00,0.00,0.00,1.0,-1,-1,-1
304,2,0.00,0.00,0.00,0.00,1.0,-1,-1,-1
304,3,0.00,0.00,0.00,0.00,1.0,-1,-1,-1
304,4,0.00,0.00,0.00,0.00,1.0,-1,-1,-1
304,5,0.00,0.00,0.00,0.00,1.0,-1,-1,-1
304,6,0.00,0.00,0.00,0.00,1.0,-1,-1,-1
304,7,1474.00,217.00,268.00,747.00,1.0,-1,-1,-1
304,8,1176.00,262.00,37.00,120.00,1.0,-1,-1,-1
304,9,0.00,0.00,0.00,0.00,1.0,-1,-1,-1
304,10,883.00,257.00,38.00,152.00,1.0,-1,-1,-1
304,11,1737.00,185.00,183.00,737.00,1.0,-1,-1,-1
304,12,490.00,240.00,64.00,118.00,1.0,-1,-1,-1
304,13,0.00,0.00,0.00,0.00,1.0,-1,-1,-1
304,14,1045.00,256.00,51.00,138.00,1.0,-1,-1,-1
305,0,1111.00,271.00,55.00,145.00,1.0,-1,-1,-1
305,1,0.00,0.00,0.00,0.00,1.0,-1,-1,-1
305,2,0.00,0.00,0.00,0.00,1.0,-1,-1,-1
305,3,0.00,0.00,0.00,0.00,1.0,-1,-1,-1
305,4,0.00,0.00,0.00,0.00,1.0,-1,-1,-1
305,5,0.00,0.00,0.00,0.00,1.0,-1,-1,-1
305,6,0.00,0.00,0.00,0.00,1.0,-1,-1,-1
305,7,1474.00,218.00,263.00,751.00,1.0,-1,-1,-1
305,8,1174.00,262.00,37.00,120.00,1.0,-1,-1,-1
305,9,0.00,0.00,0.00,0.00,1.0,-1,-1,-1
305,10,879.00,256.00,40.00,153.00,1.0,-1,-1,-1
305,11,1740.00,187.00,180.00,745.00,1.0,-1,-1,-1
305,12,487.00,238.00,60.00,120.00,1.0,-1,-1,-1
305,13,0.00,0.00,0.00,0.00,1.0,-1,-1,-1
305,14,1043.00,256.00,50.00,138.00,1.0,-1,-1,-1
306,0,1108.00,229.00,524.00,187.00,1.0,-1,-1,-1
306,1,0.00,0.00,0.00,0.00,1.0,-1,-1,-1
306,2,0.00,0.00,0.00,0.00,1.0,-1,-1,-1
306,3,0.00,0.00,0.00,0.00,1.0,-1,-1,-1
306,4,0.00,0.00,0.00,0.00,1.0,-1,-1,-1
306,5,0.00,0.00,0.00,0.00,1.0,-1,-1,-1
306,6,0.00,0.00,0.00,0.00,1.0,-1,-1,-1
306,7,1477.00,219.00,253.00,751.00,1.0,-1,-1,-1
306,8,1170.00,262.00,38.00,119.00,1.0,-1,-1,-1
306,9,0.00,0.00,0.00,0.00,1.0,-1,-1,-1
306,10,874.00,256.00,39.00,149.00,1.0,-1,-1,-1
306,11,1745.00,188.00,175.00,793.00,1.0,-1,-1,-1
306,12,479.00,236.00,60.00,121.00,1.0,-1,-1,-1
306,13,0.00,0.00,0.00,0.00,1.0,-1,-1,-1
306,14,1038.00,255.00,54.00,139.00,1.0,-1,-1,-1
307,0,1103.00,272.00,499.00,144.00,1.0,-1,-1,-1
307,1,0.00,0.00,0.00,0.00,1.0,-1,-1,-1
307,2,0.00,0.00,0.00,0.00,1.0,-1,-1,-1
307,3,0.00,0.00,0.00,0.00,1.0,-1,-1,-1
307,4,519.00,279.00,19.00,60.00,1.0,-1,-1,-1
307,5,0.00,0.00,0.00,0.00,1.0,-1,-1,-1
307,6,0.00,0.00,0.00,0.00,1.0,-1,-1,-1
307,7,1482.00,215.00,237.00,727.00,1.0,-1,-1,-1
307,8,1163.00,261.00,38.00,118.00,1.0,-1,-1,-1
307,9,0.00,0.00,0.00,0.00,1.0,-1,-1,-1
307,10,862.00,252.00,44.00,150.00,1.0,-1,-1,-1
307,11,1747.00,184.00,173.00,774.00,1.0,-1,-1,-1
307,12,464.00,234.00,58.00,123.00,1.0,-1,-1,-1
307,13,0.00,0.00,0.00,0.00,1.0,-1,-1,-1
307,14,1031.00,254.00,49.00,139.00,1.0,-1,-1,-1
308,0,1101.00,273.00,54.00,143.00,1.0,-1,-1,-1
308,1,0.00,0.00,0.00,0.00,1.0,-1,-1,-1
308,2,0.00,0.00,0.00,0.00,1.0,-1,-1,-1
308,3,0.00,0.00,0.00,0.00,1.0,-1,-1,-1
308,4,509.00,275.00,23.00,66.00,1.0,-1,-1,-1
308,5,0.00,0.00,0.00,0.00,1.0,-1,-1,-1
308,6,0.00,0.00,0.00,0.00,1.0,-1,-1,-1
308,7,1484.00,212.00,232.00,718.00,1.0,-1,-1,-1
308,8,1162.00,260.00,37.00,119.00,1.0,-1,-1,-1
308,9,0.00,0.00,0.00,0.00,1.0,-1,-1,-1
308,10,860.00,250.00,44.00,152.00,1.0,-1,-1,-1
308,11,1744.00,184.00,176.00,781.00,1.0,-1,-1,-1
308,12,456.00,233.00,59.00,124.00,1.0,-1,-1,-1
308,13,0.00,0.00,0.00,0.00,1.0,-1,-1,-1
308,14,1028.00,253.00,49.00,140.00,1.0,-1,-1,-1
309,0,1100.00,273.00,53.00,143.00,1.0,-1,-1,-1
309,1,0.00,0.00,0.00,0.00,1.0,-1,-1,-1
309,2,0.00,0.00,0.00,0.00,1.0,-1,-1,-1
309,3,0.00,0.00,0.00,0.00,1.0,-1,-1,-1
309,4,503.00,273.00,26.00,69.00,1.0,-1,-1,-1
309,5,0.00,0.00,0.00,0.00,1.0,-1,-1,-1
309,6,0.00,0.00,0.00,0.00,1.0,-1,-1,-1
309,7,1486.00,209.00,231.00,714.00,1.0,-1,-1,-1
309,8,1158.00,261.00,38.00,120.00,1.0,-1,-1,-1
309,9,0.00,0.00,0.00,0.00,1.0,-1,-1,-1
309,10,855.00,252.00,45.00,153.00,1.0,-1,-1,-1
309,11,1740.00,184.00,180.00,788.00,1.0,-1,-1,-1
309,12,448.00,232.00,59.00,126.00,1.0,-1,-1,-1
309,13,0.00,0.00,0.00,0.00,1.0,-1,-1,-1
309,14,1025.00,254.00,52.00,140.00,1.0,-1,-1,-1
310,0,1101.00,246.00,501.00,171.00,1.0,-1,-1,-1
310,1,0.00,0.00,0.00,0.00,1.0,-1,-1,-1
310,2,0.00,0.00,0.00,0.00,1.0,-1,-1,-1
310,3,0.00,0.00,0.00,0.00,1.0,-1,-1,-1
310,4,497.00,270.00,29.00,76.00,1.0,-1,-1,-1
310,5,0.00,0.00,0.00,0.00,1.0,-1,-1,-1
310,6,0.00,0.00,0.00,0.00,1.0,-1,-1,-1
310,7,1486.00,208.00,236.00,722.00,1.0,-1,-1,-1
310,8,1157.00,263.00,37.00,119.00,1.0,-1,-1,-1
310,9,0.00,0.00,0.00,0.00,1.0,-1,-1,-1
310,10,850.00,254.00,48.00,153.00,1.0,-1,-1,-1
310,11,1736.00,185.00,184.00,796.00,1.0,-1,-1,-1
310,12,442.00,232.00,58.00,128.00,1.0,-1,-1,-1
310,13,0.00,0.00,0.00,0.00,1.0,-1,-1,-1
310,14,1023.00,256.00,53.00,140.00,1.0,-1,-1,-1
310,15,798.00,247.00,62.00,204.00,1.0,-1,-1,-1
311,0,1102.00,275.00,50.00,142.00,1.0,-1,-1,-1
311,1,0.00,0.00,0.00,0.00,1.0,-1,-1,-1
311,2,0.00,0.00,0.00,0.00,1.0,-1,-1,-1
311,3,0.00,0.00,0.00,0.00,1.0,-1,-1,-1
311,4,491.00,270.00,32.00,85.00,1.0,-1,-1,-1
311,5,0.00,0.00,0.00,0.00,1.0,-1,-1,-1
311,6,0.00,0.00,0.00,0.00,1.0,-1,-1,-1
311,7,1488.00,208.00,237.00,732.00,1.0,-1,-1,-1
311,8,1156.00,264.00,37.00,119.00,1.0,-1,-1,-1
311,9,0.00,0.00,0.00,0.00,1.0,-1,-1,-1
311,10,849.00,254.00,43.00,156.00,1.0,-1,-1,-1
311,11,1733.00,187.00,187.00,804.00,1.0,-1,-1,-1
311,12,435.00,233.00,59.00,130.00,1.0,-1,-1,-1
311,13,0.00,0.00,0.00,0.00,1.0,-1,-1,-1
311,14,1021.00,259.00,53.00,139.00,1.0,-1,-1,-1
311,15,794.00,248.00,62.00,206.00,1.0,-1,-1,-1
312,0,1104.00,278.00,49.00,144.00,1.0,-1,-1,-1
312,1,0.00,0.00,0.00,0.00,1.0,-1,-1,-1
312,2,0.00,0.00,0.00,0.00,1.0,-1,-1,-1
312,3,0.00,0.00,0.00,0.00,1.0,-1,-1,-1
312,4,485.00,275.00,38.00,82.00,1.0,-1,-1,-1
312,5,0.00,0.00,0.00,0.00,1.0,-1,-1,-1
312,6,0.00,0.00,0.00,0.00,1.0,-1,-1,-1
312,7,1500.00,211.00,235.00,747.00,1.0,-1,-1,-1
312,8,1155.00,271.00,37.00,115.00,1.0,-1,-1,-1
312,9,0.00,0.00,0.00,0.00,1.0,-1,-1,-1
312,10,842.00,269.00,47.00,145.00,1.0,-1,-1,-1
312,11,1735.00,194.00,185.00,816.00,1.0,-1,-1,-1
312,12,429.00,239.00,57.00,130.00,1.0,-1,-1,-1
312,13,0.00,0.00,0.00,0.00,1.0,-1,-1,-1
312,14,1021.00,263.00,49.00,141.00,1.0,-1,-1,-1
312,15,787.00,250.00,65.00,212.00,1.0,-1,-1,-1
313,0,1105.00,229.00,497.00,195.00,1.0,-1,-1,-1
313,1,0.00,0.00,0.00,0.00,1.0,-1,-1,-1
313,2,0.00,0.00,0.00,0.00,1.0,-1,-1,-1
313,3,0.00,0.00,0.00,0.00,1.0,-1,-1,-1
313,4,483.00,279.00,39.00,79.00,1.0,-1,-1,-1
313,5,0.00,0.00,0.00,0.00,1.0,-1,-1,-1
313,6,0.00,0.00,0.00,0.00,1.0,-1,-1,-1
313,7,1509.00,215.00,228.00,753.00,1.0,-1,-1,-1
313,8,1155.00,273.00,35.00,99.00,1.0,-1,-1,-1
313,9,0.00,0.00,0.00,0.00,1.0,-1,-1,-1
313,10,843.00,272.00,46.00,145.00,1.0,-1,-1,-1
313,11,1735.00,198.00,185.00,821.00,1.0,-1,-1,-1
313,12,421.00,240.00,59.00,133.00,1.0,-1,-1,-1
313,13,0.00,0.00,0.00,0.00,1.0,-1,-1,-1
313,14,1020.00,266.00,51.00,140.00,1.0,-1,-1,-1
313,15,788.00,261.00,59.00,201.00,1.0,-1,-1,-1
314,0,1103.00,282.00,47.00,146.00,1.0,-1,-1,-1
314,1,0.00,0.00,0.00,0.00,1.0,-1,-1,-1
314,2,0.00,0.00,0.00,0.00,1.0,-1,-1,-1
314,3,0.00,0.00,0.00,0.00,1.0,-1,-1,-1
314,4,483.00,279.00,40.00,85.00,1.0,-1,-1,-1
314,5,0.00,0.00,0.00,0.00,1.0,-1,-1,-1
314,6,0.00,0.00,0.00,0.00,1.0,-1,-1,-1
314,7,1512.00,220.00,229.00,761.00,1.0,-1,-1,-1
314,8,1153.00,274.00,36.00,119.00,1.0,-1,-1,-1
314,9,0.00,0.00,0.00,0.00,1.0,-1,-1,-1
314,10,839.00,272.00,47.00,148.00,1.0,-1,-1,-1
314,11,1739.00,200.00,181.00,825.00,1.0,-1,-1,-1
314,12,419.00,241.00,59.00,137.00,1.0,-1,-1,-1
314,13,0.00,0.00,0.00,0.00,1.0,-1,-1,-1
314,14,1020.00,269.00,51.00,140.00,1.0,-1,-1,-1
314,15,784.00,269.00,60.00,190.00,1.0,-1,-1,-1
315,0,1105.00,263.00,527.00,168.00,1.0,-1,-1,-1
315,1,0.00,0.00,0.00,0.00,1.0,-1,-1,-1
315,2,0.00,0.00,0.00,0.00,1.0,-1,-1,-1
315,3,0.00,0.00,0.00,0.00,1.0,-1,-1,-1
315,4,487.00,286.00,39.00,80.00,1.0,-1,-1,-1
315,5,0.00,0.00,0.00,0.00,1.0,-1,-1,-1
315,6,0.00,0.00,0.00,0.00,1.0,-1,-1,-1
315,7,1518.00,224.00,232.00,760.00,1.0,-1,-1,-1
315,8,1159.00,279.00,36.00,113.00,1.0,-1,-1,-1
315,9,0.00,0.00,0.00,0.00,1.0,-1,-1,-1
315,10,837.00,278.00,47.00,147.00,1.0,-1,-1,-1
315,11,1749.00,208.00,171.00,817.00,1.0,-1,-1,-1
315,12,418.00,247.00,59.00,134.00,1.0,-1,-1,-1
315,13,0.00,0.00,0.00,0.00,1.0,-1,-1,-1
315,14,1022.00,272.00,52.00,141.00,1.0,-1,-1,-1
315,15,782.00,259.00,62.00,207.00,1.0,-1,-1,-1
316,0,1110.00,246.00,522.00,184.00,1.0,-1,-1,-1
316,1,0.00,0.00,0.00,0.00,1.0,-1,-1,-1
316,2,0.00,0.00,0.00,0.00,1.0,-1,-1,-1
316,3,0.00,0.00,0.00,0.00,1.0,-1,-1,-1
316,4,492.00,286.00,39.00,80.00,1.0,-1,-1,-1
316,5,0.00,0.00,0.00,0.00,1.0,-1,-1,-1
316,6,0.00,0.00,0.00,0.00,1.0,-1,-1,-1
316,7,1526.00,226.00,233.00,763.00,1.0,-1,-1,-1
316,8,1165.00,278.00,34.00,112.00,1.0,-1,-1,-1
316,9,0.00,0.00,0.00,0.00,1.0,-1,-1,-1
316,10,841.00,284.00,45.00,140.00,1.0,-1,-1,-1
316,11,1756.00,209.00,164.00,820.00,1.0,-1,-1,-1
316,12,417.00,250.00,60.00,131.00,1.0,-1,-1,-1
316,13,0.00,0.00,0.00,0.00,1.0,-1,-1,-1
316,14,1025.00,271.00,51.00,141.00,1.0,-1,-1,-1
316,15,785.00,258.00,61.00,213.00,1.0,-1,-1,-1
317,0,1112.00,286.00,58.00,144.00,1.0,-1,-1,-1
317,1,0.00,0.00,0.00,0.00,1.0,-1,-1,-1
317,2,0.00,0.00,0.00,0.00,1.0,-1,-1,-1
317,3,0.00,0.00,0.00,0.00,1.0,-1,-1,-1
317,4,498.00,287.00,40.00,81.00,1.0,-1,-1,-1
317,5,0.00,0.00,0.00,0.00,1.0,-1,-1,-1
317,6,0.00,0.00,0.00,0.00,1.0,-1,-1,-1
317,7,1534.00,230.00,237.00,761.00,1.0,-1,-1,-1
317,8,1172.00,276.00,36.00,119.00,1.0,-1,-1,-1
317,9,0.00,0.00,0.00,0.00,1.0,-1,-1,-1
317,10,844.00,278.00,44.00,147.00,1.0,-1,-1,-1
317,11,1786.00,210.00,134.00,739.00,1.0,-1,-1,-1
317,12,417.00,250.00,61.00,135.00,1.0,-1,-1,-1
317,13,0.00,0.00,0.00,0.00,1.0,-1,-1,-1
317,14,1032.00,271.00,47.00,141.00,1.0,-1,-1,-1
317,15,786.00,259.00,61.00,215.00,1.0,-1,-1,-1
318,0,1119.00,286.00,56.00,143.00,1.0,-1,-1,-1
318,1,0.00,0.00,0.00,0.00,1.0,-1,-1,-1
318,2,0.00,0.00,0.00,0.00,1.0,-1,-1,-1
318,3,0.00,0.00,0.00,0.00,1.0,-1,-1,-1
318,4,505.00,287.00,37.00,79.00,1.0,-1,-1,-1
318,5,0.00,0.00,0.00,0.00,1.0,-1,-1,-1
318,6,0.00,0.00,0.00,0.00,1.0,-1,-1,-1
318,7,1545.00,228.00,235.00,769.00,1.0,-1,-1,-1
318,8,1176.00,275.00,37.00,119.00,1.0,-1,-1,-1
318,9,0.00,0.00,0.00,0.00,1.0,-1,-1,-1
318,10,847.00,278.00,46.00,145.00,1.0,-1,-1,-1
318,11,1805.00,234.00,115.00,721.00,1.0,-1,-1,-1
318,12,418.00,251.00,60.00,132.00,1.0,-1,-1,-1
318,13,0.00,0.00,0.00,0.00,1.0,-1,-1,-1
318,14,1038.00,269.00,49.00,142.00,1.0,-1,-1,-1
318,15,788.00,259.00,61.00,214.00,1.0,-1,-1,-1
319,0,1122.00,284.00,59.00,142.00,1.0,-1,-1,-1
319,1,0.00,0.00,0.00,0.00,1.0,-1,-1,-1
319,2,0.00,0.00,0.00,0.00,1.0,-1,-1,-1
319,3,0.00,0.00,0.00,0.00,1.0,-1,-1,-1
319,4,510.00,280.00,1152.00,83.00,1.0,-1,-1,-1
319,5,0.00,0.00,0.00,0.00,1.0,-1,-1,-1
319,6,0.00,0.00,0.00,0.00,1.0,-1,-1,-1
319,7,1557.00,225.00,228.00,772.00,1.0,-1,-1,-1
319,8,1181.00,272.00,38.00,118.00,1.0,-1,-1,-1
319,9,0.00,0.00,0.00,0.00,1.0,-1,-1,-1
319,10,848.00,274.00,47.00,146.00,1.0,-1,-1,-1
319,11,1825.00,351.00,95.00,599.00,1.0,-1,-1,-1
319,12,418.00,248.00,63.00,135.00,1.0,-1,-1,-1
319,13,0.00,0.00,0.00,0.00,1.0,-1,-1,-1
319,14,1042.00,266.00,50.00,143.00,1.0,-1,-1,-1
319,15,785.00,256.00,67.00,216.00,1.0,-1,-1,-1
320,0,1125.00,246.00,567.00,178.00,1.0,-1,-1,-1
320,1,0.00,0.00,0.00,0.00,1.0,-1,-1,-1
320,2,0.00,0.00,0.00,0.00,1.0,-1,-1,-1
320,3,0.00,0.00,0.00,0.00,1.0,-1,-1,-1
320,4,512.00,285.00,40.00,77.00,1.0,-1,-1,-1
320,5,0.00,0.00,0.00,0.00,1.0,-1,-1,-1
320,6,0.00,0.00,0.00,0.00,1.0,-1,-1,-1
320,7,1565.00,223.00,224.00,768.00,1.0,-1,-1,-1
320,8,1182.00,269.00,40.00,119.00,1.0,-1,-1,-1
320,9,0.00,0.00,0.00,0.00,1.0,-1,-1,-1
320,10,850.00,274.00,46.00,142.00,1.0,-1,-1,-1
320,11,1841.00,352.00,79.00,594.00,1.0,-1,-1,-1
320,12,417.00,247.00,63.00,135.00,1.0,-1,-1,-1
320,13,0.00,0.00,0.00,0.00,1.0,-1,-1,-1
320,14,1045.00,265.00,50.00,142.00,1.0,-1,-1,-1
320,15,783.00,255.00,70.00,216.00,1.0,-1,-1,-1
321,0,1126.00,279.00,62.00,143.00,1.0,-1,-1,-1
321,1,0.00,0.00,0.00,0.00,1.0,-1,-1,-1
321,2,0.00,0.00,0.00,0.00,1.0,-1,-1,-1
321,3,0.00,0.00,0.00,0.00,1.0,-1,-1,-1
321,4,516.00,283.00,36.00,78.00,1.0,-1,-1,-1
321,5,0.00,0.00,0.00,0.00,1.0,-1,-1,-1
321,6,0.00,0.00,0.00,0.00,1.0,-1,-1,-1
321,7,1566.00,216.00,226.00,760.00,1.0,-1,-1,-1
321,8,1186.00,267.00,40.00,119.00,1.0,-1,-1,-1
321,9,0.00,0.00,0.00,0.00,1.0,-1,-1,-1
321,10,850.00,271.00,49.00,143.00,1.0,-1,-1,-1
321,11,1858.00,352.00,62.00,591.00,1.0,-1,-1,-1
321,12,415.00,246.00,63.00,134.00,1.0,-1,-1,-1
321,13,0.00,0.00,0.00,0.00,1.0,-1,-1,-1
321,14,1047.00,261.00,52.00,144.00,1.0,-1,-1,-1
321,15,782.00,254.00,70.00,217.00,1.0,-1,-1,-1
322,0,1139.00,272.00,54.00,142.00,1.0,-1,-1,-1
322,1,0.00,0.00,0.00,0.00,1.0,-1,-1,-1
322,2,0.00,0.00,0.00,0.00,1.0,-1,-1,-1
322,3,0.00,0.00,0.00,0.00,1.0,-1,-1,-1
322,4,526.00,279.00,37.00,78.00,1.0,-1,-1,-1
322,5,0.00,0.00,0.00,0.00,1.0,-1,-1,-1
322,6,0.00,0.00,0.00,0.00,1.0,-1,-1,-1
322,7,1576.00,202.00,227.00,742.00,1.0,-1,-1,-1
322,8,1199.00,262.00,37.00,119.00,1.0,-1,-1,-1
322,9,0.00,0.00,0.00,0.00,1.0,-1,-1,-1
322,10,853.00,261.00,50.00,149.00,1.0,-1,-1,-1
322,11,1881.00,355.00,39.00,595.00,1.0,-1,-1,-1
322,12,413.00,243.00,64.00,134.00,1.0,-1,-1,-1
322,13,0.00,0.00,0.00,0.00,1.0,-1,-1,-1
322,14,1054.00,256.00,51.00,146.00,1.0,-1,-1,-1
322,15,787.00,250.00,64.00,222.00,1.0,-1,-1,-1
323,0,1142.00,271.00,56.00,142.00,1.0,-1,-1,-1
323,1,0.00,0.00,0.00,0.00,1.0,-1,-1,-1
323,2,0.00,0.00,0.00,0.00,1.0,-1,-1,-1
323,3,0.00,0.00,0.00,0.00,1.0,-1,-1,-1
323,4,529.00,279.00,38.00,77.00,1.0,-1,-1,-1
323,5,0.00,0.00,0.00,0.00,1.0,-1,-1,-1
323,6,0.00,0.00,0.00,0.00,1.0,-1,-1,-1
323,7,1582.00,198.00,231.00,737.00,1.0,-1,-1,-1
323,8,1203.00,261.00,36.00,120.00,1.0,-1,-1,-1
323,9,0.00,0.00,0.00,0.00,1.0,-1,-1,-1
323,10,854.00,263.00,52.00,146.00,1.0,-1,-1,-1
323,11,1868.00,398.00,52.00,541.00,1.0,-1,-1,-1
323,12,409.00,242.00,66.00,135.00,1.0,-1,-1,-1
323,13,0.00,0.00,0.00,0.00,1.0,-1,-1,-1
323,14,1056.00,255.00,48.00,146.00,1.0,-1,-1,-1
323,15,786.00,250.00,65.00,216.00,1.0,-1,-1,-1
324,0,1146.00,269.00,59.00,144.00,1.0,-1,-1,-1
324,1,0.00,0.00,0.00,0.00,1.0,-1,-1,-1
324,2,0.00,0.00,0.00,0.00,1.0,-1,-1,-1
324,3,0.00,0.00,0.00,0.00,1.0,-1,-1,-1
324,4,532.00,277.00,38.00,77.00,1.0,-1,-1,-1
324,5,0.00,0.00,0.00,0.00,1.0,-1,-1,-1
324,6,0.00,0.00,0.00,0.00,1.0,-1,-1,-1
324,7,1590.00,195.00,237.00,749.00,1.0,-1,-1,-1
324,8,1208.00,259.00,35.00,121.00,1.0,-1,-1,-1
324,9,0.00,0.00,0.00,0.00,1.0,-1,-1,-1
324,10,858.00,260.00,50.00,149.00,1.0,-1,-1,-1
324,11,1848.00,609.00,72.00,324.00,1.0,-1,-1,-1
324,12,408.00,241.00,67.00,135.00,1.0,-1,-1,-1
324,13,0.00,0.00,0.00,0.00,1.0,-1,-1,-1
324,14,1059.00,255.00,50.00,146.00,1.0,-1,-1,-1
324,15,786.00,248.00,68.00,220.00,1.0,-1,-1,-1
325,0,1151.00,268.00,61.00,143.00,1.0,-1,-1,-1
325,1,0.00,0.00,0.00,0.00,1.0,-1,-1,-1
325,2,0.00,0.00,0.00,0.00,1.0,-1,-1,-1
325,3,0.00,0.00,0.00,0.00,1.0,-1,-1,-1
325,4,535.00,276.00,40.00,77.00,1.0,-1,-1,-1
325,5,0.00,0.00,0.00,0.00,1.0,-1,-1,-1
325,6,0.00,0.00,0.00,0.00,1.0,-1,-1,-1
325,7,1590.00,193.00,242.00,760.00,1.0,-1,-1,-1
325,8,1211.00,258.00,36.00,122.00,1.0,-1,-1,-1
325,9,0.00,0.00,0.00,0.00,1.0,-1,-1,-1
325,10,860.00,261.00,50.00,146.00,1.0,-1,-1,-1
325,11,1834.00,645.00,86.00,285.00,1.0,-1,-1,-1
325,12,405.00,240.00,69.00,135.00,1.0,-1,-1,-1
325,13,0.00,0.00,0.00,0.00,1.0,-1,-1,-1
325,14,1062.00,254.00,49.00,147.00,1.0,-1,-1,-1
325,15,785.00,248.00,71.00,223.00,1.0,-1,-1,-1
326,0,1155.00,270.00,54.00,144.00,1.0,-1,-1,-1
326,1,0.00,0.00,0.00,0.00,1.0,-1,-1,-1
326,2,0.00,0.00,0.00,0.00,1.0,-1,-1,-1
326,3,0.00,0.00,0.00,0.00,1.0,-1,-1,-1
326,4,538.00,278.00,38.00,77.00,1.0,-1,-1,-1
326,5,0.00,0.00,0.00,0.00,1.0,-1,-1,-1
326,6,0.00,0.00,0.00,0.00,1.0,-1,-1,-1
326,7,1587.00,193.00,257.00,767.00,1.0,-1,-1,-1
326,8,1214.00,260.00,36.00,123.00,1.0,-1,-1,-1
326,9,0.00,0.00,0.00,0.00,1.0,-1,-1,-1
326,10,862.00,266.00,51.00,144.00,1.0,-1,-1,-1
326,11,1826.00,762.00,94.00,160.00,1.0,-1,-1,-1
326,12,401.00,243.00,72.00,135.00,1.0,-1,-1,-1
326,13,0.00,0.00,0.00,0.00,1.0,-1,-1,-1
326,14,1065.00,255.00,53.00,147.00,1.0,-1,-1,-1
326,15,785.00,249.00,72.00,218.00,1.0,-1,-1,-1
327,0,1162.00,273.00,51.00,143.00,1.0,-1,-1,-1
327,1,0.00,0.00,0.00,0.00,1.0,-1,-1,-1
327,2,0.00,0.00,0.00,0.00,1.0,-1,-1,-1
327,3,0.00,0.00,0.00,0.00,1.0,-1,-1,-1
327,4,543.00,279.00,37.00,77.00,1.0,-1,-1,-1
327,5,0.00,0.00,0.00,0.00,1.0,-1,-1,-1
327,6,0.00,0.00,0.00,0.00,1.0,-1,-1,-1
327,7,1590.00,196.00,273.00,787.00,1.0,-1,-1,-1
327,8,1221.00,264.00,37.00,121.00,1.0,-1,-1,-1
327,9,0.00,0.00,0.00,0.00,1.0,-1,-1,-1
327,10,866.00,270.00,50.00,143.00,1.0,-1,-1,-1
327,11,1851.00,811.00,69.00,110.00,1.0,-1,-1,-1
327,12,397.00,244.00,74.00,136.00,1.0,-1,-1,-1
327,13,0.00,0.00,0.00,0.00,1.0,-1,-1,-1
327,14,1071.00,257.00,52.00,147.00,1.0,-1,-1,-1
327,15,783.00,247.00,70.00,224.00,1.0,-1,-1,-1
328,0,1164.00,278.00,52.00,143.00,1.0,-1,-1,-1
328,1,0.00,0.00,0.00,0.00,1.0,-1,-1,-1
328,2,0.00,0.00,0.00,0.00,1.0,-1,-1,-1
328,3,0.00,0.00,0.00,0.00,1.0,-1,-1,-1
328,4,546.00,280.00,44.00,77.00,1.0,-1,-1,-1
328,5,0.00,0.00,0.00,0.00,1.0,-1,-1,-1
328,6,0.00,0.00,0.00,0.00,1.0,-1,-1,-1
328,7,1594.00,202.00,279.00,794.00,1.0,-1,-1,-1
328,8,1224.00,266.00,37.00,124.00,1.0,-1,-1,-1
328,9,0.00,0.00,0.00,0.00,1.0,-1,-1,-1
328,10,868.00,278.00,47.00,138.00,1.0,-1,-1,-1
328,11,1865.00,844.00,55.00,82.00,1.0,-1,-1,-1
328,12,396.00,248.00,74.00,136.00,1.0,-1,-1,-1
328,13,0.00,0.00,0.00,0.00,1.0,-1,-1,-1
328,14,1073.00,262.00,50.00,148.00,1.0,-1,-1,-1
328,15,781.00,252.00,72.00,216.00,1.0,-1,-1,-1
329,0,1166.00,279.00,54.00,143.00,1.0,-1,-1,-1
329,1,0.00,0.00,0.00,0.00,1.0,-1,-1,-1
329,2,0.00,0.00,0.00,0.00,1.0,-1,-1,-1
329,3,0.00,0.00,0.00,0.00,1.0,-1,-1,-1
329,4,547.00,283.00,45.00,77.00,1.0,-1,-1,-1
329,5,0.00,0.00,0.00,0.00,1.0,-1,-1,-1
329,6,0.00,0.00,0.00,0.00,1.0,-1,-1,-1
329,7,1600.00,207.00,282.00,796.00,1.0,-1,-1,-1
329,8,1225.00,269.00,37.00,120.00,1.0,-1,-1,-1
329,9,0.00,0.00,0.00,0.00,1.0,-1,-1,-1
329,10,869.00,271.00,48.00,144.00,1.0,-1,-1,-1
329,11,1878.00,599.00,42.00,325.00,1.0,-1,-1,-1
329,12,390.00,249.00,80.00,135.00,1.0,-1,-1,-1
329,13,0.00,0.00,0.00,0.00,1.0,-1,-1,-1
329,14,1074.00,262.00,51.00,148.00,1.0,-1,-1,-1
329,15,777.00,249.00,75.00,207.00,1.0,-1,-1,-1
330,0,1170.00,280.00,612.00,144.00,1.0,-1,-1,-1
330,1,0.00,0.00,0.00,0.00,1.0,-1,-1,-1
330,2,0.00,0.00,0.00,0.00,1.0,-1,-1,-1
330,3,0.00,0.00,0.00,0.00,1.0,-1,-1,-1
330,4,550.00,284.00,47.00,77.00,1.0,-1,-1,-1
330,5,0.00,0.00,0.00,0.00,1.0,-1,-1,-1
330,6,0.00,0.00,0.00,0.00,1.0,-1,-1,-1
330,7,1612.00,211.00,308.00,798.00,1.0,-1,-1,-1
330,8,1230.00,271.00,37.00,120.00,1.0,-1,-1,-1
330,9,0.00,0.00,0.00,0.00,1.0,-1,-1,-1
330,10,873.00,273.00,47.00,142.00,1.0,-1,-1,-1
330,11,1893.00,567.00,27.00,360.00,1.0,-1,-1,-1
330,12,389.00,251.00,81.00,134.00,1.0,-1,-1,-1
330,13,0.00,0.00,0.00,0.00,1.0,-1,-1,-1
330,14,1077.00,263.00,49.00,148.00,1.0,-1,-1,-1
330,15,777.00,250.00,76.00,207.00,1.0,-1,-1,-1
331,0,1173.00,281.00,639.00,142.00,1.0,-1,-1,-1
331,1,0.00,0.00,0.00,0.00,1.0,-1,-1,-1
331,2,0.00,0.00,0.00,0.00,1.0,-1,-1,-1
331,3,0.00,0.00,0.00,0.00,1.0,-1,-1,-1
331,4,551.00,284.00,47.00,77.00,1.0,-1,-1,-1
331,5,0.00,0.00,0.00,0.00,1.0,-1,-1,-1
331,6,0.00,0.00,0.00,0.00,1.0,-1,-1,-1
331,7,1629.00,214.00,268.00,797.00,1.0,-1,-1,-1
331,8,1232.00,271.00,39.00,119.00,1.0,-1,-1,-1
331,9,0.00,0.00,0.00,0.00,1.0,-1,-1,-1
331,10,875.00,273.00,47.00,141.00,1.0,-1,-1,-1
331,11,1910.00,896.00,10.00,33.00,1.0,-1,-1,-1
331,12,388.00,250.00,82.00,135.00,1.0,-1,-1,-1
331,13,0.00,0.00,0.00,0.00,1.0,-1,-1,-1
331,14,1079.00,262.00,49.00,149.00,1.0,-1,-1,-1
331,15,771.00,248.00,82.00,212.00,1.0,-1,-1,-1
331,16,151.00,258.00,103.00,241.00,1.0,-1,-1,-1
332,0,1179.00,281.00,633.00,143.00,1.0,-1,-1,-1
332,1,0.00,0.00,0.00,0.00,1.0,-1,-1,-1
332,2,0.00,0.00,0.00,0.00,1.0,-1,-1,-1
332,3,0.00,0.00,0.00,0.00,1.0,-1,-1,-1
332,4,551.00,283.00,48.00,78.00,1.0,-1,-1,-1
332,5,0.00,0.00,0.00,0.00,1.0,-1,-1,-1
332,6,0.00,0.00,0.00,0.00,1.0,-1,-1,-1
332,7,1649.00,219.00,264.00,796.00,1.0,-1,-1,-1
332,8,1235.00,271.00,39.00,120.00,1.0,-1,-1,-1
332,9,0.00,0.00,0.00,0.00,1.0,-1,-1,-1
332,10,875.00,277.00,49.00,138.00,1.0,-1,-1,-1
332,11,0.00,0.00,0.00,0.00,1.0,-1,-1,-1
332,12,384.00,249.00,84.00,137.00,1.0,-1,-1,-1
332,13,0.00,0.00,0.00,0.00,1.0,-1,-1,-1
332,14,1081.00,263.00,51.00,149.00,1.0,-1,-1,-1
332,15,770.00,250.00,81.00,212.00,1.0,-1,-1,-1
332,16,144.00,259.00,103.00,245.00,1.0,-1,-1,-1
333,0,1181.00,282.00,53.00,141.00,1.0,-1,-1,-1
333,1,0.00,0.00,0.00,0.00,1.0,-1,-1,-1
333,2,0.00,0.00,0.00,0.00,1.0,-1,-1,-1
333,3,0.00,0.00,0.00,0.00,1.0,-1,-1,-1
333,4,551.00,285.00,48.00,76.00,1.0,-1,-1,-1
333,5,0.00,0.00,0.00,0.00,1.0,-1,-1,-1
333,6,0.00,0.00,0.00,0.00,1.0,-1,-1,-1
333,7,1658.00,221.00,262.00,798.00,1.0,-1,-1,-1
333,8,1236.00,272.00,39.00,121.00,1.0,-1,-1,-1
333,9,0.00,0.00,0.00,0.00,1.0,-1,-1,-1
333,10,878.00,280.00,45.00,135.00,1.0,-1,-1,-1
333,11,0.00,0.00,0.00,0.00,1.0,-1,-1,-1
333,12,379.00,249.00,88.00,137.00,1.0,-1,-1,-1
333,13,0.00,0.00,0.00,0.00,1.0,-1,-1,-1
333,14,1081.00,264.00,52.00,149.00,1.0,-1,-1,-1
333,15,770.00,250.00,77.00,212.00,1.0,-1,-1,-1
333,16,131.00,257.00,111.00,248.00,1.0,-1,-1,-1
334,0,1181.00,282.00,601.00,141.00,1.0,-1,-1,-1
334,1,0.00,0.00,0.00,0.00,1.0,-1,-1,-1
334,2,0.00,0.00,0.00,0.00,1.0,-1,-1,-1
334,3,0.00,0.00,0.00,0.00,1.0,-1,-1,-1
334,4,550.00,285.00,49.00,76.00,1.0,-1,-1,-1
334,5,0.00,0.00,0.00,0.00,1.0,-1,-1,-1
334,6,0.00,0.00,0.00,0.00,1.0,-1,-1,-1
334,7,1667.00,222.00,253.00,798.00,1.0,-1,-1,-1
334,8,1237.00,272.00,38.00,121.00,1.0,-1,-1,-1
334,9,0.00,0.00,0.00,0.00,1.0,-1,-1,-1
334,10,876.00,278.00,47.00,137.00,1.0,-1,-1,-1
334,11,0.00,0.00,0.00,0.00,1.0,-1,-1,-1
334,12,377.00,249.00,88.00,138.00,1.0,-1,-1,-1
334,13,0.00,0.00,0.00,0.00,1.0,-1,-1,-1
334,14,1082.00,264.00,51.00,149.00,1.0,-1,-1,-1
334,15,766.00,250.00,79.00,213.00,1.0,-1,-1,-1
334,16,124.00,254.00,115.00,252.00,1.0,-1,-1,-1
335,0,1181.00,280.00,54.00,144.00,1.0,-1,-1,-1
335,1,0.00,0.00,0.00,0.00,1.0,-1,-1,-1
335,2,0.00,0.00,0.00,0.00,1.0,-1,-1,-1
335,3,0.00,0.00,0.00,0.00,1.0,-1,-1,-1
335,4,549.00,282.00,50.00,78.00,1.0,-1,-1,-1
335,5,0.00,0.00,0.00,0.00,1.0,-1,-1,-1
335,6,0.00,0.00,0.00,0.00,1.0,-1,-1,-1
335,7,1673.00,221.00,247.00,791.00,1.0,-1,-1,-1
335,8,1236.00,271.00,39.00,122.00,1.0,-1,-1,-1
335,9,0.00,0.00,0.00,0.00,1.0,-1,-1,-1
335,10,877.00,280.00,43.00,133.00,1.0,-1,-1,-1
335,11,0.00,0.00,0.00,0.00,1.0,-1,-1,-1
335,12,374.00,247.00,88.00,139.00,1.0,-1,-1,-1
335,13,0.00,0.00,0.00,0.00,1.0,-1,-1,-1
335,14,1080.00,264.00,53.00,149.00,1.0,-1,-1,-1
335,15,761.00,253.00,80.00,210.00,1.0,-1,-1,-1
335,16,116.00,252.00,116.00,253.00,1.0,-1,-1,-1
336,0,1178.00,279.00,52.00,145.00,1.0,-1,-1,-1
336,1,0.00,0.00,0.00,0.00,1.0,-1,-1,-1
336,2,0.00,0.00,0.00,0.00,1.0,-1,-1,-1
336,3,0.00,0.00,0.00,0.00,1.0,-1,-1,-1
336,4,547.00,281.00,50.00,78.00,1.0,-1,-1,-1
336,5,0.00,0.00,0.00,0.00,1.0,-1,-1,-1
336,6,0.00,0.00,0.00,0.00,1.0,-1,-1,-1
336,7,1679.00,219.00,241.00,777.00,1.0,-1,-1,-1
336,8,1235.00,271.00,39.00,120.00,1.0,-1,-1,-1
336,9,0.00,0.00,0.00,0.00,1.0,-1,-1,-1
336,10,876.00,278.00,44.00,133.00,1.0,-1,-1,-1
336,11,0.00,0.00,0.00,0.00,1.0,-1,-1,-1
336,12,368.00,247.00,90.00,137.00,1.0,-1,-1,-1
336,13,0.00,0.00,0.00,0.00,1.0,-1,-1,-1
336,14,1078.00,264.00,53.00,149.00,1.0,-1,-1,-1
336,15,756.00,252.00,81.00,211.00,1.0,-1,-1,-1
336,16,108.00,249.00,116.00,254.00,1.0,-1,-1,-1
337,0,1173.00,229.00,639.00,200.00,1.0,-1,-1,-1
337,1,0.00,0.00,0.00,0.00,1.0,-1,-1,-1
337,2,0.00,0.00,0.00,0.00,1.0,-1,-1,-1
337,3,0.00,0.00,0.00,0.00,1.0,-1,-1,-1
337,4,542.00,284.00,49.00,78.00,1.0,-1,-1,-1
337,5,0.00,0.00,0.00,0.00,1.0,-1,-1,-1
337,6,0.00,0.00,0.00,0.00,1.0,-1,-1,-1
337,7,1694.00,218.00,226.00,759.00,1.0,-1,-1,-1
337,8,1234.00,275.00,38.00,121.00,1.0,-1,-1,-1
337,9,0.00,0.00,0.00,0.00,1.0,-1,-1,-1
337,10,871.00,272.00,45.00,146.00,1.0,-1,-1,-1
337,11,0.00,0.00,0.00,0.00,1.0,-1,-1,-1
337,12,360.00,249.00,91.00,138.00,1.0,-1,-1,-1
337,13,0.00,0.00,0.00,0.00,1.0,-1,-1,-1
337,14,1076.00,267.00,53.00,150.00,1.0,-1,-1,-1
337,15,401.00,256.00,429.00,211.00,1.0,-1,-1,-1
337,16,90.00,249.00,103.00,258.00,1.0,-1,-1,-1
338,0,1171.00,229.00,641.00,201.00,1.0,-1,-1,-1
338,1,0.00,0.00,0.00,0.00,1.0,-1,-1,-1
338,2,0.00,0.00,0.00,0.00,1.0,-1,-1,-1
338,3,0.00,0.00,0.00,0.00,1.0,-1,-1,-1
338,4,538.00,283.00,48.00,80.00,1.0,-1,-1,-1
338,5,0.00,0.00,0.00,0.00,1.0,-1,-1,-1
338,6,0.00,0.00,0.00,0.00,1.0,-1,-1,-1
338,7,1698.00,217.00,222.00,770.00,1.0,-1,-1,-1
338,8,1231.00,276.00,39.00,121.00,1.0,-1,-1,-1
338,9,0.00,0.00,0.00,0.00,1.0,-1,-1,-1
338,10,868.00,273.00,46.00,146.00,1.0,-1,-1,-1
338,11,0.00,0.00,0.00,0.00,1.0,-1,-1,-1
338,12,355.00,249.00,92.00,138.00,1.0,-1,-1,-1
338,13,0.00,0.00,0.00,0.00,1.0,-1,-1,-1
338,14,1073.00,269.00,56.00,148.00,1.0,-1,-1,-1
338,15,740.00,254.00,87.00,215.00,1.0,-1,-1,-1
338,16,60.00,248.00,123.00,261.00,1.0,-1,-1,-1
339,0,1165.00,263.00,617.00,170.00,1.0,-1,-1,-1
339,1,0.00,0.00,0.00,0.00,1.0,-1,-1,-1
339,2,0.00,0.00,0.00,0.00,1.0,-1,-1,-1
339,3,0.00,0.00,0.00,0.00,1.0,-1,-1,-1
339,4,533.00,287.00,51.00,81.00,1.0,-1,-1,-1
339,5,0.00,0.00,0.00,0.00,1.0,-1,-1,-1
339,6,0.00,0.00,0.00,0.00,1.0,-1,-1,-1
339,7,1700.00,219.00,220.00,780.00,1.0,-1,-1,-1
339,8,1230.00,280.00,39.00,121.00,1.0,-1,-1,-1
339,9,0.00,0.00,0.00,0.00,1.0,-1,-1,-1
339,10,866.00,276.00,45.00,150.00,1.0,-1,-1,-1
339,11,0.00,0.00,0.00,0.00,1.0,-1,-1,-1
339,12,349.00,251.00,94.00,141.00,1.0,-1,-1,-1
339,13,0.00,0.00,0.00,0.00,1.0,-1,-1,-1
339,14,1071.00,271.00,56.00,152.00,1.0,-1,-1,-1
339,15,734.00,256.00,88.00,218.00,1.0,-1,-1,-1
339,16,33.00,250.00,139.00,264.00,1.0,-1,-1,-1
340,0,1162.00,229.00,680.00,206.00,1.0,-1,-1,-1
340,1,0.00,0.00,0.00,0.00,1.0,-1,-1,-1
340,2,0.00,0.00,0.00,0.00,1.0,-1,-1,-1
340,3,0.00,0.00,0.00,0.00,1.0,-1,-1,-1
340,4,529.00,288.00,52.00,82.00,1.0,-1,-1,-1
340,5,0.00,0.00,0.00,0.00,1.0,-1,-1,-1
340,6,0.00,0.00,0.00,0.00,1.0,-1,-1,-1
340,7,1701.00,221.00,219.00,789.00,1.0,-1,-1,-1
340,8,1228.00,282.00,40.00,122.00,1.0,-1,-1,-1
340,9,0.00,0.00,0.00,0.00,1.0,-1,-1,-1
340,10,864.00,280.00,43.00,148.00,1.0,-1,-1,-1
340,11,0.00,0.00,0.00,0.00,1.0,-1,-1,-1
340,12,345.00,252.00,94.00,142.00,1.0,-1,-1,-1
340,13,0.00,0.00,0.00,0.00,1.0,-1,-1,-1
340,14,1069.00,274.00,56.00,152.00,1.0,-1,-1,-1
340,15,730.00,257.00,88.00,218.00,1.0,-1,-1,-1
340,16,19.00,250.00,144.00,268.00,1.0,-1,-1,-1
341,0,1160.00,297.00,682.00,143.00,1.0,-1,-1,-1
341,1,0.00,0.00,0.00,0.00,1.0,-1,-1,-1
341,2,0.00,0.00,0.00,0.00,1.0,-1,-1,-1
341,3,0.00,0.00,0.00,0.00,1.0,-1,-1,-1
341,4,528.00,291.00,51.00,82.00,1.0,-1,-1,-1
341,5,0.00,0.00,0.00,0.00,1.0,-1,-1,-1
341,6,0.00,0.00,0.00,0.00,1.0,-1,-1,-1
341,7,1703.00,225.00,217.00,797.00,1.0,-1,-1,-1
341,8,1225.00,286.00,41.00,121.00,1.0,-1,-1,-1
341,9,0.00,0.00,0.00,0.00,1.0,-1,-1,-1
341,10,861.00,284.00,46.00,146.00,1.0,-1,-1,-1
341,11,0.00,0.00,0.00,0.00,1.0,-1,-1,-1
341,12,343.00,255.00,94.00,143.00,1.0,-1,-1,-1
341,13,0.00,0.00,0.00,0.00,1.0,-1,-1,-1
341,14,1068.00,278.00,56.00,152.00,1.0,-1,-1,-1
341,15,725.00,259.00,89.00,221.00,1.0,-1,-1,-1
341,16,53.00,253.00,98.00,268.00,1.0,-1,-1,-1
342,0,1156.00,263.00,686.00,184.00,1.0,-1,-1,-1
342,1,0.00,0.00,0.00,0.00,1.0,-1,-1,-1
342,2,0.00,0.00,0.00,0.00,1.0,-1,-1,-1
342,3,0.00,0.00,0.00,0.00,1.0,-1,-1,-1
342,4,541.00,300.00,37.00,80.00,1.0,-1,-1,-1
342,5,0.00,0.00,0.00,0.00,1.0,-1,-1,-1
342,6,0.00,0.00,0.00,0.00,1.0,-1,-1,-1
342,7,1713.00,237.00,207.00,813.00,1.0,-1,-1,-1
342,8,1225.00,295.00,40.00,120.00,1.0,-1,-1,-1
342,9,0.00,0.00,0.00,0.00,1.0,-1,-1,-1
342,10,858.00,291.00,47.00,144.00,1.0,-1,-1,-1
342,11,0.00,0.00,0.00,0.00,1.0,-1,-1,-1
342,12,340.00,262.00,92.00,144.00,1.0,-1,-1,-1
342,13,0.00,0.00,0.00,0.00,1.0,-1,-1,-1
342,14,1066.00,286.00,58.00,152.00,1.0,-1,-1,-1
342,15,711.00,266.00,96.00,226.00,1.0,-1,-1,-1
342,16,32.00,261.00,109.00,270.00,1.0,-1,-1,-1
343,0,1156.00,263.00,716.00,188.00,1.0,-1,-1,-1
343,1,0.00,0.00,0.00,0.00,1.0,-1,-1,-1
343,2,0.00,0.00,0.00,0.00,1.0,-1,-1,-1
343,3,0.00,0.00,0.00,0.00,1.0,-1,-1,-1
343,4,539.00,307.00,39.00,77.00,1.0,-1,-1,-1
343,5,0.00,0.00,0.00,0.00,1.0,-1,-1,-1
343,6,0.00,0.00,0.00,0.00,1.0,-1,-1,-1
343,7,1718.00,245.00,202.00,816.00,1.0,-1,-1,-1
343,8,1225.00,300.00,41.00,119.00,1.0,-1,-1,-1
343,9,0.00,0.00,0.00,0.00,1.0,-1,-1,-1
343,10,856.00,296.00,49.00,146.00,1.0,-1,-1,-1
343,11,0.00,0.00,0.00,0.00,1.0,-1,-1,-1
343,12,339.00,266.00,89.00,144.00,1.0,-1,-1,-1
343,13,0.00,0.00,0.00,0.00,1.0,-1,-1,-1
343,14,1065.00,290.00,58.00,153.00,1.0,-1,-1,-1
343,15,710.00,268.00,92.00,226.00,1.0,-1,-1,-1
343,16,30.00,266.00,107.00,270.00,1.0,-1,-1,-1
344,0,1157.00,263.00,715.00,189.00,1.0,-1,-1,-1
344,1,0.00,0.00,0.00,0.00,1.0,-1,-1,-1
344,2,0.00,0.00,0.00,0.00,1.0,-1,-1,-1
344,3,0.00,0.00,0.00,0.00,1.0,-1,-1,-1
344,4,541.00,306.00,40.00,81.00,1.0,-1,-1,-1
344,5,0.00,0.00,0.00,0.00,1.0,-1,-1,-1
344,6,0.00,0.00,0.00,0.00,1.0,-1,-1,-1
344,7,1728.00,252.00,192.00,816.00,1.0,-1,-1,-1
344,8,1227.00,302.00,41.00,119.00,1.0,-1,-1,-1
344,9,0.00,0.00,0.00,0.00,1.0,-1,-1,-1
344,10,858.00,299.00,48.00,144.00,1.0,-1,-1,-1
344,11,0.00,0.00,0.00,0.00,1.0,-1,-1,-1
344,12,341.00,263.00,1501.00,149.00,1.0,-1,-1,-1
344,13,0.00,0.00,0.00,0.00,1.0,-1,-1,-1
344,14,1068.00,292.00,58.00,153.00,1.0,-1,-1,-1
344,15,696.00,269.00,106.00,236.00,1.0,-1,-1,-1
344,16,22.00,269.00,113.00,274.00,1.0,-1,-1,-1
345,0,1158.00,280.00,714.00,172.00,1.0,-1,-1,-1
345,1,0.00,0.00,0.00,0.00,1.0,-1,-1,-1
345,2,0.00,0.00,0.00,0.00,1.0,-1,-1,-1
345,3,0.00,0.00,0.00,0.00,1.0,-1,-1,-1
345,4,541.00,310.00,41.00,78.00,1.0,-1,-1,-1
345,5,0.00,0.00,0.00,0.00,1.0,-1,-1,-1
345,6,0.00,0.00,0.00,0.00,1.0,-1,-1,-1
345,7,1738.00,258.00,182.00,815.00,1.0,-1,-1,-1
345,8,1230.00,304.00,41.00,120.00,1.0,-1,-1,-1
345,9,0.00,0.00,0.00,0.00,1.0,-1,-1,-1
345,10,857.00,302.00,50.00,142.00,1.0,-1,-1,-1
345,11,0.00,0.00,0.00,0.00,1.0,-1,-1,-1
345,12,342.00,270.00,89.00,145.00,1.0,-1,-1,-1
345,13,0.00,0.00,0.00,0.00,1.0,-1,-1,-1
345,14,1069.00,294.00,56.00,153.00,1.0,-1,-1,-1
345,15,690.00,270.00,110.00,245.00,1.0,-1,-1,-1
345,16,11.00,270.00,120.00,281.00,1.0,-1,-1,-1
346,0,1158.00,280.00,744.00,176.00,1.0,-1,-1,-1
346,1,0.00,0.00,0.00,0.00,1.0,-1,-1,-1
346,2,0.00,0.00,0.00,0.00,1.0,-1,-1,-1
346,3,0.00,0.00,0.00,0.00,1.0,-1,-1,-1
346,4,543.00,311.00,36.00,79.00,1.0,-1,-1,-1
346,5,0.00,0.00,0.00,0.00,1.0,-1,-1,-1
346,6,0.00,0.00,0.00,0.00,1.0,-1,-1,-1
346,7,1740.00,263.00,180.00,813.00,1.0,-1,-1,-1
346,8,1230.00,306.00,38.00,122.00,1.0,-1,-1,-1
346,9,0.00,0.00,0.00,0.00,1.0,-1,-1,-1
346,10,855.00,306.00,50.00,140.00,1.0,-1,-1,-1
346,11,0.00,0.00,0.00,0.00,1.0,-1,-1,-1
346,12,341.00,273.00,88.00,145.00,1.0,-1,-1,-1
346,13,0.00,0.00,0.00,0.00,1.0,-1,-1,-1
346,14,1068.00,296.00,56.00,154.00,1.0,-1,-1,-1
346,15,686.00,272.00,108.00,250.00,1.0,-1,-1,-1
346,16,0.00,273.00,125.00,282.00,1.0,-1,-1,-1
347,0,1161.00,280.00,741.00,179.00,1.0,-1,-1,-1
347,1,0.00,0.00,0.00,0.00,1.0,-1,-1,-1
347,2,0.00,0.00,0.00,0.00,1.0,-1,-1,-1
347,3,0.00,0.00,0.00,0.00,1.0,-1,-1,-1
347,4,550.00,312.00,31.00,83.00,1.0,-1,-1,-1
347,5,0.00,0.00,0.00,0.00,1.0,-1,-1,-1
347,6,0.00,0.00,0.00,0.00,1.0,-1,-1,-1
347,7,1750.00,264.00,170.00,816.00,1.0,-1,-1,-1
347,8,1236.00,305.00,37.00,124.00,1.0,-1,-1,-1
347,9,0.00,0.00,0.00,0.00,1.0,-1,-1,-1
347,10,856.00,305.00,49.00,143.00,1.0,-1,-1,-1
347,11,0.00,0.00,0.00,0.00,1.0,-1,-1,-1
347,12,345.00,275.00,88.00,146.00,1.0,-1,-1,-1
347,13,0.00,0.00,0.00,0.00,1.0,-1,-1,-1
347,14,1070.00,298.00,57.00,154.00,1.0,-1,-1,-1
347,15,678.00,275.00,112.00,273.00,1.0,-1,-1,-1
347,16,0.00,272.00,114.00,291.00,1.0,-1,-1,-1
348,0,1161.00,297.00,711.00,163.00,1.0,-1,-1,-1
348,1,0.00,0.00,0.00,0.00,1.0,-1,-1,-1
348,2,0.00,0.00,0.00,0.00,1.0,-1,-1,-1
348,3,0.00,0.00,0.00,0.00,1.0,-1,-1,-1
348,4,550.00,317.00,32.00,80.00,1.0,-1,-1,-1
348,5,0.00,0.00,0.00,0.00,1.0,-1,-1,-1
348,6,0.00,0.00,0.00,0.00,1.0,-1,-1,-1
348,7,1749.00,265.00,171.00,815.00,1.0,-1,-1,-1
348,8,1234.00,310.00,39.00,122.00,1.0,-1,-1,-1
348,9,0.00,0.00,0.00,0.00,1.0,-1,-1,-1
348,10,853.00,305.00,51.00,144.00,1.0,-1,-1,-1
348,11,0.00,0.00,0.00,0.00,1.0,-1,-1,-1
348,12,345.00,278.00,86.00,145.00,1.0,-1,-1,-1
348,13,0.00,0.00,0.00,0.00,1.0,-1,-1,-1
348,14,1069.00,300.00,57.00,154.00,1.0,-1,-1,-1
348,15,675.00,278.00,109.00,276.00,1.0,-1,-1,-1
348,16,0.00,273.00,101.00,292.00,1.0,-1,-1,-1
349,0,1161.00,280.00,711.00,180.00,1.0,-1,-1,-1
349,1,0.00,0.00,0.00,0.00,1.0,-1,-1,-1
349,2,0.00,0.00,0.00,0.00,1.0,-1,-1,-1
349,3,0.00,0.00,0.00,0.00,1.0,-1,-1,-1
349,4,550.00,315.00,34.00,80.00,1.0,-1,-1,-1
349,5,0.00,0.00,0.00,0.00,1.0,-1,-1,-1
349,6,0.00,0.00,0.00,0.00,1.0,-1,-1,-1
349,7,1749.00,262.00,171.00,818.00,1.0,-1,-1,-1
349,8,1234.00,310.00,39.00,122.00,1.0,-1,-1,-1
349,9,0.00,0.00,0.00,0.00,1.0,-1,-1,-1
349,10,852.00,304.00,50.00,144.00,1.0,-1,-1,-1
349,11,0.00,0.00,0.00,0.00,1.0,-1,-1,-1
349,12,345.00,278.00,86.00,145.00,1.0,-1,-1,-1
349,13,0.00,0.00,0.00,0.00,1.0,-1,-1,-1
349,14,1068.00,300.00,58.00,154.00,1.0,-1,-1,-1
349,15,669.00,279.00,110.00,275.00,1.0,-1,-1,-1
349,16,0.00,272.00,87.00,291.00,1.0,-1,-1,-1
350,0,1163.00,280.00,709.00,179.00,1.0,-1,-1,-1
350,1,0.00,0.00,0.00,0.00,1.0,-1,-1,-1
350,2,0.00,0.00,0.00,0.00,1.0,-1,-1,-1
350,3,0.00,0.00,0.00,0.00,1.0,-1,-1,-1
350,4,551.00,309.00,37.00,80.00,1.0,-1,-1,-1
350,5,0.00,0.00,0.00,0.00,1.0,-1,-1,-1
350,6,0.00,0.00,0.00,0.00,1.0,-1,-1,-1
350,7,1753.00,259.00,167.00,804.00,1.0,-1,-1,-1
350,8,1235.00,310.00,40.00,122.00,1.0,-1,-1,-1
350,9,0.00,0.00,0.00,0.00,1.0,-1,-1,-1
350,10,851.00,306.00,50.00,139.00,1.0,-1,-1,-1
350,11,0.00,0.00,0.00,0.00,1.0,-1,-1,-1
350,12,348.00,279.00,84.00,143.00,1.0,-1,-1,-1
350,13,0.00,0.00,0.00,0.00,1.0,-1,-1,-1
350,14,1069.00,299.00,57.00,155.00,1.0,-1,-1,-1
350,15,667.00,279.00,107.00,278.00,1.0,-1,-1,-1
350,16,0.00,273.00,72.00,288.00,1.0,-1,-1,-1
351,0,1162.00,263.00,740.00,196.00,1.0,-1,-1,-1
351,1,0.00,0.00,0.00,0.00,1.0,-1,-1,-1
351,2,0.00,0.00,0.00,0.00,1.0,-1,-1,-1
351,3,0.00,0.00,0.00,0.00,1.0,-1,-1,-1
351,4,550.00,306.00,36.00,83.00,1.0,-1,-1,-1
351,5,0.00,0.00,0.00,0.00,1.0,-1,-1,-1
351,6,0.00,0.00,0.00,0.00,1.0,-1,-1,-1
351,7,1756.00,254.00,164.00,794.00,1.0,-1,-1,-1
351,8,1236.00,309.00,40.00,121.00,1.0,-1,-1,-1
351,9,0.00,0.00,0.00,0.00,1.0,-1,-1,-1
351,10,851.00,304.00,49.00,143.00,1.0,-1,-1,-1
351,11,0.00,0.00,0.00,0.00,1.0,-1,-1,-1
351,12,348.00,276.00,85.00,145.00,1.0,-1,-1,-1
351,13,0.00,0.00,0.00,0.00,1.0,-1,-1,-1
351,14,1068.00,298.00,59.00,155.00,1.0,-1,-1,-1
351,15,663.00,277.00,107.00,285.00,1.0,-1,-1,-1
351,16,0.00,310.00,59.00,250.00,1.0,-1,-1,-1
352,0,1160.00,263.00,742.00,199.00,1.0,-1,-1,-1
352,1,0.00,0.00,0.00,0.00,1.0,-1,-1,-1
352,2,0.00,0.00,0.00,0.00,1.0,-1,-1,-1
352,3,0.00,0.00,0.00,0.00,1.0,-1,-1,-1
352,4,548.00,306.00,30.00,76.00,1.0,-1,-1,-1
352,5,0.00,0.00,0.00,0.00,1.0,-1,-1,-1
352,6,0.00,0.00,0.00,0.00,1.0,-1,-1,-1
352,7,1761.00,253.00,159.00,811.00,1.0,-1,-1,-1
352,8,1236.00,310.00,42.00,122.00,1.0,-1,-1,-1
352,9,0.00,0.00,0.00,0.00,1.0,-1,-1,-1
352,10,848.00,306.00,50.00,144.00,1.0,-1,-1,-1
352,11,0.00,0.00,0.00,0.00,1.0,-1,-1,-1
352,12,352.00,277.00,83.00,146.00,1.0,-1,-1,-1
352,13,0.00,0.00,0.00,0.00,1.0,-1,-1,-1
352,14,1067.00,300.00,59.00,157.00,1.0,-1,-1,-1
352,15,660.00,277.00,99.00,294.00,1.0,-1,-1,-1
352,16,0.00,331.00,21.00,208.00,1.0,-1,-1,-1
353,0,1160.00,263.00,742.00,199.00,1.0,-1,-1,-1
353,1,0.00,0.00,0.00,0.00,1.0,-1,-1,-1
353,2,0.00,0.00,0.00,0.00,1.0,-1,-1,-1
353,3,0.00,0.00,0.00,0.00,1.0,-1,-1,-1
353,4,543.00,309.00,32.00,82.00,1.0,-1,-1,-1
353,5,0.00,0.00,0.00,0.00,1.0,-1,-1,-1
353,6,0.00,0.00,0.00,0.00,1.0,-1,-1,-1
353,7,1761.00,254.00,159.00,819.00,1.0,-1,-1,-1
353,8,1235.00,312.00,43.00,120.00,1.0,-1,-1,-1
353,9,0.00,0.00,0.00,0.00,1.0,-1,-1,-1
353,10,847.00,311.00,47.00,139.00,1.0,-1,-1,-1
353,11,0.00,0.00,0.00,0.00,1.0,-1,-1,-1
353,12,350.00,276.00,90.00,148.00,1.0,-1,-1,-1
353,13,0.00,0.00,0.00,0.00,1.0,-1,-1,-1
353,14,1066.00,301.00,59.00,156.00,1.0,-1,-1,-1
353,15,647.00,277.00,106.00,295.00,1.0,-1,-1,-1
353,16,0.00,343.00,14.00,87.00,1.0,-1,-1,-1
354,0,1161.00,280.00,741.00,185.00,1.0,-1,-1,-1
354,1,0.00,0.00,0.00,0.00,1.0,-1,-1,-1
354,2,0.00,0.00,0.00,0.00,1.0,-1,-1,-1
354,3,0.00,0.00,0.00,0.00,1.0,-1,-1,-1
354,4,541.00,312.00,32.00,87.00,1.0,-1,-1,-1
354,5,0.00,0.00,0.00,0.00,1.0,-1,-1,-1
354,6,0.00,0.00,0.00,0.00,1.0,-1,-1,-1
354,7,1748.00,258.00,172.00,822.00,1.0,-1,-1,-1
354,8,1236.00,314.00,44.00,123.00,1.0,-1,-1,-1
354,9,0.00,0.00,0.00,0.00,1.0,-1,-1,-1
354,10,846.00,314.00,50.00,140.00,1.0,-1,-1,-1
354,11,0.00,0.00,0.00,0.00,1.0,-1,-1,-1
354,12,349.00,278.00,93.00,150.00,1.0,-1,-1,-1
354,13,0.00,0.00,0.00,0.00,1.0,-1,-1,-1
354,14,1066.00,304.00,59.00,157.00,1.0,-1,-1,-1
354,15,639.00,278.00,110.00,299.00,1.0,-1,-1,-1
354,16,0.00,0.00,0.00,0.00,1.0,-1,-1,-1
355,0,1161.00,327.00,681.00,141.00,1.0,-1,-1,-1
355,1,0.00,0.00,0.00,0.00,1.0,-1,-1,-1
355,2,0.00,0.00,0.00,0.00,1.0,-1,-1,-1
355,3,0.00,0.00,0.00,0.00,1.0,-1,-1,-1
355,4,534.00,315.00,37.00,87.00,1.0,-1,-1,-1
355,5,0.00,0.00,0.00,0.00,1.0,-1,-1,-1
355,6,0.00,0.00,0.00,0.00,1.0,-1,-1,-1
355,7,1728.00,266.00,192.00,814.00,1.0,-1,-1,-1
355,8,1234.00,318.00,47.00,121.00,1.0,-1,-1,-1
355,9,0.00,0.00,0.00,0.00,1.0,-1,-1,-1
355,10,845.00,313.00,50.00,145.00,1.0,-1,-1,-1
355,11,0.00,0.00,0.00,0.00,1.0,-1,-1,-1
355,12,346.00,278.00,98.00,151.00,1.0,-1,-1,-1
355,13,0.00,0.00,0.00,0.00,1.0,-1,-1,-1
355,14,1066.00,307.00,59.00,157.00,1.0,-1,-1,-1
355,15,640.00,278.00,106.00,304.00,1.0,-1,-1,-1
355,16,0.00,0.00,0.00,0.00,1.0,-1,-1,-1
356,0,1160.00,280.00,742.00,189.00,1.0,-1,-1,-1
356,1,0.00,0.00,0.00,0.00,1.0,-1,-1,-1
356,2,0.00,0.00,0.00,0.00,1.0,-1,-1,-1
356,3,0.00,0.00,0.00,0.00,1.0,-1,-1,-1
356,4,524.00,318.00,32.00,85.00,1.0,-1,-1,-1
356,5,0.00,0.00,0.00,0.00,1.0,-1,-1,-1
356,6,0.00,0.00,0.00,0.00,1.0,-1,-1,-1
356,7,1713.00,269.00,207.00,811.00,1.0,-1,-1,-1
356,8,1235.00,321.00,46.00,121.00,1.0,-1,-1,-1
356,9,0.00,0.00,0.00,0.00,1.0,-1,-1,-1
356,10,841.00,320.00,54.00,140.00,1.0,-1,-1,-1
356,11,0.00,0.00,0.00,0.00,1.0,-1,-1,-1
356,12,348.00,279.00,92.00,153.00,1.0,-1,-1,-1
356,13,0.00,0.00,0.00,0.00,1.0,-1,-1,-1
356,14,1062.00,308.00,60.00,159.00,1.0,-1,-1,-1
356,15,637.00,278.00,102.00,305.00,1.0,-1,-1,-1
356,16,0.00,0.00,0.00,0.00,1.0,-1,-1,-1
357,0,1156.00,297.00,746.00,179.00,1.0,-1,-1,-1
357,1,0.00,0.00,0.00,0.00,1.0,-1,-1,-1
357,2,0.00,0.00,0.00,0.00,1.0,-1,-1,-1
357,3,0.00,0.00,0.00,0.00,1.0,-1,-1,-1
357,4,512.00,322.00,36.00,83.00,1.0,-1,-1,-1
357,5,0.00,0.00,0.00,0.00,1.0,-1,-1,-1
357,6,0.00,0.00,0.00,0.00,1.0,-1,-1,-1
357,7,1704.00,286.00,216.00,719.00,1.0,-1,-1,-1
357,8,1237.00,327.00,46.00,123.00,1.0,-1,-1,-1
357,9,0.00,0.00,0.00,0.00,1.0,-1,-1,-1
357,10,841.00,324.00,50.00,141.00,1.0,-1,-1,-1
357,11,0.00,0.00,0.00,0.00,1.0,-1,-1,-1
357,12,342.00,282.00,100.00,155.00,1.0,-1,-1,-1
357,13,0.00,0.00,0.00,0.00,1.0,-1,-1,-1
357,14,1063.00,315.00,60.00,159.00,1.0,-1,-1,-1
357,15,615.00,281.00,116.00,313.00,1.0,-1,-1,-1
357,16,0.00,0.00,0.00,0.00,1.0,-1,-1,-1
358,0,1154.00,297.00,748.00,180.00,1.0,-1,-1,-1
358,1,0.00,0.00,0.00,0.00,1.0,-1,-1,-1
358,2,0.00,0.00,0.00,0.00,1.0,-1,-1,-1
358,3,0.00,0.00,0.00,0.00,1.0,-1,-1,-1
358,4,501.00,323.00,40.00,87.00,1.0,-1,-1,-1
358,5,0.00,0.00,0.00,0.00,1.0,-1,-1,-1
358,6,0.00,0.00,0.00,0.00,1.0,-1,-1,-1
358,7,1706.00,289.00,214.00,727.00,1.0,-1,-1,-1
358,8,1239.00,329.00,44.00,123.00,1.0,-1,-1,-1
358,9,0.00,0.00,0.00,0.00,1.0,-1,-1,-1
358,10,840.00,325.00,50.00,142.00,1.0,-1,-1,-1
358,11,0.00,0.00,0.00,0.00,1.0,-1,-1,-1
358,12,338.00,282.00,1566.00,156.00,1.0,-1,-1,-1
358,13,0.00,0.00,0.00,0.00,1.0,-1,-1,-1
358,14,1061.00,317.00,62.00,160.00,1.0,-1,-1,-1
358,15,612.00,281.00,113.00,313.00,1.0,-1,-1,-1
358,16,0.00,0.00,0.00,0.00,1.0,-1,-1,-1
359,0,1149.00,338.00,57.00,144.00,1.0,-1,-1,-1
359,1,0.00,0.00,0.00,0.00,1.0,-1,-1,-1
359,2,0.00,0.00,0.00,0.00,1.0,-1,-1,-1
359,3,0.00,0.00,0.00,0.00,1.0,-1,-1,-1
359,4,498.00,323.00,42.00,91.00,1.0,-1,-1,-1
359,5,0.00,0.00,0.00,0.00,1.0,-1,-1,-1
359,6,0.00,0.00,0.00,0.00,1.0,-1,-1,-1
359,7,1713.00,294.00,207.00,732.00,1.0,-1,-1,-1
359,8,1237.00,333.00,44.00,122.00,1.0,-1,-1,-1
359,9,0.00,0.00,0.00,0.00,1.0,-1,-1,-1
359,10,835.00,324.00,52.00,147.00,1.0,-1,-1,-1
359,11,0.00,0.00,0.00,0.00,1.0,-1,-1,-1
359,12,332.00,283.00,108.00,158.00,1.0,-1,-1,-1
359,13,0.00,0.00,0.00,0.00,1.0,-1,-1,-1
359,14,1058.00,319.00,62.00,161.00,1.0,-1,-1,-1
359,15,600.00,283.00,118.00,317.00,1.0,-1,-1,-1
359,16,0.00,0.00,0.00,0.00,1.0,-1,-1,-1
360,0,1148.00,314.00,754.00,170.00,1.0,-1,-1,-1
360,1,0.00,0.00,0.00,0.00,1.0,-1,-1,-1
360,2,0.00,0.00,0.00,0.00,1.0,-1,-1,-1
360,3,0.00,0.00,0.00,0.00,1.0,-1,-1,-1
360,4,497.00,325.00,47.00,89.00,1.0,-1,-1,-1
360,5,0.00,0.00,0.00,0.00,1.0,-1,-1,-1
360,6,0.00,0.00,0.00,0.00,1.0,-1,-1,-1
360,7,1721.00,299.00,199.00,737.00,1.0,-1,-1,-1
360,8,1236.00,336.00,45.00,121.00,1.0,-1,-1,-1
360,9,0.00,0.00,0.00,0.00,1.0,-1,-1,-1
360,10,833.00,333.00,52.00,139.00,1.0,-1,-1,-1
360,11,0.00,0.00,0.00,0.00,1.0,-1,-1,-1
360,12,331.00,284.00,109.00,158.00,1.0,-1,-1,-1
360,13,0.00,0.00,0.00,0.00,1.0,-1,-1,-1
360,14,1057.00,321.00,62.00,162.00,1.0,-1,-1,-1
360,15,595.00,284.00,116.00,326.00,1.0,-1,-1,-1
360,16,0.00,0.00,0.00,0.00,1.0,-1,-1,-1
361,0,1145.00,343.00,61.00,141.00,1.0,-1,-1,-1
361,1,0.00,0.00,0.00,0.00,1.0,-1,-1,-1
361,2,0.00,0.00,0.00,0.00,1.0,-1,-1,-1
361,3,0.00,0.00,0.00,0.00,1.0,-1,-1,-1
361,4,495.00,322.00,47.00,93.00,1.0,-1,-1,-1
361,5,0.00,0.00,0.00,0.00,1.0,-1,-1,-1
361,6,0.00,0.00,0.00,0.00,1.0,-1,-1,-1
361,7,1728.00,298.00,192.00,752.00,1.0,-1,-1,-1
361,8,1236.00,336.00,45.00,122.00,1.0,-1,-1,-1
361,9,0.00,0.00,0.00,0.00,1.0,-1,-1,-1
361,10,834.00,333.00,51.00,139.00,1.0,-1,-1,-1
361,11,0.00,0.00,0.00,0.00,1.0,-1,-1,-1
361,12,323.00,283.00,118.00,159.00,1.0,-1,-1,-1
361,13,0.00,0.00,0.00,0.00,1.0,-1,-1,-1
361,14,1057.00,321.00,62.00,161.00,1.0,-1,-1,-1
361,15,587.00,285.00,120.00,325.00,1.0,-1,-1,-1
361,16,0.00,0.00,0.00,0.00,1.0,-1,-1,-1
362,0,1142.00,344.00,59.00,140.00,1.0,-1,-1,-1
362,1,0.00,0.00,0.00,0.00,1.0,-1,-1,-1
362,2,0.00,0.00,0.00,0.00,1.0,-1,-1,-1
362,3,0.00,0.00,0.00,0.00,1.0,-1,-1,-1
362,4,487.00,320.00,53.00,94.00,1.0,-1,-1,-1
362,5,0.00,0.00,0.00,0.00,1.0,-1,-1,-1
362,6,0.00,0.00,0.00,0.00,1.0,-1,-1,-1
362,7,1737.00,297.00,183.00,770.00,1.0,-1,-1,-1
362,8,1240.00,337.00,44.00,121.00,1.0,-1,-1,-1
362,9,0.00,0.00,0.00,0.00,1.0,-1,-1,-1
362,10,834.00,325.00,47.00,148.00,1.0,-1,-1,-1
362,11,0.00,0.00,0.00,0.00,1.0,-1,-1,-1
362,12,312.00,284.00,130.00,159.00,1.0,-1,-1,-1
362,13,0.00,0.00,0.00,0.00,1.0,-1,-1,-1
362,14,1055.00,322.00,62.00,161.00,1.0,-1,-1,-1
362,15,573.00,285.00,128.00,328.00,1.0,-1,-1,-1
362,16,0.00,0.00,0.00,0.00,1.0,-1,-1,-1
363,0,1142.00,343.00,57.00,141.00,1.0,-1,-1,-1
363,1,0.00,0.00,0.00,0.00,1.0,-1,-1,-1
363,2,0.00,0.00,0.00,0.00,1.0,-1,-1,-1
363,3,0.00,0.00,0.00,0.00,1.0,-1,-1,-1
363,4,487.00,321.00,51.00,90.00,1.0,-1,-1,-1
363,5,0.00,0.00,0.00,0.00,1.0,-1,-1,-1
363,6,0.00,0.00,0.00,0.00,1.0,-1,-1,-1
363,7,1735.00,292.00,185.00,786.00,1.0,-1,-1,-1
363,8,1240.00,335.00,44.00,121.00,1.0,-1,-1,-1
363,9,0.00,0.00,0.00,0.00,1.0,-1,-1,-1
363,10,833.00,325.00,48.00,148.00,1.0,-1,-1,-1
363,11,0.00,0.00,0.00,0.00,1.0,-1,-1,-1
363,12,308.00,282.00,136.00,160.00,1.0,-1,-1,-1
363,13,0.00,0.00,0.00,0.00,1.0,-1,-1,-1
363,14,1055.00,320.00,62.00,162.00,1.0,-1,-1,-1
363,15,569.00,285.00,124.00,331.00,1.0,-1,-1,-1
363,16,0.00,0.00,0.00,0.00,1.0,-1,-1,-1
364,0,1140.00,297.00,762.00,185.00,1.0,-1,-1,-1
364,1,0.00,0.00,0.00,0.00,1.0,-1,-1,-1
364,2,0.00,0.00,0.00,0.00,1.0,-1,-1,-1
364,3,0.00,0.00,0.00,0.00,1.0,-1,-1,-1
364,4,482.00,321.00,49.00,91.00,1.0,-1,-1,-1
364,5,0.00,0.00,0.00,0.00,1.0,-1,-1,-1
364,6,0.00,0.00,0.00,0.00,1.0,-1,-1,-1
364,7,1734.00,287.00,186.00,793.00,1.0,-1,-1,-1
364,8,1239.00,335.00,46.00,121.00,1.0,-1,-1,-1
364,9,0.00,0.00,0.00,0.00,1.0,-1,-1,-1
364,10,831.00,327.00,46.00,144.00,1.0,-1,-1,-1
364,11,0.00,0.00,0.00,0.00,1.0,-1,-1,-1
364,12,305.00,283.00,138.00,159.00,1.0,-1,-1,-1
364,13,0.00,0.00,0.00,0.00,1.0,-1,-1,-1
364,14,1053.00,319.00,62.00,163.00,1.0,-1,-1,-1
364,15,561.00,285.00,126.00,335.00,1.0,-1,-1,-1
364,16,0.00,0.00,0.00,0.00,1.0,-1,-1,-1
365,0,1136.00,297.00,766.00,185.00,1.0,-1,-1,-1
365,1,0.00,0.00,0.00,0.00,1.0,-1,-1,-1
365,2,0.00,0.00,0.00,0.00,1.0,-1,-1,-1
365,3,0.00,0.00,0.00,0.00,1.0,-1,-1,-1
365,4,475.00,320.00,42.00,94.00,1.0,-1,-1,-1
365,5,0.00,0.00,0.00,0.00,1.0,-1,-1,-1
365,6,0.00,0.00,0.00,0.00,1.0,-1,-1,-1
365,7,1732.00,284.00,188.00,796.00,1.0,-1,-1,-1
365,8,1238.00,333.00,45.00,123.00,1.0,-1,-1,-1
365,9,0.00,0.00,0.00,0.00,1.0,-1,-1,-1
365,10,829.00,323.00,47.00,148.00,1.0,-1,-1,-1
365,11,0.00,0.00,0.00,0.00,1.0,-1,-1,-1
365,12,300.00,284.00,144.00,159.00,1.0,-1,-1,-1
365,13,0.00,0.00,0.00,0.00,1.0,-1,-1,-1
365,14,1052.00,319.00,62.00,163.00,1.0,-1,-1,-1
365,15,553.00,286.00,125.00,335.00,1.0,-1,-1,-1
365,16,0.00,0.00,0.00,0.00,1.0,-1,-1,-1
365,17,903.00,333.00,36.00,139.00,1.0,-1,-1,-1
366,0,1136.00,340.00,57.00,141.00,1.0,-1,-1,-1
366,1,0.00,0.00,0.00,0.00,1.0,-1,-1,-1
366,2,0.00,0.00,0.00,0.00,1.0,-1,-1,-1
366,3,0.00,0.00,0.00,0.00,1.0,-1,-1,-1
366,4,470.00,322.00,45.00,92.00,1.0,-1,-1,-1
366,5,0.00,0.00,0.00,0.00,1.0,-1,-1,-1
366,6,0.00,0.00,0.00,0.00,1.0,-1,-1,-1
366,7,1738.00,280.00,182.00,800.00,1.0,-1,-1,-1
366,8,1240.00,332.00,45.00,123.00,1.0,-1,-1,-1
366,9,0.00,0.00,0.00,0.00,1.0,-1,-1,-1
366,10,829.00,322.00,47.00,150.00,1.0,-1,-1,-1
366,11,0.00,0.00,0.00,0.00,1.0,-1,-1,-1
366,12,297.00,284.00,149.00,159.00,1.0,-1,-1,-1
366,13,0.00,0.00,0.00,0.00,1.0,-1,-1,-1
366,14,1053.00,318.00,61.00,163.00,1.0,-1,-1,-1
366,15,548.00,285.00,124.00,342.00,1.0,-1,-1,-1
366,16,0.00,0.00,0.00,0.00,1.0,-1,-1,-1
366,17,903.00,331.00,35.00,140.00,1.0,-1,-1,-1
367,0,1136.00,296.00,766.00,255.00,1.0,-1,-1,-1
367,1,0.00,0.00,0.00,0.00,1.0,-1,-1,-1
367,2,0.00,0.00,0.00,0.00,1.0,-1,-1,-1
367,3,0.00,0.00,0.00,0.00,1.0,-1,-1,-1
367,4,466.00,322.00,49.00,92.00,1.0,-1,-1,-1
367,5,0.00,0.00,0.00,0.00,1.0,-1,-1,-1
367,6,0.00,0.00,0.00,0.00,1.0,-1,-1,-1
367,7,1755.00,279.00,165.00,801.00,1.0,-1,-1,-1
367,8,1247.00,331.00,43.00,124.00,1.0,-1,-1,-1
367,9,0.00,0.00,0.00,0.00,1.0,-1,-1,-1
367,10,829.00,321.00,47.00,151.00,1.0,-1,-1,-1
367,11,0.00,0.00,0.00,0.00,1.0,-1,-1,-1
367,12,294.00,285.00,155.00,160.00,1.0,-1,-1,-1
367,13,0.00,0.00,0.00,0.00,1.0,-1,-1,-1
367,14,1055.00,318.00,62.00,163.00,1.0,-1,-1,-1
367,15,537.00,280.00,126.00,351.00,1.0,-1,-1,-1
367,16,0.00,0.00,0.00,0.00,1.0,-1,-1,-1
367,17,905.00,331.00,34.00,137.00,1.0,-1,-1,-1
368,0,1136.00,314.00,766.00,271.00,1.0,-1,-1,-1
368,1,0.00,0.00,0.00,0.00,1.0,-1,-1,-1
368,2,0.00,0.00,0.00,0.00,1.0,-1,-1,-1
368,3,0.00,0.00,0.00,0.00,1.0,-1,-1,-1
368,4,461.00,324.00,49.00,89.00,1.0,-1,-1,-1
368,5,0.00,0.00,0.00,0.00,1.0,-1,-1,-1
368,6,0.00,0.00,0.00,0.00,1.0,-1,-1,-1
368,7,1766.00,279.00,154.00,801.00,1.0,-1,-1,-1
368,8,1251.00,331.00,41.00,124.00,1.0,-1,-1,-1
368,9,0.00,0.00,0.00,0.00,1.0,-1,-1,-1
368,10,828.00,322.00,48.00,150.00,1.0,-1,-1,-1
368,11,0.00,0.00,0.00,0.00,1.0,-1,-1,-1
368,12,295.00,286.00,158.00,160.00,1.0,-1,-1,-1
368,13,0.00,0.00,0.00,0.00,1.0,-1,-1,-1
368,14,1057.00,317.00,63.00,164.00,1.0,-1,-1,-1
368,15,532.00,278.00,125.00,354.00,1.0,-1,-1,-1
368,16,0.00,0.00,0.00,0.00,1.0,-1,-1,-1
368,17,905.00,330.00,36.00,138.00,1.0,-1,-1,-1
369,0,1143.00,336.00,729.00,139.00,1.0,-1,-1,-1
369,1,0.00,0.00,0.00,0.00,1.0,-1,-1,-1
369,2,0.00,0.00,0.00,0.00,1.0,-1,-1,-1
369,3,0.00,0.00,0.00,0.00,1.0,-1,-1,-1
369,4,0.00,0.00,0.00,0.00,1.0,-1,-1,-1
369,5,0.00,0.00,0.00,0.00,1.0,-1,-1,-1
369,6,0.00,0.00,0.00,0.00,1.0,-1,-1,-1
369,7,1782.00,285.00,138.00,795.00,1.0,-1,-1,-1
369,8,1259.00,335.00,37.00,104.00,1.0,-1,-1,-1
369,9,0.00,0.00,0.00,0.00,1.0,-1,-1,-1
369,10,826.00,324.00,53.00,137.00,1.0,-1,-1,-1
369,11,0.00,0.00,0.00,0.00,1.0,-1,-1,-1
369,12,310.00,288.00,115.00,160.00,1.0,-1,-1,-1
369,13,0.00,0.00,0.00,0.00,1.0,-1,-1,-1
369,14,1060.00,317.00,58.00,165.00,1.0,-1,-1,-1
369,15,525.00,277.00,125.00,361.00,1.0,-1,-1,-1
369,16,0.00,0.00,0.00,0.00,1.0,-1,-1,-1
369,17,911.00,337.00,30.00,129.00,1.0,-1,-1,-1
370,0,1142.00,336.00,730.00,144.00,1.0,-1,-1,-1
370,1,0.00,0.00,0.00,0.00,1.0,-1,-1,-1
370,2,0.00,0.00,0.00,0.00,1.0,-1,-1,-1
370,3,0.00,0.00,0.00,0.00,1.0,-1,-1,-1
370,4,459.00,327.00,48.00,85.00,1.0,-1,-1,-1
370,5,0.00,0.00,0.00,0.00,1.0,-1,-1,-1
370,6,0.00,0.00,0.00,0.00,1.0,-1,-1,-1
370,7,1785.00,288.00,135.00,792.00,1.0,-1,-1,-1
370,8,1262.00,333.00,36.00,122.00,1.0,-1,-1,-1
370,9,0.00,0.00,0.00,0.00,1.0,-1,-1,-1
370,10,829.00,326.00,50.00,147.00,1.0,-1,-1,-1
370,11,0.00,0.00,0.00,0.00,1.0,-1,-1,-1
370,12,304.00,288.00,156.00,158.00,1.0,-1,-1,-1
370,13,0.00,0.00,0.00,0.00,1.0,-1,-1,-1
370,14,1061.00,318.00,62.00,164.00,1.0,-1,-1,-1
370,15,521.00,275.00,128.00,365.00,1.0,-1,-1,-1
370,16,0.00,0.00,0.00,0.00,1.0,-1,-1,-1
370,17,909.00,336.00,34.00,131.00,1.0,-1,-1,-1
371,0,1149.00,337.00,753.00,214.00,1.0,-1,-1,-1
371,1,0.00,0.00,0.00,0.00,1.0,-1,-1,-1
371,2,0.00,0.00,0.00,0.00,1.0,-1,-1,-1
371,3,0.00,0.00,0.00,0.00,1.0,-1,-1,-1
371,4,451.00,325.00,51.00,89.00,1.0,-1,-1,-1
371,5,0.00,0.00,0.00,0.00,1.0,-1,-1,-1
371,6,0.00,0.00,0.00,0.00,1.0,-1,-1,-1
371,7,1792.00,321.00,128.00,699.00,1.0,-1,-1,-1
371,8,1273.00,331.00,33.00,123.00,1.0,-1,-1,-1
371,9,0.00,0.00,0.00,0.00,1.0,-1,-1,-1
371,10,835.00,327.00,47.00,145.00,1.0,-1,-1,-1
371,11,0.00,0.00,0.00,0.00,1.0,-1,-1,-1
371,12,317.00,287.00,147.00,161.00,1.0,-1,-1,-1
371,13,0.00,0.00,0.00,0.00,1.0,-1,-1,-1
371,14,1069.00,318.00,63.00,165.00,1.0,-1,-1,-1
371,15,521.00,274.00,128.00,365.00,1.0,-1,-1,-1
371,16,0.00,0.00,0.00,0.00,1.0,-1,-1,-1
371,17,914.00,332.00,37.00,137.00,1.0,-1,-1,-1
372,0,1160.00,334.00,743.00,302.00,1.0,-1,-1,-1
372,1,0.00,0.00,0.00,0.00,1.0,-1,-1,-1
372,2,0.00,0.00,0.00,0.00,1.0,-1,-1,-1
372,3,0.00,0.00,0.00,0.00,1.0,-1,-1,-1
372,4,0.00,0.00,0.00,0.00,1.0,-1,-1,-1
372,5,0.00,0.00,0.00,0.00,1.0,-1,-1,-1
372,6,0.00,0.00,0.00,0.00,1.0,-1,-1,-1
372,7,1804.00,423.00,116.00,603.00,1.0,-1,-1,-1
372,8,1278.00,328.00,42.00,123.00,1.0,-1,-1,-1
372,9,0.00,0.00,0.00,0.00,1.0,-1,-1,-1
372,10,843.00,327.00,44.00,142.00,1.0,-1,-1,-1
372,11,0.00,0.00,0.00,0.00,1.0,-1,-1,-1
372,12,332.00,284.00,132.00,163.00,1.0,-1,-1,-1
372,13,0.00,0.00,0.00,0.00,1.0,-1,-1,-1
372,14,1081.00,312.00,60.00,168.00,1.0,-1,-1,-1
372,15,519.00,268.00,128.00,373.00,1.0,-1,-1,-1
372,16,0.00,0.00,0.00,0.00,1.0,-1,-1,-1
372,17,915.00,328.00,44.00,139.00,1.0,-1,-1,-1
373,0,1165.00,334.00,737.00,335.00,1.0,-1,-1,-1
373,1,0.00,0.00,0.00,0.00,1.0,-1,-1,-1
373,2,0.00,0.00,0.00,0.00,1.0,-1,-1,-1
373,3,0.00,0.00,0.00,0.00,1.0,-1,-1,-1
373,4,461.00,320.00,48.00,96.00,1.0,-1,-1,-1
373,5,0.00,0.00,0.00,0.00,1.0,-1,-1,-1
373,6,0.00,0.00,0.00,0.00,1.0,-1,-1,-1
373,7,1809.00,425.00,111.00,610.00,1.0,-1,-1,-1
373,8,1293.00,326.00,33.00,122.00,1.0,-1,-1,-1
373,9,0.00,0.00,0.00,0.00,1.0,-1,-1,-1
373,10,841.00,325.00,49.00,141.00,1.0,-1,-1,-1
373,11,0.00,0.00,0.00,0.00,1.0,-1,-1,-1
373,12,341.00,283.00,129.00,163.00,1.0,-1,-1,-1
373,13,0.00,0.00,0.00,0.00,1.0,-1,-1,-1
373,14,1085.00,311.00,63.00,168.00,1.0,-1,-1,-1
373,15,520.00,267.00,122.00,374.00,1.0,-1,-1,-1
373,16,0.00,0.00,0.00,0.00,1.0,-1,-1,-1
373,17,919.00,327.00,45.00,137.00,1.0,-1,-1,-1
374,0,1170.00,331.00,732.00,141.00,1.0,-1,-1,-1
374,1,0.00,0.00,0.00,0.00,1.0,-1,-1,-1
374,2,0.00,0.00,0.00,0.00,1.0,-1,-1,-1
374,3,0.00,0.00,0.00,0.00,1.0,-1,-1,-1
374,4,0.00,0.00,0.00,0.00,1.0,-1,-1,-1
374,5,0.00,0.00,0.00,0.00,1.0,-1,-1,-1
374,6,0.00,0.00,0.00,0.00,1.0,-1,-1,-1
374,7,1814.00,431.00,106.00,613.00,1.0,-1,-1,-1
374,8,1300.00,322.00,34.00,121.00,1.0,-1,-1,-1
374,9,0.00,0.00,0.00,0.00,1.0,-1,-1,-1
374,10,849.00,320.00,48.00,143.00,1.0,-1,-1,-1
374,11,0.00,0.00,0.00,0.00,1.0,-1,-1,-1
374,12,354.00,278.00,134.00,166.00,1.0,-1,-1,-1
374,13,0.00,0.00,0.00,0.00,1.0,-1,-1,-1
374,14,1091.00,308.00,63.00,169.00,1.0,-1,-1,-1
374,15,516.00,264.00,126.00,377.00,1.0,-1,-1,-1
374,16,0.00,0.00,0.00,0.00,1.0,-1,-1,-1
374,17,921.00,324.00,46.00,137.00,1.0,-1,-1,-1
375,0,1173.00,329.00,55.00,140.00,1.0,-1,-1,-1
375,1,0.00,0.00,0.00,0.00,1.0,-1,-1,-1
375,2,0.00,0.00,0.00,0.00,1.0,-1,-1,-1
375,3,0.00,0.00,0.00,0.00,1.0,-1,-1,-1
375,4,0.00,0.00,0.00,0.00,1.0,-1,-1,-1
375,5,0.00,0.00,0.00,0.00,1.0,-1,-1,-1
375,6,0.00,0.00,0.00,0.00,1.0,-1,-1,-1
375,7,1811.00,434.00,109.00,616.00,1.0,-1,-1,-1
375,8,1304.00,320.00,34.00,123.00,1.0,-1,-1,-1
375,9,0.00,0.00,0.00,0.00,1.0,-1,-1,-1
375,10,853.00,316.00,47.00,146.00,1.0,-1,-1,-1
375,11,0.00,0.00,0.00,0.00,1.0,-1,-1,-1
375,12,359.00,277.00,133.00,167.00,1.0,-1,-1,-1
375,13,0.00,0.00,0.00,0.00,1.0,-1,-1,-1
375,14,1094.00,305.00,64.00,170.00,1.0,-1,-1,-1
375,15,509.00,263.00,128.00,381.00,1.0,-1,-1,-1
375,16,0.00,0.00,0.00,0.00,1.0,-1,-1,-1
375,17,922.00,322.00,48.00,139.00,1.0,-1,-1,-1
376,0,1177.00,327.00,52.00,140.00,1.0,-1,-1,-1
376,1,0.00,0.00,0.00,0.00,1.0,-1,-1,-1
376,2,0.00,0.00,0.00,0.00,1.0,-1,-1,-1
376,3,0.00,0.00,0.00,0.00,1.0,-1,-1,-1
376,4,0.00,0.00,0.00,0.00,1.0,-1,-1,-1
376,5,0.00,0.00,0.00,0.00,1.0,-1,-1,-1
376,6,0.00,0.00,0.00,0.00,1.0,-1,-1,-1
376,7,1813.00,438.00,107.00,616.00,1.0,-1,-1,-1
376,8,1309.00,318.00,34.00,123.00,1.0,-1,-1,-1
376,9,0.00,0.00,0.00,0.00,1.0,-1,-1,-1
376,10,855.00,310.00,48.00,149.00,1.0,-1,-1,-1
376,11,0.00,0.00,0.00,0.00,1.0,-1,-1,-1
376,12,364.00,274.00,128.00,168.00,1.0,-1,-1,-1
376,13,0.00,0.00,0.00,0.00,1.0,-1,-1,-1
376,14,1097.00,303.00,64.00,169.00,1.0,-1,-1,-1
376,15,492.00,261.00,140.00,383.00,1.0,-1,-1,-1
376,16,0.00,0.00,0.00,0.00,1.0,-1,-1,-1
376,17,924.00,320.00,47.00,137.00,1.0,-1,-1,-1
377,0,1186.00,317.00,51.00,142.00,1.0,-1,-1,-1
377,1,0.00,0.00,0.00,0.00,1.0,-1,-1,-1
377,2,0.00,0.00,0.00,0.00,1.0,-1,-1,-1
377,3,0.00,0.00,0.00,0.00,1.0,-1,-1,-1
377,4,0.00,0.00,0.00,0.00,1.0,-1,-1,-1
377,5,0.00,0.00,0.00,0.00,1.0,-1,-1,-1
377,6,0.00,0.00,0.00,0.00,1.0,-1,-1,-1
377,7,1806.00,487.00,114.00,556.00,1.0,-1,-1,-1
377,8,1319.00,310.00,34.00,123.00,1.0,-1,-1,-1
377,9,0.00,0.00,0.00,0.00,1.0,-1,-1,-1
377,10,858.00,302.00,46.00,147.00,1.0,-1,-1,-1
377,11,0.00,0.00,0.00,0.00,1.0,-1,-1,-1
377,12,372.00,267.00,129.00,169.00,1.0,-1,-1,-1
377,13,0.00,0.00,0.00,0.00,1.0,-1,-1,-1
377,14,1105.00,295.00,63.00,169.00,1.0,-1,-1,-1
377,15,468.00,256.00,152.00,394.00,1.0,-1,-1,-1
377,16,0.00,0.00,0.00,0.00,1.0,-1,-1,-1
377,17,932.00,311.00,45.00,141.00,1.0,-1,-1,-1
378,0,1188.00,315.00,53.00,140.00,1.0,-1,-1,-1
378,1,0.00,0.00,0.00,0.00,1.0,-1,-1,-1
378,2,0.00,0.00,0.00,0.00,1.0,-1,-1,-1
378,3,0.00,0.00,0.00,0.00,1.0,-1,-1,-1
378,4,572.00,306.00,56.00,75.00,1.0,-1,-1,-1
378,5,0.00,0.00,0.00,0.00,1.0,-1,-1,-1
378,6,0.00,0.00,0.00,0.00,1.0,-1,-1,-1
378,7,1807.00,504.00,113.00,541.00,1.0,-1,-1,-1
378,8,1322.00,306.00,38.00,125.00,1.0,-1,-1,-1
378,9,0.00,0.00,0.00,0.00,1.0,-1,-1,-1
378,10,860.00,300.00,47.00,149.00,1.0,-1,-1,-1
378,11,0.00,0.00,0.00,0.00,1.0,-1,-1,-1
378,12,375.00,265.00,131.00,171.00,1.0,-1,-1,-1
378,13,0.00,0.00,0.00,0.00,1.0,-1,-1,-1
378,14,1107.00,293.00,61.00,170.00,1.0,-1,-1,-1
378,15,468.00,253.00,151.00,401.00,1.0,-1,-1,-1
378,16,0.00,0.00,0.00,0.00,1.0,-1,-1,-1
378,17,935.00,308.00,44.00,142.00,1.0,-1,-1,-1
379,0,1189.00,314.00,53.00,140.00,1.0,-1,-1,-1
379,1,0.00,0.00,0.00,0.00,1.0,-1,-1,-1
379,2,0.00,0.00,0.00,0.00,1.0,-1,-1,-1
379,3,0.00,0.00,0.00,0.00,1.0,-1,-1,-1
379,4,591.00,309.00,40.00,70.00,1.0,-1,-1,-1
379,5,0.00,0.00,0.00,0.00,1.0,-1,-1,-1
379,6,0.00,0.00,0.00,0.00,1.0,-1,-1,-1
379,7,1815.00,518.00,105.00,528.00,1.0,-1,-1,-1
379,8,1325.00,307.00,38.00,126.00,1.0,-1,-1,-1
379,9,0.00,0.00,0.00,0.00,1.0,-1,-1,-1
379,10,861.00,300.00,48.00,148.00,1.0,-1,-1,-1
379,11,0.00,0.00,0.00,0.00,1.0,-1,-1,-1
379,12,377.00,266.00,130.00,171.00,1.0,-1,-1,-1
379,13,0.00,0.00,0.00,0.00,1.0,-1,-1,-1
379,14,1110.00,292.00,60.00,171.00,1.0,-1,-1,-1
379,15,474.00,253.00,145.00,404.00,1.0,-1,-1,-1
379,16,0.00,0.00,0.00,0.00,1.0,-1,-1,-1
379,17,936.00,308.00,44.00,142.00,1.0,-1,-1,-1
380,0,1192.00,312.00,52.00,141.00,1.0,-1,-1,-1
380,1,0.00,0.00,0.00,0.00,1.0,-1,-1,-1
380,2,0.00,0.00,0.00,0.00,1.0,-1,-1,-1
380,3,0.00,0.00,0.00,0.00,1.0,-1,-1,-1
380,4,594.00,307.00,38.00,71.00,1.0,-1,-1,-1
380,5,0.00,0.00,0.00,0.00,1.0,-1,-1,-1
380,6,0.00,0.00,0.00,0.00,1.0,-1,-1,-1
380,7,1829.00,536.00,91.00,376.00,1.0,-1,-1,-1
380,8,1329.00,308.00,38.00,123.00,1.0,-1,-1,-1
380,9,0.00,0.00,0.00,0.00,1.0,-1,-1,-1
380,10,863.00,300.00,47.00,144.00,1.0,-1,-1,-1
380,11,0.00,0.00,0.00,0.00,1.0,-1,-1,-1
380,12,381.00,265.00,119.00,172.00,1.0,-1,-1,-1
380,13,0.00,0.00,0.00,0.00,1.0,-1,-1,-1
380,14,1114.00,291.00,64.00,171.00,1.0,-1,-1,-1
380,15,474.00,250.00,143.00,413.00,1.0,-1,-1,-1
380,16,0.00,0.00,0.00,0.00,1.0,-1,-1,-1
380,17,939.00,309.00,44.00,141.00,1.0,-1,-1,-1
381,0,1194.00,312.00,54.00,141.00,1.0,-1,-1,-1
381,1,0.00,0.00,0.00,0.00,1.0,-1,-1,-1
381,2,0.00,0.00,0.00,0.00,1.0,-1,-1,-1
381,3,0.00,0.00,0.00,0.00,1.0,-1,-1,-1
381,4,598.00,309.00,38.00,71.00,1.0,-1,-1,-1
381,5,0.00,0.00,0.00,0.00,1.0,-1,-1,-1
381,6,0.00,0.00,0.00,0.00,1.0,-1,-1,-1
381,7,1845.00,553.00,75.00,527.00,1.0,-1,-1,-1
381,8,1332.00,307.00,40.00,124.00,1.0,-1,-1,-1
381,9,0.00,0.00,0.00,0.00,1.0,-1,-1,-1
381,10,866.00,299.00,47.00,146.00,1.0,-1,-1,-1
381,11,0.00,0.00,0.00,0.00,1.0,-1,-1,-1
381,12,385.00,267.00,111.00,173.00,1.0,-1,-1,-1
381,13,0.00,0.00,0.00,0.00,1.0,-1,-1,-1
381,14,1117.00,292.00,65.00,172.00,1.0,-1,-1,-1
381,15,470.00,250.00,141.00,417.00,1.0,-1,-1,-1
381,16,0.00,0.00,0.00,0.00,1.0,-1,-1,-1
381,17,940.00,309.00,46.00,140.00,1.0,-1,-1,-1
382,0,1195.00,314.00,55.00,141.00,1.0,-1,-1,-1
382,1,0.00,0.00,0.00,0.00,1.0,-1,-1,-1
382,2,0.00,0.00,0.00,0.00,1.0,-1,-1,-1
382,3,0.00,0.00,0.00,0.00,1.0,-1,-1,-1
382,4,600.00,310.00,40.00,75.00,1.0,-1,-1,-1
382,5,0.00,0.00,0.00,0.00,1.0,-1,-1,-1
382,6,0.00,0.00,0.00,0.00,1.0,-1,-1,-1
382,7,1833.00,653.00,87.00,415.00,1.0,-1,-1,-1
382,8,1338.00,309.00,42.00,124.00,1.0,-1,-1,-1
382,9,0.00,0.00,0.00,0.00,1.0,-1,-1,-1
382,10,868.00,303.00,47.00,142.00,1.0,-1,-1,-1
382,11,0.00,0.00,0.00,0.00,1.0,-1,-1,-1
382,12,385.00,267.00,108.00,173.00,1.0,-1,-1,-1
382,13,0.00,0.00,0.00,0.00,1.0,-1,-1,-1
382,14,1121.00,294.00,65.00,172.00,1.0,-1,-1,-1
382,15,464.00,246.00,132.00,425.00,1.0,-1,-1,-1
382,16,0.00,0.00,0.00,0.00,1.0,-1,-1,-1
382,17,941.00,311.00,47.00,136.00,1.0,-1,-1,-1
383,0,1196.00,316.00,55.00,140.00,1.0,-1,-1,-1
383,1,0.00,0.00,0.00,0.00,1.0,-1,-1,-1
383,2,0.00,0.00,0.00,0.00,1.0,-1,-1,-1
383,3,0.00,0.00,0.00,0.00,1.0,-1,-1,-1
383,4,601.00,312.00,39.00,74.00,1.0,-1,-1,-1
383,5,0.00,0.00,0.00,0.00,1.0,-1,-1,-1
383,6,0.00,0.00,0.00,0.00,1.0,-1,-1,-1
383,7,1816.00,751.00,104.00,311.00,1.0,-1,-1,-1
383,8,1341.00,311.00,43.00,124.00,1.0,-1,-1,-1
383,9,0.00,0.00,0.00,0.00,1.0,-1,-1,-1
383,10,868.00,305.00,47.00,150.00,1.0,-1,-1,-1
383,11,0.00,0.00,0.00,0.00,1.0,-1,-1,-1
383,12,395.00,270.00,89.00,171.00,1.0,-1,-1,-1
383,13,0.00,0.00,0.00,0.00,1.0,-1,-1,-1
383,14,1123.00,295.00,64.00,173.00,1.0,-1,-1,-1
383,15,451.00,247.00,136.00,431.00,1.0,-1,-1,-1
383,16,0.00,0.00,0.00,0.00,1.0,-1,-1,-1
383,17,941.00,314.00,48.00,136.00,1.0,-1,-1,-1
384,0,1197.00,320.00,54.00,138.00,1.0,-1,-1,-1
384,1,0.00,0.00,0.00,0.00,1.0,-1,-1,-1
384,2,0.00,0.00,0.00,0.00,1.0,-1,-1,-1
384,3,0.00,0.00,0.00,0.00,1.0,-1,-1,-1
384,4,600.00,315.00,42.00,75.00,1.0,-1,-1,-1
384,5,0.00,0.00,0.00,0.00,1.0,-1,-1,-1
384,6,0.00,0.00,0.00,0.00,1.0,-1,-1,-1
384,7,1806.00,788.00,114.00,252.00,1.0,-1,-1,-1
384,8,1344.00,313.00,41.00,125.00,1.0,-1,-1,-1
384,9,0.00,0.00,0.00,0.00,1.0,-1,-1,-1
384,10,868.00,307.00,48.00,144.00,1.0,-1,-1,-1
384,11,0.00,0.00,0.00,0.00,1.0,-1,-1,-1
384,12,396.00,269.00,75.00,173.00,1.0,-1,-1,-1
384,13,0.00,0.00,0.00,0.00,1.0,-1,-1,-1
384,14,1124.00,297.00,65.00,172.00,1.0,-1,-1,-1
384,15,433.00,246.00,138.00,436.00,1.0,-1,-1,-1
384,16,0.00,0.00,0.00,0.00,1.0,-1,-1,-1
384,17,942.00,315.00,47.00,136.00,1.0,-1,-1,-1
385,0,1200.00,321.00,55.00,141.00,1.0,-1,-1,-1
385,1,0.00,0.00,0.00,0.00,1.0,-1,-1,-1
385,2,0.00,0.00,0.00,0.00,1.0,-1,-1,-1
385,3,0.00,0.00,0.00,0.00,1.0,-1,-1,-1
385,4,604.00,316.00,40.00,73.00,1.0,-1,-1,-1
385,5,0.00,0.00,0.00,0.00,1.0,-1,-1,-1
385,6,0.00,0.00,0.00,0.00,1.0,-1,-1,-1
385,7,1795.00,832.00,125.00,203.00,1.0,-1,-1,-1
385,8,1349.00,309.00,42.00,129.00,1.0,-1,-1,-1
385,9,0.00,0.00,0.00,0.00,1.0,-1,-1,-1
385,10,870.00,307.00,50.00,148.00,1.0,-1,-1,-1
385,11,0.00,0.00,0.00,0.00,1.0,-1,-1,-1
385,12,404.00,269.00,65.00,174.00,1.0,-1,-1,-1
385,13,0.00,0.00,0.00,0.00,1.0,-1,-1,-1
385,14,1129.00,297.00,65.00,175.00,1.0,-1,-1,-1
385,15,422.00,243.00,136.00,441.00,1.0,-1,-1,-1
385,16,0.00,0.00,0.00,0.00,1.0,-1,-1,-1
385,17,947.00,315.00,47.00,137.00,1.0,-1,-1,-1
386,0,1199.00,321.00,53.00,141.00,1.0,-1,-1,-1
386,1,0.00,0.00,0.00,0.00,1.0,-1,-1,-1
386,2,0.00,0.00,0.00,0.00,1.0,-1,-1,-1
386,3,0.00,0.00,0.00,0.00,1.0,-1,-1,-1
386,4,603.00,317.00,40.00,72.00,1.0,-1,-1,-1
386,5,0.00,0.00,0.00,0.00,1.0,-1,-1,-1
386,6,0.00,0.00,0.00,0.00,1.0,-1,-1,-1
386,7,1792.00,787.00,128.00,254.00,1.0,-1,-1,-1
386,8,1353.00,315.00,39.00,121.00,1.0,-1,-1,-1
386,9,0.00,0.00,0.00,0.00,1.0,-1,-1,-1
386,10,869.00,308.00,49.00,150.00,1.0,-1,-1,-1
386,11,0.00,0.00,0.00,0.00,1.0,-1,-1,-1
386,12,405.00,269.00,52.00,137.00,1.0,-1,-1,-1
386,13,0.00,0.00,0.00,0.00,1.0,-1,-1,-1
386,14,1129.00,298.00,65.00,174.00,1.0,-1,-1,-1
386,15,414.00,241.00,134.00,447.00,1.0,-1,-1,-1
386,16,0.00,0.00,0.00,0.00,1.0,-1,-1,-1
386,17,947.00,317.00,45.00,136.00,1.0,-1,-1,-1
387,0,1199.00,325.00,54.00,140.00,1.0,-1,-1,-1
387,1,0.00,0.00,0.00,0.00,1.0,-1,-1,-1
387,2,0.00,0.00,0.00,0.00,1.0,-1,-1,-1
387,3,0.00,0.00,0.00,0.00,1.0,-1,-1,-1
387,4,602.00,319.00,41.00,72.00,1.0,-1,-1,-1
387,5,0.00,0.00,0.00,0.00,1.0,-1,-1,-1
387,6,0.00,0.00,0.00,0.00,1.0,-1,-1,-1
387,7,1811.00,754.00,109.00,315.00,1.0,-1,-1,-1
387,8,1363.00,316.00,32.00,124.00,1.0,-1,-1,-1
387,9,0.00,0.00,0.00,0.00,1.0,-1,-1,-1
387,10,869.00,310.00,49.00,152.00,1.0,-1,-1,-1
387,11,0.00,0.00,0.00,0.00,1.0,-1,-1,-1
387,12,406.00,267.00,29.00,71.00,1.0,-1,-1,-1
387,13,0.00,0.00,0.00,0.00,1.0,-1,-1,-1
387,14,1130.00,302.00,67.00,173.00,1.0,-1,-1,-1
387,15,368.00,241.00,164.00,466.00,1.0,-1,-1,-1
387,16,0.00,0.00,0.00,0.00,1.0,-1,-1,-1
387,17,946.00,319.00,47.00,135.00,1.0,-1,-1,-1
388,0,1197.00,325.00,54.00,141.00,1.0,-1,-1,-1
388,1,0.00,0.00,0.00,0.00,1.0,-1,-1,-1
388,2,0.00,0.00,0.00,0.00,1.0,-1,-1,-1
388,3,0.00,0.00,0.00,0.00,1.0,-1,-1,-1
388,4,602.00,317.00,40.00,74.00,1.0,-1,-1,-1
388,5,0.00,0.00,0.00,0.00,1.0,-1,-1,-1
388,6,0.00,0.00,0.00,0.00,1.0,-1,-1,-1
388,7,1820.00,727.00,100.00,353.00,1.0,-1,-1,-1
388,8,1366.00,318.00,30.00,124.00,1.0,-1,-1,-1
388,9,0.00,0.00,0.00,0.00,1.0,-1,-1,-1
388,10,866.00,308.00,51.00,152.00,1.0,-1,-1,-1
388,11,0.00,0.00,0.00,0.00,1.0,-1,-1,-1
388,12,412.00,294.00,96.00,279.00,1.0,-1,-1,-1
388,13,0.00,0.00,0.00,0.00,1.0,-1,-1,-1
388,14,1130.00,302.00,68.00,174.00,1.0,-1,-1,-1
388,15,340.00,240.00,181.00,476.00,1.0,-1,-1,-1
388,16,0.00,0.00,0.00,0.00,1.0,-1,-1,-1
388,17,944.00,318.00,48.00,138.00,1.0,-1,-1,-1
389,0,1195.00,325.00,53.00,139.00,1.0,-1,-1,-1
389,1,0.00,0.00,0.00,0.00,1.0,-1,-1,-1
389,2,0.00,0.00,0.00,0.00,1.0,-1,-1,-1
389,3,0.00,0.00,0.00,0.00,1.0,-1,-1,-1
389,4,600.00,317.00,41.00,74.00,1.0,-1,-1,-1
389,5,0.00,0.00,0.00,0.00,1.0,-1,-1,-1
389,6,0.00,0.00,0.00,0.00,1.0,-1,-1,-1
389,7,1829.00,703.00,91.00,377.00,1.0,-1,-1,-1
389,8,1373.00,320.00,22.00,123.00,1.0,-1,-1,-1
389,9,0.00,0.00,0.00,0.00,1.0,-1,-1,-1
389,10,865.00,307.00,50.00,151.00,1.0,-1,-1,-1
389,11,0.00,0.00,0.00,0.00,1.0,-1,-1,-1
389,12,445.00,294.00,63.00,281.00,1.0,-1,-1,-1
389,13,0.00,0.00,0.00,0.00,1.0,-1,-1,-1
389,14,1129.00,302.00,67.00,175.00,1.0,-1,-1,-1
389,15,319.00,240.00,191.00,483.00,1.0,-1,-1,-1
389,16,0.00,0.00,0.00,0.00,1.0,-1,-1,-1
389,17,943.00,319.00,46.00,137.00,1.0,-1,-1,-1
390,0,1194.00,322.00,53.00,139.00,1.0,-1,-1,-1
390,1,0.00,0.00,0.00,0.00,1.0,-1,-1,-1
390,2,0.00,0.00,0.00,0.00,1.0,-1,-1,-1
390,3,0.00,0.00,0.00,0.00,1.0,-1,-1,-1
390,4,599.00,314.00,41.00,74.00,1.0,-1,-1,-1
390,5,0.00,0.00,0.00,0.00,1.0,-1,-1,-1
390,6,0.00,0.00,0.00,0.00,1.0,-1,-1,-1
390,7,1839.00,691.00,81.00,389.00,1.0,-1,-1,-1
390,8,1375.00,322.00,21.00,120.00,1.0,-1,-1,-1
390,9,0.00,0.00,0.00,0.00,1.0,-1,-1,-1
390,10,864.00,304.00,50.00,152.00,1.0,-1,-1,-1
390,11,0.00,0.00,0.00,0.00,1.0,-1,-1,-1
390,12,433.00,287.00,68.00,279.00,1.0,-1,-1,-1
390,13,0.00,0.00,0.00,0.00,1.0,-1,-1,-1
390,14,1128.00,300.00,66.00,176.00,1.0,-1,-1,-1
390,15,301.00,239.00,200.00,483.00,1.0,-1,-1,-1
390,16,0.00,0.00,0.00,0.00,1.0,-1,-1,-1
390,17,940.00,317.00,45.00,138.00,1.0,-1,-1,-1
391,0,1193.00,320.00,53.00,139.00,1.0,-1,-1,-1
391,1,0.00,0.00,0.00,0.00,1.0,-1,-1,-1
391,2,0.00,0.00,0.00,0.00,1.0,-1,-1,-1
391,3,0.00,0.00,0.00,0.00,1.0,-1,-1,-1
391,4,598.00,312.00,41.00,75.00,1.0,-1,-1,-1
391,5,0.00,0.00,0.00,0.00,1.0,-1,-1,-1
391,6,0.00,0.00,0.00,0.00,1.0,-1,-1,-1
391,7,1848.00,686.00,72.00,394.00,1.0,-1,-1,-1
391,8,1375.00,329.00,21.00,113.00,1.0,-1,-1,-1
391,9,0.00,0.00,0.00,0.00,1.0,-1,-1,-1
391,10,864.00,303.00,49.00,153.00,1.0,-1,-1,-1
391,11,0.00,0.00,0.00,0.00,1.0,-1,-1,-1
391,12,417.00,263.00,81.00,303.00,1.0,-1,-1,-1
391,13,0.00,0.00,0.00,0.00,1.0,-1,-1,-1
391,14,1128.00,299.00,65.00,176.00,1.0,-1,-1,-1
391,15,281.00,237.00,212.00,486.00,1.0,-1,-1,-1
391,16,0.00,0.00,0.00,0.00,1.0,-1,-1,-1
391,17,938.00,316.00,45.00,139.00,1.0,-1,-1,-1
392,0,1192.00,318.00,52.00,142.00,1.0,-1,-1,-1
392,1,0.00,0.00,0.00,0.00,1.0,-1,-1,-1
392,2,0.00,0.00,0.00,0.00,1.0,-1,-1,-1
392,3,0.00,0.00,0.00,0.00,1.0,-1,-1,-1
392,4,597.00,311.00,42.00,75.00,1.0,-1,-1,-1
392,5,0.00,0.00,0.00,0.00,1.0,-1,-1,-1
392,6,0.00,0.00,0.00,0.00,1.0,-1,-1,-1
392,7,1871.00,718.00,49.00,362.00,1.0,-1,-1,-1
392,8,1375.00,341.00,22.00,100.00,1.0,-1,-1,-1
392,9,0.00,0.00,0.00,0.00,1.0,-1,-1,-1
392,10,863.00,303.00,48.00,152.00,1.0,-1,-1,-1
392,11,0.00,0.00,0.00,0.00,1.0,-1,-1,-1
392,12,395.00,266.00,92.00,301.00,1.0,-1,-1,-1
392,13,0.00,0.00,0.00,0.00,1.0,-1,-1,-1
392,14,1128.00,298.00,64.00,176.00,1.0,-1,-1,-1
392,15,248.00,236.00,223.00,508.00,1.0,-1,-1,-1
392,16,0.00,0.00,0.00,0.00,1.0,-1,-1,-1
392,17,938.00,316.00,43.00,138.00,1.0,-1,-1,-1
393,0,1194.00,316.00,51.00,142.00,1.0,-1,-1,-1
393,1,0.00,0.00,0.00,0.00,1.0,-1,-1,-1
393,2,0.00,0.00,0.00,0.00,1.0,-1,-1,-1
393,3,0.00,0.00,0.00,0.00,1.0,-1,-1,-1
393,4,597.00,308.00,42.00,76.00,1.0,-1,-1,-1
393,5,0.00,0.00,0.00,0.00,1.0,-1,-1,-1
393,6,0.00,0.00,0.00,0.00,1.0,-1,-1,-1
393,7,1887.00,1053.00,33.00,27.00,1.0,-1,-1,-1
393,8,1376.00,345.00,23.00,95.00,1.0,-1,-1,-1
393,9,0.00,0.00,0.00,0.00,1.0,-1,-1,-1
393,10,863.00,302.00,48.00,150.00,1.0,-1,-1,-1
393,11,0.00,0.00,0.00,0.00,1.0,-1,-1,-1
393,12,385.00,260.00,99.00,310.00,1.0,-1,-1,-1
393,13,0.00,0.00,0.00,0.00,1.0,-1,-1,-1
393,14,1128.00,297.00,62.00,178.00,1.0,-1,-1,-1
393,15,235.00,232.00,226.00,517.00,1.0,-1,-1,-1
393,16,0.00,0.00,0.00,0.00,1.0,-1,-1,-1
393,17,935.00,312.00,47.00,142.00,1.0,-1,-1,-1
393,18,545.00,307.00,54.00,99.00,1.0,-1,-1,-1
394,0,1193.00,316.00,52.00,142.00,1.0,-1,-1,-1
394,1,0.00,0.00,0.00,0.00,1.0,-1,-1,-1
394,2,0.00,0.00,0.00,0.00,1.0,-1,-1,-1
394,3,0.00,0.00,0.00,0.00,1.0,-1,-1,-1
394,4,597.00,308.00,42.00,76.00,1.0,-1,-1,-1
394,5,0.00,0.00,0.00,0.00,1.0,-1,-1,-1
394,6,0.00,0.00,0.00,0.00,1.0,-1,-1,-1
394,7,1903.00,1063.00,17.00,17.00,1.0,-1,-1,-1
394,8,1376.00,341.00,25.00,100.00,1.0,-1,-1,-1
394,9,0.00,0.00,0.00,0.00,1.0,-1,-1,-1
394,10,863.00,302.00,47.00,149.00,1.0,-1,-1,-1
394,11,0.00,0.00,0.00,0.00,1.0,-1,-1,-1
394,12,379.00,259.00,101.00,314.00,1.0,-1,-1,-1
394,13,0.00,0.00,0.00,0.00,1.0,-1,-1,-1
394,14,1129.00,296.00,62.00,178.00,1.0,-1,-1,-1
394,15,224.00,227.00,224.00,525.00,1.0,-1,-1,-1
394,16,0.00,0.00,0.00,0.00,1.0,-1,-1,-1
394,17,937.00,314.00,45.00,139.00,1.0,-1,-1,-1
394,18,543.00,306.00,55.00,100.00,1.0,-1,-1,-1
395,0,1191.00,318.00,53.00,140.00,1.0,-1,-1,-1
395,1,0.00,0.00,0.00,0.00,1.0,-1,-1,-1
395,2,0.00,0.00,0.00,0.00,1.0,-1,-1,-1
395,3,0.00,0.00,0.00,0.00,1.0,-1,-1,-1
395,4,597.00,310.00,42.00,75.00,1.0,-1,-1,-1
395,5,0.00,0.00,0.00,0.00,1.0,-1,-1,-1
395,6,0.00,0.00,0.00,0.00,1.0,-1,-1,-1
395,7,0.00,0.00,0.00,0.00,1.0,-1,-1,-1
395,8,1380.00,342.00,23.00,100.00,1.0,-1,-1,-1
395,9,0.00,0.00,0.00,0.00,1.0,-1,-1,-1
395,10,863.00,303.00,46.00,149.00,1.0,-1,-1,-1
395,11,0.00,0.00,0.00,0.00,1.0,-1,-1,-1
395,12,377.00,260.00,101.00,315.00,1.0,-1,-1,-1
395,13,0.00,0.00,0.00,0.00,1.0,-1,-1,-1
395,14,1130.00,298.00,62.00,177.00,1.0,-1,-1,-1
395,15,213.00,223.00,222.00,534.00,1.0,-1,-1,-1
395,16,0.00,0.00,0.00,0.00,1.0,-1,-1,-1
395,17,936.00,315.00,46.00,138.00,1.0,-1,-1,-1
395,18,542.00,307.00,55.00,101.00,1.0,-1,-1,-1
396,0,1191.00,317.00,53.00,140.00,1.0,-1,-1,-1
396,1,0.00,0.00,0.00,0.00,1.0,-1,-1,-1
396,2,0.00,0.00,0.00,0.00,1.0,-1,-1,-1
396,3,0.00,0.00,0.00,0.00,1.0,-1,-1,-1
396,4,598.00,310.00,42.00,73.00,1.0,-1,-1,-1
396,5,0.00,0.00,0.00,0.00,1.0,-1,-1,-1
396,6,0.00,0.00,0.00,0.00,1.0,-1,-1,-1
396,7,0.00,0.00,0.00,0.00,1.0,-1,-1,-1
396,8,1367.00,345.00,36.00,96.00,1.0,-1,-1,-1
396,9,0.00,0.00,0.00,0.00,1.0,-1,-1,-1
396,10,862.00,303.00,47.00,148.00,1.0,-1,-1,-1
396,11,0.00,0.00,0.00,0.00,1.0,-1,-1,-1
396,12,372.00,258.00,104.00,316.00,1.0,-1,-1,-1
396,13,0.00,0.00,0.00,0.00,1.0,-1,-1,-1
396,14,1130.00,296.00,64.00,179.00,1.0,-1,-1,-1
396,15,207.00,218.00,210.00,540.00,1.0,-1,-1,-1
396,16,0.00,0.00,0.00,0.00,1.0,-1,-1,-1
396,17,935.00,311.00,48.00,140.00,1.0,-1,-1,-1
396,18,542.00,305.00,56.00,101.00,1.0,-1,-1,-1
397,0,1196.00,319.00,51.00,140.00,1.0,-1,-1,-1
397,1,0.00,0.00,0.00,0.00,1.0,-1,-1,-1
397,2,0.00,0.00,0.00,0.00,1.0,-1,-1,-1
397,3,0.00,0.00,0.00,0.00,1.0,-1,-1,-1
397,4,600.00,310.00,43.00,70.00,1.0,-1,-1,-1
397,5,0.00,0.00,0.00,0.00,1.0,-1,-1,-1
397,6,0.00,0.00,0.00,0.00,1.0,-1,-1,-1
397,7,1897.00,986.00,23.00,48.00,1.0,-1,-1,-1
397,8,0.00,0.00,0.00,0.00,1.0,-1,-1,-1
397,9,0.00,0.00,0.00,0.00,1.0,-1,-1,-1
397,10,863.00,302.00,46.00,157.00,1.0,-1,-1,-1
397,11,0.00,0.00,0.00,0.00,1.0,-1,-1,-1
397,12,371.00,258.00,96.00,315.00,1.0,-1,-1,-1
397,13,0.00,0.00,0.00,0.00,1.0,-1,-1,-1
397,14,1139.00,296.00,60.00,178.00,1.0,-1,-1,-1
397,15,197.00,209.00,162.00,557.00,1.0,-1,-1,-1
397,16,0.00,0.00,0.00,0.00,1.0,-1,-1,-1
397,17,934.00,309.00,53.00,141.00,1.0,-1,-1,-1
397,18,544.00,308.00,55.00,98.00,1.0,-1,-1,-1
398,0,1200.00,320.00,51.00,140.00,1.0,-1,-1,-1
398,1,0.00,0.00,0.00,0.00,1.0,-1,-1,-1
398,2,0.00,0.00,0.00,0.00,1.0,-1,-1,-1
398,3,0.00,0.00,0.00,0.00,1.0,-1,-1,-1
398,4,607.00,312.00,41.00,71.00,1.0,-1,-1,-1
398,5,0.00,0.00,0.00,0.00,1.0,-1,-1,-1
398,6,0.00,0.00,0.00,0.00,1.0,-1,-1,-1
398,7,1880.00,951.00,40.00,84.00,1.0,-1,-1,-1
398,8,1396.00,370.00,18.00,74.00,1.0,-1,-1,-1
398,9,0.00,0.00,0.00,0.00,1.0,-1,-1,-1
398,10,863.00,303.00,47.00,155.00,1.0,-1,-1,-1
398,11,0.00,0.00,0.00,0.00,1.0,-1,-1,-1
398,12,369.00,257.00,100.00,317.00,1.0,-1,-1,-1
398,13,0.00,0.00,0.00,0.00,1.0,-1,-1,-1
398,14,1142.00,298.00,63.00,179.00,1.0,-1,-1,-1
398,15,190.00,207.00,143.00,562.00,1.0,-1,-1,-1
398,16,0.00,0.00,0.00,0.00,1.0,-1,-1,-1
398,17,942.00,312.00,49.00,140.00,1.0,-1,-1,-1
398,18,545.00,306.00,55.00,101.00,1.0,-1,-1,-1
399,0,1203.00,318.00,49.00,140.00,1.0,-1,-1,-1
399,1,0.00,0.00,0.00,0.00,1.0,-1,-1,-1
399,2,0.00,0.00,0.00,0.00,1.0,-1,-1,-1
399,3,0.00,0.00,0.00,0.00,1.0,-1,-1,-1
399,4,608.00,311.00,46.00,71.00,1.0,-1,-1,-1
399,5,0.00,0.00,0.00,0.00,1.0,-1,-1,-1
399,6,0.00,0.00,0.00,0.00,1.0,-1,-1,-1
399,7,1873.00,934.00,47.00,111.00,1.0,-1,-1,-1
399,8,0.00,0.00,0.00,0.00,1.0,-1,-1,-1
399,9,0.00,0.00,0.00,0.00,1.0,-1,-1,-1
399,10,865.00,303.00,49.00,158.00,1.0,-1,-1,-1
399,11,0.00,0.00,0.00,0.00,1.0,-1,-1,-1
399,12,360.00,257.00,105.00,315.00,1.0,-1,-1,-1
399,13,0.00,0.00,0.00,0.00,1.0,-1,-1,-1
399,14,1147.00,296.00,59.00,179.00,1.0,-1,-1,-1
399,15,180.00,203.00,142.00,570.00,1.0,-1,-1,-1
399,16,0.00,0.00,0.00,0.00,1.0,-1,-1,-1
399,17,941.00,311.00,57.00,139.00,1.0,-1,-1,-1
399,18,549.00,305.00,51.00,101.00,1.0,-1,-1,-1
400,0,1203.00,316.00,50.00,143.00,1.0,-1,-1,-1
400,1,0.00,0.00,0.00,0.00,1.0,-1,-1,-1
400,2,0.00,0.00,0.00,0.00,1.0,-1,-1,-1
400,3,0.00,0.00,0.00,0.00,1.0,-1,-1,-1
400,4,613.00,310.00,41.00,70.00,1.0,-1,-1,-1
400,5,0.00,0.00,0.00,0.00,1.0,-1,-1,-1
400,6,0.00,0.00,0.00,0.00,1.0,-1,-1,-1
400,7,1876.00,942.00,44.00,108.00,1.0,-1,-1,-1
400,8,0.00,0.00,0.00,0.00,1.0,-1,-1,-1
400,9,0.00,0.00,0.00,0.00,1.0,-1,-1,-1
400,10,864.00,300.00,48.00,167.00,1.0,-1,-1,-1
400,11,0.00,0.00,0.00,0.00,1.0,-1,-1,-1
400,12,366.00,256.00,102.00,319.00,1.0,-1,-1,-1
400,13,0.00,0.00,0.00,0.00,1.0,-1,-1,-1
400,14,1151.00,295.00,58.00,182.00,1.0,-1,-1,-1
400,15,161.00,201.00,146.00,575.00,1.0,-1,-1,-1
400,16,0.00,0.00,0.00,0.00,1.0,-1,-1,-1
400,17,947.00,310.00,55.00,139.00,1.0,-1,-1,-1
400,18,547.00,304.00,54.00,102.00,1.0,-1,-1,-1
401,0,1208.00,315.00,49.00,139.00,1.0,-1,-1,-1
401,1,0.00,0.00,0.00,0.00,1.0,-1,-1,-1
401,2,0.00,0.00,0.00,0.00,1.0,-1,-1,-1
401,3,0.00,0.00,0.00,0.00,1.0,-1,-1,-1
401,4,615.00,308.00,43.00,70.00,1.0,-1,-1,-1
401,5,0.00,0.00,0.00,0.00,1.0,-1,-1,-1
401,6,0.00,0.00,0.00,0.00,1.0,-1,-1,-1
401,7,1878.00,964.00,42.00,82.00,1.0,-1,-1,-1
401,8,0.00,0.00,0.00,0.00,1.0,-1,-1,-1
401,9,0.00,0.00,0.00,0.00,1.0,-1,-1,-1
401,10,867.00,299.00,50.00,163.00,1.0,-1,-1,-1
401,11,0.00,0.00,0.00,0.00,1.0,-1,-1,-1
401,12,368.00,255.00,96.00,317.00,1.0,-1,-1,-1
401,13,0.00,0.00,0.00,0.00,1.0,-1,-1,-1
401,14,1156.00,294.00,56.00,183.00,1.0,-1,-1,-1
401,15,143.00,200.00,159.00,578.00,1.0,-1,-1,-1
401,16,0.00,0.00,0.00,0.00,1.0,-1,-1,-1
401,17,946.00,307.00,56.00,139.00,1.0,-1,-1,-1
401,18,549.00,303.00,55.00,101.00,1.0,-1,-1,-1
402,0,1213.00,308.00,47.00,140.00,1.0,-1,-1,-1
402,1,0.00,0.00,0.00,0.00,1.0,-1,-1,-1
402,2,0.00,0.00,0.00,0.00,1.0,-1,-1,-1
402,3,0.00,0.00,0.00,0.00,1.0,-1,-1,-1
402,4,620.00,302.00,41.00,72.00,1.0,-1,-1,-1
402,5,0.00,0.00,0.00,0.00,1.0,-1,-1,-1
402,6,0.00,0.00,0.00,0.00,1.0,-1,-1,-1
402,7,1889.00,1005.00,31.00,46.00,1.0,-1,-1,-1
402,8,0.00,0.00,0.00,0.00,1.0,-1,-1,-1
402,9,0.00,0.00,0.00,0.00,1.0,-1,-1,-1
402,10,864.00,290.00,53.00,156.00,1.0,-1,-1,-1
402,11,0.00,0.00,0.00,0.00,1.0,-1,-1,-1
402,12,357.00,248.00,113.00,325.00,1.0,-1,-1,-1
402,13,0.00,0.00,0.00,0.00,1.0,-1,-1,-1
402,14,1162.00,289.00,55.00,180.00,1.0,-1,-1,-1
402,15,41.00,193.00,248.00,598.00,1.0,-1,-1,-1
402,16,0.00,0.00,0.00,0.00,1.0,-1,-1,-1
402,17,947.00,303.00,56.00,140.00,1.0,-1,-1,-1
402,18,548.00,297.00,56.00,103.00,1.0,-1,-1,-1
403,0,1213.00,306.00,47.00,140.00,1.0,-1,-1,-1
403,1,0.00,0.00,0.00,0.00,1.0,-1,-1,-1
403,2,0.00,0.00,0.00,0.00,1.0,-1,-1,-1
403,3,0.00,0.00,0.00,0.00,1.0,-1,-1,-1
403,4,620.00,298.00,41.00,73.00,1.0,-1,-1,-1
403,5,0.00,0.00,0.00,0.00,1.0,-1,-1,-1
403,6,0.00,0.00,0.00,0.00,1.0,-1,-1,-1
403,7,1899.00,1014.00,21.00,45.00,1.0,-1,-1,-1
403,8,0.00,0.00,0.00,0.00,1.0,-1,-1,-1
403,9,0.00,0.00,0.00,0.00,1.0,-1,-1,-1
403,10,864.00,288.00,51.00,156.00,1.0,-1,-1,-1
403,11,0.00,0.00,0.00,0.00,1.0,-1,-1,-1
403,12,353.00,246.00,115.00,327.00,1.0,-1,-1,-1
403,13,0.00,0.00,0.00,0.00,1.0,-1,-1,-1
403,14,1163.00,287.00,56.00,180.00,1.0,-1,-1,-1
403,15,0.00,192.00,280.00,604.00,1.0,-1,-1,-1
403,16,0.00,0.00,0.00,0.00,1.0,-1,-1,-1
403,17,948.00,301.00,52.00,140.00,1.0,-1,-1,-1
403,18,546.00,294.00,58.00,103.00,1.0,-1,-1,-1
404,0,1214.00,302.00,48.00,142.00,1.0,-1,-1,-1
404,1,0.00,0.00,0.00,0.00,1.0,-1,-1,-1
404,2,0.00,0.00,0.00,0.00,1.0,-1,-1,-1
404,3,0.00,0.00,0.00,0.00,1.0,-1,-1,-1
404,4,622.00,294.00,39.00,73.00,1.0,-1,-1,-1
404,5,0.00,0.00,0.00,0.00,1.0,-1,-1,-1
404,6,0.00,0.00,0.00,0.00,1.0,-1,-1,-1
404,7,1908.00,1030.00,12.00,31.00,1.0,-1,-1,-1
404,8,0.00,0.00,0.00,0.00,1.0,-1,-1,-1
404,9,0.00,0.00,0.00,0.00,1.0,-1,-1,-1
404,10,864.00,285.00,52.00,154.00,1.0,-1,-1,-1
404,11,0.00,0.00,0.00,0.00,1.0,-1,-1,-1
404,12,351.00,244.00,114.00,324.00,1.0,-1,-1,-1
404,13,0.00,0.00,0.00,0.00,1.0,-1,-1,-1
404,14,1165.00,282.00,56.00,182.00,1.0,-1,-1,-1
404,15,0.00,186.00,274.00,617.00,1.0,-1,-1,-1
404,16,0.00,0.00,0.00,0.00,1.0,-1,-1,-1
404,17,950.00,297.00,51.00,141.00,1.0,-1,-1,-1
404,18,545.00,290.00,59.00,104.00,1.0,-1,-1,-1
405,0,1213.00,301.00,49.00,141.00,1.0,-1,-1,-1
405,1,0.00,0.00,0.00,0.00,1.0,-1,-1,-1
405,2,0.00,0.00,0.00,0.00,1.0,-1,-1,-1
405,3,0.00,0.00,0.00,0.00,1.0,-1,-1,-1
405,4,622.00,292.00,40.00,75.00,1.0,-1,-1,-1
405,5,0.00,0.00,0.00,0.00,1.0,-1,-1,-1
405,6,0.00,0.00,0.00,0.00,1.0,-1,-1,-1
405,7,0.00,0.00,0.00,0.00,1.0,-1,-1,-1
405,8,0.00,0.00,0.00,0.00,1.0,-1,-1,-1
405,9,0.00,0.00,0.00,0.00,1.0,-1,-1,-1
405,10,864.00,283.00,52.00,153.00,1.0,-1,-1,-1
405,11,0.00,0.00,0.00,0.00,1.0,-1,-1,-1
405,12,345.00,241.00,118.00,323.00,1.0,-1,-1,-1
405,13,0.00,0.00,0.00,0.00,1.0,-1,-1,-1
405,14,1164.00,279.00,56.00,186.00,1.0,-1,-1,-1
405,15,0.00,184.00,268.00,629.00,1.0,-1,-1,-1
405,16,0.00,0.00,0.00,0.00,1.0,-1,-1,-1
405,17,950.00,294.00,48.00,143.00,1.0,-1,-1,-1
405,18,543.00,289.00,62.00,105.00,1.0,-1,-1,-1
406,0,1211.00,300.00,49.00,141.00,1.0,-1,-1,-1
406,1,0.00,0.00,0.00,0.00,1.0,-1,-1,-1
406,2,0.00,0.00,0.00,0.00,1.0,-1,-1,-1
406,3,0.00,0.00,0.00,0.00,1.0,-1,-1,-1
406,4,622.00,290.00,40.00,76.00,1.0,-1,-1,-1
406,5,0.00,0.00,0.00,0.00,1.0,-1,-1,-1
406,6,0.00,0.00,0.00,0.00,1.0,-1,-1,-1
406,7,0.00,0.00,0.00,0.00,1.0,-1,-1,-1
406,8,1425.00,397.00,13.00,28.00,1.0,-1,-1,-1
406,9,0.00,0.00,0.00,0.00,1.0,-1,-1,-1
406,10,863.00,282.00,52.00,153.00,1.0,-1,-1,-1
406,11,0.00,0.00,0.00,0.00,1.0,-1,-1,-1
406,12,341.00,240.00,121.00,324.00,1.0,-1,-1,-1
406,13,0.00,0.00,0.00,0.00,1.0,-1,-1,-1
406,14,1164.00,278.00,58.00,186.00,1.0,-1,-1,-1
406,15,0.00,183.00,260.00,639.00,1.0,-1,-1,-1
406,16,0.00,0.00,0.00,0.00,1.0,-1,-1,-1
406,17,947.00,293.00,49.00,144.00,1.0,-1,-1,-1
406,18,542.00,288.00,62.00,105.00,1.0,-1,-1,-1
407,0,1213.00,300.00,51.00,140.00,1.0,-1,-1,-1
407,1,0.00,0.00,0.00,0.00,1.0,-1,-1,-1
407,2,0.00,0.00,0.00,0.00,1.0,-1,-1,-1
407,3,0.00,0.00,0.00,0.00,1.0,-1,-1,-1
407,4,624.00,288.00,41.00,76.00,1.0,-1,-1,-1
407,5,0.00,0.00,0.00,0.00,1.0,-1,-1,-1
407,6,0.00,0.00,0.00,0.00,1.0,-1,-1,-1
407,7,0.00,0.00,0.00,0.00,1.0,-1,-1,-1
407,8,0.00,0.00,0.00,0.00,1.0,-1,-1,-1
407,9,0.00,0.00,0.00,0.00,1.0,-1,-1,-1
407,10,866.00,281.00,50.00,152.00,1.0,-1,-1,-1
407,11,0.00,0.00,0.00,0.00,1.0,-1,-1,-1
407,12,332.00,237.00,129.00,330.00,1.0,-1,-1,-1
407,13,0.00,0.00,0.00,0.00,1.0,-1,-1,-1
407,14,1169.00,276.00,57.00,188.00,1.0,-1,-1,-1
407,15,0.00,177.00,235.00,624.00,1.0,-1,-1,-1
407,16,0.00,0.00,0.00,0.00,1.0,-1,-1,-1
407,17,949.00,290.00,47.00,145.00,1.0,-1,-1,-1
407,18,542.00,286.00,69.00,105.00,1.0,-1,-1,-1
408,0,1215.00,302.00,49.00,140.00,1.0,-1,-1,-1
408,1,0.00,0.00,0.00,0.00,1.0,-1,-1,-1
408,2,0.00,0.00,0.00,0.00,1.0,-1,-1,-1
408,3,0.00,0.00,0.00,0.00,1.0,-1,-1,-1
408,4,626.00,290.00,38.00,76.00,1.0,-1,-1,-1
408,5,0.00,0.00,0.00,0.00,1.0,-1,-1,-1
408,6,0.00,0.00,0.00,0.00,1.0,-1,-1,-1
408,7,0.00,0.00,0.00,0.00,1.0,-1,-1,-1
408,8,0.00,0.00,0.00,0.00,1.0,-1,-1,-1
408,9,0.00,0.00,0.00,0.00,1.0,-1,-1,-1
408,10,866.00,282.00,50.00,153.00,1.0,-1,-1,-1
408,11,0.00,0.00,0.00,0.00,1.0,-1,-1,-1
408,12,329.00,237.00,130.00,328.00,1.0,-1,-1,-1
408,13,0.00,0.00,0.00,0.00,1.0,-1,-1,-1
408,14,1170.00,277.00,58.00,190.00,1.0,-1,-1,-1
408,15,0.00,174.00,218.00,635.00,1.0,-1,-1,-1
408,16,0.00,0.00,0.00,0.00,1.0,-1,-1,-1
408,17,947.00,291.00,48.00,146.00,1.0,-1,-1,-1
408,18,541.00,287.00,60.00,107.00,1.0,-1,-1,-1
409,0,1215.00,304.00,49.00,139.00,1.0,-1,-1,-1
409,1,0.00,0.00,0.00,0.00,1.0,-1,-1,-1
409,2,0.00,0.00,0.00,0.00,1.0,-1,-1,-1
409,3,0.00,0.00,0.00,0.00,1.0,-1,-1,-1
409,4,624.00,291.00,42.00,77.00,1.0,-1,-1,-1
409,5,0.00,0.00,0.00,0.00,1.0,-1,-1,-1
409,6,0.00,0.00,0.00,0.00,1.0,-1,-1,-1
409,7,0.00,0.00,0.00,0.00,1.0,-1,-1,-1
409,8,0.00,0.00,0.00,0.00,1.0,-1,-1,-1
409,9,0.00,0.00,0.00,0.00,1.0,-1,-1,-1
409,10,866.00,283.00,51.00,154.00,1.0,-1,-1,-1
409,11,0.00,0.00,0.00,0.00,1.0,-1,-1,-1
409,12,321.00,238.00,140.00,337.00,1.0,-1,-1,-1
409,13,0.00,0.00,0.00,0.00,1.0,-1,-1,-1
409,14,1172.00,278.00,57.00,190.00,1.0,-1,-1,-1
409,15,0.00,192.00,187.00,620.00,1.0,-1,-1,-1
409,16,0.00,0.00,0.00,0.00,1.0,-1,-1,-1
409,17,948.00,293.00,46.00,145.00,1.0,-1,-1,-1
409,18,540.00,288.00,63.00,107.00,1.0,-1,-1,-1
410,0,1217.00,305.00,46.00,140.00,1.0,-1,-1,-1
410,1,0.00,0.00,0.00,0.00,1.0,-1,-1,-1
410,2,0.00,0.00,0.00,0.00,1.0,-1,-1,-1
410,3,0.00,0.00,0.00,0.00,1.0,-1,-1,-1
410,4,627.00,292.00,40.00,76.00,1.0,-1,-1,-1
410,5,0.00,0.00,0.00,0.00,1.0,-1,-1,-1
410,6,0.00,0.00,0.00,0.00,1.0,-1,-1,-1
410,7,1901.00,1056.00,19.00,24.00,1.0,-1,-1,-1
410,8,0.00,0.00,0.00,0.00,1.0,-1,-1,-1
410,9,0.00,0.00,0.00,0.00,1.0,-1,-1,-1
410,10,866.00,285.00,52.00,152.00,1.0,-1,-1,-1
410,11,0.00,0.00,0.00,0.00,1.0,-1,-1,-1
410,12,318.00,237.00,147.00,336.00,1.0,-1,-1,-1
410,13,0.00,0.00,0.00,0.00,1.0,-1,-1,-1
410,14,1176.00,280.00,52.00,188.00,1.0,-1,-1,-1
410,15,0.00,285.00,158.00,528.00,1.0,-1,-1,-1
410,16,0.00,0.00,0.00,0.00,1.0,-1,-1,-1
410,17,948.00,294.00,47.00,143.00,1.0,-1,-1,-1
410,18,540.00,288.00,62.00,107.00,1.0,-1,-1,-1
411,0,1211.00,307.00,49.00,140.00,1.0,-1,-1,-1
411,1,0.00,0.00,0.00,0.00,1.0,-1,-1,-1
411,2,0.00,0.00,0.00,0.00,1.0,-1,-1,-1
411,3,0.00,0.00,0.00,0.00,1.0,-1,-1,-1
411,4,629.00,296.00,39.00,75.00,1.0,-1,-1,-1
411,5,0.00,0.00,0.00,0.00,1.0,-1,-1,-1
411,6,0.00,0.00,0.00,0.00,1.0,-1,-1,-1
411,7,1877.00,1025.00,43.00,55.00,1.0,-1,-1,-1
411,8,0.00,0.00,0.00,0.00,1.0,-1,-1,-1
411,9,0.00,450.00,119.00,378.00,1.0,-1,-1,-1
411,10,869.00,287.00,50.00,153.00,1.0,-1,-1,-1
411,11,0.00,0.00,0.00,0.00,1.0,-1,-1,-1
411,12,317.00,239.00,149.00,339.00,1.0,-1,-1,-1
411,13,0.00,0.00,0.00,0.00,1.0,-1,-1,-1
411,14,1177.00,282.00,51.00,193.00,1.0,-1,-1,-1
411,15,0.00,440.00,119.00,388.00,1.0,-1,-1,-1
411,16,0.00,0.00,0.00,0.00,1.0,-1,-1,-1
411,17,949.00,294.00,45.00,143.00,1.0,-1,-1,-1
411,18,540.00,290.00,60.00,108.00,1.0,-1,-1,-1
412,0,1212.00,312.00,48.00,136.00,1.0,-1,-1,-1
412,1,0.00,0.00,0.00,0.00,1.0,-1,-1,-1
412,2,0.00,0.00,0.00,0.00,1.0,-1,-1,-1
412,3,0.00,0.00,0.00,0.00,1.0,-1,-1,-1
412,4,630.00,303.00,40.00,72.00,1.0,-1,-1,-1
412,5,0.00,0.00,0.00,0.00,1.0,-1,-1,-1
412,6,0.00,0.00,0.00,0.00,1.0,-1,-1,-1
412,7,1856.00,966.00,64.00,114.00,1.0,-1,-1,-1
412,8,0.00,0.00,0.00,0.00,1.0,-1,-1,-1
412,9,0.00,0.00,0.00,0.00,1.0,-1,-1,-1
412,10,871.00,294.00,50.00,153.00,1.0,-1,-1,-1
412,11,0.00,0.00,0.00,0.00,1.0,-1,-1,-1
412,12,312.00,246.00,158.00,337.00,1.0,-1,-1,-1
412,13,0.00,0.00,0.00,0.00,1.0,-1,-1,-1
412,14,1180.00,288.00,48.00,189.00,1.0,-1,-1,-1
412,15,0.00,744.00,20.00,104.00,1.0,-1,-1,-1
412,16,0.00,0.00,0.00,0.00,1.0,-1,-1,-1
412,17,949.00,299.00,47.00,144.00,1.0,-1,-1,-1
412,18,537.00,297.00,62.00,106.00,1.0,-1,-1,-1
413,0,1223.00,311.00,41.00,139.00,1.0,-1,-1,-1
413,1,0.00,0.00,0.00,0.00,1.0,-1,-1,-1
413,2,0.00,0.00,0.00,0.00,1.0,-1,-1,-1
413,3,0.00,0.00,0.00,0.00,1.0,-1,-1,-1
413,4,631.00,304.00,39.00,74.00,1.0,-1,-1,-1
413,5,0.00,0.00,0.00,0.00,1.0,-1,-1,-1
413,6,0.00,0.00,0.00,0.00,1.0,-1,-1,-1
413,7,1857.00,961.00,63.00,116.00,1.0,-1,-1,-1
413,8,0.00,0.00,0.00,0.00,1.0,-1,-1,-1
413,9,0.00,0.00,0.00,0.00,1.0,-1,-1,-1
413,10,873.00,293.00,49.00,155.00,1.0,-1,-1,-1
413,11,0.00,0.00,0.00,0.00,1.0,-1,-1,-1
413,12,311.00,244.00,161.00,346.00,1.0,-1,-1,-1
413,13,0.00,0.00,0.00,0.00,1.0,-1,-1,-1
413,14,1182.00,288.00,49.00,194.00,1.0,-1,-1,-1
413,15,0.00,0.00,0.00,0.00,1.0,-1,-1,-1
413,16,0.00,0.00,0.00,0.00,1.0,-1,-1,-1
413,17,951.00,295.00,45.00,150.00,1.0,-1,-1,-1
413,18,537.00,297.00,62.00,109.00,1.0,-1,-1,-1
414,0,1224.00,314.00,40.00,140.00,1.0,-1,-1,-1
414,1,0.00,0.00,0.00,0.00,1.0,-1,-1,-1
414,2,0.00,0.00,0.00,0.00,1.0,-1,-1,-1
414,3,0.00,0.00,0.00,0.00,1.0,-1,-1,-1
414,4,631.00,307.00,40.00,76.00,1.0,-1,-1,-1
414,5,0.00,0.00,0.00,0.00,1.0,-1,-1,-1
414,6,0.00,0.00,0.00,0.00,1.0,-1,-1,-1
414,7,1866.00,983.00,54.00,97.00,1.0,-1,-1,-1
414,8,0.00,0.00,0.00,0.00,1.0,-1,-1,-1
414,9,0.00,0.00,0.00,0.00,1.0,-1,-1,-1
414,10,874.00,297.00,48.00,154.00,1.0,-1,-1,-1
414,11,0.00,0.00,0.00,0.00,1.0,-1,-1,-1
414,12,307.00,248.00,165.00,343.00,1.0,-1,-1,-1
414,13,0.00,0.00,0.00,0.00,1.0,-1,-1,-1
414,14,1185.00,293.00,48.00,194.00,1.0,-1,-1,-1
414,15,0.00,0.00,0.00,0.00,1.0,-1,-1,-1
414,16,0.00,0.00,0.00,0.00,1.0,-1,-1,-1
414,17,953.00,304.00,44.00,145.00,1.0,-1,-1,-1
414,18,537.00,301.00,61.00,110.00,1.0,-1,-1,-1
415,0,1222.00,315.00,42.00,142.00,1.0,-1,-1,-1
415,1,0.00,0.00,0.00,0.00,1.0,-1,-1,-1
415,2,0.00,0.00,0.00,0.00,1.0,-1,-1,-1
415,3,0.00,0.00,0.00,0.00,1.0,-1,-1,-1
415,4,632.00,308.00,38.00,76.00,1.0,-1,-1,-1
415,5,0.00,0.00,0.00,0.00,1.0,-1,-1,-1
415,6,0.00,0.00,0.00,0.00,1.0,-1,-1,-1
415,7,1885.00,1012.00,35.00,68.00,1.0,-1,-1,-1
415,8,0.00,0.00,0.00,0.00,1.0,-1,-1,-1
415,9,0.00,0.00,0.00,0.00,1.0,-1,-1,-1
415,10,874.00,299.00,49.00,153.00,1.0,-1,-1,-1
415,11,0.00,0.00,0.00,0.00,1.0,-1,-1,-1
415,12,306.00,250.00,167.00,343.00,1.0,-1,-1,-1
415,13,0.00,0.00,0.00,0.00,1.0,-1,-1,-1
415,14,1186.00,294.00,47.00,193.00,1.0,-1,-1,-1
415,15,0.00,0.00,0.00,0.00,1.0,-1,-1,-1
415,16,0.00,0.00,0.00,0.00,1.0,-1,-1,-1
415,17,953.00,307.00,45.00,144.00,1.0,-1,-1,-1
415,18,536.00,303.00,62.00,109.00,1.0,-1,-1,-1
416,0,1225.00,317.00,40.00,140.00,1.0,-1,-1,-1
416,1,0.00,0.00,0.00,0.00,1.0,-1,-1,-1
416,2,0.00,0.00,0.00,0.00,1.0,-1,-1,-1
416,3,0.00,0.00,0.00,0.00,1.0,-1,-1,-1
416,4,632.00,309.00,40.00,77.00,1.0,-1,-1,-1
416,5,0.00,0.00,0.00,0.00,1.0,-1,-1,-1
416,6,0.00,0.00,0.00,0.00,1.0,-1,-1,-1
416,7,1895.00,1040.00,25.00,40.00,1.0,-1,-1,-1
416,8,0.00,0.00,0.00,0.00,1.0,-1,-1,-1
416,9,0.00,0.00,0.00,0.00,1.0,-1,-1,-1
416,10,874.00,300.00,49.00,155.00,1.0,-1,-1,-1
416,11,0.00,0.00,0.00,0.00,1.0,-1,-1,-1
416,12,305.00,250.00,168.00,347.00,1.0,-1,-1,-1
416,13,0.00,0.00,0.00,0.00,1.0,-1,-1,-1
416,14,1187.00,294.00,49.00,198.00,1.0,-1,-1,-1
416,15,0.00,0.00,0.00,0.00,1.0,-1,-1,-1
416,16,0.00,0.00,0.00,0.00,1.0,-1,-1,-1
416,17,953.00,306.00,45.00,146.00,1.0,-1,-1,-1
416,18,535.00,304.00,65.00,110.00,1.0,-1,-1,-1
417,0,1227.00,319.00,37.00,139.00,1.0,-1,-1,-1
417,1,0.00,0.00,0.00,0.00,1.0,-1,-1,-1
417,2,0.00,0.00,0.00,0.00,1.0,-1,-1,-1
417,3,0.00,0.00,0.00,0.00,1.0,-1,-1,-1
417,4,632.00,310.00,40.00,78.00,1.0,-1,-1,-1
417,5,0.00,0.00,0.00,0.00,1.0,-1,-1,-1
417,6,0.00,0.00,0.00,0.00,1.0,-1,-1,-1
417,7,0.00,0.00,0.00,0.00,1.0,-1,-1,-1
417,8,0.00,0.00,0.00,0.00,1.0,-1,-1,-1
417,9,0.00,0.00,0.00,0.00,1.0,-1,-1,-1
417,10,875.00,301.00,48.00,155.00,1.0,-1,-1,-1
417,11,0.00,0.00,0.00,0.00,1.0,-1,-1,-1
417,12,303.00,252.00,171.00,354.00,1.0,-1,-1,-1
417,13,0.00,0.00,0.00,0.00,1.0,-1,-1,-1
417,14,1191.00,294.00,47.00,199.00,1.0,-1,-1,-1
417,15,0.00,0.00,0.00,0.00,1.0,-1,-1,-1
417,16,0.00,0.00,0.00,0.00,1.0,-1,-1,-1
417,17,953.00,309.00,45.00,144.00,1.0,-1,-1,-1
417,18,533.00,306.00,66.00,112.00,1.0,-1,-1,-1
418,0,1228.00,320.00,38.00,138.00,1.0,-1,-1,-1
418,1,0.00,0.00,0.00,0.00,1.0,-1,-1,-1
418,2,0.00,0.00,0.00,0.00,1.0,-1,-1,-1
418,3,0.00,0.00,0.00,0.00,1.0,-1,-1,-1
418,4,633.00,310.00,39.00,78.00,1.0,-1,-1,-1
418,5,0.00,0.00,0.00,0.00,1.0,-1,-1,-1
418,6,0.00,0.00,0.00,0.00,1.0,-1,-1,-1
418,7,0.00,0.00,0.00,0.00,1.0,-1,-1,-1
418,8,0.00,0.00,0.00,0.00,1.0,-1,-1,-1
418,9,0.00,0.00,0.00,0.00,1.0,-1,-1,-1
418,10,875.00,300.00,48.00,155.00,1.0,-1,-1,-1
418,11,0.00,0.00,0.00,0.00,1.0,-1,-1,-1
418,12,302.00,252.00,172.00,355.00,1.0,-1,-1,-1
418,13,0.00,0.00,0.00,0.00,1.0,-1,-1,-1
418,14,1192.00,294.00,48.00,199.00,1.0,-1,-1,-1
418,15,0.00,0.00,0.00,0.00,1.0,-1,-1,-1
418,16,0.00,0.00,0.00,0.00,1.0,-1,-1,-1
418,17,954.00,309.00,44.00,143.00,1.0,-1,-1,-1
418,18,533.00,307.00,64.00,112.00,1.0,-1,-1,-1
419,0,1229.00,320.00,39.00,139.00,1.0,-1,-1,-1
419,1,0.00,0.00,0.00,0.00,1.0,-1,-1,-1
419,2,0.00,0.00,0.00,0.00,1.0,-1,-1,-1
419,3,0.00,0.00,0.00,0.00,1.0,-1,-1,-1
419,4,632.00,311.00,40.00,78.00,1.0,-1,-1,-1
419,5,0.00,0.00,0.00,0.00,1.0,-1,-1,-1
419,6,0.00,0.00,0.00,0.00,1.0,-1,-1,-1
419,7,0.00,0.00,0.00,0.00,1.0,-1,-1,-1
419,8,0.00,0.00,0.00,0.00,1.0,-1,-1,-1
419,9,0.00,0.00,0.00,0.00,1.0,-1,-1,-1
419,10,874.00,301.00,48.00,156.00,1.0,-1,-1,-1
419,11,0.00,0.00,0.00,0.00,1.0,-1,-1,-1
419,12,303.00,254.00,174.00,361.00,1.0,-1,-1,-1
419,13,0.00,0.00,0.00,0.00,1.0,-1,-1,-1
419,14,1193.00,293.00,48.00,200.00,1.0,-1,-1,-1
419,15,0.00,0.00,0.00,0.00,1.0,-1,-1,-1
419,16,0.00,0.00,0.00,0.00,1.0,-1,-1,-1
419,17,953.00,311.00,45.00,141.00,1.0,-1,-1,-1
419,18,530.00,308.00,62.00,112.00,1.0,-1,-1,-1
420,0,1229.00,321.00,39.00,134.00,1.0,-1,-1,-1
420,1,0.00,0.00,0.00,0.00,1.0,-1,-1,-1
420,2,0.00,0.00,0.00,0.00,1.0,-1,-1,-1
420,3,0.00,0.00,0.00,0.00,1.0,-1,-1,-1
420,4,631.00,311.00,41.00,79.00,1.0,-1,-1,-1
420,5,0.00,0.00,0.00,0.00,1.0,-1,-1,-1
420,6,0.00,0.00,0.00,0.00,1.0,-1,-1,-1
420,7,0.00,0.00,0.00,0.00,1.0,-1,-1,-1
420,8,0.00,0.00,0.00,0.00,1.0,-1,-1,-1
420,9,0.00,0.00,0.00,0.00,1.0,-1,-1,-1
420,10,873.00,300.00,47.00,158.00,1.0,-1,-1,-1
420,11,0.00,0.00,0.00,0.00,1.0,-1,-1,-1
420,12,301.00,254.00,176.00,362.00,1.0,-1,-1,-1
420,13,0.00,0.00,0.00,0.00,1.0,-1,-1,-1
420,14,1195.00,292.00,47.00,201.00,1.0,-1,-1,-1
420,15,0.00,0.00,0.00,0.00,1.0,-1,-1,-1
420,16,0.00,0.00,0.00,0.00,1.0,-1,-1,-1
420,17,953.00,311.00,45.00,143.00,1.0,-1,-1,-1
420,18,529.00,308.00,65.00,113.00,1.0,-1,-1,-1
421,0,1229.00,321.00,40.00,134.00,1.0,-1,-1,-1
421,1,0.00,0.00,0.00,0.00,1.0,-1,-1,-1
421,2,0.00,0.00,0.00,0.00,1.0,-1,-1,-1
421,3,0.00,0.00,0.00,0.00,1.0,-1,-1,-1
421,4,631.00,313.00,40.00,79.00,1.0,-1,-1,-1
421,5,0.00,0.00,0.00,0.00,1.0,-1,-1,-1
421,6,0.00,0.00,0.00,0.00,1.0,-1,-1,-1
421,7,0.00,0.00,0.00,0.00,1.0,-1,-1,-1
421,8,0.00,0.00,0.00,0.00,1.0,-1,-1,-1
421,9,0.00,0.00,0.00,0.00,1.0,-1,-1,-1
421,10,871.00,302.00,47.00,157.00,1.0,-1,-1,-1
421,11,0.00,0.00,0.00,0.00,1.0,-1,-1,-1
421,12,302.00,255.00,176.00,357.00,1.0,-1,-1,-1
421,13,0.00,0.00,0.00,0.00,1.0,-1,-1,-1
421,14,1198.00,291.00,44.00,203.00,1.0,-1,-1,-1
421,15,0.00,0.00,0.00,0.00,1.0,-1,-1,-1
421,16,0.00,0.00,0.00,0.00,1.0,-1,-1,-1
421,17,953.00,312.00,45.00,143.00,1.0,-1,-1,-1
421,18,527.00,311.00,66.00,112.00,1.0,-1,-1,-1
422,0,1230.00,322.00,42.00,124.00,1.0,-1,-1,-1
422,1,0.00,0.00,0.00,0.00,1.0,-1,-1,-1
422,2,0.00,0.00,0.00,0.00,1.0,-1,-1,-1
422,3,0.00,0.00,0.00,0.00,1.0,-1,-1,-1
422,4,632.00,317.00,38.00,79.00,1.0,-1,-1,-1
422,5,0.00,0.00,0.00,0.00,1.0,-1,-1,-1
422,6,0.00,0.00,0.00,0.00,1.0,-1,-1,-1
422,7,0.00,0.00,0.00,0.00,1.0,-1,-1,-1
422,8,0.00,0.00,0.00,0.00,1.0,-1,-1,-1
422,9,0.00,0.00,0.00,0.00,1.0,-1,-1,-1
422,10,869.00,306.00,47.00,156.00,1.0,-1,-1,-1
422,11,0.00,0.00,0.00,0.00,1.0,-1,-1,-1
422,12,306.00,256.00,177.00,367.00,1.0,-1,-1,-1
422,13,0.00,0.00,0.00,0.00,1.0,-1,-1,-1
422,14,1198.00,291.00,46.00,205.00,1.0,-1,-1,-1
422,15,0.00,0.00,0.00,0.00,1.0,-1,-1,-1
422,16,0.00,0.00,0.00,0.00,1.0,-1,-1,-1
422,17,953.00,314.00,46.00,144.00,1.0,-1,-1,-1
422,18,526.00,314.00,66.00,113.00,1.0,-1,-1,-1
423,0,1229.00,321.00,44.00,116.00,1.0,-1,-1,-1
423,1,0.00,0.00,0.00,0.00,1.0,-1,-1,-1
423,2,0.00,0.00,0.00,0.00,1.0,-1,-1,-1
423,3,0.00,0.00,0.00,0.00,1.0,-1,-1,-1
423,4,633.00,321.00,37.00,77.00,1.0,-1,-1,-1
423,5,0.00,0.00,0.00,0.00,1.0,-1,-1,-1
423,6,0.00,0.00,0.00,0.00,1.0,-1,-1,-1
423,7,0.00,0.00,0.00,0.00,1.0,-1,-1,-1
423,8,0.00,0.00,0.00,0.00,1.0,-1,-1,-1
423,9,0.00,0.00,0.00,0.00,1.0,-1,-1,-1
423,10,869.00,309.00,47.00,154.00,1.0,-1,-1,-1
423,11,0.00,0.00,0.00,0.00,1.0,-1,-1,-1
423,12,302.00,259.00,183.00,367.00,1.0,-1,-1,-1
423,13,0.00,0.00,0.00,0.00,1.0,-1,-1,-1
423,14,1198.00,291.00,47.00,206.00,1.0,-1,-1,-1
423,15,0.00,0.00,0.00,0.00,1.0,-1,-1,-1
423,16,0.00,0.00,0.00,0.00,1.0,-1,-1,-1
423,17,953.00,316.00,47.00,143.00,1.0,-1,-1,-1
423,18,525.00,317.00,66.00,113.00,1.0,-1,-1,-1
424,0,0.00,0.00,0.00,0.00,1.0,-1,-1,-1
424,1,0.00,0.00,0.00,0.00,1.0,-1,-1,-1
424,2,0.00,0.00,0.00,0.00,1.0,-1,-1,-1
424,3,0.00,0.00,0.00,0.00,1.0,-1,-1,-1
424,4,632.00,323.00,38.00,77.00,1.0,-1,-1,-1
424,5,0.00,0.00,0.00,0.00,1.0,-1,-1,-1
424,6,0.00,0.00,0.00,0.00,1.0,-1,-1,-1
424,7,0.00,0.00,0.00,0.00,1.0,-1,-1,-1
424,8,0.00,0.00,0.00,0.00,1.0,-1,-1,-1
424,9,0.00,0.00,0.00,0.00,1.0,-1,-1,-1
424,10,867.00,312.00,47.00,151.00,1.0,-1,-1,-1
424,11,0.00,0.00,0.00,0.00,1.0,-1,-1,-1
424,12,309.00,260.00,176.00,368.00,1.0,-1,-1,-1
424,13,0.00,0.00,0.00,0.00,1.0,-1,-1,-1
424,14,1200.00,292.00,46.00,206.00,1.0,-1,-1,-1
424,15,0.00,0.00,0.00,0.00,1.0,-1,-1,-1
424,16,0.00,0.00,0.00,0.00,1.0,-1,-1,-1
424,17,954.00,316.00,45.00,143.00,1.0,-1,-1,-1
424,18,525.00,320.00,66.00,112.00,1.0,-1,-1,-1
425,0,0.00,0.00,0.00,0.00,1.0,-1,-1,-1
425,1,0.00,0.00,0.00,0.00,1.0,-1,-1,-1
425,2,0.00,0.00,0.00,0.00,1.0,-1,-1,-1
425,3,0.00,0.00,0.00,0.00,1.0,-1,-1,-1
425,4,634.00,329.00,37.00,72.00,1.0,-1,-1,-1
425,5,0.00,0.00,0.00,0.00,1.0,-1,-1,-1
425,6,0.00,0.00,0.00,0.00,1.0,-1,-1,-1
425,7,0.00,0.00,0.00,0.00,1.0,-1,-1,-1
425,8,0.00,0.00,0.00,0.00,1.0,-1,-1,-1
425,9,0.00,0.00,0.00,0.00,1.0,-1,-1,-1
425,10,866.00,318.00,49.00,148.00,1.0,-1,-1,-1
425,11,0.00,0.00,0.00,0.00,1.0,-1,-1,-1
425,12,316.00,267.00,170.00,370.00,1.0,-1,-1,-1
425,13,0.00,0.00,0.00,0.00,1.0,-1,-1,-1
425,14,1203.00,298.00,47.00,203.00,1.0,-1,-1,-1
425,15,0.00,0.00,0.00,0.00,1.0,-1,-1,-1
425,16,0.00,0.00,0.00,0.00,1.0,-1,-1,-1
425,17,956.00,324.00,46.00,140.00,1.0,-1,-1,-1
425,18,525.00,324.00,61.00,110.00,1.0,-1,-1,-1
426,0,0.00,0.00,0.00,0.00,1.0,-1,-1,-1
426,1,0.00,0.00,0.00,0.00,1.0,-1,-1,-1
426,2,0.00,0.00,0.00,0.00,1.0,-1,-1,-1
426,3,0.00,0.00,0.00,0.00,1.0,-1,-1,-1
426,4,634.00,329.00,38.00,75.00,1.0,-1,-1,-1
426,5,0.00,0.00,0.00,0.00,1.0,-1,-1,-1
426,6,0.00,0.00,0.00,0.00,1.0,-1,-1,-1
426,7,0.00,0.00,0.00,0.00,1.0,-1,-1,-1
426,8,0.00,0.00,0.00,0.00,1.0,-1,-1,-1
426,9,0.00,0.00,0.00,0.00,1.0,-1,-1,-1
426,10,866.00,317.00,49.00,152.00,1.0,-1,-1,-1
426,11,0.00,0.00,0.00,0.00,1.0,-1,-1,-1
426,12,317.00,263.00,171.00,374.00,1.0,-1,-1,-1
426,13,0.00,0.00,0.00,0.00,1.0,-1,-1,-1
426,14,1203.00,295.00,48.00,209.00,1.0,-1,-1,-1
426,15,0.00,0.00,0.00,0.00,1.0,-1,-1,-1
426,16,0.00,0.00,0.00,0.00,1.0,-1,-1,-1
426,17,956.00,322.00,45.00,142.00,1.0,-1,-1,-1
426,18,525.00,325.00,63.00,112.00,1.0,-1,-1,-1
427,0,0.00,0.00,0.00,0.00,1.0,-1,-1,-1
427,1,0.00,0.00,0.00,0.00,1.0,-1,-1,-1
427,2,0.00,0.00,0.00,0.00,1.0,-1,-1,-1
427,3,0.00,0.00,0.00,0.00,1.0,-1,-1,-1
427,4,638.00,329.00,37.00,78.00,1.0,-1,-1,-1
427,5,0.00,0.00,0.00,0.00,1.0,-1,-1,-1
427,6,0.00,0.00,0.00,0.00,1.0,-1,-1,-1
427,7,0.00,0.00,0.00,0.00,1.0,-1,-1,-1
427,8,0.00,0.00,0.00,0.00,1.0,-1,-1,-1
427,9,0.00,0.00,0.00,0.00,1.0,-1,-1,-1
427,10,866.00,319.00,50.00,151.00,1.0,-1,-1,-1
427,11,0.00,0.00,0.00,0.00,1.0,-1,-1,-1
427,12,325.00,267.00,171.00,376.00,1.0,-1,-1,-1
427,13,0.00,0.00,0.00,0.00,1.0,-1,-1,-1
427,14,1207.00,297.00,51.00,207.00,1.0,-1,-1,-1
427,15,0.00,0.00,0.00,0.00,1.0,-1,-1,-1
427,16,0.00,0.00,0.00,0.00,1.0,-1,-1,-1
427,17,961.00,322.00,46.00,144.00,1.0,-1,-1,-1
427,18,525.00,328.00,64.00,112.00,1.0,-1,-1,-1
428,0,0.00,0.00,0.00,0.00,1.0,-1,-1,-1
428,1,0.00,0.00,0.00,0.00,1.0,-1,-1,-1
428,2,0.00,0.00,0.00,0.00,1.0,-1,-1,-1
428,3,0.00,0.00,0.00,0.00,1.0,-1,-1,-1
428,4,641.00,331.00,35.00,76.00,1.0,-1,-1,-1
428,5,0.00,0.00,0.00,0.00,1.0,-1,-1,-1
428,6,0.00,0.00,0.00,0.00,1.0,-1,-1,-1
428,7,0.00,0.00,0.00,0.00,1.0,-1,-1,-1
428,8,0.00,0.00,0.00,0.00,1.0,-1,-1,-1
428,9,0.00,0.00,0.00,0.00,1.0,-1,-1,-1
428,10,868.00,317.00,48.00,152.00,1.0,-1,-1,-1
428,11,0.00,0.00,0.00,0.00,1.0,-1,-1,-1
428,12,329.00,263.00,170.00,380.00,1.0,-1,-1,-1
428,13,0.00,0.00,0.00,0.00,1.0,-1,-1,-1
428,14,1207.00,295.00,52.00,210.00,1.0,-1,-1,-1
428,15,0.00,0.00,0.00,0.00,1.0,-1,-1,-1
428,16,0.00,0.00,0.00,0.00,1.0,-1,-1,-1
428,17,961.00,321.00,46.00,144.00,1.0,-1,-1,-1
428,18,523.00,326.00,66.00,116.00,1.0,-1,-1,-1
429,0,0.00,0.00,0.00,0.00,1.0,-1,-1,-1
429,1,0.00,0.00,0.00,0.00,1.0,-1,-1,-1
429,2,0.00,0.00,0.00,0.00,1.0,-1,-1,-1
429,3,0.00,0.00,0.00,0.00,1.0,-1,-1,-1
429,4,644.00,329.00,36.00,78.00,1.0,-1,-1,-1
429,5,0.00,0.00,0.00,0.00,1.0,-1,-1,-1
429,6,0.00,0.00,0.00,0.00,1.0,-1,-1,-1
429,7,0.00,0.00,0.00,0.00,1.0,-1,-1,-1
429,8,0.00,0.00,0.00,0.00,1.0,-1,-1,-1
429,9,0.00,0.00,0.00,0.00,1.0,-1,-1,-1
429,10,869.00,317.00,48.00,152.00,1.0,-1,-1,-1
429,11,0.00,0.00,0.00,0.00,1.0,-1,-1,-1
429,12,333.00,263.00,172.00,382.00,1.0,-1,-1,-1
429,13,0.00,0.00,0.00,0.00,1.0,-1,-1,-1
429,14,1209.00,295.00,53.00,211.00,1.0,-1,-1,-1
429,15,0.00,0.00,0.00,0.00,1.0,-1,-1,-1
429,16,0.00,0.00,0.00,0.00,1.0,-1,-1,-1
429,17,963.00,319.00,47.00,146.00,1.0,-1,-1,-1
429,18,525.00,327.00,65.00,116.00,1.0,-1,-1,-1
430,0,0.00,0.00,0.00,0.00,1.0,-1,-1,-1
430,1,0.00,0.00,0.00,0.00,1.0,-1,-1,-1
430,2,0.00,0.00,0.00,0.00,1.0,-1,-1,-1
430,3,0.00,0.00,0.00,0.00,1.0,-1,-1,-1
430,4,646.00,326.00,37.00,79.00,1.0,-1,-1,-1
430,5,0.00,0.00,0.00,0.00,1.0,-1,-1,-1
430,6,0.00,0.00,0.00,0.00,1.0,-1,-1,-1
430,7,0.00,0.00,0.00,0.00,1.0,-1,-1,-1
430,8,0.00,0.00,0.00,0.00,1.0,-1,-1,-1
430,9,0.00,0.00,0.00,0.00,1.0,-1,-1,-1
430,10,870.00,313.00,48.00,151.00,1.0,-1,-1,-1
430,11,0.00,0.00,0.00,0.00,1.0,-1,-1,-1
430,12,338.00,261.00,173.00,384.00,1.0,-1,-1,-1
430,13,0.00,0.00,0.00,0.00,1.0,-1,-1,-1
430,14,1219.00,292.00,48.00,212.00,1.0,-1,-1,-1
430,15,0.00,0.00,0.00,0.00,1.0,-1,-1,-1
430,16,0.00,0.00,0.00,0.00,1.0,-1,-1,-1
430,17,967.00,313.00,44.00,151.00,1.0,-1,-1,-1
430,18,526.00,324.00,66.00,118.00,1.0,-1,-1,-1
431,0,0.00,0.00,0.00,0.00,1.0,-1,-1,-1
431,1,0.00,0.00,0.00,0.00,1.0,-1,-1,-1
431,2,0.00,0.00,0.00,0.00,1.0,-1,-1,-1
431,3,0.00,0.00,0.00,0.00,1.0,-1,-1,-1
431,4,645.00,323.00,38.00,81.00,1.0,-1,-1,-1
431,5,0.00,0.00,0.00,0.00,1.0,-1,-1,-1
431,6,0.00,0.00,0.00,0.00,1.0,-1,-1,-1
431,7,0.00,0.00,0.00,0.00,1.0,-1,-1,-1
431,8,0.00,0.00,0.00,0.00,1.0,-1,-1,-1
431,9,0.00,0.00,0.00,0.00,1.0,-1,-1,-1
431,10,869.00,312.00,48.00,152.00,1.0,-1,-1,-1
431,11,0.00,0.00,0.00,0.00,1.0,-1,-1,-1
431,12,340.00,260.00,173.00,388.00,1.0,-1,-1,-1
431,13,0.00,0.00,0.00,0.00,1.0,-1,-1,-1
431,14,1222.00,291.00,48.00,211.00,1.0,-1,-1,-1
431,15,0.00,0.00,0.00,0.00,1.0,-1,-1,-1
431,16,0.00,0.00,0.00,0.00,1.0,-1,-1,-1
431,17,964.00,311.00,46.00,150.00,1.0,-1,-1,-1
431,18,524.00,322.00,67.00,120.00,1.0,-1,-1,-1
432,0,0.00,0.00,0.00,0.00,1.0,-1,-1,-1
432,1,0.00,0.00,0.00,0.00,1.0,-1,-1,-1
432,2,0.00,0.00,0.00,0.00,1.0,-1,-1,-1
432,3,0.00,0.00,0.00,0.00,1.0,-1,-1,-1
432,4,645.00,318.00,37.00,82.00,1.0,-1,-1,-1
432,5,0.00,0.00,0.00,0.00,1.0,-1,-1,-1
432,6,0.00,0.00,0.00,0.00,1.0,-1,-1,-1
432,7,0.00,0.00,0.00,0.00,1.0,-1,-1,-1
432,8,0.00,0.00,0.00,0.00,1.0,-1,-1,-1
432,9,0.00,0.00,0.00,0.00,1.0,-1,-1,-1
432,10,866.00,307.00,49.00,154.00,1.0,-1,-1,-1
432,11,0.00,0.00,0.00,0.00,1.0,-1,-1,-1
432,12,343.00,256.00,175.00,390.00,1.0,-1,-1,-1
432,13,0.00,0.00,0.00,0.00,1.0,-1,-1,-1
432,14,1224.00,286.00,46.00,213.00,1.0,-1,-1,-1
432,15,0.00,0.00,0.00,0.00,1.0,-1,-1,-1
432,16,0.00,0.00,0.00,0.00,1.0,-1,-1,-1
432,17,962.00,307.00,45.00,150.00,1.0,-1,-1,-1
432,18,519.00,318.00,64.00,120.00,1.0,-1,-1,-1
433,0,0.00,0.00,0.00,0.00,1.0,-1,-1,-1
433,1,0.00,0.00,0.00,0.00,1.0,-1,-1,-1
433,2,0.00,0.00,0.00,0.00,1.0,-1,-1,-1
433,3,0.00,0.00,0.00,0.00,1.0,-1,-1,-1
433,4,643.00,317.00,37.00,82.00,1.0,-1,-1,-1
433,5,0.00,0.00,0.00,0.00,1.0,-1,-1,-1
433,6,0.00,0.00,0.00,0.00,1.0,-1,-1,-1
433,7,0.00,0.00,0.00,0.00,1.0,-1,-1,-1
433,8,0.00,0.00,0.00,0.00,1.0,-1,-1,-1
433,9,0.00,0.00,0.00,0.00,1.0,-1,-1,-1
433,10,864.00,305.00,49.00,154.00,1.0,-1,-1,-1
433,11,0.00,0.00,0.00,0.00,1.0,-1,-1,-1
433,12,345.00,254.00,175.00,394.00,1.0,-1,-1,-1
433,13,0.00,0.00,0.00,0.00,1.0,-1,-1,-1
433,14,1225.00,284.00,45.00,216.00,1.0,-1,-1,-1
433,15,0.00,0.00,0.00,0.00,1.0,-1,-1,-1
433,16,0.00,0.00,0.00,0.00,1.0,-1,-1,-1
433,17,962.00,310.00,46.00,146.00,1.0,-1,-1,-1
433,18,515.00,316.00,68.00,121.00,1.0,-1,-1,-1
434,0,0.00,0.00,0.00,0.00,1.0,-1,-1,-1
434,1,0.00,0.00,0.00,0.00,1.0,-1,-1,-1
434,2,0.00,0.00,0.00,0.00,1.0,-1,-1,-1
434,3,0.00,0.00,0.00,0.00,1.0,-1,-1,-1
434,4,641.00,318.00,37.00,81.00,1.0,-1,-1,-1
434,5,0.00,0.00,0.00,0.00,1.0,-1,-1,-1
434,6,0.00,0.00,0.00,0.00,1.0,-1,-1,-1
434,7,0.00,0.00,0.00,0.00,1.0,-1,-1,-1
434,8,0.00,0.00,0.00,0.00,1.0,-1,-1,-1
434,9,0.00,0.00,0.00,0.00,1.0,-1,-1,-1
434,10,862.00,305.00,49.00,154.00,1.0,-1,-1,-1
434,11,0.00,0.00,0.00,0.00,1.0,-1,-1,-1
434,12,345.00,254.00,172.00,393.00,1.0,-1,-1,-1
434,13,0.00,0.00,0.00,0.00,1.0,-1,-1,-1
434,14,1223.00,284.00,46.00,215.00,1.0,-1,-1,-1
434,15,0.00,0.00,0.00,0.00,1.0,-1,-1,-1
434,16,0.00,0.00,0.00,0.00,1.0,-1,-1,-1
434,17,958.00,306.00,47.00,150.00,1.0,-1,-1,-1
434,18,510.00,316.00,64.00,121.00,1.0,-1,-1,-1
435,0,1195.00,326.00,30.00,90.00,1.0,-1,-1,-1
435,1,0.00,0.00,0.00,0.00,1.0,-1,-1,-1
435,2,0.00,0.00,0.00,0.00,1.0,-1,-1,-1
435,3,0.00,0.00,0.00,0.00,1.0,-1,-1,-1
435,4,639.00,315.00,39.00,83.00,1.0,-1,-1,-1
435,5,0.00,0.00,0.00,0.00,1.0,-1,-1,-1
435,6,0.00,0.00,0.00,0.00,1.0,-1,-1,-1
435,7,0.00,0.00,0.00,0.00,1.0,-1,-1,-1
435,8,0.00,0.00,0.00,0.00,1.0,-1,-1,-1
435,9,0.00,0.00,0.00,0.00,1.0,-1,-1,-1
435,10,858.00,305.00,51.00,152.00,1.0,-1,-1,-1
435,11,0.00,0.00,0.00,0.00,1.0,-1,-1,-1
435,12,345.00,252.00,170.00,395.00,1.0,-1,-1,-1
435,13,0.00,0.00,0.00,0.00,1.0,-1,-1,-1
435,14,1224.00,283.00,43.00,215.00,1.0,-1,-1,-1
435,15,0.00,0.00,0.00,0.00,1.0,-1,-1,-1
435,16,0.00,0.00,0.00,0.00,1.0,-1,-1,-1
435,17,956.00,307.00,46.00,149.00,1.0,-1,-1,-1
435,18,507.00,314.00,62.00,123.00,1.0,-1,-1,-1
436,0,1194.00,322.00,30.00,85.00,1.0,-1,-1,-1
436,1,0.00,0.00,0.00,0.00,1.0,-1,-1,-1
436,2,0.00,0.00,0.00,0.00,1.0,-1,-1,-1
436,3,0.00,0.00,0.00,0.00,1.0,-1,-1,-1
436,4,639.00,315.00,35.00,82.00,1.0,-1,-1,-1
436,5,0.00,0.00,0.00,0.00,1.0,-1,-1,-1
436,6,0.00,0.00,0.00,0.00,1.0,-1,-1,-1
436,7,0.00,0.00,0.00,0.00,1.0,-1,-1,-1
436,8,0.00,0.00,0.00,0.00,1.0,-1,-1,-1
436,9,0.00,0.00,0.00,0.00,1.0,-1,-1,-1
436,10,858.00,304.00,50.00,150.00,1.0,-1,-1,-1
436,11,0.00,0.00,0.00,0.00,1.0,-1,-1,-1
436,12,348.00,251.00,167.00,395.00,1.0,-1,-1,-1
436,13,0.00,0.00,0.00,0.00,1.0,-1,-1,-1
436,14,1223.00,281.00,44.00,217.00,1.0,-1,-1,-1
436,15,0.00,0.00,0.00,0.00,1.0,-1,-1,-1
436,16,0.00,0.00,0.00,0.00,1.0,-1,-1,-1
436,17,954.00,308.00,45.00,147.00,1.0,-1,-1,-1
436,18,504.00,313.00,61.00,122.00,1.0,-1,-1,-1
437,0,1193.00,321.00,29.00,86.00,1.0,-1,-1,-1
437,1,0.00,0.00,0.00,0.00,1.0,-1,-1,-1
437,2,0.00,0.00,0.00,0.00,1.0,-1,-1,-1
437,3,0.00,0.00,0.00,0.00,1.0,-1,-1,-1
437,4,633.00,319.00,36.00,80.00,1.0,-1,-1,-1
437,5,0.00,0.00,0.00,0.00,1.0,-1,-1,-1
437,6,0.00,0.00,0.00,0.00,1.0,-1,-1,-1
437,7,0.00,0.00,0.00,0.00,1.0,-1,-1,-1
437,8,0.00,0.00,0.00,0.00,1.0,-1,-1,-1
437,9,0.00,0.00,0.00,0.00,1.0,-1,-1,-1
437,10,854.00,307.00,49.00,151.00,1.0,-1,-1,-1
437,11,0.00,0.00,0.00,0.00,1.0,-1,-1,-1
437,12,342.00,252.00,172.00,398.00,1.0,-1,-1,-1
437,13,0.00,0.00,0.00,0.00,1.0,-1,-1,-1
437,14,1222.00,282.00,44.00,219.00,1.0,-1,-1,-1
437,15,0.00,0.00,0.00,0.00,1.0,-1,-1,-1
437,16,0.00,0.00,0.00,0.00,1.0,-1,-1,-1
437,17,950.00,304.00,43.00,151.00,1.0,-1,-1,-1
437,18,499.00,315.00,57.00,122.00,1.0,-1,-1,-1
438,0,1195.00,321.00,25.00,80.00,1.0,-1,-1,-1
438,1,0.00,0.00,0.00,0.00,1.0,-1,-1,-1
438,2,0.00,0.00,0.00,0.00,1.0,-1,-1,-1
438,3,0.00,0.00,0.00,0.00,1.0,-1,-1,-1
438,4,630.00,319.00,38.00,81.00,1.0,-1,-1,-1
438,5,0.00,0.00,0.00,0.00,1.0,-1,-1,-1
438,6,0.00,0.00,0.00,0.00,1.0,-1,-1,-1
438,7,0.00,0.00,0.00,0.00,1.0,-1,-1,-1
438,8,0.00,0.00,0.00,0.00,1.0,-1,-1,-1
438,9,0.00,0.00,0.00,0.00,1.0,-1,-1,-1
438,10,850.00,308.00,50.00,153.00,1.0,-1,-1,-1
438,11,0.00,0.00,0.00,0.00,1.0,-1,-1,-1
438,12,334.00,252.00,178.00,402.00,1.0,-1,-1,-1
438,13,0.00,0.00,0.00,0.00,1.0,-1,-1,-1
438,14,1222.00,283.00,43.00,220.00,1.0,-1,-1,-1
438,15,0.00,0.00,0.00,0.00,1.0,-1,-1,-1
438,16,0.00,0.00,0.00,0.00,1.0,-1,-1,-1
438,17,947.00,304.00,44.00,151.00,1.0,-1,-1,-1
438,18,496.00,315.00,56.00,122.00,1.0,-1,-1,-1
439,0,0.00,0.00,0.00,0.00,1.0,-1,-1,-1
439,1,0.00,0.00,0.00,0.00,1.0,-1,-1,-1
439,2,0.00,0.00,0.00,0.00,1.0,-1,-1,-1
439,3,0.00,0.00,0.00,0.00,1.0,-1,-1,-1
439,4,629.00,322.00,37.00,80.00,1.0,-1,-1,-1
439,5,0.00,0.00,0.00,0.00,1.0,-1,-1,-1
439,6,0.00,0.00,0.00,0.00,1.0,-1,-1,-1
439,7,1903.00,999.00,17.00,58.00,1.0,-1,-1,-1
439,8,0.00,0.00,0.00,0.00,1.0,-1,-1,-1
439,9,0.00,0.00,0.00,0.00,1.0,-1,-1,-1
439,10,850.00,311.00,49.00,152.00,1.0,-1,-1,-1
439,11,0.00,0.00,0.00,0.00,1.0,-1,-1,-1
439,12,333.00,255.00,179.00,403.00,1.0,-1,-1,-1
439,13,0.00,0.00,0.00,0.00,1.0,-1,-1,-1
439,14,1221.00,285.00,43.00,222.00,1.0,-1,-1,-1
439,15,0.00,0.00,0.00,0.00,1.0,-1,-1,-1
439,16,0.00,0.00,0.00,0.00,1.0,-1,-1,-1
439,17,945.00,304.00,43.00,153.00,1.0,-1,-1,-1
439,18,494.00,318.00,57.00,123.00,1.0,-1,-1,-1
440,0,1183.00,321.00,34.00,98.00,1.0,-1,-1,-1
440,1,0.00,0.00,0.00,0.00,1.0,-1,-1,-1
440,2,0.00,0.00,0.00,0.00,1.0,-1,-1,-1
440,3,0.00,0.00,0.00,0.00,1.0,-1,-1,-1
440,4,626.00,326.00,37.00,78.00,1.0,-1,-1,-1
440,5,0.00,0.00,0.00,0.00,1.0,-1,-1,-1
440,6,0.00,0.00,0.00,0.00,1.0,-1,-1,-1
440,7,1901.00,989.00,19.00,65.00,1.0,-1,-1,-1
440,8,0.00,0.00,0.00,0.00,1.0,-1,-1,-1
440,9,0.00,0.00,0.00,0.00,1.0,-1,-1,-1
440,10,847.00,312.00,49.00,156.00,1.0,-1,-1,-1
440,11,0.00,0.00,0.00,0.00,1.0,-1,-1,-1
440,12,324.00,256.00,187.00,406.00,1.0,-1,-1,-1
440,13,0.00,0.00,0.00,0.00,1.0,-1,-1,-1
440,14,1217.00,288.00,47.00,222.00,1.0,-1,-1,-1
440,15,0.00,0.00,0.00,0.00,1.0,-1,-1,-1
440,16,0.00,0.00,0.00,0.00,1.0,-1,-1,-1
440,17,942.00,308.00,43.00,151.00,1.0,-1,-1,-1
440,18,490.00,320.00,57.00,122.00,1.0,-1,-1,-1
441,0,1181.00,324.00,37.00,124.00,1.0,-1,-1,-1
441,1,0.00,0.00,0.00,0.00,1.0,-1,-1,-1
441,2,0.00,0.00,0.00,0.00,1.0,-1,-1,-1
441,3,0.00,0.00,0.00,0.00,1.0,-1,-1,-1
441,4,626.00,326.00,36.00,81.00,1.0,-1,-1,-1
441,5,0.00,0.00,0.00,0.00,1.0,-1,-1,-1
441,6,0.00,0.00,0.00,0.00,1.0,-1,-1,-1
441,7,1904.00,1011.00,16.00,55.00,1.0,-1,-1,-1
441,8,0.00,0.00,0.00,0.00,1.0,-1,-1,-1
441,9,0.00,0.00,0.00,0.00,1.0,-1,-1,-1
441,10,846.00,314.00,50.00,155.00,1.0,-1,-1,-1
441,11,0.00,0.00,0.00,0.00,1.0,-1,-1,-1
441,12,324.00,256.00,189.00,414.00,1.0,-1,-1,-1
441,13,0.00,0.00,0.00,0.00,1.0,-1,-1,-1
441,14,1218.00,289.00,46.00,225.00,1.0,-1,-1,-1
441,15,0.00,0.00,0.00,0.00,1.0,-1,-1,-1
441,16,0.00,0.00,0.00,0.00,1.0,-1,-1,-1
441,17,942.00,301.00,43.00,162.00,1.0,-1,-1,-1
441,18,482.00,321.00,63.00,125.00,1.0,-1,-1,-1
442,0,1176.00,332.00,37.00,132.00,1.0,-1,-1,-1
442,1,0.00,0.00,0.00,0.00,1.0,-1,-1,-1
442,2,0.00,0.00,0.00,0.00,1.0,-1,-1,-1
442,3,0.00,0.00,0.00,0.00,1.0,-1,-1,-1
442,4,619.00,331.00,37.00,81.00,1.0,-1,-1,-1
442,5,0.00,0.00,0.00,0.00,1.0,-1,-1,-1
442,6,0.00,0.00,0.00,0.00,1.0,-1,-1,-1
442,7,0.00,0.00,0.00,0.00,1.0,-1,-1,-1
442,8,0.00,0.00,0.00,0.00,1.0,-1,-1,-1
442,9,0.00,0.00,0.00,0.00,1.0,-1,-1,-1
442,10,840.00,319.00,49.00,152.00,1.0,-1,-1,-1
442,11,0.00,0.00,0.00,0.00,1.0,-1,-1,-1
442,12,336.00,258.00,186.00,423.00,1.0,-1,-1,-1
442,13,0.00,0.00,0.00,0.00,1.0,-1,-1,-1
442,14,1214.00,294.00,46.00,226.00,1.0,-1,-1,-1
442,15,0.00,0.00,0.00,0.00,1.0,-1,-1,-1
442,16,0.00,0.00,0.00,0.00,1.0,-1,-1,-1
442,17,936.00,307.00,43.00,160.00,1.0,-1,-1,-1
442,18,480.00,325.00,54.00,127.00,1.0,-1,-1,-1
443,0,1173.00,331.00,39.00,133.00,1.0,-1,-1,-1
443,1,0.00,0.00,0.00,0.00,1.0,-1,-1,-1
443,2,0.00,0.00,0.00,0.00,1.0,-1,-1,-1
443,3,0.00,0.00,0.00,0.00,1.0,-1,-1,-1
443,4,617.00,330.00,37.00,82.00,1.0,-1,-1,-1
443,5,0.00,0.00,0.00,0.00,1.0,-1,-1,-1
443,6,0.00,0.00,0.00,0.00,1.0,-1,-1,-1
443,7,0.00,0.00,0.00,0.00,1.0,-1,-1,-1
443,8,0.00,0.00,0.00,0.00,1.0,-1,-1,-1
443,9,0.00,0.00,0.00,0.00,1.0,-1,-1,-1
443,10,835.00,319.00,52.00,150.00,1.0,-1,-1,-1
443,11,0.00,0.00,0.00,0.00,1.0,-1,-1,-1
443,12,341.00,258.00,176.00,413.00,1.0,-1,-1,-1
443,13,0.00,0.00,0.00,0.00,1.0,-1,-1,-1
443,14,1211.00,295.00,48.00,225.00,1.0,-1,-1,-1
443,15,0.00,0.00,0.00,0.00,1.0,-1,-1,-1
443,16,0.00,0.00,0.00,0.00,1.0,-1,-1,-1
443,17,934.00,311.00,43.00,156.00,1.0,-1,-1,-1
443,18,480.00,325.00,50.00,127.00,1.0,-1,-1,-1
444,0,1171.00,332.00,38.00,133.00,1.0,-1,-1,-1
444,1,0.00,0.00,0.00,0.00,1.0,-1,-1,-1
444,2,0.00,0.00,0.00,0.00,1.0,-1,-1,-1
444,3,0.00,0.00,0.00,0.00,1.0,-1,-1,-1
444,4,614.00,330.00,36.00,84.00,1.0,-1,-1,-1
444,5,0.00,0.00,0.00,0.00,1.0,-1,-1,-1
444,6,0.00,0.00,0.00,0.00,1.0,-1,-1,-1
444,7,0.00,0.00,0.00,0.00,1.0,-1,-1,-1
444,8,0.00,0.00,0.00,0.00,1.0,-1,-1,-1
444,9,0.00,0.00,0.00,0.00,1.0,-1,-1,-1
444,10,833.00,319.00,50.00,156.00,1.0,-1,-1,-1
444,11,0.00,0.00,0.00,0.00,1.0,-1,-1,-1
444,12,351.00,257.00,164.00,407.00,1.0,-1,-1,-1
444,13,0.00,0.00,0.00,0.00,1.0,-1,-1,-1
444,14,1210.00,296.00,47.00,230.00,1.0,-1,-1,-1
444,15,0.00,0.00,0.00,0.00,1.0,-1,-1,-1
444,16,0.00,0.00,0.00,0.00,1.0,-1,-1,-1
444,17,931.00,315.00,43.00,155.00,1.0,-1,-1,-1
444,18,479.00,325.00,48.00,130.00,1.0,-1,-1,-1
445,0,1167.00,313.00,45.00,153.00,1.0,-1,-1,-1
445,1,0.00,0.00,0.00,0.00,1.0,-1,-1,-1
445,2,0.00,0.00,0.00,0.00,1.0,-1,-1,-1
445,3,0.00,0.00,0.00,0.00,1.0,-1,-1,-1
445,4,610.00,329.00,38.00,85.00,1.0,-1,-1,-1
445,5,0.00,0.00,0.00,0.00,1.0,-1,-1,-1
445,6,0.00,0.00,0.00,0.00,1.0,-1,-1,-1
445,7,0.00,0.00,0.00,0.00,1.0,-1,-1,-1
445,8,0.00,0.00,0.00,0.00,1.0,-1,-1,-1
445,9,0.00,0.00,0.00,0.00,1.0,-1,-1,-1
445,10,830.00,319.00,50.00,154.00,1.0,-1,-1,-1
445,11,0.00,0.00,0.00,0.00,1.0,-1,-1,-1
445,12,350.00,256.00,161.00,414.00,1.0,-1,-1,-1
445,13,0.00,0.00,0.00,0.00,1.0,-1,-1,-1
445,14,1208.00,296.00,47.00,229.00,1.0,-1,-1,-1
445,15,0.00,0.00,0.00,0.00,1.0,-1,-1,-1
445,16,0.00,0.00,0.00,0.00,1.0,-1,-1,-1
445,17,928.00,315.00,45.00,154.00,1.0,-1,-1,-1
445,18,477.00,326.00,45.00,129.00,1.0,-1,-1,-1
446,0,1164.00,331.00,41.00,136.00,1.0,-1,-1,-1
446,1,0.00,0.00,0.00,0.00,1.0,-1,-1,-1
446,2,0.00,0.00,0.00,0.00,1.0,-1,-1,-1
446,3,0.00,0.00,0.00,0.00,1.0,-1,-1,-1
446,4,607.00,330.00,38.00,85.00,1.0,-1,-1,-1
446,5,0.00,0.00,0.00,0.00,1.0,-1,-1,-1
446,6,0.00,0.00,0.00,0.00,1.0,-1,-1,-1
446,7,0.00,0.00,0.00,0.00,1.0,-1,-1,-1
446,8,0.00,0.00,0.00,0.00,1.0,-1,-1,-1
446,9,0.00,0.00,0.00,0.00,1.0,-1,-1,-1
446,10,829.00,320.00,49.00,153.00,1.0,-1,-1,-1
446,11,0.00,0.00,0.00,0.00,1.0,-1,-1,-1
446,12,347.00,255.00,163.00,403.00,1.0,-1,-1,-1
446,13,0.00,0.00,0.00,0.00,1.0,-1,-1,-1
446,14,1204.00,296.00,50.00,229.00,1.0,-1,-1,-1
446,15,0.00,0.00,0.00,0.00,1.0,-1,-1,-1
446,16,0.00,0.00,0.00,0.00,1.0,-1,-1,-1
446,17,926.00,318.00,44.00,151.00,1.0,-1,-1,-1
446,18,473.00,326.00,45.00,128.00,1.0,-1,-1,-1
447,0,1154.00,330.00,44.00,136.00,1.0,-1,-1,-1
447,1,0.00,0.00,0.00,0.00,1.0,-1,-1,-1
447,2,0.00,0.00,0.00,0.00,1.0,-1,-1,-1
447,3,0.00,0.00,0.00,0.00,1.0,-1,-1,-1
447,4,600.00,330.00,38.00,85.00,1.0,-1,-1,-1
447,5,0.00,0.00,0.00,0.00,1.0,-1,-1,-1
447,6,0.00,0.00,0.00,0.00,1.0,-1,-1,-1
447,7,0.00,0.00,0.00,0.00,1.0,-1,-1,-1
447,8,0.00,0.00,0.00,0.00,1.0,-1,-1,-1
447,9,0.00,0.00,0.00,0.00,1.0,-1,-1,-1
447,10,819.00,319.00,50.00,156.00,1.0,-1,-1,-1
447,11,0.00,0.00,0.00,0.00,1.0,-1,-1,-1
447,12,338.00,253.00,170.00,412.00,1.0,-1,-1,-1
447,13,0.00,0.00,0.00,0.00,1.0,-1,-1,-1
447,14,1199.00,295.00,50.00,230.00,1.0,-1,-1,-1
447,15,0.00,0.00,0.00,0.00,1.0,-1,-1,-1
447,16,0.00,0.00,0.00,0.00,1.0,-1,-1,-1
447,17,919.00,320.00,44.00,149.00,1.0,-1,-1,-1
447,18,464.00,324.00,44.00,139.00,1.0,-1,-1,-1
448,0,1151.00,331.00,46.00,136.00,1.0,-1,-1,-1
448,1,0.00,0.00,0.00,0.00,1.0,-1,-1,-1
448,2,0.00,0.00,0.00,0.00,1.0,-1,-1,-1
448,3,0.00,0.00,0.00,0.00,1.0,-1,-1,-1
448,4,597.00,332.00,38.00,84.00,1.0,-1,-1,-1
448,5,0.00,0.00,0.00,0.00,1.0,-1,-1,-1
448,6,0.00,0.00,0.00,0.00,1.0,-1,-1,-1
448,7,0.00,0.00,0.00,0.00,1.0,-1,-1,-1
448,8,0.00,0.00,0.00,0.00,1.0,-1,-1,-1
448,9,0.00,0.00,0.00,0.00,1.0,-1,-1,-1
448,10,816.00,319.00,50.00,156.00,1.0,-1,-1,-1
448,11,0.00,0.00,0.00,0.00,1.0,-1,-1,-1
448,12,335.00,253.00,173.00,413.00,1.0,-1,-1,-1
448,13,0.00,0.00,0.00,0.00,1.0,-1,-1,-1
448,14,1197.00,295.00,51.00,231.00,1.0,-1,-1,-1
448,15,0.00,0.00,0.00,0.00,1.0,-1,-1,-1
448,16,0.00,0.00,0.00,0.00,1.0,-1,-1,-1
448,17,918.00,323.00,44.00,146.00,1.0,-1,-1,-1
448,18,462.00,326.00,39.00,135.00,1.0,-1,-1,-1
449,0,1149.00,330.00,48.00,136.00,1.0,-1,-1,-1
449,1,0.00,0.00,0.00,0.00,1.0,-1,-1,-1
449,2,0.00,0.00,0.00,0.00,1.0,-1,-1,-1
449,3,0.00,0.00,0.00,0.00,1.0,-1,-1,-1
449,4,596.00,332.00,39.00,84.00,1.0,-1,-1,-1
449,5,0.00,0.00,0.00,0.00,1.0,-1,-1,-1
449,6,0.00,0.00,0.00,0.00,1.0,-1,-1,-1
449,7,0.00,0.00,0.00,0.00,1.0,-1,-1,-1
449,8,0.00,0.00,0.00,0.00,1.0,-1,-1,-1
449,9,0.00,0.00,0.00,0.00,1.0,-1,-1,-1
449,10,815.00,320.00,49.00,154.00,1.0,-1,-1,-1
449,11,0.00,0.00,0.00,0.00,1.0,-1,-1,-1
449,12,333.00,251.00,176.00,420.00,1.0,-1,-1,-1
449,13,0.00,0.00,0.00,0.00,1.0,-1,-1,-1
449,14,1196.00,294.00,52.00,232.00,1.0,-1,-1,-1
449,15,0.00,0.00,0.00,0.00,1.0,-1,-1,-1
449,16,0.00,0.00,0.00,0.00,1.0,-1,-1,-1
449,17,917.00,322.00,45.00,150.00,1.0,-1,-1,-1
449,18,454.00,327.00,38.00,133.00,1.0,-1,-1,-1
450,0,1148.00,330.00,49.00,134.00,1.0,-1,-1,-1
450,1,0.00,0.00,0.00,0.00,1.0,-1,-1,-1
450,2,0.00,0.00,0.00,0.00,1.0,-1,-1,-1
450,3,0.00,0.00,0.00,0.00,1.0,-1,-1,-1
450,4,596.00,332.00,40.00,84.00,1.0,-1,-1,-1
450,5,0.00,0.00,0.00,0.00,1.0,-1,-1,-1
450,6,0.00,0.00,0.00,0.00,1.0,-1,-1,-1
450,7,0.00,0.00,0.00,0.00,1.0,-1,-1,-1
450,8,0.00,0.00,0.00,0.00,1.0,-1,-1,-1
450,9,0.00,0.00,0.00,0.00,1.0,-1,-1,-1
450,10,813.00,321.00,50.00,152.00,1.0,-1,-1,-1
450,11,0.00,0.00,0.00,0.00,1.0,-1,-1,-1
450,12,331.00,250.00,184.00,428.00,1.0,-1,-1,-1
450,13,0.00,0.00,0.00,0.00,1.0,-1,-1,-1
450,14,1197.00,294.00,51.00,231.00,1.0,-1,-1,-1
450,15,0.00,0.00,0.00,0.00,1.0,-1,-1,-1
450,16,0.00,0.00,0.00,0.00,1.0,-1,-1,-1
450,17,917.00,322.00,45.00,149.00,1.0,-1,-1,-1
450,18,453.00,327.00,33.00,131.00,1.0,-1,-1,-1
451,0,1144.00,331.00,53.00,137.00,1.0,-1,-1,-1
451,1,0.00,0.00,0.00,0.00,1.0,-1,-1,-1
451,2,0.00,0.00,0.00,0.00,1.0,-1,-1,-1
451,3,0.00,0.00,0.00,0.00,1.0,-1,-1,-1
451,4,595.00,335.00,39.00,83.00,1.0,-1,-1,-1
451,5,0.00,0.00,0.00,0.00,1.0,-1,-1,-1
451,6,0.00,0.00,0.00,0.00,1.0,-1,-1,-1
451,7,0.00,0.00,0.00,0.00,1.0,-1,-1,-1
451,8,0.00,0.00,0.00,0.00,1.0,-1,-1,-1
451,9,0.00,0.00,0.00,0.00,1.0,-1,-1,-1
451,10,810.00,322.00,49.00,153.00,1.0,-1,-1,-1
451,11,0.00,0.00,0.00,0.00,1.0,-1,-1,-1
451,12,326.00,252.00,209.00,422.00,1.0,-1,-1,-1
451,13,0.00,0.00,0.00,0.00,1.0,-1,-1,-1
451,14,1193.00,294.00,55.00,231.00,1.0,-1,-1,-1
451,15,0.00,0.00,0.00,0.00,1.0,-1,-1,-1
451,16,0.00,0.00,0.00,0.00,1.0,-1,-1,-1
451,17,916.00,323.00,45.00,151.00,1.0,-1,-1,-1
451,18,0.00,0.00,0.00,0.00,1.0,-1,-1,-1
452,0,1142.00,334.00,55.00,133.00,1.0,-1,-1,-1
452,1,0.00,0.00,0.00,0.00,1.0,-1,-1,-1
452,2,0.00,0.00,0.00,0.00,1.0,-1,-1,-1
452,3,0.00,0.00,0.00,0.00,1.0,-1,-1,-1
452,4,594.00,337.00,39.00,82.00,1.0,-1,-1,-1
452,5,0.00,0.00,0.00,0.00,1.0,-1,-1,-1
452,6,0.00,0.00,0.00,0.00,1.0,-1,-1,-1
452,7,0.00,0.00,0.00,0.00,1.0,-1,-1,-1
452,8,0.00,0.00,0.00,0.00,1.0,-1,-1,-1
452,9,0.00,0.00,0.00,0.00,1.0,-1,-1,-1
452,10,807.00,324.00,50.00,149.00,1.0,-1,-1,-1
452,11,0.00,0.00,0.00,0.00,1.0,-1,-1,-1
452,12,323.00,254.00,216.00,426.00,1.0,-1,-1,-1
452,13,0.00,0.00,0.00,0.00,1.0,-1,-1,-1
452,14,1192.00,295.00,55.00,234.00,1.0,-1,-1,-1
452,15,0.00,0.00,0.00,0.00,1.0,-1,-1,-1
452,16,0.00,0.00,0.00,0.00,1.0,-1,-1,-1
452,17,915.00,326.00,45.00,147.00,1.0,-1,-1,-1
452,18,0.00,0.00,0.00,0.00,1.0,-1,-1,-1
453,0,1140.00,338.00,44.00,133.00,1.0,-1,-1,-1
453,1,0.00,0.00,0.00,0.00,1.0,-1,-1,-1
453,2,0.00,0.00,0.00,0.00,1.0,-1,-1,-1
453,3,0.00,0.00,0.00,0.00,1.0,-1,-1,-1
453,4,595.00,341.00,40.00,83.00,1.0,-1,-1,-1
453,5,0.00,0.00,0.00,0.00,1.0,-1,-1,-1
453,6,0.00,0.00,0.00,0.00,1.0,-1,-1,-1
453,7,0.00,0.00,0.00,0.00,1.0,-1,-1,-1
453,8,0.00,0.00,0.00,0.00,1.0,-1,-1,-1
453,9,0.00,0.00,0.00,0.00,1.0,-1,-1,-1
453,10,806.00,329.00,50.00,146.00,1.0,-1,-1,-1
453,11,0.00,0.00,0.00,0.00,1.0,-1,-1,-1
453,12,324.00,259.00,219.00,425.00,1.0,-1,-1,-1
453,13,0.00,0.00,0.00,0.00,1.0,-1,-1,-1
453,14,1194.00,298.00,57.00,234.00,1.0,-1,-1,-1
453,15,0.00,0.00,0.00,0.00,1.0,-1,-1,-1
453,16,0.00,0.00,0.00,0.00,1.0,-1,-1,-1
453,17,915.00,328.00,45.00,149.00,1.0,-1,-1,-1
453,18,0.00,0.00,0.00,0.00,1.0,-1,-1,-1
454,0,1143.00,340.00,44.00,130.00,1.0,-1,-1,-1
454,1,0.00,0.00,0.00,0.00,1.0,-1,-1,-1
454,2,0.00,0.00,0.00,0.00,1.0,-1,-1,-1
454,3,0.00,0.00,0.00,0.00,1.0,-1,-1,-1
454,4,599.00,343.00,39.00,83.00,1.0,-1,-1,-1
454,5,0.00,0.00,0.00,0.00,1.0,-1,-1,-1
454,6,0.00,0.00,0.00,0.00,1.0,-1,-1,-1
454,7,0.00,0.00,0.00,0.00,1.0,-1,-1,-1
454,8,0.00,0.00,0.00,0.00,1.0,-1,-1,-1
454,9,0.00,0.00,0.00,0.00,1.0,-1,-1,-1
454,10,808.00,330.00,52.00,147.00,1.0,-1,-1,-1
454,11,0.00,0.00,0.00,0.00,1.0,-1,-1,-1
454,12,329.00,263.00,214.00,431.00,1.0,-1,-1,-1
454,13,0.00,0.00,0.00,0.00,1.0,-1,-1,-1
454,14,1197.00,300.00,58.00,237.00,1.0,-1,-1,-1
454,15,0.00,0.00,0.00,0.00,1.0,-1,-1,-1
454,16,0.00,0.00,0.00,0.00,1.0,-1,-1,-1
454,17,919.00,326.00,43.00,152.00,1.0,-1,-1,-1
454,18,0.00,0.00,0.00,0.00,1.0,-1,-1,-1
455,0,1143.00,337.00,48.00,136.00,1.0,-1,-1,-1
455,1,0.00,0.00,0.00,0.00,1.0,-1,-1,-1
455,2,0.00,0.00,0.00,0.00,1.0,-1,-1,-1
455,3,0.00,0.00,0.00,0.00,1.0,-1,-1,-1
455,4,603.00,342.00,38.00,83.00,1.0,-1,-1,-1
455,5,0.00,0.00,0.00,0.00,1.0,-1,-1,-1
455,6,0.00,0.00,0.00,0.00,1.0,-1,-1,-1
455,7,0.00,0.00,0.00,0.00,1.0,-1,-1,-1
455,8,0.00,0.00,0.00,0.00,1.0,-1,-1,-1
455,9,0.00,0.00,0.00,0.00,1.0,-1,-1,-1
455,10,810.00,328.00,50.00,148.00,1.0,-1,-1,-1
455,11,0.00,0.00,0.00,0.00,1.0,-1,-1,-1
455,12,329.00,263.00,212.00,437.00,1.0,-1,-1,-1
455,13,0.00,0.00,0.00,0.00,1.0,-1,-1,-1
455,14,1199.00,299.00,59.00,234.00,1.0,-1,-1,-1
455,15,0.00,0.00,0.00,0.00,1.0,-1,-1,-1
455,16,0.00,0.00,0.00,0.00,1.0,-1,-1,-1
455,17,919.00,324.00,47.00,154.00,1.0,-1,-1,-1
455,18,0.00,0.00,0.00,0.00,1.0,-1,-1,-1
456,0,1146.00,339.00,47.00,137.00,1.0,-1,-1,-1
456,1,0.00,0.00,0.00,0.00,1.0,-1,-1,-1
456,2,0.00,0.00,0.00,0.00,1.0,-1,-1,-1
456,3,0.00,0.00,0.00,0.00,1.0,-1,-1,-1
456,4,605.00,343.00,37.00,84.00,1.0,-1,-1,-1
456,5,0.00,0.00,0.00,0.00,1.0,-1,-1,-1
456,6,0.00,0.00,0.00,0.00,1.0,-1,-1,-1
456,7,0.00,0.00,0.00,0.00,1.0,-1,-1,-1
456,8,0.00,0.00,0.00,0.00,1.0,-1,-1,-1
456,9,0.00,0.00,0.00,0.00,1.0,-1,-1,-1
456,10,811.00,329.00,52.00,150.00,1.0,-1,-1,-1
456,11,0.00,0.00,0.00,0.00,1.0,-1,-1,-1
456,12,332.00,264.00,200.00,440.00,1.0,-1,-1,-1
456,13,0.00,0.00,0.00,0.00,1.0,-1,-1,-1
456,14,1203.00,301.00,59.00,240.00,1.0,-1,-1,-1
456,15,0.00,0.00,0.00,0.00,1.0,-1,-1,-1
456,16,0.00,0.00,0.00,0.00,1.0,-1,-1,-1
456,17,922.00,325.00,46.00,155.00,1.0,-1,-1,-1
456,18,0.00,0.00,0.00,0.00,1.0,-1,-1,-1
457,0,1147.00,339.00,51.00,135.00,1.0,-1,-1,-1
457,1,0.00,0.00,0.00,0.00,1.0,-1,-1,-1
457,2,0.00,0.00,0.00,0.00,1.0,-1,-1,-1
457,3,0.00,0.00,0.00,0.00,1.0,-1,-1,-1
457,4,608.00,342.00,38.00,87.00,1.0,-1,-1,-1
457,5,0.00,0.00,0.00,0.00,1.0,-1,-1,-1
457,6,0.00,0.00,0.00,0.00,1.0,-1,-1,-1
457,7,0.00,0.00,0.00,0.00,1.0,-1,-1,-1
457,8,0.00,0.00,0.00,0.00,1.0,-1,-1,-1
457,9,0.00,0.00,0.00,0.00,1.0,-1,-1,-1
457,10,814.00,329.00,53.00,150.00,1.0,-1,-1,-1
457,11,0.00,0.00,0.00,0.00,1.0,-1,-1,-1
457,12,333.00,266.00,204.00,436.00,1.0,-1,-1,-1
457,13,0.00,0.00,0.00,0.00,1.0,-1,-1,-1
457,14,1208.00,301.00,59.00,240.00,1.0,-1,-1,-1
457,15,0.00,0.00,0.00,0.00,1.0,-1,-1,-1
457,16,0.00,0.00,0.00,0.00,1.0,-1,-1,-1
457,17,924.00,324.00,49.00,156.00,1.0,-1,-1,-1
457,18,0.00,0.00,0.00,0.00,1.0,-1,-1,-1
458,0,1145.00,335.00,49.00,138.00,1.0,-1,-1,-1
458,1,0.00,0.00,0.00,0.00,1.0,-1,-1,-1
458,2,0.00,0.00,0.00,0.00,1.0,-1,-1,-1
458,3,0.00,0.00,0.00,0.00,1.0,-1,-1,-1
458,4,610.00,339.00,39.00,89.00,1.0,-1,-1,-1
458,5,0.00,0.00,0.00,0.00,1.0,-1,-1,-1
458,6,0.00,0.00,0.00,0.00,1.0,-1,-1,-1
458,7,0.00,0.00,0.00,0.00,1.0,-1,-1,-1
458,8,0.00,0.00,0.00,0.00,1.0,-1,-1,-1
458,9,0.00,0.00,0.00,0.00,1.0,-1,-1,-1
458,10,816.00,326.00,51.00,153.00,1.0,-1,-1,-1
458,11,0.00,0.00,0.00,0.00,1.0,-1,-1,-1
458,12,337.00,263.00,214.00,441.00,1.0,-1,-1,-1
458,13,0.00,0.00,0.00,0.00,1.0,-1,-1,-1
458,14,1208.00,298.00,67.00,241.00,1.0,-1,-1,-1
458,15,0.00,0.00,0.00,0.00,1.0,-1,-1,-1
458,16,0.00,0.00,0.00,0.00,1.0,-1,-1,-1
458,17,926.00,319.00,49.00,159.00,1.0,-1,-1,-1
458,18,0.00,0.00,0.00,0.00,1.0,-1,-1,-1
459,0,1146.00,333.00,46.00,138.00,1.0,-1,-1,-1
459,1,0.00,0.00,0.00,0.00,1.0,-1,-1,-1
459,2,0.00,0.00,0.00,0.00,1.0,-1,-1,-1
459,3,0.00,0.00,0.00,0.00,1.0,-1,-1,-1
459,4,613.00,337.00,37.00,89.00,1.0,-1,-1,-1
459,5,0.00,0.00,0.00,0.00,1.0,-1,-1,-1
459,6,0.00,0.00,0.00,0.00,1.0,-1,-1,-1
459,7,0.00,0.00,0.00,0.00,1.0,-1,-1,-1
459,8,0.00,0.00,0.00,0.00,1.0,-1,-1,-1
459,9,0.00,0.00,0.00,0.00,1.0,-1,-1,-1
459,10,817.00,324.00,51.00,153.00,1.0,-1,-1,-1
459,11,0.00,0.00,0.00,0.00,1.0,-1,-1,-1
459,12,341.00,262.00,215.00,440.00,1.0,-1,-1,-1
459,13,0.00,0.00,0.00,0.00,1.0,-1,-1,-1
459,14,1209.00,296.00,63.00,241.00,1.0,-1,-1,-1
459,15,0.00,0.00,0.00,0.00,1.0,-1,-1,-1
459,16,0.00,0.00,0.00,0.00,1.0,-1,-1,-1
459,17,927.00,317.00,47.00,159.00,1.0,-1,-1,-1
459,18,0.00,0.00,0.00,0.00,1.0,-1,-1,-1
460,0,1147.00,314.00,65.00,154.00,1.0,-1,-1,-1
460,1,0.00,0.00,0.00,0.00,1.0,-1,-1,-1
460,2,0.00,0.00,0.00,0.00,1.0,-1,-1,-1
460,3,0.00,0.00,0.00,0.00,1.0,-1,-1,-1
460,4,614.00,335.00,37.00,89.00,1.0,-1,-1,-1
460,5,0.00,0.00,0.00,0.00,1.0,-1,-1,-1
460,6,0.00,0.00,0.00,0.00,1.0,-1,-1,-1
460,7,0.00,0.00,0.00,0.00,1.0,-1,-1,-1
460,8,0.00,0.00,0.00,0.00,1.0,-1,-1,-1
460,9,0.00,0.00,0.00,0.00,1.0,-1,-1,-1
460,10,818.00,322.00,51.00,156.00,1.0,-1,-1,-1
460,11,0.00,0.00,0.00,0.00,1.0,-1,-1,-1
460,12,343.00,260.00,218.00,443.00,1.0,-1,-1,-1
460,13,0.00,0.00,0.00,0.00,1.0,-1,-1,-1
460,14,1208.00,294.00,67.00,242.00,1.0,-1,-1,-1
460,15,0.00,0.00,0.00,0.00,1.0,-1,-1,-1
460,16,0.00,0.00,0.00,0.00,1.0,-1,-1,-1
460,17,928.00,313.00,47.00,163.00,1.0,-1,-1,-1
460,18,0.00,0.00,0.00,0.00,1.0,-1,-1,-1
461,0,1146.00,313.00,66.00,154.00,1.0,-1,-1,-1
461,1,0.00,0.00,0.00,0.00,1.0,-1,-1,-1
461,2,0.00,0.00,0.00,0.00,1.0,-1,-1,-1
461,3,0.00,0.00,0.00,0.00,1.0,-1,-1,-1
461,4,615.00,334.00,37.00,89.00,1.0,-1,-1,-1
461,5,0.00,0.00,0.00,0.00,1.0,-1,-1,-1
461,6,0.00,0.00,0.00,0.00,1.0,-1,-1,-1
461,7,0.00,0.00,0.00,0.00,1.0,-1,-1,-1
461,8,0.00,0.00,0.00,0.00,1.0,-1,-1,-1
461,9,0.00,0.00,0.00,0.00,1.0,-1,-1,-1
461,10,818.00,321.00,52.00,154.00,1.0,-1,-1,-1
461,11,0.00,0.00,0.00,0.00,1.0,-1,-1,-1
461,12,343.00,257.00,221.00,446.00,1.0,-1,-1,-1
461,13,0.00,0.00,0.00,0.00,1.0,-1,-1,-1
461,14,1212.00,292.00,68.00,243.00,1.0,-1,-1,-1
461,15,0.00,0.00,0.00,0.00,1.0,-1,-1,-1
461,16,0.00,0.00,0.00,0.00,1.0,-1,-1,-1
461,17,929.00,310.00,45.00,165.00,1.0,-1,-1,-1
461,18,0.00,0.00,0.00,0.00,1.0,-1,-1,-1
462,0,1146.00,313.00,66.00,154.00,1.0,-1,-1,-1
462,1,0.00,0.00,0.00,0.00,1.0,-1,-1,-1
462,2,0.00,0.00,0.00,0.00,1.0,-1,-1,-1
462,3,0.00,0.00,0.00,0.00,1.0,-1,-1,-1
462,4,615.00,334.00,37.00,88.00,1.0,-1,-1,-1
462,5,0.00,0.00,0.00,0.00,1.0,-1,-1,-1
462,6,0.00,0.00,0.00,0.00,1.0,-1,-1,-1
462,7,0.00,0.00,0.00,0.00,1.0,-1,-1,-1
462,8,0.00,0.00,0.00,0.00,1.0,-1,-1,-1
462,9,0.00,0.00,0.00,0.00,1.0,-1,-1,-1
462,10,818.00,321.00,51.00,154.00,1.0,-1,-1,-1
462,11,0.00,0.00,0.00,0.00,1.0,-1,-1,-1
462,12,343.00,256.00,222.00,444.00,1.0,-1,-1,-1
462,13,0.00,0.00,0.00,0.00,1.0,-1,-1,-1
462,14,1214.00,291.00,67.00,244.00,1.0,-1,-1,-1
462,15,0.00,0.00,0.00,0.00,1.0,-1,-1,-1
462,16,0.00,0.00,0.00,0.00,1.0,-1,-1,-1
462,17,928.00,311.00,45.00,162.00,1.0,-1,-1,-1
462,18,0.00,0.00,0.00,0.00,1.0,-1,-1,-1
463,0,1145.00,313.00,68.00,154.00,1.0,-1,-1,-1
463,1,0.00,0.00,0.00,0.00,1.0,-1,-1,-1
463,2,0.00,0.00,0.00,0.00,1.0,-1,-1,-1
463,3,0.00,0.00,0.00,0.00,1.0,-1,-1,-1
463,4,617.00,333.00,36.00,89.00,1.0,-1,-1,-1
463,5,0.00,0.00,0.00,0.00,1.0,-1,-1,-1
463,6,0.00,0.00,0.00,0.00,1.0,-1,-1,-1
463,7,0.00,0.00,0.00,0.00,1.0,-1,-1,-1
463,8,0.00,0.00,0.00,0.00,1.0,-1,-1,-1
463,9,0.00,0.00,0.00,0.00,1.0,-1,-1,-1
463,10,819.00,320.00,50.00,155.00,1.0,-1,-1,-1
463,11,0.00,0.00,0.00,0.00,1.0,-1,-1,-1
463,12,343.00,252.00,215.00,447.00,1.0,-1,-1,-1
463,13,0.00,0.00,0.00,0.00,1.0,-1,-1,-1
463,14,1217.00,288.00,68.00,249.00,1.0,-1,-1,-1
463,15,0.00,0.00,0.00,0.00,1.0,-1,-1,-1
463,16,0.00,0.00,0.00,0.00,1.0,-1,-1,-1
463,17,927.00,312.00,46.00,161.00,1.0,-1,-1,-1
463,18,0.00,0.00,0.00,0.00,1.0,-1,-1,-1
464,0,1145.00,313.00,68.00,154.00,1.0,-1,-1,-1
464,1,0.00,0.00,0.00,0.00,1.0,-1,-1,-1
464,2,0.00,0.00,0.00,0.00,1.0,-1,-1,-1
464,3,0.00,0.00,0.00,0.00,1.0,-1,-1,-1
464,4,618.00,334.00,35.00,88.00,1.0,-1,-1,-1
464,5,0.00,0.00,0.00,0.00,1.0,-1,-1,-1
464,6,0.00,0.00,0.00,0.00,1.0,-1,-1,-1
464,7,0.00,0.00,0.00,0.00,1.0,-1,-1,-1
464,8,0.00,0.00,0.00,0.00,1.0,-1,-1,-1
464,9,0.00,0.00,0.00,0.00,1.0,-1,-1,-1
464,10,819.00,320.00,51.00,155.00,1.0,-1,-1,-1
464,11,0.00,0.00,0.00,0.00,1.0,-1,-1,-1
464,12,344.00,250.00,209.00,450.00,1.0,-1,-1,-1
464,13,0.00,0.00,0.00,0.00,1.0,-1,-1,-1
464,14,1218.00,288.00,69.00,249.00,1.0,-1,-1,-1
464,15,0.00,0.00,0.00,0.00,1.0,-1,-1,-1
464,16,0.00,0.00,0.00,0.00,1.0,-1,-1,-1
464,17,928.00,313.00,44.00,160.00,1.0,-1,-1,-1
464,18,0.00,0.00,0.00,0.00,1.0,-1,-1,-1
465,0,1146.00,314.00,66.00,153.00,1.0,-1,-1,-1
465,1,0.00,0.00,0.00,0.00,1.0,-1,-1,-1
465,2,0.00,0.00,0.00,0.00,1.0,-1,-1,-1
465,3,0.00,0.00,0.00,0.00,1.0,-1,-1,-1
465,4,619.00,335.00,35.00,87.00,1.0,-1,-1,-1
465,5,0.00,0.00,0.00,0.00,1.0,-1,-1,-1
465,6,0.00,0.00,0.00,0.00,1.0,-1,-1,-1
465,7,0.00,0.00,0.00,0.00,1.0,-1,-1,-1
465,8,0.00,0.00,0.00,0.00,1.0,-1,-1,-1
465,9,0.00,0.00,0.00,0.00,1.0,-1,-1,-1
465,10,820.00,321.00,50.00,154.00,1.0,-1,-1,-1
465,11,0.00,0.00,0.00,0.00,1.0,-1,-1,-1
465,12,344.00,250.00,198.00,450.00,1.0,-1,-1,-1
465,13,0.00,0.00,0.00,0.00,1.0,-1,-1,-1
465,14,1222.00,288.00,67.00,249.00,1.0,-1,-1,-1
465,15,0.00,0.00,0.00,0.00,1.0,-1,-1,-1
465,16,0.00,0.00,0.00,0.00,1.0,-1,-1,-1
465,17,928.00,312.00,44.00,160.00,1.0,-1,-1,-1
465,18,0.00,0.00,0.00,0.00,1.0,-1,-1,-1
466,0,1148.00,314.00,64.00,154.00,1.0,-1,-1,-1
466,1,0.00,0.00,0.00,0.00,1.0,-1,-1,-1
466,2,0.00,0.00,0.00,0.00,1.0,-1,-1,-1
466,3,0.00,0.00,0.00,0.00,1.0,-1,-1,-1
466,4,620.00,335.00,38.00,88.00,1.0,-1,-1,-1
466,5,0.00,0.00,0.00,0.00,1.0,-1,-1,-1
466,6,0.00,0.00,0.00,0.00,1.0,-1,-1,-1
466,7,0.00,0.00,0.00,0.00,1.0,-1,-1,-1
466,8,0.00,0.00,0.00,0.00,1.0,-1,-1,-1
466,9,0.00,0.00,0.00,0.00,1.0,-1,-1,-1
466,10,821.00,321.00,50.00,154.00,1.0,-1,-1,-1
466,11,0.00,0.00,0.00,0.00,1.0,-1,-1,-1
466,12,343.00,249.00,190.00,453.00,1.0,-1,-1,-1
466,13,0.00,0.00,0.00,0.00,1.0,-1,-1,-1
466,14,1223.00,288.00,65.00,251.00,1.0,-1,-1,-1
466,15,0.00,0.00,0.00,0.00,1.0,-1,-1,-1
466,16,0.00,0.00,0.00,0.00,1.0,-1,-1,-1
466,17,929.00,316.00,44.00,155.00,1.0,-1,-1,-1
466,18,0.00,0.00,0.00,0.00,1.0,-1,-1,-1
467,0,1148.00,314.00,64.00,153.00,1.0,-1,-1,-1
467,1,0.00,0.00,0.00,0.00,1.0,-1,-1,-1
467,2,0.00,0.00,0.00,0.00,1.0,-1,-1,-1
467,3,0.00,0.00,0.00,0.00,1.0,-1,-1,-1
467,4,617.00,335.00,41.00,86.00,1.0,-1,-1,-1
467,5,0.00,0.00,0.00,0.00,1.0,-1,-1,-1
467,6,0.00,0.00,0.00,0.00,1.0,-1,-1,-1
467,7,0.00,0.00,0.00,0.00,1.0,-1,-1,-1
467,8,0.00,0.00,0.00,0.00,1.0,-1,-1,-1
467,9,0.00,0.00,0.00,0.00,1.0,-1,-1,-1
467,10,818.00,323.00,52.00,152.00,1.0,-1,-1,-1
467,11,0.00,0.00,0.00,0.00,1.0,-1,-1,-1
467,12,345.00,249.00,169.00,458.00,1.0,-1,-1,-1
467,13,0.00,0.00,0.00,0.00,1.0,-1,-1,-1
467,14,1223.00,287.00,64.00,252.00,1.0,-1,-1,-1
467,15,0.00,0.00,0.00,0.00,1.0,-1,-1,-1
467,16,0.00,0.00,0.00,0.00,1.0,-1,-1,-1
467,17,928.00,312.00,43.00,160.00,1.0,-1,-1,-1
467,18,0.00,0.00,0.00,0.00,1.0,-1,-1,-1
468,0,1147.00,331.00,45.00,136.00,1.0,-1,-1,-1
468,1,0.00,0.00,0.00,0.00,1.0,-1,-1,-1
468,2,0.00,0.00,0.00,0.00,1.0,-1,-1,-1
468,3,0.00,0.00,0.00,0.00,1.0,-1,-1,-1
468,4,620.00,336.00,35.00,88.00,1.0,-1,-1,-1
468,5,0.00,0.00,0.00,0.00,1.0,-1,-1,-1
468,6,0.00,0.00,0.00,0.00,1.0,-1,-1,-1
468,7,0.00,0.00,0.00,0.00,1.0,-1,-1,-1
468,8,0.00,0.00,0.00,0.00,1.0,-1,-1,-1
468,9,0.00,0.00,0.00,0.00,1.0,-1,-1,-1
468,10,821.00,321.00,50.00,154.00,1.0,-1,-1,-1
468,11,0.00,0.00,0.00,0.00,1.0,-1,-1,-1
468,12,337.00,251.00,169.00,462.00,1.0,-1,-1,-1
468,13,0.00,0.00,0.00,0.00,1.0,-1,-1,-1
468,14,1224.00,288.00,68.00,256.00,1.0,-1,-1,-1
468,15,0.00,0.00,0.00,0.00,1.0,-1,-1,-1
468,16,0.00,0.00,0.00,0.00,1.0,-1,-1,-1
468,17,928.00,310.00,45.00,162.00,1.0,-1,-1,-1
468,18,0.00,0.00,0.00,0.00,1.0,-1,-1,-1
469,0,1145.00,334.00,46.00,135.00,1.0,-1,-1,-1
469,1,0.00,0.00,0.00,0.00,1.0,-1,-1,-1
469,2,0.00,0.00,0.00,0.00,1.0,-1,-1,-1
469,3,0.00,0.00,0.00,0.00,1.0,-1,-1,-1
469,4,618.00,338.00,36.00,89.00,1.0,-1,-1,-1
469,5,0.00,0.00,0.00,0.00,1.0,-1,-1,-1
469,6,0.00,0.00,0.00,0.00,1.0,-1,-1,-1
469,7,0.00,0.00,0.00,0.00,1.0,-1,-1,-1
469,8,0.00,0.00,0.00,0.00,1.0,-1,-1,-1
469,9,0.00,0.00,0.00,0.00,1.0,-1,-1,-1
469,10,819.00,322.00,50.00,155.00,1.0,-1,-1,-1
469,11,0.00,0.00,0.00,0.00,1.0,-1,-1,-1
469,12,333.00,255.00,162.00,463.00,1.0,-1,-1,-1
469,13,0.00,0.00,0.00,0.00,1.0,-1,-1,-1
469,14,1224.00,291.00,70.00,257.00,1.0,-1,-1,-1
469,15,0.00,0.00,0.00,0.00,1.0,-1,-1,-1
469,16,0.00,0.00,0.00,0.00,1.0,-1,-1,-1
469,17,925.00,319.00,46.00,157.00,1.0,-1,-1,-1
469,18,0.00,0.00,0.00,0.00,1.0,-1,-1,-1
470,0,1144.00,335.00,46.00,137.00,1.0,-1,-1,-1
470,1,0.00,0.00,0.00,0.00,1.0,-1,-1,-1
470,2,0.00,0.00,0.00,0.00,1.0,-1,-1,-1
470,3,0.00,0.00,0.00,0.00,1.0,-1,-1,-1
470,4,618.00,339.00,36.00,89.00,1.0,-1,-1,-1
470,5,0.00,0.00,0.00,0.00,1.0,-1,-1,-1
470,6,0.00,0.00,0.00,0.00,1.0,-1,-1,-1
470,7,0.00,0.00,0.00,0.00,1.0,-1,-1,-1
470,8,0.00,0.00,0.00,0.00,1.0,-1,-1,-1
470,9,0.00,0.00,0.00,0.00,1.0,-1,-1,-1
470,10,818.00,325.00,52.00,154.00,1.0,-1,-1,-1
470,11,0.00,0.00,0.00,0.00,1.0,-1,-1,-1
470,12,328.00,257.00,158.00,464.00,1.0,-1,-1,-1
470,13,0.00,0.00,0.00,0.00,1.0,-1,-1,-1
470,14,1223.00,293.00,66.00,256.00,1.0,-1,-1,-1
470,15,0.00,0.00,0.00,0.00,1.0,-1,-1,-1
470,16,0.00,0.00,0.00,0.00,1.0,-1,-1,-1
470,17,924.00,321.00,44.00,156.00,1.0,-1,-1,-1
470,18,0.00,0.00,0.00,0.00,1.0,-1,-1,-1
471,0,1142.00,334.00,48.00,137.00,1.0,-1,-1,-1
471,1,0.00,0.00,0.00,0.00,1.0,-1,-1,-1
471,2,0.00,0.00,0.00,0.00,1.0,-1,-1,-1
471,3,0.00,0.00,0.00,0.00,1.0,-1,-1,-1
471,4,616.00,337.00,36.00,91.00,1.0,-1,-1,-1
471,5,0.00,0.00,0.00,0.00,1.0,-1,-1,-1
471,6,0.00,0.00,0.00,0.00,1.0,-1,-1,-1
471,7,0.00,0.00,0.00,0.00,1.0,-1,-1,-1
471,8,0.00,0.00,0.00,0.00,1.0,-1,-1,-1
471,9,0.00,0.00,0.00,0.00,1.0,-1,-1,-1
471,10,817.00,322.00,51.00,156.00,1.0,-1,-1,-1
471,11,0.00,0.00,0.00,0.00,1.0,-1,-1,-1
471,12,322.00,258.00,156.00,466.00,1.0,-1,-1,-1
471,13,0.00,0.00,0.00,0.00,1.0,-1,-1,-1
471,14,1222.00,292.00,68.00,259.00,1.0,-1,-1,-1
471,15,0.00,0.00,0.00,0.00,1.0,-1,-1,-1
471,16,0.00,0.00,0.00,0.00,1.0,-1,-1,-1
471,17,922.00,321.00,45.00,156.00,1.0,-1,-1,-1
471,18,468.00,390.00,23.00,42.00,1.0,-1,-1,-1
472,0,1140.00,335.00,49.00,137.00,1.0,-1,-1,-1
472,1,0.00,0.00,0.00,0.00,1.0,-1,-1,-1
472,2,0.00,0.00,0.00,0.00,1.0,-1,-1,-1
472,3,0.00,0.00,0.00,0.00,1.0,-1,-1,-1
472,4,614.00,337.00,37.00,93.00,1.0,-1,-1,-1
472,5,0.00,0.00,0.00,0.00,1.0,-1,-1,-1
472,6,0.00,0.00,0.00,0.00,1.0,-1,-1,-1
472,7,0.00,0.00,0.00,0.00,1.0,-1,-1,-1
472,8,0.00,0.00,0.00,0.00,1.0,-1,-1,-1
472,9,0.00,0.00,0.00,0.00,1.0,-1,-1,-1
472,10,815.00,324.00,50.00,156.00,1.0,-1,-1,-1
472,11,0.00,0.00,0.00,0.00,1.0,-1,-1,-1
472,12,317.00,258.00,151.00,466.00,1.0,-1,-1,-1
472,13,0.00,0.00,0.00,0.00,1.0,-1,-1,-1
472,14,1221.00,294.00,69.00,259.00,1.0,-1,-1,-1
472,15,0.00,0.00,0.00,0.00,1.0,-1,-1,-1
472,16,0.00,0.00,0.00,0.00,1.0,-1,-1,-1
472,17,921.00,322.00,43.00,157.00,1.0,-1,-1,-1
472,18,0.00,0.00,0.00,0.00,1.0,-1,-1,-1
473,0,1133.00,337.00,51.00,136.00,1.0,-1,-1,-1
473,1,0.00,0.00,0.00,0.00,1.0,-1,-1,-1
473,2,0.00,0.00,0.00,0.00,1.0,-1,-1,-1
473,3,0.00,0.00,0.00,0.00,1.0,-1,-1,-1
473,4,609.00,338.00,38.00,92.00,1.0,-1,-1,-1
473,5,0.00,0.00,0.00,0.00,1.0,-1,-1,-1
473,6,0.00,0.00,0.00,0.00,1.0,-1,-1,-1
473,7,0.00,0.00,0.00,0.00,1.0,-1,-1,-1
473,8,0.00,0.00,0.00,0.00,1.0,-1,-1,-1
473,9,0.00,0.00,0.00,0.00,1.0,-1,-1,-1
473,10,804.00,323.00,54.00,158.00,1.0,-1,-1,-1
473,11,0.00,0.00,0.00,0.00,1.0,-1,-1,-1
473,12,297.00,258.00,159.00,470.00,1.0,-1,-1,-1
473,13,0.00,0.00,0.00,0.00,1.0,-1,-1,-1
473,14,1218.00,295.00,69.00,260.00,1.0,-1,-1,-1
473,15,0.00,0.00,0.00,0.00,1.0,-1,-1,-1
473,16,0.00,0.00,0.00,0.00,1.0,-1,-1,-1
473,17,918.00,327.00,42.00,152.00,1.0,-1,-1,-1
473,18,442.00,345.00,36.00,89.00,1.0,-1,-1,-1
474,0,1131.00,337.00,52.00,136.00,1.0,-1,-1,-1
474,1,0.00,0.00,0.00,0.00,1.0,-1,-1,-1
474,2,0.00,0.00,0.00,0.00,1.0,-1,-1,-1
474,3,0.00,0.00,0.00,0.00,1.0,-1,-1,-1
474,4,607.00,336.00,40.00,95.00,1.0,-1,-1,-1
474,5,0.00,0.00,0.00,0.00,1.0,-1,-1,-1
474,6,0.00,0.00,0.00,0.00,1.0,-1,-1,-1
474,7,0.00,0.00,0.00,0.00,1.0,-1,-1,-1
474,8,0.00,0.00,0.00,0.00,1.0,-1,-1,-1
474,9,0.00,0.00,0.00,0.00,1.0,-1,-1,-1
474,10,799.00,323.00,55.00,157.00,1.0,-1,-1,-1
474,11,0.00,0.00,0.00,0.00,1.0,-1,-1,-1
474,12,289.00,257.00,164.00,468.00,1.0,-1,-1,-1
474,13,0.00,0.00,0.00,0.00,1.0,-1,-1,-1
474,14,1218.00,294.00,69.00,262.00,1.0,-1,-1,-1
474,15,0.00,0.00,0.00,0.00,1.0,-1,-1,-1
474,16,0.00,0.00,0.00,0.00,1.0,-1,-1,-1
474,17,916.00,331.00,43.00,149.00,1.0,-1,-1,-1
474,18,0.00,0.00,0.00,0.00,1.0,-1,-1,-1
475,0,1129.00,339.00,53.00,135.00,1.0,-1,-1,-1
475,1,0.00,0.00,0.00,0.00,1.0,-1,-1,-1
475,2,0.00,0.00,0.00,0.00,1.0,-1,-1,-1
475,3,0.00,0.00,0.00,0.00,1.0,-1,-1,-1
475,4,605.00,337.00,41.00,95.00,1.0,-1,-1,-1
475,5,0.00,0.00,0.00,0.00,1.0,-1,-1,-1
475,6,0.00,0.00,0.00,0.00,1.0,-1,-1,-1
475,7,0.00,0.00,0.00,0.00,1.0,-1,-1,-1
475,8,0.00,0.00,0.00,0.00,1.0,-1,-1,-1
475,9,0.00,0.00,0.00,0.00,1.0,-1,-1,-1
475,10,798.00,324.00,55.00,152.00,1.0,-1,-1,-1
475,11,0.00,0.00,0.00,0.00,1.0,-1,-1,-1
475,12,280.00,257.00,173.00,464.00,1.0,-1,-1,-1
475,13,0.00,0.00,0.00,0.00,1.0,-1,-1,-1
475,14,1218.00,294.00,69.00,263.00,1.0,-1,-1,-1
475,15,0.00,0.00,0.00,0.00,1.0,-1,-1,-1
475,16,0.00,0.00,0.00,0.00,1.0,-1,-1,-1
475,17,916.00,330.00,42.00,150.00,1.0,-1,-1,-1
475,18,0.00,0.00,0.00,0.00,1.0,-1,-1,-1
476,0,1127.00,339.00,52.00,135.00,1.0,-1,-1,-1
476,1,0.00,0.00,0.00,0.00,1.0,-1,-1,-1
476,2,0.00,0.00,0.00,0.00,1.0,-1,-1,-1
476,3,0.00,0.00,0.00,0.00,1.0,-1,-1,-1
476,4,606.00,337.00,39.00,100.00,1.0,-1,-1,-1
476,5,0.00,0.00,0.00,0.00,1.0,-1,-1,-1
476,6,0.00,0.00,0.00,0.00,1.0,-1,-1,-1
476,7,0.00,0.00,0.00,0.00,1.0,-1,-1,-1
476,8,0.00,0.00,0.00,0.00,1.0,-1,-1,-1
476,9,0.00,0.00,0.00,0.00,1.0,-1,-1,-1
476,10,797.00,323.00,55.00,154.00,1.0,-1,-1,-1
476,11,0.00,0.00,0.00,0.00,1.0,-1,-1,-1
476,12,270.00,256.00,183.00,469.00,1.0,-1,-1,-1
476,13,0.00,0.00,0.00,0.00,1.0,-1,-1,-1
476,14,1218.00,293.00,70.00,264.00,1.0,-1,-1,-1
476,15,0.00,0.00,0.00,0.00,1.0,-1,-1,-1
476,16,0.00,0.00,0.00,0.00,1.0,-1,-1,-1
476,17,916.00,331.00,41.00,149.00,1.0,-1,-1,-1
476,18,412.00,326.00,36.00,102.00,1.0,-1,-1,-1
477,0,1125.00,339.00,51.00,136.00,1.0,-1,-1,-1
477,1,0.00,0.00,0.00,0.00,1.0,-1,-1,-1
477,2,0.00,0.00,0.00,0.00,1.0,-1,-1,-1
477,3,0.00,0.00,0.00,0.00,1.0,-1,-1,-1
477,4,607.00,338.00,38.00,102.00,1.0,-1,-1,-1
477,5,0.00,0.00,0.00,0.00,1.0,-1,-1,-1
477,6,0.00,0.00,0.00,0.00,1.0,-1,-1,-1
477,7,0.00,0.00,0.00,0.00,1.0,-1,-1,-1
477,8,0.00,0.00,0.00,0.00,1.0,-1,-1,-1
477,9,0.00,0.00,0.00,0.00,1.0,-1,-1,-1
477,10,794.00,324.00,55.00,155.00,1.0,-1,-1,-1
477,11,0.00,0.00,0.00,0.00,1.0,-1,-1,-1
477,12,261.00,257.00,191.00,471.00,1.0,-1,-1,-1
477,13,0.00,0.00,0.00,0.00,1.0,-1,-1,-1
477,14,1217.00,293.00,71.00,265.00,1.0,-1,-1,-1
477,15,0.00,0.00,0.00,0.00,1.0,-1,-1,-1
477,16,0.00,0.00,0.00,0.00,1.0,-1,-1,-1
477,17,914.00,338.00,42.00,142.00,1.0,-1,-1,-1
477,18,401.00,326.00,31.00,108.00,1.0,-1,-1,-1
478,0,1121.00,342.00,50.00,135.00,1.0,-1,-1,-1
478,1,0.00,0.00,0.00,0.00,1.0,-1,-1,-1
478,2,0.00,0.00,0.00,0.00,1.0,-1,-1,-1
478,3,0.00,0.00,0.00,0.00,1.0,-1,-1,-1
478,4,608.00,344.00,41.00,105.00,1.0,-1,-1,-1
478,5,0.00,0.00,0.00,0.00,1.0,-1,-1,-1
478,6,0.00,0.00,0.00,0.00,1.0,-1,-1,-1
478,7,0.00,0.00,0.00,0.00,1.0,-1,-1,-1
478,8,0.00,0.00,0.00,0.00,1.0,-1,-1,-1
478,9,0.00,0.00,0.00,0.00,1.0,-1,-1,-1
478,10,791.00,326.00,56.00,158.00,1.0,-1,-1,-1
478,11,0.00,0.00,0.00,0.00,1.0,-1,-1,-1
478,12,246.00,260.00,225.00,476.00,1.0,-1,-1,-1
478,13,0.00,0.00,0.00,0.00,1.0,-1,-1,-1
478,14,1216.00,295.00,74.00,267.00,1.0,-1,-1,-1
478,15,0.00,0.00,0.00,0.00,1.0,-1,-1,-1
478,16,0.00,0.00,0.00,0.00,1.0,-1,-1,-1
478,17,913.00,345.00,42.00,137.00,1.0,-1,-1,-1
478,18,391.00,329.00,33.00,111.00,1.0,-1,-1,-1
479,0,1125.00,346.00,45.00,127.00,1.0,-1,-1,-1
479,1,0.00,0.00,0.00,0.00,1.0,-1,-1,-1
479,2,0.00,0.00,0.00,0.00,1.0,-1,-1,-1
479,3,0.00,0.00,0.00,0.00,1.0,-1,-1,-1
479,4,606.00,351.00,39.00,98.00,1.0,-1,-1,-1
479,5,0.00,0.00,0.00,0.00,1.0,-1,-1,-1
479,6,0.00,0.00,0.00,0.00,1.0,-1,-1,-1
479,7,0.00,0.00,0.00,0.00,1.0,-1,-1,-1
479,8,0.00,0.00,0.00,0.00,1.0,-1,-1,-1
479,9,0.00,0.00,0.00,0.00,1.0,-1,-1,-1
479,10,796.00,329.00,49.00,128.00,1.0,-1,-1,-1
479,11,0.00,0.00,0.00,0.00,1.0,-1,-1,-1
479,12,244.00,266.00,229.00,476.00,1.0,-1,-1,-1
479,13,0.00,0.00,0.00,0.00,1.0,-1,-1,-1
479,14,1227.00,297.00,62.00,267.00,1.0,-1,-1,-1
479,15,0.00,0.00,0.00,0.00,1.0,-1,-1,-1
479,16,0.00,0.00,0.00,0.00,1.0,-1,-1,-1
479,17,914.00,347.00,39.00,134.00,1.0,-1,-1,-1
479,18,385.00,331.00,33.00,102.00,1.0,-1,-1,-1
480,0,1120.00,314.00,152.00,166.00,1.0,-1,-1,-1
480,1,0.00,0.00,0.00,0.00,1.0,-1,-1,-1
480,2,0.00,0.00,0.00,0.00,1.0,-1,-1,-1
480,3,0.00,0.00,0.00,0.00,1.0,-1,-1,-1
480,4,611.00,349.00,37.00,101.00,1.0,-1,-1,-1
480,5,0.00,0.00,0.00,0.00,1.0,-1,-1,-1
480,6,0.00,0.00,0.00,0.00,1.0,-1,-1,-1
480,7,0.00,0.00,0.00,0.00,1.0,-1,-1,-1
480,8,0.00,0.00,0.00,0.00,1.0,-1,-1,-1
480,9,0.00,0.00,0.00,0.00,1.0,-1,-1,-1
480,10,797.00,331.00,48.00,157.00,1.0,-1,-1,-1
480,11,0.00,0.00,0.00,0.00,1.0,-1,-1,-1
480,12,235.00,269.00,245.00,481.00,1.0,-1,-1,-1
480,13,0.00,0.00,0.00,0.00,1.0,-1,-1,-1
480,14,1222.00,298.00,70.00,268.00,1.0,-1,-1,-1
480,15,0.00,0.00,0.00,0.00,1.0,-1,-1,-1
480,16,0.00,0.00,0.00,0.00,1.0,-1,-1,-1
480,17,912.00,345.00,42.00,139.00,1.0,-1,-1,-1
480,18,385.00,334.00,34.00,112.00,1.0,-1,-1,-1
481,0,1122.00,345.00,50.00,134.00,1.0,-1,-1,-1
481,1,0.00,0.00,0.00,0.00,1.0,-1,-1,-1
481,2,0.00,0.00,0.00,0.00,1.0,-1,-1,-1
481,3,0.00,0.00,0.00,0.00,1.0,-1,-1,-1
481,4,615.00,348.00,36.00,103.00,1.0,-1,-1,-1
481,5,0.00,0.00,0.00,0.00,1.0,-1,-1,-1
481,6,0.00,0.00,0.00,0.00,1.0,-1,-1,-1
481,7,0.00,0.00,0.00,0.00,1.0,-1,-1,-1
481,8,0.00,0.00,0.00,0.00,1.0,-1,-1,-1
481,9,0.00,0.00,0.00,0.00,1.0,-1,-1,-1
481,10,798.00,330.00,51.00,153.00,1.0,-1,-1,-1
481,11,0.00,0.00,0.00,0.00,1.0,-1,-1,-1
481,12,237.00,269.00,242.00,483.00,1.0,-1,-1,-1
481,13,0.00,0.00,0.00,0.00,1.0,-1,-1,-1
481,14,1226.00,298.00,72.00,270.00,1.0,-1,-1,-1
481,15,0.00,0.00,0.00,0.00,1.0,-1,-1,-1
481,16,0.00,0.00,0.00,0.00,1.0,-1,-1,-1
481,17,917.00,342.00,42.00,142.00,1.0,-1,-1,-1
481,18,383.00,335.00,37.00,113.00,1.0,-1,-1,-1
482,0,1125.00,314.00,177.00,165.00,1.0,-1,-1,-1
482,1,0.00,0.00,0.00,0.00,1.0,-1,-1,-1
482,2,0.00,0.00,0.00,0.00,1.0,-1,-1,-1
482,3,0.00,0.00,0.00,0.00,1.0,-1,-1,-1
482,4,618.00,350.00,38.00,104.00,1.0,-1,-1,-1
482,5,0.00,0.00,0.00,0.00,1.0,-1,-1,-1
482,6,0.00,0.00,0.00,0.00,1.0,-1,-1,-1
482,7,0.00,0.00,0.00,0.00,1.0,-1,-1,-1
482,8,0.00,0.00,0.00,0.00,1.0,-1,-1,-1
482,9,0.00,0.00,0.00,0.00,1.0,-1,-1,-1
482,10,800.00,331.00,52.00,147.00,1.0,-1,-1,-1
482,11,0.00,0.00,0.00,0.00,1.0,-1,-1,-1
482,12,237.00,273.00,245.00,487.00,1.0,-1,-1,-1
482,13,0.00,0.00,0.00,0.00,1.0,-1,-1,-1
482,14,1231.00,297.00,70.00,272.00,1.0,-1,-1,-1
482,15,0.00,0.00,0.00,0.00,1.0,-1,-1,-1
482,16,0.00,0.00,0.00,0.00,1.0,-1,-1,-1
482,17,919.00,340.00,41.00,145.00,1.0,-1,-1,-1
482,18,382.00,336.00,37.00,115.00,1.0,-1,-1,-1
483,0,1129.00,344.00,53.00,136.00,1.0,-1,-1,-1
483,1,0.00,0.00,0.00,0.00,1.0,-1,-1,-1
483,2,0.00,0.00,0.00,0.00,1.0,-1,-1,-1
483,3,0.00,0.00,0.00,0.00,1.0,-1,-1,-1
483,4,625.00,349.00,38.00,105.00,1.0,-1,-1,-1
483,5,0.00,0.00,0.00,0.00,1.0,-1,-1,-1
483,6,0.00,0.00,0.00,0.00,1.0,-1,-1,-1
483,7,0.00,0.00,0.00,0.00,1.0,-1,-1,-1
483,8,0.00,0.00,0.00,0.00,1.0,-1,-1,-1
483,9,0.00,0.00,0.00,0.00,1.0,-1,-1,-1
483,10,802.00,331.00,52.00,155.00,1.0,-1,-1,-1
483,11,0.00,0.00,0.00,0.00,1.0,-1,-1,-1
483,12,235.00,281.00,245.00,484.00,1.0,-1,-1,-1
483,13,0.00,0.00,0.00,0.00,1.0,-1,-1,-1
483,14,1236.00,297.00,73.00,276.00,1.0,-1,-1,-1
483,15,0.00,0.00,0.00,0.00,1.0,-1,-1,-1
483,16,0.00,0.00,0.00,0.00,1.0,-1,-1,-1
483,17,921.00,343.00,40.00,144.00,1.0,-1,-1,-1
483,18,380.00,336.00,41.00,117.00,1.0,-1,-1,-1
484,0,1132.00,342.00,53.00,137.00,1.0,-1,-1,-1
484,1,0.00,0.00,0.00,0.00,1.0,-1,-1,-1
484,2,0.00,0.00,0.00,0.00,1.0,-1,-1,-1
484,3,0.00,0.00,0.00,0.00,1.0,-1,-1,-1
484,4,629.00,346.00,37.00,107.00,1.0,-1,-1,-1
484,5,0.00,0.00,0.00,0.00,1.0,-1,-1,-1
484,6,0.00,0.00,0.00,0.00,1.0,-1,-1,-1
484,7,0.00,0.00,0.00,0.00,1.0,-1,-1,-1
484,8,0.00,0.00,0.00,0.00,1.0,-1,-1,-1
484,9,0.00,0.00,0.00,0.00,1.0,-1,-1,-1
484,10,805.00,328.00,53.00,155.00,1.0,-1,-1,-1
484,11,0.00,0.00,0.00,0.00,1.0,-1,-1,-1
484,12,235.00,284.00,247.00,483.00,1.0,-1,-1,-1
484,13,0.00,0.00,0.00,0.00,1.0,-1,-1,-1
484,14,1241.00,295.00,76.00,277.00,1.0,-1,-1,-1
484,15,0.00,0.00,0.00,0.00,1.0,-1,-1,-1
484,16,0.00,0.00,0.00,0.00,1.0,-1,-1,-1
484,17,924.00,329.00,45.00,156.00,1.0,-1,-1,-1
484,18,381.00,336.00,42.00,135.00,1.0,-1,-1,-1
485,0,1135.00,341.00,52.00,137.00,1.0,-1,-1,-1
485,1,0.00,0.00,0.00,0.00,1.0,-1,-1,-1
485,2,0.00,0.00,0.00,0.00,1.0,-1,-1,-1
485,3,0.00,0.00,0.00,0.00,1.0,-1,-1,-1
485,4,630.00,344.00,38.00,109.00,1.0,-1,-1,-1
485,5,0.00,0.00,0.00,0.00,1.0,-1,-1,-1
485,6,0.00,0.00,0.00,0.00,1.0,-1,-1,-1
485,7,0.00,0.00,0.00,0.00,1.0,-1,-1,-1
485,8,0.00,0.00,0.00,0.00,1.0,-1,-1,-1
485,9,0.00,0.00,0.00,0.00,1.0,-1,-1,-1
485,10,807.00,326.00,53.00,155.00,1.0,-1,-1,-1
485,11,0.00,0.00,0.00,0.00,1.0,-1,-1,-1
485,12,234.00,287.00,245.00,483.00,1.0,-1,-1,-1
485,13,0.00,0.00,0.00,0.00,1.0,-1,-1,-1
485,14,1245.00,294.00,75.00,277.00,1.0,-1,-1,-1
485,15,0.00,0.00,0.00,0.00,1.0,-1,-1,-1
485,16,0.00,0.00,0.00,0.00,1.0,-1,-1,-1
485,17,924.00,330.00,48.00,154.00,1.0,-1,-1,-1
485,18,382.00,336.00,44.00,171.00,1.0,-1,-1,-1
486,0,1134.00,340.00,53.00,135.00,1.0,-1,-1,-1
486,1,0.00,0.00,0.00,0.00,1.0,-1,-1,-1
486,2,0.00,0.00,0.00,0.00,1.0,-1,-1,-1
486,3,0.00,0.00,0.00,0.00,1.0,-1,-1,-1
486,4,631.00,342.00,37.00,109.00,1.0,-1,-1,-1
486,5,0.00,0.00,0.00,0.00,1.0,-1,-1,-1
486,6,0.00,0.00,0.00,0.00,1.0,-1,-1,-1
486,7,0.00,0.00,0.00,0.00,1.0,-1,-1,-1
486,8,0.00,0.00,0.00,0.00,1.0,-1,-1,-1
486,9,0.00,0.00,0.00,0.00,1.0,-1,-1,-1
486,10,807.00,325.00,52.00,160.00,1.0,-1,-1,-1
486,11,0.00,0.00,0.00,0.00,1.0,-1,-1,-1
486,12,231.00,289.00,246.00,482.00,1.0,-1,-1,-1
486,13,0.00,0.00,0.00,0.00,1.0,-1,-1,-1
486,14,1246.00,292.00,75.00,278.00,1.0,-1,-1,-1
486,15,0.00,0.00,0.00,0.00,1.0,-1,-1,-1
486,16,0.00,0.00,0.00,0.00,1.0,-1,-1,-1
486,17,920.00,335.00,54.00,149.00,1.0,-1,-1,-1
486,18,381.00,334.00,47.00,172.00,1.0,-1,-1,-1
487,0,1136.00,338.00,51.00,135.00,1.0,-1,-1,-1
487,1,0.00,0.00,0.00,0.00,1.0,-1,-1,-1
487,2,0.00,0.00,0.00,0.00,1.0,-1,-1,-1
487,3,0.00,0.00,0.00,0.00,1.0,-1,-1,-1
487,4,635.00,337.00,35.00,110.00,1.0,-1,-1,-1
487,5,0.00,0.00,0.00,0.00,1.0,-1,-1,-1
487,6,0.00,0.00,0.00,0.00,1.0,-1,-1,-1
487,7,0.00,0.00,0.00,0.00,1.0,-1,-1,-1
487,8,0.00,0.00,0.00,0.00,1.0,-1,-1,-1
487,9,0.00,0.00,0.00,0.00,1.0,-1,-1,-1
487,10,808.00,322.00,55.00,157.00,1.0,-1,-1,-1
487,11,0.00,0.00,0.00,0.00,1.0,-1,-1,-1
487,12,229.00,289.00,245.00,482.00,1.0,-1,-1,-1
487,13,0.00,0.00,0.00,0.00,1.0,-1,-1,-1
487,14,1247.00,289.00,77.00,277.00,1.0,-1,-1,-1
487,15,0.00,0.00,0.00,0.00,1.0,-1,-1,-1
487,16,0.00,0.00,0.00,0.00,1.0,-1,-1,-1
487,17,919.00,332.00,55.00,149.00,1.0,-1,-1,-1
487,18,378.00,332.00,50.00,173.00,1.0,-1,-1,-1
488,0,1140.00,337.00,50.00,135.00,1.0,-1,-1,-1
488,1,0.00,0.00,0.00,0.00,1.0,-1,-1,-1
488,2,0.00,0.00,0.00,0.00,1.0,-1,-1,-1
488,3,0.00,0.00,0.00,0.00,1.0,-1,-1,-1
488,4,638.00,337.00,35.00,110.00,1.0,-1,-1,-1
488,5,0.00,0.00,0.00,0.00,1.0,-1,-1,-1
488,6,0.00,0.00,0.00,0.00,1.0,-1,-1,-1
488,7,0.00,0.00,0.00,0.00,1.0,-1,-1,-1
488,8,0.00,0.00,0.00,0.00,1.0,-1,-1,-1
488,9,0.00,0.00,0.00,0.00,1.0,-1,-1,-1
488,10,810.00,322.00,55.00,155.00,1.0,-1,-1,-1
488,11,0.00,0.00,0.00,0.00,1.0,-1,-1,-1
488,12,224.00,292.00,246.00,488.00,1.0,-1,-1,-1
488,13,0.00,0.00,0.00,0.00,1.0,-1,-1,-1
488,14,1253.00,286.00,77.00,281.00,1.0,-1,-1,-1
488,15,0.00,0.00,0.00,0.00,1.0,-1,-1,-1
488,16,0.00,0.00,0.00,0.00,1.0,-1,-1,-1
488,17,923.00,332.00,51.00,148.00,1.0,-1,-1,-1
488,18,376.00,331.00,49.00,203.00,1.0,-1,-1,-1
489,0,1141.00,335.00,50.00,136.00,1.0,-1,-1,-1
489,1,0.00,0.00,0.00,0.00,1.0,-1,-1,-1
489,2,0.00,0.00,0.00,0.00,1.0,-1,-1,-1
489,3,0.00,0.00,0.00,0.00,1.0,-1,-1,-1
489,4,640.00,338.00,36.00,107.00,1.0,-1,-1,-1
489,5,0.00,0.00,0.00,0.00,1.0,-1,-1,-1
489,6,0.00,0.00,0.00,0.00,1.0,-1,-1,-1
489,7,0.00,0.00,0.00,0.00,1.0,-1,-1,-1
489,8,0.00,0.00,0.00,0.00,1.0,-1,-1,-1
489,9,0.00,0.00,0.00,0.00,1.0,-1,-1,-1
489,10,812.00,320.00,56.00,157.00,1.0,-1,-1,-1
489,11,0.00,0.00,0.00,0.00,1.0,-1,-1,-1
489,12,221.00,290.00,247.00,490.00,1.0,-1,-1,-1
489,13,0.00,0.00,0.00,0.00,1.0,-1,-1,-1
489,14,1256.00,285.00,77.00,281.00,1.0,-1,-1,-1
489,15,0.00,0.00,0.00,0.00,1.0,-1,-1,-1
489,16,0.00,0.00,0.00,0.00,1.0,-1,-1,-1
489,17,922.00,330.00,51.00,149.00,1.0,-1,-1,-1
489,18,375.00,330.00,67.00,197.00,1.0,-1,-1,-1
490,0,1143.00,334.00,49.00,135.00,1.0,-1,-1,-1
490,1,0.00,0.00,0.00,0.00,1.0,-1,-1,-1
490,2,0.00,0.00,0.00,0.00,1.0,-1,-1,-1
490,3,0.00,0.00,0.00,0.00,1.0,-1,-1,-1
490,4,643.00,333.00,38.00,111.00,1.0,-1,-1,-1
490,5,0.00,0.00,0.00,0.00,1.0,-1,-1,-1
490,6,0.00,0.00,0.00,0.00,1.0,-1,-1,-1
490,7,0.00,0.00,0.00,0.00,1.0,-1,-1,-1
490,8,0.00,0.00,0.00,0.00,1.0,-1,-1,-1
490,9,0.00,0.00,0.00,0.00,1.0,-1,-1,-1
490,10,815.00,321.00,55.00,157.00,1.0,-1,-1,-1
490,11,0.00,0.00,0.00,0.00,1.0,-1,-1,-1
490,12,217.00,291.00,250.00,490.00,1.0,-1,-1,-1
490,13,0.00,0.00,0.00,0.00,1.0,-1,-1,-1
490,14,1258.00,283.00,80.00,284.00,1.0,-1,-1,-1
490,15,0.00,0.00,0.00,0.00,1.0,-1,-1,-1
490,16,0.00,0.00,0.00,0.00,1.0,-1,-1,-1
490,17,922.00,332.00,53.00,146.00,1.0,-1,-1,-1
490,18,376.00,329.00,65.00,245.00,1.0,-1,-1,-1
491,0,1145.00,334.00,49.00,136.00,1.0,-1,-1,-1
491,1,0.00,0.00,0.00,0.00,1.0,-1,-1,-1
491,2,0.00,0.00,0.00,0.00,1.0,-1,-1,-1
491,3,0.00,0.00,0.00,0.00,1.0,-1,-1,-1
491,4,646.00,336.00,36.00,110.00,1.0,-1,-1,-1
491,5,0.00,0.00,0.00,0.00,1.0,-1,-1,-1
491,6,0.00,0.00,0.00,0.00,1.0,-1,-1,-1
491,7,0.00,0.00,0.00,0.00,1.0,-1,-1,-1
491,8,0.00,0.00,0.00,0.00,1.0,-1,-1,-1
491,9,0.00,0.00,0.00,0.00,1.0,-1,-1,-1
491,10,817.00,322.00,55.00,157.00,1.0,-1,-1,-1
491,11,0.00,0.00,0.00,0.00,1.0,-1,-1,-1
491,12,210.00,291.00,255.00,494.00,1.0,-1,-1,-1
491,13,0.00,0.00,0.00,0.00,1.0,-1,-1,-1
491,14,1258.00,283.00,84.00,287.00,1.0,-1,-1,-1
491,15,0.00,0.00,0.00,0.00,1.0,-1,-1,-1
491,16,0.00,0.00,0.00,0.00,1.0,-1,-1,-1
491,17,924.00,331.00,51.00,147.00,1.0,-1,-1,-1
491,18,374.00,330.00,65.00,244.00,1.0,-1,-1,-1
492,0,1146.00,335.00,51.00,135.00,1.0,-1,-1,-1
492,1,0.00,0.00,0.00,0.00,1.0,-1,-1,-1
492,2,0.00,0.00,0.00,0.00,1.0,-1,-1,-1
492,3,0.00,0.00,0.00,0.00,1.0,-1,-1,-1
492,4,648.00,340.00,35.00,107.00,1.0,-1,-1,-1
492,5,0.00,0.00,0.00,0.00,1.0,-1,-1,-1
492,6,0.00,0.00,0.00,0.00,1.0,-1,-1,-1
492,7,0.00,0.00,0.00,0.00,1.0,-1,-1,-1
492,8,0.00,0.00,0.00,0.00,1.0,-1,-1,-1
492,9,0.00,0.00,0.00,0.00,1.0,-1,-1,-1
492,10,819.00,323.00,54.00,156.00,1.0,-1,-1,-1
492,11,0.00,0.00,0.00,0.00,1.0,-1,-1,-1
492,12,208.00,291.00,255.00,497.00,1.0,-1,-1,-1
492,13,0.00,0.00,0.00,0.00,1.0,-1,-1,-1
492,14,1263.00,284.00,83.00,287.00,1.0,-1,-1,-1
492,15,0.00,0.00,0.00,0.00,1.0,-1,-1,-1
492,16,0.00,0.00,0.00,0.00,1.0,-1,-1,-1
492,17,923.00,330.00,53.00,147.00,1.0,-1,-1,-1
492,18,374.00,330.00,62.00,246.00,1.0,-1,-1,-1
493,0,1150.00,337.00,48.00,134.00,1.0,-1,-1,-1
493,1,0.00,0.00,0.00,0.00,1.0,-1,-1,-1
493,2,0.00,0.00,0.00,0.00,1.0,-1,-1,-1
493,3,0.00,0.00,0.00,0.00,1.0,-1,-1,-1
493,4,654.00,343.00,37.00,107.00,1.0,-1,-1,-1
493,5,0.00,0.00,0.00,0.00,1.0,-1,-1,-1
493,6,0.00,0.00,0.00,0.00,1.0,-1,-1,-1
493,7,0.00,0.00,0.00,0.00,1.0,-1,-1,-1
493,8,0.00,0.00,0.00,0.00,1.0,-1,-1,-1
493,9,0.00,0.00,0.00,0.00,1.0,-1,-1,-1
493,10,823.00,324.00,54.00,159.00,1.0,-1,-1,-1
493,11,0.00,0.00,0.00,0.00,1.0,-1,-1,-1
493,12,198.00,293.00,261.00,506.00,1.0,-1,-1,-1
493,13,0.00,0.00,0.00,0.00,1.0,-1,-1,-1
493,14,1271.00,285.00,82.00,291.00,1.0,-1,-1,-1
493,15,0.00,0.00,0.00,0.00,1.0,-1,-1,-1
493,16,0.00,0.00,0.00,0.00,1.0,-1,-1,-1
493,17,926.00,337.00,55.00,142.00,1.0,-1,-1,-1
493,18,371.00,332.00,60.00,245.00,1.0,-1,-1,-1
494,0,1151.00,339.00,49.00,134.00,1.0,-1,-1,-1
494,1,0.00,0.00,0.00,0.00,1.0,-1,-1,-1
494,2,0.00,0.00,0.00,0.00,1.0,-1,-1,-1
494,3,0.00,0.00,0.00,0.00,1.0,-1,-1,-1
494,4,655.00,345.00,37.00,106.00,1.0,-1,-1,-1
494,5,0.00,0.00,0.00,0.00,1.0,-1,-1,-1
494,6,0.00,0.00,0.00,0.00,1.0,-1,-1,-1
494,7,0.00,0.00,0.00,0.00,1.0,-1,-1,-1
494,8,0.00,0.00,0.00,0.00,1.0,-1,-1,-1
494,9,0.00,0.00,0.00,0.00,1.0,-1,-1,-1
494,10,823.00,327.00,52.00,155.00,1.0,-1,-1,-1
494,11,0.00,0.00,0.00,0.00,1.0,-1,-1,-1
494,12,195.00,294.00,259.00,509.00,1.0,-1,-1,-1
494,13,0.00,0.00,0.00,0.00,1.0,-1,-1,-1
494,14,1276.00,286.00,79.00,292.00,1.0,-1,-1,-1
494,15,0.00,0.00,0.00,0.00,1.0,-1,-1,-1
494,16,0.00,0.00,0.00,0.00,1.0,-1,-1,-1
494,17,928.00,342.00,53.00,138.00,1.0,-1,-1,-1
494,18,369.00,333.00,59.00,237.00,1.0,-1,-1,-1
495,0,1152.00,340.00,53.00,136.00,1.0,-1,-1,-1
495,1,0.00,0.00,0.00,0.00,1.0,-1,-1,-1
495,2,0.00,0.00,0.00,0.00,1.0,-1,-1,-1
495,3,0.00,0.00,0.00,0.00,1.0,-1,-1,-1
495,4,658.00,345.00,38.00,108.00,1.0,-1,-1,-1
495,5,0.00,0.00,0.00,0.00,1.0,-1,-1,-1
495,6,0.00,0.00,0.00,0.00,1.0,-1,-1,-1
495,7,0.00,0.00,0.00,0.00,1.0,-1,-1,-1
495,8,0.00,0.00,0.00,0.00,1.0,-1,-1,-1
495,9,0.00,0.00,0.00,0.00,1.0,-1,-1,-1
495,10,827.00,327.00,51.00,158.00,1.0,-1,-1,-1
495,11,0.00,0.00,0.00,0.00,1.0,-1,-1,-1
495,12,188.00,295.00,266.00,510.00,1.0,-1,-1,-1
495,13,0.00,0.00,0.00,0.00,1.0,-1,-1,-1
495,14,1279.00,288.00,82.00,294.00,1.0,-1,-1,-1
495,15,0.00,0.00,0.00,0.00,1.0,-1,-1,-1
495,16,0.00,0.00,0.00,0.00,1.0,-1,-1,-1
495,17,929.00,340.00,52.00,141.00,1.0,-1,-1,-1
495,18,367.00,334.00,62.00,244.00,1.0,-1,-1,-1
496,0,1152.00,338.00,53.00,135.00,1.0,-1,-1,-1
496,1,0.00,0.00,0.00,0.00,1.0,-1,-1,-1
496,2,0.00,0.00,0.00,0.00,1.0,-1,-1,-1
496,3,0.00,0.00,0.00,0.00,1.0,-1,-1,-1
496,4,659.00,342.00,38.00,107.00,1.0,-1,-1,-1
496,5,0.00,0.00,0.00,0.00,1.0,-1,-1,-1
496,6,0.00,0.00,0.00,0.00,1.0,-1,-1,-1
496,7,0.00,0.00,0.00,0.00,1.0,-1,-1,-1
496,8,0.00,0.00,0.00,0.00,1.0,-1,-1,-1
496,9,0.00,0.00,0.00,0.00,1.0,-1,-1,-1
496,10,827.00,324.00,52.00,158.00,1.0,-1,-1,-1
496,11,0.00,0.00,0.00,0.00,1.0,-1,-1,-1
496,12,182.00,295.00,268.00,514.00,1.0,-1,-1,-1
496,13,0.00,0.00,0.00,0.00,1.0,-1,-1,-1
496,14,1279.00,286.00,84.00,296.00,1.0,-1,-1,-1
496,15,0.00,0.00,0.00,0.00,1.0,-1,-1,-1
496,16,0.00,0.00,0.00,0.00,1.0,-1,-1,-1
496,17,929.00,339.00,52.00,140.00,1.0,-1,-1,-1
496,18,364.00,334.00,66.00,243.00,1.0,-1,-1,-1
497,0,1152.00,342.00,53.00,134.00,1.0,-1,-1,-1
497,1,0.00,0.00,0.00,0.00,1.0,-1,-1,-1
497,2,0.00,0.00,0.00,0.00,1.0,-1,-1,-1
497,3,0.00,0.00,0.00,0.00,1.0,-1,-1,-1
497,4,659.00,343.00,39.00,110.00,1.0,-1,-1,-1
497,5,0.00,0.00,0.00,0.00,1.0,-1,-1,-1
497,6,0.00,0.00,0.00,0.00,1.0,-1,-1,-1
497,7,0.00,0.00,0.00,0.00,1.0,-1,-1,-1
497,8,0.00,0.00,0.00,0.00,1.0,-1,-1,-1
497,9,0.00,0.00,0.00,0.00,1.0,-1,-1,-1
497,10,827.00,327.00,52.00,159.00,1.0,-1,-1,-1
497,11,0.00,0.00,0.00,0.00,1.0,-1,-1,-1
497,12,177.00,294.00,271.00,524.00,1.0,-1,-1,-1
497,13,0.00,0.00,0.00,0.00,1.0,-1,-1,-1
497,14,1283.00,288.00,83.00,297.00,1.0,-1,-1,-1
497,15,0.00,0.00,0.00,0.00,1.0,-1,-1,-1
497,16,0.00,0.00,0.00,0.00,1.0,-1,-1,-1
497,17,929.00,340.00,51.00,143.00,1.0,-1,-1,-1
497,18,358.00,335.00,69.00,249.00,1.0,-1,-1,-1
498,0,1155.00,341.00,52.00,136.00,1.0,-1,-1,-1
498,1,0.00,0.00,0.00,0.00,1.0,-1,-1,-1
498,2,0.00,0.00,0.00,0.00,1.0,-1,-1,-1
498,3,0.00,0.00,0.00,0.00,1.0,-1,-1,-1
498,4,663.00,338.00,39.00,111.00,1.0,-1,-1,-1
498,5,0.00,0.00,0.00,0.00,1.0,-1,-1,-1
498,6,0.00,0.00,0.00,0.00,1.0,-1,-1,-1
498,7,0.00,0.00,0.00,0.00,1.0,-1,-1,-1
498,8,0.00,0.00,0.00,0.00,1.0,-1,-1,-1
498,9,0.00,0.00,0.00,0.00,1.0,-1,-1,-1
498,10,827.00,324.00,55.00,159.00,1.0,-1,-1,-1
498,11,0.00,0.00,0.00,0.00,1.0,-1,-1,-1
498,12,165.00,292.00,275.00,529.00,1.0,-1,-1,-1
498,13,0.00,0.00,0.00,0.00,1.0,-1,-1,-1
498,14,1288.00,287.00,85.00,300.00,1.0,-1,-1,-1
498,15,0.00,0.00,0.00,0.00,1.0,-1,-1,-1
498,16,0.00,0.00,0.00,0.00,1.0,-1,-1,-1
498,17,931.00,337.00,43.00,146.00,1.0,-1,-1,-1
498,18,351.00,333.00,76.00,258.00,1.0,-1,-1,-1
499,0,1153.00,341.00,53.00,134.00,1.0,-1,-1,-1
499,1,0.00,0.00,0.00,0.00,1.0,-1,-1,-1
499,2,0.00,0.00,0.00,0.00,1.0,-1,-1,-1
499,3,0.00,0.00,0.00,0.00,1.0,-1,-1,-1
499,4,664.00,339.00,38.00,111.00,1.0,-1,-1,-1
499,5,0.00,0.00,0.00,0.00,1.0,-1,-1,-1
499,6,0.00,0.00,0.00,0.00,1.0,-1,-1,-1
499,7,0.00,0.00,0.00,0.00,1.0,-1,-1,-1
499,8,0.00,0.00,0.00,0.00,1.0,-1,-1,-1
499,9,0.00,0.00,0.00,0.00,1.0,-1,-1,-1
499,10,825.00,323.00,56.00,161.00,1.0,-1,-1,-1
499,11,0.00,0.00,0.00,0.00,1.0,-1,-1,-1
499,12,155.00,290.00,281.00,534.00,1.0,-1,-1,-1
499,13,0.00,0.00,0.00,0.00,1.0,-1,-1,-1
499,14,1290.00,286.00,86.00,302.00,1.0,-1,-1,-1
499,15,0.00,0.00,0.00,0.00,1.0,-1,-1,-1
499,16,0.00,0.00,0.00,0.00,1.0,-1,-1,-1
499,17,930.00,336.00,40.00,147.00,1.0,-1,-1,-1
499,18,346.00,332.00,79.00,257.00,1.0,-1,-1,-1
500,0,1154.00,340.00,51.00,134.00,1.0,-1,-1,-1
500,1,0.00,0.00,0.00,0.00,1.0,-1,-1,-1
500,2,0.00,0.00,0.00,0.00,1.0,-1,-1,-1
500,3,0.00,0.00,0.00,0.00,1.0,-1,-1,-1
500,4,665.00,337.00,37.00,110.00,1.0,-1,-1,-1
500,5,0.00,0.00,0.00,0.00,1.0,-1,-1,-1
500,6,0.00,0.00,0.00,0.00,1.0,-1,-1,-1
500,7,0.00,0.00,0.00,0.00,1.0,-1,-1,-1
500,8,0.00,0.00,0.00,0.00,1.0,-1,-1,-1
500,9,0.00,0.00,0.00,0.00,1.0,-1,-1,-1
500,10,825.00,322.00,56.00,159.00,1.0,-1,-1,-1
500,11,0.00,0.00,0.00,0.00,1.0,-1,-1,-1
500,12,147.00,287.00,284.00,539.00,1.0,-1,-1,-1
500,13,0.00,0.00,0.00,0.00,1.0,-1,-1,-1
500,14,1292.00,285.00,85.00,301.00,1.0,-1,-1,-1
500,15,0.00,0.00,0.00,0.00,1.0,-1,-1,-1
500,16,0.00,0.00,0.00,0.00,1.0,-1,-1,-1
500,17,930.00,334.00,39.00,146.00,1.0,-1,-1,-1
500,18,342.00,330.00,80.00,257.00,1.0,-1,-1,-1
501,0,1155.00,297.00,177.00,173.00,1.0,-1,-1,-1
501,1,0.00,0.00,0.00,0.00,1.0,-1,-1,-1
501,2,0.00,0.00,0.00,0.00,1.0,-1,-1,-1
501,3,0.00,0.00,0.00,0.00,1.0,-1,-1,-1
501,4,666.00,331.00,37.00,113.00,1.0,-1,-1,-1
501,5,0.00,0.00,0.00,0.00,1.0,-1,-1,-1
501,6,0.00,0.00,0.00,0.00,1.0,-1,-1,-1
501,7,0.00,0.00,0.00,0.00,1.0,-1,-1,-1
501,8,0.00,0.00,0.00,0.00,1.0,-1,-1,-1
501,9,0.00,0.00,0.00,0.00,1.0,-1,-1,-1
501,10,823.00,319.00,58.00,161.00,1.0,-1,-1,-1
501,11,0.00,0.00,0.00,0.00,1.0,-1,-1,-1
501,12,138.00,283.00,290.00,543.00,1.0,-1,-1,-1
501,13,0.00,0.00,0.00,0.00,1.0,-1,-1,-1
501,14,1294.00,281.00,85.00,304.00,1.0,-1,-1,-1
501,15,0.00,0.00,0.00,0.00,1.0,-1,-1,-1
501,16,0.00,0.00,0.00,0.00,1.0,-1,-1,-1
501,17,931.00,332.00,33.00,147.00,1.0,-1,-1,-1
501,18,336.00,326.00,86.00,254.00,1.0,-1,-1,-1
502,0,1155.00,335.00,49.00,134.00,1.0,-1,-1,-1
502,1,0.00,0.00,0.00,0.00,1.0,-1,-1,-1
502,2,0.00,0.00,0.00,0.00,1.0,-1,-1,-1
502,3,0.00,0.00,0.00,0.00,1.0,-1,-1,-1
502,4,667.00,333.00,36.00,110.00,1.0,-1,-1,-1
502,5,0.00,0.00,0.00,0.00,1.0,-1,-1,-1
502,6,0.00,0.00,0.00,0.00,1.0,-1,-1,-1
502,7,0.00,0.00,0.00,0.00,1.0,-1,-1,-1
502,8,0.00,0.00,0.00,0.00,1.0,-1,-1,-1
502,9,0.00,0.00,0.00,0.00,1.0,-1,-1,-1
502,10,822.00,318.00,58.00,161.00,1.0,-1,-1,-1
502,11,0.00,0.00,0.00,0.00,1.0,-1,-1,-1
502,12,126.00,282.00,297.00,548.00,1.0,-1,-1,-1
502,13,0.00,0.00,0.00,0.00,1.0,-1,-1,-1
502,14,1295.00,280.00,87.00,305.00,1.0,-1,-1,-1
502,15,0.00,0.00,0.00,0.00,1.0,-1,-1,-1
502,16,0.00,0.00,0.00,0.00,1.0,-1,-1,-1
502,17,931.00,330.00,35.00,148.00,1.0,-1,-1,-1
502,18,331.00,324.00,90.00,257.00,1.0,-1,-1,-1
503,0,1153.00,332.00,46.00,133.00,1.0,-1,-1,-1
503,1,0.00,0.00,0.00,0.00,1.0,-1,-1,-1
503,2,0.00,0.00,0.00,0.00,1.0,-1,-1,-1
503,3,0.00,0.00,0.00,0.00,1.0,-1,-1,-1
503,4,670.00,332.00,42.00,110.00,1.0,-1,-1,-1
503,5,0.00,0.00,0.00,0.00,1.0,-1,-1,-1
503,6,0.00,0.00,0.00,0.00,1.0,-1,-1,-1
503,7,0.00,0.00,0.00,0.00,1.0,-1,-1,-1
503,8,0.00,0.00,0.00,0.00,1.0,-1,-1,-1
503,9,0.00,0.00,0.00,0.00,1.0,-1,-1,-1
503,10,821.00,317.00,59.00,161.00,1.0,-1,-1,-1
503,11,0.00,0.00,0.00,0.00,1.0,-1,-1,-1
503,12,109.00,276.00,302.00,558.00,1.0,-1,-1,-1
503,13,0.00,0.00,0.00,0.00,1.0,-1,-1,-1
503,14,1299.00,277.00,87.00,309.00,1.0,-1,-1,-1
503,15,0.00,0.00,0.00,0.00,1.0,-1,-1,-1
503,16,0.00,0.00,0.00,0.00,1.0,-1,-1,-1
503,17,930.00,329.00,36.00,148.00,1.0,-1,-1,-1
503,18,325.00,321.00,90.00,260.00,1.0,-1,-1,-1
504,0,1155.00,330.00,49.00,133.00,1.0,-1,-1,-1
504,1,0.00,0.00,0.00,0.00,1.0,-1,-1,-1
504,2,0.00,0.00,0.00,0.00,1.0,-1,-1,-1
504,3,0.00,0.00,0.00,0.00,1.0,-1,-1,-1
504,4,671.00,332.00,42.00,107.00,1.0,-1,-1,-1
504,5,0.00,0.00,0.00,0.00,1.0,-1,-1,-1
504,6,0.00,0.00,0.00,0.00,1.0,-1,-1,-1
504,7,0.00,0.00,0.00,0.00,1.0,-1,-1,-1
504,8,0.00,0.00,0.00,0.00,1.0,-1,-1,-1
504,9,0.00,0.00,0.00,0.00,1.0,-1,-1,-1
504,10,825.00,315.00,57.00,161.00,1.0,-1,-1,-1
504,11,0.00,0.00,0.00,0.00,1.0,-1,-1,-1
504,12,99.00,273.00,308.00,562.00,1.0,-1,-1,-1
504,13,0.00,0.00,0.00,0.00,1.0,-1,-1,-1
504,14,1303.00,275.00,88.00,309.00,1.0,-1,-1,-1
504,15,0.00,0.00,0.00,0.00,1.0,-1,-1,-1
504,16,0.00,0.00,0.00,0.00,1.0,-1,-1,-1
504,17,931.00,326.00,37.00,149.00,1.0,-1,-1,-1
504,18,326.00,319.00,86.00,259.00,1.0,-1,-1,-1
505,0,1152.00,330.00,48.00,135.00,1.0,-1,-1,-1
505,1,0.00,0.00,0.00,0.00,1.0,-1,-1,-1
505,2,0.00,0.00,0.00,0.00,1.0,-1,-1,-1
505,3,0.00,0.00,0.00,0.00,1.0,-1,-1,-1
505,4,672.00,334.00,38.00,108.00,1.0,-1,-1,-1
505,5,0.00,0.00,0.00,0.00,1.0,-1,-1,-1
505,6,0.00,0.00,0.00,0.00,1.0,-1,-1,-1
505,7,0.00,0.00,0.00,0.00,1.0,-1,-1,-1
505,8,0.00,0.00,0.00,0.00,1.0,-1,-1,-1
505,9,0.00,0.00,0.00,0.00,1.0,-1,-1,-1
505,10,820.00,318.00,61.00,160.00,1.0,-1,-1,-1
505,11,0.00,0.00,0.00,0.00,1.0,-1,-1,-1
505,12,93.00,272.00,307.00,570.00,1.0,-1,-1,-1
505,13,0.00,0.00,0.00,0.00,1.0,-1,-1,-1
505,14,1301.00,275.00,90.00,311.00,1.0,-1,-1,-1
505,15,0.00,0.00,0.00,0.00,1.0,-1,-1,-1
505,16,0.00,0.00,0.00,0.00,1.0,-1,-1,-1
505,17,929.00,328.00,35.00,148.00,1.0,-1,-1,-1
505,18,320.00,320.00,89.00,261.00,1.0,-1,-1,-1
506,0,1154.00,328.00,46.00,136.00,1.0,-1,-1,-1
506,1,0.00,0.00,0.00,0.00,1.0,-1,-1,-1
506,2,0.00,0.00,0.00,0.00,1.0,-1,-1,-1
506,3,0.00,0.00,0.00,0.00,1.0,-1,-1,-1
506,4,674.00,332.00,36.00,108.00,1.0,-1,-1,-1
506,5,0.00,0.00,0.00,0.00,1.0,-1,-1,-1
506,6,0.00,0.00,0.00,0.00,1.0,-1,-1,-1
506,7,0.00,0.00,0.00,0.00,1.0,-1,-1,-1
506,8,0.00,0.00,0.00,0.00,1.0,-1,-1,-1
506,9,0.00,0.00,0.00,0.00,1.0,-1,-1,-1
506,10,821.00,314.00,60.00,162.00,1.0,-1,-1,-1
506,11,0.00,0.00,0.00,0.00,1.0,-1,-1,-1
506,12,86.00,267.00,308.00,577.00,1.0,-1,-1,-1
506,13,0.00,0.00,0.00,0.00,1.0,-1,-1,-1
506,14,1305.00,273.00,88.00,313.00,1.0,-1,-1,-1
506,15,0.00,0.00,0.00,0.00,1.0,-1,-1,-1
506,16,0.00,0.00,0.00,0.00,1.0,-1,-1,-1
506,17,929.00,326.00,34.00,149.00,1.0,-1,-1,-1
506,18,317.00,318.00,89.00,258.00,1.0,-1,-1,-1
507,0,1150.00,329.00,54.00,135.00,1.0,-1,-1,-1
507,1,0.00,0.00,0.00,0.00,1.0,-1,-1,-1
507,2,0.00,0.00,0.00,0.00,1.0,-1,-1,-1
507,3,0.00,0.00,0.00,0.00,1.0,-1,-1,-1
507,4,674.00,333.00,40.00,105.00,1.0,-1,-1,-1
507,5,0.00,0.00,0.00,0.00,1.0,-1,-1,-1
507,6,0.00,0.00,0.00,0.00,1.0,-1,-1,-1
507,7,0.00,0.00,0.00,0.00,1.0,-1,-1,-1
507,8,0.00,0.00,0.00,0.00,1.0,-1,-1,-1
507,9,0.00,0.00,0.00,0.00,1.0,-1,-1,-1
507,10,827.00,314.00,53.00,150.00,1.0,-1,-1,-1
507,11,0.00,0.00,0.00,0.00,1.0,-1,-1,-1
507,12,80.00,266.00,305.00,585.00,1.0,-1,-1,-1
507,13,0.00,0.00,0.00,0.00,1.0,-1,-1,-1
507,14,1312.00,272.00,81.00,314.00,1.0,-1,-1,-1
507,15,0.00,0.00,0.00,0.00,1.0,-1,-1,-1
507,16,0.00,0.00,0.00,0.00,1.0,-1,-1,-1
507,17,929.00,326.00,34.00,137.00,1.0,-1,-1,-1
507,18,318.00,318.00,84.00,261.00,1.0,-1,-1,-1
508,0,1156.00,330.00,51.00,135.00,1.0,-1,-1,-1
508,1,0.00,0.00,0.00,0.00,1.0,-1,-1,-1
508,2,0.00,0.00,0.00,0.00,1.0,-1,-1,-1
508,3,0.00,0.00,0.00,0.00,1.0,-1,-1,-1
508,4,678.00,332.00,41.00,107.00,1.0,-1,-1,-1
508,5,0.00,0.00,0.00,0.00,1.0,-1,-1,-1
508,6,0.00,0.00,0.00,0.00,1.0,-1,-1,-1
508,7,0.00,0.00,0.00,0.00,1.0,-1,-1,-1
508,8,0.00,0.00,0.00,0.00,1.0,-1,-1,-1
508,9,0.00,0.00,0.00,0.00,1.0,-1,-1,-1
508,10,828.00,314.00,55.00,161.00,1.0,-1,-1,-1
508,11,0.00,0.00,0.00,0.00,1.0,-1,-1,-1
508,12,60.00,263.00,321.00,598.00,1.0,-1,-1,-1
508,13,0.00,0.00,0.00,0.00,1.0,-1,-1,-1
508,14,1316.00,273.00,88.00,319.00,1.0,-1,-1,-1
508,15,0.00,0.00,0.00,0.00,1.0,-1,-1,-1
508,16,0.00,0.00,0.00,0.00,1.0,-1,-1,-1
508,17,926.00,326.00,41.00,146.00,1.0,-1,-1,-1
508,18,307.00,319.00,94.00,264.00,1.0,-1,-1,-1
509,0,1157.00,329.00,56.00,134.00,1.0,-1,-1,-1
509,1,0.00,0.00,0.00,0.00,1.0,-1,-1,-1
509,2,0.00,0.00,0.00,0.00,1.0,-1,-1,-1
509,3,0.00,0.00,0.00,0.00,1.0,-1,-1,-1
509,4,683.00,331.00,42.00,104.00,1.0,-1,-1,-1
509,5,0.00,0.00,0.00,0.00,1.0,-1,-1,-1
509,6,0.00,0.00,0.00,0.00,1.0,-1,-1,-1
509,7,0.00,0.00,0.00,0.00,1.0,-1,-1,-1
509,8,0.00,0.00,0.00,0.00,1.0,-1,-1,-1
509,9,0.00,0.00,0.00,0.00,1.0,-1,-1,-1
509,10,832.00,311.00,53.00,162.00,1.0,-1,-1,-1
509,11,0.00,0.00,0.00,0.00,1.0,-1,-1,-1
509,12,51.00,261.00,329.00,602.00,1.0,-1,-1,-1
509,13,0.00,0.00,0.00,0.00,1.0,-1,-1,-1
509,14,1321.00,270.00,89.00,321.00,1.0,-1,-1,-1
509,15,0.00,0.00,0.00,0.00,1.0,-1,-1,-1
509,16,0.00,0.00,0.00,0.00,1.0,-1,-1,-1
509,17,928.00,326.00,44.00,146.00,1.0,-1,-1,-1
509,18,311.00,317.00,93.00,261.00,1.0,-1,-1,-1
510,0,1164.00,327.00,51.00,136.00,1.0,-1,-1,-1
510,1,0.00,0.00,0.00,0.00,1.0,-1,-1,-1
510,2,0.00,0.00,0.00,0.00,1.0,-1,-1,-1
510,3,0.00,0.00,0.00,0.00,1.0,-1,-1,-1
510,4,687.00,328.00,39.00,107.00,1.0,-1,-1,-1
510,5,0.00,0.00,0.00,0.00,1.0,-1,-1,-1
510,6,0.00,0.00,0.00,0.00,1.0,-1,-1,-1
510,7,0.00,0.00,0.00,0.00,1.0,-1,-1,-1
510,8,0.00,0.00,0.00,0.00,1.0,-1,-1,-1
510,9,0.00,0.00,0.00,0.00,1.0,-1,-1,-1
510,10,835.00,310.00,55.00,162.00,1.0,-1,-1,-1
510,11,0.00,0.00,0.00,0.00,1.0,-1,-1,-1
510,12,45.00,260.00,333.00,609.00,1.0,-1,-1,-1
510,13,0.00,0.00,0.00,0.00,1.0,-1,-1,-1
510,14,1325.00,268.00,91.00,323.00,1.0,-1,-1,-1
510,15,0.00,0.00,0.00,0.00,1.0,-1,-1,-1
510,16,0.00,0.00,0.00,0.00,1.0,-1,-1,-1
510,17,931.00,324.00,42.00,144.00,1.0,-1,-1,-1
510,18,312.00,315.00,93.00,262.00,1.0,-1,-1,-1
511,0,1167.00,327.00,49.00,133.00,1.0,-1,-1,-1
511,1,0.00,0.00,0.00,0.00,1.0,-1,-1,-1
511,2,0.00,0.00,0.00,0.00,1.0,-1,-1,-1
511,3,0.00,0.00,0.00,0.00,1.0,-1,-1,-1
511,4,692.00,327.00,40.00,108.00,1.0,-1,-1,-1
511,5,0.00,0.00,0.00,0.00,1.0,-1,-1,-1
511,6,0.00,0.00,0.00,0.00,1.0,-1,-1,-1
511,7,0.00,0.00,0.00,0.00,1.0,-1,-1,-1
511,8,0.00,0.00,0.00,0.00,1.0,-1,-1,-1
511,9,0.00,0.00,0.00,0.00,1.0,-1,-1,-1
511,10,836.00,308.00,55.00,164.00,1.0,-1,-1,-1
511,11,0.00,0.00,0.00,0.00,1.0,-1,-1,-1
511,12,36.00,260.00,339.00,615.00,1.0,-1,-1,-1
511,13,0.00,0.00,0.00,0.00,1.0,-1,-1,-1
511,14,1329.00,267.00,93.00,325.00,1.0,-1,-1,-1
511,15,0.00,0.00,0.00,0.00,1.0,-1,-1,-1
511,16,0.00,0.00,0.00,0.00,1.0,-1,-1,-1
511,17,931.00,322.00,44.00,146.00,1.0,-1,-1,-1
511,18,307.00,315.00,98.00,263.00,1.0,-1,-1,-1
512,0,1172.00,323.00,50.00,136.00,1.0,-1,-1,-1
512,1,0.00,0.00,0.00,0.00,1.0,-1,-1,-1
512,2,0.00,0.00,0.00,0.00,1.0,-1,-1,-1
512,3,0.00,0.00,0.00,0.00,1.0,-1,-1,-1
512,4,699.00,324.00,34.00,106.00,1.0,-1,-1,-1
512,5,0.00,0.00,0.00,0.00,1.0,-1,-1,-1
512,6,0.00,0.00,0.00,0.00,1.0,-1,-1,-1
512,7,0.00,0.00,0.00,0.00,1.0,-1,-1,-1
512,8,0.00,0.00,0.00,0.00,1.0,-1,-1,-1
512,9,0.00,0.00,0.00,0.00,1.0,-1,-1,-1
512,10,839.00,306.00,57.00,160.00,1.0,-1,-1,-1
512,11,0.00,0.00,0.00,0.00,1.0,-1,-1,-1
512,12,28.00,256.00,344.00,621.00,1.0,-1,-1,-1
512,13,0.00,0.00,0.00,0.00,1.0,-1,-1,-1
512,14,1337.00,263.00,91.00,327.00,1.0,-1,-1,-1
512,15,0.00,0.00,0.00,0.00,1.0,-1,-1,-1
512,16,0.00,0.00,0.00,0.00,1.0,-1,-1,-1
512,17,931.00,322.00,47.00,142.00,1.0,-1,-1,-1
512,18,312.00,312.00,94.00,265.00,1.0,-1,-1,-1
513,0,1176.00,318.00,50.00,134.00,1.0,-1,-1,-1
513,1,0.00,0.00,0.00,0.00,1.0,-1,-1,-1
513,2,0.00,0.00,0.00,0.00,1.0,-1,-1,-1
513,3,0.00,0.00,0.00,0.00,1.0,-1,-1,-1
513,4,704.00,314.00,38.00,112.00,1.0,-1,-1,-1
513,5,0.00,0.00,0.00,0.00,1.0,-1,-1,-1
513,6,0.00,0.00,0.00,0.00,1.0,-1,-1,-1
513,7,0.00,0.00,0.00,0.00,1.0,-1,-1,-1
513,8,0.00,0.00,0.00,0.00,1.0,-1,-1,-1
513,9,0.00,0.00,0.00,0.00,1.0,-1,-1,-1
513,10,842.00,301.00,60.00,162.00,1.0,-1,-1,-1
513,11,0.00,0.00,0.00,0.00,1.0,-1,-1,-1
513,12,9.00,252.00,351.00,633.00,1.0,-1,-1,-1
513,13,0.00,0.00,0.00,0.00,1.0,-1,-1,-1
513,14,1348.00,258.00,89.00,330.00,1.0,-1,-1,-1
513,15,0.00,0.00,0.00,0.00,1.0,-1,-1,-1
513,16,0.00,0.00,0.00,0.00,1.0,-1,-1,-1
513,17,923.00,313.00,58.00,149.00,1.0,-1,-1,-1
513,18,310.00,307.00,96.00,267.00,1.0,-1,-1,-1
514,0,1178.00,280.00,214.00,167.00,1.0,-1,-1,-1
514,1,0.00,0.00,0.00,0.00,1.0,-1,-1,-1
514,2,0.00,0.00,0.00,0.00,1.0,-1,-1,-1
514,3,0.00,0.00,0.00,0.00,1.0,-1,-1,-1
514,4,706.00,313.00,37.00,109.00,1.0,-1,-1,-1
514,5,0.00,0.00,0.00,0.00,1.0,-1,-1,-1
514,6,0.00,0.00,0.00,0.00,1.0,-1,-1,-1
514,7,0.00,0.00,0.00,0.00,1.0,-1,-1,-1
514,8,0.00,0.00,0.00,0.00,1.0,-1,-1,-1
514,9,0.00,0.00,0.00,0.00,1.0,-1,-1,-1
514,10,845.00,297.00,57.00,163.00,1.0,-1,-1,-1
514,11,0.00,0.00,0.00,0.00,1.0,-1,-1,-1
514,12,0.00,248.00,357.00,637.00,1.0,-1,-1,-1
514,13,0.00,0.00,0.00,0.00,1.0,-1,-1,-1
514,14,1350.00,253.00,91.00,332.00,1.0,-1,-1,-1
514,15,0.00,0.00,0.00,0.00,1.0,-1,-1,-1
514,16,0.00,0.00,0.00,0.00,1.0,-1,-1,-1
514,17,921.00,307.00,61.00,153.00,1.0,-1,-1,-1
514,18,310.00,303.00,96.00,269.00,1.0,-1,-1,-1
515,0,1180.00,310.00,49.00,136.00,1.0,-1,-1,-1
515,1,0.00,0.00,0.00,0.00,1.0,-1,-1,-1
515,2,0.00,0.00,0.00,0.00,1.0,-1,-1,-1
515,3,0.00,0.00,0.00,0.00,1.0,-1,-1,-1
515,4,708.00,310.00,39.00,110.00,1.0,-1,-1,-1
515,5,0.00,0.00,0.00,0.00,1.0,-1,-1,-1
515,6,0.00,0.00,0.00,0.00,1.0,-1,-1,-1
515,7,0.00,0.00,0.00,0.00,1.0,-1,-1,-1
515,8,0.00,0.00,0.00,0.00,1.0,-1,-1,-1
515,9,0.00,0.00,0.00,0.00,1.0,-1,-1,-1
515,10,846.00,295.00,57.00,163.00,1.0,-1,-1,-1
515,11,0.00,0.00,0.00,0.00,1.0,-1,-1,-1
515,12,0.00,244.00,353.00,646.00,1.0,-1,-1,-1
515,13,0.00,0.00,0.00,0.00,1.0,-1,-1,-1
515,14,1354.00,250.00,90.00,335.00,1.0,-1,-1,-1
515,15,0.00,0.00,0.00,0.00,1.0,-1,-1,-1
515,16,0.00,0.00,0.00,0.00,1.0,-1,-1,-1
515,17,921.00,305.00,62.00,152.00,1.0,-1,-1,-1
515,18,309.00,299.00,97.00,271.00,1.0,-1,-1,-1
516,0,1179.00,308.00,50.00,135.00,1.0,-1,-1,-1
516,1,0.00,0.00,0.00,0.00,1.0,-1,-1,-1
516,2,0.00,0.00,0.00,0.00,1.0,-1,-1,-1
516,3,0.00,0.00,0.00,0.00,1.0,-1,-1,-1
516,4,709.00,307.00,39.00,110.00,1.0,-1,-1,-1
516,5,0.00,0.00,0.00,0.00,1.0,-1,-1,-1
516,6,0.00,0.00,0.00,0.00,1.0,-1,-1,-1
516,7,0.00,0.00,0.00,0.00,1.0,-1,-1,-1
516,8,0.00,0.00,0.00,0.00,1.0,-1,-1,-1
516,9,0.00,0.00,0.00,0.00,1.0,-1,-1,-1
516,10,846.00,294.00,56.00,161.00,1.0,-1,-1,-1
516,11,0.00,0.00,0.00,0.00,1.0,-1,-1,-1
516,12,0.00,241.00,347.00,654.00,1.0,-1,-1,-1
516,13,0.00,0.00,0.00,0.00,1.0,-1,-1,-1
516,14,1354.00,248.00,93.00,336.00,1.0,-1,-1,-1
516,15,0.00,0.00,0.00,0.00,1.0,-1,-1,-1
516,16,0.00,0.00,0.00,0.00,1.0,-1,-1,-1
516,17,923.00,304.00,57.00,151.00,1.0,-1,-1,-1
516,18,309.00,297.00,95.00,272.00,1.0,-1,-1,-1
517,0,1181.00,306.00,47.00,135.00,1.0,-1,-1,-1
517,1,0.00,0.00,0.00,0.00,1.0,-1,-1,-1
517,2,0.00,0.00,0.00,0.00,1.0,-1,-1,-1
517,3,0.00,0.00,0.00,0.00,1.0,-1,-1,-1
517,4,712.00,306.00,39.00,109.00,1.0,-1,-1,-1
517,5,0.00,0.00,0.00,0.00,1.0,-1,-1,-1
517,6,0.00,0.00,0.00,0.00,1.0,-1,-1,-1
517,7,0.00,0.00,0.00,0.00,1.0,-1,-1,-1
517,8,0.00,0.00,0.00,0.00,1.0,-1,-1,-1
517,9,0.00,0.00,0.00,0.00,1.0,-1,-1,-1
517,10,847.00,293.00,55.00,161.00,1.0,-1,-1,-1
517,11,0.00,0.00,0.00,0.00,1.0,-1,-1,-1
517,12,0.00,234.00,340.00,662.00,1.0,-1,-1,-1
517,13,0.00,0.00,0.00,0.00,1.0,-1,-1,-1
517,14,1360.00,246.00,91.00,337.00,1.0,-1,-1,-1
517,15,0.00,0.00,0.00,0.00,1.0,-1,-1,-1
517,16,0.00,0.00,0.00,0.00,1.0,-1,-1,-1
517,17,927.00,302.00,51.00,152.00,1.0,-1,-1,-1
517,18,309.00,294.00,96.00,274.00,1.0,-1,-1,-1
518,0,1180.00,280.00,242.00,160.00,1.0,-1,-1,-1
518,1,0.00,0.00,0.00,0.00,1.0,-1,-1,-1
518,2,0.00,0.00,0.00,0.00,1.0,-1,-1,-1
518,3,0.00,0.00,0.00,0.00,1.0,-1,-1,-1
518,4,714.00,305.00,38.00,110.00,1.0,-1,-1,-1
518,5,0.00,0.00,0.00,0.00,1.0,-1,-1,-1
518,6,0.00,0.00,0.00,0.00,1.0,-1,-1,-1
518,7,0.00,0.00,0.00,0.00,1.0,-1,-1,-1
518,8,0.00,0.00,0.00,0.00,1.0,-1,-1,-1
518,9,0.00,0.00,0.00,0.00,1.0,-1,-1,-1
518,10,848.00,290.00,54.00,164.00,1.0,-1,-1,-1
518,11,0.00,0.00,0.00,0.00,1.0,-1,-1,-1
518,12,0.00,227.00,327.00,685.00,1.0,-1,-1,-1
518,13,0.00,0.00,0.00,0.00,1.0,-1,-1,-1
518,14,1366.00,243.00,90.00,342.00,1.0,-1,-1,-1
518,15,0.00,0.00,0.00,0.00,1.0,-1,-1,-1
518,16,0.00,0.00,0.00,0.00,1.0,-1,-1,-1
518,17,927.00,303.00,48.00,150.00,1.0,-1,-1,-1
518,18,305.00,290.00,97.00,279.00,1.0,-1,-1,-1
519,0,1180.00,280.00,242.00,160.00,1.0,-1,-1,-1
519,1,0.00,0.00,0.00,0.00,1.0,-1,-1,-1
519,2,0.00,0.00,0.00,0.00,1.0,-1,-1,-1
519,3,0.00,0.00,0.00,0.00,1.0,-1,-1,-1
519,4,714.00,304.00,40.00,110.00,1.0,-1,-1,-1
519,5,0.00,0.00,0.00,0.00,1.0,-1,-1,-1
519,6,0.00,0.00,0.00,0.00,1.0,-1,-1,-1
519,7,0.00,0.00,0.00,0.00,1.0,-1,-1,-1
519,8,0.00,0.00,0.00,0.00,1.0,-1,-1,-1
519,9,0.00,0.00,0.00,0.00,1.0,-1,-1,-1
519,10,848.00,289.00,53.00,163.00,1.0,-1,-1,-1
519,11,0.00,0.00,0.00,0.00,1.0,-1,-1,-1
519,12,0.00,223.00,319.00,693.00,1.0,-1,-1,-1
519,13,0.00,0.00,0.00,0.00,1.0,-1,-1,-1
519,14,1369.00,242.00,91.00,344.00,1.0,-1,-1,-1
519,15,0.00,0.00,0.00,0.00,1.0,-1,-1,-1
519,16,0.00,0.00,0.00,0.00,1.0,-1,-1,-1
519,17,927.00,302.00,46.00,148.00,1.0,-1,-1,-1
519,18,305.00,288.00,95.00,281.00,1.0,-1,-1,-1
520,0,1179.00,280.00,243.00,163.00,1.0,-1,-1,-1
520,1,0.00,0.00,0.00,0.00,1.0,-1,-1,-1
520,2,0.00,0.00,0.00,0.00,1.0,-1,-1,-1
520,3,0.00,0.00,0.00,0.00,1.0,-1,-1,-1
520,4,715.00,306.00,39.00,110.00,1.0,-1,-1,-1
520,5,0.00,0.00,0.00,0.00,1.0,-1,-1,-1
520,6,0.00,0.00,0.00,0.00,1.0,-1,-1,-1
520,7,0.00,0.00,0.00,0.00,1.0,-1,-1,-1
520,8,0.00,0.00,0.00,0.00,1.0,-1,-1,-1
520,9,0.00,0.00,0.00,0.00,1.0,-1,-1,-1
520,10,848.00,292.00,53.00,160.00,1.0,-1,-1,-1
520,11,0.00,0.00,0.00,0.00,1.0,-1,-1,-1
520,12,0.00,221.00,310.00,698.00,1.0,-1,-1,-1
520,13,0.00,0.00,0.00,0.00,1.0,-1,-1,-1
520,14,1372.00,243.00,89.00,345.00,1.0,-1,-1,-1
520,15,0.00,0.00,0.00,0.00,1.0,-1,-1,-1
520,16,0.00,0.00,0.00,0.00,1.0,-1,-1,-1
520,17,927.00,304.00,42.00,146.00,1.0,-1,-1,-1
520,18,302.00,288.00,97.00,281.00,1.0,-1,-1,-1
521,0,1177.00,280.00,245.00,163.00,1.0,-1,-1,-1
521,1,0.00,0.00,0.00,0.00,1.0,-1,-1,-1
521,2,0.00,0.00,0.00,0.00,1.0,-1,-1,-1
521,3,0.00,0.00,0.00,0.00,1.0,-1,-1,-1
521,4,715.00,306.00,39.00,111.00,1.0,-1,-1,-1
521,5,0.00,0.00,0.00,0.00,1.0,-1,-1,-1
521,6,0.00,0.00,0.00,0.00,1.0,-1,-1,-1
521,7,0.00,0.00,0.00,0.00,1.0,-1,-1,-1
521,8,0.00,0.00,0.00,0.00,1.0,-1,-1,-1
521,9,0.00,0.00,0.00,0.00,1.0,-1,-1,-1
521,10,847.00,290.00,53.00,164.00,1.0,-1,-1,-1
521,11,0.00,0.00,0.00,0.00,1.0,-1,-1,-1
521,12,0.00,218.00,303.00,713.00,1.0,-1,-1,-1
521,13,0.00,0.00,0.00,0.00,1.0,-1,-1,-1
521,14,1371.00,242.00,93.00,350.00,1.0,-1,-1,-1
521,15,0.00,0.00,0.00,0.00,1.0,-1,-1,-1
521,16,0.00,0.00,0.00,0.00,1.0,-1,-1,-1
521,17,926.00,302.00,40.00,149.00,1.0,-1,-1,-1
521,18,299.00,290.00,97.00,283.00,1.0,-1,-1,-1
522,0,1177.00,280.00,245.00,162.00,1.0,-1,-1,-1
522,1,0.00,0.00,0.00,0.00,1.0,-1,-1,-1
522,2,0.00,0.00,0.00,0.00,1.0,-1,-1,-1
522,3,0.00,0.00,0.00,0.00,1.0,-1,-1,-1
522,4,712.00,304.00,40.00,115.00,1.0,-1,-1,-1
522,5,0.00,0.00,0.00,0.00,1.0,-1,-1,-1
522,6,0.00,0.00,0.00,0.00,1.0,-1,-1,-1
522,7,0.00,0.00,0.00,0.00,1.0,-1,-1,-1
522,8,0.00,0.00,0.00,0.00,1.0,-1,-1,-1
522,9,0.00,0.00,0.00,0.00,1.0,-1,-1,-1
522,10,843.00,293.00,53.00,160.00,1.0,-1,-1,-1
522,11,0.00,0.00,0.00,0.00,1.0,-1,-1,-1
522,12,0.00,219.00,290.00,712.00,1.0,-1,-1,-1
522,13,0.00,0.00,0.00,0.00,1.0,-1,-1,-1
522,14,1373.00,245.00,88.00,351.00,1.0,-1,-1,-1
522,15,0.00,0.00,0.00,0.00,1.0,-1,-1,-1
522,16,0.00,0.00,0.00,0.00,1.0,-1,-1,-1
522,17,924.00,305.00,37.00,150.00,1.0,-1,-1,-1
522,18,296.00,292.00,95.00,161.00,1.0,-1,-1,-1
523,0,1173.00,280.00,249.00,167.00,1.0,-1,-1,-1
523,1,0.00,0.00,0.00,0.00,1.0,-1,-1,-1
523,2,0.00,0.00,0.00,0.00,1.0,-1,-1,-1
523,3,0.00,0.00,0.00,0.00,1.0,-1,-1,-1
523,4,714.00,308.00,37.00,111.00,1.0,-1,-1,-1
523,5,0.00,0.00,0.00,0.00,1.0,-1,-1,-1
523,6,0.00,0.00,0.00,0.00,1.0,-1,-1,-1
523,7,0.00,0.00,0.00,0.00,1.0,-1,-1,-1
523,8,0.00,0.00,0.00,0.00,1.0,-1,-1,-1
523,9,0.00,0.00,0.00,0.00,1.0,-1,-1,-1
523,10,842.00,294.00,53.00,164.00,1.0,-1,-1,-1
523,11,0.00,0.00,0.00,0.00,1.0,-1,-1,-1
523,12,0.00,221.00,272.00,726.00,1.0,-1,-1,-1
523,13,0.00,0.00,0.00,0.00,1.0,-1,-1,-1
523,14,1375.00,245.00,92.00,356.00,1.0,-1,-1,-1
523,15,0.00,0.00,0.00,0.00,1.0,-1,-1,-1
523,16,0.00,0.00,0.00,0.00,1.0,-1,-1,-1
523,17,920.00,304.00,39.00,152.00,1.0,-1,-1,-1
523,18,289.00,292.00,105.00,286.00,1.0,-1,-1,-1
524,0,1169.00,315.00,53.00,133.00,1.0,-1,-1,-1
524,1,0.00,0.00,0.00,0.00,1.0,-1,-1,-1
524,2,0.00,0.00,0.00,0.00,1.0,-1,-1,-1
524,3,0.00,0.00,0.00,0.00,1.0,-1,-1,-1
524,4,707.00,309.00,40.00,113.00,1.0,-1,-1,-1
524,5,0.00,0.00,0.00,0.00,1.0,-1,-1,-1
524,6,0.00,0.00,0.00,0.00,1.0,-1,-1,-1
524,7,0.00,0.00,0.00,0.00,1.0,-1,-1,-1
524,8,0.00,0.00,0.00,0.00,1.0,-1,-1,-1
524,9,0.00,0.00,0.00,0.00,1.0,-1,-1,-1
524,10,835.00,297.00,52.00,164.00,1.0,-1,-1,-1
524,11,0.00,0.00,0.00,0.00,1.0,-1,-1,-1
524,12,0.00,228.00,259.00,729.00,1.0,-1,-1,-1
524,13,0.00,0.00,0.00,0.00,1.0,-1,-1,-1
524,14,1372.00,248.00,95.00,354.00,1.0,-1,-1,-1
524,15,0.00,0.00,0.00,0.00,1.0,-1,-1,-1
524,16,0.00,0.00,0.00,0.00,1.0,-1,-1,-1
524,17,915.00,310.00,38.00,152.00,1.0,-1,-1,-1
524,18,282.00,296.00,105.00,251.00,1.0,-1,-1,-1
525,0,1168.00,314.00,53.00,131.00,1.0,-1,-1,-1
525,1,0.00,0.00,0.00,0.00,1.0,-1,-1,-1
525,2,0.00,0.00,0.00,0.00,1.0,-1,-1,-1
525,3,0.00,0.00,0.00,0.00,1.0,-1,-1,-1
525,4,706.00,308.00,42.00,113.00,1.0,-1,-1,-1
525,5,0.00,0.00,0.00,0.00,1.0,-1,-1,-1
525,6,0.00,0.00,0.00,0.00,1.0,-1,-1,-1
525,7,0.00,0.00,0.00,0.00,1.0,-1,-1,-1
525,8,0.00,0.00,0.00,0.00,1.0,-1,-1,-1
525,9,0.00,0.00,0.00,0.00,1.0,-1,-1,-1
525,10,836.00,296.00,48.00,162.00,1.0,-1,-1,-1
525,11,0.00,0.00,0.00,0.00,1.0,-1,-1,-1
525,12,0.00,233.00,245.00,724.00,1.0,-1,-1,-1
525,13,0.00,0.00,0.00,0.00,1.0,-1,-1,-1
525,14,1374.00,246.00,93.00,357.00,1.0,-1,-1,-1
525,15,0.00,0.00,0.00,0.00,1.0,-1,-1,-1
525,16,0.00,0.00,0.00,0.00,1.0,-1,-1,-1
525,17,915.00,310.00,37.00,153.00,1.0,-1,-1,-1
525,18,279.00,297.00,102.00,168.00,1.0,-1,-1,-1
526,0,1166.00,314.00,55.00,132.00,1.0,-1,-1,-1
526,1,0.00,0.00,0.00,0.00,1.0,-1,-1,-1
526,2,0.00,0.00,0.00,0.00,1.0,-1,-1,-1
526,3,0.00,0.00,0.00,0.00,1.0,-1,-1,-1
526,4,708.00,308.00,37.00,113.00,1.0,-1,-1,-1
526,5,0.00,0.00,0.00,0.00,1.0,-1,-1,-1
526,6,0.00,0.00,0.00,0.00,1.0,-1,-1,-1
526,7,0.00,0.00,0.00,0.00,1.0,-1,-1,-1
526,8,0.00,0.00,0.00,0.00,1.0,-1,-1,-1
526,9,0.00,0.00,0.00,0.00,1.0,-1,-1,-1
526,10,828.00,296.00,53.00,164.00,1.0,-1,-1,-1
526,11,0.00,0.00,0.00,0.00,1.0,-1,-1,-1
526,12,0.00,249.00,238.00,727.00,1.0,-1,-1,-1
526,13,0.00,0.00,0.00,0.00,1.0,-1,-1,-1
526,14,1373.00,245.00,94.00,361.00,1.0,-1,-1,-1
526,15,0.00,0.00,0.00,0.00,1.0,-1,-1,-1
526,16,0.00,0.00,0.00,0.00,1.0,-1,-1,-1
526,17,909.00,308.00,42.00,151.00,1.0,-1,-1,-1
526,18,273.00,297.00,106.00,175.00,1.0,-1,-1,-1
527,0,1163.00,311.00,55.00,134.00,1.0,-1,-1,-1
527,1,0.00,0.00,0.00,0.00,1.0,-1,-1,-1
527,2,0.00,0.00,0.00,0.00,1.0,-1,-1,-1
527,3,0.00,0.00,0.00,0.00,1.0,-1,-1,-1
527,4,706.00,308.00,35.00,112.00,1.0,-1,-1,-1
527,5,0.00,0.00,0.00,0.00,1.0,-1,-1,-1
527,6,0.00,0.00,0.00,0.00,1.0,-1,-1,-1
527,7,0.00,0.00,0.00,0.00,1.0,-1,-1,-1
527,8,0.00,0.00,0.00,0.00,1.0,-1,-1,-1
527,9,0.00,0.00,0.00,0.00,1.0,-1,-1,-1
527,10,824.00,295.00,56.00,165.00,1.0,-1,-1,-1
527,11,0.00,0.00,0.00,0.00,1.0,-1,-1,-1
527,12,0.00,315.00,225.00,666.00,1.0,-1,-1,-1
527,13,0.00,0.00,0.00,0.00,1.0,-1,-1,-1
527,14,1372.00,244.00,94.00,363.00,1.0,-1,-1,-1
527,15,0.00,0.00,0.00,0.00,1.0,-1,-1,-1
527,16,0.00,0.00,0.00,0.00,1.0,-1,-1,-1
527,17,905.00,308.00,40.00,151.00,1.0,-1,-1,-1
527,18,264.00,295.00,109.00,167.00,1.0,-1,-1,-1
528,0,1152.00,305.00,60.00,135.00,1.0,-1,-1,-1
528,1,0.00,0.00,0.00,0.00,1.0,-1,-1,-1
528,2,0.00,0.00,0.00,0.00,1.0,-1,-1,-1
528,3,0.00,0.00,0.00,0.00,1.0,-1,-1,-1
528,4,699.00,299.00,36.00,117.00,1.0,-1,-1,-1
528,5,0.00,0.00,0.00,0.00,1.0,-1,-1,-1
528,6,0.00,0.00,0.00,0.00,1.0,-1,-1,-1
528,7,0.00,0.00,0.00,0.00,1.0,-1,-1,-1
528,8,0.00,0.00,0.00,0.00,1.0,-1,-1,-1
528,9,0.00,0.00,0.00,0.00,1.0,-1,-1,-1
528,10,815.00,290.00,56.00,166.00,1.0,-1,-1,-1
528,11,0.00,0.00,0.00,0.00,1.0,-1,-1,-1
528,12,0.00,320.00,196.00,672.00,1.0,-1,-1,-1
528,13,0.00,0.00,0.00,0.00,1.0,-1,-1,-1
528,14,1368.00,240.00,95.00,363.00,1.0,-1,-1,-1
528,15,0.00,0.00,0.00,0.00,1.0,-1,-1,-1
528,16,0.00,0.00,0.00,0.00,1.0,-1,-1,-1
528,17,895.00,305.00,40.00,149.00,1.0,-1,-1,-1
528,18,246.00,290.00,111.00,171.00,1.0,-1,-1,-1
529,0,1149.00,304.00,43.00,135.00,1.0,-1,-1,-1
529,1,0.00,0.00,0.00,0.00,1.0,-1,-1,-1
529,2,0.00,0.00,0.00,0.00,1.0,-1,-1,-1
529,3,0.00,0.00,0.00,0.00,1.0,-1,-1,-1
529,4,694.00,299.00,40.00,114.00,1.0,-1,-1,-1
529,5,0.00,0.00,0.00,0.00,1.0,-1,-1,-1
529,6,0.00,0.00,0.00,0.00,1.0,-1,-1,-1
529,7,0.00,0.00,0.00,0.00,1.0,-1,-1,-1
529,8,0.00,0.00,0.00,0.00,1.0,-1,-1,-1
529,9,0.00,0.00,0.00,0.00,1.0,-1,-1,-1
529,10,810.00,290.00,54.00,165.00,1.0,-1,-1,-1
529,11,0.00,0.00,0.00,0.00,1.0,-1,-1,-1
529,12,0.00,335.00,180.00,671.00,1.0,-1,-1,-1
529,13,0.00,0.00,0.00,0.00,1.0,-1,-1,-1
529,14,1366.00,239.00,95.00,365.00,1.0,-1,-1,-1
529,15,0.00,0.00,0.00,0.00,1.0,-1,-1,-1
529,16,0.00,0.00,0.00,0.00,1.0,-1,-1,-1
529,17,890.00,304.00,41.00,150.00,1.0,-1,-1,-1
529,18,236.00,289.00,112.00,168.00,1.0,-1,-1,-1
530,0,1146.00,304.00,45.00,135.00,1.0,-1,-1,-1
530,1,0.00,0.00,0.00,0.00,1.0,-1,-1,-1
530,2,0.00,0.00,0.00,0.00,1.0,-1,-1,-1
530,3,0.00,0.00,0.00,0.00,1.0,-1,-1,-1
530,4,690.00,299.00,42.00,115.00,1.0,-1,-1,-1
530,5,0.00,0.00,0.00,0.00,1.0,-1,-1,-1
530,6,0.00,0.00,0.00,0.00,1.0,-1,-1,-1
530,7,0.00,0.00,0.00,0.00,1.0,-1,-1,-1
530,8,0.00,0.00,0.00,0.00,1.0,-1,-1,-1
530,9,0.00,0.00,0.00,0.00,1.0,-1,-1,-1
530,10,799.00,290.00,59.00,164.00,1.0,-1,-1,-1
530,11,0.00,0.00,0.00,0.00,1.0,-1,-1,-1
530,12,0.00,370.00,163.00,639.00,1.0,-1,-1,-1
530,13,0.00,0.00,0.00,0.00,1.0,-1,-1,-1
530,14,1364.00,237.00,96.00,367.00,1.0,-1,-1,-1
530,15,0.00,0.00,0.00,0.00,1.0,-1,-1,-1
530,16,0.00,0.00,0.00,0.00,1.0,-1,-1,-1
530,17,888.00,303.00,40.00,152.00,1.0,-1,-1,-1
530,18,227.00,287.00,112.00,174.00,1.0,-1,-1,-1
531,0,1140.00,303.00,44.00,135.00,1.0,-1,-1,-1
531,1,0.00,0.00,0.00,0.00,1.0,-1,-1,-1
531,2,0.00,0.00,0.00,0.00,1.0,-1,-1,-1
531,3,0.00,0.00,0.00,0.00,1.0,-1,-1,-1
531,4,688.00,303.00,41.00,110.00,1.0,-1,-1,-1
531,5,0.00,0.00,0.00,0.00,1.0,-1,-1,-1
531,6,0.00,0.00,0.00,0.00,1.0,-1,-1,-1
531,7,0.00,0.00,0.00,0.00,1.0,-1,-1,-1
531,8,0.00,0.00,0.00,0.00,1.0,-1,-1,-1
531,9,0.00,0.00,0.00,0.00,1.0,-1,-1,-1
531,10,796.00,288.00,56.00,166.00,1.0,-1,-1,-1
531,11,0.00,0.00,0.00,0.00,1.0,-1,-1,-1
531,12,0.00,678.00,148.00,338.00,1.0,-1,-1,-1
531,13,0.00,0.00,0.00,0.00,1.0,-1,-1,-1
531,14,1361.00,234.00,98.00,370.00,1.0,-1,-1,-1
531,15,0.00,0.00,0.00,0.00,1.0,-1,-1,-1
531,16,0.00,0.00,0.00,0.00,1.0,-1,-1,-1
531,17,881.00,301.00,41.00,153.00,1.0,-1,-1,-1
531,18,215.00,285.00,116.00,172.00,1.0,-1,-1,-1
532,0,1136.00,305.00,43.00,132.00,1.0,-1,-1,-1
532,1,0.00,0.00,0.00,0.00,1.0,-1,-1,-1
532,2,0.00,0.00,0.00,0.00,1.0,-1,-1,-1
532,3,0.00,0.00,0.00,0.00,1.0,-1,-1,-1
532,4,685.00,305.00,39.00,107.00,1.0,-1,-1,-1
532,5,0.00,0.00,0.00,0.00,1.0,-1,-1,-1
532,6,0.00,0.00,0.00,0.00,1.0,-1,-1,-1
532,7,0.00,0.00,0.00,0.00,1.0,-1,-1,-1
532,8,0.00,0.00,0.00,0.00,1.0,-1,-1,-1
532,9,0.00,0.00,0.00,0.00,1.0,-1,-1,-1
532,10,793.00,289.00,54.00,163.00,1.0,-1,-1,-1
532,11,0.00,0.00,0.00,0.00,1.0,-1,-1,-1
532,12,0.00,733.00,131.00,280.00,1.0,-1,-1,-1
532,13,0.00,0.00,0.00,0.00,1.0,-1,-1,-1
532,14,1359.00,234.00,99.00,371.00,1.0,-1,-1,-1
532,15,0.00,0.00,0.00,0.00,1.0,-1,-1,-1
532,16,0.00,0.00,0.00,0.00,1.0,-1,-1,-1
532,17,878.00,301.00,41.00,152.00,1.0,-1,-1,-1
532,18,205.00,284.00,116.00,172.00,1.0,-1,-1,-1
533,0,1128.00,306.00,46.00,132.00,1.0,-1,-1,-1
533,1,0.00,0.00,0.00,0.00,1.0,-1,-1,-1
533,2,0.00,0.00,0.00,0.00,1.0,-1,-1,-1
533,3,0.00,0.00,0.00,0.00,1.0,-1,-1,-1
533,4,681.00,308.00,41.00,106.00,1.0,-1,-1,-1
533,5,0.00,0.00,0.00,0.00,1.0,-1,-1,-1
533,6,0.00,0.00,0.00,0.00,1.0,-1,-1,-1
533,7,0.00,0.00,0.00,0.00,1.0,-1,-1,-1
533,8,0.00,0.00,0.00,0.00,1.0,-1,-1,-1
533,9,0.00,0.00,0.00,0.00,1.0,-1,-1,-1
533,10,785.00,288.00,53.00,166.00,1.0,-1,-1,-1
533,11,0.00,0.00,0.00,0.00,1.0,-1,-1,-1
533,12,0.00,802.00,92.00,207.00,1.0,-1,-1,-1
533,13,0.00,0.00,0.00,0.00,1.0,-1,-1,-1
533,14,1358.00,233.00,100.00,377.00,1.0,-1,-1,-1
533,15,0.00,0.00,0.00,0.00,1.0,-1,-1,-1
533,16,0.00,0.00,0.00,0.00,1.0,-1,-1,-1
533,17,871.00,298.00,42.00,154.00,1.0,-1,-1,-1
533,18,191.00,283.00,116.00,177.00,1.0,-1,-1,-1
534,0,1131.00,306.00,291.00,130.00,1.0,-1,-1,-1
534,1,0.00,0.00,0.00,0.00,1.0,-1,-1,-1
534,2,0.00,0.00,0.00,0.00,1.0,-1,-1,-1
534,3,0.00,0.00,0.00,0.00,1.0,-1,-1,-1
534,4,678.00,307.00,42.00,106.00,1.0,-1,-1,-1
534,5,0.00,0.00,0.00,0.00,1.0,-1,-1,-1
534,6,0.00,0.00,0.00,0.00,1.0,-1,-1,-1
534,7,0.00,0.00,0.00,0.00,1.0,-1,-1,-1
534,8,0.00,0.00,0.00,0.00,1.0,-1,-1,-1
534,9,0.00,0.00,0.00,0.00,1.0,-1,-1,-1
534,10,784.00,288.00,52.00,163.00,1.0,-1,-1,-1
534,11,0.00,0.00,0.00,0.00,1.0,-1,-1,-1
534,12,0.00,907.00,63.00,102.00,1.0,-1,-1,-1
534,13,0.00,0.00,0.00,0.00,1.0,-1,-1,-1
534,14,1357.00,231.00,99.00,380.00,1.0,-1,-1,-1
534,15,0.00,0.00,0.00,0.00,1.0,-1,-1,-1
534,16,0.00,0.00,0.00,0.00,1.0,-1,-1,-1
534,17,871.00,297.00,41.00,155.00,1.0,-1,-1,-1
534,18,184.00,284.00,115.00,176.00,1.0,-1,-1,-1
535,0,1128.00,280.00,294.00,158.00,1.0,-1,-1,-1
535,1,0.00,0.00,0.00,0.00,1.0,-1,-1,-1
535,2,0.00,0.00,0.00,0.00,1.0,-1,-1,-1
535,3,0.00,0.00,0.00,0.00,1.0,-1,-1,-1
535,4,676.00,302.00,43.00,114.00,1.0,-1,-1,-1
535,5,0.00,0.00,0.00,0.00,1.0,-1,-1,-1
535,6,0.00,0.00,0.00,0.00,1.0,-1,-1,-1
535,7,0.00,0.00,0.00,0.00,1.0,-1,-1,-1
535,8,0.00,0.00,0.00,0.00,1.0,-1,-1,-1
535,9,0.00,0.00,0.00,0.00,1.0,-1,-1,-1
535,10,780.00,290.00,51.00,161.00,1.0,-1,-1,-1
535,11,0.00,0.00,0.00,0.00,1.0,-1,-1,-1
535,12,0.00,978.00,27.00,35.00,1.0,-1,-1,-1
535,13,0.00,0.00,0.00,0.00,1.0,-1,-1,-1
535,14,1358.00,232.00,99.00,377.00,1.0,-1,-1,-1
535,15,0.00,0.00,0.00,0.00,1.0,-1,-1,-1
535,16,0.00,0.00,0.00,0.00,1.0,-1,-1,-1
535,17,866.00,301.00,41.00,154.00,1.0,-1,-1,-1
535,18,176.00,285.00,113.00,177.00,1.0,-1,-1,-1
536,0,1130.00,280.00,292.00,158.00,1.0,-1,-1,-1
536,1,0.00,0.00,0.00,0.00,1.0,-1,-1,-1
536,2,0.00,0.00,0.00,0.00,1.0,-1,-1,-1
536,3,0.00,0.00,0.00,0.00,1.0,-1,-1,-1
536,4,678.00,295.00,42.00,119.00,1.0,-1,-1,-1
536,5,0.00,0.00,0.00,0.00,1.0,-1,-1,-1
536,6,0.00,0.00,0.00,0.00,1.0,-1,-1,-1
536,7,0.00,0.00,0.00,0.00,1.0,-1,-1,-1
536,8,0.00,0.00,0.00,0.00,1.0,-1,-1,-1
536,9,0.00,0.00,0.00,0.00,1.0,-1,-1,-1
536,10,778.00,287.00,53.00,163.00,1.0,-1,-1,-1
536,11,0.00,0.00,0.00,0.00,1.0,-1,-1,-1
536,12,0.00,0.00,0.00,0.00,1.0,-1,-1,-1
536,13,0.00,0.00,0.00,0.00,1.0,-1,-1,-1
536,14,1360.00,230.00,101.00,386.00,1.0,-1,-1,-1
536,15,0.00,0.00,0.00,0.00,1.0,-1,-1,-1
536,16,0.00,0.00,0.00,0.00,1.0,-1,-1,-1
536,17,867.00,297.00,42.00,160.00,1.0,-1,-1,-1
536,18,174.00,285.00,107.00,176.00,1.0,-1,-1,-1
537,0,1130.00,304.00,41.00,133.00,1.0,-1,-1,-1
537,1,0.00,0.00,0.00,0.00,1.0,-1,-1,-1
537,2,0.00,0.00,0.00,0.00,1.0,-1,-1,-1
537,3,0.00,0.00,0.00,0.00,1.0,-1,-1,-1
537,4,680.00,306.00,44.00,108.00,1.0,-1,-1,-1
537,5,0.00,0.00,0.00,0.00,1.0,-1,-1,-1
537,6,0.00,0.00,0.00,0.00,1.0,-1,-1,-1
537,7,0.00,0.00,0.00,0.00,1.0,-1,-1,-1
537,8,0.00,0.00,0.00,0.00,1.0,-1,-1,-1
537,9,0.00,0.00,0.00,0.00,1.0,-1,-1,-1
537,10,777.00,287.00,53.00,164.00,1.0,-1,-1,-1
537,11,0.00,0.00,0.00,0.00,1.0,-1,-1,-1
537,12,0.00,0.00,0.00,0.00,1.0,-1,-1,-1
537,13,0.00,0.00,0.00,0.00,1.0,-1,-1,-1
537,14,1363.00,229.00,100.00,387.00,1.0,-1,-1,-1
537,15,0.00,0.00,0.00,0.00,1.0,-1,-1,-1
537,16,0.00,0.00,0.00,0.00,1.0,-1,-1,-1
537,17,866.00,296.00,42.00,157.00,1.0,-1,-1,-1
537,18,174.00,285.00,108.00,178.00,1.0,-1,-1,-1
538,0,1128.00,297.00,41.00,135.00,1.0,-1,-1,-1
538,1,0.00,0.00,0.00,0.00,1.0,-1,-1,-1
538,2,0.00,0.00,0.00,0.00,1.0,-1,-1,-1
538,3,0.00,0.00,0.00,0.00,1.0,-1,-1,-1
538,4,682.00,302.00,41.00,108.00,1.0,-1,-1,-1
538,5,0.00,0.00,0.00,0.00,1.0,-1,-1,-1
538,6,0.00,0.00,0.00,0.00,1.0,-1,-1,-1
538,7,0.00,0.00,0.00,0.00,1.0,-1,-1,-1
538,8,0.00,0.00,0.00,0.00,1.0,-1,-1,-1
538,9,0.00,0.00,0.00,0.00,1.0,-1,-1,-1
538,10,773.00,284.00,54.00,164.00,1.0,-1,-1,-1
538,11,0.00,0.00,0.00,0.00,1.0,-1,-1,-1
538,12,0.00,0.00,0.00,0.00,1.0,-1,-1,-1
538,13,0.00,0.00,0.00,0.00,1.0,-1,-1,-1
538,14,1365.00,224.00,102.00,392.00,1.0,-1,-1,-1
538,15,0.00,0.00,0.00,0.00,1.0,-1,-1,-1
538,16,0.00,0.00,0.00,0.00,1.0,-1,-1,-1
538,17,859.00,293.00,46.00,155.00,1.0,-1,-1,-1
538,18,162.00,281.00,107.00,181.00,1.0,-1,-1,-1
539,0,1130.00,294.00,40.00,134.00,1.0,-1,-1,-1
539,1,0.00,0.00,0.00,0.00,1.0,-1,-1,-1
539,2,0.00,0.00,0.00,0.00,1.0,-1,-1,-1
539,3,0.00,0.00,0.00,0.00,1.0,-1,-1,-1
539,4,684.00,296.00,39.00,109.00,1.0,-1,-1,-1
539,5,0.00,0.00,0.00,0.00,1.0,-1,-1,-1
539,6,0.00,0.00,0.00,0.00,1.0,-1,-1,-1
539,7,0.00,0.00,0.00,0.00,1.0,-1,-1,-1
539,8,0.00,0.00,0.00,0.00,1.0,-1,-1,-1
539,9,0.00,0.00,0.00,0.00,1.0,-1,-1,-1
539,10,774.00,280.00,52.00,166.00,1.0,-1,-1,-1
539,11,0.00,0.00,0.00,0.00,1.0,-1,-1,-1
539,12,0.00,0.00,0.00,0.00,1.0,-1,-1,-1
539,13,0.00,0.00,0.00,0.00,1.0,-1,-1,-1
539,14,1370.00,220.00,103.00,395.00,1.0,-1,-1,-1
539,15,0.00,0.00,0.00,0.00,1.0,-1,-1,-1
539,16,0.00,0.00,0.00,0.00,1.0,-1,-1,-1
539,17,859.00,290.00,47.00,156.00,1.0,-1,-1,-1
539,18,157.00,276.00,111.00,185.00,1.0,-1,-1,-1
540,0,1130.00,293.00,41.00,133.00,1.0,-1,-1,-1
540,1,0.00,0.00,0.00,0.00,1.0,-1,-1,-1
540,2,0.00,0.00,0.00,0.00,1.0,-1,-1,-1
540,3,0.00,0.00,0.00,0.00,1.0,-1,-1,-1
540,4,684.00,295.00,40.00,109.00,1.0,-1,-1,-1
540,5,0.00,0.00,0.00,0.00,1.0,-1,-1,-1
540,6,0.00,0.00,0.00,0.00,1.0,-1,-1,-1
540,7,0.00,0.00,0.00,0.00,1.0,-1,-1,-1
540,8,0.00,0.00,0.00,0.00,1.0,-1,-1,-1
540,9,0.00,0.00,0.00,0.00,1.0,-1,-1,-1
540,10,774.00,278.00,51.00,167.00,1.0,-1,-1,-1
540,11,0.00,0.00,0.00,0.00,1.0,-1,-1,-1
540,12,0.00,0.00,0.00,0.00,1.0,-1,-1,-1
540,13,0.00,0.00,0.00,0.00,1.0,-1,-1,-1
540,14,1371.00,218.00,104.00,397.00,1.0,-1,-1,-1
540,15,0.00,0.00,0.00,0.00,1.0,-1,-1,-1
540,16,0.00,0.00,0.00,0.00,1.0,-1,-1,-1
540,17,855.00,288.00,51.00,159.00,1.0,-1,-1,-1
540,18,155.00,275.00,108.00,187.00,1.0,-1,-1,-1
541,0,1127.00,290.00,45.00,135.00,1.0,-1,-1,-1
541,1,0.00,0.00,0.00,0.00,1.0,-1,-1,-1
541,2,0.00,0.00,0.00,0.00,1.0,-1,-1,-1
541,3,0.00,0.00,0.00,0.00,1.0,-1,-1,-1
541,4,684.00,293.00,40.00,109.00,1.0,-1,-1,-1
541,5,0.00,0.00,0.00,0.00,1.0,-1,-1,-1
541,6,0.00,0.00,0.00,0.00,1.0,-1,-1,-1
541,7,0.00,0.00,0.00,0.00,1.0,-1,-1,-1
541,8,0.00,0.00,0.00,0.00,1.0,-1,-1,-1
541,9,0.00,0.00,0.00,0.00,1.0,-1,-1,-1
541,10,772.00,276.00,51.00,167.00,1.0,-1,-1,-1
541,11,0.00,0.00,0.00,0.00,1.0,-1,-1,-1
541,12,0.00,0.00,0.00,0.00,1.0,-1,-1,-1
541,13,0.00,0.00,0.00,0.00,1.0,-1,-1,-1
541,14,1373.00,215.00,105.00,399.00,1.0,-1,-1,-1
541,15,0.00,0.00,0.00,0.00,1.0,-1,-1,-1
541,16,0.00,0.00,0.00,0.00,1.0,-1,-1,-1
541,17,852.00,286.00,52.00,157.00,1.0,-1,-1,-1
541,18,151.00,273.00,105.00,187.00,1.0,-1,-1,-1
542,0,1126.00,287.00,45.00,134.00,1.0,-1,-1,-1
542,1,0.00,0.00,0.00,0.00,1.0,-1,-1,-1
542,2,0.00,0.00,0.00,0.00,1.0,-1,-1,-1
542,3,0.00,0.00,0.00,0.00,1.0,-1,-1,-1
542,4,683.00,291.00,42.00,108.00,1.0,-1,-1,-1
542,5,0.00,0.00,0.00,0.00,1.0,-1,-1,-1
542,6,0.00,0.00,0.00,0.00,1.0,-1,-1,-1
542,7,0.00,0.00,0.00,0.00,1.0,-1,-1,-1
542,8,0.00,0.00,0.00,0.00,1.0,-1,-1,-1
542,9,0.00,0.00,0.00,0.00,1.0,-1,-1,-1
542,10,771.00,273.00,53.00,167.00,1.0,-1,-1,-1
542,11,0.00,0.00,0.00,0.00,1.0,-1,-1,-1
542,12,0.00,0.00,0.00,0.00,1.0,-1,-1,-1
542,13,0.00,0.00,0.00,0.00,1.0,-1,-1,-1
542,14,1374.00,212.00,107.00,401.00,1.0,-1,-1,-1
542,15,0.00,0.00,0.00,0.00,1.0,-1,-1,-1
542,16,0.00,0.00,0.00,0.00,1.0,-1,-1,-1
542,17,851.00,284.00,51.00,160.00,1.0,-1,-1,-1
542,18,146.00,270.00,104.00,188.00,1.0,-1,-1,-1
543,0,1122.00,285.00,48.00,131.00,1.0,-1,-1,-1
543,1,0.00,0.00,0.00,0.00,1.0,-1,-1,-1
543,2,0.00,0.00,0.00,0.00,1.0,-1,-1,-1
543,3,880.00,305.00,63.00,124.00,1.0,-1,-1,-1
543,4,683.00,287.00,41.00,108.00,1.0,-1,-1,-1
543,5,0.00,0.00,0.00,0.00,1.0,-1,-1,-1
543,6,0.00,0.00,0.00,0.00,1.0,-1,-1,-1
543,7,0.00,0.00,0.00,0.00,1.0,-1,-1,-1
543,8,0.00,0.00,0.00,0.00,1.0,-1,-1,-1
543,9,0.00,0.00,0.00,0.00,1.0,-1,-1,-1
543,10,770.00,271.00,52.00,164.00,1.0,-1,-1,-1
543,11,0.00,0.00,0.00,0.00,1.0,-1,-1,-1
543,12,0.00,0.00,0.00,0.00,1.0,-1,-1,-1
543,13,0.00,0.00,0.00,0.00,1.0,-1,-1,-1
543,14,1379.00,205.00,107.00,406.00,1.0,-1,-1,-1
543,15,0.00,0.00,0.00,0.00,1.0,-1,-1,-1
543,16,0.00,0.00,0.00,0.00,1.0,-1,-1,-1
543,17,853.00,280.00,47.00,156.00,1.0,-1,-1,-1
543,18,136.00,267.00,105.00,190.00,1.0,-1,-1,-1
544,0,1121.00,285.00,48.00,131.00,1.0,-1,-1,-1
544,1,0.00,0.00,0.00,0.00,1.0,-1,-1,-1
544,2,0.00,0.00,0.00,0.00,1.0,-1,-1,-1
544,3,0.00,0.00,0.00,0.00,1.0,-1,-1,-1
544,4,683.00,286.00,40.00,107.00,1.0,-1,-1,-1
544,5,0.00,0.00,0.00,0.00,1.0,-1,-1,-1
544,6,0.00,0.00,0.00,0.00,1.0,-1,-1,-1
544,7,0.00,0.00,0.00,0.00,1.0,-1,-1,-1
544,8,0.00,0.00,0.00,0.00,1.0,-1,-1,-1
544,9,0.00,0.00,0.00,0.00,1.0,-1,-1,-1
544,10,769.00,270.00,52.00,164.00,1.0,-1,-1,-1
544,11,0.00,0.00,0.00,0.00,1.0,-1,-1,-1
544,12,0.00,0.00,0.00,0.00,1.0,-1,-1,-1
544,13,0.00,0.00,0.00,0.00,1.0,-1,-1,-1
544,14,1381.00,202.00,108.00,409.00,1.0,-1,-1,-1
544,15,0.00,0.00,0.00,0.00,1.0,-1,-1,-1
544,16,0.00,0.00,0.00,0.00,1.0,-1,-1,-1
544,17,852.00,279.00,45.00,159.00,1.0,-1,-1,-1
544,18,131.00,267.00,104.00,189.00,1.0,-1,-1,-1
545,0,1120.00,284.00,49.00,130.00,1.0,-1,-1,-1
545,1,0.00,0.00,0.00,0.00,1.0,-1,-1,-1
545,2,0.00,0.00,0.00,0.00,1.0,-1,-1,-1
545,3,0.00,0.00,0.00,0.00,1.0,-1,-1,-1
545,4,683.00,285.00,41.00,107.00,1.0,-1,-1,-1
545,5,0.00,0.00,0.00,0.00,1.0,-1,-1,-1
545,6,0.00,0.00,0.00,0.00,1.0,-1,-1,-1
545,7,0.00,0.00,0.00,0.00,1.0,-1,-1,-1
545,8,0.00,0.00,0.00,0.00,1.0,-1,-1,-1
545,9,0.00,0.00,0.00,0.00,1.0,-1,-1,-1
545,10,769.00,270.00,51.00,163.00,1.0,-1,-1,-1
545,11,0.00,0.00,0.00,0.00,1.0,-1,-1,-1
545,12,0.00,0.00,0.00,0.00,1.0,-1,-1,-1
545,13,0.00,0.00,0.00,0.00,1.0,-1,-1,-1
545,14,1384.00,200.00,108.00,409.00,1.0,-1,-1,-1
545,15,0.00,0.00,0.00,0.00,1.0,-1,-1,-1
545,16,0.00,0.00,0.00,0.00,1.0,-1,-1,-1
545,17,851.00,279.00,46.00,158.00,1.0,-1,-1,-1
545,18,126.00,265.00,104.00,191.00,1.0,-1,-1,-1
546,0,1120.00,283.00,49.00,132.00,1.0,-1,-1,-1
546,1,0.00,0.00,0.00,0.00,1.0,-1,-1,-1
546,2,0.00,0.00,0.00,0.00,1.0,-1,-1,-1
546,3,0.00,0.00,0.00,0.00,1.0,-1,-1,-1
546,4,684.00,286.00,41.00,107.00,1.0,-1,-1,-1
546,5,0.00,0.00,0.00,0.00,1.0,-1,-1,-1
546,6,0.00,0.00,0.00,0.00,1.0,-1,-1,-1
546,7,0.00,0.00,0.00,0.00,1.0,-1,-1,-1
546,8,0.00,0.00,0.00,0.00,1.0,-1,-1,-1
546,9,0.00,0.00,0.00,0.00,1.0,-1,-1,-1
546,10,769.00,269.00,51.00,166.00,1.0,-1,-1,-1
546,11,0.00,0.00,0.00,0.00,1.0,-1,-1,-1
546,12,0.00,0.00,0.00,0.00,1.0,-1,-1,-1
546,13,0.00,0.00,0.00,0.00,1.0,-1,-1,-1
546,14,1388.00,197.00,108.00,416.00,1.0,-1,-1,-1
546,15,0.00,0.00,0.00,0.00,1.0,-1,-1,-1
546,16,0.00,0.00,0.00,0.00,1.0,-1,-1,-1
546,17,849.00,278.00,45.00,155.00,1.0,-1,-1,-1
546,18,121.00,266.00,104.00,192.00,1.0,-1,-1,-1
547,0,1120.00,285.00,47.00,131.00,1.0,-1,-1,-1
547,1,0.00,0.00,0.00,0.00,1.0,-1,-1,-1
547,2,0.00,0.00,0.00,0.00,1.0,-1,-1,-1
547,3,0.00,0.00,0.00,0.00,1.0,-1,-1,-1
547,4,684.00,288.00,42.00,107.00,1.0,-1,-1,-1
547,5,0.00,0.00,0.00,0.00,1.0,-1,-1,-1
547,6,0.00,0.00,0.00,0.00,1.0,-1,-1,-1
547,7,0.00,0.00,0.00,0.00,1.0,-1,-1,-1
547,8,0.00,0.00,0.00,0.00,1.0,-1,-1,-1
547,9,0.00,0.00,0.00,0.00,1.0,-1,-1,-1
547,10,769.00,270.00,51.00,166.00,1.0,-1,-1,-1
547,11,0.00,0.00,0.00,0.00,1.0,-1,-1,-1
547,12,0.00,0.00,0.00,0.00,1.0,-1,-1,-1
547,13,0.00,0.00,0.00,0.00,1.0,-1,-1,-1
547,14,1390.00,197.00,109.00,419.00,1.0,-1,-1,-1
547,15,0.00,0.00,0.00,0.00,1.0,-1,-1,-1
547,16,0.00,0.00,0.00,0.00,1.0,-1,-1,-1
547,17,847.00,279.00,45.00,155.00,1.0,-1,-1,-1
547,18,115.00,267.00,108.00,193.00,1.0,-1,-1,-1
548,0,1120.00,287.00,45.00,127.00,1.0,-1,-1,-1
548,1,0.00,0.00,0.00,0.00,1.0,-1,-1,-1
548,2,0.00,0.00,0.00,0.00,1.0,-1,-1,-1
548,3,0.00,0.00,0.00,0.00,1.0,-1,-1,-1
548,4,685.00,289.00,42.00,108.00,1.0,-1,-1,-1
548,5,0.00,0.00,0.00,0.00,1.0,-1,-1,-1
548,6,0.00,0.00,0.00,0.00,1.0,-1,-1,-1
548,7,0.00,0.00,0.00,0.00,1.0,-1,-1,-1
548,8,0.00,0.00,0.00,0.00,1.0,-1,-1,-1
548,9,0.00,0.00,0.00,0.00,1.0,-1,-1,-1
548,10,767.00,271.00,51.00,167.00,1.0,-1,-1,-1
548,11,0.00,0.00,0.00,0.00,1.0,-1,-1,-1
548,12,0.00,0.00,0.00,0.00,1.0,-1,-1,-1
548,13,0.00,0.00,0.00,0.00,1.0,-1,-1,-1
548,14,1395.00,197.00,111.00,426.00,1.0,-1,-1,-1
548,15,0.00,0.00,0.00,0.00,1.0,-1,-1,-1
548,16,0.00,0.00,0.00,0.00,1.0,-1,-1,-1
548,17,845.00,279.00,44.00,156.00,1.0,-1,-1,-1
548,18,103.00,268.00,110.00,200.00,1.0,-1,-1,-1
549,0,1121.00,286.00,46.00,131.00,1.0,-1,-1,-1
549,1,0.00,0.00,0.00,0.00,1.0,-1,-1,-1
549,2,0.00,0.00,0.00,0.00,1.0,-1,-1,-1
549,3,0.00,0.00,0.00,0.00,1.0,-1,-1,-1
549,4,683.00,290.00,45.00,108.00,1.0,-1,-1,-1
549,5,0.00,0.00,0.00,0.00,1.0,-1,-1,-1
549,6,0.00,0.00,0.00,0.00,1.0,-1,-1,-1
549,7,0.00,0.00,0.00,0.00,1.0,-1,-1,-1
549,8,0.00,0.00,0.00,0.00,1.0,-1,-1,-1
549,9,0.00,0.00,0.00,0.00,1.0,-1,-1,-1
549,10,764.00,274.00,53.00,164.00,1.0,-1,-1,-1
549,11,0.00,0.00,0.00,0.00,1.0,-1,-1,-1
549,12,0.00,0.00,0.00,0.00,1.0,-1,-1,-1
549,13,0.00,0.00,0.00,0.00,1.0,-1,-1,-1
549,14,1398.00,198.00,113.00,429.00,1.0,-1,-1,-1
549,15,0.00,0.00,0.00,0.00,1.0,-1,-1,-1
549,16,0.00,0.00,0.00,0.00,1.0,-1,-1,-1
549,17,843.00,281.00,46.00,156.00,1.0,-1,-1,-1
549,18,99.00,269.00,106.00,199.00,1.0,-1,-1,-1
550,0,1120.00,286.00,50.00,132.00,1.0,-1,-1,-1
550,1,0.00,0.00,0.00,0.00,1.0,-1,-1,-1
550,2,0.00,0.00,0.00,0.00,1.0,-1,-1,-1
550,3,0.00,0.00,0.00,0.00,1.0,-1,-1,-1
550,4,686.00,290.00,42.00,108.00,1.0,-1,-1,-1
550,5,0.00,0.00,0.00,0.00,1.0,-1,-1,-1
550,6,0.00,0.00,0.00,0.00,1.0,-1,-1,-1
550,7,0.00,0.00,0.00,0.00,1.0,-1,-1,-1
550,8,0.00,0.00,0.00,0.00,1.0,-1,-1,-1
550,9,0.00,0.00,0.00,0.00,1.0,-1,-1,-1
550,10,767.00,272.00,52.00,166.00,1.0,-1,-1,-1
550,11,0.00,0.00,0.00,0.00,1.0,-1,-1,-1
550,12,0.00,0.00,0.00,0.00,1.0,-1,-1,-1
550,13,0.00,0.00,0.00,0.00,1.0,-1,-1,-1
550,14,1405.00,197.00,113.00,432.00,1.0,-1,-1,-1
550,15,0.00,0.00,0.00,0.00,1.0,-1,-1,-1
550,16,0.00,0.00,0.00,0.00,1.0,-1,-1,-1
550,17,845.00,280.00,45.00,156.00,1.0,-1,-1,-1
550,18,95.00,270.00,110.00,199.00,1.0,-1,-1,-1
551,0,1120.00,285.00,49.00,132.00,1.0,-1,-1,-1
551,1,0.00,0.00,0.00,0.00,1.0,-1,-1,-1
551,2,0.00,0.00,0.00,0.00,1.0,-1,-1,-1
551,3,0.00,0.00,0.00,0.00,1.0,-1,-1,-1
551,4,687.00,288.00,42.00,109.00,1.0,-1,-1,-1
551,5,0.00,0.00,0.00,0.00,1.0,-1,-1,-1
551,6,0.00,0.00,0.00,0.00,1.0,-1,-1,-1
551,7,0.00,0.00,0.00,0.00,1.0,-1,-1,-1
551,8,0.00,0.00,0.00,0.00,1.0,-1,-1,-1
551,9,0.00,0.00,0.00,0.00,1.0,-1,-1,-1
551,10,766.00,271.00,53.00,167.00,1.0,-1,-1,-1
551,11,0.00,0.00,0.00,0.00,1.0,-1,-1,-1
551,12,0.00,0.00,0.00,0.00,1.0,-1,-1,-1
551,13,0.00,0.00,0.00,0.00,1.0,-1,-1,-1
551,14,1407.00,194.00,114.00,436.00,1.0,-1,-1,-1
551,15,0.00,0.00,0.00,0.00,1.0,-1,-1,-1
551,16,0.00,0.00,0.00,0.00,1.0,-1,-1,-1
551,17,843.00,279.00,47.00,159.00,1.0,-1,-1,-1
551,18,91.00,267.00,106.00,202.00,1.0,-1,-1,-1
552,0,1120.00,287.00,50.00,133.00,1.0,-1,-1,-1
552,1,0.00,0.00,0.00,0.00,1.0,-1,-1,-1
552,2,0.00,0.00,0.00,0.00,1.0,-1,-1,-1
552,3,0.00,0.00,0.00,0.00,1.0,-1,-1,-1
552,4,688.00,291.00,41.00,109.00,1.0,-1,-1,-1
552,5,0.00,0.00,0.00,0.00,1.0,-1,-1,-1
552,6,0.00,0.00,0.00,0.00,1.0,-1,-1,-1
552,7,0.00,0.00,0.00,0.00,1.0,-1,-1,-1
552,8,0.00,0.00,0.00,0.00,1.0,-1,-1,-1
552,9,0.00,0.00,0.00,0.00,1.0,-1,-1,-1
552,10,766.00,274.00,53.00,167.00,1.0,-1,-1,-1
552,11,0.00,0.00,0.00,0.00,1.0,-1,-1,-1
552,12,0.00,0.00,0.00,0.00,1.0,-1,-1,-1
552,13,0.00,0.00,0.00,0.00,1.0,-1,-1,-1
552,14,1412.00,197.00,115.00,437.00,1.0,-1,-1,-1
552,15,0.00,0.00,0.00,0.00,1.0,-1,-1,-1
552,16,0.00,0.00,0.00,0.00,1.0,-1,-1,-1
552,17,844.00,283.00,45.00,161.00,1.0,-1,-1,-1
552,18,84.00,271.00,109.00,204.00,1.0,-1,-1,-1
553,0,1118.00,287.00,50.00,131.00,1.0,-1,-1,-1
553,1,0.00,0.00,0.00,0.00,1.0,-1,-1,-1
553,2,0.00,0.00,0.00,0.00,1.0,-1,-1,-1
553,3,0.00,0.00,0.00,0.00,1.0,-1,-1,-1
553,4,686.00,289.00,41.00,109.00,1.0,-1,-1,-1
553,5,0.00,0.00,0.00,0.00,1.0,-1,-1,-1
553,6,0.00,0.00,0.00,0.00,1.0,-1,-1,-1
553,7,0.00,0.00,0.00,0.00,1.0,-1,-1,-1
553,8,0.00,0.00,0.00,0.00,1.0,-1,-1,-1
553,9,0.00,0.00,0.00,0.00,1.0,-1,-1,-1
553,10,760.00,272.00,56.00,166.00,1.0,-1,-1,-1
553,11,0.00,0.00,0.00,0.00,1.0,-1,-1,-1
553,12,0.00,0.00,0.00,0.00,1.0,-1,-1,-1
553,13,0.00,0.00,0.00,0.00,1.0,-1,-1,-1
553,14,1414.00,195.00,116.00,442.00,1.0,-1,-1,-1
553,15,0.00,0.00,0.00,0.00,1.0,-1,-1,-1
553,16,0.00,0.00,0.00,0.00,1.0,-1,-1,-1
553,17,840.00,281.00,44.00,161.00,1.0,-1,-1,-1
553,18,69.00,269.00,108.00,205.00,1.0,-1,-1,-1
554,0,1117.00,286.00,51.00,130.00,1.0,-1,-1,-1
554,1,0.00,0.00,0.00,0.00,1.0,-1,-1,-1
554,2,0.00,0.00,0.00,0.00,1.0,-1,-1,-1
554,3,0.00,0.00,0.00,0.00,1.0,-1,-1,-1
554,4,687.00,288.00,41.00,108.00,1.0,-1,-1,-1
554,5,0.00,0.00,0.00,0.00,1.0,-1,-1,-1
554,6,0.00,0.00,0.00,0.00,1.0,-1,-1,-1
554,7,0.00,0.00,0.00,0.00,1.0,-1,-1,-1
554,8,0.00,0.00,0.00,0.00,1.0,-1,-1,-1
554,9,0.00,0.00,0.00,0.00,1.0,-1,-1,-1
554,10,760.00,271.00,56.00,165.00,1.0,-1,-1,-1
554,11,0.00,0.00,0.00,0.00,1.0,-1,-1,-1
554,12,0.00,0.00,0.00,0.00,1.0,-1,-1,-1
554,13,0.00,0.00,0.00,0.00,1.0,-1,-1,-1
554,14,1418.00,193.00,117.00,445.00,1.0,-1,-1,-1
554,15,0.00,0.00,0.00,0.00,1.0,-1,-1,-1
554,16,0.00,0.00,0.00,0.00,1.0,-1,-1,-1
554,17,840.00,280.00,44.00,157.00,1.0,-1,-1,-1
554,18,62.00,268.00,111.00,206.00,1.0,-1,-1,-1
555,0,1116.00,285.00,52.00,130.00,1.0,-1,-1,-1
555,1,0.00,0.00,0.00,0.00,1.0,-1,-1,-1
555,2,0.00,0.00,0.00,0.00,1.0,-1,-1,-1
555,3,0.00,0.00,0.00,0.00,1.0,-1,-1,-1
555,4,687.00,285.00,39.00,108.00,1.0,-1,-1,-1
555,5,0.00,0.00,0.00,0.00,1.0,-1,-1,-1
555,6,0.00,0.00,0.00,0.00,1.0,-1,-1,-1
555,7,0.00,0.00,0.00,0.00,1.0,-1,-1,-1
555,8,0.00,0.00,0.00,0.00,1.0,-1,-1,-1
555,9,0.00,0.00,0.00,0.00,1.0,-1,-1,-1
555,10,757.00,268.00,57.00,167.00,1.0,-1,-1,-1
555,11,0.00,0.00,0.00,0.00,1.0,-1,-1,-1
555,12,0.00,0.00,0.00,0.00,1.0,-1,-1,-1
555,13,0.00,0.00,0.00,0.00,1.0,-1,-1,-1
555,14,1420.00,191.00,116.00,448.00,1.0,-1,-1,-1
555,15,0.00,0.00,0.00,0.00,1.0,-1,-1,-1
555,16,0.00,0.00,0.00,0.00,1.0,-1,-1,-1
555,17,840.00,279.00,44.00,156.00,1.0,-1,-1,-1
555,18,54.00,266.00,113.00,209.00,1.0,-1,-1,-1
556,0,1116.00,284.00,48.00,129.00,1.0,-1,-1,-1
556,1,0.00,0.00,0.00,0.00,1.0,-1,-1,-1
556,2,0.00,0.00,0.00,0.00,1.0,-1,-1,-1
556,3,0.00,0.00,0.00,0.00,1.0,-1,-1,-1
556,4,685.00,283.00,42.00,109.00,1.0,-1,-1,-1
556,5,0.00,0.00,0.00,0.00,1.0,-1,-1,-1
556,6,0.00,0.00,0.00,0.00,1.0,-1,-1,-1
556,7,0.00,0.00,0.00,0.00,1.0,-1,-1,-1
556,8,0.00,0.00,0.00,0.00,1.0,-1,-1,-1
556,9,0.00,0.00,0.00,0.00,1.0,-1,-1,-1
556,10,754.00,268.00,57.00,166.00,1.0,-1,-1,-1
556,11,0.00,0.00,0.00,0.00,1.0,-1,-1,-1
556,12,0.00,0.00,0.00,0.00,1.0,-1,-1,-1
556,13,0.00,0.00,0.00,0.00,1.0,-1,-1,-1
556,14,1422.00,189.00,116.00,451.00,1.0,-1,-1,-1
556,15,0.00,0.00,0.00,0.00,1.0,-1,-1,-1
556,16,0.00,0.00,0.00,0.00,1.0,-1,-1,-1
556,17,839.00,279.00,44.00,154.00,1.0,-1,-1,-1
556,18,44.00,264.00,117.00,211.00,1.0,-1,-1,-1
557,0,1113.00,281.00,49.00,131.00,1.0,-1,-1,-1
557,1,0.00,0.00,0.00,0.00,1.0,-1,-1,-1
557,2,0.00,0.00,0.00,0.00,1.0,-1,-1,-1
557,3,0.00,0.00,0.00,0.00,1.0,-1,-1,-1
557,4,685.00,287.00,40.00,105.00,1.0,-1,-1,-1
557,5,0.00,0.00,0.00,0.00,1.0,-1,-1,-1
557,6,0.00,0.00,0.00,0.00,1.0,-1,-1,-1
557,7,0.00,0.00,0.00,0.00,1.0,-1,-1,-1
557,8,0.00,0.00,0.00,0.00,1.0,-1,-1,-1
557,9,0.00,0.00,0.00,0.00,1.0,-1,-1,-1
557,10,750.00,269.00,55.00,166.00,1.0,-1,-1,-1
557,11,0.00,0.00,0.00,0.00,1.0,-1,-1,-1
557,12,0.00,0.00,0.00,0.00,1.0,-1,-1,-1
557,13,0.00,0.00,0.00,0.00,1.0,-1,-1,-1
557,14,1422.00,187.00,119.00,454.00,1.0,-1,-1,-1
557,15,0.00,0.00,0.00,0.00,1.0,-1,-1,-1
557,16,0.00,0.00,0.00,0.00,1.0,-1,-1,-1
557,17,837.00,279.00,44.00,158.00,1.0,-1,-1,-1
557,18,35.00,266.00,120.00,210.00,1.0,-1,-1,-1
558,0,1116.00,279.00,46.00,132.00,1.0,-1,-1,-1
558,1,0.00,0.00,0.00,0.00,1.0,-1,-1,-1
558,2,0.00,0.00,0.00,0.00,1.0,-1,-1,-1
558,3,0.00,0.00,0.00,0.00,1.0,-1,-1,-1
558,4,684.00,284.00,40.00,109.00,1.0,-1,-1,-1
558,5,0.00,0.00,0.00,0.00,1.0,-1,-1,-1
558,6,0.00,0.00,0.00,0.00,1.0,-1,-1,-1
558,7,0.00,0.00,0.00,0.00,1.0,-1,-1,-1
558,8,0.00,0.00,0.00,0.00,1.0,-1,-1,-1
558,9,0.00,0.00,0.00,0.00,1.0,-1,-1,-1
558,10,747.00,269.00,54.00,165.00,1.0,-1,-1,-1
558,11,0.00,0.00,0.00,0.00,1.0,-1,-1,-1
558,12,0.00,0.00,0.00,0.00,1.0,-1,-1,-1
558,13,0.00,0.00,0.00,0.00,1.0,-1,-1,-1
558,14,1428.00,182.00,120.00,462.00,1.0,-1,-1,-1
558,15,0.00,0.00,0.00,0.00,1.0,-1,-1,-1
558,16,0.00,0.00,0.00,0.00,1.0,-1,-1,-1
558,17,836.00,278.00,45.00,157.00,1.0,-1,-1,-1
558,18,21.00,263.00,127.00,214.00,1.0,-1,-1,-1
559,0,1115.00,280.00,46.00,133.00,1.0,-1,-1,-1
559,1,0.00,0.00,0.00,0.00,1.0,-1,-1,-1
559,2,0.00,0.00,0.00,0.00,1.0,-1,-1,-1
559,3,0.00,0.00,0.00,0.00,1.0,-1,-1,-1
559,4,686.00,212.00,46.00,184.00,1.0,-1,-1,-1
559,5,0.00,0.00,0.00,0.00,1.0,-1,-1,-1
559,6,0.00,0.00,0.00,0.00,1.0,-1,-1,-1
559,7,0.00,0.00,0.00,0.00,1.0,-1,-1,-1
559,8,0.00,0.00,0.00,0.00,1.0,-1,-1,-1
559,9,0.00,0.00,0.00,0.00,1.0,-1,-1,-1
559,10,745.00,271.00,53.00,167.00,1.0,-1,-1,-1
559,11,0.00,0.00,0.00,0.00,1.0,-1,-1,-1
559,12,0.00,0.00,0.00,0.00,1.0,-1,-1,-1
559,13,0.00,0.00,0.00,0.00,1.0,-1,-1,-1
559,14,1431.00,183.00,120.00,466.00,1.0,-1,-1,-1
559,15,0.00,0.00,0.00,0.00,1.0,-1,-1,-1
559,16,0.00,0.00,0.00,0.00,1.0,-1,-1,-1
559,17,835.00,280.00,45.00,159.00,1.0,-1,-1,-1
559,18,14.00,266.00,127.00,216.00,1.0,-1,-1,-1
560,0,1114.00,282.00,46.00,131.00,1.0,-1,-1,-1
560,1,0.00,0.00,0.00,0.00,1.0,-1,-1,-1
560,2,0.00,0.00,0.00,0.00,1.0,-1,-1,-1
560,3,0.00,0.00,0.00,0.00,1.0,-1,-1,-1
560,4,685.00,213.00,47.00,184.00,1.0,-1,-1,-1
560,5,0.00,0.00,0.00,0.00,1.0,-1,-1,-1
560,6,0.00,0.00,0.00,0.00,1.0,-1,-1,-1
560,7,0.00,0.00,0.00,0.00,1.0,-1,-1,-1
560,8,0.00,0.00,0.00,0.00,1.0,-1,-1,-1
560,9,0.00,0.00,0.00,0.00,1.0,-1,-1,-1
560,10,743.00,273.00,52.00,165.00,1.0,-1,-1,-1
560,11,0.00,0.00,0.00,0.00,1.0,-1,-1,-1
560,12,0.00,0.00,0.00,0.00,1.0,-1,-1,-1
560,13,0.00,0.00,0.00,0.00,1.0,-1,-1,-1
560,14,1434.00,183.00,121.00,469.00,1.0,-1,-1,-1
560,15,0.00,0.00,0.00,0.00,1.0,-1,-1,-1
560,16,0.00,0.00,0.00,0.00,1.0,-1,-1,-1
560,17,834.00,280.00,45.00,158.00,1.0,-1,-1,-1
560,18,6.00,266.00,128.00,216.00,1.0,-1,-1,-1
561,0,1113.00,283.00,46.00,132.00,1.0,-1,-1,-1
561,1,0.00,0.00,0.00,0.00,1.0,-1,-1,-1
561,2,0.00,0.00,0.00,0.00,1.0,-1,-1,-1
561,3,0.00,0.00,0.00,0.00,1.0,-1,-1,-1
561,4,685.00,291.00,39.00,108.00,1.0,-1,-1,-1
561,5,0.00,0.00,0.00,0.00,1.0,-1,-1,-1
561,6,0.00,0.00,0.00,0.00,1.0,-1,-1,-1
561,7,0.00,0.00,0.00,0.00,1.0,-1,-1,-1
561,8,0.00,0.00,0.00,0.00,1.0,-1,-1,-1
561,9,0.00,0.00,0.00,0.00,1.0,-1,-1,-1
561,10,740.00,273.00,53.00,168.00,1.0,-1,-1,-1
561,11,0.00,0.00,0.00,0.00,1.0,-1,-1,-1
561,12,0.00,0.00,0.00,0.00,1.0,-1,-1,-1
561,13,0.00,0.00,0.00,0.00,1.0,-1,-1,-1
561,14,1437.00,183.00,120.00,474.00,1.0,-1,-1,-1
561,15,0.00,0.00,0.00,0.00,1.0,-1,-1,-1
561,16,0.00,0.00,0.00,0.00,1.0,-1,-1,-1
561,17,834.00,282.00,44.00,159.00,1.0,-1,-1,-1
561,18,0.00,268.00,126.00,215.00,1.0,-1,-1,-1
561,19,1177.00,280.00,44.00,108.00,1.0,-1,-1,-1
562,0,1114.00,286.00,43.00,132.00,1.0,-1,-1,-1
562,1,0.00,0.00,0.00,0.00,1.0,-1,-1,-1
562,2,0.00,0.00,0.00,0.00,1.0,-1,-1,-1
562,3,0.00,0.00,0.00,0.00,1.0,-1,-1,-1
562,4,685.00,296.00,38.00,104.00,1.0,-1,-1,-1
562,5,0.00,0.00,0.00,0.00,1.0,-1,-1,-1
562,6,0.00,0.00,0.00,0.00,1.0,-1,-1,-1
562,7,0.00,0.00,0.00,0.00,1.0,-1,-1,-1
562,8,0.00,0.00,0.00,0.00,1.0,-1,-1,-1
562,9,0.00,0.00,0.00,0.00,1.0,-1,-1,-1
562,10,736.00,277.00,56.00,167.00,1.0,-1,-1,-1
562,11,0.00,0.00,0.00,0.00,1.0,-1,-1,-1
562,12,0.00,0.00,0.00,0.00,1.0,-1,-1,-1
562,13,0.00,0.00,0.00,0.00,1.0,-1,-1,-1
562,14,1437.00,185.00,121.00,476.00,1.0,-1,-1,-1
562,15,0.00,0.00,0.00,0.00,1.0,-1,-1,-1
562,16,0.00,0.00,0.00,0.00,1.0,-1,-1,-1
562,17,833.00,284.00,42.00,159.00,1.0,-1,-1,-1
562,18,0.00,271.00,115.00,201.00,1.0,-1,-1,-1
562,19,1177.00,282.00,43.00,103.00,1.0,-1,-1,-1
563,0,1118.00,294.00,46.00,128.00,1.0,-1,-1,-1
563,1,0.00,0.00,0.00,0.00,1.0,-1,-1,-1
563,2,0.00,0.00,0.00,0.00,1.0,-1,-1,-1
563,3,0.00,0.00,0.00,0.00,1.0,-1,-1,-1
563,4,691.00,297.00,41.00,108.00,1.0,-1,-1,-1
563,5,0.00,0.00,0.00,0.00,1.0,-1,-1,-1
563,6,0.00,0.00,0.00,0.00,1.0,-1,-1,-1
563,7,0.00,0.00,0.00,0.00,1.0,-1,-1,-1
563,8,0.00,0.00,0.00,0.00,1.0,-1,-1,-1
563,9,0.00,0.00,0.00,0.00,1.0,-1,-1,-1
563,10,738.00,281.00,57.00,164.00,1.0,-1,-1,-1
563,11,1898.00,649.00,22.00,48.00,1.0,-1,-1,-1
563,12,0.00,0.00,0.00,0.00,1.0,-1,-1,-1
563,13,0.00,0.00,0.00,0.00,1.0,-1,-1,-1
563,14,1451.00,186.00,127.00,487.00,1.0,-1,-1,-1
563,15,0.00,0.00,0.00,0.00,1.0,-1,-1,-1
563,16,0.00,0.00,0.00,0.00,1.0,-1,-1,-1
563,17,838.00,288.00,42.00,161.00,1.0,-1,-1,-1
563,18,0.00,272.00,111.00,206.00,1.0,-1,-1,-1
563,19,1178.00,286.00,54.00,117.00,1.0,-1,-1,-1
564,0,1123.00,296.00,47.00,129.00,1.0,-1,-1,-1
564,1,0.00,0.00,0.00,0.00,1.0,-1,-1,-1
564,2,0.00,0.00,0.00,0.00,1.0,-1,-1,-1
564,3,0.00,0.00,0.00,0.00,1.0,-1,-1,-1
564,4,699.00,306.00,40.00,102.00,1.0,-1,-1,-1
564,5,0.00,0.00,0.00,0.00,1.0,-1,-1,-1
564,6,0.00,0.00,0.00,0.00,1.0,-1,-1,-1
564,7,0.00,0.00,0.00,0.00,1.0,-1,-1,-1
564,8,0.00,0.00,0.00,0.00,1.0,-1,-1,-1
564,9,0.00,0.00,0.00,0.00,1.0,-1,-1,-1
564,10,744.00,284.00,56.00,164.00,1.0,-1,-1,-1
564,11,1909.00,652.00,11.00,26.00,1.0,-1,-1,-1
564,12,0.00,0.00,0.00,0.00,1.0,-1,-1,-1
564,13,0.00,0.00,0.00,0.00,1.0,-1,-1,-1
564,14,1463.00,188.00,125.00,492.00,1.0,-1,-1,-1
564,15,0.00,0.00,0.00,0.00,1.0,-1,-1,-1
564,16,0.00,0.00,0.00,0.00,1.0,-1,-1,-1
564,17,842.00,290.00,44.00,163.00,1.0,-1,-1,-1
564,18,0.00,278.00,107.00,207.00,1.0,-1,-1,-1
564,19,1186.00,289.00,54.00,105.00,1.0,-1,-1,-1
565,0,1123.00,246.00,419.00,179.00,1.0,-1,-1,-1
565,1,0.00,0.00,0.00,0.00,1.0,-1,-1,-1
565,2,0.00,0.00,0.00,0.00,1.0,-1,-1,-1
565,3,0.00,0.00,0.00,0.00,1.0,-1,-1,-1
565,4,702.00,305.00,43.00,104.00,1.0,-1,-1,-1
565,5,0.00,0.00,0.00,0.00,1.0,-1,-1,-1
565,6,0.00,0.00,0.00,0.00,1.0,-1,-1,-1
565,7,0.00,0.00,0.00,0.00,1.0,-1,-1,-1
565,8,0.00,0.00,0.00,0.00,1.0,-1,-1,-1
565,9,0.00,0.00,0.00,0.00,1.0,-1,-1,-1
565,10,745.00,279.00,58.00,168.00,1.0,-1,-1,-1
565,11,0.00,0.00,0.00,0.00,1.0,-1,-1,-1
565,12,0.00,0.00,0.00,0.00,1.0,-1,-1,-1
565,13,0.00,0.00,0.00,0.00,1.0,-1,-1,-1
565,14,1468.00,188.00,129.00,496.00,1.0,-1,-1,-1
565,15,0.00,0.00,0.00,0.00,1.0,-1,-1,-1
565,16,0.00,0.00,0.00,0.00,1.0,-1,-1,-1
565,17,847.00,290.00,43.00,160.00,1.0,-1,-1,-1
565,18,0.00,279.00,105.00,207.00,1.0,-1,-1,-1
565,19,1185.00,287.00,61.00,109.00,1.0,-1,-1,-1
566,0,1128.00,246.00,414.00,182.00,1.0,-1,-1,-1
566,1,0.00,0.00,0.00,0.00,1.0,-1,-1,-1
566,2,0.00,0.00,0.00,0.00,1.0,-1,-1,-1
566,3,880.00,320.00,73.00,123.00,1.0,-1,-1,-1
566,4,707.00,303.00,40.00,107.00,1.0,-1,-1,-1
566,5,0.00,0.00,0.00,0.00,1.0,-1,-1,-1
566,6,0.00,0.00,0.00,0.00,1.0,-1,-1,-1
566,7,0.00,0.00,0.00,0.00,1.0,-1,-1,-1
566,8,0.00,0.00,0.00,0.00,1.0,-1,-1,-1
566,9,0.00,0.00,0.00,0.00,1.0,-1,-1,-1
566,10,747.00,286.00,58.00,165.00,1.0,-1,-1,-1
566,11,0.00,0.00,0.00,0.00,1.0,-1,-1,-1
566,12,0.00,0.00,0.00,0.00,1.0,-1,-1,-1
566,13,0.00,0.00,0.00,0.00,1.0,-1,-1,-1
566,14,1476.00,189.00,130.00,501.00,1.0,-1,-1,-1
566,15,0.00,0.00,0.00,0.00,1.0,-1,-1,-1
566,16,0.00,0.00,0.00,0.00,1.0,-1,-1,-1
566,17,849.00,293.00,42.00,158.00,1.0,-1,-1,-1
566,18,0.00,282.00,103.00,206.00,1.0,-1,-1,-1
566,19,1200.00,289.00,51.00,114.00,1.0,-1,-1,-1
567,0,1133.00,196.00,409.00,233.00,1.0,-1,-1,-1
567,1,0.00,0.00,0.00,0.00,1.0,-1,-1,-1
567,2,0.00,0.00,0.00,0.00,1.0,-1,-1,-1
567,3,902.00,319.00,55.00,102.00,1.0,-1,-1,-1
567,4,712.00,302.00,42.00,107.00,1.0,-1,-1,-1
567,5,0.00,0.00,0.00,0.00,1.0,-1,-1,-1
567,6,0.00,0.00,0.00,0.00,1.0,-1,-1,-1
567,7,0.00,0.00,0.00,0.00,1.0,-1,-1,-1
567,8,0.00,0.00,0.00,0.00,1.0,-1,-1,-1
567,9,0.00,0.00,0.00,0.00,1.0,-1,-1,-1
567,10,753.00,284.00,57.00,167.00,1.0,-1,-1,-1
567,11,0.00,0.00,0.00,0.00,1.0,-1,-1,-1
567,12,0.00,0.00,0.00,0.00,1.0,-1,-1,-1
567,13,0.00,0.00,0.00,0.00,1.0,-1,-1,-1
567,14,1487.00,188.00,131.00,506.00,1.0,-1,-1,-1
567,15,0.00,0.00,0.00,0.00,1.0,-1,-1,-1
567,16,0.00,0.00,0.00,0.00,1.0,-1,-1,-1
567,17,853.00,292.00,45.00,159.00,1.0,-1,-1,-1
567,18,0.00,282.00,100.00,209.00,1.0,-1,-1,-1
567,19,1202.00,287.00,55.00,118.00,1.0,-1,-1,-1
568,0,1134.00,295.00,48.00,132.00,1.0,-1,-1,-1
568,1,0.00,0.00,0.00,0.00,1.0,-1,-1,-1
568,2,0.00,0.00,0.00,0.00,1.0,-1,-1,-1
568,3,908.00,317.00,53.00,101.00,1.0,-1,-1,-1
568,4,717.00,298.00,40.00,110.00,1.0,-1,-1,-1
568,5,0.00,0.00,0.00,0.00,1.0,-1,-1,-1
568,6,0.00,0.00,0.00,0.00,1.0,-1,-1,-1
568,7,0.00,0.00,0.00,0.00,1.0,-1,-1,-1
568,8,0.00,0.00,0.00,0.00,1.0,-1,-1,-1
568,9,0.00,0.00,0.00,0.00,1.0,-1,-1,-1
568,10,759.00,283.00,55.00,168.00,1.0,-1,-1,-1
568,11,0.00,0.00,0.00,0.00,1.0,-1,-1,-1
568,12,0.00,0.00,0.00,0.00,1.0,-1,-1,-1
568,13,0.00,0.00,0.00,0.00,1.0,-1,-1,-1
568,14,1500.00,186.00,133.00,513.00,1.0,-1,-1,-1
568,15,0.00,0.00,0.00,0.00,1.0,-1,-1,-1
568,16,0.00,0.00,0.00,0.00,1.0,-1,-1,-1
568,17,853.00,291.00,48.00,159.00,1.0,-1,-1,-1
568,18,0.00,280.00,96.00,212.00,1.0,-1,-1,-1
568,19,1207.00,286.00,59.00,118.00,1.0,-1,-1,-1
569,0,1135.00,294.00,49.00,131.00,1.0,-1,-1,-1
569,1,0.00,0.00,0.00,0.00,1.0,-1,-1,-1
569,2,0.00,0.00,0.00,0.00,1.0,-1,-1,-1
569,3,909.00,317.00,54.00,100.00,1.0,-1,-1,-1
569,4,720.00,297.00,38.00,110.00,1.0,-1,-1,-1
569,5,0.00,0.00,0.00,0.00,1.0,-1,-1,-1
569,6,0.00,0.00,0.00,0.00,1.0,-1,-1,-1
569,7,0.00,0.00,0.00,0.00,1.0,-1,-1,-1
569,8,0.00,0.00,0.00,0.00,1.0,-1,-1,-1
569,9,0.00,0.00,0.00,0.00,1.0,-1,-1,-1
569,10,759.00,281.00,56.00,168.00,1.0,-1,-1,-1
569,11,0.00,0.00,0.00,0.00,1.0,-1,-1,-1
569,12,0.00,0.00,0.00,0.00,1.0,-1,-1,-1
569,13,0.00,0.00,0.00,0.00,1.0,-1,-1,-1
569,14,1507.00,184.00,136.00,517.00,1.0,-1,-1,-1
569,15,0.00,0.00,0.00,0.00,1.0,-1,-1,-1
569,16,0.00,0.00,0.00,0.00,1.0,-1,-1,-1
569,17,855.00,196.00,717.00,254.00,1.0,-1,-1,-1
569,18,0.00,280.00,93.00,211.00,1.0,-1,-1,-1
569,19,1210.00,286.00,60.00,122.00,1.0,-1,-1,-1
570,0,1138.00,290.00,46.00,130.00,1.0,-1,-1,-1
570,1,0.00,0.00,0.00,0.00,1.0,-1,-1,-1
570,2,0.00,0.00,0.00,0.00,1.0,-1,-1,-1
570,3,913.00,313.00,56.00,103.00,1.0,-1,-1,-1
570,4,724.00,297.00,36.00,106.00,1.0,-1,-1,-1
570,5,0.00,0.00,0.00,0.00,1.0,-1,-1,-1
570,6,0.00,0.00,0.00,0.00,1.0,-1,-1,-1
570,7,0.00,0.00,0.00,0.00,1.0,-1,-1,-1
570,8,0.00,0.00,0.00,0.00,1.0,-1,-1,-1
570,9,0.00,0.00,0.00,0.00,1.0,-1,-1,-1
570,10,762.00,278.00,55.00,169.00,1.0,-1,-1,-1
570,11,0.00,0.00,0.00,0.00,1.0,-1,-1,-1
570,12,0.00,0.00,0.00,0.00,1.0,-1,-1,-1
570,13,0.00,0.00,0.00,0.00,1.0,-1,-1,-1
570,14,1514.00,178.00,136.00,525.00,1.0,-1,-1,-1
570,15,0.00,0.00,0.00,0.00,1.0,-1,-1,-1
570,16,0.00,0.00,0.00,0.00,1.0,-1,-1,-1
570,17,858.00,196.00,744.00,252.00,1.0,-1,-1,-1
570,18,0.00,277.00,90.00,211.00,1.0,-1,-1,-1
570,19,1217.00,283.00,58.00,124.00,1.0,-1,-1,-1
571,0,1139.00,290.00,44.00,130.00,1.0,-1,-1,-1
571,1,0.00,0.00,0.00,0.00,1.0,-1,-1,-1
571,2,0.00,0.00,0.00,0.00,1.0,-1,-1,-1
571,3,915.00,315.00,54.00,100.00,1.0,-1,-1,-1
571,4,725.00,297.00,38.00,107.00,1.0,-1,-1,-1
571,5,0.00,0.00,0.00,0.00,1.0,-1,-1,-1
571,6,0.00,0.00,0.00,0.00,1.0,-1,-1,-1
571,7,0.00,0.00,0.00,0.00,1.0,-1,-1,-1
571,8,0.00,0.00,0.00,0.00,1.0,-1,-1,-1
571,9,0.00,0.00,0.00,0.00,1.0,-1,-1,-1
571,10,763.00,279.00,56.00,168.00,1.0,-1,-1,-1
571,11,0.00,0.00,0.00,0.00,1.0,-1,-1,-1
571,12,0.00,0.00,0.00,0.00,1.0,-1,-1,-1
571,13,0.00,0.00,0.00,0.00,1.0,-1,-1,-1
571,14,1521.00,177.00,137.00,527.00,1.0,-1,-1,-1
571,15,0.00,0.00,0.00,0.00,1.0,-1,-1,-1
571,16,0.00,0.00,0.00,0.00,1.0,-1,-1,-1
571,17,858.00,288.00,47.00,160.00,1.0,-1,-1,-1
571,18,0.00,277.00,86.00,211.00,1.0,-1,-1,-1
571,19,1223.00,283.00,55.00,124.00,1.0,-1,-1,-1
572,0,1140.00,288.00,45.00,131.00,1.0,-1,-1,-1
572,1,0.00,0.00,0.00,0.00,1.0,-1,-1,-1
572,2,0.00,0.00,0.00,0.00,1.0,-1,-1,-1
572,3,916.00,314.00,55.00,100.00,1.0,-1,-1,-1
572,4,726.00,297.00,39.00,107.00,1.0,-1,-1,-1
572,5,0.00,0.00,0.00,0.00,1.0,-1,-1,-1
572,6,0.00,0.00,0.00,0.00,1.0,-1,-1,-1
572,7,0.00,0.00,0.00,0.00,1.0,-1,-1,-1
572,8,0.00,0.00,0.00,0.00,1.0,-1,-1,-1
572,9,0.00,0.00,0.00,0.00,1.0,-1,-1,-1
572,10,765.00,279.00,56.00,167.00,1.0,-1,-1,-1
572,11,0.00,0.00,0.00,0.00,1.0,-1,-1,-1
572,12,0.00,0.00,0.00,0.00,1.0,-1,-1,-1
572,13,0.00,0.00,0.00,0.00,1.0,-1,-1,-1
572,14,1526.00,175.00,138.00,534.00,1.0,-1,-1,-1
572,15,0.00,0.00,0.00,0.00,1.0,-1,-1,-1
572,16,0.00,0.00,0.00,0.00,1.0,-1,-1,-1
572,17,858.00,287.00,46.00,161.00,1.0,-1,-1,-1
572,18,0.00,275.00,80.00,211.00,1.0,-1,-1,-1
572,19,1230.00,282.00,51.00,124.00,1.0,-1,-1,-1
573,0,1141.00,288.00,49.00,133.00,1.0,-1,-1,-1
573,1,0.00,0.00,0.00,0.00,1.0,-1,-1,-1
573,2,0.00,0.00,0.00,0.00,1.0,-1,-1,-1
573,3,915.00,314.00,58.00,102.00,1.0,-1,-1,-1
573,4,729.00,297.00,41.00,107.00,1.0,-1,-1,-1
573,5,0.00,0.00,0.00,0.00,1.0,-1,-1,-1
573,6,0.00,0.00,0.00,0.00,1.0,-1,-1,-1
573,7,0.00,0.00,0.00,0.00,1.0,-1,-1,-1
573,8,0.00,0.00,0.00,0.00,1.0,-1,-1,-1
573,9,0.00,0.00,0.00,0.00,1.0,-1,-1,-1
573,10,768.00,279.00,54.00,169.00,1.0,-1,-1,-1
573,11,0.00,0.00,0.00,0.00,1.0,-1,-1,-1
573,12,0.00,0.00,0.00,0.00,1.0,-1,-1,-1
573,13,0.00,0.00,0.00,0.00,1.0,-1,-1,-1
573,14,1538.00,170.00,141.00,547.00,1.0,-1,-1,-1
573,15,0.00,0.00,0.00,0.00,1.0,-1,-1,-1
573,16,0.00,0.00,0.00,0.00,1.0,-1,-1,-1
573,17,857.00,179.00,745.00,270.00,1.0,-1,-1,-1
573,18,0.00,273.00,69.00,212.00,1.0,-1,-1,-1
573,19,1233.00,282.00,53.00,112.00,1.0,-1,-1,-1
574,0,1142.00,289.00,48.00,134.00,1.0,-1,-1,-1
574,1,0.00,0.00,0.00,0.00,1.0,-1,-1,-1
574,2,0.00,0.00,0.00,0.00,1.0,-1,-1,-1
574,3,917.00,315.00,57.00,102.00,1.0,-1,-1,-1
574,4,730.00,299.00,42.00,106.00,1.0,-1,-1,-1
574,5,0.00,0.00,0.00,0.00,1.0,-1,-1,-1
574,6,0.00,0.00,0.00,0.00,1.0,-1,-1,-1
574,7,0.00,0.00,0.00,0.00,1.0,-1,-1,-1
574,8,0.00,0.00,0.00,0.00,1.0,-1,-1,-1
574,9,0.00,0.00,0.00,0.00,1.0,-1,-1,-1
574,10,769.00,281.00,52.00,168.00,1.0,-1,-1,-1
574,11,0.00,0.00,0.00,0.00,1.0,-1,-1,-1
574,12,0.00,0.00,0.00,0.00,1.0,-1,-1,-1
574,13,0.00,0.00,0.00,0.00,1.0,-1,-1,-1
574,14,1543.00,169.00,144.00,552.00,1.0,-1,-1,-1
574,15,0.00,0.00,0.00,0.00,1.0,-1,-1,-1
574,16,0.00,0.00,0.00,0.00,1.0,-1,-1,-1
574,17,857.00,287.00,45.00,161.00,1.0,-1,-1,-1
574,18,0.00,273.00,61.00,212.00,1.0,-1,-1,-1
574,19,1236.00,284.00,52.00,112.00,1.0,-1,-1,-1
575,0,1146.00,293.00,46.00,132.00,1.0,-1,-1,-1
575,1,0.00,0.00,0.00,0.00,1.0,-1,-1,-1
575,2,0.00,0.00,0.00,0.00,1.0,-1,-1,-1
575,3,918.00,318.00,58.00,100.00,1.0,-1,-1,-1
575,4,733.00,300.00,39.00,105.00,1.0,-1,-1,-1
575,5,0.00,0.00,0.00,0.00,1.0,-1,-1,-1
575,6,0.00,0.00,0.00,0.00,1.0,-1,-1,-1
575,7,0.00,0.00,0.00,0.00,1.0,-1,-1,-1
575,8,0.00,0.00,0.00,0.00,1.0,-1,-1,-1
575,9,0.00,0.00,0.00,0.00,1.0,-1,-1,-1
575,10,770.00,280.00,56.00,169.00,1.0,-1,-1,-1
575,11,0.00,0.00,0.00,0.00,1.0,-1,-1,-1
575,12,0.00,0.00,0.00,0.00,1.0,-1,-1,-1
575,13,0.00,0.00,0.00,0.00,1.0,-1,-1,-1
575,14,1552.00,172.00,143.00,557.00,1.0,-1,-1,-1
575,15,0.00,0.00,0.00,0.00,1.0,-1,-1,-1
575,16,0.00,0.00,0.00,0.00,1.0,-1,-1,-1
575,17,857.00,179.00,775.00,272.00,1.0,-1,-1,-1
575,18,0.00,273.00,59.00,212.00,1.0,-1,-1,-1
575,19,1242.00,286.00,50.00,120.00,1.0,-1,-1,-1
576,0,1146.00,296.00,47.00,132.00,1.0,-1,-1,-1
576,1,0.00,0.00,0.00,0.00,1.0,-1,-1,-1
576,2,0.00,0.00,0.00,0.00,1.0,-1,-1,-1
576,3,917.00,319.00,59.00,103.00,1.0,-1,-1,-1
576,4,733.00,302.00,40.00,105.00,1.0,-1,-1,-1
576,5,0.00,0.00,0.00,0.00,1.0,-1,-1,-1
576,6,0.00,0.00,0.00,0.00,1.0,-1,-1,-1
576,7,0.00,0.00,0.00,0.00,1.0,-1,-1,-1
576,8,0.00,0.00,0.00,0.00,1.0,-1,-1,-1
576,9,0.00,0.00,0.00,0.00,1.0,-1,-1,-1
576,10,771.00,285.00,55.00,166.00,1.0,-1,-1,-1
576,11,0.00,0.00,0.00,0.00,1.0,-1,-1,-1
576,12,0.00,0.00,0.00,0.00,1.0,-1,-1,-1
576,13,0.00,0.00,0.00,0.00,1.0,-1,-1,-1
576,14,1560.00,173.00,142.00,564.00,1.0,-1,-1,-1
576,15,0.00,0.00,0.00,0.00,1.0,-1,-1,-1
576,16,0.00,0.00,0.00,0.00,1.0,-1,-1,-1
576,17,857.00,179.00,775.00,269.00,1.0,-1,-1,-1
576,18,0.00,179.00,1632.00,307.00,1.0,-1,-1,-1
576,19,1242.00,288.00,53.00,121.00,1.0,-1,-1,-1
577,0,1148.00,300.00,45.00,131.00,1.0,-1,-1,-1
577,1,0.00,0.00,0.00,0.00,1.0,-1,-1,-1
577,2,0.00,0.00,0.00,0.00,1.0,-1,-1,-1
577,3,917.00,320.00,61.00,106.00,1.0,-1,-1,-1
577,4,730.00,304.00,40.00,105.00,1.0,-1,-1,-1
577,5,0.00,0.00,0.00,0.00,1.0,-1,-1,-1
577,6,0.00,0.00,0.00,0.00,1.0,-1,-1,-1
577,7,0.00,0.00,0.00,0.00,1.0,-1,-1,-1
577,8,0.00,0.00,0.00,0.00,1.0,-1,-1,-1
577,9,0.00,0.00,0.00,0.00,1.0,-1,-1,-1
577,10,764.00,287.00,57.00,167.00,1.0,-1,-1,-1
577,11,0.00,0.00,0.00,0.00,1.0,-1,-1,-1
577,12,0.00,0.00,0.00,0.00,1.0,-1,-1,-1
577,13,0.00,0.00,0.00,0.00,1.0,-1,-1,-1
577,14,1565.00,177.00,142.00,569.00,1.0,-1,-1,-1
577,15,0.00,0.00,0.00,0.00,1.0,-1,-1,-1
577,16,0.00,0.00,0.00,0.00,1.0,-1,-1,-1
577,17,858.00,293.00,40.00,160.00,1.0,-1,-1,-1
577,18,0.00,281.00,39.00,205.00,1.0,-1,-1,-1
577,19,1243.00,292.00,49.00,116.00,1.0,-1,-1,-1
578,0,1145.00,307.00,47.00,131.00,1.0,-1,-1,-1
578,1,0.00,0.00,0.00,0.00,1.0,-1,-1,-1
578,2,0.00,0.00,0.00,0.00,1.0,-1,-1,-1
578,3,918.00,326.00,60.00,104.00,1.0,-1,-1,-1
578,4,735.00,304.00,39.00,111.00,1.0,-1,-1,-1
578,5,0.00,0.00,0.00,0.00,1.0,-1,-1,-1
578,6,0.00,0.00,0.00,0.00,1.0,-1,-1,-1
578,7,0.00,0.00,0.00,0.00,1.0,-1,-1,-1
578,8,0.00,0.00,0.00,0.00,1.0,-1,-1,-1
578,9,0.00,0.00,0.00,0.00,1.0,-1,-1,-1
578,10,773.00,286.00,49.00,172.00,1.0,-1,-1,-1
578,11,0.00,0.00,0.00,0.00,1.0,-1,-1,-1
578,12,0.00,0.00,0.00,0.00,1.0,-1,-1,-1
578,13,0.00,0.00,0.00,0.00,1.0,-1,-1,-1
578,14,1576.00,181.00,147.00,581.00,1.0,-1,-1,-1
578,15,0.00,0.00,0.00,0.00,1.0,-1,-1,-1
578,16,0.00,0.00,0.00,0.00,1.0,-1,-1,-1
578,17,855.00,196.00,807.00,262.00,1.0,-1,-1,-1
578,18,0.00,339.00,31.00,147.00,1.0,-1,-1,-1
578,19,1241.00,295.00,58.00,123.00,1.0,-1,-1,-1
579,0,1145.00,310.00,49.00,129.00,1.0,-1,-1,-1
579,1,0.00,0.00,0.00,0.00,1.0,-1,-1,-1
579,2,0.00,0.00,0.00,0.00,1.0,-1,-1,-1
579,3,917.00,329.00,61.00,106.00,1.0,-1,-1,-1
579,4,732.00,305.00,40.00,110.00,1.0,-1,-1,-1
579,5,0.00,0.00,0.00,0.00,1.0,-1,-1,-1
579,6,0.00,0.00,0.00,0.00,1.0,-1,-1,-1
579,7,0.00,0.00,0.00,0.00,1.0,-1,-1,-1
579,8,0.00,0.00,0.00,0.00,1.0,-1,-1,-1
579,9,0.00,0.00,0.00,0.00,1.0,-1,-1,-1
579,10,765.00,292.00,57.00,170.00,1.0,-1,-1,-1
579,11,0.00,0.00,0.00,0.00,1.0,-1,-1,-1
579,12,0.00,352.00,16.00,137.00,1.0,-1,-1,-1
579,13,0.00,0.00,0.00,0.00,1.0,-1,-1,-1
579,14,1576.00,185.00,152.00,584.00,1.0,-1,-1,-1
579,15,0.00,0.00,0.00,0.00,1.0,-1,-1,-1
579,16,0.00,0.00,0.00,0.00,1.0,-1,-1,-1
579,17,853.00,301.00,45.00,160.00,1.0,-1,-1,-1
579,18,0.00,354.00,17.00,135.00,1.0,-1,-1,-1
579,19,1247.00,299.00,51.00,128.00,1.0,-1,-1,-1
580,0,1143.00,310.00,47.00,131.00,1.0,-1,-1,-1
580,1,0.00,0.00,0.00,0.00,1.0,-1,-1,-1
580,2,0.00,0.00,0.00,0.00,1.0,-1,-1,-1
580,3,918.00,330.00,57.00,104.00,1.0,-1,-1,-1
580,4,733.00,304.00,37.00,112.00,1.0,-1,-1,-1
580,5,0.00,0.00,0.00,0.00,1.0,-1,-1,-1
580,6,0.00,0.00,0.00,0.00,1.0,-1,-1,-1
580,7,0.00,0.00,0.00,0.00,1.0,-1,-1,-1
580,8,0.00,0.00,0.00,0.00,1.0,-1,-1,-1
580,9,0.00,0.00,0.00,0.00,1.0,-1,-1,-1
580,10,766.00,289.00,55.00,172.00,1.0,-1,-1,-1
580,11,0.00,0.00,0.00,0.00,1.0,-1,-1,-1
580,12,0.00,363.00,13.00,76.00,1.0,-1,-1,-1
580,13,0.00,0.00,0.00,0.00,1.0,-1,-1,-1
580,14,1582.00,185.00,151.00,590.00,1.0,-1,-1,-1
580,15,0.00,0.00,0.00,0.00,1.0,-1,-1,-1
580,16,0.00,0.00,0.00,0.00,1.0,-1,-1,-1
580,17,851.00,301.00,48.00,160.00,1.0,-1,-1,-1
580,18,0.00,361.00,15.00,122.00,1.0,-1,-1,-1
580,19,1245.00,299.00,54.00,130.00,1.0,-1,-1,-1
581,0,1143.00,310.00,47.00,132.00,1.0,-1,-1,-1
581,1,0.00,0.00,0.00,0.00,1.0,-1,-1,-1
581,2,31.00,289.00,93.00,135.00,1.0,-1,-1,-1
581,3,916.00,330.00,58.00,104.00,1.0,-1,-1,-1
581,4,732.00,263.00,36.00,153.00,1.0,-1,-1,-1
581,5,0.00,0.00,0.00,0.00,1.0,-1,-1,-1
581,6,0.00,0.00,0.00,0.00,1.0,-1,-1,-1
581,7,0.00,0.00,0.00,0.00,1.0,-1,-1,-1
581,8,0.00,0.00,0.00,0.00,1.0,-1,-1,-1
581,9,0.00,0.00,0.00,0.00,1.0,-1,-1,-1
581,10,765.00,287.00,55.00,173.00,1.0,-1,-1,-1
581,11,0.00,0.00,0.00,0.00,1.0,-1,-1,-1
581,12,0.00,0.00,0.00,0.00,1.0,-1,-1,-1
581,13,0.00,0.00,0.00,0.00,1.0,-1,-1,-1
581,14,1585.00,185.00,151.00,596.00,1.0,-1,-1,-1
581,15,0.00,0.00,0.00,0.00,1.0,-1,-1,-1
581,16,0.00,0.00,0.00,0.00,1.0,-1,-1,-1
581,17,849.00,300.00,48.00,160.00,1.0,-1,-1,-1
581,18,0.00,0.00,0.00,0.00,1.0,-1,-1,-1
581,19,1244.00,301.00,55.00,131.00,1.0,-1,-1,-1
582,0,1138.00,309.00,48.00,132.00,1.0,-1,-1,-1
582,1,0.00,0.00,0.00,0.00,1.0,-1,-1,-1
582,2,18.00,287.00,63.00,135.00,1.0,-1,-1,-1
582,3,908.00,330.00,61.00,104.00,1.0,-1,-1,-1
582,4,729.00,310.00,33.00,106.00,1.0,-1,-1,-1
582,5,0.00,0.00,0.00,0.00,1.0,-1,-1,-1
582,6,0.00,0.00,0.00,0.00,1.0,-1,-1,-1
582,7,0.00,0.00,0.00,0.00,1.0,-1,-1,-1
582,8,0.00,0.00,0.00,0.00,1.0,-1,-1,-1
582,9,0.00,0.00,0.00,0.00,1.0,-1,-1,-1
582,10,758.00,288.00,57.00,174.00,1.0,-1,-1,-1
582,11,0.00,0.00,0.00,0.00,1.0,-1,-1,-1
582,12,0.00,0.00,0.00,0.00,1.0,-1,-1,-1
582,13,0.00,0.00,0.00,0.00,1.0,-1,-1,-1
582,14,1584.00,185.00,155.00,600.00,1.0,-1,-1,-1
582,15,0.00,0.00,0.00,0.00,1.0,-1,-1,-1
582,16,0.00,0.00,0.00,0.00,1.0,-1,-1,-1
582,17,843.00,196.00,819.00,267.00,1.0,-1,-1,-1
582,18,0.00,0.00,0.00,0.00,1.0,-1,-1,-1
582,19,1240.00,301.00,57.00,133.00,1.0,-1,-1,-1
583,0,1137.00,305.00,42.00,132.00,1.0,-1,-1,-1
583,1,0.00,0.00,0.00,0.00,1.0,-1,-1,-1
583,2,0.00,278.00,64.00,139.00,1.0,-1,-1,-1
583,3,907.00,325.00,59.00,107.00,1.0,-1,-1,-1
583,4,726.00,305.00,36.00,107.00,1.0,-1,-1,-1
583,5,0.00,0.00,0.00,0.00,1.0,-1,-1,-1
583,6,0.00,0.00,0.00,0.00,1.0,-1,-1,-1
583,7,0.00,0.00,0.00,0.00,1.0,-1,-1,-1
583,8,0.00,0.00,0.00,0.00,1.0,-1,-1,-1
583,9,0.00,0.00,0.00,0.00,1.0,-1,-1,-1
583,10,753.00,285.00,58.00,172.00,1.0,-1,-1,-1
583,11,0.00,0.00,0.00,0.00,1.0,-1,-1,-1
583,12,0.00,0.00,0.00,0.00,1.0,-1,-1,-1
583,13,0.00,0.00,0.00,0.00,1.0,-1,-1,-1
583,14,1598.00,182.00,150.00,610.00,1.0,-1,-1,-1
583,15,0.00,0.00,0.00,0.00,1.0,-1,-1,-1
583,16,0.00,0.00,0.00,0.00,1.0,-1,-1,-1
583,17,839.00,196.00,853.00,266.00,1.0,-1,-1,-1
583,18,0.00,0.00,0.00,0.00,1.0,-1,-1,-1
583,19,1243.00,300.00,53.00,133.00,1.0,-1,-1,-1
584,0,1134.00,304.00,43.00,132.00,1.0,-1,-1,-1
584,1,0.00,0.00,0.00,0.00,1.0,-1,-1,-1
584,2,0.00,275.00,53.00,141.00,1.0,-1,-1,-1
584,3,904.00,324.00,59.00,108.00,1.0,-1,-1,-1
584,4,725.00,302.00,34.00,109.00,1.0,-1,-1,-1
584,5,0.00,0.00,0.00,0.00,1.0,-1,-1,-1
584,6,0.00,0.00,0.00,0.00,1.0,-1,-1,-1
584,7,0.00,0.00,0.00,0.00,1.0,-1,-1,-1
584,8,0.00,0.00,0.00,0.00,1.0,-1,-1,-1
584,9,0.00,0.00,0.00,0.00,1.0,-1,-1,-1
584,10,751.00,283.00,56.00,174.00,1.0,-1,-1,-1
584,11,0.00,0.00,0.00,0.00,1.0,-1,-1,-1
584,12,0.00,0.00,0.00,0.00,1.0,-1,-1,-1
584,13,0.00,0.00,0.00,0.00,1.0,-1,-1,-1
584,14,1600.00,179.00,153.00,617.00,1.0,-1,-1,-1
584,15,0.00,0.00,0.00,0.00,1.0,-1,-1,-1
584,16,0.00,0.00,0.00,0.00,1.0,-1,-1,-1
584,17,836.00,196.00,856.00,266.00,1.0,-1,-1,-1
584,18,0.00,0.00,0.00,0.00,1.0,-1,-1,-1
584,19,1243.00,300.00,52.00,134.00,1.0,-1,-1,-1
585,0,1132.00,305.00,43.00,132.00,1.0,-1,-1,-1
585,1,0.00,0.00,0.00,0.00,1.0,-1,-1,-1
585,2,0.00,278.00,41.00,138.00,1.0,-1,-1,-1
585,3,903.00,325.00,59.00,108.00,1.0,-1,-1,-1
585,4,724.00,303.00,30.00,109.00,1.0,-1,-1,-1
585,5,0.00,0.00,0.00,0.00,1.0,-1,-1,-1
585,6,0.00,0.00,0.00,0.00,1.0,-1,-1,-1
585,7,0.00,0.00,0.00,0.00,1.0,-1,-1,-1
585,8,0.00,0.00,0.00,0.00,1.0,-1,-1,-1
585,9,0.00,0.00,0.00,0.00,1.0,-1,-1,-1
585,10,748.00,283.00,57.00,174.00,1.0,-1,-1,-1
585,11,0.00,0.00,0.00,0.00,1.0,-1,-1,-1
585,12,0.00,0.00,0.00,0.00,1.0,-1,-1,-1
585,13,0.00,0.00,0.00,0.00,1.0,-1,-1,-1
585,14,1601.00,178.00,158.00,623.00,1.0,-1,-1,-1
585,15,0.00,0.00,0.00,0.00,1.0,-1,-1,-1
585,16,0.00,0.00,0.00,0.00,1.0,-1,-1,-1
585,17,835.00,196.00,857.00,267.00,1.0,-1,-1,-1
585,18,0.00,0.00,0.00,0.00,1.0,-1,-1,-1
585,19,1243.00,300.00,52.00,135.00,1.0,-1,-1,-1
586,0,1130.00,304.00,45.00,131.00,1.0,-1,-1,-1
586,1,0.00,0.00,0.00,0.00,1.0,-1,-1,-1
586,2,0.00,275.00,30.00,138.00,1.0,-1,-1,-1
586,3,904.00,323.00,56.00,107.00,1.0,-1,-1,-1
586,4,725.00,301.00,28.00,110.00,1.0,-1,-1,-1
586,5,0.00,0.00,0.00,0.00,1.0,-1,-1,-1
586,6,0.00,0.00,0.00,0.00,1.0,-1,-1,-1
586,7,0.00,0.00,0.00,0.00,1.0,-1,-1,-1
586,8,0.00,0.00,0.00,0.00,1.0,-1,-1,-1
586,9,0.00,0.00,0.00,0.00,1.0,-1,-1,-1
586,10,746.00,283.00,57.00,173.00,1.0,-1,-1,-1
586,11,0.00,0.00,0.00,0.00,1.0,-1,-1,-1
586,12,0.00,0.00,0.00,0.00,1.0,-1,-1,-1
586,13,0.00,0.00,0.00,0.00,1.0,-1,-1,-1
586,14,1602.00,176.00,162.00,629.00,1.0,-1,-1,-1
586,15,0.00,0.00,0.00,0.00,1.0,-1,-1,-1
586,16,0.00,0.00,0.00,0.00,1.0,-1,-1,-1
586,17,834.00,196.00,858.00,265.00,1.0,-1,-1,-1
586,18,0.00,0.00,0.00,0.00,1.0,-1,-1,-1
586,19,1244.00,298.00,53.00,137.00,1.0,-1,-1,-1
587,0,1130.00,229.00,442.00,209.00,1.0,-1,-1,-1
587,1,0.00,0.00,0.00,0.00,1.0,-1,-1,-1
587,2,0.00,283.00,24.00,133.00,1.0,-1,-1,-1
587,3,903.00,327.00,56.00,106.00,1.0,-1,-1,-1
587,4,725.00,300.00,30.00,113.00,1.0,-1,-1,-1
587,5,0.00,0.00,0.00,0.00,1.0,-1,-1,-1
587,6,0.00,0.00,0.00,0.00,1.0,-1,-1,-1
587,7,0.00,0.00,0.00,0.00,1.0,-1,-1,-1
587,8,0.00,0.00,0.00,0.00,1.0,-1,-1,-1
587,9,0.00,0.00,0.00,0.00,1.0,-1,-1,-1
587,10,745.00,284.00,56.00,175.00,1.0,-1,-1,-1
587,11,0.00,0.00,0.00,0.00,1.0,-1,-1,-1
587,12,0.00,0.00,0.00,0.00,1.0,-1,-1,-1
587,13,0.00,0.00,0.00,0.00,1.0,-1,-1,-1
587,14,1607.00,176.00,166.00,636.00,1.0,-1,-1,-1
587,15,0.00,0.00,0.00,0.00,1.0,-1,-1,-1
587,16,0.00,0.00,0.00,0.00,1.0,-1,-1,-1
587,17,833.00,298.00,50.00,164.00,1.0,-1,-1,-1
587,18,0.00,0.00,0.00,0.00,1.0,-1,-1,-1
587,19,1245.00,300.00,52.00,137.00,1.0,-1,-1,-1
588,0,1128.00,246.00,444.00,196.00,1.0,-1,-1,-1
588,1,0.00,0.00,0.00,0.00,1.0,-1,-1,-1
588,2,0.00,292.00,17.00,128.00,1.0,-1,-1,-1
588,3,902.00,331.00,56.00,107.00,1.0,-1,-1,-1
588,4,723.00,303.00,33.00,111.00,1.0,-1,-1,-1
588,5,0.00,0.00,0.00,0.00,1.0,-1,-1,-1
588,6,0.00,0.00,0.00,0.00,1.0,-1,-1,-1
588,7,0.00,0.00,0.00,0.00,1.0,-1,-1,-1
588,8,0.00,0.00,0.00,0.00,1.0,-1,-1,-1
588,9,0.00,0.00,0.00,0.00,1.0,-1,-1,-1
588,10,731.00,290.00,68.00,173.00,1.0,-1,-1,-1
588,11,1899.00,807.00,21.00,61.00,1.0,-1,-1,-1
588,12,0.00,0.00,0.00,0.00,1.0,-1,-1,-1
588,13,0.00,0.00,0.00,0.00,1.0,-1,-1,-1
588,14,1611.00,177.00,174.00,649.00,1.0,-1,-1,-1
588,15,0.00,0.00,0.00,0.00,1.0,-1,-1,-1
588,16,0.00,0.00,0.00,0.00,1.0,-1,-1,-1
588,17,833.00,301.00,49.00,162.00,1.0,-1,-1,-1
588,18,0.00,0.00,0.00,0.00,1.0,-1,-1,-1
588,19,1245.00,304.00,54.00,135.00,1.0,-1,-1,-1
589,0,1129.00,317.00,47.00,129.00,1.0,-1,-1,-1
589,1,0.00,0.00,0.00,0.00,1.0,-1,-1,-1
589,2,0.00,299.00,21.00,124.00,1.0,-1,-1,-1
589,3,902.00,334.00,58.00,104.00,1.0,-1,-1,-1
589,4,728.00,300.00,32.00,116.00,1.0,-1,-1,-1
589,5,0.00,0.00,0.00,0.00,1.0,-1,-1,-1
589,6,0.00,0.00,0.00,0.00,1.0,-1,-1,-1
589,7,0.00,0.00,0.00,0.00,1.0,-1,-1,-1
589,8,0.00,0.00,0.00,0.00,1.0,-1,-1,-1
589,9,0.00,0.00,0.00,0.00,1.0,-1,-1,-1
589,10,734.00,294.00,66.00,169.00,1.0,-1,-1,-1
589,11,1908.00,776.00,12.00,45.00,1.0,-1,-1,-1
589,12,0.00,0.00,0.00,0.00,1.0,-1,-1,-1
589,13,0.00,0.00,0.00,0.00,1.0,-1,-1,-1
589,14,1628.00,177.00,171.00,659.00,1.0,-1,-1,-1
589,15,0.00,0.00,0.00,0.00,1.0,-1,-1,-1
589,16,0.00,0.00,0.00,0.00,1.0,-1,-1,-1
589,17,836.00,304.00,48.00,161.00,1.0,-1,-1,-1
589,18,0.00,0.00,0.00,0.00,1.0,-1,-1,-1
589,19,1252.00,304.00,50.00,134.00,1.0,-1,-1,-1
590,0,1131.00,322.00,47.00,126.00,1.0,-1,-1,-1
590,1,0.00,0.00,0.00,0.00,1.0,-1,-1,-1
590,2,0.00,408.00,6.00,15.00,1.0,-1,-1,-1
590,3,904.00,336.00,57.00,106.00,1.0,-1,-1,-1
590,4,726.00,308.00,30.00,110.00,1.0,-1,-1,-1
590,5,0.00,0.00,0.00,0.00,1.0,-1,-1,-1
590,6,0.00,0.00,0.00,0.00,1.0,-1,-1,-1
590,7,0.00,0.00,0.00,0.00,1.0,-1,-1,-1
590,8,0.00,0.00,0.00,0.00,1.0,-1,-1,-1
590,9,0.00,0.00,0.00,0.00,1.0,-1,-1,-1
590,10,729.00,296.00,69.00,168.00,1.0,-1,-1,-1
590,11,0.00,0.00,0.00,0.00,1.0,-1,-1,-1
590,12,0.00,0.00,0.00,0.00,1.0,-1,-1,-1
590,13,0.00,0.00,0.00,0.00,1.0,-1,-1,-1
590,14,1631.00,177.00,180.00,667.00,1.0,-1,-1,-1
590,15,0.00,0.00,0.00,0.00,1.0,-1,-1,-1
590,16,0.00,0.00,0.00,0.00,1.0,-1,-1,-1
590,17,836.00,306.00,47.00,159.00,1.0,-1,-1,-1
590,18,0.00,0.00,0.00,0.00,1.0,-1,-1,-1
590,19,1256.00,308.00,47.00,129.00,1.0,-1,-1,-1
591,0,1130.00,246.00,472.00,204.00,1.0,-1,-1,-1
591,1,0.00,0.00,0.00,0.00,1.0,-1,-1,-1
591,2,0.00,404.00,8.00,24.00,1.0,-1,-1,-1
591,3,907.00,337.00,59.00,106.00,1.0,-1,-1,-1
591,4,731.00,308.00,29.00,112.00,1.0,-1,-1,-1
591,5,0.00,0.00,0.00,0.00,1.0,-1,-1,-1
591,6,0.00,0.00,0.00,0.00,1.0,-1,-1,-1
591,7,0.00,0.00,0.00,0.00,1.0,-1,-1,-1
591,8,0.00,0.00,0.00,0.00,1.0,-1,-1,-1
591,9,0.00,0.00,0.00,0.00,1.0,-1,-1,-1
591,10,736.00,295.00,64.00,171.00,1.0,-1,-1,-1
591,11,0.00,0.00,0.00,0.00,1.0,-1,-1,-1
591,12,0.00,0.00,0.00,0.00,1.0,-1,-1,-1
591,13,0.00,0.00,0.00,0.00,1.0,-1,-1,-1
591,14,1638.00,177.00,187.00,675.00,1.0,-1,-1,-1
591,15,0.00,0.00,0.00,0.00,1.0,-1,-1,-1
591,16,0.00,0.00,0.00,0.00,1.0,-1,-1,-1
591,17,836.00,179.00,916.00,288.00,1.0,-1,-1,-1
591,18,0.00,0.00,0.00,0.00,1.0,-1,-1,-1
591,19,1259.00,307.00,47.00,138.00,1.0,-1,-1,-1
592,0,1131.00,320.00,52.00,131.00,1.0,-1,-1,-1
592,1,0.00,0.00,0.00,0.00,1.0,-1,-1,-1
592,2,0.00,410.00,6.00,18.00,1.0,-1,-1,-1
592,3,906.00,339.00,60.00,107.00,1.0,-1,-1,-1
592,4,731.00,310.00,31.00,111.00,1.0,-1,-1,-1
592,5,0.00,0.00,0.00,0.00,1.0,-1,-1,-1
592,6,0.00,0.00,0.00,0.00,1.0,-1,-1,-1
592,7,0.00,0.00,0.00,0.00,1.0,-1,-1,-1
592,8,0.00,0.00,0.00,0.00,1.0,-1,-1,-1
592,9,0.00,0.00,0.00,0.00,1.0,-1,-1,-1
592,10,737.00,296.00,64.00,171.00,1.0,-1,-1,-1
592,11,0.00,0.00,0.00,0.00,1.0,-1,-1,-1
592,12,0.00,0.00,0.00,0.00,1.0,-1,-1,-1
592,13,0.00,0.00,0.00,0.00,1.0,-1,-1,-1
592,14,1642.00,176.00,191.00,683.00,1.0,-1,-1,-1
592,15,0.00,0.00,0.00,0.00,1.0,-1,-1,-1
592,16,0.00,0.00,0.00,0.00,1.0,-1,-1,-1
592,17,836.00,307.00,51.00,159.00,1.0,-1,-1,-1
592,18,0.00,0.00,0.00,0.00,1.0,-1,-1,-1
592,19,1259.00,308.00,46.00,142.00,1.0,-1,-1,-1
593,0,1130.00,319.00,53.00,130.00,1.0,-1,-1,-1
593,1,0.00,0.00,0.00,0.00,1.0,-1,-1,-1
593,2,0.00,0.00,0.00,0.00,1.0,-1,-1,-1
593,3,907.00,339.00,61.00,109.00,1.0,-1,-1,-1
593,4,733.00,309.00,28.00,115.00,1.0,-1,-1,-1
593,5,0.00,0.00,0.00,0.00,1.0,-1,-1,-1
593,6,0.00,0.00,0.00,0.00,1.0,-1,-1,-1
593,7,0.00,0.00,0.00,0.00,1.0,-1,-1,-1
593,8,0.00,0.00,0.00,0.00,1.0,-1,-1,-1
593,9,0.00,0.00,0.00,0.00,1.0,-1,-1,-1
593,10,740.00,298.00,63.00,172.00,1.0,-1,-1,-1
593,11,0.00,0.00,0.00,0.00,1.0,-1,-1,-1
593,12,0.00,0.00,0.00,0.00,1.0,-1,-1,-1
593,13,0.00,0.00,0.00,0.00,1.0,-1,-1,-1
593,14,1667.00,176.00,189.00,697.00,1.0,-1,-1,-1
593,15,0.00,0.00,0.00,0.00,1.0,-1,-1,-1
593,16,0.00,0.00,0.00,0.00,1.0,-1,-1,-1
593,17,835.00,308.00,52.00,160.00,1.0,-1,-1,-1
593,18,0.00,0.00,0.00,0.00,1.0,-1,-1,-1
593,19,1260.00,310.00,53.00,144.00,1.0,-1,-1,-1
594,0,1131.00,229.00,501.00,221.00,1.0,-1,-1,-1
594,1,0.00,0.00,0.00,0.00,1.0,-1,-1,-1
594,2,0.00,0.00,0.00,0.00,1.0,-1,-1,-1
594,3,904.00,340.00,64.00,110.00,1.0,-1,-1,-1
594,4,735.00,326.00,22.00,98.00,1.0,-1,-1,-1
594,5,0.00,0.00,0.00,0.00,1.0,-1,-1,-1
594,6,0.00,0.00,0.00,0.00,1.0,-1,-1,-1
594,7,0.00,0.00,0.00,0.00,1.0,-1,-1,-1
594,8,0.00,0.00,0.00,0.00,1.0,-1,-1,-1
594,9,0.00,0.00,0.00,0.00,1.0,-1,-1,-1
594,10,739.00,299.00,67.00,173.00,1.0,-1,-1,-1
594,11,0.00,0.00,0.00,0.00,1.0,-1,-1,-1
594,12,0.00,0.00,0.00,0.00,1.0,-1,-1,-1
594,13,0.00,0.00,0.00,0.00,1.0,-1,-1,-1
594,14,1667.00,176.00,198.00,706.00,1.0,-1,-1,-1
594,15,0.00,0.00,0.00,0.00,1.0,-1,-1,-1
594,16,0.00,0.00,0.00,0.00,1.0,-1,-1,-1
594,17,835.00,310.00,52.00,165.00,1.0,-1,-1,-1
594,18,0.00,0.00,0.00,0.00,1.0,-1,-1,-1
594,19,1259.00,311.00,56.00,144.00,1.0,-1,-1,-1
595,0,1130.00,246.00,502.00,205.00,1.0,-1,-1,-1
595,1,0.00,0.00,0.00,0.00,1.0,-1,-1,-1
595,2,0.00,0.00,0.00,0.00,1.0,-1,-1,-1
595,3,907.00,341.00,60.00,109.00,1.0,-1,-1,-1
595,4,736.00,318.00,20.00,107.00,1.0,-1,-1,-1
595,5,0.00,0.00,0.00,0.00,1.0,-1,-1,-1
595,6,0.00,0.00,0.00,0.00,1.0,-1,-1,-1
595,7,0.00,0.00,0.00,0.00,1.0,-1,-1,-1
595,8,0.00,0.00,0.00,0.00,1.0,-1,-1,-1
595,9,0.00,0.00,0.00,0.00,1.0,-1,-1,-1
595,10,738.00,300.00,67.00,172.00,1.0,-1,-1,-1
595,11,0.00,0.00,0.00,0.00,1.0,-1,-1,-1
595,12,0.00,0.00,0.00,0.00,1.0,-1,-1,-1
595,13,0.00,0.00,0.00,0.00,1.0,-1,-1,-1
595,14,1673.00,176.00,204.00,714.00,1.0,-1,-1,-1
595,15,0.00,0.00,0.00,0.00,1.0,-1,-1,-1
595,16,0.00,0.00,0.00,0.00,1.0,-1,-1,-1
595,17,834.00,196.00,1008.00,280.00,1.0,-1,-1,-1
595,18,0.00,0.00,0.00,0.00,1.0,-1,-1,-1
595,19,1260.00,312.00,57.00,146.00,1.0,-1,-1,-1
596,0,1131.00,246.00,501.00,206.00,1.0,-1,-1,-1
596,1,0.00,0.00,0.00,0.00,1.0,-1,-1,-1
596,2,0.00,0.00,0.00,0.00,1.0,-1,-1,-1
596,3,905.00,343.00,62.00,108.00,1.0,-1,-1,-1
596,4,732.00,312.00,32.00,113.00,1.0,-1,-1,-1
596,5,0.00,0.00,0.00,0.00,1.0,-1,-1,-1
596,6,0.00,0.00,0.00,0.00,1.0,-1,-1,-1
596,7,0.00,0.00,0.00,0.00,1.0,-1,-1,-1
596,8,0.00,0.00,0.00,0.00,1.0,-1,-1,-1
596,9,0.00,0.00,0.00,0.00,1.0,-1,-1,-1
596,10,738.00,302.00,68.00,172.00,1.0,-1,-1,-1
596,11,0.00,0.00,0.00,0.00,1.0,-1,-1,-1
596,12,0.00,0.00,0.00,0.00,1.0,-1,-1,-1
596,13,0.00,0.00,0.00,0.00,1.0,-1,-1,-1
596,14,1698.00,176.00,189.00,722.00,1.0,-1,-1,-1
596,15,0.00,0.00,0.00,0.00,1.0,-1,-1,-1
596,16,0.00,0.00,0.00,0.00,1.0,-1,-1,-1
596,17,834.00,313.00,50.00,163.00,1.0,-1,-1,-1
596,18,0.00,0.00,0.00,0.00,1.0,-1,-1,-1
596,19,1262.00,313.00,58.00,145.00,1.0,-1,-1,-1
597,0,1132.00,320.00,54.00,132.00,1.0,-1,-1,-1
597,1,0.00,0.00,0.00,0.00,1.0,-1,-1,-1
597,2,0.00,0.00,0.00,0.00,1.0,-1,-1,-1
597,3,908.00,342.00,60.00,109.00,1.0,-1,-1,-1
597,4,731.00,317.00,31.00,108.00,1.0,-1,-1,-1
597,5,0.00,0.00,0.00,0.00,1.0,-1,-1,-1
597,6,0.00,0.00,0.00,0.00,1.0,-1,-1,-1
597,7,0.00,0.00,0.00,0.00,1.0,-1,-1,-1
597,8,0.00,0.00,0.00,0.00,1.0,-1,-1,-1
597,9,0.00,0.00,0.00,0.00,1.0,-1,-1,-1
597,10,738.00,302.00,67.00,172.00,1.0,-1,-1,-1
597,11,0.00,0.00,0.00,0.00,1.0,-1,-1,-1
597,12,0.00,0.00,0.00,0.00,1.0,-1,-1,-1
597,13,0.00,0.00,0.00,0.00,1.0,-1,-1,-1
597,14,1714.00,176.00,186.00,729.00,1.0,-1,-1,-1
597,15,0.00,0.00,0.00,0.00,1.0,-1,-1,-1
597,16,0.00,0.00,0.00,0.00,1.0,-1,-1,-1
597,17,834.00,315.00,50.00,158.00,1.0,-1,-1,-1
597,18,0.00,0.00,0.00,0.00,1.0,-1,-1,-1
597,19,1265.00,313.00,59.00,145.00,1.0,-1,-1,-1
598,0,1133.00,230.00,529.00,226.00,1.0,-1,-1,-1
598,1,0.00,0.00,0.00,0.00,1.0,-1,-1,-1
598,2,0.00,0.00,0.00,0.00,1.0,-1,-1,-1
598,3,905.00,346.00,63.00,110.00,1.0,-1,-1,-1
598,4,730.00,316.00,35.00,116.00,1.0,-1,-1,-1
598,5,0.00,0.00,0.00,0.00,1.0,-1,-1,-1
598,6,0.00,0.00,0.00,0.00,1.0,-1,-1,-1
598,7,0.00,0.00,0.00,0.00,1.0,-1,-1,-1
598,8,0.00,0.00,0.00,0.00,1.0,-1,-1,-1
598,9,0.00,0.00,0.00,0.00,1.0,-1,-1,-1
598,10,736.00,306.00,71.00,173.00,1.0,-1,-1,-1
598,11,0.00,0.00,0.00,0.00,1.0,-1,-1,-1
598,12,0.00,0.00,0.00,0.00,1.0,-1,-1,-1
598,13,0.00,0.00,0.00,0.00,1.0,-1,-1,-1
598,14,1712.00,174.00,208.00,747.00,1.0,-1,-1,-1
598,15,0.00,0.00,0.00,0.00,1.0,-1,-1,-1
598,16,0.00,0.00,0.00,0.00,1.0,-1,-1,-1
598,17,831.00,179.00,1041.00,302.00,1.0,-1,-1,-1
598,18,0.00,0.00,0.00,0.00,1.0,-1,-1,-1
598,19,1270.00,315.00,58.00,145.00,1.0,-1,-1,-1
599,0,1135.00,229.00,557.00,228.00,1.0,-1,-1,-1
599,1,0.00,0.00,0.00,0.00,1.0,-1,-1,-1
599,2,0.00,0.00,0.00,0.00,1.0,-1,-1,-1
599,3,910.00,348.00,61.00,110.00,1.0,-1,-1,-1
599,4,734.00,318.00,36.00,114.00,1.0,-1,-1,-1
599,5,0.00,0.00,0.00,0.00,1.0,-1,-1,-1
599,6,0.00,0.00,0.00,0.00,1.0,-1,-1,-1
599,7,0.00,0.00,0.00,0.00,1.0,-1,-1,-1
599,8,0.00,0.00,0.00,0.00,1.0,-1,-1,-1
599,9,0.00,0.00,0.00,0.00,1.0,-1,-1,-1
599,10,739.00,309.00,69.00,172.00,1.0,-1,-1,-1
599,11,0.00,0.00,0.00,0.00,1.0,-1,-1,-1
599,12,0.00,0.00,0.00,0.00,1.0,-1,-1,-1
599,13,0.00,0.00,0.00,0.00,1.0,-1,-1,-1
599,14,1722.00,171.00,198.00,758.00,1.0,-1,-1,-1
599,15,0.00,0.00,0.00,0.00,1.0,-1,-1,-1
599,16,0.00,0.00,0.00,0.00,1.0,-1,-1,-1
599,17,832.00,322.00,50.00,156.00,1.0,-1,-1,-1
599,18,0.00,0.00,0.00,0.00,1.0,-1,-1,-1
599,19,1268.00,316.00,63.00,146.00,1.0,-1,-1,-1
600,0,1136.00,229.00,586.00,233.00,1.0,-1,-1,-1
600,1,0.00,0.00,0.00,0.00,1.0,-1,-1,-1
600,2,0.00,0.00,0.00,0.00,1.0,-1,-1,-1
600,3,909.00,353.00,63.00,109.00,1.0,-1,-1,-1
600,4,738.00,322.00,33.00,104.00,1.0,-1,-1,-1
600,5,0.00,0.00,0.00,0.00,1.0,-1,-1,-1
600,6,0.00,0.00,0.00,0.00,1.0,-1,-1,-1
600,7,0.00,0.00,0.00,0.00,1.0,-1,-1,-1
600,8,0.00,0.00,0.00,0.00,1.0,-1,-1,-1
600,9,0.00,0.00,0.00,0.00,1.0,-1,-1,-1
600,10,743.00,312.00,68.00,173.00,1.0,-1,-1,-1
600,11,0.00,0.00,0.00,0.00,1.0,-1,-1,-1
600,12,0.00,0.00,0.00,0.00,1.0,-1,-1,-1
600,13,0.00,0.00,0.00,0.00,1.0,-1,-1,-1
600,14,1728.00,171.00,192.00,768.00,1.0,-1,-1,-1
600,15,0.00,0.00,0.00,0.00,1.0,-1,-1,-1
600,16,0.00,0.00,0.00,0.00,1.0,-1,-1,-1
600,17,832.00,324.00,51.00,157.00,1.0,-1,-1,-1
600,18,0.00,0.00,0.00,0.00,1.0,-1,-1,-1
600,19,1270.00,319.00,66.00,150.00,1.0,-1,-1,-1
601,0,1140.00,246.00,552.00,220.00,1.0,-1,-1,-1
601,1,0.00,0.00,0.00,0.00,1.0,-1,-1,-1
601,2,0.00,0.00,0.00,0.00,1.0,-1,-1,-1
601,3,914.00,355.00,61.00,110.00,1.0,-1,-1,-1
601,4,742.00,326.00,29.00,98.00,1.0,-1,-1,-1
601,5,0.00,0.00,0.00,0.00,1.0,-1,-1,-1
601,6,0.00,0.00,0.00,0.00,1.0,-1,-1,-1
601,7,0.00,0.00,0.00,0.00,1.0,-1,-1,-1
601,8,0.00,0.00,0.00,0.00,1.0,-1,-1,-1
601,9,0.00,0.00,0.00,0.00,1.0,-1,-1,-1
601,10,746.00,315.00,68.00,173.00,1.0,-1,-1,-1
601,11,0.00,0.00,0.00,0.00,1.0,-1,-1,-1
601,12,0.00,0.00,0.00,0.00,1.0,-1,-1,-1
601,13,0.00,0.00,0.00,0.00,1.0,-1,-1,-1
601,14,1742.00,168.00,178.00,785.00,1.0,-1,-1,-1
601,15,0.00,0.00,0.00,0.00,1.0,-1,-1,-1
601,16,0.00,0.00,0.00,0.00,1.0,-1,-1,-1
601,17,834.00,179.00,1068.00,304.00,1.0,-1,-1,-1
601,18,0.00,0.00,0.00,0.00,1.0,-1,-1,-1
601,19,1276.00,321.00,65.00,151.00,1.0,-1,-1,-1
602,0,1146.00,338.00,47.00,131.00,1.0,-1,-1,-1
602,1,0.00,0.00,0.00,0.00,1.0,-1,-1,-1
602,2,0.00,0.00,0.00,0.00,1.0,-1,-1,-1
602,3,922.00,355.00,55.00,112.00,1.0,-1,-1,-1
602,4,742.00,340.00,28.00,85.00,1.0,-1,-1,-1
602,5,0.00,0.00,0.00,0.00,1.0,-1,-1,-1
602,6,0.00,0.00,0.00,0.00,1.0,-1,-1,-1
602,7,0.00,0.00,0.00,0.00,1.0,-1,-1,-1
602,8,0.00,0.00,0.00,0.00,1.0,-1,-1,-1
602,9,0.00,0.00,0.00,0.00,1.0,-1,-1,-1
602,10,746.00,317.00,70.00,173.00,1.0,-1,-1,-1
602,11,0.00,0.00,0.00,0.00,1.0,-1,-1,-1
602,12,0.00,0.00,0.00,0.00,1.0,-1,-1,-1
602,13,0.00,0.00,0.00,0.00,1.0,-1,-1,-1
602,14,1746.00,169.00,174.00,793.00,1.0,-1,-1,-1
602,15,0.00,0.00,0.00,0.00,1.0,-1,-1,-1
602,16,0.00,0.00,0.00,0.00,1.0,-1,-1,-1
602,17,835.00,179.00,1067.00,306.00,1.0,-1,-1,-1
602,18,0.00,0.00,0.00,0.00,1.0,-1,-1,-1
602,19,1280.00,323.00,65.00,149.00,1.0,-1,-1,-1
603,0,1150.00,344.00,45.00,133.00,1.0,-1,-1,-1
603,1,0.00,0.00,0.00,0.00,1.0,-1,-1,-1
603,2,0.00,0.00,0.00,0.00,1.0,-1,-1,-1
603,3,924.00,368.00,55.00,107.00,1.0,-1,-1,-1
603,4,746.00,349.00,27.00,85.00,1.0,-1,-1,-1
603,5,0.00,0.00,0.00,0.00,1.0,-1,-1,-1
603,6,0.00,0.00,0.00,0.00,1.0,-1,-1,-1
603,7,0.00,0.00,0.00,0.00,1.0,-1,-1,-1
603,8,0.00,0.00,0.00,0.00,1.0,-1,-1,-1
603,9,0.00,0.00,0.00,0.00,1.0,-1,-1,-1
603,10,750.00,322.00,69.00,175.00,1.0,-1,-1,-1
603,11,0.00,0.00,0.00,0.00,1.0,-1,-1,-1
603,12,0.00,0.00,0.00,0.00,1.0,-1,-1,-1
603,13,0.00,0.00,0.00,0.00,1.0,-1,-1,-1
603,14,1772.00,175.00,148.00,805.00,1.0,-1,-1,-1
603,15,0.00,0.00,0.00,0.00,1.0,-1,-1,-1
603,16,0.00,0.00,0.00,0.00,1.0,-1,-1,-1
603,17,839.00,337.00,48.00,162.00,1.0,-1,-1,-1
603,18,0.00,0.00,0.00,0.00,1.0,-1,-1,-1
603,19,1290.00,329.00,62.00,155.00,1.0,-1,-1,-1
604,0,1154.00,345.00,39.00,132.00,1.0,-1,-1,-1
604,1,0.00,0.00,0.00,0.00,1.0,-1,-1,-1
604,2,0.00,0.00,0.00,0.00,1.0,-1,-1,-1
604,3,923.00,368.00,61.00,111.00,1.0,-1,-1,-1
604,4,752.00,338.00,29.00,101.00,1.0,-1,-1,-1
604,5,0.00,0.00,0.00,0.00,1.0,-1,-1,-1
604,6,0.00,0.00,0.00,0.00,1.0,-1,-1,-1
604,7,0.00,0.00,0.00,0.00,1.0,-1,-1,-1
604,8,0.00,0.00,0.00,0.00,1.0,-1,-1,-1
604,9,0.00,0.00,0.00,0.00,1.0,-1,-1,-1
604,10,757.00,326.00,65.00,174.00,1.0,-1,-1,-1
604,11,0.00,0.00,0.00,0.00,1.0,-1,-1,-1
604,12,0.00,0.00,0.00,0.00,1.0,-1,-1,-1
604,13,0.00,0.00,0.00,0.00,1.0,-1,-1,-1
604,14,1785.00,186.00,135.00,806.00,1.0,-1,-1,-1
604,15,0.00,0.00,0.00,0.00,1.0,-1,-1,-1
604,16,0.00,0.00,0.00,0.00,1.0,-1,-1,-1
604,17,840.00,337.00,52.00,161.00,1.0,-1,-1,-1
604,18,0.00,0.00,0.00,0.00,1.0,-1,-1,-1
604,19,1298.00,333.00,63.00,154.00,1.0,-1,-1,-1
605,0,1153.00,246.00,629.00,233.00,1.0,-1,-1,-1
605,1,0.00,0.00,0.00,0.00,1.0,-1,-1,-1
605,2,0.00,0.00,0.00,0.00,1.0,-1,-1,-1
605,3,929.00,371.00,55.00,109.00,1.0,-1,-1,-1
605,4,753.00,346.00,25.00,113.00,1.0,-1,-1,-1
605,5,0.00,0.00,0.00,0.00,1.0,-1,-1,-1
605,6,0.00,0.00,0.00,0.00,1.0,-1,-1,-1
605,7,0.00,0.00,0.00,0.00,1.0,-1,-1,-1
605,8,0.00,0.00,0.00,0.00,1.0,-1,-1,-1
605,9,0.00,0.00,0.00,0.00,1.0,-1,-1,-1
605,10,757.00,329.00,66.00,173.00,1.0,-1,-1,-1
605,11,0.00,0.00,0.00,0.00,1.0,-1,-1,-1
605,12,0.00,0.00,0.00,0.00,1.0,-1,-1,-1
605,13,0.00,0.00,0.00,0.00,1.0,-1,-1,-1
605,14,1800.00,370.00,120.00,629.00,1.0,-1,-1,-1
605,15,0.00,0.00,0.00,0.00,1.0,-1,-1,-1
605,16,0.00,0.00,0.00,0.00,1.0,-1,-1,-1
605,17,840.00,340.00,51.00,161.00,1.0,-1,-1,-1
605,18,0.00,0.00,0.00,0.00,1.0,-1,-1,-1
605,19,1300.00,335.00,64.00,156.00,1.0,-1,-1,-1
606,0,1154.00,350.00,42.00,132.00,1.0,-1,-1,-1
606,1,0.00,0.00,0.00,0.00,1.0,-1,-1,-1
606,2,0.00,0.00,0.00,0.00,1.0,-1,-1,-1
606,3,929.00,372.00,56.00,112.00,1.0,-1,-1,-1
606,4,753.00,358.00,25.00,103.00,1.0,-1,-1,-1
606,5,0.00,0.00,0.00,0.00,1.0,-1,-1,-1
606,6,0.00,0.00,0.00,0.00,1.0,-1,-1,-1
606,7,0.00,0.00,0.00,0.00,1.0,-1,-1,-1
606,8,0.00,0.00,0.00,0.00,1.0,-1,-1,-1
606,9,0.00,0.00,0.00,0.00,1.0,-1,-1,-1
606,10,757.00,333.00,66.00,173.00,1.0,-1,-1,-1
606,11,0.00,0.00,0.00,0.00,1.0,-1,-1,-1
606,12,0.00,0.00,0.00,0.00,1.0,-1,-1,-1
606,13,0.00,0.00,0.00,0.00,1.0,-1,-1,-1
606,14,1810.00,384.00,110.00,620.00,1.0,-1,-1,-1
606,15,0.00,0.00,0.00,0.00,1.0,-1,-1,-1
606,16,0.00,0.00,0.00,0.00,1.0,-1,-1,-1
606,17,841.00,345.00,50.00,163.00,1.0,-1,-1,-1
606,18,0.00,0.00,0.00,0.00,1.0,-1,-1,-1
606,19,1306.00,339.00,61.00,157.00,1.0,-1,-1,-1
607,0,1155.00,350.00,46.00,131.00,1.0,-1,-1,-1
607,1,0.00,0.00,0.00,0.00,1.0,-1,-1,-1
607,2,0.00,0.00,0.00,0.00,1.0,-1,-1,-1
607,3,929.00,373.00,58.00,109.00,1.0,-1,-1,-1
607,4,757.00,357.00,21.00,101.00,1.0,-1,-1,-1
607,5,0.00,0.00,0.00,0.00,1.0,-1,-1,-1
607,6,0.00,0.00,0.00,0.00,1.0,-1,-1,-1
607,7,0.00,0.00,0.00,0.00,1.0,-1,-1,-1
607,8,0.00,0.00,0.00,0.00,1.0,-1,-1,-1
607,9,0.00,0.00,0.00,0.00,1.0,-1,-1,-1
607,10,760.00,333.00,67.00,171.00,1.0,-1,-1,-1
607,11,0.00,0.00,0.00,0.00,1.0,-1,-1,-1
607,12,0.00,0.00,0.00,0.00,1.0,-1,-1,-1
607,13,0.00,0.00,0.00,0.00,1.0,-1,-1,-1
607,14,1823.00,387.00,97.00,623.00,1.0,-1,-1,-1
607,15,0.00,0.00,0.00,0.00,1.0,-1,-1,-1
607,16,0.00,0.00,0.00,0.00,1.0,-1,-1,-1
607,17,842.00,343.00,50.00,161.00,1.0,-1,-1,-1
607,18,0.00,0.00,0.00,0.00,1.0,-1,-1,-1
607,19,1308.00,337.00,63.00,159.00,1.0,-1,-1,-1
608,0,1155.00,349.00,45.00,133.00,1.0,-1,-1,-1
608,1,0.00,0.00,0.00,0.00,1.0,-1,-1,-1
608,2,0.00,0.00,0.00,0.00,1.0,-1,-1,-1
608,3,930.00,372.00,59.00,112.00,1.0,-1,-1,-1
608,4,758.00,347.00,26.00,114.00,1.0,-1,-1,-1
608,5,0.00,0.00,0.00,0.00,1.0,-1,-1,-1
608,6,0.00,0.00,0.00,0.00,1.0,-1,-1,-1
608,7,0.00,0.00,0.00,0.00,1.0,-1,-1,-1
608,8,0.00,0.00,0.00,0.00,1.0,-1,-1,-1
608,9,0.00,0.00,0.00,0.00,1.0,-1,-1,-1
608,10,762.00,334.00,63.00,172.00,1.0,-1,-1,-1
608,11,0.00,0.00,0.00,0.00,1.0,-1,-1,-1
608,12,0.00,0.00,0.00,0.00,1.0,-1,-1,-1
608,13,0.00,0.00,0.00,0.00,1.0,-1,-1,-1
608,14,1840.00,406.00,80.00,44.00,1.0,-1,-1,-1
608,15,0.00,0.00,0.00,0.00,1.0,-1,-1,-1
608,16,0.00,0.00,0.00,0.00,1.0,-1,-1,-1
608,17,842.00,348.00,49.00,156.00,1.0,-1,-1,-1
608,18,0.00,0.00,0.00,0.00,1.0,-1,-1,-1
608,19,1314.00,339.00,60.00,160.00,1.0,-1,-1,-1
609,0,1155.00,347.00,53.00,133.00,1.0,-1,-1,-1
609,1,0.00,0.00,0.00,0.00,1.0,-1,-1,-1
609,2,0.00,0.00,0.00,0.00,1.0,-1,-1,-1
609,3,931.00,372.00,59.00,109.00,1.0,-1,-1,-1
609,4,759.00,345.00,26.00,114.00,1.0,-1,-1,-1
609,5,0.00,0.00,0.00,0.00,1.0,-1,-1,-1
609,6,0.00,0.00,0.00,0.00,1.0,-1,-1,-1
609,7,0.00,0.00,0.00,0.00,1.0,-1,-1,-1
609,8,0.00,0.00,0.00,0.00,1.0,-1,-1,-1
609,9,0.00,0.00,0.00,0.00,1.0,-1,-1,-1
609,10,764.00,332.00,63.00,172.00,1.0,-1,-1,-1
609,11,0.00,0.00,0.00,0.00,1.0,-1,-1,-1
609,12,0.00,0.00,0.00,0.00,1.0,-1,-1,-1
609,13,0.00,0.00,0.00,0.00,1.0,-1,-1,-1
609,14,1854.00,406.00,66.00,42.00,1.0,-1,-1,-1
609,15,0.00,0.00,0.00,0.00,1.0,-1,-1,-1
609,16,0.00,0.00,0.00,0.00,1.0,-1,-1,-1
609,17,843.00,347.00,51.00,155.00,1.0,-1,-1,-1
609,18,0.00,0.00,0.00,0.00,1.0,-1,-1,-1
609,19,1319.00,337.00,60.00,159.00,1.0,-1,-1,-1
610,0,1156.00,347.00,52.00,133.00,1.0,-1,-1,-1
610,1,0.00,0.00,0.00,0.00,1.0,-1,-1,-1
610,2,0.00,0.00,0.00,0.00,1.0,-1,-1,-1
610,3,931.00,371.00,60.00,113.00,1.0,-1,-1,-1
610,4,761.00,363.00,19.00,96.00,1.0,-1,-1,-1
610,5,0.00,0.00,0.00,0.00,1.0,-1,-1,-1
610,6,0.00,0.00,0.00,0.00,1.0,-1,-1,-1
610,7,0.00,0.00,0.00,0.00,1.0,-1,-1,-1
610,8,0.00,0.00,0.00,0.00,1.0,-1,-1,-1
610,9,0.00,0.00,0.00,0.00,1.0,-1,-1,-1
610,10,764.00,331.00,64.00,173.00,1.0,-1,-1,-1
610,11,0.00,0.00,0.00,0.00,1.0,-1,-1,-1
610,12,0.00,0.00,0.00,0.00,1.0,-1,-1,-1
610,13,0.00,0.00,0.00,0.00,1.0,-1,-1,-1
610,14,1865.00,387.00,55.00,59.00,1.0,-1,-1,-1
610,15,0.00,0.00,0.00,0.00,1.0,-1,-1,-1
610,16,0.00,0.00,0.00,0.00,1.0,-1,-1,-1
610,17,845.00,347.00,50.00,156.00,1.0,-1,-1,-1
610,18,0.00,0.00,0.00,0.00,1.0,-1,-1,-1
610,19,1321.00,335.00,61.00,160.00,1.0,-1,-1,-1
611,0,1157.00,346.00,52.00,132.00,1.0,-1,-1,-1
611,1,0.00,0.00,0.00,0.00,1.0,-1,-1,-1
611,2,0.00,0.00,0.00,0.00,1.0,-1,-1,-1
611,3,931.00,371.00,62.00,113.00,1.0,-1,-1,-1
611,4,761.00,368.00,19.00,90.00,1.0,-1,-1,-1
611,5,0.00,0.00,0.00,0.00,1.0,-1,-1,-1
611,6,0.00,0.00,0.00,0.00,1.0,-1,-1,-1
611,7,0.00,0.00,0.00,0.00,1.0,-1,-1,-1
611,8,0.00,0.00,0.00,0.00,1.0,-1,-1,-1
611,9,0.00,0.00,0.00,0.00,1.0,-1,-1,-1
611,10,765.00,331.00,63.00,173.00,1.0,-1,-1,-1
611,11,0.00,0.00,0.00,0.00,1.0,-1,-1,-1
611,12,0.00,0.00,0.00,0.00,1.0,-1,-1,-1
611,13,0.00,0.00,0.00,0.00,1.0,-1,-1,-1
611,14,1878.00,403.00,42.00,35.00,1.0,-1,-1,-1
611,15,0.00,0.00,0.00,0.00,1.0,-1,-1,-1
611,16,0.00,0.00,0.00,0.00,1.0,-1,-1,-1
611,17,846.00,345.00,51.00,158.00,1.0,-1,-1,-1
611,18,0.00,0.00,0.00,0.00,1.0,-1,-1,-1
611,19,1323.00,333.00,64.00,161.00,1.0,-1,-1,-1
612,0,1157.00,213.00,745.00,263.00,1.0,-1,-1,-1
612,1,0.00,0.00,0.00,0.00,1.0,-1,-1,-1
612,2,0.00,0.00,0.00,0.00,1.0,-1,-1,-1
612,3,932.00,369.00,63.00,113.00,1.0,-1,-1,-1
612,4,758.00,341.00,27.00,113.00,1.0,-1,-1,-1
612,5,0.00,0.00,0.00,0.00,1.0,-1,-1,-1
612,6,0.00,0.00,0.00,0.00,1.0,-1,-1,-1
612,7,0.00,0.00,0.00,0.00,1.0,-1,-1,-1
612,8,0.00,0.00,0.00,0.00,1.0,-1,-1,-1
612,9,0.00,0.00,0.00,0.00,1.0,-1,-1,-1
612,10,766.00,329.00,64.00,173.00,1.0,-1,-1,-1
612,11,0.00,0.00,0.00,0.00,1.0,-1,-1,-1
612,12,0.00,0.00,0.00,0.00,1.0,-1,-1,-1
612,13,0.00,0.00,0.00,0.00,1.0,-1,-1,-1
612,14,0.00,0.00,0.00,0.00,1.0,-1,-1,-1
612,15,0.00,0.00,0.00,0.00,1.0,-1,-1,-1
612,16,0.00,0.00,0.00,0.00,1.0,-1,-1,-1
612,17,848.00,343.00,50.00,159.00,1.0,-1,-1,-1
612,18,0.00,0.00,0.00,0.00,1.0,-1,-1,-1
612,19,1325.00,329.00,68.00,162.00,1.0,-1,-1,-1
613,0,1162.00,212.00,740.00,263.00,1.0,-1,-1,-1
613,1,0.00,0.00,0.00,0.00,1.0,-1,-1,-1
613,2,0.00,0.00,0.00,0.00,1.0,-1,-1,-1
613,3,936.00,370.00,64.00,111.00,1.0,-1,-1,-1
613,4,761.00,346.00,25.00,106.00,1.0,-1,-1,-1
613,5,0.00,0.00,0.00,0.00,1.0,-1,-1,-1
613,6,0.00,0.00,0.00,0.00,1.0,-1,-1,-1
613,7,0.00,0.00,0.00,0.00,1.0,-1,-1,-1
613,8,0.00,0.00,0.00,0.00,1.0,-1,-1,-1
613,9,0.00,0.00,0.00,0.00,1.0,-1,-1,-1
613,10,769.00,329.00,66.00,174.00,1.0,-1,-1,-1
613,11,0.00,0.00,0.00,0.00,1.0,-1,-1,-1
613,12,0.00,0.00,0.00,0.00,1.0,-1,-1,-1
613,13,0.00,0.00,0.00,0.00,1.0,-1,-1,-1
613,14,0.00,0.00,0.00,0.00,1.0,-1,-1,-1
613,15,0.00,0.00,0.00,0.00,1.0,-1,-1,-1
613,16,0.00,0.00,0.00,0.00,1.0,-1,-1,-1
613,17,851.00,213.00,1051.00,288.00,1.0,-1,-1,-1
613,18,0.00,0.00,0.00,0.00,1.0,-1,-1,-1
613,19,1332.00,326.00,69.00,165.00,1.0,-1,-1,-1
614,0,1163.00,344.00,49.00,131.00,1.0,-1,-1,-1
614,1,0.00,0.00,0.00,0.00,1.0,-1,-1,-1
614,2,0.00,0.00,0.00,0.00,1.0,-1,-1,-1
614,3,938.00,367.00,64.00,114.00,1.0,-1,-1,-1
614,4,763.00,334.00,28.00,99.00,1.0,-1,-1,-1
614,5,0.00,0.00,0.00,0.00,1.0,-1,-1,-1
614,6,0.00,0.00,0.00,0.00,1.0,-1,-1,-1
614,7,0.00,0.00,0.00,0.00,1.0,-1,-1,-1
614,8,0.00,0.00,0.00,0.00,1.0,-1,-1,-1
614,9,0.00,0.00,0.00,0.00,1.0,-1,-1,-1
614,10,772.00,329.00,65.00,174.00,1.0,-1,-1,-1
614,11,0.00,0.00,0.00,0.00,1.0,-1,-1,-1
614,12,0.00,0.00,0.00,0.00,1.0,-1,-1,-1
614,13,0.00,0.00,0.00,0.00,1.0,-1,-1,-1
614,14,0.00,0.00,0.00,0.00,1.0,-1,-1,-1
614,15,0.00,0.00,0.00,0.00,1.0,-1,-1,-1
614,16,0.00,0.00,0.00,0.00,1.0,-1,-1,-1
614,17,854.00,340.00,51.00,158.00,1.0,-1,-1,-1
614,18,0.00,0.00,0.00,0.00,1.0,-1,-1,-1
614,19,1336.00,326.00,71.00,166.00,1.0,-1,-1,-1
615,0,1164.00,343.00,48.00,131.00,1.0,-1,-1,-1
615,1,0.00,0.00,0.00,0.00,1.0,-1,-1,-1
615,2,0.00,0.00,0.00,0.00,1.0,-1,-1,-1
615,3,941.00,367.00,62.00,115.00,1.0,-1,-1,-1
615,4,776.00,337.00,64.00,64.00,1.0,-1,-1,-1
615,5,0.00,0.00,0.00,0.00,1.0,-1,-1,-1
615,6,0.00,0.00,0.00,0.00,1.0,-1,-1,-1
615,7,0.00,0.00,0.00,0.00,1.0,-1,-1,-1
615,8,0.00,0.00,0.00,0.00,1.0,-1,-1,-1
615,9,0.00,0.00,0.00,0.00,1.0,-1,-1,-1
615,10,773.00,328.00,66.00,174.00,1.0,-1,-1,-1
615,11,0.00,0.00,0.00,0.00,1.0,-1,-1,-1
615,12,0.00,0.00,0.00,0.00,1.0,-1,-1,-1
615,13,0.00,0.00,0.00,0.00,1.0,-1,-1,-1
615,14,0.00,0.00,0.00,0.00,1.0,-1,-1,-1
615,15,0.00,0.00,0.00,0.00,1.0,-1,-1,-1
615,16,0.00,0.00,0.00,0.00,1.0,-1,-1,-1
615,17,856.00,338.00,50.00,159.00,1.0,-1,-1,-1
615,18,0.00,0.00,0.00,0.00,1.0,-1,-1,-1
615,19,1337.00,325.00,71.00,169.00,1.0,-1,-1,-1
616,0,1170.00,344.00,43.00,128.00,1.0,-1,-1,-1
616,1,0.00,0.00,0.00,0.00,1.0,-1,-1,-1
616,2,0.00,0.00,0.00,0.00,1.0,-1,-1,-1
616,3,945.00,370.00,62.00,112.00,1.0,-1,-1,-1
616,4,0.00,0.00,0.00,0.00,1.0,-1,-1,-1
616,5,0.00,0.00,0.00,0.00,1.0,-1,-1,-1
616,6,0.00,0.00,0.00,0.00,1.0,-1,-1,-1
616,7,0.00,0.00,0.00,0.00,1.0,-1,-1,-1
616,8,0.00,0.00,0.00,0.00,1.0,-1,-1,-1
616,9,0.00,0.00,0.00,0.00,1.0,-1,-1,-1
616,10,775.00,329.00,63.00,171.00,1.0,-1,-1,-1
616,11,0.00,0.00,0.00,0.00,1.0,-1,-1,-1
616,12,0.00,0.00,0.00,0.00,1.0,-1,-1,-1
616,13,0.00,0.00,0.00,0.00,1.0,-1,-1,-1
616,14,0.00,0.00,0.00,0.00,1.0,-1,-1,-1
616,15,0.00,0.00,0.00,0.00,1.0,-1,-1,-1
616,16,0.00,0.00,0.00,0.00,1.0,-1,-1,-1
616,17,863.00,340.00,46.00,159.00,1.0,-1,-1,-1
616,18,0.00,0.00,0.00,0.00,1.0,-1,-1,-1
616,19,1352.00,327.00,58.00,168.00,1.0,-1,-1,-1
617,0,1169.00,343.00,46.00,130.00,1.0,-1,-1,-1
617,1,0.00,0.00,0.00,0.00,1.0,-1,-1,-1
617,2,0.00,0.00,0.00,0.00,1.0,-1,-1,-1
617,3,947.00,369.00,61.00,115.00,1.0,-1,-1,-1
617,4,816.00,338.00,31.00,74.00,1.0,-1,-1,-1
617,5,0.00,0.00,0.00,0.00,1.0,-1,-1,-1
617,6,0.00,0.00,0.00,0.00,1.0,-1,-1,-1
617,7,0.00,0.00,0.00,0.00,1.0,-1,-1,-1
617,8,0.00,0.00,0.00,0.00,1.0,-1,-1,-1
617,9,0.00,0.00,0.00,0.00,1.0,-1,-1,-1
617,10,776.00,327.00,63.00,174.00,1.0,-1,-1,-1
617,11,0.00,0.00,0.00,0.00,1.0,-1,-1,-1
617,12,0.00,0.00,0.00,0.00,1.0,-1,-1,-1
617,13,0.00,0.00,0.00,0.00,1.0,-1,-1,-1
617,14,0.00,0.00,0.00,0.00,1.0,-1,-1,-1
617,15,0.00,0.00,0.00,0.00,1.0,-1,-1,-1
617,16,0.00,0.00,0.00,0.00,1.0,-1,-1,-1
617,17,862.00,339.00,51.00,163.00,1.0,-1,-1,-1
617,18,0.00,0.00,0.00,0.00,1.0,-1,-1,-1
617,19,1352.00,327.00,70.00,170.00,1.0,-1,-1,-1
618,0,1179.00,340.00,47.00,134.00,1.0,-1,-1,-1
618,1,0.00,0.00,0.00,0.00,1.0,-1,-1,-1
618,2,0.00,0.00,0.00,0.00,1.0,-1,-1,-1
618,3,955.00,369.00,64.00,113.00,1.0,-1,-1,-1
618,4,790.00,337.00,67.00,79.00,1.0,-1,-1,-1
618,5,0.00,0.00,0.00,0.00,1.0,-1,-1,-1
618,6,0.00,0.00,0.00,0.00,1.0,-1,-1,-1
618,7,0.00,0.00,0.00,0.00,1.0,-1,-1,-1
618,8,0.00,0.00,0.00,0.00,1.0,-1,-1,-1
618,9,0.00,0.00,0.00,0.00,1.0,-1,-1,-1
618,10,785.00,329.00,68.00,171.00,1.0,-1,-1,-1
618,11,1886.00,880.00,34.00,63.00,1.0,-1,-1,-1
618,12,0.00,0.00,0.00,0.00,1.0,-1,-1,-1
618,13,0.00,0.00,0.00,0.00,1.0,-1,-1,-1
618,14,0.00,0.00,0.00,0.00,1.0,-1,-1,-1
618,15,0.00,0.00,0.00,0.00,1.0,-1,-1,-1
618,16,0.00,0.00,0.00,0.00,1.0,-1,-1,-1
618,17,871.00,338.00,52.00,164.00,1.0,-1,-1,-1
618,18,0.00,0.00,0.00,0.00,1.0,-1,-1,-1
618,19,1360.00,325.00,70.00,174.00,1.0,-1,-1,-1
619,0,1181.00,342.00,48.00,133.00,1.0,-1,-1,-1
619,1,0.00,0.00,0.00,0.00,1.0,-1,-1,-1
619,2,0.00,0.00,0.00,0.00,1.0,-1,-1,-1
619,3,958.00,370.00,65.00,115.00,1.0,-1,-1,-1
619,4,789.00,337.00,73.00,78.00,1.0,-1,-1,-1
619,5,0.00,0.00,0.00,0.00,1.0,-1,-1,-1
619,6,0.00,0.00,0.00,0.00,1.0,-1,-1,-1
619,7,0.00,0.00,0.00,0.00,1.0,-1,-1,-1
619,8,0.00,0.00,0.00,0.00,1.0,-1,-1,-1
619,9,0.00,0.00,0.00,0.00,1.0,-1,-1,-1
619,10,785.00,330.00,70.00,172.00,1.0,-1,-1,-1
619,11,1904.00,911.00,16.00,37.00,1.0,-1,-1,-1
619,12,0.00,0.00,0.00,0.00,1.0,-1,-1,-1
619,13,0.00,0.00,0.00,0.00,1.0,-1,-1,-1
619,14,0.00,0.00,0.00,0.00,1.0,-1,-1,-1
619,15,0.00,0.00,0.00,0.00,1.0,-1,-1,-1
619,16,0.00,0.00,0.00,0.00,1.0,-1,-1,-1
619,17,871.00,340.00,53.00,165.00,1.0,-1,-1,-1
619,18,0.00,0.00,0.00,0.00,1.0,-1,-1,-1
619,19,1363.00,328.00,74.00,175.00,1.0,-1,-1,-1
620,0,1185.00,340.00,48.00,134.00,1.0,-1,-1,-1
620,1,0.00,0.00,0.00,0.00,1.0,-1,-1,-1
620,2,0.00,0.00,0.00,0.00,1.0,-1,-1,-1
620,3,963.00,370.00,64.00,115.00,1.0,-1,-1,-1
620,4,791.00,338.00,77.00,76.00,1.0,-1,-1,-1
620,5,0.00,0.00,0.00,0.00,1.0,-1,-1,-1
620,6,0.00,0.00,0.00,0.00,1.0,-1,-1,-1
620,7,0.00,0.00,0.00,0.00,1.0,-1,-1,-1
620,8,0.00,0.00,0.00,0.00,1.0,-1,-1,-1
620,9,0.00,0.00,0.00,0.00,1.0,-1,-1,-1
620,10,789.00,329.00,71.00,175.00,1.0,-1,-1,-1
620,11,0.00,0.00,0.00,0.00,1.0,-1,-1,-1
620,12,0.00,0.00,0.00,0.00,1.0,-1,-1,-1
620,13,0.00,0.00,0.00,0.00,1.0,-1,-1,-1
620,14,0.00,0.00,0.00,0.00,1.0,-1,-1,-1
620,15,0.00,0.00,0.00,0.00,1.0,-1,-1,-1
620,16,0.00,0.00,0.00,0.00,1.0,-1,-1,-1
620,17,874.00,340.00,55.00,165.00,1.0,-1,-1,-1
620,18,0.00,0.00,0.00,0.00,1.0,-1,-1,-1
620,19,1371.00,327.00,70.00,175.00,1.0,-1,-1,-1
621,0,1188.00,340.00,45.00,134.00,1.0,-1,-1,-1
621,1,0.00,0.00,0.00,0.00,1.0,-1,-1,-1
621,2,0.00,0.00,0.00,0.00,1.0,-1,-1,-1
621,3,962.00,369.00,66.00,116.00,1.0,-1,-1,-1
621,4,836.00,342.00,33.00,72.00,1.0,-1,-1,-1
621,5,0.00,0.00,0.00,0.00,1.0,-1,-1,-1
621,6,0.00,0.00,0.00,0.00,1.0,-1,-1,-1
621,7,0.00,0.00,0.00,0.00,1.0,-1,-1,-1
621,8,0.00,0.00,0.00,0.00,1.0,-1,-1,-1
621,9,0.00,0.00,0.00,0.00,1.0,-1,-1,-1
621,10,791.00,329.00,71.00,175.00,1.0,-1,-1,-1
621,11,0.00,0.00,0.00,0.00,1.0,-1,-1,-1
621,12,0.00,0.00,0.00,0.00,1.0,-1,-1,-1
621,13,0.00,0.00,0.00,0.00,1.0,-1,-1,-1
621,14,0.00,0.00,0.00,0.00,1.0,-1,-1,-1
621,15,0.00,0.00,0.00,0.00,1.0,-1,-1,-1
621,16,0.00,0.00,0.00,0.00,1.0,-1,-1,-1
621,17,877.00,341.00,53.00,166.00,1.0,-1,-1,-1
621,18,0.00,0.00,0.00,0.00,1.0,-1,-1,-1
621,19,1376.00,327.00,69.00,176.00,1.0,-1,-1,-1
622,0,1190.00,343.00,45.00,132.00,1.0,-1,-1,-1
622,1,0.00,0.00,0.00,0.00,1.0,-1,-1,-1
622,2,0.00,0.00,0.00,0.00,1.0,-1,-1,-1
622,3,963.00,371.00,68.00,114.00,1.0,-1,-1,-1
622,4,841.00,341.00,36.00,75.00,1.0,-1,-1,-1
622,5,0.00,0.00,0.00,0.00,1.0,-1,-1,-1
622,6,0.00,0.00,0.00,0.00,1.0,-1,-1,-1
622,7,0.00,0.00,0.00,0.00,1.0,-1,-1,-1
622,8,0.00,0.00,0.00,0.00,1.0,-1,-1,-1
622,9,0.00,0.00,0.00,0.00,1.0,-1,-1,-1
622,10,792.00,329.00,72.00,176.00,1.0,-1,-1,-1
622,11,0.00,0.00,0.00,0.00,1.0,-1,-1,-1
622,12,0.00,0.00,0.00,0.00,1.0,-1,-1,-1
622,13,0.00,0.00,0.00,0.00,1.0,-1,-1,-1
622,14,0.00,0.00,0.00,0.00,1.0,-1,-1,-1
622,15,0.00,0.00,0.00,0.00,1.0,-1,-1,-1
622,16,0.00,0.00,0.00,0.00,1.0,-1,-1,-1
622,17,878.00,343.00,53.00,162.00,1.0,-1,-1,-1
622,18,0.00,0.00,0.00,0.00,1.0,-1,-1,-1
622,19,1380.00,326.00,69.00,177.00,1.0,-1,-1,-1
623,0,1192.00,343.00,45.00,132.00,1.0,-1,-1,-1
623,1,0.00,0.00,0.00,0.00,1.0,-1,-1,-1
623,2,0.00,0.00,0.00,0.00,1.0,-1,-1,-1
623,3,966.00,370.00,66.00,114.00,1.0,-1,-1,-1
623,4,840.00,339.00,36.00,73.00,1.0,-1,-1,-1
623,5,0.00,0.00,0.00,0.00,1.0,-1,-1,-1
623,6,0.00,0.00,0.00,0.00,1.0,-1,-1,-1
623,7,0.00,0.00,0.00,0.00,1.0,-1,-1,-1
623,8,0.00,0.00,0.00,0.00,1.0,-1,-1,-1
623,9,0.00,0.00,0.00,0.00,1.0,-1,-1,-1
623,10,794.00,329.00,72.00,174.00,1.0,-1,-1,-1
623,11,0.00,0.00,0.00,0.00,1.0,-1,-1,-1
623,12,0.00,0.00,0.00,0.00,1.0,-1,-1,-1
623,13,0.00,0.00,0.00,0.00,1.0,-1,-1,-1
623,14,0.00,0.00,0.00,0.00,1.0,-1,-1,-1
623,15,0.00,0.00,0.00,0.00,1.0,-1,-1,-1
623,16,0.00,0.00,0.00,0.00,1.0,-1,-1,-1
623,17,880.00,344.00,51.00,161.00,1.0,-1,-1,-1
623,18,0.00,0.00,0.00,0.00,1.0,-1,-1,-1
623,19,1382.00,322.00,72.00,180.00,1.0,-1,-1,-1
624,0,1199.00,342.00,46.00,132.00,1.0,-1,-1,-1
624,1,0.00,0.00,0.00,0.00,1.0,-1,-1,-1
624,2,0.00,0.00,0.00,0.00,1.0,-1,-1,-1
624,3,975.00,369.00,65.00,115.00,1.0,-1,-1,-1
624,4,845.00,338.00,37.00,80.00,1.0,-1,-1,-1
624,5,0.00,0.00,0.00,0.00,1.0,-1,-1,-1
624,6,0.00,0.00,0.00,0.00,1.0,-1,-1,-1
624,7,0.00,0.00,0.00,0.00,1.0,-1,-1,-1
624,8,0.00,0.00,0.00,0.00,1.0,-1,-1,-1
624,9,0.00,0.00,0.00,0.00,1.0,-1,-1,-1
624,10,802.00,330.00,66.00,175.00,1.0,-1,-1,-1
624,11,0.00,0.00,0.00,0.00,1.0,-1,-1,-1
624,12,0.00,0.00,0.00,0.00,1.0,-1,-1,-1
624,13,0.00,0.00,0.00,0.00,1.0,-1,-1,-1
624,14,0.00,0.00,0.00,0.00,1.0,-1,-1,-1
624,15,0.00,0.00,0.00,0.00,1.0,-1,-1,-1
624,16,0.00,0.00,0.00,0.00,1.0,-1,-1,-1
624,17,883.00,343.00,54.00,161.00,1.0,-1,-1,-1
624,18,0.00,0.00,0.00,0.00,1.0,-1,-1,-1
624,19,1392.00,320.00,73.00,182.00,1.0,-1,-1,-1
625,0,1201.00,344.00,45.00,130.00,1.0,-1,-1,-1
625,1,0.00,0.00,0.00,0.00,1.0,-1,-1,-1
625,2,0.00,0.00,0.00,0.00,1.0,-1,-1,-1
625,3,976.00,368.00,65.00,116.00,1.0,-1,-1,-1
625,4,847.00,338.00,36.00,95.00,1.0,-1,-1,-1
625,5,0.00,0.00,0.00,0.00,1.0,-1,-1,-1
625,6,0.00,0.00,0.00,0.00,1.0,-1,-1,-1
625,7,0.00,0.00,0.00,0.00,1.0,-1,-1,-1
625,8,0.00,0.00,0.00,0.00,1.0,-1,-1,-1
625,9,0.00,0.00,0.00,0.00,1.0,-1,-1,-1
625,10,804.00,330.00,67.00,175.00,1.0,-1,-1,-1
625,11,0.00,0.00,0.00,0.00,1.0,-1,-1,-1
625,12,0.00,0.00,0.00,0.00,1.0,-1,-1,-1
625,13,0.00,0.00,0.00,0.00,1.0,-1,-1,-1
625,14,0.00,0.00,0.00,0.00,1.0,-1,-1,-1
625,15,0.00,0.00,0.00,0.00,1.0,-1,-1,-1
625,16,0.00,0.00,0.00,0.00,1.0,-1,-1,-1
625,17,884.00,345.00,52.00,160.00,1.0,-1,-1,-1
625,18,0.00,0.00,0.00,0.00,1.0,-1,-1,-1
625,19,1401.00,319.00,68.00,184.00,1.0,-1,-1,-1
626,0,1204.00,343.00,45.00,131.00,1.0,-1,-1,-1
626,1,0.00,0.00,0.00,0.00,1.0,-1,-1,-1
626,2,0.00,0.00,0.00,0.00,1.0,-1,-1,-1
626,3,977.00,367.00,65.00,118.00,1.0,-1,-1,-1
626,4,849.00,338.00,36.00,99.00,1.0,-1,-1,-1
626,5,0.00,0.00,0.00,0.00,1.0,-1,-1,-1
626,6,0.00,0.00,0.00,0.00,1.0,-1,-1,-1
626,7,0.00,0.00,0.00,0.00,1.0,-1,-1,-1
626,8,0.00,0.00,0.00,0.00,1.0,-1,-1,-1
626,9,0.00,0.00,0.00,0.00,1.0,-1,-1,-1
626,10,807.00,330.00,69.00,175.00,1.0,-1,-1,-1
626,11,0.00,0.00,0.00,0.00,1.0,-1,-1,-1
626,12,0.00,0.00,0.00,0.00,1.0,-1,-1,-1
626,13,0.00,0.00,0.00,0.00,1.0,-1,-1,-1
626,14,0.00,0.00,0.00,0.00,1.0,-1,-1,-1
626,15,0.00,0.00,0.00,0.00,1.0,-1,-1,-1
626,16,0.00,0.00,0.00,0.00,1.0,-1,-1,-1
626,17,888.00,343.00,50.00,161.00,1.0,-1,-1,-1
626,18,0.00,0.00,0.00,0.00,1.0,-1,-1,-1
626,19,1412.00,319.00,70.00,185.00,1.0,-1,-1,-1
627,0,1205.00,344.00,46.00,131.00,1.0,-1,-1,-1
627,1,0.00,0.00,0.00,0.00,1.0,-1,-1,-1
627,2,0.00,0.00,0.00,0.00,1.0,-1,-1,-1
627,3,978.00,368.00,67.00,118.00,1.0,-1,-1,-1
627,4,852.00,340.00,33.00,94.00,1.0,-1,-1,-1
627,5,0.00,0.00,0.00,0.00,1.0,-1,-1,-1
627,6,0.00,0.00,0.00,0.00,1.0,-1,-1,-1
627,7,0.00,0.00,0.00,0.00,1.0,-1,-1,-1
627,8,0.00,0.00,0.00,0.00,1.0,-1,-1,-1
627,9,0.00,0.00,0.00,0.00,1.0,-1,-1,-1
627,10,808.00,330.00,71.00,176.00,1.0,-1,-1,-1
627,11,0.00,0.00,0.00,0.00,1.0,-1,-1,-1
627,12,0.00,0.00,0.00,0.00,1.0,-1,-1,-1
627,13,0.00,0.00,0.00,0.00,1.0,-1,-1,-1
627,14,0.00,0.00,0.00,0.00,1.0,-1,-1,-1
627,15,0.00,0.00,0.00,0.00,1.0,-1,-1,-1
627,16,0.00,0.00,0.00,0.00,1.0,-1,-1,-1
627,17,889.00,344.00,50.00,158.00,1.0,-1,-1,-1
627,18,0.00,0.00,0.00,0.00,1.0,-1,-1,-1
627,19,1418.00,320.00,73.00,186.00,1.0,-1,-1,-1
628,0,1206.00,344.00,45.00,131.00,1.0,-1,-1,-1
628,1,0.00,0.00,0.00,0.00,1.0,-1,-1,-1
628,2,0.00,0.00,0.00,0.00,1.0,-1,-1,-1
628,3,984.00,370.00,62.00,118.00,1.0,-1,-1,-1
628,4,851.00,340.00,39.00,97.00,1.0,-1,-1,-1
628,5,0.00,0.00,0.00,0.00,1.0,-1,-1,-1
628,6,0.00,0.00,0.00,0.00,1.0,-1,-1,-1
628,7,0.00,0.00,0.00,0.00,1.0,-1,-1,-1
628,8,0.00,0.00,0.00,0.00,1.0,-1,-1,-1
628,9,0.00,0.00,0.00,0.00,1.0,-1,-1,-1
628,10,810.00,331.00,70.00,176.00,1.0,-1,-1,-1
628,11,0.00,0.00,0.00,0.00,1.0,-1,-1,-1
628,12,0.00,0.00,0.00,0.00,1.0,-1,-1,-1
628,13,0.00,0.00,0.00,0.00,1.0,-1,-1,-1
628,14,0.00,0.00,0.00,0.00,1.0,-1,-1,-1
628,15,0.00,0.00,0.00,0.00,1.0,-1,-1,-1
628,16,0.00,0.00,0.00,0.00,1.0,-1,-1,-1
628,17,889.00,343.00,52.00,159.00,1.0,-1,-1,-1
628,18,0.00,0.00,0.00,0.00,1.0,-1,-1,-1
628,19,1422.00,321.00,71.00,188.00,1.0,-1,-1,-1
628,20,49.00,354.00,50.00,120.00,1.0,-1,-1,-1
629,0,1208.00,345.00,46.00,133.00,1.0,-1,-1,-1
629,1,0.00,0.00,0.00,0.00,1.0,-1,-1,-1
629,2,0.00,0.00,0.00,0.00,1.0,-1,-1,-1
629,3,991.00,372.00,59.00,115.00,1.0,-1,-1,-1
629,4,855.00,339.00,30.00,82.00,1.0,-1,-1,-1
629,5,0.00,0.00,0.00,0.00,1.0,-1,-1,-1
629,6,0.00,0.00,0.00,0.00,1.0,-1,-1,-1
629,7,0.00,0.00,0.00,0.00,1.0,-1,-1,-1
629,8,0.00,0.00,0.00,0.00,1.0,-1,-1,-1
629,9,0.00,0.00,0.00,0.00,1.0,-1,-1,-1
629,10,814.00,334.00,69.00,173.00,1.0,-1,-1,-1
629,11,0.00,0.00,0.00,0.00,1.0,-1,-1,-1
629,12,0.00,0.00,0.00,0.00,1.0,-1,-1,-1
629,13,0.00,0.00,0.00,0.00,1.0,-1,-1,-1
629,14,0.00,0.00,0.00,0.00,1.0,-1,-1,-1
629,15,0.00,0.00,0.00,0.00,1.0,-1,-1,-1
629,16,0.00,0.00,0.00,0.00,1.0,-1,-1,-1
629,17,890.00,346.00,52.00,158.00,1.0,-1,-1,-1
629,18,0.00,0.00,0.00,0.00,1.0,-1,-1,-1
629,19,1435.00,326.00,68.00,190.00,1.0,-1,-1,-1
629,20,46.00,356.00,49.00,121.00,1.0,-1,-1,-1
630,0,1199.00,349.00,58.00,132.00,1.0,-1,-1,-1
630,1,0.00,0.00,0.00,0.00,1.0,-1,-1,-1
630,2,0.00,0.00,0.00,0.00,1.0,-1,-1,-1
630,3,987.00,375.00,65.00,120.00,1.0,-1,-1,-1
630,4,850.00,297.00,36.00,119.00,1.0,-1,-1,-1
630,5,0.00,0.00,0.00,0.00,1.0,-1,-1,-1
630,6,0.00,0.00,0.00,0.00,1.0,-1,-1,-1
630,7,0.00,0.00,0.00,0.00,1.0,-1,-1,-1
630,8,0.00,0.00,0.00,0.00,1.0,-1,-1,-1
630,9,0.00,0.00,0.00,0.00,1.0,-1,-1,-1
630,10,815.00,335.00,67.00,175.00,1.0,-1,-1,-1
630,11,0.00,0.00,0.00,0.00,1.0,-1,-1,-1
630,12,0.00,0.00,0.00,0.00,1.0,-1,-1,-1
630,13,0.00,0.00,0.00,0.00,1.0,-1,-1,-1
630,14,0.00,0.00,0.00,0.00,1.0,-1,-1,-1
630,15,0.00,0.00,0.00,0.00,1.0,-1,-1,-1
630,16,0.00,0.00,0.00,0.00,1.0,-1,-1,-1
630,17,891.00,349.00,51.00,159.00,1.0,-1,-1,-1
630,18,0.00,0.00,0.00,0.00,1.0,-1,-1,-1
630,19,1441.00,327.00,68.00,193.00,1.0,-1,-1,-1
630,20,41.00,357.00,53.00,124.00,1.0,-1,-1,-1
631,0,1207.00,349.00,48.00,133.00,1.0,-1,-1,-1
631,1,0.00,0.00,0.00,0.00,1.0,-1,-1,-1
631,2,0.00,0.00,0.00,0.00,1.0,-1,-1,-1
631,3,990.00,376.00,66.00,122.00,1.0,-1,-1,-1
631,4,819.00,338.00,67.00,88.00,1.0,-1,-1,-1
631,5,0.00,0.00,0.00,0.00,1.0,-1,-1,-1
631,6,0.00,0.00,0.00,0.00,1.0,-1,-1,-1
631,7,0.00,0.00,0.00,0.00,1.0,-1,-1,-1
631,8,0.00,0.00,0.00,0.00,1.0,-1,-1,-1
631,9,0.00,0.00,0.00,0.00,1.0,-1,-1,-1
631,10,817.00,337.00,69.00,175.00,1.0,-1,-1,-1
631,11,0.00,0.00,0.00,0.00,1.0,-1,-1,-1
631,12,0.00,0.00,0.00,0.00,1.0,-1,-1,-1
631,13,0.00,0.00,0.00,0.00,1.0,-1,-1,-1
631,14,0.00,0.00,0.00,0.00,1.0,-1,-1,-1
631,15,0.00,0.00,0.00,0.00,1.0,-1,-1,-1
631,16,0.00,0.00,0.00,0.00,1.0,-1,-1,-1
631,17,893.00,350.00,51.00,162.00,1.0,-1,-1,-1
631,18,0.00,0.00,0.00,0.00,1.0,-1,-1,-1
631,19,1444.00,331.00,75.00,194.00,1.0,-1,-1,-1
631,20,37.00,359.00,53.00,123.00,1.0,-1,-1,-1
632,0,1209.00,350.00,50.00,132.00,1.0,-1,-1,-1
632,1,0.00,0.00,0.00,0.00,1.0,-1,-1,-1
632,2,0.00,0.00,0.00,0.00,1.0,-1,-1,-1
632,3,990.00,376.00,66.00,123.00,1.0,-1,-1,-1
632,4,820.00,338.00,69.00,91.00,1.0,-1,-1,-1
632,5,0.00,0.00,0.00,0.00,1.0,-1,-1,-1
632,6,0.00,0.00,0.00,0.00,1.0,-1,-1,-1
632,7,0.00,0.00,0.00,0.00,1.0,-1,-1,-1
632,8,0.00,0.00,0.00,0.00,1.0,-1,-1,-1
632,9,0.00,0.00,0.00,0.00,1.0,-1,-1,-1
632,10,820.00,338.00,68.00,173.00,1.0,-1,-1,-1
632,11,0.00,0.00,0.00,0.00,1.0,-1,-1,-1
632,12,0.00,0.00,0.00,0.00,1.0,-1,-1,-1
632,13,0.00,0.00,0.00,0.00,1.0,-1,-1,-1
632,14,0.00,0.00,0.00,0.00,1.0,-1,-1,-1
632,15,0.00,0.00,0.00,0.00,1.0,-1,-1,-1
632,16,0.00,0.00,0.00,0.00,1.0,-1,-1,-1
632,17,893.00,352.00,53.00,158.00,1.0,-1,-1,-1
632,18,0.00,0.00,0.00,0.00,1.0,-1,-1,-1
632,19,1452.00,330.00,71.00,195.00,1.0,-1,-1,-1
632,20,36.00,359.00,52.00,122.00,1.0,-1,-1,-1
633,0,1208.00,351.00,52.00,132.00,1.0,-1,-1,-1
633,1,0.00,0.00,0.00,0.00,1.0,-1,-1,-1
633,2,0.00,0.00,0.00,0.00,1.0,-1,-1,-1
633,3,991.00,376.00,67.00,121.00,1.0,-1,-1,-1
633,4,0.00,0.00,0.00,0.00,1.0,-1,-1,-1
633,5,0.00,0.00,0.00,0.00,1.0,-1,-1,-1
633,6,0.00,0.00,0.00,0.00,1.0,-1,-1,-1
633,7,0.00,0.00,0.00,0.00,1.0,-1,-1,-1
633,8,0.00,0.00,0.00,0.00,1.0,-1,-1,-1
633,9,0.00,0.00,0.00,0.00,1.0,-1,-1,-1
633,10,820.00,337.00,67.00,174.00,1.0,-1,-1,-1
633,11,0.00,0.00,0.00,0.00,1.0,-1,-1,-1
633,12,0.00,0.00,0.00,0.00,1.0,-1,-1,-1
633,13,0.00,0.00,0.00,0.00,1.0,-1,-1,-1
633,14,0.00,0.00,0.00,0.00,1.0,-1,-1,-1
633,15,0.00,0.00,0.00,0.00,1.0,-1,-1,-1
633,16,0.00,0.00,0.00,0.00,1.0,-1,-1,-1
633,17,895.00,353.00,50.00,159.00,1.0,-1,-1,-1
633,18,0.00,0.00,0.00,0.00,1.0,-1,-1,-1
633,19,1456.00,328.00,72.00,198.00,1.0,-1,-1,-1
633,20,34.00,359.00,50.00,123.00,1.0,-1,-1,-1
634,0,1209.00,349.00,50.00,131.00,1.0,-1,-1,-1
634,1,0.00,0.00,0.00,0.00,1.0,-1,-1,-1
634,2,0.00,0.00,0.00,0.00,1.0,-1,-1,-1
634,3,993.00,374.00,66.00,122.00,1.0,-1,-1,-1
634,4,820.00,337.00,72.00,87.00,1.0,-1,-1,-1
634,5,0.00,0.00,0.00,0.00,1.0,-1,-1,-1
634,6,0.00,0.00,0.00,0.00,1.0,-1,-1,-1
634,7,0.00,0.00,0.00,0.00,1.0,-1,-1,-1
634,8,0.00,0.00,0.00,0.00,1.0,-1,-1,-1
634,9,0.00,0.00,0.00,0.00,1.0,-1,-1,-1
634,10,822.00,335.00,66.00,173.00,1.0,-1,-1,-1
634,11,0.00,0.00,0.00,0.00,1.0,-1,-1,-1
634,12,0.00,0.00,0.00,0.00,1.0,-1,-1,-1
634,13,0.00,0.00,0.00,0.00,1.0,-1,-1,-1
634,14,0.00,0.00,0.00,0.00,1.0,-1,-1,-1
634,15,0.00,0.00,0.00,0.00,1.0,-1,-1,-1
634,16,0.00,0.00,0.00,0.00,1.0,-1,-1,-1
634,17,895.00,351.00,52.00,159.00,1.0,-1,-1,-1
634,18,0.00,0.00,0.00,0.00,1.0,-1,-1,-1
634,19,1464.00,327.00,73.00,195.00,1.0,-1,-1,-1
634,20,28.00,355.00,50.00,124.00,1.0,-1,-1,-1
635,0,1206.00,348.00,53.00,131.00,1.0,-1,-1,-1
635,1,0.00,0.00,0.00,0.00,1.0,-1,-1,-1
635,2,0.00,0.00,0.00,0.00,1.0,-1,-1,-1
635,3,989.00,372.00,68.00,122.00,1.0,-1,-1,-1
635,4,819.00,337.00,73.00,112.00,1.0,-1,-1,-1
635,5,0.00,0.00,0.00,0.00,1.0,-1,-1,-1
635,6,0.00,0.00,0.00,0.00,1.0,-1,-1,-1
635,7,0.00,0.00,0.00,0.00,1.0,-1,-1,-1
635,8,0.00,0.00,0.00,0.00,1.0,-1,-1,-1
635,9,0.00,0.00,0.00,0.00,1.0,-1,-1,-1
635,10,820.00,335.00,68.00,171.00,1.0,-1,-1,-1
635,11,0.00,0.00,0.00,0.00,1.0,-1,-1,-1
635,12,0.00,0.00,0.00,0.00,1.0,-1,-1,-1
635,13,0.00,0.00,0.00,0.00,1.0,-1,-1,-1
635,14,0.00,0.00,0.00,0.00,1.0,-1,-1,-1
635,15,0.00,0.00,0.00,0.00,1.0,-1,-1,-1
635,16,0.00,0.00,0.00,0.00,1.0,-1,-1,-1
635,17,894.00,352.00,52.00,157.00,1.0,-1,-1,-1
635,18,0.00,0.00,0.00,0.00,1.0,-1,-1,-1
635,19,1464.00,327.00,72.00,195.00,1.0,-1,-1,-1
635,20,21.00,353.00,50.00,127.00,1.0,-1,-1,-1
636,0,1201.00,345.00,52.00,132.00,1.0,-1,-1,-1
636,1,0.00,0.00,0.00,0.00,1.0,-1,-1,-1
636,2,0.00,0.00,0.00,0.00,1.0,-1,-1,-1
636,3,991.00,371.00,65.00,121.00,1.0,-1,-1,-1
636,4,818.00,336.00,67.00,114.00,1.0,-1,-1,-1
636,5,0.00,0.00,0.00,0.00,1.0,-1,-1,-1
636,6,0.00,0.00,0.00,0.00,1.0,-1,-1,-1
636,7,0.00,0.00,0.00,0.00,1.0,-1,-1,-1
636,8,0.00,0.00,0.00,0.00,1.0,-1,-1,-1
636,9,0.00,0.00,0.00,0.00,1.0,-1,-1,-1
636,10,816.00,330.00,68.00,174.00,1.0,-1,-1,-1
636,11,0.00,0.00,0.00,0.00,1.0,-1,-1,-1
636,12,0.00,0.00,0.00,0.00,1.0,-1,-1,-1
636,13,0.00,0.00,0.00,0.00,1.0,-1,-1,-1
636,14,0.00,0.00,0.00,0.00,1.0,-1,-1,-1
636,15,0.00,0.00,0.00,0.00,1.0,-1,-1,-1
636,16,0.00,0.00,0.00,0.00,1.0,-1,-1,-1
636,17,892.00,348.00,52.00,158.00,1.0,-1,-1,-1
636,18,0.00,0.00,0.00,0.00,1.0,-1,-1,-1
636,19,1460.00,320.00,82.00,200.00,1.0,-1,-1,-1
636,20,11.00,349.00,51.00,127.00,1.0,-1,-1,-1
637,0,1200.00,342.00,52.00,131.00,1.0,-1,-1,-1
637,1,0.00,0.00,0.00,0.00,1.0,-1,-1,-1
637,2,0.00,0.00,0.00,0.00,1.0,-1,-1,-1
637,3,990.00,367.00,65.00,121.00,1.0,-1,-1,-1
637,4,818.00,337.00,66.00,104.00,1.0,-1,-1,-1
637,5,0.00,0.00,0.00,0.00,1.0,-1,-1,-1
637,6,0.00,0.00,0.00,0.00,1.0,-1,-1,-1
637,7,0.00,0.00,0.00,0.00,1.0,-1,-1,-1
637,8,0.00,0.00,0.00,0.00,1.0,-1,-1,-1
637,9,0.00,0.00,0.00,0.00,1.0,-1,-1,-1
637,10,816.00,328.00,66.00,172.00,1.0,-1,-1,-1
637,11,0.00,0.00,0.00,0.00,1.0,-1,-1,-1
637,12,0.00,0.00,0.00,0.00,1.0,-1,-1,-1
637,13,0.00,0.00,0.00,0.00,1.0,-1,-1,-1
637,14,0.00,0.00,0.00,0.00,1.0,-1,-1,-1
637,15,0.00,0.00,0.00,0.00,1.0,-1,-1,-1
637,16,0.00,0.00,0.00,0.00,1.0,-1,-1,-1
637,17,892.00,346.00,52.00,155.00,1.0,-1,-1,-1
637,18,0.00,0.00,0.00,0.00,1.0,-1,-1,-1
637,19,1458.00,318.00,89.00,198.00,1.0,-1,-1,-1
637,20,7.00,345.00,50.00,127.00,1.0,-1,-1,-1
638,0,1200.00,337.00,51.00,133.00,1.0,-1,-1,-1
638,1,0.00,0.00,0.00,0.00,1.0,-1,-1,-1
638,2,0.00,0.00,0.00,0.00,1.0,-1,-1,-1
638,3,991.00,363.00,65.00,123.00,1.0,-1,-1,-1
638,4,818.00,330.00,67.00,82.00,1.0,-1,-1,-1
638,5,0.00,0.00,0.00,0.00,1.0,-1,-1,-1
638,6,0.00,0.00,0.00,0.00,1.0,-1,-1,-1
638,7,0.00,0.00,0.00,0.00,1.0,-1,-1,-1
638,8,0.00,0.00,0.00,0.00,1.0,-1,-1,-1
638,9,0.00,0.00,0.00,0.00,1.0,-1,-1,-1
638,10,815.00,324.00,68.00,174.00,1.0,-1,-1,-1
638,11,0.00,0.00,0.00,0.00,1.0,-1,-1,-1
638,12,0.00,0.00,0.00,0.00,1.0,-1,-1,-1
638,13,0.00,0.00,0.00,0.00,1.0,-1,-1,-1
638,14,0.00,0.00,0.00,0.00,1.0,-1,-1,-1
638,15,0.00,0.00,0.00,0.00,1.0,-1,-1,-1
638,16,0.00,0.00,0.00,0.00,1.0,-1,-1,-1
638,17,893.00,341.00,52.00,157.00,1.0,-1,-1,-1
638,18,0.00,0.00,0.00,0.00,1.0,-1,-1,-1
638,19,1460.00,313.00,90.00,202.00,1.0,-1,-1,-1
638,20,0.00,342.00,56.00,129.00,1.0,-1,-1,-1
639,0,1196.00,333.00,52.00,131.00,1.0,-1,-1,-1
639,1,0.00,0.00,0.00,0.00,1.0,-1,-1,-1
639,2,0.00,0.00,0.00,0.00,1.0,-1,-1,-1
639,3,987.00,359.00,66.00,123.00,1.0,-1,-1,-1
639,4,854.00,332.00,29.00,72.00,1.0,-1,-1,-1
639,5,0.00,0.00,0.00,0.00,1.0,-1,-1,-1
639,6,0.00,0.00,0.00,0.00,1.0,-1,-1,-1
639,7,0.00,0.00,0.00,0.00,1.0,-1,-1,-1
639,8,0.00,0.00,0.00,0.00,1.0,-1,-1,-1
639,9,0.00,0.00,0.00,0.00,1.0,-1,-1,-1
639,10,811.00,321.00,67.00,173.00,1.0,-1,-1,-1
639,11,0.00,0.00,0.00,0.00,1.0,-1,-1,-1
639,12,0.00,0.00,0.00,0.00,1.0,-1,-1,-1
639,13,0.00,0.00,0.00,0.00,1.0,-1,-1,-1
639,14,0.00,0.00,0.00,0.00,1.0,-1,-1,-1
639,15,0.00,0.00,0.00,0.00,1.0,-1,-1,-1
639,16,0.00,0.00,0.00,0.00,1.0,-1,-1,-1
639,17,891.00,338.00,51.00,156.00,1.0,-1,-1,-1
639,18,0.00,0.00,0.00,0.00,1.0,-1,-1,-1
639,19,1457.00,311.00,100.00,207.00,1.0,-1,-1,-1
639,20,0.00,337.00,42.00,130.00,1.0,-1,-1,-1
640,0,1196.00,331.00,55.00,132.00,1.0,-1,-1,-1
640,1,0.00,0.00,0.00,0.00,1.0,-1,-1,-1
640,2,0.00,0.00,0.00,0.00,1.0,-1,-1,-1
640,3,988.00,357.00,65.00,124.00,1.0,-1,-1,-1
640,4,850.00,330.00,32.00,78.00,1.0,-1,-1,-1
640,5,0.00,0.00,0.00,0.00,1.0,-1,-1,-1
640,6,0.00,0.00,0.00,0.00,1.0,-1,-1,-1
640,7,0.00,0.00,0.00,0.00,1.0,-1,-1,-1
640,8,0.00,0.00,0.00,0.00,1.0,-1,-1,-1
640,9,0.00,0.00,0.00,0.00,1.0,-1,-1,-1
640,10,810.00,321.00,60.00,172.00,1.0,-1,-1,-1
640,11,0.00,0.00,0.00,0.00,1.0,-1,-1,-1
640,12,0.00,0.00,0.00,0.00,1.0,-1,-1,-1
640,13,0.00,0.00,0.00,0.00,1.0,-1,-1,-1
640,14,0.00,0.00,0.00,0.00,1.0,-1,-1,-1
640,15,0.00,0.00,0.00,0.00,1.0,-1,-1,-1
640,16,0.00,0.00,0.00,0.00,1.0,-1,-1,-1
640,17,892.00,336.00,51.00,154.00,1.0,-1,-1,-1
640,18,0.00,0.00,0.00,0.00,1.0,-1,-1,-1
640,19,1459.00,309.00,103.00,209.00,1.0,-1,-1,-1
640,20,0.00,335.00,41.00,128.00,1.0,-1,-1,-1
641,0,1194.00,329.00,57.00,135.00,1.0,-1,-1,-1
641,1,0.00,0.00,0.00,0.00,1.0,-1,-1,-1
641,2,0.00,0.00,0.00,0.00,1.0,-1,-1,-1
641,3,989.00,357.00,66.00,125.00,1.0,-1,-1,-1
641,4,849.00,330.00,33.00,87.00,1.0,-1,-1,-1
641,5,0.00,0.00,0.00,0.00,1.0,-1,-1,-1
641,6,0.00,0.00,0.00,0.00,1.0,-1,-1,-1
641,7,0.00,0.00,0.00,0.00,1.0,-1,-1,-1
641,8,0.00,0.00,0.00,0.00,1.0,-1,-1,-1
641,9,0.00,0.00,0.00,0.00,1.0,-1,-1,-1
641,10,810.00,321.00,60.00,172.00,1.0,-1,-1,-1
641,11,0.00,0.00,0.00,0.00,1.0,-1,-1,-1
641,12,0.00,0.00,0.00,0.00,1.0,-1,-1,-1
641,13,0.00,0.00,0.00,0.00,1.0,-1,-1,-1
641,14,0.00,0.00,0.00,0.00,1.0,-1,-1,-1
641,15,0.00,0.00,0.00,0.00,1.0,-1,-1,-1
641,16,0.00,0.00,0.00,0.00,1.0,-1,-1,-1
641,17,892.00,334.00,52.00,157.00,1.0,-1,-1,-1
641,18,0.00,0.00,0.00,0.00,1.0,-1,-1,-1
641,19,1465.00,308.00,97.00,209.00,1.0,-1,-1,-1
641,20,0.00,335.00,35.00,127.00,1.0,-1,-1,-1
642,0,1193.00,329.00,58.00,135.00,1.0,-1,-1,-1
642,1,0.00,0.00,0.00,0.00,1.0,-1,-1,-1
642,2,0.00,0.00,0.00,0.00,1.0,-1,-1,-1
642,3,989.00,357.00,65.00,126.00,1.0,-1,-1,-1
642,4,849.00,330.00,32.00,92.00,1.0,-1,-1,-1
642,5,0.00,0.00,0.00,0.00,1.0,-1,-1,-1
642,6,0.00,0.00,0.00,0.00,1.0,-1,-1,-1
642,7,0.00,0.00,0.00,0.00,1.0,-1,-1,-1
642,8,0.00,0.00,0.00,0.00,1.0,-1,-1,-1
642,9,0.00,0.00,0.00,0.00,1.0,-1,-1,-1
642,10,809.00,321.00,65.00,172.00,1.0,-1,-1,-1
642,11,0.00,0.00,0.00,0.00,1.0,-1,-1,-1
642,12,0.00,0.00,0.00,0.00,1.0,-1,-1,-1
642,13,0.00,0.00,0.00,0.00,1.0,-1,-1,-1
642,14,0.00,0.00,0.00,0.00,1.0,-1,-1,-1
642,15,0.00,0.00,0.00,0.00,1.0,-1,-1,-1
642,16,0.00,0.00,0.00,0.00,1.0,-1,-1,-1
642,17,892.00,334.00,52.00,158.00,1.0,-1,-1,-1
642,18,0.00,0.00,0.00,0.00,1.0,-1,-1,-1
642,19,1464.00,307.00,101.00,213.00,1.0,-1,-1,-1
642,20,0.00,335.00,30.00,128.00,1.0,-1,-1,-1
643,0,1195.00,330.00,54.00,135.00,1.0,-1,-1,-1
643,1,0.00,0.00,0.00,0.00,1.0,-1,-1,-1
643,2,0.00,0.00,0.00,0.00,1.0,-1,-1,-1
643,3,989.00,360.00,66.00,125.00,1.0,-1,-1,-1
643,4,846.00,327.00,31.00,87.00,1.0,-1,-1,-1
643,5,0.00,0.00,0.00,0.00,1.0,-1,-1,-1
643,6,0.00,0.00,0.00,0.00,1.0,-1,-1,-1
643,7,0.00,0.00,0.00,0.00,1.0,-1,-1,-1
643,8,0.00,0.00,0.00,0.00,1.0,-1,-1,-1
643,9,0.00,0.00,0.00,0.00,1.0,-1,-1,-1
643,10,808.00,321.00,66.00,169.00,1.0,-1,-1,-1
643,11,0.00,0.00,0.00,0.00,1.0,-1,-1,-1
643,12,0.00,0.00,0.00,0.00,1.0,-1,-1,-1
643,13,0.00,0.00,0.00,0.00,1.0,-1,-1,-1
643,14,0.00,0.00,0.00,0.00,1.0,-1,-1,-1
643,15,0.00,0.00,0.00,0.00,1.0,-1,-1,-1
643,16,0.00,0.00,0.00,0.00,1.0,-1,-1,-1
643,17,894.00,335.00,50.00,158.00,1.0,-1,-1,-1
643,18,0.00,0.00,0.00,0.00,1.0,-1,-1,-1
643,19,1473.00,312.00,101.00,213.00,1.0,-1,-1,-1
643,20,0.00,336.00,26.00,126.00,1.0,-1,-1,-1
644,0,1200.00,335.00,49.00,133.00,1.0,-1,-1,-1
644,1,0.00,0.00,0.00,0.00,1.0,-1,-1,-1
644,2,0.00,0.00,0.00,0.00,1.0,-1,-1,-1
644,3,991.00,361.00,67.00,127.00,1.0,-1,-1,-1
644,4,847.00,331.00,30.00,123.00,1.0,-1,-1,-1
644,5,0.00,0.00,0.00,0.00,1.0,-1,-1,-1
644,6,0.00,0.00,0.00,0.00,1.0,-1,-1,-1
644,7,0.00,0.00,0.00,0.00,1.0,-1,-1,-1
644,8,0.00,0.00,0.00,0.00,1.0,-1,-1,-1
644,9,0.00,0.00,0.00,0.00,1.0,-1,-1,-1
644,10,808.00,321.00,68.00,173.00,1.0,-1,-1,-1
644,11,0.00,0.00,0.00,0.00,1.0,-1,-1,-1
644,12,0.00,0.00,0.00,0.00,1.0,-1,-1,-1
644,13,0.00,0.00,0.00,0.00,1.0,-1,-1,-1
644,14,0.00,0.00,0.00,0.00,1.0,-1,-1,-1
644,15,0.00,0.00,0.00,0.00,1.0,-1,-1,-1
644,16,0.00,0.00,0.00,0.00,1.0,-1,-1,-1
644,17,896.00,337.00,53.00,159.00,1.0,-1,-1,-1
644,18,0.00,0.00,0.00,0.00,1.0,-1,-1,-1
644,19,1478.00,310.00,107.00,220.00,1.0,-1,-1,-1
644,20,0.00,340.00,21.00,123.00,1.0,-1,-1,-1
645,0,1203.00,335.00,50.00,133.00,1.0,-1,-1,-1
645,1,0.00,0.00,0.00,0.00,1.0,-1,-1,-1
645,2,0.00,0.00,0.00,0.00,1.0,-1,-1,-1
645,3,997.00,364.00,66.00,125.00,1.0,-1,-1,-1
645,4,856.00,325.00,33.00,114.00,1.0,-1,-1,-1
645,5,0.00,0.00,0.00,0.00,1.0,-1,-1,-1
645,6,0.00,0.00,0.00,0.00,1.0,-1,-1,-1
645,7,0.00,0.00,0.00,0.00,1.0,-1,-1,-1
645,8,0.00,0.00,0.00,0.00,1.0,-1,-1,-1
645,9,0.00,0.00,0.00,0.00,1.0,-1,-1,-1
645,10,815.00,323.00,66.00,173.00,1.0,-1,-1,-1
645,11,0.00,0.00,0.00,0.00,1.0,-1,-1,-1
645,12,0.00,0.00,0.00,0.00,1.0,-1,-1,-1
645,13,0.00,0.00,0.00,0.00,1.0,-1,-1,-1
645,14,0.00,0.00,0.00,0.00,1.0,-1,-1,-1
645,15,0.00,0.00,0.00,0.00,1.0,-1,-1,-1
645,16,0.00,0.00,0.00,0.00,1.0,-1,-1,-1
645,17,898.00,337.00,55.00,161.00,1.0,-1,-1,-1
645,18,0.00,0.00,0.00,0.00,1.0,-1,-1,-1
645,19,1496.00,310.00,101.00,222.00,1.0,-1,-1,-1
645,20,0.00,341.00,26.00,131.00,1.0,-1,-1,-1
646,0,1208.00,336.00,47.00,134.00,1.0,-1,-1,-1
646,1,0.00,0.00,0.00,0.00,1.0,-1,-1,-1
646,2,0.00,0.00,0.00,0.00,1.0,-1,-1,-1
646,3,993.00,365.00,72.00,123.00,1.0,-1,-1,-1
646,4,862.00,337.00,32.00,107.00,1.0,-1,-1,-1
646,5,0.00,0.00,0.00,0.00,1.0,-1,-1,-1
646,6,0.00,0.00,0.00,0.00,1.0,-1,-1,-1
646,7,0.00,0.00,0.00,0.00,1.0,-1,-1,-1
646,8,0.00,0.00,0.00,0.00,1.0,-1,-1,-1
646,9,0.00,0.00,0.00,0.00,1.0,-1,-1,-1
646,10,817.00,323.00,71.00,170.00,1.0,-1,-1,-1
646,11,0.00,0.00,0.00,0.00,1.0,-1,-1,-1
646,12,0.00,0.00,0.00,0.00,1.0,-1,-1,-1
646,13,0.00,0.00,0.00,0.00,1.0,-1,-1,-1
646,14,0.00,0.00,0.00,0.00,1.0,-1,-1,-1
646,15,0.00,0.00,0.00,0.00,1.0,-1,-1,-1
646,16,0.00,0.00,0.00,0.00,1.0,-1,-1,-1
646,17,903.00,340.00,52.00,160.00,1.0,-1,-1,-1
646,18,0.00,0.00,0.00,0.00,1.0,-1,-1,-1
646,19,1504.00,311.00,99.00,220.00,1.0,-1,-1,-1
646,20,0.00,342.00,24.00,128.00,1.0,-1,-1,-1
647,0,1210.00,338.00,48.00,133.00,1.0,-1,-1,-1
647,1,0.00,0.00,0.00,0.00,1.0,-1,-1,-1
647,2,0.00,0.00,0.00,0.00,1.0,-1,-1,-1
647,3,999.00,365.00,68.00,127.00,1.0,-1,-1,-1
647,4,851.00,297.00,43.00,149.00,1.0,-1,-1,-1
647,5,0.00,0.00,0.00,0.00,1.0,-1,-1,-1
647,6,0.00,0.00,0.00,0.00,1.0,-1,-1,-1
647,7,0.00,0.00,0.00,0.00,1.0,-1,-1,-1
647,8,0.00,0.00,0.00,0.00,1.0,-1,-1,-1
647,9,0.00,0.00,0.00,0.00,1.0,-1,-1,-1
647,10,819.00,323.00,71.00,175.00,1.0,-1,-1,-1
647,11,0.00,0.00,0.00,0.00,1.0,-1,-1,-1
647,12,0.00,0.00,0.00,0.00,1.0,-1,-1,-1
647,13,0.00,0.00,0.00,0.00,1.0,-1,-1,-1
647,14,0.00,0.00,0.00,0.00,1.0,-1,-1,-1
647,15,0.00,0.00,0.00,0.00,1.0,-1,-1,-1
647,16,0.00,0.00,0.00,0.00,1.0,-1,-1,-1
647,17,904.00,338.00,55.00,162.00,1.0,-1,-1,-1
647,18,0.00,0.00,0.00,0.00,1.0,-1,-1,-1
647,19,1516.00,309.00,99.00,226.00,1.0,-1,-1,-1
647,20,0.00,341.00,23.00,131.00,1.0,-1,-1,-1
648,0,1214.00,338.00,50.00,131.00,1.0,-1,-1,-1
648,1,0.00,0.00,0.00,0.00,1.0,-1,-1,-1
648,2,0.00,0.00,0.00,0.00,1.0,-1,-1,-1
648,3,1006.00,363.00,65.00,129.00,1.0,-1,-1,-1
648,4,865.00,297.00,30.00,151.00,1.0,-1,-1,-1
648,5,0.00,0.00,0.00,0.00,1.0,-1,-1,-1
648,6,0.00,0.00,0.00,0.00,1.0,-1,-1,-1
648,7,0.00,0.00,0.00,0.00,1.0,-1,-1,-1
648,8,0.00,0.00,0.00,0.00,1.0,-1,-1,-1
648,9,0.00,0.00,0.00,0.00,1.0,-1,-1,-1
648,10,823.00,323.00,69.00,175.00,1.0,-1,-1,-1
648,11,0.00,0.00,0.00,0.00,1.0,-1,-1,-1
648,12,0.00,0.00,0.00,0.00,1.0,-1,-1,-1
648,13,0.00,0.00,0.00,0.00,1.0,-1,-1,-1
648,14,0.00,0.00,0.00,0.00,1.0,-1,-1,-1
648,15,0.00,0.00,0.00,0.00,1.0,-1,-1,-1
648,16,0.00,0.00,0.00,0.00,1.0,-1,-1,-1
648,17,910.00,339.00,54.00,160.00,1.0,-1,-1,-1
648,18,0.00,0.00,0.00,0.00,1.0,-1,-1,-1
648,19,1532.00,307.00,94.00,229.00,1.0,-1,-1,-1
648,20,0.00,339.00,26.00,134.00,1.0,-1,-1,-1
649,0,1219.00,336.00,49.00,131.00,1.0,-1,-1,-1
649,1,0.00,0.00,0.00,0.00,1.0,-1,-1,-1
649,2,0.00,0.00,0.00,0.00,1.0,-1,-1,-1
649,3,1010.00,362.00,66.00,130.00,1.0,-1,-1,-1
649,4,872.00,336.00,35.00,109.00,1.0,-1,-1,-1
649,5,0.00,0.00,0.00,0.00,1.0,-1,-1,-1
649,6,0.00,0.00,0.00,0.00,1.0,-1,-1,-1
649,7,0.00,0.00,0.00,0.00,1.0,-1,-1,-1
649,8,0.00,0.00,0.00,0.00,1.0,-1,-1,-1
649,9,0.00,0.00,0.00,0.00,1.0,-1,-1,-1
649,10,828.00,324.00,70.00,172.00,1.0,-1,-1,-1
649,11,0.00,0.00,0.00,0.00,1.0,-1,-1,-1
649,12,0.00,0.00,0.00,0.00,1.0,-1,-1,-1
649,13,0.00,0.00,0.00,0.00,1.0,-1,-1,-1
649,14,0.00,0.00,0.00,0.00,1.0,-1,-1,-1
649,15,0.00,0.00,0.00,0.00,1.0,-1,-1,-1
649,16,0.00,0.00,0.00,0.00,1.0,-1,-1,-1
649,17,915.00,339.00,52.00,159.00,1.0,-1,-1,-1
649,18,0.00,0.00,0.00,0.00,1.0,-1,-1,-1
649,19,1556.00,308.00,85.00,228.00,1.0,-1,-1,-1
649,20,0.00,335.00,26.00,136.00,1.0,-1,-1,-1
650,0,1221.00,335.00,49.00,131.00,1.0,-1,-1,-1
650,1,0.00,0.00,0.00,0.00,1.0,-1,-1,-1
650,2,0.00,0.00,0.00,0.00,1.0,-1,-1,-1
650,3,1013.00,360.00,68.00,129.00,1.0,-1,-1,-1
650,4,876.00,331.00,36.00,114.00,1.0,-1,-1,-1
650,5,0.00,0.00,0.00,0.00,1.0,-1,-1,-1
650,6,0.00,0.00,0.00,0.00,1.0,-1,-1,-1
650,7,0.00,0.00,0.00,0.00,1.0,-1,-1,-1
650,8,0.00,0.00,0.00,0.00,1.0,-1,-1,-1
650,9,0.00,0.00,0.00,0.00,1.0,-1,-1,-1
650,10,834.00,322.00,69.00,174.00,1.0,-1,-1,-1
650,11,0.00,0.00,0.00,0.00,1.0,-1,-1,-1
650,12,0.00,0.00,0.00,0.00,1.0,-1,-1,-1
650,13,0.00,0.00,0.00,0.00,1.0,-1,-1,-1
650,14,0.00,0.00,0.00,0.00,1.0,-1,-1,-1
650,15,0.00,0.00,0.00,0.00,1.0,-1,-1,-1
650,16,0.00,0.00,0.00,0.00,1.0,-1,-1,-1
650,17,916.00,339.00,54.00,158.00,1.0,-1,-1,-1
650,18,0.00,0.00,0.00,0.00,1.0,-1,-1,-1
650,19,1569.00,306.00,85.00,233.00,1.0,-1,-1,-1
650,20,0.00,333.00,27.00,136.00,1.0,-1,-1,-1
651,0,1226.00,330.00,48.00,135.00,1.0,-1,-1,-1
651,1,0.00,0.00,0.00,0.00,1.0,-1,-1,-1
651,2,0.00,0.00,0.00,0.00,1.0,-1,-1,-1
651,3,1020.00,360.00,67.00,129.00,1.0,-1,-1,-1
651,4,880.00,330.00,30.00,111.00,1.0,-1,-1,-1
651,5,0.00,0.00,0.00,0.00,1.0,-1,-1,-1
651,6,0.00,0.00,0.00,0.00,1.0,-1,-1,-1
651,7,0.00,0.00,0.00,0.00,1.0,-1,-1,-1
651,8,0.00,0.00,0.00,0.00,1.0,-1,-1,-1
651,9,0.00,0.00,0.00,0.00,1.0,-1,-1,-1
651,10,838.00,320.00,68.00,175.00,1.0,-1,-1,-1
651,11,0.00,0.00,0.00,0.00,1.0,-1,-1,-1
651,12,0.00,0.00,0.00,0.00,1.0,-1,-1,-1
651,13,0.00,0.00,0.00,0.00,1.0,-1,-1,-1
651,14,0.00,0.00,0.00,0.00,1.0,-1,-1,-1
651,15,0.00,0.00,0.00,0.00,1.0,-1,-1,-1
651,16,0.00,0.00,0.00,0.00,1.0,-1,-1,-1
651,17,921.00,338.00,53.00,157.00,1.0,-1,-1,-1
651,18,0.00,0.00,0.00,0.00,1.0,-1,-1,-1
651,19,1581.00,305.00,84.00,238.00,1.0,-1,-1,-1
651,20,0.00,331.00,29.00,136.00,1.0,-1,-1,-1
652,0,1229.00,328.00,49.00,136.00,1.0,-1,-1,-1
652,1,0.00,0.00,0.00,0.00,1.0,-1,-1,-1
652,2,0.00,0.00,0.00,0.00,1.0,-1,-1,-1
652,3,1024.00,358.00,68.00,131.00,1.0,-1,-1,-1
652,4,881.00,326.00,29.00,115.00,1.0,-1,-1,-1
652,5,0.00,0.00,0.00,0.00,1.0,-1,-1,-1
652,6,0.00,0.00,0.00,0.00,1.0,-1,-1,-1
652,7,0.00,0.00,0.00,0.00,1.0,-1,-1,-1
652,8,0.00,0.00,0.00,0.00,1.0,-1,-1,-1
652,9,0.00,0.00,0.00,0.00,1.0,-1,-1,-1
652,10,842.00,320.00,68.00,174.00,1.0,-1,-1,-1
652,11,0.00,0.00,0.00,0.00,1.0,-1,-1,-1
652,12,0.00,0.00,0.00,0.00,1.0,-1,-1,-1
652,13,0.00,0.00,0.00,0.00,1.0,-1,-1,-1
652,14,0.00,0.00,0.00,0.00,1.0,-1,-1,-1
652,15,0.00,0.00,0.00,0.00,1.0,-1,-1,-1
652,16,0.00,0.00,0.00,0.00,1.0,-1,-1,-1
652,17,922.00,337.00,55.00,158.00,1.0,-1,-1,-1
652,18,0.00,0.00,0.00,0.00,1.0,-1,-1,-1
652,19,1587.00,307.00,88.00,237.00,1.0,-1,-1,-1
652,20,0.00,329.00,30.00,139.00,1.0,-1,-1,-1
653,0,1231.00,326.00,51.00,138.00,1.0,-1,-1,-1
653,1,0.00,0.00,0.00,0.00,1.0,-1,-1,-1
653,2,0.00,0.00,0.00,0.00,1.0,-1,-1,-1
653,3,1024.00,361.00,68.00,124.00,1.0,-1,-1,-1
653,4,885.00,323.00,29.00,110.00,1.0,-1,-1,-1
653,5,0.00,0.00,0.00,0.00,1.0,-1,-1,-1
653,6,0.00,0.00,0.00,0.00,1.0,-1,-1,-1
653,7,0.00,0.00,0.00,0.00,1.0,-1,-1,-1
653,8,0.00,0.00,0.00,0.00,1.0,-1,-1,-1
653,9,0.00,0.00,0.00,0.00,1.0,-1,-1,-1
653,10,846.00,319.00,67.00,175.00,1.0,-1,-1,-1
653,11,0.00,0.00,0.00,0.00,1.0,-1,-1,-1
653,12,0.00,0.00,0.00,0.00,1.0,-1,-1,-1
653,13,0.00,0.00,0.00,0.00,1.0,-1,-1,-1
653,14,0.00,0.00,0.00,0.00,1.0,-1,-1,-1
653,15,0.00,0.00,0.00,0.00,1.0,-1,-1,-1
653,16,0.00,0.00,0.00,0.00,1.0,-1,-1,-1
653,17,924.00,336.00,56.00,159.00,1.0,-1,-1,-1
653,18,0.00,0.00,0.00,0.00,1.0,-1,-1,-1
653,19,1595.00,307.00,91.00,241.00,1.0,-1,-1,-1
653,20,0.00,329.00,30.00,136.00,1.0,-1,-1,-1
