1,0,1632.00,679.00,128.00,291.00,1.0,-1,-1,-1
1,1,722.00,540.00,119.00,231.00,1.0,-1,-1,-1
1,2,823.00,514.00,91.00,261.00,1.0,-1,-1,-1
1,3,1143.00,593.00,117.00,366.00,1.0,-1,-1,-1
1,4,954.00,713.00,116.00,252.00,1.0,-1,-1,-1
1,5,1594.00,503.00,73.00,240.00,1.0,-1,-1,-1
1,6,1799.00,483.00,121.00,246.00,1.0,-1,-1,-1
2,0,1633.00,679.00,127.00,292.00,1.0,-1,-1,-1
2,1,722.00,542.00,119.00,236.00,1.0,-1,-1,-1
2,2,823.00,517.00,92.00,257.00,1.0,-1,-1,-1
2,3,1145.00,596.00,115.00,371.00,1.0,-1,-1,-1
2,4,950.00,713.00,120.00,252.00,1.0,-1,-1,-1
2,5,1599.00,504.00,72.00,236.00,1.0,-1,-1,-1
2,6,1801.00,486.00,119.00,246.00,1.0,-1,-1,-1
2,7,463.00,678.00,147.00,296.00,1.0,-1,-1,-1
3,0,1633.00,679.00,126.00,293.00,1.0,-1,-1,-1
3,1,722.00,545.00,121.00,234.00,1.0,-1,-1,-1
3,2,822.00,520.00,95.00,255.00,1.0,-1,-1,-1
3,3,1149.00,600.00,112.00,369.00,1.0,-1,-1,-1
3,4,948.00,714.00,122.00,251.00,1.0,-1,-1,-1
3,5,1602.00,506.00,73.00,233.00,1.0,-1,-1,-1
3,6,1803.00,486.00,117.00,248.00,1.0,-1,-1,-1
3,7,463.00,680.00,144.00,299.00,1.0,-1,-1,-1
4,0,1633.00,680.00,126.00,291.00,1.0,-1,-1,-1
4,1,721.00,546.00,122.00,237.00,1.0,-1,-1,-1
4,2,820.00,522.00,96.00,255.00,1.0,-1,-1,-1
4,3,1152.00,601.00,108.00,370.00,1.0,-1,-1,-1
4,4,943.00,713.00,125.00,252.00,1.0,-1,-1,-1
4,5,1606.00,506.00,73.00,231.00,1.0,-1,-1,-1
4,6,1809.00,488.00,111.00,249.00,1.0,-1,-1,-1
4,7,460.00,680.00,142.00,303.00,1.0,-1,-1,-1
4,8,1713.00,524.00,103.00,254.00,1.0,-1,-1,-1
5,0,1631.00,683.00,126.00,290.00,1.0,-1,-1,-1
5,1,719.00,549.00,122.00,236.00,1.0,-1,-1,-1
5,2,816.00,526.00,99.00,255.00,1.0,-1,-1,-1
5,3,1152.00,604.00,106.00,370.00,1.0,-1,-1,-1
5,4,939.00,714.00,129.00,252.00,1.0,-1,-1,-1
5,5,1611.00,507.00,73.00,228.00,1.0,-1,-1,-1
5,6,1843.00,490.00,77.00,247.00,1.0,-1,-1,-1
5,7,457.00,679.00,139.00,308.00,1.0,-1,-1,-1
5,8,1723.00,526.00,93.00,250.00,1.0,-1,-1,-1
6,0,1629.00,681.00,127.00,294.00,1.0,-1,-1,-1
6,1,717.00,554.00,120.00,225.00,1.0,-1,-1,-1
6,2,813.00,528.00,98.00,253.00,1.0,-1,-1,-1
6,3,1151.00,605.00,107.00,378.00,1.0,-1,-1,-1
6,4,934.00,717.00,139.00,251.00,1.0,-1,-1,-1
6,5,1616.00,508.00,70.00,226.00,1.0,-1,-1,-1
6,6,1846.00,491.00,74.00,247.00,1.0,-1,-1,-1
6,7,450.00,679.00,139.00,310.00,1.0,-1,-1,-1
6,8,1725.00,527.00,92.00,250.00,1.0,-1,-1,-1
7,0,1631.00,685.00,126.00,292.00,1.0,-1,-1,-1
7,1,717.00,557.00,121.00,219.00,1.0,-1,-1,-1
7,2,811.00,530.00,100.00,256.00,1.0,-1,-1,-1
7,3,1142.00,606.00,117.00,381.00,1.0,-1,-1,-1
7,4,934.00,723.00,137.00,248.00,1.0,-1,-1,-1
7,5,1623.00,509.00,66.00,226.00,1.0,-1,-1,-1
7,6,1848.00,491.00,72.00,250.00,1.0,-1,-1,-1
7,7,447.00,680.00,138.00,310.00,1.0,-1,-1,-1
7,8,1728.00,528.00,89.00,251.00,1.0,-1,-1,-1
7,9,762.00,727.00,121.00,326.00,1.0,-1,-1,-1
8,0,1631.00,685.00,127.00,292.00,1.0,-1,-1,-1
8,1,717.00,559.00,120.00,214.00,1.0,-1,-1,-1
8,2,810.00,529.00,99.00,260.00,1.0,-1,-1,-1
8,3,1133.00,606.00,127.00,382.00,1.0,-1,-1,-1
8,4,934.00,724.00,134.00,257.00,1.0,-1,-1,-1
8,5,1626.00,507.00,68.00,230.00,1.0,-1,-1,-1
8,6,1856.00,490.00,64.00,251.00,1.0,-1,-1,-1
8,7,444.00,679.00,138.00,311.00,1.0,-1,-1,-1
8,8,1737.00,529.00,82.00,251.00,1.0,-1,-1,-1
8,9,764.00,728.00,118.00,278.00,1.0,-1,-1,-1
9,0,1629.00,685.00,127.00,291.00,1.0,-1,-1,-1
9,1,713.00,561.00,120.00,214.00,1.0,-1,-1,-1
9,2,810.00,529.00,97.00,261.00,1.0,-1,-1,-1
9,3,1135.00,607.00,124.00,382.00,1.0,-1,-1,-1
9,4,933.00,722.00,135.00,264.00,1.0,-1,-1,-1
9,5,1623.00,509.00,77.00,229.00,1.0,-1,-1,-1
9,6,1859.00,491.00,61.00,250.00,1.0,-1,-1,-1
9,7,440.00,683.00,138.00,309.00,1.0,-1,-1,-1
9,8,1739.00,531.00,81.00,266.00,1.0,-1,-1,-1
9,9,758.00,727.00,118.00,329.00,1.0,-1,-1,-1
10,0,1629.00,685.00,126.00,294.00,1.0,-1,-1,-1
10,1,714.00,561.00,115.00,212.00,1.0,-1,-1,-1
10,2,810.00,531.00,97.00,263.00,1.0,-1,-1,-1
10,3,1140.00,607.00,120.00,383.00,1.0,-1,-1,-1
10,4,933.00,727.00,129.00,262.00,1.0,-1,-1,-1
10,5,1623.00,512.00,82.00,228.00,1.0,-1,-1,-1
10,6,1860.00,493.00,60.00,251.00,1.0,-1,-1,-1
10,7,430.00,686.00,144.00,317.00,1.0,-1,-1,-1
10,8,1741.00,533.00,84.00,273.00,1.0,-1,-1,-1
10,9,755.00,731.00,119.00,329.00,1.0,-1,-1,-1
11,0,1629.00,687.00,126.00,292.00,1.0,-1,-1,-1
11,1,713.00,562.00,115.00,206.00,1.0,-1,-1,-1
11,2,811.00,531.00,97.00,265.00,1.0,-1,-1,-1
11,3,1142.00,608.00,117.00,383.00,1.0,-1,-1,-1
11,4,932.00,729.00,121.00,265.00,1.0,-1,-1,-1
11,5,1628.00,512.00,79.00,228.00,1.0,-1,-1,-1
11,6,1848.00,495.00,72.00,262.00,1.0,-1,-1,-1
11,7,438.00,691.00,134.00,305.00,1.0,-1,-1,-1
11,8,1742.00,535.00,86.00,272.00,1.0,-1,-1,-1
11,9,752.00,735.00,116.00,327.00,1.0,-1,-1,-1
12,0,1626.00,686.00,127.00,295.00,1.0,-1,-1,-1
12,1,710.00,562.00,113.00,209.00,1.0,-1,-1,-1
12,2,812.00,535.00,95.00,261.00,1.0,-1,-1,-1
12,3,1139.00,608.00,120.00,384.00,1.0,-1,-1,-1
12,4,927.00,732.00,125.00,266.00,1.0,-1,-1,-1
12,5,1634.00,516.00,75.00,226.00,1.0,-1,-1,-1
12,6,1869.00,497.00,51.00,247.00,1.0,-1,-1,-1
12,7,431.00,695.00,138.00,326.00,1.0,-1,-1,-1
12,8,1740.00,537.00,90.00,276.00,1.0,-1,-1,-1
12,9,748.00,742.00,115.00,326.00,1.0,-1,-1,-1
13,0,1629.00,690.00,125.00,292.00,1.0,-1,-1,-1
13,1,712.00,565.00,111.00,212.00,1.0,-1,-1,-1
13,2,812.00,537.00,94.00,262.00,1.0,-1,-1,-1
13,3,1141.00,611.00,118.00,383.00,1.0,-1,-1,-1
13,4,924.00,732.00,128.00,266.00,1.0,-1,-1,-1
13,5,1639.00,519.00,73.00,225.00,1.0,-1,-1,-1
13,6,1874.00,500.00,46.00,246.00,1.0,-1,-1,-1
13,7,436.00,699.00,134.00,325.00,1.0,-1,-1,-1
13,8,1742.00,542.00,100.00,273.00,1.0,-1,-1,-1
13,9,746.00,746.00,114.00,328.00,1.0,-1,-1,-1
13,10,1144.00,494.00,62.00,175.00,1.0,-1,-1,-1
14,0,1627.00,689.00,125.00,295.00,1.0,-1,-1,-1
14,1,709.00,566.00,113.00,209.00,1.0,-1,-1,-1
14,2,813.00,542.00,96.00,266.00,1.0,-1,-1,-1
14,3,1142.00,616.00,117.00,387.00,1.0,-1,-1,-1
14,4,917.00,738.00,136.00,264.00,1.0,-1,-1,-1
14,5,1641.00,521.00,75.00,224.00,1.0,-1,-1,-1
14,6,1868.00,504.00,52.00,246.00,1.0,-1,-1,-1
14,7,434.00,708.00,135.00,323.00,1.0,-1,-1,-1
14,8,1743.00,545.00,107.00,276.00,1.0,-1,-1,-1
14,9,738.00,749.00,115.00,331.00,1.0,-1,-1,-1
14,10,1144.00,495.00,61.00,178.00,1.0,-1,-1,-1
15,0,1627.00,692.00,124.00,292.00,1.0,-1,-1,-1
15,1,709.00,568.00,113.00,209.00,1.0,-1,-1,-1
15,2,812.00,544.00,96.00,271.00,1.0,-1,-1,-1
15,3,1137.00,620.00,122.00,389.00,1.0,-1,-1,-1
15,4,914.00,741.00,138.00,262.00,1.0,-1,-1,-1
15,5,1641.00,524.00,81.00,221.00,1.0,-1,-1,-1
15,6,1879.00,514.00,41.00,236.00,1.0,-1,-1,-1
15,7,436.00,711.00,135.00,327.00,1.0,-1,-1,-1
15,8,1744.00,547.00,114.00,278.00,1.0,-1,-1,-1
15,9,737.00,751.00,109.00,329.00,1.0,-1,-1,-1
15,10,1144.00,495.00,62.00,183.00,1.0,-1,-1,-1
15,11,1222.00,477.00,77.00,248.00,1.0,-1,-1,-1
16,0,1626.00,691.00,125.00,295.00,1.0,-1,-1,-1
16,1,709.00,570.00,113.00,214.00,1.0,-1,-1,-1
16,2,813.00,549.00,97.00,266.00,1.0,-1,-1,-1
16,3,1142.00,624.00,118.00,388.00,1.0,-1,-1,-1
16,4,910.00,742.00,145.00,261.00,1.0,-1,-1,-1
16,5,1642.00,527.00,83.00,220.00,1.0,-1,-1,-1
16,6,1880.00,541.00,40.00,211.00,1.0,-1,-1,-1
16,7,438.00,716.00,135.00,324.00,1.0,-1,-1,-1
16,8,1745.00,550.00,115.00,279.00,1.0,-1,-1,-1
16,9,742.00,753.00,99.00,314.00,1.0,-1,-1,-1
16,10,1144.00,496.00,62.00,186.00,1.0,-1,-1,-1
16,11,1217.00,480.00,78.00,246.00,1.0,-1,-1,-1
17,0,1626.00,692.00,125.00,294.00,1.0,-1,-1,-1
17,1,709.00,573.00,111.00,220.00,1.0,-1,-1,-1
17,2,813.00,553.00,97.00,263.00,1.0,-1,-1,-1
17,3,1141.00,627.00,118.00,388.00,1.0,-1,-1,-1
17,4,909.00,742.00,141.00,262.00,1.0,-1,-1,-1
17,5,1643.00,527.00,86.00,219.00,1.0,-1,-1,-1
17,6,1881.00,547.00,39.00,229.00,1.0,-1,-1,-1
17,7,438.00,717.00,135.00,324.00,1.0,-1,-1,-1
17,8,1743.00,551.00,122.00,279.00,1.0,-1,-1,-1
17,9,737.00,754.00,100.00,312.00,1.0,-1,-1,-1
17,10,1144.00,496.00,62.00,185.00,1.0,-1,-1,-1
17,11,1213.00,479.00,81.00,246.00,1.0,-1,-1,-1
18,0,1626.00,692.00,124.00,294.00,1.0,-1,-1,-1
18,1,710.00,575.00,112.00,220.00,1.0,-1,-1,-1
18,2,814.00,556.00,97.00,263.00,1.0,-1,-1,-1
18,3,1140.00,629.00,120.00,394.00,1.0,-1,-1,-1
18,4,909.00,743.00,141.00,262.00,1.0,-1,-1,-1
18,5,1646.00,528.00,86.00,217.00,1.0,-1,-1,-1
18,6,1889.00,552.00,31.00,230.00,1.0,-1,-1,-1
18,7,437.00,718.00,136.00,325.00,1.0,-1,-1,-1
18,8,1745.00,550.00,129.00,281.00,1.0,-1,-1,-1
18,9,737.00,755.00,97.00,315.00,1.0,-1,-1,-1
18,10,1145.00,499.00,61.00,182.00,1.0,-1,-1,-1
18,11,1211.00,480.00,83.00,244.00,1.0,-1,-1,-1
19,0,1626.00,693.00,124.00,295.00,1.0,-1,-1,-1
19,1,710.00,580.00,112.00,218.00,1.0,-1,-1,-1
19,2,812.00,558.00,97.00,264.00,1.0,-1,-1,-1
19,3,1144.00,632.00,118.00,400.00,1.0,-1,-1,-1
19,4,912.00,744.00,138.00,268.00,1.0,-1,-1,-1
19,5,1654.00,529.00,84.00,210.00,1.0,-1,-1,-1
19,6,1895.00,560.00,25.00,227.00,1.0,-1,-1,-1
19,7,436.00,722.00,138.00,323.00,1.0,-1,-1,-1
19,8,1748.00,550.00,129.00,281.00,1.0,-1,-1,-1
19,9,730.00,758.00,100.00,322.00,1.0,-1,-1,-1
19,10,1143.00,500.00,63.00,181.00,1.0,-1,-1,-1
19,11,1207.00,478.00,76.00,248.00,1.0,-1,-1,-1
20,0,1626.00,694.00,124.00,295.00,1.0,-1,-1,-1
20,1,710.00,583.00,112.00,217.00,1.0,-1,-1,-1
20,2,810.00,559.00,98.00,265.00,1.0,-1,-1,-1
20,3,1147.00,635.00,116.00,399.00,1.0,-1,-1,-1
20,4,916.00,749.00,134.00,270.00,1.0,-1,-1,-1
20,5,1674.00,530.00,70.00,219.00,1.0,-1,-1,-1
20,6,1900.00,656.00,20.00,133.00,1.0,-1,-1,-1
20,7,431.00,723.00,144.00,324.00,1.0,-1,-1,-1
20,8,1757.00,550.00,122.00,283.00,1.0,-1,-1,-1
20,9,733.00,760.00,94.00,312.00,1.0,-1,-1,-1
20,10,1143.00,501.00,62.00,180.00,1.0,-1,-1,-1
20,11,1205.00,477.00,74.00,248.00,1.0,-1,-1,-1
21,0,1625.00,696.00,123.00,295.00,1.0,-1,-1,-1
21,1,709.00,586.00,112.00,217.00,1.0,-1,-1,-1
21,2,807.00,561.00,102.00,263.00,1.0,-1,-1,-1
21,3,1142.00,638.00,122.00,397.00,1.0,-1,-1,-1
21,4,918.00,759.00,133.00,265.00,1.0,-1,-1,-1
21,5,1676.00,531.00,72.00,220.00,1.0,-1,-1,-1
21,6,1910.00,712.00,10.00,78.00,1.0,-1,-1,-1
21,7,425.00,728.00,151.00,319.00,1.0,-1,-1,-1
21,8,1761.00,551.00,128.00,284.00,1.0,-1,-1,-1
21,9,718.00,758.00,102.00,303.00,1.0,-1,-1,-1
21,10,1142.00,501.00,63.00,181.00,1.0,-1,-1,-1
21,11,1200.00,479.00,62.00,233.00,1.0,-1,-1,-1
21,12,905.00,548.00,78.00,252.00,1.0,-1,-1,-1
22,0,1624.00,697.00,124.00,294.00,1.0,-1,-1,-1
22,1,709.00,588.00,112.00,220.00,1.0,-1,-1,-1
22,2,807.00,560.00,99.00,265.00,1.0,-1,-1,-1
22,3,1135.00,637.00,130.00,400.00,1.0,-1,-1,-1
22,4,921.00,761.00,128.00,268.00,1.0,-1,-1,-1
22,5,1679.00,530.00,74.00,221.00,1.0,-1,-1,-1
22,6,0.00,0.00,0.00,0.00,1.0,-1,-1,-1
22,7,417.00,729.00,160.00,320.00,1.0,-1,-1,-1
22,8,1772.00,552.00,116.00,284.00,1.0,-1,-1,-1
22,9,715.00,761.00,101.00,312.00,1.0,-1,-1,-1
22,10,1141.00,502.00,63.00,181.00,1.0,-1,-1,-1
22,11,1197.00,478.00,57.00,235.00,1.0,-1,-1,-1
22,12,902.00,549.00,81.00,251.00,1.0,-1,-1,-1
23,0,1624.00,695.00,124.00,296.00,1.0,-1,-1,-1
23,1,709.00,589.00,115.00,233.00,1.0,-1,-1,-1
23,2,807.00,559.00,97.00,267.00,1.0,-1,-1,-1
23,3,1133.00,638.00,134.00,398.00,1.0,-1,-1,-1
23,4,924.00,763.00,127.00,271.00,1.0,-1,-1,-1
23,5,1684.00,529.00,74.00,224.00,1.0,-1,-1,-1
23,6,0.00,0.00,0.00,0.00,1.0,-1,-1,-1
23,7,413.00,733.00,168.00,316.00,1.0,-1,-1,-1
23,8,1787.00,552.00,92.00,286.00,1.0,-1,-1,-1
23,9,714.00,765.00,96.00,310.00,1.0,-1,-1,-1
23,10,1140.00,505.00,64.00,176.00,1.0,-1,-1,-1
23,11,1193.00,475.00,59.00,241.00,1.0,-1,-1,-1
23,12,905.00,554.00,79.00,253.00,1.0,-1,-1,-1
24,0,1624.00,696.00,124.00,297.00,1.0,-1,-1,-1
24,1,709.00,590.00,116.00,248.00,1.0,-1,-1,-1
24,2,806.00,560.00,97.00,269.00,1.0,-1,-1,-1
24,3,1131.00,638.00,139.00,399.00,1.0,-1,-1,-1
24,4,924.00,770.00,126.00,270.00,1.0,-1,-1,-1
24,5,1687.00,531.00,74.00,223.00,1.0,-1,-1,-1
24,6,0.00,0.00,0.00,0.00,1.0,-1,-1,-1
24,7,409.00,735.00,174.00,322.00,1.0,-1,-1,-1
24,8,1802.00,554.00,89.00,284.00,1.0,-1,-1,-1
24,9,714.00,770.00,93.00,282.00,1.0,-1,-1,-1
24,10,1140.00,507.00,68.00,173.00,1.0,-1,-1,-1
24,11,1190.00,477.00,61.00,241.00,1.0,-1,-1,-1
24,12,905.00,559.00,81.00,262.00,1.0,-1,-1,-1
25,0,1624.00,698.00,123.00,295.00,1.0,-1,-1,-1
25,1,710.00,590.00,115.00,254.00,1.0,-1,-1,-1
25,2,806.00,559.00,97.00,270.00,1.0,-1,-1,-1
25,3,1118.00,639.00,154.00,399.00,1.0,-1,-1,-1
25,4,920.00,770.00,126.00,270.00,1.0,-1,-1,-1
25,5,1688.00,533.00,76.00,222.00,1.0,-1,-1,-1
25,6,0.00,0.00,0.00,0.00,1.0,-1,-1,-1
25,7,407.00,740.00,179.00,324.00,1.0,-1,-1,-1
25,8,1802.00,556.00,105.00,287.00,1.0,-1,-1,-1
25,9,710.00,773.00,94.00,279.00,1.0,-1,-1,-1
25,10,1141.00,507.00,67.00,171.00,1.0,-1,-1,-1
25,11,1183.00,477.00,65.00,241.00,1.0,-1,-1,-1
25,12,905.00,562.00,84.00,259.00,1.0,-1,-1,-1
25,13,999.00,671.00,101.00,280.00,1.0,-1,-1,-1
26,0,1624.00,699.00,123.00,294.00,1.0,-1,-1,-1
26,1,710.00,591.00,116.00,259.00,1.0,-1,-1,-1
26,2,805.00,561.00,97.00,270.00,1.0,-1,-1,-1
26,3,1135.00,643.00,139.00,397.00,1.0,-1,-1,-1
26,4,916.00,769.00,130.00,272.00,1.0,-1,-1,-1
26,5,1690.00,534.00,82.00,224.00,1.0,-1,-1,-1
26,6,0.00,0.00,0.00,0.00,1.0,-1,-1,-1
26,7,407.00,744.00,180.00,320.00,1.0,-1,-1,-1
26,8,1803.00,558.00,109.00,280.00,1.0,-1,-1,-1
26,9,707.00,779.00,94.00,276.00,1.0,-1,-1,-1
26,10,1138.00,509.00,70.00,170.00,1.0,-1,-1,-1
26,11,1177.00,479.00,70.00,239.00,1.0,-1,-1,-1
26,12,904.00,565.00,84.00,258.00,1.0,-1,-1,-1
26,13,997.00,690.00,97.00,260.00,1.0,-1,-1,-1
27,0,1623.00,698.00,122.00,296.00,1.0,-1,-1,-1
27,1,707.00,592.00,120.00,279.00,1.0,-1,-1,-1
27,2,803.00,562.00,99.00,276.00,1.0,-1,-1,-1
27,3,1135.00,643.00,139.00,402.00,1.0,-1,-1,-1
27,4,910.00,769.00,137.00,273.00,1.0,-1,-1,-1
27,5,1693.00,535.00,81.00,229.00,1.0,-1,-1,-1
27,6,0.00,0.00,0.00,0.00,1.0,-1,-1,-1
27,7,406.00,750.00,179.00,316.00,1.0,-1,-1,-1
27,8,1801.00,559.00,119.00,281.00,1.0,-1,-1,-1
27,9,709.00,778.00,86.00,281.00,1.0,-1,-1,-1
27,10,1135.00,508.00,72.00,174.00,1.0,-1,-1,-1
27,11,1170.00,482.00,75.00,237.00,1.0,-1,-1,-1
27,12,902.00,566.00,86.00,252.00,1.0,-1,-1,-1
27,13,994.00,685.00,100.00,267.00,1.0,-1,-1,-1
28,0,1622.00,701.00,122.00,295.00,1.0,-1,-1,-1
28,1,704.00,594.00,123.00,282.00,1.0,-1,-1,-1
28,2,803.00,565.00,99.00,277.00,1.0,-1,-1,-1
28,3,1132.00,647.00,142.00,404.00,1.0,-1,-1,-1
28,4,904.00,771.00,141.00,273.00,1.0,-1,-1,-1
28,5,1695.00,538.00,80.00,267.00,1.0,-1,-1,-1
28,6,0.00,0.00,0.00,0.00,1.0,-1,-1,-1
28,7,404.00,754.00,179.00,318.00,1.0,-1,-1,-1
28,8,1799.00,562.00,121.00,280.00,1.0,-1,-1,-1
28,9,703.00,777.00,87.00,281.00,1.0,-1,-1,-1
28,10,1137.00,506.00,66.00,172.00,1.0,-1,-1,-1
28,11,1163.00,483.00,79.00,236.00,1.0,-1,-1,-1
28,12,899.00,567.00,86.00,252.00,1.0,-1,-1,-1
28,13,992.00,676.00,100.00,284.00,1.0,-1,-1,-1
29,0,1622.00,702.00,121.00,294.00,1.0,-1,-1,-1
29,1,704.00,595.00,124.00,280.00,1.0,-1,-1,-1
29,2,804.00,567.00,97.00,279.00,1.0,-1,-1,-1
29,3,1125.00,652.00,150.00,402.00,1.0,-1,-1,-1
29,4,902.00,773.00,146.00,271.00,1.0,-1,-1,-1
29,5,1697.00,540.00,87.00,273.00,1.0,-1,-1,-1
29,6,0.00,0.00,0.00,0.00,1.0,-1,-1,-1
29,7,404.00,758.00,175.00,322.00,1.0,-1,-1,-1
29,8,1799.00,565.00,121.00,285.00,1.0,-1,-1,-1
29,9,700.00,777.00,89.00,303.00,1.0,-1,-1,-1
29,10,1138.00,506.00,66.00,174.00,1.0,-1,-1,-1
29,11,1153.00,481.00,90.00,239.00,1.0,-1,-1,-1
29,12,899.00,569.00,86.00,250.00,1.0,-1,-1,-1
29,13,991.00,625.00,97.00,341.00,1.0,-1,-1,-1
29,14,1361.00,468.00,83.00,255.00,1.0,-1,-1,-1
29,15,1496.00,454.00,66.00,263.00,1.0,-1,-1,-1
30,0,1619.00,703.00,122.00,293.00,1.0,-1,-1,-1
30,1,701.00,598.00,126.00,287.00,1.0,-1,-1,-1
30,2,803.00,569.00,97.00,278.00,1.0,-1,-1,-1
30,3,1126.00,656.00,147.00,404.00,1.0,-1,-1,-1
30,4,898.00,775.00,151.00,270.00,1.0,-1,-1,-1
30,5,1699.00,541.00,81.00,275.00,1.0,-1,-1,-1
30,6,0.00,0.00,0.00,0.00,1.0,-1,-1,-1
30,7,401.00,760.00,171.00,320.00,1.0,-1,-1,-1
30,8,1799.00,566.00,121.00,286.00,1.0,-1,-1,-1
30,9,693.00,780.00,93.00,300.00,1.0,-1,-1,-1
30,10,1136.00,509.00,66.00,169.00,1.0,-1,-1,-1
30,11,1143.00,482.00,94.00,237.00,1.0,-1,-1,-1
30,12,895.00,568.00,87.00,255.00,1.0,-1,-1,-1
30,13,988.00,619.00,97.00,352.00,1.0,-1,-1,-1
30,14,1362.00,469.00,72.00,256.00,1.0,-1,-1,-1
30,15,1496.00,455.00,66.00,262.00,1.0,-1,-1,-1
31,0,1619.00,703.00,121.00,293.00,1.0,-1,-1,-1
31,1,701.00,599.00,127.00,303.00,1.0,-1,-1,-1
31,2,804.00,570.00,96.00,280.00,1.0,-1,-1,-1
31,3,1156.00,664.00,116.00,406.00,1.0,-1,-1,-1
31,4,899.00,775.00,150.00,270.00,1.0,-1,-1,-1
31,5,1702.00,543.00,83.00,278.00,1.0,-1,-1,-1
31,6,0.00,0.00,0.00,0.00,1.0,-1,-1,-1
31,7,400.00,760.00,167.00,320.00,1.0,-1,-1,-1
31,8,1802.00,568.00,118.00,287.00,1.0,-1,-1,-1
31,9,686.00,780.00,101.00,300.00,1.0,-1,-1,-1
31,10,1136.00,510.00,68.00,177.00,1.0,-1,-1,-1
31,11,1134.00,483.00,103.00,236.00,1.0,-1,-1,-1
31,12,895.00,567.00,86.00,257.00,1.0,-1,-1,-1
31,13,987.00,620.00,100.00,352.00,1.0,-1,-1,-1
31,14,1365.00,470.00,70.00,255.00,1.0,-1,-1,-1
31,15,1498.00,456.00,67.00,264.00,1.0,-1,-1,-1
31,16,1289.00,469.00,72.00,232.00,1.0,-1,-1,-1
32,0,1618.00,703.00,121.00,293.00,1.0,-1,-1,-1
32,1,700.00,600.00,129.00,303.00,1.0,-1,-1,-1
32,2,804.00,575.00,96.00,278.00,1.0,-1,-1,-1
32,3,1158.00,760.00,114.00,311.00,1.0,-1,-1,-1
32,4,901.00,779.00,146.00,278.00,1.0,-1,-1,-1
32,5,1706.00,544.00,85.00,278.00,1.0,-1,-1,-1
32,6,0.00,0.00,0.00,0.00,1.0,-1,-1,-1
32,7,398.00,760.00,162.00,320.00,1.0,-1,-1,-1
32,8,1805.00,567.00,115.00,288.00,1.0,-1,-1,-1
32,9,684.00,779.00,103.00,301.00,1.0,-1,-1,-1
32,10,1136.00,511.00,66.00,180.00,1.0,-1,-1,-1
32,11,1127.00,482.00,102.00,235.00,1.0,-1,-1,-1
32,12,895.00,566.00,84.00,257.00,1.0,-1,-1,-1
32,13,985.00,620.00,122.00,355.00,1.0,-1,-1,-1
32,14,1367.00,470.00,71.00,255.00,1.0,-1,-1,-1
32,15,1502.00,455.00,67.00,266.00,1.0,-1,-1,-1
32,16,1290.00,473.00,71.00,228.00,1.0,-1,-1,-1
33,0,1617.00,704.00,120.00,293.00,1.0,-1,-1,-1
33,1,700.00,605.00,128.00,308.00,1.0,-1,-1,-1
33,2,802.00,579.00,99.00,275.00,1.0,-1,-1,-1
33,3,1158.00,764.00,113.00,309.00,1.0,-1,-1,-1
33,4,903.00,787.00,143.00,278.00,1.0,-1,-1,-1
33,5,1709.00,545.00,84.00,279.00,1.0,-1,-1,-1
33,6,0.00,0.00,0.00,0.00,1.0,-1,-1,-1
33,7,392.00,762.00,160.00,318.00,1.0,-1,-1,-1
33,8,1815.00,567.00,105.00,289.00,1.0,-1,-1,-1
33,9,680.00,784.00,105.00,296.00,1.0,-1,-1,-1
33,10,1134.00,512.00,67.00,190.00,1.0,-1,-1,-1
33,11,1115.00,481.00,104.00,235.00,1.0,-1,-1,-1
33,12,893.00,567.00,84.00,257.00,1.0,-1,-1,-1
33,13,982.00,631.00,125.00,347.00,1.0,-1,-1,-1
33,14,1368.00,471.00,70.00,254.00,1.0,-1,-1,-1
33,15,1504.00,457.00,66.00,267.00,1.0,-1,-1,-1
33,16,1289.00,474.00,71.00,229.00,1.0,-1,-1,-1
34,0,1617.00,704.00,120.00,293.00,1.0,-1,-1,-1
34,1,703.00,608.00,125.00,304.00,1.0,-1,-1,-1
34,2,801.00,579.00,101.00,275.00,1.0,-1,-1,-1
34,3,1157.00,766.00,114.00,307.00,1.0,-1,-1,-1
34,4,905.00,790.00,137.00,277.00,1.0,-1,-1,-1
34,5,1716.00,545.00,79.00,278.00,1.0,-1,-1,-1
34,6,0.00,0.00,0.00,0.00,1.0,-1,-1,-1
34,7,386.00,761.00,162.00,315.00,1.0,-1,-1,-1
34,8,1827.00,568.00,93.00,289.00,1.0,-1,-1,-1
34,9,674.00,789.00,105.00,291.00,1.0,-1,-1,-1
34,10,1134.00,512.00,67.00,189.00,1.0,-1,-1,-1
34,11,1109.00,480.00,96.00,221.00,1.0,-1,-1,-1
34,12,893.00,569.00,84.00,258.00,1.0,-1,-1,-1
34,13,979.00,688.00,98.00,291.00,1.0,-1,-1,-1
34,14,1370.00,469.00,72.00,256.00,1.0,-1,-1,-1
34,15,1505.00,459.00,69.00,263.00,1.0,-1,-1,-1
34,16,1291.00,474.00,70.00,230.00,1.0,-1,-1,-1
35,0,1616.00,704.00,125.00,293.00,1.0,-1,-1,-1
35,1,702.00,609.00,123.00,306.00,1.0,-1,-1,-1
35,2,800.00,579.00,102.00,276.00,1.0,-1,-1,-1
35,3,1153.00,765.00,115.00,308.00,1.0,-1,-1,-1
35,4,904.00,793.00,135.00,280.00,1.0,-1,-1,-1
35,5,1722.00,546.00,77.00,276.00,1.0,-1,-1,-1
35,6,0.00,0.00,0.00,0.00,1.0,-1,-1,-1
35,7,381.00,761.00,164.00,316.00,1.0,-1,-1,-1
35,8,1838.00,569.00,82.00,290.00,1.0,-1,-1,-1
35,9,668.00,791.00,104.00,289.00,1.0,-1,-1,-1
35,10,1134.00,512.00,67.00,191.00,1.0,-1,-1,-1
35,11,1098.00,480.00,49.00,78.00,1.0,-1,-1,-1
35,12,892.00,572.00,84.00,258.00,1.0,-1,-1,-1
35,13,977.00,718.00,100.00,261.00,1.0,-1,-1,-1
35,14,1370.00,470.00,73.00,255.00,1.0,-1,-1,-1
35,15,1504.00,460.00,72.00,264.00,1.0,-1,-1,-1
35,16,1291.00,479.00,70.00,228.00,1.0,-1,-1,-1
36,0,1616.00,704.00,122.00,294.00,1.0,-1,-1,-1
36,1,701.00,613.00,122.00,304.00,1.0,-1,-1,-1
36,2,800.00,581.00,102.00,276.00,1.0,-1,-1,-1
36,3,1154.00,766.00,113.00,308.00,1.0,-1,-1,-1
36,4,901.00,794.00,138.00,281.00,1.0,-1,-1,-1
36,5,1729.00,546.00,75.00,276.00,1.0,-1,-1,-1
36,6,0.00,0.00,0.00,0.00,1.0,-1,-1,-1
36,7,377.00,764.00,165.00,316.00,1.0,-1,-1,-1
36,8,1863.00,569.00,57.00,290.00,1.0,-1,-1,-1
36,9,661.00,805.00,112.00,246.00,1.0,-1,-1,-1
36,10,1134.00,513.00,66.00,192.00,1.0,-1,-1,-1
36,11,1089.00,480.00,56.00,79.00,1.0,-1,-1,-1
36,12,892.00,574.00,84.00,257.00,1.0,-1,-1,-1
36,13,974.00,730.00,106.00,251.00,1.0,-1,-1,-1
36,14,1372.00,471.00,75.00,255.00,1.0,-1,-1,-1
36,15,1504.00,461.00,76.00,263.00,1.0,-1,-1,-1
36,16,1292.00,483.00,70.00,226.00,1.0,-1,-1,-1
37,0,1615.00,704.00,120.00,294.00,1.0,-1,-1,-1
37,1,700.00,613.00,120.00,308.00,1.0,-1,-1,-1
37,2,799.00,580.00,102.00,276.00,1.0,-1,-1,-1
37,3,1150.00,766.00,115.00,308.00,1.0,-1,-1,-1
37,4,897.00,796.00,145.00,279.00,1.0,-1,-1,-1
37,5,1732.00,546.00,78.00,275.00,1.0,-1,-1,-1
37,6,0.00,0.00,0.00,0.00,1.0,-1,-1,-1
37,7,375.00,765.00,158.00,315.00,1.0,-1,-1,-1
37,8,1866.00,569.00,54.00,290.00,1.0,-1,-1,-1
37,9,655.00,815.00,119.00,240.00,1.0,-1,-1,-1
37,10,1134.00,512.00,66.00,193.00,1.0,-1,-1,-1
37,11,1085.00,474.00,56.00,85.00,1.0,-1,-1,-1
37,12,892.00,579.00,84.00,251.00,1.0,-1,-1,-1
37,13,971.00,729.00,108.00,252.00,1.0,-1,-1,-1
37,14,1372.00,473.00,79.00,253.00,1.0,-1,-1,-1
37,15,1503.00,462.00,80.00,263.00,1.0,-1,-1,-1
37,16,1292.00,487.00,70.00,227.00,1.0,-1,-1,-1
38,0,1615.00,704.00,120.00,294.00,1.0,-1,-1,-1
38,1,697.00,613.00,119.00,320.00,1.0,-1,-1,-1
38,2,797.00,576.00,103.00,281.00,1.0,-1,-1,-1
38,3,1150.00,769.00,114.00,305.00,1.0,-1,-1,-1
38,4,894.00,793.00,141.00,282.00,1.0,-1,-1,-1
38,5,1739.00,546.00,77.00,273.00,1.0,-1,-1,-1
38,6,0.00,0.00,0.00,0.00,1.0,-1,-1,-1
38,7,375.00,768.00,157.00,312.00,1.0,-1,-1,-1
38,8,1867.00,570.00,53.00,289.00,1.0,-1,-1,-1
38,9,634.00,815.00,139.00,244.00,1.0,-1,-1,-1
38,10,1134.00,512.00,66.00,191.00,1.0,-1,-1,-1
38,11,1080.00,474.00,54.00,83.00,1.0,-1,-1,-1
38,12,892.00,582.00,84.00,249.00,1.0,-1,-1,-1
38,13,970.00,719.00,106.00,262.00,1.0,-1,-1,-1
38,14,1372.00,478.00,87.00,250.00,1.0,-1,-1,-1
38,15,1505.00,462.00,81.00,262.00,1.0,-1,-1,-1
38,16,1290.00,483.00,75.00,232.00,1.0,-1,-1,-1
39,0,1615.00,704.00,120.00,294.00,1.0,-1,-1,-1
39,1,694.00,613.00,119.00,327.00,1.0,-1,-1,-1
39,2,797.00,576.00,103.00,282.00,1.0,-1,-1,-1
39,3,1150.00,771.00,116.00,309.00,1.0,-1,-1,-1
39,4,890.00,792.00,136.00,283.00,1.0,-1,-1,-1
39,5,1744.00,547.00,80.00,271.00,1.0,-1,-1,-1
39,6,0.00,0.00,0.00,0.00,1.0,-1,-1,-1
39,7,377.00,771.00,155.00,309.00,1.0,-1,-1,-1
39,8,1868.00,573.00,52.00,286.00,1.0,-1,-1,-1
39,9,626.00,812.00,149.00,249.00,1.0,-1,-1,-1
39,10,1134.00,511.00,65.00,187.00,1.0,-1,-1,-1
39,11,1073.00,476.00,60.00,73.00,1.0,-1,-1,-1
39,12,893.00,585.00,82.00,244.00,1.0,-1,-1,-1
39,13,969.00,719.00,105.00,262.00,1.0,-1,-1,-1
39,14,1372.00,481.00,91.00,248.00,1.0,-1,-1,-1
39,15,1506.00,463.00,84.00,262.00,1.0,-1,-1,-1
39,16,1292.00,483.00,75.00,235.00,1.0,-1,-1,-1
40,0,1615.00,704.00,121.00,294.00,1.0,-1,-1,-1
40,1,692.00,614.00,119.00,329.00,1.0,-1,-1,-1
40,2,797.00,579.00,104.00,288.00,1.0,-1,-1,-1
40,3,1143.00,777.00,128.00,303.00,1.0,-1,-1,-1
40,4,889.00,798.00,168.00,279.00,1.0,-1,-1,-1
40,5,1746.00,549.00,86.00,272.00,1.0,-1,-1,-1
40,6,0.00,0.00,0.00,0.00,1.0,-1,-1,-1
40,7,383.00,777.00,148.00,303.00,1.0,-1,-1,-1
40,8,1868.00,579.00,52.00,280.00,1.0,-1,-1,-1
40,9,610.00,814.00,164.00,248.00,1.0,-1,-1,-1
40,10,1134.00,512.00,67.00,172.00,1.0,-1,-1,-1
40,11,1067.00,478.00,36.00,66.00,1.0,-1,-1,-1
40,12,895.00,587.00,81.00,243.00,1.0,-1,-1,-1
40,13,969.00,717.00,107.00,265.00,1.0,-1,-1,-1
40,14,1373.00,480.00,91.00,252.00,1.0,-1,-1,-1
40,15,1504.00,466.00,109.00,263.00,1.0,-1,-1,-1
40,16,1295.00,484.00,76.00,235.00,1.0,-1,-1,-1
41,0,1615.00,704.00,120.00,294.00,1.0,-1,-1,-1
41,1,689.00,614.00,122.00,329.00,1.0,-1,-1,-1
41,2,797.00,587.00,104.00,283.00,1.0,-1,-1,-1
41,3,1148.00,779.00,124.00,301.00,1.0,-1,-1,-1
41,4,888.00,799.00,170.00,278.00,1.0,-1,-1,-1
41,5,1746.00,551.00,96.00,274.00,1.0,-1,-1,-1
41,6,0.00,0.00,0.00,0.00,1.0,-1,-1,-1
41,7,383.00,781.00,149.00,299.00,1.0,-1,-1,-1
41,8,1868.00,615.00,52.00,244.00,1.0,-1,-1,-1
41,9,594.00,814.00,177.00,249.00,1.0,-1,-1,-1
41,10,1134.00,512.00,67.00,172.00,1.0,-1,-1,-1
41,11,1060.00,477.00,37.00,50.00,1.0,-1,-1,-1
41,12,895.00,589.00,81.00,244.00,1.0,-1,-1,-1
41,13,967.00,719.00,106.00,268.00,1.0,-1,-1,-1
41,14,1372.00,481.00,91.00,254.00,1.0,-1,-1,-1
41,15,1508.00,467.00,110.00,264.00,1.0,-1,-1,-1
41,16,1296.00,487.00,78.00,232.00,1.0,-1,-1,-1
42,0,1614.00,705.00,121.00,293.00,1.0,-1,-1,-1
42,1,686.00,616.00,128.00,328.00,1.0,-1,-1,-1
42,2,796.00,590.00,105.00,280.00,1.0,-1,-1,-1
42,3,1150.00,784.00,126.00,296.00,1.0,-1,-1,-1
42,4,890.00,799.00,167.00,281.00,1.0,-1,-1,-1
42,5,1746.00,553.00,110.00,271.00,1.0,-1,-1,-1
42,6,0.00,0.00,0.00,0.00,1.0,-1,-1,-1
42,7,384.00,785.00,148.00,295.00,1.0,-1,-1,-1
42,8,1869.00,623.00,51.00,236.00,1.0,-1,-1,-1
42,9,579.00,815.00,189.00,249.00,1.0,-1,-1,-1
42,10,1134.00,513.00,68.00,170.00,1.0,-1,-1,-1
42,11,1052.00,478.00,42.00,80.00,1.0,-1,-1,-1
42,12,895.00,589.00,82.00,246.00,1.0,-1,-1,-1
42,13,967.00,705.00,101.00,289.00,1.0,-1,-1,-1
42,14,1373.00,479.00,95.00,256.00,1.0,-1,-1,-1
42,15,1541.00,468.00,79.00,253.00,1.0,-1,-1,-1
42,16,1296.00,491.00,81.00,228.00,1.0,-1,-1,-1
43,0,1613.00,704.00,121.00,294.00,1.0,-1,-1,-1
43,1,685.00,616.00,129.00,326.00,1.0,-1,-1,-1
43,2,795.00,593.00,106.00,277.00,1.0,-1,-1,-1
43,3,1151.00,788.00,125.00,292.00,1.0,-1,-1,-1
43,4,892.00,806.00,166.00,274.00,1.0,-1,-1,-1
43,5,1746.00,554.00,120.00,272.00,1.0,-1,-1,-1
43,6,0.00,0.00,0.00,0.00,1.0,-1,-1,-1
43,7,385.00,787.00,147.00,293.00,1.0,-1,-1,-1
43,8,1862.00,626.00,58.00,233.00,1.0,-1,-1,-1
43,9,566.00,813.00,197.00,251.00,1.0,-1,-1,-1
43,10,1133.00,513.00,69.00,171.00,1.0,-1,-1,-1
43,11,1045.00,480.00,45.00,102.00,1.0,-1,-1,-1
43,12,893.00,589.00,84.00,247.00,1.0,-1,-1,-1
43,13,965.00,737.00,101.00,263.00,1.0,-1,-1,-1
43,14,1378.00,482.00,93.00,253.00,1.0,-1,-1,-1
43,15,1546.00,469.00,74.00,253.00,1.0,-1,-1,-1
43,16,1297.00,490.00,79.00,228.00,1.0,-1,-1,-1
44,0,1611.00,706.00,122.00,294.00,1.0,-1,-1,-1
44,1,681.00,620.00,134.00,328.00,1.0,-1,-1,-1
44,2,793.00,596.00,106.00,282.00,1.0,-1,-1,-1
44,3,1149.00,790.00,129.00,290.00,1.0,-1,-1,-1
44,4,896.00,810.00,159.00,270.00,1.0,-1,-1,-1
44,5,1745.00,556.00,124.00,272.00,1.0,-1,-1,-1
44,6,0.00,0.00,0.00,0.00,1.0,-1,-1,-1
44,7,384.00,788.00,146.00,292.00,1.0,-1,-1,-1
44,8,1869.00,633.00,51.00,227.00,1.0,-1,-1,-1
44,9,556.00,814.00,203.00,266.00,1.0,-1,-1,-1
44,10,1131.00,514.00,70.00,172.00,1.0,-1,-1,-1
44,11,1038.00,480.00,44.00,103.00,1.0,-1,-1,-1
44,12,891.00,589.00,85.00,252.00,1.0,-1,-1,-1
44,13,963.00,709.00,100.00,294.00,1.0,-1,-1,-1
44,14,1381.00,482.00,90.00,254.00,1.0,-1,-1,-1
44,15,1546.00,470.00,73.00,253.00,1.0,-1,-1,-1
44,16,1298.00,491.00,77.00,228.00,1.0,-1,-1,-1
45,0,1610.00,707.00,121.00,294.00,1.0,-1,-1,-1
45,1,677.00,621.00,139.00,336.00,1.0,-1,-1,-1
45,2,791.00,599.00,106.00,282.00,1.0,-1,-1,-1
45,3,1151.00,792.00,129.00,288.00,1.0,-1,-1,-1
45,4,899.00,814.00,155.00,266.00,1.0,-1,-1,-1
45,5,1744.00,559.00,126.00,273.00,1.0,-1,-1,-1
45,6,0.00,0.00,0.00,0.00,1.0,-1,-1,-1
45,7,384.00,788.00,147.00,292.00,1.0,-1,-1,-1
45,8,1870.00,752.00,50.00,109.00,1.0,-1,-1,-1
45,9,550.00,817.00,200.00,258.00,1.0,-1,-1,-1
45,10,1130.00,514.00,72.00,175.00,1.0,-1,-1,-1
45,11,1020.00,479.00,58.00,114.00,1.0,-1,-1,-1
45,12,889.00,590.00,86.00,255.00,1.0,-1,-1,-1
45,13,963.00,711.00,97.00,294.00,1.0,-1,-1,-1
45,14,1385.00,484.00,88.00,253.00,1.0,-1,-1,-1
45,15,1525.00,470.00,94.00,260.00,1.0,-1,-1,-1
45,16,1297.00,492.00,77.00,227.00,1.0,-1,-1,-1
46,0,1608.00,707.00,121.00,294.00,1.0,-1,-1,-1
46,1,673.00,625.00,143.00,338.00,1.0,-1,-1,-1
46,2,789.00,602.00,107.00,281.00,1.0,-1,-1,-1
46,3,1154.00,793.00,128.00,287.00,1.0,-1,-1,-1
46,4,901.00,823.00,147.00,257.00,1.0,-1,-1,-1
46,5,1746.00,560.00,126.00,274.00,1.0,-1,-1,-1
46,6,0.00,0.00,0.00,0.00,1.0,-1,-1,-1
46,7,382.00,790.00,151.00,290.00,1.0,-1,-1,-1
46,8,1877.00,685.00,43.00,177.00,1.0,-1,-1,-1
46,9,547.00,820.00,163.00,196.00,1.0,-1,-1,-1
46,10,1128.00,515.00,74.00,178.00,1.0,-1,-1,-1
46,11,1016.00,481.00,54.00,128.00,1.0,-1,-1,-1
46,12,888.00,591.00,87.00,257.00,1.0,-1,-1,-1
46,13,962.00,756.00,96.00,253.00,1.0,-1,-1,-1
46,14,1391.00,483.00,84.00,254.00,1.0,-1,-1,-1
46,15,1537.00,470.00,83.00,254.00,1.0,-1,-1,-1
46,16,1298.00,493.00,76.00,227.00,1.0,-1,-1,-1
47,0,1608.00,707.00,121.00,294.00,1.0,-1,-1,-1
47,1,672.00,624.00,143.00,338.00,1.0,-1,-1,-1
47,2,788.00,604.00,108.00,278.00,1.0,-1,-1,-1
47,3,1153.00,794.00,134.00,286.00,1.0,-1,-1,-1
47,4,903.00,827.00,149.00,253.00,1.0,-1,-1,-1
47,5,1751.00,560.00,122.00,273.00,1.0,-1,-1,-1
47,6,0.00,0.00,0.00,0.00,1.0,-1,-1,-1
47,7,377.00,791.00,159.00,289.00,1.0,-1,-1,-1
47,8,1885.00,795.00,35.00,68.00,1.0,-1,-1,-1
47,9,546.00,826.00,150.00,193.00,1.0,-1,-1,-1
47,10,1128.00,516.00,73.00,184.00,1.0,-1,-1,-1
47,11,1013.00,480.00,55.00,135.00,1.0,-1,-1,-1
47,12,888.00,592.00,88.00,265.00,1.0,-1,-1,-1
47,13,961.00,722.00,97.00,294.00,1.0,-1,-1,-1
47,14,1400.00,482.00,78.00,255.00,1.0,-1,-1,-1
47,15,1547.00,471.00,76.00,254.00,1.0,-1,-1,-1
47,16,1299.00,494.00,78.00,231.00,1.0,-1,-1,-1
48,0,1607.00,708.00,121.00,295.00,1.0,-1,-1,-1
48,1,671.00,629.00,141.00,338.00,1.0,-1,-1,-1
48,2,786.00,603.00,109.00,281.00,1.0,-1,-1,-1
48,3,1153.00,794.00,135.00,286.00,1.0,-1,-1,-1
48,4,900.00,827.00,154.00,253.00,1.0,-1,-1,-1
48,5,1758.00,561.00,115.00,274.00,1.0,-1,-1,-1
48,6,0.00,0.00,0.00,0.00,1.0,-1,-1,-1
48,7,374.00,792.00,164.00,288.00,1.0,-1,-1,-1
48,8,1897.00,805.00,23.00,55.00,1.0,-1,-1,-1
48,9,541.00,831.00,151.00,190.00,1.0,-1,-1,-1
48,10,1126.00,517.00,75.00,191.00,1.0,-1,-1,-1
48,11,1004.00,480.00,60.00,180.00,1.0,-1,-1,-1
48,12,888.00,595.00,87.00,269.00,1.0,-1,-1,-1
48,13,960.00,721.00,96.00,296.00,1.0,-1,-1,-1
48,14,1409.00,482.00,73.00,256.00,1.0,-1,-1,-1
48,15,1559.00,472.00,67.00,255.00,1.0,-1,-1,-1
48,16,1300.00,497.00,78.00,231.00,1.0,-1,-1,-1
49,0,1607.00,709.00,121.00,295.00,1.0,-1,-1,-1
49,1,670.00,632.00,143.00,338.00,1.0,-1,-1,-1
49,2,786.00,602.00,110.00,283.00,1.0,-1,-1,-1
49,3,1155.00,797.00,135.00,283.00,1.0,-1,-1,-1
49,4,897.00,829.00,155.00,251.00,1.0,-1,-1,-1
49,5,1765.00,561.00,116.00,276.00,1.0,-1,-1,-1
49,6,0.00,0.00,0.00,0.00,1.0,-1,-1,-1
49,7,370.00,793.00,169.00,287.00,1.0,-1,-1,-1
49,8,1908.00,708.00,12.00,142.00,1.0,-1,-1,-1
49,9,540.00,836.00,150.00,188.00,1.0,-1,-1,-1
49,10,1126.00,518.00,75.00,199.00,1.0,-1,-1,-1
49,11,1000.00,483.00,63.00,185.00,1.0,-1,-1,-1
49,12,888.00,599.00,89.00,266.00,1.0,-1,-1,-1
49,13,959.00,756.00,95.00,264.00,1.0,-1,-1,-1
49,14,1416.00,482.00,73.00,258.00,1.0,-1,-1,-1
49,15,1572.00,474.00,59.00,254.00,1.0,-1,-1,-1
49,16,1300.00,498.00,79.00,231.00,1.0,-1,-1,-1
50,0,1607.00,709.00,122.00,296.00,1.0,-1,-1,-1
50,1,670.00,634.00,144.00,340.00,1.0,-1,-1,-1
50,2,786.00,603.00,108.00,282.00,1.0,-1,-1,-1
50,3,1157.00,796.00,132.00,284.00,1.0,-1,-1,-1
50,4,894.00,828.00,156.00,252.00,1.0,-1,-1,-1
50,5,1779.00,560.00,109.00,277.00,1.0,-1,-1,-1
50,6,0.00,0.00,0.00,0.00,1.0,-1,-1,-1
50,7,367.00,796.00,172.00,284.00,1.0,-1,-1,-1
50,8,0.00,0.00,0.00,0.00,1.0,-1,-1,-1
50,9,539.00,838.00,147.00,186.00,1.0,-1,-1,-1
50,10,1126.00,518.00,75.00,207.00,1.0,-1,-1,-1
50,11,992.00,479.00,69.00,192.00,1.0,-1,-1,-1
50,12,888.00,602.00,88.00,271.00,1.0,-1,-1,-1
50,13,960.00,761.00,97.00,259.00,1.0,-1,-1,-1
50,14,1421.00,482.00,69.00,263.00,1.0,-1,-1,-1
50,15,1571.00,474.00,64.00,255.00,1.0,-1,-1,-1
50,16,1301.00,496.00,79.00,236.00,1.0,-1,-1,-1
51,0,1607.00,709.00,122.00,295.00,1.0,-1,-1,-1
51,1,671.00,635.00,143.00,340.00,1.0,-1,-1,-1
51,2,786.00,602.00,108.00,283.00,1.0,-1,-1,-1
51,3,1157.00,798.00,128.00,282.00,1.0,-1,-1,-1
51,4,891.00,828.00,160.00,252.00,1.0,-1,-1,-1
51,5,1794.00,561.00,99.00,278.00,1.0,-1,-1,-1
51,6,0.00,0.00,0.00,0.00,1.0,-1,-1,-1
51,7,364.00,798.00,175.00,282.00,1.0,-1,-1,-1
51,8,0.00,0.00,0.00,0.00,1.0,-1,-1,-1
51,9,536.00,840.00,167.00,218.00,1.0,-1,-1,-1
51,10,1126.00,518.00,75.00,215.00,1.0,-1,-1,-1
51,11,981.00,478.00,67.00,197.00,1.0,-1,-1,-1
51,12,888.00,605.00,87.00,269.00,1.0,-1,-1,-1
51,13,962.00,768.00,94.00,252.00,1.0,-1,-1,-1
51,14,1419.00,485.00,73.00,264.00,1.0,-1,-1,-1
51,15,1580.00,475.00,59.00,253.00,1.0,-1,-1,-1
51,16,1302.00,501.00,79.00,233.00,1.0,-1,-1,-1
52,0,1607.00,709.00,122.00,296.00,1.0,-1,-1,-1
52,1,671.00,634.00,142.00,343.00,1.0,-1,-1,-1
52,2,785.00,601.00,108.00,285.00,1.0,-1,-1,-1
52,3,1158.00,802.00,125.00,278.00,1.0,-1,-1,-1
52,4,889.00,830.00,162.00,250.00,1.0,-1,-1,-1
52,5,1809.00,562.00,93.00,277.00,1.0,-1,-1,-1
52,6,0.00,0.00,0.00,0.00,1.0,-1,-1,-1
52,7,362.00,800.00,174.00,280.00,1.0,-1,-1,-1
52,8,0.00,0.00,0.00,0.00,1.0,-1,-1,-1
52,9,535.00,839.00,167.00,219.00,1.0,-1,-1,-1
52,10,1125.00,518.00,76.00,215.00,1.0,-1,-1,-1
52,11,970.00,478.00,72.00,213.00,1.0,-1,-1,-1
52,12,887.00,608.00,88.00,262.00,1.0,-1,-1,-1
52,13,985.00,781.00,74.00,241.00,1.0,-1,-1,-1
52,14,1420.00,488.00,78.00,261.00,1.0,-1,-1,-1
52,15,1584.00,475.00,58.00,258.00,1.0,-1,-1,-1
52,16,1303.00,504.00,81.00,229.00,1.0,-1,-1,-1
53,0,1606.00,711.00,122.00,295.00,1.0,-1,-1,-1
53,1,671.00,638.00,141.00,340.00,1.0,-1,-1,-1
53,2,782.00,594.00,108.00,298.00,1.0,-1,-1,-1
53,3,1156.00,807.00,124.00,273.00,1.0,-1,-1,-1
53,4,887.00,828.00,166.00,252.00,1.0,-1,-1,-1
53,5,1825.00,563.00,77.00,272.00,1.0,-1,-1,-1
53,6,0.00,0.00,0.00,0.00,1.0,-1,-1,-1
53,7,361.00,807.00,173.00,273.00,1.0,-1,-1,-1
53,8,0.00,0.00,0.00,0.00,1.0,-1,-1,-1
53,9,531.00,841.00,169.00,216.00,1.0,-1,-1,-1
53,10,1123.00,520.00,76.00,216.00,1.0,-1,-1,-1
53,11,955.00,471.00,82.00,224.00,1.0,-1,-1,-1
53,12,885.00,610.00,88.00,265.00,1.0,-1,-1,-1
53,13,984.00,788.00,78.00,234.00,1.0,-1,-1,-1
53,14,1420.00,488.00,110.00,261.00,1.0,-1,-1,-1
53,15,1587.00,476.00,61.00,256.00,1.0,-1,-1,-1
53,16,1303.00,507.00,83.00,229.00,1.0,-1,-1,-1
54,0,1606.00,712.00,121.00,295.00,1.0,-1,-1,-1
54,1,670.00,639.00,142.00,340.00,1.0,-1,-1,-1
54,2,781.00,595.00,107.00,303.00,1.0,-1,-1,-1
54,3,1154.00,812.00,125.00,268.00,1.0,-1,-1,-1
54,4,887.00,832.00,167.00,248.00,1.0,-1,-1,-1
54,5,1833.00,567.00,74.00,271.00,1.0,-1,-1,-1
54,6,0.00,0.00,0.00,0.00,1.0,-1,-1,-1
54,7,360.00,810.00,170.00,270.00,1.0,-1,-1,-1
54,8,0.00,0.00,0.00,0.00,1.0,-1,-1,-1
54,9,529.00,841.00,172.00,216.00,1.0,-1,-1,-1
54,10,1121.00,520.00,77.00,220.00,1.0,-1,-1,-1
54,11,947.00,479.00,79.00,214.00,1.0,-1,-1,-1
54,12,883.00,612.00,89.00,268.00,1.0,-1,-1,-1
54,13,970.00,769.00,86.00,254.00,1.0,-1,-1,-1
54,14,1420.00,488.00,118.00,264.00,1.0,-1,-1,-1
54,15,1586.00,478.00,64.00,254.00,1.0,-1,-1,-1
54,16,1304.00,511.00,82.00,226.00,1.0,-1,-1,-1
55,0,1605.00,713.00,121.00,295.00,1.0,-1,-1,-1
55,1,669.00,641.00,142.00,339.00,1.0,-1,-1,-1
55,2,779.00,599.00,108.00,303.00,1.0,-1,-1,-1
55,3,1155.00,817.00,123.00,263.00,1.0,-1,-1,-1
55,4,887.00,840.00,169.00,240.00,1.0,-1,-1,-1
55,5,1836.00,568.00,84.00,274.00,1.0,-1,-1,-1
55,6,0.00,0.00,0.00,0.00,1.0,-1,-1,-1
55,7,358.00,815.00,168.00,265.00,1.0,-1,-1,-1
55,8,0.00,0.00,0.00,0.00,1.0,-1,-1,-1
55,9,524.00,847.00,172.00,193.00,1.0,-1,-1,-1
55,10,1121.00,522.00,75.00,218.00,1.0,-1,-1,-1
55,11,939.00,482.00,72.00,199.00,1.0,-1,-1,-1
55,12,881.00,613.00,89.00,271.00,1.0,-1,-1,-1
55,13,978.00,723.00,74.00,300.00,1.0,-1,-1,-1
55,14,1421.00,492.00,114.00,265.00,1.0,-1,-1,-1
55,15,1586.00,480.00,66.00,252.00,1.0,-1,-1,-1
55,16,1302.00,510.00,83.00,229.00,1.0,-1,-1,-1
56,0,1606.00,715.00,121.00,293.00,1.0,-1,-1,-1
56,1,670.00,643.00,141.00,337.00,1.0,-1,-1,-1
56,2,780.00,613.00,108.00,291.00,1.0,-1,-1,-1
56,3,1154.00,822.00,122.00,258.00,1.0,-1,-1,-1
56,4,890.00,845.00,171.00,235.00,1.0,-1,-1,-1
56,5,1837.00,572.00,83.00,279.00,1.0,-1,-1,-1
56,6,0.00,0.00,0.00,0.00,1.0,-1,-1,-1
56,7,356.00,816.00,163.00,264.00,1.0,-1,-1,-1
56,8,0.00,0.00,0.00,0.00,1.0,-1,-1,-1
56,9,520.00,849.00,175.00,208.00,1.0,-1,-1,-1
56,10,1122.00,522.00,74.00,222.00,1.0,-1,-1,-1
56,11,936.00,484.00,73.00,188.00,1.0,-1,-1,-1
56,12,881.00,613.00,89.00,271.00,1.0,-1,-1,-1
56,13,976.00,775.00,77.00,249.00,1.0,-1,-1,-1
56,14,1425.00,494.00,105.00,267.00,1.0,-1,-1,-1
56,15,1585.00,482.00,72.00,250.00,1.0,-1,-1,-1
56,16,1303.00,508.00,83.00,230.00,1.0,-1,-1,-1
57,0,1606.00,712.00,120.00,296.00,1.0,-1,-1,-1
57,1,670.00,646.00,333.00,399.00,1.0,-1,-1,-1
57,2,780.00,613.00,107.00,292.00,1.0,-1,-1,-1
57,3,1154.00,823.00,122.00,257.00,1.0,-1,-1,-1
57,4,891.00,846.00,166.00,234.00,1.0,-1,-1,-1
57,5,1838.00,574.00,82.00,277.00,1.0,-1,-1,-1
57,6,0.00,0.00,0.00,0.00,1.0,-1,-1,-1
57,7,355.00,817.00,161.00,263.00,1.0,-1,-1,-1
57,8,0.00,0.00,0.00,0.00,1.0,-1,-1,-1
57,9,514.00,850.00,180.00,208.00,1.0,-1,-1,-1
57,10,1121.00,522.00,74.00,223.00,1.0,-1,-1,-1
57,11,932.00,492.00,74.00,182.00,1.0,-1,-1,-1
57,12,880.00,613.00,89.00,271.00,1.0,-1,-1,-1
57,13,975.00,723.00,77.00,302.00,1.0,-1,-1,-1
57,14,1427.00,494.00,102.00,267.00,1.0,-1,-1,-1
57,15,1589.00,483.00,74.00,248.00,1.0,-1,-1,-1
57,16,1302.00,509.00,84.00,228.00,1.0,-1,-1,-1
58,0,1608.00,712.00,118.00,297.00,1.0,-1,-1,-1
58,1,670.00,650.00,139.00,332.00,1.0,-1,-1,-1
58,2,781.00,622.00,106.00,290.00,1.0,-1,-1,-1
58,3,1157.00,826.00,119.00,254.00,1.0,-1,-1,-1
58,4,892.00,850.00,158.00,230.00,1.0,-1,-1,-1
58,5,1839.00,576.00,81.00,278.00,1.0,-1,-1,-1
58,6,0.00,0.00,0.00,0.00,1.0,-1,-1,-1
58,7,353.00,819.00,162.00,261.00,1.0,-1,-1,-1
58,8,0.00,0.00,0.00,0.00,1.0,-1,-1,-1
58,9,512.00,856.00,179.00,218.00,1.0,-1,-1,-1
58,10,1120.00,523.00,73.00,224.00,1.0,-1,-1,-1
58,11,927.00,487.00,79.00,203.00,1.0,-1,-1,-1
58,12,880.00,613.00,88.00,273.00,1.0,-1,-1,-1
58,13,970.00,730.00,82.00,296.00,1.0,-1,-1,-1
58,14,1432.00,493.00,96.00,268.00,1.0,-1,-1,-1
58,15,1591.00,484.00,77.00,249.00,1.0,-1,-1,-1
58,16,1301.00,509.00,86.00,231.00,1.0,-1,-1,-1
58,17,795.00,418.00,68.00,201.00,1.0,-1,-1,-1
59,0,1609.00,711.00,118.00,298.00,1.0,-1,-1,-1
59,1,669.00,651.00,333.00,330.00,1.0,-1,-1,-1
59,2,781.00,623.00,107.00,290.00,1.0,-1,-1,-1
59,3,1157.00,826.00,119.00,254.00,1.0,-1,-1,-1
59,4,890.00,856.00,161.00,224.00,1.0,-1,-1,-1
59,5,1841.00,578.00,79.00,275.00,1.0,-1,-1,-1
59,6,0.00,0.00,0.00,0.00,1.0,-1,-1,-1
59,7,348.00,818.00,167.00,262.00,1.0,-1,-1,-1
59,8,0.00,0.00,0.00,0.00,1.0,-1,-1,-1
59,9,511.00,858.00,154.00,170.00,1.0,-1,-1,-1
59,10,1119.00,523.00,73.00,224.00,1.0,-1,-1,-1
59,11,921.00,487.00,89.00,209.00,1.0,-1,-1,-1
59,12,879.00,614.00,89.00,272.00,1.0,-1,-1,-1
59,13,970.00,735.00,82.00,289.00,1.0,-1,-1,-1
59,14,1435.00,496.00,94.00,265.00,1.0,-1,-1,-1
59,15,1593.00,485.00,79.00,247.00,1.0,-1,-1,-1
59,16,1300.00,512.00,89.00,231.00,1.0,-1,-1,-1
59,17,795.00,418.00,72.00,200.00,1.0,-1,-1,-1
60,0,1610.00,711.00,116.00,299.00,1.0,-1,-1,-1
60,1,669.00,652.00,133.00,342.00,1.0,-1,-1,-1
60,2,780.00,622.00,109.00,293.00,1.0,-1,-1,-1
60,3,1157.00,826.00,119.00,254.00,1.0,-1,-1,-1
60,4,886.00,855.00,165.00,225.00,1.0,-1,-1,-1
60,5,1843.00,581.00,77.00,268.00,1.0,-1,-1,-1
60,6,0.00,0.00,0.00,0.00,1.0,-1,-1,-1
60,7,341.00,818.00,170.00,262.00,1.0,-1,-1,-1
60,8,0.00,0.00,0.00,0.00,1.0,-1,-1,-1
60,9,505.00,861.00,145.00,170.00,1.0,-1,-1,-1
60,10,1120.00,523.00,71.00,224.00,1.0,-1,-1,-1
60,11,914.00,487.00,85.00,204.00,1.0,-1,-1,-1
60,12,880.00,617.00,87.00,268.00,1.0,-1,-1,-1
60,13,970.00,738.00,81.00,172.00,1.0,-1,-1,-1
60,14,1436.00,495.00,94.00,266.00,1.0,-1,-1,-1
60,15,1595.00,487.00,82.00,246.00,1.0,-1,-1,-1
60,16,1300.00,514.00,89.00,234.00,1.0,-1,-1,-1
60,17,797.00,418.00,73.00,201.00,1.0,-1,-1,-1
61,0,1611.00,711.00,115.00,298.00,1.0,-1,-1,-1
61,1,667.00,655.00,133.00,347.00,1.0,-1,-1,-1
61,2,779.00,623.00,110.00,291.00,1.0,-1,-1,-1
61,3,1155.00,827.00,120.00,253.00,1.0,-1,-1,-1
61,4,881.00,858.00,141.00,222.00,1.0,-1,-1,-1
61,5,1847.00,582.00,73.00,260.00,1.0,-1,-1,-1
61,6,0.00,0.00,0.00,0.00,1.0,-1,-1,-1
61,7,332.00,817.00,177.00,263.00,1.0,-1,-1,-1
61,8,0.00,0.00,0.00,0.00,1.0,-1,-1,-1
61,9,501.00,866.00,143.00,179.00,1.0,-1,-1,-1
61,10,1118.00,523.00,71.00,223.00,1.0,-1,-1,-1
61,11,906.00,482.00,85.00,208.00,1.0,-1,-1,-1
61,12,880.00,618.00,87.00,266.00,1.0,-1,-1,-1
61,13,971.00,824.00,79.00,85.00,1.0,-1,-1,-1
61,14,1446.00,494.00,89.00,267.00,1.0,-1,-1,-1
61,15,1601.00,486.00,82.00,246.00,1.0,-1,-1,-1
61,16,1300.00,517.00,88.00,235.00,1.0,-1,-1,-1
61,17,795.00,420.00,76.00,200.00,1.0,-1,-1,-1
62,0,1613.00,712.00,114.00,299.00,1.0,-1,-1,-1
62,1,667.00,659.00,131.00,339.00,1.0,-1,-1,-1
62,2,778.00,624.00,111.00,292.00,1.0,-1,-1,-1
62,3,1156.00,829.00,120.00,251.00,1.0,-1,-1,-1
62,4,878.00,860.00,171.00,220.00,1.0,-1,-1,-1
62,5,1857.00,589.00,63.00,257.00,1.0,-1,-1,-1
62,6,0.00,0.00,0.00,0.00,1.0,-1,-1,-1
62,7,326.00,819.00,165.00,261.00,1.0,-1,-1,-1
62,8,0.00,0.00,0.00,0.00,1.0,-1,-1,-1
62,9,490.00,873.00,96.00,193.00,1.0,-1,-1,-1
62,10,1117.00,524.00,71.00,223.00,1.0,-1,-1,-1
62,11,898.00,482.00,90.00,201.00,1.0,-1,-1,-1
62,12,880.00,623.00,87.00,263.00,1.0,-1,-1,-1
62,13,971.00,830.00,78.00,82.00,1.0,-1,-1,-1
62,14,1448.00,495.00,94.00,267.00,1.0,-1,-1,-1
62,15,1611.00,489.00,75.00,245.00,1.0,-1,-1,-1
62,16,1297.00,522.00,92.00,231.00,1.0,-1,-1,-1
62,17,794.00,421.00,79.00,199.00,1.0,-1,-1,-1
63,0,1615.00,712.00,112.00,299.00,1.0,-1,-1,-1
63,1,667.00,663.00,335.00,344.00,1.0,-1,-1,-1
63,2,778.00,624.00,111.00,292.00,1.0,-1,-1,-1
63,3,1157.00,830.00,119.00,250.00,1.0,-1,-1,-1
63,4,876.00,861.00,147.00,219.00,1.0,-1,-1,-1
63,5,1865.00,614.00,55.00,234.00,1.0,-1,-1,-1
63,6,0.00,0.00,0.00,0.00,1.0,-1,-1,-1
63,7,323.00,819.00,168.00,261.00,1.0,-1,-1,-1
63,8,0.00,0.00,0.00,0.00,1.0,-1,-1,-1
63,9,482.00,874.00,191.00,206.00,1.0,-1,-1,-1
63,10,1117.00,524.00,70.00,223.00,1.0,-1,-1,-1
63,11,891.00,480.00,90.00,199.00,1.0,-1,-1,-1
63,12,881.00,624.00,88.00,260.00,1.0,-1,-1,-1
63,13,976.00,852.00,76.00,61.00,1.0,-1,-1,-1
63,14,1451.00,498.00,90.00,264.00,1.0,-1,-1,-1
63,15,1620.00,488.00,72.00,244.00,1.0,-1,-1,-1
63,16,1300.00,525.00,91.00,228.00,1.0,-1,-1,-1
63,17,795.00,421.00,81.00,202.00,1.0,-1,-1,-1
63,18,1098.00,874.00,85.00,185.00,1.0,-1,-1,-1
64,0,1617.00,712.00,112.00,300.00,1.0,-1,-1,-1
64,1,665.00,666.00,127.00,341.00,1.0,-1,-1,-1
64,2,776.00,624.00,111.00,291.00,1.0,-1,-1,-1
64,3,1156.00,833.00,120.00,247.00,1.0,-1,-1,-1
64,4,875.00,862.00,166.00,218.00,1.0,-1,-1,-1
64,5,1875.00,619.00,45.00,236.00,1.0,-1,-1,-1
64,6,0.00,0.00,0.00,0.00,1.0,-1,-1,-1
64,7,322.00,820.00,169.00,260.00,1.0,-1,-1,-1
64,8,0.00,0.00,0.00,0.00,1.0,-1,-1,-1
64,9,474.00,874.00,205.00,206.00,1.0,-1,-1,-1
64,10,1116.00,523.00,69.00,224.00,1.0,-1,-1,-1
64,11,882.00,478.00,99.00,209.00,1.0,-1,-1,-1
64,12,881.00,633.00,88.00,251.00,1.0,-1,-1,-1
64,13,971.00,830.00,89.00,85.00,1.0,-1,-1,-1
64,14,1453.00,497.00,89.00,266.00,1.0,-1,-1,-1
64,15,1628.00,488.00,69.00,238.00,1.0,-1,-1,-1
64,16,1301.00,523.00,92.00,233.00,1.0,-1,-1,-1
64,17,796.00,420.00,81.00,204.00,1.0,-1,-1,-1
64,18,1096.00,879.00,87.00,181.00,1.0,-1,-1,-1
65,0,1618.00,714.00,111.00,299.00,1.0,-1,-1,-1
65,1,663.00,668.00,121.00,340.00,1.0,-1,-1,-1
65,2,774.00,625.00,114.00,292.00,1.0,-1,-1,-1
65,3,1155.00,840.00,123.00,240.00,1.0,-1,-1,-1
65,4,875.00,866.00,166.00,214.00,1.0,-1,-1,-1
65,5,1888.00,625.00,32.00,223.00,1.0,-1,-1,-1
65,6,0.00,0.00,0.00,0.00,1.0,-1,-1,-1
65,7,322.00,823.00,167.00,257.00,1.0,-1,-1,-1
65,8,0.00,0.00,0.00,0.00,1.0,-1,-1,-1
65,9,467.00,876.00,214.00,204.00,1.0,-1,-1,-1
65,10,1115.00,525.00,67.00,222.00,1.0,-1,-1,-1
65,11,874.00,480.00,101.00,209.00,1.0,-1,-1,-1
65,12,881.00,639.00,88.00,246.00,1.0,-1,-1,-1
65,13,970.00,752.00,87.00,163.00,1.0,-1,-1,-1
65,14,1452.00,498.00,98.00,267.00,1.0,-1,-1,-1
65,15,1633.00,490.00,69.00,242.00,1.0,-1,-1,-1
65,16,1303.00,524.00,92.00,234.00,1.0,-1,-1,-1
65,17,796.00,422.00,82.00,205.00,1.0,-1,-1,-1
65,18,1094.00,889.00,89.00,172.00,1.0,-1,-1,-1
65,19,1041.00,529.00,89.00,229.00,1.0,-1,-1,-1
66,0,1621.00,712.00,110.00,300.00,1.0,-1,-1,-1
66,1,660.00,666.00,342.00,343.00,1.0,-1,-1,-1
66,2,772.00,624.00,116.00,294.00,1.0,-1,-1,-1
66,3,1156.00,843.00,128.00,237.00,1.0,-1,-1,-1
66,4,878.00,867.00,176.00,213.00,1.0,-1,-1,-1
66,5,1900.00,632.00,20.00,215.00,1.0,-1,-1,-1
66,6,0.00,0.00,0.00,0.00,1.0,-1,-1,-1
66,7,326.00,826.00,162.00,254.00,1.0,-1,-1,-1
66,8,0.00,0.00,0.00,0.00,1.0,-1,-1,-1
66,9,456.00,876.00,132.00,204.00,1.0,-1,-1,-1
66,10,1113.00,524.00,66.00,220.00,1.0,-1,-1,-1
66,11,868.00,479.00,94.00,208.00,1.0,-1,-1,-1
66,12,881.00,642.00,89.00,244.00,1.0,-1,-1,-1
66,13,970.00,747.00,87.00,171.00,1.0,-1,-1,-1
66,14,1458.00,499.00,94.00,266.00,1.0,-1,-1,-1
66,15,1642.00,490.00,68.00,224.00,1.0,-1,-1,-1
66,16,1306.00,526.00,89.00,233.00,1.0,-1,-1,-1
66,17,799.00,423.00,79.00,204.00,1.0,-1,-1,-1
66,18,1095.00,893.00,89.00,167.00,1.0,-1,-1,-1
66,19,1041.00,529.00,90.00,230.00,1.0,-1,-1,-1
67,0,1622.00,711.00,110.00,301.00,1.0,-1,-1,-1
67,1,659.00,667.00,125.00,343.00,1.0,-1,-1,-1
67,2,771.00,627.00,231.00,312.00,1.0,-1,-1,-1
67,3,1157.00,849.00,133.00,231.00,1.0,-1,-1,-1
67,4,882.00,870.00,165.00,210.00,1.0,-1,-1,-1
67,5,1914.00,695.00,6.00,128.00,1.0,-1,-1,-1
67,6,0.00,0.00,0.00,0.00,1.0,-1,-1,-1
67,7,330.00,830.00,157.00,250.00,1.0,-1,-1,-1
67,8,0.00,0.00,0.00,0.00,1.0,-1,-1,-1
67,9,449.00,875.00,137.00,205.00,1.0,-1,-1,-1
67,10,1112.00,525.00,64.00,220.00,1.0,-1,-1,-1
67,11,863.00,479.00,96.00,209.00,1.0,-1,-1,-1
67,12,882.00,635.00,89.00,252.00,1.0,-1,-1,-1
67,13,947.00,705.00,111.00,227.00,1.0,-1,-1,-1
67,14,1466.00,501.00,93.00,265.00,1.0,-1,-1,-1
67,15,1644.00,490.00,71.00,223.00,1.0,-1,-1,-1
67,16,1313.00,526.00,82.00,232.00,1.0,-1,-1,-1
67,17,795.00,425.00,83.00,202.00,1.0,-1,-1,-1
67,18,1096.00,897.00,91.00,163.00,1.0,-1,-1,-1
67,19,1042.00,529.00,90.00,230.00,1.0,-1,-1,-1
68,0,1623.00,711.00,111.00,301.00,1.0,-1,-1,-1
68,1,657.00,667.00,128.00,342.00,1.0,-1,-1,-1
68,2,770.00,632.00,118.00,298.00,1.0,-1,-1,-1
68,3,1158.00,853.00,136.00,227.00,1.0,-1,-1,-1
68,4,885.00,876.00,143.00,204.00,1.0,-1,-1,-1
68,5,0.00,0.00,0.00,0.00,1.0,-1,-1,-1
68,6,0.00,0.00,0.00,0.00,1.0,-1,-1,-1
68,7,334.00,834.00,151.00,246.00,1.0,-1,-1,-1
68,8,0.00,0.00,0.00,0.00,1.0,-1,-1,-1
68,9,445.00,878.00,139.00,202.00,1.0,-1,-1,-1
68,10,1110.00,525.00,64.00,210.00,1.0,-1,-1,-1
68,11,854.00,480.00,104.00,216.00,1.0,-1,-1,-1
68,12,878.00,636.00,93.00,257.00,1.0,-1,-1,-1
68,13,932.00,702.00,125.00,226.00,1.0,-1,-1,-1
68,14,1475.00,504.00,89.00,264.00,1.0,-1,-1,-1
68,15,1649.00,489.00,68.00,225.00,1.0,-1,-1,-1
68,16,1315.00,526.00,81.00,231.00,1.0,-1,-1,-1
68,17,796.00,428.00,80.00,201.00,1.0,-1,-1,-1
68,18,1097.00,902.00,92.00,161.00,1.0,-1,-1,-1
68,19,1042.00,529.00,90.00,231.00,1.0,-1,-1,-1
69,0,1624.00,711.00,110.00,301.00,1.0,-1,-1,-1
69,1,655.00,667.00,129.00,344.00,1.0,-1,-1,-1
69,2,769.00,635.00,120.00,298.00,1.0,-1,-1,-1
69,3,1160.00,857.00,139.00,223.00,1.0,-1,-1,-1
69,4,887.00,880.00,148.00,200.00,1.0,-1,-1,-1
69,5,0.00,0.00,0.00,0.00,1.0,-1,-1,-1
69,6,0.00,0.00,0.00,0.00,1.0,-1,-1,-1
69,7,336.00,838.00,149.00,242.00,1.0,-1,-1,-1
69,8,0.00,0.00,0.00,0.00,1.0,-1,-1,-1
69,9,445.00,880.00,133.00,200.00,1.0,-1,-1,-1
69,10,1110.00,525.00,61.00,210.00,1.0,-1,-1,-1
69,11,847.00,480.00,90.00,216.00,1.0,-1,-1,-1
69,12,874.00,634.00,97.00,263.00,1.0,-1,-1,-1
69,13,930.00,704.00,126.00,351.00,1.0,-1,-1,-1
69,14,1476.00,505.00,101.00,265.00,1.0,-1,-1,-1
69,15,1653.00,489.00,67.00,223.00,1.0,-1,-1,-1
69,16,1316.00,529.00,83.00,230.00,1.0,-1,-1,-1
69,17,800.00,429.00,71.00,207.00,1.0,-1,-1,-1
69,18,1094.00,907.00,96.00,163.00,1.0,-1,-1,-1
69,19,1041.00,529.00,92.00,231.00,1.0,-1,-1,-1
70,0,1627.00,712.00,109.00,300.00,1.0,-1,-1,-1
70,1,652.00,668.00,133.00,341.00,1.0,-1,-1,-1
70,2,770.00,640.00,232.00,316.00,1.0,-1,-1,-1
70,3,1165.00,859.00,139.00,221.00,1.0,-1,-1,-1
70,4,889.00,884.00,144.00,196.00,1.0,-1,-1,-1
70,5,0.00,0.00,0.00,0.00,1.0,-1,-1,-1
70,6,0.00,0.00,0.00,0.00,1.0,-1,-1,-1
70,7,337.00,841.00,147.00,239.00,1.0,-1,-1,-1
70,8,0.00,0.00,0.00,0.00,1.0,-1,-1,-1
70,9,444.00,885.00,132.00,195.00,1.0,-1,-1,-1
70,10,1109.00,526.00,60.00,208.00,1.0,-1,-1,-1
70,11,842.00,483.00,101.00,225.00,1.0,-1,-1,-1
70,12,883.00,635.00,87.00,266.00,1.0,-1,-1,-1
70,13,970.00,751.00,86.00,190.00,1.0,-1,-1,-1
70,14,1467.00,507.00,118.00,263.00,1.0,-1,-1,-1
70,15,1656.00,491.00,83.00,255.00,1.0,-1,-1,-1
70,16,1319.00,529.00,85.00,232.00,1.0,-1,-1,-1
70,17,802.00,429.00,68.00,217.00,1.0,-1,-1,-1
70,18,1090.00,909.00,102.00,164.00,1.0,-1,-1,-1
70,19,1042.00,530.00,92.00,230.00,1.0,-1,-1,-1
71,0,1626.00,713.00,108.00,299.00,1.0,-1,-1,-1
71,1,648.00,669.00,133.00,342.00,1.0,-1,-1,-1
71,2,766.00,645.00,236.00,311.00,1.0,-1,-1,-1
71,3,1166.00,860.00,140.00,220.00,1.0,-1,-1,-1
71,4,886.00,887.00,136.00,193.00,1.0,-1,-1,-1
71,5,0.00,0.00,0.00,0.00,1.0,-1,-1,-1
71,6,0.00,0.00,0.00,0.00,1.0,-1,-1,-1
71,7,336.00,842.00,144.00,238.00,1.0,-1,-1,-1
71,8,0.00,0.00,0.00,0.00,1.0,-1,-1,-1
71,9,443.00,891.00,126.00,189.00,1.0,-1,-1,-1
71,10,1106.00,526.00,60.00,211.00,1.0,-1,-1,-1
71,11,831.00,483.00,110.00,235.00,1.0,-1,-1,-1
71,12,879.00,636.00,91.00,272.00,1.0,-1,-1,-1
71,13,923.00,757.00,116.00,323.00,1.0,-1,-1,-1
71,14,1475.00,509.00,112.00,264.00,1.0,-1,-1,-1
71,15,1657.00,492.00,89.00,255.00,1.0,-1,-1,-1
71,16,1320.00,528.00,83.00,234.00,1.0,-1,-1,-1
71,17,801.00,429.00,65.00,217.00,1.0,-1,-1,-1
71,18,1103.00,908.00,89.00,158.00,1.0,-1,-1,-1
71,19,1038.00,531.00,94.00,230.00,1.0,-1,-1,-1
72,0,1627.00,713.00,108.00,299.00,1.0,-1,-1,-1
72,1,644.00,671.00,136.00,352.00,1.0,-1,-1,-1
72,2,764.00,650.00,122.00,293.00,1.0,-1,-1,-1
72,3,1165.00,860.00,146.00,220.00,1.0,-1,-1,-1
72,4,881.00,890.00,139.00,190.00,1.0,-1,-1,-1
72,5,0.00,0.00,0.00,0.00,1.0,-1,-1,-1
72,6,0.00,0.00,0.00,0.00,1.0,-1,-1,-1
72,7,335.00,843.00,147.00,237.00,1.0,-1,-1,-1
72,8,0.00,0.00,0.00,0.00,1.0,-1,-1,-1
72,9,443.00,893.00,130.00,187.00,1.0,-1,-1,-1
72,10,1105.00,526.00,63.00,218.00,1.0,-1,-1,-1
72,11,820.00,482.00,87.00,209.00,1.0,-1,-1,-1
72,12,873.00,636.00,93.00,274.00,1.0,-1,-1,-1
72,13,963.00,715.00,84.00,365.00,1.0,-1,-1,-1
72,14,1475.00,510.00,114.00,267.00,1.0,-1,-1,-1
72,15,1659.00,491.00,97.00,256.00,1.0,-1,-1,-1
72,16,1322.00,532.00,82.00,233.00,1.0,-1,-1,-1
72,17,800.00,431.00,65.00,217.00,1.0,-1,-1,-1
72,18,1106.00,907.00,88.00,159.00,1.0,-1,-1,-1
72,19,1035.00,530.00,97.00,232.00,1.0,-1,-1,-1
73,0,1629.00,712.00,108.00,300.00,1.0,-1,-1,-1
73,1,643.00,673.00,137.00,353.00,1.0,-1,-1,-1
73,2,764.00,650.00,127.00,296.00,1.0,-1,-1,-1
73,3,1166.00,860.00,151.00,220.00,1.0,-1,-1,-1
73,4,878.00,889.00,146.00,191.00,1.0,-1,-1,-1
73,5,0.00,0.00,0.00,0.00,1.0,-1,-1,-1
73,6,0.00,0.00,0.00,0.00,1.0,-1,-1,-1
73,7,335.00,843.00,149.00,237.00,1.0,-1,-1,-1
73,8,0.00,0.00,0.00,0.00,1.0,-1,-1,-1
73,9,444.00,899.00,128.00,181.00,1.0,-1,-1,-1
73,10,1106.00,525.00,61.00,221.00,1.0,-1,-1,-1
73,11,814.00,480.00,88.00,211.00,1.0,-1,-1,-1
73,12,875.00,639.00,90.00,269.00,1.0,-1,-1,-1
73,13,977.00,719.00,65.00,361.00,1.0,-1,-1,-1
73,14,1480.00,513.00,109.00,265.00,1.0,-1,-1,-1
73,15,1660.00,494.00,104.00,256.00,1.0,-1,-1,-1
73,16,1325.00,532.00,82.00,234.00,1.0,-1,-1,-1
73,17,800.00,429.00,65.00,215.00,1.0,-1,-1,-1
73,18,1111.00,907.00,85.00,162.00,1.0,-1,-1,-1
73,19,1036.00,531.00,96.00,231.00,1.0,-1,-1,-1
74,0,1631.00,712.00,108.00,299.00,1.0,-1,-1,-1
74,1,643.00,675.00,138.00,353.00,1.0,-1,-1,-1
74,2,764.00,651.00,128.00,295.00,1.0,-1,-1,-1
74,3,1166.00,860.00,151.00,220.00,1.0,-1,-1,-1
74,4,876.00,889.00,145.00,191.00,1.0,-1,-1,-1
74,5,0.00,0.00,0.00,0.00,1.0,-1,-1,-1
74,6,0.00,0.00,0.00,0.00,1.0,-1,-1,-1
74,7,332.00,843.00,152.00,237.00,1.0,-1,-1,-1
74,8,0.00,0.00,0.00,0.00,1.0,-1,-1,-1
74,9,445.00,903.00,134.00,177.00,1.0,-1,-1,-1
74,10,1107.00,526.00,59.00,221.00,1.0,-1,-1,-1
74,11,816.00,480.00,82.00,212.00,1.0,-1,-1,-1
74,12,884.00,640.00,81.00,273.00,1.0,-1,-1,-1
74,13,979.00,722.00,77.00,358.00,1.0,-1,-1,-1
74,14,1490.00,512.00,102.00,266.00,1.0,-1,-1,-1
74,15,1662.00,499.00,106.00,253.00,1.0,-1,-1,-1
74,16,1330.00,537.00,81.00,226.00,1.0,-1,-1,-1
74,17,801.00,430.00,66.00,205.00,1.0,-1,-1,-1
74,18,1113.00,904.00,85.00,161.00,1.0,-1,-1,-1
74,19,1036.00,529.00,97.00,233.00,1.0,-1,-1,-1
75,0,1631.00,711.00,109.00,299.00,1.0,-1,-1,-1
75,1,641.00,677.00,137.00,350.00,1.0,-1,-1,-1
75,2,762.00,652.00,127.00,294.00,1.0,-1,-1,-1
75,3,1167.00,860.00,146.00,220.00,1.0,-1,-1,-1
75,4,870.00,888.00,152.00,192.00,1.0,-1,-1,-1
75,5,0.00,0.00,0.00,0.00,1.0,-1,-1,-1
75,6,0.00,0.00,0.00,0.00,1.0,-1,-1,-1
75,7,326.00,843.00,158.00,237.00,1.0,-1,-1,-1
75,8,0.00,0.00,0.00,0.00,1.0,-1,-1,-1
75,9,444.00,905.00,129.00,175.00,1.0,-1,-1,-1
75,10,1107.00,525.00,57.00,222.00,1.0,-1,-1,-1
75,11,814.00,482.00,76.00,206.00,1.0,-1,-1,-1
75,12,882.00,641.00,78.00,275.00,1.0,-1,-1,-1
75,13,979.00,727.00,84.00,205.00,1.0,-1,-1,-1
75,14,1501.00,512.00,95.00,264.00,1.0,-1,-1,-1
75,15,1665.00,499.00,98.00,253.00,1.0,-1,-1,-1
75,16,1330.00,536.00,84.00,228.00,1.0,-1,-1,-1
75,17,801.00,429.00,67.00,156.00,1.0,-1,-1,-1
75,18,1113.00,905.00,84.00,161.00,1.0,-1,-1,-1
75,19,1035.00,527.00,98.00,234.00,1.0,-1,-1,-1
76,0,1633.00,711.00,107.00,299.00,1.0,-1,-1,-1
76,1,640.00,681.00,135.00,353.00,1.0,-1,-1,-1
76,2,760.00,654.00,128.00,292.00,1.0,-1,-1,-1
76,3,1166.00,862.00,145.00,218.00,1.0,-1,-1,-1
76,4,869.00,891.00,153.00,189.00,1.0,-1,-1,-1
76,5,0.00,0.00,0.00,0.00,1.0,-1,-1,-1
76,6,0.00,0.00,0.00,0.00,1.0,-1,-1,-1
76,7,321.00,844.00,161.00,236.00,1.0,-1,-1,-1
76,8,0.00,0.00,0.00,0.00,1.0,-1,-1,-1
76,9,444.00,904.00,130.00,176.00,1.0,-1,-1,-1
76,10,1106.00,524.00,56.00,222.00,1.0,-1,-1,-1
76,11,813.00,487.00,71.00,199.00,1.0,-1,-1,-1
76,12,882.00,643.00,73.00,274.00,1.0,-1,-1,-1
76,13,977.00,720.00,92.00,214.00,1.0,-1,-1,-1
76,14,1513.00,511.00,90.00,265.00,1.0,-1,-1,-1
76,15,1666.00,499.00,100.00,255.00,1.0,-1,-1,-1
76,16,1333.00,539.00,83.00,228.00,1.0,-1,-1,-1
76,17,800.00,429.00,69.00,156.00,1.0,-1,-1,-1
76,18,1110.00,909.00,87.00,159.00,1.0,-1,-1,-1
76,19,1034.00,527.00,100.00,234.00,1.0,-1,-1,-1
77,0,1635.00,710.00,107.00,300.00,1.0,-1,-1,-1
77,1,641.00,685.00,134.00,353.00,1.0,-1,-1,-1
77,2,761.00,655.00,127.00,291.00,1.0,-1,-1,-1
77,3,1168.00,866.00,140.00,214.00,1.0,-1,-1,-1
77,4,871.00,893.00,152.00,187.00,1.0,-1,-1,-1
77,5,0.00,0.00,0.00,0.00,1.0,-1,-1,-1
77,6,0.00,0.00,0.00,0.00,1.0,-1,-1,-1
77,7,319.00,846.00,164.00,234.00,1.0,-1,-1,-1
77,8,0.00,0.00,0.00,0.00,1.0,-1,-1,-1
77,9,444.00,904.00,127.00,176.00,1.0,-1,-1,-1
77,10,1107.00,524.00,56.00,223.00,1.0,-1,-1,-1
77,11,816.00,486.00,66.00,202.00,1.0,-1,-1,-1
77,12,882.00,647.00,69.00,270.00,1.0,-1,-1,-1
77,13,978.00,725.00,92.00,208.00,1.0,-1,-1,-1
77,14,1526.00,509.00,80.00,267.00,1.0,-1,-1,-1
77,15,1668.00,498.00,99.00,257.00,1.0,-1,-1,-1
77,16,1336.00,541.00,83.00,230.00,1.0,-1,-1,-1
77,17,802.00,430.00,66.00,155.00,1.0,-1,-1,-1
77,18,1108.00,909.00,90.00,171.00,1.0,-1,-1,-1
77,19,1035.00,528.00,98.00,233.00,1.0,-1,-1,-1
78,0,1637.00,710.00,106.00,299.00,1.0,-1,-1,-1
78,1,639.00,686.00,138.00,355.00,1.0,-1,-1,-1
78,2,760.00,655.00,127.00,291.00,1.0,-1,-1,-1
78,3,1168.00,869.00,137.00,211.00,1.0,-1,-1,-1
78,4,872.00,897.00,149.00,183.00,1.0,-1,-1,-1
78,5,0.00,0.00,0.00,0.00,1.0,-1,-1,-1
78,6,0.00,0.00,0.00,0.00,1.0,-1,-1,-1
78,7,317.00,848.00,164.00,232.00,1.0,-1,-1,-1
78,8,0.00,0.00,0.00,0.00,1.0,-1,-1,-1
78,9,442.00,903.00,123.00,177.00,1.0,-1,-1,-1
78,10,1108.00,524.00,56.00,223.00,1.0,-1,-1,-1
78,11,815.00,484.00,64.00,217.00,1.0,-1,-1,-1
78,12,882.00,650.00,66.00,261.00,1.0,-1,-1,-1
78,13,939.00,727.00,115.00,209.00,1.0,-1,-1,-1
78,14,1534.00,509.00,77.00,267.00,1.0,-1,-1,-1
78,15,1669.00,499.00,99.00,258.00,1.0,-1,-1,-1
78,16,1338.00,538.00,84.00,234.00,1.0,-1,-1,-1
78,17,803.00,431.00,67.00,143.00,1.0,-1,-1,-1
78,18,1108.00,920.00,91.00,160.00,1.0,-1,-1,-1
78,19,1035.00,526.00,98.00,235.00,1.0,-1,-1,-1
79,0,1637.00,710.00,106.00,299.00,1.0,-1,-1,-1
79,1,640.00,689.00,137.00,353.00,1.0,-1,-1,-1
79,2,760.00,653.00,242.00,320.00,1.0,-1,-1,-1
79,3,1167.00,874.00,134.00,206.00,1.0,-1,-1,-1
79,4,875.00,902.00,150.00,178.00,1.0,-1,-1,-1
79,5,0.00,0.00,0.00,0.00,1.0,-1,-1,-1
79,6,0.00,0.00,0.00,0.00,1.0,-1,-1,-1
79,7,316.00,850.00,163.00,230.00,1.0,-1,-1,-1
79,8,0.00,0.00,0.00,0.00,1.0,-1,-1,-1
79,9,440.00,904.00,122.00,176.00,1.0,-1,-1,-1
79,10,1107.00,524.00,56.00,222.00,1.0,-1,-1,-1
79,11,812.00,484.00,64.00,211.00,1.0,-1,-1,-1
79,12,880.00,652.00,62.00,257.00,1.0,-1,-1,-1
79,13,932.00,728.00,120.00,217.00,1.0,-1,-1,-1
79,14,1535.00,509.00,79.00,267.00,1.0,-1,-1,-1
79,15,1681.00,498.00,86.00,258.00,1.0,-1,-1,-1
79,16,1339.00,537.00,89.00,236.00,1.0,-1,-1,-1
79,17,802.00,433.00,66.00,110.00,1.0,-1,-1,-1
79,18,1102.00,925.00,97.00,155.00,1.0,-1,-1,-1
79,19,1033.00,528.00,99.00,234.00,1.0,-1,-1,-1
79,20,497.00,486.00,98.00,266.00,1.0,-1,-1,-1
80,0,1638.00,709.00,106.00,299.00,1.0,-1,-1,-1
80,1,641.00,691.00,138.00,352.00,1.0,-1,-1,-1
80,2,761.00,655.00,125.00,292.00,1.0,-1,-1,-1
80,3,1167.00,879.00,133.00,201.00,1.0,-1,-1,-1
80,4,878.00,908.00,149.00,172.00,1.0,-1,-1,-1
80,5,0.00,0.00,0.00,0.00,1.0,-1,-1,-1
80,6,0.00,0.00,0.00,0.00,1.0,-1,-1,-1
80,7,317.00,856.00,161.00,224.00,1.0,-1,-1,-1
80,8,0.00,0.00,0.00,0.00,1.0,-1,-1,-1
80,9,439.00,908.00,122.00,172.00,1.0,-1,-1,-1
80,10,1109.00,524.00,54.00,223.00,1.0,-1,-1,-1
80,11,809.00,486.00,67.00,207.00,1.0,-1,-1,-1
80,12,880.00,655.00,63.00,264.00,1.0,-1,-1,-1
80,13,931.00,727.00,121.00,223.00,1.0,-1,-1,-1
80,14,1534.00,508.00,84.00,274.00,1.0,-1,-1,-1
80,15,1689.00,498.00,79.00,259.00,1.0,-1,-1,-1
80,16,1344.00,538.00,86.00,235.00,1.0,-1,-1,-1
80,17,801.00,436.00,76.00,115.00,1.0,-1,-1,-1
80,18,1103.00,926.00,97.00,154.00,1.0,-1,-1,-1
80,19,1033.00,526.00,99.00,237.00,1.0,-1,-1,-1
80,20,498.00,488.00,99.00,266.00,1.0,-1,-1,-1
81,0,1639.00,707.00,107.00,299.00,1.0,-1,-1,-1
81,1,643.00,689.00,139.00,353.00,1.0,-1,-1,-1
81,2,762.00,655.00,125.00,298.00,1.0,-1,-1,-1
81,3,1167.00,881.00,133.00,199.00,1.0,-1,-1,-1
81,4,880.00,910.00,147.00,170.00,1.0,-1,-1,-1
81,5,0.00,0.00,0.00,0.00,1.0,-1,-1,-1
81,6,0.00,0.00,0.00,0.00,1.0,-1,-1,-1
81,7,319.00,858.00,158.00,222.00,1.0,-1,-1,-1
81,8,0.00,0.00,0.00,0.00,1.0,-1,-1,-1
81,9,438.00,911.00,121.00,169.00,1.0,-1,-1,-1
81,10,1110.00,522.00,54.00,224.00,1.0,-1,-1,-1
81,11,805.00,484.00,64.00,210.00,1.0,-1,-1,-1
81,12,879.00,653.00,66.00,265.00,1.0,-1,-1,-1
81,13,928.00,723.00,126.00,231.00,1.0,-1,-1,-1
81,14,1533.00,508.00,92.00,277.00,1.0,-1,-1,-1
81,15,1697.00,497.00,75.00,258.00,1.0,-1,-1,-1
81,16,1351.00,537.00,83.00,236.00,1.0,-1,-1,-1
81,17,812.00,436.00,69.00,116.00,1.0,-1,-1,-1
81,18,1104.00,934.00,98.00,146.00,1.0,-1,-1,-1
81,19,1035.00,526.00,98.00,233.00,1.0,-1,-1,-1
81,20,504.00,487.00,97.00,265.00,1.0,-1,-1,-1
82,0,1639.00,704.00,107.00,300.00,1.0,-1,-1,-1
82,1,642.00,689.00,142.00,353.00,1.0,-1,-1,-1
82,2,761.00,657.00,123.00,301.00,1.0,-1,-1,-1
82,3,1167.00,883.00,133.00,197.00,1.0,-1,-1,-1
82,4,878.00,912.00,150.00,168.00,1.0,-1,-1,-1
82,5,0.00,0.00,0.00,0.00,1.0,-1,-1,-1
82,6,0.00,0.00,0.00,0.00,1.0,-1,-1,-1
82,7,317.00,860.00,158.00,220.00,1.0,-1,-1,-1
82,8,0.00,0.00,0.00,0.00,1.0,-1,-1,-1
82,9,435.00,914.00,133.00,166.00,1.0,-1,-1,-1
82,10,1110.00,520.00,53.00,225.00,1.0,-1,-1,-1
82,11,800.00,480.00,67.00,215.00,1.0,-1,-1,-1
82,12,878.00,653.00,64.00,263.00,1.0,-1,-1,-1
82,13,926.00,723.00,127.00,232.00,1.0,-1,-1,-1
82,14,1533.00,508.00,96.00,279.00,1.0,-1,-1,-1
82,15,1704.00,496.00,70.00,259.00,1.0,-1,-1,-1
82,16,1356.00,535.00,81.00,237.00,1.0,-1,-1,-1
82,17,813.00,438.00,68.00,117.00,1.0,-1,-1,-1
82,18,1106.00,937.00,94.00,143.00,1.0,-1,-1,-1
82,19,1032.00,524.00,101.00,238.00,1.0,-1,-1,-1
82,20,505.00,488.00,98.00,261.00,1.0,-1,-1,-1
83,0,1640.00,705.00,105.00,297.00,1.0,-1,-1,-1
83,1,642.00,689.00,146.00,353.00,1.0,-1,-1,-1
83,2,761.00,659.00,122.00,300.00,1.0,-1,-1,-1
83,3,1166.00,886.00,134.00,194.00,1.0,-1,-1,-1
83,4,875.00,915.00,148.00,165.00,1.0,-1,-1,-1
83,5,0.00,0.00,0.00,0.00,1.0,-1,-1,-1
83,6,0.00,0.00,0.00,0.00,1.0,-1,-1,-1
83,7,315.00,864.00,157.00,216.00,1.0,-1,-1,-1
83,8,0.00,0.00,0.00,0.00,1.0,-1,-1,-1
83,9,436.00,920.00,140.00,160.00,1.0,-1,-1,-1
83,10,1111.00,520.00,52.00,226.00,1.0,-1,-1,-1
83,11,795.00,480.00,69.00,216.00,1.0,-1,-1,-1
83,12,879.00,653.00,64.00,263.00,1.0,-1,-1,-1
83,13,924.00,724.00,127.00,233.00,1.0,-1,-1,-1
83,14,1535.00,510.00,98.00,276.00,1.0,-1,-1,-1
83,15,1712.00,496.00,65.00,259.00,1.0,-1,-1,-1
83,16,1359.00,535.00,81.00,238.00,1.0,-1,-1,-1
83,17,790.00,438.00,92.00,147.00,1.0,-1,-1,-1
83,18,1106.00,941.00,92.00,139.00,1.0,-1,-1,-1
83,19,1031.00,526.00,102.00,236.00,1.0,-1,-1,-1
83,20,508.00,489.00,98.00,257.00,1.0,-1,-1,-1
84,0,1641.00,707.00,106.00,294.00,1.0,-1,-1,-1
84,1,642.00,690.00,147.00,352.00,1.0,-1,-1,-1
84,2,762.00,666.00,124.00,296.00,1.0,-1,-1,-1
84,3,1166.00,887.00,136.00,193.00,1.0,-1,-1,-1
84,4,870.00,914.00,162.00,166.00,1.0,-1,-1,-1
84,5,0.00,0.00,0.00,0.00,1.0,-1,-1,-1
84,6,0.00,0.00,0.00,0.00,1.0,-1,-1,-1
84,7,315.00,867.00,155.00,213.00,1.0,-1,-1,-1
84,8,0.00,0.00,0.00,0.00,1.0,-1,-1,-1
84,9,436.00,926.00,141.00,154.00,1.0,-1,-1,-1
84,10,1112.00,520.00,52.00,227.00,1.0,-1,-1,-1
84,11,786.00,478.00,76.00,229.00,1.0,-1,-1,-1
84,12,880.00,653.00,63.00,263.00,1.0,-1,-1,-1
84,13,924.00,725.00,127.00,232.00,1.0,-1,-1,-1
84,14,1544.00,512.00,93.00,276.00,1.0,-1,-1,-1
84,15,1719.00,497.00,64.00,258.00,1.0,-1,-1,-1
84,16,1362.00,538.00,87.00,239.00,1.0,-1,-1,-1
84,17,812.00,439.00,71.00,118.00,1.0,-1,-1,-1
84,18,1110.00,944.00,89.00,136.00,1.0,-1,-1,-1
84,19,1032.00,526.00,102.00,237.00,1.0,-1,-1,-1
84,20,511.00,490.00,108.00,259.00,1.0,-1,-1,-1
85,0,1641.00,708.00,105.00,293.00,1.0,-1,-1,-1
85,1,643.00,690.00,147.00,352.00,1.0,-1,-1,-1
85,2,764.00,669.00,122.00,298.00,1.0,-1,-1,-1
85,3,1164.00,887.00,137.00,193.00,1.0,-1,-1,-1
85,4,866.00,914.00,167.00,166.00,1.0,-1,-1,-1
85,5,0.00,0.00,0.00,0.00,1.0,-1,-1,-1
85,6,0.00,0.00,0.00,0.00,1.0,-1,-1,-1
85,7,311.00,866.00,154.00,214.00,1.0,-1,-1,-1
85,8,0.00,0.00,0.00,0.00,1.0,-1,-1,-1
85,9,431.00,930.00,151.00,150.00,1.0,-1,-1,-1
85,10,1113.00,520.00,51.00,226.00,1.0,-1,-1,-1
85,11,784.00,480.00,78.00,228.00,1.0,-1,-1,-1
85,12,880.00,653.00,62.00,267.00,1.0,-1,-1,-1
85,13,924.00,729.00,127.00,228.00,1.0,-1,-1,-1
85,14,1547.00,514.00,95.00,276.00,1.0,-1,-1,-1
85,15,1724.00,497.00,64.00,258.00,1.0,-1,-1,-1
85,16,1364.00,540.00,89.00,237.00,1.0,-1,-1,-1
85,17,815.00,439.00,69.00,170.00,1.0,-1,-1,-1
85,18,1109.00,946.00,87.00,134.00,1.0,-1,-1,-1
85,19,1032.00,527.00,102.00,235.00,1.0,-1,-1,-1
85,20,513.00,491.00,116.00,258.00,1.0,-1,-1,-1
86,0,1641.00,708.00,105.00,293.00,1.0,-1,-1,-1
86,1,641.00,692.00,149.00,361.00,1.0,-1,-1,-1
86,2,764.00,672.00,125.00,298.00,1.0,-1,-1,-1
86,3,1165.00,888.00,136.00,192.00,1.0,-1,-1,-1
86,4,863.00,914.00,169.00,166.00,1.0,-1,-1,-1
86,5,0.00,0.00,0.00,0.00,1.0,-1,-1,-1
86,6,0.00,0.00,0.00,0.00,1.0,-1,-1,-1
86,7,307.00,865.00,154.00,215.00,1.0,-1,-1,-1
86,8,0.00,0.00,0.00,0.00,1.0,-1,-1,-1
86,9,429.00,935.00,147.00,145.00,1.0,-1,-1,-1
86,10,1114.00,519.00,51.00,228.00,1.0,-1,-1,-1
86,11,784.00,478.00,77.00,232.00,1.0,-1,-1,-1
86,12,881.00,655.00,58.00,281.00,1.0,-1,-1,-1
86,13,925.00,731.00,125.00,225.00,1.0,-1,-1,-1
86,14,1553.00,515.00,98.00,277.00,1.0,-1,-1,-1
86,15,1728.00,497.00,68.00,259.00,1.0,-1,-1,-1
86,16,1367.00,539.00,87.00,242.00,1.0,-1,-1,-1
86,17,819.00,440.00,66.00,196.00,1.0,-1,-1,-1
86,18,1107.00,945.00,89.00,135.00,1.0,-1,-1,-1
86,19,1033.00,527.00,102.00,232.00,1.0,-1,-1,-1
86,20,517.00,494.00,119.00,252.00,1.0,-1,-1,-1
87,0,1641.00,708.00,104.00,292.00,1.0,-1,-1,-1
87,1,640.00,694.00,149.00,361.00,1.0,-1,-1,-1
87,2,765.00,673.00,124.00,296.00,1.0,-1,-1,-1
87,3,1167.00,888.00,134.00,192.00,1.0,-1,-1,-1
87,4,861.00,913.00,171.00,167.00,1.0,-1,-1,-1
87,5,0.00,0.00,0.00,0.00,1.0,-1,-1,-1
87,6,0.00,0.00,0.00,0.00,1.0,-1,-1,-1
87,7,300.00,863.00,158.00,217.00,1.0,-1,-1,-1
87,8,0.00,0.00,0.00,0.00,1.0,-1,-1,-1
87,9,423.00,937.00,159.00,143.00,1.0,-1,-1,-1
87,10,1114.00,518.00,51.00,229.00,1.0,-1,-1,-1
87,11,768.00,479.00,92.00,229.00,1.0,-1,-1,-1
87,12,884.00,655.00,63.00,129.00,1.0,-1,-1,-1
87,13,925.00,734.00,125.00,223.00,1.0,-1,-1,-1
87,14,1562.00,517.00,96.00,275.00,1.0,-1,-1,-1
87,15,1733.00,498.00,70.00,260.00,1.0,-1,-1,-1
87,16,1368.00,542.00,86.00,239.00,1.0,-1,-1,-1
87,17,822.00,440.00,63.00,201.00,1.0,-1,-1,-1
87,18,1106.00,944.00,90.00,136.00,1.0,-1,-1,-1
87,19,1032.00,526.00,103.00,232.00,1.0,-1,-1,-1
87,20,520.00,494.00,107.00,250.00,1.0,-1,-1,-1
88,0,1636.00,706.00,109.00,294.00,1.0,-1,-1,-1
88,1,638.00,698.00,151.00,358.00,1.0,-1,-1,-1
88,2,766.00,674.00,121.00,296.00,1.0,-1,-1,-1
88,3,1166.00,889.00,135.00,191.00,1.0,-1,-1,-1
88,4,863.00,916.00,165.00,164.00,1.0,-1,-1,-1
88,5,0.00,0.00,0.00,0.00,1.0,-1,-1,-1
88,6,0.00,0.00,0.00,0.00,1.0,-1,-1,-1
88,7,293.00,864.00,163.00,216.00,1.0,-1,-1,-1
88,8,0.00,0.00,0.00,0.00,1.0,-1,-1,-1
88,9,419.00,938.00,163.00,142.00,1.0,-1,-1,-1
88,10,1116.00,518.00,49.00,228.00,1.0,-1,-1,-1
88,11,767.00,473.00,92.00,234.00,1.0,-1,-1,-1
88,12,921.00,657.00,53.00,86.00,1.0,-1,-1,-1
88,13,924.00,740.00,126.00,218.00,1.0,-1,-1,-1
88,14,1564.00,516.00,100.00,275.00,1.0,-1,-1,-1
88,15,1736.00,498.00,76.00,264.00,1.0,-1,-1,-1
88,16,1370.00,541.00,84.00,243.00,1.0,-1,-1,-1
88,17,820.00,439.00,66.00,213.00,1.0,-1,-1,-1
88,18,1103.00,943.00,94.00,137.00,1.0,-1,-1,-1
88,19,1033.00,528.00,103.00,229.00,1.0,-1,-1,-1
88,20,523.00,496.00,102.00,248.00,1.0,-1,-1,-1
89,0,1634.00,704.00,111.00,295.00,1.0,-1,-1,-1
89,1,639.00,703.00,148.00,353.00,1.0,-1,-1,-1
89,2,767.00,672.00,124.00,297.00,1.0,-1,-1,-1
89,3,1167.00,892.00,134.00,188.00,1.0,-1,-1,-1
89,4,865.00,917.00,162.00,163.00,1.0,-1,-1,-1
89,5,0.00,0.00,0.00,0.00,1.0,-1,-1,-1
89,6,0.00,0.00,0.00,0.00,1.0,-1,-1,-1
89,7,286.00,863.00,167.00,217.00,1.0,-1,-1,-1
89,8,0.00,0.00,0.00,0.00,1.0,-1,-1,-1
89,9,412.00,938.00,166.00,142.00,1.0,-1,-1,-1
89,10,1117.00,516.00,48.00,229.00,1.0,-1,-1,-1
89,11,765.00,473.00,90.00,231.00,1.0,-1,-1,-1
89,12,921.00,657.00,54.00,95.00,1.0,-1,-1,-1
89,13,922.00,742.00,127.00,219.00,1.0,-1,-1,-1
89,14,1570.00,514.00,95.00,276.00,1.0,-1,-1,-1
89,15,1737.00,497.00,82.00,259.00,1.0,-1,-1,-1
89,16,1378.00,540.00,80.00,246.00,1.0,-1,-1,-1
89,17,823.00,438.00,65.00,215.00,1.0,-1,-1,-1
89,18,1102.00,944.00,96.00,136.00,1.0,-1,-1,-1
89,19,1034.00,526.00,103.00,230.00,1.0,-1,-1,-1
89,20,526.00,495.00,101.00,248.00,1.0,-1,-1,-1
90,0,1631.00,702.00,110.00,296.00,1.0,-1,-1,-1
90,1,635.00,704.00,147.00,356.00,1.0,-1,-1,-1
90,2,765.00,672.00,117.00,297.00,1.0,-1,-1,-1
90,3,1166.00,894.00,134.00,186.00,1.0,-1,-1,-1
90,4,868.00,923.00,155.00,157.00,1.0,-1,-1,-1
90,5,0.00,0.00,0.00,0.00,1.0,-1,-1,-1
90,6,0.00,0.00,0.00,0.00,1.0,-1,-1,-1
90,7,278.00,863.00,171.00,217.00,1.0,-1,-1,-1
90,8,0.00,0.00,0.00,0.00,1.0,-1,-1,-1
90,9,405.00,937.00,163.00,143.00,1.0,-1,-1,-1
90,10,1115.00,515.00,49.00,228.00,1.0,-1,-1,-1
90,11,762.00,469.00,82.00,230.00,1.0,-1,-1,-1
90,12,914.00,656.00,60.00,105.00,1.0,-1,-1,-1
90,13,917.00,744.00,130.00,220.00,1.0,-1,-1,-1
90,14,1576.00,512.00,91.00,278.00,1.0,-1,-1,-1
90,15,1734.00,498.00,91.00,256.00,1.0,-1,-1,-1
90,16,1380.00,540.00,83.00,248.00,1.0,-1,-1,-1
90,17,818.00,438.00,69.00,215.00,1.0,-1,-1,-1
90,18,1100.00,948.00,97.00,132.00,1.0,-1,-1,-1
90,19,1032.00,527.00,103.00,228.00,1.0,-1,-1,-1
90,20,527.00,495.00,101.00,244.00,1.0,-1,-1,-1
91,0,1632.00,703.00,106.00,295.00,1.0,-1,-1,-1
91,1,632.00,704.00,147.00,363.00,1.0,-1,-1,-1
91,2,762.00,670.00,106.00,299.00,1.0,-1,-1,-1
91,3,1165.00,899.00,137.00,181.00,1.0,-1,-1,-1
91,4,871.00,928.00,162.00,152.00,1.0,-1,-1,-1
91,5,0.00,0.00,0.00,0.00,1.0,-1,-1,-1
91,6,0.00,0.00,0.00,0.00,1.0,-1,-1,-1
91,7,274.00,862.00,173.00,218.00,1.0,-1,-1,-1
91,8,0.00,0.00,0.00,0.00,1.0,-1,-1,-1
91,9,399.00,937.00,160.00,143.00,1.0,-1,-1,-1
91,10,1113.00,515.00,50.00,227.00,1.0,-1,-1,-1
91,11,754.00,469.00,73.00,230.00,1.0,-1,-1,-1
91,12,908.00,659.00,65.00,101.00,1.0,-1,-1,-1
91,13,910.00,744.00,132.00,224.00,1.0,-1,-1,-1
91,14,1586.00,512.00,84.00,277.00,1.0,-1,-1,-1
91,15,1732.00,499.00,107.00,256.00,1.0,-1,-1,-1
91,16,1385.00,540.00,79.00,248.00,1.0,-1,-1,-1
91,17,812.00,438.00,74.00,216.00,1.0,-1,-1,-1
91,18,1099.00,954.00,99.00,126.00,1.0,-1,-1,-1
91,19,1034.00,529.00,100.00,225.00,1.0,-1,-1,-1
91,20,528.00,495.00,100.00,246.00,1.0,-1,-1,-1
92,0,1634.00,703.00,102.00,294.00,1.0,-1,-1,-1
92,1,630.00,705.00,144.00,364.00,1.0,-1,-1,-1
92,2,759.00,669.00,101.00,300.00,1.0,-1,-1,-1
92,3,1164.00,904.00,141.00,176.00,1.0,-1,-1,-1
92,4,873.00,932.00,167.00,148.00,1.0,-1,-1,-1
92,5,0.00,0.00,0.00,0.00,1.0,-1,-1,-1
92,6,0.00,0.00,0.00,0.00,1.0,-1,-1,-1
92,7,274.00,866.00,169.00,214.00,1.0,-1,-1,-1
92,8,0.00,0.00,0.00,0.00,1.0,-1,-1,-1
92,9,393.00,938.00,150.00,142.00,1.0,-1,-1,-1
92,10,1111.00,515.00,52.00,227.00,1.0,-1,-1,-1
92,11,747.00,466.00,71.00,232.00,1.0,-1,-1,-1
92,12,908.00,659.00,65.00,118.00,1.0,-1,-1,-1
92,13,902.00,745.00,137.00,229.00,1.0,-1,-1,-1
92,14,1591.00,513.00,79.00,276.00,1.0,-1,-1,-1
92,15,1732.00,497.00,114.00,259.00,1.0,-1,-1,-1
92,16,1391.00,543.00,75.00,246.00,1.0,-1,-1,-1
92,17,807.00,437.00,79.00,226.00,1.0,-1,-1,-1
92,18,1097.00,958.00,102.00,122.00,1.0,-1,-1,-1
92,19,1035.00,528.00,98.00,226.00,1.0,-1,-1,-1
92,20,532.00,494.00,98.00,244.00,1.0,-1,-1,-1
92,21,1284.00,464.00,81.00,272.00,1.0,-1,-1,-1
93,0,1632.00,700.00,102.00,297.00,1.0,-1,-1,-1
93,1,628.00,704.00,143.00,366.00,1.0,-1,-1,-1
93,2,757.00,664.00,107.00,306.00,1.0,-1,-1,-1
93,3,1164.00,910.00,144.00,170.00,1.0,-1,-1,-1
93,4,873.00,937.00,166.00,143.00,1.0,-1,-1,-1
93,5,0.00,0.00,0.00,0.00,1.0,-1,-1,-1
93,6,0.00,0.00,0.00,0.00,1.0,-1,-1,-1
93,7,278.00,870.00,163.00,210.00,1.0,-1,-1,-1
93,8,0.00,0.00,0.00,0.00,1.0,-1,-1,-1
93,9,388.00,940.00,146.00,140.00,1.0,-1,-1,-1
93,10,1111.00,515.00,51.00,227.00,1.0,-1,-1,-1
93,11,740.00,474.00,73.00,225.00,1.0,-1,-1,-1
93,12,902.00,661.00,71.00,191.00,1.0,-1,-1,-1
93,13,903.00,745.00,134.00,233.00,1.0,-1,-1,-1
93,14,1592.00,512.00,93.00,278.00,1.0,-1,-1,-1
93,15,1732.00,497.00,119.00,265.00,1.0,-1,-1,-1
93,16,1396.00,544.00,75.00,245.00,1.0,-1,-1,-1
93,17,803.00,438.00,83.00,222.00,1.0,-1,-1,-1
93,18,1097.00,962.00,102.00,118.00,1.0,-1,-1,-1
93,19,1035.00,529.00,98.00,226.00,1.0,-1,-1,-1
93,20,535.00,494.00,97.00,243.00,1.0,-1,-1,-1
93,21,1286.00,465.00,81.00,272.00,1.0,-1,-1,-1
94,0,1628.00,699.00,103.00,298.00,1.0,-1,-1,-1
94,1,626.00,704.00,140.00,367.00,1.0,-1,-1,-1
94,2,753.00,669.00,103.00,307.00,1.0,-1,-1,-1
94,3,1154.00,913.00,155.00,167.00,1.0,-1,-1,-1
94,4,870.00,943.00,170.00,137.00,1.0,-1,-1,-1
94,5,0.00,0.00,0.00,0.00,1.0,-1,-1,-1
94,6,0.00,0.00,0.00,0.00,1.0,-1,-1,-1
94,7,280.00,873.00,156.00,207.00,1.0,-1,-1,-1
94,8,0.00,0.00,0.00,0.00,1.0,-1,-1,-1
94,9,383.00,942.00,142.00,138.00,1.0,-1,-1,-1
94,10,1109.00,514.00,52.00,227.00,1.0,-1,-1,-1
94,11,733.00,472.00,76.00,227.00,1.0,-1,-1,-1
94,12,900.00,661.00,73.00,140.00,1.0,-1,-1,-1
94,13,897.00,745.00,136.00,236.00,1.0,-1,-1,-1
94,14,1592.00,512.00,87.00,279.00,1.0,-1,-1,-1
94,15,1730.00,498.00,123.00,266.00,1.0,-1,-1,-1
94,16,1396.00,544.00,76.00,245.00,1.0,-1,-1,-1
94,17,814.00,439.00,72.00,218.00,1.0,-1,-1,-1
94,18,1100.00,967.00,100.00,113.00,1.0,-1,-1,-1
94,19,1034.00,529.00,98.00,225.00,1.0,-1,-1,-1
94,20,536.00,494.00,101.00,243.00,1.0,-1,-1,-1
94,21,1288.00,476.00,80.00,261.00,1.0,-1,-1,-1
95,0,1624.00,696.00,104.00,300.00,1.0,-1,-1,-1
95,1,625.00,701.00,138.00,370.00,1.0,-1,-1,-1
95,2,751.00,673.00,100.00,309.00,1.0,-1,-1,-1
95,3,1165.00,916.00,148.00,164.00,1.0,-1,-1,-1
95,4,865.00,942.00,175.00,138.00,1.0,-1,-1,-1
95,5,0.00,0.00,0.00,0.00,1.0,-1,-1,-1
95,6,0.00,0.00,0.00,0.00,1.0,-1,-1,-1
95,7,286.00,877.00,145.00,203.00,1.0,-1,-1,-1
95,8,0.00,0.00,0.00,0.00,1.0,-1,-1,-1
95,9,379.00,946.00,138.00,134.00,1.0,-1,-1,-1
95,10,1108.00,514.00,52.00,223.00,1.0,-1,-1,-1
95,11,727.00,468.00,80.00,230.00,1.0,-1,-1,-1
95,12,896.00,661.00,75.00,139.00,1.0,-1,-1,-1
95,13,894.00,744.00,137.00,240.00,1.0,-1,-1,-1
95,14,1597.00,512.00,84.00,278.00,1.0,-1,-1,-1
95,15,1733.00,497.00,122.00,268.00,1.0,-1,-1,-1
95,16,1401.00,545.00,74.00,243.00,1.0,-1,-1,-1
95,17,809.00,440.00,75.00,218.00,1.0,-1,-1,-1
95,18,1108.00,968.00,92.00,112.00,1.0,-1,-1,-1
95,19,1032.00,526.00,121.00,227.00,1.0,-1,-1,-1
95,20,538.00,492.00,104.00,244.00,1.0,-1,-1,-1
95,21,1290.00,477.00,78.00,262.00,1.0,-1,-1,-1
96,0,1623.00,691.00,103.00,305.00,1.0,-1,-1,-1
96,1,623.00,702.00,137.00,369.00,1.0,-1,-1,-1
96,2,750.00,675.00,93.00,312.00,1.0,-1,-1,-1
96,3,1166.00,917.00,153.00,163.00,1.0,-1,-1,-1
96,4,859.00,941.00,174.00,139.00,1.0,-1,-1,-1
96,5,0.00,0.00,0.00,0.00,1.0,-1,-1,-1
96,6,0.00,0.00,0.00,0.00,1.0,-1,-1,-1
96,7,289.00,881.00,142.00,199.00,1.0,-1,-1,-1
96,8,0.00,0.00,0.00,0.00,1.0,-1,-1,-1
96,9,400.00,951.00,112.00,129.00,1.0,-1,-1,-1
96,10,1106.00,514.00,53.00,223.00,1.0,-1,-1,-1
96,11,721.00,472.00,83.00,226.00,1.0,-1,-1,-1
96,12,894.00,662.00,77.00,141.00,1.0,-1,-1,-1
96,13,893.00,743.00,138.00,242.00,1.0,-1,-1,-1
96,14,1600.00,513.00,85.00,276.00,1.0,-1,-1,-1
96,15,1741.00,498.00,115.00,267.00,1.0,-1,-1,-1
96,16,1406.00,544.00,78.00,244.00,1.0,-1,-1,-1
96,17,811.00,441.00,79.00,217.00,1.0,-1,-1,-1
96,18,1112.00,968.00,92.00,112.00,1.0,-1,-1,-1
96,19,1034.00,530.00,100.00,223.00,1.0,-1,-1,-1
96,20,542.00,493.00,129.00,241.00,1.0,-1,-1,-1
96,21,1292.00,478.00,78.00,262.00,1.0,-1,-1,-1
97,0,1622.00,692.00,102.00,303.00,1.0,-1,-1,-1
97,1,621.00,700.00,138.00,370.00,1.0,-1,-1,-1
97,2,749.00,675.00,89.00,311.00,1.0,-1,-1,-1
97,3,1169.00,915.00,154.00,165.00,1.0,-1,-1,-1
97,4,857.00,942.00,184.00,138.00,1.0,-1,-1,-1
97,5,0.00,0.00,0.00,0.00,1.0,-1,-1,-1
97,6,0.00,0.00,0.00,0.00,1.0,-1,-1,-1
97,7,291.00,884.00,139.00,196.00,1.0,-1,-1,-1
97,8,0.00,0.00,0.00,0.00,1.0,-1,-1,-1
97,9,408.00,956.00,104.00,124.00,1.0,-1,-1,-1
97,10,1103.00,513.00,56.00,222.00,1.0,-1,-1,-1
97,11,716.00,471.00,89.00,226.00,1.0,-1,-1,-1
97,12,894.00,662.00,80.00,141.00,1.0,-1,-1,-1
97,13,890.00,743.00,140.00,236.00,1.0,-1,-1,-1
97,14,1601.00,512.00,91.00,275.00,1.0,-1,-1,-1
97,15,1751.00,496.00,107.00,267.00,1.0,-1,-1,-1
97,16,1412.00,544.00,74.00,243.00,1.0,-1,-1,-1
97,17,813.00,442.00,86.00,216.00,1.0,-1,-1,-1
97,18,1117.00,968.00,89.00,112.00,1.0,-1,-1,-1
97,19,1036.00,527.00,97.00,227.00,1.0,-1,-1,-1
97,20,543.00,493.00,130.00,238.00,1.0,-1,-1,-1
97,21,1295.00,474.00,77.00,265.00,1.0,-1,-1,-1
98,0,1619.00,693.00,107.00,301.00,1.0,-1,-1,-1
98,1,619.00,702.00,139.00,369.00,1.0,-1,-1,-1
98,2,749.00,677.00,86.00,312.00,1.0,-1,-1,-1
98,3,1166.00,916.00,158.00,164.00,1.0,-1,-1,-1
98,4,855.00,942.00,187.00,138.00,1.0,-1,-1,-1
98,5,0.00,0.00,0.00,0.00,1.0,-1,-1,-1
98,6,0.00,0.00,0.00,0.00,1.0,-1,-1,-1
98,7,292.00,887.00,138.00,193.00,1.0,-1,-1,-1
98,8,0.00,0.00,0.00,0.00,1.0,-1,-1,-1
98,9,406.00,961.00,124.00,119.00,1.0,-1,-1,-1
98,10,1104.00,513.00,55.00,221.00,1.0,-1,-1,-1
98,11,713.00,466.00,82.00,231.00,1.0,-1,-1,-1
98,12,894.00,664.00,81.00,143.00,1.0,-1,-1,-1
98,13,884.00,746.00,145.00,231.00,1.0,-1,-1,-1
98,14,1602.00,512.00,96.00,275.00,1.0,-1,-1,-1
98,15,1760.00,495.00,101.00,267.00,1.0,-1,-1,-1
98,16,1417.00,544.00,76.00,245.00,1.0,-1,-1,-1
98,17,815.00,443.00,91.00,216.00,1.0,-1,-1,-1
98,18,1120.00,968.00,90.00,112.00,1.0,-1,-1,-1
98,19,1037.00,528.00,97.00,226.00,1.0,-1,-1,-1
98,20,547.00,494.00,128.00,236.00,1.0,-1,-1,-1
98,21,1298.00,477.00,79.00,262.00,1.0,-1,-1,-1
99,0,1616.00,697.00,110.00,296.00,1.0,-1,-1,-1
99,1,617.00,703.00,139.00,372.00,1.0,-1,-1,-1
99,2,749.00,678.00,87.00,317.00,1.0,-1,-1,-1
99,3,1171.00,915.00,154.00,165.00,1.0,-1,-1,-1
99,4,854.00,945.00,171.00,135.00,1.0,-1,-1,-1
99,5,0.00,0.00,0.00,0.00,1.0,-1,-1,-1
99,6,0.00,0.00,0.00,0.00,1.0,-1,-1,-1
99,7,294.00,887.00,136.00,193.00,1.0,-1,-1,-1
99,8,0.00,0.00,0.00,0.00,1.0,-1,-1,-1
99,9,411.00,963.00,103.00,117.00,1.0,-1,-1,-1
99,10,1104.00,513.00,55.00,220.00,1.0,-1,-1,-1
99,11,704.00,464.00,88.00,232.00,1.0,-1,-1,-1
99,12,888.00,669.00,91.00,209.00,1.0,-1,-1,-1
99,13,891.00,748.00,136.00,228.00,1.0,-1,-1,-1
99,14,1602.00,512.00,103.00,273.00,1.0,-1,-1,-1
99,15,1769.00,495.00,98.00,265.00,1.0,-1,-1,-1
99,16,1421.00,543.00,86.00,248.00,1.0,-1,-1,-1
99,17,814.00,443.00,94.00,216.00,1.0,-1,-1,-1
99,18,1121.00,968.00,91.00,112.00,1.0,-1,-1,-1
99,19,1037.00,527.00,100.00,227.00,1.0,-1,-1,-1
99,20,550.00,495.00,127.00,231.00,1.0,-1,-1,-1
99,21,1303.00,476.00,77.00,263.00,1.0,-1,-1,-1
100,0,1613.00,696.00,108.00,297.00,1.0,-1,-1,-1
100,1,614.00,704.00,141.00,376.00,1.0,-1,-1,-1
100,2,747.00,683.00,88.00,315.00,1.0,-1,-1,-1
100,3,1171.00,915.00,153.00,165.00,1.0,-1,-1,-1
100,4,854.00,946.00,187.00,134.00,1.0,-1,-1,-1
100,5,0.00,0.00,0.00,0.00,1.0,-1,-1,-1
100,6,0.00,0.00,0.00,0.00,1.0,-1,-1,-1
100,7,293.00,888.00,137.00,192.00,1.0,-1,-1,-1
100,8,0.00,0.00,0.00,0.00,1.0,-1,-1,-1
100,9,407.00,966.00,118.00,114.00,1.0,-1,-1,-1
100,10,1104.00,513.00,54.00,220.00,1.0,-1,-1,-1
100,11,701.00,464.00,91.00,232.00,1.0,-1,-1,-1
100,12,885.00,669.00,94.00,219.00,1.0,-1,-1,-1
100,13,889.00,752.00,137.00,226.00,1.0,-1,-1,-1
100,14,1604.00,515.00,105.00,268.00,1.0,-1,-1,-1
100,15,1785.00,496.00,88.00,265.00,1.0,-1,-1,-1
100,16,1421.00,545.00,93.00,246.00,1.0,-1,-1,-1
100,17,813.00,443.00,98.00,216.00,1.0,-1,-1,-1
100,18,1121.00,970.00,91.00,110.00,1.0,-1,-1,-1
100,19,1038.00,526.00,100.00,229.00,1.0,-1,-1,-1
100,20,553.00,496.00,121.00,233.00,1.0,-1,-1,-1
100,21,1305.00,475.00,79.00,264.00,1.0,-1,-1,-1
101,0,1610.00,696.00,109.00,296.00,1.0,-1,-1,-1
101,1,611.00,707.00,143.00,373.00,1.0,-1,-1,-1
101,2,748.00,684.00,67.00,318.00,1.0,-1,-1,-1
101,3,1172.00,917.00,152.00,163.00,1.0,-1,-1,-1
101,4,855.00,950.00,186.00,130.00,1.0,-1,-1,-1
101,5,0.00,0.00,0.00,0.00,1.0,-1,-1,-1
101,6,0.00,0.00,0.00,0.00,1.0,-1,-1,-1
101,7,293.00,888.00,138.00,192.00,1.0,-1,-1,-1
101,8,0.00,0.00,0.00,0.00,1.0,-1,-1,-1
101,9,405.00,968.00,125.00,112.00,1.0,-1,-1,-1
101,10,1102.00,513.00,56.00,219.00,1.0,-1,-1,-1
101,11,700.00,465.00,92.00,231.00,1.0,-1,-1,-1
101,12,881.00,673.00,104.00,218.00,1.0,-1,-1,-1
101,13,889.00,757.00,137.00,222.00,1.0,-1,-1,-1
101,14,1607.00,516.00,108.00,265.00,1.0,-1,-1,-1
101,15,1799.00,496.00,81.00,263.00,1.0,-1,-1,-1
101,16,1421.00,548.00,93.00,248.00,1.0,-1,-1,-1
101,17,812.00,443.00,98.00,215.00,1.0,-1,-1,-1
101,18,1120.00,973.00,93.00,107.00,1.0,-1,-1,-1
101,19,1038.00,527.00,106.00,227.00,1.0,-1,-1,-1
101,20,554.00,498.00,122.00,235.00,1.0,-1,-1,-1
101,21,1306.00,475.00,80.00,263.00,1.0,-1,-1,-1
101,22,931.00,486.00,93.00,250.00,1.0,-1,-1,-1
102,0,1609.00,696.00,108.00,295.00,1.0,-1,-1,-1
102,1,610.00,709.00,142.00,371.00,1.0,-1,-1,-1
102,2,748.00,684.00,67.00,318.00,1.0,-1,-1,-1
102,3,1177.00,919.00,147.00,161.00,1.0,-1,-1,-1
102,4,857.00,957.00,184.00,123.00,1.0,-1,-1,-1
102,5,0.00,0.00,0.00,0.00,1.0,-1,-1,-1
102,6,0.00,0.00,0.00,0.00,1.0,-1,-1,-1
102,7,289.00,889.00,142.00,191.00,1.0,-1,-1,-1
102,8,0.00,0.00,0.00,0.00,1.0,-1,-1,-1
102,9,409.00,968.00,121.00,112.00,1.0,-1,-1,-1
102,10,1102.00,513.00,56.00,220.00,1.0,-1,-1,-1
102,11,698.00,465.00,94.00,474.00,1.0,-1,-1,-1
102,12,879.00,675.00,100.00,219.00,1.0,-1,-1,-1
102,13,889.00,759.00,137.00,223.00,1.0,-1,-1,-1
102,14,1613.00,519.00,110.00,255.00,1.0,-1,-1,-1
102,15,1813.00,496.00,75.00,264.00,1.0,-1,-1,-1
102,16,1423.00,548.00,95.00,249.00,1.0,-1,-1,-1
102,17,813.00,443.00,95.00,211.00,1.0,-1,-1,-1
102,18,1119.00,977.00,93.00,103.00,1.0,-1,-1,-1
102,19,1039.00,526.00,113.00,228.00,1.0,-1,-1,-1
102,20,558.00,500.00,120.00,241.00,1.0,-1,-1,-1
102,21,1308.00,475.00,80.00,263.00,1.0,-1,-1,-1
102,22,931.00,487.00,90.00,256.00,1.0,-1,-1,-1
103,0,1608.00,696.00,107.00,294.00,1.0,-1,-1,-1
103,1,611.00,710.00,141.00,370.00,1.0,-1,-1,-1
103,2,749.00,684.00,66.00,317.00,1.0,-1,-1,-1
103,3,1173.00,923.00,151.00,157.00,1.0,-1,-1,-1
103,4,863.00,961.00,184.00,119.00,1.0,-1,-1,-1
103,5,0.00,0.00,0.00,0.00,1.0,-1,-1,-1
103,6,0.00,0.00,0.00,0.00,1.0,-1,-1,-1
103,7,287.00,888.00,142.00,192.00,1.0,-1,-1,-1
103,8,0.00,0.00,0.00,0.00,1.0,-1,-1,-1
103,9,409.00,968.00,117.00,112.00,1.0,-1,-1,-1
103,10,1099.00,514.00,60.00,219.00,1.0,-1,-1,-1
103,11,698.00,462.00,85.00,232.00,1.0,-1,-1,-1
103,12,879.00,677.00,98.00,221.00,1.0,-1,-1,-1
103,13,891.00,762.00,136.00,224.00,1.0,-1,-1,-1
103,14,1620.00,518.00,110.00,246.00,1.0,-1,-1,-1
103,15,1820.00,497.00,76.00,260.00,1.0,-1,-1,-1
103,16,1428.00,548.00,91.00,249.00,1.0,-1,-1,-1
103,17,812.00,443.00,86.00,216.00,1.0,-1,-1,-1
103,18,1118.00,981.00,93.00,99.00,1.0,-1,-1,-1
103,19,1040.00,524.00,112.00,228.00,1.0,-1,-1,-1
103,20,560.00,500.00,122.00,245.00,1.0,-1,-1,-1
103,21,1310.00,472.00,83.00,266.00,1.0,-1,-1,-1
103,22,939.00,487.00,85.00,259.00,1.0,-1,-1,-1
104,0,1607.00,696.00,108.00,294.00,1.0,-1,-1,-1
104,1,609.00,712.00,143.00,368.00,1.0,-1,-1,-1
104,2,748.00,683.00,81.00,320.00,1.0,-1,-1,-1
104,3,1176.00,928.00,146.00,152.00,1.0,-1,-1,-1
104,4,864.00,963.00,198.00,117.00,1.0,-1,-1,-1
104,5,0.00,0.00,0.00,0.00,1.0,-1,-1,-1
104,6,0.00,0.00,0.00,0.00,1.0,-1,-1,-1
104,7,281.00,890.00,148.00,190.00,1.0,-1,-1,-1
104,8,0.00,0.00,0.00,0.00,1.0,-1,-1,-1
104,9,404.00,969.00,113.00,111.00,1.0,-1,-1,-1
104,10,1097.00,514.00,61.00,219.00,1.0,-1,-1,-1
104,11,695.00,461.00,97.00,478.00,1.0,-1,-1,-1
104,12,873.00,680.00,102.00,223.00,1.0,-1,-1,-1
104,13,890.00,765.00,136.00,229.00,1.0,-1,-1,-1
104,14,1640.00,517.00,92.00,231.00,1.0,-1,-1,-1
104,15,1821.00,496.00,99.00,263.00,1.0,-1,-1,-1
104,16,1431.00,547.00,90.00,252.00,1.0,-1,-1,-1
104,17,810.00,444.00,74.00,215.00,1.0,-1,-1,-1
104,18,1118.00,985.00,93.00,95.00,1.0,-1,-1,-1
104,19,1040.00,523.00,110.00,231.00,1.0,-1,-1,-1
104,20,564.00,501.00,120.00,251.00,1.0,-1,-1,-1
104,21,1314.00,476.00,79.00,262.00,1.0,-1,-1,-1
104,22,941.00,487.00,81.00,260.00,1.0,-1,-1,-1
105,0,1604.00,694.00,110.00,295.00,1.0,-1,-1,-1
105,1,606.00,715.00,146.00,365.00,1.0,-1,-1,-1
105,2,747.00,682.00,114.00,318.00,1.0,-1,-1,-1
105,3,1177.00,934.00,141.00,146.00,1.0,-1,-1,-1
105,4,863.00,968.00,195.00,112.00,1.0,-1,-1,-1
105,5,0.00,0.00,0.00,0.00,1.0,-1,-1,-1
105,6,0.00,0.00,0.00,0.00,1.0,-1,-1,-1
105,7,279.00,893.00,150.00,187.00,1.0,-1,-1,-1
105,8,0.00,0.00,0.00,0.00,1.0,-1,-1,-1
105,9,394.00,970.00,123.00,110.00,1.0,-1,-1,-1
105,10,1095.00,512.00,64.00,222.00,1.0,-1,-1,-1
105,11,692.00,459.00,70.00,228.00,1.0,-1,-1,-1
105,12,875.00,686.00,97.00,219.00,1.0,-1,-1,-1
105,13,894.00,767.00,132.00,229.00,1.0,-1,-1,-1
105,14,1648.00,516.00,91.00,268.00,1.0,-1,-1,-1
105,15,1819.00,498.00,101.00,261.00,1.0,-1,-1,-1
105,16,1438.00,549.00,89.00,250.00,1.0,-1,-1,-1
105,17,810.00,443.00,75.00,218.00,1.0,-1,-1,-1
105,18,1120.00,992.00,90.00,88.00,1.0,-1,-1,-1
105,19,1038.00,523.00,109.00,227.00,1.0,-1,-1,-1
105,20,571.00,501.00,113.00,258.00,1.0,-1,-1,-1
105,21,1314.00,477.00,81.00,261.00,1.0,-1,-1,-1
105,22,945.00,491.00,77.00,264.00,1.0,-1,-1,-1
106,0,1602.00,694.00,112.00,296.00,1.0,-1,-1,-1
106,1,604.00,718.00,151.00,362.00,1.0,-1,-1,-1
106,2,749.00,683.00,122.00,313.00,1.0,-1,-1,-1
106,3,1176.00,939.00,139.00,141.00,1.0,-1,-1,-1
106,4,860.00,967.00,195.00,113.00,1.0,-1,-1,-1
106,5,0.00,0.00,0.00,0.00,1.0,-1,-1,-1
106,6,0.00,0.00,0.00,0.00,1.0,-1,-1,-1
106,7,277.00,896.00,151.00,184.00,1.0,-1,-1,-1
106,8,0.00,0.00,0.00,0.00,1.0,-1,-1,-1
106,9,388.00,974.00,124.00,106.00,1.0,-1,-1,-1
106,10,1092.00,513.00,67.00,220.00,1.0,-1,-1,-1
106,11,687.00,457.00,61.00,226.00,1.0,-1,-1,-1
106,12,870.00,690.00,101.00,171.00,1.0,-1,-1,-1
106,13,893.00,768.00,133.00,228.00,1.0,-1,-1,-1
106,14,1653.00,514.00,91.00,274.00,1.0,-1,-1,-1
106,15,1820.00,499.00,100.00,261.00,1.0,-1,-1,-1
106,16,1447.00,549.00,89.00,250.00,1.0,-1,-1,-1
106,17,809.00,444.00,70.00,219.00,1.0,-1,-1,-1
106,18,1126.00,998.00,85.00,82.00,1.0,-1,-1,-1
106,19,1037.00,520.00,107.00,232.00,1.0,-1,-1,-1
106,20,573.00,501.00,130.00,262.00,1.0,-1,-1,-1
106,21,1319.00,479.00,79.00,265.00,1.0,-1,-1,-1
106,22,941.00,489.00,80.00,267.00,1.0,-1,-1,-1
107,0,1601.00,693.00,112.00,296.00,1.0,-1,-1,-1
107,1,602.00,718.00,156.00,362.00,1.0,-1,-1,-1
107,2,756.00,684.00,128.00,279.00,1.0,-1,-1,-1
107,3,1171.00,944.00,144.00,136.00,1.0,-1,-1,-1
107,4,857.00,971.00,196.00,109.00,1.0,-1,-1,-1
107,5,0.00,0.00,0.00,0.00,1.0,-1,-1,-1
107,6,0.00,0.00,0.00,0.00,1.0,-1,-1,-1
107,7,276.00,899.00,151.00,181.00,1.0,-1,-1,-1
107,8,0.00,0.00,0.00,0.00,1.0,-1,-1,-1
107,9,385.00,978.00,125.00,102.00,1.0,-1,-1,-1
107,10,1091.00,512.00,68.00,220.00,1.0,-1,-1,-1
107,11,684.00,457.00,61.00,202.00,1.0,-1,-1,-1
107,12,867.00,690.00,103.00,187.00,1.0,-1,-1,-1
107,13,893.00,768.00,134.00,229.00,1.0,-1,-1,-1
107,14,1661.00,512.00,90.00,276.00,1.0,-1,-1,-1
107,15,1820.00,500.00,100.00,260.00,1.0,-1,-1,-1
107,16,1460.00,551.00,82.00,248.00,1.0,-1,-1,-1
107,17,810.00,444.00,74.00,220.00,1.0,-1,-1,-1
107,18,1134.00,1003.00,75.00,77.00,1.0,-1,-1,-1
107,19,1038.00,516.00,104.00,234.00,1.0,-1,-1,-1
107,20,576.00,502.00,134.00,265.00,1.0,-1,-1,-1
107,21,1319.00,481.00,86.00,265.00,1.0,-1,-1,-1
107,22,947.00,495.00,77.00,261.00,1.0,-1,-1,-1
108,0,1601.00,694.00,112.00,294.00,1.0,-1,-1,-1
108,1,613.00,719.00,145.00,361.00,1.0,-1,-1,-1
108,2,759.00,685.00,138.00,334.00,1.0,-1,-1,-1
108,3,1172.00,946.00,143.00,134.00,1.0,-1,-1,-1
108,4,855.00,971.00,195.00,109.00,1.0,-1,-1,-1
108,5,0.00,0.00,0.00,0.00,1.0,-1,-1,-1
108,6,0.00,0.00,0.00,0.00,1.0,-1,-1,-1
108,7,276.00,903.00,150.00,177.00,1.0,-1,-1,-1
108,8,0.00,0.00,0.00,0.00,1.0,-1,-1,-1
108,9,382.00,984.00,123.00,96.00,1.0,-1,-1,-1
108,10,1090.00,512.00,67.00,221.00,1.0,-1,-1,-1
108,11,683.00,454.00,58.00,204.00,1.0,-1,-1,-1
108,12,863.00,690.00,106.00,197.00,1.0,-1,-1,-1
108,13,893.00,767.00,134.00,234.00,1.0,-1,-1,-1
108,14,1675.00,511.00,79.00,278.00,1.0,-1,-1,-1
108,15,1821.00,500.00,99.00,260.00,1.0,-1,-1,-1
108,16,1466.00,552.00,82.00,246.00,1.0,-1,-1,-1
108,17,809.00,446.00,74.00,219.00,1.0,-1,-1,-1
108,18,1138.00,1005.00,69.00,75.00,1.0,-1,-1,-1
108,19,1037.00,516.00,104.00,232.00,1.0,-1,-1,-1
108,20,580.00,500.00,129.00,267.00,1.0,-1,-1,-1
108,21,1318.00,483.00,95.00,262.00,1.0,-1,-1,-1
108,22,947.00,496.00,78.00,259.00,1.0,-1,-1,-1
108,23,468.00,703.00,151.00,259.00,1.0,-1,-1,-1
109,0,1600.00,692.00,112.00,295.00,1.0,-1,-1,-1
109,1,612.00,719.00,150.00,361.00,1.0,-1,-1,-1
109,2,761.00,688.00,130.00,331.00,1.0,-1,-1,-1
109,3,1172.00,948.00,143.00,132.00,1.0,-1,-1,-1
109,4,852.00,972.00,197.00,108.00,1.0,-1,-1,-1
109,5,0.00,0.00,0.00,0.00,1.0,-1,-1,-1
109,6,0.00,0.00,0.00,0.00,1.0,-1,-1,-1
109,7,278.00,907.00,149.00,173.00,1.0,-1,-1,-1
109,8,0.00,0.00,0.00,0.00,1.0,-1,-1,-1
109,9,373.00,992.00,125.00,88.00,1.0,-1,-1,-1
109,10,1090.00,513.00,63.00,218.00,1.0,-1,-1,-1
109,11,681.00,455.00,57.00,202.00,1.0,-1,-1,-1
109,12,857.00,689.00,111.00,181.00,1.0,-1,-1,-1
109,13,892.00,767.00,136.00,238.00,1.0,-1,-1,-1
109,14,1679.00,512.00,82.00,277.00,1.0,-1,-1,-1
109,15,1824.00,499.00,96.00,260.00,1.0,-1,-1,-1
109,16,1470.00,552.00,83.00,249.00,1.0,-1,-1,-1
109,17,810.00,447.00,78.00,221.00,1.0,-1,-1,-1
109,18,1139.00,1007.00,65.00,73.00,1.0,-1,-1,-1
109,19,1037.00,515.00,102.00,234.00,1.0,-1,-1,-1
109,20,582.00,501.00,124.00,267.00,1.0,-1,-1,-1
109,21,1328.00,485.00,87.00,261.00,1.0,-1,-1,-1
109,22,945.00,498.00,82.00,258.00,1.0,-1,-1,-1
109,23,466.00,703.00,151.00,265.00,1.0,-1,-1,-1
110,0,1600.00,691.00,111.00,295.00,1.0,-1,-1,-1
110,1,613.00,720.00,151.00,360.00,1.0,-1,-1,-1
110,2,788.00,692.00,94.00,331.00,1.0,-1,-1,-1
110,3,1172.00,949.00,142.00,131.00,1.0,-1,-1,-1
110,4,849.00,972.00,200.00,108.00,1.0,-1,-1,-1
110,5,0.00,0.00,0.00,0.00,1.0,-1,-1,-1
110,6,0.00,0.00,0.00,0.00,1.0,-1,-1,-1
110,7,278.00,911.00,144.00,169.00,1.0,-1,-1,-1
110,8,0.00,0.00,0.00,0.00,1.0,-1,-1,-1
110,9,368.00,996.00,122.00,84.00,1.0,-1,-1,-1
110,10,1086.00,512.00,66.00,220.00,1.0,-1,-1,-1
110,11,677.00,455.00,58.00,204.00,1.0,-1,-1,-1
110,12,854.00,688.00,116.00,183.00,1.0,-1,-1,-1
110,13,888.00,767.00,140.00,241.00,1.0,-1,-1,-1
110,14,1681.00,512.00,79.00,284.00,1.0,-1,-1,-1
110,15,1826.00,500.00,94.00,259.00,1.0,-1,-1,-1
110,16,1475.00,550.00,83.00,254.00,1.0,-1,-1,-1
110,17,811.00,449.00,79.00,221.00,1.0,-1,-1,-1
110,18,1139.00,1007.00,63.00,73.00,1.0,-1,-1,-1
110,19,1037.00,516.00,101.00,233.00,1.0,-1,-1,-1
110,20,584.00,500.00,120.00,263.00,1.0,-1,-1,-1
110,21,1331.00,487.00,85.00,262.00,1.0,-1,-1,-1
110,22,936.00,498.00,91.00,258.00,1.0,-1,-1,-1
110,23,466.00,704.00,148.00,267.00,1.0,-1,-1,-1
111,0,1600.00,692.00,110.00,294.00,1.0,-1,-1,-1
111,1,612.00,720.00,153.00,360.00,1.0,-1,-1,-1
111,2,788.00,695.00,83.00,328.00,1.0,-1,-1,-1
111,3,1171.00,949.00,141.00,131.00,1.0,-1,-1,-1
111,4,849.00,974.00,198.00,106.00,1.0,-1,-1,-1
111,5,0.00,0.00,0.00,0.00,1.0,-1,-1,-1
111,6,0.00,0.00,0.00,0.00,1.0,-1,-1,-1
111,7,275.00,914.00,146.00,166.00,1.0,-1,-1,-1
111,8,0.00,0.00,0.00,0.00,1.0,-1,-1,-1
111,9,369.00,1003.00,111.00,77.00,1.0,-1,-1,-1
111,10,1089.00,514.00,59.00,215.00,1.0,-1,-1,-1
111,11,674.00,455.00,59.00,199.00,1.0,-1,-1,-1
111,12,854.00,689.00,115.00,183.00,1.0,-1,-1,-1
111,13,886.00,768.00,142.00,238.00,1.0,-1,-1,-1
111,14,1682.00,513.00,86.00,287.00,1.0,-1,-1,-1
111,15,1830.00,500.00,90.00,258.00,1.0,-1,-1,-1
111,16,1478.00,554.00,81.00,251.00,1.0,-1,-1,-1
111,17,812.00,450.00,78.00,221.00,1.0,-1,-1,-1
111,18,1138.00,1007.00,62.00,73.00,1.0,-1,-1,-1
111,19,1036.00,516.00,101.00,232.00,1.0,-1,-1,-1
111,20,585.00,501.00,128.00,262.00,1.0,-1,-1,-1
111,21,1333.00,488.00,83.00,265.00,1.0,-1,-1,-1
111,22,939.00,500.00,94.00,258.00,1.0,-1,-1,-1
111,23,468.00,704.00,145.00,265.00,1.0,-1,-1,-1
112,0,1600.00,691.00,110.00,294.00,1.0,-1,-1,-1
112,1,612.00,720.00,153.00,360.00,1.0,-1,-1,-1
112,2,787.00,698.00,86.00,326.00,1.0,-1,-1,-1
112,3,1169.00,949.00,143.00,131.00,1.0,-1,-1,-1
112,4,850.00,976.00,196.00,104.00,1.0,-1,-1,-1
112,5,0.00,0.00,0.00,0.00,1.0,-1,-1,-1
112,6,0.00,0.00,0.00,0.00,1.0,-1,-1,-1
112,7,272.00,918.00,146.00,162.00,1.0,-1,-1,-1
112,8,0.00,0.00,0.00,0.00,1.0,-1,-1,-1
112,9,341.00,1006.00,132.00,74.00,1.0,-1,-1,-1
112,10,1089.00,514.00,57.00,212.00,1.0,-1,-1,-1
112,11,671.00,458.00,60.00,195.00,1.0,-1,-1,-1
112,12,856.00,686.00,111.00,188.00,1.0,-1,-1,-1
112,13,880.00,770.00,147.00,236.00,1.0,-1,-1,-1
112,14,1681.00,515.00,87.00,286.00,1.0,-1,-1,-1
112,15,1839.00,499.00,81.00,261.00,1.0,-1,-1,-1
112,16,1484.00,556.00,83.00,249.00,1.0,-1,-1,-1
112,17,812.00,449.00,77.00,223.00,1.0,-1,-1,-1
112,18,1137.00,1008.00,63.00,72.00,1.0,-1,-1,-1
112,19,1036.00,516.00,99.00,232.00,1.0,-1,-1,-1
112,20,588.00,502.00,116.00,262.00,1.0,-1,-1,-1
112,21,1335.00,489.00,88.00,265.00,1.0,-1,-1,-1
112,22,938.00,500.00,97.00,266.00,1.0,-1,-1,-1
112,23,468.00,706.00,143.00,272.00,1.0,-1,-1,-1
113,0,1599.00,690.00,111.00,295.00,1.0,-1,-1,-1
113,1,611.00,721.00,152.00,359.00,1.0,-1,-1,-1
113,2,782.00,701.00,91.00,323.00,1.0,-1,-1,-1
113,3,1166.00,950.00,145.00,130.00,1.0,-1,-1,-1
113,4,850.00,980.00,193.00,100.00,1.0,-1,-1,-1
113,5,0.00,0.00,0.00,0.00,1.0,-1,-1,-1
113,6,0.00,0.00,0.00,0.00,1.0,-1,-1,-1
113,7,267.00,917.00,167.00,163.00,1.0,-1,-1,-1
113,8,0.00,0.00,0.00,0.00,1.0,-1,-1,-1
113,9,331.00,1007.00,136.00,73.00,1.0,-1,-1,-1
113,10,1090.00,513.00,50.00,213.00,1.0,-1,-1,-1
113,11,671.00,462.00,58.00,189.00,1.0,-1,-1,-1
113,12,857.00,689.00,108.00,188.00,1.0,-1,-1,-1
113,13,877.00,772.00,149.00,237.00,1.0,-1,-1,-1
113,14,1684.00,517.00,90.00,284.00,1.0,-1,-1,-1
113,15,1847.00,499.00,73.00,262.00,1.0,-1,-1,-1
113,16,1484.00,558.00,88.00,250.00,1.0,-1,-1,-1
113,17,811.00,449.00,77.00,223.00,1.0,-1,-1,-1
113,18,1134.00,1009.00,66.00,71.00,1.0,-1,-1,-1
113,19,1035.00,516.00,99.00,231.00,1.0,-1,-1,-1
113,20,589.00,502.00,134.00,265.00,1.0,-1,-1,-1
113,21,1338.00,488.00,87.00,266.00,1.0,-1,-1,-1
113,22,932.00,503.00,104.00,266.00,1.0,-1,-1,-1
113,23,468.00,708.00,140.00,273.00,1.0,-1,-1,-1
114,0,1599.00,692.00,112.00,292.00,1.0,-1,-1,-1
114,1,609.00,724.00,151.00,356.00,1.0,-1,-1,-1
114,2,778.00,704.00,95.00,320.00,1.0,-1,-1,-1
114,3,1151.00,952.00,158.00,128.00,1.0,-1,-1,-1
114,4,851.00,983.00,189.00,97.00,1.0,-1,-1,-1
114,5,0.00,0.00,0.00,0.00,1.0,-1,-1,-1
114,6,0.00,0.00,0.00,0.00,1.0,-1,-1,-1
114,7,261.00,917.00,170.00,163.00,1.0,-1,-1,-1
114,8,0.00,0.00,0.00,0.00,1.0,-1,-1,-1
114,9,328.00,1007.00,135.00,73.00,1.0,-1,-1,-1
114,10,1091.00,514.00,45.00,213.00,1.0,-1,-1,-1
114,11,670.00,472.00,46.00,131.00,1.0,-1,-1,-1
114,12,858.00,689.00,106.00,188.00,1.0,-1,-1,-1
114,13,874.00,776.00,150.00,237.00,1.0,-1,-1,-1
114,14,1690.00,522.00,90.00,280.00,1.0,-1,-1,-1
114,15,1855.00,500.00,65.00,256.00,1.0,-1,-1,-1
114,16,1484.00,561.00,92.00,249.00,1.0,-1,-1,-1
114,17,812.00,449.00,73.00,223.00,1.0,-1,-1,-1
114,18,1132.00,1010.00,67.00,70.00,1.0,-1,-1,-1
114,19,1034.00,516.00,98.00,229.00,1.0,-1,-1,-1
114,20,591.00,502.00,136.00,267.00,1.0,-1,-1,-1
114,21,1340.00,487.00,87.00,266.00,1.0,-1,-1,-1
114,22,947.00,505.00,90.00,268.00,1.0,-1,-1,-1
114,23,466.00,711.00,134.00,271.00,1.0,-1,-1,-1
115,0,1597.00,690.00,113.00,294.00,1.0,-1,-1,-1
115,1,607.00,726.00,365.00,354.00,1.0,-1,-1,-1
115,2,768.00,704.00,105.00,320.00,1.0,-1,-1,-1
115,3,1164.00,957.00,143.00,123.00,1.0,-1,-1,-1
115,4,853.00,991.00,183.00,89.00,1.0,-1,-1,-1
115,5,0.00,0.00,0.00,0.00,1.0,-1,-1,-1
115,6,0.00,0.00,0.00,0.00,1.0,-1,-1,-1
115,7,258.00,918.00,191.00,162.00,1.0,-1,-1,-1
115,8,0.00,0.00,0.00,0.00,1.0,-1,-1,-1
115,9,326.00,1006.00,133.00,74.00,1.0,-1,-1,-1
115,10,1076.00,512.00,54.00,215.00,1.0,-1,-1,-1
115,11,670.00,481.00,39.00,92.00,1.0,-1,-1,-1
115,12,859.00,697.00,105.00,181.00,1.0,-1,-1,-1
115,13,873.00,781.00,150.00,239.00,1.0,-1,-1,-1
115,14,1693.00,520.00,89.00,284.00,1.0,-1,-1,-1
115,15,1865.00,499.00,55.00,253.00,1.0,-1,-1,-1
115,16,1488.00,562.00,92.00,251.00,1.0,-1,-1,-1
115,17,813.00,449.00,71.00,223.00,1.0,-1,-1,-1
115,18,1132.00,1012.00,68.00,68.00,1.0,-1,-1,-1
115,19,1034.00,517.00,96.00,226.00,1.0,-1,-1,-1
115,20,593.00,502.00,137.00,267.00,1.0,-1,-1,-1
115,21,1343.00,487.00,83.00,266.00,1.0,-1,-1,-1
115,22,940.00,504.00,97.00,271.00,1.0,-1,-1,-1
115,23,462.00,715.00,136.00,271.00,1.0,-1,-1,-1
116,0,1599.00,691.00,112.00,292.00,1.0,-1,-1,-1
116,1,604.00,731.00,149.00,349.00,1.0,-1,-1,-1
116,2,766.00,704.00,108.00,319.00,1.0,-1,-1,-1
116,3,1165.00,961.00,143.00,119.00,1.0,-1,-1,-1
116,4,856.00,994.00,176.00,86.00,1.0,-1,-1,-1
116,5,0.00,0.00,0.00,0.00,1.0,-1,-1,-1
116,6,0.00,0.00,0.00,0.00,1.0,-1,-1,-1
116,7,256.00,917.00,170.00,163.00,1.0,-1,-1,-1
116,8,0.00,0.00,0.00,0.00,1.0,-1,-1,-1
116,9,330.00,1006.00,128.00,74.00,1.0,-1,-1,-1
116,10,1071.00,510.00,64.00,217.00,1.0,-1,-1,-1
116,11,666.00,481.00,30.00,74.00,1.0,-1,-1,-1
116,12,861.00,702.00,104.00,178.00,1.0,-1,-1,-1
116,13,873.00,785.00,149.00,238.00,1.0,-1,-1,-1
116,14,1701.00,521.00,83.00,283.00,1.0,-1,-1,-1
116,15,1878.00,512.00,42.00,241.00,1.0,-1,-1,-1
116,16,1495.00,562.00,92.00,251.00,1.0,-1,-1,-1
116,17,818.00,448.00,65.00,224.00,1.0,-1,-1,-1
116,18,1136.00,1019.00,62.00,61.00,1.0,-1,-1,-1
116,19,1034.00,513.00,96.00,230.00,1.0,-1,-1,-1
116,20,596.00,504.00,138.00,266.00,1.0,-1,-1,-1
116,21,1349.00,487.00,76.00,266.00,1.0,-1,-1,-1
116,22,945.00,505.00,94.00,272.00,1.0,-1,-1,-1
116,23,459.00,719.00,139.00,268.00,1.0,-1,-1,-1
117,0,1598.00,690.00,111.00,294.00,1.0,-1,-1,-1
117,1,603.00,733.00,147.00,347.00,1.0,-1,-1,-1
117,2,761.00,703.00,112.00,320.00,1.0,-1,-1,-1
117,3,1142.00,967.00,163.00,113.00,1.0,-1,-1,-1
117,4,858.00,996.00,168.00,84.00,1.0,-1,-1,-1
117,5,0.00,0.00,0.00,0.00,1.0,-1,-1,-1
117,6,0.00,0.00,0.00,0.00,1.0,-1,-1,-1
117,7,253.00,917.00,194.00,163.00,1.0,-1,-1,-1
117,8,0.00,0.00,0.00,0.00,1.0,-1,-1,-1
117,9,325.00,1008.00,129.00,72.00,1.0,-1,-1,-1
117,10,1071.00,510.00,58.00,215.00,1.0,-1,-1,-1
117,11,661.00,478.00,29.00,51.00,1.0,-1,-1,-1
117,12,861.00,706.00,104.00,175.00,1.0,-1,-1,-1
117,13,874.00,789.00,146.00,236.00,1.0,-1,-1,-1
117,14,1705.00,522.00,84.00,283.00,1.0,-1,-1,-1
117,15,1889.00,518.00,31.00,240.00,1.0,-1,-1,-1
117,16,1501.00,562.00,90.00,251.00,1.0,-1,-1,-1
117,17,816.00,448.00,68.00,224.00,1.0,-1,-1,-1
117,18,1141.00,1025.00,58.00,55.00,1.0,-1,-1,-1
117,19,1032.00,514.00,97.00,229.00,1.0,-1,-1,-1
117,20,600.00,513.00,137.00,257.00,1.0,-1,-1,-1
117,21,1349.00,486.00,81.00,266.00,1.0,-1,-1,-1
117,22,934.00,505.00,105.00,272.00,1.0,-1,-1,-1
117,23,455.00,722.00,138.00,265.00,1.0,-1,-1,-1
118,0,1598.00,690.00,110.00,294.00,1.0,-1,-1,-1
118,1,600.00,736.00,150.00,344.00,1.0,-1,-1,-1
118,2,757.00,704.00,121.00,319.00,1.0,-1,-1,-1
118,3,1149.00,973.00,156.00,107.00,1.0,-1,-1,-1
118,4,858.00,1000.00,166.00,80.00,1.0,-1,-1,-1
118,5,0.00,0.00,0.00,0.00,1.0,-1,-1,-1
118,6,0.00,0.00,0.00,0.00,1.0,-1,-1,-1
118,7,252.00,919.00,195.00,161.00,1.0,-1,-1,-1
118,8,0.00,0.00,0.00,0.00,1.0,-1,-1,-1
118,9,322.00,1008.00,125.00,72.00,1.0,-1,-1,-1
118,10,1073.00,509.00,57.00,216.00,1.0,-1,-1,-1
118,11,661.00,477.00,28.00,40.00,1.0,-1,-1,-1
118,12,860.00,708.00,106.00,173.00,1.0,-1,-1,-1
118,13,872.00,793.00,143.00,235.00,1.0,-1,-1,-1
118,14,1708.00,520.00,91.00,284.00,1.0,-1,-1,-1
118,15,1903.00,535.00,17.00,138.00,1.0,-1,-1,-1
118,16,1508.00,562.00,88.00,251.00,1.0,-1,-1,-1
118,17,816.00,448.00,68.00,225.00,1.0,-1,-1,-1
118,18,1147.00,1029.00,53.00,51.00,1.0,-1,-1,-1
118,19,1030.00,519.00,98.00,226.00,1.0,-1,-1,-1
118,20,603.00,516.00,137.00,255.00,1.0,-1,-1,-1
118,21,1351.00,486.00,87.00,267.00,1.0,-1,-1,-1
118,22,926.00,500.00,115.00,277.00,1.0,-1,-1,-1
118,23,450.00,724.00,137.00,268.00,1.0,-1,-1,-1
119,0,1599.00,690.00,108.00,293.00,1.0,-1,-1,-1
119,1,599.00,739.00,145.00,341.00,1.0,-1,-1,-1
119,2,751.00,704.00,125.00,319.00,1.0,-1,-1,-1
119,3,1154.00,979.00,150.00,101.00,1.0,-1,-1,-1
119,4,856.00,999.00,168.00,81.00,1.0,-1,-1,-1
119,5,0.00,0.00,0.00,0.00,1.0,-1,-1,-1
119,6,0.00,0.00,0.00,0.00,1.0,-1,-1,-1
119,7,250.00,921.00,183.00,159.00,1.0,-1,-1,-1
119,8,0.00,0.00,0.00,0.00,1.0,-1,-1,-1
119,9,319.00,1011.00,117.00,69.00,1.0,-1,-1,-1
119,10,1074.00,508.00,55.00,217.00,1.0,-1,-1,-1
119,11,0.00,0.00,0.00,0.00,1.0,-1,-1,-1
119,12,859.00,709.00,109.00,172.00,1.0,-1,-1,-1
119,13,871.00,795.00,141.00,233.00,1.0,-1,-1,-1
119,14,1709.00,519.00,98.00,285.00,1.0,-1,-1,-1
119,15,1907.00,538.00,13.00,109.00,1.0,-1,-1,-1
119,16,1518.00,561.00,83.00,251.00,1.0,-1,-1,-1
119,17,817.00,449.00,68.00,224.00,1.0,-1,-1,-1
119,18,1153.00,1030.00,49.00,50.00,1.0,-1,-1,-1
119,19,1029.00,519.00,98.00,226.00,1.0,-1,-1,-1
119,20,606.00,513.00,138.00,259.00,1.0,-1,-1,-1
119,21,1356.00,486.00,83.00,267.00,1.0,-1,-1,-1
119,22,968.00,498.00,77.00,279.00,1.0,-1,-1,-1
119,23,446.00,727.00,137.00,272.00,1.0,-1,-1,-1
120,0,1599.00,690.00,109.00,293.00,1.0,-1,-1,-1
120,1,596.00,740.00,146.00,340.00,1.0,-1,-1,-1
120,2,745.00,706.00,131.00,318.00,1.0,-1,-1,-1
120,3,1159.00,982.00,143.00,98.00,1.0,-1,-1,-1
120,4,854.00,1000.00,168.00,80.00,1.0,-1,-1,-1
120,5,0.00,0.00,0.00,0.00,1.0,-1,-1,-1
120,6,0.00,0.00,0.00,0.00,1.0,-1,-1,-1
120,7,249.00,925.00,178.00,155.00,1.0,-1,-1,-1
120,8,0.00,0.00,0.00,0.00,1.0,-1,-1,-1
120,9,320.00,1018.00,93.00,62.00,1.0,-1,-1,-1
120,10,1073.00,509.00,53.00,216.00,1.0,-1,-1,-1
120,11,610.00,453.00,50.00,116.00,1.0,-1,-1,-1
120,12,860.00,710.00,110.00,172.00,1.0,-1,-1,-1
120,13,869.00,797.00,140.00,234.00,1.0,-1,-1,-1
120,14,1714.00,518.00,98.00,287.00,1.0,-1,-1,-1
120,15,1912.00,548.00,8.00,201.00,1.0,-1,-1,-1
120,16,1524.00,562.00,82.00,250.00,1.0,-1,-1,-1
120,17,817.00,451.00,66.00,223.00,1.0,-1,-1,-1
120,18,1159.00,1031.00,46.00,49.00,1.0,-1,-1,-1
120,19,1036.00,522.00,88.00,223.00,1.0,-1,-1,-1
120,20,608.00,515.00,138.00,254.00,1.0,-1,-1,-1
120,21,1356.00,488.00,91.00,268.00,1.0,-1,-1,-1
120,22,967.00,498.00,83.00,281.00,1.0,-1,-1,-1
120,23,441.00,729.00,138.00,275.00,1.0,-1,-1,-1
121,0,1599.00,690.00,110.00,293.00,1.0,-1,-1,-1
121,1,595.00,741.00,144.00,339.00,1.0,-1,-1,-1
121,2,742.00,708.00,134.00,322.00,1.0,-1,-1,-1
121,3,1170.00,984.00,132.00,96.00,1.0,-1,-1,-1
121,4,853.00,1000.00,168.00,80.00,1.0,-1,-1,-1
121,5,0.00,0.00,0.00,0.00,1.0,-1,-1,-1
121,6,0.00,0.00,0.00,0.00,1.0,-1,-1,-1
121,7,249.00,929.00,172.00,151.00,1.0,-1,-1,-1
121,8,0.00,0.00,0.00,0.00,1.0,-1,-1,-1
121,9,322.00,1025.00,89.00,55.00,1.0,-1,-1,-1
121,10,1075.00,508.00,51.00,218.00,1.0,-1,-1,-1
121,11,610.00,449.00,40.00,114.00,1.0,-1,-1,-1
121,12,858.00,710.00,112.00,175.00,1.0,-1,-1,-1
121,13,867.00,798.00,139.00,232.00,1.0,-1,-1,-1
121,14,1720.00,517.00,84.00,288.00,1.0,-1,-1,-1
121,15,1912.00,734.00,8.00,22.00,1.0,-1,-1,-1
121,16,1524.00,562.00,86.00,251.00,1.0,-1,-1,-1
121,17,818.00,455.00,62.00,220.00,1.0,-1,-1,-1
121,18,1168.00,1039.00,38.00,41.00,1.0,-1,-1,-1
121,19,1035.00,522.00,89.00,221.00,1.0,-1,-1,-1
121,20,610.00,514.00,132.00,229.00,1.0,-1,-1,-1
121,21,1359.00,490.00,93.00,270.00,1.0,-1,-1,-1
121,22,969.00,498.00,90.00,280.00,1.0,-1,-1,-1
121,23,437.00,730.00,137.00,281.00,1.0,-1,-1,-1
122,0,1599.00,690.00,111.00,293.00,1.0,-1,-1,-1
122,1,594.00,741.00,142.00,339.00,1.0,-1,-1,-1
122,2,741.00,710.00,135.00,329.00,1.0,-1,-1,-1
122,3,1172.00,985.00,131.00,95.00,1.0,-1,-1,-1
122,4,851.00,1004.00,169.00,76.00,1.0,-1,-1,-1
122,5,0.00,0.00,0.00,0.00,1.0,-1,-1,-1
122,6,0.00,0.00,0.00,0.00,1.0,-1,-1,-1
122,7,252.00,934.00,690.00,146.00,1.0,-1,-1,-1
122,8,0.00,0.00,0.00,0.00,1.0,-1,-1,-1
122,9,337.00,1030.00,76.00,50.00,1.0,-1,-1,-1
122,10,1072.00,509.00,53.00,220.00,1.0,-1,-1,-1
122,11,603.00,442.00,48.00,133.00,1.0,-1,-1,-1
122,12,858.00,710.00,113.00,177.00,1.0,-1,-1,-1
122,13,867.00,797.00,137.00,234.00,1.0,-1,-1,-1
122,14,1728.00,517.00,83.00,288.00,1.0,-1,-1,-1
122,15,1914.00,733.00,6.00,27.00,1.0,-1,-1,-1
122,16,1531.00,563.00,83.00,250.00,1.0,-1,-1,-1
122,17,816.00,458.00,61.00,218.00,1.0,-1,-1,-1
122,18,1169.00,1040.00,39.00,40.00,1.0,-1,-1,-1
122,19,1035.00,522.00,88.00,223.00,1.0,-1,-1,-1
122,20,611.00,517.00,130.00,219.00,1.0,-1,-1,-1
122,21,1361.00,491.00,93.00,272.00,1.0,-1,-1,-1
122,22,940.00,500.00,131.00,279.00,1.0,-1,-1,-1
122,23,434.00,729.00,135.00,301.00,1.0,-1,-1,-1
123,0,1593.00,690.00,117.00,294.00,1.0,-1,-1,-1
123,1,590.00,742.00,142.00,338.00,1.0,-1,-1,-1
123,2,739.00,713.00,134.00,329.00,1.0,-1,-1,-1
123,3,1170.00,986.00,134.00,94.00,1.0,-1,-1,-1
123,4,849.00,1004.00,168.00,76.00,1.0,-1,-1,-1
123,5,0.00,0.00,0.00,0.00,1.0,-1,-1,-1
123,6,0.00,0.00,0.00,0.00,1.0,-1,-1,-1
123,7,252.00,938.00,165.00,142.00,1.0,-1,-1,-1
123,8,0.00,0.00,0.00,0.00,1.0,-1,-1,-1
123,9,336.00,1036.00,74.00,44.00,1.0,-1,-1,-1
123,10,1073.00,509.00,51.00,220.00,1.0,-1,-1,-1
123,11,595.00,440.00,56.00,140.00,1.0,-1,-1,-1
123,12,858.00,710.00,113.00,180.00,1.0,-1,-1,-1
123,13,862.00,796.00,139.00,237.00,1.0,-1,-1,-1
123,14,1736.00,516.00,77.00,289.00,1.0,-1,-1,-1
123,15,1913.00,733.00,7.00,37.00,1.0,-1,-1,-1
123,16,1533.00,565.00,80.00,248.00,1.0,-1,-1,-1
123,17,816.00,457.00,63.00,220.00,1.0,-1,-1,-1
123,18,1167.00,1039.00,40.00,41.00,1.0,-1,-1,-1
123,19,1035.00,525.00,87.00,219.00,1.0,-1,-1,-1
123,20,614.00,514.00,128.00,226.00,1.0,-1,-1,-1
123,21,1360.00,492.00,96.00,270.00,1.0,-1,-1,-1
123,22,935.00,502.00,138.00,277.00,1.0,-1,-1,-1
123,23,425.00,729.00,139.00,346.00,1.0,-1,-1,-1
124,0,1601.00,690.00,110.00,293.00,1.0,-1,-1,-1
124,1,589.00,742.00,142.00,338.00,1.0,-1,-1,-1
124,2,738.00,718.00,135.00,322.00,1.0,-1,-1,-1
124,3,1168.00,986.00,137.00,94.00,1.0,-1,-1,-1
124,4,849.00,1007.00,163.00,73.00,1.0,-1,-1,-1
124,5,0.00,0.00,0.00,0.00,1.0,-1,-1,-1
124,6,0.00,0.00,0.00,0.00,1.0,-1,-1,-1
124,7,253.00,938.00,164.00,142.00,1.0,-1,-1,-1
124,8,0.00,0.00,0.00,0.00,1.0,-1,-1,-1
124,9,335.00,1038.00,75.00,42.00,1.0,-1,-1,-1
124,10,1072.00,508.00,52.00,221.00,1.0,-1,-1,-1
124,11,585.00,441.00,62.00,222.00,1.0,-1,-1,-1
124,12,858.00,710.00,112.00,180.00,1.0,-1,-1,-1
124,13,858.00,795.00,142.00,240.00,1.0,-1,-1,-1
124,14,1742.00,516.00,76.00,288.00,1.0,-1,-1,-1
124,15,1914.00,731.00,6.00,40.00,1.0,-1,-1,-1
124,16,1539.00,567.00,81.00,245.00,1.0,-1,-1,-1
124,17,816.00,458.00,64.00,220.00,1.0,-1,-1,-1
124,18,1166.00,1039.00,41.00,41.00,1.0,-1,-1,-1
124,19,1037.00,537.00,85.00,207.00,1.0,-1,-1,-1
124,20,617.00,514.00,140.00,230.00,1.0,-1,-1,-1
124,21,1363.00,494.00,97.00,267.00,1.0,-1,-1,-1
124,22,944.00,504.00,129.00,277.00,1.0,-1,-1,-1
124,23,417.00,729.00,141.00,351.00,1.0,-1,-1,-1
125,0,1602.00,689.00,110.00,294.00,1.0,-1,-1,-1
125,1,588.00,743.00,142.00,337.00,1.0,-1,-1,-1
125,2,737.00,721.00,142.00,324.00,1.0,-1,-1,-1
125,3,1172.00,986.00,135.00,94.00,1.0,-1,-1,-1
125,4,851.00,1014.00,152.00,66.00,1.0,-1,-1,-1
125,5,0.00,0.00,0.00,0.00,1.0,-1,-1,-1
125,6,0.00,0.00,0.00,0.00,1.0,-1,-1,-1
125,7,258.00,941.00,158.00,139.00,1.0,-1,-1,-1
125,8,0.00,0.00,0.00,0.00,1.0,-1,-1,-1
125,9,334.00,1040.00,67.00,40.00,1.0,-1,-1,-1
125,10,1070.00,507.00,54.00,224.00,1.0,-1,-1,-1
125,11,580.00,441.00,62.00,142.00,1.0,-1,-1,-1
125,12,861.00,710.00,111.00,180.00,1.0,-1,-1,-1
125,13,857.00,795.00,142.00,244.00,1.0,-1,-1,-1
125,14,1747.00,516.00,80.00,288.00,1.0,-1,-1,-1
125,15,1915.00,734.00,5.00,35.00,1.0,-1,-1,-1
125,16,1546.00,569.00,84.00,243.00,1.0,-1,-1,-1
125,17,813.00,460.00,64.00,220.00,1.0,-1,-1,-1
125,18,1170.00,1039.00,37.00,41.00,1.0,-1,-1,-1
125,19,1040.00,540.00,82.00,203.00,1.0,-1,-1,-1
125,20,618.00,515.00,144.00,256.00,1.0,-1,-1,-1
125,21,1365.00,497.00,99.00,268.00,1.0,-1,-1,-1
125,22,977.00,507.00,99.00,276.00,1.0,-1,-1,-1
125,23,412.00,732.00,143.00,348.00,1.0,-1,-1,-1
125,24,565.00,784.00,76.00,296.00,1.0,-1,-1,-1
126,0,1605.00,689.00,108.00,293.00,1.0,-1,-1,-1
126,1,587.00,744.00,143.00,336.00,1.0,-1,-1,-1
126,2,738.00,724.00,141.00,327.00,1.0,-1,-1,-1
126,3,1172.00,987.00,137.00,93.00,1.0,-1,-1,-1
126,4,853.00,1019.00,148.00,61.00,1.0,-1,-1,-1
126,5,0.00,0.00,0.00,0.00,1.0,-1,-1,-1
126,6,0.00,0.00,0.00,0.00,1.0,-1,-1,-1
126,7,262.00,943.00,155.00,137.00,1.0,-1,-1,-1
126,8,0.00,0.00,0.00,0.00,1.0,-1,-1,-1
126,9,335.00,1040.00,64.00,40.00,1.0,-1,-1,-1
126,10,1075.00,508.00,50.00,221.00,1.0,-1,-1,-1
126,11,573.00,449.00,69.00,145.00,1.0,-1,-1,-1
126,12,863.00,712.00,110.00,179.00,1.0,-1,-1,-1
126,13,857.00,796.00,142.00,247.00,1.0,-1,-1,-1
126,14,1748.00,517.00,94.00,285.00,1.0,-1,-1,-1
126,15,0.00,0.00,0.00,0.00,1.0,-1,-1,-1
126,16,1547.00,570.00,87.00,241.00,1.0,-1,-1,-1
126,17,810.00,461.00,64.00,220.00,1.0,-1,-1,-1
126,18,1170.00,1042.00,38.00,38.00,1.0,-1,-1,-1
126,19,1044.00,538.00,79.00,205.00,1.0,-1,-1,-1
126,20,624.00,515.00,142.00,261.00,1.0,-1,-1,-1
126,21,1373.00,497.00,94.00,270.00,1.0,-1,-1,-1
126,22,981.00,517.00,98.00,269.00,1.0,-1,-1,-1
126,23,408.00,735.00,143.00,345.00,1.0,-1,-1,-1
126,24,577.00,788.00,63.00,292.00,1.0,-1,-1,-1
127,0,1606.00,688.00,108.00,294.00,1.0,-1,-1,-1
127,1,581.00,745.00,151.00,335.00,1.0,-1,-1,-1
127,2,733.00,727.00,145.00,328.00,1.0,-1,-1,-1
127,3,1176.00,991.00,132.00,89.00,1.0,-1,-1,-1
127,4,855.00,1024.00,140.00,56.00,1.0,-1,-1,-1
127,5,0.00,0.00,0.00,0.00,1.0,-1,-1,-1
127,6,0.00,0.00,0.00,0.00,1.0,-1,-1,-1
127,7,264.00,949.00,151.00,131.00,1.0,-1,-1,-1
127,8,0.00,0.00,0.00,0.00,1.0,-1,-1,-1
127,9,335.00,1043.00,54.00,37.00,1.0,-1,-1,-1
127,10,1074.00,508.00,52.00,221.00,1.0,-1,-1,-1
127,11,580.00,448.00,64.00,153.00,1.0,-1,-1,-1
127,12,870.00,716.00,103.00,157.00,1.0,-1,-1,-1
127,13,855.00,799.00,143.00,251.00,1.0,-1,-1,-1
127,14,1748.00,517.00,89.00,286.00,1.0,-1,-1,-1
127,15,0.00,0.00,0.00,0.00,1.0,-1,-1,-1
127,16,1549.00,573.00,96.00,239.00,1.0,-1,-1,-1
127,17,811.00,461.00,61.00,221.00,1.0,-1,-1,-1
127,18,1175.00,1051.00,33.00,29.00,1.0,-1,-1,-1
127,19,1047.00,540.00,76.00,203.00,1.0,-1,-1,-1
127,20,626.00,515.00,141.00,256.00,1.0,-1,-1,-1
127,21,1377.00,499.00,91.00,270.00,1.0,-1,-1,-1
127,22,984.00,522.00,96.00,266.00,1.0,-1,-1,-1
127,23,403.00,740.00,142.00,340.00,1.0,-1,-1,-1
127,24,575.00,792.00,67.00,288.00,1.0,-1,-1,-1
128,0,1606.00,688.00,109.00,293.00,1.0,-1,-1,-1
128,1,580.00,747.00,153.00,333.00,1.0,-1,-1,-1
128,2,735.00,727.00,140.00,329.00,1.0,-1,-1,-1
128,3,1178.00,995.00,129.00,85.00,1.0,-1,-1,-1
128,4,855.00,1029.00,136.00,51.00,1.0,-1,-1,-1
128,5,0.00,0.00,0.00,0.00,1.0,-1,-1,-1
128,6,0.00,0.00,0.00,0.00,1.0,-1,-1,-1
128,7,264.00,949.00,155.00,131.00,1.0,-1,-1,-1
128,8,0.00,0.00,0.00,0.00,1.0,-1,-1,-1
128,9,327.00,1041.00,62.00,39.00,1.0,-1,-1,-1
128,10,1071.00,508.00,55.00,221.00,1.0,-1,-1,-1
128,11,579.00,447.00,65.00,209.00,1.0,-1,-1,-1
128,12,870.00,719.00,103.00,155.00,1.0,-1,-1,-1
128,13,851.00,802.00,145.00,252.00,1.0,-1,-1,-1
128,14,1749.00,517.00,109.00,287.00,1.0,-1,-1,-1
128,15,0.00,0.00,0.00,0.00,1.0,-1,-1,-1
128,16,1554.00,575.00,98.00,236.00,1.0,-1,-1,-1
128,17,812.00,460.00,58.00,222.00,1.0,-1,-1,-1
128,18,1177.00,1056.00,31.00,24.00,1.0,-1,-1,-1
128,19,1051.00,545.00,72.00,197.00,1.0,-1,-1,-1
128,20,628.00,516.00,135.00,259.00,1.0,-1,-1,-1
128,21,1379.00,498.00,96.00,272.00,1.0,-1,-1,-1
128,22,985.00,523.00,99.00,269.00,1.0,-1,-1,-1
128,23,397.00,744.00,144.00,336.00,1.0,-1,-1,-1
128,24,571.00,797.00,65.00,283.00,1.0,-1,-1,-1
129,0,1607.00,689.00,108.00,293.00,1.0,-1,-1,-1
129,1,578.00,750.00,156.00,330.00,1.0,-1,-1,-1
129,2,740.00,726.00,133.00,331.00,1.0,-1,-1,-1
129,3,1181.00,1001.00,124.00,79.00,1.0,-1,-1,-1
129,4,854.00,1031.00,129.00,49.00,1.0,-1,-1,-1
129,5,0.00,0.00,0.00,0.00,1.0,-1,-1,-1
129,6,0.00,0.00,0.00,0.00,1.0,-1,-1,-1
129,7,263.00,951.00,156.00,129.00,1.0,-1,-1,-1
129,8,0.00,0.00,0.00,0.00,1.0,-1,-1,-1
129,9,327.00,1043.00,56.00,37.00,1.0,-1,-1,-1
129,10,1072.00,507.00,54.00,223.00,1.0,-1,-1,-1
129,11,576.00,449.00,66.00,225.00,1.0,-1,-1,-1
129,12,865.00,721.00,107.00,166.00,1.0,-1,-1,-1
129,13,847.00,808.00,148.00,254.00,1.0,-1,-1,-1
129,14,1749.00,520.00,126.00,285.00,1.0,-1,-1,-1
129,15,0.00,0.00,0.00,0.00,1.0,-1,-1,-1
129,16,1560.00,575.00,100.00,236.00,1.0,-1,-1,-1
129,17,812.00,460.00,56.00,223.00,1.0,-1,-1,-1
129,18,1181.00,1057.00,24.00,23.00,1.0,-1,-1,-1
129,19,1062.00,545.00,61.00,196.00,1.0,-1,-1,-1
129,20,632.00,517.00,137.00,260.00,1.0,-1,-1,-1
129,21,1383.00,497.00,94.00,273.00,1.0,-1,-1,-1
129,22,987.00,519.00,99.00,278.00,1.0,-1,-1,-1
129,23,391.00,748.00,144.00,332.00,1.0,-1,-1,-1
129,24,563.00,802.00,68.00,278.00,1.0,-1,-1,-1
130,0,1608.00,688.00,108.00,294.00,1.0,-1,-1,-1
130,1,580.00,754.00,155.00,326.00,1.0,-1,-1,-1
130,2,741.00,727.00,132.00,330.00,1.0,-1,-1,-1
130,3,1188.00,1006.00,114.00,74.00,1.0,-1,-1,-1
130,4,855.00,1036.00,125.00,44.00,1.0,-1,-1,-1
130,5,0.00,0.00,0.00,0.00,1.0,-1,-1,-1
130,6,0.00,0.00,0.00,0.00,1.0,-1,-1,-1
130,7,263.00,953.00,157.00,127.00,1.0,-1,-1,-1
130,8,0.00,0.00,0.00,0.00,1.0,-1,-1,-1
130,9,324.00,1045.00,57.00,35.00,1.0,-1,-1,-1
130,10,1075.00,507.00,52.00,223.00,1.0,-1,-1,-1
130,11,571.00,448.00,66.00,225.00,1.0,-1,-1,-1
130,12,861.00,726.00,110.00,171.00,1.0,-1,-1,-1
130,13,845.00,813.00,149.00,249.00,1.0,-1,-1,-1
130,14,1750.00,521.00,128.00,287.00,1.0,-1,-1,-1
130,15,0.00,0.00,0.00,0.00,1.0,-1,-1,-1
130,16,1565.00,574.00,101.00,237.00,1.0,-1,-1,-1
130,17,809.00,460.00,58.00,223.00,1.0,-1,-1,-1
130,18,1187.00,1058.00,17.00,22.00,1.0,-1,-1,-1
130,19,1066.00,549.00,56.00,192.00,1.0,-1,-1,-1
130,20,638.00,518.00,137.00,266.00,1.0,-1,-1,-1
130,21,1388.00,497.00,94.00,273.00,1.0,-1,-1,-1
130,22,969.00,517.00,119.00,283.00,1.0,-1,-1,-1
130,23,386.00,751.00,143.00,329.00,1.0,-1,-1,-1
130,24,557.00,805.00,73.00,275.00,1.0,-1,-1,-1
131,0,1608.00,690.00,109.00,292.00,1.0,-1,-1,-1
131,1,579.00,759.00,155.00,321.00,1.0,-1,-1,-1
131,2,741.00,728.00,131.00,329.00,1.0,-1,-1,-1
131,3,1189.00,1014.00,109.00,66.00,1.0,-1,-1,-1
131,4,852.00,1036.00,127.00,44.00,1.0,-1,-1,-1
131,5,0.00,0.00,0.00,0.00,1.0,-1,-1,-1
131,6,0.00,0.00,0.00,0.00,1.0,-1,-1,-1
131,7,263.00,956.00,155.00,124.00,1.0,-1,-1,-1
131,8,0.00,0.00,0.00,0.00,1.0,-1,-1,-1
131,9,320.00,1050.00,57.00,30.00,1.0,-1,-1,-1
131,10,1073.00,507.00,53.00,224.00,1.0,-1,-1,-1
131,11,560.00,447.00,71.00,221.00,1.0,-1,-1,-1
131,12,858.00,730.00,112.00,172.00,1.0,-1,-1,-1
131,13,845.00,819.00,149.00,242.00,1.0,-1,-1,-1
131,14,1751.00,521.00,125.00,288.00,1.0,-1,-1,-1
131,15,0.00,0.00,0.00,0.00,1.0,-1,-1,-1
131,16,1579.00,574.00,91.00,237.00,1.0,-1,-1,-1
131,17,803.00,460.00,63.00,223.00,1.0,-1,-1,-1
131,18,1188.00,1064.00,18.00,16.00,1.0,-1,-1,-1
131,19,1067.00,550.00,57.00,191.00,1.0,-1,-1,-1
131,20,640.00,519.00,145.00,265.00,1.0,-1,-1,-1
131,21,1395.00,498.00,91.00,272.00,1.0,-1,-1,-1
131,22,970.00,516.00,123.00,285.00,1.0,-1,-1,-1
131,23,379.00,753.00,146.00,327.00,1.0,-1,-1,-1
131,24,551.00,808.00,76.00,272.00,1.0,-1,-1,-1
132,0,1599.00,689.00,120.00,292.00,1.0,-1,-1,-1
132,1,581.00,761.00,155.00,319.00,1.0,-1,-1,-1
132,2,743.00,726.00,128.00,330.00,1.0,-1,-1,-1
132,3,1188.00,1018.00,102.00,62.00,1.0,-1,-1,-1
132,4,852.00,1038.00,125.00,42.00,1.0,-1,-1,-1
132,5,0.00,0.00,0.00,0.00,1.0,-1,-1,-1
132,6,0.00,0.00,0.00,0.00,1.0,-1,-1,-1
132,7,261.00,956.00,156.00,124.00,1.0,-1,-1,-1
132,8,0.00,0.00,0.00,0.00,1.0,-1,-1,-1
132,9,317.00,1057.00,59.00,23.00,1.0,-1,-1,-1
132,10,1074.00,507.00,54.00,222.00,1.0,-1,-1,-1
132,11,557.00,444.00,62.00,226.00,1.0,-1,-1,-1
132,12,856.00,731.00,113.00,176.00,1.0,-1,-1,-1
132,13,847.00,822.00,147.00,234.00,1.0,-1,-1,-1
132,14,1756.00,522.00,126.00,289.00,1.0,-1,-1,-1
132,15,0.00,0.00,0.00,0.00,1.0,-1,-1,-1
132,16,1595.00,572.00,83.00,235.00,1.0,-1,-1,-1
132,17,805.00,459.00,60.00,222.00,1.0,-1,-1,-1
132,18,1187.00,1069.00,19.00,11.00,1.0,-1,-1,-1
132,19,1068.00,553.00,58.00,187.00,1.0,-1,-1,-1
132,20,645.00,518.00,145.00,267.00,1.0,-1,-1,-1
132,21,1399.00,498.00,90.00,271.00,1.0,-1,-1,-1
132,22,969.00,515.00,125.00,285.00,1.0,-1,-1,-1
132,23,372.00,753.00,147.00,327.00,1.0,-1,-1,-1
132,24,545.00,807.00,84.00,273.00,1.0,-1,-1,-1
132,25,1860.00,593.00,60.00,215.00,1.0,-1,-1,-1
133,0,1605.00,689.00,114.00,291.00,1.0,-1,-1,-1
133,1,580.00,763.00,158.00,317.00,1.0,-1,-1,-1
133,2,742.00,726.00,127.00,330.00,1.0,-1,-1,-1
133,3,1186.00,1020.00,100.00,60.00,1.0,-1,-1,-1
133,4,851.00,1037.00,123.00,43.00,1.0,-1,-1,-1
133,5,0.00,0.00,0.00,0.00,1.0,-1,-1,-1
133,6,0.00,0.00,0.00,0.00,1.0,-1,-1,-1
133,7,261.00,957.00,151.00,123.00,1.0,-1,-1,-1
133,8,0.00,0.00,0.00,0.00,1.0,-1,-1,-1
133,9,315.00,1062.00,51.00,18.00,1.0,-1,-1,-1
133,10,1073.00,507.00,56.00,222.00,1.0,-1,-1,-1
133,11,555.00,440.00,55.00,229.00,1.0,-1,-1,-1
133,12,853.00,730.00,115.00,177.00,1.0,-1,-1,-1
133,13,849.00,824.00,145.00,233.00,1.0,-1,-1,-1
133,14,1762.00,522.00,119.00,289.00,1.0,-1,-1,-1
133,15,0.00,0.00,0.00,0.00,1.0,-1,-1,-1
133,16,1597.00,571.00,84.00,205.00,1.0,-1,-1,-1
133,17,803.00,459.00,57.00,214.00,1.0,-1,-1,-1
133,18,1185.00,1071.00,19.00,9.00,1.0,-1,-1,-1
133,19,1065.00,552.00,61.00,185.00,1.0,-1,-1,-1
133,20,648.00,517.00,146.00,267.00,1.0,-1,-1,-1
133,21,1403.00,496.00,88.00,272.00,1.0,-1,-1,-1
133,22,970.00,512.00,136.00,286.00,1.0,-1,-1,-1
133,23,363.00,752.00,151.00,328.00,1.0,-1,-1,-1
133,24,536.00,808.00,87.00,272.00,1.0,-1,-1,-1
133,25,1864.00,592.00,56.00,208.00,1.0,-1,-1,-1
134,0,1609.00,690.00,110.00,290.00,1.0,-1,-1,-1
134,1,579.00,763.00,159.00,317.00,1.0,-1,-1,-1
134,2,742.00,727.00,126.00,331.00,1.0,-1,-1,-1
134,3,1189.00,1023.00,93.00,57.00,1.0,-1,-1,-1
134,4,850.00,1038.00,121.00,42.00,1.0,-1,-1,-1
134,5,0.00,0.00,0.00,0.00,1.0,-1,-1,-1
134,6,0.00,0.00,0.00,0.00,1.0,-1,-1,-1
134,7,260.00,960.00,149.00,120.00,1.0,-1,-1,-1
134,8,0.00,0.00,0.00,0.00,1.0,-1,-1,-1
134,9,0.00,0.00,0.00,0.00,1.0,-1,-1,-1
134,10,1073.00,506.00,52.00,223.00,1.0,-1,-1,-1
134,11,549.00,439.00,58.00,229.00,1.0,-1,-1,-1
134,12,850.00,731.00,116.00,179.00,1.0,-1,-1,-1
134,13,851.00,827.00,141.00,235.00,1.0,-1,-1,-1
134,14,1773.00,523.00,111.00,288.00,1.0,-1,-1,-1
134,15,0.00,0.00,0.00,0.00,1.0,-1,-1,-1
134,16,1601.00,573.00,83.00,172.00,1.0,-1,-1,-1
134,17,800.00,456.00,58.00,217.00,1.0,-1,-1,-1
134,18,1188.00,1072.00,17.00,8.00,1.0,-1,-1,-1
134,19,1061.00,551.00,64.00,178.00,1.0,-1,-1,-1
134,20,651.00,516.00,144.00,268.00,1.0,-1,-1,-1
134,21,1404.00,496.00,85.00,273.00,1.0,-1,-1,-1
134,22,971.00,512.00,130.00,287.00,1.0,-1,-1,-1
134,23,355.00,751.00,153.00,329.00,1.0,-1,-1,-1
134,24,528.00,808.00,92.00,272.00,1.0,-1,-1,-1
134,25,1872.00,592.00,48.00,209.00,1.0,-1,-1,-1
135,0,1610.00,691.00,110.00,291.00,1.0,-1,-1,-1
135,1,581.00,765.00,155.00,315.00,1.0,-1,-1,-1
135,2,742.00,732.00,125.00,337.00,1.0,-1,-1,-1
135,3,1192.00,1024.00,89.00,56.00,1.0,-1,-1,-1
135,4,851.00,1042.00,115.00,38.00,1.0,-1,-1,-1
135,5,0.00,0.00,0.00,0.00,1.0,-1,-1,-1
135,6,0.00,0.00,0.00,0.00,1.0,-1,-1,-1
135,7,262.00,966.00,148.00,114.00,1.0,-1,-1,-1
135,8,0.00,0.00,0.00,0.00,1.0,-1,-1,-1
135,9,0.00,0.00,0.00,0.00,1.0,-1,-1,-1
135,10,1074.00,508.00,52.00,222.00,1.0,-1,-1,-1
135,11,544.00,440.00,57.00,227.00,1.0,-1,-1,-1
135,12,848.00,731.00,117.00,181.00,1.0,-1,-1,-1
135,13,852.00,828.00,140.00,237.00,1.0,-1,-1,-1
135,14,1782.00,522.00,107.00,291.00,1.0,-1,-1,-1
135,15,0.00,0.00,0.00,0.00,1.0,-1,-1,-1
135,16,1606.00,574.00,84.00,165.00,1.0,-1,-1,-1
135,17,801.00,461.00,54.00,213.00,1.0,-1,-1,-1
135,18,0.00,0.00,0.00,0.00,1.0,-1,-1,-1
135,19,1066.00,552.00,59.00,181.00,1.0,-1,-1,-1
135,20,655.00,519.00,145.00,266.00,1.0,-1,-1,-1
135,21,1411.00,498.00,86.00,272.00,1.0,-1,-1,-1
135,22,973.00,513.00,129.00,287.00,1.0,-1,-1,-1
135,23,350.00,752.00,153.00,328.00,1.0,-1,-1,-1
135,24,521.00,805.00,97.00,275.00,1.0,-1,-1,-1
135,25,1877.00,594.00,43.00,207.00,1.0,-1,-1,-1
136,0,1612.00,691.00,110.00,292.00,1.0,-1,-1,-1
136,1,580.00,767.00,157.00,313.00,1.0,-1,-1,-1
136,2,743.00,738.00,124.00,335.00,1.0,-1,-1,-1
136,3,1193.00,1025.00,89.00,55.00,1.0,-1,-1,-1
136,4,854.00,1045.00,107.00,35.00,1.0,-1,-1,-1
136,5,0.00,0.00,0.00,0.00,1.0,-1,-1,-1
136,6,0.00,0.00,0.00,0.00,1.0,-1,-1,-1
136,7,263.00,971.00,139.00,109.00,1.0,-1,-1,-1
136,8,0.00,0.00,0.00,0.00,1.0,-1,-1,-1
136,9,0.00,0.00,0.00,0.00,1.0,-1,-1,-1
136,10,1075.00,508.00,54.00,222.00,1.0,-1,-1,-1
136,11,541.00,440.00,58.00,227.00,1.0,-1,-1,-1
136,12,848.00,732.00,118.00,183.00,1.0,-1,-1,-1
136,13,852.00,828.00,140.00,241.00,1.0,-1,-1,-1
136,14,1796.00,523.00,99.00,290.00,1.0,-1,-1,-1
136,15,0.00,0.00,0.00,0.00,1.0,-1,-1,-1
136,16,1615.00,577.00,83.00,158.00,1.0,-1,-1,-1
136,17,802.00,458.00,52.00,216.00,1.0,-1,-1,-1
136,18,0.00,0.00,0.00,0.00,1.0,-1,-1,-1
136,19,1074.00,542.00,55.00,189.00,1.0,-1,-1,-1
136,20,663.00,518.00,144.00,267.00,1.0,-1,-1,-1
136,21,1419.00,499.00,86.00,271.00,1.0,-1,-1,-1
136,22,977.00,514.00,127.00,287.00,1.0,-1,-1,-1
136,23,347.00,753.00,153.00,327.00,1.0,-1,-1,-1
136,24,514.00,805.00,102.00,275.00,1.0,-1,-1,-1
136,25,1886.00,593.00,34.00,209.00,1.0,-1,-1,-1
137,0,1612.00,691.00,110.00,291.00,1.0,-1,-1,-1
137,1,580.00,766.00,157.00,314.00,1.0,-1,-1,-1
137,2,742.00,739.00,123.00,336.00,1.0,-1,-1,-1
137,3,1192.00,1024.00,89.00,56.00,1.0,-1,-1,-1
137,4,858.00,1050.00,100.00,30.00,1.0,-1,-1,-1
137,5,0.00,0.00,0.00,0.00,1.0,-1,-1,-1
137,6,0.00,0.00,0.00,0.00,1.0,-1,-1,-1
137,7,263.00,975.00,133.00,105.00,1.0,-1,-1,-1
137,8,0.00,0.00,0.00,0.00,1.0,-1,-1,-1
137,9,0.00,0.00,0.00,0.00,1.0,-1,-1,-1
137,10,1077.00,507.00,52.00,223.00,1.0,-1,-1,-1
137,11,537.00,442.00,59.00,227.00,1.0,-1,-1,-1
137,12,847.00,731.00,118.00,186.00,1.0,-1,-1,-1
137,13,851.00,828.00,141.00,252.00,1.0,-1,-1,-1
137,14,1809.00,521.00,86.00,292.00,1.0,-1,-1,-1
137,15,0.00,0.00,0.00,0.00,1.0,-1,-1,-1
137,16,1614.00,579.00,88.00,150.00,1.0,-1,-1,-1
137,17,803.00,457.00,56.00,213.00,1.0,-1,-1,-1
137,18,0.00,0.00,0.00,0.00,1.0,-1,-1,-1
137,19,993.00,545.00,40.00,111.00,1.0,-1,-1,-1
137,20,669.00,516.00,138.00,268.00,1.0,-1,-1,-1
137,21,1422.00,501.00,86.00,272.00,1.0,-1,-1,-1
137,22,981.00,516.00,142.00,290.00,1.0,-1,-1,-1
137,23,343.00,754.00,153.00,326.00,1.0,-1,-1,-1
137,24,512.00,803.00,101.00,277.00,1.0,-1,-1,-1
137,25,1889.00,592.00,31.00,210.00,1.0,-1,-1,-1
138,0,1612.00,690.00,109.00,292.00,1.0,-1,-1,-1
138,1,579.00,767.00,157.00,313.00,1.0,-1,-1,-1
138,2,741.00,745.00,121.00,335.00,1.0,-1,-1,-1
138,3,1193.00,1025.00,87.00,55.00,1.0,-1,-1,-1
138,4,859.00,1057.00,90.00,23.00,1.0,-1,-1,-1
138,5,0.00,0.00,0.00,0.00,1.0,-1,-1,-1
138,6,0.00,0.00,0.00,0.00,1.0,-1,-1,-1
138,7,264.00,979.00,121.00,101.00,1.0,-1,-1,-1
138,8,0.00,0.00,0.00,0.00,1.0,-1,-1,-1
138,9,0.00,0.00,0.00,0.00,1.0,-1,-1,-1
138,10,1076.00,507.00,53.00,222.00,1.0,-1,-1,-1
138,11,533.00,442.00,57.00,228.00,1.0,-1,-1,-1
138,12,844.00,734.00,120.00,186.00,1.0,-1,-1,-1
138,13,848.00,828.00,143.00,252.00,1.0,-1,-1,-1
138,14,1823.00,522.00,85.00,291.00,1.0,-1,-1,-1
138,15,0.00,0.00,0.00,0.00,1.0,-1,-1,-1
138,16,1613.00,583.00,94.00,145.00,1.0,-1,-1,-1
138,17,803.00,461.00,57.00,207.00,1.0,-1,-1,-1
138,18,0.00,0.00,0.00,0.00,1.0,-1,-1,-1
138,19,1006.00,554.00,26.00,103.00,1.0,-1,-1,-1
138,20,677.00,516.00,131.00,268.00,1.0,-1,-1,-1
138,21,1423.00,502.00,94.00,275.00,1.0,-1,-1,-1
138,22,984.00,518.00,138.00,295.00,1.0,-1,-1,-1
138,23,338.00,758.00,153.00,322.00,1.0,-1,-1,-1
138,24,502.00,805.00,112.00,275.00,1.0,-1,-1,-1
138,25,1889.00,593.00,31.00,208.00,1.0,-1,-1,-1
139,0,1612.00,690.00,109.00,291.00,1.0,-1,-1,-1
139,1,579.00,765.00,153.00,315.00,1.0,-1,-1,-1
139,2,740.00,747.00,125.00,333.00,1.0,-1,-1,-1
139,3,1195.00,1027.00,86.00,53.00,1.0,-1,-1,-1
139,4,858.00,1061.00,77.00,19.00,1.0,-1,-1,-1
139,5,0.00,0.00,0.00,0.00,1.0,-1,-1,-1
139,6,0.00,0.00,0.00,0.00,1.0,-1,-1,-1
139,7,260.00,983.00,120.00,97.00,1.0,-1,-1,-1
139,8,0.00,0.00,0.00,0.00,1.0,-1,-1,-1
139,9,0.00,0.00,0.00,0.00,1.0,-1,-1,-1
139,10,1077.00,508.00,50.00,221.00,1.0,-1,-1,-1
139,11,519.00,440.00,70.00,228.00,1.0,-1,-1,-1
139,12,846.00,735.00,118.00,188.00,1.0,-1,-1,-1
139,13,846.00,828.00,145.00,252.00,1.0,-1,-1,-1
139,14,1831.00,520.00,81.00,296.00,1.0,-1,-1,-1
139,15,0.00,0.00,0.00,0.00,1.0,-1,-1,-1
139,16,1617.00,585.00,91.00,142.00,1.0,-1,-1,-1
139,17,805.00,457.00,62.00,210.00,1.0,-1,-1,-1
139,18,0.00,0.00,0.00,0.00,1.0,-1,-1,-1
139,19,1007.00,590.00,26.00,67.00,1.0,-1,-1,-1
139,20,686.00,516.00,127.00,273.00,1.0,-1,-1,-1
139,21,1428.00,503.00,99.00,275.00,1.0,-1,-1,-1
139,22,991.00,520.00,137.00,292.00,1.0,-1,-1,-1
139,23,334.00,762.00,154.00,318.00,1.0,-1,-1,-1
139,24,495.00,807.00,118.00,273.00,1.0,-1,-1,-1
139,25,1894.00,608.00,26.00,193.00,1.0,-1,-1,-1
140,0,1613.00,689.00,109.00,292.00,1.0,-1,-1,-1
140,1,551.00,766.00,179.00,314.00,1.0,-1,-1,-1
140,2,741.00,751.00,125.00,329.00,1.0,-1,-1,-1
140,3,1201.00,1029.00,79.00,51.00,1.0,-1,-1,-1
140,4,859.00,1063.00,65.00,17.00,1.0,-1,-1,-1
140,5,0.00,0.00,0.00,0.00,1.0,-1,-1,-1
140,6,0.00,0.00,0.00,0.00,1.0,-1,-1,-1
140,7,258.00,984.00,117.00,96.00,1.0,-1,-1,-1
140,8,0.00,0.00,0.00,0.00,1.0,-1,-1,-1
140,9,0.00,0.00,0.00,0.00,1.0,-1,-1,-1
140,10,1074.00,508.00,53.00,222.00,1.0,-1,-1,-1
140,11,507.00,441.00,82.00,227.00,1.0,-1,-1,-1
140,12,844.00,737.00,121.00,189.00,1.0,-1,-1,-1
140,13,844.00,829.00,147.00,251.00,1.0,-1,-1,-1
140,14,1840.00,522.00,80.00,297.00,1.0,-1,-1,-1
140,15,0.00,0.00,0.00,0.00,1.0,-1,-1,-1
140,16,1622.00,584.00,102.00,142.00,1.0,-1,-1,-1
140,17,804.00,456.00,63.00,184.00,1.0,-1,-1,-1
140,18,0.00,0.00,0.00,0.00,1.0,-1,-1,-1
140,19,1008.00,592.00,41.00,142.00,1.0,-1,-1,-1
140,20,686.00,517.00,135.00,274.00,1.0,-1,-1,-1
140,21,1432.00,505.00,105.00,272.00,1.0,-1,-1,-1
140,22,997.00,522.00,140.00,286.00,1.0,-1,-1,-1
140,23,331.00,765.00,152.00,315.00,1.0,-1,-1,-1
140,24,487.00,813.00,124.00,267.00,1.0,-1,-1,-1
140,25,1897.00,623.00,23.00,179.00,1.0,-1,-1,-1
141,0,1612.00,688.00,110.00,292.00,1.0,-1,-1,-1
141,1,576.00,767.00,153.00,313.00,1.0,-1,-1,-1
141,2,741.00,750.00,126.00,330.00,1.0,-1,-1,-1
141,3,1208.00,1039.00,70.00,41.00,1.0,-1,-1,-1
141,4,860.00,1065.00,64.00,15.00,1.0,-1,-1,-1
141,5,0.00,0.00,0.00,0.00,1.0,-1,-1,-1
141,6,0.00,0.00,0.00,0.00,1.0,-1,-1,-1
141,7,254.00,984.00,120.00,96.00,1.0,-1,-1,-1
141,8,0.00,0.00,0.00,0.00,1.0,-1,-1,-1
141,9,0.00,0.00,0.00,0.00,1.0,-1,-1,-1
141,10,1075.00,507.00,51.00,222.00,1.0,-1,-1,-1
141,11,501.00,440.00,89.00,228.00,1.0,-1,-1,-1
141,12,843.00,743.00,122.00,184.00,1.0,-1,-1,-1
141,13,841.00,830.00,150.00,250.00,1.0,-1,-1,-1
141,14,1839.00,523.00,81.00,298.00,1.0,-1,-1,-1
141,15,0.00,0.00,0.00,0.00,1.0,-1,-1,-1
141,16,1629.00,585.00,98.00,143.00,1.0,-1,-1,-1
141,17,805.00,457.00,62.00,177.00,1.0,-1,-1,-1
141,18,0.00,0.00,0.00,0.00,1.0,-1,-1,-1
141,19,1009.00,594.00,47.00,141.00,1.0,-1,-1,-1
141,20,689.00,517.00,134.00,275.00,1.0,-1,-1,-1
141,21,1433.00,507.00,107.00,272.00,1.0,-1,-1,-1
141,22,1003.00,524.00,128.00,288.00,1.0,-1,-1,-1
141,23,328.00,768.00,147.00,312.00,1.0,-1,-1,-1
141,24,477.00,818.00,134.00,262.00,1.0,-1,-1,-1
141,25,1898.00,624.00,22.00,178.00,1.0,-1,-1,-1
142,0,1612.00,689.00,108.00,291.00,1.0,-1,-1,-1
142,1,573.00,769.00,156.00,311.00,1.0,-1,-1,-1
142,2,740.00,749.00,124.00,331.00,1.0,-1,-1,-1
142,3,1211.00,1043.00,62.00,37.00,1.0,-1,-1,-1
142,4,860.00,1065.00,19.00,15.00,1.0,-1,-1,-1
142,5,0.00,0.00,0.00,0.00,1.0,-1,-1,-1
142,6,0.00,0.00,0.00,0.00,1.0,-1,-1,-1
142,7,250.00,985.00,122.00,95.00,1.0,-1,-1,-1
142,8,0.00,0.00,0.00,0.00,1.0,-1,-1,-1
142,9,0.00,0.00,0.00,0.00,1.0,-1,-1,-1
142,10,1074.00,506.00,52.00,223.00,1.0,-1,-1,-1
142,11,498.00,441.00,90.00,225.00,1.0,-1,-1,-1
142,12,847.00,748.00,119.00,181.00,1.0,-1,-1,-1
142,13,837.00,834.00,153.00,246.00,1.0,-1,-1,-1
142,14,1838.00,524.00,82.00,298.00,1.0,-1,-1,-1
142,15,0.00,0.00,0.00,0.00,1.0,-1,-1,-1
142,16,1637.00,586.00,92.00,147.00,1.0,-1,-1,-1
142,17,803.00,467.00,58.00,166.00,1.0,-1,-1,-1
142,18,0.00,0.00,0.00,0.00,1.0,-1,-1,-1
142,19,1009.00,597.00,52.00,141.00,1.0,-1,-1,-1
142,20,692.00,519.00,133.00,275.00,1.0,-1,-1,-1
142,21,1432.00,510.00,106.00,271.00,1.0,-1,-1,-1
142,22,1005.00,525.00,132.00,293.00,1.0,-1,-1,-1
142,23,324.00,770.00,143.00,310.00,1.0,-1,-1,-1
142,24,468.00,824.00,141.00,256.00,1.0,-1,-1,-1
142,25,1883.00,634.00,37.00,188.00,1.0,-1,-1,-1
143,0,1611.00,688.00,108.00,292.00,1.0,-1,-1,-1
143,1,573.00,772.00,156.00,308.00,1.0,-1,-1,-1
143,2,737.00,749.00,127.00,331.00,1.0,-1,-1,-1
143,3,1216.00,1050.00,56.00,30.00,1.0,-1,-1,-1
143,4,859.00,1067.00,20.00,13.00,1.0,-1,-1,-1
143,5,0.00,0.00,0.00,0.00,1.0,-1,-1,-1
143,6,0.00,0.00,0.00,0.00,1.0,-1,-1,-1
143,7,246.00,984.00,124.00,96.00,1.0,-1,-1,-1
143,8,0.00,0.00,0.00,0.00,1.0,-1,-1,-1
143,9,0.00,0.00,0.00,0.00,1.0,-1,-1,-1
143,10,1073.00,506.00,55.00,223.00,1.0,-1,-1,-1
143,11,495.00,440.00,91.00,225.00,1.0,-1,-1,-1
143,12,848.00,751.00,120.00,178.00,1.0,-1,-1,-1
143,13,834.00,838.00,153.00,242.00,1.0,-1,-1,-1
143,14,1838.00,524.00,82.00,298.00,1.0,-1,-1,-1
143,15,0.00,0.00,0.00,0.00,1.0,-1,-1,-1
143,16,1645.00,583.00,85.00,156.00,1.0,-1,-1,-1
143,17,802.00,459.00,59.00,133.00,1.0,-1,-1,-1
143,18,0.00,0.00,0.00,0.00,1.0,-1,-1,-1
143,19,1002.00,522.00,64.00,215.00,1.0,-1,-1,-1
143,20,693.00,521.00,136.00,269.00,1.0,-1,-1,-1
143,21,1434.00,509.00,104.00,274.00,1.0,-1,-1,-1
143,22,1007.00,524.00,116.00,295.00,1.0,-1,-1,-1
143,23,319.00,770.00,140.00,310.00,1.0,-1,-1,-1
143,24,461.00,827.00,147.00,253.00,1.0,-1,-1,-1
143,25,1894.00,651.00,26.00,172.00,1.0,-1,-1,-1
144,0,1610.00,688.00,109.00,291.00,1.0,-1,-1,-1
144,1,571.00,776.00,156.00,304.00,1.0,-1,-1,-1
144,2,732.00,748.00,131.00,332.00,1.0,-1,-1,-1
144,3,1218.00,1055.00,54.00,25.00,1.0,-1,-1,-1
144,4,857.00,1068.00,19.00,12.00,1.0,-1,-1,-1
144,5,0.00,0.00,0.00,0.00,1.0,-1,-1,-1
144,6,0.00,0.00,0.00,0.00,1.0,-1,-1,-1
144,7,241.00,985.00,124.00,95.00,1.0,-1,-1,-1
144,8,0.00,0.00,0.00,0.00,1.0,-1,-1,-1
144,9,0.00,0.00,0.00,0.00,1.0,-1,-1,-1
144,10,1072.00,504.00,58.00,226.00,1.0,-1,-1,-1
144,11,488.00,438.00,92.00,216.00,1.0,-1,-1,-1
144,12,842.00,754.00,127.00,177.00,1.0,-1,-1,-1
144,13,830.00,843.00,154.00,237.00,1.0,-1,-1,-1
144,14,1837.00,525.00,83.00,298.00,1.0,-1,-1,-1
144,15,0.00,0.00,0.00,0.00,1.0,-1,-1,-1
144,16,1649.00,584.00,84.00,189.00,1.0,-1,-1,-1
144,17,801.00,457.00,59.00,126.00,1.0,-1,-1,-1
144,18,0.00,0.00,0.00,0.00,1.0,-1,-1,-1
144,19,1005.00,512.00,64.00,226.00,1.0,-1,-1,-1
144,20,692.00,524.00,138.00,265.00,1.0,-1,-1,-1
144,21,1435.00,507.00,104.00,276.00,1.0,-1,-1,-1
144,22,1021.00,523.00,106.00,297.00,1.0,-1,-1,-1
144,23,311.00,771.00,141.00,309.00,1.0,-1,-1,-1
144,24,444.00,830.00,163.00,250.00,1.0,-1,-1,-1
144,25,0.00,0.00,0.00,0.00,1.0,-1,-1,-1
145,0,1609.00,688.00,110.00,290.00,1.0,-1,-1,-1
145,1,570.00,778.00,151.00,302.00,1.0,-1,-1,-1
145,2,727.00,747.00,133.00,333.00,1.0,-1,-1,-1
145,3,1219.00,1057.00,51.00,23.00,1.0,-1,-1,-1
145,4,854.00,1068.00,19.00,12.00,1.0,-1,-1,-1
145,5,0.00,0.00,0.00,0.00,1.0,-1,-1,-1
145,6,0.00,0.00,0.00,0.00,1.0,-1,-1,-1
145,7,235.00,984.00,130.00,96.00,1.0,-1,-1,-1
145,8,0.00,0.00,0.00,0.00,1.0,-1,-1,-1
145,9,0.00,0.00,0.00,0.00,1.0,-1,-1,-1
145,10,1072.00,504.00,50.00,229.00,1.0,-1,-1,-1
145,11,479.00,435.00,101.00,222.00,1.0,-1,-1,-1
145,12,842.00,754.00,127.00,173.00,1.0,-1,-1,-1
145,13,825.00,848.00,155.00,232.00,1.0,-1,-1,-1
145,14,1835.00,526.00,85.00,298.00,1.0,-1,-1,-1
145,15,0.00,0.00,0.00,0.00,1.0,-1,-1,-1
145,16,1652.00,584.00,87.00,193.00,1.0,-1,-1,-1
145,17,800.00,452.00,67.00,123.00,1.0,-1,-1,-1
145,18,0.00,0.00,0.00,0.00,1.0,-1,-1,-1
145,19,1008.00,511.00,61.00,226.00,1.0,-1,-1,-1
145,20,691.00,522.00,145.00,265.00,1.0,-1,-1,-1
145,21,1439.00,505.00,99.00,279.00,1.0,-1,-1,-1
145,22,1008.00,520.00,129.00,299.00,1.0,-1,-1,-1
145,23,303.00,769.00,141.00,311.00,1.0,-1,-1,-1
145,24,438.00,786.00,168.00,294.00,1.0,-1,-1,-1
145,25,0.00,0.00,0.00,0.00,1.0,-1,-1,-1
146,0,1608.00,690.00,109.00,287.00,1.0,-1,-1,-1
146,1,568.00,782.00,147.00,298.00,1.0,-1,-1,-1
146,2,720.00,748.00,137.00,332.00,1.0,-1,-1,-1
146,3,1220.00,1058.00,50.00,22.00,1.0,-1,-1,-1
146,4,852.00,1071.00,18.00,9.00,1.0,-1,-1,-1
146,5,0.00,0.00,0.00,0.00,1.0,-1,-1,-1
146,6,0.00,0.00,0.00,0.00,1.0,-1,-1,-1
146,7,232.00,985.00,133.00,95.00,1.0,-1,-1,-1
146,8,0.00,0.00,0.00,0.00,1.0,-1,-1,-1
146,9,0.00,0.00,0.00,0.00,1.0,-1,-1,-1
146,10,1071.00,504.00,50.00,234.00,1.0,-1,-1,-1
146,11,479.00,433.00,85.00,220.00,1.0,-1,-1,-1
146,12,835.00,753.00,133.00,190.00,1.0,-1,-1,-1
146,13,820.00,853.00,156.00,227.00,1.0,-1,-1,-1
146,14,1834.00,528.00,86.00,296.00,1.0,-1,-1,-1
146,15,0.00,0.00,0.00,0.00,1.0,-1,-1,-1
146,16,1655.00,584.00,87.00,217.00,1.0,-1,-1,-1
146,17,801.00,452.00,68.00,120.00,1.0,-1,-1,-1
146,18,0.00,0.00,0.00,0.00,1.0,-1,-1,-1
146,19,1007.00,513.00,62.00,224.00,1.0,-1,-1,-1
146,20,691.00,524.00,142.00,262.00,1.0,-1,-1,-1
146,21,1439.00,507.00,102.00,276.00,1.0,-1,-1,-1
146,22,1012.00,522.00,121.00,297.00,1.0,-1,-1,-1
146,23,295.00,768.00,141.00,312.00,1.0,-1,-1,-1
146,24,429.00,828.00,168.00,252.00,1.0,-1,-1,-1
146,25,0.00,0.00,0.00,0.00,1.0,-1,-1,-1
147,0,1607.00,685.00,107.00,292.00,1.0,-1,-1,-1
147,1,566.00,785.00,144.00,295.00,1.0,-1,-1,-1
147,2,716.00,748.00,141.00,332.00,1.0,-1,-1,-1
147,3,1220.00,1059.00,49.00,21.00,1.0,-1,-1,-1
147,4,850.00,1073.00,16.00,7.00,1.0,-1,-1,-1
147,5,0.00,0.00,0.00,0.00,1.0,-1,-1,-1
147,6,0.00,0.00,0.00,0.00,1.0,-1,-1,-1
147,7,229.00,986.00,127.00,94.00,1.0,-1,-1,-1
147,8,0.00,0.00,0.00,0.00,1.0,-1,-1,-1
147,9,0.00,0.00,0.00,0.00,1.0,-1,-1,-1
147,10,1070.00,498.00,52.00,70.00,1.0,-1,-1,-1
147,11,473.00,430.00,71.00,219.00,1.0,-1,-1,-1
147,12,839.00,752.00,130.00,193.00,1.0,-1,-1,-1
147,13,816.00,855.00,155.00,225.00,1.0,-1,-1,-1
147,14,1837.00,529.00,83.00,295.00,1.0,-1,-1,-1
147,15,0.00,0.00,0.00,0.00,1.0,-1,-1,-1
147,16,1664.00,584.00,84.00,250.00,1.0,-1,-1,-1
147,17,801.00,452.00,61.00,113.00,1.0,-1,-1,-1
147,18,0.00,0.00,0.00,0.00,1.0,-1,-1,-1
147,19,1007.00,510.00,66.00,226.00,1.0,-1,-1,-1
147,20,693.00,521.00,141.00,266.00,1.0,-1,-1,-1
147,21,1447.00,510.00,94.00,273.00,1.0,-1,-1,-1
147,22,1018.00,522.00,119.00,297.00,1.0,-1,-1,-1
147,23,290.00,768.00,140.00,312.00,1.0,-1,-1,-1
147,24,417.00,773.00,172.00,307.00,1.0,-1,-1,-1
147,25,0.00,0.00,0.00,0.00,1.0,-1,-1,-1
148,0,1605.00,683.00,107.00,293.00,1.0,-1,-1,-1
148,1,565.00,786.00,140.00,294.00,1.0,-1,-1,-1
148,2,712.00,751.00,141.00,329.00,1.0,-1,-1,-1
148,3,1220.00,1059.00,48.00,21.00,1.0,-1,-1,-1
148,4,0.00,0.00,0.00,0.00,1.0,-1,-1,-1
148,5,0.00,0.00,0.00,0.00,1.0,-1,-1,-1
148,6,0.00,0.00,0.00,0.00,1.0,-1,-1,-1
148,7,226.00,990.00,125.00,90.00,1.0,-1,-1,-1
148,8,0.00,0.00,0.00,0.00,1.0,-1,-1,-1
148,9,0.00,0.00,0.00,0.00,1.0,-1,-1,-1
148,10,1068.00,500.00,55.00,68.00,1.0,-1,-1,-1
148,11,466.00,428.00,66.00,221.00,1.0,-1,-1,-1
148,12,835.00,750.00,132.00,194.00,1.0,-1,-1,-1
148,13,815.00,855.00,152.00,225.00,1.0,-1,-1,-1
148,14,1841.00,532.00,79.00,290.00,1.0,-1,-1,-1
148,15,0.00,0.00,0.00,0.00,1.0,-1,-1,-1
148,16,1666.00,582.00,92.00,254.00,1.0,-1,-1,-1
148,17,803.00,452.00,59.00,114.00,1.0,-1,-1,-1
148,18,0.00,0.00,0.00,0.00,1.0,-1,-1,-1
148,19,1006.00,507.00,68.00,228.00,1.0,-1,-1,-1
148,20,695.00,515.00,151.00,272.00,1.0,-1,-1,-1
148,21,1455.00,505.00,89.00,277.00,1.0,-1,-1,-1
148,22,1024.00,521.00,116.00,296.00,1.0,-1,-1,-1
148,23,284.00,768.00,137.00,312.00,1.0,-1,-1,-1
148,24,407.00,770.00,150.00,310.00,1.0,-1,-1,-1
148,25,0.00,0.00,0.00,0.00,1.0,-1,-1,-1
149,0,1604.00,680.00,106.00,295.00,1.0,-1,-1,-1
149,1,563.00,787.00,140.00,293.00,1.0,-1,-1,-1
149,2,708.00,755.00,145.00,325.00,1.0,-1,-1,-1
149,3,1218.00,1058.00,49.00,22.00,1.0,-1,-1,-1
149,4,0.00,0.00,0.00,0.00,1.0,-1,-1,-1
149,5,0.00,0.00,0.00,0.00,1.0,-1,-1,-1
149,6,0.00,0.00,0.00,0.00,1.0,-1,-1,-1
149,7,225.00,993.00,117.00,87.00,1.0,-1,-1,-1
149,8,0.00,0.00,0.00,0.00,1.0,-1,-1,-1
149,9,0.00,0.00,0.00,0.00,1.0,-1,-1,-1
149,10,1066.00,497.00,37.00,35.00,1.0,-1,-1,-1
149,11,459.00,427.00,64.00,222.00,1.0,-1,-1,-1
149,12,835.00,741.00,131.00,204.00,1.0,-1,-1,-1
149,13,813.00,856.00,149.00,224.00,1.0,-1,-1,-1
149,14,1847.00,539.00,73.00,283.00,1.0,-1,-1,-1
149,15,0.00,0.00,0.00,0.00,1.0,-1,-1,-1
149,16,1669.00,581.00,109.00,255.00,1.0,-1,-1,-1
149,17,805.00,460.00,62.00,116.00,1.0,-1,-1,-1
149,18,0.00,0.00,0.00,0.00,1.0,-1,-1,-1
149,19,1004.00,498.00,70.00,237.00,1.0,-1,-1,-1
149,20,700.00,518.00,148.00,271.00,1.0,-1,-1,-1
149,21,1461.00,503.00,80.00,278.00,1.0,-1,-1,-1
149,22,1029.00,522.00,114.00,294.00,1.0,-1,-1,-1
149,23,278.00,771.00,135.00,309.00,1.0,-1,-1,-1
149,24,400.00,769.00,162.00,311.00,1.0,-1,-1,-1
149,25,0.00,0.00,0.00,0.00,1.0,-1,-1,-1
150,0,1602.00,683.00,106.00,294.00,1.0,-1,-1,-1
150,1,558.00,788.00,142.00,292.00,1.0,-1,-1,-1
150,2,703.00,760.00,149.00,320.00,1.0,-1,-1,-1
150,3,1216.00,1058.00,49.00,22.00,1.0,-1,-1,-1
150,4,0.00,0.00,0.00,0.00,1.0,-1,-1,-1
150,5,0.00,0.00,0.00,0.00,1.0,-1,-1,-1
150,6,0.00,0.00,0.00,0.00,1.0,-1,-1,-1
150,7,223.00,999.00,110.00,81.00,1.0,-1,-1,-1
150,8,0.00,0.00,0.00,0.00,1.0,-1,-1,-1
150,9,0.00,0.00,0.00,0.00,1.0,-1,-1,-1
150,10,1066.00,498.00,36.00,38.00,1.0,-1,-1,-1
150,11,452.00,428.00,62.00,219.00,1.0,-1,-1,-1
150,12,839.00,739.00,125.00,208.00,1.0,-1,-1,-1
150,13,806.00,857.00,152.00,223.00,1.0,-1,-1,-1
150,14,1855.00,540.00,65.00,282.00,1.0,-1,-1,-1
150,15,0.00,0.00,0.00,0.00,1.0,-1,-1,-1
150,16,1674.00,583.00,116.00,257.00,1.0,-1,-1,-1
150,17,808.00,460.00,74.00,179.00,1.0,-1,-1,-1
150,18,0.00,0.00,0.00,0.00,1.0,-1,-1,-1
150,19,1004.00,496.00,72.00,239.00,1.0,-1,-1,-1
150,20,701.00,516.00,151.00,274.00,1.0,-1,-1,-1
150,21,1460.00,504.00,83.00,277.00,1.0,-1,-1,-1
150,22,1034.00,523.00,113.00,294.00,1.0,-1,-1,-1
150,23,271.00,774.00,134.00,306.00,1.0,-1,-1,-1
150,24,394.00,773.00,162.00,307.00,1.0,-1,-1,-1
150,25,0.00,0.00,0.00,0.00,1.0,-1,-1,-1
151,0,1601.00,682.00,108.00,295.00,1.0,-1,-1,-1
151,1,556.00,787.00,138.00,293.00,1.0,-1,-1,-1
151,2,700.00,761.00,152.00,319.00,1.0,-1,-1,-1
151,3,1218.00,1058.00,44.00,22.00,1.0,-1,-1,-1
151,4,0.00,0.00,0.00,0.00,1.0,-1,-1,-1
151,5,0.00,0.00,0.00,0.00,1.0,-1,-1,-1
151,6,0.00,0.00,0.00,0.00,1.0,-1,-1,-1
151,7,227.00,1005.00,101.00,75.00,1.0,-1,-1,-1
151,8,0.00,0.00,0.00,0.00,1.0,-1,-1,-1
151,9,0.00,0.00,0.00,0.00,1.0,-1,-1,-1
151,10,1068.00,494.00,39.00,43.00,1.0,-1,-1,-1
151,11,449.00,428.00,62.00,220.00,1.0,-1,-1,-1
151,12,848.00,738.00,117.00,210.00,1.0,-1,-1,-1
151,13,804.00,857.00,152.00,223.00,1.0,-1,-1,-1
151,14,1874.00,541.00,46.00,281.00,1.0,-1,-1,-1
151,15,0.00,0.00,0.00,0.00,1.0,-1,-1,-1
151,16,1679.00,585.00,119.00,256.00,1.0,-1,-1,-1
151,17,819.00,461.00,71.00,174.00,1.0,-1,-1,-1
151,18,0.00,0.00,0.00,0.00,1.0,-1,-1,-1
151,19,1003.00,499.00,73.00,235.00,1.0,-1,-1,-1
151,20,706.00,514.00,146.00,272.00,1.0,-1,-1,-1
151,21,1463.00,505.00,92.00,278.00,1.0,-1,-1,-1
151,22,1038.00,524.00,116.00,293.00,1.0,-1,-1,-1
151,23,268.00,780.00,131.00,300.00,1.0,-1,-1,-1
151,24,389.00,777.00,163.00,303.00,1.0,-1,-1,-1
151,25,0.00,0.00,0.00,0.00,1.0,-1,-1,-1
152,0,1602.00,681.00,107.00,294.00,1.0,-1,-1,-1
152,1,550.00,788.00,140.00,292.00,1.0,-1,-1,-1
152,2,698.00,768.00,155.00,312.00,1.0,-1,-1,-1
152,3,1222.00,1065.00,39.00,15.00,1.0,-1,-1,-1
152,4,0.00,0.00,0.00,0.00,1.0,-1,-1,-1
152,5,0.00,0.00,0.00,0.00,1.0,-1,-1,-1
152,6,0.00,0.00,0.00,0.00,1.0,-1,-1,-1
152,7,238.00,1010.00,81.00,70.00,1.0,-1,-1,-1
152,8,0.00,0.00,0.00,0.00,1.0,-1,-1,-1
152,9,0.00,0.00,0.00,0.00,1.0,-1,-1,-1
152,10,1069.00,496.00,33.00,41.00,1.0,-1,-1,-1
152,11,445.00,429.00,63.00,219.00,1.0,-1,-1,-1
152,12,847.00,748.00,119.00,202.00,1.0,-1,-1,-1
152,13,806.00,856.00,150.00,224.00,1.0,-1,-1,-1
152,14,1883.00,541.00,37.00,280.00,1.0,-1,-1,-1
152,15,0.00,0.00,0.00,0.00,1.0,-1,-1,-1
152,16,1685.00,588.00,115.00,255.00,1.0,-1,-1,-1
152,17,826.00,463.00,64.00,168.00,1.0,-1,-1,-1
152,18,0.00,0.00,0.00,0.00,1.0,-1,-1,-1
152,19,1004.00,502.00,76.00,232.00,1.0,-1,-1,-1
152,20,709.00,514.00,148.00,270.00,1.0,-1,-1,-1
152,21,1468.00,505.00,90.00,281.00,1.0,-1,-1,-1
152,22,1044.00,526.00,111.00,294.00,1.0,-1,-1,-1
152,23,264.00,785.00,130.00,295.00,1.0,-1,-1,-1
152,24,383.00,783.00,165.00,297.00,1.0,-1,-1,-1
152,25,0.00,0.00,0.00,0.00,1.0,-1,-1,-1
153,0,1603.00,679.00,108.00,295.00,1.0,-1,-1,-1
153,1,548.00,788.00,142.00,292.00,1.0,-1,-1,-1
153,2,698.00,771.00,157.00,309.00,1.0,-1,-1,-1
153,3,1231.00,1074.00,35.00,6.00,1.0,-1,-1,-1
153,4,0.00,0.00,0.00,0.00,1.0,-1,-1,-1
153,5,0.00,0.00,0.00,0.00,1.0,-1,-1,-1
153,6,0.00,0.00,0.00,0.00,1.0,-1,-1,-1
153,7,243.00,1011.00,72.00,69.00,1.0,-1,-1,-1
153,8,0.00,0.00,0.00,0.00,1.0,-1,-1,-1
153,9,0.00,0.00,0.00,0.00,1.0,-1,-1,-1
153,10,1071.00,499.00,50.00,75.00,1.0,-1,-1,-1
153,11,445.00,429.00,60.00,216.00,1.0,-1,-1,-1
153,12,849.00,759.00,120.00,195.00,1.0,-1,-1,-1
153,13,805.00,854.00,152.00,226.00,1.0,-1,-1,-1
153,14,1892.00,542.00,28.00,279.00,1.0,-1,-1,-1
153,15,0.00,0.00,0.00,0.00,1.0,-1,-1,-1
153,16,1696.00,588.00,106.00,256.00,1.0,-1,-1,-1
153,17,828.00,466.00,60.00,161.00,1.0,-1,-1,-1
153,18,0.00,0.00,0.00,0.00,1.0,-1,-1,-1
153,19,1006.00,500.00,89.00,233.00,1.0,-1,-1,-1
153,20,714.00,516.00,149.00,272.00,1.0,-1,-1,-1
153,21,1475.00,506.00,97.00,283.00,1.0,-1,-1,-1
153,22,1050.00,528.00,110.00,295.00,1.0,-1,-1,-1
153,23,259.00,790.00,132.00,290.00,1.0,-1,-1,-1
153,24,377.00,789.00,165.00,291.00,1.0,-1,-1,-1
153,25,0.00,0.00,0.00,0.00,1.0,-1,-1,-1
154,0,1603.00,679.00,108.00,295.00,1.0,-1,-1,-1
154,1,541.00,787.00,148.00,293.00,1.0,-1,-1,-1
154,2,698.00,771.00,154.00,309.00,1.0,-1,-1,-1
154,3,0.00,0.00,0.00,0.00,1.0,-1,-1,-1
154,4,0.00,0.00,0.00,0.00,1.0,-1,-1,-1
154,5,0.00,0.00,0.00,0.00,1.0,-1,-1,-1
154,6,0.00,0.00,0.00,0.00,1.0,-1,-1,-1
154,7,245.00,1013.00,68.00,67.00,1.0,-1,-1,-1
154,8,0.00,0.00,0.00,0.00,1.0,-1,-1,-1
154,9,0.00,0.00,0.00,0.00,1.0,-1,-1,-1
154,10,1071.00,496.00,51.00,80.00,1.0,-1,-1,-1
154,11,443.00,428.00,60.00,217.00,1.0,-1,-1,-1
154,12,844.00,760.00,125.00,200.00,1.0,-1,-1,-1
154,13,802.00,856.00,154.00,224.00,1.0,-1,-1,-1
154,14,1892.00,578.00,28.00,243.00,1.0,-1,-1,-1
154,15,0.00,0.00,0.00,0.00,1.0,-1,-1,-1
154,16,1702.00,587.00,100.00,257.00,1.0,-1,-1,-1
154,17,835.00,464.00,54.00,163.00,1.0,-1,-1,-1
154,18,0.00,0.00,0.00,0.00,1.0,-1,-1,-1
154,19,1007.00,499.00,92.00,234.00,1.0,-1,-1,-1
154,20,719.00,517.00,150.00,272.00,1.0,-1,-1,-1
154,21,1478.00,510.00,100.00,281.00,1.0,-1,-1,-1
154,22,1055.00,536.00,111.00,289.00,1.0,-1,-1,-1
154,23,251.00,793.00,135.00,287.00,1.0,-1,-1,-1
154,24,372.00,795.00,166.00,285.00,1.0,-1,-1,-1
154,25,0.00,0.00,0.00,0.00,1.0,-1,-1,-1
155,0,1601.00,682.00,108.00,292.00,1.0,-1,-1,-1
155,1,539.00,790.00,150.00,290.00,1.0,-1,-1,-1
155,2,699.00,769.00,145.00,311.00,1.0,-1,-1,-1
155,3,0.00,0.00,0.00,0.00,1.0,-1,-1,-1
155,4,0.00,0.00,0.00,0.00,1.0,-1,-1,-1
155,5,1893.00,606.00,27.00,216.00,1.0,-1,-1,-1
155,6,0.00,0.00,0.00,0.00,1.0,-1,-1,-1
155,7,244.00,1012.00,68.00,68.00,1.0,-1,-1,-1
155,8,0.00,0.00,0.00,0.00,1.0,-1,-1,-1
155,9,0.00,0.00,0.00,0.00,1.0,-1,-1,-1
155,10,1072.00,496.00,46.00,94.00,1.0,-1,-1,-1
155,11,441.00,428.00,60.00,215.00,1.0,-1,-1,-1
155,12,847.00,763.00,122.00,203.00,1.0,-1,-1,-1
155,13,801.00,858.00,154.00,222.00,1.0,-1,-1,-1
155,14,1892.00,591.00,28.00,231.00,1.0,-1,-1,-1
155,15,0.00,0.00,0.00,0.00,1.0,-1,-1,-1
155,16,1700.00,588.00,102.00,258.00,1.0,-1,-1,-1
155,17,827.00,464.00,60.00,160.00,1.0,-1,-1,-1
155,18,0.00,0.00,0.00,0.00,1.0,-1,-1,-1
155,19,1007.00,505.00,97.00,229.00,1.0,-1,-1,-1
155,20,722.00,518.00,146.00,272.00,1.0,-1,-1,-1
155,21,1479.00,512.00,109.00,280.00,1.0,-1,-1,-1
155,22,1061.00,538.00,108.00,291.00,1.0,-1,-1,-1
155,23,243.00,797.00,137.00,283.00,1.0,-1,-1,-1
155,24,361.00,800.00,172.00,280.00,1.0,-1,-1,-1
155,25,0.00,0.00,0.00,0.00,1.0,-1,-1,-1
155,26,624.00,473.00,69.00,231.00,1.0,-1,-1,-1
156,0,1600.00,683.00,109.00,291.00,1.0,-1,-1,-1
156,1,534.00,791.00,153.00,289.00,1.0,-1,-1,-1
156,2,699.00,770.00,144.00,310.00,1.0,-1,-1,-1
156,3,0.00,0.00,0.00,0.00,1.0,-1,-1,-1
156,4,0.00,0.00,0.00,0.00,1.0,-1,-1,-1
156,5,1894.00,608.00,26.00,214.00,1.0,-1,-1,-1
156,6,0.00,0.00,0.00,0.00,1.0,-1,-1,-1
156,7,241.00,1014.00,70.00,66.00,1.0,-1,-1,-1
156,8,0.00,0.00,0.00,0.00,1.0,-1,-1,-1
156,9,0.00,0.00,0.00,0.00,1.0,-1,-1,-1
156,10,1073.00,496.00,44.00,98.00,1.0,-1,-1,-1
156,11,441.00,428.00,58.00,215.00,1.0,-1,-1,-1
156,12,847.00,764.00,122.00,204.00,1.0,-1,-1,-1
156,13,799.00,862.00,155.00,218.00,1.0,-1,-1,-1
156,14,1893.00,606.00,27.00,216.00,1.0,-1,-1,-1
156,15,0.00,0.00,0.00,0.00,1.0,-1,-1,-1
156,16,1707.00,589.00,97.00,258.00,1.0,-1,-1,-1
156,17,818.00,457.00,71.00,158.00,1.0,-1,-1,-1
156,18,0.00,0.00,0.00,0.00,1.0,-1,-1,-1
156,19,1007.00,504.00,103.00,229.00,1.0,-1,-1,-1
156,20,727.00,517.00,141.00,272.00,1.0,-1,-1,-1
156,21,1482.00,516.00,104.00,276.00,1.0,-1,-1,-1
156,22,1065.00,540.00,109.00,293.00,1.0,-1,-1,-1
156,23,233.00,797.00,143.00,283.00,1.0,-1,-1,-1
156,24,352.00,801.00,178.00,279.00,1.0,-1,-1,-1
156,25,0.00,0.00,0.00,0.00,1.0,-1,-1,-1
156,26,623.00,472.00,69.00,231.00,1.0,-1,-1,-1
157,0,1600.00,683.00,107.00,292.00,1.0,-1,-1,-1
157,1,530.00,793.00,153.00,287.00,1.0,-1,-1,-1
157,2,700.00,771.00,143.00,309.00,1.0,-1,-1,-1
157,3,0.00,0.00,0.00,0.00,1.0,-1,-1,-1
157,4,0.00,0.00,0.00,0.00,1.0,-1,-1,-1
157,5,1893.00,738.00,27.00,85.00,1.0,-1,-1,-1
157,6,0.00,0.00,0.00,0.00,1.0,-1,-1,-1
157,7,241.00,1016.00,73.00,64.00,1.0,-1,-1,-1
157,8,0.00,0.00,0.00,0.00,1.0,-1,-1,-1
157,9,0.00,0.00,0.00,0.00,1.0,-1,-1,-1
157,10,1072.00,495.00,47.00,101.00,1.0,-1,-1,-1
157,11,441.00,423.00,55.00,217.00,1.0,-1,-1,-1
157,12,844.00,768.00,126.00,204.00,1.0,-1,-1,-1
157,13,796.00,866.00,157.00,214.00,1.0,-1,-1,-1
157,14,1892.00,613.00,28.00,210.00,1.0,-1,-1,-1
157,15,0.00,0.00,0.00,0.00,1.0,-1,-1,-1
157,16,1720.00,588.00,92.00,258.00,1.0,-1,-1,-1
157,17,795.00,441.00,93.00,173.00,1.0,-1,-1,-1
157,18,0.00,0.00,0.00,0.00,1.0,-1,-1,-1
157,19,1008.00,504.00,106.00,229.00,1.0,-1,-1,-1
157,20,730.00,535.00,151.00,257.00,1.0,-1,-1,-1
157,21,1485.00,518.00,104.00,276.00,1.0,-1,-1,-1
157,22,1075.00,539.00,106.00,298.00,1.0,-1,-1,-1
157,23,223.00,797.00,148.00,283.00,1.0,-1,-1,-1
157,24,347.00,802.00,180.00,278.00,1.0,-1,-1,-1
157,25,0.00,0.00,0.00,0.00,1.0,-1,-1,-1
157,26,624.00,471.00,69.00,232.00,1.0,-1,-1,-1
158,0,1600.00,687.00,108.00,288.00,1.0,-1,-1,-1
158,1,529.00,797.00,154.00,283.00,1.0,-1,-1,-1
158,2,699.00,770.00,143.00,310.00,1.0,-1,-1,-1
158,3,1230.00,1073.00,30.00,7.00,1.0,-1,-1,-1
158,4,0.00,0.00,0.00,0.00,1.0,-1,-1,-1
158,5,1893.00,738.00,27.00,84.00,1.0,-1,-1,-1
158,6,0.00,0.00,0.00,0.00,1.0,-1,-1,-1
158,7,242.00,1017.00,66.00,63.00,1.0,-1,-1,-1
158,8,0.00,0.00,0.00,0.00,1.0,-1,-1,-1
158,9,0.00,0.00,0.00,0.00,1.0,-1,-1,-1
158,10,1073.00,495.00,47.00,224.00,1.0,-1,-1,-1
158,11,441.00,424.00,48.00,217.00,1.0,-1,-1,-1
158,12,843.00,775.00,125.00,200.00,1.0,-1,-1,-1
158,13,797.00,872.00,156.00,208.00,1.0,-1,-1,-1
158,14,1893.00,739.00,27.00,84.00,1.0,-1,-1,-1
158,15,0.00,0.00,0.00,0.00,1.0,-1,-1,-1
158,16,1728.00,588.00,90.00,259.00,1.0,-1,-1,-1
158,17,793.00,436.00,95.00,176.00,1.0,-1,-1,-1
158,18,0.00,0.00,0.00,0.00,1.0,-1,-1,-1
158,19,1008.00,504.00,108.00,229.00,1.0,-1,-1,-1
158,20,735.00,528.00,149.00,267.00,1.0,-1,-1,-1
158,21,1489.00,522.00,104.00,275.00,1.0,-1,-1,-1
158,22,1079.00,538.00,107.00,300.00,1.0,-1,-1,-1
158,23,213.00,796.00,153.00,284.00,1.0,-1,-1,-1
158,24,347.00,802.00,175.00,278.00,1.0,-1,-1,-1
158,25,0.00,0.00,0.00,0.00,1.0,-1,-1,-1
158,26,624.00,471.00,69.00,233.00,1.0,-1,-1,-1
159,0,1599.00,689.00,108.00,286.00,1.0,-1,-1,-1
159,1,527.00,801.00,156.00,279.00,1.0,-1,-1,-1
159,2,698.00,770.00,144.00,310.00,1.0,-1,-1,-1
159,3,1227.00,1065.00,32.00,15.00,1.0,-1,-1,-1
159,4,0.00,0.00,0.00,0.00,1.0,-1,-1,-1
159,5,1893.00,740.00,27.00,81.00,1.0,-1,-1,-1
159,6,0.00,0.00,0.00,0.00,1.0,-1,-1,-1
159,7,235.00,1018.00,71.00,62.00,1.0,-1,-1,-1
159,8,0.00,0.00,0.00,0.00,1.0,-1,-1,-1
159,9,0.00,0.00,0.00,0.00,1.0,-1,-1,-1
159,10,1072.00,495.00,51.00,227.00,1.0,-1,-1,-1
159,11,442.00,428.00,39.00,206.00,1.0,-1,-1,-1
159,12,842.00,776.00,126.00,200.00,1.0,-1,-1,-1
159,13,796.00,877.00,156.00,203.00,1.0,-1,-1,-1
159,14,1893.00,748.00,27.00,73.00,1.0,-1,-1,-1
159,15,0.00,0.00,0.00,0.00,1.0,-1,-1,-1
159,16,1731.00,588.00,92.00,259.00,1.0,-1,-1,-1
159,17,794.00,436.00,95.00,173.00,1.0,-1,-1,-1
159,18,0.00,0.00,0.00,0.00,1.0,-1,-1,-1
159,19,1008.00,504.00,109.00,229.00,1.0,-1,-1,-1
159,20,740.00,525.00,150.00,272.00,1.0,-1,-1,-1
159,21,1493.00,522.00,109.00,275.00,1.0,-1,-1,-1
159,22,1082.00,537.00,107.00,301.00,1.0,-1,-1,-1
159,23,206.00,797.00,157.00,283.00,1.0,-1,-1,-1
159,24,344.00,801.00,169.00,279.00,1.0,-1,-1,-1
159,25,0.00,0.00,0.00,0.00,1.0,-1,-1,-1
159,26,624.00,471.00,69.00,232.00,1.0,-1,-1,-1
160,0,1597.00,690.00,108.00,286.00,1.0,-1,-1,-1
160,1,524.00,805.00,157.00,275.00,1.0,-1,-1,-1
160,2,696.00,772.00,145.00,308.00,1.0,-1,-1,-1
160,3,1214.00,1067.00,24.00,13.00,1.0,-1,-1,-1
160,4,0.00,0.00,0.00,0.00,1.0,-1,-1,-1
160,5,1897.00,768.00,23.00,54.00,1.0,-1,-1,-1
160,6,0.00,0.00,0.00,0.00,1.0,-1,-1,-1
160,7,228.00,1020.00,75.00,60.00,1.0,-1,-1,-1
160,8,0.00,0.00,0.00,0.00,1.0,-1,-1,-1
160,9,441.00,1055.00,48.00,25.00,1.0,-1,-1,-1
160,10,1072.00,495.00,50.00,226.00,1.0,-1,-1,-1
160,11,439.00,424.00,31.00,199.00,1.0,-1,-1,-1
160,12,839.00,778.00,125.00,200.00,1.0,-1,-1,-1
160,13,794.00,883.00,154.00,197.00,1.0,-1,-1,-1
160,14,1895.00,752.00,25.00,71.00,1.0,-1,-1,-1
160,15,0.00,0.00,0.00,0.00,1.0,-1,-1,-1
160,16,1738.00,590.00,90.00,258.00,1.0,-1,-1,-1
160,17,794.00,435.00,93.00,164.00,1.0,-1,-1,-1
160,18,0.00,0.00,0.00,0.00,1.0,-1,-1,-1
160,19,1007.00,504.00,107.00,229.00,1.0,-1,-1,-1
160,20,743.00,535.00,140.00,263.00,1.0,-1,-1,-1
160,21,1499.00,524.00,117.00,274.00,1.0,-1,-1,-1
160,22,1081.00,536.00,112.00,303.00,1.0,-1,-1,-1
160,23,198.00,798.00,160.00,282.00,1.0,-1,-1,-1
160,24,346.00,801.00,172.00,279.00,1.0,-1,-1,-1
160,25,0.00,0.00,0.00,0.00,1.0,-1,-1,-1
160,26,623.00,470.00,69.00,234.00,1.0,-1,-1,-1
161,0,1595.00,689.00,108.00,287.00,1.0,-1,-1,-1
161,1,520.00,808.00,160.00,272.00,1.0,-1,-1,-1
161,2,694.00,774.00,145.00,306.00,1.0,-1,-1,-1
161,3,1198.00,1070.00,35.00,10.00,1.0,-1,-1,-1
161,4,0.00,0.00,0.00,0.00,1.0,-1,-1,-1
161,5,1899.00,771.00,21.00,50.00,1.0,-1,-1,-1
161,6,0.00,0.00,0.00,0.00,1.0,-1,-1,-1
161,7,225.00,1022.00,73.00,58.00,1.0,-1,-1,-1
161,8,0.00,0.00,0.00,0.00,1.0,-1,-1,-1
161,9,439.00,1056.00,47.00,24.00,1.0,-1,-1,-1
161,10,1071.00,494.00,51.00,227.00,1.0,-1,-1,-1
161,11,439.00,424.00,29.00,210.00,1.0,-1,-1,-1
161,12,837.00,779.00,124.00,197.00,1.0,-1,-1,-1
161,13,794.00,886.00,152.00,194.00,1.0,-1,-1,-1
161,14,1899.00,774.00,21.00,47.00,1.0,-1,-1,-1
161,15,0.00,0.00,0.00,0.00,1.0,-1,-1,-1
161,16,1740.00,592.00,94.00,255.00,1.0,-1,-1,-1
161,17,792.00,435.00,92.00,138.00,1.0,-1,-1,-1
161,18,0.00,0.00,0.00,0.00,1.0,-1,-1,-1
161,19,1007.00,505.00,107.00,228.00,1.0,-1,-1,-1
161,20,746.00,530.00,148.00,268.00,1.0,-1,-1,-1
161,21,1506.00,524.00,111.00,274.00,1.0,-1,-1,-1
161,22,1081.00,535.00,113.00,304.00,1.0,-1,-1,-1
161,23,194.00,801.00,159.00,279.00,1.0,-1,-1,-1
161,24,336.00,801.00,179.00,279.00,1.0,-1,-1,-1
161,25,0.00,0.00,0.00,0.00,1.0,-1,-1,-1
161,26,623.00,471.00,69.00,232.00,1.0,-1,-1,-1
162,0,1593.00,687.00,109.00,289.00,1.0,-1,-1,-1
162,1,521.00,810.00,157.00,270.00,1.0,-1,-1,-1
162,2,691.00,775.00,147.00,305.00,1.0,-1,-1,-1
162,3,1194.00,1069.00,40.00,11.00,1.0,-1,-1,-1
162,4,0.00,0.00,0.00,0.00,1.0,-1,-1,-1
162,5,1903.00,773.00,17.00,48.00,1.0,-1,-1,-1
162,6,0.00,0.00,0.00,0.00,1.0,-1,-1,-1
162,7,221.00,1026.00,69.00,54.00,1.0,-1,-1,-1
162,8,0.00,0.00,0.00,0.00,1.0,-1,-1,-1
162,9,436.00,1056.00,46.00,24.00,1.0,-1,-1,-1
162,10,1072.00,493.00,47.00,228.00,1.0,-1,-1,-1
162,11,438.00,430.00,25.00,187.00,1.0,-1,-1,-1
162,12,835.00,777.00,123.00,200.00,1.0,-1,-1,-1
162,13,795.00,887.00,150.00,193.00,1.0,-1,-1,-1
162,14,1901.00,772.00,19.00,49.00,1.0,-1,-1,-1
162,15,0.00,0.00,0.00,0.00,1.0,-1,-1,-1
162,16,1745.00,594.00,93.00,253.00,1.0,-1,-1,-1
162,17,791.00,435.00,94.00,140.00,1.0,-1,-1,-1
162,18,0.00,0.00,0.00,0.00,1.0,-1,-1,-1
162,19,1006.00,504.00,108.00,230.00,1.0,-1,-1,-1
162,20,747.00,523.00,147.00,274.00,1.0,-1,-1,-1
162,21,1511.00,522.00,105.00,276.00,1.0,-1,-1,-1
162,22,1083.00,536.00,114.00,303.00,1.0,-1,-1,-1
162,23,187.00,805.00,160.00,275.00,1.0,-1,-1,-1
162,24,332.00,803.00,172.00,277.00,1.0,-1,-1,-1
162,25,0.00,0.00,0.00,0.00,1.0,-1,-1,-1
162,26,622.00,471.00,69.00,232.00,1.0,-1,-1,-1
163,0,1592.00,690.00,107.00,286.00,1.0,-1,-1,-1
163,1,520.00,812.00,158.00,268.00,1.0,-1,-1,-1
163,2,689.00,781.00,149.00,299.00,1.0,-1,-1,-1
163,3,1196.00,1071.00,36.00,9.00,1.0,-1,-1,-1
163,4,0.00,0.00,0.00,0.00,1.0,-1,-1,-1
163,5,0.00,0.00,0.00,0.00,1.0,-1,-1,-1
163,6,0.00,0.00,0.00,0.00,1.0,-1,-1,-1
163,7,221.00,1031.00,65.00,49.00,1.0,-1,-1,-1
163,8,0.00,0.00,0.00,0.00,1.0,-1,-1,-1
163,9,433.00,1057.00,45.00,23.00,1.0,-1,-1,-1
163,10,1070.00,491.00,47.00,232.00,1.0,-1,-1,-1
163,11,0.00,0.00,0.00,0.00,1.0,-1,-1,-1
163,12,833.00,778.00,125.00,200.00,1.0,-1,-1,-1
163,13,794.00,889.00,150.00,191.00,1.0,-1,-1,-1
163,14,1909.00,777.00,11.00,37.00,1.0,-1,-1,-1
163,15,0.00,0.00,0.00,0.00,1.0,-1,-1,-1
163,16,1747.00,599.00,97.00,252.00,1.0,-1,-1,-1
163,17,840.00,436.00,46.00,138.00,1.0,-1,-1,-1
163,18,0.00,0.00,0.00,0.00,1.0,-1,-1,-1
163,19,1004.00,505.00,107.00,229.00,1.0,-1,-1,-1
163,20,747.00,521.00,147.00,277.00,1.0,-1,-1,-1
163,21,1516.00,522.00,92.00,277.00,1.0,-1,-1,-1
163,22,1083.00,538.00,115.00,302.00,1.0,-1,-1,-1
163,23,185.00,811.00,156.00,269.00,1.0,-1,-1,-1
163,24,329.00,807.00,156.00,273.00,1.0,-1,-1,-1
163,25,0.00,0.00,0.00,0.00,1.0,-1,-1,-1
163,26,620.00,471.00,69.00,232.00,1.0,-1,-1,-1
164,0,1592.00,688.00,107.00,288.00,1.0,-1,-1,-1
164,1,521.00,813.00,157.00,267.00,1.0,-1,-1,-1
164,2,688.00,787.00,148.00,293.00,1.0,-1,-1,-1
164,3,1207.00,1070.00,35.00,10.00,1.0,-1,-1,-1
164,4,0.00,0.00,0.00,0.00,1.0,-1,-1,-1
164,5,0.00,0.00,0.00,0.00,1.0,-1,-1,-1
164,6,0.00,0.00,0.00,0.00,1.0,-1,-1,-1
164,7,219.00,1035.00,63.00,45.00,1.0,-1,-1,-1
164,8,0.00,0.00,0.00,0.00,1.0,-1,-1,-1
164,9,421.00,1045.00,54.00,35.00,1.0,-1,-1,-1
164,10,1071.00,490.00,47.00,232.00,1.0,-1,-1,-1
164,11,0.00,0.00,0.00,0.00,1.0,-1,-1,-1
164,12,832.00,779.00,125.00,200.00,1.0,-1,-1,-1
164,13,794.00,888.00,150.00,192.00,1.0,-1,-1,-1
164,14,0.00,0.00,0.00,0.00,1.0,-1,-1,-1
164,15,0.00,0.00,0.00,0.00,1.0,-1,-1,-1
164,16,1750.00,601.00,100.00,247.00,1.0,-1,-1,-1
164,17,842.00,440.00,45.00,127.00,1.0,-1,-1,-1
164,18,0.00,0.00,0.00,0.00,1.0,-1,-1,-1
164,19,1005.00,504.00,107.00,230.00,1.0,-1,-1,-1
164,20,750.00,523.00,158.00,275.00,1.0,-1,-1,-1
164,21,1526.00,523.00,88.00,275.00,1.0,-1,-1,-1
164,22,1084.00,538.00,114.00,302.00,1.0,-1,-1,-1
164,23,181.00,817.00,154.00,263.00,1.0,-1,-1,-1
164,24,327.00,811.00,161.00,269.00,1.0,-1,-1,-1
164,25,0.00,0.00,0.00,0.00,1.0,-1,-1,-1
164,26,620.00,469.00,69.00,234.00,1.0,-1,-1,-1
165,0,1592.00,691.00,107.00,285.00,1.0,-1,-1,-1
165,1,522.00,813.00,155.00,267.00,1.0,-1,-1,-1
165,2,689.00,792.00,151.00,288.00,1.0,-1,-1,-1
165,3,1203.00,1073.00,55.00,7.00,1.0,-1,-1,-1
165,4,0.00,0.00,0.00,0.00,1.0,-1,-1,-1
165,5,0.00,0.00,0.00,0.00,1.0,-1,-1,-1
165,6,0.00,0.00,0.00,0.00,1.0,-1,-1,-1
165,7,218.00,1041.00,58.00,39.00,1.0,-1,-1,-1
165,8,0.00,0.00,0.00,0.00,1.0,-1,-1,-1
165,9,416.00,1053.00,55.00,27.00,1.0,-1,-1,-1
165,10,1071.00,491.00,47.00,232.00,1.0,-1,-1,-1
165,11,0.00,0.00,0.00,0.00,1.0,-1,-1,-1
165,12,834.00,781.00,124.00,201.00,1.0,-1,-1,-1
165,13,794.00,888.00,149.00,192.00,1.0,-1,-1,-1
165,14,0.00,0.00,0.00,0.00,1.0,-1,-1,-1
165,15,0.00,0.00,0.00,0.00,1.0,-1,-1,-1
165,16,1755.00,602.00,103.00,247.00,1.0,-1,-1,-1
165,17,838.00,441.00,51.00,113.00,1.0,-1,-1,-1
165,18,0.00,0.00,0.00,0.00,1.0,-1,-1,-1
165,19,1005.00,504.00,111.00,229.00,1.0,-1,-1,-1
165,20,756.00,524.00,157.00,274.00,1.0,-1,-1,-1
165,21,1533.00,523.00,85.00,275.00,1.0,-1,-1,-1
165,22,1095.00,539.00,96.00,306.00,1.0,-1,-1,-1
165,23,180.00,821.00,151.00,259.00,1.0,-1,-1,-1
165,24,321.00,818.00,136.00,262.00,1.0,-1,-1,-1
165,25,0.00,0.00,0.00,0.00,1.0,-1,-1,-1
165,26,621.00,470.00,68.00,233.00,1.0,-1,-1,-1
166,0,1592.00,691.00,107.00,283.00,1.0,-1,-1,-1
166,1,523.00,812.00,152.00,268.00,1.0,-1,-1,-1
166,2,689.00,796.00,147.00,284.00,1.0,-1,-1,-1
166,3,0.00,0.00,0.00,0.00,1.0,-1,-1,-1
166,4,0.00,0.00,0.00,0.00,1.0,-1,-1,-1
166,5,0.00,0.00,0.00,0.00,1.0,-1,-1,-1
166,6,0.00,0.00,0.00,0.00,1.0,-1,-1,-1
166,7,215.00,1045.00,53.00,35.00,1.0,-1,-1,-1
166,8,0.00,0.00,0.00,0.00,1.0,-1,-1,-1
166,9,398.00,1013.00,75.00,67.00,1.0,-1,-1,-1
166,10,1072.00,492.00,47.00,230.00,1.0,-1,-1,-1
166,11,0.00,0.00,0.00,0.00,1.0,-1,-1,-1
166,12,835.00,785.00,124.00,200.00,1.0,-1,-1,-1
166,13,793.00,887.00,151.00,193.00,1.0,-1,-1,-1
166,14,0.00,0.00,0.00,0.00,1.0,-1,-1,-1
166,15,0.00,0.00,0.00,0.00,1.0,-1,-1,-1
166,16,1761.00,603.00,103.00,248.00,1.0,-1,-1,-1
166,17,833.00,440.00,56.00,104.00,1.0,-1,-1,-1
166,18,0.00,0.00,0.00,0.00,1.0,-1,-1,-1
166,19,1005.00,503.00,112.00,230.00,1.0,-1,-1,-1
166,20,765.00,522.00,144.00,276.00,1.0,-1,-1,-1
166,21,1537.00,521.00,85.00,276.00,1.0,-1,-1,-1
166,22,1108.00,543.00,83.00,308.00,1.0,-1,-1,-1
166,23,175.00,823.00,150.00,257.00,1.0,-1,-1,-1
166,24,315.00,823.00,137.00,257.00,1.0,-1,-1,-1
166,25,0.00,0.00,0.00,0.00,1.0,-1,-1,-1
166,26,620.00,470.00,68.00,233.00,1.0,-1,-1,-1
167,0,1591.00,689.00,107.00,285.00,1.0,-1,-1,-1
167,1,523.00,812.00,151.00,268.00,1.0,-1,-1,-1
167,2,689.00,798.00,146.00,282.00,1.0,-1,-1,-1
167,3,0.00,0.00,0.00,0.00,1.0,-1,-1,-1
167,4,0.00,0.00,0.00,0.00,1.0,-1,-1,-1
167,5,0.00,0.00,0.00,0.00,1.0,-1,-1,-1
167,6,0.00,0.00,0.00,0.00,1.0,-1,-1,-1
167,7,209.00,1047.00,54.00,33.00,1.0,-1,-1,-1
167,8,0.00,0.00,0.00,0.00,1.0,-1,-1,-1
167,9,0.00,0.00,0.00,0.00,1.0,-1,-1,-1
167,10,1071.00,493.00,49.00,228.00,1.0,-1,-1,-1
167,11,0.00,0.00,0.00,0.00,1.0,-1,-1,-1
167,12,835.00,788.00,125.00,201.00,1.0,-1,-1,-1
167,13,788.00,887.00,156.00,193.00,1.0,-1,-1,-1
167,14,0.00,0.00,0.00,0.00,1.0,-1,-1,-1
167,15,0.00,0.00,0.00,0.00,1.0,-1,-1,-1
167,16,1765.00,600.00,106.00,252.00,1.0,-1,-1,-1
167,17,832.00,443.00,57.00,97.00,1.0,-1,-1,-1
167,18,0.00,0.00,0.00,0.00,1.0,-1,-1,-1
167,19,1005.00,503.00,111.00,229.00,1.0,-1,-1,-1
167,20,772.00,521.00,145.00,277.00,1.0,-1,-1,-1
167,21,1544.00,523.00,79.00,274.00,1.0,-1,-1,-1
167,22,1107.00,546.00,86.00,305.00,1.0,-1,-1,-1
167,23,173.00,825.00,149.00,255.00,1.0,-1,-1,-1
167,24,310.00,829.00,135.00,251.00,1.0,-1,-1,-1
167,25,0.00,0.00,0.00,0.00,1.0,-1,-1,-1
167,26,620.00,469.00,68.00,234.00,1.0,-1,-1,-1
168,0,1591.00,690.00,107.00,284.00,1.0,-1,-1,-1
168,1,521.00,812.00,152.00,268.00,1.0,-1,-1,-1
168,2,688.00,800.00,144.00,280.00,1.0,-1,-1,-1
168,3,0.00,0.00,0.00,0.00,1.0,-1,-1,-1
168,4,0.00,0.00,0.00,0.00,1.0,-1,-1,-1
168,5,0.00,0.00,0.00,0.00,1.0,-1,-1,-1
168,6,1908.00,525.00,12.00,281.00,1.0,-1,-1,-1
168,7,202.00,1049.00,56.00,31.00,1.0,-1,-1,-1
168,8,0.00,0.00,0.00,0.00,1.0,-1,-1,-1
168,9,370.00,1018.00,89.00,62.00,1.0,-1,-1,-1
168,10,1070.00,494.00,47.00,227.00,1.0,-1,-1,-1
168,11,0.00,0.00,0.00,0.00,1.0,-1,-1,-1
168,12,834.00,794.00,125.00,197.00,1.0,-1,-1,-1
168,13,788.00,890.00,156.00,190.00,1.0,-1,-1,-1
168,14,0.00,0.00,0.00,0.00,1.0,-1,-1,-1
168,15,0.00,0.00,0.00,0.00,1.0,-1,-1,-1
168,16,1773.00,601.00,104.00,253.00,1.0,-1,-1,-1
168,17,828.00,441.00,59.00,87.00,1.0,-1,-1,-1
168,18,0.00,0.00,0.00,0.00,1.0,-1,-1,-1
168,19,1004.00,503.00,111.00,229.00,1.0,-1,-1,-1
168,20,775.00,516.00,147.00,283.00,1.0,-1,-1,-1
168,21,1549.00,523.00,80.00,274.00,1.0,-1,-1,-1
168,22,1109.00,549.00,89.00,301.00,1.0,-1,-1,-1
168,23,169.00,826.00,149.00,254.00,1.0,-1,-1,-1
168,24,303.00,832.00,135.00,248.00,1.0,-1,-1,-1
168,25,0.00,0.00,0.00,0.00,1.0,-1,-1,-1
168,26,619.00,469.00,68.00,234.00,1.0,-1,-1,-1
169,0,1589.00,691.00,107.00,283.00,1.0,-1,-1,-1
169,1,521.00,815.00,148.00,265.00,1.0,-1,-1,-1
169,2,686.00,799.00,145.00,281.00,1.0,-1,-1,-1
169,3,0.00,0.00,0.00,0.00,1.0,-1,-1,-1
169,4,0.00,0.00,0.00,0.00,1.0,-1,-1,-1
169,5,0.00,0.00,0.00,0.00,1.0,-1,-1,-1
169,6,1912.00,534.00,8.00,51.00,1.0,-1,-1,-1
169,7,196.00,1051.00,54.00,29.00,1.0,-1,-1,-1
169,8,0.00,0.00,0.00,0.00,1.0,-1,-1,-1
169,9,373.00,1021.00,78.00,59.00,1.0,-1,-1,-1
169,10,1069.00,494.00,47.00,227.00,1.0,-1,-1,-1
169,11,0.00,0.00,0.00,0.00,1.0,-1,-1,-1
169,12,833.00,796.00,127.00,201.00,1.0,-1,-1,-1
169,13,783.00,891.00,161.00,189.00,1.0,-1,-1,-1
169,14,0.00,0.00,0.00,0.00,1.0,-1,-1,-1
169,15,0.00,0.00,0.00,0.00,1.0,-1,-1,-1
169,16,1785.00,601.00,96.00,255.00,1.0,-1,-1,-1
169,17,827.00,442.00,58.00,82.00,1.0,-1,-1,-1
169,18,0.00,0.00,0.00,0.00,1.0,-1,-1,-1
169,19,1003.00,502.00,111.00,230.00,1.0,-1,-1,-1
169,20,779.00,516.00,148.00,288.00,1.0,-1,-1,-1
169,21,1548.00,521.00,81.00,276.00,1.0,-1,-1,-1
169,22,1109.00,553.00,91.00,301.00,1.0,-1,-1,-1
169,23,165.00,826.00,148.00,254.00,1.0,-1,-1,-1
169,24,298.00,837.00,134.00,243.00,1.0,-1,-1,-1
169,25,0.00,0.00,0.00,0.00,1.0,-1,-1,-1
169,26,617.00,469.00,69.00,234.00,1.0,-1,-1,-1
170,0,1588.00,690.00,107.00,284.00,1.0,-1,-1,-1
170,1,521.00,818.00,149.00,262.00,1.0,-1,-1,-1
170,2,684.00,800.00,146.00,280.00,1.0,-1,-1,-1
170,3,0.00,0.00,0.00,0.00,1.0,-1,-1,-1
170,4,0.00,0.00,0.00,0.00,1.0,-1,-1,-1
170,5,0.00,0.00,0.00,0.00,1.0,-1,-1,-1
170,6,1915.00,544.00,5.00,41.00,1.0,-1,-1,-1
170,7,191.00,1050.00,56.00,30.00,1.0,-1,-1,-1
170,8,0.00,0.00,0.00,0.00,1.0,-1,-1,-1
170,9,0.00,0.00,0.00,0.00,1.0,-1,-1,-1
170,10,1069.00,495.00,48.00,225.00,1.0,-1,-1,-1
170,11,0.00,0.00,0.00,0.00,1.0,-1,-1,-1
170,12,833.00,797.00,128.00,205.00,1.0,-1,-1,-1
170,13,780.00,896.00,162.00,184.00,1.0,-1,-1,-1
170,14,0.00,0.00,0.00,0.00,1.0,-1,-1,-1
170,15,0.00,0.00,0.00,0.00,1.0,-1,-1,-1
170,16,1792.00,600.00,96.00,257.00,1.0,-1,-1,-1
170,17,821.00,442.00,63.00,81.00,1.0,-1,-1,-1
170,18,0.00,0.00,0.00,0.00,1.0,-1,-1,-1
170,19,1003.00,501.00,112.00,231.00,1.0,-1,-1,-1
170,20,782.00,514.00,138.00,290.00,1.0,-1,-1,-1
170,21,1549.00,525.00,79.00,272.00,1.0,-1,-1,-1
170,22,1110.00,556.00,92.00,304.00,1.0,-1,-1,-1
170,23,161.00,826.00,143.00,254.00,1.0,-1,-1,-1
170,24,287.00,838.00,159.00,242.00,1.0,-1,-1,-1
170,25,0.00,0.00,0.00,0.00,1.0,-1,-1,-1
170,26,615.00,468.00,70.00,235.00,1.0,-1,-1,-1
171,0,1588.00,688.00,105.00,286.00,1.0,-1,-1,-1
171,1,521.00,820.00,148.00,260.00,1.0,-1,-1,-1
171,2,681.00,799.00,149.00,281.00,1.0,-1,-1,-1
171,3,0.00,0.00,0.00,0.00,1.0,-1,-1,-1
171,4,0.00,0.00,0.00,0.00,1.0,-1,-1,-1
171,5,0.00,0.00,0.00,0.00,1.0,-1,-1,-1
171,6,0.00,0.00,0.00,0.00,1.0,-1,-1,-1
171,7,188.00,1051.00,53.00,29.00,1.0,-1,-1,-1
171,8,0.00,0.00,0.00,0.00,1.0,-1,-1,-1
171,9,0.00,0.00,0.00,0.00,1.0,-1,-1,-1
171,10,1069.00,495.00,48.00,225.00,1.0,-1,-1,-1
171,11,0.00,0.00,0.00,0.00,1.0,-1,-1,-1
171,12,832.00,798.00,130.00,205.00,1.0,-1,-1,-1
171,13,780.00,899.00,163.00,181.00,1.0,-1,-1,-1
171,14,0.00,0.00,0.00,0.00,1.0,-1,-1,-1
171,15,0.00,0.00,0.00,0.00,1.0,-1,-1,-1
171,16,1799.00,600.00,97.00,257.00,1.0,-1,-1,-1
171,17,823.00,441.00,62.00,83.00,1.0,-1,-1,-1
171,18,0.00,0.00,0.00,0.00,1.0,-1,-1,-1
171,19,1003.00,501.00,112.00,231.00,1.0,-1,-1,-1
171,20,788.00,524.00,147.00,283.00,1.0,-1,-1,-1
171,21,1551.00,523.00,88.00,274.00,1.0,-1,-1,-1
171,22,1114.00,558.00,98.00,306.00,1.0,-1,-1,-1
171,23,157.00,827.00,140.00,253.00,1.0,-1,-1,-1
171,24,281.00,839.00,142.00,241.00,1.0,-1,-1,-1
171,25,0.00,0.00,0.00,0.00,1.0,-1,-1,-1
171,26,616.00,468.00,69.00,235.00,1.0,-1,-1,-1
172,0,1588.00,689.00,103.00,284.00,1.0,-1,-1,-1
172,1,520.00,824.00,148.00,256.00,1.0,-1,-1,-1
172,2,677.00,800.00,152.00,280.00,1.0,-1,-1,-1
172,3,0.00,0.00,0.00,0.00,1.0,-1,-1,-1
172,4,0.00,0.00,0.00,0.00,1.0,-1,-1,-1
172,5,0.00,0.00,0.00,0.00,1.0,-1,-1,-1
172,6,0.00,0.00,0.00,0.00,1.0,-1,-1,-1
172,7,182.00,1049.00,55.00,31.00,1.0,-1,-1,-1
172,8,0.00,0.00,0.00,0.00,1.0,-1,-1,-1
172,9,0.00,0.00,0.00,0.00,1.0,-1,-1,-1
172,10,1067.00,495.00,49.00,225.00,1.0,-1,-1,-1
172,11,0.00,0.00,0.00,0.00,1.0,-1,-1,-1
172,12,830.00,800.00,132.00,206.00,1.0,-1,-1,-1
172,13,779.00,905.00,162.00,175.00,1.0,-1,-1,-1
172,14,0.00,0.00,0.00,0.00,1.0,-1,-1,-1
172,15,0.00,0.00,0.00,0.00,1.0,-1,-1,-1
172,16,1803.00,601.00,100.00,259.00,1.0,-1,-1,-1
172,17,826.00,442.00,58.00,84.00,1.0,-1,-1,-1
172,18,0.00,0.00,0.00,0.00,1.0,-1,-1,-1
172,19,1003.00,501.00,112.00,231.00,1.0,-1,-1,-1
172,20,789.00,526.00,143.00,282.00,1.0,-1,-1,-1
172,21,1552.00,523.00,94.00,274.00,1.0,-1,-1,-1
172,22,1117.00,559.00,101.00,305.00,1.0,-1,-1,-1
172,23,154.00,830.00,140.00,250.00,1.0,-1,-1,-1
172,24,273.00,839.00,146.00,241.00,1.0,-1,-1,-1
172,25,0.00,0.00,0.00,0.00,1.0,-1,-1,-1
172,26,614.00,467.00,70.00,236.00,1.0,-1,-1,-1
173,0,1586.00,689.00,102.00,285.00,1.0,-1,-1,-1
173,1,519.00,827.00,145.00,253.00,1.0,-1,-1,-1
173,2,673.00,802.00,156.00,278.00,1.0,-1,-1,-1
173,3,0.00,0.00,0.00,0.00,1.0,-1,-1,-1
173,4,0.00,0.00,0.00,0.00,1.0,-1,-1,-1
173,5,0.00,0.00,0.00,0.00,1.0,-1,-1,-1
173,6,0.00,0.00,0.00,0.00,1.0,-1,-1,-1
173,7,179.00,1053.00,52.00,27.00,1.0,-1,-1,-1
173,8,1809.00,602.00,97.00,259.00,1.0,-1,-1,-1
173,9,0.00,0.00,0.00,0.00,1.0,-1,-1,-1
173,10,1065.00,494.00,49.00,226.00,1.0,-1,-1,-1
173,11,0.00,0.00,0.00,0.00,1.0,-1,-1,-1
173,12,828.00,799.00,133.00,214.00,1.0,-1,-1,-1
173,13,778.00,912.00,159.00,168.00,1.0,-1,-1,-1
173,14,0.00,0.00,0.00,0.00,1.0,-1,-1,-1
173,15,0.00,0.00,0.00,0.00,1.0,-1,-1,-1
173,16,1809.00,603.00,98.00,258.00,1.0,-1,-1,-1
173,17,819.00,442.00,64.00,93.00,1.0,-1,-1,-1
173,18,0.00,0.00,0.00,0.00,1.0,-1,-1,-1
173,19,1001.00,501.00,111.00,232.00,1.0,-1,-1,-1
173,20,790.00,529.00,155.00,280.00,1.0,-1,-1,-1
173,21,1551.00,525.00,97.00,272.00,1.0,-1,-1,-1
173,22,1120.00,560.00,102.00,305.00,1.0,-1,-1,-1
173,23,150.00,835.00,139.00,245.00,1.0,-1,-1,-1
173,24,268.00,841.00,147.00,239.00,1.0,-1,-1,-1
173,25,0.00,0.00,0.00,0.00,1.0,-1,-1,-1
173,26,612.00,469.00,70.00,235.00,1.0,-1,-1,-1
174,0,1586.00,689.00,102.00,285.00,1.0,-1,-1,-1
174,1,518.00,830.00,145.00,250.00,1.0,-1,-1,-1
174,2,671.00,803.00,162.00,277.00,1.0,-1,-1,-1
174,3,0.00,0.00,0.00,0.00,1.0,-1,-1,-1
174,4,0.00,0.00,0.00,0.00,1.0,-1,-1,-1
174,5,0.00,0.00,0.00,0.00,1.0,-1,-1,-1
174,6,0.00,0.00,0.00,0.00,1.0,-1,-1,-1
174,7,176.00,1056.00,52.00,24.00,1.0,-1,-1,-1
174,8,1816.00,604.00,104.00,259.00,1.0,-1,-1,-1
174,9,0.00,0.00,0.00,0.00,1.0,-1,-1,-1
174,10,1065.00,494.00,49.00,225.00,1.0,-1,-1,-1
174,11,0.00,0.00,0.00,0.00,1.0,-1,-1,-1
174,12,840.00,798.00,122.00,227.00,1.0,-1,-1,-1
174,13,780.00,918.00,154.00,162.00,1.0,-1,-1,-1
174,14,0.00,0.00,0.00,0.00,1.0,-1,-1,-1
174,15,0.00,0.00,0.00,0.00,1.0,-1,-1,-1
174,16,1815.00,604.00,105.00,258.00,1.0,-1,-1,-1
174,17,820.00,442.00,64.00,91.00,1.0,-1,-1,-1
174,18,0.00,0.00,0.00,0.00,1.0,-1,-1,-1
174,19,1001.00,502.00,112.00,231.00,1.0,-1,-1,-1
174,20,794.00,529.00,155.00,279.00,1.0,-1,-1,-1
174,21,1554.00,525.00,99.00,272.00,1.0,-1,-1,-1
174,22,1125.00,557.00,100.00,308.00,1.0,-1,-1,-1
174,23,148.00,841.00,136.00,239.00,1.0,-1,-1,-1
174,24,262.00,841.00,151.00,239.00,1.0,-1,-1,-1
174,25,0.00,0.00,0.00,0.00,1.0,-1,-1,-1
174,26,612.00,469.00,70.00,235.00,1.0,-1,-1,-1
175,0,1585.00,688.00,104.00,285.00,1.0,-1,-1,-1
175,1,517.00,834.00,144.00,246.00,1.0,-1,-1,-1
175,2,670.00,807.00,161.00,273.00,1.0,-1,-1,-1
175,3,0.00,0.00,0.00,0.00,1.0,-1,-1,-1
175,4,0.00,0.00,0.00,0.00,1.0,-1,-1,-1
175,5,0.00,0.00,0.00,0.00,1.0,-1,-1,-1
175,6,0.00,0.00,0.00,0.00,1.0,-1,-1,-1
175,7,173.00,1057.00,53.00,23.00,1.0,-1,-1,-1
175,8,1818.00,607.00,102.00,260.00,1.0,-1,-1,-1
175,9,0.00,0.00,0.00,0.00,1.0,-1,-1,-1
175,10,1064.00,494.00,51.00,225.00,1.0,-1,-1,-1
175,11,0.00,0.00,0.00,0.00,1.0,-1,-1,-1
175,12,838.00,798.00,124.00,238.00,1.0,-1,-1,-1
175,13,778.00,924.00,151.00,156.00,1.0,-1,-1,-1
175,14,0.00,0.00,0.00,0.00,1.0,-1,-1,-1
175,15,0.00,0.00,0.00,0.00,1.0,-1,-1,-1
175,16,1818.00,606.00,102.00,258.00,1.0,-1,-1,-1
175,17,828.00,442.00,57.00,96.00,1.0,-1,-1,-1
175,18,0.00,0.00,0.00,0.00,1.0,-1,-1,-1
175,19,1001.00,502.00,113.00,230.00,1.0,-1,-1,-1
175,20,795.00,529.00,161.00,280.00,1.0,-1,-1,-1
175,21,1557.00,524.00,102.00,272.00,1.0,-1,-1,-1
175,22,1128.00,558.00,96.00,306.00,1.0,-1,-1,-1
175,23,144.00,847.00,137.00,233.00,1.0,-1,-1,-1
175,24,255.00,842.00,164.00,238.00,1.0,-1,-1,-1
175,25,0.00,0.00,0.00,0.00,1.0,-1,-1,-1
175,26,611.00,468.00,71.00,235.00,1.0,-1,-1,-1
176,0,1585.00,688.00,103.00,285.00,1.0,-1,-1,-1
176,1,513.00,837.00,146.00,243.00,1.0,-1,-1,-1
176,2,668.00,812.00,157.00,268.00,1.0,-1,-1,-1
176,3,0.00,0.00,0.00,0.00,1.0,-1,-1,-1
176,4,0.00,0.00,0.00,0.00,1.0,-1,-1,-1
176,5,0.00,0.00,0.00,0.00,1.0,-1,-1,-1
176,6,0.00,0.00,0.00,0.00,1.0,-1,-1,-1
176,7,171.00,1061.00,50.00,19.00,1.0,-1,-1,-1
176,8,1826.00,609.00,94.00,256.00,1.0,-1,-1,-1
176,9,0.00,0.00,0.00,0.00,1.0,-1,-1,-1
176,10,1062.00,494.00,53.00,224.00,1.0,-1,-1,-1
176,11,0.00,0.00,0.00,0.00,1.0,-1,-1,-1
176,12,836.00,799.00,125.00,241.00,1.0,-1,-1,-1
176,13,776.00,927.00,150.00,153.00,1.0,-1,-1,-1
176,14,0.00,0.00,0.00,0.00,1.0,-1,-1,-1
176,15,0.00,0.00,0.00,0.00,1.0,-1,-1,-1
176,16,1825.00,609.00,95.00,256.00,1.0,-1,-1,-1
176,17,828.00,441.00,57.00,96.00,1.0,-1,-1,-1
176,18,0.00,0.00,0.00,0.00,1.0,-1,-1,-1
176,19,1001.00,502.00,112.00,230.00,1.0,-1,-1,-1
176,20,796.00,529.00,161.00,279.00,1.0,-1,-1,-1
176,21,1560.00,522.00,93.00,275.00,1.0,-1,-1,-1
176,22,1131.00,559.00,94.00,305.00,1.0,-1,-1,-1
176,23,137.00,853.00,138.00,227.00,1.0,-1,-1,-1
176,24,247.00,845.00,175.00,235.00,1.0,-1,-1,-1
176,25,0.00,0.00,0.00,0.00,1.0,-1,-1,-1
176,26,610.00,468.00,70.00,235.00,1.0,-1,-1,-1
176,27,1667.00,508.00,74.00,267.00,1.0,-1,-1,-1
176,28,1465.00,498.00,107.00,272.00,1.0,-1,-1,-1
177,0,1583.00,687.00,104.00,286.00,1.0,-1,-1,-1
177,1,511.00,839.00,144.00,241.00,1.0,-1,-1,-1
177,2,667.00,817.00,155.00,263.00,1.0,-1,-1,-1
177,3,0.00,0.00,0.00,0.00,1.0,-1,-1,-1
177,4,0.00,0.00,0.00,0.00,1.0,-1,-1,-1
177,5,0.00,0.00,0.00,0.00,1.0,-1,-1,-1
177,6,0.00,0.00,0.00,0.00,1.0,-1,-1,-1
177,7,167.00,1064.00,50.00,16.00,1.0,-1,-1,-1
177,8,1832.00,611.00,88.00,253.00,1.0,-1,-1,-1
177,9,0.00,0.00,0.00,0.00,1.0,-1,-1,-1
177,10,1062.00,493.00,53.00,226.00,1.0,-1,-1,-1
177,11,0.00,0.00,0.00,0.00,1.0,-1,-1,-1
177,12,836.00,800.00,124.00,260.00,1.0,-1,-1,-1
177,13,775.00,928.00,151.00,152.00,1.0,-1,-1,-1
177,14,0.00,0.00,0.00,0.00,1.0,-1,-1,-1
177,15,0.00,0.00,0.00,0.00,1.0,-1,-1,-1
177,16,1831.00,611.00,89.00,254.00,1.0,-1,-1,-1
177,17,830.00,444.00,56.00,89.00,1.0,-1,-1,-1
177,18,0.00,0.00,0.00,0.00,1.0,-1,-1,-1
177,19,1001.00,501.00,111.00,231.00,1.0,-1,-1,-1
177,20,800.00,535.00,151.00,272.00,1.0,-1,-1,-1
177,21,1567.00,521.00,99.00,273.00,1.0,-1,-1,-1
177,22,1136.00,562.00,94.00,302.00,1.0,-1,-1,-1
177,23,130.00,858.00,139.00,222.00,1.0,-1,-1,-1
177,24,239.00,851.00,183.00,229.00,1.0,-1,-1,-1
177,25,0.00,0.00,0.00,0.00,1.0,-1,-1,-1
177,26,608.00,468.00,72.00,236.00,1.0,-1,-1,-1
177,27,1669.00,509.00,77.00,268.00,1.0,-1,-1,-1
177,28,1475.00,499.00,101.00,270.00,1.0,-1,-1,-1
178,0,1579.00,687.00,109.00,285.00,1.0,-1,-1,-1
178,1,508.00,841.00,146.00,239.00,1.0,-1,-1,-1
178,2,666.00,822.00,154.00,258.00,1.0,-1,-1,-1
178,3,0.00,0.00,0.00,0.00,1.0,-1,-1,-1
178,4,0.00,0.00,0.00,0.00,1.0,-1,-1,-1
178,5,0.00,0.00,0.00,0.00,1.0,-1,-1,-1
178,6,0.00,0.00,0.00,0.00,1.0,-1,-1,-1
178,7,165.00,1068.00,48.00,12.00,1.0,-1,-1,-1
178,8,1834.00,612.00,86.00,252.00,1.0,-1,-1,-1
178,9,0.00,0.00,0.00,0.00,1.0,-1,-1,-1
178,10,1062.00,493.00,54.00,225.00,1.0,-1,-1,-1
178,11,0.00,0.00,0.00,0.00,1.0,-1,-1,-1
178,12,836.00,804.00,124.00,269.00,1.0,-1,-1,-1
178,13,773.00,929.00,152.00,151.00,1.0,-1,-1,-1
178,14,0.00,0.00,0.00,0.00,1.0,-1,-1,-1
178,15,0.00,0.00,0.00,0.00,1.0,-1,-1,-1
178,16,1833.00,611.00,87.00,253.00,1.0,-1,-1,-1
178,17,831.00,446.00,55.00,106.00,1.0,-1,-1,-1
178,18,0.00,0.00,0.00,0.00,1.0,-1,-1,-1
178,19,1001.00,500.00,111.00,229.00,1.0,-1,-1,-1
178,20,807.00,528.00,159.00,280.00,1.0,-1,-1,-1
178,21,1582.00,520.00,96.00,247.00,1.0,-1,-1,-1
178,22,1140.00,559.00,96.00,304.00,1.0,-1,-1,-1
178,23,122.00,863.00,146.00,217.00,1.0,-1,-1,-1
178,24,233.00,858.00,190.00,222.00,1.0,-1,-1,-1
178,25,0.00,0.00,0.00,0.00,1.0,-1,-1,-1
178,26,609.00,468.00,71.00,236.00,1.0,-1,-1,-1
178,27,1677.00,511.00,83.00,266.00,1.0,-1,-1,-1
178,28,1489.00,497.00,94.00,271.00,1.0,-1,-1,-1
179,0,1585.00,688.00,102.00,285.00,1.0,-1,-1,-1
179,1,504.00,844.00,148.00,236.00,1.0,-1,-1,-1
179,2,664.00,826.00,152.00,254.00,1.0,-1,-1,-1
179,3,0.00,0.00,0.00,0.00,1.0,-1,-1,-1
179,4,0.00,0.00,0.00,0.00,1.0,-1,-1,-1
179,5,0.00,0.00,0.00,0.00,1.0,-1,-1,-1
179,6,0.00,0.00,0.00,0.00,1.0,-1,-1,-1
179,7,162.00,1074.00,46.00,6.00,1.0,-1,-1,-1
179,8,1837.00,617.00,83.00,242.00,1.0,-1,-1,-1
179,9,0.00,0.00,0.00,0.00,1.0,-1,-1,-1
179,10,1060.00,494.00,54.00,224.00,1.0,-1,-1,-1
179,11,0.00,0.00,0.00,0.00,1.0,-1,-1,-1
179,12,836.00,814.00,125.00,266.00,1.0,-1,-1,-1
179,13,770.00,929.00,153.00,151.00,1.0,-1,-1,-1
179,14,0.00,0.00,0.00,0.00,1.0,-1,-1,-1
179,15,0.00,0.00,0.00,0.00,1.0,-1,-1,-1
179,16,1833.00,618.00,87.00,246.00,1.0,-1,-1,-1
179,17,831.00,447.00,56.00,103.00,1.0,-1,-1,-1
179,18,0.00,0.00,0.00,0.00,1.0,-1,-1,-1
179,19,1001.00,503.00,109.00,227.00,1.0,-1,-1,-1
179,20,814.00,532.00,159.00,279.00,1.0,-1,-1,-1
179,21,1602.00,520.00,84.00,184.00,1.0,-1,-1,-1
179,22,1143.00,562.00,97.00,303.00,1.0,-1,-1,-1
179,23,112.00,868.00,154.00,212.00,1.0,-1,-1,-1
179,24,228.00,865.00,187.00,215.00,1.0,-1,-1,-1
179,25,0.00,0.00,0.00,0.00,1.0,-1,-1,-1
179,26,607.00,468.00,72.00,236.00,1.0,-1,-1,-1
179,27,1680.00,513.00,91.00,263.00,1.0,-1,-1,-1
179,28,1488.00,499.00,102.00,270.00,1.0,-1,-1,-1
180,0,1587.00,686.00,99.00,287.00,1.0,-1,-1,-1
180,1,500.00,844.00,152.00,236.00,1.0,-1,-1,-1
180,2,664.00,830.00,149.00,250.00,1.0,-1,-1,-1
180,3,0.00,0.00,0.00,0.00,1.0,-1,-1,-1
180,4,0.00,0.00,0.00,0.00,1.0,-1,-1,-1
180,5,0.00,0.00,0.00,0.00,1.0,-1,-1,-1
180,6,0.00,0.00,0.00,0.00,1.0,-1,-1,-1
180,7,0.00,0.00,0.00,0.00,1.0,-1,-1,-1
180,8,1840.00,632.00,80.00,230.00,1.0,-1,-1,-1
180,9,0.00,0.00,0.00,0.00,1.0,-1,-1,-1
180,10,1060.00,494.00,54.00,224.00,1.0,-1,-1,-1
180,11,0.00,0.00,0.00,0.00,1.0,-1,-1,-1
180,12,836.00,816.00,125.00,264.00,1.0,-1,-1,-1
180,13,768.00,929.00,152.00,151.00,1.0,-1,-1,-1
180,14,0.00,0.00,0.00,0.00,1.0,-1,-1,-1
180,15,0.00,0.00,0.00,0.00,1.0,-1,-1,-1
180,16,1838.00,632.00,82.00,231.00,1.0,-1,-1,-1
180,17,833.00,448.00,55.00,119.00,1.0,-1,-1,-1
180,18,0.00,0.00,0.00,0.00,1.0,-1,-1,-1
180,19,1001.00,504.00,109.00,224.00,1.0,-1,-1,-1
180,20,824.00,540.00,155.00,273.00,1.0,-1,-1,-1
180,21,1605.00,521.00,85.00,187.00,1.0,-1,-1,-1
180,22,1146.00,566.00,101.00,303.00,1.0,-1,-1,-1
180,23,100.00,870.00,170.00,210.00,1.0,-1,-1,-1
180,24,223.00,871.00,189.00,209.00,1.0,-1,-1,-1
180,25,0.00,0.00,0.00,0.00,1.0,-1,-1,-1
180,26,607.00,468.00,72.00,236.00,1.0,-1,-1,-1
180,27,1686.00,515.00,88.00,264.00,1.0,-1,-1,-1
180,28,1488.00,503.00,113.00,267.00,1.0,-1,-1,-1
181,0,1586.00,685.00,100.00,288.00,1.0,-1,-1,-1
181,1,496.00,844.00,156.00,236.00,1.0,-1,-1,-1
181,2,664.00,830.00,147.00,250.00,1.0,-1,-1,-1
181,3,0.00,0.00,0.00,0.00,1.0,-1,-1,-1
181,4,0.00,0.00,0.00,0.00,1.0,-1,-1,-1
181,5,0.00,0.00,0.00,0.00,1.0,-1,-1,-1
181,6,0.00,0.00,0.00,0.00,1.0,-1,-1,-1
181,7,0.00,0.00,0.00,0.00,1.0,-1,-1,-1
181,8,1849.00,636.00,71.00,225.00,1.0,-1,-1,-1
181,9,0.00,0.00,0.00,0.00,1.0,-1,-1,-1
181,10,1060.00,495.00,54.00,223.00,1.0,-1,-1,-1
181,11,0.00,0.00,0.00,0.00,1.0,-1,-1,-1
181,12,837.00,820.00,124.00,260.00,1.0,-1,-1,-1
181,13,765.00,929.00,155.00,151.00,1.0,-1,-1,-1
181,14,0.00,0.00,0.00,0.00,1.0,-1,-1,-1
181,15,0.00,0.00,0.00,0.00,1.0,-1,-1,-1
181,16,1848.00,637.00,72.00,225.00,1.0,-1,-1,-1
181,17,830.00,448.00,59.00,257.00,1.0,-1,-1,-1
181,18,0.00,0.00,0.00,0.00,1.0,-1,-1,-1
181,19,1001.00,504.00,108.00,219.00,1.0,-1,-1,-1
181,20,833.00,540.00,153.00,272.00,1.0,-1,-1,-1
181,21,1607.00,522.00,84.00,193.00,1.0,-1,-1,-1
181,22,1151.00,578.00,107.00,294.00,1.0,-1,-1,-1
181,23,92.00,870.00,177.00,210.00,1.0,-1,-1,-1
181,24,220.00,875.00,191.00,205.00,1.0,-1,-1,-1
181,25,0.00,0.00,0.00,0.00,1.0,-1,-1,-1
181,26,607.00,470.00,72.00,234.00,1.0,-1,-1,-1
181,27,1691.00,518.00,87.00,263.00,1.0,-1,-1,-1
181,28,1490.00,504.00,118.00,265.00,1.0,-1,-1,-1
182,0,1587.00,685.00,99.00,287.00,1.0,-1,-1,-1
182,1,491.00,843.00,162.00,237.00,1.0,-1,-1,-1
182,2,665.00,830.00,144.00,250.00,1.0,-1,-1,-1
182,3,0.00,0.00,0.00,0.00,1.0,-1,-1,-1
182,4,0.00,0.00,0.00,0.00,1.0,-1,-1,-1
182,5,0.00,0.00,0.00,0.00,1.0,-1,-1,-1
182,6,0.00,0.00,0.00,0.00,1.0,-1,-1,-1
182,7,0.00,0.00,0.00,0.00,1.0,-1,-1,-1
182,8,1863.00,639.00,57.00,230.00,1.0,-1,-1,-1
182,9,0.00,0.00,0.00,0.00,1.0,-1,-1,-1
182,10,1059.00,494.00,55.00,222.00,1.0,-1,-1,-1
182,11,0.00,0.00,0.00,0.00,1.0,-1,-1,-1
182,12,836.00,823.00,125.00,257.00,1.0,-1,-1,-1
182,13,761.00,929.00,159.00,151.00,1.0,-1,-1,-1
182,14,0.00,0.00,0.00,0.00,1.0,-1,-1,-1
182,15,0.00,0.00,0.00,0.00,1.0,-1,-1,-1
182,16,1862.00,639.00,58.00,221.00,1.0,-1,-1,-1
182,17,826.00,447.00,63.00,261.00,1.0,-1,-1,-1
182,18,0.00,0.00,0.00,0.00,1.0,-1,-1,-1
182,19,1001.00,503.00,107.00,218.00,1.0,-1,-1,-1
182,20,844.00,542.00,144.00,270.00,1.0,-1,-1,-1
182,21,1608.00,522.00,88.00,194.00,1.0,-1,-1,-1
182,22,1155.00,579.00,108.00,296.00,1.0,-1,-1,-1
182,23,90.00,870.00,177.00,210.00,1.0,-1,-1,-1
182,24,219.00,878.00,190.00,202.00,1.0,-1,-1,-1
182,25,0.00,0.00,0.00,0.00,1.0,-1,-1,-1
182,26,606.00,469.00,73.00,235.00,1.0,-1,-1,-1
182,27,1692.00,516.00,89.00,267.00,1.0,-1,-1,-1
182,28,1491.00,506.00,122.00,262.00,1.0,-1,-1,-1
183,0,1584.00,684.00,101.00,286.00,1.0,-1,-1,-1
183,1,485.00,844.00,167.00,236.00,1.0,-1,-1,-1
183,2,667.00,830.00,142.00,250.00,1.0,-1,-1,-1
183,3,0.00,0.00,0.00,0.00,1.0,-1,-1,-1
183,4,0.00,0.00,0.00,0.00,1.0,-1,-1,-1
183,5,0.00,0.00,0.00,0.00,1.0,-1,-1,-1
183,6,0.00,0.00,0.00,0.00,1.0,-1,-1,-1
183,7,0.00,0.00,0.00,0.00,1.0,-1,-1,-1
183,8,1876.00,641.00,44.00,222.00,1.0,-1,-1,-1
183,9,0.00,0.00,0.00,0.00,1.0,-1,-1,-1
183,10,1058.00,494.00,55.00,222.00,1.0,-1,-1,-1
183,11,0.00,0.00,0.00,0.00,1.0,-1,-1,-1
183,12,834.00,826.00,124.00,254.00,1.0,-1,-1,-1
183,13,759.00,929.00,160.00,151.00,1.0,-1,-1,-1
183,14,0.00,0.00,0.00,0.00,1.0,-1,-1,-1
183,15,0.00,0.00,0.00,0.00,1.0,-1,-1,-1
183,16,1874.00,641.00,46.00,223.00,1.0,-1,-1,-1
183,17,826.00,446.00,63.00,263.00,1.0,-1,-1,-1
183,18,0.00,0.00,0.00,0.00,1.0,-1,-1,-1
183,19,1001.00,503.00,106.00,217.00,1.0,-1,-1,-1
183,20,853.00,542.00,142.00,270.00,1.0,-1,-1,-1
183,21,1613.00,523.00,90.00,202.00,1.0,-1,-1,-1
183,22,1158.00,581.00,107.00,298.00,1.0,-1,-1,-1
183,23,88.00,870.00,174.00,210.00,1.0,-1,-1,-1
183,24,221.00,879.00,187.00,201.00,1.0,-1,-1,-1
183,25,0.00,0.00,0.00,0.00,1.0,-1,-1,-1
183,26,604.00,467.00,76.00,235.00,1.0,-1,-1,-1
183,27,1696.00,513.00,85.00,269.00,1.0,-1,-1,-1
183,28,1492.00,506.00,124.00,265.00,1.0,-1,-1,-1
184,0,1585.00,684.00,100.00,286.00,1.0,-1,-1,-1
184,1,481.00,845.00,171.00,235.00,1.0,-1,-1,-1
184,2,668.00,829.00,141.00,251.00,1.0,-1,-1,-1
184,3,0.00,0.00,0.00,0.00,1.0,-1,-1,-1
184,4,0.00,0.00,0.00,0.00,1.0,-1,-1,-1
184,5,0.00,0.00,0.00,0.00,1.0,-1,-1,-1
184,6,0.00,0.00,0.00,0.00,1.0,-1,-1,-1
184,7,0.00,0.00,0.00,0.00,1.0,-1,-1,-1
184,8,1884.00,645.00,36.00,222.00,1.0,-1,-1,-1
184,9,0.00,0.00,0.00,0.00,1.0,-1,-1,-1
184,10,1059.00,493.00,53.00,221.00,1.0,-1,-1,-1
184,11,0.00,0.00,0.00,0.00,1.0,-1,-1,-1
184,12,832.00,827.00,125.00,253.00,1.0,-1,-1,-1
184,13,758.00,933.00,160.00,147.00,1.0,-1,-1,-1
184,14,0.00,0.00,0.00,0.00,1.0,-1,-1,-1
184,15,0.00,0.00,0.00,0.00,1.0,-1,-1,-1
184,16,1885.00,645.00,35.00,222.00,1.0,-1,-1,-1
184,17,827.00,445.00,64.00,261.00,1.0,-1,-1,-1
184,18,0.00,0.00,0.00,0.00,1.0,-1,-1,-1
184,19,1001.00,502.00,106.00,218.00,1.0,-1,-1,-1
184,20,857.00,540.00,145.00,271.00,1.0,-1,-1,-1
184,21,1617.00,523.00,97.00,292.00,1.0,-1,-1,-1
184,22,1163.00,580.00,101.00,303.00,1.0,-1,-1,-1
184,23,89.00,872.00,165.00,208.00,1.0,-1,-1,-1
184,24,224.00,879.00,182.00,201.00,1.0,-1,-1,-1
184,25,0.00,0.00,0.00,0.00,1.0,-1,-1,-1
184,26,605.00,466.00,76.00,234.00,1.0,-1,-1,-1
184,27,1701.00,511.00,80.00,270.00,1.0,-1,-1,-1
184,28,1494.00,506.00,124.00,268.00,1.0,-1,-1,-1
185,0,1586.00,684.00,99.00,285.00,1.0,-1,-1,-1
185,1,479.00,848.00,172.00,232.00,1.0,-1,-1,-1
185,2,670.00,829.00,140.00,251.00,1.0,-1,-1,-1
185,3,0.00,0.00,0.00,0.00,1.0,-1,-1,-1
185,4,0.00,0.00,0.00,0.00,1.0,-1,-1,-1
185,5,0.00,0.00,0.00,0.00,1.0,-1,-1,-1
185,6,0.00,0.00,0.00,0.00,1.0,-1,-1,-1
185,7,0.00,0.00,0.00,0.00,1.0,-1,-1,-1
185,8,1890.00,650.00,30.00,120.00,1.0,-1,-1,-1
185,9,0.00,0.00,0.00,0.00,1.0,-1,-1,-1
185,10,1058.00,493.00,54.00,221.00,1.0,-1,-1,-1
185,11,0.00,0.00,0.00,0.00,1.0,-1,-1,-1
185,12,830.00,826.00,125.00,254.00,1.0,-1,-1,-1
185,13,758.00,937.00,151.00,143.00,1.0,-1,-1,-1
185,14,0.00,0.00,0.00,0.00,1.0,-1,-1,-1
185,15,0.00,0.00,0.00,0.00,1.0,-1,-1,-1
185,16,1890.00,651.00,30.00,115.00,1.0,-1,-1,-1
185,17,827.00,444.00,69.00,264.00,1.0,-1,-1,-1
185,18,0.00,0.00,0.00,0.00,1.0,-1,-1,-1
185,19,1002.00,502.00,104.00,220.00,1.0,-1,-1,-1
185,20,860.00,537.00,144.00,272.00,1.0,-1,-1,-1
185,21,1621.00,525.00,108.00,293.00,1.0,-1,-1,-1
185,22,1169.00,576.00,95.00,310.00,1.0,-1,-1,-1
185,23,91.00,875.00,159.00,205.00,1.0,-1,-1,-1
185,24,230.00,878.00,172.00,202.00,1.0,-1,-1,-1
185,25,0.00,0.00,0.00,0.00,1.0,-1,-1,-1
185,26,605.00,466.00,77.00,233.00,1.0,-1,-1,-1
185,27,1704.00,511.00,78.00,270.00,1.0,-1,-1,-1
185,28,1495.00,505.00,127.00,270.00,1.0,-1,-1,-1
186,0,1584.00,684.00,101.00,286.00,1.0,-1,-1,-1
186,1,474.00,852.00,176.00,228.00,1.0,-1,-1,-1
186,2,670.00,830.00,138.00,250.00,1.0,-1,-1,-1
186,3,0.00,0.00,0.00,0.00,1.0,-1,-1,-1
186,4,0.00,0.00,0.00,0.00,1.0,-1,-1,-1
186,5,0.00,0.00,0.00,0.00,1.0,-1,-1,-1
186,6,0.00,0.00,0.00,0.00,1.0,-1,-1,-1
186,7,0.00,0.00,0.00,0.00,1.0,-1,-1,-1
186,8,1898.00,661.00,22.00,110.00,1.0,-1,-1,-1
186,9,0.00,0.00,0.00,0.00,1.0,-1,-1,-1
186,10,1058.00,492.00,52.00,222.00,1.0,-1,-1,-1
186,11,0.00,0.00,0.00,0.00,1.0,-1,-1,-1
186,12,825.00,826.00,125.00,254.00,1.0,-1,-1,-1
186,13,758.00,942.00,148.00,138.00,1.0,-1,-1,-1
186,14,0.00,0.00,0.00,0.00,1.0,-1,-1,-1
186,15,0.00,0.00,0.00,0.00,1.0,-1,-1,-1
186,16,1898.00,662.00,22.00,105.00,1.0,-1,-1,-1
186,17,827.00,446.00,64.00,264.00,1.0,-1,-1,-1
186,18,0.00,0.00,0.00,0.00,1.0,-1,-1,-1
186,19,1001.00,501.00,105.00,218.00,1.0,-1,-1,-1
186,20,863.00,543.00,147.00,267.00,1.0,-1,-1,-1
186,21,1625.00,528.00,113.00,292.00,1.0,-1,-1,-1
186,22,1171.00,577.00,96.00,311.00,1.0,-1,-1,-1
186,23,90.00,881.00,158.00,199.00,1.0,-1,-1,-1
186,24,235.00,877.00,165.00,203.00,1.0,-1,-1,-1
186,25,0.00,0.00,0.00,0.00,1.0,-1,-1,-1
186,26,602.00,466.00,80.00,233.00,1.0,-1,-1,-1
186,27,1705.00,512.00,80.00,269.00,1.0,-1,-1,-1
186,28,1496.00,505.00,135.00,270.00,1.0,-1,-1,-1
187,0,1583.00,681.00,104.00,289.00,1.0,-1,-1,-1
187,1,471.00,856.00,177.00,224.00,1.0,-1,-1,-1
187,2,669.00,832.00,140.00,248.00,1.0,-1,-1,-1
187,3,0.00,0.00,0.00,0.00,1.0,-1,-1,-1
187,4,0.00,0.00,0.00,0.00,1.0,-1,-1,-1
187,5,0.00,0.00,0.00,0.00,1.0,-1,-1,-1
187,6,0.00,0.00,0.00,0.00,1.0,-1,-1,-1
187,7,0.00,0.00,0.00,0.00,1.0,-1,-1,-1
187,8,1903.00,667.00,17.00,103.00,1.0,-1,-1,-1
187,9,0.00,0.00,0.00,0.00,1.0,-1,-1,-1
187,10,1057.00,493.00,53.00,221.00,1.0,-1,-1,-1
187,11,0.00,0.00,0.00,0.00,1.0,-1,-1,-1
187,12,823.00,826.00,123.00,254.00,1.0,-1,-1,-1
187,13,756.00,948.00,146.00,132.00,1.0,-1,-1,-1
187,14,0.00,0.00,0.00,0.00,1.0,-1,-1,-1
187,15,0.00,0.00,0.00,0.00,1.0,-1,-1,-1
187,16,1904.00,668.00,16.00,100.00,1.0,-1,-1,-1
187,17,826.00,447.00,68.00,264.00,1.0,-1,-1,-1
187,18,0.00,0.00,0.00,0.00,1.0,-1,-1,-1
187,19,1000.00,502.00,104.00,196.00,1.0,-1,-1,-1
187,20,865.00,542.00,136.00,269.00,1.0,-1,-1,-1
187,21,1630.00,529.00,114.00,292.00,1.0,-1,-1,-1
187,22,1175.00,581.00,98.00,307.00,1.0,-1,-1,-1
187,23,89.00,887.00,157.00,193.00,1.0,-1,-1,-1
187,24,238.00,878.00,158.00,202.00,1.0,-1,-1,-1
187,25,0.00,0.00,0.00,0.00,1.0,-1,-1,-1
187,26,603.00,467.00,79.00,231.00,1.0,-1,-1,-1
187,27,1721.00,511.00,68.00,270.00,1.0,-1,-1,-1
187,28,1501.00,503.00,136.00,273.00,1.0,-1,-1,-1
188,0,1585.00,681.00,100.00,287.00,1.0,-1,-1,-1
188,1,469.00,858.00,175.00,222.00,1.0,-1,-1,-1
188,2,670.00,834.00,138.00,246.00,1.0,-1,-1,-1
188,3,0.00,0.00,0.00,0.00,1.0,-1,-1,-1
188,4,0.00,0.00,0.00,0.00,1.0,-1,-1,-1
188,5,0.00,0.00,0.00,0.00,1.0,-1,-1,-1
188,6,0.00,0.00,0.00,0.00,1.0,-1,-1,-1
188,7,0.00,0.00,0.00,0.00,1.0,-1,-1,-1
188,8,1909.00,678.00,11.00,92.00,1.0,-1,-1,-1
188,9,0.00,0.00,0.00,0.00,1.0,-1,-1,-1
188,10,1055.00,493.00,50.00,220.00,1.0,-1,-1,-1
188,11,0.00,0.00,0.00,0.00,1.0,-1,-1,-1
188,12,821.00,825.00,122.00,255.00,1.0,-1,-1,-1
188,13,756.00,954.00,143.00,126.00,1.0,-1,-1,-1
188,14,0.00,0.00,0.00,0.00,1.0,-1,-1,-1
188,15,0.00,0.00,0.00,0.00,1.0,-1,-1,-1
188,16,1909.00,679.00,11.00,90.00,1.0,-1,-1,-1
188,17,825.00,447.00,75.00,264.00,1.0,-1,-1,-1
188,18,0.00,0.00,0.00,0.00,1.0,-1,-1,-1
188,19,1000.00,502.00,102.00,194.00,1.0,-1,-1,-1
188,20,865.00,544.00,147.00,265.00,1.0,-1,-1,-1
188,21,1634.00,529.00,114.00,294.00,1.0,-1,-1,-1
188,22,1179.00,584.00,99.00,303.00,1.0,-1,-1,-1
188,23,86.00,893.00,163.00,187.00,1.0,-1,-1,-1
188,24,236.00,880.00,157.00,200.00,1.0,-1,-1,-1
188,25,0.00,0.00,0.00,0.00,1.0,-1,-1,-1
188,26,604.00,466.00,81.00,232.00,1.0,-1,-1,-1
188,27,1725.00,512.00,69.00,268.00,1.0,-1,-1,-1
188,28,1510.00,501.00,132.00,274.00,1.0,-1,-1,-1
189,0,1584.00,678.00,100.00,292.00,1.0,-1,-1,-1
189,1,468.00,863.00,175.00,217.00,1.0,-1,-1,-1
189,2,669.00,839.00,139.00,241.00,1.0,-1,-1,-1
189,3,0.00,0.00,0.00,0.00,1.0,-1,-1,-1
189,4,0.00,0.00,0.00,0.00,1.0,-1,-1,-1
189,5,0.00,0.00,0.00,0.00,1.0,-1,-1,-1
189,6,0.00,0.00,0.00,0.00,1.0,-1,-1,-1
189,7,0.00,0.00,0.00,0.00,1.0,-1,-1,-1
189,8,1911.00,719.00,9.00,50.00,1.0,-1,-1,-1
189,9,0.00,0.00,0.00,0.00,1.0,-1,-1,-1
189,10,1054.00,492.00,50.00,221.00,1.0,-1,-1,-1
189,11,0.00,0.00,0.00,0.00,1.0,-1,-1,-1
189,12,818.00,826.00,124.00,254.00,1.0,-1,-1,-1
189,13,757.00,959.00,141.00,121.00,1.0,-1,-1,-1
189,14,0.00,0.00,0.00,0.00,1.0,-1,-1,-1
189,15,0.00,0.00,0.00,0.00,1.0,-1,-1,-1
189,16,1911.00,696.00,9.00,73.00,1.0,-1,-1,-1
189,17,826.00,448.00,71.00,262.00,1.0,-1,-1,-1
189,18,0.00,0.00,0.00,0.00,1.0,-1,-1,-1
189,19,1001.00,502.00,100.00,194.00,1.0,-1,-1,-1
189,20,865.00,546.00,150.00,264.00,1.0,-1,-1,-1
189,21,1641.00,532.00,107.00,294.00,1.0,-1,-1,-1
189,22,1181.00,574.00,104.00,313.00,1.0,-1,-1,-1
189,23,85.00,898.00,162.00,182.00,1.0,-1,-1,-1
189,24,237.00,885.00,153.00,195.00,1.0,-1,-1,-1
189,25,0.00,0.00,0.00,0.00,1.0,-1,-1,-1
189,26,603.00,466.00,85.00,231.00,1.0,-1,-1,-1
189,27,1729.00,514.00,75.00,266.00,1.0,-1,-1,-1
189,28,1521.00,500.00,126.00,276.00,1.0,-1,-1,-1
190,0,1581.00,678.00,103.00,291.00,1.0,-1,-1,-1
190,1,470.00,867.00,172.00,213.00,1.0,-1,-1,-1
190,2,668.00,843.00,142.00,237.00,1.0,-1,-1,-1
190,3,0.00,0.00,0.00,0.00,1.0,-1,-1,-1
190,4,0.00,0.00,0.00,0.00,1.0,-1,-1,-1
190,5,0.00,0.00,0.00,0.00,1.0,-1,-1,-1
190,6,0.00,0.00,0.00,0.00,1.0,-1,-1,-1
190,7,0.00,0.00,0.00,0.00,1.0,-1,-1,-1
190,8,1914.00,744.00,6.00,25.00,1.0,-1,-1,-1
190,9,0.00,0.00,0.00,0.00,1.0,-1,-1,-1
190,10,1054.00,492.00,50.00,221.00,1.0,-1,-1,-1
190,11,0.00,0.00,0.00,0.00,1.0,-1,-1,-1
190,12,817.00,830.00,123.00,250.00,1.0,-1,-1,-1
190,13,759.00,962.00,138.00,118.00,1.0,-1,-1,-1
190,14,0.00,0.00,0.00,0.00,1.0,-1,-1,-1
190,15,0.00,0.00,0.00,0.00,1.0,-1,-1,-1
190,16,1915.00,745.00,5.00,22.00,1.0,-1,-1,-1
190,17,824.00,450.00,69.00,260.00,1.0,-1,-1,-1
190,18,0.00,0.00,0.00,0.00,1.0,-1,-1,-1
190,19,1003.00,502.00,97.00,195.00,1.0,-1,-1,-1
190,20,865.00,545.00,167.00,265.00,1.0,-1,-1,-1
190,21,1647.00,530.00,102.00,296.00,1.0,-1,-1,-1
190,22,1183.00,573.00,106.00,314.00,1.0,-1,-1,-1
190,23,83.00,901.00,162.00,179.00,1.0,-1,-1,-1
190,24,236.00,891.00,151.00,189.00,1.0,-1,-1,-1
190,25,0.00,0.00,0.00,0.00,1.0,-1,-1,-1
190,26,606.00,466.00,85.00,231.00,1.0,-1,-1,-1
190,27,1734.00,510.00,81.00,270.00,1.0,-1,-1,-1
190,28,1534.00,499.00,120.00,276.00,1.0,-1,-1,-1
191,0,1580.00,678.00,103.00,291.00,1.0,-1,-1,-1
191,1,470.00,869.00,174.00,211.00,1.0,-1,-1,-1
191,2,669.00,847.00,143.00,233.00,1.0,-1,-1,-1
191,3,0.00,0.00,0.00,0.00,1.0,-1,-1,-1
191,4,0.00,0.00,0.00,0.00,1.0,-1,-1,-1
191,5,0.00,0.00,0.00,0.00,1.0,-1,-1,-1
191,6,0.00,0.00,0.00,0.00,1.0,-1,-1,-1
191,7,0.00,0.00,0.00,0.00,1.0,-1,-1,-1
191,8,0.00,0.00,0.00,0.00,1.0,-1,-1,-1
191,9,0.00,0.00,0.00,0.00,1.0,-1,-1,-1
191,10,1048.00,492.00,55.00,219.00,1.0,-1,-1,-1
191,11,0.00,0.00,0.00,0.00,1.0,-1,-1,-1
191,12,816.00,832.00,122.00,248.00,1.0,-1,-1,-1
191,13,759.00,963.00,139.00,117.00,1.0,-1,-1,-1
191,14,0.00,0.00,0.00,0.00,1.0,-1,-1,-1
191,15,0.00,0.00,0.00,0.00,1.0,-1,-1,-1
191,16,0.00,0.00,0.00,0.00,1.0,-1,-1,-1
191,17,823.00,450.00,70.00,259.00,1.0,-1,-1,-1
191,18,0.00,0.00,0.00,0.00,1.0,-1,-1,-1
191,19,1004.00,500.00,96.00,198.00,1.0,-1,-1,-1
191,20,866.00,546.00,158.00,268.00,1.0,-1,-1,-1
191,21,1655.00,530.00,96.00,296.00,1.0,-1,-1,-1
191,22,1185.00,574.00,108.00,312.00,1.0,-1,-1,-1
191,23,82.00,902.00,158.00,178.00,1.0,-1,-1,-1
191,24,236.00,899.00,149.00,181.00,1.0,-1,-1,-1
191,25,0.00,0.00,0.00,0.00,1.0,-1,-1,-1
191,26,607.00,466.00,87.00,230.00,1.0,-1,-1,-1
191,27,1740.00,511.00,86.00,268.00,1.0,-1,-1,-1
191,28,1549.00,498.00,111.00,277.00,1.0,-1,-1,-1
192,0,1579.00,678.00,104.00,289.00,1.0,-1,-1,-1
192,1,470.00,869.00,175.00,211.00,1.0,-1,-1,-1
192,2,668.00,851.00,143.00,229.00,1.0,-1,-1,-1
192,3,0.00,0.00,0.00,0.00,1.0,-1,-1,-1
192,4,0.00,0.00,0.00,0.00,1.0,-1,-1,-1
192,5,0.00,0.00,0.00,0.00,1.0,-1,-1,-1
192,6,0.00,0.00,0.00,0.00,1.0,-1,-1,-1
192,7,0.00,0.00,0.00,0.00,1.0,-1,-1,-1
192,8,0.00,0.00,0.00,0.00,1.0,-1,-1,-1
192,9,0.00,0.00,0.00,0.00,1.0,-1,-1,-1
192,10,1053.00,492.00,47.00,209.00,1.0,-1,-1,-1
192,11,0.00,0.00,0.00,0.00,1.0,-1,-1,-1
192,12,815.00,836.00,122.00,244.00,1.0,-1,-1,-1
192,13,758.00,963.00,140.00,117.00,1.0,-1,-1,-1
192,14,0.00,0.00,0.00,0.00,1.0,-1,-1,-1
192,15,0.00,0.00,0.00,0.00,1.0,-1,-1,-1
192,16,0.00,0.00,0.00,0.00,1.0,-1,-1,-1
192,17,814.00,449.00,78.00,261.00,1.0,-1,-1,-1
192,18,0.00,0.00,0.00,0.00,1.0,-1,-1,-1
192,19,1003.00,499.00,95.00,195.00,1.0,-1,-1,-1
192,20,866.00,550.00,167.00,261.00,1.0,-1,-1,-1
192,21,1660.00,528.00,92.00,297.00,1.0,-1,-1,-1
192,22,1186.00,574.00,111.00,315.00,1.0,-1,-1,-1
192,23,78.00,903.00,156.00,177.00,1.0,-1,-1,-1
192,24,228.00,904.00,153.00,176.00,1.0,-1,-1,-1
192,25,0.00,0.00,0.00,0.00,1.0,-1,-1,-1
192,26,605.00,467.00,88.00,228.00,1.0,-1,-1,-1
192,27,1741.00,512.00,94.00,269.00,1.0,-1,-1,-1
192,28,1562.00,499.00,101.00,271.00,1.0,-1,-1,-1
193,0,1578.00,677.00,104.00,290.00,1.0,-1,-1,-1
193,1,473.00,871.00,175.00,209.00,1.0,-1,-1,-1
193,2,669.00,854.00,143.00,226.00,1.0,-1,-1,-1
193,3,0.00,0.00,0.00,0.00,1.0,-1,-1,-1
193,4,0.00,0.00,0.00,0.00,1.0,-1,-1,-1
193,5,0.00,0.00,0.00,0.00,1.0,-1,-1,-1
193,6,0.00,0.00,0.00,0.00,1.0,-1,-1,-1
193,7,0.00,0.00,0.00,0.00,1.0,-1,-1,-1
193,8,0.00,0.00,0.00,0.00,1.0,-1,-1,-1
193,9,0.00,0.00,0.00,0.00,1.0,-1,-1,-1
193,10,1051.00,492.00,49.00,206.00,1.0,-1,-1,-1
193,11,0.00,0.00,0.00,0.00,1.0,-1,-1,-1
193,12,816.00,843.00,123.00,237.00,1.0,-1,-1,-1
193,13,759.00,964.00,139.00,116.00,1.0,-1,-1,-1
193,14,0.00,0.00,0.00,0.00,1.0,-1,-1,-1
193,15,0.00,0.00,0.00,0.00,1.0,-1,-1,-1
193,16,0.00,0.00,0.00,0.00,1.0,-1,-1,-1
193,17,808.00,450.00,84.00,260.00,1.0,-1,-1,-1
193,18,0.00,0.00,0.00,0.00,1.0,-1,-1,-1
193,19,1004.00,499.00,93.00,193.00,1.0,-1,-1,-1
193,20,869.00,544.00,168.00,267.00,1.0,-1,-1,-1
193,21,1667.00,528.00,90.00,297.00,1.0,-1,-1,-1
193,22,1189.00,575.00,115.00,321.00,1.0,-1,-1,-1
193,23,74.00,904.00,156.00,176.00,1.0,-1,-1,-1
193,24,225.00,911.00,154.00,169.00,1.0,-1,-1,-1
193,25,0.00,0.00,0.00,0.00,1.0,-1,-1,-1
193,26,606.00,469.00,89.00,227.00,1.0,-1,-1,-1
193,27,1745.00,513.00,109.00,269.00,1.0,-1,-1,-1
193,28,1564.00,499.00,105.00,271.00,1.0,-1,-1,-1
194,0,1578.00,675.00,104.00,293.00,1.0,-1,-1,-1
194,1,474.00,870.00,175.00,210.00,1.0,-1,-1,-1
194,2,670.00,856.00,142.00,224.00,1.0,-1,-1,-1
194,3,0.00,0.00,0.00,0.00,1.0,-1,-1,-1
194,4,0.00,0.00,0.00,0.00,1.0,-1,-1,-1
194,5,0.00,0.00,0.00,0.00,1.0,-1,-1,-1
194,6,0.00,0.00,0.00,0.00,1.0,-1,-1,-1
194,7,0.00,0.00,0.00,0.00,1.0,-1,-1,-1
194,8,0.00,0.00,0.00,0.00,1.0,-1,-1,-1
194,9,0.00,0.00,0.00,0.00,1.0,-1,-1,-1
194,10,1052.00,492.00,47.00,207.00,1.0,-1,-1,-1
194,11,0.00,0.00,0.00,0.00,1.0,-1,-1,-1
194,12,817.00,847.00,123.00,233.00,1.0,-1,-1,-1
194,13,760.00,964.00,140.00,116.00,1.0,-1,-1,-1
194,14,0.00,0.00,0.00,0.00,1.0,-1,-1,-1
194,15,0.00,0.00,0.00,0.00,1.0,-1,-1,-1
194,16,0.00,0.00,0.00,0.00,1.0,-1,-1,-1
194,17,805.00,450.00,87.00,260.00,1.0,-1,-1,-1
194,18,0.00,0.00,0.00,0.00,1.0,-1,-1,-1
194,19,1007.00,499.00,90.00,189.00,1.0,-1,-1,-1
194,20,875.00,553.00,172.00,260.00,1.0,-1,-1,-1
194,21,1677.00,528.00,85.00,297.00,1.0,-1,-1,-1
194,22,1193.00,577.00,116.00,325.00,1.0,-1,-1,-1
194,23,66.00,905.00,161.00,175.00,1.0,-1,-1,-1
194,24,219.00,916.00,156.00,164.00,1.0,-1,-1,-1
194,25,0.00,0.00,0.00,0.00,1.0,-1,-1,-1
194,26,607.00,471.00,88.00,224.00,1.0,-1,-1,-1
194,27,1746.00,510.00,115.00,273.00,1.0,-1,-1,-1
194,28,1564.00,501.00,111.00,269.00,1.0,-1,-1,-1
195,0,1577.00,674.00,104.00,294.00,1.0,-1,-1,-1
195,1,474.00,871.00,176.00,209.00,1.0,-1,-1,-1
195,2,671.00,856.00,141.00,224.00,1.0,-1,-1,-1
195,3,0.00,0.00,0.00,0.00,1.0,-1,-1,-1
195,4,0.00,0.00,0.00,0.00,1.0,-1,-1,-1
195,5,0.00,0.00,0.00,0.00,1.0,-1,-1,-1
195,6,0.00,0.00,0.00,0.00,1.0,-1,-1,-1
195,7,0.00,0.00,0.00,0.00,1.0,-1,-1,-1
195,8,0.00,0.00,0.00,0.00,1.0,-1,-1,-1
195,9,0.00,0.00,0.00,0.00,1.0,-1,-1,-1
195,10,1051.00,492.00,48.00,205.00,1.0,-1,-1,-1
195,11,0.00,0.00,0.00,0.00,1.0,-1,-1,-1
195,12,818.00,851.00,123.00,229.00,1.0,-1,-1,-1
195,13,759.00,964.00,142.00,116.00,1.0,-1,-1,-1
195,14,0.00,0.00,0.00,0.00,1.0,-1,-1,-1
195,15,0.00,0.00,0.00,0.00,1.0,-1,-1,-1
195,16,0.00,0.00,0.00,0.00,1.0,-1,-1,-1
195,17,803.00,450.00,89.00,259.00,1.0,-1,-1,-1
195,18,0.00,0.00,0.00,0.00,1.0,-1,-1,-1
195,19,1006.00,498.00,91.00,185.00,1.0,-1,-1,-1
195,20,883.00,556.00,172.00,260.00,1.0,-1,-1,-1
195,21,1681.00,528.00,87.00,298.00,1.0,-1,-1,-1
195,22,1195.00,582.00,116.00,317.00,1.0,-1,-1,-1
195,23,48.00,907.00,177.00,173.00,1.0,-1,-1,-1
195,24,214.00,917.00,157.00,163.00,1.0,-1,-1,-1
195,25,0.00,0.00,0.00,0.00,1.0,-1,-1,-1
195,26,607.00,466.00,88.00,230.00,1.0,-1,-1,-1
195,27,1746.00,522.00,120.00,264.00,1.0,-1,-1,-1
195,28,1564.00,504.00,116.00,261.00,1.0,-1,-1,-1
196,0,1575.00,675.00,108.00,293.00,1.0,-1,-1,-1
196,1,477.00,871.00,175.00,209.00,1.0,-1,-1,-1
196,2,670.00,857.00,142.00,223.00,1.0,-1,-1,-1
196,3,0.00,0.00,0.00,0.00,1.0,-1,-1,-1
196,4,0.00,0.00,0.00,0.00,1.0,-1,-1,-1
196,5,0.00,0.00,0.00,0.00,1.0,-1,-1,-1
196,6,0.00,0.00,0.00,0.00,1.0,-1,-1,-1
196,7,0.00,0.00,0.00,0.00,1.0,-1,-1,-1
196,8,0.00,0.00,0.00,0.00,1.0,-1,-1,-1
196,9,0.00,0.00,0.00,0.00,1.0,-1,-1,-1
196,10,1050.00,491.00,49.00,205.00,1.0,-1,-1,-1
196,11,0.00,0.00,0.00,0.00,1.0,-1,-1,-1
196,12,821.00,854.00,122.00,226.00,1.0,-1,-1,-1
196,13,760.00,966.00,137.00,114.00,1.0,-1,-1,-1
196,14,0.00,0.00,0.00,0.00,1.0,-1,-1,-1
196,15,0.00,0.00,0.00,0.00,1.0,-1,-1,-1
196,16,0.00,0.00,0.00,0.00,1.0,-1,-1,-1
196,17,812.00,451.00,82.00,258.00,1.0,-1,-1,-1
196,18,0.00,0.00,0.00,0.00,1.0,-1,-1,-1
196,19,1014.00,499.00,82.00,163.00,1.0,-1,-1,-1
196,20,895.00,543.00,171.00,274.00,1.0,-1,-1,-1
196,21,1690.00,528.00,90.00,298.00,1.0,-1,-1,-1
196,22,1198.00,590.00,122.00,310.00,1.0,-1,-1,-1
196,23,54.00,911.00,168.00,169.00,1.0,-1,-1,-1
196,24,209.00,920.00,159.00,160.00,1.0,-1,-1,-1
196,25,0.00,0.00,0.00,0.00,1.0,-1,-1,-1
196,26,609.00,470.00,89.00,227.00,1.0,-1,-1,-1
196,27,1751.00,518.00,114.00,270.00,1.0,-1,-1,-1
196,28,1565.00,506.00,121.00,259.00,1.0,-1,-1,-1
197,0,1576.00,672.00,107.00,295.00,1.0,-1,-1,-1
197,1,478.00,871.00,176.00,209.00,1.0,-1,-1,-1
197,2,669.00,857.00,142.00,223.00,1.0,-1,-1,-1
197,3,0.00,0.00,0.00,0.00,1.0,-1,-1,-1
197,4,0.00,0.00,0.00,0.00,1.0,-1,-1,-1
197,5,0.00,0.00,0.00,0.00,1.0,-1,-1,-1
197,6,0.00,0.00,0.00,0.00,1.0,-1,-1,-1
197,7,0.00,0.00,0.00,0.00,1.0,-1,-1,-1
197,8,0.00,0.00,0.00,0.00,1.0,-1,-1,-1
197,9,0.00,0.00,0.00,0.00,1.0,-1,-1,-1
197,10,1050.00,491.00,49.00,204.00,1.0,-1,-1,-1
197,11,0.00,0.00,0.00,0.00,1.0,-1,-1,-1
197,12,821.00,855.00,123.00,225.00,1.0,-1,-1,-1
197,13,761.00,968.00,137.00,112.00,1.0,-1,-1,-1
197,14,0.00,0.00,0.00,0.00,1.0,-1,-1,-1
197,15,0.00,0.00,0.00,0.00,1.0,-1,-1,-1
197,16,0.00,0.00,0.00,0.00,1.0,-1,-1,-1
197,17,810.00,451.00,84.00,261.00,1.0,-1,-1,-1
197,18,0.00,0.00,0.00,0.00,1.0,-1,-1,-1
197,19,1017.00,499.00,78.00,160.00,1.0,-1,-1,-1
197,20,908.00,533.00,159.00,284.00,1.0,-1,-1,-1
197,21,1697.00,528.00,86.00,297.00,1.0,-1,-1,-1
197,22,1201.00,590.00,123.00,318.00,1.0,-1,-1,-1
197,23,56.00,918.00,164.00,162.00,1.0,-1,-1,-1
197,24,207.00,920.00,159.00,160.00,1.0,-1,-1,-1
197,25,0.00,0.00,0.00,0.00,1.0,-1,-1,-1
197,26,609.00,469.00,93.00,228.00,1.0,-1,-1,-1
197,27,1771.00,515.00,97.00,273.00,1.0,-1,-1,-1
197,28,1567.00,507.00,124.00,260.00,1.0,-1,-1,-1
198,0,1579.00,671.00,105.00,295.00,1.0,-1,-1,-1
198,1,480.00,873.00,175.00,207.00,1.0,-1,-1,-1
198,2,667.00,857.00,145.00,223.00,1.0,-1,-1,-1
198,3,0.00,0.00,0.00,0.00,1.0,-1,-1,-1
198,4,0.00,0.00,0.00,0.00,1.0,-1,-1,-1
198,5,0.00,0.00,0.00,0.00,1.0,-1,-1,-1
198,6,0.00,0.00,0.00,0.00,1.0,-1,-1,-1
198,7,0.00,0.00,0.00,0.00,1.0,-1,-1,-1
198,8,0.00,0.00,0.00,0.00,1.0,-1,-1,-1
198,9,0.00,0.00,0.00,0.00,1.0,-1,-1,-1
198,10,1049.00,491.00,51.00,200.00,1.0,-1,-1,-1
198,11,0.00,0.00,0.00,0.00,1.0,-1,-1,-1
198,12,822.00,855.00,124.00,225.00,1.0,-1,-1,-1
198,13,761.00,971.00,137.00,109.00,1.0,-1,-1,-1
198,14,0.00,0.00,0.00,0.00,1.0,-1,-1,-1
198,15,0.00,0.00,0.00,0.00,1.0,-1,-1,-1
198,16,0.00,0.00,0.00,0.00,1.0,-1,-1,-1
198,17,810.00,451.00,86.00,258.00,1.0,-1,-1,-1
198,18,0.00,0.00,0.00,0.00,1.0,-1,-1,-1
198,19,1019.00,498.00,76.00,152.00,1.0,-1,-1,-1
198,20,924.00,532.00,142.00,285.00,1.0,-1,-1,-1
198,21,1704.00,528.00,91.00,300.00,1.0,-1,-1,-1
198,22,1205.00,592.00,121.00,319.00,1.0,-1,-1,-1
198,23,53.00,925.00,162.00,155.00,1.0,-1,-1,-1
198,24,205.00,919.00,159.00,161.00,1.0,-1,-1,-1
198,25,0.00,0.00,0.00,0.00,1.0,-1,-1,-1
198,26,612.00,467.00,95.00,229.00,1.0,-1,-1,-1
198,27,1777.00,512.00,95.00,276.00,1.0,-1,-1,-1
198,28,1570.00,506.00,127.00,259.00,1.0,-1,-1,-1
199,0,1580.00,674.00,104.00,292.00,1.0,-1,-1,-1
199,1,479.00,874.00,176.00,206.00,1.0,-1,-1,-1
199,2,662.00,857.00,150.00,223.00,1.0,-1,-1,-1
199,3,0.00,0.00,0.00,0.00,1.0,-1,-1,-1
199,4,0.00,0.00,0.00,0.00,1.0,-1,-1,-1
199,5,0.00,0.00,0.00,0.00,1.0,-1,-1,-1
199,6,0.00,0.00,0.00,0.00,1.0,-1,-1,-1
199,7,0.00,0.00,0.00,0.00,1.0,-1,-1,-1
199,8,0.00,0.00,0.00,0.00,1.0,-1,-1,-1
199,9,0.00,0.00,0.00,0.00,1.0,-1,-1,-1
199,10,1049.00,490.00,52.00,172.00,1.0,-1,-1,-1
199,11,0.00,0.00,0.00,0.00,1.0,-1,-1,-1
199,12,820.00,854.00,128.00,226.00,1.0,-1,-1,-1
199,13,761.00,973.00,135.00,107.00,1.0,-1,-1,-1
199,14,0.00,0.00,0.00,0.00,1.0,-1,-1,-1
199,15,0.00,0.00,0.00,0.00,1.0,-1,-1,-1
199,16,0.00,0.00,0.00,0.00,1.0,-1,-1,-1
199,17,810.00,451.00,87.00,258.00,1.0,-1,-1,-1
199,18,0.00,0.00,0.00,0.00,1.0,-1,-1,-1
199,19,1021.00,498.00,76.00,131.00,1.0,-1,-1,-1
199,20,935.00,533.00,133.00,283.00,1.0,-1,-1,-1
199,21,1710.00,529.00,103.00,302.00,1.0,-1,-1,-1
199,22,1207.00,591.00,121.00,324.00,1.0,-1,-1,-1
199,23,48.00,932.00,159.00,148.00,1.0,-1,-1,-1
199,24,199.00,918.00,162.00,162.00,1.0,-1,-1,-1
199,25,0.00,0.00,0.00,0.00,1.0,-1,-1,-1
199,26,614.00,466.00,98.00,231.00,1.0,-1,-1,-1
199,27,1783.00,511.00,90.00,277.00,1.0,-1,-1,-1
199,28,1573.00,506.00,129.00,257.00,1.0,-1,-1,-1
199,29,1864.00,465.00,56.00,282.00,1.0,-1,-1,-1
200,0,1580.00,672.00,103.00,293.00,1.0,-1,-1,-1
200,1,480.00,876.00,173.00,204.00,1.0,-1,-1,-1
200,2,658.00,859.00,153.00,221.00,1.0,-1,-1,-1
200,3,0.00,0.00,0.00,0.00,1.0,-1,-1,-1
200,4,0.00,0.00,0.00,0.00,1.0,-1,-1,-1
200,5,0.00,0.00,0.00,0.00,1.0,-1,-1,-1
200,6,0.00,0.00,0.00,0.00,1.0,-1,-1,-1
200,7,0.00,0.00,0.00,0.00,1.0,-1,-1,-1
200,8,0.00,0.00,0.00,0.00,1.0,-1,-1,-1
200,9,0.00,0.00,0.00,0.00,1.0,-1,-1,-1
200,10,1046.00,490.00,53.00,171.00,1.0,-1,-1,-1
200,11,0.00,0.00,0.00,0.00,1.0,-1,-1,-1
200,12,819.00,855.00,128.00,225.00,1.0,-1,-1,-1
200,13,761.00,979.00,131.00,101.00,1.0,-1,-1,-1
200,14,0.00,0.00,0.00,0.00,1.0,-1,-1,-1
200,15,0.00,0.00,0.00,0.00,1.0,-1,-1,-1
200,16,0.00,0.00,0.00,0.00,1.0,-1,-1,-1
200,17,810.00,451.00,87.00,258.00,1.0,-1,-1,-1
200,18,0.00,0.00,0.00,0.00,1.0,-1,-1,-1
200,19,1019.00,498.00,77.00,118.00,1.0,-1,-1,-1
200,20,940.00,533.00,142.00,287.00,1.0,-1,-1,-1
200,21,1708.00,530.00,123.00,301.00,1.0,-1,-1,-1
200,22,1209.00,591.00,118.00,323.00,1.0,-1,-1,-1
200,23,44.00,938.00,157.00,142.00,1.0,-1,-1,-1
200,24,195.00,919.00,163.00,161.00,1.0,-1,-1,-1
200,25,0.00,0.00,0.00,0.00,1.0,-1,-1,-1
200,26,615.00,463.00,98.00,232.00,1.0,-1,-1,-1
200,27,1788.00,514.00,87.00,274.00,1.0,-1,-1,-1
200,28,1578.00,506.00,128.00,252.00,1.0,-1,-1,-1
200,29,1866.00,465.00,54.00,261.00,1.0,-1,-1,-1
201,0,1581.00,673.00,102.00,293.00,1.0,-1,-1,-1
201,1,481.00,881.00,176.00,199.00,1.0,-1,-1,-1
201,2,656.00,864.00,156.00,216.00,1.0,-1,-1,-1
201,3,0.00,0.00,0.00,0.00,1.0,-1,-1,-1
201,4,0.00,0.00,0.00,0.00,1.0,-1,-1,-1
201,5,0.00,0.00,0.00,0.00,1.0,-1,-1,-1
201,6,0.00,0.00,0.00,0.00,1.0,-1,-1,-1
201,7,0.00,0.00,0.00,0.00,1.0,-1,-1,-1
201,8,0.00,0.00,0.00,0.00,1.0,-1,-1,-1
201,9,0.00,0.00,0.00,0.00,1.0,-1,-1,-1
201,10,1046.00,492.00,53.00,164.00,1.0,-1,-1,-1
201,11,0.00,0.00,0.00,0.00,1.0,-1,-1,-1
201,12,819.00,857.00,127.00,223.00,1.0,-1,-1,-1
201,13,762.00,987.00,120.00,93.00,1.0,-1,-1,-1
201,14,0.00,0.00,0.00,0.00,1.0,-1,-1,-1
201,15,0.00,0.00,0.00,0.00,1.0,-1,-1,-1
201,16,0.00,0.00,0.00,0.00,1.0,-1,-1,-1
201,17,811.00,453.00,87.00,257.00,1.0,-1,-1,-1
201,18,0.00,0.00,0.00,0.00,1.0,-1,-1,-1
201,19,999.00,499.00,100.00,150.00,1.0,-1,-1,-1
201,20,946.00,537.00,143.00,287.00,1.0,-1,-1,-1
201,21,1711.00,535.00,132.00,297.00,1.0,-1,-1,-1
201,22,1212.00,593.00,118.00,322.00,1.0,-1,-1,-1
201,23,40.00,944.00,158.00,136.00,1.0,-1,-1,-1
201,24,194.00,925.00,160.00,155.00,1.0,-1,-1,-1
201,25,0.00,0.00,0.00,0.00,1.0,-1,-1,-1
201,26,618.00,462.00,97.00,234.00,1.0,-1,-1,-1
201,27,1792.00,515.00,82.00,273.00,1.0,-1,-1,-1
201,28,1637.00,506.00,75.00,211.00,1.0,-1,-1,-1
201,29,1871.00,465.00,49.00,260.00,1.0,-1,-1,-1
202,0,1580.00,673.00,103.00,292.00,1.0,-1,-1,-1
202,1,480.00,884.00,175.00,196.00,1.0,-1,-1,-1
202,2,653.00,868.00,160.00,212.00,1.0,-1,-1,-1
202,3,0.00,0.00,0.00,0.00,1.0,-1,-1,-1
202,4,0.00,0.00,0.00,0.00,1.0,-1,-1,-1
202,5,0.00,0.00,0.00,0.00,1.0,-1,-1,-1
202,6,0.00,0.00,0.00,0.00,1.0,-1,-1,-1
202,7,0.00,0.00,0.00,0.00,1.0,-1,-1,-1
202,8,0.00,0.00,0.00,0.00,1.0,-1,-1,-1
202,9,0.00,0.00,0.00,0.00,1.0,-1,-1,-1
202,10,1045.00,490.00,54.00,164.00,1.0,-1,-1,-1
202,11,0.00,0.00,0.00,0.00,1.0,-1,-1,-1
202,12,817.00,858.00,129.00,222.00,1.0,-1,-1,-1
202,13,771.00,992.00,103.00,88.00,1.0,-1,-1,-1
202,14,0.00,0.00,0.00,0.00,1.0,-1,-1,-1
202,15,0.00,0.00,0.00,0.00,1.0,-1,-1,-1
202,16,0.00,0.00,0.00,0.00,1.0,-1,-1,-1
202,17,810.00,453.00,88.00,257.00,1.0,-1,-1,-1
202,18,0.00,0.00,0.00,0.00,1.0,-1,-1,-1
202,19,997.00,498.00,102.00,153.00,1.0,-1,-1,-1
202,20,951.00,536.00,148.00,286.00,1.0,-1,-1,-1
202,21,1712.00,537.00,134.00,297.00,1.0,-1,-1,-1
202,22,1214.00,591.00,115.00,323.00,1.0,-1,-1,-1
202,23,35.00,946.00,158.00,134.00,1.0,-1,-1,-1
202,24,191.00,931.00,161.00,149.00,1.0,-1,-1,-1
202,25,0.00,0.00,0.00,0.00,1.0,-1,-1,-1
202,26,619.00,462.00,98.00,232.00,1.0,-1,-1,-1
202,27,1797.00,515.00,76.00,273.00,1.0,-1,-1,-1
202,28,1644.00,505.00,71.00,213.00,1.0,-1,-1,-1
202,29,1870.00,466.00,50.00,259.00,1.0,-1,-1,-1
203,0,1578.00,671.00,104.00,295.00,1.0,-1,-1,-1
203,1,477.00,888.00,172.00,192.00,1.0,-1,-1,-1
203,2,650.00,872.00,163.00,208.00,1.0,-1,-1,-1
203,3,0.00,0.00,0.00,0.00,1.0,-1,-1,-1
203,4,0.00,0.00,0.00,0.00,1.0,-1,-1,-1
203,5,0.00,0.00,0.00,0.00,1.0,-1,-1,-1
203,6,0.00,0.00,0.00,0.00,1.0,-1,-1,-1
203,7,0.00,0.00,0.00,0.00,1.0,-1,-1,-1
203,8,0.00,0.00,0.00,0.00,1.0,-1,-1,-1
203,9,0.00,0.00,0.00,0.00,1.0,-1,-1,-1
203,10,1044.00,489.00,55.00,159.00,1.0,-1,-1,-1
203,11,0.00,0.00,0.00,0.00,1.0,-1,-1,-1
203,12,816.00,860.00,129.00,220.00,1.0,-1,-1,-1
203,13,784.00,998.00,55.00,82.00,1.0,-1,-1,-1
203,14,0.00,0.00,0.00,0.00,1.0,-1,-1,-1
203,15,0.00,0.00,0.00,0.00,1.0,-1,-1,-1
203,16,0.00,0.00,0.00,0.00,1.0,-1,-1,-1
203,17,809.00,453.00,90.00,261.00,1.0,-1,-1,-1
203,18,0.00,0.00,0.00,0.00,1.0,-1,-1,-1
203,19,994.00,498.00,103.00,130.00,1.0,-1,-1,-1
203,20,953.00,535.00,150.00,285.00,1.0,-1,-1,-1
203,21,1713.00,539.00,131.00,297.00,1.0,-1,-1,-1
203,22,1217.00,589.00,109.00,325.00,1.0,-1,-1,-1
203,23,31.00,945.00,158.00,135.00,1.0,-1,-1,-1
203,24,190.00,937.00,160.00,143.00,1.0,-1,-1,-1
203,25,0.00,0.00,0.00,0.00,1.0,-1,-1,-1
203,26,619.00,458.00,100.00,234.00,1.0,-1,-1,-1
203,27,1803.00,515.00,70.00,272.00,1.0,-1,-1,-1
203,28,1630.00,504.00,90.00,222.00,1.0,-1,-1,-1
203,29,1871.00,466.00,49.00,259.00,1.0,-1,-1,-1
204,0,1579.00,670.00,102.00,295.00,1.0,-1,-1,-1
204,1,477.00,892.00,173.00,188.00,1.0,-1,-1,-1
204,2,649.00,878.00,163.00,202.00,1.0,-1,-1,-1
204,3,0.00,0.00,0.00,0.00,1.0,-1,-1,-1
204,4,0.00,0.00,0.00,0.00,1.0,-1,-1,-1
204,5,0.00,0.00,0.00,0.00,1.0,-1,-1,-1
204,6,0.00,0.00,0.00,0.00,1.0,-1,-1,-1
204,7,0.00,0.00,0.00,0.00,1.0,-1,-1,-1
204,8,0.00,0.00,0.00,0.00,1.0,-1,-1,-1
204,9,0.00,0.00,0.00,0.00,1.0,-1,-1,-1
204,10,1042.00,489.00,57.00,148.00,1.0,-1,-1,-1
204,11,0.00,0.00,0.00,0.00,1.0,-1,-1,-1
204,12,816.00,863.00,126.00,217.00,1.0,-1,-1,-1
204,13,781.00,1003.00,53.00,77.00,1.0,-1,-1,-1
204,14,0.00,0.00,0.00,0.00,1.0,-1,-1,-1
204,15,0.00,0.00,0.00,0.00,1.0,-1,-1,-1
204,16,0.00,0.00,0.00,0.00,1.0,-1,-1,-1
204,17,810.00,455.00,92.00,258.00,1.0,-1,-1,-1
204,18,0.00,0.00,0.00,0.00,1.0,-1,-1,-1
204,19,990.00,497.00,104.00,125.00,1.0,-1,-1,-1
204,20,955.00,533.00,147.00,292.00,1.0,-1,-1,-1
204,21,1713.00,540.00,133.00,299.00,1.0,-1,-1,-1
204,22,1221.00,588.00,107.00,326.00,1.0,-1,-1,-1
204,23,29.00,945.00,162.00,135.00,1.0,-1,-1,-1
204,24,189.00,945.00,161.00,135.00,1.0,-1,-1,-1
204,25,0.00,0.00,0.00,0.00,1.0,-1,-1,-1
204,26,621.00,459.00,99.00,233.00,1.0,-1,-1,-1
204,27,1808.00,516.00,68.00,274.00,1.0,-1,-1,-1
204,28,1644.00,505.00,82.00,266.00,1.0,-1,-1,-1
204,29,1872.00,469.00,48.00,253.00,1.0,-1,-1,-1
205,0,1576.00,668.00,106.00,297.00,1.0,-1,-1,-1
205,1,476.00,896.00,160.00,184.00,1.0,-1,-1,-1
205,2,649.00,883.00,163.00,197.00,1.0,-1,-1,-1
205,3,0.00,0.00,0.00,0.00,1.0,-1,-1,-1
205,4,0.00,0.00,0.00,0.00,1.0,-1,-1,-1
205,5,0.00,0.00,0.00,0.00,1.0,-1,-1,-1
205,6,0.00,0.00,0.00,0.00,1.0,-1,-1,-1
205,7,0.00,0.00,0.00,0.00,1.0,-1,-1,-1
205,8,0.00,0.00,0.00,0.00,1.0,-1,-1,-1
205,9,0.00,0.00,0.00,0.00,1.0,-1,-1,-1
205,10,1043.00,489.00,55.00,145.00,1.0,-1,-1,-1
205,11,0.00,0.00,0.00,0.00,1.0,-1,-1,-1
205,12,816.00,868.00,126.00,212.00,1.0,-1,-1,-1
205,13,777.00,1005.00,55.00,75.00,1.0,-1,-1,-1
205,14,0.00,0.00,0.00,0.00,1.0,-1,-1,-1
205,15,0.00,0.00,0.00,0.00,1.0,-1,-1,-1
205,16,0.00,0.00,0.00,0.00,1.0,-1,-1,-1
205,17,812.00,453.00,92.00,260.00,1.0,-1,-1,-1
205,18,0.00,0.00,0.00,0.00,1.0,-1,-1,-1
205,19,989.00,497.00,73.00,89.00,1.0,-1,-1,-1
205,20,960.00,533.00,151.00,294.00,1.0,-1,-1,-1
205,21,1715.00,539.00,132.00,301.00,1.0,-1,-1,-1
205,22,1224.00,587.00,106.00,325.00,1.0,-1,-1,-1
205,23,26.00,944.00,164.00,136.00,1.0,-1,-1,-1
205,24,188.00,951.00,160.00,129.00,1.0,-1,-1,-1
205,25,0.00,0.00,0.00,0.00,1.0,-1,-1,-1
205,26,624.00,457.00,98.00,231.00,1.0,-1,-1,-1
205,27,1814.00,516.00,66.00,278.00,1.0,-1,-1,-1
205,28,1651.00,504.00,80.00,270.00,1.0,-1,-1,-1
205,29,1875.00,467.00,45.00,258.00,1.0,-1,-1,-1
206,0,1575.00,666.00,107.00,298.00,1.0,-1,-1,-1
206,1,474.00,897.00,157.00,183.00,1.0,-1,-1,-1
206,2,649.00,886.00,158.00,194.00,1.0,-1,-1,-1
206,3,0.00,0.00,0.00,0.00,1.0,-1,-1,-1
206,4,0.00,0.00,0.00,0.00,1.0,-1,-1,-1
206,5,0.00,0.00,0.00,0.00,1.0,-1,-1,-1
206,6,0.00,0.00,0.00,0.00,1.0,-1,-1,-1
206,7,0.00,0.00,0.00,0.00,1.0,-1,-1,-1
206,8,0.00,0.00,0.00,0.00,1.0,-1,-1,-1
206,9,0.00,0.00,0.00,0.00,1.0,-1,-1,-1
206,10,1042.00,488.00,50.00,107.00,1.0,-1,-1,-1
206,11,0.00,0.00,0.00,0.00,1.0,-1,-1,-1
206,12,816.00,872.00,126.00,208.00,1.0,-1,-1,-1
206,13,772.00,1006.00,57.00,74.00,1.0,-1,-1,-1
206,14,0.00,0.00,0.00,0.00,1.0,-1,-1,-1
206,15,0.00,0.00,0.00,0.00,1.0,-1,-1,-1
206,16,0.00,0.00,0.00,0.00,1.0,-1,-1,-1
206,17,816.00,453.00,92.00,259.00,1.0,-1,-1,-1
206,18,0.00,0.00,0.00,0.00,1.0,-1,-1,-1
206,19,986.00,496.00,66.00,91.00,1.0,-1,-1,-1
206,20,966.00,532.00,159.00,295.00,1.0,-1,-1,-1
206,21,1723.00,537.00,125.00,304.00,1.0,-1,-1,-1
206,22,1227.00,589.00,101.00,323.00,1.0,-1,-1,-1
206,23,24.00,945.00,164.00,135.00,1.0,-1,-1,-1
206,24,189.00,955.00,155.00,125.00,1.0,-1,-1,-1
206,25,0.00,0.00,0.00,0.00,1.0,-1,-1,-1
206,26,624.00,457.00,100.00,229.00,1.0,-1,-1,-1
206,27,1819.00,518.00,67.00,278.00,1.0,-1,-1,-1
206,28,1661.00,505.00,76.00,270.00,1.0,-1,-1,-1
206,29,1882.00,470.00,38.00,256.00,1.0,-1,-1,-1
206,30,1417.00,504.00,66.00,218.00,1.0,-1,-1,-1
207,0,1578.00,666.00,104.00,298.00,1.0,-1,-1,-1
207,1,472.00,898.00,155.00,182.00,1.0,-1,-1,-1
207,2,651.00,888.00,151.00,192.00,1.0,-1,-1,-1
207,3,0.00,0.00,0.00,0.00,1.0,-1,-1,-1
207,4,0.00,0.00,0.00,0.00,1.0,-1,-1,-1
207,5,0.00,0.00,0.00,0.00,1.0,-1,-1,-1
207,6,0.00,0.00,0.00,0.00,1.0,-1,-1,-1
207,7,0.00,0.00,0.00,0.00,1.0,-1,-1,-1
207,8,0.00,0.00,0.00,0.00,1.0,-1,-1,-1
207,9,0.00,0.00,0.00,0.00,1.0,-1,-1,-1
207,10,1043.00,487.00,49.00,88.00,1.0,-1,-1,-1
207,11,0.00,0.00,0.00,0.00,1.0,-1,-1,-1
207,12,815.00,877.00,126.00,203.00,1.0,-1,-1,-1
207,13,768.00,1006.00,57.00,74.00,1.0,-1,-1,-1
207,14,0.00,0.00,0.00,0.00,1.0,-1,-1,-1
207,15,0.00,0.00,0.00,0.00,1.0,-1,-1,-1
207,16,0.00,0.00,0.00,0.00,1.0,-1,-1,-1
207,17,820.00,453.00,92.00,258.00,1.0,-1,-1,-1
207,18,0.00,0.00,0.00,0.00,1.0,-1,-1,-1
207,19,991.00,497.00,59.00,89.00,1.0,-1,-1,-1
207,20,969.00,533.00,156.00,296.00,1.0,-1,-1,-1
207,21,1733.00,538.00,116.00,302.00,1.0,-1,-1,-1
207,22,1232.00,590.00,102.00,323.00,1.0,-1,-1,-1
207,23,24.00,948.00,164.00,132.00,1.0,-1,-1,-1
207,24,192.00,960.00,149.00,120.00,1.0,-1,-1,-1
207,25,0.00,0.00,0.00,0.00,1.0,-1,-1,-1
207,26,627.00,456.00,98.00,230.00,1.0,-1,-1,-1
207,27,1828.00,518.00,70.00,278.00,1.0,-1,-1,-1
207,28,1652.00,507.00,92.00,271.00,1.0,-1,-1,-1
207,29,1889.00,467.00,31.00,258.00,1.0,-1,-1,-1
207,30,1419.00,509.00,71.00,211.00,1.0,-1,-1,-1
208,0,1579.00,667.00,102.00,297.00,1.0,-1,-1,-1
208,1,469.00,899.00,152.00,181.00,1.0,-1,-1,-1
208,2,651.00,890.00,149.00,190.00,1.0,-1,-1,-1
208,3,0.00,0.00,0.00,0.00,1.0,-1,-1,-1
208,4,0.00,0.00,0.00,0.00,1.0,-1,-1,-1
208,5,0.00,0.00,0.00,0.00,1.0,-1,-1,-1
208,6,0.00,0.00,0.00,0.00,1.0,-1,-1,-1
208,7,0.00,0.00,0.00,0.00,1.0,-1,-1,-1
208,8,0.00,0.00,0.00,0.00,1.0,-1,-1,-1
208,9,0.00,0.00,0.00,0.00,1.0,-1,-1,-1
208,10,1043.00,487.00,49.00,81.00,1.0,-1,-1,-1
208,11,0.00,0.00,0.00,0.00,1.0,-1,-1,-1
208,12,813.00,880.00,126.00,200.00,1.0,-1,-1,-1
208,13,763.00,1006.00,53.00,74.00,1.0,-1,-1,-1
208,14,0.00,0.00,0.00,0.00,1.0,-1,-1,-1
208,15,0.00,0.00,0.00,0.00,1.0,-1,-1,-1
208,16,0.00,0.00,0.00,0.00,1.0,-1,-1,-1
208,17,821.00,454.00,88.00,257.00,1.0,-1,-1,-1
208,18,0.00,0.00,0.00,0.00,1.0,-1,-1,-1
208,19,990.00,496.00,60.00,90.00,1.0,-1,-1,-1
208,20,971.00,532.00,162.00,297.00,1.0,-1,-1,-1
208,21,1742.00,538.00,108.00,303.00,1.0,-1,-1,-1
208,22,1234.00,593.00,106.00,324.00,1.0,-1,-1,-1
208,23,20.00,952.00,165.00,128.00,1.0,-1,-1,-1
208,24,191.00,961.00,146.00,119.00,1.0,-1,-1,-1
208,25,0.00,0.00,0.00,0.00,1.0,-1,-1,-1
208,26,627.00,456.00,98.00,229.00,1.0,-1,-1,-1
208,27,1831.00,520.00,72.00,277.00,1.0,-1,-1,-1
208,28,1653.00,509.00,104.00,282.00,1.0,-1,-1,-1
208,29,1892.00,471.00,28.00,256.00,1.0,-1,-1,-1
208,30,1426.00,511.00,67.00,206.00,1.0,-1,-1,-1
209,0,1576.00,664.00,104.00,299.00,1.0,-1,-1,-1
209,1,463.00,898.00,156.00,182.00,1.0,-1,-1,-1
209,2,650.00,889.00,150.00,191.00,1.0,-1,-1,-1
209,3,0.00,0.00,0.00,0.00,1.0,-1,-1,-1
209,4,0.00,0.00,0.00,0.00,1.0,-1,-1,-1
209,5,0.00,0.00,0.00,0.00,1.0,-1,-1,-1
209,6,0.00,0.00,0.00,0.00,1.0,-1,-1,-1
209,7,0.00,0.00,0.00,0.00,1.0,-1,-1,-1
209,8,0.00,0.00,0.00,0.00,1.0,-1,-1,-1
209,9,0.00,0.00,0.00,0.00,1.0,-1,-1,-1
209,10,1042.00,487.00,47.00,53.00,1.0,-1,-1,-1
209,11,0.00,0.00,0.00,0.00,1.0,-1,-1,-1
209,12,809.00,883.00,127.00,197.00,1.0,-1,-1,-1
209,13,757.00,1005.00,52.00,75.00,1.0,-1,-1,-1
209,14,0.00,0.00,0.00,0.00,1.0,-1,-1,-1
209,15,0.00,0.00,0.00,0.00,1.0,-1,-1,-1
209,16,0.00,0.00,0.00,0.00,1.0,-1,-1,-1
209,17,821.00,453.00,92.00,260.00,1.0,-1,-1,-1
209,18,0.00,0.00,0.00,0.00,1.0,-1,-1,-1
209,19,989.00,496.00,66.00,89.00,1.0,-1,-1,-1
209,20,975.00,533.00,148.00,294.00,1.0,-1,-1,-1
209,21,1753.00,537.00,98.00,304.00,1.0,-1,-1,-1
209,22,1236.00,596.00,103.00,329.00,1.0,-1,-1,-1
209,23,17.00,958.00,168.00,122.00,1.0,-1,-1,-1
209,24,190.00,962.00,144.00,118.00,1.0,-1,-1,-1
209,25,0.00,0.00,0.00,0.00,1.0,-1,-1,-1
209,26,251.00,454.00,474.00,519.00,1.0,-1,-1,-1
209,27,1834.00,522.00,71.00,275.00,1.0,-1,-1,-1
209,28,1669.00,511.00,98.00,281.00,1.0,-1,-1,-1
209,29,1893.00,478.00,27.00,244.00,1.0,-1,-1,-1
209,30,1423.00,512.00,72.00,212.00,1.0,-1,-1,-1
209,31,757.00,567.00,68.00,186.00,1.0,-1,-1,-1
210,0,1574.00,665.00,107.00,298.00,1.0,-1,-1,-1
210,1,461.00,899.00,158.00,181.00,1.0,-1,-1,-1
210,2,651.00,889.00,149.00,191.00,1.0,-1,-1,-1
210,3,0.00,0.00,0.00,0.00,1.0,-1,-1,-1
210,4,0.00,0.00,0.00,0.00,1.0,-1,-1,-1
210,5,0.00,0.00,0.00,0.00,1.0,-1,-1,-1
210,6,0.00,0.00,0.00,0.00,1.0,-1,-1,-1
210,7,0.00,0.00,0.00,0.00,1.0,-1,-1,-1
210,8,0.00,0.00,0.00,0.00,1.0,-1,-1,-1
210,9,0.00,0.00,0.00,0.00,1.0,-1,-1,-1
210,10,1042.00,486.00,46.00,56.00,1.0,-1,-1,-1
210,11,0.00,0.00,0.00,0.00,1.0,-1,-1,-1
210,12,807.00,885.00,128.00,195.00,1.0,-1,-1,-1
210,13,755.00,1005.00,57.00,75.00,1.0,-1,-1,-1
210,14,0.00,0.00,0.00,0.00,1.0,-1,-1,-1
210,15,0.00,0.00,0.00,0.00,1.0,-1,-1,-1
210,16,0.00,0.00,0.00,0.00,1.0,-1,-1,-1
210,17,820.00,454.00,93.00,258.00,1.0,-1,-1,-1
210,18,0.00,0.00,0.00,0.00,1.0,-1,-1,-1
210,19,989.00,496.00,70.00,90.00,1.0,-1,-1,-1
210,20,980.00,535.00,148.00,292.00,1.0,-1,-1,-1
210,21,1766.00,535.00,93.00,305.00,1.0,-1,-1,-1
210,22,1238.00,609.00,104.00,317.00,1.0,-1,-1,-1
210,23,16.00,966.00,162.00,114.00,1.0,-1,-1,-1
210,24,190.00,960.00,144.00,120.00,1.0,-1,-1,-1
210,25,0.00,0.00,0.00,0.00,1.0,-1,-1,-1
210,26,250.00,454.00,476.00,519.00,1.0,-1,-1,-1
210,27,1840.00,523.00,64.00,273.00,1.0,-1,-1,-1
210,28,1673.00,512.00,100.00,280.00,1.0,-1,-1,-1
210,29,1895.00,494.00,25.00,228.00,1.0,-1,-1,-1
210,30,1424.00,513.00,74.00,208.00,1.0,-1,-1,-1
210,31,757.00,565.00,68.00,191.00,1.0,-1,-1,-1
211,0,1576.00,665.00,107.00,297.00,1.0,-1,-1,-1
211,1,458.00,900.00,165.00,180.00,1.0,-1,-1,-1
211,2,654.00,888.00,148.00,192.00,1.0,-1,-1,-1
211,3,1004.00,1061.00,46.00,19.00,1.0,-1,-1,-1
211,4,0.00,0.00,0.00,0.00,1.0,-1,-1,-1
211,5,0.00,0.00,0.00,0.00,1.0,-1,-1,-1
211,6,0.00,0.00,0.00,0.00,1.0,-1,-1,-1
211,7,0.00,0.00,0.00,0.00,1.0,-1,-1,-1
211,8,0.00,0.00,0.00,0.00,1.0,-1,-1,-1
211,9,0.00,0.00,0.00,0.00,1.0,-1,-1,-1
211,10,1043.00,486.00,47.00,71.00,1.0,-1,-1,-1
211,11,0.00,0.00,0.00,0.00,1.0,-1,-1,-1
211,12,807.00,885.00,128.00,195.00,1.0,-1,-1,-1
211,13,755.00,1007.00,54.00,73.00,1.0,-1,-1,-1
211,14,0.00,0.00,0.00,0.00,1.0,-1,-1,-1
211,15,0.00,0.00,0.00,0.00,1.0,-1,-1,-1
211,16,0.00,0.00,0.00,0.00,1.0,-1,-1,-1
211,17,825.00,455.00,89.00,257.00,1.0,-1,-1,-1
211,18,0.00,0.00,0.00,0.00,1.0,-1,-1,-1
211,19,989.00,496.00,79.00,97.00,1.0,-1,-1,-1
211,20,986.00,537.00,152.00,290.00,1.0,-1,-1,-1
211,21,1777.00,536.00,80.00,306.00,1.0,-1,-1,-1
211,22,1243.00,608.00,112.00,322.00,1.0,-1,-1,-1
211,23,17.00,971.00,160.00,109.00,1.0,-1,-1,-1
211,24,191.00,959.00,144.00,121.00,1.0,-1,-1,-1
211,25,0.00,0.00,0.00,0.00,1.0,-1,-1,-1
211,26,250.00,452.00,477.00,521.00,1.0,-1,-1,-1
211,27,1844.00,523.00,76.00,282.00,1.0,-1,-1,-1
211,28,1684.00,512.00,100.00,281.00,1.0,-1,-1,-1
211,29,1901.00,507.00,19.00,238.00,1.0,-1,-1,-1
211,30,1434.00,514.00,69.00,210.00,1.0,-1,-1,-1
211,31,758.00,566.00,67.00,191.00,1.0,-1,-1,-1
212,0,1576.00,665.00,107.00,297.00,1.0,-1,-1,-1
212,1,454.00,901.00,170.00,179.00,1.0,-1,-1,-1
212,2,655.00,888.00,152.00,192.00,1.0,-1,-1,-1
212,3,1003.00,1064.00,45.00,16.00,1.0,-1,-1,-1
212,4,0.00,0.00,0.00,0.00,1.0,-1,-1,-1
212,5,0.00,0.00,0.00,0.00,1.0,-1,-1,-1
212,6,0.00,0.00,0.00,0.00,1.0,-1,-1,-1
212,7,0.00,0.00,0.00,0.00,1.0,-1,-1,-1
212,8,0.00,0.00,0.00,0.00,1.0,-1,-1,-1
212,9,0.00,0.00,0.00,0.00,1.0,-1,-1,-1
212,10,1043.00,486.00,46.00,94.00,1.0,-1,-1,-1
212,11,0.00,0.00,0.00,0.00,1.0,-1,-1,-1
212,12,805.00,885.00,130.00,195.00,1.0,-1,-1,-1
212,13,754.00,1010.00,52.00,70.00,1.0,-1,-1,-1
212,14,0.00,0.00,0.00,0.00,1.0,-1,-1,-1
212,15,0.00,0.00,0.00,0.00,1.0,-1,-1,-1
212,16,0.00,0.00,0.00,0.00,1.0,-1,-1,-1
212,17,826.00,455.00,89.00,257.00,1.0,-1,-1,-1
212,18,0.00,0.00,0.00,0.00,1.0,-1,-1,-1
212,19,990.00,496.00,85.00,101.00,1.0,-1,-1,-1
212,20,992.00,536.00,159.00,291.00,1.0,-1,-1,-1
212,21,1781.00,537.00,89.00,307.00,1.0,-1,-1,-1
212,22,1247.00,605.00,118.00,329.00,1.0,-1,-1,-1
212,23,20.00,976.00,157.00,104.00,1.0,-1,-1,-1
212,24,190.00,961.00,145.00,119.00,1.0,-1,-1,-1
212,25,0.00,0.00,0.00,0.00,1.0,-1,-1,-1
212,26,250.00,452.00,479.00,521.00,1.0,-1,-1,-1
212,27,1853.00,525.00,67.00,280.00,1.0,-1,-1,-1
212,28,1681.00,512.00,103.00,281.00,1.0,-1,-1,-1
212,29,1905.00,507.00,15.00,240.00,1.0,-1,-1,-1
212,30,1439.00,512.00,75.00,211.00,1.0,-1,-1,-1
212,31,759.00,566.00,66.00,190.00,1.0,-1,-1,-1
213,0,1576.00,660.00,107.00,301.00,1.0,-1,-1,-1
213,1,452.00,904.00,173.00,176.00,1.0,-1,-1,-1
213,2,656.00,890.00,147.00,190.00,1.0,-1,-1,-1
213,3,1003.00,1064.00,43.00,16.00,1.0,-1,-1,-1
213,4,0.00,0.00,0.00,0.00,1.0,-1,-1,-1
213,5,0.00,0.00,0.00,0.00,1.0,-1,-1,-1
213,6,0.00,0.00,0.00,0.00,1.0,-1,-1,-1
213,7,0.00,0.00,0.00,0.00,1.0,-1,-1,-1
213,8,0.00,0.00,0.00,0.00,1.0,-1,-1,-1
213,9,0.00,0.00,0.00,0.00,1.0,-1,-1,-1
213,10,1044.00,485.00,47.00,96.00,1.0,-1,-1,-1
213,11,0.00,0.00,0.00,0.00,1.0,-1,-1,-1
213,12,805.00,885.00,130.00,195.00,1.0,-1,-1,-1
213,13,752.00,1014.00,53.00,66.00,1.0,-1,-1,-1
213,14,0.00,0.00,0.00,0.00,1.0,-1,-1,-1
213,15,0.00,0.00,0.00,0.00,1.0,-1,-1,-1
213,16,0.00,0.00,0.00,0.00,1.0,-1,-1,-1
213,17,827.00,454.00,90.00,258.00,1.0,-1,-1,-1
213,18,0.00,0.00,0.00,0.00,1.0,-1,-1,-1
213,19,991.00,496.00,88.00,108.00,1.0,-1,-1,-1
213,20,997.00,538.00,163.00,289.00,1.0,-1,-1,-1
213,21,1785.00,538.00,95.00,308.00,1.0,-1,-1,-1
213,22,1250.00,605.00,119.00,335.00,1.0,-1,-1,-1
213,23,18.00,979.00,155.00,101.00,1.0,-1,-1,-1
213,24,189.00,962.00,145.00,118.00,1.0,-1,-1,-1
213,25,0.00,0.00,0.00,0.00,1.0,-1,-1,-1
213,26,251.00,452.00,476.00,521.00,1.0,-1,-1,-1
213,27,1854.00,523.00,66.00,281.00,1.0,-1,-1,-1
213,28,1680.00,512.00,105.00,281.00,1.0,-1,-1,-1
213,29,1895.00,500.00,25.00,212.00,1.0,-1,-1,-1
213,30,1441.00,509.00,79.00,214.00,1.0,-1,-1,-1
213,31,759.00,565.00,66.00,192.00,1.0,-1,-1,-1
214,0,1576.00,660.00,106.00,300.00,1.0,-1,-1,-1
214,1,449.00,908.00,176.00,172.00,1.0,-1,-1,-1
214,2,656.00,893.00,147.00,187.00,1.0,-1,-1,-1
214,3,1002.00,1068.00,41.00,12.00,1.0,-1,-1,-1
214,4,0.00,0.00,0.00,0.00,1.0,-1,-1,-1
214,5,0.00,0.00,0.00,0.00,1.0,-1,-1,-1
214,6,0.00,0.00,0.00,0.00,1.0,-1,-1,-1
214,7,0.00,0.00,0.00,0.00,1.0,-1,-1,-1
214,8,0.00,0.00,0.00,0.00,1.0,-1,-1,-1
214,9,0.00,0.00,0.00,0.00,1.0,-1,-1,-1
214,10,1044.00,485.00,47.00,97.00,1.0,-1,-1,-1
214,11,0.00,0.00,0.00,0.00,1.0,-1,-1,-1
214,12,804.00,886.00,131.00,194.00,1.0,-1,-1,-1
214,13,751.00,1018.00,53.00,62.00,1.0,-1,-1,-1
214,14,0.00,0.00,0.00,0.00,1.0,-1,-1,-1
214,15,0.00,0.00,0.00,0.00,1.0,-1,-1,-1
214,16,0.00,0.00,0.00,0.00,1.0,-1,-1,-1
214,17,840.00,460.00,77.00,254.00,1.0,-1,-1,-1
214,18,0.00,0.00,0.00,0.00,1.0,-1,-1,-1
214,19,991.00,496.00,91.00,158.00,1.0,-1,-1,-1
214,20,1001.00,542.00,167.00,284.00,1.0,-1,-1,-1
214,21,1791.00,540.00,90.00,309.00,1.0,-1,-1,-1
214,22,1254.00,606.00,124.00,335.00,1.0,-1,-1,-1
214,23,18.00,981.00,151.00,99.00,1.0,-1,-1,-1
214,24,189.00,968.00,142.00,112.00,1.0,-1,-1,-1
214,25,0.00,0.00,0.00,0.00,1.0,-1,-1,-1
214,26,633.00,452.00,97.00,229.00,1.0,-1,-1,-1
214,27,1861.00,525.00,59.00,279.00,1.0,-1,-1,-1
214,28,1680.00,511.00,109.00,281.00,1.0,-1,-1,-1
214,29,0.00,0.00,0.00,0.00,1.0,-1,-1,-1
214,30,1443.00,514.00,83.00,210.00,1.0,-1,-1,-1
214,31,759.00,565.00,66.00,191.00,1.0,-1,-1,-1
215,0,1578.00,662.00,106.00,296.00,1.0,-1,-1,-1
215,1,449.00,912.00,177.00,168.00,1.0,-1,-1,-1
215,2,656.00,896.00,146.00,184.00,1.0,-1,-1,-1
215,3,1001.00,1069.00,40.00,11.00,1.0,-1,-1,-1
215,4,0.00,0.00,0.00,0.00,1.0,-1,-1,-1
215,5,0.00,0.00,0.00,0.00,1.0,-1,-1,-1
215,6,0.00,0.00,0.00,0.00,1.0,-1,-1,-1
215,7,0.00,0.00,0.00,0.00,1.0,-1,-1,-1
215,8,0.00,0.00,0.00,0.00,1.0,-1,-1,-1
215,9,0.00,0.00,0.00,0.00,1.0,-1,-1,-1
215,10,1045.00,484.00,49.00,99.00,1.0,-1,-1,-1
215,11,0.00,0.00,0.00,0.00,1.0,-1,-1,-1
215,12,804.00,888.00,131.00,192.00,1.0,-1,-1,-1
215,13,751.00,1025.00,52.00,55.00,1.0,-1,-1,-1
215,14,0.00,0.00,0.00,0.00,1.0,-1,-1,-1
215,15,0.00,0.00,0.00,0.00,1.0,-1,-1,-1
215,16,0.00,0.00,0.00,0.00,1.0,-1,-1,-1
215,17,842.00,460.00,78.00,258.00,1.0,-1,-1,-1
215,18,0.00,0.00,0.00,0.00,1.0,-1,-1,-1
215,19,991.00,496.00,101.00,118.00,1.0,-1,-1,-1
215,20,1008.00,545.00,162.00,282.00,1.0,-1,-1,-1
215,21,1797.00,540.00,90.00,299.00,1.0,-1,-1,-1
215,22,1260.00,606.00,124.00,335.00,1.0,-1,-1,-1
215,23,18.00,981.00,148.00,99.00,1.0,-1,-1,-1
215,24,191.00,974.00,134.00,106.00,1.0,-1,-1,-1
215,25,0.00,0.00,0.00,0.00,1.0,-1,-1,-1
215,26,640.00,452.00,89.00,229.00,1.0,-1,-1,-1
215,27,1866.00,522.00,54.00,281.00,1.0,-1,-1,-1
215,28,1681.00,510.00,116.00,283.00,1.0,-1,-1,-1
215,29,0.00,0.00,0.00,0.00,1.0,-1,-1,-1
215,30,1445.00,517.00,74.00,209.00,1.0,-1,-1,-1
215,31,760.00,565.00,65.00,191.00,1.0,-1,-1,-1
216,0,1576.00,662.00,107.00,294.00,1.0,-1,-1,-1
216,1,447.00,916.00,176.00,164.00,1.0,-1,-1,-1
216,2,655.00,901.00,149.00,179.00,1.0,-1,-1,-1
216,3,998.00,1069.00,41.00,11.00,1.0,-1,-1,-1
216,4,0.00,0.00,0.00,0.00,1.0,-1,-1,-1
216,5,0.00,0.00,0.00,0.00,1.0,-1,-1,-1
216,6,0.00,0.00,0.00,0.00,1.0,-1,-1,-1
216,7,0.00,0.00,0.00,0.00,1.0,-1,-1,-1
216,8,0.00,0.00,0.00,0.00,1.0,-1,-1,-1
216,9,0.00,0.00,0.00,0.00,1.0,-1,-1,-1
216,10,1044.00,484.00,50.00,103.00,1.0,-1,-1,-1
216,11,0.00,0.00,0.00,0.00,1.0,-1,-1,-1
216,12,805.00,890.00,131.00,190.00,1.0,-1,-1,-1
216,13,751.00,1030.00,52.00,50.00,1.0,-1,-1,-1
216,14,0.00,0.00,0.00,0.00,1.0,-1,-1,-1
216,15,0.00,0.00,0.00,0.00,1.0,-1,-1,-1
216,16,0.00,0.00,0.00,0.00,1.0,-1,-1,-1
216,17,839.00,460.00,81.00,260.00,1.0,-1,-1,-1
216,18,0.00,0.00,0.00,0.00,1.0,-1,-1,-1
216,19,991.00,496.00,78.00,246.00,1.0,-1,-1,-1
216,20,1013.00,561.00,171.00,266.00,1.0,-1,-1,-1
216,21,1801.00,543.00,110.00,302.00,1.0,-1,-1,-1
216,22,1262.00,614.00,109.00,326.00,1.0,-1,-1,-1
216,23,14.00,980.00,148.00,100.00,1.0,-1,-1,-1
216,24,191.00,982.00,126.00,98.00,1.0,-1,-1,-1
216,25,0.00,0.00,0.00,0.00,1.0,-1,-1,-1
216,26,637.00,451.00,93.00,230.00,1.0,-1,-1,-1
216,27,1870.00,523.00,50.00,279.00,1.0,-1,-1,-1
216,28,1691.00,508.00,112.00,285.00,1.0,-1,-1,-1
216,29,0.00,0.00,0.00,0.00,1.0,-1,-1,-1
216,30,1447.00,521.00,73.00,204.00,1.0,-1,-1,-1
216,31,759.00,564.00,66.00,191.00,1.0,-1,-1,-1
217,0,1576.00,661.00,106.00,292.00,1.0,-1,-1,-1
217,1,449.00,920.00,172.00,160.00,1.0,-1,-1,-1
217,2,655.00,906.00,150.00,174.00,1.0,-1,-1,-1
217,3,996.00,1069.00,42.00,11.00,1.0,-1,-1,-1
217,4,0.00,0.00,0.00,0.00,1.0,-1,-1,-1
217,5,0.00,0.00,0.00,0.00,1.0,-1,-1,-1
217,6,0.00,0.00,0.00,0.00,1.0,-1,-1,-1
217,7,0.00,0.00,0.00,0.00,1.0,-1,-1,-1
217,8,0.00,0.00,0.00,0.00,1.0,-1,-1,-1
217,9,0.00,0.00,0.00,0.00,1.0,-1,-1,-1
217,10,1044.00,482.00,50.00,105.00,1.0,-1,-1,-1
217,11,0.00,0.00,0.00,0.00,1.0,-1,-1,-1
217,12,805.00,892.00,130.00,188.00,1.0,-1,-1,-1
217,13,751.00,1035.00,53.00,45.00,1.0,-1,-1,-1
217,14,0.00,0.00,0.00,0.00,1.0,-1,-1,-1
217,15,0.00,0.00,0.00,0.00,1.0,-1,-1,-1
217,16,0.00,0.00,0.00,0.00,1.0,-1,-1,-1
217,17,840.00,460.00,81.00,256.00,1.0,-1,-1,-1
217,18,0.00,0.00,0.00,0.00,1.0,-1,-1,-1
217,19,991.00,495.00,63.00,207.00,1.0,-1,-1,-1
217,20,1021.00,563.00,170.00,264.00,1.0,-1,-1,-1
217,21,1805.00,545.00,101.00,295.00,1.0,-1,-1,-1
217,22,1264.00,608.00,113.00,332.00,1.0,-1,-1,-1
217,23,10.00,980.00,150.00,100.00,1.0,-1,-1,-1
217,24,193.00,989.00,116.00,91.00,1.0,-1,-1,-1
217,25,0.00,0.00,0.00,0.00,1.0,-1,-1,-1
217,26,634.00,452.00,97.00,228.00,1.0,-1,-1,-1
217,27,1874.00,521.00,46.00,280.00,1.0,-1,-1,-1
217,28,1706.00,507.00,101.00,285.00,1.0,-1,-1,-1
217,29,0.00,0.00,0.00,0.00,1.0,-1,-1,-1
217,30,1450.00,481.00,81.00,249.00,1.0,-1,-1,-1
217,31,758.00,564.00,66.00,191.00,1.0,-1,-1,-1
218,0,1573.00,655.00,108.00,298.00,1.0,-1,-1,-1
218,1,449.00,925.00,164.00,155.00,1.0,-1,-1,-1
218,2,655.00,911.00,149.00,169.00,1.0,-1,-1,-1
218,3,993.00,1072.00,39.00,8.00,1.0,-1,-1,-1
218,4,0.00,0.00,0.00,0.00,1.0,-1,-1,-1
218,5,0.00,0.00,0.00,0.00,1.0,-1,-1,-1
218,6,0.00,0.00,0.00,0.00,1.0,-1,-1,-1
218,7,0.00,0.00,0.00,0.00,1.0,-1,-1,-1
218,8,0.00,0.00,0.00,0.00,1.0,-1,-1,-1
218,9,0.00,0.00,0.00,0.00,1.0,-1,-1,-1
218,10,1043.00,481.00,50.00,104.00,1.0,-1,-1,-1
218,11,0.00,0.00,0.00,0.00,1.0,-1,-1,-1
218,12,805.00,899.00,129.00,181.00,1.0,-1,-1,-1
218,13,752.00,1041.00,51.00,39.00,1.0,-1,-1,-1
218,14,0.00,0.00,0.00,0.00,1.0,-1,-1,-1
218,15,0.00,0.00,0.00,0.00,1.0,-1,-1,-1
218,16,0.00,0.00,0.00,0.00,1.0,-1,-1,-1
218,17,841.00,461.00,81.00,255.00,1.0,-1,-1,-1
218,18,0.00,0.00,0.00,0.00,1.0,-1,-1,-1
218,19,990.00,495.00,65.00,216.00,1.0,-1,-1,-1
218,20,1021.00,565.00,177.00,264.00,1.0,-1,-1,-1
218,21,1810.00,548.00,110.00,307.00,1.0,-1,-1,-1
218,22,1265.00,608.00,118.00,332.00,1.0,-1,-1,-1
218,23,7.00,983.00,148.00,97.00,1.0,-1,-1,-1
218,24,198.00,996.00,98.00,84.00,1.0,-1,-1,-1
218,25,0.00,0.00,0.00,0.00,1.0,-1,-1,-1
218,26,635.00,452.00,92.00,230.00,1.0,-1,-1,-1
218,27,1881.00,520.00,39.00,282.00,1.0,-1,-1,-1
218,28,1715.00,507.00,92.00,284.00,1.0,-1,-1,-1
218,29,0.00,0.00,0.00,0.00,1.0,-1,-1,-1
218,30,1452.00,473.00,82.00,259.00,1.0,-1,-1,-1
218,31,757.00,565.00,67.00,191.00,1.0,-1,-1,-1
219,0,1573.00,654.00,106.00,300.00,1.0,-1,-1,-1
219,1,450.00,928.00,160.00,152.00,1.0,-1,-1,-1
219,2,655.00,915.00,151.00,165.00,1.0,-1,-1,-1
219,3,998.00,1073.00,29.00,7.00,1.0,-1,-1,-1
219,4,0.00,0.00,0.00,0.00,1.0,-1,-1,-1
219,5,0.00,0.00,0.00,0.00,1.0,-1,-1,-1
219,6,0.00,0.00,0.00,0.00,1.0,-1,-1,-1
219,7,0.00,0.00,0.00,0.00,1.0,-1,-1,-1
219,8,0.00,0.00,0.00,0.00,1.0,-1,-1,-1
219,9,0.00,0.00,0.00,0.00,1.0,-1,-1,-1
219,10,1043.00,481.00,48.00,108.00,1.0,-1,-1,-1
219,11,0.00,0.00,0.00,0.00,1.0,-1,-1,-1
219,12,807.00,905.00,129.00,175.00,1.0,-1,-1,-1
219,13,753.00,1045.00,52.00,35.00,1.0,-1,-1,-1
219,14,0.00,0.00,0.00,0.00,1.0,-1,-1,-1
219,15,0.00,0.00,0.00,0.00,1.0,-1,-1,-1
219,16,0.00,0.00,0.00,0.00,1.0,-1,-1,-1
219,17,841.00,461.00,81.00,255.00,1.0,-1,-1,-1
219,18,0.00,0.00,0.00,0.00,1.0,-1,-1,-1
219,19,991.00,495.00,70.00,221.00,1.0,-1,-1,-1
219,20,1022.00,565.00,182.00,265.00,1.0,-1,-1,-1
219,21,1815.00,549.00,105.00,308.00,1.0,-1,-1,-1
219,22,1267.00,609.00,120.00,331.00,1.0,-1,-1,-1
219,23,4.00,986.00,147.00,94.00,1.0,-1,-1,-1
219,24,205.00,1002.00,80.00,78.00,1.0,-1,-1,-1
219,25,0.00,0.00,0.00,0.00,1.0,-1,-1,-1
219,26,635.00,451.00,93.00,231.00,1.0,-1,-1,-1
219,27,1888.00,522.00,32.00,279.00,1.0,-1,-1,-1
219,28,1714.00,507.00,98.00,284.00,1.0,-1,-1,-1
219,29,0.00,0.00,0.00,0.00,1.0,-1,-1,-1
219,30,1453.00,481.00,89.00,250.00,1.0,-1,-1,-1
219,31,756.00,566.00,68.00,196.00,1.0,-1,-1,-1
220,0,1570.00,654.00,108.00,301.00,1.0,-1,-1,-1
220,1,452.00,930.00,157.00,150.00,1.0,-1,-1,-1
220,2,655.00,918.00,153.00,162.00,1.0,-1,-1,-1
220,3,0.00,0.00,0.00,0.00,1.0,-1,-1,-1
220,4,0.00,0.00,0.00,0.00,1.0,-1,-1,-1
220,5,0.00,0.00,0.00,0.00,1.0,-1,-1,-1
220,6,0.00,0.00,0.00,0.00,1.0,-1,-1,-1
220,7,0.00,0.00,0.00,0.00,1.0,-1,-1,-1
220,8,0.00,0.00,0.00,0.00,1.0,-1,-1,-1
220,9,0.00,0.00,0.00,0.00,1.0,-1,-1,-1
220,10,1043.00,481.00,49.00,114.00,1.0,-1,-1,-1
220,11,0.00,0.00,0.00,0.00,1.0,-1,-1,-1
220,12,809.00,913.00,129.00,167.00,1.0,-1,-1,-1
220,13,755.00,1047.00,53.00,33.00,1.0,-1,-1,-1
220,14,0.00,0.00,0.00,0.00,1.0,-1,-1,-1
220,15,0.00,0.00,0.00,0.00,1.0,-1,-1,-1
220,16,0.00,0.00,0.00,0.00,1.0,-1,-1,-1
220,17,847.00,461.00,77.00,253.00,1.0,-1,-1,-1
220,18,0.00,0.00,0.00,0.00,1.0,-1,-1,-1
220,19,991.00,494.00,63.00,220.00,1.0,-1,-1,-1
220,20,1023.00,558.00,188.00,274.00,1.0,-1,-1,-1
220,21,1815.00,548.00,105.00,308.00,1.0,-1,-1,-1
220,22,1269.00,605.00,126.00,338.00,1.0,-1,-1,-1
220,23,25.00,993.00,119.00,87.00,1.0,-1,-1,-1
220,24,205.00,1007.00,69.00,73.00,1.0,-1,-1,-1
220,25,0.00,0.00,0.00,0.00,1.0,-1,-1,-1
220,26,636.00,450.00,94.00,231.00,1.0,-1,-1,-1
220,27,1897.00,527.00,23.00,274.00,1.0,-1,-1,-1
220,28,1715.00,507.00,105.00,285.00,1.0,-1,-1,-1
220,29,0.00,0.00,0.00,0.00,1.0,-1,-1,-1
220,30,1464.00,512.00,72.00,218.00,1.0,-1,-1,-1
220,31,756.00,567.00,69.00,193.00,1.0,-1,-1,-1
221,0,1569.00,655.00,109.00,299.00,1.0,-1,-1,-1
221,1,451.00,931.00,155.00,149.00,1.0,-1,-1,-1
221,2,655.00,921.00,153.00,159.00,1.0,-1,-1,-1
221,3,0.00,0.00,0.00,0.00,1.0,-1,-1,-1
221,4,0.00,0.00,0.00,0.00,1.0,-1,-1,-1
221,5,0.00,0.00,0.00,0.00,1.0,-1,-1,-1
221,6,0.00,0.00,0.00,0.00,1.0,-1,-1,-1
221,7,0.00,0.00,0.00,0.00,1.0,-1,-1,-1
221,8,0.00,0.00,0.00,0.00,1.0,-1,-1,-1
221,9,0.00,0.00,0.00,0.00,1.0,-1,-1,-1
221,10,1043.00,481.00,49.00,114.00,1.0,-1,-1,-1
221,11,0.00,0.00,0.00,0.00,1.0,-1,-1,-1
221,12,809.00,918.00,129.00,162.00,1.0,-1,-1,-1
221,13,756.00,1049.00,52.00,31.00,1.0,-1,-1,-1
221,14,0.00,0.00,0.00,0.00,1.0,-1,-1,-1
221,15,0.00,0.00,0.00,0.00,1.0,-1,-1,-1
221,16,0.00,0.00,0.00,0.00,1.0,-1,-1,-1
221,17,847.00,468.00,79.00,245.00,1.0,-1,-1,-1
221,18,0.00,0.00,0.00,0.00,1.0,-1,-1,-1
221,19,991.00,494.00,65.00,222.00,1.0,-1,-1,-1
221,20,1025.00,550.00,187.00,283.00,1.0,-1,-1,-1
221,21,1820.00,548.00,100.00,304.00,1.0,-1,-1,-1
221,22,1271.00,609.00,127.00,341.00,1.0,-1,-1,-1
221,23,20.00,1001.00,115.00,79.00,1.0,-1,-1,-1
221,24,202.00,1009.00,52.00,71.00,1.0,-1,-1,-1
221,25,0.00,0.00,0.00,0.00,1.0,-1,-1,-1
221,26,637.00,448.00,91.00,232.00,1.0,-1,-1,-1
221,27,1901.00,563.00,19.00,238.00,1.0,-1,-1,-1
221,28,1714.00,509.00,109.00,288.00,1.0,-1,-1,-1
221,29,0.00,0.00,0.00,0.00,1.0,-1,-1,-1
221,30,1471.00,516.00,71.00,214.00,1.0,-1,-1,-1
221,31,756.00,568.00,69.00,189.00,1.0,-1,-1,-1
222,0,1565.00,657.00,112.00,296.00,1.0,-1,-1,-1
222,1,450.00,933.00,154.00,147.00,1.0,-1,-1,-1
222,2,654.00,921.00,147.00,159.00,1.0,-1,-1,-1
222,3,0.00,0.00,0.00,0.00,1.0,-1,-1,-1
222,4,0.00,0.00,0.00,0.00,1.0,-1,-1,-1
222,5,0.00,0.00,0.00,0.00,1.0,-1,-1,-1
222,6,0.00,0.00,0.00,0.00,1.0,-1,-1,-1
222,7,0.00,0.00,0.00,0.00,1.0,-1,-1,-1
222,8,0.00,0.00,0.00,0.00,1.0,-1,-1,-1
222,9,0.00,0.00,0.00,0.00,1.0,-1,-1,-1
222,10,1042.00,481.00,50.00,133.00,1.0,-1,-1,-1
222,11,0.00,0.00,0.00,0.00,1.0,-1,-1,-1
222,12,809.00,921.00,130.00,159.00,1.0,-1,-1,-1
222,13,755.00,1051.00,52.00,29.00,1.0,-1,-1,-1
222,14,0.00,0.00,0.00,0.00,1.0,-1,-1,-1
222,15,0.00,0.00,0.00,0.00,1.0,-1,-1,-1
222,16,0.00,0.00,0.00,0.00,1.0,-1,-1,-1
222,17,850.00,477.00,78.00,241.00,1.0,-1,-1,-1
222,18,0.00,0.00,0.00,0.00,1.0,-1,-1,-1
222,19,991.00,494.00,75.00,222.00,1.0,-1,-1,-1
222,20,1028.00,570.00,196.00,265.00,1.0,-1,-1,-1
222,21,1834.00,548.00,86.00,301.00,1.0,-1,-1,-1
222,22,1274.00,610.00,129.00,349.00,1.0,-1,-1,-1
222,23,25.00,1009.00,100.00,71.00,1.0,-1,-1,-1
222,24,199.00,1009.00,52.00,71.00,1.0,-1,-1,-1
222,25,0.00,0.00,0.00,0.00,1.0,-1,-1,-1
222,26,634.00,448.00,91.00,231.00,1.0,-1,-1,-1
222,27,1899.00,571.00,21.00,233.00,1.0,-1,-1,-1
222,28,1714.00,511.00,117.00,287.00,1.0,-1,-1,-1
222,29,0.00,0.00,0.00,0.00,1.0,-1,-1,-1
222,30,1479.00,515.00,64.00,216.00,1.0,-1,-1,-1
222,31,756.00,585.00,68.00,172.00,1.0,-1,-1,-1
223,0,1558.00,658.00,118.00,294.00,1.0,-1,-1,-1
223,1,448.00,933.00,154.00,147.00,1.0,-1,-1,-1
223,2,651.00,922.00,150.00,158.00,1.0,-1,-1,-1
223,3,0.00,0.00,0.00,0.00,1.0,-1,-1,-1
223,4,0.00,0.00,0.00,0.00,1.0,-1,-1,-1
223,5,0.00,0.00,0.00,0.00,1.0,-1,-1,-1
223,6,0.00,0.00,0.00,0.00,1.0,-1,-1,-1
223,7,0.00,0.00,0.00,0.00,1.0,-1,-1,-1
223,8,0.00,0.00,0.00,0.00,1.0,-1,-1,-1
223,9,0.00,0.00,0.00,0.00,1.0,-1,-1,-1
223,10,1041.00,480.00,50.00,115.00,1.0,-1,-1,-1
223,11,0.00,0.00,0.00,0.00,1.0,-1,-1,-1
223,12,809.00,923.00,131.00,157.00,1.0,-1,-1,-1
223,13,755.00,1051.00,53.00,29.00,1.0,-1,-1,-1
223,14,0.00,0.00,0.00,0.00,1.0,-1,-1,-1
223,15,0.00,0.00,0.00,0.00,1.0,-1,-1,-1
223,16,0.00,0.00,0.00,0.00,1.0,-1,-1,-1
223,17,851.00,477.00,78.00,241.00,1.0,-1,-1,-1
223,18,0.00,0.00,0.00,0.00,1.0,-1,-1,-1
223,19,991.00,494.00,76.00,224.00,1.0,-1,-1,-1
223,20,1035.00,570.00,195.00,266.00,1.0,-1,-1,-1
223,21,1841.00,548.00,79.00,301.00,1.0,-1,-1,-1
223,22,1277.00,614.00,129.00,344.00,1.0,-1,-1,-1
223,23,19.00,1017.00,92.00,63.00,1.0,-1,-1,-1
223,24,198.00,1008.00,60.00,72.00,1.0,-1,-1,-1
223,25,0.00,0.00,0.00,0.00,1.0,-1,-1,-1
223,26,634.00,447.00,94.00,230.00,1.0,-1,-1,-1
223,27,1902.00,578.00,18.00,225.00,1.0,-1,-1,-1
223,28,1717.00,512.00,124.00,293.00,1.0,-1,-1,-1
223,29,0.00,0.00,0.00,0.00,1.0,-1,-1,-1
223,30,1481.00,498.00,76.00,234.00,1.0,-1,-1,-1
223,31,757.00,583.00,67.00,179.00,1.0,-1,-1,-1
224,0,1555.00,662.00,120.00,289.00,1.0,-1,-1,-1
224,1,448.00,934.00,154.00,146.00,1.0,-1,-1,-1
224,2,648.00,922.00,158.00,158.00,1.0,-1,-1,-1
224,3,0.00,0.00,0.00,0.00,1.0,-1,-1,-1
224,4,0.00,0.00,0.00,0.00,1.0,-1,-1,-1
224,5,0.00,0.00,0.00,0.00,1.0,-1,-1,-1
224,6,0.00,0.00,0.00,0.00,1.0,-1,-1,-1
224,7,0.00,0.00,0.00,0.00,1.0,-1,-1,-1
224,8,0.00,0.00,0.00,0.00,1.0,-1,-1,-1
224,9,0.00,0.00,0.00,0.00,1.0,-1,-1,-1
224,10,1041.00,481.00,48.00,196.00,1.0,-1,-1,-1
224,11,0.00,0.00,0.00,0.00,1.0,-1,-1,-1
224,12,809.00,922.00,132.00,158.00,1.0,-1,-1,-1
224,13,754.00,1052.00,54.00,28.00,1.0,-1,-1,-1
224,14,0.00,0.00,0.00,0.00,1.0,-1,-1,-1
224,15,0.00,0.00,0.00,0.00,1.0,-1,-1,-1
224,16,0.00,0.00,0.00,0.00,1.0,-1,-1,-1
224,17,851.00,477.00,78.00,243.00,1.0,-1,-1,-1
224,18,0.00,0.00,0.00,0.00,1.0,-1,-1,-1
224,19,991.00,494.00,78.00,223.00,1.0,-1,-1,-1
224,20,1046.00,566.00,192.00,269.00,1.0,-1,-1,-1
224,21,1851.00,547.00,69.00,303.00,1.0,-1,-1,-1
224,22,1282.00,618.00,128.00,339.00,1.0,-1,-1,-1
224,23,14.00,1022.00,83.00,58.00,1.0,-1,-1,-1
224,24,198.00,1008.00,52.00,72.00,1.0,-1,-1,-1
224,25,0.00,0.00,0.00,0.00,1.0,-1,-1,-1
224,26,636.00,445.00,88.00,229.00,1.0,-1,-1,-1
224,27,1907.00,597.00,13.00,211.00,1.0,-1,-1,-1
224,28,1719.00,513.00,122.00,291.00,1.0,-1,-1,-1
224,29,0.00,0.00,0.00,0.00,1.0,-1,-1,-1
224,30,1484.00,511.00,77.00,222.00,1.0,-1,-1,-1
224,31,758.00,584.00,65.00,182.00,1.0,-1,-1,-1
224,32,588.00,420.00,57.00,213.00,1.0,-1,-1,-1
225,0,1555.00,662.00,118.00,288.00,1.0,-1,-1,-1
225,1,448.00,936.00,155.00,144.00,1.0,-1,-1,-1
225,2,645.00,922.00,162.00,158.00,1.0,-1,-1,-1
225,3,0.00,0.00,0.00,0.00,1.0,-1,-1,-1
225,4,0.00,0.00,0.00,0.00,1.0,-1,-1,-1
225,5,0.00,0.00,0.00,0.00,1.0,-1,-1,-1
225,6,0.00,0.00,0.00,0.00,1.0,-1,-1,-1
225,7,0.00,0.00,0.00,0.00,1.0,-1,-1,-1
225,8,0.00,0.00,0.00,0.00,1.0,-1,-1,-1
225,9,0.00,0.00,0.00,0.00,1.0,-1,-1,-1
225,10,1040.00,480.00,50.00,213.00,1.0,-1,-1,-1
225,11,0.00,0.00,0.00,0.00,1.0,-1,-1,-1
225,12,811.00,923.00,133.00,157.00,1.0,-1,-1,-1
225,13,754.00,1052.00,55.00,28.00,1.0,-1,-1,-1
225,14,0.00,0.00,0.00,0.00,1.0,-1,-1,-1
225,15,0.00,0.00,0.00,0.00,1.0,-1,-1,-1
225,16,0.00,0.00,0.00,0.00,1.0,-1,-1,-1
225,17,861.00,477.00,69.00,244.00,1.0,-1,-1,-1
225,18,0.00,0.00,0.00,0.00,1.0,-1,-1,-1
225,19,992.00,494.00,76.00,223.00,1.0,-1,-1,-1
225,20,1059.00,544.00,186.00,289.00,1.0,-1,-1,-1
225,21,1857.00,546.00,63.00,301.00,1.0,-1,-1,-1
225,22,1284.00,621.00,128.00,343.00,1.0,-1,-1,-1
225,23,10.00,1026.00,76.00,54.00,1.0,-1,-1,-1
225,24,198.00,1010.00,52.00,70.00,1.0,-1,-1,-1
225,25,0.00,0.00,0.00,0.00,1.0,-1,-1,-1
225,26,636.00,444.00,86.00,228.00,1.0,-1,-1,-1
225,27,0.00,0.00,0.00,0.00,1.0,-1,-1,-1
225,28,1727.00,512.00,123.00,287.00,1.0,-1,-1,-1
225,29,0.00,0.00,0.00,0.00,1.0,-1,-1,-1
225,30,1489.00,514.00,72.00,217.00,1.0,-1,-1,-1
225,31,759.00,583.00,66.00,185.00,1.0,-1,-1,-1
225,32,587.00,421.00,60.00,212.00,1.0,-1,-1,-1
226,0,1553.00,662.00,119.00,288.00,1.0,-1,-1,-1
226,1,446.00,936.00,156.00,144.00,1.0,-1,-1,-1
226,2,642.00,923.00,166.00,157.00,1.0,-1,-1,-1
226,3,0.00,0.00,0.00,0.00,1.0,-1,-1,-1
226,4,0.00,0.00,0.00,0.00,1.0,-1,-1,-1
226,5,0.00,0.00,0.00,0.00,1.0,-1,-1,-1
226,6,0.00,0.00,0.00,0.00,1.0,-1,-1,-1
226,7,0.00,0.00,0.00,0.00,1.0,-1,-1,-1
226,8,0.00,0.00,0.00,0.00,1.0,-1,-1,-1
226,9,0.00,0.00,0.00,0.00,1.0,-1,-1,-1
226,10,1040.00,479.00,50.00,213.00,1.0,-1,-1,-1
226,11,0.00,0.00,0.00,0.00,1.0,-1,-1,-1
226,12,811.00,922.00,134.00,158.00,1.0,-1,-1,-1
226,13,751.00,1052.00,57.00,28.00,1.0,-1,-1,-1
226,14,0.00,0.00,0.00,0.00,1.0,-1,-1,-1
226,15,0.00,0.00,0.00,0.00,1.0,-1,-1,-1
226,16,0.00,0.00,0.00,0.00,1.0,-1,-1,-1
226,17,868.00,477.00,66.00,243.00,1.0,-1,-1,-1
226,18,0.00,0.00,0.00,0.00,1.0,-1,-1,-1
226,19,992.00,492.00,77.00,223.00,1.0,-1,-1,-1
226,20,1075.00,542.00,172.00,291.00,1.0,-1,-1,-1
226,21,1862.00,546.00,58.00,302.00,1.0,-1,-1,-1
226,22,1287.00,623.00,127.00,345.00,1.0,-1,-1,-1
226,23,5.00,1027.00,74.00,53.00,1.0,-1,-1,-1
226,24,198.00,1012.00,51.00,68.00,1.0,-1,-1,-1
226,25,0.00,0.00,0.00,0.00,1.0,-1,-1,-1
226,26,637.00,441.00,89.00,229.00,1.0,-1,-1,-1
226,27,0.00,0.00,0.00,0.00,1.0,-1,-1,-1
226,28,1735.00,513.00,115.00,285.00,1.0,-1,-1,-1
226,29,0.00,0.00,0.00,0.00,1.0,-1,-1,-1
226,30,1493.00,512.00,72.00,220.00,1.0,-1,-1,-1
226,31,759.00,583.00,65.00,185.00,1.0,-1,-1,-1
226,32,587.00,420.00,60.00,214.00,1.0,-1,-1,-1
227,0,1551.00,659.00,118.00,290.00,1.0,-1,-1,-1
227,1,445.00,938.00,155.00,142.00,1.0,-1,-1,-1
227,2,641.00,926.00,168.00,154.00,1.0,-1,-1,-1
227,3,0.00,0.00,0.00,0.00,1.0,-1,-1,-1
227,4,0.00,0.00,0.00,0.00,1.0,-1,-1,-1
227,5,0.00,0.00,0.00,0.00,1.0,-1,-1,-1
227,6,0.00,0.00,0.00,0.00,1.0,-1,-1,-1
227,7,0.00,0.00,0.00,0.00,1.0,-1,-1,-1
227,8,0.00,0.00,0.00,0.00,1.0,-1,-1,-1
227,9,0.00,0.00,0.00,0.00,1.0,-1,-1,-1
227,10,1039.00,479.00,53.00,213.00,1.0,-1,-1,-1
227,11,0.00,0.00,0.00,0.00,1.0,-1,-1,-1
227,12,811.00,921.00,135.00,159.00,1.0,-1,-1,-1
227,13,749.00,1055.00,54.00,25.00,1.0,-1,-1,-1
227,14,0.00,0.00,0.00,0.00,1.0,-1,-1,-1
227,15,0.00,0.00,0.00,0.00,1.0,-1,-1,-1
227,16,0.00,0.00,0.00,0.00,1.0,-1,-1,-1
227,17,875.00,478.00,60.00,241.00,1.0,-1,-1,-1
227,18,0.00,0.00,0.00,0.00,1.0,-1,-1,-1
227,19,991.00,492.00,76.00,222.00,1.0,-1,-1,-1
227,20,1088.00,542.00,168.00,293.00,1.0,-1,-1,-1
227,21,1866.00,548.00,54.00,300.00,1.0,-1,-1,-1
227,22,1289.00,625.00,126.00,346.00,1.0,-1,-1,-1
227,23,0.00,1027.00,72.00,53.00,1.0,-1,-1,-1
227,24,198.00,1017.00,52.00,63.00,1.0,-1,-1,-1
227,25,0.00,0.00,0.00,0.00,1.0,-1,-1,-1
227,26,637.00,432.00,95.00,238.00,1.0,-1,-1,-1
227,27,0.00,0.00,0.00,0.00,1.0,-1,-1,-1
227,28,1750.00,513.00,107.00,287.00,1.0,-1,-1,-1
227,29,0.00,0.00,0.00,0.00,1.0,-1,-1,-1
227,30,1499.00,517.00,71.00,214.00,1.0,-1,-1,-1
227,31,759.00,583.00,66.00,184.00,1.0,-1,-1,-1
227,32,586.00,420.00,60.00,213.00,1.0,-1,-1,-1
228,0,1548.00,659.00,120.00,291.00,1.0,-1,-1,-1
228,1,444.00,942.00,151.00,138.00,1.0,-1,-1,-1
228,2,640.00,931.00,171.00,149.00,1.0,-1,-1,-1
228,3,0.00,0.00,0.00,0.00,1.0,-1,-1,-1
228,4,0.00,0.00,0.00,0.00,1.0,-1,-1,-1
228,5,0.00,0.00,0.00,0.00,1.0,-1,-1,-1
228,6,0.00,0.00,0.00,0.00,1.0,-1,-1,-1
228,7,0.00,0.00,0.00,0.00,1.0,-1,-1,-1
228,8,0.00,0.00,0.00,0.00,1.0,-1,-1,-1
228,9,0.00,0.00,0.00,0.00,1.0,-1,-1,-1
228,10,1039.00,479.00,52.00,213.00,1.0,-1,-1,-1
228,11,0.00,0.00,0.00,0.00,1.0,-1,-1,-1
228,12,812.00,923.00,136.00,157.00,1.0,-1,-1,-1
228,13,749.00,1057.00,49.00,23.00,1.0,-1,-1,-1
228,14,0.00,0.00,0.00,0.00,1.0,-1,-1,-1
228,15,0.00,0.00,0.00,0.00,1.0,-1,-1,-1
228,16,0.00,0.00,0.00,0.00,1.0,-1,-1,-1
228,17,878.00,479.00,61.00,240.00,1.0,-1,-1,-1
228,18,0.00,0.00,0.00,0.00,1.0,-1,-1,-1
228,19,990.00,491.00,79.00,224.00,1.0,-1,-1,-1
228,20,1090.00,542.00,170.00,297.00,1.0,-1,-1,-1
228,21,1874.00,553.00,46.00,295.00,1.0,-1,-1,-1
228,22,1291.00,633.00,125.00,338.00,1.0,-1,-1,-1
228,23,0.00,1027.00,64.00,53.00,1.0,-1,-1,-1
228,24,198.00,1025.00,52.00,55.00,1.0,-1,-1,-1
228,25,0.00,0.00,0.00,0.00,1.0,-1,-1,-1
228,26,637.00,436.00,95.00,232.00,1.0,-1,-1,-1
228,27,0.00,0.00,0.00,0.00,1.0,-1,-1,-1
228,28,1764.00,513.00,95.00,289.00,1.0,-1,-1,-1
228,29,0.00,0.00,0.00,0.00,1.0,-1,-1,-1
228,30,1502.00,516.00,74.00,212.00,1.0,-1,-1,-1
228,31,758.00,583.00,68.00,185.00,1.0,-1,-1,-1
228,32,586.00,420.00,60.00,212.00,1.0,-1,-1,-1
229,0,1545.00,658.00,124.00,292.00,1.0,-1,-1,-1
229,1,445.00,946.00,149.00,134.00,1.0,-1,-1,-1
229,2,642.00,938.00,170.00,142.00,1.0,-1,-1,-1
229,3,0.00,0.00,0.00,0.00,1.0,-1,-1,-1
229,4,0.00,0.00,0.00,0.00,1.0,-1,-1,-1
229,5,0.00,0.00,0.00,0.00,1.0,-1,-1,-1
229,6,0.00,0.00,0.00,0.00,1.0,-1,-1,-1
229,7,0.00,0.00,0.00,0.00,1.0,-1,-1,-1
229,8,0.00,0.00,0.00,0.00,1.0,-1,-1,-1
229,9,0.00,0.00,0.00,0.00,1.0,-1,-1,-1
229,10,1038.00,480.00,53.00,214.00,1.0,-1,-1,-1
229,11,0.00,0.00,0.00,0.00,1.0,-1,-1,-1
229,12,815.00,926.00,136.00,154.00,1.0,-1,-1,-1
229,13,753.00,1063.00,38.00,17.00,1.0,-1,-1,-1
229,14,0.00,0.00,0.00,0.00,1.0,-1,-1,-1
229,15,0.00,0.00,0.00,0.00,1.0,-1,-1,-1
229,16,0.00,0.00,0.00,0.00,1.0,-1,-1,-1
229,17,885.00,477.00,62.00,242.00,1.0,-1,-1,-1
229,18,0.00,0.00,0.00,0.00,1.0,-1,-1,-1
229,19,991.00,491.00,97.00,223.00,1.0,-1,-1,-1
229,20,1095.00,543.00,172.00,297.00,1.0,-1,-1,-1
229,21,1877.00,566.00,43.00,281.00,1.0,-1,-1,-1
229,22,1295.00,633.00,122.00,338.00,1.0,-1,-1,-1
229,23,0.00,1028.00,53.00,52.00,1.0,-1,-1,-1
229,24,199.00,1034.00,53.00,46.00,1.0,-1,-1,-1
229,25,0.00,0.00,0.00,0.00,1.0,-1,-1,-1
229,26,639.00,436.00,87.00,233.00,1.0,-1,-1,-1
229,27,0.00,0.00,0.00,0.00,1.0,-1,-1,-1
229,28,1779.00,513.00,93.00,284.00,1.0,-1,-1,-1
229,29,0.00,0.00,0.00,0.00,1.0,-1,-1,-1
229,30,1508.00,520.00,71.00,206.00,1.0,-1,-1,-1
229,31,759.00,582.00,70.00,186.00,1.0,-1,-1,-1
229,32,587.00,420.00,61.00,213.00,1.0,-1,-1,-1
230,0,1543.00,662.00,125.00,290.00,1.0,-1,-1,-1
230,1,443.00,953.00,147.00,127.00,1.0,-1,-1,-1
230,2,643.00,945.00,168.00,135.00,1.0,-1,-1,-1
230,3,0.00,0.00,0.00,0.00,1.0,-1,-1,-1
230,4,0.00,0.00,0.00,0.00,1.0,-1,-1,-1
230,5,0.00,0.00,0.00,0.00,1.0,-1,-1,-1
230,6,0.00,0.00,0.00,0.00,1.0,-1,-1,-1
230,7,0.00,0.00,0.00,0.00,1.0,-1,-1,-1
230,8,0.00,0.00,0.00,0.00,1.0,-1,-1,-1
230,9,0.00,0.00,0.00,0.00,1.0,-1,-1,-1
230,10,1038.00,480.00,53.00,215.00,1.0,-1,-1,-1
230,11,0.00,0.00,0.00,0.00,1.0,-1,-1,-1
230,12,818.00,930.00,135.00,150.00,1.0,-1,-1,-1
230,13,0.00,0.00,0.00,0.00,1.0,-1,-1,-1
230,14,0.00,0.00,0.00,0.00,1.0,-1,-1,-1
230,15,0.00,0.00,0.00,0.00,1.0,-1,-1,-1
230,16,0.00,0.00,0.00,0.00,1.0,-1,-1,-1
230,17,885.00,482.00,65.00,238.00,1.0,-1,-1,-1
230,18,0.00,0.00,0.00,0.00,1.0,-1,-1,-1
230,19,990.00,492.00,96.00,223.00,1.0,-1,-1,-1
230,20,1103.00,545.00,171.00,293.00,1.0,-1,-1,-1
230,21,1887.00,590.00,33.00,256.00,1.0,-1,-1,-1
230,22,1298.00,632.00,120.00,341.00,1.0,-1,-1,-1
230,23,0.00,1032.00,49.00,48.00,1.0,-1,-1,-1
230,24,201.00,1044.00,52.00,36.00,1.0,-1,-1,-1
230,25,0.00,0.00,0.00,0.00,1.0,-1,-1,-1
230,26,639.00,442.00,95.00,227.00,1.0,-1,-1,-1
230,27,0.00,0.00,0.00,0.00,1.0,-1,-1,-1
230,28,1791.00,513.00,83.00,287.00,1.0,-1,-1,-1
230,29,0.00,0.00,0.00,0.00,1.0,-1,-1,-1
230,30,1512.00,520.00,70.00,208.00,1.0,-1,-1,-1
230,31,759.00,582.00,71.00,187.00,1.0,-1,-1,-1
230,32,587.00,421.00,61.00,214.00,1.0,-1,-1,-1
231,0,1538.00,662.00,130.00,288.00,1.0,-1,-1,-1
231,1,441.00,957.00,142.00,123.00,1.0,-1,-1,-1
231,2,646.00,952.00,160.00,128.00,1.0,-1,-1,-1
231,3,0.00,0.00,0.00,0.00,1.0,-1,-1,-1
231,4,0.00,0.00,0.00,0.00,1.0,-1,-1,-1
231,5,0.00,0.00,0.00,0.00,1.0,-1,-1,-1
231,6,0.00,0.00,0.00,0.00,1.0,-1,-1,-1
231,7,0.00,0.00,0.00,0.00,1.0,-1,-1,-1
231,8,0.00,0.00,0.00,0.00,1.0,-1,-1,-1
231,9,0.00,0.00,0.00,0.00,1.0,-1,-1,-1
231,10,1036.00,479.00,54.00,216.00,1.0,-1,-1,-1
231,11,0.00,0.00,0.00,0.00,1.0,-1,-1,-1
231,12,820.00,934.00,134.00,146.00,1.0,-1,-1,-1
231,13,0.00,0.00,0.00,0.00,1.0,-1,-1,-1
231,14,0.00,0.00,0.00,0.00,1.0,-1,-1,-1
231,15,0.00,0.00,0.00,0.00,1.0,-1,-1,-1
231,16,0.00,0.00,0.00,0.00,1.0,-1,-1,-1
231,17,886.00,481.00,67.00,239.00,1.0,-1,-1,-1
231,18,0.00,0.00,0.00,0.00,1.0,-1,-1,-1
231,19,990.00,491.00,99.00,224.00,1.0,-1,-1,-1
231,20,1110.00,546.00,171.00,291.00,1.0,-1,-1,-1
231,21,1890.00,597.00,30.00,249.00,1.0,-1,-1,-1
231,22,1299.00,629.00,120.00,342.00,1.0,-1,-1,-1
231,23,0.00,1036.00,48.00,44.00,1.0,-1,-1,-1
231,24,204.00,1051.00,51.00,29.00,1.0,-1,-1,-1
231,25,0.00,0.00,0.00,0.00,1.0,-1,-1,-1
231,26,640.00,441.00,92.00,227.00,1.0,-1,-1,-1
231,27,0.00,0.00,0.00,0.00,1.0,-1,-1,-1
231,28,1791.00,512.00,85.00,290.00,1.0,-1,-1,-1
231,29,0.00,0.00,0.00,0.00,1.0,-1,-1,-1
231,30,1517.00,521.00,70.00,208.00,1.0,-1,-1,-1
231,31,760.00,578.00,70.00,190.00,1.0,-1,-1,-1
231,32,588.00,421.00,60.00,212.00,1.0,-1,-1,-1
232,0,1537.00,663.00,131.00,287.00,1.0,-1,-1,-1
232,1,437.00,962.00,140.00,118.00,1.0,-1,-1,-1
232,2,647.00,957.00,155.00,123.00,1.0,-1,-1,-1
232,3,0.00,0.00,0.00,0.00,1.0,-1,-1,-1
232,4,0.00,0.00,0.00,0.00,1.0,-1,-1,-1
232,5,0.00,0.00,0.00,0.00,1.0,-1,-1,-1
232,6,0.00,0.00,0.00,0.00,1.0,-1,-1,-1
232,7,0.00,0.00,0.00,0.00,1.0,-1,-1,-1
232,8,0.00,0.00,0.00,0.00,1.0,-1,-1,-1
232,9,0.00,0.00,0.00,0.00,1.0,-1,-1,-1
232,10,1036.00,480.00,54.00,216.00,1.0,-1,-1,-1
232,11,0.00,0.00,0.00,0.00,1.0,-1,-1,-1
232,12,821.00,940.00,131.00,140.00,1.0,-1,-1,-1
232,13,0.00,0.00,0.00,0.00,1.0,-1,-1,-1
232,14,0.00,0.00,0.00,0.00,1.0,-1,-1,-1
232,15,0.00,0.00,0.00,0.00,1.0,-1,-1,-1
232,16,0.00,0.00,0.00,0.00,1.0,-1,-1,-1
232,17,885.00,483.00,74.00,238.00,1.0,-1,-1,-1
232,18,0.00,0.00,0.00,0.00,1.0,-1,-1,-1
232,19,988.00,492.00,99.00,222.00,1.0,-1,-1,-1
232,20,1112.00,546.00,176.00,293.00,1.0,-1,-1,-1
232,21,1892.00,606.00,28.00,241.00,1.0,-1,-1,-1
232,22,1300.00,627.00,121.00,345.00,1.0,-1,-1,-1
232,23,0.00,1043.00,46.00,37.00,1.0,-1,-1,-1
232,24,206.00,1056.00,51.00,24.00,1.0,-1,-1,-1
232,25,0.00,0.00,0.00,0.00,1.0,-1,-1,-1
232,26,640.00,440.00,91.00,229.00,1.0,-1,-1,-1
232,27,0.00,0.00,0.00,0.00,1.0,-1,-1,-1
232,28,1792.00,513.00,87.00,290.00,1.0,-1,-1,-1
232,29,0.00,0.00,0.00,0.00,1.0,-1,-1,-1
232,30,1521.00,520.00,67.00,210.00,1.0,-1,-1,-1
232,31,759.00,583.00,71.00,186.00,1.0,-1,-1,-1
232,32,588.00,421.00,60.00,214.00,1.0,-1,-1,-1
233,0,1534.00,662.00,135.00,286.00,1.0,-1,-1,-1
233,1,434.00,966.00,139.00,114.00,1.0,-1,-1,-1
233,2,648.00,959.00,151.00,121.00,1.0,-1,-1,-1
233,3,0.00,0.00,0.00,0.00,1.0,-1,-1,-1
233,4,0.00,0.00,0.00,0.00,1.0,-1,-1,-1
233,5,0.00,0.00,0.00,0.00,1.0,-1,-1,-1
233,6,0.00,0.00,0.00,0.00,1.0,-1,-1,-1
233,7,0.00,0.00,0.00,0.00,1.0,-1,-1,-1
233,8,0.00,0.00,0.00,0.00,1.0,-1,-1,-1
233,9,0.00,0.00,0.00,0.00,1.0,-1,-1,-1
233,10,1036.00,479.00,53.00,217.00,1.0,-1,-1,-1
233,11,0.00,0.00,0.00,0.00,1.0,-1,-1,-1
233,12,823.00,947.00,128.00,133.00,1.0,-1,-1,-1
233,13,0.00,0.00,0.00,0.00,1.0,-1,-1,-1
233,14,0.00,0.00,0.00,0.00,1.0,-1,-1,-1
233,15,0.00,0.00,0.00,0.00,1.0,-1,-1,-1
233,16,0.00,0.00,0.00,0.00,1.0,-1,-1,-1
233,17,887.00,482.00,84.00,237.00,1.0,-1,-1,-1
233,18,0.00,0.00,0.00,0.00,1.0,-1,-1,-1
233,19,988.00,490.00,99.00,223.00,1.0,-1,-1,-1
233,20,1114.00,572.00,180.00,268.00,1.0,-1,-1,-1
233,21,1892.00,613.00,28.00,233.00,1.0,-1,-1,-1
233,22,1306.00,626.00,117.00,345.00,1.0,-1,-1,-1
233,23,0.00,1050.00,40.00,30.00,1.0,-1,-1,-1
233,24,210.00,1058.00,50.00,22.00,1.0,-1,-1,-1
233,25,0.00,0.00,0.00,0.00,1.0,-1,-1,-1
233,26,641.00,442.00,94.00,225.00,1.0,-1,-1,-1
233,27,0.00,0.00,0.00,0.00,1.0,-1,-1,-1
233,28,1794.00,514.00,91.00,288.00,1.0,-1,-1,-1
233,29,0.00,0.00,0.00,0.00,1.0,-1,-1,-1
233,30,1528.00,520.00,68.00,209.00,1.0,-1,-1,-1
233,31,760.00,574.00,70.00,195.00,1.0,-1,-1,-1
233,32,588.00,420.00,60.00,212.00,1.0,-1,-1,-1
234,0,1534.00,660.00,134.00,288.00,1.0,-1,-1,-1
234,1,430.00,968.00,137.00,112.00,1.0,-1,-1,-1
234,2,647.00,960.00,150.00,120.00,1.0,-1,-1,-1
234,3,0.00,0.00,0.00,0.00,1.0,-1,-1,-1
234,4,0.00,0.00,0.00,0.00,1.0,-1,-1,-1
234,5,0.00,0.00,0.00,0.00,1.0,-1,-1,-1
234,6,0.00,0.00,0.00,0.00,1.0,-1,-1,-1
234,7,0.00,0.00,0.00,0.00,1.0,-1,-1,-1
234,8,1895.00,723.00,25.00,124.00,1.0,-1,-1,-1
234,9,0.00,0.00,0.00,0.00,1.0,-1,-1,-1
234,10,1036.00,479.00,54.00,216.00,1.0,-1,-1,-1
234,11,0.00,0.00,0.00,0.00,1.0,-1,-1,-1
234,12,825.00,950.00,125.00,130.00,1.0,-1,-1,-1
234,13,0.00,0.00,0.00,0.00,1.0,-1,-1,-1
234,14,0.00,0.00,0.00,0.00,1.0,-1,-1,-1
234,15,0.00,0.00,0.00,0.00,1.0,-1,-1,-1
234,16,0.00,0.00,0.00,0.00,1.0,-1,-1,-1
234,17,893.00,480.00,94.00,237.00,1.0,-1,-1,-1
234,18,0.00,0.00,0.00,0.00,1.0,-1,-1,-1
234,19,988.00,490.00,99.00,224.00,1.0,-1,-1,-1
234,20,1117.00,546.00,185.00,297.00,1.0,-1,-1,-1
234,21,1896.00,741.00,24.00,105.00,1.0,-1,-1,-1
234,22,1312.00,626.00,111.00,345.00,1.0,-1,-1,-1
234,23,0.00,1058.00,33.00,22.00,1.0,-1,-1,-1
234,24,211.00,1060.00,49.00,20.00,1.0,-1,-1,-1
234,25,0.00,0.00,0.00,0.00,1.0,-1,-1,-1
234,26,641.00,439.00,94.00,229.00,1.0,-1,-1,-1
234,27,0.00,0.00,0.00,0.00,1.0,-1,-1,-1
234,28,1796.00,514.00,96.00,291.00,1.0,-1,-1,-1
234,29,0.00,0.00,0.00,0.00,1.0,-1,-1,-1
234,30,1531.00,516.00,72.00,212.00,1.0,-1,-1,-1
234,31,761.00,574.00,70.00,197.00,1.0,-1,-1,-1
234,32,588.00,420.00,61.00,212.00,1.0,-1,-1,-1
235,0,1531.00,661.00,135.00,287.00,1.0,-1,-1,-1
235,1,426.00,970.00,137.00,110.00,1.0,-1,-1,-1
235,2,646.00,961.00,148.00,119.00,1.0,-1,-1,-1
235,3,0.00,0.00,0.00,0.00,1.0,-1,-1,-1
235,4,0.00,0.00,0.00,0.00,1.0,-1,-1,-1
235,5,0.00,0.00,0.00,0.00,1.0,-1,-1,-1
235,6,0.00,0.00,0.00,0.00,1.0,-1,-1,-1
235,7,0.00,0.00,0.00,0.00,1.0,-1,-1,-1
235,8,1901.00,768.00,19.00,80.00,1.0,-1,-1,-1
235,9,0.00,0.00,0.00,0.00,1.0,-1,-1,-1
235,10,1036.00,479.00,52.00,214.00,1.0,-1,-1,-1
235,11,0.00,0.00,0.00,0.00,1.0,-1,-1,-1
235,12,825.00,954.00,124.00,126.00,1.0,-1,-1,-1
235,13,0.00,0.00,0.00,0.00,1.0,-1,-1,-1
235,14,0.00,0.00,0.00,0.00,1.0,-1,-1,-1
235,15,0.00,0.00,0.00,0.00,1.0,-1,-1,-1
235,16,0.00,0.00,0.00,0.00,1.0,-1,-1,-1
235,17,894.00,484.00,112.00,240.00,1.0,-1,-1,-1
235,18,0.00,0.00,0.00,0.00,1.0,-1,-1,-1
235,19,988.00,489.00,99.00,226.00,1.0,-1,-1,-1
235,20,1120.00,545.00,188.00,302.00,1.0,-1,-1,-1
235,21,1901.00,760.00,19.00,87.00,1.0,-1,-1,-1
235,22,1308.00,629.00,116.00,341.00,1.0,-1,-1,-1
235,23,0.00,1065.00,29.00,15.00,1.0,-1,-1,-1
235,24,210.00,1061.00,49.00,19.00,1.0,-1,-1,-1
235,25,0.00,0.00,0.00,0.00,1.0,-1,-1,-1
235,26,645.00,438.00,95.00,232.00,1.0,-1,-1,-1
235,27,0.00,0.00,0.00,0.00,1.0,-1,-1,-1
235,28,1795.00,516.00,107.00,293.00,1.0,-1,-1,-1
235,29,0.00,0.00,0.00,0.00,1.0,-1,-1,-1
235,30,1535.00,515.00,71.00,213.00,1.0,-1,-1,-1
235,31,759.00,576.00,72.00,199.00,1.0,-1,-1,-1
235,32,589.00,420.00,62.00,212.00,1.0,-1,-1,-1
236,0,1527.00,658.00,138.00,289.00,1.0,-1,-1,-1
236,1,421.00,970.00,138.00,110.00,1.0,-1,-1,-1
236,2,646.00,961.00,149.00,119.00,1.0,-1,-1,-1
236,3,0.00,0.00,0.00,0.00,1.0,-1,-1,-1
236,4,0.00,0.00,0.00,0.00,1.0,-1,-1,-1
236,5,0.00,0.00,0.00,0.00,1.0,-1,-1,-1
236,6,0.00,0.00,0.00,0.00,1.0,-1,-1,-1
236,7,0.00,0.00,0.00,0.00,1.0,-1,-1,-1
236,8,1908.00,792.00,12.00,59.00,1.0,-1,-1,-1
236,9,0.00,0.00,0.00,0.00,1.0,-1,-1,-1
236,10,1036.00,478.00,51.00,217.00,1.0,-1,-1,-1
236,11,0.00,0.00,0.00,0.00,1.0,-1,-1,-1
236,12,825.00,956.00,123.00,124.00,1.0,-1,-1,-1
236,13,0.00,0.00,0.00,0.00,1.0,-1,-1,-1
236,14,0.00,0.00,0.00,0.00,1.0,-1,-1,-1
236,15,0.00,0.00,0.00,0.00,1.0,-1,-1,-1
236,16,0.00,0.00,0.00,0.00,1.0,-1,-1,-1
236,17,895.00,481.00,114.00,243.00,1.0,-1,-1,-1
236,18,0.00,0.00,0.00,0.00,1.0,-1,-1,-1
236,19,988.00,489.00,98.00,224.00,1.0,-1,-1,-1
236,20,1128.00,546.00,185.00,299.00,1.0,-1,-1,-1
236,21,1910.00,809.00,10.00,42.00,1.0,-1,-1,-1
236,22,1308.00,632.00,118.00,342.00,1.0,-1,-1,-1
236,23,0.00,1071.00,27.00,9.00,1.0,-1,-1,-1
236,24,208.00,1060.00,49.00,20.00,1.0,-1,-1,-1
236,25,0.00,0.00,0.00,0.00,1.0,-1,-1,-1
236,26,648.00,438.00,95.00,231.00,1.0,-1,-1,-1
236,27,0.00,0.00,0.00,0.00,1.0,-1,-1,-1
236,28,1798.00,517.00,116.00,294.00,1.0,-1,-1,-1
236,29,0.00,0.00,0.00,0.00,1.0,-1,-1,-1
236,30,1540.00,518.00,72.00,209.00,1.0,-1,-1,-1
236,31,754.00,577.00,78.00,200.00,1.0,-1,-1,-1
236,32,591.00,419.00,62.00,212.00,1.0,-1,-1,-1
237,0,1525.00,658.00,140.00,289.00,1.0,-1,-1,-1
237,1,417.00,971.00,138.00,109.00,1.0,-1,-1,-1
237,2,644.00,961.00,149.00,119.00,1.0,-1,-1,-1
237,3,0.00,0.00,0.00,0.00,1.0,-1,-1,-1
237,4,0.00,0.00,0.00,0.00,1.0,-1,-1,-1
237,5,0.00,0.00,0.00,0.00,1.0,-1,-1,-1
237,6,0.00,0.00,0.00,0.00,1.0,-1,-1,-1
237,7,0.00,0.00,0.00,0.00,1.0,-1,-1,-1
237,8,1903.00,801.00,17.00,46.00,1.0,-1,-1,-1
237,9,0.00,0.00,0.00,0.00,1.0,-1,-1,-1
237,10,1037.00,478.00,49.00,216.00,1.0,-1,-1,-1
237,11,0.00,0.00,0.00,0.00,1.0,-1,-1,-1
237,12,825.00,957.00,123.00,123.00,1.0,-1,-1,-1
237,13,0.00,0.00,0.00,0.00,1.0,-1,-1,-1
237,14,0.00,0.00,0.00,0.00,1.0,-1,-1,-1
237,15,0.00,0.00,0.00,0.00,1.0,-1,-1,-1
237,16,0.00,0.00,0.00,0.00,1.0,-1,-1,-1
237,17,896.00,482.00,113.00,241.00,1.0,-1,-1,-1
237,18,0.00,0.00,0.00,0.00,1.0,-1,-1,-1
237,19,990.00,488.00,95.00,225.00,1.0,-1,-1,-1
237,20,1138.00,546.00,183.00,299.00,1.0,-1,-1,-1
237,21,1915.00,825.00,5.00,22.00,1.0,-1,-1,-1
237,22,1311.00,635.00,116.00,343.00,1.0,-1,-1,-1
237,23,0.00,1075.00,27.00,5.00,1.0,-1,-1,-1
237,24,205.00,1059.00,51.00,21.00,1.0,-1,-1,-1
237,25,0.00,0.00,0.00,0.00,1.0,-1,-1,-1
237,26,649.00,439.00,96.00,229.00,1.0,-1,-1,-1
237,27,0.00,0.00,0.00,0.00,1.0,-1,-1,-1
237,28,1802.00,518.00,118.00,292.00,1.0,-1,-1,-1
237,29,0.00,0.00,0.00,0.00,1.0,-1,-1,-1
237,30,1545.00,520.00,73.00,206.00,1.0,-1,-1,-1
237,31,753.00,580.00,78.00,199.00,1.0,-1,-1,-1
237,32,591.00,417.00,61.00,215.00,1.0,-1,-1,-1
238,0,1525.00,658.00,139.00,288.00,1.0,-1,-1,-1
238,1,412.00,971.00,140.00,109.00,1.0,-1,-1,-1
238,2,644.00,961.00,149.00,119.00,1.0,-1,-1,-1
238,3,0.00,0.00,0.00,0.00,1.0,-1,-1,-1
238,4,0.00,0.00,0.00,0.00,1.0,-1,-1,-1
238,5,0.00,0.00,0.00,0.00,1.0,-1,-1,-1
238,6,0.00,0.00,0.00,0.00,1.0,-1,-1,-1
238,7,0.00,0.00,0.00,0.00,1.0,-1,-1,-1
238,8,0.00,0.00,0.00,0.00,1.0,-1,-1,-1
238,9,0.00,0.00,0.00,0.00,1.0,-1,-1,-1
238,10,1037.00,477.00,49.00,216.00,1.0,-1,-1,-1
238,11,0.00,0.00,0.00,0.00,1.0,-1,-1,-1
238,12,824.00,956.00,125.00,124.00,1.0,-1,-1,-1
238,13,0.00,0.00,0.00,0.00,1.0,-1,-1,-1
238,14,0.00,0.00,0.00,0.00,1.0,-1,-1,-1
238,15,0.00,0.00,0.00,0.00,1.0,-1,-1,-1
238,16,0.00,0.00,0.00,0.00,1.0,-1,-1,-1
238,17,957.00,480.00,53.00,243.00,1.0,-1,-1,-1
238,18,0.00,0.00,0.00,0.00,1.0,-1,-1,-1
238,19,996.00,488.00,89.00,224.00,1.0,-1,-1,-1
238,20,1150.00,541.00,178.00,303.00,1.0,-1,-1,-1
238,21,0.00,0.00,0.00,0.00,1.0,-1,-1,-1
238,22,1316.00,638.00,115.00,345.00,1.0,-1,-1,-1
238,23,0.00,1076.00,24.00,4.00,1.0,-1,-1,-1
238,24,203.00,1059.00,50.00,21.00,1.0,-1,-1,-1
238,25,0.00,0.00,0.00,0.00,1.0,-1,-1,-1
238,26,647.00,440.00,99.00,227.00,1.0,-1,-1,-1
238,27,0.00,0.00,0.00,0.00,1.0,-1,-1,-1
238,28,1809.00,519.00,111.00,291.00,1.0,-1,-1,-1
238,29,0.00,0.00,0.00,0.00,1.0,-1,-1,-1
238,30,1549.00,516.00,74.00,206.00,1.0,-1,-1,-1
238,31,766.00,580.00,65.00,197.00,1.0,-1,-1,-1
238,32,593.00,417.00,61.00,214.00,1.0,-1,-1,-1
239,0,1525.00,656.00,137.00,289.00,1.0,-1,-1,-1
239,1,408.00,971.00,142.00,109.00,1.0,-1,-1,-1
239,2,643.00,961.00,149.00,119.00,1.0,-1,-1,-1
239,3,0.00,0.00,0.00,0.00,1.0,-1,-1,-1
239,4,0.00,0.00,0.00,0.00,1.0,-1,-1,-1
239,5,0.00,0.00,0.00,0.00,1.0,-1,-1,-1
239,6,0.00,0.00,0.00,0.00,1.0,-1,-1,-1
239,7,0.00,0.00,0.00,0.00,1.0,-1,-1,-1
239,8,0.00,0.00,0.00,0.00,1.0,-1,-1,-1
239,9,0.00,0.00,0.00,0.00,1.0,-1,-1,-1
239,10,1037.00,477.00,48.00,215.00,1.0,-1,-1,-1
239,11,0.00,0.00,0.00,0.00,1.0,-1,-1,-1
239,12,824.00,956.00,125.00,124.00,1.0,-1,-1,-1
239,13,0.00,0.00,0.00,0.00,1.0,-1,-1,-1
239,14,0.00,0.00,0.00,0.00,1.0,-1,-1,-1
239,15,0.00,0.00,0.00,0.00,1.0,-1,-1,-1
239,16,0.00,0.00,0.00,0.00,1.0,-1,-1,-1
239,17,958.00,480.00,52.00,242.00,1.0,-1,-1,-1
239,18,0.00,0.00,0.00,0.00,1.0,-1,-1,-1
239,19,998.00,488.00,86.00,224.00,1.0,-1,-1,-1
239,20,1163.00,544.00,170.00,300.00,1.0,-1,-1,-1
239,21,0.00,0.00,0.00,0.00,1.0,-1,-1,-1
239,22,1322.00,642.00,112.00,344.00,1.0,-1,-1,-1
239,23,0.00,1075.00,24.00,5.00,1.0,-1,-1,-1
239,24,200.00,1061.00,51.00,19.00,1.0,-1,-1,-1
239,25,0.00,0.00,0.00,0.00,1.0,-1,-1,-1
239,26,648.00,438.00,99.00,228.00,1.0,-1,-1,-1
239,27,0.00,0.00,0.00,0.00,1.0,-1,-1,-1
239,28,1815.00,520.00,105.00,288.00,1.0,-1,-1,-1
239,29,0.00,0.00,0.00,0.00,1.0,-1,-1,-1
239,30,1554.00,516.00,71.00,200.00,1.0,-1,-1,-1
239,31,767.00,580.00,64.00,201.00,1.0,-1,-1,-1
239,32,594.00,417.00,60.00,212.00,1.0,-1,-1,-1
240,0,1524.00,657.00,137.00,288.00,1.0,-1,-1,-1
240,1,404.00,973.00,142.00,107.00,1.0,-1,-1,-1
240,2,642.00,963.00,148.00,117.00,1.0,-1,-1,-1
240,3,0.00,0.00,0.00,0.00,1.0,-1,-1,-1
240,4,0.00,0.00,0.00,0.00,1.0,-1,-1,-1
240,5,0.00,0.00,0.00,0.00,1.0,-1,-1,-1
240,6,0.00,0.00,0.00,0.00,1.0,-1,-1,-1
240,7,0.00,0.00,0.00,0.00,1.0,-1,-1,-1
240,8,0.00,0.00,0.00,0.00,1.0,-1,-1,-1
240,9,0.00,0.00,0.00,0.00,1.0,-1,-1,-1
240,10,1038.00,477.00,46.00,215.00,1.0,-1,-1,-1
240,11,0.00,0.00,0.00,0.00,1.0,-1,-1,-1
240,12,824.00,959.00,125.00,121.00,1.0,-1,-1,-1
240,13,0.00,0.00,0.00,0.00,1.0,-1,-1,-1
240,14,0.00,0.00,0.00,0.00,1.0,-1,-1,-1
240,15,0.00,0.00,0.00,0.00,1.0,-1,-1,-1
240,16,0.00,0.00,0.00,0.00,1.0,-1,-1,-1
240,17,958.00,479.00,54.00,243.00,1.0,-1,-1,-1
240,18,0.00,0.00,0.00,0.00,1.0,-1,-1,-1
240,19,1002.00,489.00,79.00,222.00,1.0,-1,-1,-1
240,20,1171.00,541.00,170.00,303.00,1.0,-1,-1,-1
240,21,0.00,0.00,0.00,0.00,1.0,-1,-1,-1
240,22,1328.00,644.00,110.00,354.00,1.0,-1,-1,-1
240,23,0.00,1075.00,19.00,5.00,1.0,-1,-1,-1
240,24,200.00,1065.00,45.00,15.00,1.0,-1,-1,-1
240,25,0.00,0.00,0.00,0.00,1.0,-1,-1,-1
240,26,648.00,440.00,100.00,224.00,1.0,-1,-1,-1
240,27,0.00,0.00,0.00,0.00,1.0,-1,-1,-1
240,28,1820.00,519.00,100.00,290.00,1.0,-1,-1,-1
240,29,0.00,0.00,0.00,0.00,1.0,-1,-1,-1
240,30,1554.00,478.00,76.00,222.00,1.0,-1,-1,-1
240,31,767.00,593.00,64.00,190.00,1.0,-1,-1,-1
240,32,593.00,416.00,59.00,214.00,1.0,-1,-1,-1
241,0,1524.00,656.00,134.00,289.00,1.0,-1,-1,-1
241,1,402.00,975.00,140.00,105.00,1.0,-1,-1,-1
241,2,644.00,968.00,146.00,112.00,1.0,-1,-1,-1
241,3,0.00,0.00,0.00,0.00,1.0,-1,-1,-1
241,4,0.00,0.00,0.00,0.00,1.0,-1,-1,-1
241,5,0.00,0.00,0.00,0.00,1.0,-1,-1,-1
241,6,0.00,0.00,0.00,0.00,1.0,-1,-1,-1
241,7,0.00,0.00,0.00,0.00,1.0,-1,-1,-1
241,8,0.00,0.00,0.00,0.00,1.0,-1,-1,-1
241,9,0.00,0.00,0.00,0.00,1.0,-1,-1,-1
241,10,1037.00,476.00,48.00,216.00,1.0,-1,-1,-1
241,11,0.00,0.00,0.00,0.00,1.0,-1,-1,-1
241,12,825.00,961.00,125.00,119.00,1.0,-1,-1,-1
241,13,0.00,0.00,0.00,0.00,1.0,-1,-1,-1
241,14,0.00,0.00,0.00,0.00,1.0,-1,-1,-1
241,15,0.00,0.00,0.00,0.00,1.0,-1,-1,-1
241,16,0.00,0.00,0.00,0.00,1.0,-1,-1,-1
241,17,960.00,480.00,59.00,242.00,1.0,-1,-1,-1
241,18,0.00,0.00,0.00,0.00,1.0,-1,-1,-1
241,19,1004.00,489.00,77.00,222.00,1.0,-1,-1,-1
241,20,1178.00,541.00,170.00,303.00,1.0,-1,-1,-1
241,21,0.00,0.00,0.00,0.00,1.0,-1,-1,-1
241,22,1333.00,645.00,108.00,357.00,1.0,-1,-1,-1
241,23,0.00,0.00,0.00,0.00,1.0,-1,-1,-1
241,24,207.00,1073.00,28.00,7.00,1.0,-1,-1,-1
241,25,0.00,0.00,0.00,0.00,1.0,-1,-1,-1
241,26,650.00,440.00,99.00,222.00,1.0,-1,-1,-1
241,27,0.00,0.00,0.00,0.00,1.0,-1,-1,-1
241,28,1822.00,518.00,98.00,293.00,1.0,-1,-1,-1
241,29,0.00,0.00,0.00,0.00,1.0,-1,-1,-1
241,30,1564.00,516.00,77.00,218.00,1.0,-1,-1,-1
241,31,767.00,594.00,64.00,189.00,1.0,-1,-1,-1
241,32,593.00,416.00,60.00,213.00,1.0,-1,-1,-1
242,0,1521.00,657.00,133.00,287.00,1.0,-1,-1,-1
242,1,400.00,978.00,135.00,102.00,1.0,-1,-1,-1
242,2,645.00,973.00,143.00,107.00,1.0,-1,-1,-1
242,3,0.00,0.00,0.00,0.00,1.0,-1,-1,-1
242,4,0.00,0.00,0.00,0.00,1.0,-1,-1,-1
242,5,0.00,0.00,0.00,0.00,1.0,-1,-1,-1
242,6,0.00,0.00,0.00,0.00,1.0,-1,-1,-1
242,7,0.00,0.00,0.00,0.00,1.0,-1,-1,-1
242,8,0.00,0.00,0.00,0.00,1.0,-1,-1,-1
242,9,0.00,0.00,0.00,0.00,1.0,-1,-1,-1
242,10,1038.00,475.00,48.00,222.00,1.0,-1,-1,-1
242,11,0.00,0.00,0.00,0.00,1.0,-1,-1,-1
242,12,827.00,963.00,122.00,117.00,1.0,-1,-1,-1
242,13,0.00,0.00,0.00,0.00,1.0,-1,-1,-1
242,14,0.00,0.00,0.00,0.00,1.0,-1,-1,-1
242,15,0.00,0.00,0.00,0.00,1.0,-1,-1,-1
242,16,0.00,0.00,0.00,0.00,1.0,-1,-1,-1
242,17,962.00,480.00,60.00,245.00,1.0,-1,-1,-1
242,18,0.00,0.00,0.00,0.00,1.0,-1,-1,-1
242,19,1006.00,490.00,76.00,222.00,1.0,-1,-1,-1
242,20,1185.00,542.00,161.00,301.00,1.0,-1,-1,-1
242,21,0.00,0.00,0.00,0.00,1.0,-1,-1,-1
242,22,1337.00,644.00,108.00,357.00,1.0,-1,-1,-1
242,23,0.00,0.00,0.00,0.00,1.0,-1,-1,-1
242,24,0.00,0.00,0.00,0.00,1.0,-1,-1,-1
242,25,0.00,0.00,0.00,0.00,1.0,-1,-1,-1
242,26,649.00,435.00,103.00,221.00,1.0,-1,-1,-1
242,27,0.00,0.00,0.00,0.00,1.0,-1,-1,-1
242,28,1839.00,516.00,81.00,296.00,1.0,-1,-1,-1
242,29,0.00,0.00,0.00,0.00,1.0,-1,-1,-1
242,30,1569.00,523.00,73.00,212.00,1.0,-1,-1,-1
242,31,768.00,592.00,64.00,192.00,1.0,-1,-1,-1
242,32,595.00,416.00,58.00,213.00,1.0,-1,-1,-1
242,33,850.00,468.00,83.00,244.00,1.0,-1,-1,-1
242,34,1447.00,562.00,70.00,190.00,1.0,-1,-1,-1
243,0,1521.00,657.00,126.00,287.00,1.0,-1,-1,-1
243,1,400.00,983.00,129.00,97.00,1.0,-1,-1,-1
243,2,647.00,979.00,139.00,101.00,1.0,-1,-1,-1
243,3,0.00,0.00,0.00,0.00,1.0,-1,-1,-1
243,4,0.00,0.00,0.00,0.00,1.0,-1,-1,-1
243,5,0.00,0.00,0.00,0.00,1.0,-1,-1,-1
243,6,0.00,0.00,0.00,0.00,1.0,-1,-1,-1
243,7,0.00,0.00,0.00,0.00,1.0,-1,-1,-1
243,8,0.00,0.00,0.00,0.00,1.0,-1,-1,-1
243,9,0.00,0.00,0.00,0.00,1.0,-1,-1,-1
243,10,1039.00,475.00,47.00,230.00,1.0,-1,-1,-1
243,11,0.00,0.00,0.00,0.00,1.0,-1,-1,-1
243,12,828.00,968.00,120.00,112.00,1.0,-1,-1,-1
243,13,0.00,0.00,0.00,0.00,1.0,-1,-1,-1
243,14,0.00,0.00,0.00,0.00,1.0,-1,-1,-1
243,15,0.00,0.00,0.00,0.00,1.0,-1,-1,-1
243,16,0.00,0.00,0.00,0.00,1.0,-1,-1,-1
243,17,966.00,481.00,63.00,247.00,1.0,-1,-1,-1
243,18,0.00,0.00,0.00,0.00,1.0,-1,-1,-1
243,19,1014.00,494.00,68.00,217.00,1.0,-1,-1,-1
243,20,1190.00,545.00,172.00,299.00,1.0,-1,-1,-1
243,21,0.00,0.00,0.00,0.00,1.0,-1,-1,-1
243,22,1341.00,641.00,113.00,360.00,1.0,-1,-1,-1
243,23,0.00,0.00,0.00,0.00,1.0,-1,-1,-1
243,24,0.00,0.00,0.00,0.00,1.0,-1,-1,-1
243,25,0.00,0.00,0.00,0.00,1.0,-1,-1,-1
243,26,653.00,432.00,102.00,223.00,1.0,-1,-1,-1
243,27,0.00,0.00,0.00,0.00,1.0,-1,-1,-1
243,28,1840.00,516.00,80.00,296.00,1.0,-1,-1,-1
243,29,0.00,0.00,0.00,0.00,1.0,-1,-1,-1
243,30,1573.00,524.00,69.00,211.00,1.0,-1,-1,-1
243,31,768.00,592.00,63.00,191.00,1.0,-1,-1,-1
243,32,596.00,416.00,58.00,214.00,1.0,-1,-1,-1
243,33,848.00,470.00,84.00,242.00,1.0,-1,-1,-1
243,34,1451.00,566.00,71.00,189.00,1.0,-1,-1,-1
244,0,1524.00,657.00,116.00,287.00,1.0,-1,-1,-1
244,1,402.00,987.00,118.00,93.00,1.0,-1,-1,-1
244,2,650.00,986.00,134.00,94.00,1.0,-1,-1,-1
244,3,0.00,0.00,0.00,0.00,1.0,-1,-1,-1
244,4,0.00,0.00,0.00,0.00,1.0,-1,-1,-1
244,5,1855.00,516.00,65.00,300.00,1.0,-1,-1,-1
244,6,0.00,0.00,0.00,0.00,1.0,-1,-1,-1
244,7,0.00,0.00,0.00,0.00,1.0,-1,-1,-1
244,8,0.00,0.00,0.00,0.00,1.0,-1,-1,-1
244,9,0.00,0.00,0.00,0.00,1.0,-1,-1,-1
244,10,1038.00,475.00,48.00,230.00,1.0,-1,-1,-1
244,11,0.00,0.00,0.00,0.00,1.0,-1,-1,-1
244,12,831.00,975.00,116.00,105.00,1.0,-1,-1,-1
244,13,0.00,0.00,0.00,0.00,1.0,-1,-1,-1
244,14,0.00,0.00,0.00,0.00,1.0,-1,-1,-1
244,15,0.00,0.00,0.00,0.00,1.0,-1,-1,-1
244,16,0.00,0.00,0.00,0.00,1.0,-1,-1,-1
244,17,967.00,482.00,73.00,246.00,1.0,-1,-1,-1
244,18,0.00,0.00,0.00,0.00,1.0,-1,-1,-1
244,19,1016.00,496.00,65.00,214.00,1.0,-1,-1,-1
244,20,1197.00,546.00,173.00,297.00,1.0,-1,-1,-1
244,21,0.00,0.00,0.00,0.00,1.0,-1,-1,-1
244,22,1343.00,641.00,116.00,360.00,1.0,-1,-1,-1
244,23,0.00,0.00,0.00,0.00,1.0,-1,-1,-1
244,24,0.00,0.00,0.00,0.00,1.0,-1,-1,-1
244,25,0.00,0.00,0.00,0.00,1.0,-1,-1,-1
244,26,654.00,433.00,103.00,220.00,1.0,-1,-1,-1
244,27,0.00,0.00,0.00,0.00,1.0,-1,-1,-1
244,28,1854.00,515.00,66.00,300.00,1.0,-1,-1,-1
244,29,0.00,0.00,0.00,0.00,1.0,-1,-1,-1
244,30,1578.00,523.00,70.00,211.00,1.0,-1,-1,-1
244,31,768.00,593.00,63.00,190.00,1.0,-1,-1,-1
244,32,596.00,416.00,59.00,213.00,1.0,-1,-1,-1
244,33,848.00,470.00,86.00,242.00,1.0,-1,-1,-1
244,34,1456.00,570.00,68.00,185.00,1.0,-1,-1,-1
245,0,1521.00,653.00,112.00,290.00,1.0,-1,-1,-1
245,1,403.00,992.00,116.00,88.00,1.0,-1,-1,-1
245,2,653.00,991.00,129.00,89.00,1.0,-1,-1,-1
245,3,0.00,0.00,0.00,0.00,1.0,-1,-1,-1
245,4,0.00,0.00,0.00,0.00,1.0,-1,-1,-1
245,5,0.00,0.00,0.00,0.00,1.0,-1,-1,-1
245,6,0.00,0.00,0.00,0.00,1.0,-1,-1,-1
245,7,0.00,0.00,0.00,0.00,1.0,-1,-1,-1
245,8,0.00,0.00,0.00,0.00,1.0,-1,-1,-1
245,9,0.00,0.00,0.00,0.00,1.0,-1,-1,-1
245,10,1040.00,474.00,47.00,229.00,1.0,-1,-1,-1
245,11,0.00,0.00,0.00,0.00,1.0,-1,-1,-1
245,12,834.00,980.00,113.00,100.00,1.0,-1,-1,-1
245,13,0.00,0.00,0.00,0.00,1.0,-1,-1,-1
245,14,0.00,0.00,0.00,0.00,1.0,-1,-1,-1
245,15,0.00,0.00,0.00,0.00,1.0,-1,-1,-1
245,16,0.00,0.00,0.00,0.00,1.0,-1,-1,-1
245,17,975.00,483.00,71.00,245.00,1.0,-1,-1,-1
245,18,0.00,0.00,0.00,0.00,1.0,-1,-1,-1
245,19,1023.00,506.00,57.00,223.00,1.0,-1,-1,-1
245,20,1204.00,545.00,173.00,297.00,1.0,-1,-1,-1
245,21,0.00,0.00,0.00,0.00,1.0,-1,-1,-1
245,22,1342.00,642.00,125.00,359.00,1.0,-1,-1,-1
245,23,0.00,0.00,0.00,0.00,1.0,-1,-1,-1
245,24,0.00,0.00,0.00,0.00,1.0,-1,-1,-1
245,25,0.00,0.00,0.00,0.00,1.0,-1,-1,-1
245,26,674.00,434.00,83.00,623.00,1.0,-1,-1,-1
245,27,0.00,0.00,0.00,0.00,1.0,-1,-1,-1
245,28,1868.00,515.00,52.00,294.00,1.0,-1,-1,-1
245,29,0.00,0.00,0.00,0.00,1.0,-1,-1,-1
245,30,1585.00,479.00,66.00,262.00,1.0,-1,-1,-1
245,31,768.00,592.00,65.00,190.00,1.0,-1,-1,-1
245,32,596.00,416.00,59.00,213.00,1.0,-1,-1,-1
245,33,848.00,470.00,87.00,242.00,1.0,-1,-1,-1
245,34,1460.00,570.00,66.00,184.00,1.0,-1,-1,-1
246,0,1518.00,650.00,122.00,293.00,1.0,-1,-1,-1
246,1,417.00,997.00,96.00,83.00,1.0,-1,-1,-1
246,2,656.00,995.00,126.00,85.00,1.0,-1,-1,-1
246,3,0.00,0.00,0.00,0.00,1.0,-1,-1,-1
246,4,0.00,0.00,0.00,0.00,1.0,-1,-1,-1
246,5,0.00,0.00,0.00,0.00,1.0,-1,-1,-1
246,6,0.00,0.00,0.00,0.00,1.0,-1,-1,-1
246,7,0.00,0.00,0.00,0.00,1.0,-1,-1,-1
246,8,0.00,0.00,0.00,0.00,1.0,-1,-1,-1
246,9,0.00,0.00,0.00,0.00,1.0,-1,-1,-1
246,10,1038.00,474.00,51.00,229.00,1.0,-1,-1,-1
246,11,0.00,0.00,0.00,0.00,1.0,-1,-1,-1
246,12,838.00,987.00,109.00,93.00,1.0,-1,-1,-1
246,13,0.00,0.00,0.00,0.00,1.0,-1,-1,-1
246,14,0.00,0.00,0.00,0.00,1.0,-1,-1,-1
246,15,0.00,0.00,0.00,0.00,1.0,-1,-1,-1
246,16,0.00,0.00,0.00,0.00,1.0,-1,-1,-1
246,17,981.00,482.00,79.00,247.00,1.0,-1,-1,-1
246,18,0.00,0.00,0.00,0.00,1.0,-1,-1,-1
246,19,1032.00,511.00,48.00,218.00,1.0,-1,-1,-1
246,20,1211.00,545.00,170.00,297.00,1.0,-1,-1,-1
246,21,0.00,0.00,0.00,0.00,1.0,-1,-1,-1
246,22,1341.00,642.00,130.00,359.00,1.0,-1,-1,-1
246,23,0.00,0.00,0.00,0.00,1.0,-1,-1,-1
246,24,0.00,0.00,0.00,0.00,1.0,-1,-1,-1
246,25,0.00,0.00,0.00,0.00,1.0,-1,-1,-1
246,26,675.00,431.00,84.00,576.00,1.0,-1,-1,-1
246,27,0.00,0.00,0.00,0.00,1.0,-1,-1,-1
246,28,1878.00,517.00,42.00,289.00,1.0,-1,-1,-1
246,29,0.00,0.00,0.00,0.00,1.0,-1,-1,-1
246,30,1591.00,517.00,67.00,224.00,1.0,-1,-1,-1
246,31,768.00,595.00,67.00,187.00,1.0,-1,-1,-1
246,32,596.00,417.00,59.00,212.00,1.0,-1,-1,-1
246,33,849.00,470.00,88.00,242.00,1.0,-1,-1,-1
246,34,1467.00,569.00,68.00,186.00,1.0,-1,-1,-1
247,0,1518.00,656.00,121.00,288.00,1.0,-1,-1,-1
247,1,426.00,1000.00,75.00,80.00,1.0,-1,-1,-1
247,2,658.00,997.00,124.00,83.00,1.0,-1,-1,-1
247,3,0.00,0.00,0.00,0.00,1.0,-1,-1,-1
247,4,0.00,0.00,0.00,0.00,1.0,-1,-1,-1
247,5,0.00,0.00,0.00,0.00,1.0,-1,-1,-1
247,6,0.00,0.00,0.00,0.00,1.0,-1,-1,-1
247,7,0.00,0.00,0.00,0.00,1.0,-1,-1,-1
247,8,0.00,0.00,0.00,0.00,1.0,-1,-1,-1
247,9,0.00,0.00,0.00,0.00,1.0,-1,-1,-1
247,10,1043.00,475.00,46.00,221.00,1.0,-1,-1,-1
247,11,0.00,0.00,0.00,0.00,1.0,-1,-1,-1
247,12,842.00,992.00,106.00,88.00,1.0,-1,-1,-1
247,13,0.00,0.00,0.00,0.00,1.0,-1,-1,-1
247,14,0.00,0.00,0.00,0.00,1.0,-1,-1,-1
247,15,0.00,0.00,0.00,0.00,1.0,-1,-1,-1
247,16,0.00,0.00,0.00,0.00,1.0,-1,-1,-1
247,17,987.00,484.00,78.00,247.00,1.0,-1,-1,-1
247,18,0.00,0.00,0.00,0.00,1.0,-1,-1,-1
247,19,1040.00,516.00,41.00,185.00,1.0,-1,-1,-1
247,20,1213.00,544.00,180.00,302.00,1.0,-1,-1,-1
247,21,0.00,0.00,0.00,0.00,1.0,-1,-1,-1
247,22,1349.00,642.00,126.00,359.00,1.0,-1,-1,-1
247,23,0.00,0.00,0.00,0.00,1.0,-1,-1,-1
247,24,0.00,0.00,0.00,0.00,1.0,-1,-1,-1
247,25,0.00,0.00,0.00,0.00,1.0,-1,-1,-1
247,26,676.00,430.00,85.00,224.00,1.0,-1,-1,-1
247,27,0.00,0.00,0.00,0.00,1.0,-1,-1,-1
247,28,1878.00,539.00,42.00,270.00,1.0,-1,-1,-1
247,29,0.00,0.00,0.00,0.00,1.0,-1,-1,-1
247,30,1597.00,520.00,66.00,225.00,1.0,-1,-1,-1
247,31,768.00,595.00,68.00,187.00,1.0,-1,-1,-1
247,32,595.00,416.00,61.00,213.00,1.0,-1,-1,-1
247,33,850.00,469.00,89.00,243.00,1.0,-1,-1,-1
247,34,1473.00,569.00,72.00,186.00,1.0,-1,-1,-1
248,0,1518.00,654.00,115.00,287.00,1.0,-1,-1,-1
248,1,431.00,1003.00,57.00,77.00,1.0,-1,-1,-1
248,2,659.00,999.00,123.00,81.00,1.0,-1,-1,-1
248,3,0.00,0.00,0.00,0.00,1.0,-1,-1,-1
248,4,0.00,0.00,0.00,0.00,1.0,-1,-1,-1
248,5,0.00,0.00,0.00,0.00,1.0,-1,-1,-1
248,6,0.00,0.00,0.00,0.00,1.0,-1,-1,-1
248,7,0.00,0.00,0.00,0.00,1.0,-1,-1,-1
248,8,0.00,0.00,0.00,0.00,1.0,-1,-1,-1
248,9,0.00,0.00,0.00,0.00,1.0,-1,-1,-1
248,10,1043.00,473.00,46.00,221.00,1.0,-1,-1,-1
248,11,0.00,0.00,0.00,0.00,1.0,-1,-1,-1
248,12,845.00,995.00,105.00,85.00,1.0,-1,-1,-1
248,13,0.00,0.00,0.00,0.00,1.0,-1,-1,-1
248,14,0.00,0.00,0.00,0.00,1.0,-1,-1,-1
248,15,0.00,0.00,0.00,0.00,1.0,-1,-1,-1
248,16,0.00,0.00,0.00,0.00,1.0,-1,-1,-1
248,17,990.00,488.00,78.00,244.00,1.0,-1,-1,-1
248,18,0.00,0.00,0.00,0.00,1.0,-1,-1,-1
248,19,1049.00,502.00,31.00,189.00,1.0,-1,-1,-1
248,20,1215.00,542.00,180.00,304.00,1.0,-1,-1,-1
248,21,0.00,0.00,0.00,0.00,1.0,-1,-1,-1
248,22,1355.00,642.00,128.00,359.00,1.0,-1,-1,-1
248,23,0.00,0.00,0.00,0.00,1.0,-1,-1,-1
248,24,0.00,0.00,0.00,0.00,1.0,-1,-1,-1
248,25,0.00,0.00,0.00,0.00,1.0,-1,-1,-1
248,26,674.00,428.00,90.00,224.00,1.0,-1,-1,-1
248,27,0.00,0.00,0.00,0.00,1.0,-1,-1,-1
248,28,1882.00,550.00,38.00,256.00,1.0,-1,-1,-1
248,29,0.00,0.00,0.00,0.00,1.0,-1,-1,-1
248,30,1596.00,478.00,77.00,265.00,1.0,-1,-1,-1
248,31,767.00,595.00,70.00,188.00,1.0,-1,-1,-1
248,32,597.00,416.00,59.00,213.00,1.0,-1,-1,-1
248,33,851.00,469.00,90.00,242.00,1.0,-1,-1,-1
248,34,1484.00,566.00,67.00,188.00,1.0,-1,-1,-1
249,0,1514.00,654.00,118.00,287.00,1.0,-1,-1,-1
249,1,432.00,1004.00,57.00,76.00,1.0,-1,-1,-1
249,2,662.00,1000.00,122.00,80.00,1.0,-1,-1,-1
249,3,0.00,0.00,0.00,0.00,1.0,-1,-1,-1
249,4,0.00,0.00,0.00,0.00,1.0,-1,-1,-1
249,5,0.00,0.00,0.00,0.00,1.0,-1,-1,-1
249,6,0.00,0.00,0.00,0.00,1.0,-1,-1,-1
249,7,0.00,0.00,0.00,0.00,1.0,-1,-1,-1
249,8,0.00,0.00,0.00,0.00,1.0,-1,-1,-1
249,9,0.00,0.00,0.00,0.00,1.0,-1,-1,-1
249,10,1043.00,471.00,48.00,224.00,1.0,-1,-1,-1
249,11,0.00,0.00,0.00,0.00,1.0,-1,-1,-1
249,12,847.00,996.00,104.00,84.00,1.0,-1,-1,-1
249,13,0.00,0.00,0.00,0.00,1.0,-1,-1,-1
249,14,0.00,0.00,0.00,0.00,1.0,-1,-1,-1
249,15,0.00,0.00,0.00,0.00,1.0,-1,-1,-1
249,16,0.00,0.00,0.00,0.00,1.0,-1,-1,-1
249,17,994.00,485.00,76.00,247.00,1.0,-1,-1,-1
249,18,0.00,0.00,0.00,0.00,1.0,-1,-1,-1
249,19,1049.00,494.00,34.00,189.00,1.0,-1,-1,-1
249,20,1218.00,541.00,181.00,306.00,1.0,-1,-1,-1
249,21,0.00,0.00,0.00,0.00,1.0,-1,-1,-1
249,22,1356.00,644.00,141.00,360.00,1.0,-1,-1,-1
249,23,0.00,0.00,0.00,0.00,1.0,-1,-1,-1
249,24,0.00,0.00,0.00,0.00,1.0,-1,-1,-1
249,25,0.00,0.00,0.00,0.00,1.0,-1,-1,-1
249,26,677.00,429.00,87.00,224.00,1.0,-1,-1,-1
249,27,0.00,0.00,0.00,0.00,1.0,-1,-1,-1
249,28,1884.00,566.00,36.00,239.00,1.0,-1,-1,-1
249,29,0.00,0.00,0.00,0.00,1.0,-1,-1,-1
249,30,1596.00,475.00,82.00,268.00,1.0,-1,-1,-1
249,31,767.00,584.00,70.00,204.00,1.0,-1,-1,-1
249,32,598.00,416.00,60.00,213.00,1.0,-1,-1,-1
249,33,853.00,469.00,90.00,241.00,1.0,-1,-1,-1
249,34,1491.00,566.00,68.00,187.00,1.0,-1,-1,-1
249,35,917.00,510.00,78.00,245.00,1.0,-1,-1,-1
250,0,1518.00,655.00,114.00,286.00,1.0,-1,-1,-1
250,1,432.00,1006.00,56.00,74.00,1.0,-1,-1,-1
250,2,664.00,1000.00,121.00,80.00,1.0,-1,-1,-1
250,3,0.00,0.00,0.00,0.00,1.0,-1,-1,-1
250,4,0.00,0.00,0.00,0.00,1.0,-1,-1,-1
250,5,0.00,0.00,0.00,0.00,1.0,-1,-1,-1
250,6,0.00,0.00,0.00,0.00,1.0,-1,-1,-1
250,7,0.00,0.00,0.00,0.00,1.0,-1,-1,-1
250,8,0.00,0.00,0.00,0.00,1.0,-1,-1,-1
250,9,0.00,0.00,0.00,0.00,1.0,-1,-1,-1
250,10,1045.00,472.00,47.00,224.00,1.0,-1,-1,-1
250,11,0.00,0.00,0.00,0.00,1.0,-1,-1,-1
250,12,849.00,997.00,104.00,83.00,1.0,-1,-1,-1
250,13,0.00,0.00,0.00,0.00,1.0,-1,-1,-1
250,14,0.00,0.00,0.00,0.00,1.0,-1,-1,-1
250,15,0.00,0.00,0.00,0.00,1.0,-1,-1,-1
250,16,0.00,0.00,0.00,0.00,1.0,-1,-1,-1
250,17,1001.00,483.00,71.00,248.00,1.0,-1,-1,-1
250,18,0.00,0.00,0.00,0.00,1.0,-1,-1,-1
250,19,1029.00,503.00,59.00,202.00,1.0,-1,-1,-1
250,20,1224.00,540.00,183.00,307.00,1.0,-1,-1,-1
250,21,0.00,0.00,0.00,0.00,1.0,-1,-1,-1
250,22,1346.00,647.00,155.00,368.00,1.0,-1,-1,-1
250,23,0.00,0.00,0.00,0.00,1.0,-1,-1,-1
250,24,0.00,0.00,0.00,0.00,1.0,-1,-1,-1
250,25,0.00,0.00,0.00,0.00,1.0,-1,-1,-1
250,26,680.00,429.00,87.00,578.00,1.0,-1,-1,-1
250,27,0.00,0.00,0.00,0.00,1.0,-1,-1,-1
250,28,1892.00,742.00,28.00,63.00,1.0,-1,-1,-1
250,29,0.00,0.00,0.00,0.00,1.0,-1,-1,-1
250,30,1605.00,475.00,79.00,267.00,1.0,-1,-1,-1
250,31,768.00,594.00,70.00,194.00,1.0,-1,-1,-1
250,32,599.00,416.00,60.00,214.00,1.0,-1,-1,-1
250,33,854.00,470.00,91.00,241.00,1.0,-1,-1,-1
250,34,1488.00,571.00,76.00,183.00,1.0,-1,-1,-1
250,35,917.00,512.00,86.00,244.00,1.0,-1,-1,-1
251,0,1519.00,653.00,114.00,288.00,1.0,-1,-1,-1
251,1,431.00,1007.00,57.00,73.00,1.0,-1,-1,-1
251,2,665.00,1000.00,122.00,80.00,1.0,-1,-1,-1
251,3,0.00,0.00,0.00,0.00,1.0,-1,-1,-1
251,4,0.00,0.00,0.00,0.00,1.0,-1,-1,-1
251,5,0.00,0.00,0.00,0.00,1.0,-1,-1,-1
251,6,0.00,0.00,0.00,0.00,1.0,-1,-1,-1
251,7,0.00,0.00,0.00,0.00,1.0,-1,-1,-1
251,8,0.00,0.00,0.00,0.00,1.0,-1,-1,-1
251,9,0.00,0.00,0.00,0.00,1.0,-1,-1,-1
251,10,1049.00,473.00,43.00,218.00,1.0,-1,-1,-1
251,11,0.00,0.00,0.00,0.00,1.0,-1,-1,-1
251,12,850.00,996.00,104.00,84.00,1.0,-1,-1,-1
251,13,0.00,0.00,0.00,0.00,1.0,-1,-1,-1
251,14,0.00,0.00,0.00,0.00,1.0,-1,-1,-1
251,15,0.00,0.00,0.00,0.00,1.0,-1,-1,-1
251,16,0.00,0.00,0.00,0.00,1.0,-1,-1,-1
251,17,1004.00,481.00,70.00,250.00,1.0,-1,-1,-1
251,18,0.00,0.00,0.00,0.00,1.0,-1,-1,-1
251,19,1058.00,495.00,34.00,187.00,1.0,-1,-1,-1
251,20,1231.00,539.00,176.00,307.00,1.0,-1,-1,-1
251,21,0.00,0.00,0.00,0.00,1.0,-1,-1,-1
251,22,1362.00,653.00,143.00,366.00,1.0,-1,-1,-1
251,23,0.00,0.00,0.00,0.00,1.0,-1,-1,-1
251,24,0.00,0.00,0.00,0.00,1.0,-1,-1,-1
251,25,0.00,0.00,0.00,0.00,1.0,-1,-1,-1
251,26,677.00,428.00,92.00,225.00,1.0,-1,-1,-1
251,27,0.00,0.00,0.00,0.00,1.0,-1,-1,-1
251,28,1899.00,744.00,21.00,61.00,1.0,-1,-1,-1
251,29,0.00,0.00,0.00,0.00,1.0,-1,-1,-1
251,30,1611.00,517.00,83.00,226.00,1.0,-1,-1,-1
251,31,769.00,595.00,71.00,193.00,1.0,-1,-1,-1
251,32,599.00,416.00,60.00,214.00,1.0,-1,-1,-1
251,33,854.00,469.00,93.00,240.00,1.0,-1,-1,-1
251,34,1492.00,570.00,75.00,182.00,1.0,-1,-1,-1
251,35,919.00,512.00,87.00,244.00,1.0,-1,-1,-1
252,0,1518.00,652.00,115.00,289.00,1.0,-1,-1,-1
252,1,429.00,1007.00,56.00,73.00,1.0,-1,-1,-1
252,2,666.00,1000.00,122.00,80.00,1.0,-1,-1,-1
252,3,0.00,0.00,0.00,0.00,1.0,-1,-1,-1
252,4,0.00,0.00,0.00,0.00,1.0,-1,-1,-1
252,5,0.00,0.00,0.00,0.00,1.0,-1,-1,-1
252,6,0.00,0.00,0.00,0.00,1.0,-1,-1,-1
252,7,0.00,0.00,0.00,0.00,1.0,-1,-1,-1
252,8,0.00,0.00,0.00,0.00,1.0,-1,-1,-1
252,9,0.00,0.00,0.00,0.00,1.0,-1,-1,-1
252,10,1045.00,473.00,47.00,217.00,1.0,-1,-1,-1
252,11,0.00,0.00,0.00,0.00,1.0,-1,-1,-1
252,12,850.00,997.00,104.00,83.00,1.0,-1,-1,-1
252,13,0.00,0.00,0.00,0.00,1.0,-1,-1,-1
252,14,0.00,0.00,0.00,0.00,1.0,-1,-1,-1
252,15,0.00,0.00,0.00,0.00,1.0,-1,-1,-1
252,16,0.00,0.00,0.00,0.00,1.0,-1,-1,-1
252,17,1005.00,477.00,72.00,254.00,1.0,-1,-1,-1
252,18,0.00,0.00,0.00,0.00,1.0,-1,-1,-1
252,19,1003.00,484.00,71.00,233.00,1.0,-1,-1,-1
252,20,1242.00,541.00,172.00,306.00,1.0,-1,-1,-1
252,21,0.00,0.00,0.00,0.00,1.0,-1,-1,-1
252,22,1364.00,660.00,148.00,357.00,1.0,-1,-1,-1
252,23,0.00,0.00,0.00,0.00,1.0,-1,-1,-1
252,24,0.00,0.00,0.00,0.00,1.0,-1,-1,-1
252,25,0.00,0.00,0.00,0.00,1.0,-1,-1,-1
252,26,683.00,430.00,85.00,223.00,1.0,-1,-1,-1
252,27,0.00,0.00,0.00,0.00,1.0,-1,-1,-1
252,28,1906.00,744.00,14.00,59.00,1.0,-1,-1,-1
252,29,0.00,0.00,0.00,0.00,1.0,-1,-1,-1
252,30,1619.00,520.00,83.00,226.00,1.0,-1,-1,-1
252,31,770.00,596.00,71.00,193.00,1.0,-1,-1,-1
252,32,597.00,416.00,62.00,215.00,1.0,-1,-1,-1
252,33,855.00,470.00,92.00,239.00,1.0,-1,-1,-1
252,34,1494.00,569.00,73.00,183.00,1.0,-1,-1,-1
252,35,919.00,512.00,88.00,244.00,1.0,-1,-1,-1
253,0,1516.00,654.00,116.00,287.00,1.0,-1,-1,-1
253,1,428.00,1008.00,55.00,72.00,1.0,-1,-1,-1
253,2,669.00,1003.00,118.00,77.00,1.0,-1,-1,-1
253,3,0.00,0.00,0.00,0.00,1.0,-1,-1,-1
253,4,0.00,0.00,0.00,0.00,1.0,-1,-1,-1
253,5,0.00,0.00,0.00,0.00,1.0,-1,-1,-1
253,6,0.00,0.00,0.00,0.00,1.0,-1,-1,-1
253,7,0.00,0.00,0.00,0.00,1.0,-1,-1,-1
253,8,0.00,0.00,0.00,0.00,1.0,-1,-1,-1
253,9,0.00,0.00,0.00,0.00,1.0,-1,-1,-1
253,10,1044.00,473.00,46.00,220.00,1.0,-1,-1,-1
253,11,0.00,0.00,0.00,0.00,1.0,-1,-1,-1
253,12,851.00,998.00,102.00,82.00,1.0,-1,-1,-1
253,13,0.00,0.00,0.00,0.00,1.0,-1,-1,-1
253,14,0.00,0.00,0.00,0.00,1.0,-1,-1,-1
253,15,0.00,0.00,0.00,0.00,1.0,-1,-1,-1
253,16,0.00,0.00,0.00,0.00,1.0,-1,-1,-1
253,17,1022.00,474.00,62.00,257.00,1.0,-1,-1,-1
253,18,0.00,0.00,0.00,0.00,1.0,-1,-1,-1
253,19,1003.00,483.00,45.00,157.00,1.0,-1,-1,-1
253,20,1255.00,543.00,163.00,304.00,1.0,-1,-1,-1
253,21,0.00,0.00,0.00,0.00,1.0,-1,-1,-1
253,22,1371.00,662.00,149.00,358.00,1.0,-1,-1,-1
253,23,0.00,0.00,0.00,0.00,1.0,-1,-1,-1
253,24,0.00,0.00,0.00,0.00,1.0,-1,-1,-1
253,25,0.00,0.00,0.00,0.00,1.0,-1,-1,-1
253,26,683.00,430.00,86.00,223.00,1.0,-1,-1,-1
253,27,0.00,0.00,0.00,0.00,1.0,-1,-1,-1
253,28,1909.00,753.00,11.00,30.00,1.0,-1,-1,-1
253,29,0.00,0.00,0.00,0.00,1.0,-1,-1,-1
253,30,1622.00,524.00,85.00,221.00,1.0,-1,-1,-1
253,31,771.00,600.00,71.00,191.00,1.0,-1,-1,-1
253,32,596.00,417.00,63.00,217.00,1.0,-1,-1,-1
253,33,856.00,472.00,91.00,238.00,1.0,-1,-1,-1
253,34,1500.00,567.00,68.00,185.00,1.0,-1,-1,-1
253,35,920.00,513.00,88.00,243.00,1.0,-1,-1,-1
253,36,1779.00,402.00,67.00,250.00,1.0,-1,-1,-1
254,0,1516.00,653.00,117.00,288.00,1.0,-1,-1,-1
254,1,427.00,1008.00,53.00,72.00,1.0,-1,-1,-1
254,2,673.00,1008.00,110.00,72.00,1.0,-1,-1,-1
254,3,0.00,0.00,0.00,0.00,1.0,-1,-1,-1
254,4,0.00,0.00,0.00,0.00,1.0,-1,-1,-1
254,5,0.00,0.00,0.00,0.00,1.0,-1,-1,-1
254,6,0.00,0.00,0.00,0.00,1.0,-1,-1,-1
254,7,0.00,0.00,0.00,0.00,1.0,-1,-1,-1
254,8,0.00,0.00,0.00,0.00,1.0,-1,-1,-1
254,9,0.00,0.00,0.00,0.00,1.0,-1,-1,-1
254,10,1045.00,472.00,45.00,68.00,1.0,-1,-1,-1
254,11,0.00,0.00,0.00,0.00,1.0,-1,-1,-1
254,12,853.00,1000.00,99.00,80.00,1.0,-1,-1,-1
254,13,0.00,0.00,0.00,0.00,1.0,-1,-1,-1
254,14,0.00,0.00,0.00,0.00,1.0,-1,-1,-1
254,15,0.00,0.00,0.00,0.00,1.0,-1,-1,-1
254,16,0.00,0.00,0.00,0.00,1.0,-1,-1,-1
254,17,1031.00,474.00,58.00,258.00,1.0,-1,-1,-1
254,18,0.00,0.00,0.00,0.00,1.0,-1,-1,-1
254,19,1004.00,483.00,48.00,226.00,1.0,-1,-1,-1
254,20,1273.00,542.00,150.00,306.00,1.0,-1,-1,-1
254,21,0.00,0.00,0.00,0.00,1.0,-1,-1,-1
254,22,1376.00,662.00,142.00,366.00,1.0,-1,-1,-1
254,23,0.00,0.00,0.00,0.00,1.0,-1,-1,-1
254,24,0.00,0.00,0.00,0.00,1.0,-1,-1,-1
254,25,0.00,0.00,0.00,0.00,1.0,-1,-1,-1
254,26,685.00,429.00,86.00,223.00,1.0,-1,-1,-1
254,27,0.00,0.00,0.00,0.00,1.0,-1,-1,-1
254,28,1914.00,758.00,6.00,23.00,1.0,-1,-1,-1
254,29,0.00,0.00,0.00,0.00,1.0,-1,-1,-1
254,30,1624.00,482.00,88.00,268.00,1.0,-1,-1,-1
254,31,772.00,601.00,70.00,195.00,1.0,-1,-1,-1
254,32,600.00,418.00,59.00,215.00,1.0,-1,-1,-1
254,33,859.00,472.00,90.00,238.00,1.0,-1,-1,-1
254,34,1504.00,571.00,72.00,181.00,1.0,-1,-1,-1
254,35,922.00,513.00,87.00,246.00,1.0,-1,-1,-1
254,36,1782.00,401.00,72.00,252.00,1.0,-1,-1,-1
255,0,1510.00,651.00,122.00,290.00,1.0,-1,-1,-1
255,1,424.00,1011.00,53.00,69.00,1.0,-1,-1,-1
255,2,694.00,1012.00,84.00,68.00,1.0,-1,-1,-1
255,3,0.00,0.00,0.00,0.00,1.0,-1,-1,-1
255,4,0.00,0.00,0.00,0.00,1.0,-1,-1,-1
255,5,0.00,0.00,0.00,0.00,1.0,-1,-1,-1
255,6,0.00,0.00,0.00,0.00,1.0,-1,-1,-1
255,7,0.00,0.00,0.00,0.00,1.0,-1,-1,-1
255,8,0.00,0.00,0.00,0.00,1.0,-1,-1,-1
255,9,0.00,0.00,0.00,0.00,1.0,-1,-1,-1
255,10,1046.00,472.00,39.00,42.00,1.0,-1,-1,-1
255,11,0.00,0.00,0.00,0.00,1.0,-1,-1,-1
255,12,858.00,1003.00,91.00,77.00,1.0,-1,-1,-1
255,13,0.00,0.00,0.00,0.00,1.0,-1,-1,-1
255,14,0.00,0.00,0.00,0.00,1.0,-1,-1,-1
255,15,0.00,0.00,0.00,0.00,1.0,-1,-1,-1
255,16,0.00,0.00,0.00,0.00,1.0,-1,-1,-1
255,17,1040.00,477.00,53.00,254.00,1.0,-1,-1,-1
255,18,0.00,0.00,0.00,0.00,1.0,-1,-1,-1
255,19,1005.00,482.00,52.00,227.00,1.0,-1,-1,-1
255,20,1281.00,543.00,148.00,304.00,1.0,-1,-1,-1
255,21,0.00,0.00,0.00,0.00,1.0,-1,-1,-1
255,22,1376.00,664.00,143.00,369.00,1.0,-1,-1,-1
255,23,0.00,0.00,0.00,0.00,1.0,-1,-1,-1
255,24,0.00,0.00,0.00,0.00,1.0,-1,-1,-1
255,25,0.00,0.00,0.00,0.00,1.0,-1,-1,-1
255,26,686.00,428.00,85.00,222.00,1.0,-1,-1,-1
255,27,0.00,0.00,0.00,0.00,1.0,-1,-1,-1
255,28,0.00,0.00,0.00,0.00,1.0,-1,-1,-1
255,29,0.00,0.00,0.00,0.00,1.0,-1,-1,-1
255,30,1629.00,485.00,90.00,265.00,1.0,-1,-1,-1
255,31,775.00,605.00,68.00,192.00,1.0,-1,-1,-1
255,32,595.00,417.00,64.00,217.00,1.0,-1,-1,-1
255,33,869.00,474.00,82.00,236.00,1.0,-1,-1,-1
255,34,1507.00,578.00,77.00,170.00,1.0,-1,-1,-1
255,35,923.00,515.00,86.00,247.00,1.0,-1,-1,-1
255,36,1786.00,400.00,79.00,252.00,1.0,-1,-1,-1
256,0,1504.00,651.00,128.00,289.00,1.0,-1,-1,-1
256,1,420.00,1013.00,53.00,67.00,1.0,-1,-1,-1
256,2,703.00,1018.00,61.00,62.00,1.0,-1,-1,-1
256,3,0.00,0.00,0.00,0.00,1.0,-1,-1,-1
256,4,0.00,0.00,0.00,0.00,1.0,-1,-1,-1
256,5,0.00,0.00,0.00,0.00,1.0,-1,-1,-1
256,6,0.00,0.00,0.00,0.00,1.0,-1,-1,-1
256,7,0.00,0.00,0.00,0.00,1.0,-1,-1,-1
256,8,0.00,0.00,0.00,0.00,1.0,-1,-1,-1
256,9,422.00,1009.00,516.00,71.00,1.0,-1,-1,-1
256,10,1046.00,471.00,40.00,52.00,1.0,-1,-1,-1
256,11,0.00,0.00,0.00,0.00,1.0,-1,-1,-1
256,12,869.00,1008.00,72.00,72.00,1.0,-1,-1,-1
256,13,0.00,0.00,0.00,0.00,1.0,-1,-1,-1
256,14,0.00,0.00,0.00,0.00,1.0,-1,-1,-1
256,15,0.00,0.00,0.00,0.00,1.0,-1,-1,-1
256,16,0.00,0.00,0.00,0.00,1.0,-1,-1,-1
256,17,1046.00,480.00,52.00,251.00,1.0,-1,-1,-1
256,18,0.00,0.00,0.00,0.00,1.0,-1,-1,-1
256,19,1005.00,481.00,56.00,228.00,1.0,-1,-1,-1
256,20,1289.00,544.00,142.00,306.00,1.0,-1,-1,-1
256,21,0.00,0.00,0.00,0.00,1.0,-1,-1,-1
256,22,1382.00,666.00,138.00,368.00,1.0,-1,-1,-1
256,23,0.00,0.00,0.00,0.00,1.0,-1,-1,-1
256,24,0.00,0.00,0.00,0.00,1.0,-1,-1,-1
256,25,0.00,0.00,0.00,0.00,1.0,-1,-1,-1
256,26,687.00,426.00,84.00,222.00,1.0,-1,-1,-1
256,27,0.00,0.00,0.00,0.00,1.0,-1,-1,-1
256,28,0.00,0.00,0.00,0.00,1.0,-1,-1,-1
256,29,0.00,0.00,0.00,0.00,1.0,-1,-1,-1
256,30,1636.00,483.00,91.00,268.00,1.0,-1,-1,-1
256,31,776.00,604.00,67.00,193.00,1.0,-1,-1,-1
256,32,594.00,416.00,66.00,218.00,1.0,-1,-1,-1
256,33,872.00,475.00,82.00,234.00,1.0,-1,-1,-1
256,34,1511.00,580.00,83.00,152.00,1.0,-1,-1,-1
256,35,923.00,514.00,86.00,251.00,1.0,-1,-1,-1
256,36,1789.00,399.00,91.00,223.00,1.0,-1,-1,-1
257,0,1506.00,650.00,126.00,290.00,1.0,-1,-1,-1
257,1,415.00,1018.00,55.00,62.00,1.0,-1,-1,-1
257,2,703.00,1024.00,49.00,56.00,1.0,-1,-1,-1
257,3,0.00,0.00,0.00,0.00,1.0,-1,-1,-1
257,4,0.00,0.00,0.00,0.00,1.0,-1,-1,-1
257,5,0.00,0.00,0.00,0.00,1.0,-1,-1,-1
257,6,0.00,0.00,0.00,0.00,1.0,-1,-1,-1
257,7,0.00,0.00,0.00,0.00,1.0,-1,-1,-1
257,8,0.00,0.00,0.00,0.00,1.0,-1,-1,-1
257,9,708.00,1012.00,226.00,68.00,1.0,-1,-1,-1
257,10,1049.00,472.00,43.00,50.00,1.0,-1,-1,-1
257,11,0.00,0.00,0.00,0.00,1.0,-1,-1,-1
257,12,872.00,1013.00,60.00,67.00,1.0,-1,-1,-1
257,13,0.00,0.00,0.00,0.00,1.0,-1,-1,-1
257,14,0.00,0.00,0.00,0.00,1.0,-1,-1,-1
257,15,0.00,0.00,0.00,0.00,1.0,-1,-1,-1
257,16,0.00,0.00,0.00,0.00,1.0,-1,-1,-1
257,17,1050.00,483.00,88.00,247.00,1.0,-1,-1,-1
257,18,0.00,0.00,0.00,0.00,1.0,-1,-1,-1
257,19,1006.00,483.00,58.00,233.00,1.0,-1,-1,-1
257,20,1296.00,545.00,141.00,308.00,1.0,-1,-1,-1
257,21,0.00,0.00,0.00,0.00,1.0,-1,-1,-1
257,22,1385.00,667.00,134.00,369.00,1.0,-1,-1,-1
257,23,0.00,0.00,0.00,0.00,1.0,-1,-1,-1
257,24,0.00,0.00,0.00,0.00,1.0,-1,-1,-1
257,25,0.00,0.00,0.00,0.00,1.0,-1,-1,-1
257,26,688.00,425.00,86.00,219.00,1.0,-1,-1,-1
257,27,0.00,0.00,0.00,0.00,1.0,-1,-1,-1
257,28,0.00,0.00,0.00,0.00,1.0,-1,-1,-1
257,29,0.00,0.00,0.00,0.00,1.0,-1,-1,-1
257,30,1640.00,485.00,91.00,267.00,1.0,-1,-1,-1
257,31,777.00,606.00,67.00,191.00,1.0,-1,-1,-1
257,32,595.00,417.00,65.00,216.00,1.0,-1,-1,-1
257,33,877.00,476.00,78.00,232.00,1.0,-1,-1,-1
257,34,1520.00,578.00,82.00,143.00,1.0,-1,-1,-1
257,35,923.00,515.00,85.00,251.00,1.0,-1,-1,-1
257,36,1793.00,398.00,94.00,252.00,1.0,-1,-1,-1
258,0,1511.00,650.00,121.00,290.00,1.0,-1,-1,-1
258,1,410.00,1022.00,57.00,58.00,1.0,-1,-1,-1
258,2,700.00,1030.00,51.00,50.00,1.0,-1,-1,-1
258,3,0.00,0.00,0.00,0.00,1.0,-1,-1,-1
258,4,0.00,0.00,0.00,0.00,1.0,-1,-1,-1
258,5,0.00,0.00,0.00,0.00,1.0,-1,-1,-1
258,6,0.00,0.00,0.00,0.00,1.0,-1,-1,-1
258,7,0.00,0.00,0.00,0.00,1.0,-1,-1,-1
258,8,0.00,0.00,0.00,0.00,1.0,-1,-1,-1
258,9,745.00,1022.00,185.00,58.00,1.0,-1,-1,-1
258,10,1051.00,472.00,32.00,54.00,1.0,-1,-1,-1
258,11,0.00,0.00,0.00,0.00,1.0,-1,-1,-1
258,12,873.00,1022.00,57.00,58.00,1.0,-1,-1,-1
258,13,0.00,0.00,0.00,0.00,1.0,-1,-1,-1
258,14,0.00,0.00,0.00,0.00,1.0,-1,-1,-1
258,15,0.00,0.00,0.00,0.00,1.0,-1,-1,-1
258,16,0.00,0.00,0.00,0.00,1.0,-1,-1,-1
258,17,1050.00,486.00,104.00,245.00,1.0,-1,-1,-1
258,18,0.00,0.00,0.00,0.00,1.0,-1,-1,-1
258,19,1005.00,483.00,60.00,231.00,1.0,-1,-1,-1
258,20,1302.00,545.00,142.00,308.00,1.0,-1,-1,-1
258,21,0.00,0.00,0.00,0.00,1.0,-1,-1,-1
258,22,1387.00,668.00,132.00,368.00,1.0,-1,-1,-1
258,23,0.00,0.00,0.00,0.00,1.0,-1,-1,-1
258,24,0.00,0.00,0.00,0.00,1.0,-1,-1,-1
258,25,0.00,0.00,0.00,0.00,1.0,-1,-1,-1
258,26,688.00,424.00,86.00,216.00,1.0,-1,-1,-1
258,27,0.00,0.00,0.00,0.00,1.0,-1,-1,-1
258,28,0.00,0.00,0.00,0.00,1.0,-1,-1,-1
258,29,0.00,0.00,0.00,0.00,1.0,-1,-1,-1
258,30,1642.00,528.00,90.00,226.00,1.0,-1,-1,-1
258,31,776.00,606.00,69.00,192.00,1.0,-1,-1,-1
258,32,594.00,417.00,64.00,215.00,1.0,-1,-1,-1
258,33,880.00,477.00,78.00,231.00,1.0,-1,-1,-1
258,34,1531.00,577.00,79.00,140.00,1.0,-1,-1,-1
258,35,922.00,516.00,86.00,251.00,1.0,-1,-1,-1
258,36,1796.00,401.00,93.00,242.00,1.0,-1,-1,-1
259,0,1510.00,650.00,122.00,291.00,1.0,-1,-1,-1
259,1,406.00,1029.00,57.00,51.00,1.0,-1,-1,-1
259,2,699.00,1036.00,50.00,44.00,1.0,-1,-1,-1
259,3,730.00,1028.00,198.00,52.00,1.0,-1,-1,-1
259,4,0.00,0.00,0.00,0.00,1.0,-1,-1,-1
259,5,0.00,0.00,0.00,0.00,1.0,-1,-1,-1
259,6,0.00,0.00,0.00,0.00,1.0,-1,-1,-1
259,7,0.00,0.00,0.00,0.00,1.0,-1,-1,-1
259,8,0.00,0.00,0.00,0.00,1.0,-1,-1,-1
259,9,745.00,1028.00,183.00,52.00,1.0,-1,-1,-1
259,10,1051.00,473.00,36.00,59.00,1.0,-1,-1,-1
259,11,0.00,0.00,0.00,0.00,1.0,-1,-1,-1
259,12,871.00,1028.00,57.00,52.00,1.0,-1,-1,-1
259,13,0.00,0.00,0.00,0.00,1.0,-1,-1,-1
259,14,0.00,0.00,0.00,0.00,1.0,-1,-1,-1
259,15,0.00,0.00,0.00,0.00,1.0,-1,-1,-1
259,16,0.00,0.00,0.00,0.00,1.0,-1,-1,-1
259,17,1052.00,488.00,111.00,247.00,1.0,-1,-1,-1
259,18,0.00,0.00,0.00,0.00,1.0,-1,-1,-1
259,19,1005.00,482.00,62.00,234.00,1.0,-1,-1,-1
259,20,1309.00,545.00,139.00,307.00,1.0,-1,-1,-1
259,21,0.00,0.00,0.00,0.00,1.0,-1,-1,-1
259,22,1390.00,668.00,130.00,368.00,1.0,-1,-1,-1
259,23,0.00,0.00,0.00,0.00,1.0,-1,-1,-1
259,24,0.00,0.00,0.00,0.00,1.0,-1,-1,-1
259,25,0.00,0.00,0.00,0.00,1.0,-1,-1,-1
259,26,687.00,423.00,86.00,217.00,1.0,-1,-1,-1
259,27,0.00,0.00,0.00,0.00,1.0,-1,-1,-1
259,28,0.00,0.00,0.00,0.00,1.0,-1,-1,-1
259,29,0.00,0.00,0.00,0.00,1.0,-1,-1,-1
259,30,1645.00,487.00,94.00,269.00,1.0,-1,-1,-1
259,31,774.00,607.00,71.00,191.00,1.0,-1,-1,-1
259,32,591.00,420.00,66.00,213.00,1.0,-1,-1,-1
259,33,883.00,477.00,82.00,232.00,1.0,-1,-1,-1
259,34,1541.00,576.00,75.00,136.00,1.0,-1,-1,-1
259,35,918.00,519.00,89.00,249.00,1.0,-1,-1,-1
259,36,1798.00,404.00,97.00,234.00,1.0,-1,-1,-1
259,37,1471.00,291.00,42.00,166.00,1.0,-1,-1,-1
260,0,1508.00,639.00,124.00,302.00,1.0,-1,-1,-1
260,1,404.00,1034.00,56.00,46.00,1.0,-1,-1,-1
260,2,697.00,1040.00,50.00,40.00,1.0,-1,-1,-1
260,3,870.00,1031.00,53.00,49.00,1.0,-1,-1,-1
260,4,0.00,0.00,0.00,0.00,1.0,-1,-1,-1
260,5,0.00,0.00,0.00,0.00,1.0,-1,-1,-1
260,6,0.00,0.00,0.00,0.00,1.0,-1,-1,-1
260,7,0.00,0.00,0.00,0.00,1.0,-1,-1,-1
260,8,0.00,0.00,0.00,0.00,1.0,-1,-1,-1
260,9,701.00,1030.00,223.00,50.00,1.0,-1,-1,-1
260,10,1051.00,473.00,41.00,66.00,1.0,-1,-1,-1
260,11,0.00,0.00,0.00,0.00,1.0,-1,-1,-1
260,12,869.00,1030.00,54.00,50.00,1.0,-1,-1,-1
260,13,0.00,0.00,0.00,0.00,1.0,-1,-1,-1
260,14,0.00,0.00,0.00,0.00,1.0,-1,-1,-1
260,15,0.00,0.00,0.00,0.00,1.0,-1,-1,-1
260,16,0.00,0.00,0.00,0.00,1.0,-1,-1,-1
260,17,1052.00,490.00,115.00,245.00,1.0,-1,-1,-1
260,18,0.00,0.00,0.00,0.00,1.0,-1,-1,-1
260,19,1006.00,482.00,67.00,231.00,1.0,-1,-1,-1
260,20,1316.00,546.00,139.00,302.00,1.0,-1,-1,-1
260,21,0.00,0.00,0.00,0.00,1.0,-1,-1,-1
260,22,1394.00,670.00,123.00,366.00,1.0,-1,-1,-1
260,23,0.00,0.00,0.00,0.00,1.0,-1,-1,-1
260,24,0.00,0.00,0.00,0.00,1.0,-1,-1,-1
260,25,0.00,0.00,0.00,0.00,1.0,-1,-1,-1
260,26,690.00,422.00,86.00,217.00,1.0,-1,-1,-1
260,27,0.00,0.00,0.00,0.00,1.0,-1,-1,-1
260,28,0.00,0.00,0.00,0.00,1.0,-1,-1,-1
260,29,0.00,0.00,0.00,0.00,1.0,-1,-1,-1
260,30,1662.00,488.00,81.00,268.00,1.0,-1,-1,-1
260,31,774.00,606.00,70.00,192.00,1.0,-1,-1,-1
260,32,587.00,421.00,69.00,212.00,1.0,-1,-1,-1
260,33,886.00,477.00,82.00,234.00,1.0,-1,-1,-1
260,34,1580.00,575.00,38.00,149.00,1.0,-1,-1,-1
260,35,918.00,520.00,90.00,249.00,1.0,-1,-1,-1
260,36,1803.00,407.00,96.00,236.00,1.0,-1,-1,-1
260,37,1472.00,291.00,41.00,164.00,1.0,-1,-1,-1
261,0,1503.00,638.00,120.00,304.00,1.0,-1,-1,-1
261,1,401.00,1041.00,331.00,39.00,1.0,-1,-1,-1
261,2,697.00,1042.00,51.00,38.00,1.0,-1,-1,-1
261,3,701.00,1037.00,219.00,43.00,1.0,-1,-1,-1
261,4,0.00,0.00,0.00,0.00,1.0,-1,-1,-1
261,5,0.00,0.00,0.00,0.00,1.0,-1,-1,-1
261,6,0.00,0.00,0.00,0.00,1.0,-1,-1,-1
261,7,0.00,0.00,0.00,0.00,1.0,-1,-1,-1
261,8,0.00,0.00,0.00,0.00,1.0,-1,-1,-1
261,9,700.00,1038.00,221.00,42.00,1.0,-1,-1,-1
261,10,1051.00,472.00,41.00,66.00,1.0,-1,-1,-1
261,11,0.00,0.00,0.00,0.00,1.0,-1,-1,-1
261,12,867.00,1037.00,53.00,43.00,1.0,-1,-1,-1
261,13,0.00,0.00,0.00,0.00,1.0,-1,-1,-1
261,14,0.00,0.00,0.00,0.00,1.0,-1,-1,-1
261,15,0.00,0.00,0.00,0.00,1.0,-1,-1,-1
261,16,0.00,0.00,0.00,0.00,1.0,-1,-1,-1
261,17,1060.00,492.00,110.00,245.00,1.0,-1,-1,-1
261,18,0.00,0.00,0.00,0.00,1.0,-1,-1,-1
261,19,1006.00,483.00,72.00,233.00,1.0,-1,-1,-1
261,20,1321.00,545.00,143.00,304.00,1.0,-1,-1,-1
261,21,0.00,0.00,0.00,0.00,1.0,-1,-1,-1
261,22,1398.00,667.00,129.00,371.00,1.0,-1,-1,-1
261,23,0.00,0.00,0.00,0.00,1.0,-1,-1,-1
261,24,0.00,0.00,0.00,0.00,1.0,-1,-1,-1
261,25,0.00,0.00,0.00,0.00,1.0,-1,-1,-1
261,26,692.00,420.00,86.00,220.00,1.0,-1,-1,-1
261,27,0.00,0.00,0.00,0.00,1.0,-1,-1,-1
261,28,0.00,0.00,0.00,0.00,1.0,-1,-1,-1
261,29,0.00,0.00,0.00,0.00,1.0,-1,-1,-1
261,30,1667.00,488.00,80.00,269.00,1.0,-1,-1,-1
261,31,772.00,604.00,73.00,194.00,1.0,-1,-1,-1
261,32,579.00,422.00,75.00,212.00,1.0,-1,-1,-1
261,33,890.00,478.00,78.00,234.00,1.0,-1,-1,-1
261,34,1584.00,572.00,43.00,185.00,1.0,-1,-1,-1
261,35,911.00,521.00,97.00,248.00,1.0,-1,-1,-1
261,36,1807.00,410.00,101.00,233.00,1.0,-1,-1,-1
261,37,1473.00,291.00,41.00,163.00,1.0,-1,-1,-1
262,0,1505.00,646.00,115.00,297.00,1.0,-1,-1,-1
262,1,396.00,1045.00,53.00,35.00,1.0,-1,-1,-1
262,2,696.00,1044.00,50.00,36.00,1.0,-1,-1,-1
262,3,865.00,1039.00,48.00,41.00,1.0,-1,-1,-1
262,4,0.00,0.00,0.00,0.00,1.0,-1,-1,-1
262,5,0.00,0.00,0.00,0.00,1.0,-1,-1,-1
262,6,0.00,0.00,0.00,0.00,1.0,-1,-1,-1
262,7,0.00,0.00,0.00,0.00,1.0,-1,-1,-1
262,8,0.00,0.00,0.00,0.00,1.0,-1,-1,-1
262,9,700.00,1040.00,213.00,40.00,1.0,-1,-1,-1
262,10,1044.00,473.00,48.00,65.00,1.0,-1,-1,-1
262,11,0.00,0.00,0.00,0.00,1.0,-1,-1,-1
262,12,865.00,1039.00,48.00,41.00,1.0,-1,-1,-1
262,13,0.00,0.00,0.00,0.00,1.0,-1,-1,-1
262,14,0.00,0.00,0.00,0.00,1.0,-1,-1,-1
262,15,0.00,0.00,0.00,0.00,1.0,-1,-1,-1
262,16,0.00,0.00,0.00,0.00,1.0,-1,-1,-1
262,17,1102.00,493.00,69.00,248.00,1.0,-1,-1,-1
262,18,0.00,0.00,0.00,0.00,1.0,-1,-1,-1
262,19,1006.00,484.00,74.00,247.00,1.0,-1,-1,-1
262,20,1321.00,546.00,149.00,303.00,1.0,-1,-1,-1
262,21,0.00,0.00,0.00,0.00,1.0,-1,-1,-1
262,22,1402.00,670.00,126.00,368.00,1.0,-1,-1,-1
262,23,0.00,0.00,0.00,0.00,1.0,-1,-1,-1
262,24,0.00,0.00,0.00,0.00,1.0,-1,-1,-1
262,25,0.00,0.00,0.00,0.00,1.0,-1,-1,-1
262,26,691.00,420.00,87.00,219.00,1.0,-1,-1,-1
262,27,0.00,0.00,0.00,0.00,1.0,-1,-1,-1
262,28,0.00,0.00,0.00,0.00,1.0,-1,-1,-1
262,29,0.00,0.00,0.00,0.00,1.0,-1,-1,-1
262,30,1673.00,487.00,76.00,269.00,1.0,-1,-1,-1
262,31,771.00,607.00,73.00,193.00,1.0,-1,-1,-1
262,32,571.00,423.00,77.00,212.00,1.0,-1,-1,-1
262,33,891.00,478.00,83.00,238.00,1.0,-1,-1,-1
262,34,1585.00,574.00,49.00,186.00,1.0,-1,-1,-1
262,35,910.00,522.00,98.00,247.00,1.0,-1,-1,-1
262,36,1809.00,411.00,100.00,233.00,1.0,-1,-1,-1
262,37,1472.00,292.00,42.00,162.00,1.0,-1,-1,-1
263,0,1509.00,648.00,109.00,293.00,1.0,-1,-1,-1
263,1,394.00,1047.00,338.00,33.00,1.0,-1,-1,-1
263,2,697.00,1044.00,50.00,36.00,1.0,-1,-1,-1
263,3,863.00,1040.00,48.00,40.00,1.0,-1,-1,-1
263,4,0.00,0.00,0.00,0.00,1.0,-1,-1,-1
263,5,0.00,0.00,0.00,0.00,1.0,-1,-1,-1
263,6,0.00,0.00,0.00,0.00,1.0,-1,-1,-1
263,7,0.00,0.00,0.00,0.00,1.0,-1,-1,-1
263,8,0.00,0.00,0.00,0.00,1.0,-1,-1,-1
263,9,701.00,1040.00,209.00,40.00,1.0,-1,-1,-1
263,10,1043.00,473.00,49.00,66.00,1.0,-1,-1,-1
263,11,0.00,0.00,0.00,0.00,1.0,-1,-1,-1
263,12,863.00,1040.00,48.00,40.00,1.0,-1,-1,-1
263,13,0.00,0.00,0.00,0.00,1.0,-1,-1,-1
263,14,0.00,0.00,0.00,0.00,1.0,-1,-1,-1
263,15,0.00,0.00,0.00,0.00,1.0,-1,-1,-1
263,16,0.00,0.00,0.00,0.00,1.0,-1,-1,-1
263,17,1108.00,493.00,65.00,249.00,1.0,-1,-1,-1
263,18,0.00,0.00,0.00,0.00,1.0,-1,-1,-1
263,19,1006.00,484.00,75.00,248.00,1.0,-1,-1,-1
263,20,1323.00,545.00,155.00,304.00,1.0,-1,-1,-1
263,21,0.00,0.00,0.00,0.00,1.0,-1,-1,-1
263,22,1404.00,673.00,125.00,365.00,1.0,-1,-1,-1
263,23,0.00,0.00,0.00,0.00,1.0,-1,-1,-1
263,24,0.00,0.00,0.00,0.00,1.0,-1,-1,-1
263,25,0.00,0.00,0.00,0.00,1.0,-1,-1,-1
263,26,693.00,421.00,86.00,218.00,1.0,-1,-1,-1
263,27,0.00,0.00,0.00,0.00,1.0,-1,-1,-1
263,28,0.00,0.00,0.00,0.00,1.0,-1,-1,-1
263,29,0.00,0.00,0.00,0.00,1.0,-1,-1,-1
263,30,1680.00,487.00,76.00,266.00,1.0,-1,-1,-1
263,31,772.00,607.00,72.00,194.00,1.0,-1,-1,-1
263,32,570.00,423.00,73.00,212.00,1.0,-1,-1,-1
263,33,895.00,478.00,89.00,92.00,1.0,-1,-1,-1
263,34,1587.00,573.00,52.00,191.00,1.0,-1,-1,-1
263,35,910.00,522.00,100.00,248.00,1.0,-1,-1,-1
263,36,1812.00,411.00,97.00,235.00,1.0,-1,-1,-1
263,37,1474.00,292.00,40.00,159.00,1.0,-1,-1,-1
264,0,1512.00,648.00,107.00,292.00,1.0,-1,-1,-1
264,1,390.00,1048.00,342.00,32.00,1.0,-1,-1,-1
264,2,697.00,1043.00,53.00,37.00,1.0,-1,-1,-1
264,3,862.00,1040.00,49.00,40.00,1.0,-1,-1,-1
264,4,0.00,0.00,0.00,0.00,1.0,-1,-1,-1
264,5,0.00,0.00,0.00,0.00,1.0,-1,-1,-1
264,6,0.00,0.00,0.00,0.00,1.0,-1,-1,-1
264,7,0.00,0.00,0.00,0.00,1.0,-1,-1,-1
264,8,0.00,0.00,0.00,0.00,1.0,-1,-1,-1
264,9,863.00,1040.00,47.00,40.00,1.0,-1,-1,-1
264,10,1046.00,473.00,48.00,66.00,1.0,-1,-1,-1
264,11,0.00,0.00,0.00,0.00,1.0,-1,-1,-1
264,12,862.00,1040.00,49.00,40.00,1.0,-1,-1,-1
264,13,0.00,0.00,0.00,0.00,1.0,-1,-1,-1
264,14,0.00,0.00,0.00,0.00,1.0,-1,-1,-1
264,15,0.00,0.00,0.00,0.00,1.0,-1,-1,-1
264,16,0.00,0.00,0.00,0.00,1.0,-1,-1,-1
264,17,1113.00,490.00,61.00,251.00,1.0,-1,-1,-1
264,18,0.00,0.00,0.00,0.00,1.0,-1,-1,-1
264,19,1006.00,484.00,75.00,223.00,1.0,-1,-1,-1
264,20,1328.00,543.00,156.00,305.00,1.0,-1,-1,-1
264,21,0.00,0.00,0.00,0.00,1.0,-1,-1,-1
264,22,1406.00,675.00,124.00,362.00,1.0,-1,-1,-1
264,23,0.00,0.00,0.00,0.00,1.0,-1,-1,-1
264,24,0.00,0.00,0.00,0.00,1.0,-1,-1,-1
264,25,0.00,0.00,0.00,0.00,1.0,-1,-1,-1
264,26,695.00,419.00,86.00,221.00,1.0,-1,-1,-1
264,27,0.00,0.00,0.00,0.00,1.0,-1,-1,-1
264,28,0.00,0.00,0.00,0.00,1.0,-1,-1,-1
264,29,0.00,0.00,0.00,0.00,1.0,-1,-1,-1
264,30,1689.00,485.00,77.00,268.00,1.0,-1,-1,-1
264,31,773.00,607.00,71.00,196.00,1.0,-1,-1,-1
264,32,565.00,422.00,73.00,211.00,1.0,-1,-1,-1
264,33,898.00,477.00,95.00,94.00,1.0,-1,-1,-1
264,34,1585.00,575.00,59.00,183.00,1.0,-1,-1,-1
264,35,911.00,523.00,101.00,246.00,1.0,-1,-1,-1
264,36,1816.00,408.00,94.00,240.00,1.0,-1,-1,-1
264,37,1474.00,291.00,42.00,160.00,1.0,-1,-1,-1
265,0,1508.00,649.00,109.00,291.00,1.0,-1,-1,-1
265,1,384.00,1049.00,51.00,31.00,1.0,-1,-1,-1
265,2,699.00,1045.00,50.00,35.00,1.0,-1,-1,-1
265,3,860.00,1042.00,49.00,38.00,1.0,-1,-1,-1
265,4,0.00,0.00,0.00,0.00,1.0,-1,-1,-1
265,5,0.00,0.00,0.00,0.00,1.0,-1,-1,-1
265,6,0.00,0.00,0.00,0.00,1.0,-1,-1,-1
265,7,0.00,0.00,0.00,0.00,1.0,-1,-1,-1
265,8,0.00,0.00,0.00,0.00,1.0,-1,-1,-1
265,9,701.00,1042.00,207.00,38.00,1.0,-1,-1,-1
265,10,1048.00,473.00,45.00,63.00,1.0,-1,-1,-1
265,11,0.00,0.00,0.00,0.00,1.0,-1,-1,-1
265,12,861.00,1041.00,49.00,39.00,1.0,-1,-1,-1
265,13,0.00,0.00,0.00,0.00,1.0,-1,-1,-1
265,14,0.00,0.00,0.00,0.00,1.0,-1,-1,-1
265,15,0.00,0.00,0.00,0.00,1.0,-1,-1,-1
265,16,0.00,0.00,0.00,0.00,1.0,-1,-1,-1
265,17,1113.00,490.00,61.00,251.00,1.0,-1,-1,-1
265,18,0.00,0.00,0.00,0.00,1.0,-1,-1,-1
265,19,1004.00,483.00,77.00,223.00,1.0,-1,-1,-1
265,20,1332.00,543.00,186.00,304.00,1.0,-1,-1,-1
265,21,0.00,0.00,0.00,0.00,1.0,-1,-1,-1
265,22,1406.00,678.00,114.00,359.00,1.0,-1,-1,-1
265,23,0.00,0.00,0.00,0.00,1.0,-1,-1,-1
265,24,0.00,0.00,0.00,0.00,1.0,-1,-1,-1
265,25,0.00,0.00,0.00,0.00,1.0,-1,-1,-1
265,26,697.00,421.00,85.00,218.00,1.0,-1,-1,-1
265,27,0.00,0.00,0.00,0.00,1.0,-1,-1,-1
265,28,0.00,0.00,0.00,0.00,1.0,-1,-1,-1
265,29,0.00,0.00,0.00,0.00,1.0,-1,-1,-1
265,30,1694.00,487.00,74.00,266.00,1.0,-1,-1,-1
265,31,771.00,609.00,72.00,192.00,1.0,-1,-1,-1
265,32,565.00,422.00,70.00,213.00,1.0,-1,-1,-1
265,33,902.00,478.00,93.00,95.00,1.0,-1,-1,-1
265,34,1585.00,575.00,62.00,195.00,1.0,-1,-1,-1
265,35,910.00,523.00,101.00,246.00,1.0,-1,-1,-1
265,36,1818.00,406.00,92.00,243.00,1.0,-1,-1,-1
265,37,1473.00,290.00,43.00,163.00,1.0,-1,-1,-1
266,0,1510.00,649.00,109.00,291.00,1.0,-1,-1,-1
266,1,380.00,1050.00,52.00,30.00,1.0,-1,-1,-1
266,2,700.00,1046.00,53.00,34.00,1.0,-1,-1,-1
266,3,862.00,1044.00,47.00,36.00,1.0,-1,-1,-1
266,4,0.00,0.00,0.00,0.00,1.0,-1,-1,-1
266,5,0.00,0.00,0.00,0.00,1.0,-1,-1,-1
266,6,0.00,0.00,0.00,0.00,1.0,-1,-1,-1
266,7,0.00,0.00,0.00,0.00,1.0,-1,-1,-1
266,8,0.00,0.00,0.00,0.00,1.0,-1,-1,-1
266,9,745.00,1043.00,164.00,37.00,1.0,-1,-1,-1
266,10,1046.00,473.00,53.00,60.00,1.0,-1,-1,-1
266,11,0.00,0.00,0.00,0.00,1.0,-1,-1,-1
266,12,863.00,1043.00,46.00,37.00,1.0,-1,-1,-1
266,13,0.00,0.00,0.00,0.00,1.0,-1,-1,-1
266,14,0.00,0.00,0.00,0.00,1.0,-1,-1,-1
266,15,0.00,0.00,0.00,0.00,1.0,-1,-1,-1
266,16,0.00,0.00,0.00,0.00,1.0,-1,-1,-1
266,17,1111.00,489.00,68.00,252.00,1.0,-1,-1,-1
266,18,0.00,0.00,0.00,0.00,1.0,-1,-1,-1
266,19,1005.00,483.00,79.00,221.00,1.0,-1,-1,-1
266,20,1342.00,544.00,188.00,303.00,1.0,-1,-1,-1
266,21,0.00,0.00,0.00,0.00,1.0,-1,-1,-1
266,22,1408.00,681.00,119.00,365.00,1.0,-1,-1,-1
266,23,0.00,0.00,0.00,0.00,1.0,-1,-1,-1
266,24,0.00,0.00,0.00,0.00,1.0,-1,-1,-1
266,25,0.00,0.00,0.00,0.00,1.0,-1,-1,-1
266,26,703.00,421.00,86.00,219.00,1.0,-1,-1,-1
266,27,0.00,0.00,0.00,0.00,1.0,-1,-1,-1
266,28,0.00,0.00,0.00,0.00,1.0,-1,-1,-1
266,29,0.00,0.00,0.00,0.00,1.0,-1,-1,-1
266,30,1700.00,486.00,77.00,268.00,1.0,-1,-1,-1
266,31,772.00,612.00,72.00,188.00,1.0,-1,-1,-1
266,32,565.00,422.00,69.00,216.00,1.0,-1,-1,-1
266,33,906.00,479.00,93.00,93.00,1.0,-1,-1,-1
266,34,1592.00,583.00,62.00,186.00,1.0,-1,-1,-1
266,35,910.00,522.00,102.00,247.00,1.0,-1,-1,-1
266,36,1822.00,406.00,88.00,244.00,1.0,-1,-1,-1
266,37,1475.00,290.00,42.00,164.00,1.0,-1,-1,-1
267,0,1511.00,651.00,109.00,290.00,1.0,-1,-1,-1
267,1,379.00,1053.00,51.00,27.00,1.0,-1,-1,-1
267,2,702.00,1050.00,52.00,30.00,1.0,-1,-1,-1
267,3,865.00,1047.00,45.00,33.00,1.0,-1,-1,-1
267,4,0.00,0.00,0.00,0.00,1.0,-1,-1,-1
267,5,0.00,0.00,0.00,0.00,1.0,-1,-1,-1
267,6,0.00,0.00,0.00,0.00,1.0,-1,-1,-1
267,7,0.00,0.00,0.00,0.00,1.0,-1,-1,-1
267,8,0.00,0.00,0.00,0.00,1.0,-1,-1,-1
267,9,864.00,1046.00,46.00,34.00,1.0,-1,-1,-1
267,10,1050.00,474.00,50.00,63.00,1.0,-1,-1,-1
267,11,0.00,0.00,0.00,0.00,1.0,-1,-1,-1
267,12,864.00,1046.00,46.00,34.00,1.0,-1,-1,-1
267,13,0.00,0.00,0.00,0.00,1.0,-1,-1,-1
267,14,0.00,0.00,0.00,0.00,1.0,-1,-1,-1
267,15,0.00,0.00,0.00,0.00,1.0,-1,-1,-1
267,16,0.00,0.00,0.00,0.00,1.0,-1,-1,-1
267,17,1113.00,491.00,78.00,251.00,1.0,-1,-1,-1
267,18,0.00,0.00,0.00,0.00,1.0,-1,-1,-1
267,19,1007.00,485.00,73.00,216.00,1.0,-1,-1,-1
267,20,1352.00,546.00,185.00,302.00,1.0,-1,-1,-1
267,21,0.00,0.00,0.00,0.00,1.0,-1,-1,-1
267,22,1410.00,686.00,121.00,365.00,1.0,-1,-1,-1
267,23,0.00,0.00,0.00,0.00,1.0,-1,-1,-1
267,24,0.00,0.00,0.00,0.00,1.0,-1,-1,-1
267,25,0.00,0.00,0.00,0.00,1.0,-1,-1,-1
267,26,706.00,424.00,87.00,217.00,1.0,-1,-1,-1
267,27,0.00,0.00,0.00,0.00,1.0,-1,-1,-1
267,28,0.00,0.00,0.00,0.00,1.0,-1,-1,-1
267,29,0.00,0.00,0.00,0.00,1.0,-1,-1,-1
267,30,1710.00,488.00,79.00,271.00,1.0,-1,-1,-1
267,31,773.00,614.00,72.00,188.00,1.0,-1,-1,-1
267,32,565.00,425.00,71.00,211.00,1.0,-1,-1,-1
267,33,910.00,482.00,94.00,93.00,1.0,-1,-1,-1
267,34,1602.00,582.00,60.00,191.00,1.0,-1,-1,-1
267,35,910.00,524.00,101.00,249.00,1.0,-1,-1,-1
267,36,1826.00,407.00,85.00,243.00,1.0,-1,-1,-1
267,37,1477.00,292.00,42.00,164.00,1.0,-1,-1,-1
268,0,1513.00,649.00,107.00,291.00,1.0,-1,-1,-1
268,1,376.00,1055.00,51.00,25.00,1.0,-1,-1,-1
268,2,705.00,1053.00,51.00,27.00,1.0,-1,-1,-1
268,3,865.00,1051.00,46.00,29.00,1.0,-1,-1,-1
268,4,0.00,0.00,0.00,0.00,1.0,-1,-1,-1
268,5,0.00,0.00,0.00,0.00,1.0,-1,-1,-1
268,6,0.00,0.00,0.00,0.00,1.0,-1,-1,-1
268,7,0.00,0.00,0.00,0.00,1.0,-1,-1,-1
268,8,0.00,0.00,0.00,0.00,1.0,-1,-1,-1
268,9,731.00,1051.00,180.00,29.00,1.0,-1,-1,-1
268,10,1055.00,473.00,46.00,66.00,1.0,-1,-1,-1
268,11,0.00,0.00,0.00,0.00,1.0,-1,-1,-1
268,12,865.00,1050.00,46.00,30.00,1.0,-1,-1,-1
268,13,0.00,0.00,0.00,0.00,1.0,-1,-1,-1
268,14,0.00,0.00,0.00,0.00,1.0,-1,-1,-1
268,15,0.00,0.00,0.00,0.00,1.0,-1,-1,-1
268,16,0.00,0.00,0.00,0.00,1.0,-1,-1,-1
268,17,1114.00,493.00,84.00,250.00,1.0,-1,-1,-1
268,18,0.00,0.00,0.00,0.00,1.0,-1,-1,-1
268,19,1010.00,487.00,74.00,219.00,1.0,-1,-1,-1
268,20,1363.00,548.00,172.00,304.00,1.0,-1,-1,-1
268,21,0.00,0.00,0.00,0.00,1.0,-1,-1,-1
268,22,1412.00,690.00,124.00,375.00,1.0,-1,-1,-1
268,23,0.00,0.00,0.00,0.00,1.0,-1,-1,-1
268,24,0.00,0.00,0.00,0.00,1.0,-1,-1,-1
268,25,0.00,0.00,0.00,0.00,1.0,-1,-1,-1
268,26,707.00,424.00,90.00,218.00,1.0,-1,-1,-1
268,27,0.00,0.00,0.00,0.00,1.0,-1,-1,-1
268,28,0.00,0.00,0.00,0.00,1.0,-1,-1,-1
268,29,0.00,0.00,0.00,0.00,1.0,-1,-1,-1
268,30,1716.00,487.00,92.00,272.00,1.0,-1,-1,-1
268,31,774.00,616.00,71.00,195.00,1.0,-1,-1,-1
268,32,563.00,424.00,74.00,213.00,1.0,-1,-1,-1
268,33,914.00,482.00,96.00,109.00,1.0,-1,-1,-1
268,34,1609.00,582.00,56.00,195.00,1.0,-1,-1,-1
268,35,910.00,524.00,103.00,253.00,1.0,-1,-1,-1
268,36,1830.00,406.00,82.00,243.00,1.0,-1,-1,-1
268,37,1478.00,292.00,42.00,164.00,1.0,-1,-1,-1
269,0,1517.00,650.00,114.00,290.00,1.0,-1,-1,-1
269,1,372.00,1059.00,54.00,21.00,1.0,-1,-1,-1
269,2,706.00,1059.00,50.00,21.00,1.0,-1,-1,-1
269,3,865.00,1054.00,46.00,26.00,1.0,-1,-1,-1
269,4,0.00,0.00,0.00,0.00,1.0,-1,-1,-1
269,5,0.00,0.00,0.00,0.00,1.0,-1,-1,-1
269,6,0.00,0.00,0.00,0.00,1.0,-1,-1,-1
269,7,0.00,0.00,0.00,0.00,1.0,-1,-1,-1
269,8,0.00,0.00,0.00,0.00,1.0,-1,-1,-1
269,9,865.00,1055.00,46.00,25.00,1.0,-1,-1,-1
269,10,1055.00,474.00,47.00,63.00,1.0,-1,-1,-1
269,11,0.00,0.00,0.00,0.00,1.0,-1,-1,-1
269,12,865.00,1054.00,46.00,26.00,1.0,-1,-1,-1
269,13,0.00,0.00,0.00,0.00,1.0,-1,-1,-1
269,14,0.00,0.00,0.00,0.00,1.0,-1,-1,-1
269,15,0.00,0.00,0.00,0.00,1.0,-1,-1,-1
269,16,0.00,0.00,0.00,0.00,1.0,-1,-1,-1
269,17,1116.00,495.00,87.00,251.00,1.0,-1,-1,-1
269,18,0.00,0.00,0.00,0.00,1.0,-1,-1,-1
269,19,1010.00,487.00,72.00,219.00,1.0,-1,-1,-1
269,20,1375.00,550.00,155.00,292.00,1.0,-1,-1,-1
269,21,0.00,0.00,0.00,0.00,1.0,-1,-1,-1
269,22,1412.00,693.00,127.00,380.00,1.0,-1,-1,-1
269,23,0.00,0.00,0.00,0.00,1.0,-1,-1,-1
269,24,0.00,0.00,0.00,0.00,1.0,-1,-1,-1
269,25,0.00,0.00,0.00,0.00,1.0,-1,-1,-1
269,26,710.00,424.00,88.00,218.00,1.0,-1,-1,-1
269,27,0.00,0.00,0.00,0.00,1.0,-1,-1,-1
269,28,0.00,0.00,0.00,0.00,1.0,-1,-1,-1
269,29,0.00,0.00,0.00,0.00,1.0,-1,-1,-1
269,30,1719.00,494.00,96.00,266.00,1.0,-1,-1,-1
269,31,774.00,620.00,71.00,194.00,1.0,-1,-1,-1
269,32,558.00,426.00,78.00,211.00,1.0,-1,-1,-1
269,33,918.00,486.00,100.00,122.00,1.0,-1,-1,-1
269,34,1607.00,582.00,63.00,197.00,1.0,-1,-1,-1
269,35,911.00,527.00,106.00,252.00,1.0,-1,-1,-1
269,36,1833.00,408.00,79.00,237.00,1.0,-1,-1,-1
269,37,1478.00,292.00,42.00,163.00,1.0,-1,-1,-1
270,0,1518.00,651.00,98.00,289.00,1.0,-1,-1,-1
270,1,371.00,1062.00,52.00,18.00,1.0,-1,-1,-1
270,2,708.00,1068.00,46.00,12.00,1.0,-1,-1,-1
270,3,866.00,1062.00,43.00,18.00,1.0,-1,-1,-1
270,4,0.00,0.00,0.00,0.00,1.0,-1,-1,-1
270,5,0.00,0.00,0.00,0.00,1.0,-1,-1,-1
270,6,0.00,0.00,0.00,0.00,1.0,-1,-1,-1
270,7,0.00,0.00,0.00,0.00,1.0,-1,-1,-1
270,8,0.00,0.00,0.00,0.00,1.0,-1,-1,-1
270,9,866.00,1063.00,43.00,17.00,1.0,-1,-1,-1
270,10,1056.00,475.00,48.00,65.00,1.0,-1,-1,-1
270,11,0.00,0.00,0.00,0.00,1.0,-1,-1,-1
270,12,866.00,1062.00,43.00,18.00,1.0,-1,-1,-1
270,13,0.00,0.00,0.00,0.00,1.0,-1,-1,-1
270,14,0.00,0.00,0.00,0.00,1.0,-1,-1,-1
270,15,0.00,0.00,0.00,0.00,1.0,-1,-1,-1
270,16,0.00,0.00,0.00,0.00,1.0,-1,-1,-1
270,17,1124.00,494.00,73.00,256.00,1.0,-1,-1,-1
270,18,0.00,0.00,0.00,0.00,1.0,-1,-1,-1
270,19,1010.00,486.00,66.00,220.00,1.0,-1,-1,-1
270,20,1389.00,553.00,125.00,224.00,1.0,-1,-1,-1
270,21,0.00,0.00,0.00,0.00,1.0,-1,-1,-1
270,22,1407.00,695.00,150.00,383.00,1.0,-1,-1,-1
270,23,0.00,0.00,0.00,0.00,1.0,-1,-1,-1
270,24,0.00,0.00,0.00,0.00,1.0,-1,-1,-1
270,25,0.00,0.00,0.00,0.00,1.0,-1,-1,-1
270,26,710.00,424.00,90.00,217.00,1.0,-1,-1,-1
270,27,0.00,0.00,0.00,0.00,1.0,-1,-1,-1
270,28,0.00,0.00,0.00,0.00,1.0,-1,-1,-1
270,29,0.00,0.00,0.00,0.00,1.0,-1,-1,-1
270,30,1726.00,499.00,95.00,264.00,1.0,-1,-1,-1
270,31,774.00,623.00,71.00,194.00,1.0,-1,-1,-1
270,32,549.00,426.00,88.00,210.00,1.0,-1,-1,-1
270,33,919.00,488.00,99.00,119.00,1.0,-1,-1,-1
270,34,1608.00,588.00,68.00,193.00,1.0,-1,-1,-1
270,35,912.00,529.00,102.00,254.00,1.0,-1,-1,-1
270,36,1837.00,410.00,83.00,222.00,1.0,-1,-1,-1
270,37,1478.00,293.00,43.00,163.00,1.0,-1,-1,-1
271,0,1518.00,651.00,93.00,288.00,1.0,-1,-1,-1
271,1,374.00,1066.00,44.00,14.00,1.0,-1,-1,-1
271,2,714.00,1073.00,34.00,7.00,1.0,-1,-1,-1
271,3,867.00,1069.00,39.00,11.00,1.0,-1,-1,-1
271,4,0.00,0.00,0.00,0.00,1.0,-1,-1,-1
271,5,0.00,0.00,0.00,0.00,1.0,-1,-1,-1
271,6,0.00,0.00,0.00,0.00,1.0,-1,-1,-1
271,7,0.00,0.00,0.00,0.00,1.0,-1,-1,-1
271,8,0.00,0.00,0.00,0.00,1.0,-1,-1,-1
271,9,867.00,1068.00,39.00,12.00,1.0,-1,-1,-1
271,10,1055.00,475.00,49.00,66.00,1.0,-1,-1,-1
271,11,0.00,0.00,0.00,0.00,1.0,-1,-1,-1
271,12,868.00,1069.00,38.00,11.00,1.0,-1,-1,-1
271,13,0.00,0.00,0.00,0.00,1.0,-1,-1,-1
271,14,0.00,0.00,0.00,0.00,1.0,-1,-1,-1
271,15,0.00,0.00,0.00,0.00,1.0,-1,-1,-1
271,16,0.00,0.00,0.00,0.00,1.0,-1,-1,-1
271,17,1127.00,495.00,82.00,255.00,1.0,-1,-1,-1
271,18,0.00,0.00,0.00,0.00,1.0,-1,-1,-1
271,19,1013.00,487.00,61.00,220.00,1.0,-1,-1,-1
271,20,1398.00,555.00,123.00,223.00,1.0,-1,-1,-1
271,21,0.00,0.00,0.00,0.00,1.0,-1,-1,-1
271,22,1412.00,695.00,138.00,385.00,1.0,-1,-1,-1
271,23,0.00,0.00,0.00,0.00,1.0,-1,-1,-1
271,24,0.00,0.00,0.00,0.00,1.0,-1,-1,-1
271,25,0.00,0.00,0.00,0.00,1.0,-1,-1,-1
271,26,715.00,424.00,88.00,216.00,1.0,-1,-1,-1
271,27,0.00,0.00,0.00,0.00,1.0,-1,-1,-1
271,28,0.00,0.00,0.00,0.00,1.0,-1,-1,-1
271,29,0.00,0.00,0.00,0.00,1.0,-1,-1,-1
271,30,1738.00,495.00,83.00,269.00,1.0,-1,-1,-1
271,31,774.00,624.00,72.00,193.00,1.0,-1,-1,-1
271,32,547.00,426.00,91.00,210.00,1.0,-1,-1,-1
271,33,925.00,488.00,96.00,186.00,1.0,-1,-1,-1
271,34,1626.00,592.00,57.00,189.00,1.0,-1,-1,-1
271,35,916.00,525.00,104.00,260.00,1.0,-1,-1,-1
271,36,1841.00,412.00,79.00,222.00,1.0,-1,-1,-1
271,37,1479.00,293.00,43.00,162.00,1.0,-1,-1,-1
272,0,1523.00,648.00,84.00,290.00,1.0,-1,-1,-1
272,1,375.00,1071.00,41.00,9.00,1.0,-1,-1,-1
272,2,0.00,0.00,0.00,0.00,1.0,-1,-1,-1
272,3,869.00,1075.00,29.00,5.00,1.0,-1,-1,-1
272,4,0.00,0.00,0.00,0.00,1.0,-1,-1,-1
272,5,0.00,0.00,0.00,0.00,1.0,-1,-1,-1
272,6,0.00,0.00,0.00,0.00,1.0,-1,-1,-1
272,7,0.00,0.00,0.00,0.00,1.0,-1,-1,-1
272,8,0.00,0.00,0.00,0.00,1.0,-1,-1,-1
272,9,869.00,1075.00,29.00,5.00,1.0,-1,-1,-1
272,10,1057.00,475.00,48.00,67.00,1.0,-1,-1,-1
272,11,0.00,0.00,0.00,0.00,1.0,-1,-1,-1
272,12,869.00,1075.00,28.00,5.00,1.0,-1,-1,-1
272,13,0.00,0.00,0.00,0.00,1.0,-1,-1,-1
272,14,0.00,0.00,0.00,0.00,1.0,-1,-1,-1
272,15,0.00,0.00,0.00,0.00,1.0,-1,-1,-1
272,16,0.00,0.00,0.00,0.00,1.0,-1,-1,-1
272,17,1123.00,495.00,109.00,255.00,1.0,-1,-1,-1
272,18,0.00,0.00,0.00,0.00,1.0,-1,-1,-1
272,19,1008.00,487.00,65.00,220.00,1.0,-1,-1,-1
272,20,1404.00,555.00,127.00,221.00,1.0,-1,-1,-1
272,21,0.00,0.00,0.00,0.00,1.0,-1,-1,-1
272,22,1415.00,694.00,156.00,386.00,1.0,-1,-1,-1
272,23,0.00,0.00,0.00,0.00,1.0,-1,-1,-1
272,24,0.00,0.00,0.00,0.00,1.0,-1,-1,-1
272,25,0.00,0.00,0.00,0.00,1.0,-1,-1,-1
272,26,720.00,422.00,86.00,215.00,1.0,-1,-1,-1
272,27,0.00,0.00,0.00,0.00,1.0,-1,-1,-1
272,28,0.00,0.00,0.00,0.00,1.0,-1,-1,-1
272,29,0.00,0.00,0.00,0.00,1.0,-1,-1,-1
272,30,1743.00,495.00,83.00,269.00,1.0,-1,-1,-1
272,31,775.00,624.00,72.00,194.00,1.0,-1,-1,-1
272,32,548.00,426.00,90.00,210.00,1.0,-1,-1,-1
272,33,931.00,488.00,91.00,246.00,1.0,-1,-1,-1
272,34,1632.00,584.00,63.00,198.00,1.0,-1,-1,-1
272,35,918.00,539.00,92.00,247.00,1.0,-1,-1,-1
272,36,1848.00,414.00,72.00,225.00,1.0,-1,-1,-1
272,37,1480.00,293.00,43.00,163.00,1.0,-1,-1,-1
273,0,1523.00,648.00,81.00,292.00,1.0,-1,-1,-1
273,1,0.00,0.00,0.00,0.00,1.0,-1,-1,-1
273,2,0.00,0.00,0.00,0.00,1.0,-1,-1,-1
273,3,0.00,0.00,0.00,0.00,1.0,-1,-1,-1
273,4,0.00,0.00,0.00,0.00,1.0,-1,-1,-1
273,5,0.00,0.00,0.00,0.00,1.0,-1,-1,-1
273,6,0.00,0.00,0.00,0.00,1.0,-1,-1,-1
273,7,0.00,0.00,0.00,0.00,1.0,-1,-1,-1
273,8,0.00,0.00,0.00,0.00,1.0,-1,-1,-1
273,9,0.00,0.00,0.00,0.00,1.0,-1,-1,-1
273,10,1056.00,475.00,51.00,67.00,1.0,-1,-1,-1
273,11,0.00,0.00,0.00,0.00,1.0,-1,-1,-1
273,12,0.00,0.00,0.00,0.00,1.0,-1,-1,-1
273,13,0.00,0.00,0.00,0.00,1.0,-1,-1,-1
273,14,0.00,0.00,0.00,0.00,1.0,-1,-1,-1
273,15,0.00,0.00,0.00,0.00,1.0,-1,-1,-1
273,16,0.00,0.00,0.00,0.00,1.0,-1,-1,-1
273,17,1125.00,499.00,107.00,254.00,1.0,-1,-1,-1
273,18,0.00,0.00,0.00,0.00,1.0,-1,-1,-1
273,19,1011.00,488.00,59.00,218.00,1.0,-1,-1,-1
273,20,1411.00,556.00,126.00,291.00,1.0,-1,-1,-1
273,21,0.00,0.00,0.00,0.00,1.0,-1,-1,-1
273,22,1417.00,695.00,152.00,385.00,1.0,-1,-1,-1
273,23,0.00,0.00,0.00,0.00,1.0,-1,-1,-1
273,24,0.00,0.00,0.00,0.00,1.0,-1,-1,-1
273,25,0.00,0.00,0.00,0.00,1.0,-1,-1,-1
273,26,721.00,419.00,87.00,214.00,1.0,-1,-1,-1
273,27,0.00,0.00,0.00,0.00,1.0,-1,-1,-1
273,28,0.00,0.00,0.00,0.00,1.0,-1,-1,-1
273,29,0.00,0.00,0.00,0.00,1.0,-1,-1,-1
273,30,1748.00,495.00,77.00,268.00,1.0,-1,-1,-1
273,31,775.00,624.00,72.00,194.00,1.0,-1,-1,-1
273,32,546.00,429.00,93.00,210.00,1.0,-1,-1,-1
273,33,933.00,488.00,91.00,247.00,1.0,-1,-1,-1
273,34,1636.00,582.00,70.00,200.00,1.0,-1,-1,-1
273,35,917.00,539.00,89.00,247.00,1.0,-1,-1,-1
273,36,1853.00,416.00,67.00,221.00,1.0,-1,-1,-1
273,37,1481.00,293.00,43.00,161.00,1.0,-1,-1,-1
274,0,1529.00,649.00,79.00,294.00,1.0,-1,-1,-1
274,1,0.00,0.00,0.00,0.00,1.0,-1,-1,-1
274,2,0.00,0.00,0.00,0.00,1.0,-1,-1,-1
274,3,0.00,0.00,0.00,0.00,1.0,-1,-1,-1
274,4,0.00,0.00,0.00,0.00,1.0,-1,-1,-1
274,5,0.00,0.00,0.00,0.00,1.0,-1,-1,-1
274,6,0.00,0.00,0.00,0.00,1.0,-1,-1,-1
274,7,0.00,0.00,0.00,0.00,1.0,-1,-1,-1
274,8,0.00,0.00,0.00,0.00,1.0,-1,-1,-1
274,9,0.00,0.00,0.00,0.00,1.0,-1,-1,-1
274,10,1057.00,476.00,51.00,90.00,1.0,-1,-1,-1
274,11,0.00,0.00,0.00,0.00,1.0,-1,-1,-1
274,12,0.00,0.00,0.00,0.00,1.0,-1,-1,-1
274,13,0.00,0.00,0.00,0.00,1.0,-1,-1,-1
274,14,0.00,0.00,0.00,0.00,1.0,-1,-1,-1
274,15,0.00,0.00,0.00,0.00,1.0,-1,-1,-1
274,16,0.00,0.00,0.00,0.00,1.0,-1,-1,-1
274,17,1133.00,502.00,124.00,253.00,1.0,-1,-1,-1
274,18,0.00,0.00,0.00,0.00,1.0,-1,-1,-1
274,19,1015.00,487.00,54.00,217.00,1.0,-1,-1,-1
274,20,1418.00,555.00,126.00,307.00,1.0,-1,-1,-1
274,21,0.00,0.00,0.00,0.00,1.0,-1,-1,-1
274,22,1418.00,695.00,155.00,385.00,1.0,-1,-1,-1
274,23,0.00,0.00,0.00,0.00,1.0,-1,-1,-1
274,24,0.00,0.00,0.00,0.00,1.0,-1,-1,-1
274,25,0.00,0.00,0.00,0.00,1.0,-1,-1,-1
274,26,724.00,417.00,87.00,213.00,1.0,-1,-1,-1
274,27,0.00,0.00,0.00,0.00,1.0,-1,-1,-1
274,28,0.00,0.00,0.00,0.00,1.0,-1,-1,-1
274,29,0.00,0.00,0.00,0.00,1.0,-1,-1,-1
274,30,1739.00,498.00,97.00,267.00,1.0,-1,-1,-1
274,31,775.00,624.00,73.00,194.00,1.0,-1,-1,-1
274,32,546.00,430.00,93.00,208.00,1.0,-1,-1,-1
274,33,941.00,489.00,86.00,215.00,1.0,-1,-1,-1
274,34,1643.00,587.00,72.00,194.00,1.0,-1,-1,-1
274,35,918.00,540.00,89.00,247.00,1.0,-1,-1,-1
274,36,1863.00,419.00,57.00,229.00,1.0,-1,-1,-1
274,37,1482.00,293.00,42.00,156.00,1.0,-1,-1,-1
275,0,1526.00,649.00,81.00,295.00,1.0,-1,-1,-1
275,1,0.00,0.00,0.00,0.00,1.0,-1,-1,-1
275,2,0.00,0.00,0.00,0.00,1.0,-1,-1,-1
275,3,0.00,0.00,0.00,0.00,1.0,-1,-1,-1
275,4,0.00,0.00,0.00,0.00,1.0,-1,-1,-1
275,5,0.00,0.00,0.00,0.00,1.0,-1,-1,-1
275,6,0.00,0.00,0.00,0.00,1.0,-1,-1,-1
275,7,0.00,0.00,0.00,0.00,1.0,-1,-1,-1
275,8,0.00,0.00,0.00,0.00,1.0,-1,-1,-1
275,9,0.00,0.00,0.00,0.00,1.0,-1,-1,-1
275,10,1052.00,477.00,56.00,92.00,1.0,-1,-1,-1
275,11,0.00,0.00,0.00,0.00,1.0,-1,-1,-1
275,12,0.00,0.00,0.00,0.00,1.0,-1,-1,-1
275,13,0.00,0.00,0.00,0.00,1.0,-1,-1,-1
275,14,0.00,0.00,0.00,0.00,1.0,-1,-1,-1
275,15,0.00,0.00,0.00,0.00,1.0,-1,-1,-1
275,16,0.00,0.00,0.00,0.00,1.0,-1,-1,-1
275,17,1137.00,504.00,129.00,253.00,1.0,-1,-1,-1
275,18,0.00,0.00,0.00,0.00,1.0,-1,-1,-1
275,19,1018.00,488.00,48.00,219.00,1.0,-1,-1,-1
275,20,1426.00,555.00,124.00,307.00,1.0,-1,-1,-1
275,21,0.00,0.00,0.00,0.00,1.0,-1,-1,-1
275,22,1417.00,696.00,165.00,384.00,1.0,-1,-1,-1
275,23,0.00,0.00,0.00,0.00,1.0,-1,-1,-1
275,24,0.00,0.00,0.00,0.00,1.0,-1,-1,-1
275,25,0.00,0.00,0.00,0.00,1.0,-1,-1,-1
275,26,725.00,417.00,87.00,214.00,1.0,-1,-1,-1
275,27,0.00,0.00,0.00,0.00,1.0,-1,-1,-1
275,28,0.00,0.00,0.00,0.00,1.0,-1,-1,-1
275,29,0.00,0.00,0.00,0.00,1.0,-1,-1,-1
275,30,1743.00,495.00,85.00,271.00,1.0,-1,-1,-1
275,31,774.00,625.00,74.00,193.00,1.0,-1,-1,-1
275,32,546.00,430.00,88.00,209.00,1.0,-1,-1,-1
275,33,951.00,489.00,79.00,246.00,1.0,-1,-1,-1
275,34,1653.00,592.00,68.00,187.00,1.0,-1,-1,-1
275,35,922.00,539.00,93.00,250.00,1.0,-1,-1,-1
275,36,1867.00,421.00,53.00,218.00,1.0,-1,-1,-1
275,37,1481.00,294.00,43.00,155.00,1.0,-1,-1,-1
276,0,1526.00,650.00,92.00,295.00,1.0,-1,-1,-1
276,1,0.00,0.00,0.00,0.00,1.0,-1,-1,-1
276,2,0.00,0.00,0.00,0.00,1.0,-1,-1,-1
276,3,0.00,0.00,0.00,0.00,1.0,-1,-1,-1
276,4,0.00,0.00,0.00,0.00,1.0,-1,-1,-1
276,5,0.00,0.00,0.00,0.00,1.0,-1,-1,-1
276,6,0.00,0.00,0.00,0.00,1.0,-1,-1,-1
276,7,0.00,0.00,0.00,0.00,1.0,-1,-1,-1
276,8,0.00,0.00,0.00,0.00,1.0,-1,-1,-1
276,9,0.00,0.00,0.00,0.00,1.0,-1,-1,-1
276,10,1056.00,477.00,52.00,95.00,1.0,-1,-1,-1
276,11,0.00,0.00,0.00,0.00,1.0,-1,-1,-1
276,12,0.00,0.00,0.00,0.00,1.0,-1,-1,-1
276,13,0.00,0.00,0.00,0.00,1.0,-1,-1,-1
276,14,0.00,0.00,0.00,0.00,1.0,-1,-1,-1
276,15,0.00,0.00,0.00,0.00,1.0,-1,-1,-1
276,16,0.00,0.00,0.00,0.00,1.0,-1,-1,-1
276,17,1147.00,505.00,120.00,253.00,1.0,-1,-1,-1
276,18,0.00,0.00,0.00,0.00,1.0,-1,-1,-1
276,19,1000.00,488.00,63.00,245.00,1.0,-1,-1,-1
276,20,1427.00,555.00,132.00,309.00,1.0,-1,-1,-1
276,21,0.00,0.00,0.00,0.00,1.0,-1,-1,-1
276,22,1418.00,698.00,164.00,382.00,1.0,-1,-1,-1
276,23,0.00,0.00,0.00,0.00,1.0,-1,-1,-1
276,24,0.00,0.00,0.00,0.00,1.0,-1,-1,-1
276,25,0.00,0.00,0.00,0.00,1.0,-1,-1,-1
276,26,725.00,415.00,89.00,216.00,1.0,-1,-1,-1
276,27,0.00,0.00,0.00,0.00,1.0,-1,-1,-1
276,28,0.00,0.00,0.00,0.00,1.0,-1,-1,-1
276,29,0.00,0.00,0.00,0.00,1.0,-1,-1,-1
276,30,1758.00,495.00,76.00,272.00,1.0,-1,-1,-1
276,31,774.00,625.00,76.00,194.00,1.0,-1,-1,-1
276,32,543.00,432.00,88.00,209.00,1.0,-1,-1,-1
276,33,954.00,489.00,81.00,247.00,1.0,-1,-1,-1
276,34,1652.00,590.00,73.00,189.00,1.0,-1,-1,-1
276,35,920.00,539.00,95.00,250.00,1.0,-1,-1,-1
276,36,1870.00,420.00,50.00,214.00,1.0,-1,-1,-1
276,37,1484.00,294.00,41.00,154.00,1.0,-1,-1,-1
277,0,1527.00,649.00,86.00,291.00,1.0,-1,-1,-1
277,1,0.00,0.00,0.00,0.00,1.0,-1,-1,-1
277,2,0.00,0.00,0.00,0.00,1.0,-1,-1,-1
277,3,0.00,0.00,0.00,0.00,1.0,-1,-1,-1
277,4,0.00,0.00,0.00,0.00,1.0,-1,-1,-1
277,5,0.00,0.00,0.00,0.00,1.0,-1,-1,-1
277,6,0.00,0.00,0.00,0.00,1.0,-1,-1,-1
277,7,0.00,0.00,0.00,0.00,1.0,-1,-1,-1
277,8,0.00,0.00,0.00,0.00,1.0,-1,-1,-1
277,9,0.00,0.00,0.00,0.00,1.0,-1,-1,-1
277,10,1056.00,477.00,52.00,91.00,1.0,-1,-1,-1
277,11,0.00,0.00,0.00,0.00,1.0,-1,-1,-1
277,12,0.00,0.00,0.00,0.00,1.0,-1,-1,-1
277,13,0.00,0.00,0.00,0.00,1.0,-1,-1,-1
277,14,0.00,0.00,0.00,0.00,1.0,-1,-1,-1
277,15,0.00,0.00,0.00,0.00,1.0,-1,-1,-1
277,16,0.00,0.00,0.00,0.00,1.0,-1,-1,-1
277,17,1156.00,504.00,116.00,254.00,1.0,-1,-1,-1
277,18,0.00,0.00,0.00,0.00,1.0,-1,-1,-1
277,19,1005.00,488.00,58.00,249.00,1.0,-1,-1,-1
277,20,1429.00,555.00,137.00,309.00,1.0,-1,-1,-1
277,21,0.00,0.00,0.00,0.00,1.0,-1,-1,-1
277,22,1419.00,701.00,163.00,379.00,1.0,-1,-1,-1
277,23,0.00,0.00,0.00,0.00,1.0,-1,-1,-1
277,24,0.00,0.00,0.00,0.00,1.0,-1,-1,-1
277,25,0.00,0.00,0.00,0.00,1.0,-1,-1,-1
277,26,729.00,414.00,87.00,216.00,1.0,-1,-1,-1
277,27,0.00,0.00,0.00,0.00,1.0,-1,-1,-1
277,28,0.00,0.00,0.00,0.00,1.0,-1,-1,-1
277,29,0.00,0.00,0.00,0.00,1.0,-1,-1,-1
277,30,1769.00,495.00,70.00,273.00,1.0,-1,-1,-1
277,31,774.00,626.00,75.00,193.00,1.0,-1,-1,-1
277,32,539.00,431.00,89.00,207.00,1.0,-1,-1,-1
277,33,968.00,491.00,79.00,248.00,1.0,-1,-1,-1
277,34,1656.00,588.00,74.00,191.00,1.0,-1,-1,-1
277,35,920.00,537.00,97.00,253.00,1.0,-1,-1,-1
277,36,1871.00,420.00,49.00,204.00,1.0,-1,-1,-1
277,37,1485.00,294.00,41.00,153.00,1.0,-1,-1,-1
278,0,1527.00,647.00,92.00,290.00,1.0,-1,-1,-1
278,1,0.00,0.00,0.00,0.00,1.0,-1,-1,-1
278,2,0.00,0.00,0.00,0.00,1.0,-1,-1,-1
278,3,0.00,0.00,0.00,0.00,1.0,-1,-1,-1
278,4,0.00,0.00,0.00,0.00,1.0,-1,-1,-1
278,5,0.00,0.00,0.00,0.00,1.0,-1,-1,-1
278,6,0.00,0.00,0.00,0.00,1.0,-1,-1,-1
278,7,0.00,0.00,0.00,0.00,1.0,-1,-1,-1
278,8,0.00,0.00,0.00,0.00,1.0,-1,-1,-1
278,9,0.00,0.00,0.00,0.00,1.0,-1,-1,-1
278,10,1054.00,477.00,55.00,83.00,1.0,-1,-1,-1
278,11,0.00,0.00,0.00,0.00,1.0,-1,-1,-1
278,12,0.00,0.00,0.00,0.00,1.0,-1,-1,-1
278,13,0.00,0.00,0.00,0.00,1.0,-1,-1,-1
278,14,0.00,0.00,0.00,0.00,1.0,-1,-1,-1
278,15,0.00,0.00,0.00,0.00,1.0,-1,-1,-1
278,16,0.00,0.00,0.00,0.00,1.0,-1,-1,-1
278,17,1168.00,504.00,105.00,254.00,1.0,-1,-1,-1
278,18,0.00,0.00,0.00,0.00,1.0,-1,-1,-1
278,19,1014.00,488.00,47.00,257.00,1.0,-1,-1,-1
278,20,1430.00,554.00,143.00,310.00,1.0,-1,-1,-1
278,21,0.00,0.00,0.00,0.00,1.0,-1,-1,-1
278,22,1420.00,705.00,160.00,375.00,1.0,-1,-1,-1
278,23,0.00,0.00,0.00,0.00,1.0,-1,-1,-1
278,24,0.00,0.00,0.00,0.00,1.0,-1,-1,-1
278,25,0.00,0.00,0.00,0.00,1.0,-1,-1,-1
278,26,729.00,414.00,89.00,214.00,1.0,-1,-1,-1
278,27,0.00,0.00,0.00,0.00,1.0,-1,-1,-1
278,28,0.00,0.00,0.00,0.00,1.0,-1,-1,-1
278,29,0.00,0.00,0.00,0.00,1.0,-1,-1,-1
278,30,1770.00,496.00,80.00,272.00,1.0,-1,-1,-1
278,31,773.00,626.00,76.00,196.00,1.0,-1,-1,-1
278,32,536.00,431.00,89.00,208.00,1.0,-1,-1,-1
278,33,971.00,492.00,78.00,252.00,1.0,-1,-1,-1
278,34,1659.00,586.00,83.00,198.00,1.0,-1,-1,-1
278,35,920.00,537.00,93.00,252.00,1.0,-1,-1,-1
278,36,1874.00,418.00,46.00,173.00,1.0,-1,-1,-1
278,37,1485.00,294.00,42.00,153.00,1.0,-1,-1,-1
279,0,1521.00,639.00,118.00,296.00,1.0,-1,-1,-1
279,1,0.00,0.00,0.00,0.00,1.0,-1,-1,-1
279,2,0.00,0.00,0.00,0.00,1.0,-1,-1,-1
279,3,0.00,0.00,0.00,0.00,1.0,-1,-1,-1
279,4,0.00,0.00,0.00,0.00,1.0,-1,-1,-1
279,5,0.00,0.00,0.00,0.00,1.0,-1,-1,-1
279,6,0.00,0.00,0.00,0.00,1.0,-1,-1,-1
279,7,0.00,0.00,0.00,0.00,1.0,-1,-1,-1
279,8,0.00,0.00,0.00,0.00,1.0,-1,-1,-1
279,9,0.00,0.00,0.00,0.00,1.0,-1,-1,-1
279,10,1057.00,477.00,52.00,81.00,1.0,-1,-1,-1
279,11,0.00,0.00,0.00,0.00,1.0,-1,-1,-1
279,12,0.00,0.00,0.00,0.00,1.0,-1,-1,-1
279,13,0.00,0.00,0.00,0.00,1.0,-1,-1,-1
279,14,0.00,0.00,0.00,0.00,1.0,-1,-1,-1
279,15,0.00,0.00,0.00,0.00,1.0,-1,-1,-1
279,16,0.00,0.00,0.00,0.00,1.0,-1,-1,-1
279,17,1179.00,503.00,93.00,255.00,1.0,-1,-1,-1
279,18,0.00,0.00,0.00,0.00,1.0,-1,-1,-1
279,19,1019.00,485.00,45.00,98.00,1.0,-1,-1,-1
279,20,1432.00,554.00,147.00,310.00,1.0,-1,-1,-1
279,21,0.00,0.00,0.00,0.00,1.0,-1,-1,-1
279,22,1420.00,708.00,158.00,372.00,1.0,-1,-1,-1
279,23,0.00,0.00,0.00,0.00,1.0,-1,-1,-1
279,24,0.00,0.00,0.00,0.00,1.0,-1,-1,-1
279,25,0.00,0.00,0.00,0.00,1.0,-1,-1,-1
279,26,731.00,415.00,87.00,209.00,1.0,-1,-1,-1
279,27,0.00,0.00,0.00,0.00,1.0,-1,-1,-1
279,28,0.00,0.00,0.00,0.00,1.0,-1,-1,-1
279,29,0.00,0.00,0.00,0.00,1.0,-1,-1,-1
279,30,1776.00,497.00,68.00,274.00,1.0,-1,-1,-1
279,31,773.00,617.00,77.00,210.00,1.0,-1,-1,-1
279,32,533.00,432.00,72.00,209.00,1.0,-1,-1,-1
279,33,973.00,494.00,82.00,251.00,1.0,-1,-1,-1
279,34,1661.00,595.00,98.00,187.00,1.0,-1,-1,-1
279,35,920.00,538.00,92.00,251.00,1.0,-1,-1,-1
279,36,1876.00,416.00,44.00,191.00,1.0,-1,-1,-1
279,37,1485.00,294.00,42.00,155.00,1.0,-1,-1,-1
280,0,1480.00,638.00,168.00,299.00,1.0,-1,-1,-1
280,1,0.00,0.00,0.00,0.00,1.0,-1,-1,-1
280,2,0.00,0.00,0.00,0.00,1.0,-1,-1,-1
280,3,0.00,0.00,0.00,0.00,1.0,-1,-1,-1
280,4,0.00,0.00,0.00,0.00,1.0,-1,-1,-1
280,5,0.00,0.00,0.00,0.00,1.0,-1,-1,-1
280,6,0.00,0.00,0.00,0.00,1.0,-1,-1,-1
280,7,0.00,0.00,0.00,0.00,1.0,-1,-1,-1
280,8,0.00,0.00,0.00,0.00,1.0,-1,-1,-1
280,9,0.00,0.00,0.00,0.00,1.0,-1,-1,-1
280,10,1061.00,476.00,48.00,86.00,1.0,-1,-1,-1
280,11,0.00,0.00,0.00,0.00,1.0,-1,-1,-1
280,12,0.00,0.00,0.00,0.00,1.0,-1,-1,-1
280,13,0.00,0.00,0.00,0.00,1.0,-1,-1,-1
280,14,0.00,0.00,0.00,0.00,1.0,-1,-1,-1
280,15,0.00,0.00,0.00,0.00,1.0,-1,-1,-1
280,16,0.00,0.00,0.00,0.00,1.0,-1,-1,-1
280,17,1190.00,501.00,85.00,257.00,1.0,-1,-1,-1
280,18,0.00,0.00,0.00,0.00,1.0,-1,-1,-1
280,19,1016.00,487.00,52.00,94.00,1.0,-1,-1,-1
280,20,1442.00,554.00,146.00,309.00,1.0,-1,-1,-1
280,21,0.00,0.00,0.00,0.00,1.0,-1,-1,-1
280,22,1423.00,711.00,154.00,369.00,1.0,-1,-1,-1
280,23,0.00,0.00,0.00,0.00,1.0,-1,-1,-1
280,24,0.00,0.00,0.00,0.00,1.0,-1,-1,-1
280,25,0.00,0.00,0.00,0.00,1.0,-1,-1,-1
280,26,730.00,415.00,90.00,208.00,1.0,-1,-1,-1
280,27,0.00,0.00,0.00,0.00,1.0,-1,-1,-1
280,28,0.00,0.00,0.00,0.00,1.0,-1,-1,-1
280,29,0.00,0.00,0.00,0.00,1.0,-1,-1,-1
280,30,1783.00,496.00,77.00,277.00,1.0,-1,-1,-1
280,31,773.00,617.00,76.00,208.00,1.0,-1,-1,-1
280,32,529.00,432.00,75.00,209.00,1.0,-1,-1,-1
280,33,975.00,494.00,84.00,253.00,1.0,-1,-1,-1
280,34,1667.00,593.00,95.00,191.00,1.0,-1,-1,-1
280,35,920.00,538.00,92.00,250.00,1.0,-1,-1,-1
280,36,1879.00,416.00,41.00,150.00,1.0,-1,-1,-1
280,37,1486.00,293.00,42.00,155.00,1.0,-1,-1,-1
281,0,1470.00,638.00,179.00,263.00,1.0,-1,-1,-1
281,1,0.00,0.00,0.00,0.00,1.0,-1,-1,-1
281,2,0.00,0.00,0.00,0.00,1.0,-1,-1,-1
281,3,0.00,0.00,0.00,0.00,1.0,-1,-1,-1
281,4,0.00,0.00,0.00,0.00,1.0,-1,-1,-1
281,5,0.00,0.00,0.00,0.00,1.0,-1,-1,-1
281,6,0.00,0.00,0.00,0.00,1.0,-1,-1,-1
281,7,0.00,0.00,0.00,0.00,1.0,-1,-1,-1
281,8,0.00,0.00,0.00,0.00,1.0,-1,-1,-1
281,9,0.00,0.00,0.00,0.00,1.0,-1,-1,-1
281,10,1064.00,476.00,47.00,87.00,1.0,-1,-1,-1
281,11,0.00,0.00,0.00,0.00,1.0,-1,-1,-1
281,12,0.00,0.00,0.00,0.00,1.0,-1,-1,-1
281,13,0.00,0.00,0.00,0.00,1.0,-1,-1,-1
281,14,0.00,0.00,0.00,0.00,1.0,-1,-1,-1
281,15,0.00,0.00,0.00,0.00,1.0,-1,-1,-1
281,16,0.00,0.00,0.00,0.00,1.0,-1,-1,-1
281,17,1197.00,502.00,83.00,256.00,1.0,-1,-1,-1
281,18,0.00,0.00,0.00,0.00,1.0,-1,-1,-1
281,19,1015.00,487.00,55.00,83.00,1.0,-1,-1,-1
281,20,1451.00,556.00,146.00,304.00,1.0,-1,-1,-1
281,21,0.00,0.00,0.00,0.00,1.0,-1,-1,-1
281,22,1424.00,718.00,158.00,362.00,1.0,-1,-1,-1
281,23,0.00,0.00,0.00,0.00,1.0,-1,-1,-1
281,24,0.00,0.00,0.00,0.00,1.0,-1,-1,-1
281,25,0.00,0.00,0.00,0.00,1.0,-1,-1,-1
281,26,736.00,418.00,85.00,200.00,1.0,-1,-1,-1
281,27,0.00,0.00,0.00,0.00,1.0,-1,-1,-1
281,28,0.00,0.00,0.00,0.00,1.0,-1,-1,-1
281,29,0.00,0.00,0.00,0.00,1.0,-1,-1,-1
281,30,1790.00,500.00,84.00,275.00,1.0,-1,-1,-1
281,31,774.00,620.00,76.00,203.00,1.0,-1,-1,-1
281,32,527.00,432.00,65.00,212.00,1.0,-1,-1,-1
281,33,979.00,494.00,80.00,254.00,1.0,-1,-1,-1
281,34,1673.00,596.00,91.00,193.00,1.0,-1,-1,-1
281,35,920.00,538.00,92.00,253.00,1.0,-1,-1,-1
281,36,1882.00,419.00,38.00,132.00,1.0,-1,-1,-1
281,37,1487.00,293.00,41.00,155.00,1.0,-1,-1,-1
282,0,1451.00,642.00,174.00,263.00,1.0,-1,-1,-1
282,1,0.00,0.00,0.00,0.00,1.0,-1,-1,-1
282,2,0.00,0.00,0.00,0.00,1.0,-1,-1,-1
282,3,0.00,0.00,0.00,0.00,1.0,-1,-1,-1
282,4,0.00,0.00,0.00,0.00,1.0,-1,-1,-1
282,5,0.00,0.00,0.00,0.00,1.0,-1,-1,-1
282,6,0.00,0.00,0.00,0.00,1.0,-1,-1,-1
282,7,0.00,0.00,0.00,0.00,1.0,-1,-1,-1
282,8,0.00,0.00,0.00,0.00,1.0,-1,-1,-1
282,9,0.00,0.00,0.00,0.00,1.0,-1,-1,-1
282,10,1064.00,477.00,46.00,89.00,1.0,-1,-1,-1
282,11,0.00,0.00,0.00,0.00,1.0,-1,-1,-1
282,12,0.00,0.00,0.00,0.00,1.0,-1,-1,-1
282,13,0.00,0.00,0.00,0.00,1.0,-1,-1,-1
282,14,0.00,0.00,0.00,0.00,1.0,-1,-1,-1
282,15,0.00,0.00,0.00,0.00,1.0,-1,-1,-1
282,16,0.00,0.00,0.00,0.00,1.0,-1,-1,-1
282,17,1204.00,502.00,82.00,256.00,1.0,-1,-1,-1
282,18,0.00,0.00,0.00,0.00,1.0,-1,-1,-1
282,19,1019.00,490.00,49.00,82.00,1.0,-1,-1,-1
282,20,1450.00,557.00,167.00,218.00,1.0,-1,-1,-1
282,21,0.00,0.00,0.00,0.00,1.0,-1,-1,-1
282,22,1425.00,723.00,163.00,357.00,1.0,-1,-1,-1
282,23,0.00,0.00,0.00,0.00,1.0,-1,-1,-1
282,24,0.00,0.00,0.00,0.00,1.0,-1,-1,-1
282,25,0.00,0.00,0.00,0.00,1.0,-1,-1,-1
282,26,729.00,417.00,91.00,202.00,1.0,-1,-1,-1
282,27,0.00,0.00,0.00,0.00,1.0,-1,-1,-1
282,28,0.00,0.00,0.00,0.00,1.0,-1,-1,-1
282,29,0.00,0.00,0.00,0.00,1.0,-1,-1,-1
282,30,1795.00,500.00,86.00,272.00,1.0,-1,-1,-1
282,31,773.00,622.00,77.00,204.00,1.0,-1,-1,-1
282,32,523.00,431.00,65.00,214.00,1.0,-1,-1,-1
282,33,978.00,497.00,84.00,253.00,1.0,-1,-1,-1
282,34,1682.00,595.00,85.00,193.00,1.0,-1,-1,-1
282,35,918.00,540.00,98.00,254.00,1.0,-1,-1,-1
282,36,1885.00,421.00,35.00,104.00,1.0,-1,-1,-1
282,37,1487.00,293.00,41.00,158.00,1.0,-1,-1,-1
283,0,1466.00,647.00,167.00,258.00,1.0,-1,-1,-1
283,1,0.00,0.00,0.00,0.00,1.0,-1,-1,-1
283,2,0.00,0.00,0.00,0.00,1.0,-1,-1,-1
283,3,0.00,0.00,0.00,0.00,1.0,-1,-1,-1
283,4,0.00,0.00,0.00,0.00,1.0,-1,-1,-1
283,5,0.00,0.00,0.00,0.00,1.0,-1,-1,-1
283,6,0.00,0.00,0.00,0.00,1.0,-1,-1,-1
283,7,0.00,0.00,0.00,0.00,1.0,-1,-1,-1
283,8,0.00,0.00,0.00,0.00,1.0,-1,-1,-1
283,9,0.00,0.00,0.00,0.00,1.0,-1,-1,-1
283,10,1063.00,477.00,48.00,90.00,1.0,-1,-1,-1
283,11,0.00,0.00,0.00,0.00,1.0,-1,-1,-1
283,12,0.00,0.00,0.00,0.00,1.0,-1,-1,-1
283,13,0.00,0.00,0.00,0.00,1.0,-1,-1,-1
283,14,0.00,0.00,0.00,0.00,1.0,-1,-1,-1
283,15,0.00,0.00,0.00,0.00,1.0,-1,-1,-1
283,16,0.00,0.00,0.00,0.00,1.0,-1,-1,-1
283,17,1209.00,503.00,90.00,254.00,1.0,-1,-1,-1
283,18,0.00,0.00,0.00,0.00,1.0,-1,-1,-1
283,19,1016.00,486.00,50.00,204.00,1.0,-1,-1,-1
283,20,1443.00,558.00,167.00,225.00,1.0,-1,-1,-1
283,21,0.00,0.00,0.00,0.00,1.0,-1,-1,-1
283,22,1425.00,727.00,163.00,353.00,1.0,-1,-1,-1
283,23,0.00,0.00,0.00,0.00,1.0,-1,-1,-1
283,24,0.00,0.00,0.00,0.00,1.0,-1,-1,-1
283,25,0.00,0.00,0.00,0.00,1.0,-1,-1,-1
283,26,730.00,418.00,89.00,201.00,1.0,-1,-1,-1
283,27,0.00,0.00,0.00,0.00,1.0,-1,-1,-1
283,28,0.00,0.00,0.00,0.00,1.0,-1,-1,-1
283,29,0.00,0.00,0.00,0.00,1.0,-1,-1,-1
283,30,1799.00,504.00,88.00,266.00,1.0,-1,-1,-1
283,31,774.00,636.00,75.00,192.00,1.0,-1,-1,-1
283,32,520.00,431.00,65.00,216.00,1.0,-1,-1,-1
283,33,985.00,498.00,78.00,253.00,1.0,-1,-1,-1
283,34,1686.00,603.00,83.00,187.00,1.0,-1,-1,-1
283,35,917.00,542.00,102.00,256.00,1.0,-1,-1,-1
283,36,1886.00,424.00,34.00,77.00,1.0,-1,-1,-1
283,37,1487.00,293.00,41.00,160.00,1.0,-1,-1,-1
284,0,1467.00,647.00,202.00,264.00,1.0,-1,-1,-1
284,1,0.00,0.00,0.00,0.00,1.0,-1,-1,-1
284,2,0.00,0.00,0.00,0.00,1.0,-1,-1,-1
284,3,0.00,0.00,0.00,0.00,1.0,-1,-1,-1
284,4,0.00,0.00,0.00,0.00,1.0,-1,-1,-1
284,5,0.00,0.00,0.00,0.00,1.0,-1,-1,-1
284,6,0.00,0.00,0.00,0.00,1.0,-1,-1,-1
284,7,0.00,0.00,0.00,0.00,1.0,-1,-1,-1
284,8,0.00,0.00,0.00,0.00,1.0,-1,-1,-1
284,9,0.00,0.00,0.00,0.00,1.0,-1,-1,-1
284,10,1065.00,477.00,47.00,97.00,1.0,-1,-1,-1
284,11,0.00,0.00,0.00,0.00,1.0,-1,-1,-1
284,12,0.00,0.00,0.00,0.00,1.0,-1,-1,-1
284,13,0.00,0.00,0.00,0.00,1.0,-1,-1,-1
284,14,0.00,0.00,0.00,0.00,1.0,-1,-1,-1
284,15,0.00,0.00,0.00,0.00,1.0,-1,-1,-1
284,16,0.00,0.00,0.00,0.00,1.0,-1,-1,-1
284,17,1210.00,504.00,109.00,254.00,1.0,-1,-1,-1
284,18,0.00,0.00,0.00,0.00,1.0,-1,-1,-1
284,19,1015.00,487.00,40.00,43.00,1.0,-1,-1,-1
284,20,1443.00,560.00,197.00,230.00,1.0,-1,-1,-1
284,21,0.00,0.00,0.00,0.00,1.0,-1,-1,-1
284,22,1428.00,728.00,162.00,352.00,1.0,-1,-1,-1
284,23,0.00,0.00,0.00,0.00,1.0,-1,-1,-1
284,24,0.00,0.00,0.00,0.00,1.0,-1,-1,-1
284,25,0.00,0.00,0.00,0.00,1.0,-1,-1,-1
284,26,728.00,418.00,91.00,200.00,1.0,-1,-1,-1
284,27,0.00,0.00,0.00,0.00,1.0,-1,-1,-1
284,28,0.00,0.00,0.00,0.00,1.0,-1,-1,-1
284,29,0.00,0.00,0.00,0.00,1.0,-1,-1,-1
284,30,1806.00,504.00,88.00,275.00,1.0,-1,-1,-1
284,31,774.00,640.00,75.00,192.00,1.0,-1,-1,-1
284,32,518.00,432.00,65.00,214.00,1.0,-1,-1,-1
284,33,991.00,501.00,75.00,251.00,1.0,-1,-1,-1
284,34,1701.00,601.00,72.00,190.00,1.0,-1,-1,-1
284,35,916.00,545.00,102.00,255.00,1.0,-1,-1,-1
284,36,1891.00,449.00,29.00,51.00,1.0,-1,-1,-1
284,37,1487.00,293.00,42.00,164.00,1.0,-1,-1,-1
285,0,1468.00,644.00,193.00,265.00,1.0,-1,-1,-1
285,1,0.00,0.00,0.00,0.00,1.0,-1,-1,-1
285,2,0.00,0.00,0.00,0.00,1.0,-1,-1,-1
285,3,0.00,0.00,0.00,0.00,1.0,-1,-1,-1
285,4,0.00,0.00,0.00,0.00,1.0,-1,-1,-1
285,5,0.00,0.00,0.00,0.00,1.0,-1,-1,-1
285,6,0.00,0.00,0.00,0.00,1.0,-1,-1,-1
285,7,0.00,0.00,0.00,0.00,1.0,-1,-1,-1
285,8,0.00,0.00,0.00,0.00,1.0,-1,-1,-1
285,9,0.00,0.00,0.00,0.00,1.0,-1,-1,-1
285,10,1066.00,477.00,49.00,105.00,1.0,-1,-1,-1
285,11,0.00,0.00,0.00,0.00,1.0,-1,-1,-1
285,12,0.00,0.00,0.00,0.00,1.0,-1,-1,-1
285,13,0.00,0.00,0.00,0.00,1.0,-1,-1,-1
285,14,0.00,0.00,0.00,0.00,1.0,-1,-1,-1
285,15,0.00,0.00,0.00,0.00,1.0,-1,-1,-1
285,16,0.00,0.00,0.00,0.00,1.0,-1,-1,-1
285,17,1221.00,507.00,114.00,253.00,1.0,-1,-1,-1
285,18,0.00,0.00,0.00,0.00,1.0,-1,-1,-1
285,19,1015.00,486.00,27.00,43.00,1.0,-1,-1,-1
285,20,1466.00,562.00,188.00,272.00,1.0,-1,-1,-1
285,21,0.00,0.00,0.00,0.00,1.0,-1,-1,-1
285,22,1430.00,730.00,162.00,350.00,1.0,-1,-1,-1
285,23,0.00,0.00,0.00,0.00,1.0,-1,-1,-1
285,24,0.00,0.00,0.00,0.00,1.0,-1,-1,-1
285,25,0.00,0.00,0.00,0.00,1.0,-1,-1,-1
285,26,730.00,417.00,89.00,201.00,1.0,-1,-1,-1
285,27,0.00,0.00,0.00,0.00,1.0,-1,-1,-1
285,28,0.00,0.00,0.00,0.00,1.0,-1,-1,-1
285,29,0.00,0.00,0.00,0.00,1.0,-1,-1,-1
285,30,1809.00,504.00,85.00,276.00,1.0,-1,-1,-1
285,31,775.00,642.00,75.00,192.00,1.0,-1,-1,-1
285,32,513.00,432.00,71.00,215.00,1.0,-1,-1,-1
285,33,993.00,503.00,74.00,248.00,1.0,-1,-1,-1
285,34,1711.00,596.00,71.00,195.00,1.0,-1,-1,-1
285,35,914.00,546.00,98.00,256.00,1.0,-1,-1,-1
285,36,1893.00,456.00,27.00,46.00,1.0,-1,-1,-1
285,37,1488.00,294.00,43.00,164.00,1.0,-1,-1,-1
286,0,1447.00,651.00,178.00,263.00,1.0,-1,-1,-1
286,1,0.00,0.00,0.00,0.00,1.0,-1,-1,-1
286,2,0.00,0.00,0.00,0.00,1.0,-1,-1,-1
286,3,0.00,0.00,0.00,0.00,1.0,-1,-1,-1
286,4,0.00,0.00,0.00,0.00,1.0,-1,-1,-1
286,5,0.00,0.00,0.00,0.00,1.0,-1,-1,-1
286,6,0.00,0.00,0.00,0.00,1.0,-1,-1,-1
286,7,0.00,0.00,0.00,0.00,1.0,-1,-1,-1
286,8,0.00,0.00,0.00,0.00,1.0,-1,-1,-1
286,9,0.00,0.00,0.00,0.00,1.0,-1,-1,-1
286,10,1066.00,478.00,50.00,218.00,1.0,-1,-1,-1
286,11,0.00,0.00,0.00,0.00,1.0,-1,-1,-1
286,12,0.00,0.00,0.00,0.00,1.0,-1,-1,-1
286,13,0.00,0.00,0.00,0.00,1.0,-1,-1,-1
286,14,0.00,0.00,0.00,0.00,1.0,-1,-1,-1
286,15,0.00,0.00,0.00,0.00,1.0,-1,-1,-1
286,16,0.00,0.00,0.00,0.00,1.0,-1,-1,-1
286,17,1223.00,509.00,118.00,254.00,1.0,-1,-1,-1
286,18,0.00,0.00,0.00,0.00,1.0,-1,-1,-1
286,19,1012.00,487.00,31.00,46.00,1.0,-1,-1,-1
286,20,1465.00,562.00,195.00,238.00,1.0,-1,-1,-1
286,21,0.00,0.00,0.00,0.00,1.0,-1,-1,-1
286,22,1430.00,728.00,162.00,352.00,1.0,-1,-1,-1
286,23,0.00,0.00,0.00,0.00,1.0,-1,-1,-1
286,24,0.00,0.00,0.00,0.00,1.0,-1,-1,-1
286,25,0.00,0.00,0.00,0.00,1.0,-1,-1,-1
286,26,731.00,416.00,89.00,204.00,1.0,-1,-1,-1
286,27,0.00,0.00,0.00,0.00,1.0,-1,-1,-1
286,28,0.00,0.00,0.00,0.00,1.0,-1,-1,-1
286,29,0.00,0.00,0.00,0.00,1.0,-1,-1,-1
286,30,1810.00,503.00,84.00,279.00,1.0,-1,-1,-1
286,31,775.00,643.00,74.00,194.00,1.0,-1,-1,-1
286,32,511.00,434.00,73.00,215.00,1.0,-1,-1,-1
286,33,996.00,504.00,72.00,247.00,1.0,-1,-1,-1
286,34,1717.00,592.00,68.00,199.00,1.0,-1,-1,-1
286,35,910.00,548.00,99.00,255.00,1.0,-1,-1,-1
286,36,1896.00,460.00,24.00,42.00,1.0,-1,-1,-1
286,37,1489.00,294.00,42.00,164.00,1.0,-1,-1,-1
287,0,1434.00,652.00,133.00,286.00,1.0,-1,-1,-1
287,1,0.00,0.00,0.00,0.00,1.0,-1,-1,-1
287,2,0.00,0.00,0.00,0.00,1.0,-1,-1,-1
287,3,0.00,0.00,0.00,0.00,1.0,-1,-1,-1
287,4,0.00,0.00,0.00,0.00,1.0,-1,-1,-1
287,5,0.00,0.00,0.00,0.00,1.0,-1,-1,-1
287,6,0.00,0.00,0.00,0.00,1.0,-1,-1,-1
287,7,0.00,0.00,0.00,0.00,1.0,-1,-1,-1
287,8,0.00,0.00,0.00,0.00,1.0,-1,-1,-1
287,9,0.00,0.00,0.00,0.00,1.0,-1,-1,-1
287,10,1066.00,480.00,50.00,218.00,1.0,-1,-1,-1
287,11,0.00,0.00,0.00,0.00,1.0,-1,-1,-1
287,12,0.00,0.00,0.00,0.00,1.0,-1,-1,-1
287,13,0.00,0.00,0.00,0.00,1.0,-1,-1,-1
287,14,0.00,0.00,0.00,0.00,1.0,-1,-1,-1
287,15,0.00,0.00,0.00,0.00,1.0,-1,-1,-1
287,16,0.00,0.00,0.00,0.00,1.0,-1,-1,-1
287,17,1224.00,513.00,120.00,253.00,1.0,-1,-1,-1
287,18,0.00,0.00,0.00,0.00,1.0,-1,-1,-1
287,19,999.00,487.00,43.00,73.00,1.0,-1,-1,-1
287,20,1510.00,562.00,156.00,264.00,1.0,-1,-1,-1
287,21,0.00,0.00,0.00,0.00,1.0,-1,-1,-1
287,22,1431.00,728.00,162.00,352.00,1.0,-1,-1,-1
287,23,0.00,0.00,0.00,0.00,1.0,-1,-1,-1
287,24,0.00,0.00,0.00,0.00,1.0,-1,-1,-1
287,25,0.00,0.00,0.00,0.00,1.0,-1,-1,-1
287,26,734.00,412.00,85.00,209.00,1.0,-1,-1,-1
287,27,0.00,0.00,0.00,0.00,1.0,-1,-1,-1
287,28,0.00,0.00,0.00,0.00,1.0,-1,-1,-1
287,29,0.00,0.00,0.00,0.00,1.0,-1,-1,-1
287,30,1818.00,504.00,77.00,278.00,1.0,-1,-1,-1
287,31,773.00,644.00,77.00,194.00,1.0,-1,-1,-1
287,32,508.00,435.00,68.00,213.00,1.0,-1,-1,-1
287,33,997.00,505.00,74.00,248.00,1.0,-1,-1,-1
287,34,1724.00,596.00,65.00,194.00,1.0,-1,-1,-1
287,35,908.00,550.00,94.00,254.00,1.0,-1,-1,-1
287,36,1898.00,469.00,22.00,40.00,1.0,-1,-1,-1
287,37,1489.00,294.00,42.00,165.00,1.0,-1,-1,-1
288,0,1434.00,655.00,132.00,284.00,1.0,-1,-1,-1
288,1,0.00,0.00,0.00,0.00,1.0,-1,-1,-1
288,2,0.00,0.00,0.00,0.00,1.0,-1,-1,-1
288,3,0.00,0.00,0.00,0.00,1.0,-1,-1,-1
288,4,0.00,0.00,0.00,0.00,1.0,-1,-1,-1
288,5,0.00,0.00,0.00,0.00,1.0,-1,-1,-1
288,6,0.00,0.00,0.00,0.00,1.0,-1,-1,-1
288,7,0.00,0.00,0.00,0.00,1.0,-1,-1,-1
288,8,0.00,0.00,0.00,0.00,1.0,-1,-1,-1
288,9,0.00,0.00,0.00,0.00,1.0,-1,-1,-1
288,10,1066.00,479.00,50.00,215.00,1.0,-1,-1,-1
288,11,0.00,0.00,0.00,0.00,1.0,-1,-1,-1
288,12,0.00,0.00,0.00,0.00,1.0,-1,-1,-1
288,13,0.00,0.00,0.00,0.00,1.0,-1,-1,-1
288,14,0.00,0.00,0.00,0.00,1.0,-1,-1,-1
288,15,0.00,0.00,0.00,0.00,1.0,-1,-1,-1
288,16,0.00,0.00,0.00,0.00,1.0,-1,-1,-1
288,17,1225.00,515.00,122.00,252.00,1.0,-1,-1,-1
288,18,0.00,0.00,0.00,0.00,1.0,-1,-1,-1
288,19,998.00,491.00,48.00,78.00,1.0,-1,-1,-1
288,20,1523.00,561.00,153.00,269.00,1.0,-1,-1,-1
288,21,0.00,0.00,0.00,0.00,1.0,-1,-1,-1
288,22,1432.00,726.00,166.00,354.00,1.0,-1,-1,-1
288,23,0.00,0.00,0.00,0.00,1.0,-1,-1,-1
288,24,0.00,0.00,0.00,0.00,1.0,-1,-1,-1
288,25,0.00,0.00,0.00,0.00,1.0,-1,-1,-1
288,26,734.00,411.00,118.00,210.00,1.0,-1,-1,-1
288,27,0.00,0.00,0.00,0.00,1.0,-1,-1,-1
288,28,0.00,0.00,0.00,0.00,1.0,-1,-1,-1
288,29,0.00,0.00,0.00,0.00,1.0,-1,-1,-1
288,30,1829.00,504.00,84.00,278.00,1.0,-1,-1,-1
288,31,773.00,644.00,79.00,194.00,1.0,-1,-1,-1
288,32,505.00,435.00,72.00,213.00,1.0,-1,-1,-1
288,33,1001.00,506.00,76.00,250.00,1.0,-1,-1,-1
288,34,1739.00,592.00,58.00,199.00,1.0,-1,-1,-1
288,35,907.00,550.00,95.00,254.00,1.0,-1,-1,-1
288,36,1898.00,472.00,22.00,53.00,1.0,-1,-1,-1
288,37,1490.00,294.00,41.00,165.00,1.0,-1,-1,-1
289,0,1434.00,655.00,129.00,285.00,1.0,-1,-1,-1
289,1,0.00,0.00,0.00,0.00,1.0,-1,-1,-1
289,2,0.00,0.00,0.00,0.00,1.0,-1,-1,-1
289,3,0.00,0.00,0.00,0.00,1.0,-1,-1,-1
289,4,0.00,0.00,0.00,0.00,1.0,-1,-1,-1
289,5,0.00,0.00,0.00,0.00,1.0,-1,-1,-1
289,6,0.00,0.00,0.00,0.00,1.0,-1,-1,-1
289,7,0.00,0.00,0.00,0.00,1.0,-1,-1,-1
289,8,0.00,0.00,0.00,0.00,1.0,-1,-1,-1
289,9,0.00,0.00,0.00,0.00,1.0,-1,-1,-1
289,10,1067.00,479.00,51.00,112.00,1.0,-1,-1,-1
289,11,0.00,0.00,0.00,0.00,1.0,-1,-1,-1
289,12,0.00,0.00,0.00,0.00,1.0,-1,-1,-1
289,13,0.00,0.00,0.00,0.00,1.0,-1,-1,-1
289,14,0.00,0.00,0.00,0.00,1.0,-1,-1,-1
289,15,0.00,0.00,0.00,0.00,1.0,-1,-1,-1
289,16,0.00,0.00,0.00,0.00,1.0,-1,-1,-1
289,17,1232.00,515.00,118.00,253.00,1.0,-1,-1,-1
289,18,0.00,0.00,0.00,0.00,1.0,-1,-1,-1
289,19,994.00,492.00,54.00,105.00,1.0,-1,-1,-1
289,20,1528.00,561.00,167.00,272.00,1.0,-1,-1,-1
289,21,0.00,0.00,0.00,0.00,1.0,-1,-1,-1
289,22,1434.00,729.00,169.00,351.00,1.0,-1,-1,-1
289,23,0.00,0.00,0.00,0.00,1.0,-1,-1,-1
289,24,0.00,0.00,0.00,0.00,1.0,-1,-1,-1
289,25,0.00,0.00,0.00,0.00,1.0,-1,-1,-1
289,26,736.00,410.00,116.00,210.00,1.0,-1,-1,-1
289,27,0.00,0.00,0.00,0.00,1.0,-1,-1,-1
289,28,0.00,0.00,0.00,0.00,1.0,-1,-1,-1
289,29,0.00,0.00,0.00,0.00,1.0,-1,-1,-1
289,30,1839.00,503.00,81.00,280.00,1.0,-1,-1,-1
289,31,774.00,645.00,79.00,194.00,1.0,-1,-1,-1
289,32,503.00,436.00,76.00,213.00,1.0,-1,-1,-1
289,33,1007.00,505.00,79.00,253.00,1.0,-1,-1,-1
289,34,1752.00,591.00,57.00,200.00,1.0,-1,-1,-1
289,35,905.00,551.00,99.00,254.00,1.0,-1,-1,-1
289,36,1901.00,474.00,19.00,53.00,1.0,-1,-1,-1
289,37,1490.00,295.00,42.00,166.00,1.0,-1,-1,-1
290,0,1434.00,657.00,127.00,285.00,1.0,-1,-1,-1
290,1,0.00,0.00,0.00,0.00,1.0,-1,-1,-1
290,2,0.00,0.00,0.00,0.00,1.0,-1,-1,-1
290,3,0.00,0.00,0.00,0.00,1.0,-1,-1,-1
290,4,0.00,0.00,0.00,0.00,1.0,-1,-1,-1
290,5,0.00,0.00,0.00,0.00,1.0,-1,-1,-1
290,6,0.00,0.00,0.00,0.00,1.0,-1,-1,-1
290,7,0.00,0.00,0.00,0.00,1.0,-1,-1,-1
290,8,0.00,0.00,0.00,0.00,1.0,-1,-1,-1
290,9,0.00,0.00,0.00,0.00,1.0,-1,-1,-1
290,10,1067.00,480.00,53.00,111.00,1.0,-1,-1,-1
290,11,0.00,0.00,0.00,0.00,1.0,-1,-1,-1
290,12,0.00,0.00,0.00,0.00,1.0,-1,-1,-1
290,13,0.00,0.00,0.00,0.00,1.0,-1,-1,-1
290,14,0.00,0.00,0.00,0.00,1.0,-1,-1,-1
290,15,0.00,0.00,0.00,0.00,1.0,-1,-1,-1
290,16,0.00,0.00,0.00,0.00,1.0,-1,-1,-1
290,17,1238.00,515.00,113.00,255.00,1.0,-1,-1,-1
290,18,0.00,0.00,0.00,0.00,1.0,-1,-1,-1
290,19,992.00,491.00,71.00,264.00,1.0,-1,-1,-1
290,20,1533.00,561.00,161.00,283.00,1.0,-1,-1,-1
290,21,0.00,0.00,0.00,0.00,1.0,-1,-1,-1
290,22,1435.00,728.00,171.00,352.00,1.0,-1,-1,-1
290,23,0.00,0.00,0.00,0.00,1.0,-1,-1,-1
290,24,0.00,0.00,0.00,0.00,1.0,-1,-1,-1
290,25,0.00,0.00,0.00,0.00,1.0,-1,-1,-1
290,26,737.00,409.00,89.00,211.00,1.0,-1,-1,-1
290,27,0.00,0.00,0.00,0.00,1.0,-1,-1,-1
290,28,0.00,0.00,0.00,0.00,1.0,-1,-1,-1
290,29,0.00,0.00,0.00,0.00,1.0,-1,-1,-1
290,30,1846.00,503.00,74.00,281.00,1.0,-1,-1,-1
290,31,775.00,646.00,78.00,195.00,1.0,-1,-1,-1
290,32,502.00,435.00,69.00,215.00,1.0,-1,-1,-1
290,33,1014.00,506.00,74.00,254.00,1.0,-1,-1,-1
290,34,1753.00,592.00,64.00,202.00,1.0,-1,-1,-1
290,35,903.00,553.00,101.00,253.00,1.0,-1,-1,-1
290,36,1905.00,476.00,15.00,58.00,1.0,-1,-1,-1
290,37,1491.00,296.00,43.00,166.00,1.0,-1,-1,-1
291,0,1432.00,656.00,128.00,285.00,1.0,-1,-1,-1
291,1,0.00,0.00,0.00,0.00,1.0,-1,-1,-1
291,2,0.00,0.00,0.00,0.00,1.0,-1,-1,-1
291,3,0.00,0.00,0.00,0.00,1.0,-1,-1,-1
291,4,0.00,0.00,0.00,0.00,1.0,-1,-1,-1
291,5,0.00,0.00,0.00,0.00,1.0,-1,-1,-1
291,6,0.00,0.00,0.00,0.00,1.0,-1,-1,-1
291,7,0.00,0.00,0.00,0.00,1.0,-1,-1,-1
291,8,0.00,0.00,0.00,0.00,1.0,-1,-1,-1
291,9,0.00,0.00,0.00,0.00,1.0,-1,-1,-1
291,10,1063.00,480.00,58.00,108.00,1.0,-1,-1,-1
291,11,0.00,0.00,0.00,0.00,1.0,-1,-1,-1
291,12,0.00,0.00,0.00,0.00,1.0,-1,-1,-1
291,13,0.00,0.00,0.00,0.00,1.0,-1,-1,-1
291,14,0.00,0.00,0.00,0.00,1.0,-1,-1,-1
291,15,0.00,0.00,0.00,0.00,1.0,-1,-1,-1
291,16,0.00,0.00,0.00,0.00,1.0,-1,-1,-1
291,17,1248.00,516.00,104.00,255.00,1.0,-1,-1,-1
291,18,0.00,0.00,0.00,0.00,1.0,-1,-1,-1
291,19,993.00,490.00,71.00,261.00,1.0,-1,-1,-1
291,20,1539.00,561.00,155.00,306.00,1.0,-1,-1,-1
291,21,0.00,0.00,0.00,0.00,1.0,-1,-1,-1
291,22,1436.00,731.00,176.00,349.00,1.0,-1,-1,-1
291,23,0.00,0.00,0.00,0.00,1.0,-1,-1,-1
291,24,0.00,0.00,0.00,0.00,1.0,-1,-1,-1
291,25,0.00,0.00,0.00,0.00,1.0,-1,-1,-1
291,26,738.00,409.00,90.00,209.00,1.0,-1,-1,-1
291,27,0.00,0.00,0.00,0.00,1.0,-1,-1,-1
291,28,0.00,0.00,0.00,0.00,1.0,-1,-1,-1
291,29,0.00,0.00,0.00,0.00,1.0,-1,-1,-1
291,30,1851.00,504.00,69.00,280.00,1.0,-1,-1,-1
291,31,776.00,646.00,77.00,194.00,1.0,-1,-1,-1
291,32,499.00,435.00,68.00,216.00,1.0,-1,-1,-1
291,33,1021.00,508.00,78.00,243.00,1.0,-1,-1,-1
291,34,1759.00,593.00,63.00,205.00,1.0,-1,-1,-1
291,35,902.00,553.00,103.00,252.00,1.0,-1,-1,-1
291,36,1909.00,477.00,11.00,60.00,1.0,-1,-1,-1
291,37,1492.00,296.00,43.00,166.00,1.0,-1,-1,-1
292,0,1430.00,654.00,132.00,287.00,1.0,-1,-1,-1
292,1,0.00,0.00,0.00,0.00,1.0,-1,-1,-1
292,2,0.00,0.00,0.00,0.00,1.0,-1,-1,-1
292,3,0.00,0.00,0.00,0.00,1.0,-1,-1,-1
292,4,0.00,0.00,0.00,0.00,1.0,-1,-1,-1
292,5,0.00,0.00,0.00,0.00,1.0,-1,-1,-1
292,6,0.00,0.00,0.00,0.00,1.0,-1,-1,-1
292,7,0.00,0.00,0.00,0.00,1.0,-1,-1,-1
292,8,0.00,0.00,0.00,0.00,1.0,-1,-1,-1
292,9,0.00,0.00,0.00,0.00,1.0,-1,-1,-1
292,10,1067.00,480.00,51.00,98.00,1.0,-1,-1,-1
292,11,0.00,0.00,0.00,0.00,1.0,-1,-1,-1
292,12,0.00,0.00,0.00,0.00,1.0,-1,-1,-1
292,13,0.00,0.00,0.00,0.00,1.0,-1,-1,-1
292,14,0.00,0.00,0.00,0.00,1.0,-1,-1,-1
292,15,0.00,0.00,0.00,0.00,1.0,-1,-1,-1
292,16,0.00,0.00,0.00,0.00,1.0,-1,-1,-1
292,17,1261.00,515.00,92.00,256.00,1.0,-1,-1,-1
292,18,0.00,0.00,0.00,0.00,1.0,-1,-1,-1
292,19,993.00,489.00,62.00,259.00,1.0,-1,-1,-1
292,20,1546.00,560.00,160.00,317.00,1.0,-1,-1,-1
292,21,0.00,0.00,0.00,0.00,1.0,-1,-1,-1
292,22,1439.00,739.00,178.00,341.00,1.0,-1,-1,-1
292,23,0.00,0.00,0.00,0.00,1.0,-1,-1,-1
292,24,0.00,0.00,0.00,0.00,1.0,-1,-1,-1
292,25,0.00,0.00,0.00,0.00,1.0,-1,-1,-1
292,26,739.00,409.00,90.00,208.00,1.0,-1,-1,-1
292,27,0.00,0.00,0.00,0.00,1.0,-1,-1,-1
292,28,0.00,0.00,0.00,0.00,1.0,-1,-1,-1
292,29,0.00,0.00,0.00,0.00,1.0,-1,-1,-1
292,30,1856.00,508.00,64.00,274.00,1.0,-1,-1,-1
292,31,776.00,645.00,77.00,195.00,1.0,-1,-1,-1
292,32,496.00,436.00,66.00,214.00,1.0,-1,-1,-1
292,33,1022.00,510.00,85.00,241.00,1.0,-1,-1,-1
292,34,1763.00,604.00,65.00,197.00,1.0,-1,-1,-1
292,35,901.00,555.00,104.00,251.00,1.0,-1,-1,-1
292,36,1912.00,479.00,8.00,56.00,1.0,-1,-1,-1
292,37,1492.00,295.00,44.00,168.00,1.0,-1,-1,-1
293,0,1428.00,653.00,131.00,288.00,1.0,-1,-1,-1
293,1,0.00,0.00,0.00,0.00,1.0,-1,-1,-1
293,2,0.00,0.00,0.00,0.00,1.0,-1,-1,-1
293,3,0.00,0.00,0.00,0.00,1.0,-1,-1,-1
293,4,0.00,0.00,0.00,0.00,1.0,-1,-1,-1
293,5,0.00,0.00,0.00,0.00,1.0,-1,-1,-1
293,6,0.00,0.00,0.00,0.00,1.0,-1,-1,-1
293,7,0.00,0.00,0.00,0.00,1.0,-1,-1,-1
293,8,0.00,0.00,0.00,0.00,1.0,-1,-1,-1
293,9,0.00,0.00,0.00,0.00,1.0,-1,-1,-1
293,10,1066.00,479.00,53.00,86.00,1.0,-1,-1,-1
293,11,0.00,0.00,0.00,0.00,1.0,-1,-1,-1
293,12,0.00,0.00,0.00,0.00,1.0,-1,-1,-1
293,13,0.00,0.00,0.00,0.00,1.0,-1,-1,-1
293,14,0.00,0.00,0.00,0.00,1.0,-1,-1,-1
293,15,0.00,0.00,0.00,0.00,1.0,-1,-1,-1
293,16,0.00,0.00,0.00,0.00,1.0,-1,-1,-1
293,17,1277.00,516.00,80.00,254.00,1.0,-1,-1,-1
293,18,0.00,0.00,0.00,0.00,1.0,-1,-1,-1
293,19,994.00,489.00,61.00,256.00,1.0,-1,-1,-1
293,20,1552.00,560.00,161.00,321.00,1.0,-1,-1,-1
293,21,0.00,0.00,0.00,0.00,1.0,-1,-1,-1
293,22,1442.00,742.00,181.00,338.00,1.0,-1,-1,-1
293,23,0.00,0.00,0.00,0.00,1.0,-1,-1,-1
293,24,0.00,0.00,0.00,0.00,1.0,-1,-1,-1
293,25,0.00,0.00,0.00,0.00,1.0,-1,-1,-1
293,26,741.00,408.00,89.00,215.00,1.0,-1,-1,-1
293,27,0.00,0.00,0.00,0.00,1.0,-1,-1,-1
293,28,0.00,0.00,0.00,0.00,1.0,-1,-1,-1
293,29,0.00,0.00,0.00,0.00,1.0,-1,-1,-1
293,30,1862.00,508.00,58.00,276.00,1.0,-1,-1,-1
293,31,776.00,645.00,75.00,197.00,1.0,-1,-1,-1
293,32,494.00,435.00,65.00,215.00,1.0,-1,-1,-1
293,33,1021.00,511.00,87.00,240.00,1.0,-1,-1,-1
293,34,1768.00,605.00,71.00,197.00,1.0,-1,-1,-1
293,35,899.00,555.00,105.00,253.00,1.0,-1,-1,-1
293,36,1914.00,489.00,6.00,20.00,1.0,-1,-1,-1
293,37,1491.00,295.00,45.00,170.00,1.0,-1,-1,-1
294,0,1421.00,654.00,134.00,288.00,1.0,-1,-1,-1
294,1,0.00,0.00,0.00,0.00,1.0,-1,-1,-1
294,2,0.00,0.00,0.00,0.00,1.0,-1,-1,-1
294,3,0.00,0.00,0.00,0.00,1.0,-1,-1,-1
294,4,0.00,0.00,0.00,0.00,1.0,-1,-1,-1
294,5,0.00,0.00,0.00,0.00,1.0,-1,-1,-1
294,6,0.00,0.00,0.00,0.00,1.0,-1,-1,-1
294,7,0.00,0.00,0.00,0.00,1.0,-1,-1,-1
294,8,0.00,0.00,0.00,0.00,1.0,-1,-1,-1
294,9,0.00,0.00,0.00,0.00,1.0,-1,-1,-1
294,10,1067.00,480.00,52.00,78.00,1.0,-1,-1,-1
294,11,0.00,0.00,0.00,0.00,1.0,-1,-1,-1
294,12,0.00,0.00,0.00,0.00,1.0,-1,-1,-1
294,13,0.00,0.00,0.00,0.00,1.0,-1,-1,-1
294,14,0.00,0.00,0.00,0.00,1.0,-1,-1,-1
294,15,0.00,0.00,0.00,0.00,1.0,-1,-1,-1
294,16,0.00,0.00,0.00,0.00,1.0,-1,-1,-1
294,17,1283.00,518.00,76.00,253.00,1.0,-1,-1,-1
294,18,0.00,0.00,0.00,0.00,1.0,-1,-1,-1
294,19,994.00,487.00,60.00,226.00,1.0,-1,-1,-1
294,20,1560.00,563.00,158.00,319.00,1.0,-1,-1,-1
294,21,0.00,0.00,0.00,0.00,1.0,-1,-1,-1
294,22,1443.00,710.00,196.00,370.00,1.0,-1,-1,-1
294,23,0.00,0.00,0.00,0.00,1.0,-1,-1,-1
294,24,0.00,0.00,0.00,0.00,1.0,-1,-1,-1
294,25,0.00,0.00,0.00,0.00,1.0,-1,-1,-1
294,26,743.00,411.00,88.00,212.00,1.0,-1,-1,-1
294,27,0.00,0.00,0.00,0.00,1.0,-1,-1,-1
294,28,0.00,0.00,0.00,0.00,1.0,-1,-1,-1
294,29,0.00,0.00,0.00,0.00,1.0,-1,-1,-1
294,30,1870.00,512.00,50.00,270.00,1.0,-1,-1,-1
294,31,775.00,645.00,74.00,203.00,1.0,-1,-1,-1
294,32,489.00,435.00,68.00,216.00,1.0,-1,-1,-1
294,33,1032.00,514.00,120.00,255.00,1.0,-1,-1,-1
294,34,1782.00,600.00,64.00,204.00,1.0,-1,-1,-1
294,35,900.00,557.00,99.00,257.00,1.0,-1,-1,-1
294,36,1915.00,495.00,5.00,14.00,1.0,-1,-1,-1
294,37,1493.00,295.00,43.00,165.00,1.0,-1,-1,-1
295,0,1420.00,653.00,129.00,288.00,1.0,-1,-1,-1
295,1,0.00,0.00,0.00,0.00,1.0,-1,-1,-1
295,2,0.00,0.00,0.00,0.00,1.0,-1,-1,-1
295,3,0.00,0.00,0.00,0.00,1.0,-1,-1,-1
295,4,0.00,0.00,0.00,0.00,1.0,-1,-1,-1
295,5,0.00,0.00,0.00,0.00,1.0,-1,-1,-1
295,6,0.00,0.00,0.00,0.00,1.0,-1,-1,-1
295,7,0.00,0.00,0.00,0.00,1.0,-1,-1,-1
295,8,0.00,0.00,0.00,0.00,1.0,-1,-1,-1
295,9,0.00,0.00,0.00,0.00,1.0,-1,-1,-1
295,10,1066.00,481.00,55.00,68.00,1.0,-1,-1,-1
295,11,0.00,0.00,0.00,0.00,1.0,-1,-1,-1
295,12,0.00,0.00,0.00,0.00,1.0,-1,-1,-1
295,13,0.00,0.00,0.00,0.00,1.0,-1,-1,-1
295,14,0.00,0.00,0.00,0.00,1.0,-1,-1,-1
295,15,0.00,0.00,0.00,0.00,1.0,-1,-1,-1
295,16,0.00,0.00,0.00,0.00,1.0,-1,-1,-1
295,17,1287.00,516.00,89.00,257.00,1.0,-1,-1,-1
295,18,0.00,0.00,0.00,0.00,1.0,-1,-1,-1
295,19,996.00,491.00,61.00,219.00,1.0,-1,-1,-1
295,20,1568.00,564.00,161.00,319.00,1.0,-1,-1,-1
295,21,0.00,0.00,0.00,0.00,1.0,-1,-1,-1
295,22,1445.00,719.00,191.00,361.00,1.0,-1,-1,-1
295,23,0.00,0.00,0.00,0.00,1.0,-1,-1,-1
295,24,0.00,0.00,0.00,0.00,1.0,-1,-1,-1
295,25,0.00,0.00,0.00,0.00,1.0,-1,-1,-1
295,26,746.00,409.00,86.00,209.00,1.0,-1,-1,-1
295,27,0.00,0.00,0.00,0.00,1.0,-1,-1,-1
295,28,0.00,0.00,0.00,0.00,1.0,-1,-1,-1
295,29,0.00,0.00,0.00,0.00,1.0,-1,-1,-1
295,30,1876.00,510.00,44.00,269.00,1.0,-1,-1,-1
295,31,775.00,643.00,75.00,204.00,1.0,-1,-1,-1
295,32,490.00,437.00,64.00,213.00,1.0,-1,-1,-1
295,33,1038.00,512.00,130.00,255.00,1.0,-1,-1,-1
295,34,1791.00,599.00,60.00,207.00,1.0,-1,-1,-1
295,35,896.00,557.00,114.00,256.00,1.0,-1,-1,-1
295,36,0.00,0.00,0.00,0.00,1.0,-1,-1,-1
295,37,1494.00,295.00,43.00,166.00,1.0,-1,-1,-1
296,0,1418.00,656.00,129.00,285.00,1.0,-1,-1,-1
296,1,0.00,0.00,0.00,0.00,1.0,-1,-1,-1
296,2,0.00,0.00,0.00,0.00,1.0,-1,-1,-1
296,3,0.00,0.00,0.00,0.00,1.0,-1,-1,-1
296,4,0.00,0.00,0.00,0.00,1.0,-1,-1,-1
296,5,0.00,0.00,0.00,0.00,1.0,-1,-1,-1
296,6,0.00,0.00,0.00,0.00,1.0,-1,-1,-1
296,7,0.00,0.00,0.00,0.00,1.0,-1,-1,-1
296,8,0.00,0.00,0.00,0.00,1.0,-1,-1,-1
296,9,0.00,0.00,0.00,0.00,1.0,-1,-1,-1
296,10,1073.00,480.00,35.00,40.00,1.0,-1,-1,-1
296,11,0.00,0.00,0.00,0.00,1.0,-1,-1,-1
296,12,0.00,0.00,0.00,0.00,1.0,-1,-1,-1
296,13,0.00,0.00,0.00,0.00,1.0,-1,-1,-1
296,14,0.00,0.00,0.00,0.00,1.0,-1,-1,-1
296,15,0.00,0.00,0.00,0.00,1.0,-1,-1,-1
296,16,0.00,0.00,0.00,0.00,1.0,-1,-1,-1
296,17,1288.00,515.00,93.00,260.00,1.0,-1,-1,-1
296,18,0.00,0.00,0.00,0.00,1.0,-1,-1,-1
296,19,996.00,490.00,63.00,218.00,1.0,-1,-1,-1
296,20,1577.00,565.00,159.00,318.00,1.0,-1,-1,-1
296,21,0.00,0.00,0.00,0.00,1.0,-1,-1,-1
296,22,1449.00,758.00,191.00,322.00,1.0,-1,-1,-1
296,23,0.00,0.00,0.00,0.00,1.0,-1,-1,-1
296,24,0.00,0.00,0.00,0.00,1.0,-1,-1,-1
296,25,0.00,0.00,0.00,0.00,1.0,-1,-1,-1
296,26,747.00,411.00,86.00,201.00,1.0,-1,-1,-1
296,27,0.00,0.00,0.00,0.00,1.0,-1,-1,-1
296,28,0.00,0.00,0.00,0.00,1.0,-1,-1,-1
296,29,0.00,0.00,0.00,0.00,1.0,-1,-1,-1
296,30,1883.00,525.00,37.00,257.00,1.0,-1,-1,-1
296,31,774.00,650.00,74.00,196.00,1.0,-1,-1,-1
296,32,487.00,440.00,64.00,211.00,1.0,-1,-1,-1
296,33,1046.00,512.00,125.00,254.00,1.0,-1,-1,-1
296,34,1797.00,603.00,59.00,205.00,1.0,-1,-1,-1
296,35,896.00,558.00,113.00,257.00,1.0,-1,-1,-1
296,36,0.00,0.00,0.00,0.00,1.0,-1,-1,-1
296,37,1492.00,295.00,46.00,170.00,1.0,-1,-1,-1
297,0,1413.00,658.00,136.00,282.00,1.0,-1,-1,-1
297,1,0.00,0.00,0.00,0.00,1.0,-1,-1,-1
297,2,0.00,0.00,0.00,0.00,1.0,-1,-1,-1
297,3,0.00,0.00,0.00,0.00,1.0,-1,-1,-1
297,4,0.00,0.00,0.00,0.00,1.0,-1,-1,-1
297,5,0.00,0.00,0.00,0.00,1.0,-1,-1,-1
297,6,0.00,0.00,0.00,0.00,1.0,-1,-1,-1
297,7,0.00,0.00,0.00,0.00,1.0,-1,-1,-1
297,8,0.00,0.00,0.00,0.00,1.0,-1,-1,-1
297,9,0.00,0.00,0.00,0.00,1.0,-1,-1,-1
297,10,1073.00,480.00,34.00,51.00,1.0,-1,-1,-1
297,11,0.00,0.00,0.00,0.00,1.0,-1,-1,-1
297,12,0.00,0.00,0.00,0.00,1.0,-1,-1,-1
297,13,0.00,0.00,0.00,0.00,1.0,-1,-1,-1
297,14,0.00,0.00,0.00,0.00,1.0,-1,-1,-1
297,15,0.00,0.00,0.00,0.00,1.0,-1,-1,-1
297,16,0.00,0.00,0.00,0.00,1.0,-1,-1,-1
297,17,1288.00,516.00,92.00,262.00,1.0,-1,-1,-1
297,18,0.00,0.00,0.00,0.00,1.0,-1,-1,-1
297,19,996.00,491.00,67.00,218.00,1.0,-1,-1,-1
297,20,1584.00,567.00,159.00,316.00,1.0,-1,-1,-1
297,21,0.00,0.00,0.00,0.00,1.0,-1,-1,-1
297,22,1451.00,760.00,196.00,320.00,1.0,-1,-1,-1
297,23,0.00,0.00,0.00,0.00,1.0,-1,-1,-1
297,24,0.00,0.00,0.00,0.00,1.0,-1,-1,-1
297,25,0.00,0.00,0.00,0.00,1.0,-1,-1,-1
297,26,747.00,411.00,88.00,200.00,1.0,-1,-1,-1
297,27,0.00,0.00,0.00,0.00,1.0,-1,-1,-1
297,28,0.00,0.00,0.00,0.00,1.0,-1,-1,-1
297,29,0.00,0.00,0.00,0.00,1.0,-1,-1,-1
297,30,1889.00,555.00,31.00,233.00,1.0,-1,-1,-1
297,31,773.00,654.00,74.00,193.00,1.0,-1,-1,-1
297,32,483.00,440.00,63.00,211.00,1.0,-1,-1,-1
297,33,1053.00,512.00,120.00,255.00,1.0,-1,-1,-1
297,34,1802.00,605.00,58.00,204.00,1.0,-1,-1,-1
297,35,895.00,559.00,112.00,259.00,1.0,-1,-1,-1
297,36,0.00,0.00,0.00,0.00,1.0,-1,-1,-1
297,37,1493.00,295.00,43.00,165.00,1.0,-1,-1,-1
297,38,1654.00,605.00,101.00,279.00,1.0,-1,-1,-1
298,0,1413.00,654.00,138.00,165.00,1.0,-1,-1,-1
298,1,0.00,0.00,0.00,0.00,1.0,-1,-1,-1
298,2,0.00,0.00,0.00,0.00,1.0,-1,-1,-1
298,3,0.00,0.00,0.00,0.00,1.0,-1,-1,-1
298,4,0.00,0.00,0.00,0.00,1.0,-1,-1,-1
298,5,0.00,0.00,0.00,0.00,1.0,-1,-1,-1
298,6,0.00,0.00,0.00,0.00,1.0,-1,-1,-1
298,7,0.00,0.00,0.00,0.00,1.0,-1,-1,-1
298,8,0.00,0.00,0.00,0.00,1.0,-1,-1,-1
298,9,0.00,0.00,0.00,0.00,1.0,-1,-1,-1
298,10,1061.00,481.00,45.00,87.00,1.0,-1,-1,-1
298,11,0.00,0.00,0.00,0.00,1.0,-1,-1,-1
298,12,0.00,0.00,0.00,0.00,1.0,-1,-1,-1
298,13,0.00,0.00,0.00,0.00,1.0,-1,-1,-1
298,14,0.00,0.00,0.00,0.00,1.0,-1,-1,-1
298,15,0.00,0.00,0.00,0.00,1.0,-1,-1,-1
298,16,0.00,0.00,0.00,0.00,1.0,-1,-1,-1
298,17,1289.00,519.00,101.00,260.00,1.0,-1,-1,-1
298,18,0.00,0.00,0.00,0.00,1.0,-1,-1,-1
298,19,996.00,489.00,77.00,222.00,1.0,-1,-1,-1
298,20,1590.00,570.00,173.00,312.00,1.0,-1,-1,-1
298,21,0.00,0.00,0.00,0.00,1.0,-1,-1,-1
298,22,1457.00,763.00,192.00,317.00,1.0,-1,-1,-1
298,23,0.00,0.00,0.00,0.00,1.0,-1,-1,-1
298,24,0.00,0.00,0.00,0.00,1.0,-1,-1,-1
298,25,0.00,0.00,0.00,0.00,1.0,-1,-1,-1
298,26,750.00,413.00,87.00,199.00,1.0,-1,-1,-1
298,27,0.00,0.00,0.00,0.00,1.0,-1,-1,-1
298,28,0.00,0.00,0.00,0.00,1.0,-1,-1,-1
298,29,0.00,0.00,0.00,0.00,1.0,-1,-1,-1
298,30,1871.00,564.00,49.00,215.00,1.0,-1,-1,-1
298,31,772.00,657.00,75.00,198.00,1.0,-1,-1,-1
298,32,482.00,440.00,63.00,210.00,1.0,-1,-1,-1
298,33,1059.00,514.00,115.00,253.00,1.0,-1,-1,-1
298,34,1810.00,602.00,55.00,207.00,1.0,-1,-1,-1
298,35,895.00,561.00,111.00,258.00,1.0,-1,-1,-1
298,36,0.00,0.00,0.00,0.00,1.0,-1,-1,-1
298,37,1492.00,296.00,45.00,164.00,1.0,-1,-1,-1
298,38,1660.00,606.00,101.00,279.00,1.0,-1,-1,-1
299,0,1412.00,655.00,135.00,183.00,1.0,-1,-1,-1
299,1,0.00,0.00,0.00,0.00,1.0,-1,-1,-1
299,2,0.00,0.00,0.00,0.00,1.0,-1,-1,-1
299,3,0.00,0.00,0.00,0.00,1.0,-1,-1,-1
299,4,0.00,0.00,0.00,0.00,1.0,-1,-1,-1
299,5,0.00,0.00,0.00,0.00,1.0,-1,-1,-1
299,6,0.00,0.00,0.00,0.00,1.0,-1,-1,-1
299,7,0.00,0.00,0.00,0.00,1.0,-1,-1,-1
299,8,0.00,0.00,0.00,0.00,1.0,-1,-1,-1
299,9,0.00,0.00,0.00,0.00,1.0,-1,-1,-1
299,10,1073.00,481.00,35.00,67.00,1.0,-1,-1,-1
299,11,0.00,0.00,0.00,0.00,1.0,-1,-1,-1
299,12,0.00,0.00,0.00,0.00,1.0,-1,-1,-1
299,13,0.00,0.00,0.00,0.00,1.0,-1,-1,-1
299,14,0.00,0.00,0.00,0.00,1.0,-1,-1,-1
299,15,0.00,0.00,0.00,0.00,1.0,-1,-1,-1
299,16,0.00,0.00,0.00,0.00,1.0,-1,-1,-1
299,17,1293.00,523.00,108.00,254.00,1.0,-1,-1,-1
299,18,0.00,0.00,0.00,0.00,1.0,-1,-1,-1
299,19,997.00,490.00,79.00,221.00,1.0,-1,-1,-1
299,20,1593.00,572.00,174.00,296.00,1.0,-1,-1,-1
299,21,0.00,0.00,0.00,0.00,1.0,-1,-1,-1
299,22,1464.00,762.00,187.00,318.00,1.0,-1,-1,-1
299,23,0.00,0.00,0.00,0.00,1.0,-1,-1,-1
299,24,0.00,0.00,0.00,0.00,1.0,-1,-1,-1
299,25,0.00,0.00,0.00,0.00,1.0,-1,-1,-1
299,26,752.00,412.00,87.00,204.00,1.0,-1,-1,-1
299,27,0.00,0.00,0.00,0.00,1.0,-1,-1,-1
299,28,0.00,0.00,0.00,0.00,1.0,-1,-1,-1
299,29,0.00,0.00,0.00,0.00,1.0,-1,-1,-1
299,30,1878.00,575.00,42.00,207.00,1.0,-1,-1,-1
299,31,772.00,658.00,75.00,199.00,1.0,-1,-1,-1
299,32,481.00,442.00,67.00,208.00,1.0,-1,-1,-1
299,33,1067.00,514.00,112.00,253.00,1.0,-1,-1,-1
299,34,1816.00,600.00,59.00,208.00,1.0,-1,-1,-1
299,35,896.00,559.00,110.00,262.00,1.0,-1,-1,-1
299,36,0.00,0.00,0.00,0.00,1.0,-1,-1,-1
299,37,1495.00,296.00,43.00,164.00,1.0,-1,-1,-1
299,38,1667.00,606.00,101.00,278.00,1.0,-1,-1,-1
300,0,1411.00,658.00,128.00,283.00,1.0,-1,-1,-1
300,1,0.00,0.00,0.00,0.00,1.0,-1,-1,-1
300,2,0.00,0.00,0.00,0.00,1.0,-1,-1,-1
300,3,0.00,0.00,0.00,0.00,1.0,-1,-1,-1
300,4,0.00,0.00,0.00,0.00,1.0,-1,-1,-1
300,5,0.00,0.00,0.00,0.00,1.0,-1,-1,-1
300,6,0.00,0.00,0.00,0.00,1.0,-1,-1,-1
300,7,0.00,0.00,0.00,0.00,1.0,-1,-1,-1
300,8,0.00,0.00,0.00,0.00,1.0,-1,-1,-1
300,9,0.00,0.00,0.00,0.00,1.0,-1,-1,-1
300,10,1072.00,481.00,38.00,70.00,1.0,-1,-1,-1
300,11,0.00,0.00,0.00,0.00,1.0,-1,-1,-1
300,12,0.00,0.00,0.00,0.00,1.0,-1,-1,-1
300,13,0.00,0.00,0.00,0.00,1.0,-1,-1,-1
300,14,0.00,0.00,0.00,0.00,1.0,-1,-1,-1
300,15,0.00,0.00,0.00,0.00,1.0,-1,-1,-1
300,16,0.00,0.00,0.00,0.00,1.0,-1,-1,-1
300,17,1298.00,524.00,127.00,258.00,1.0,-1,-1,-1
300,18,0.00,0.00,0.00,0.00,1.0,-1,-1,-1
300,19,997.00,491.00,82.00,221.00,1.0,-1,-1,-1
300,20,1598.00,573.00,167.00,273.00,1.0,-1,-1,-1
300,21,0.00,0.00,0.00,0.00,1.0,-1,-1,-1
300,22,1470.00,762.00,200.00,318.00,1.0,-1,-1,-1
300,23,0.00,0.00,0.00,0.00,1.0,-1,-1,-1
300,24,0.00,0.00,0.00,0.00,1.0,-1,-1,-1
300,25,0.00,0.00,0.00,0.00,1.0,-1,-1,-1
300,26,754.00,410.00,88.00,205.00,1.0,-1,-1,-1
300,27,0.00,0.00,0.00,0.00,1.0,-1,-1,-1
300,28,0.00,0.00,0.00,0.00,1.0,-1,-1,-1
300,29,0.00,0.00,0.00,0.00,1.0,-1,-1,-1
300,30,1882.00,573.00,38.00,208.00,1.0,-1,-1,-1
300,31,769.00,660.00,76.00,199.00,1.0,-1,-1,-1
300,32,479.00,441.00,69.00,210.00,1.0,-1,-1,-1
300,33,1090.00,515.00,101.00,253.00,1.0,-1,-1,-1
300,34,1819.00,600.00,65.00,209.00,1.0,-1,-1,-1
300,35,896.00,561.00,108.00,260.00,1.0,-1,-1,-1
300,36,0.00,0.00,0.00,0.00,1.0,-1,-1,-1
300,37,1493.00,296.00,46.00,165.00,1.0,-1,-1,-1
300,38,1678.00,607.00,106.00,277.00,1.0,-1,-1,-1
300,39,1460.00,471.00,92.00,211.00,1.0,-1,-1,-1
301,0,1409.00,658.00,129.00,284.00,1.0,-1,-1,-1
301,1,0.00,0.00,0.00,0.00,1.0,-1,-1,-1
301,2,0.00,0.00,0.00,0.00,1.0,-1,-1,-1
301,3,0.00,0.00,0.00,0.00,1.0,-1,-1,-1
301,4,0.00,0.00,0.00,0.00,1.0,-1,-1,-1
301,5,0.00,0.00,0.00,0.00,1.0,-1,-1,-1
301,6,0.00,0.00,0.00,0.00,1.0,-1,-1,-1
301,7,0.00,0.00,0.00,0.00,1.0,-1,-1,-1
301,8,0.00,0.00,0.00,0.00,1.0,-1,-1,-1
301,9,0.00,0.00,0.00,0.00,1.0,-1,-1,-1
301,10,1072.00,481.00,41.00,72.00,1.0,-1,-1,-1
301,11,0.00,0.00,0.00,0.00,1.0,-1,-1,-1
301,12,0.00,0.00,0.00,0.00,1.0,-1,-1,-1
301,13,0.00,0.00,0.00,0.00,1.0,-1,-1,-1
301,14,0.00,0.00,0.00,0.00,1.0,-1,-1,-1
301,15,0.00,0.00,0.00,0.00,1.0,-1,-1,-1
301,16,0.00,0.00,0.00,0.00,1.0,-1,-1,-1
301,17,1301.00,525.00,129.00,259.00,1.0,-1,-1,-1
301,18,0.00,0.00,0.00,0.00,1.0,-1,-1,-1
301,19,996.00,493.00,85.00,218.00,1.0,-1,-1,-1
301,20,1608.00,573.00,181.00,310.00,1.0,-1,-1,-1
301,21,1839.00,520.00,81.00,285.00,1.0,-1,-1,-1
301,22,1474.00,762.00,175.00,318.00,1.0,-1,-1,-1
301,23,0.00,0.00,0.00,0.00,1.0,-1,-1,-1
301,24,0.00,0.00,0.00,0.00,1.0,-1,-1,-1
301,25,0.00,0.00,0.00,0.00,1.0,-1,-1,-1
301,26,755.00,410.00,88.00,203.00,1.0,-1,-1,-1
301,27,0.00,0.00,0.00,0.00,1.0,-1,-1,-1
301,28,0.00,0.00,0.00,0.00,1.0,-1,-1,-1
301,29,0.00,0.00,0.00,0.00,1.0,-1,-1,-1
301,30,0.00,0.00,0.00,0.00,1.0,-1,-1,-1
301,31,769.00,659.00,76.00,201.00,1.0,-1,-1,-1
301,32,476.00,440.00,66.00,210.00,1.0,-1,-1,-1
301,33,1090.00,516.00,111.00,252.00,1.0,-1,-1,-1
301,34,1830.00,603.00,65.00,204.00,1.0,-1,-1,-1
301,35,895.00,562.00,107.00,260.00,1.0,-1,-1,-1
301,36,0.00,0.00,0.00,0.00,1.0,-1,-1,-1
301,37,1492.00,297.00,46.00,164.00,1.0,-1,-1,-1
301,38,1685.00,608.00,102.00,275.00,1.0,-1,-1,-1
301,39,1461.00,471.00,96.00,188.00,1.0,-1,-1,-1
302,0,1409.00,659.00,130.00,283.00,1.0,-1,-1,-1
302,1,0.00,0.00,0.00,0.00,1.0,-1,-1,-1
302,2,0.00,0.00,0.00,0.00,1.0,-1,-1,-1
302,3,0.00,0.00,0.00,0.00,1.0,-1,-1,-1
302,4,0.00,0.00,0.00,0.00,1.0,-1,-1,-1
302,5,0.00,0.00,0.00,0.00,1.0,-1,-1,-1
302,6,0.00,0.00,0.00,0.00,1.0,-1,-1,-1
302,7,0.00,0.00,0.00,0.00,1.0,-1,-1,-1
302,8,0.00,0.00,0.00,0.00,1.0,-1,-1,-1
302,9,0.00,0.00,0.00,0.00,1.0,-1,-1,-1
302,10,1072.00,481.00,47.00,74.00,1.0,-1,-1,-1
302,11,0.00,0.00,0.00,0.00,1.0,-1,-1,-1
302,12,0.00,0.00,0.00,0.00,1.0,-1,-1,-1
302,13,0.00,0.00,0.00,0.00,1.0,-1,-1,-1
302,14,0.00,0.00,0.00,0.00,1.0,-1,-1,-1
302,15,0.00,0.00,0.00,0.00,1.0,-1,-1,-1
302,16,0.00,0.00,0.00,0.00,1.0,-1,-1,-1
302,17,1308.00,526.00,122.00,259.00,1.0,-1,-1,-1
302,18,0.00,0.00,0.00,0.00,1.0,-1,-1,-1
302,19,996.00,494.00,85.00,217.00,1.0,-1,-1,-1
302,20,1621.00,571.00,176.00,303.00,1.0,-1,-1,-1
302,21,1868.00,516.00,52.00,289.00,1.0,-1,-1,-1
302,22,1481.00,759.00,190.00,321.00,1.0,-1,-1,-1
302,23,0.00,0.00,0.00,0.00,1.0,-1,-1,-1
302,24,0.00,0.00,0.00,0.00,1.0,-1,-1,-1
302,25,0.00,0.00,0.00,0.00,1.0,-1,-1,-1
302,26,756.00,408.00,88.00,202.00,1.0,-1,-1,-1
302,27,0.00,0.00,0.00,0.00,1.0,-1,-1,-1
302,28,0.00,0.00,0.00,0.00,1.0,-1,-1,-1
302,29,0.00,0.00,0.00,0.00,1.0,-1,-1,-1
302,30,0.00,0.00,0.00,0.00,1.0,-1,-1,-1
302,31,768.00,659.00,77.00,201.00,1.0,-1,-1,-1
302,32,476.00,439.00,67.00,209.00,1.0,-1,-1,-1
302,33,1091.00,516.00,118.00,253.00,1.0,-1,-1,-1
302,34,1833.00,604.00,72.00,196.00,1.0,-1,-1,-1
302,35,895.00,562.00,106.00,260.00,1.0,-1,-1,-1
302,36,0.00,0.00,0.00,0.00,1.0,-1,-1,-1
302,37,1494.00,296.00,44.00,165.00,1.0,-1,-1,-1
302,38,1691.00,608.00,105.00,276.00,1.0,-1,-1,-1
302,39,1466.00,471.00,94.00,191.00,1.0,-1,-1,-1
303,0,1408.00,658.00,130.00,283.00,1.0,-1,-1,-1
303,1,0.00,0.00,0.00,0.00,1.0,-1,-1,-1
303,2,0.00,0.00,0.00,0.00,1.0,-1,-1,-1
303,3,0.00,0.00,0.00,0.00,1.0,-1,-1,-1
303,4,0.00,0.00,0.00,0.00,1.0,-1,-1,-1
303,5,0.00,0.00,0.00,0.00,1.0,-1,-1,-1
303,6,0.00,0.00,0.00,0.00,1.0,-1,-1,-1
303,7,0.00,0.00,0.00,0.00,1.0,-1,-1,-1
303,8,0.00,0.00,0.00,0.00,1.0,-1,-1,-1
303,9,0.00,0.00,0.00,0.00,1.0,-1,-1,-1
303,10,1074.00,481.00,49.00,80.00,1.0,-1,-1,-1
303,11,0.00,0.00,0.00,0.00,1.0,-1,-1,-1
303,12,0.00,0.00,0.00,0.00,1.0,-1,-1,-1
303,13,0.00,0.00,0.00,0.00,1.0,-1,-1,-1
303,14,0.00,0.00,0.00,0.00,1.0,-1,-1,-1
303,15,0.00,0.00,0.00,0.00,1.0,-1,-1,-1
303,16,0.00,0.00,0.00,0.00,1.0,-1,-1,-1
303,17,1316.00,523.00,116.00,262.00,1.0,-1,-1,-1
303,18,0.00,0.00,0.00,0.00,1.0,-1,-1,-1
303,19,996.00,495.00,92.00,216.00,1.0,-1,-1,-1
303,20,1627.00,571.00,173.00,305.00,1.0,-1,-1,-1
303,21,1868.00,514.00,52.00,291.00,1.0,-1,-1,-1
303,22,1490.00,756.00,184.00,324.00,1.0,-1,-1,-1
303,23,0.00,0.00,0.00,0.00,1.0,-1,-1,-1
303,24,0.00,0.00,0.00,0.00,1.0,-1,-1,-1
303,25,0.00,0.00,0.00,0.00,1.0,-1,-1,-1
303,26,757.00,407.00,88.00,202.00,1.0,-1,-1,-1
303,27,0.00,0.00,0.00,0.00,1.0,-1,-1,-1
303,28,0.00,0.00,0.00,0.00,1.0,-1,-1,-1
303,29,0.00,0.00,0.00,0.00,1.0,-1,-1,-1
303,30,0.00,0.00,0.00,0.00,1.0,-1,-1,-1
303,31,768.00,660.00,77.00,200.00,1.0,-1,-1,-1
303,32,476.00,437.00,58.00,208.00,1.0,-1,-1,-1
303,33,1098.00,515.00,118.00,256.00,1.0,-1,-1,-1
303,34,1834.00,604.00,79.00,189.00,1.0,-1,-1,-1
303,35,896.00,561.00,103.00,261.00,1.0,-1,-1,-1
303,36,0.00,0.00,0.00,0.00,1.0,-1,-1,-1
303,37,1494.00,296.00,45.00,164.00,1.0,-1,-1,-1
303,38,1696.00,609.00,110.00,273.00,1.0,-1,-1,-1
303,39,1471.00,471.00,93.00,193.00,1.0,-1,-1,-1
304,0,1406.00,658.00,132.00,284.00,1.0,-1,-1,-1
304,1,0.00,0.00,0.00,0.00,1.0,-1,-1,-1
304,2,0.00,0.00,0.00,0.00,1.0,-1,-1,-1
304,3,0.00,0.00,0.00,0.00,1.0,-1,-1,-1
304,4,0.00,0.00,0.00,0.00,1.0,-1,-1,-1
304,5,0.00,0.00,0.00,0.00,1.0,-1,-1,-1
304,6,0.00,0.00,0.00,0.00,1.0,-1,-1,-1
304,7,0.00,0.00,0.00,0.00,1.0,-1,-1,-1
304,8,0.00,0.00,0.00,0.00,1.0,-1,-1,-1
304,9,0.00,0.00,0.00,0.00,1.0,-1,-1,-1
304,10,1073.00,481.00,51.00,92.00,1.0,-1,-1,-1
304,11,0.00,0.00,0.00,0.00,1.0,-1,-1,-1
304,12,0.00,0.00,0.00,0.00,1.0,-1,-1,-1
304,13,0.00,0.00,0.00,0.00,1.0,-1,-1,-1
304,14,0.00,0.00,0.00,0.00,1.0,-1,-1,-1
304,15,0.00,0.00,0.00,0.00,1.0,-1,-1,-1
304,16,0.00,0.00,0.00,0.00,1.0,-1,-1,-1
304,17,1326.00,529.00,108.00,256.00,1.0,-1,-1,-1
304,18,0.00,0.00,0.00,0.00,1.0,-1,-1,-1
304,19,996.00,496.00,93.00,214.00,1.0,-1,-1,-1
304,20,1629.00,571.00,157.00,298.00,1.0,-1,-1,-1
304,21,1892.00,514.00,28.00,193.00,1.0,-1,-1,-1
304,22,1496.00,758.00,181.00,322.00,1.0,-1,-1,-1
304,23,0.00,0.00,0.00,0.00,1.0,-1,-1,-1
304,24,0.00,0.00,0.00,0.00,1.0,-1,-1,-1
304,25,0.00,0.00,0.00,0.00,1.0,-1,-1,-1
304,26,758.00,404.00,87.00,205.00,1.0,-1,-1,-1
304,27,0.00,0.00,0.00,0.00,1.0,-1,-1,-1
304,28,0.00,0.00,0.00,0.00,1.0,-1,-1,-1
304,29,0.00,0.00,0.00,0.00,1.0,-1,-1,-1
304,30,0.00,0.00,0.00,0.00,1.0,-1,-1,-1
304,31,766.00,661.00,78.00,198.00,1.0,-1,-1,-1
304,32,475.00,437.00,54.00,208.00,1.0,-1,-1,-1
304,33,1100.00,520.00,117.00,254.00,1.0,-1,-1,-1
304,34,1839.00,614.00,81.00,190.00,1.0,-1,-1,-1
304,35,894.00,562.00,103.00,260.00,1.0,-1,-1,-1
304,36,0.00,0.00,0.00,0.00,1.0,-1,-1,-1
304,37,1495.00,296.00,44.00,163.00,1.0,-1,-1,-1
304,38,1706.00,610.00,106.00,273.00,1.0,-1,-1,-1
304,39,1474.00,470.00,98.00,197.00,1.0,-1,-1,-1
305,0,1404.00,657.00,135.00,284.00,1.0,-1,-1,-1
305,1,0.00,0.00,0.00,0.00,1.0,-1,-1,-1
305,2,0.00,0.00,0.00,0.00,1.0,-1,-1,-1
305,3,0.00,0.00,0.00,0.00,1.0,-1,-1,-1
305,4,0.00,0.00,0.00,0.00,1.0,-1,-1,-1
305,5,0.00,0.00,0.00,0.00,1.0,-1,-1,-1
305,6,0.00,0.00,0.00,0.00,1.0,-1,-1,-1
305,7,0.00,0.00,0.00,0.00,1.0,-1,-1,-1
305,8,0.00,0.00,0.00,0.00,1.0,-1,-1,-1
305,9,0.00,0.00,0.00,0.00,1.0,-1,-1,-1
305,10,1074.00,481.00,52.00,100.00,1.0,-1,-1,-1
305,11,0.00,0.00,0.00,0.00,1.0,-1,-1,-1
305,12,0.00,0.00,0.00,0.00,1.0,-1,-1,-1
305,13,0.00,0.00,0.00,0.00,1.0,-1,-1,-1
305,14,0.00,0.00,0.00,0.00,1.0,-1,-1,-1
305,15,0.00,0.00,0.00,0.00,1.0,-1,-1,-1
305,16,0.00,0.00,0.00,0.00,1.0,-1,-1,-1
305,17,1331.00,524.00,107.00,262.00,1.0,-1,-1,-1
305,18,0.00,0.00,0.00,0.00,1.0,-1,-1,-1
305,19,996.00,497.00,94.00,214.00,1.0,-1,-1,-1
305,20,1640.00,571.00,149.00,288.00,1.0,-1,-1,-1
305,21,1898.00,514.00,22.00,162.00,1.0,-1,-1,-1
305,22,1497.00,761.00,181.00,319.00,1.0,-1,-1,-1
305,23,0.00,0.00,0.00,0.00,1.0,-1,-1,-1
305,24,0.00,0.00,0.00,0.00,1.0,-1,-1,-1
305,25,0.00,0.00,0.00,0.00,1.0,-1,-1,-1
305,26,760.00,402.00,86.00,205.00,1.0,-1,-1,-1
305,27,0.00,0.00,0.00,0.00,1.0,-1,-1,-1
305,28,0.00,0.00,0.00,0.00,1.0,-1,-1,-1
305,29,0.00,0.00,0.00,0.00,1.0,-1,-1,-1
305,30,0.00,0.00,0.00,0.00,1.0,-1,-1,-1
305,31,767.00,661.00,77.00,198.00,1.0,-1,-1,-1
305,32,476.00,437.00,47.00,209.00,1.0,-1,-1,-1
305,33,1104.00,523.00,112.00,251.00,1.0,-1,-1,-1
305,34,1845.00,614.00,75.00,191.00,1.0,-1,-1,-1
305,35,894.00,561.00,103.00,261.00,1.0,-1,-1,-1
305,36,0.00,0.00,0.00,0.00,1.0,-1,-1,-1
305,37,1495.00,296.00,44.00,164.00,1.0,-1,-1,-1
305,38,1713.00,611.00,105.00,278.00,1.0,-1,-1,-1
305,39,1477.00,471.00,95.00,194.00,1.0,-1,-1,-1
306,0,1403.00,656.00,139.00,285.00,1.0,-1,-1,-1
306,1,0.00,0.00,0.00,0.00,1.0,-1,-1,-1
306,2,0.00,0.00,0.00,0.00,1.0,-1,-1,-1
306,3,0.00,0.00,0.00,0.00,1.0,-1,-1,-1
306,4,0.00,0.00,0.00,0.00,1.0,-1,-1,-1
306,5,0.00,0.00,0.00,0.00,1.0,-1,-1,-1
306,6,0.00,0.00,0.00,0.00,1.0,-1,-1,-1
306,7,0.00,0.00,0.00,0.00,1.0,-1,-1,-1
306,8,0.00,0.00,0.00,0.00,1.0,-1,-1,-1
306,9,0.00,0.00,0.00,0.00,1.0,-1,-1,-1
306,10,1074.00,481.00,50.00,95.00,1.0,-1,-1,-1
306,11,0.00,0.00,0.00,0.00,1.0,-1,-1,-1
306,12,0.00,0.00,0.00,0.00,1.0,-1,-1,-1
306,13,0.00,0.00,0.00,0.00,1.0,-1,-1,-1
306,14,0.00,0.00,0.00,0.00,1.0,-1,-1,-1
306,15,0.00,0.00,0.00,0.00,1.0,-1,-1,-1
306,16,0.00,0.00,0.00,0.00,1.0,-1,-1,-1
306,17,1336.00,526.00,100.00,260.00,1.0,-1,-1,-1
306,18,0.00,0.00,0.00,0.00,1.0,-1,-1,-1
306,19,996.00,496.00,96.00,215.00,1.0,-1,-1,-1
306,20,1642.00,570.00,186.00,290.00,1.0,-1,-1,-1
306,21,1900.00,512.00,20.00,293.00,1.0,-1,-1,-1
306,22,1511.00,766.00,170.00,314.00,1.0,-1,-1,-1
306,23,0.00,0.00,0.00,0.00,1.0,-1,-1,-1
306,24,0.00,0.00,0.00,0.00,1.0,-1,-1,-1
306,25,0.00,0.00,0.00,0.00,1.0,-1,-1,-1
306,26,760.00,403.00,88.00,203.00,1.0,-1,-1,-1
306,27,0.00,0.00,0.00,0.00,1.0,-1,-1,-1
306,28,0.00,0.00,0.00,0.00,1.0,-1,-1,-1
306,29,0.00,0.00,0.00,0.00,1.0,-1,-1,-1
306,30,0.00,0.00,0.00,0.00,1.0,-1,-1,-1
306,31,765.00,661.00,79.00,199.00,1.0,-1,-1,-1
306,32,476.00,439.00,45.00,207.00,1.0,-1,-1,-1
306,33,1105.00,524.00,99.00,253.00,1.0,-1,-1,-1
306,34,1850.00,609.00,70.00,172.00,1.0,-1,-1,-1
306,35,893.00,562.00,104.00,260.00,1.0,-1,-1,-1
306,36,0.00,0.00,0.00,0.00,1.0,-1,-1,-1
306,37,1496.00,296.00,44.00,164.00,1.0,-1,-1,-1
306,38,1716.00,612.00,112.00,277.00,1.0,-1,-1,-1
306,39,1482.00,473.00,93.00,189.00,1.0,-1,-1,-1
307,0,1405.00,657.00,134.00,285.00,1.0,-1,-1,-1
307,1,0.00,0.00,0.00,0.00,1.0,-1,-1,-1
307,2,0.00,0.00,0.00,0.00,1.0,-1,-1,-1
307,3,0.00,0.00,0.00,0.00,1.0,-1,-1,-1
307,4,0.00,0.00,0.00,0.00,1.0,-1,-1,-1
307,5,0.00,0.00,0.00,0.00,1.0,-1,-1,-1
307,6,0.00,0.00,0.00,0.00,1.0,-1,-1,-1
307,7,0.00,0.00,0.00,0.00,1.0,-1,-1,-1
307,8,0.00,0.00,0.00,0.00,1.0,-1,-1,-1
307,9,0.00,0.00,0.00,0.00,1.0,-1,-1,-1
307,10,1073.00,483.00,53.00,100.00,1.0,-1,-1,-1
307,11,0.00,0.00,0.00,0.00,1.0,-1,-1,-1
307,12,0.00,0.00,0.00,0.00,1.0,-1,-1,-1
307,13,0.00,0.00,0.00,0.00,1.0,-1,-1,-1
307,14,0.00,0.00,0.00,0.00,1.0,-1,-1,-1
307,15,0.00,0.00,0.00,0.00,1.0,-1,-1,-1
307,16,0.00,0.00,0.00,0.00,1.0,-1,-1,-1
307,17,1339.00,526.00,100.00,261.00,1.0,-1,-1,-1
307,18,0.00,0.00,0.00,0.00,1.0,-1,-1,-1
307,19,996.00,495.00,97.00,218.00,1.0,-1,-1,-1
307,20,1645.00,571.00,185.00,290.00,1.0,-1,-1,-1
307,21,0.00,0.00,0.00,0.00,1.0,-1,-1,-1
307,22,1516.00,772.00,168.00,308.00,1.0,-1,-1,-1
307,23,0.00,0.00,0.00,0.00,1.0,-1,-1,-1
307,24,0.00,0.00,0.00,0.00,1.0,-1,-1,-1
307,25,0.00,0.00,0.00,0.00,1.0,-1,-1,-1
307,26,760.00,403.00,89.00,195.00,1.0,-1,-1,-1
307,27,0.00,0.00,0.00,0.00,1.0,-1,-1,-1
307,28,0.00,0.00,0.00,0.00,1.0,-1,-1,-1
307,29,0.00,0.00,0.00,0.00,1.0,-1,-1,-1
307,30,0.00,0.00,0.00,0.00,1.0,-1,-1,-1
307,31,765.00,663.00,79.00,197.00,1.0,-1,-1,-1
307,32,476.00,442.00,42.00,202.00,1.0,-1,-1,-1
307,33,1105.00,525.00,100.00,254.00,1.0,-1,-1,-1
307,34,1859.00,615.00,61.00,189.00,1.0,-1,-1,-1
307,35,893.00,564.00,104.00,259.00,1.0,-1,-1,-1
307,36,0.00,0.00,0.00,0.00,1.0,-1,-1,-1
307,37,1499.00,297.00,41.00,163.00,1.0,-1,-1,-1
307,38,1726.00,612.00,108.00,279.00,1.0,-1,-1,-1
307,39,1486.00,473.00,93.00,216.00,1.0,-1,-1,-1
308,0,1405.00,657.00,134.00,286.00,1.0,-1,-1,-1
308,1,0.00,0.00,0.00,0.00,1.0,-1,-1,-1
308,2,0.00,0.00,0.00,0.00,1.0,-1,-1,-1
308,3,0.00,0.00,0.00,0.00,1.0,-1,-1,-1
308,4,0.00,0.00,0.00,0.00,1.0,-1,-1,-1
308,5,0.00,0.00,0.00,0.00,1.0,-1,-1,-1
308,6,0.00,0.00,0.00,0.00,1.0,-1,-1,-1
308,7,0.00,0.00,0.00,0.00,1.0,-1,-1,-1
308,8,0.00,0.00,0.00,0.00,1.0,-1,-1,-1
308,9,0.00,0.00,0.00,0.00,1.0,-1,-1,-1
308,10,1074.00,483.00,53.00,108.00,1.0,-1,-1,-1
308,11,0.00,0.00,0.00,0.00,1.0,-1,-1,-1
308,12,0.00,0.00,0.00,0.00,1.0,-1,-1,-1
308,13,0.00,0.00,0.00,0.00,1.0,-1,-1,-1
308,14,0.00,0.00,0.00,0.00,1.0,-1,-1,-1
308,15,0.00,0.00,0.00,0.00,1.0,-1,-1,-1
308,16,0.00,0.00,0.00,0.00,1.0,-1,-1,-1
308,17,1344.00,527.00,103.00,261.00,1.0,-1,-1,-1
308,18,0.00,0.00,0.00,0.00,1.0,-1,-1,-1
308,19,995.00,494.00,98.00,218.00,1.0,-1,-1,-1
308,20,1648.00,573.00,193.00,308.00,1.0,-1,-1,-1
308,21,0.00,0.00,0.00,0.00,1.0,-1,-1,-1
308,22,1520.00,779.00,168.00,301.00,1.0,-1,-1,-1
308,23,0.00,0.00,0.00,0.00,1.0,-1,-1,-1
308,24,0.00,0.00,0.00,0.00,1.0,-1,-1,-1
308,25,0.00,0.00,0.00,0.00,1.0,-1,-1,-1
308,26,761.00,404.00,89.00,192.00,1.0,-1,-1,-1
308,27,0.00,0.00,0.00,0.00,1.0,-1,-1,-1
308,28,0.00,0.00,0.00,0.00,1.0,-1,-1,-1
308,29,0.00,0.00,0.00,0.00,1.0,-1,-1,-1
308,30,0.00,0.00,0.00,0.00,1.0,-1,-1,-1
308,31,764.00,664.00,80.00,200.00,1.0,-1,-1,-1
308,32,475.00,443.00,40.00,198.00,1.0,-1,-1,-1
308,33,1110.00,522.00,98.00,259.00,1.0,-1,-1,-1
308,34,1868.00,624.00,52.00,182.00,1.0,-1,-1,-1
308,35,893.00,567.00,103.00,260.00,1.0,-1,-1,-1
308,36,0.00,0.00,0.00,0.00,1.0,-1,-1,-1
308,37,1499.00,298.00,42.00,163.00,1.0,-1,-1,-1
308,38,1735.00,613.00,106.00,279.00,1.0,-1,-1,-1
308,39,1490.00,473.00,88.00,251.00,1.0,-1,-1,-1
308,40,1041.00,563.00,83.00,272.00,1.0,-1,-1,-1
309,0,1404.00,656.00,134.00,287.00,1.0,-1,-1,-1
309,1,0.00,0.00,0.00,0.00,1.0,-1,-1,-1
309,2,0.00,0.00,0.00,0.00,1.0,-1,-1,-1
309,3,0.00,0.00,0.00,0.00,1.0,-1,-1,-1
309,4,0.00,0.00,0.00,0.00,1.0,-1,-1,-1
309,5,0.00,0.00,0.00,0.00,1.0,-1,-1,-1
309,6,0.00,0.00,0.00,0.00,1.0,-1,-1,-1
309,7,0.00,0.00,0.00,0.00,1.0,-1,-1,-1
309,8,0.00,0.00,0.00,0.00,1.0,-1,-1,-1
309,9,0.00,0.00,0.00,0.00,1.0,-1,-1,-1
309,10,1075.00,483.00,53.00,112.00,1.0,-1,-1,-1
309,11,0.00,0.00,0.00,0.00,1.0,-1,-1,-1
309,12,0.00,0.00,0.00,0.00,1.0,-1,-1,-1
309,13,0.00,0.00,0.00,0.00,1.0,-1,-1,-1
309,14,0.00,0.00,0.00,0.00,1.0,-1,-1,-1
309,15,0.00,0.00,0.00,0.00,1.0,-1,-1,-1
309,16,0.00,0.00,0.00,0.00,1.0,-1,-1,-1
309,17,1345.00,526.00,107.00,262.00,1.0,-1,-1,-1
309,18,0.00,0.00,0.00,0.00,1.0,-1,-1,-1
309,19,994.00,496.00,103.00,212.00,1.0,-1,-1,-1
309,20,1646.00,574.00,191.00,309.00,1.0,-1,-1,-1
309,21,0.00,0.00,0.00,0.00,1.0,-1,-1,-1
309,22,1521.00,782.00,171.00,298.00,1.0,-1,-1,-1
309,23,0.00,0.00,0.00,0.00,1.0,-1,-1,-1
309,24,0.00,0.00,0.00,0.00,1.0,-1,-1,-1
309,25,0.00,0.00,0.00,0.00,1.0,-1,-1,-1
309,26,763.00,404.00,89.00,188.00,1.0,-1,-1,-1
309,27,0.00,0.00,0.00,0.00,1.0,-1,-1,-1
309,28,0.00,0.00,0.00,0.00,1.0,-1,-1,-1
309,29,0.00,0.00,0.00,0.00,1.0,-1,-1,-1
309,30,0.00,0.00,0.00,0.00,1.0,-1,-1,-1
309,31,764.00,664.00,81.00,205.00,1.0,-1,-1,-1
309,32,479.00,452.00,37.00,191.00,1.0,-1,-1,-1
309,33,1119.00,522.00,94.00,259.00,1.0,-1,-1,-1
309,34,1877.00,676.00,43.00,130.00,1.0,-1,-1,-1
309,35,893.00,569.00,101.00,261.00,1.0,-1,-1,-1
309,36,0.00,0.00,0.00,0.00,1.0,-1,-1,-1
309,37,1501.00,297.00,41.00,168.00,1.0,-1,-1,-1
309,38,1747.00,613.00,92.00,277.00,1.0,-1,-1,-1
309,39,1495.00,476.00,75.00,230.00,1.0,-1,-1,-1
309,40,1040.00,564.00,85.00,272.00,1.0,-1,-1,-1
310,0,1404.00,656.00,135.00,287.00,1.0,-1,-1,-1
310,1,0.00,0.00,0.00,0.00,1.0,-1,-1,-1
310,2,0.00,0.00,0.00,0.00,1.0,-1,-1,-1
310,3,0.00,0.00,0.00,0.00,1.0,-1,-1,-1
310,4,0.00,0.00,0.00,0.00,1.0,-1,-1,-1
310,5,0.00,0.00,0.00,0.00,1.0,-1,-1,-1
310,6,0.00,0.00,0.00,0.00,1.0,-1,-1,-1
310,7,0.00,0.00,0.00,0.00,1.0,-1,-1,-1
310,8,0.00,0.00,0.00,0.00,1.0,-1,-1,-1
310,9,0.00,0.00,0.00,0.00,1.0,-1,-1,-1
310,10,1076.00,485.00,55.00,110.00,1.0,-1,-1,-1
310,11,0.00,0.00,0.00,0.00,1.0,-1,-1,-1
310,12,0.00,0.00,0.00,0.00,1.0,-1,-1,-1
310,13,0.00,0.00,0.00,0.00,1.0,-1,-1,-1
310,14,0.00,0.00,0.00,0.00,1.0,-1,-1,-1
310,15,0.00,0.00,0.00,0.00,1.0,-1,-1,-1
310,16,0.00,0.00,0.00,0.00,1.0,-1,-1,-1
310,17,1348.00,525.00,114.00,263.00,1.0,-1,-1,-1
310,18,0.00,0.00,0.00,0.00,1.0,-1,-1,-1
310,19,994.00,497.00,105.00,212.00,1.0,-1,-1,-1
310,20,1650.00,576.00,191.00,308.00,1.0,-1,-1,-1
310,21,0.00,0.00,0.00,0.00,1.0,-1,-1,-1
310,22,1526.00,787.00,170.00,293.00,1.0,-1,-1,-1
310,23,0.00,0.00,0.00,0.00,1.0,-1,-1,-1
310,24,0.00,0.00,0.00,0.00,1.0,-1,-1,-1
310,25,0.00,0.00,0.00,0.00,1.0,-1,-1,-1
310,26,765.00,406.00,89.00,188.00,1.0,-1,-1,-1
310,27,0.00,0.00,0.00,0.00,1.0,-1,-1,-1
310,28,0.00,0.00,0.00,0.00,1.0,-1,-1,-1
310,29,0.00,0.00,0.00,0.00,1.0,-1,-1,-1
310,30,0.00,0.00,0.00,0.00,1.0,-1,-1,-1
310,31,762.00,667.00,83.00,202.00,1.0,-1,-1,-1
310,32,483.00,468.00,34.00,171.00,1.0,-1,-1,-1
310,33,1132.00,521.00,89.00,260.00,1.0,-1,-1,-1
310,34,1891.00,678.00,29.00,83.00,1.0,-1,-1,-1
310,35,893.00,572.00,101.00,261.00,1.0,-1,-1,-1
310,36,0.00,0.00,0.00,0.00,1.0,-1,-1,-1
310,37,1504.00,298.00,40.00,167.00,1.0,-1,-1,-1
310,38,1756.00,613.00,93.00,277.00,1.0,-1,-1,-1
310,39,1500.00,478.00,91.00,247.00,1.0,-1,-1,-1
310,40,1043.00,565.00,84.00,271.00,1.0,-1,-1,-1
311,0,1403.00,656.00,135.00,287.00,1.0,-1,-1,-1
311,1,0.00,0.00,0.00,0.00,1.0,-1,-1,-1
311,2,0.00,0.00,0.00,0.00,1.0,-1,-1,-1
311,3,0.00,0.00,0.00,0.00,1.0,-1,-1,-1
311,4,0.00,0.00,0.00,0.00,1.0,-1,-1,-1
311,5,0.00,0.00,0.00,0.00,1.0,-1,-1,-1
311,6,0.00,0.00,0.00,0.00,1.0,-1,-1,-1
311,7,0.00,0.00,0.00,0.00,1.0,-1,-1,-1
311,8,0.00,0.00,0.00,0.00,1.0,-1,-1,-1
311,9,0.00,0.00,0.00,0.00,1.0,-1,-1,-1
311,10,1077.00,484.00,55.00,111.00,1.0,-1,-1,-1
311,11,0.00,0.00,0.00,0.00,1.0,-1,-1,-1
311,12,0.00,0.00,0.00,0.00,1.0,-1,-1,-1
311,13,0.00,0.00,0.00,0.00,1.0,-1,-1,-1
311,14,0.00,0.00,0.00,0.00,1.0,-1,-1,-1
311,15,0.00,0.00,0.00,0.00,1.0,-1,-1,-1
311,16,0.00,0.00,0.00,0.00,1.0,-1,-1,-1
311,17,1352.00,526.00,113.00,262.00,1.0,-1,-1,-1
311,18,0.00,0.00,0.00,0.00,1.0,-1,-1,-1
311,19,994.00,497.00,105.00,211.00,1.0,-1,-1,-1
311,20,1653.00,577.00,196.00,307.00,1.0,-1,-1,-1
311,21,0.00,0.00,0.00,0.00,1.0,-1,-1,-1
311,22,1528.00,791.00,170.00,289.00,1.0,-1,-1,-1
311,23,0.00,0.00,0.00,0.00,1.0,-1,-1,-1
311,24,0.00,0.00,0.00,0.00,1.0,-1,-1,-1
311,25,0.00,0.00,0.00,0.00,1.0,-1,-1,-1
311,26,767.00,407.00,87.00,187.00,1.0,-1,-1,-1
311,27,0.00,0.00,0.00,0.00,1.0,-1,-1,-1
311,28,0.00,0.00,0.00,0.00,1.0,-1,-1,-1
311,29,0.00,0.00,0.00,0.00,1.0,-1,-1,-1
311,30,0.00,0.00,0.00,0.00,1.0,-1,-1,-1
311,31,762.00,671.00,83.00,199.00,1.0,-1,-1,-1
311,32,484.00,478.00,33.00,159.00,1.0,-1,-1,-1
311,33,1138.00,521.00,96.00,260.00,1.0,-1,-1,-1
311,34,1900.00,688.00,20.00,72.00,1.0,-1,-1,-1
311,35,893.00,573.00,102.00,262.00,1.0,-1,-1,-1
311,36,0.00,0.00,0.00,0.00,1.0,-1,-1,-1
311,37,1505.00,297.00,41.00,165.00,1.0,-1,-1,-1
311,38,1759.00,613.00,97.00,277.00,1.0,-1,-1,-1
311,39,1506.00,480.00,78.00,249.00,1.0,-1,-1,-1
311,40,1044.00,565.00,82.00,271.00,1.0,-1,-1,-1
312,0,1402.00,655.00,136.00,288.00,1.0,-1,-1,-1
312,1,0.00,0.00,0.00,0.00,1.0,-1,-1,-1
312,2,0.00,0.00,0.00,0.00,1.0,-1,-1,-1
312,3,0.00,0.00,0.00,0.00,1.0,-1,-1,-1
312,4,0.00,0.00,0.00,0.00,1.0,-1,-1,-1
312,5,0.00,0.00,0.00,0.00,1.0,-1,-1,-1
312,6,0.00,0.00,0.00,0.00,1.0,-1,-1,-1
312,7,0.00,0.00,0.00,0.00,1.0,-1,-1,-1
312,8,0.00,0.00,0.00,0.00,1.0,-1,-1,-1
312,9,0.00,0.00,0.00,0.00,1.0,-1,-1,-1
312,10,1078.00,484.00,55.00,113.00,1.0,-1,-1,-1
312,11,0.00,0.00,0.00,0.00,1.0,-1,-1,-1
312,12,0.00,0.00,0.00,0.00,1.0,-1,-1,-1
312,13,0.00,0.00,0.00,0.00,1.0,-1,-1,-1
312,14,0.00,0.00,0.00,0.00,1.0,-1,-1,-1
312,15,0.00,0.00,0.00,0.00,1.0,-1,-1,-1
312,16,0.00,0.00,0.00,0.00,1.0,-1,-1,-1
312,17,1356.00,525.00,110.00,263.00,1.0,-1,-1,-1
312,18,0.00,0.00,0.00,0.00,1.0,-1,-1,-1
312,19,992.00,496.00,108.00,212.00,1.0,-1,-1,-1
312,20,1665.00,578.00,189.00,305.00,1.0,-1,-1,-1
312,21,0.00,0.00,0.00,0.00,1.0,-1,-1,-1
312,22,1529.00,794.00,169.00,286.00,1.0,-1,-1,-1
312,23,0.00,0.00,0.00,0.00,1.0,-1,-1,-1
312,24,0.00,0.00,0.00,0.00,1.0,-1,-1,-1
312,25,1860.00,760.00,60.00,143.00,1.0,-1,-1,-1
312,26,767.00,407.00,87.00,187.00,1.0,-1,-1,-1
312,27,0.00,0.00,0.00,0.00,1.0,-1,-1,-1
312,28,0.00,0.00,0.00,0.00,1.0,-1,-1,-1
312,29,0.00,0.00,0.00,0.00,1.0,-1,-1,-1
312,30,0.00,0.00,0.00,0.00,1.0,-1,-1,-1
312,31,761.00,673.00,83.00,199.00,1.0,-1,-1,-1
312,32,484.00,482.00,34.00,155.00,1.0,-1,-1,-1
312,33,1141.00,520.00,102.00,261.00,1.0,-1,-1,-1
312,34,0.00,0.00,0.00,0.00,1.0,-1,-1,-1
312,35,892.00,574.00,102.00,263.00,1.0,-1,-1,-1
312,36,0.00,0.00,0.00,0.00,1.0,-1,-1,-1
312,37,1506.00,297.00,40.00,165.00,1.0,-1,-1,-1
312,38,1768.00,613.00,97.00,281.00,1.0,-1,-1,-1
312,39,1510.00,483.00,81.00,245.00,1.0,-1,-1,-1
312,40,1044.00,565.00,82.00,271.00,1.0,-1,-1,-1
313,0,1400.00,655.00,139.00,287.00,1.0,-1,-1,-1
313,1,0.00,0.00,0.00,0.00,1.0,-1,-1,-1
313,2,0.00,0.00,0.00,0.00,1.0,-1,-1,-1
313,3,0.00,0.00,0.00,0.00,1.0,-1,-1,-1
313,4,0.00,0.00,0.00,0.00,1.0,-1,-1,-1
313,5,0.00,0.00,0.00,0.00,1.0,-1,-1,-1
313,6,0.00,0.00,0.00,0.00,1.0,-1,-1,-1
313,7,0.00,0.00,0.00,0.00,1.0,-1,-1,-1
313,8,0.00,0.00,0.00,0.00,1.0,-1,-1,-1
313,9,0.00,0.00,0.00,0.00,1.0,-1,-1,-1
313,10,1080.00,483.00,57.00,216.00,1.0,-1,-1,-1
313,11,0.00,0.00,0.00,0.00,1.0,-1,-1,-1
313,12,0.00,0.00,0.00,0.00,1.0,-1,-1,-1
313,13,0.00,0.00,0.00,0.00,1.0,-1,-1,-1
313,14,0.00,0.00,0.00,0.00,1.0,-1,-1,-1
313,15,0.00,0.00,0.00,0.00,1.0,-1,-1,-1
313,16,0.00,0.00,0.00,0.00,1.0,-1,-1,-1
313,17,1395.00,530.00,78.00,257.00,1.0,-1,-1,-1
313,18,0.00,0.00,0.00,0.00,1.0,-1,-1,-1
313,19,990.00,495.00,114.00,199.00,1.0,-1,-1,-1
313,20,1677.00,579.00,195.00,304.00,1.0,-1,-1,-1
313,21,0.00,0.00,0.00,0.00,1.0,-1,-1,-1
313,22,1533.00,795.00,165.00,285.00,1.0,-1,-1,-1
313,23,0.00,0.00,0.00,0.00,1.0,-1,-1,-1
313,24,0.00,0.00,0.00,0.00,1.0,-1,-1,-1
313,25,0.00,0.00,0.00,0.00,1.0,-1,-1,-1
313,26,767.00,405.00,85.00,189.00,1.0,-1,-1,-1
313,27,0.00,0.00,0.00,0.00,1.0,-1,-1,-1
313,28,0.00,0.00,0.00,0.00,1.0,-1,-1,-1
313,29,0.00,0.00,0.00,0.00,1.0,-1,-1,-1
313,30,0.00,0.00,0.00,0.00,1.0,-1,-1,-1
313,31,761.00,677.00,83.00,196.00,1.0,-1,-1,-1
313,32,483.00,524.00,31.00,121.00,1.0,-1,-1,-1
313,33,1146.00,521.00,111.00,263.00,1.0,-1,-1,-1
313,34,0.00,0.00,0.00,0.00,1.0,-1,-1,-1
313,35,892.00,574.00,102.00,263.00,1.0,-1,-1,-1
313,36,0.00,0.00,0.00,0.00,1.0,-1,-1,-1
313,37,1505.00,297.00,42.00,166.00,1.0,-1,-1,-1
313,38,1777.00,614.00,91.00,284.00,1.0,-1,-1,-1
313,39,1516.00,483.00,81.00,246.00,1.0,-1,-1,-1
313,40,1044.00,565.00,81.00,271.00,1.0,-1,-1,-1
314,0,1400.00,655.00,143.00,288.00,1.0,-1,-1,-1
314,1,0.00,0.00,0.00,0.00,1.0,-1,-1,-1
314,2,0.00,0.00,0.00,0.00,1.0,-1,-1,-1
314,3,0.00,0.00,0.00,0.00,1.0,-1,-1,-1
314,4,0.00,0.00,0.00,0.00,1.0,-1,-1,-1
314,5,0.00,0.00,0.00,0.00,1.0,-1,-1,-1
314,6,0.00,0.00,0.00,0.00,1.0,-1,-1,-1
314,7,0.00,0.00,0.00,0.00,1.0,-1,-1,-1
314,8,0.00,0.00,0.00,0.00,1.0,-1,-1,-1
314,9,0.00,0.00,0.00,0.00,1.0,-1,-1,-1
314,10,1081.00,483.00,53.00,217.00,1.0,-1,-1,-1
314,11,0.00,0.00,0.00,0.00,1.0,-1,-1,-1
314,12,0.00,0.00,0.00,0.00,1.0,-1,-1,-1
314,13,0.00,0.00,0.00,0.00,1.0,-1,-1,-1
314,14,0.00,0.00,0.00,0.00,1.0,-1,-1,-1
314,15,0.00,0.00,0.00,0.00,1.0,-1,-1,-1
314,16,0.00,0.00,0.00,0.00,1.0,-1,-1,-1
314,17,1398.00,532.00,84.00,255.00,1.0,-1,-1,-1
314,18,0.00,0.00,0.00,0.00,1.0,-1,-1,-1
314,19,990.00,494.00,116.00,199.00,1.0,-1,-1,-1
314,20,1698.00,580.00,170.00,307.00,1.0,-1,-1,-1
314,21,0.00,0.00,0.00,0.00,1.0,-1,-1,-1
314,22,1535.00,794.00,163.00,286.00,1.0,-1,-1,-1
314,23,0.00,0.00,0.00,0.00,1.0,-1,-1,-1
314,24,0.00,0.00,0.00,0.00,1.0,-1,-1,-1
314,25,0.00,0.00,0.00,0.00,1.0,-1,-1,-1
314,26,767.00,404.00,86.00,202.00,1.0,-1,-1,-1
314,27,0.00,0.00,0.00,0.00,1.0,-1,-1,-1
314,28,0.00,0.00,0.00,0.00,1.0,-1,-1,-1
314,29,0.00,0.00,0.00,0.00,1.0,-1,-1,-1
314,30,0.00,0.00,0.00,0.00,1.0,-1,-1,-1
314,31,761.00,674.00,84.00,206.00,1.0,-1,-1,-1
314,32,483.00,550.00,37.00,95.00,1.0,-1,-1,-1
314,33,1153.00,523.00,113.00,265.00,1.0,-1,-1,-1
314,34,0.00,0.00,0.00,0.00,1.0,-1,-1,-1
314,35,892.00,574.00,103.00,263.00,1.0,-1,-1,-1
314,36,0.00,0.00,0.00,0.00,1.0,-1,-1,-1
314,37,1506.00,298.00,42.00,163.00,1.0,-1,-1,-1
314,38,1773.00,615.00,101.00,283.00,1.0,-1,-1,-1
314,39,1522.00,483.00,79.00,246.00,1.0,-1,-1,-1
314,40,1045.00,566.00,83.00,270.00,1.0,-1,-1,-1
315,0,1401.00,655.00,146.00,288.00,1.0,-1,-1,-1
315,1,0.00,0.00,0.00,0.00,1.0,-1,-1,-1
315,2,0.00,0.00,0.00,0.00,1.0,-1,-1,-1
315,3,0.00,0.00,0.00,0.00,1.0,-1,-1,-1
315,4,0.00,0.00,0.00,0.00,1.0,-1,-1,-1
315,5,0.00,0.00,0.00,0.00,1.0,-1,-1,-1
315,6,0.00,0.00,0.00,0.00,1.0,-1,-1,-1
315,7,0.00,0.00,0.00,0.00,1.0,-1,-1,-1
315,8,0.00,0.00,0.00,0.00,1.0,-1,-1,-1
315,9,0.00,0.00,0.00,0.00,1.0,-1,-1,-1
315,10,1082.00,483.00,52.00,217.00,1.0,-1,-1,-1
315,11,0.00,0.00,0.00,0.00,1.0,-1,-1,-1
315,12,0.00,0.00,0.00,0.00,1.0,-1,-1,-1
315,13,0.00,0.00,0.00,0.00,1.0,-1,-1,-1
315,14,0.00,0.00,0.00,0.00,1.0,-1,-1,-1
315,15,0.00,0.00,0.00,0.00,1.0,-1,-1,-1
315,16,0.00,0.00,0.00,0.00,1.0,-1,-1,-1
315,17,1398.00,533.00,88.00,254.00,1.0,-1,-1,-1
315,18,0.00,0.00,0.00,0.00,1.0,-1,-1,-1
315,19,986.00,495.00,122.00,198.00,1.0,-1,-1,-1
315,20,1705.00,579.00,168.00,305.00,1.0,-1,-1,-1
315,21,0.00,0.00,0.00,0.00,1.0,-1,-1,-1
315,22,1537.00,795.00,160.00,285.00,1.0,-1,-1,-1
315,23,0.00,0.00,0.00,0.00,1.0,-1,-1,-1
315,24,0.00,0.00,0.00,0.00,1.0,-1,-1,-1
315,25,0.00,0.00,0.00,0.00,1.0,-1,-1,-1
315,26,767.00,404.00,86.00,204.00,1.0,-1,-1,-1
315,27,0.00,0.00,0.00,0.00,1.0,-1,-1,-1
315,28,0.00,0.00,0.00,0.00,1.0,-1,-1,-1
315,29,0.00,0.00,0.00,0.00,1.0,-1,-1,-1
315,30,0.00,0.00,0.00,0.00,1.0,-1,-1,-1
315,31,760.00,676.00,85.00,205.00,1.0,-1,-1,-1
315,32,483.00,567.00,36.00,79.00,1.0,-1,-1,-1
315,33,1158.00,524.00,120.00,264.00,1.0,-1,-1,-1
315,34,0.00,0.00,0.00,0.00,1.0,-1,-1,-1
315,35,890.00,574.00,105.00,263.00,1.0,-1,-1,-1
315,36,0.00,0.00,0.00,0.00,1.0,-1,-1,-1
315,37,1506.00,297.00,43.00,165.00,1.0,-1,-1,-1
315,38,1779.00,616.00,101.00,281.00,1.0,-1,-1,-1
315,39,1525.00,482.00,79.00,247.00,1.0,-1,-1,-1
315,40,1045.00,566.00,84.00,271.00,1.0,-1,-1,-1
316,0,1404.00,657.00,146.00,287.00,1.0,-1,-1,-1
316,1,0.00,0.00,0.00,0.00,1.0,-1,-1,-1
316,2,0.00,0.00,0.00,0.00,1.0,-1,-1,-1
316,3,0.00,0.00,0.00,0.00,1.0,-1,-1,-1
316,4,0.00,0.00,0.00,0.00,1.0,-1,-1,-1
316,5,0.00,0.00,0.00,0.00,1.0,-1,-1,-1
316,6,0.00,0.00,0.00,0.00,1.0,-1,-1,-1
316,7,0.00,0.00,0.00,0.00,1.0,-1,-1,-1
316,8,0.00,0.00,0.00,0.00,1.0,-1,-1,-1
316,9,0.00,0.00,0.00,0.00,1.0,-1,-1,-1
316,10,1081.00,484.00,53.00,217.00,1.0,-1,-1,-1
316,11,0.00,0.00,0.00,0.00,1.0,-1,-1,-1
316,12,0.00,0.00,0.00,0.00,1.0,-1,-1,-1
316,13,0.00,0.00,0.00,0.00,1.0,-1,-1,-1
316,14,0.00,0.00,0.00,0.00,1.0,-1,-1,-1
316,15,0.00,0.00,0.00,0.00,1.0,-1,-1,-1
316,16,0.00,0.00,0.00,0.00,1.0,-1,-1,-1
316,17,1401.00,533.00,92.00,255.00,1.0,-1,-1,-1
316,18,0.00,0.00,0.00,0.00,1.0,-1,-1,-1
316,19,984.00,495.00,123.00,198.00,1.0,-1,-1,-1
316,20,1716.00,580.00,165.00,310.00,1.0,-1,-1,-1
316,21,0.00,0.00,0.00,0.00,1.0,-1,-1,-1
316,22,1539.00,795.00,156.00,285.00,1.0,-1,-1,-1
316,23,0.00,0.00,0.00,0.00,1.0,-1,-1,-1
316,24,0.00,0.00,0.00,0.00,1.0,-1,-1,-1
316,25,0.00,0.00,0.00,0.00,1.0,-1,-1,-1
316,26,767.00,403.00,87.00,201.00,1.0,-1,-1,-1
316,27,0.00,0.00,0.00,0.00,1.0,-1,-1,-1
316,28,0.00,0.00,0.00,0.00,1.0,-1,-1,-1
316,29,0.00,0.00,0.00,0.00,1.0,-1,-1,-1
316,30,0.00,0.00,0.00,0.00,1.0,-1,-1,-1
316,31,758.00,677.00,87.00,205.00,1.0,-1,-1,-1
316,32,0.00,0.00,0.00,0.00,1.0,-1,-1,-1
316,33,1159.00,528.00,129.00,262.00,1.0,-1,-1,-1
316,34,0.00,0.00,0.00,0.00,1.0,-1,-1,-1
316,35,888.00,575.00,108.00,263.00,1.0,-1,-1,-1
316,36,0.00,0.00,0.00,0.00,1.0,-1,-1,-1
316,37,1506.00,298.00,43.00,165.00,1.0,-1,-1,-1
316,38,1780.00,618.00,109.00,279.00,1.0,-1,-1,-1
316,39,1528.00,481.00,78.00,249.00,1.0,-1,-1,-1
316,40,1044.00,568.00,82.00,270.00,1.0,-1,-1,-1
317,0,1408.00,657.00,145.00,287.00,1.0,-1,-1,-1
317,1,0.00,0.00,0.00,0.00,1.0,-1,-1,-1
317,2,0.00,0.00,0.00,0.00,1.0,-1,-1,-1
317,3,0.00,0.00,0.00,0.00,1.0,-1,-1,-1
317,4,0.00,0.00,0.00,0.00,1.0,-1,-1,-1
317,5,0.00,0.00,0.00,0.00,1.0,-1,-1,-1
317,6,0.00,0.00,0.00,0.00,1.0,-1,-1,-1
317,7,0.00,0.00,0.00,0.00,1.0,-1,-1,-1
317,8,1876.00,668.00,44.00,245.00,1.0,-1,-1,-1
317,9,0.00,0.00,0.00,0.00,1.0,-1,-1,-1
317,10,1080.00,485.00,53.00,220.00,1.0,-1,-1,-1
317,11,0.00,0.00,0.00,0.00,1.0,-1,-1,-1
317,12,0.00,0.00,0.00,0.00,1.0,-1,-1,-1
317,13,0.00,0.00,0.00,0.00,1.0,-1,-1,-1
317,14,0.00,0.00,0.00,0.00,1.0,-1,-1,-1
317,15,0.00,0.00,0.00,0.00,1.0,-1,-1,-1
317,16,0.00,0.00,0.00,0.00,1.0,-1,-1,-1
317,17,1406.00,534.00,100.00,256.00,1.0,-1,-1,-1
317,18,0.00,0.00,0.00,0.00,1.0,-1,-1,-1
317,19,979.00,496.00,127.00,198.00,1.0,-1,-1,-1
317,20,1724.00,579.00,164.00,309.00,1.0,-1,-1,-1
317,21,0.00,0.00,0.00,0.00,1.0,-1,-1,-1
317,22,1542.00,796.00,154.00,284.00,1.0,-1,-1,-1
317,23,0.00,0.00,0.00,0.00,1.0,-1,-1,-1
317,24,0.00,0.00,0.00,0.00,1.0,-1,-1,-1
317,25,0.00,0.00,0.00,0.00,1.0,-1,-1,-1
317,26,765.00,403.00,88.00,200.00,1.0,-1,-1,-1
317,27,0.00,0.00,0.00,0.00,1.0,-1,-1,-1
317,28,0.00,0.00,0.00,0.00,1.0,-1,-1,-1
317,29,0.00,0.00,0.00,0.00,1.0,-1,-1,-1
317,30,0.00,0.00,0.00,0.00,1.0,-1,-1,-1
317,31,755.00,678.00,89.00,206.00,1.0,-1,-1,-1
317,32,0.00,0.00,0.00,0.00,1.0,-1,-1,-1
317,33,1151.00,531.00,140.00,262.00,1.0,-1,-1,-1
317,34,0.00,0.00,0.00,0.00,1.0,-1,-1,-1
317,35,886.00,576.00,110.00,263.00,1.0,-1,-1,-1
317,36,0.00,0.00,0.00,0.00,1.0,-1,-1,-1
317,37,1506.00,299.00,42.00,164.00,1.0,-1,-1,-1
317,38,1788.00,622.00,116.00,277.00,1.0,-1,-1,-1
317,39,1529.00,482.00,81.00,248.00,1.0,-1,-1,-1
317,40,1043.00,572.00,82.00,271.00,1.0,-1,-1,-1
318,0,1415.00,658.00,143.00,287.00,1.0,-1,-1,-1
318,1,0.00,0.00,0.00,0.00,1.0,-1,-1,-1
318,2,0.00,0.00,0.00,0.00,1.0,-1,-1,-1
318,3,0.00,0.00,0.00,0.00,1.0,-1,-1,-1
318,4,0.00,0.00,0.00,0.00,1.0,-1,-1,-1
318,5,0.00,0.00,0.00,0.00,1.0,-1,-1,-1
318,6,0.00,0.00,0.00,0.00,1.0,-1,-1,-1
318,7,0.00,0.00,0.00,0.00,1.0,-1,-1,-1
318,8,1885.00,725.00,35.00,190.00,1.0,-1,-1,-1
318,9,0.00,0.00,0.00,0.00,1.0,-1,-1,-1
318,10,1081.00,486.00,53.00,209.00,1.0,-1,-1,-1
318,11,0.00,0.00,0.00,0.00,1.0,-1,-1,-1
318,12,0.00,0.00,0.00,0.00,1.0,-1,-1,-1
318,13,0.00,0.00,0.00,0.00,1.0,-1,-1,-1
318,14,0.00,0.00,0.00,0.00,1.0,-1,-1,-1
318,15,0.00,0.00,0.00,0.00,1.0,-1,-1,-1
318,16,0.00,0.00,0.00,0.00,1.0,-1,-1,-1
318,17,1418.00,534.00,92.00,251.00,1.0,-1,-1,-1
318,18,0.00,0.00,0.00,0.00,1.0,-1,-1,-1
318,19,977.00,495.00,129.00,203.00,1.0,-1,-1,-1
318,20,1738.00,579.00,171.00,319.00,1.0,-1,-1,-1
318,21,0.00,0.00,0.00,0.00,1.0,-1,-1,-1
318,22,1545.00,798.00,156.00,282.00,1.0,-1,-1,-1
318,23,0.00,0.00,0.00,0.00,1.0,-1,-1,-1
318,24,0.00,0.00,0.00,0.00,1.0,-1,-1,-1
318,25,0.00,0.00,0.00,0.00,1.0,-1,-1,-1
318,26,766.00,403.00,87.00,199.00,1.0,-1,-1,-1
318,27,0.00,0.00,0.00,0.00,1.0,-1,-1,-1
318,28,0.00,0.00,0.00,0.00,1.0,-1,-1,-1
318,29,0.00,0.00,0.00,0.00,1.0,-1,-1,-1
318,30,0.00,0.00,0.00,0.00,1.0,-1,-1,-1
318,31,754.00,679.00,90.00,206.00,1.0,-1,-1,-1
318,32,0.00,0.00,0.00,0.00,1.0,-1,-1,-1
318,33,1157.00,539.00,119.00,258.00,1.0,-1,-1,-1
318,34,0.00,0.00,0.00,0.00,1.0,-1,-1,-1
318,35,886.00,576.00,114.00,264.00,1.0,-1,-1,-1
318,36,0.00,0.00,0.00,0.00,1.0,-1,-1,-1
318,37,1507.00,300.00,42.00,164.00,1.0,-1,-1,-1
318,38,1793.00,624.00,121.00,276.00,1.0,-1,-1,-1
318,39,1532.00,480.00,82.00,251.00,1.0,-1,-1,-1
318,40,1044.00,574.00,85.00,273.00,1.0,-1,-1,-1
319,0,1420.00,656.00,141.00,290.00,1.0,-1,-1,-1
319,1,0.00,0.00,0.00,0.00,1.0,-1,-1,-1
319,2,0.00,0.00,0.00,0.00,1.0,-1,-1,-1
319,3,0.00,0.00,0.00,0.00,1.0,-1,-1,-1
319,4,0.00,0.00,0.00,0.00,1.0,-1,-1,-1
319,5,0.00,0.00,0.00,0.00,1.0,-1,-1,-1
319,6,0.00,0.00,0.00,0.00,1.0,-1,-1,-1
319,7,0.00,0.00,0.00,0.00,1.0,-1,-1,-1
319,8,1890.00,718.00,30.00,197.00,1.0,-1,-1,-1
319,9,0.00,0.00,0.00,0.00,1.0,-1,-1,-1
319,10,1082.00,485.00,53.00,142.00,1.0,-1,-1,-1
319,11,0.00,0.00,0.00,0.00,1.0,-1,-1,-1
319,12,0.00,0.00,0.00,0.00,1.0,-1,-1,-1
319,13,0.00,0.00,0.00,0.00,1.0,-1,-1,-1
319,14,0.00,0.00,0.00,0.00,1.0,-1,-1,-1
319,15,0.00,0.00,0.00,0.00,1.0,-1,-1,-1
319,16,0.00,0.00,0.00,0.00,1.0,-1,-1,-1
319,17,1446.00,534.00,69.00,162.00,1.0,-1,-1,-1
319,18,0.00,0.00,0.00,0.00,1.0,-1,-1,-1
319,19,975.00,496.00,131.00,203.00,1.0,-1,-1,-1
319,20,1742.00,579.00,161.00,316.00,1.0,-1,-1,-1
319,21,0.00,0.00,0.00,0.00,1.0,-1,-1,-1
319,22,1547.00,802.00,161.00,278.00,1.0,-1,-1,-1
319,23,0.00,0.00,0.00,0.00,1.0,-1,-1,-1
319,24,0.00,0.00,0.00,0.00,1.0,-1,-1,-1
319,25,0.00,0.00,0.00,0.00,1.0,-1,-1,-1
319,26,766.00,401.00,87.00,199.00,1.0,-1,-1,-1
319,27,0.00,0.00,0.00,0.00,1.0,-1,-1,-1
319,28,0.00,0.00,0.00,0.00,1.0,-1,-1,-1
319,29,0.00,0.00,0.00,0.00,1.0,-1,-1,-1
319,30,0.00,0.00,0.00,0.00,1.0,-1,-1,-1
319,31,753.00,678.00,89.00,208.00,1.0,-1,-1,-1
319,32,0.00,0.00,0.00,0.00,1.0,-1,-1,-1
319,33,1161.00,539.00,119.00,259.00,1.0,-1,-1,-1
319,34,0.00,0.00,0.00,0.00,1.0,-1,-1,-1
319,35,886.00,578.00,115.00,263.00,1.0,-1,-1,-1
319,36,0.00,0.00,0.00,0.00,1.0,-1,-1,-1
319,37,1508.00,300.00,41.00,164.00,1.0,-1,-1,-1
319,38,1800.00,624.00,120.00,275.00,1.0,-1,-1,-1
319,39,1537.00,481.00,82.00,251.00,1.0,-1,-1,-1
319,40,1045.00,576.00,83.00,273.00,1.0,-1,-1,-1
320,0,1423.00,657.00,138.00,289.00,1.0,-1,-1,-1
320,1,0.00,0.00,0.00,0.00,1.0,-1,-1,-1
320,2,0.00,0.00,0.00,0.00,1.0,-1,-1,-1
320,3,0.00,0.00,0.00,0.00,1.0,-1,-1,-1
320,4,0.00,0.00,0.00,0.00,1.0,-1,-1,-1
320,5,0.00,0.00,0.00,0.00,1.0,-1,-1,-1
320,6,0.00,0.00,0.00,0.00,1.0,-1,-1,-1
320,7,0.00,0.00,0.00,0.00,1.0,-1,-1,-1
320,8,0.00,0.00,0.00,0.00,1.0,-1,-1,-1
320,9,0.00,0.00,0.00,0.00,1.0,-1,-1,-1
320,10,1081.00,485.00,54.00,144.00,1.0,-1,-1,-1
320,11,0.00,0.00,0.00,0.00,1.0,-1,-1,-1
320,12,0.00,0.00,0.00,0.00,1.0,-1,-1,-1
320,13,0.00,0.00,0.00,0.00,1.0,-1,-1,-1
320,14,0.00,0.00,0.00,0.00,1.0,-1,-1,-1
320,15,0.00,0.00,0.00,0.00,1.0,-1,-1,-1
320,16,0.00,0.00,0.00,0.00,1.0,-1,-1,-1
320,17,1448.00,533.00,69.00,163.00,1.0,-1,-1,-1
320,18,0.00,0.00,0.00,0.00,1.0,-1,-1,-1
320,19,972.00,497.00,134.00,195.00,1.0,-1,-1,-1
320,20,1742.00,579.00,170.00,317.00,1.0,-1,-1,-1
320,21,0.00,0.00,0.00,0.00,1.0,-1,-1,-1
320,22,1549.00,806.00,161.00,274.00,1.0,-1,-1,-1
320,23,0.00,0.00,0.00,0.00,1.0,-1,-1,-1
320,24,0.00,0.00,0.00,0.00,1.0,-1,-1,-1
320,25,0.00,0.00,0.00,0.00,1.0,-1,-1,-1
320,26,767.00,401.00,86.00,201.00,1.0,-1,-1,-1
320,27,0.00,0.00,0.00,0.00,1.0,-1,-1,-1
320,28,0.00,0.00,0.00,0.00,1.0,-1,-1,-1
320,29,0.00,0.00,0.00,0.00,1.0,-1,-1,-1
320,30,0.00,0.00,0.00,0.00,1.0,-1,-1,-1
320,31,751.00,675.00,89.00,211.00,1.0,-1,-1,-1
320,32,0.00,0.00,0.00,0.00,1.0,-1,-1,-1
320,33,1172.00,538.00,131.00,260.00,1.0,-1,-1,-1
320,34,0.00,0.00,0.00,0.00,1.0,-1,-1,-1
320,35,884.00,579.00,116.00,267.00,1.0,-1,-1,-1
320,36,0.00,0.00,0.00,0.00,1.0,-1,-1,-1
320,37,1507.00,300.00,42.00,164.00,1.0,-1,-1,-1
320,38,1802.00,626.00,118.00,272.00,1.0,-1,-1,-1
320,39,1540.00,481.00,82.00,254.00,1.0,-1,-1,-1
320,40,1045.00,578.00,81.00,274.00,1.0,-1,-1,-1
321,0,1424.00,657.00,137.00,289.00,1.0,-1,-1,-1
321,1,0.00,0.00,0.00,0.00,1.0,-1,-1,-1
321,2,0.00,0.00,0.00,0.00,1.0,-1,-1,-1
321,3,0.00,0.00,0.00,0.00,1.0,-1,-1,-1
321,4,0.00,0.00,0.00,0.00,1.0,-1,-1,-1
321,5,0.00,0.00,0.00,0.00,1.0,-1,-1,-1
321,6,0.00,0.00,0.00,0.00,1.0,-1,-1,-1
321,7,0.00,0.00,0.00,0.00,1.0,-1,-1,-1
321,8,0.00,0.00,0.00,0.00,1.0,-1,-1,-1
321,9,0.00,0.00,0.00,0.00,1.0,-1,-1,-1
321,10,1081.00,485.00,54.00,209.00,1.0,-1,-1,-1
321,11,0.00,0.00,0.00,0.00,1.0,-1,-1,-1
321,12,0.00,0.00,0.00,0.00,1.0,-1,-1,-1
321,13,0.00,0.00,0.00,0.00,1.0,-1,-1,-1
321,14,0.00,0.00,0.00,0.00,1.0,-1,-1,-1
321,15,0.00,0.00,0.00,0.00,1.0,-1,-1,-1
321,16,0.00,0.00,0.00,0.00,1.0,-1,-1,-1
321,17,1452.00,532.00,77.00,160.00,1.0,-1,-1,-1
321,18,0.00,0.00,0.00,0.00,1.0,-1,-1,-1
321,19,971.00,496.00,136.00,207.00,1.0,-1,-1,-1
321,20,1743.00,580.00,172.00,314.00,1.0,-1,-1,-1
321,21,0.00,0.00,0.00,0.00,1.0,-1,-1,-1
321,22,1553.00,810.00,162.00,270.00,1.0,-1,-1,-1
321,23,0.00,0.00,0.00,0.00,1.0,-1,-1,-1
321,24,0.00,0.00,0.00,0.00,1.0,-1,-1,-1
321,25,0.00,0.00,0.00,0.00,1.0,-1,-1,-1
321,26,767.00,401.00,87.00,201.00,1.0,-1,-1,-1
321,27,0.00,0.00,0.00,0.00,1.0,-1,-1,-1
321,28,0.00,0.00,0.00,0.00,1.0,-1,-1,-1
321,29,0.00,0.00,0.00,0.00,1.0,-1,-1,-1
321,30,0.00,0.00,0.00,0.00,1.0,-1,-1,-1
321,31,751.00,676.00,86.00,210.00,1.0,-1,-1,-1
321,32,0.00,0.00,0.00,0.00,1.0,-1,-1,-1
321,33,1175.00,534.00,111.00,264.00,1.0,-1,-1,-1
321,34,0.00,0.00,0.00,0.00,1.0,-1,-1,-1
321,35,884.00,580.00,117.00,269.00,1.0,-1,-1,-1
321,36,0.00,0.00,0.00,0.00,1.0,-1,-1,-1
321,37,1507.00,300.00,41.00,165.00,1.0,-1,-1,-1
321,38,1807.00,628.00,113.00,273.00,1.0,-1,-1,-1
321,39,1541.00,480.00,84.00,258.00,1.0,-1,-1,-1
321,40,1046.00,580.00,81.00,274.00,1.0,-1,-1,-1
322,0,1425.00,657.00,137.00,289.00,1.0,-1,-1,-1
322,1,0.00,0.00,0.00,0.00,1.0,-1,-1,-1
322,2,0.00,0.00,0.00,0.00,1.0,-1,-1,-1
322,3,0.00,0.00,0.00,0.00,1.0,-1,-1,-1
322,4,0.00,0.00,0.00,0.00,1.0,-1,-1,-1
322,5,0.00,0.00,0.00,0.00,1.0,-1,-1,-1
322,6,0.00,0.00,0.00,0.00,1.0,-1,-1,-1
322,7,0.00,0.00,0.00,0.00,1.0,-1,-1,-1
322,8,0.00,0.00,0.00,0.00,1.0,-1,-1,-1
322,9,0.00,0.00,0.00,0.00,1.0,-1,-1,-1
322,10,1083.00,486.00,53.00,144.00,1.0,-1,-1,-1
322,11,0.00,0.00,0.00,0.00,1.0,-1,-1,-1
322,12,0.00,0.00,0.00,0.00,1.0,-1,-1,-1
322,13,0.00,0.00,0.00,0.00,1.0,-1,-1,-1
322,14,0.00,0.00,0.00,0.00,1.0,-1,-1,-1
322,15,0.00,0.00,0.00,0.00,1.0,-1,-1,-1
322,16,0.00,0.00,0.00,0.00,1.0,-1,-1,-1
322,17,1457.00,532.00,89.00,152.00,1.0,-1,-1,-1
322,18,0.00,0.00,0.00,0.00,1.0,-1,-1,-1
322,19,973.00,496.00,135.00,209.00,1.0,-1,-1,-1
322,20,1743.00,580.00,177.00,320.00,1.0,-1,-1,-1
322,21,0.00,0.00,0.00,0.00,1.0,-1,-1,-1
322,22,1556.00,816.00,162.00,264.00,1.0,-1,-1,-1
322,23,0.00,0.00,0.00,0.00,1.0,-1,-1,-1
322,24,0.00,0.00,0.00,0.00,1.0,-1,-1,-1
322,25,0.00,0.00,0.00,0.00,1.0,-1,-1,-1
322,26,768.00,402.00,88.00,198.00,1.0,-1,-1,-1
322,27,0.00,0.00,0.00,0.00,1.0,-1,-1,-1
322,28,0.00,0.00,0.00,0.00,1.0,-1,-1,-1
322,29,0.00,0.00,0.00,0.00,1.0,-1,-1,-1
322,30,0.00,0.00,0.00,0.00,1.0,-1,-1,-1
322,31,751.00,675.00,84.00,211.00,1.0,-1,-1,-1
322,32,0.00,0.00,0.00,0.00,1.0,-1,-1,-1
322,33,1187.00,535.00,115.00,263.00,1.0,-1,-1,-1
322,34,0.00,0.00,0.00,0.00,1.0,-1,-1,-1
322,35,884.00,583.00,118.00,267.00,1.0,-1,-1,-1
322,36,0.00,0.00,0.00,0.00,1.0,-1,-1,-1
322,37,1507.00,300.00,42.00,164.00,1.0,-1,-1,-1
322,38,1815.00,630.00,105.00,274.00,1.0,-1,-1,-1
322,39,1545.00,479.00,84.00,260.00,1.0,-1,-1,-1
322,40,1047.00,582.00,84.00,273.00,1.0,-1,-1,-1
323,0,1423.00,658.00,138.00,288.00,1.0,-1,-1,-1
323,1,0.00,0.00,0.00,0.00,1.0,-1,-1,-1
323,2,0.00,0.00,0.00,0.00,1.0,-1,-1,-1
323,3,0.00,0.00,0.00,0.00,1.0,-1,-1,-1
323,4,0.00,0.00,0.00,0.00,1.0,-1,-1,-1
323,5,0.00,0.00,0.00,0.00,1.0,-1,-1,-1
323,6,0.00,0.00,0.00,0.00,1.0,-1,-1,-1
323,7,0.00,0.00,0.00,0.00,1.0,-1,-1,-1
323,8,0.00,0.00,0.00,0.00,1.0,-1,-1,-1
323,9,0.00,0.00,0.00,0.00,1.0,-1,-1,-1
323,10,1084.00,486.00,52.00,145.00,1.0,-1,-1,-1
323,11,0.00,0.00,0.00,0.00,1.0,-1,-1,-1
323,12,0.00,0.00,0.00,0.00,1.0,-1,-1,-1
323,13,0.00,0.00,0.00,0.00,1.0,-1,-1,-1
323,14,0.00,0.00,0.00,0.00,1.0,-1,-1,-1
323,15,0.00,0.00,0.00,0.00,1.0,-1,-1,-1
323,16,0.00,0.00,0.00,0.00,1.0,-1,-1,-1
323,17,1458.00,534.00,100.00,151.00,1.0,-1,-1,-1
323,18,0.00,0.00,0.00,0.00,1.0,-1,-1,-1
323,19,973.00,497.00,135.00,208.00,1.0,-1,-1,-1
323,20,1746.00,582.00,174.00,320.00,1.0,-1,-1,-1
323,21,0.00,0.00,0.00,0.00,1.0,-1,-1,-1
323,22,1560.00,822.00,160.00,258.00,1.0,-1,-1,-1
323,23,0.00,0.00,0.00,0.00,1.0,-1,-1,-1
323,24,0.00,0.00,0.00,0.00,1.0,-1,-1,-1
323,25,0.00,0.00,0.00,0.00,1.0,-1,-1,-1
323,26,768.00,401.00,87.00,199.00,1.0,-1,-1,-1
323,27,0.00,0.00,0.00,0.00,1.0,-1,-1,-1
323,28,0.00,0.00,0.00,0.00,1.0,-1,-1,-1
323,29,0.00,0.00,0.00,0.00,1.0,-1,-1,-1
323,30,0.00,0.00,0.00,0.00,1.0,-1,-1,-1
323,31,749.00,677.00,84.00,211.00,1.0,-1,-1,-1
323,32,0.00,0.00,0.00,0.00,1.0,-1,-1,-1
323,33,1200.00,537.00,93.00,261.00,1.0,-1,-1,-1
323,34,0.00,0.00,0.00,0.00,1.0,-1,-1,-1
323,35,885.00,584.00,117.00,269.00,1.0,-1,-1,-1
323,36,0.00,0.00,0.00,0.00,1.0,-1,-1,-1
323,37,1507.00,301.00,43.00,163.00,1.0,-1,-1,-1
323,38,1824.00,631.00,96.00,277.00,1.0,-1,-1,-1
323,39,1547.00,478.00,87.00,265.00,1.0,-1,-1,-1
323,40,1048.00,583.00,84.00,274.00,1.0,-1,-1,-1
324,0,1421.00,659.00,140.00,287.00,1.0,-1,-1,-1
324,1,0.00,0.00,0.00,0.00,1.0,-1,-1,-1
324,2,0.00,0.00,0.00,0.00,1.0,-1,-1,-1
324,3,0.00,0.00,0.00,0.00,1.0,-1,-1,-1
324,4,0.00,0.00,0.00,0.00,1.0,-1,-1,-1
324,5,0.00,0.00,0.00,0.00,1.0,-1,-1,-1
324,6,0.00,0.00,0.00,0.00,1.0,-1,-1,-1
324,7,0.00,0.00,0.00,0.00,1.0,-1,-1,-1
324,8,0.00,0.00,0.00,0.00,1.0,-1,-1,-1
324,9,0.00,0.00,0.00,0.00,1.0,-1,-1,-1
324,10,1084.00,486.00,51.00,145.00,1.0,-1,-1,-1
324,11,0.00,0.00,0.00,0.00,1.0,-1,-1,-1
324,12,0.00,0.00,0.00,0.00,1.0,-1,-1,-1
324,13,0.00,0.00,0.00,0.00,1.0,-1,-1,-1
324,14,0.00,0.00,0.00,0.00,1.0,-1,-1,-1
324,15,0.00,0.00,0.00,0.00,1.0,-1,-1,-1
324,16,0.00,0.00,0.00,0.00,1.0,-1,-1,-1
324,17,1457.00,536.00,114.00,148.00,1.0,-1,-1,-1
324,18,0.00,0.00,0.00,0.00,1.0,-1,-1,-1
324,19,973.00,499.00,134.00,207.00,1.0,-1,-1,-1
324,20,1749.00,584.00,163.00,319.00,1.0,-1,-1,-1
324,21,0.00,0.00,0.00,0.00,1.0,-1,-1,-1
324,22,1564.00,830.00,155.00,250.00,1.0,-1,-1,-1
324,23,0.00,0.00,0.00,0.00,1.0,-1,-1,-1
324,24,0.00,0.00,0.00,0.00,1.0,-1,-1,-1
324,25,0.00,0.00,0.00,0.00,1.0,-1,-1,-1
324,26,768.00,403.00,90.00,198.00,1.0,-1,-1,-1
324,27,0.00,0.00,0.00,0.00,1.0,-1,-1,-1
324,28,0.00,0.00,0.00,0.00,1.0,-1,-1,-1
324,29,0.00,0.00,0.00,0.00,1.0,-1,-1,-1
324,30,0.00,0.00,0.00,0.00,1.0,-1,-1,-1
324,31,748.00,678.00,85.00,215.00,1.0,-1,-1,-1
324,32,0.00,0.00,0.00,0.00,1.0,-1,-1,-1
324,33,1210.00,532.00,91.00,266.00,1.0,-1,-1,-1
324,34,0.00,0.00,0.00,0.00,1.0,-1,-1,-1
324,35,884.00,587.00,117.00,270.00,1.0,-1,-1,-1
324,36,0.00,0.00,0.00,0.00,1.0,-1,-1,-1
324,37,1507.00,301.00,43.00,163.00,1.0,-1,-1,-1
324,38,1830.00,632.00,90.00,272.00,1.0,-1,-1,-1
324,39,1551.00,484.00,86.00,258.00,1.0,-1,-1,-1
324,40,1048.00,585.00,84.00,272.00,1.0,-1,-1,-1
325,0,1419.00,657.00,142.00,289.00,1.0,-1,-1,-1
325,1,0.00,0.00,0.00,0.00,1.0,-1,-1,-1
325,2,0.00,0.00,0.00,0.00,1.0,-1,-1,-1
325,3,0.00,0.00,0.00,0.00,1.0,-1,-1,-1
325,4,0.00,0.00,0.00,0.00,1.0,-1,-1,-1
325,5,0.00,0.00,0.00,0.00,1.0,-1,-1,-1
325,6,0.00,0.00,0.00,0.00,1.0,-1,-1,-1
325,7,0.00,0.00,0.00,0.00,1.0,-1,-1,-1
325,8,0.00,0.00,0.00,0.00,1.0,-1,-1,-1
325,9,0.00,0.00,0.00,0.00,1.0,-1,-1,-1
325,10,1084.00,485.00,52.00,210.00,1.0,-1,-1,-1
325,11,0.00,0.00,0.00,0.00,1.0,-1,-1,-1
325,12,0.00,0.00,0.00,0.00,1.0,-1,-1,-1
325,13,0.00,0.00,0.00,0.00,1.0,-1,-1,-1
325,14,0.00,0.00,0.00,0.00,1.0,-1,-1,-1
325,15,0.00,0.00,0.00,0.00,1.0,-1,-1,-1
325,16,0.00,0.00,0.00,0.00,1.0,-1,-1,-1
325,17,1460.00,537.00,119.00,147.00,1.0,-1,-1,-1
325,18,0.00,0.00,0.00,0.00,1.0,-1,-1,-1
325,19,975.00,499.00,132.00,206.00,1.0,-1,-1,-1
325,20,1756.00,588.00,164.00,320.00,1.0,-1,-1,-1
325,21,0.00,0.00,0.00,0.00,1.0,-1,-1,-1
325,22,1568.00,834.00,152.00,246.00,1.0,-1,-1,-1
325,23,0.00,0.00,0.00,0.00,1.0,-1,-1,-1
325,24,0.00,0.00,0.00,0.00,1.0,-1,-1,-1
325,25,0.00,0.00,0.00,0.00,1.0,-1,-1,-1
325,26,769.00,403.00,86.00,418.00,1.0,-1,-1,-1
325,27,0.00,0.00,0.00,0.00,1.0,-1,-1,-1
325,28,0.00,0.00,0.00,0.00,1.0,-1,-1,-1
325,29,0.00,0.00,0.00,0.00,1.0,-1,-1,-1
325,30,0.00,0.00,0.00,0.00,1.0,-1,-1,-1
325,31,748.00,680.00,85.00,213.00,1.0,-1,-1,-1
325,32,0.00,0.00,0.00,0.00,1.0,-1,-1,-1
325,33,1216.00,533.00,123.00,264.00,1.0,-1,-1,-1
325,34,0.00,0.00,0.00,0.00,1.0,-1,-1,-1
325,35,885.00,587.00,116.00,270.00,1.0,-1,-1,-1
325,36,0.00,0.00,0.00,0.00,1.0,-1,-1,-1
325,37,1507.00,300.00,42.00,164.00,1.0,-1,-1,-1
325,38,1833.00,632.00,87.00,272.00,1.0,-1,-1,-1
325,39,1556.00,486.00,88.00,255.00,1.0,-1,-1,-1
325,40,1050.00,584.00,83.00,273.00,1.0,-1,-1,-1
326,0,1419.00,658.00,153.00,288.00,1.0,-1,-1,-1
326,1,0.00,0.00,0.00,0.00,1.0,-1,-1,-1
326,2,0.00,0.00,0.00,0.00,1.0,-1,-1,-1
326,3,0.00,0.00,0.00,0.00,1.0,-1,-1,-1
326,4,0.00,0.00,0.00,0.00,1.0,-1,-1,-1
326,5,0.00,0.00,0.00,0.00,1.0,-1,-1,-1
326,6,0.00,0.00,0.00,0.00,1.0,-1,-1,-1
326,7,0.00,0.00,0.00,0.00,1.0,-1,-1,-1
326,8,0.00,0.00,0.00,0.00,1.0,-1,-1,-1
326,9,0.00,0.00,0.00,0.00,1.0,-1,-1,-1
326,10,1085.00,486.00,52.00,142.00,1.0,-1,-1,-1
326,11,0.00,0.00,0.00,0.00,1.0,-1,-1,-1
326,12,0.00,0.00,0.00,0.00,1.0,-1,-1,-1
326,13,0.00,0.00,0.00,0.00,1.0,-1,-1,-1
326,14,0.00,0.00,0.00,0.00,1.0,-1,-1,-1
326,15,0.00,0.00,0.00,0.00,1.0,-1,-1,-1
326,16,0.00,0.00,0.00,0.00,1.0,-1,-1,-1
326,17,1465.00,540.00,119.00,178.00,1.0,-1,-1,-1
326,18,0.00,0.00,0.00,0.00,1.0,-1,-1,-1
326,19,976.00,498.00,133.00,208.00,1.0,-1,-1,-1
326,20,1766.00,588.00,154.00,320.00,1.0,-1,-1,-1
326,21,0.00,0.00,0.00,0.00,1.0,-1,-1,-1
326,22,1572.00,835.00,154.00,245.00,1.0,-1,-1,-1
326,23,0.00,0.00,0.00,0.00,1.0,-1,-1,-1
326,24,0.00,0.00,0.00,0.00,1.0,-1,-1,-1
326,25,0.00,0.00,0.00,0.00,1.0,-1,-1,-1
326,26,771.00,404.00,87.00,200.00,1.0,-1,-1,-1
326,27,0.00,0.00,0.00,0.00,1.0,-1,-1,-1
326,28,0.00,0.00,0.00,0.00,1.0,-1,-1,-1
326,29,0.00,0.00,0.00,0.00,1.0,-1,-1,-1
326,30,0.00,0.00,0.00,0.00,1.0,-1,-1,-1
326,31,749.00,684.00,83.00,207.00,1.0,-1,-1,-1
326,32,0.00,0.00,0.00,0.00,1.0,-1,-1,-1
326,33,1225.00,533.00,122.00,265.00,1.0,-1,-1,-1
326,34,0.00,0.00,0.00,0.00,1.0,-1,-1,-1
326,35,886.00,586.00,114.00,273.00,1.0,-1,-1,-1
326,36,0.00,0.00,0.00,0.00,1.0,-1,-1,-1
326,37,1507.00,301.00,43.00,163.00,1.0,-1,-1,-1
326,38,1842.00,632.00,78.00,271.00,1.0,-1,-1,-1
326,39,1557.00,489.00,90.00,255.00,1.0,-1,-1,-1
326,40,1052.00,585.00,82.00,273.00,1.0,-1,-1,-1
327,0,1415.00,658.00,142.00,288.00,1.0,-1,-1,-1
327,1,0.00,0.00,0.00,0.00,1.0,-1,-1,-1
327,2,0.00,0.00,0.00,0.00,1.0,-1,-1,-1
327,3,0.00,0.00,0.00,0.00,1.0,-1,-1,-1
327,4,0.00,0.00,0.00,0.00,1.0,-1,-1,-1
327,5,0.00,0.00,0.00,0.00,1.0,-1,-1,-1
327,6,0.00,0.00,0.00,0.00,1.0,-1,-1,-1
327,7,0.00,0.00,0.00,0.00,1.0,-1,-1,-1
327,8,0.00,0.00,0.00,0.00,1.0,-1,-1,-1
327,9,0.00,0.00,0.00,0.00,1.0,-1,-1,-1
327,10,1085.00,486.00,52.00,143.00,1.0,-1,-1,-1
327,11,0.00,0.00,0.00,0.00,1.0,-1,-1,-1
327,12,0.00,0.00,0.00,0.00,1.0,-1,-1,-1
327,13,0.00,0.00,0.00,0.00,1.0,-1,-1,-1
327,14,0.00,0.00,0.00,0.00,1.0,-1,-1,-1
327,15,0.00,0.00,0.00,0.00,1.0,-1,-1,-1
327,16,0.00,0.00,0.00,0.00,1.0,-1,-1,-1
327,17,1476.00,541.00,125.00,268.00,1.0,-1,-1,-1
327,18,0.00,0.00,0.00,0.00,1.0,-1,-1,-1
327,19,977.00,498.00,132.00,209.00,1.0,-1,-1,-1
327,20,1796.00,591.00,124.00,316.00,1.0,-1,-1,-1
327,21,0.00,0.00,0.00,0.00,1.0,-1,-1,-1
327,22,1578.00,837.00,152.00,243.00,1.0,-1,-1,-1
327,23,0.00,0.00,0.00,0.00,1.0,-1,-1,-1
327,24,0.00,0.00,0.00,0.00,1.0,-1,-1,-1
327,25,0.00,0.00,0.00,0.00,1.0,-1,-1,-1
327,26,773.00,404.00,86.00,200.00,1.0,-1,-1,-1
327,27,0.00,0.00,0.00,0.00,1.0,-1,-1,-1
327,28,0.00,0.00,0.00,0.00,1.0,-1,-1,-1
327,29,0.00,0.00,0.00,0.00,1.0,-1,-1,-1
327,30,0.00,0.00,0.00,0.00,1.0,-1,-1,-1
327,31,747.00,691.00,85.00,203.00,1.0,-1,-1,-1
327,32,0.00,0.00,0.00,0.00,1.0,-1,-1,-1
327,33,1234.00,535.00,110.00,263.00,1.0,-1,-1,-1
327,34,0.00,0.00,0.00,0.00,1.0,-1,-1,-1
327,35,887.00,586.00,112.00,273.00,1.0,-1,-1,-1
327,36,0.00,0.00,0.00,0.00,1.0,-1,-1,-1
327,37,1507.00,300.00,43.00,164.00,1.0,-1,-1,-1
327,38,1850.00,634.00,70.00,271.00,1.0,-1,-1,-1
327,39,1560.00,490.00,94.00,258.00,1.0,-1,-1,-1
327,40,1054.00,585.00,81.00,273.00,1.0,-1,-1,-1
328,0,1412.00,657.00,144.00,288.00,1.0,-1,-1,-1
328,1,0.00,0.00,0.00,0.00,1.0,-1,-1,-1
328,2,0.00,0.00,0.00,0.00,1.0,-1,-1,-1
328,3,0.00,0.00,0.00,0.00,1.0,-1,-1,-1
328,4,0.00,0.00,0.00,0.00,1.0,-1,-1,-1
328,5,0.00,0.00,0.00,0.00,1.0,-1,-1,-1
328,6,0.00,0.00,0.00,0.00,1.0,-1,-1,-1
328,7,0.00,0.00,0.00,0.00,1.0,-1,-1,-1
328,8,0.00,0.00,0.00,0.00,1.0,-1,-1,-1
328,9,0.00,0.00,0.00,0.00,1.0,-1,-1,-1
328,10,1084.00,486.00,53.00,144.00,1.0,-1,-1,-1
328,11,0.00,0.00,0.00,0.00,1.0,-1,-1,-1
328,12,0.00,0.00,0.00,0.00,1.0,-1,-1,-1
328,13,0.00,0.00,0.00,0.00,1.0,-1,-1,-1
328,14,0.00,0.00,0.00,0.00,1.0,-1,-1,-1
328,15,0.00,0.00,0.00,0.00,1.0,-1,-1,-1
328,16,0.00,0.00,0.00,0.00,1.0,-1,-1,-1
328,17,1479.00,543.00,125.00,269.00,1.0,-1,-1,-1
328,18,0.00,0.00,0.00,0.00,1.0,-1,-1,-1
328,19,978.00,498.00,131.00,209.00,1.0,-1,-1,-1
328,20,1801.00,591.00,119.00,317.00,1.0,-1,-1,-1
328,21,0.00,0.00,0.00,0.00,1.0,-1,-1,-1
328,22,1582.00,837.00,152.00,243.00,1.0,-1,-1,-1
328,23,0.00,0.00,0.00,0.00,1.0,-1,-1,-1
328,24,0.00,0.00,0.00,0.00,1.0,-1,-1,-1
328,25,0.00,0.00,0.00,0.00,1.0,-1,-1,-1
328,26,773.00,404.00,88.00,199.00,1.0,-1,-1,-1
328,27,0.00,0.00,0.00,0.00,1.0,-1,-1,-1
328,28,0.00,0.00,0.00,0.00,1.0,-1,-1,-1
328,29,0.00,0.00,0.00,0.00,1.0,-1,-1,-1
328,30,0.00,0.00,0.00,0.00,1.0,-1,-1,-1
328,31,746.00,691.00,86.00,210.00,1.0,-1,-1,-1
328,32,0.00,0.00,0.00,0.00,1.0,-1,-1,-1
328,33,1234.00,538.00,120.00,263.00,1.0,-1,-1,-1
328,34,0.00,0.00,0.00,0.00,1.0,-1,-1,-1
328,35,888.00,585.00,109.00,274.00,1.0,-1,-1,-1
328,36,1867.00,473.00,46.00,88.00,1.0,-1,-1,-1
328,37,1507.00,300.00,43.00,164.00,1.0,-1,-1,-1
328,38,1861.00,640.00,59.00,262.00,1.0,-1,-1,-1
328,39,1571.00,491.00,84.00,258.00,1.0,-1,-1,-1
328,40,1054.00,585.00,82.00,273.00,1.0,-1,-1,-1
329,0,1409.00,657.00,145.00,289.00,1.0,-1,-1,-1
329,1,0.00,0.00,0.00,0.00,1.0,-1,-1,-1
329,2,0.00,0.00,0.00,0.00,1.0,-1,-1,-1
329,3,0.00,0.00,0.00,0.00,1.0,-1,-1,-1
329,4,0.00,0.00,0.00,0.00,1.0,-1,-1,-1
329,5,0.00,0.00,0.00,0.00,1.0,-1,-1,-1
329,6,0.00,0.00,0.00,0.00,1.0,-1,-1,-1
329,7,0.00,0.00,0.00,0.00,1.0,-1,-1,-1
329,8,0.00,0.00,0.00,0.00,1.0,-1,-1,-1
329,9,0.00,0.00,0.00,0.00,1.0,-1,-1,-1
329,10,1084.00,487.00,53.00,142.00,1.0,-1,-1,-1
329,11,0.00,0.00,0.00,0.00,1.0,-1,-1,-1
329,12,0.00,0.00,0.00,0.00,1.0,-1,-1,-1
329,13,0.00,0.00,0.00,0.00,1.0,-1,-1,-1
329,14,0.00,0.00,0.00,0.00,1.0,-1,-1,-1
329,15,0.00,0.00,0.00,0.00,1.0,-1,-1,-1
329,16,0.00,0.00,0.00,0.00,1.0,-1,-1,-1
329,17,1481.00,543.00,127.00,272.00,1.0,-1,-1,-1
329,18,0.00,0.00,0.00,0.00,1.0,-1,-1,-1
329,19,979.00,499.00,130.00,209.00,1.0,-1,-1,-1
329,20,1804.00,589.00,116.00,319.00,1.0,-1,-1,-1
329,21,0.00,0.00,0.00,0.00,1.0,-1,-1,-1
329,22,1585.00,838.00,156.00,242.00,1.0,-1,-1,-1
329,23,0.00,0.00,0.00,0.00,1.0,-1,-1,-1
329,24,0.00,0.00,0.00,0.00,1.0,-1,-1,-1
329,25,0.00,0.00,0.00,0.00,1.0,-1,-1,-1
329,26,775.00,399.00,103.00,204.00,1.0,-1,-1,-1
329,27,0.00,0.00,0.00,0.00,1.0,-1,-1,-1
329,28,0.00,0.00,0.00,0.00,1.0,-1,-1,-1
329,29,0.00,0.00,0.00,0.00,1.0,-1,-1,-1
329,30,0.00,0.00,0.00,0.00,1.0,-1,-1,-1
329,31,745.00,692.00,86.00,213.00,1.0,-1,-1,-1
329,32,0.00,0.00,0.00,0.00,1.0,-1,-1,-1
329,33,1235.00,538.00,127.00,265.00,1.0,-1,-1,-1
329,34,0.00,0.00,0.00,0.00,1.0,-1,-1,-1
329,35,888.00,584.00,108.00,275.00,1.0,-1,-1,-1
329,36,1870.00,474.00,50.00,89.00,1.0,-1,-1,-1
329,37,1507.00,299.00,44.00,161.00,1.0,-1,-1,-1
329,38,1864.00,640.00,56.00,262.00,1.0,-1,-1,-1
329,39,1575.00,495.00,81.00,254.00,1.0,-1,-1,-1
329,40,1054.00,585.00,82.00,272.00,1.0,-1,-1,-1
330,0,1406.00,658.00,144.00,288.00,1.0,-1,-1,-1
330,1,0.00,0.00,0.00,0.00,1.0,-1,-1,-1
330,2,0.00,0.00,0.00,0.00,1.0,-1,-1,-1
330,3,0.00,0.00,0.00,0.00,1.0,-1,-1,-1
330,4,0.00,0.00,0.00,0.00,1.0,-1,-1,-1
330,5,0.00,0.00,0.00,0.00,1.0,-1,-1,-1
330,6,0.00,0.00,0.00,0.00,1.0,-1,-1,-1
330,7,0.00,0.00,0.00,0.00,1.0,-1,-1,-1
330,8,0.00,0.00,0.00,0.00,1.0,-1,-1,-1
330,9,0.00,0.00,0.00,0.00,1.0,-1,-1,-1
330,10,1083.00,486.00,54.00,143.00,1.0,-1,-1,-1
330,11,0.00,0.00,0.00,0.00,1.0,-1,-1,-1
330,12,0.00,0.00,0.00,0.00,1.0,-1,-1,-1
330,13,0.00,0.00,0.00,0.00,1.0,-1,-1,-1
330,14,0.00,0.00,0.00,0.00,1.0,-1,-1,-1
330,15,0.00,0.00,0.00,0.00,1.0,-1,-1,-1
330,16,0.00,0.00,0.00,0.00,1.0,-1,-1,-1
330,17,1496.00,544.00,113.00,272.00,1.0,-1,-1,-1
330,18,0.00,0.00,0.00,0.00,1.0,-1,-1,-1
330,19,980.00,500.00,128.00,209.00,1.0,-1,-1,-1
330,20,1810.00,590.00,110.00,318.00,1.0,-1,-1,-1
330,21,0.00,0.00,0.00,0.00,1.0,-1,-1,-1
330,22,1585.00,838.00,161.00,242.00,1.0,-1,-1,-1
330,23,0.00,0.00,0.00,0.00,1.0,-1,-1,-1
330,24,0.00,0.00,0.00,0.00,1.0,-1,-1,-1
330,25,0.00,0.00,0.00,0.00,1.0,-1,-1,-1
330,26,774.00,401.00,100.00,202.00,1.0,-1,-1,-1
330,27,0.00,0.00,0.00,0.00,1.0,-1,-1,-1
330,28,0.00,0.00,0.00,0.00,1.0,-1,-1,-1
330,29,0.00,0.00,0.00,0.00,1.0,-1,-1,-1
330,30,0.00,0.00,0.00,0.00,1.0,-1,-1,-1
330,31,743.00,692.00,86.00,215.00,1.0,-1,-1,-1
330,32,0.00,0.00,0.00,0.00,1.0,-1,-1,-1
330,33,1235.00,540.00,121.00,264.00,1.0,-1,-1,-1
330,34,0.00,0.00,0.00,0.00,1.0,-1,-1,-1
330,35,884.00,584.00,110.00,275.00,1.0,-1,-1,-1
330,36,1874.00,473.00,46.00,88.00,1.0,-1,-1,-1
330,37,1507.00,300.00,43.00,162.00,1.0,-1,-1,-1
330,38,1869.00,645.00,51.00,257.00,1.0,-1,-1,-1
330,39,1581.00,494.00,78.00,255.00,1.0,-1,-1,-1
330,40,1054.00,586.00,81.00,271.00,1.0,-1,-1,-1
331,0,1405.00,659.00,144.00,287.00,1.0,-1,-1,-1
331,1,0.00,0.00,0.00,0.00,1.0,-1,-1,-1
331,2,0.00,0.00,0.00,0.00,1.0,-1,-1,-1
331,3,0.00,0.00,0.00,0.00,1.0,-1,-1,-1
331,4,0.00,0.00,0.00,0.00,1.0,-1,-1,-1
331,5,0.00,0.00,0.00,0.00,1.0,-1,-1,-1
331,6,0.00,0.00,0.00,0.00,1.0,-1,-1,-1
331,7,0.00,0.00,0.00,0.00,1.0,-1,-1,-1
331,8,0.00,0.00,0.00,0.00,1.0,-1,-1,-1
331,9,0.00,0.00,0.00,0.00,1.0,-1,-1,-1
331,10,1083.00,487.00,55.00,143.00,1.0,-1,-1,-1
331,11,0.00,0.00,0.00,0.00,1.0,-1,-1,-1
331,12,0.00,0.00,0.00,0.00,1.0,-1,-1,-1
331,13,0.00,0.00,0.00,0.00,1.0,-1,-1,-1
331,14,0.00,0.00,0.00,0.00,1.0,-1,-1,-1
331,15,0.00,0.00,0.00,0.00,1.0,-1,-1,-1
331,16,0.00,0.00,0.00,0.00,1.0,-1,-1,-1
331,17,1502.00,544.00,99.00,273.00,1.0,-1,-1,-1
331,18,0.00,0.00,0.00,0.00,1.0,-1,-1,-1
331,19,982.00,499.00,126.00,212.00,1.0,-1,-1,-1
331,20,1817.00,590.00,103.00,319.00,1.0,-1,-1,-1
331,21,0.00,0.00,0.00,0.00,1.0,-1,-1,-1
331,22,1589.00,841.00,164.00,239.00,1.0,-1,-1,-1
331,23,0.00,0.00,0.00,0.00,1.0,-1,-1,-1
331,24,0.00,0.00,0.00,0.00,1.0,-1,-1,-1
331,25,0.00,0.00,0.00,0.00,1.0,-1,-1,-1
331,26,776.00,401.00,93.00,201.00,1.0,-1,-1,-1
331,27,0.00,0.00,0.00,0.00,1.0,-1,-1,-1
331,28,0.00,0.00,0.00,0.00,1.0,-1,-1,-1
331,29,0.00,0.00,0.00,0.00,1.0,-1,-1,-1
331,30,0.00,0.00,0.00,0.00,1.0,-1,-1,-1
331,31,744.00,693.00,84.00,215.00,1.0,-1,-1,-1
331,32,0.00,0.00,0.00,0.00,1.0,-1,-1,-1
331,33,1243.00,539.00,113.00,268.00,1.0,-1,-1,-1
331,34,0.00,0.00,0.00,0.00,1.0,-1,-1,-1
331,35,887.00,586.00,107.00,273.00,1.0,-1,-1,-1
331,36,1881.00,473.00,39.00,85.00,1.0,-1,-1,-1
331,37,1507.00,301.00,43.00,162.00,1.0,-1,-1,-1
331,38,1878.00,644.00,42.00,114.00,1.0,-1,-1,-1
331,39,1587.00,491.00,74.00,258.00,1.0,-1,-1,-1
331,40,1053.00,588.00,84.00,270.00,1.0,-1,-1,-1
332,0,1407.00,659.00,144.00,288.00,1.0,-1,-1,-1
332,1,0.00,0.00,0.00,0.00,1.0,-1,-1,-1
332,2,0.00,0.00,0.00,0.00,1.0,-1,-1,-1
332,3,0.00,0.00,0.00,0.00,1.0,-1,-1,-1
332,4,0.00,0.00,0.00,0.00,1.0,-1,-1,-1
332,5,0.00,0.00,0.00,0.00,1.0,-1,-1,-1
332,6,0.00,0.00,0.00,0.00,1.0,-1,-1,-1
332,7,0.00,0.00,0.00,0.00,1.0,-1,-1,-1
332,8,0.00,0.00,0.00,0.00,1.0,-1,-1,-1
332,9,0.00,0.00,0.00,0.00,1.0,-1,-1,-1
332,10,1084.00,488.00,55.00,144.00,1.0,-1,-1,-1
332,11,0.00,0.00,0.00,0.00,1.0,-1,-1,-1
332,12,0.00,0.00,0.00,0.00,1.0,-1,-1,-1
332,13,0.00,0.00,0.00,0.00,1.0,-1,-1,-1
332,14,0.00,0.00,0.00,0.00,1.0,-1,-1,-1
332,15,0.00,0.00,0.00,0.00,1.0,-1,-1,-1
332,16,0.00,0.00,0.00,0.00,1.0,-1,-1,-1
332,17,1507.00,544.00,96.00,273.00,1.0,-1,-1,-1
332,18,0.00,0.00,0.00,0.00,1.0,-1,-1,-1
332,19,985.00,500.00,125.00,214.00,1.0,-1,-1,-1
332,20,1823.00,589.00,97.00,320.00,1.0,-1,-1,-1
332,21,0.00,0.00,0.00,0.00,1.0,-1,-1,-1
332,22,1593.00,843.00,169.00,237.00,1.0,-1,-1,-1
332,23,0.00,0.00,0.00,0.00,1.0,-1,-1,-1
332,24,0.00,0.00,0.00,0.00,1.0,-1,-1,-1
332,25,0.00,0.00,0.00,0.00,1.0,-1,-1,-1
332,26,777.00,399.00,87.00,202.00,1.0,-1,-1,-1
332,27,0.00,0.00,0.00,0.00,1.0,-1,-1,-1
332,28,0.00,0.00,0.00,0.00,1.0,-1,-1,-1
332,29,0.00,0.00,0.00,0.00,1.0,-1,-1,-1
332,30,0.00,0.00,0.00,0.00,1.0,-1,-1,-1
332,31,745.00,694.00,84.00,215.00,1.0,-1,-1,-1
332,32,0.00,0.00,0.00,0.00,1.0,-1,-1,-1
332,33,1250.00,541.00,108.00,267.00,1.0,-1,-1,-1
332,34,0.00,0.00,0.00,0.00,1.0,-1,-1,-1
332,35,888.00,588.00,107.00,272.00,1.0,-1,-1,-1
332,36,1890.00,472.00,30.00,86.00,1.0,-1,-1,-1
332,37,1509.00,302.00,44.00,162.00,1.0,-1,-1,-1
332,38,1896.00,646.00,24.00,75.00,1.0,-1,-1,-1
332,39,1589.00,493.00,75.00,257.00,1.0,-1,-1,-1
332,40,1055.00,589.00,84.00,271.00,1.0,-1,-1,-1
333,0,1407.00,659.00,141.00,288.00,1.0,-1,-1,-1
333,1,0.00,0.00,0.00,0.00,1.0,-1,-1,-1
333,2,0.00,0.00,0.00,0.00,1.0,-1,-1,-1
333,3,0.00,0.00,0.00,0.00,1.0,-1,-1,-1
333,4,0.00,0.00,0.00,0.00,1.0,-1,-1,-1
333,5,0.00,0.00,0.00,0.00,1.0,-1,-1,-1
333,6,0.00,0.00,0.00,0.00,1.0,-1,-1,-1
333,7,0.00,0.00,0.00,0.00,1.0,-1,-1,-1
333,8,0.00,0.00,0.00,0.00,1.0,-1,-1,-1
333,9,0.00,0.00,0.00,0.00,1.0,-1,-1,-1
333,10,1083.00,488.00,55.00,145.00,1.0,-1,-1,-1
333,11,0.00,0.00,0.00,0.00,1.0,-1,-1,-1
333,12,0.00,0.00,0.00,0.00,1.0,-1,-1,-1
333,13,0.00,0.00,0.00,0.00,1.0,-1,-1,-1
333,14,0.00,0.00,0.00,0.00,1.0,-1,-1,-1
333,15,0.00,0.00,0.00,0.00,1.0,-1,-1,-1
333,16,0.00,0.00,0.00,0.00,1.0,-1,-1,-1
333,17,1510.00,544.00,95.00,273.00,1.0,-1,-1,-1
333,18,0.00,0.00,0.00,0.00,1.0,-1,-1,-1
333,19,985.00,499.00,125.00,218.00,1.0,-1,-1,-1
333,20,1823.00,590.00,97.00,320.00,1.0,-1,-1,-1
333,21,0.00,0.00,0.00,0.00,1.0,-1,-1,-1
333,22,1596.00,848.00,172.00,232.00,1.0,-1,-1,-1
333,23,0.00,0.00,0.00,0.00,1.0,-1,-1,-1
333,24,0.00,0.00,0.00,0.00,1.0,-1,-1,-1
333,25,0.00,0.00,0.00,0.00,1.0,-1,-1,-1
333,26,777.00,397.00,85.00,203.00,1.0,-1,-1,-1
333,27,0.00,0.00,0.00,0.00,1.0,-1,-1,-1
333,28,0.00,0.00,0.00,0.00,1.0,-1,-1,-1
333,29,0.00,0.00,0.00,0.00,1.0,-1,-1,-1
333,30,0.00,0.00,0.00,0.00,1.0,-1,-1,-1
333,31,743.00,695.00,83.00,213.00,1.0,-1,-1,-1
333,32,0.00,0.00,0.00,0.00,1.0,-1,-1,-1
333,33,1259.00,542.00,104.00,266.00,1.0,-1,-1,-1
333,34,0.00,0.00,0.00,0.00,1.0,-1,-1,-1
333,35,886.00,589.00,108.00,274.00,1.0,-1,-1,-1
333,36,1893.00,472.00,27.00,96.00,1.0,-1,-1,-1
333,37,1509.00,302.00,42.00,160.00,1.0,-1,-1,-1
333,38,1895.00,648.00,25.00,62.00,1.0,-1,-1,-1
333,39,1590.00,518.00,78.00,233.00,1.0,-1,-1,-1
333,40,1053.00,592.00,85.00,277.00,1.0,-1,-1,-1
334,0,1408.00,660.00,139.00,287.00,1.0,-1,-1,-1
334,1,0.00,0.00,0.00,0.00,1.0,-1,-1,-1
334,2,0.00,0.00,0.00,0.00,1.0,-1,-1,-1
334,3,0.00,0.00,0.00,0.00,1.0,-1,-1,-1
334,4,0.00,0.00,0.00,0.00,1.0,-1,-1,-1
334,5,0.00,0.00,0.00,0.00,1.0,-1,-1,-1
334,6,0.00,0.00,0.00,0.00,1.0,-1,-1,-1
334,7,0.00,0.00,0.00,0.00,1.0,-1,-1,-1
334,8,0.00,0.00,0.00,0.00,1.0,-1,-1,-1
334,9,0.00,0.00,0.00,0.00,1.0,-1,-1,-1
334,10,1082.00,488.00,56.00,147.00,1.0,-1,-1,-1
334,11,0.00,0.00,0.00,0.00,1.0,-1,-1,-1
334,12,0.00,0.00,0.00,0.00,1.0,-1,-1,-1
334,13,0.00,0.00,0.00,0.00,1.0,-1,-1,-1
334,14,0.00,0.00,0.00,0.00,1.0,-1,-1,-1
334,15,0.00,0.00,0.00,0.00,1.0,-1,-1,-1
334,16,0.00,0.00,0.00,0.00,1.0,-1,-1,-1
334,17,1528.00,544.00,86.00,274.00,1.0,-1,-1,-1
334,18,0.00,0.00,0.00,0.00,1.0,-1,-1,-1
334,19,985.00,499.00,124.00,220.00,1.0,-1,-1,-1
334,20,1824.00,590.00,96.00,320.00,1.0,-1,-1,-1
334,21,0.00,0.00,0.00,0.00,1.0,-1,-1,-1
334,22,1598.00,852.00,173.00,228.00,1.0,-1,-1,-1
334,23,0.00,0.00,0.00,0.00,1.0,-1,-1,-1
334,24,0.00,0.00,0.00,0.00,1.0,-1,-1,-1
334,25,0.00,0.00,0.00,0.00,1.0,-1,-1,-1
334,26,777.00,397.00,85.00,202.00,1.0,-1,-1,-1
334,27,0.00,0.00,0.00,0.00,1.0,-1,-1,-1
334,28,0.00,0.00,0.00,0.00,1.0,-1,-1,-1
334,29,0.00,0.00,0.00,0.00,1.0,-1,-1,-1
334,30,0.00,0.00,0.00,0.00,1.0,-1,-1,-1
334,31,742.00,695.00,82.00,213.00,1.0,-1,-1,-1
334,32,0.00,0.00,0.00,0.00,1.0,-1,-1,-1
334,33,1271.00,542.00,99.00,267.00,1.0,-1,-1,-1
334,34,0.00,0.00,0.00,0.00,1.0,-1,-1,-1
334,35,885.00,590.00,108.00,275.00,1.0,-1,-1,-1
334,36,0.00,0.00,0.00,0.00,1.0,-1,-1,-1
334,37,1508.00,302.00,43.00,162.00,1.0,-1,-1,-1
334,38,1899.00,647.00,21.00,56.00,1.0,-1,-1,-1
334,39,1594.00,518.00,75.00,233.00,1.0,-1,-1,-1
334,40,1050.00,593.00,88.00,279.00,1.0,-1,-1,-1
335,0,1409.00,659.00,137.00,289.00,1.0,-1,-1,-1
335,1,0.00,0.00,0.00,0.00,1.0,-1,-1,-1
335,2,0.00,0.00,0.00,0.00,1.0,-1,-1,-1
335,3,0.00,0.00,0.00,0.00,1.0,-1,-1,-1
335,4,0.00,0.00,0.00,0.00,1.0,-1,-1,-1
335,5,0.00,0.00,0.00,0.00,1.0,-1,-1,-1
335,6,0.00,0.00,0.00,0.00,1.0,-1,-1,-1
335,7,0.00,0.00,0.00,0.00,1.0,-1,-1,-1
335,8,0.00,0.00,0.00,0.00,1.0,-1,-1,-1
335,9,0.00,0.00,0.00,0.00,1.0,-1,-1,-1
335,10,1082.00,489.00,56.00,151.00,1.0,-1,-1,-1
335,11,0.00,0.00,0.00,0.00,1.0,-1,-1,-1
335,12,0.00,0.00,0.00,0.00,1.0,-1,-1,-1
335,13,0.00,0.00,0.00,0.00,1.0,-1,-1,-1
335,14,0.00,0.00,0.00,0.00,1.0,-1,-1,-1
335,15,0.00,0.00,0.00,0.00,1.0,-1,-1,-1
335,16,0.00,0.00,0.00,0.00,1.0,-1,-1,-1
335,17,1525.00,543.00,100.00,276.00,1.0,-1,-1,-1
335,18,0.00,0.00,0.00,0.00,1.0,-1,-1,-1
335,19,987.00,499.00,123.00,222.00,1.0,-1,-1,-1
335,20,1826.00,592.00,94.00,318.00,1.0,-1,-1,-1
335,21,0.00,0.00,0.00,0.00,1.0,-1,-1,-1
335,22,1603.00,858.00,173.00,222.00,1.0,-1,-1,-1
335,23,0.00,0.00,0.00,0.00,1.0,-1,-1,-1
335,24,0.00,0.00,0.00,0.00,1.0,-1,-1,-1
335,25,0.00,0.00,0.00,0.00,1.0,-1,-1,-1
335,26,778.00,394.00,85.00,205.00,1.0,-1,-1,-1
335,27,0.00,0.00,0.00,0.00,1.0,-1,-1,-1
335,28,0.00,0.00,0.00,0.00,1.0,-1,-1,-1
335,29,0.00,0.00,0.00,0.00,1.0,-1,-1,-1
335,30,0.00,0.00,0.00,0.00,1.0,-1,-1,-1
335,31,740.00,695.00,84.00,213.00,1.0,-1,-1,-1
335,32,0.00,0.00,0.00,0.00,1.0,-1,-1,-1
335,33,1285.00,543.00,95.00,269.00,1.0,-1,-1,-1
335,34,0.00,0.00,0.00,0.00,1.0,-1,-1,-1
335,35,885.00,594.00,107.00,273.00,1.0,-1,-1,-1
335,36,0.00,0.00,0.00,0.00,1.0,-1,-1,-1
335,37,1508.00,303.00,44.00,162.00,1.0,-1,-1,-1
335,38,1905.00,643.00,15.00,54.00,1.0,-1,-1,-1
335,39,1598.00,518.00,75.00,234.00,1.0,-1,-1,-1
335,40,1056.00,596.00,82.00,278.00,1.0,-1,-1,-1
336,0,1410.00,660.00,137.00,289.00,1.0,-1,-1,-1
336,1,0.00,0.00,0.00,0.00,1.0,-1,-1,-1
336,2,0.00,0.00,0.00,0.00,1.0,-1,-1,-1
336,3,0.00,0.00,0.00,0.00,1.0,-1,-1,-1
336,4,0.00,0.00,0.00,0.00,1.0,-1,-1,-1
336,5,1866.00,778.00,54.00,107.00,1.0,-1,-1,-1
336,6,0.00,0.00,0.00,0.00,1.0,-1,-1,-1
336,7,0.00,0.00,0.00,0.00,1.0,-1,-1,-1
336,8,0.00,0.00,0.00,0.00,1.0,-1,-1,-1
336,9,0.00,0.00,0.00,0.00,1.0,-1,-1,-1
336,10,1082.00,489.00,57.00,153.00,1.0,-1,-1,-1
336,11,0.00,0.00,0.00,0.00,1.0,-1,-1,-1
336,12,0.00,0.00,0.00,0.00,1.0,-1,-1,-1
336,13,0.00,0.00,0.00,0.00,1.0,-1,-1,-1
336,14,0.00,0.00,0.00,0.00,1.0,-1,-1,-1
336,15,0.00,0.00,0.00,0.00,1.0,-1,-1,-1
336,16,0.00,0.00,0.00,0.00,1.0,-1,-1,-1
336,17,1541.00,544.00,92.00,275.00,1.0,-1,-1,-1
336,18,0.00,0.00,0.00,0.00,1.0,-1,-1,-1
336,19,988.00,499.00,123.00,224.00,1.0,-1,-1,-1
336,20,1828.00,592.00,92.00,319.00,1.0,-1,-1,-1
336,21,0.00,0.00,0.00,0.00,1.0,-1,-1,-1
336,22,1609.00,866.00,173.00,214.00,1.0,-1,-1,-1
336,23,0.00,0.00,0.00,0.00,1.0,-1,-1,-1
336,24,0.00,0.00,0.00,0.00,1.0,-1,-1,-1
336,25,0.00,0.00,0.00,0.00,1.0,-1,-1,-1
336,26,779.00,394.00,85.00,205.00,1.0,-1,-1,-1
336,27,0.00,0.00,0.00,0.00,1.0,-1,-1,-1
336,28,0.00,0.00,0.00,0.00,1.0,-1,-1,-1
336,29,0.00,0.00,0.00,0.00,1.0,-1,-1,-1
336,30,0.00,0.00,0.00,0.00,1.0,-1,-1,-1
336,31,740.00,695.00,83.00,213.00,1.0,-1,-1,-1
336,32,0.00,0.00,0.00,0.00,1.0,-1,-1,-1
336,33,1289.00,543.00,103.00,270.00,1.0,-1,-1,-1
336,34,0.00,0.00,0.00,0.00,1.0,-1,-1,-1
336,35,885.00,596.00,107.00,275.00,1.0,-1,-1,-1
336,36,0.00,0.00,0.00,0.00,1.0,-1,-1,-1
336,37,1509.00,303.00,44.00,162.00,1.0,-1,-1,-1
336,38,0.00,0.00,0.00,0.00,1.0,-1,-1,-1
336,39,1604.00,519.00,76.00,232.00,1.0,-1,-1,-1
336,40,1057.00,599.00,81.00,278.00,1.0,-1,-1,-1
337,0,1412.00,657.00,136.00,291.00,1.0,-1,-1,-1
337,1,0.00,0.00,0.00,0.00,1.0,-1,-1,-1
337,2,0.00,0.00,0.00,0.00,1.0,-1,-1,-1
337,3,0.00,0.00,0.00,0.00,1.0,-1,-1,-1
337,4,0.00,0.00,0.00,0.00,1.0,-1,-1,-1
337,5,1870.00,794.00,50.00,91.00,1.0,-1,-1,-1
337,6,0.00,0.00,0.00,0.00,1.0,-1,-1,-1
337,7,0.00,0.00,0.00,0.00,1.0,-1,-1,-1
337,8,0.00,0.00,0.00,0.00,1.0,-1,-1,-1
337,9,0.00,0.00,0.00,0.00,1.0,-1,-1,-1
337,10,1082.00,488.00,58.00,157.00,1.0,-1,-1,-1
337,11,0.00,0.00,0.00,0.00,1.0,-1,-1,-1
337,12,0.00,0.00,0.00,0.00,1.0,-1,-1,-1
337,13,0.00,0.00,0.00,0.00,1.0,-1,-1,-1
337,14,0.00,0.00,0.00,0.00,1.0,-1,-1,-1
337,15,0.00,0.00,0.00,0.00,1.0,-1,-1,-1
337,16,0.00,0.00,0.00,0.00,1.0,-1,-1,-1
337,17,1552.00,546.00,96.00,273.00,1.0,-1,-1,-1
337,18,0.00,0.00,0.00,0.00,1.0,-1,-1,-1
337,19,988.00,501.00,122.00,224.00,1.0,-1,-1,-1
337,20,1831.00,592.00,89.00,319.00,1.0,-1,-1,-1
337,21,0.00,0.00,0.00,0.00,1.0,-1,-1,-1
337,22,1613.00,872.00,174.00,208.00,1.0,-1,-1,-1
337,23,0.00,0.00,0.00,0.00,1.0,-1,-1,-1
337,24,0.00,0.00,0.00,0.00,1.0,-1,-1,-1
337,25,0.00,0.00,0.00,0.00,1.0,-1,-1,-1
337,26,778.00,394.00,89.00,203.00,1.0,-1,-1,-1
337,27,0.00,0.00,0.00,0.00,1.0,-1,-1,-1
337,28,0.00,0.00,0.00,0.00,1.0,-1,-1,-1
337,29,0.00,0.00,0.00,0.00,1.0,-1,-1,-1
337,30,0.00,0.00,0.00,0.00,1.0,-1,-1,-1
337,31,739.00,695.00,84.00,214.00,1.0,-1,-1,-1
337,32,0.00,0.00,0.00,0.00,1.0,-1,-1,-1
337,33,1293.00,544.00,109.00,271.00,1.0,-1,-1,-1
337,34,0.00,0.00,0.00,0.00,1.0,-1,-1,-1
337,35,884.00,598.00,107.00,274.00,1.0,-1,-1,-1
337,36,0.00,0.00,0.00,0.00,1.0,-1,-1,-1
337,37,1511.00,303.00,42.00,161.00,1.0,-1,-1,-1
337,38,0.00,0.00,0.00,0.00,1.0,-1,-1,-1
337,39,1609.00,504.00,84.00,249.00,1.0,-1,-1,-1
337,40,1057.00,602.00,83.00,276.00,1.0,-1,-1,-1
338,0,1416.00,658.00,133.00,290.00,1.0,-1,-1,-1
338,1,0.00,0.00,0.00,0.00,1.0,-1,-1,-1
338,2,0.00,0.00,0.00,0.00,1.0,-1,-1,-1
338,3,0.00,0.00,0.00,0.00,1.0,-1,-1,-1
338,4,0.00,0.00,0.00,0.00,1.0,-1,-1,-1
338,5,0.00,0.00,0.00,0.00,1.0,-1,-1,-1
338,6,0.00,0.00,0.00,0.00,1.0,-1,-1,-1
338,7,0.00,0.00,0.00,0.00,1.0,-1,-1,-1
338,8,0.00,0.00,0.00,0.00,1.0,-1,-1,-1
338,9,0.00,0.00,0.00,0.00,1.0,-1,-1,-1
338,10,1083.00,488.00,57.00,156.00,1.0,-1,-1,-1
338,11,0.00,0.00,0.00,0.00,1.0,-1,-1,-1
338,12,0.00,0.00,0.00,0.00,1.0,-1,-1,-1
338,13,0.00,0.00,0.00,0.00,1.0,-1,-1,-1
338,14,0.00,0.00,0.00,0.00,1.0,-1,-1,-1
338,15,0.00,0.00,0.00,0.00,1.0,-1,-1,-1
338,16,0.00,0.00,0.00,0.00,1.0,-1,-1,-1
338,17,1555.00,548.00,114.00,272.00,1.0,-1,-1,-1
338,18,0.00,0.00,0.00,0.00,1.0,-1,-1,-1
338,19,989.00,500.00,121.00,225.00,1.0,-1,-1,-1
338,20,1836.00,593.00,84.00,319.00,1.0,-1,-1,-1
338,21,0.00,0.00,0.00,0.00,1.0,-1,-1,-1
338,22,1616.00,876.00,175.00,204.00,1.0,-1,-1,-1
338,23,0.00,0.00,0.00,0.00,1.0,-1,-1,-1
338,24,0.00,0.00,0.00,0.00,1.0,-1,-1,-1
338,25,0.00,0.00,0.00,0.00,1.0,-1,-1,-1
338,26,778.00,395.00,86.00,202.00,1.0,-1,-1,-1
338,27,0.00,0.00,0.00,0.00,1.0,-1,-1,-1
338,28,0.00,0.00,0.00,0.00,1.0,-1,-1,-1
338,29,0.00,0.00,0.00,0.00,1.0,-1,-1,-1
338,30,0.00,0.00,0.00,0.00,1.0,-1,-1,-1
338,31,738.00,697.00,84.00,219.00,1.0,-1,-1,-1
338,32,0.00,0.00,0.00,0.00,1.0,-1,-1,-1
338,33,1300.00,545.00,114.00,270.00,1.0,-1,-1,-1
338,34,0.00,0.00,0.00,0.00,1.0,-1,-1,-1
338,35,883.00,600.00,108.00,277.00,1.0,-1,-1,-1
338,36,0.00,0.00,0.00,0.00,1.0,-1,-1,-1
338,37,1510.00,303.00,43.00,163.00,1.0,-1,-1,-1
338,38,0.00,0.00,0.00,0.00,1.0,-1,-1,-1
338,39,1615.00,503.00,88.00,251.00,1.0,-1,-1,-1
338,40,1056.00,603.00,84.00,276.00,1.0,-1,-1,-1
339,0,1423.00,659.00,127.00,290.00,1.0,-1,-1,-1
339,1,0.00,0.00,0.00,0.00,1.0,-1,-1,-1
339,2,0.00,0.00,0.00,0.00,1.0,-1,-1,-1
339,3,0.00,0.00,0.00,0.00,1.0,-1,-1,-1
339,4,0.00,0.00,0.00,0.00,1.0,-1,-1,-1
339,5,0.00,0.00,0.00,0.00,1.0,-1,-1,-1
339,6,0.00,0.00,0.00,0.00,1.0,-1,-1,-1
339,7,0.00,0.00,0.00,0.00,1.0,-1,-1,-1
339,8,0.00,0.00,0.00,0.00,1.0,-1,-1,-1
339,9,0.00,0.00,0.00,0.00,1.0,-1,-1,-1
339,10,1083.00,489.00,57.00,160.00,1.0,-1,-1,-1
339,11,0.00,0.00,0.00,0.00,1.0,-1,-1,-1
339,12,0.00,0.00,0.00,0.00,1.0,-1,-1,-1
339,13,0.00,0.00,0.00,0.00,1.0,-1,-1,-1
339,14,0.00,0.00,0.00,0.00,1.0,-1,-1,-1
339,15,0.00,0.00,0.00,0.00,1.0,-1,-1,-1
339,16,0.00,0.00,0.00,0.00,1.0,-1,-1,-1
339,17,1558.00,552.00,126.00,268.00,1.0,-1,-1,-1
339,18,0.00,0.00,0.00,0.00,1.0,-1,-1,-1
339,19,988.00,501.00,121.00,226.00,1.0,-1,-1,-1
339,20,1841.00,597.00,79.00,317.00,1.0,-1,-1,-1
339,21,0.00,0.00,0.00,0.00,1.0,-1,-1,-1
339,22,1618.00,882.00,176.00,198.00,1.0,-1,-1,-1
339,23,0.00,0.00,0.00,0.00,1.0,-1,-1,-1
339,24,0.00,0.00,0.00,0.00,1.0,-1,-1,-1
339,25,0.00,0.00,0.00,0.00,1.0,-1,-1,-1
339,26,777.00,395.00,85.00,203.00,1.0,-1,-1,-1
339,27,0.00,0.00,0.00,0.00,1.0,-1,-1,-1
339,28,0.00,0.00,0.00,0.00,1.0,-1,-1,-1
339,29,0.00,0.00,0.00,0.00,1.0,-1,-1,-1
339,30,0.00,0.00,0.00,0.00,1.0,-1,-1,-1
339,31,737.00,701.00,84.00,218.00,1.0,-1,-1,-1
339,32,0.00,0.00,0.00,0.00,1.0,-1,-1,-1
339,33,1300.00,547.00,123.00,268.00,1.0,-1,-1,-1
339,34,0.00,0.00,0.00,0.00,1.0,-1,-1,-1
339,35,880.00,601.00,109.00,278.00,1.0,-1,-1,-1
339,36,0.00,0.00,0.00,0.00,1.0,-1,-1,-1
339,37,1510.00,304.00,43.00,163.00,1.0,-1,-1,-1
339,38,0.00,0.00,0.00,0.00,1.0,-1,-1,-1
339,39,1624.00,505.00,93.00,252.00,1.0,-1,-1,-1
339,40,1055.00,603.00,84.00,279.00,1.0,-1,-1,-1
340,0,1432.00,659.00,118.00,290.00,1.0,-1,-1,-1
340,1,0.00,0.00,0.00,0.00,1.0,-1,-1,-1
340,2,0.00,0.00,0.00,0.00,1.0,-1,-1,-1
340,3,0.00,0.00,0.00,0.00,1.0,-1,-1,-1
340,4,0.00,0.00,0.00,0.00,1.0,-1,-1,-1
340,5,0.00,0.00,0.00,0.00,1.0,-1,-1,-1
340,6,0.00,0.00,0.00,0.00,1.0,-1,-1,-1
340,7,0.00,0.00,0.00,0.00,1.0,-1,-1,-1
340,8,0.00,0.00,0.00,0.00,1.0,-1,-1,-1
340,9,0.00,0.00,0.00,0.00,1.0,-1,-1,-1
340,10,1087.00,489.00,55.00,154.00,1.0,-1,-1,-1
340,11,0.00,0.00,0.00,0.00,1.0,-1,-1,-1
340,12,0.00,0.00,0.00,0.00,1.0,-1,-1,-1
340,13,0.00,0.00,0.00,0.00,1.0,-1,-1,-1
340,14,0.00,0.00,0.00,0.00,1.0,-1,-1,-1
340,15,0.00,0.00,0.00,0.00,1.0,-1,-1,-1
340,16,0.00,0.00,0.00,0.00,1.0,-1,-1,-1
340,17,1565.00,555.00,127.00,268.00,1.0,-1,-1,-1
340,18,0.00,0.00,0.00,0.00,1.0,-1,-1,-1
340,19,989.00,500.00,119.00,227.00,1.0,-1,-1,-1
340,20,1856.00,640.00,64.00,271.00,1.0,-1,-1,-1
340,21,0.00,0.00,0.00,0.00,1.0,-1,-1,-1
340,22,1622.00,884.00,177.00,196.00,1.0,-1,-1,-1
340,23,0.00,0.00,0.00,0.00,1.0,-1,-1,-1
340,24,0.00,0.00,0.00,0.00,1.0,-1,-1,-1
340,25,0.00,0.00,0.00,0.00,1.0,-1,-1,-1
340,26,777.00,396.00,87.00,202.00,1.0,-1,-1,-1
340,27,0.00,0.00,0.00,0.00,1.0,-1,-1,-1
340,28,0.00,0.00,0.00,0.00,1.0,-1,-1,-1
340,29,0.00,0.00,0.00,0.00,1.0,-1,-1,-1
340,30,0.00,0.00,0.00,0.00,1.0,-1,-1,-1
340,31,737.00,703.00,85.00,215.00,1.0,-1,-1,-1
340,32,0.00,0.00,0.00,0.00,1.0,-1,-1,-1
340,33,1302.00,548.00,130.00,268.00,1.0,-1,-1,-1
340,34,0.00,0.00,0.00,0.00,1.0,-1,-1,-1
340,35,880.00,601.00,110.00,278.00,1.0,-1,-1,-1
340,36,0.00,0.00,0.00,0.00,1.0,-1,-1,-1
340,37,1512.00,304.00,42.00,164.00,1.0,-1,-1,-1
340,38,0.00,0.00,0.00,0.00,1.0,-1,-1,-1
340,39,1628.00,507.00,95.00,252.00,1.0,-1,-1,-1
340,40,1056.00,603.00,84.00,279.00,1.0,-1,-1,-1
341,0,1438.00,659.00,115.00,290.00,1.0,-1,-1,-1
341,1,0.00,0.00,0.00,0.00,1.0,-1,-1,-1
341,2,0.00,0.00,0.00,0.00,1.0,-1,-1,-1
341,3,0.00,0.00,0.00,0.00,1.0,-1,-1,-1
341,4,0.00,0.00,0.00,0.00,1.0,-1,-1,-1
341,5,0.00,0.00,0.00,0.00,1.0,-1,-1,-1
341,6,0.00,0.00,0.00,0.00,1.0,-1,-1,-1
341,7,0.00,0.00,0.00,0.00,1.0,-1,-1,-1
341,8,0.00,0.00,0.00,0.00,1.0,-1,-1,-1
341,9,0.00,0.00,0.00,0.00,1.0,-1,-1,-1
341,10,1089.00,489.00,54.00,153.00,1.0,-1,-1,-1
341,11,0.00,0.00,0.00,0.00,1.0,-1,-1,-1
341,12,0.00,0.00,0.00,0.00,1.0,-1,-1,-1
341,13,0.00,0.00,0.00,0.00,1.0,-1,-1,-1
341,14,0.00,0.00,0.00,0.00,1.0,-1,-1,-1
341,15,0.00,0.00,0.00,0.00,1.0,-1,-1,-1
341,16,0.00,0.00,0.00,0.00,1.0,-1,-1,-1
341,17,1568.00,557.00,127.00,268.00,1.0,-1,-1,-1
341,18,0.00,0.00,0.00,0.00,1.0,-1,-1,-1
341,19,989.00,500.00,120.00,227.00,1.0,-1,-1,-1
341,20,1873.00,642.00,47.00,276.00,1.0,-1,-1,-1
341,21,0.00,0.00,0.00,0.00,1.0,-1,-1,-1
341,22,1627.00,884.00,175.00,196.00,1.0,-1,-1,-1
341,23,0.00,0.00,0.00,0.00,1.0,-1,-1,-1
341,24,0.00,0.00,0.00,0.00,1.0,-1,-1,-1
341,25,0.00,0.00,0.00,0.00,1.0,-1,-1,-1
341,26,761.00,397.00,103.00,200.00,1.0,-1,-1,-1
341,27,0.00,0.00,0.00,0.00,1.0,-1,-1,-1
341,28,0.00,0.00,0.00,0.00,1.0,-1,-1,-1
341,29,0.00,0.00,0.00,0.00,1.0,-1,-1,-1
341,30,0.00,0.00,0.00,0.00,1.0,-1,-1,-1
341,31,737.00,707.00,84.00,214.00,1.0,-1,-1,-1
341,32,0.00,0.00,0.00,0.00,1.0,-1,-1,-1
341,33,1306.00,552.00,139.00,267.00,1.0,-1,-1,-1
341,34,0.00,0.00,0.00,0.00,1.0,-1,-1,-1
341,35,880.00,601.00,112.00,277.00,1.0,-1,-1,-1
341,36,0.00,0.00,0.00,0.00,1.0,-1,-1,-1
341,37,1515.00,304.00,41.00,165.00,1.0,-1,-1,-1
341,38,0.00,0.00,0.00,0.00,1.0,-1,-1,-1
341,39,1634.00,527.00,90.00,233.00,1.0,-1,-1,-1
341,40,1056.00,603.00,85.00,279.00,1.0,-1,-1,-1
342,0,1441.00,661.00,112.00,288.00,1.0,-1,-1,-1
342,1,0.00,0.00,0.00,0.00,1.0,-1,-1,-1
342,2,0.00,0.00,0.00,0.00,1.0,-1,-1,-1
342,3,0.00,0.00,0.00,0.00,1.0,-1,-1,-1
342,4,0.00,0.00,0.00,0.00,1.0,-1,-1,-1
342,5,0.00,0.00,0.00,0.00,1.0,-1,-1,-1
342,6,0.00,0.00,0.00,0.00,1.0,-1,-1,-1
342,7,0.00,0.00,0.00,0.00,1.0,-1,-1,-1
342,8,0.00,0.00,0.00,0.00,1.0,-1,-1,-1
342,9,0.00,0.00,0.00,0.00,1.0,-1,-1,-1
342,10,1090.00,489.00,53.00,152.00,1.0,-1,-1,-1
342,11,0.00,0.00,0.00,0.00,1.0,-1,-1,-1
342,12,0.00,0.00,0.00,0.00,1.0,-1,-1,-1
342,13,0.00,0.00,0.00,0.00,1.0,-1,-1,-1
342,14,0.00,0.00,0.00,0.00,1.0,-1,-1,-1
342,15,0.00,0.00,0.00,0.00,1.0,-1,-1,-1
342,16,0.00,0.00,0.00,0.00,1.0,-1,-1,-1
342,17,1569.00,558.00,129.00,271.00,1.0,-1,-1,-1
342,18,0.00,0.00,0.00,0.00,1.0,-1,-1,-1
342,19,989.00,500.00,120.00,229.00,1.0,-1,-1,-1
342,20,1878.00,651.00,42.00,267.00,1.0,-1,-1,-1
342,21,0.00,0.00,0.00,0.00,1.0,-1,-1,-1
342,22,1631.00,887.00,172.00,193.00,1.0,-1,-1,-1
342,23,0.00,0.00,0.00,0.00,1.0,-1,-1,-1
342,24,0.00,0.00,0.00,0.00,1.0,-1,-1,-1
342,25,0.00,0.00,0.00,0.00,1.0,-1,-1,-1
342,26,762.00,398.00,96.00,200.00,1.0,-1,-1,-1
342,27,0.00,0.00,0.00,0.00,1.0,-1,-1,-1
342,28,0.00,0.00,0.00,0.00,1.0,-1,-1,-1
342,29,0.00,0.00,0.00,0.00,1.0,-1,-1,-1
342,30,0.00,0.00,0.00,0.00,1.0,-1,-1,-1
342,31,736.00,710.00,84.00,215.00,1.0,-1,-1,-1
342,32,0.00,0.00,0.00,0.00,1.0,-1,-1,-1
342,33,1308.00,555.00,119.00,267.00,1.0,-1,-1,-1
342,34,0.00,0.00,0.00,0.00,1.0,-1,-1,-1
342,35,878.00,603.00,114.00,276.00,1.0,-1,-1,-1
342,36,0.00,0.00,0.00,0.00,1.0,-1,-1,-1
342,37,1517.00,304.00,39.00,164.00,1.0,-1,-1,-1
342,38,0.00,0.00,0.00,0.00,1.0,-1,-1,-1
342,39,1641.00,529.00,82.00,233.00,1.0,-1,-1,-1
342,40,1055.00,603.00,86.00,280.00,1.0,-1,-1,-1
343,0,1443.00,662.00,112.00,287.00,1.0,-1,-1,-1
343,1,0.00,0.00,0.00,0.00,1.0,-1,-1,-1
343,2,0.00,0.00,0.00,0.00,1.0,-1,-1,-1
343,3,0.00,0.00,0.00,0.00,1.0,-1,-1,-1
343,4,0.00,0.00,0.00,0.00,1.0,-1,-1,-1
343,5,1879.00,809.00,41.00,89.00,1.0,-1,-1,-1
343,6,0.00,0.00,0.00,0.00,1.0,-1,-1,-1
343,7,0.00,0.00,0.00,0.00,1.0,-1,-1,-1
343,8,0.00,0.00,0.00,0.00,1.0,-1,-1,-1
343,9,0.00,0.00,0.00,0.00,1.0,-1,-1,-1
343,10,1090.00,489.00,53.00,150.00,1.0,-1,-1,-1
343,11,0.00,0.00,0.00,0.00,1.0,-1,-1,-1
343,12,0.00,0.00,0.00,0.00,1.0,-1,-1,-1
343,13,0.00,0.00,0.00,0.00,1.0,-1,-1,-1
343,14,0.00,0.00,0.00,0.00,1.0,-1,-1,-1
343,15,0.00,0.00,0.00,0.00,1.0,-1,-1,-1
343,16,0.00,0.00,0.00,0.00,1.0,-1,-1,-1
343,17,1570.00,557.00,129.00,273.00,1.0,-1,-1,-1
343,18,0.00,0.00,0.00,0.00,1.0,-1,-1,-1
343,19,989.00,500.00,120.00,231.00,1.0,-1,-1,-1
343,20,1880.00,662.00,40.00,234.00,1.0,-1,-1,-1
343,21,0.00,0.00,0.00,0.00,1.0,-1,-1,-1
343,22,1635.00,887.00,170.00,193.00,1.0,-1,-1,-1
343,23,0.00,0.00,0.00,0.00,1.0,-1,-1,-1
343,24,0.00,0.00,0.00,0.00,1.0,-1,-1,-1
343,25,0.00,0.00,0.00,0.00,1.0,-1,-1,-1
343,26,759.00,398.00,98.00,199.00,1.0,-1,-1,-1
343,27,0.00,0.00,0.00,0.00,1.0,-1,-1,-1
343,28,0.00,0.00,0.00,0.00,1.0,-1,-1,-1
343,29,0.00,0.00,0.00,0.00,1.0,-1,-1,-1
343,30,0.00,0.00,0.00,0.00,1.0,-1,-1,-1
343,31,734.00,710.00,84.00,218.00,1.0,-1,-1,-1
343,32,0.00,0.00,0.00,0.00,1.0,-1,-1,-1
343,33,1315.00,555.00,116.00,269.00,1.0,-1,-1,-1
343,34,0.00,0.00,0.00,0.00,1.0,-1,-1,-1
343,35,876.00,602.00,116.00,277.00,1.0,-1,-1,-1
343,36,0.00,0.00,0.00,0.00,1.0,-1,-1,-1
343,37,1516.00,304.00,40.00,165.00,1.0,-1,-1,-1
343,38,0.00,0.00,0.00,0.00,1.0,-1,-1,-1
343,39,1644.00,508.00,81.00,255.00,1.0,-1,-1,-1
343,40,1055.00,603.00,86.00,280.00,1.0,-1,-1,-1
344,0,1446.00,662.00,110.00,288.00,1.0,-1,-1,-1
344,1,0.00,0.00,0.00,0.00,1.0,-1,-1,-1
344,2,0.00,0.00,0.00,0.00,1.0,-1,-1,-1
344,3,0.00,0.00,0.00,0.00,1.0,-1,-1,-1
344,4,0.00,0.00,0.00,0.00,1.0,-1,-1,-1
344,5,1885.00,818.00,35.00,70.00,1.0,-1,-1,-1
344,6,0.00,0.00,0.00,0.00,1.0,-1,-1,-1
344,7,0.00,0.00,0.00,0.00,1.0,-1,-1,-1
344,8,0.00,0.00,0.00,0.00,1.0,-1,-1,-1
344,9,0.00,0.00,0.00,0.00,1.0,-1,-1,-1
344,10,1090.00,489.00,53.00,155.00,1.0,-1,-1,-1
344,11,0.00,0.00,0.00,0.00,1.0,-1,-1,-1
344,12,0.00,0.00,0.00,0.00,1.0,-1,-1,-1
344,13,0.00,0.00,0.00,0.00,1.0,-1,-1,-1
344,14,0.00,0.00,0.00,0.00,1.0,-1,-1,-1
344,15,0.00,0.00,0.00,0.00,1.0,-1,-1,-1
344,16,0.00,0.00,0.00,0.00,1.0,-1,-1,-1
344,17,1578.00,557.00,121.00,274.00,1.0,-1,-1,-1
344,18,0.00,0.00,0.00,0.00,1.0,-1,-1,-1
344,19,988.00,501.00,121.00,232.00,1.0,-1,-1,-1
344,20,1885.00,676.00,35.00,212.00,1.0,-1,-1,-1
344,21,0.00,0.00,0.00,0.00,1.0,-1,-1,-1
344,22,1639.00,887.00,168.00,193.00,1.0,-1,-1,-1
344,23,0.00,0.00,0.00,0.00,1.0,-1,-1,-1
344,24,0.00,0.00,0.00,0.00,1.0,-1,-1,-1
344,25,0.00,0.00,0.00,0.00,1.0,-1,-1,-1
344,26,756.00,399.00,98.00,199.00,1.0,-1,-1,-1
344,27,0.00,0.00,0.00,0.00,1.0,-1,-1,-1
344,28,0.00,0.00,0.00,0.00,1.0,-1,-1,-1
344,29,0.00,0.00,0.00,0.00,1.0,-1,-1,-1
344,30,0.00,0.00,0.00,0.00,1.0,-1,-1,-1
344,31,731.00,712.00,87.00,219.00,1.0,-1,-1,-1
344,32,0.00,0.00,0.00,0.00,1.0,-1,-1,-1
344,33,1325.00,555.00,139.00,270.00,1.0,-1,-1,-1
344,34,0.00,0.00,0.00,0.00,1.0,-1,-1,-1
344,35,876.00,604.00,116.00,275.00,1.0,-1,-1,-1
344,36,0.00,0.00,0.00,0.00,1.0,-1,-1,-1
344,37,1516.00,305.00,40.00,164.00,1.0,-1,-1,-1
344,38,0.00,0.00,0.00,0.00,1.0,-1,-1,-1
344,39,1651.00,504.00,75.00,260.00,1.0,-1,-1,-1
344,40,1054.00,604.00,86.00,280.00,1.0,-1,-1,-1
345,0,1449.00,662.00,108.00,289.00,1.0,-1,-1,-1
345,1,0.00,0.00,0.00,0.00,1.0,-1,-1,-1
345,2,0.00,0.00,0.00,0.00,1.0,-1,-1,-1
345,3,0.00,0.00,0.00,0.00,1.0,-1,-1,-1
345,4,0.00,0.00,0.00,0.00,1.0,-1,-1,-1
345,5,1898.00,831.00,22.00,58.00,1.0,-1,-1,-1
345,6,0.00,0.00,0.00,0.00,1.0,-1,-1,-1
345,7,0.00,0.00,0.00,0.00,1.0,-1,-1,-1
345,8,0.00,0.00,0.00,0.00,1.0,-1,-1,-1
345,9,0.00,0.00,0.00,0.00,1.0,-1,-1,-1
345,10,1087.00,490.00,55.00,171.00,1.0,-1,-1,-1
345,11,0.00,0.00,0.00,0.00,1.0,-1,-1,-1
345,12,0.00,0.00,0.00,0.00,1.0,-1,-1,-1
345,13,0.00,0.00,0.00,0.00,1.0,-1,-1,-1
345,14,0.00,0.00,0.00,0.00,1.0,-1,-1,-1
345,15,0.00,0.00,0.00,0.00,1.0,-1,-1,-1
345,16,0.00,0.00,0.00,0.00,1.0,-1,-1,-1
345,17,1583.00,557.00,116.00,274.00,1.0,-1,-1,-1
345,18,0.00,0.00,0.00,0.00,1.0,-1,-1,-1
345,19,986.00,502.00,123.00,232.00,1.0,-1,-1,-1
345,20,1899.00,832.00,21.00,57.00,1.0,-1,-1,-1
345,21,0.00,0.00,0.00,0.00,1.0,-1,-1,-1
345,22,1643.00,889.00,166.00,191.00,1.0,-1,-1,-1
345,23,0.00,0.00,0.00,0.00,1.0,-1,-1,-1
345,24,0.00,0.00,0.00,0.00,1.0,-1,-1,-1
345,25,0.00,0.00,0.00,0.00,1.0,-1,-1,-1
345,26,756.00,403.00,97.00,195.00,1.0,-1,-1,-1
345,27,0.00,0.00,0.00,0.00,1.0,-1,-1,-1
345,28,0.00,0.00,0.00,0.00,1.0,-1,-1,-1
345,29,0.00,0.00,0.00,0.00,1.0,-1,-1,-1
345,30,0.00,0.00,0.00,0.00,1.0,-1,-1,-1
345,31,731.00,713.00,87.00,220.00,1.0,-1,-1,-1
345,32,0.00,0.00,0.00,0.00,1.0,-1,-1,-1
345,33,1337.00,556.00,132.00,270.00,1.0,-1,-1,-1
345,34,0.00,0.00,0.00,0.00,1.0,-1,-1,-1
345,35,876.00,606.00,116.00,275.00,1.0,-1,-1,-1
345,36,0.00,0.00,0.00,0.00,1.0,-1,-1,-1
345,37,1517.00,306.00,39.00,164.00,1.0,-1,-1,-1
345,38,0.00,0.00,0.00,0.00,1.0,-1,-1,-1
345,39,1658.00,502.00,69.00,262.00,1.0,-1,-1,-1
345,40,1046.00,604.00,94.00,281.00,1.0,-1,-1,-1
345,41,1546.00,473.00,87.00,312.00,1.0,-1,-1,-1
346,0,1450.00,662.00,109.00,289.00,1.0,-1,-1,-1
346,1,0.00,0.00,0.00,0.00,1.0,-1,-1,-1
346,2,0.00,0.00,0.00,0.00,1.0,-1,-1,-1
346,3,0.00,0.00,0.00,0.00,1.0,-1,-1,-1
346,4,0.00,0.00,0.00,0.00,1.0,-1,-1,-1
346,5,1906.00,840.00,14.00,42.00,1.0,-1,-1,-1
346,6,0.00,0.00,0.00,0.00,1.0,-1,-1,-1
346,7,0.00,0.00,0.00,0.00,1.0,-1,-1,-1
346,8,0.00,0.00,0.00,0.00,1.0,-1,-1,-1
346,9,0.00,0.00,0.00,0.00,1.0,-1,-1,-1
346,10,1090.00,490.00,52.00,152.00,1.0,-1,-1,-1
346,11,0.00,0.00,0.00,0.00,1.0,-1,-1,-1
346,12,0.00,0.00,0.00,0.00,1.0,-1,-1,-1
346,13,0.00,0.00,0.00,0.00,1.0,-1,-1,-1
346,14,0.00,0.00,0.00,0.00,1.0,-1,-1,-1
346,15,0.00,0.00,0.00,0.00,1.0,-1,-1,-1
346,16,0.00,0.00,0.00,0.00,1.0,-1,-1,-1
346,17,1595.00,556.00,105.00,275.00,1.0,-1,-1,-1
346,18,0.00,0.00,0.00,0.00,1.0,-1,-1,-1
346,19,986.00,502.00,123.00,232.00,1.0,-1,-1,-1
346,20,1907.00,841.00,13.00,41.00,1.0,-1,-1,-1
346,21,0.00,0.00,0.00,0.00,1.0,-1,-1,-1
346,22,1646.00,891.00,165.00,189.00,1.0,-1,-1,-1
346,23,0.00,0.00,0.00,0.00,1.0,-1,-1,-1
346,24,0.00,0.00,0.00,0.00,1.0,-1,-1,-1
346,25,0.00,0.00,0.00,0.00,1.0,-1,-1,-1
346,26,755.00,402.00,98.00,196.00,1.0,-1,-1,-1
346,27,0.00,0.00,0.00,0.00,1.0,-1,-1,-1
346,28,0.00,0.00,0.00,0.00,1.0,-1,-1,-1
346,29,0.00,0.00,0.00,0.00,1.0,-1,-1,-1
346,30,0.00,0.00,0.00,0.00,1.0,-1,-1,-1
346,31,730.00,717.00,88.00,217.00,1.0,-1,-1,-1
346,32,0.00,0.00,0.00,0.00,1.0,-1,-1,-1
346,33,1347.00,555.00,123.00,271.00,1.0,-1,-1,-1
346,34,0.00,0.00,0.00,0.00,1.0,-1,-1,-1
346,35,875.00,607.00,118.00,277.00,1.0,-1,-1,-1
346,36,0.00,0.00,0.00,0.00,1.0,-1,-1,-1
346,37,1516.00,305.00,41.00,174.00,1.0,-1,-1,-1
346,38,0.00,0.00,0.00,0.00,1.0,-1,-1,-1
346,39,1675.00,500.00,56.00,264.00,1.0,-1,-1,-1
346,40,1046.00,604.00,93.00,280.00,1.0,-1,-1,-1
346,41,1549.00,473.00,88.00,272.00,1.0,-1,-1,-1
347,0,1451.00,664.00,108.00,287.00,1.0,-1,-1,-1
347,1,0.00,0.00,0.00,0.00,1.0,-1,-1,-1
347,2,0.00,0.00,0.00,0.00,1.0,-1,-1,-1
347,3,0.00,0.00,0.00,0.00,1.0,-1,-1,-1
347,4,0.00,0.00,0.00,0.00,1.0,-1,-1,-1
347,5,0.00,0.00,0.00,0.00,1.0,-1,-1,-1
347,6,0.00,0.00,0.00,0.00,1.0,-1,-1,-1
347,7,0.00,0.00,0.00,0.00,1.0,-1,-1,-1
347,8,0.00,0.00,0.00,0.00,1.0,-1,-1,-1
347,9,0.00,0.00,0.00,0.00,1.0,-1,-1,-1
347,10,1088.00,490.00,54.00,160.00,1.0,-1,-1,-1
347,11,0.00,0.00,0.00,0.00,1.0,-1,-1,-1
347,12,0.00,0.00,0.00,0.00,1.0,-1,-1,-1
347,13,0.00,0.00,0.00,0.00,1.0,-1,-1,-1
347,14,0.00,0.00,0.00,0.00,1.0,-1,-1,-1
347,15,0.00,0.00,0.00,0.00,1.0,-1,-1,-1
347,16,0.00,0.00,0.00,0.00,1.0,-1,-1,-1
347,17,1608.00,556.00,91.00,276.00,1.0,-1,-1,-1
347,18,0.00,0.00,0.00,0.00,1.0,-1,-1,-1
347,19,985.00,502.00,124.00,234.00,1.0,-1,-1,-1
347,20,0.00,0.00,0.00,0.00,1.0,-1,-1,-1
347,21,0.00,0.00,0.00,0.00,1.0,-1,-1,-1
347,22,1650.00,895.00,161.00,185.00,1.0,-1,-1,-1
347,23,0.00,0.00,0.00,0.00,1.0,-1,-1,-1
347,24,0.00,0.00,0.00,0.00,1.0,-1,-1,-1
347,25,0.00,0.00,0.00,0.00,1.0,-1,-1,-1
347,26,752.00,401.00,99.00,195.00,1.0,-1,-1,-1
347,27,0.00,0.00,0.00,0.00,1.0,-1,-1,-1
347,28,0.00,0.00,0.00,0.00,1.0,-1,-1,-1
347,29,0.00,0.00,0.00,0.00,1.0,-1,-1,-1
347,30,0.00,0.00,0.00,0.00,1.0,-1,-1,-1
347,31,727.00,718.00,88.00,217.00,1.0,-1,-1,-1
347,32,0.00,0.00,0.00,0.00,1.0,-1,-1,-1
347,33,1362.00,556.00,109.00,270.00,1.0,-1,-1,-1
347,34,0.00,0.00,0.00,0.00,1.0,-1,-1,-1
347,35,874.00,609.00,117.00,280.00,1.0,-1,-1,-1
347,36,0.00,0.00,0.00,0.00,1.0,-1,-1,-1
347,37,1517.00,306.00,39.00,166.00,1.0,-1,-1,-1
347,38,0.00,0.00,0.00,0.00,1.0,-1,-1,-1
347,39,1681.00,501.00,53.00,264.00,1.0,-1,-1,-1
347,40,1044.00,605.00,96.00,281.00,1.0,-1,-1,-1
347,41,1552.00,474.00,88.00,298.00,1.0,-1,-1,-1
348,0,1450.00,665.00,109.00,287.00,1.0,-1,-1,-1
348,1,0.00,0.00,0.00,0.00,1.0,-1,-1,-1
348,2,0.00,0.00,0.00,0.00,1.0,-1,-1,-1
348,3,0.00,0.00,0.00,0.00,1.0,-1,-1,-1
348,4,0.00,0.00,0.00,0.00,1.0,-1,-1,-1
348,5,0.00,0.00,0.00,0.00,1.0,-1,-1,-1
348,6,0.00,0.00,0.00,0.00,1.0,-1,-1,-1
348,7,0.00,0.00,0.00,0.00,1.0,-1,-1,-1
348,8,0.00,0.00,0.00,0.00,1.0,-1,-1,-1
348,9,0.00,0.00,0.00,0.00,1.0,-1,-1,-1
348,10,1089.00,491.00,54.00,152.00,1.0,-1,-1,-1
348,11,0.00,0.00,0.00,0.00,1.0,-1,-1,-1
348,12,0.00,0.00,0.00,0.00,1.0,-1,-1,-1
348,13,0.00,0.00,0.00,0.00,1.0,-1,-1,-1
348,14,0.00,0.00,0.00,0.00,1.0,-1,-1,-1
348,15,0.00,0.00,0.00,0.00,1.0,-1,-1,-1
348,16,0.00,0.00,0.00,0.00,1.0,-1,-1,-1
348,17,1627.00,555.00,80.00,278.00,1.0,-1,-1,-1
348,18,0.00,0.00,0.00,0.00,1.0,-1,-1,-1
348,19,983.00,503.00,126.00,235.00,1.0,-1,-1,-1
348,20,0.00,0.00,0.00,0.00,1.0,-1,-1,-1
348,21,0.00,0.00,0.00,0.00,1.0,-1,-1,-1
348,22,1652.00,901.00,162.00,179.00,1.0,-1,-1,-1
348,23,0.00,0.00,0.00,0.00,1.0,-1,-1,-1
348,24,0.00,0.00,0.00,0.00,1.0,-1,-1,-1
348,25,0.00,0.00,0.00,0.00,1.0,-1,-1,-1
348,26,751.00,401.00,100.00,192.00,1.0,-1,-1,-1
348,27,0.00,0.00,0.00,0.00,1.0,-1,-1,-1
348,28,0.00,0.00,0.00,0.00,1.0,-1,-1,-1
348,29,0.00,0.00,0.00,0.00,1.0,-1,-1,-1
348,30,0.00,0.00,0.00,0.00,1.0,-1,-1,-1
348,31,726.00,718.00,87.00,218.00,1.0,-1,-1,-1
348,32,0.00,0.00,0.00,0.00,1.0,-1,-1,-1
348,33,1373.00,557.00,98.00,270.00,1.0,-1,-1,-1
348,34,0.00,0.00,0.00,0.00,1.0,-1,-1,-1
348,35,873.00,612.00,119.00,276.00,1.0,-1,-1,-1
348,36,0.00,0.00,0.00,0.00,1.0,-1,-1,-1
348,37,1517.00,307.00,39.00,174.00,1.0,-1,-1,-1
348,38,0.00,0.00,0.00,0.00,1.0,-1,-1,-1
348,39,1683.00,502.00,55.00,262.00,1.0,-1,-1,-1
348,40,1044.00,607.00,96.00,280.00,1.0,-1,-1,-1
348,41,1555.00,473.00,88.00,272.00,1.0,-1,-1,-1
349,0,1448.00,662.00,113.00,290.00,1.0,-1,-1,-1
349,1,0.00,0.00,0.00,0.00,1.0,-1,-1,-1
349,2,0.00,0.00,0.00,0.00,1.0,-1,-1,-1
349,3,0.00,0.00,0.00,0.00,1.0,-1,-1,-1
349,4,0.00,0.00,0.00,0.00,1.0,-1,-1,-1
349,5,0.00,0.00,0.00,0.00,1.0,-1,-1,-1
349,6,0.00,0.00,0.00,0.00,1.0,-1,-1,-1
349,7,0.00,0.00,0.00,0.00,1.0,-1,-1,-1
349,8,0.00,0.00,0.00,0.00,1.0,-1,-1,-1
349,9,0.00,0.00,0.00,0.00,1.0,-1,-1,-1
349,10,1087.00,491.00,56.00,166.00,1.0,-1,-1,-1
349,11,0.00,0.00,0.00,0.00,1.0,-1,-1,-1
349,12,0.00,0.00,0.00,0.00,1.0,-1,-1,-1
349,13,0.00,0.00,0.00,0.00,1.0,-1,-1,-1
349,14,0.00,0.00,0.00,0.00,1.0,-1,-1,-1
349,15,0.00,0.00,0.00,0.00,1.0,-1,-1,-1
349,16,0.00,0.00,0.00,0.00,1.0,-1,-1,-1
349,17,1636.00,555.00,88.00,279.00,1.0,-1,-1,-1
349,18,0.00,0.00,0.00,0.00,1.0,-1,-1,-1
349,19,983.00,503.00,127.00,237.00,1.0,-1,-1,-1
349,20,0.00,0.00,0.00,0.00,1.0,-1,-1,-1
349,21,0.00,0.00,0.00,0.00,1.0,-1,-1,-1
349,22,1657.00,906.00,159.00,174.00,1.0,-1,-1,-1
349,23,0.00,0.00,0.00,0.00,1.0,-1,-1,-1
349,24,0.00,0.00,0.00,0.00,1.0,-1,-1,-1
349,25,0.00,0.00,0.00,0.00,1.0,-1,-1,-1
349,26,750.00,398.00,106.00,193.00,1.0,-1,-1,-1
349,27,0.00,0.00,0.00,0.00,1.0,-1,-1,-1
349,28,0.00,0.00,0.00,0.00,1.0,-1,-1,-1
349,29,0.00,0.00,0.00,0.00,1.0,-1,-1,-1
349,30,0.00,0.00,0.00,0.00,1.0,-1,-1,-1
349,31,726.00,718.00,86.00,218.00,1.0,-1,-1,-1
349,32,0.00,0.00,0.00,0.00,1.0,-1,-1,-1
349,33,1383.00,556.00,93.00,270.00,1.0,-1,-1,-1
349,34,0.00,0.00,0.00,0.00,1.0,-1,-1,-1
349,35,874.00,614.00,119.00,278.00,1.0,-1,-1,-1
349,36,0.00,0.00,0.00,0.00,1.0,-1,-1,-1
349,37,1518.00,307.00,39.00,175.00,1.0,-1,-1,-1
349,38,0.00,0.00,0.00,0.00,1.0,-1,-1,-1
349,39,1680.00,502.00,62.00,264.00,1.0,-1,-1,-1
349,40,1045.00,607.00,96.00,284.00,1.0,-1,-1,-1
349,41,1560.00,472.00,86.00,262.00,1.0,-1,-1,-1
350,0,1450.00,661.00,115.00,291.00,1.0,-1,-1,-1
350,1,0.00,0.00,0.00,0.00,1.0,-1,-1,-1
350,2,0.00,0.00,0.00,0.00,1.0,-1,-1,-1
350,3,0.00,0.00,0.00,0.00,1.0,-1,-1,-1
350,4,0.00,0.00,0.00,0.00,1.0,-1,-1,-1
350,5,0.00,0.00,0.00,0.00,1.0,-1,-1,-1
350,6,0.00,0.00,0.00,0.00,1.0,-1,-1,-1
350,7,0.00,0.00,0.00,0.00,1.0,-1,-1,-1
350,8,0.00,0.00,0.00,0.00,1.0,-1,-1,-1
350,9,0.00,0.00,0.00,0.00,1.0,-1,-1,-1
350,10,1089.00,490.00,55.00,179.00,1.0,-1,-1,-1
350,11,0.00,0.00,0.00,0.00,1.0,-1,-1,-1
350,12,0.00,0.00,0.00,0.00,1.0,-1,-1,-1
350,13,0.00,0.00,0.00,0.00,1.0,-1,-1,-1
350,14,0.00,0.00,0.00,0.00,1.0,-1,-1,-1
350,15,0.00,0.00,0.00,0.00,1.0,-1,-1,-1
350,16,0.00,0.00,0.00,0.00,1.0,-1,-1,-1
350,17,1640.00,554.00,88.00,281.00,1.0,-1,-1,-1
350,18,0.00,0.00,0.00,0.00,1.0,-1,-1,-1
350,19,983.00,502.00,128.00,237.00,1.0,-1,-1,-1
350,20,0.00,0.00,0.00,0.00,1.0,-1,-1,-1
350,21,0.00,0.00,0.00,0.00,1.0,-1,-1,-1
350,22,1662.00,904.00,159.00,176.00,1.0,-1,-1,-1
350,23,0.00,0.00,0.00,0.00,1.0,-1,-1,-1
350,24,0.00,0.00,0.00,0.00,1.0,-1,-1,-1
350,25,0.00,0.00,0.00,0.00,1.0,-1,-1,-1
350,26,751.00,400.00,106.00,190.00,1.0,-1,-1,-1
350,27,0.00,0.00,0.00,0.00,1.0,-1,-1,-1
350,28,0.00,0.00,0.00,0.00,1.0,-1,-1,-1
350,29,0.00,0.00,0.00,0.00,1.0,-1,-1,-1
350,30,0.00,0.00,0.00,0.00,1.0,-1,-1,-1
350,31,727.00,719.00,83.00,217.00,1.0,-1,-1,-1
350,32,0.00,0.00,0.00,0.00,1.0,-1,-1,-1
350,33,1390.00,557.00,94.00,269.00,1.0,-1,-1,-1
350,34,0.00,0.00,0.00,0.00,1.0,-1,-1,-1
350,35,877.00,616.00,119.00,279.00,1.0,-1,-1,-1
350,36,0.00,0.00,0.00,0.00,1.0,-1,-1,-1
350,37,1518.00,306.00,40.00,174.00,1.0,-1,-1,-1
350,38,0.00,0.00,0.00,0.00,1.0,-1,-1,-1
350,39,1699.00,502.00,50.00,261.00,1.0,-1,-1,-1
350,40,1053.00,608.00,86.00,289.00,1.0,-1,-1,-1
350,41,1564.00,472.00,85.00,263.00,1.0,-1,-1,-1
351,0,1448.00,663.00,124.00,289.00,1.0,-1,-1,-1
351,1,0.00,0.00,0.00,0.00,1.0,-1,-1,-1
351,2,0.00,0.00,0.00,0.00,1.0,-1,-1,-1
351,3,0.00,0.00,0.00,0.00,1.0,-1,-1,-1
351,4,0.00,0.00,0.00,0.00,1.0,-1,-1,-1
351,5,0.00,0.00,0.00,0.00,1.0,-1,-1,-1
351,6,0.00,0.00,0.00,0.00,1.0,-1,-1,-1
351,7,0.00,0.00,0.00,0.00,1.0,-1,-1,-1
351,8,0.00,0.00,0.00,0.00,1.0,-1,-1,-1
351,9,0.00,0.00,0.00,0.00,1.0,-1,-1,-1
351,10,1090.00,491.00,54.00,149.00,1.0,-1,-1,-1
351,11,0.00,0.00,0.00,0.00,1.0,-1,-1,-1
351,12,0.00,0.00,0.00,0.00,1.0,-1,-1,-1
351,13,0.00,0.00,0.00,0.00,1.0,-1,-1,-1
351,14,0.00,0.00,0.00,0.00,1.0,-1,-1,-1
351,15,0.00,0.00,0.00,0.00,1.0,-1,-1,-1
351,16,0.00,0.00,0.00,0.00,1.0,-1,-1,-1
351,17,1643.00,556.00,87.00,282.00,1.0,-1,-1,-1
351,18,0.00,0.00,0.00,0.00,1.0,-1,-1,-1
351,19,981.00,502.00,129.00,240.00,1.0,-1,-1,-1
351,20,0.00,0.00,0.00,0.00,1.0,-1,-1,-1
351,21,0.00,0.00,0.00,0.00,1.0,-1,-1,-1
351,22,1665.00,911.00,158.00,169.00,1.0,-1,-1,-1
351,23,0.00,0.00,0.00,0.00,1.0,-1,-1,-1
351,24,0.00,0.00,0.00,0.00,1.0,-1,-1,-1
351,25,0.00,0.00,0.00,0.00,1.0,-1,-1,-1
351,26,744.00,392.00,112.00,197.00,1.0,-1,-1,-1
351,27,0.00,0.00,0.00,0.00,1.0,-1,-1,-1
351,28,0.00,0.00,0.00,0.00,1.0,-1,-1,-1
351,29,0.00,0.00,0.00,0.00,1.0,-1,-1,-1
351,30,0.00,0.00,0.00,0.00,1.0,-1,-1,-1
351,31,726.00,721.00,82.00,216.00,1.0,-1,-1,-1
351,32,0.00,0.00,0.00,0.00,1.0,-1,-1,-1
351,33,1389.00,559.00,101.00,268.00,1.0,-1,-1,-1
351,34,0.00,0.00,0.00,0.00,1.0,-1,-1,-1
351,35,876.00,616.00,119.00,283.00,1.0,-1,-1,-1
351,36,0.00,0.00,0.00,0.00,1.0,-1,-1,-1
351,37,1518.00,306.00,40.00,157.00,1.0,-1,-1,-1
351,38,0.00,0.00,0.00,0.00,1.0,-1,-1,-1
351,39,1703.00,505.00,47.00,262.00,1.0,-1,-1,-1
351,40,1053.00,611.00,86.00,289.00,1.0,-1,-1,-1
351,41,1566.00,473.00,86.00,262.00,1.0,-1,-1,-1
352,0,1447.00,663.00,125.00,290.00,1.0,-1,-1,-1
352,1,0.00,0.00,0.00,0.00,1.0,-1,-1,-1
352,2,0.00,0.00,0.00,0.00,1.0,-1,-1,-1
352,3,0.00,0.00,0.00,0.00,1.0,-1,-1,-1
352,4,0.00,0.00,0.00,0.00,1.0,-1,-1,-1
352,5,0.00,0.00,0.00,0.00,1.0,-1,-1,-1
352,6,0.00,0.00,0.00,0.00,1.0,-1,-1,-1
352,7,0.00,0.00,0.00,0.00,1.0,-1,-1,-1
352,8,0.00,0.00,0.00,0.00,1.0,-1,-1,-1
352,9,0.00,0.00,0.00,0.00,1.0,-1,-1,-1
352,10,1089.00,492.00,55.00,175.00,1.0,-1,-1,-1
352,11,0.00,0.00,0.00,0.00,1.0,-1,-1,-1
352,12,0.00,0.00,0.00,0.00,1.0,-1,-1,-1
352,13,0.00,0.00,0.00,0.00,1.0,-1,-1,-1
352,14,0.00,0.00,0.00,0.00,1.0,-1,-1,-1
352,15,0.00,0.00,0.00,0.00,1.0,-1,-1,-1
352,16,0.00,0.00,0.00,0.00,1.0,-1,-1,-1
352,17,1645.00,558.00,102.00,280.00,1.0,-1,-1,-1
352,18,0.00,0.00,0.00,0.00,1.0,-1,-1,-1
352,19,978.00,504.00,131.00,239.00,1.0,-1,-1,-1
352,20,0.00,0.00,0.00,0.00,1.0,-1,-1,-1
352,21,0.00,0.00,0.00,0.00,1.0,-1,-1,-1
352,22,1674.00,917.00,155.00,163.00,1.0,-1,-1,-1
352,23,0.00,0.00,0.00,0.00,1.0,-1,-1,-1
352,24,0.00,0.00,0.00,0.00,1.0,-1,-1,-1
352,25,0.00,0.00,0.00,0.00,1.0,-1,-1,-1
352,26,776.00,393.00,82.00,198.00,1.0,-1,-1,-1
352,27,0.00,0.00,0.00,0.00,1.0,-1,-1,-1
352,28,0.00,0.00,0.00,0.00,1.0,-1,-1,-1
352,29,0.00,0.00,0.00,0.00,1.0,-1,-1,-1
352,30,0.00,0.00,0.00,0.00,1.0,-1,-1,-1
352,31,724.00,723.00,82.00,219.00,1.0,-1,-1,-1
352,32,0.00,0.00,0.00,0.00,1.0,-1,-1,-1
352,33,1390.00,562.00,102.00,265.00,1.0,-1,-1,-1
352,34,0.00,0.00,0.00,0.00,1.0,-1,-1,-1
352,35,878.00,618.00,116.00,283.00,1.0,-1,-1,-1
352,36,0.00,0.00,0.00,0.00,1.0,-1,-1,-1
352,37,1518.00,307.00,40.00,143.00,1.0,-1,-1,-1
352,38,0.00,0.00,0.00,0.00,1.0,-1,-1,-1
352,39,1710.00,510.00,45.00,148.00,1.0,-1,-1,-1
352,40,1052.00,613.00,87.00,289.00,1.0,-1,-1,-1
352,41,1570.00,473.00,86.00,264.00,1.0,-1,-1,-1
353,0,1447.00,663.00,116.00,290.00,1.0,-1,-1,-1
353,1,0.00,0.00,0.00,0.00,1.0,-1,-1,-1
353,2,0.00,0.00,0.00,0.00,1.0,-1,-1,-1
353,3,0.00,0.00,0.00,0.00,1.0,-1,-1,-1
353,4,0.00,0.00,0.00,0.00,1.0,-1,-1,-1
353,5,0.00,0.00,0.00,0.00,1.0,-1,-1,-1
353,6,0.00,0.00,0.00,0.00,1.0,-1,-1,-1
353,7,0.00,0.00,0.00,0.00,1.0,-1,-1,-1
353,8,0.00,0.00,0.00,0.00,1.0,-1,-1,-1
353,9,0.00,0.00,0.00,0.00,1.0,-1,-1,-1
353,10,1089.00,493.00,55.00,177.00,1.0,-1,-1,-1
353,11,0.00,0.00,0.00,0.00,1.0,-1,-1,-1
353,12,0.00,0.00,0.00,0.00,1.0,-1,-1,-1
353,13,0.00,0.00,0.00,0.00,1.0,-1,-1,-1
353,14,0.00,0.00,0.00,0.00,1.0,-1,-1,-1
353,15,0.00,0.00,0.00,0.00,1.0,-1,-1,-1
353,16,0.00,0.00,0.00,0.00,1.0,-1,-1,-1
353,17,1652.00,561.00,113.00,275.00,1.0,-1,-1,-1
353,18,0.00,0.00,0.00,0.00,1.0,-1,-1,-1
353,19,978.00,504.00,132.00,239.00,1.0,-1,-1,-1
353,20,0.00,0.00,0.00,0.00,1.0,-1,-1,-1
353,21,0.00,0.00,0.00,0.00,1.0,-1,-1,-1
353,22,1679.00,922.00,155.00,158.00,1.0,-1,-1,-1
353,23,0.00,0.00,0.00,0.00,1.0,-1,-1,-1
353,24,0.00,0.00,0.00,0.00,1.0,-1,-1,-1
353,25,0.00,0.00,0.00,0.00,1.0,-1,-1,-1
353,26,773.00,392.00,87.00,199.00,1.0,-1,-1,-1
353,27,0.00,0.00,0.00,0.00,1.0,-1,-1,-1
353,28,0.00,0.00,0.00,0.00,1.0,-1,-1,-1
353,29,0.00,0.00,0.00,0.00,1.0,-1,-1,-1
353,30,0.00,0.00,0.00,0.00,1.0,-1,-1,-1
353,31,724.00,725.00,82.00,220.00,1.0,-1,-1,-1
353,32,0.00,0.00,0.00,0.00,1.0,-1,-1,-1
353,33,1392.00,565.00,101.00,263.00,1.0,-1,-1,-1
353,34,0.00,0.00,0.00,0.00,1.0,-1,-1,-1
353,35,878.00,618.00,115.00,283.00,1.0,-1,-1,-1
353,36,0.00,0.00,0.00,0.00,1.0,-1,-1,-1
353,37,1518.00,308.00,40.00,80.00,1.0,-1,-1,-1
353,38,0.00,0.00,0.00,0.00,1.0,-1,-1,-1
353,39,1708.00,511.00,62.00,261.00,1.0,-1,-1,-1
353,40,1053.00,617.00,85.00,288.00,1.0,-1,-1,-1
353,41,1577.00,474.00,84.00,263.00,1.0,-1,-1,-1
354,0,1447.00,662.00,116.00,292.00,1.0,-1,-1,-1
354,1,0.00,0.00,0.00,0.00,1.0,-1,-1,-1
354,2,0.00,0.00,0.00,0.00,1.0,-1,-1,-1
354,3,0.00,0.00,0.00,0.00,1.0,-1,-1,-1
354,4,0.00,0.00,0.00,0.00,1.0,-1,-1,-1
354,5,0.00,0.00,0.00,0.00,1.0,-1,-1,-1
354,6,0.00,0.00,0.00,0.00,1.0,-1,-1,-1
354,7,0.00,0.00,0.00,0.00,1.0,-1,-1,-1
354,8,0.00,0.00,0.00,0.00,1.0,-1,-1,-1
354,9,0.00,0.00,0.00,0.00,1.0,-1,-1,-1
354,10,1094.00,493.00,51.00,184.00,1.0,-1,-1,-1
354,11,0.00,0.00,0.00,0.00,1.0,-1,-1,-1
354,12,0.00,0.00,0.00,0.00,1.0,-1,-1,-1
354,13,0.00,0.00,0.00,0.00,1.0,-1,-1,-1
354,14,0.00,0.00,0.00,0.00,1.0,-1,-1,-1
354,15,0.00,0.00,0.00,0.00,1.0,-1,-1,-1
354,16,0.00,0.00,0.00,0.00,1.0,-1,-1,-1
354,17,1651.00,563.00,123.00,275.00,1.0,-1,-1,-1
354,18,0.00,0.00,0.00,0.00,1.0,-1,-1,-1
354,19,978.00,504.00,132.00,239.00,1.0,-1,-1,-1
354,20,0.00,0.00,0.00,0.00,1.0,-1,-1,-1
354,21,0.00,0.00,0.00,0.00,1.0,-1,-1,-1
354,22,1686.00,923.00,155.00,157.00,1.0,-1,-1,-1
354,23,0.00,0.00,0.00,0.00,1.0,-1,-1,-1
354,24,0.00,0.00,0.00,0.00,1.0,-1,-1,-1
354,25,0.00,0.00,0.00,0.00,1.0,-1,-1,-1
354,26,781.00,393.00,79.00,199.00,1.0,-1,-1,-1
354,27,0.00,0.00,0.00,0.00,1.0,-1,-1,-1
354,28,0.00,0.00,0.00,0.00,1.0,-1,-1,-1
354,29,0.00,0.00,0.00,0.00,1.0,-1,-1,-1
354,30,0.00,0.00,0.00,0.00,1.0,-1,-1,-1
354,31,724.00,727.00,83.00,220.00,1.0,-1,-1,-1
354,32,0.00,0.00,0.00,0.00,1.0,-1,-1,-1
354,33,1396.00,565.00,104.00,262.00,1.0,-1,-1,-1
354,34,0.00,0.00,0.00,0.00,1.0,-1,-1,-1
354,35,879.00,618.00,114.00,284.00,1.0,-1,-1,-1
354,36,0.00,0.00,0.00,0.00,1.0,-1,-1,-1
354,37,1518.00,307.00,42.00,85.00,1.0,-1,-1,-1
354,38,0.00,0.00,0.00,0.00,1.0,-1,-1,-1
354,39,1718.00,511.00,62.00,262.00,1.0,-1,-1,-1
354,40,1054.00,619.00,84.00,287.00,1.0,-1,-1,-1
354,41,1581.00,474.00,85.00,263.00,1.0,-1,-1,-1
355,0,1446.00,663.00,117.00,290.00,1.0,-1,-1,-1
355,1,0.00,0.00,0.00,0.00,1.0,-1,-1,-1
355,2,0.00,0.00,0.00,0.00,1.0,-1,-1,-1
355,3,0.00,0.00,0.00,0.00,1.0,-1,-1,-1
355,4,0.00,0.00,0.00,0.00,1.0,-1,-1,-1
355,5,0.00,0.00,0.00,0.00,1.0,-1,-1,-1
355,6,0.00,0.00,0.00,0.00,1.0,-1,-1,-1
355,7,0.00,0.00,0.00,0.00,1.0,-1,-1,-1
355,8,0.00,0.00,0.00,0.00,1.0,-1,-1,-1
355,9,0.00,0.00,0.00,0.00,1.0,-1,-1,-1
355,10,1091.00,492.00,55.00,213.00,1.0,-1,-1,-1
355,11,0.00,0.00,0.00,0.00,1.0,-1,-1,-1
355,12,0.00,0.00,0.00,0.00,1.0,-1,-1,-1
355,13,0.00,0.00,0.00,0.00,1.0,-1,-1,-1
355,14,0.00,0.00,0.00,0.00,1.0,-1,-1,-1
355,15,0.00,0.00,0.00,0.00,1.0,-1,-1,-1
355,16,0.00,0.00,0.00,0.00,1.0,-1,-1,-1
355,17,1655.00,564.00,126.00,277.00,1.0,-1,-1,-1
355,18,0.00,0.00,0.00,0.00,1.0,-1,-1,-1
355,19,977.00,504.00,133.00,239.00,1.0,-1,-1,-1
355,20,0.00,0.00,0.00,0.00,1.0,-1,-1,-1
355,21,0.00,0.00,0.00,0.00,1.0,-1,-1,-1
355,22,1694.00,924.00,156.00,156.00,1.0,-1,-1,-1
355,23,0.00,0.00,0.00,0.00,1.0,-1,-1,-1
355,24,0.00,0.00,0.00,0.00,1.0,-1,-1,-1
355,25,0.00,0.00,0.00,0.00,1.0,-1,-1,-1
355,26,783.00,392.00,78.00,201.00,1.0,-1,-1,-1
355,27,0.00,0.00,0.00,0.00,1.0,-1,-1,-1
355,28,0.00,0.00,0.00,0.00,1.0,-1,-1,-1
355,29,0.00,0.00,0.00,0.00,1.0,-1,-1,-1
355,30,0.00,0.00,0.00,0.00,1.0,-1,-1,-1
355,31,723.00,729.00,84.00,217.00,1.0,-1,-1,-1
355,32,0.00,0.00,0.00,0.00,1.0,-1,-1,-1
355,33,1404.00,565.00,107.00,262.00,1.0,-1,-1,-1
355,34,0.00,0.00,0.00,0.00,1.0,-1,-1,-1
355,35,878.00,617.00,115.00,284.00,1.0,-1,-1,-1
355,36,0.00,0.00,0.00,0.00,1.0,-1,-1,-1
355,37,1520.00,307.00,40.00,91.00,1.0,-1,-1,-1
355,38,0.00,0.00,0.00,0.00,1.0,-1,-1,-1
355,39,1718.00,512.00,68.00,260.00,1.0,-1,-1,-1
355,40,1057.00,620.00,82.00,287.00,1.0,-1,-1,-1
355,41,1585.00,476.00,87.00,264.00,1.0,-1,-1,-1
356,0,1451.00,664.00,110.00,289.00,1.0,-1,-1,-1
356,1,0.00,0.00,0.00,0.00,1.0,-1,-1,-1
356,2,0.00,0.00,0.00,0.00,1.0,-1,-1,-1
356,3,0.00,0.00,0.00,0.00,1.0,-1,-1,-1
356,4,0.00,0.00,0.00,0.00,1.0,-1,-1,-1
356,5,0.00,0.00,0.00,0.00,1.0,-1,-1,-1
356,6,0.00,0.00,0.00,0.00,1.0,-1,-1,-1
356,7,0.00,0.00,0.00,0.00,1.0,-1,-1,-1
356,8,0.00,0.00,0.00,0.00,1.0,-1,-1,-1
356,9,0.00,0.00,0.00,0.00,1.0,-1,-1,-1
356,10,1094.00,492.00,51.00,212.00,1.0,-1,-1,-1
356,11,0.00,0.00,0.00,0.00,1.0,-1,-1,-1
356,12,0.00,0.00,0.00,0.00,1.0,-1,-1,-1
356,13,0.00,0.00,0.00,0.00,1.0,-1,-1,-1
356,14,0.00,0.00,0.00,0.00,1.0,-1,-1,-1
356,15,0.00,0.00,0.00,0.00,1.0,-1,-1,-1
356,16,0.00,0.00,0.00,0.00,1.0,-1,-1,-1
356,17,1660.00,565.00,129.00,280.00,1.0,-1,-1,-1
356,18,0.00,0.00,0.00,0.00,1.0,-1,-1,-1
356,19,976.00,503.00,133.00,245.00,1.0,-1,-1,-1
356,20,0.00,0.00,0.00,0.00,1.0,-1,-1,-1
356,21,0.00,0.00,0.00,0.00,1.0,-1,-1,-1
356,22,1699.00,925.00,155.00,155.00,1.0,-1,-1,-1
356,23,0.00,0.00,0.00,0.00,1.0,-1,-1,-1
356,24,0.00,0.00,0.00,0.00,1.0,-1,-1,-1
356,25,0.00,0.00,0.00,0.00,1.0,-1,-1,-1
356,26,783.00,392.00,78.00,201.00,1.0,-1,-1,-1
356,27,0.00,0.00,0.00,0.00,1.0,-1,-1,-1
356,28,0.00,0.00,0.00,0.00,1.0,-1,-1,-1
356,29,0.00,0.00,0.00,0.00,1.0,-1,-1,-1
356,30,0.00,0.00,0.00,0.00,1.0,-1,-1,-1
356,31,722.00,730.00,84.00,218.00,1.0,-1,-1,-1
356,32,0.00,0.00,0.00,0.00,1.0,-1,-1,-1
356,33,1411.00,565.00,106.00,264.00,1.0,-1,-1,-1
356,34,0.00,0.00,0.00,0.00,1.0,-1,-1,-1
356,35,876.00,617.00,115.00,284.00,1.0,-1,-1,-1
356,36,0.00,0.00,0.00,0.00,1.0,-1,-1,-1
356,37,1520.00,307.00,41.00,93.00,1.0,-1,-1,-1
356,38,0.00,0.00,0.00,0.00,1.0,-1,-1,-1
356,39,1722.00,514.00,68.00,260.00,1.0,-1,-1,-1
356,40,1056.00,622.00,83.00,287.00,1.0,-1,-1,-1
356,41,1591.00,478.00,93.00,259.00,1.0,-1,-1,-1
357,0,1452.00,666.00,107.00,288.00,1.0,-1,-1,-1
357,1,0.00,0.00,0.00,0.00,1.0,-1,-1,-1
357,2,0.00,0.00,0.00,0.00,1.0,-1,-1,-1
357,3,0.00,0.00,0.00,0.00,1.0,-1,-1,-1
357,4,0.00,0.00,0.00,0.00,1.0,-1,-1,-1
357,5,0.00,0.00,0.00,0.00,1.0,-1,-1,-1
357,6,0.00,0.00,0.00,0.00,1.0,-1,-1,-1
357,7,0.00,0.00,0.00,0.00,1.0,-1,-1,-1
357,8,0.00,0.00,0.00,0.00,1.0,-1,-1,-1
357,9,0.00,0.00,0.00,0.00,1.0,-1,-1,-1
357,10,1089.00,493.00,56.00,212.00,1.0,-1,-1,-1
357,11,0.00,0.00,0.00,0.00,1.0,-1,-1,-1
357,12,0.00,0.00,0.00,0.00,1.0,-1,-1,-1
357,13,0.00,0.00,0.00,0.00,1.0,-1,-1,-1
357,14,0.00,0.00,0.00,0.00,1.0,-1,-1,-1
357,15,0.00,0.00,0.00,0.00,1.0,-1,-1,-1
357,16,0.00,0.00,0.00,0.00,1.0,-1,-1,-1
357,17,1669.00,567.00,120.00,280.00,1.0,-1,-1,-1
357,18,0.00,0.00,0.00,0.00,1.0,-1,-1,-1
357,19,976.00,503.00,133.00,246.00,1.0,-1,-1,-1
357,20,0.00,0.00,0.00,0.00,1.0,-1,-1,-1
357,21,0.00,0.00,0.00,0.00,1.0,-1,-1,-1
357,22,1705.00,926.00,155.00,154.00,1.0,-1,-1,-1
357,23,0.00,0.00,0.00,0.00,1.0,-1,-1,-1
357,24,0.00,0.00,0.00,0.00,1.0,-1,-1,-1
357,25,0.00,0.00,0.00,0.00,1.0,-1,-1,-1
357,26,783.00,394.00,78.00,199.00,1.0,-1,-1,-1
357,27,0.00,0.00,0.00,0.00,1.0,-1,-1,-1
357,28,0.00,0.00,0.00,0.00,1.0,-1,-1,-1
357,29,0.00,0.00,0.00,0.00,1.0,-1,-1,-1
357,30,0.00,0.00,0.00,0.00,1.0,-1,-1,-1
357,31,720.00,734.00,85.00,220.00,1.0,-1,-1,-1
357,32,0.00,0.00,0.00,0.00,1.0,-1,-1,-1
357,33,1425.00,567.00,102.00,259.00,1.0,-1,-1,-1
357,34,0.00,0.00,0.00,0.00,1.0,-1,-1,-1
357,35,874.00,619.00,114.00,284.00,1.0,-1,-1,-1
357,36,0.00,0.00,0.00,0.00,1.0,-1,-1,-1
357,37,1519.00,308.00,41.00,93.00,1.0,-1,-1,-1
357,38,0.00,0.00,0.00,0.00,1.0,-1,-1,-1
357,39,1727.00,517.00,64.00,263.00,1.0,-1,-1,-1
357,40,1057.00,621.00,81.00,289.00,1.0,-1,-1,-1
357,41,1593.00,480.00,101.00,258.00,1.0,-1,-1,-1
358,0,1453.00,668.00,106.00,286.00,1.0,-1,-1,-1
358,1,0.00,0.00,0.00,0.00,1.0,-1,-1,-1
358,2,0.00,0.00,0.00,0.00,1.0,-1,-1,-1
358,3,0.00,0.00,0.00,0.00,1.0,-1,-1,-1
358,4,0.00,0.00,0.00,0.00,1.0,-1,-1,-1
358,5,0.00,0.00,0.00,0.00,1.0,-1,-1,-1
358,6,0.00,0.00,0.00,0.00,1.0,-1,-1,-1
358,7,0.00,0.00,0.00,0.00,1.0,-1,-1,-1
358,8,0.00,0.00,0.00,0.00,1.0,-1,-1,-1
358,9,0.00,0.00,0.00,0.00,1.0,-1,-1,-1
358,10,1088.00,492.00,57.00,219.00,1.0,-1,-1,-1
358,11,0.00,0.00,0.00,0.00,1.0,-1,-1,-1
358,12,0.00,0.00,0.00,0.00,1.0,-1,-1,-1
358,13,0.00,0.00,0.00,0.00,1.0,-1,-1,-1
358,14,0.00,0.00,0.00,0.00,1.0,-1,-1,-1
358,15,0.00,0.00,0.00,0.00,1.0,-1,-1,-1
358,16,0.00,0.00,0.00,0.00,1.0,-1,-1,-1
358,17,1681.00,566.00,115.00,281.00,1.0,-1,-1,-1
358,18,0.00,0.00,0.00,0.00,1.0,-1,-1,-1
358,19,975.00,503.00,134.00,247.00,1.0,-1,-1,-1
358,20,0.00,0.00,0.00,0.00,1.0,-1,-1,-1
358,21,0.00,0.00,0.00,0.00,1.0,-1,-1,-1
358,22,1710.00,926.00,155.00,154.00,1.0,-1,-1,-1
358,23,0.00,0.00,0.00,0.00,1.0,-1,-1,-1
358,24,0.00,0.00,0.00,0.00,1.0,-1,-1,-1
358,25,0.00,0.00,0.00,0.00,1.0,-1,-1,-1
358,26,779.00,396.00,85.00,197.00,1.0,-1,-1,-1
358,27,0.00,0.00,0.00,0.00,1.0,-1,-1,-1
358,28,0.00,0.00,0.00,0.00,1.0,-1,-1,-1
358,29,0.00,0.00,0.00,0.00,1.0,-1,-1,-1
358,30,0.00,0.00,0.00,0.00,1.0,-1,-1,-1
358,31,720.00,736.00,85.00,222.00,1.0,-1,-1,-1
358,32,0.00,0.00,0.00,0.00,1.0,-1,-1,-1
358,33,1442.00,565.00,92.00,263.00,1.0,-1,-1,-1
358,34,0.00,0.00,0.00,0.00,1.0,-1,-1,-1
358,35,873.00,619.00,113.00,283.00,1.0,-1,-1,-1
358,36,0.00,0.00,0.00,0.00,1.0,-1,-1,-1
358,37,1519.00,308.00,41.00,94.00,1.0,-1,-1,-1
358,38,0.00,0.00,0.00,0.00,1.0,-1,-1,-1
358,39,1709.00,516.00,87.00,265.00,1.0,-1,-1,-1
358,40,1056.00,621.00,82.00,289.00,1.0,-1,-1,-1
358,41,1598.00,481.00,91.00,259.00,1.0,-1,-1,-1
359,0,1456.00,667.00,103.00,286.00,1.0,-1,-1,-1
359,1,0.00,0.00,0.00,0.00,1.0,-1,-1,-1
359,2,0.00,0.00,0.00,0.00,1.0,-1,-1,-1
359,3,0.00,0.00,0.00,0.00,1.0,-1,-1,-1
359,4,0.00,0.00,0.00,0.00,1.0,-1,-1,-1
359,5,0.00,0.00,0.00,0.00,1.0,-1,-1,-1
359,6,0.00,0.00,0.00,0.00,1.0,-1,-1,-1
359,7,0.00,0.00,0.00,0.00,1.0,-1,-1,-1
359,8,0.00,0.00,0.00,0.00,1.0,-1,-1,-1
359,9,0.00,0.00,0.00,0.00,1.0,-1,-1,-1
359,10,1090.00,492.00,56.00,220.00,1.0,-1,-1,-1
359,11,0.00,0.00,0.00,0.00,1.0,-1,-1,-1
359,12,0.00,0.00,0.00,0.00,1.0,-1,-1,-1
359,13,0.00,0.00,0.00,0.00,1.0,-1,-1,-1
359,14,0.00,0.00,0.00,0.00,1.0,-1,-1,-1
359,15,0.00,0.00,0.00,0.00,1.0,-1,-1,-1
359,16,0.00,0.00,0.00,0.00,1.0,-1,-1,-1
359,17,1693.00,565.00,98.00,281.00,1.0,-1,-1,-1
359,18,0.00,0.00,0.00,0.00,1.0,-1,-1,-1
359,19,975.00,503.00,135.00,247.00,1.0,-1,-1,-1
359,20,0.00,0.00,0.00,0.00,1.0,-1,-1,-1
359,21,0.00,0.00,0.00,0.00,1.0,-1,-1,-1
359,22,1714.00,926.00,158.00,154.00,1.0,-1,-1,-1
359,23,0.00,0.00,0.00,0.00,1.0,-1,-1,-1
359,24,0.00,0.00,0.00,0.00,1.0,-1,-1,-1
359,25,0.00,0.00,0.00,0.00,1.0,-1,-1,-1
359,26,776.00,400.00,88.00,191.00,1.0,-1,-1,-1
359,27,0.00,0.00,0.00,0.00,1.0,-1,-1,-1
359,28,0.00,0.00,0.00,0.00,1.0,-1,-1,-1
359,29,0.00,0.00,0.00,0.00,1.0,-1,-1,-1
359,30,0.00,0.00,0.00,0.00,1.0,-1,-1,-1
359,31,721.00,737.00,85.00,222.00,1.0,-1,-1,-1
359,32,0.00,0.00,0.00,0.00,1.0,-1,-1,-1
359,33,1458.00,564.00,85.00,157.00,1.0,-1,-1,-1
359,34,0.00,0.00,0.00,0.00,1.0,-1,-1,-1
359,35,873.00,620.00,113.00,283.00,1.0,-1,-1,-1
359,36,0.00,0.00,0.00,0.00,1.0,-1,-1,-1
359,37,1521.00,308.00,40.00,96.00,1.0,-1,-1,-1
359,38,0.00,0.00,0.00,0.00,1.0,-1,-1,-1
359,39,1710.00,516.00,74.00,244.00,1.0,-1,-1,-1
359,40,1057.00,621.00,81.00,287.00,1.0,-1,-1,-1
359,41,1601.00,482.00,97.00,259.00,1.0,-1,-1,-1
360,0,1459.00,667.00,102.00,286.00,1.0,-1,-1,-1
360,1,0.00,0.00,0.00,0.00,1.0,-1,-1,-1
360,2,0.00,0.00,0.00,0.00,1.0,-1,-1,-1
360,3,0.00,0.00,0.00,0.00,1.0,-1,-1,-1
360,4,0.00,0.00,0.00,0.00,1.0,-1,-1,-1
360,5,0.00,0.00,0.00,0.00,1.0,-1,-1,-1
360,6,0.00,0.00,0.00,0.00,1.0,-1,-1,-1
360,7,0.00,0.00,0.00,0.00,1.0,-1,-1,-1
360,8,0.00,0.00,0.00,0.00,1.0,-1,-1,-1
360,9,0.00,0.00,0.00,0.00,1.0,-1,-1,-1
360,10,1091.00,492.00,55.00,220.00,1.0,-1,-1,-1
360,11,0.00,0.00,0.00,0.00,1.0,-1,-1,-1
360,12,0.00,0.00,0.00,0.00,1.0,-1,-1,-1
360,13,0.00,0.00,0.00,0.00,1.0,-1,-1,-1
360,14,0.00,0.00,0.00,0.00,1.0,-1,-1,-1
360,15,0.00,0.00,0.00,0.00,1.0,-1,-1,-1
360,16,0.00,0.00,0.00,0.00,1.0,-1,-1,-1
360,17,1709.00,565.00,83.00,281.00,1.0,-1,-1,-1
360,18,0.00,0.00,0.00,0.00,1.0,-1,-1,-1
360,19,976.00,504.00,133.00,244.00,1.0,-1,-1,-1
360,20,0.00,0.00,0.00,0.00,1.0,-1,-1,-1
360,21,0.00,0.00,0.00,0.00,1.0,-1,-1,-1
360,22,1717.00,929.00,161.00,151.00,1.0,-1,-1,-1
360,23,0.00,0.00,0.00,0.00,1.0,-1,-1,-1
360,24,0.00,0.00,0.00,0.00,1.0,-1,-1,-1
360,25,0.00,0.00,0.00,0.00,1.0,-1,-1,-1
360,26,774.00,395.00,92.00,197.00,1.0,-1,-1,-1
360,27,0.00,0.00,0.00,0.00,1.0,-1,-1,-1
360,28,0.00,0.00,0.00,0.00,1.0,-1,-1,-1
360,29,0.00,0.00,0.00,0.00,1.0,-1,-1,-1
360,30,0.00,0.00,0.00,0.00,1.0,-1,-1,-1
360,31,721.00,738.00,85.00,220.00,1.0,-1,-1,-1
360,32,0.00,0.00,0.00,0.00,1.0,-1,-1,-1
360,33,1463.00,564.00,97.00,168.00,1.0,-1,-1,-1
360,34,0.00,0.00,0.00,0.00,1.0,-1,-1,-1
360,35,872.00,622.00,112.00,285.00,1.0,-1,-1,-1
360,36,0.00,0.00,0.00,0.00,1.0,-1,-1,-1
360,37,1522.00,308.00,39.00,96.00,1.0,-1,-1,-1
360,38,0.00,0.00,0.00,0.00,1.0,-1,-1,-1
360,39,1711.00,515.00,77.00,251.00,1.0,-1,-1,-1
360,40,1057.00,621.00,81.00,289.00,1.0,-1,-1,-1
360,41,1602.00,482.00,103.00,260.00,1.0,-1,-1,-1
361,0,1465.00,669.00,100.00,285.00,1.0,-1,-1,-1
361,1,0.00,0.00,0.00,0.00,1.0,-1,-1,-1
361,2,0.00,0.00,0.00,0.00,1.0,-1,-1,-1
361,3,0.00,0.00,0.00,0.00,1.0,-1,-1,-1
361,4,0.00,0.00,0.00,0.00,1.0,-1,-1,-1
361,5,0.00,0.00,0.00,0.00,1.0,-1,-1,-1
361,6,0.00,0.00,0.00,0.00,1.0,-1,-1,-1
361,7,0.00,0.00,0.00,0.00,1.0,-1,-1,-1
361,8,0.00,0.00,0.00,0.00,1.0,-1,-1,-1
361,9,0.00,0.00,0.00,0.00,1.0,-1,-1,-1
361,10,1096.00,493.00,51.00,217.00,1.0,-1,-1,-1
361,11,0.00,0.00,0.00,0.00,1.0,-1,-1,-1
361,12,0.00,0.00,0.00,0.00,1.0,-1,-1,-1
361,13,0.00,0.00,0.00,0.00,1.0,-1,-1,-1
361,14,0.00,0.00,0.00,0.00,1.0,-1,-1,-1
361,15,0.00,0.00,0.00,0.00,1.0,-1,-1,-1
361,16,0.00,0.00,0.00,0.00,1.0,-1,-1,-1
361,17,1721.00,562.00,80.00,285.00,1.0,-1,-1,-1
361,18,1721.00,1004.00,61.00,76.00,1.0,-1,-1,-1
361,19,975.00,503.00,136.00,247.00,1.0,-1,-1,-1
361,20,0.00,0.00,0.00,0.00,1.0,-1,-1,-1
361,21,0.00,0.00,0.00,0.00,1.0,-1,-1,-1
361,22,1722.00,934.00,163.00,146.00,1.0,-1,-1,-1
361,23,0.00,0.00,0.00,0.00,1.0,-1,-1,-1
361,24,0.00,0.00,0.00,0.00,1.0,-1,-1,-1
361,25,0.00,0.00,0.00,0.00,1.0,-1,-1,-1
361,26,798.00,404.00,69.00,188.00,1.0,-1,-1,-1
361,27,0.00,0.00,0.00,0.00,1.0,-1,-1,-1
361,28,0.00,0.00,0.00,0.00,1.0,-1,-1,-1
361,29,0.00,0.00,0.00,0.00,1.0,-1,-1,-1
361,30,0.00,0.00,0.00,0.00,1.0,-1,-1,-1
361,31,720.00,740.00,86.00,219.00,1.0,-1,-1,-1
361,32,0.00,0.00,0.00,0.00,1.0,-1,-1,-1
361,33,1469.00,565.00,104.00,168.00,1.0,-1,-1,-1
361,34,0.00,0.00,0.00,0.00,1.0,-1,-1,-1
361,35,871.00,624.00,111.00,285.00,1.0,-1,-1,-1
361,36,0.00,0.00,0.00,0.00,1.0,-1,-1,-1
361,37,1522.00,308.00,40.00,103.00,1.0,-1,-1,-1
361,38,0.00,0.00,0.00,0.00,1.0,-1,-1,-1
361,39,1713.00,514.00,82.00,148.00,1.0,-1,-1,-1
361,40,1058.00,622.00,81.00,288.00,1.0,-1,-1,-1
361,41,1609.00,482.00,98.00,264.00,1.0,-1,-1,-1
362,0,1469.00,669.00,101.00,285.00,1.0,-1,-1,-1
362,1,0.00,0.00,0.00,0.00,1.0,-1,-1,-1
362,2,0.00,0.00,0.00,0.00,1.0,-1,-1,-1
362,3,0.00,0.00,0.00,0.00,1.0,-1,-1,-1
362,4,0.00,0.00,0.00,0.00,1.0,-1,-1,-1
362,5,0.00,0.00,0.00,0.00,1.0,-1,-1,-1
362,6,0.00,0.00,0.00,0.00,1.0,-1,-1,-1
362,7,0.00,0.00,0.00,0.00,1.0,-1,-1,-1
362,8,0.00,0.00,0.00,0.00,1.0,-1,-1,-1
362,9,0.00,0.00,0.00,0.00,1.0,-1,-1,-1
362,10,1097.00,493.00,51.00,218.00,1.0,-1,-1,-1
362,11,0.00,0.00,0.00,0.00,1.0,-1,-1,-1
362,12,0.00,0.00,0.00,0.00,1.0,-1,-1,-1
362,13,0.00,0.00,0.00,0.00,1.0,-1,-1,-1
362,14,0.00,0.00,0.00,0.00,1.0,-1,-1,-1
362,15,0.00,0.00,0.00,0.00,1.0,-1,-1,-1
362,16,0.00,0.00,0.00,0.00,1.0,-1,-1,-1
362,17,1732.00,562.00,83.00,286.00,1.0,-1,-1,-1
362,18,1726.00,1011.00,58.00,69.00,1.0,-1,-1,-1
362,19,977.00,504.00,134.00,245.00,1.0,-1,-1,-1
362,20,0.00,0.00,0.00,0.00,1.0,-1,-1,-1
362,21,0.00,0.00,0.00,0.00,1.0,-1,-1,-1
362,22,1728.00,939.00,163.00,141.00,1.0,-1,-1,-1
362,23,0.00,0.00,0.00,0.00,1.0,-1,-1,-1
362,24,0.00,0.00,0.00,0.00,1.0,-1,-1,-1
362,25,0.00,0.00,0.00,0.00,1.0,-1,-1,-1
362,26,798.00,397.00,71.00,194.00,1.0,-1,-1,-1
362,27,0.00,0.00,0.00,0.00,1.0,-1,-1,-1
362,28,0.00,0.00,0.00,0.00,1.0,-1,-1,-1
362,29,0.00,0.00,0.00,0.00,1.0,-1,-1,-1
362,30,0.00,0.00,0.00,0.00,1.0,-1,-1,-1
362,31,721.00,739.00,86.00,220.00,1.0,-1,-1,-1
362,32,0.00,0.00,0.00,0.00,1.0,-1,-1,-1
362,33,1476.00,566.00,93.00,163.00,1.0,-1,-1,-1
362,34,0.00,0.00,0.00,0.00,1.0,-1,-1,-1
362,35,870.00,628.00,111.00,285.00,1.0,-1,-1,-1
362,36,0.00,0.00,0.00,0.00,1.0,-1,-1,-1
362,37,1524.00,308.00,39.00,101.00,1.0,-1,-1,-1
362,38,0.00,0.00,0.00,0.00,1.0,-1,-1,-1
362,39,1721.00,516.00,73.00,143.00,1.0,-1,-1,-1
362,40,1058.00,622.00,82.00,289.00,1.0,-1,-1,-1
362,41,1613.00,481.00,97.00,264.00,1.0,-1,-1,-1
363,0,1468.00,669.00,105.00,285.00,1.0,-1,-1,-1
363,1,0.00,0.00,0.00,0.00,1.0,-1,-1,-1
363,2,0.00,0.00,0.00,0.00,1.0,-1,-1,-1
363,3,0.00,0.00,0.00,0.00,1.0,-1,-1,-1
363,4,0.00,0.00,0.00,0.00,1.0,-1,-1,-1
363,5,0.00,0.00,0.00,0.00,1.0,-1,-1,-1
363,6,0.00,0.00,0.00,0.00,1.0,-1,-1,-1
363,7,0.00,0.00,0.00,0.00,1.0,-1,-1,-1
363,8,0.00,0.00,0.00,0.00,1.0,-1,-1,-1
363,9,0.00,0.00,0.00,0.00,1.0,-1,-1,-1
363,10,1098.00,495.00,51.00,217.00,1.0,-1,-1,-1
363,11,0.00,0.00,0.00,0.00,1.0,-1,-1,-1
363,12,0.00,0.00,0.00,0.00,1.0,-1,-1,-1
363,13,0.00,0.00,0.00,0.00,1.0,-1,-1,-1
363,14,0.00,0.00,0.00,0.00,1.0,-1,-1,-1
363,15,0.00,0.00,0.00,0.00,1.0,-1,-1,-1
363,16,0.00,0.00,0.00,0.00,1.0,-1,-1,-1
363,17,1739.00,564.00,85.00,284.00,1.0,-1,-1,-1
363,18,1733.00,1016.00,59.00,64.00,1.0,-1,-1,-1
363,19,977.00,505.00,136.00,245.00,1.0,-1,-1,-1
363,20,0.00,0.00,0.00,0.00,1.0,-1,-1,-1
363,21,0.00,0.00,0.00,0.00,1.0,-1,-1,-1
363,22,1734.00,946.00,161.00,134.00,1.0,-1,-1,-1
363,23,0.00,0.00,0.00,0.00,1.0,-1,-1,-1
363,24,0.00,0.00,0.00,0.00,1.0,-1,-1,-1
363,25,0.00,0.00,0.00,0.00,1.0,-1,-1,-1
363,26,798.00,394.00,72.00,192.00,1.0,-1,-1,-1
363,27,0.00,0.00,0.00,0.00,1.0,-1,-1,-1
363,28,0.00,0.00,0.00,0.00,1.0,-1,-1,-1
363,29,0.00,0.00,0.00,0.00,1.0,-1,-1,-1
363,30,0.00,0.00,0.00,0.00,1.0,-1,-1,-1
363,31,720.00,739.00,87.00,220.00,1.0,-1,-1,-1
363,32,0.00,0.00,0.00,0.00,1.0,-1,-1,-1
363,33,1481.00,570.00,93.00,268.00,1.0,-1,-1,-1
363,34,0.00,0.00,0.00,0.00,1.0,-1,-1,-1
363,35,867.00,631.00,111.00,283.00,1.0,-1,-1,-1
363,36,0.00,0.00,0.00,0.00,1.0,-1,-1,-1
363,37,1522.00,309.00,42.00,125.00,1.0,-1,-1,-1
363,38,0.00,0.00,0.00,0.00,1.0,-1,-1,-1
363,39,1723.00,515.00,75.00,155.00,1.0,-1,-1,-1
363,40,1056.00,623.00,83.00,287.00,1.0,-1,-1,-1
363,41,1620.00,481.00,90.00,262.00,1.0,-1,-1,-1
364,0,1468.00,669.00,98.00,286.00,1.0,-1,-1,-1
364,1,0.00,0.00,0.00,0.00,1.0,-1,-1,-1
364,2,0.00,0.00,0.00,0.00,1.0,-1,-1,-1
364,3,0.00,0.00,0.00,0.00,1.0,-1,-1,-1
364,4,0.00,0.00,0.00,0.00,1.0,-1,-1,-1
364,5,0.00,0.00,0.00,0.00,1.0,-1,-1,-1
364,6,0.00,0.00,0.00,0.00,1.0,-1,-1,-1
364,7,0.00,0.00,0.00,0.00,1.0,-1,-1,-1
364,8,0.00,0.00,0.00,0.00,1.0,-1,-1,-1
364,9,0.00,0.00,0.00,0.00,1.0,-1,-1,-1
364,10,1097.00,495.00,51.00,217.00,1.0,-1,-1,-1
364,11,0.00,0.00,0.00,0.00,1.0,-1,-1,-1
364,12,0.00,0.00,0.00,0.00,1.0,-1,-1,-1
364,13,0.00,0.00,0.00,0.00,1.0,-1,-1,-1
364,14,0.00,0.00,0.00,0.00,1.0,-1,-1,-1
364,15,0.00,0.00,0.00,0.00,1.0,-1,-1,-1
364,16,0.00,0.00,0.00,0.00,1.0,-1,-1,-1
364,17,1746.00,565.00,90.00,283.00,1.0,-1,-1,-1
364,18,1739.00,1021.00,105.00,59.00,1.0,-1,-1,-1
364,19,979.00,505.00,133.00,245.00,1.0,-1,-1,-1
364,20,0.00,0.00,0.00,0.00,1.0,-1,-1,-1
364,21,0.00,0.00,0.00,0.00,1.0,-1,-1,-1
364,22,1739.00,954.00,159.00,126.00,1.0,-1,-1,-1
364,23,0.00,0.00,0.00,0.00,1.0,-1,-1,-1
364,24,0.00,0.00,0.00,0.00,1.0,-1,-1,-1
364,25,0.00,0.00,0.00,0.00,1.0,-1,-1,-1
364,26,796.00,394.00,74.00,191.00,1.0,-1,-1,-1
364,27,0.00,0.00,0.00,0.00,1.0,-1,-1,-1
364,28,0.00,0.00,0.00,0.00,1.0,-1,-1,-1
364,29,0.00,0.00,0.00,0.00,1.0,-1,-1,-1
364,30,0.00,0.00,0.00,0.00,1.0,-1,-1,-1
364,31,719.00,740.00,87.00,221.00,1.0,-1,-1,-1
364,32,0.00,0.00,0.00,0.00,1.0,-1,-1,-1
364,33,1488.00,573.00,105.00,276.00,1.0,-1,-1,-1
364,34,0.00,0.00,0.00,0.00,1.0,-1,-1,-1
364,35,865.00,633.00,111.00,286.00,1.0,-1,-1,-1
364,36,0.00,0.00,0.00,0.00,1.0,-1,-1,-1
364,37,1522.00,310.00,42.00,131.00,1.0,-1,-1,-1
364,38,0.00,0.00,0.00,0.00,1.0,-1,-1,-1
364,39,1727.00,515.00,77.00,156.00,1.0,-1,-1,-1
364,40,1058.00,624.00,82.00,287.00,1.0,-1,-1,-1
364,41,1629.00,481.00,86.00,265.00,1.0,-1,-1,-1
365,0,1468.00,670.00,86.00,285.00,1.0,-1,-1,-1
365,1,0.00,0.00,0.00,0.00,1.0,-1,-1,-1
365,2,0.00,0.00,0.00,0.00,1.0,-1,-1,-1
365,3,0.00,0.00,0.00,0.00,1.0,-1,-1,-1
365,4,0.00,0.00,0.00,0.00,1.0,-1,-1,-1
365,5,0.00,0.00,0.00,0.00,1.0,-1,-1,-1
365,6,0.00,0.00,0.00,0.00,1.0,-1,-1,-1
365,7,0.00,0.00,0.00,0.00,1.0,-1,-1,-1
365,8,0.00,0.00,0.00,0.00,1.0,-1,-1,-1
365,9,0.00,0.00,0.00,0.00,1.0,-1,-1,-1
365,10,1099.00,495.00,52.00,218.00,1.0,-1,-1,-1
365,11,0.00,0.00,0.00,0.00,1.0,-1,-1,-1
365,12,0.00,0.00,0.00,0.00,1.0,-1,-1,-1
365,13,0.00,0.00,0.00,0.00,1.0,-1,-1,-1
365,14,0.00,0.00,0.00,0.00,1.0,-1,-1,-1
365,15,0.00,0.00,0.00,0.00,1.0,-1,-1,-1
365,16,0.00,0.00,0.00,0.00,1.0,-1,-1,-1
365,17,1755.00,567.00,107.00,282.00,1.0,-1,-1,-1
365,18,1747.00,1031.00,65.00,49.00,1.0,-1,-1,-1
365,19,984.00,505.00,130.00,250.00,1.0,-1,-1,-1
365,20,0.00,0.00,0.00,0.00,1.0,-1,-1,-1
365,21,0.00,0.00,0.00,0.00,1.0,-1,-1,-1
365,22,1749.00,961.00,153.00,119.00,1.0,-1,-1,-1
365,23,0.00,0.00,0.00,0.00,1.0,-1,-1,-1
365,24,0.00,0.00,0.00,0.00,1.0,-1,-1,-1
365,25,0.00,0.00,0.00,0.00,1.0,-1,-1,-1
365,26,798.00,392.00,76.00,192.00,1.0,-1,-1,-1
365,27,0.00,0.00,0.00,0.00,1.0,-1,-1,-1
365,28,0.00,0.00,0.00,0.00,1.0,-1,-1,-1
365,29,0.00,0.00,0.00,0.00,1.0,-1,-1,-1
365,30,0.00,0.00,0.00,0.00,1.0,-1,-1,-1
365,31,720.00,740.00,89.00,221.00,1.0,-1,-1,-1
365,32,0.00,0.00,0.00,0.00,1.0,-1,-1,-1
365,33,1496.00,574.00,102.00,277.00,1.0,-1,-1,-1
365,34,0.00,0.00,0.00,0.00,1.0,-1,-1,-1
365,35,865.00,632.00,111.00,288.00,1.0,-1,-1,-1
365,36,0.00,0.00,0.00,0.00,1.0,-1,-1,-1
365,37,1523.00,309.00,42.00,162.00,1.0,-1,-1,-1
365,38,0.00,0.00,0.00,0.00,1.0,-1,-1,-1
365,39,1735.00,515.00,71.00,160.00,1.0,-1,-1,-1
365,40,1057.00,627.00,84.00,291.00,1.0,-1,-1,-1
365,41,1635.00,481.00,93.00,263.00,1.0,-1,-1,-1
366,0,1469.00,670.00,88.00,285.00,1.0,-1,-1,-1
366,1,0.00,0.00,0.00,0.00,1.0,-1,-1,-1
366,2,0.00,0.00,0.00,0.00,1.0,-1,-1,-1
366,3,0.00,0.00,0.00,0.00,1.0,-1,-1,-1
366,4,0.00,0.00,0.00,0.00,1.0,-1,-1,-1
366,5,0.00,0.00,0.00,0.00,1.0,-1,-1,-1
366,6,0.00,0.00,0.00,0.00,1.0,-1,-1,-1
366,7,0.00,0.00,0.00,0.00,1.0,-1,-1,-1
366,8,0.00,0.00,0.00,0.00,1.0,-1,-1,-1
366,9,0.00,0.00,0.00,0.00,1.0,-1,-1,-1
366,10,1099.00,496.00,473.00,217.00,1.0,-1,-1,-1
366,11,0.00,0.00,0.00,0.00,1.0,-1,-1,-1
366,12,0.00,0.00,0.00,0.00,1.0,-1,-1,-1
366,13,0.00,0.00,0.00,0.00,1.0,-1,-1,-1
366,14,0.00,0.00,0.00,0.00,1.0,-1,-1,-1
366,15,0.00,0.00,0.00,0.00,1.0,-1,-1,-1
366,16,0.00,0.00,0.00,0.00,1.0,-1,-1,-1
366,17,1756.00,570.00,128.00,279.00,1.0,-1,-1,-1
366,18,1753.00,1041.00,56.00,39.00,1.0,-1,-1,-1
366,19,991.00,504.00,125.00,255.00,1.0,-1,-1,-1
366,20,0.00,0.00,0.00,0.00,1.0,-1,-1,-1
366,21,0.00,0.00,0.00,0.00,1.0,-1,-1,-1
366,22,1754.00,967.00,151.00,113.00,1.0,-1,-1,-1
366,23,0.00,0.00,0.00,0.00,1.0,-1,-1,-1
366,24,0.00,0.00,0.00,0.00,1.0,-1,-1,-1
366,25,0.00,0.00,0.00,0.00,1.0,-1,-1,-1
366,26,798.00,388.00,78.00,196.00,1.0,-1,-1,-1
366,27,0.00,0.00,0.00,0.00,1.0,-1,-1,-1
366,28,0.00,0.00,0.00,0.00,1.0,-1,-1,-1
366,29,0.00,0.00,0.00,0.00,1.0,-1,-1,-1
366,30,0.00,0.00,0.00,0.00,1.0,-1,-1,-1
366,31,720.00,742.00,88.00,219.00,1.0,-1,-1,-1
366,32,0.00,0.00,0.00,0.00,1.0,-1,-1,-1
366,33,1506.00,576.00,95.00,275.00,1.0,-1,-1,-1
366,34,0.00,0.00,0.00,0.00,1.0,-1,-1,-1
366,35,863.00,635.00,111.00,286.00,1.0,-1,-1,-1
366,36,0.00,0.00,0.00,0.00,1.0,-1,-1,-1
366,37,1524.00,309.00,43.00,164.00,1.0,-1,-1,-1
366,38,0.00,0.00,0.00,0.00,1.0,-1,-1,-1
366,39,1739.00,517.00,76.00,262.00,1.0,-1,-1,-1
366,40,1056.00,628.00,86.00,295.00,1.0,-1,-1,-1
366,41,1639.00,482.00,95.00,263.00,1.0,-1,-1,-1
367,0,1468.00,672.00,97.00,284.00,1.0,-1,-1,-1
367,1,0.00,0.00,0.00,0.00,1.0,-1,-1,-1
367,2,0.00,0.00,0.00,0.00,1.0,-1,-1,-1
367,3,0.00,0.00,0.00,0.00,1.0,-1,-1,-1
367,4,0.00,0.00,0.00,0.00,1.0,-1,-1,-1
367,5,0.00,0.00,0.00,0.00,1.0,-1,-1,-1
367,6,0.00,0.00,0.00,0.00,1.0,-1,-1,-1
367,7,0.00,0.00,0.00,0.00,1.0,-1,-1,-1
367,8,0.00,0.00,0.00,0.00,1.0,-1,-1,-1
367,9,0.00,0.00,0.00,0.00,1.0,-1,-1,-1
367,10,1100.00,496.00,52.00,218.00,1.0,-1,-1,-1
367,11,0.00,0.00,0.00,0.00,1.0,-1,-1,-1
367,12,0.00,0.00,0.00,0.00,1.0,-1,-1,-1
367,13,0.00,0.00,0.00,0.00,1.0,-1,-1,-1
367,14,0.00,0.00,0.00,0.00,1.0,-1,-1,-1
367,15,0.00,0.00,0.00,0.00,1.0,-1,-1,-1
367,16,0.00,0.00,0.00,0.00,1.0,-1,-1,-1
367,17,1757.00,572.00,142.00,278.00,1.0,-1,-1,-1
367,18,1759.00,1044.00,53.00,36.00,1.0,-1,-1,-1
367,19,996.00,506.00,121.00,255.00,1.0,-1,-1,-1
367,20,0.00,0.00,0.00,0.00,1.0,-1,-1,-1
367,21,0.00,0.00,0.00,0.00,1.0,-1,-1,-1
367,22,1760.00,973.00,147.00,107.00,1.0,-1,-1,-1
367,23,0.00,0.00,0.00,0.00,1.0,-1,-1,-1
367,24,0.00,0.00,0.00,0.00,1.0,-1,-1,-1
367,25,0.00,0.00,0.00,0.00,1.0,-1,-1,-1
367,26,799.00,388.00,78.00,196.00,1.0,-1,-1,-1
367,27,0.00,0.00,0.00,0.00,1.0,-1,-1,-1
367,28,0.00,0.00,0.00,0.00,1.0,-1,-1,-1
367,29,0.00,0.00,0.00,0.00,1.0,-1,-1,-1
367,30,0.00,0.00,0.00,0.00,1.0,-1,-1,-1
367,31,719.00,743.00,90.00,221.00,1.0,-1,-1,-1
367,32,0.00,0.00,0.00,0.00,1.0,-1,-1,-1
367,33,1514.00,577.00,90.00,273.00,1.0,-1,-1,-1
367,34,0.00,0.00,0.00,0.00,1.0,-1,-1,-1
367,35,862.00,636.00,112.00,286.00,1.0,-1,-1,-1
367,36,0.00,0.00,0.00,0.00,1.0,-1,-1,-1
367,37,1524.00,310.00,43.00,165.00,1.0,-1,-1,-1
367,38,0.00,0.00,0.00,0.00,1.0,-1,-1,-1
367,39,1742.00,518.00,79.00,261.00,1.0,-1,-1,-1
367,40,1058.00,632.00,83.00,293.00,1.0,-1,-1,-1
367,41,1644.00,484.00,94.00,264.00,1.0,-1,-1,-1
368,0,1467.00,671.00,97.00,285.00,1.0,-1,-1,-1
368,1,0.00,0.00,0.00,0.00,1.0,-1,-1,-1
368,2,0.00,0.00,0.00,0.00,1.0,-1,-1,-1
368,3,0.00,0.00,0.00,0.00,1.0,-1,-1,-1
368,4,0.00,0.00,0.00,0.00,1.0,-1,-1,-1
368,5,0.00,0.00,0.00,0.00,1.0,-1,-1,-1
368,6,0.00,0.00,0.00,0.00,1.0,-1,-1,-1
368,7,0.00,0.00,0.00,0.00,1.0,-1,-1,-1
368,8,0.00,0.00,0.00,0.00,1.0,-1,-1,-1
368,9,0.00,0.00,0.00,0.00,1.0,-1,-1,-1
368,10,1100.00,496.00,472.00,220.00,1.0,-1,-1,-1
368,11,0.00,0.00,0.00,0.00,1.0,-1,-1,-1
368,12,0.00,0.00,0.00,0.00,1.0,-1,-1,-1
368,13,0.00,0.00,0.00,0.00,1.0,-1,-1,-1
368,14,0.00,0.00,0.00,0.00,1.0,-1,-1,-1
368,15,0.00,0.00,0.00,0.00,1.0,-1,-1,-1
368,16,0.00,0.00,0.00,0.00,1.0,-1,-1,-1
368,17,1758.00,574.00,147.00,279.00,1.0,-1,-1,-1
368,18,1766.00,1049.00,61.00,31.00,1.0,-1,-1,-1
368,19,996.00,505.00,120.00,259.00,1.0,-1,-1,-1
368,20,0.00,0.00,0.00,0.00,1.0,-1,-1,-1
368,21,0.00,0.00,0.00,0.00,1.0,-1,-1,-1
368,22,1767.00,976.00,142.00,104.00,1.0,-1,-1,-1
368,23,0.00,0.00,0.00,0.00,1.0,-1,-1,-1
368,24,0.00,0.00,0.00,0.00,1.0,-1,-1,-1
368,25,0.00,0.00,0.00,0.00,1.0,-1,-1,-1
368,26,800.00,385.00,79.00,199.00,1.0,-1,-1,-1
368,27,0.00,0.00,0.00,0.00,1.0,-1,-1,-1
368,28,0.00,0.00,0.00,0.00,1.0,-1,-1,-1
368,29,0.00,0.00,0.00,0.00,1.0,-1,-1,-1
368,30,0.00,0.00,0.00,0.00,1.0,-1,-1,-1
368,31,719.00,744.00,89.00,225.00,1.0,-1,-1,-1
368,32,0.00,0.00,0.00,0.00,1.0,-1,-1,-1
368,33,1516.00,577.00,92.00,273.00,1.0,-1,-1,-1
368,34,0.00,0.00,0.00,0.00,1.0,-1,-1,-1
368,35,858.00,637.00,115.00,285.00,1.0,-1,-1,-1
368,36,0.00,0.00,0.00,0.00,1.0,-1,-1,-1
368,37,1524.00,310.00,43.00,166.00,1.0,-1,-1,-1
368,38,0.00,0.00,0.00,0.00,1.0,-1,-1,-1
368,39,1749.00,519.00,79.00,266.00,1.0,-1,-1,-1
368,40,1058.00,633.00,82.00,294.00,1.0,-1,-1,-1
368,41,1649.00,484.00,96.00,268.00,1.0,-1,-1,-1
368,42,1169.00,426.00,88.00,235.00,1.0,-1,-1,-1
369,0,1468.00,670.00,92.00,287.00,1.0,-1,-1,-1
369,1,0.00,0.00,0.00,0.00,1.0,-1,-1,-1
369,2,0.00,0.00,0.00,0.00,1.0,-1,-1,-1
369,3,0.00,0.00,0.00,0.00,1.0,-1,-1,-1
369,4,0.00,0.00,0.00,0.00,1.0,-1,-1,-1
369,5,0.00,0.00,0.00,0.00,1.0,-1,-1,-1
369,6,0.00,0.00,0.00,0.00,1.0,-1,-1,-1
369,7,0.00,0.00,0.00,0.00,1.0,-1,-1,-1
369,8,0.00,0.00,0.00,0.00,1.0,-1,-1,-1
369,9,0.00,0.00,0.00,0.00,1.0,-1,-1,-1
369,10,1101.00,497.00,53.00,220.00,1.0,-1,-1,-1
369,11,0.00,0.00,0.00,0.00,1.0,-1,-1,-1
369,12,0.00,0.00,0.00,0.00,1.0,-1,-1,-1
369,13,0.00,0.00,0.00,0.00,1.0,-1,-1,-1
369,14,0.00,0.00,0.00,0.00,1.0,-1,-1,-1
369,15,0.00,0.00,0.00,0.00,1.0,-1,-1,-1
369,16,0.00,0.00,0.00,0.00,1.0,-1,-1,-1
369,17,1759.00,575.00,149.00,280.00,1.0,-1,-1,-1
369,18,1771.00,1053.00,58.00,27.00,1.0,-1,-1,-1
369,19,997.00,507.00,120.00,260.00,1.0,-1,-1,-1
369,20,0.00,0.00,0.00,0.00,1.0,-1,-1,-1
369,21,0.00,0.00,0.00,0.00,1.0,-1,-1,-1
369,22,1773.00,979.00,140.00,101.00,1.0,-1,-1,-1
369,23,0.00,0.00,0.00,0.00,1.0,-1,-1,-1
369,24,0.00,0.00,0.00,0.00,1.0,-1,-1,-1
369,25,0.00,0.00,0.00,0.00,1.0,-1,-1,-1
369,26,800.00,390.00,77.00,194.00,1.0,-1,-1,-1
369,27,0.00,0.00,0.00,0.00,1.0,-1,-1,-1
369,28,0.00,0.00,0.00,0.00,1.0,-1,-1,-1
369,29,0.00,0.00,0.00,0.00,1.0,-1,-1,-1
369,30,0.00,0.00,0.00,0.00,1.0,-1,-1,-1
369,31,719.00,747.00,89.00,220.00,1.0,-1,-1,-1
369,32,0.00,0.00,0.00,0.00,1.0,-1,-1,-1
369,33,1529.00,577.00,85.00,273.00,1.0,-1,-1,-1
369,34,0.00,0.00,0.00,0.00,1.0,-1,-1,-1
369,35,858.00,639.00,116.00,284.00,1.0,-1,-1,-1
369,36,0.00,0.00,0.00,0.00,1.0,-1,-1,-1
369,37,1525.00,311.00,43.00,166.00,1.0,-1,-1,-1
369,38,0.00,0.00,0.00,0.00,1.0,-1,-1,-1
369,39,1755.00,521.00,72.00,260.00,1.0,-1,-1,-1
369,40,1058.00,639.00,83.00,290.00,1.0,-1,-1,-1
369,41,1652.00,487.00,96.00,268.00,1.0,-1,-1,-1
369,42,1168.00,425.00,89.00,237.00,1.0,-1,-1,-1
370,0,1468.00,670.00,97.00,287.00,1.0,-1,-1,-1
370,1,0.00,0.00,0.00,0.00,1.0,-1,-1,-1
370,2,0.00,0.00,0.00,0.00,1.0,-1,-1,-1
370,3,0.00,0.00,0.00,0.00,1.0,-1,-1,-1
370,4,0.00,0.00,0.00,0.00,1.0,-1,-1,-1
370,5,0.00,0.00,0.00,0.00,1.0,-1,-1,-1
370,6,0.00,0.00,0.00,0.00,1.0,-1,-1,-1
370,7,0.00,0.00,0.00,0.00,1.0,-1,-1,-1
370,8,0.00,0.00,0.00,0.00,1.0,-1,-1,-1
370,9,0.00,0.00,0.00,0.00,1.0,-1,-1,-1
370,10,1102.00,496.00,52.00,221.00,1.0,-1,-1,-1
370,11,0.00,0.00,0.00,0.00,1.0,-1,-1,-1
370,12,0.00,0.00,0.00,0.00,1.0,-1,-1,-1
370,13,0.00,0.00,0.00,0.00,1.0,-1,-1,-1
370,14,0.00,0.00,0.00,0.00,1.0,-1,-1,-1
370,15,0.00,0.00,0.00,0.00,1.0,-1,-1,-1
370,16,0.00,0.00,0.00,0.00,1.0,-1,-1,-1
370,17,1765.00,575.00,146.00,281.00,1.0,-1,-1,-1
370,18,1780.00,1054.00,56.00,26.00,1.0,-1,-1,-1
370,19,1001.00,507.00,113.00,265.00,1.0,-1,-1,-1
370,20,0.00,0.00,0.00,0.00,1.0,-1,-1,-1
370,21,0.00,0.00,0.00,0.00,1.0,-1,-1,-1
370,22,1780.00,981.00,140.00,99.00,1.0,-1,-1,-1
370,23,0.00,0.00,0.00,0.00,1.0,-1,-1,-1
370,24,0.00,0.00,0.00,0.00,1.0,-1,-1,-1
370,25,0.00,0.00,0.00,0.00,1.0,-1,-1,-1
370,26,800.00,390.00,80.00,194.00,1.0,-1,-1,-1
370,27,0.00,0.00,0.00,0.00,1.0,-1,-1,-1
370,28,0.00,0.00,0.00,0.00,1.0,-1,-1,-1
370,29,0.00,0.00,0.00,0.00,1.0,-1,-1,-1
370,30,0.00,0.00,0.00,0.00,1.0,-1,-1,-1
370,31,722.00,751.00,87.00,217.00,1.0,-1,-1,-1
370,32,0.00,0.00,0.00,0.00,1.0,-1,-1,-1
370,33,1537.00,577.00,109.00,274.00,1.0,-1,-1,-1
370,34,0.00,0.00,0.00,0.00,1.0,-1,-1,-1
370,35,857.00,640.00,118.00,283.00,1.0,-1,-1,-1
370,36,0.00,0.00,0.00,0.00,1.0,-1,-1,-1
370,37,1527.00,311.00,42.00,167.00,1.0,-1,-1,-1
370,38,0.00,0.00,0.00,0.00,1.0,-1,-1,-1
370,39,1755.00,522.00,76.00,261.00,1.0,-1,-1,-1
370,40,1059.00,638.00,81.00,295.00,1.0,-1,-1,-1
370,41,1657.00,489.00,99.00,267.00,1.0,-1,-1,-1
370,42,1168.00,426.00,90.00,237.00,1.0,-1,-1,-1
371,0,1468.00,669.00,104.00,288.00,1.0,-1,-1,-1
371,1,0.00,0.00,0.00,0.00,1.0,-1,-1,-1
371,2,0.00,0.00,0.00,0.00,1.0,-1,-1,-1
371,3,0.00,0.00,0.00,0.00,1.0,-1,-1,-1
371,4,0.00,0.00,0.00,0.00,1.0,-1,-1,-1
371,5,0.00,0.00,0.00,0.00,1.0,-1,-1,-1
371,6,0.00,0.00,0.00,0.00,1.0,-1,-1,-1
371,7,0.00,0.00,0.00,0.00,1.0,-1,-1,-1
371,8,0.00,0.00,0.00,0.00,1.0,-1,-1,-1
371,9,0.00,0.00,0.00,0.00,1.0,-1,-1,-1
371,10,1102.00,496.00,53.00,221.00,1.0,-1,-1,-1
371,11,0.00,0.00,0.00,0.00,1.0,-1,-1,-1
371,12,0.00,0.00,0.00,0.00,1.0,-1,-1,-1
371,13,0.00,0.00,0.00,0.00,1.0,-1,-1,-1
371,14,0.00,0.00,0.00,0.00,1.0,-1,-1,-1
371,15,0.00,0.00,0.00,0.00,1.0,-1,-1,-1
371,16,0.00,0.00,0.00,0.00,1.0,-1,-1,-1
371,17,1768.00,575.00,143.00,281.00,1.0,-1,-1,-1
371,18,1783.00,1053.00,58.00,27.00,1.0,-1,-1,-1
371,19,1003.00,507.00,113.00,264.00,1.0,-1,-1,-1
371,20,0.00,0.00,0.00,0.00,1.0,-1,-1,-1
371,21,0.00,0.00,0.00,0.00,1.0,-1,-1,-1
371,22,1785.00,981.00,135.00,99.00,1.0,-1,-1,-1
371,23,0.00,0.00,0.00,0.00,1.0,-1,-1,-1
371,24,0.00,0.00,0.00,0.00,1.0,-1,-1,-1
371,25,0.00,0.00,0.00,0.00,1.0,-1,-1,-1
371,26,800.00,387.00,79.00,196.00,1.0,-1,-1,-1
371,27,0.00,0.00,0.00,0.00,1.0,-1,-1,-1
371,28,0.00,0.00,0.00,0.00,1.0,-1,-1,-1
371,29,0.00,0.00,0.00,0.00,1.0,-1,-1,-1
371,30,0.00,0.00,0.00,0.00,1.0,-1,-1,-1
371,31,722.00,753.00,85.00,216.00,1.0,-1,-1,-1
371,32,0.00,0.00,0.00,0.00,1.0,-1,-1,-1
371,33,1545.00,577.00,85.00,274.00,1.0,-1,-1,-1
371,34,0.00,0.00,0.00,0.00,1.0,-1,-1,-1
371,35,853.00,639.00,124.00,284.00,1.0,-1,-1,-1
371,36,0.00,0.00,0.00,0.00,1.0,-1,-1,-1
371,37,1527.00,311.00,42.00,167.00,1.0,-1,-1,-1
371,38,0.00,0.00,0.00,0.00,1.0,-1,-1,-1
371,39,1762.00,523.00,93.00,268.00,1.0,-1,-1,-1
371,40,1058.00,639.00,82.00,296.00,1.0,-1,-1,-1
371,41,1661.00,489.00,99.00,268.00,1.0,-1,-1,-1
371,42,1168.00,426.00,90.00,236.00,1.0,-1,-1,-1
372,0,1467.00,669.00,106.00,288.00,1.0,-1,-1,-1
372,1,0.00,0.00,0.00,0.00,1.0,-1,-1,-1
372,2,0.00,0.00,0.00,0.00,1.0,-1,-1,-1
372,3,0.00,0.00,0.00,0.00,1.0,-1,-1,-1
372,4,0.00,0.00,0.00,0.00,1.0,-1,-1,-1
372,5,0.00,0.00,0.00,0.00,1.0,-1,-1,-1
372,6,0.00,0.00,0.00,0.00,1.0,-1,-1,-1
372,7,0.00,0.00,0.00,0.00,1.0,-1,-1,-1
372,8,0.00,0.00,0.00,0.00,1.0,-1,-1,-1
372,9,0.00,0.00,0.00,0.00,1.0,-1,-1,-1
372,10,1102.00,497.00,53.00,220.00,1.0,-1,-1,-1
372,11,0.00,0.00,0.00,0.00,1.0,-1,-1,-1
372,12,0.00,0.00,0.00,0.00,1.0,-1,-1,-1
372,13,0.00,0.00,0.00,0.00,1.0,-1,-1,-1
372,14,0.00,0.00,0.00,0.00,1.0,-1,-1,-1
372,15,0.00,0.00,0.00,0.00,1.0,-1,-1,-1
372,16,0.00,0.00,0.00,0.00,1.0,-1,-1,-1
372,17,1780.00,575.00,132.00,282.00,1.0,-1,-1,-1
372,18,1791.00,1053.00,55.00,27.00,1.0,-1,-1,-1
372,19,1006.00,509.00,115.00,259.00,1.0,-1,-1,-1
372,20,0.00,0.00,0.00,0.00,1.0,-1,-1,-1
372,21,0.00,0.00,0.00,0.00,1.0,-1,-1,-1
372,22,1791.00,981.00,129.00,99.00,1.0,-1,-1,-1
372,23,0.00,0.00,0.00,0.00,1.0,-1,-1,-1
372,24,0.00,0.00,0.00,0.00,1.0,-1,-1,-1
372,25,0.00,0.00,0.00,0.00,1.0,-1,-1,-1
372,26,801.00,387.00,76.00,198.00,1.0,-1,-1,-1
372,27,0.00,0.00,0.00,0.00,1.0,-1,-1,-1
372,28,0.00,0.00,0.00,0.00,1.0,-1,-1,-1
372,29,0.00,0.00,0.00,0.00,1.0,-1,-1,-1
372,30,0.00,0.00,0.00,0.00,1.0,-1,-1,-1
372,31,721.00,758.00,87.00,212.00,1.0,-1,-1,-1
372,32,0.00,0.00,0.00,0.00,1.0,-1,-1,-1
372,33,1556.00,576.00,83.00,273.00,1.0,-1,-1,-1
372,34,0.00,0.00,0.00,0.00,1.0,-1,-1,-1
372,35,851.00,641.00,126.00,282.00,1.0,-1,-1,-1
372,36,0.00,0.00,0.00,0.00,1.0,-1,-1,-1
372,37,1527.00,311.00,42.00,166.00,1.0,-1,-1,-1
372,38,0.00,0.00,0.00,0.00,1.0,-1,-1,-1
372,39,1766.00,525.00,79.00,261.00,1.0,-1,-1,-1
372,40,1057.00,638.00,83.00,298.00,1.0,-1,-1,-1
372,41,1664.00,491.00,99.00,270.00,1.0,-1,-1,-1
372,42,1169.00,428.00,89.00,234.00,1.0,-1,-1,-1
372,43,1382.00,331.00,71.00,176.00,1.0,-1,-1,-1
373,0,1466.00,669.00,111.00,287.00,1.0,-1,-1,-1
373,1,0.00,0.00,0.00,0.00,1.0,-1,-1,-1
373,2,0.00,0.00,0.00,0.00,1.0,-1,-1,-1
373,3,0.00,0.00,0.00,0.00,1.0,-1,-1,-1
373,4,0.00,0.00,0.00,0.00,1.0,-1,-1,-1
373,5,0.00,0.00,0.00,0.00,1.0,-1,-1,-1
373,6,0.00,0.00,0.00,0.00,1.0,-1,-1,-1
373,7,0.00,0.00,0.00,0.00,1.0,-1,-1,-1
373,8,0.00,0.00,0.00,0.00,1.0,-1,-1,-1
373,9,0.00,0.00,0.00,0.00,1.0,-1,-1,-1
373,10,1102.00,496.00,53.00,220.00,1.0,-1,-1,-1
373,11,0.00,0.00,0.00,0.00,1.0,-1,-1,-1
373,12,0.00,0.00,0.00,0.00,1.0,-1,-1,-1
373,13,0.00,0.00,0.00,0.00,1.0,-1,-1,-1
373,14,0.00,0.00,0.00,0.00,1.0,-1,-1,-1
373,15,0.00,0.00,0.00,0.00,1.0,-1,-1,-1
373,16,0.00,0.00,0.00,0.00,1.0,-1,-1,-1
373,17,1792.00,575.00,120.00,281.00,1.0,-1,-1,-1
373,18,1794.00,1053.00,57.00,27.00,1.0,-1,-1,-1
373,19,1008.00,507.00,110.00,261.00,1.0,-1,-1,-1
373,20,0.00,0.00,0.00,0.00,1.0,-1,-1,-1
373,21,0.00,0.00,0.00,0.00,1.0,-1,-1,-1
373,22,1795.00,981.00,125.00,99.00,1.0,-1,-1,-1
373,23,0.00,0.00,0.00,0.00,1.0,-1,-1,-1
373,24,0.00,0.00,0.00,0.00,1.0,-1,-1,-1
373,25,0.00,0.00,0.00,0.00,1.0,-1,-1,-1
373,26,800.00,388.00,77.00,197.00,1.0,-1,-1,-1
373,27,0.00,0.00,0.00,0.00,1.0,-1,-1,-1
373,28,0.00,0.00,0.00,0.00,1.0,-1,-1,-1
373,29,0.00,0.00,0.00,0.00,1.0,-1,-1,-1
373,30,0.00,0.00,0.00,0.00,1.0,-1,-1,-1
373,31,721.00,758.00,87.00,216.00,1.0,-1,-1,-1
373,32,0.00,0.00,0.00,0.00,1.0,-1,-1,-1
373,33,1564.00,575.00,111.00,274.00,1.0,-1,-1,-1
373,34,0.00,0.00,0.00,0.00,1.0,-1,-1,-1
373,35,849.00,642.00,128.00,284.00,1.0,-1,-1,-1
373,36,0.00,0.00,0.00,0.00,1.0,-1,-1,-1
373,37,1527.00,310.00,42.00,166.00,1.0,-1,-1,-1
373,38,0.00,0.00,0.00,0.00,1.0,-1,-1,-1
373,39,1772.00,524.00,77.00,260.00,1.0,-1,-1,-1
373,40,1056.00,638.00,83.00,298.00,1.0,-1,-1,-1
373,41,1667.00,491.00,99.00,271.00,1.0,-1,-1,-1
373,42,1170.00,429.00,88.00,235.00,1.0,-1,-1,-1
373,43,1382.00,330.00,75.00,172.00,1.0,-1,-1,-1
374,0,1466.00,668.00,110.00,288.00,1.0,-1,-1,-1
374,1,0.00,0.00,0.00,0.00,1.0,-1,-1,-1
374,2,0.00,0.00,0.00,0.00,1.0,-1,-1,-1
374,3,0.00,0.00,0.00,0.00,1.0,-1,-1,-1
374,4,0.00,0.00,0.00,0.00,1.0,-1,-1,-1
374,5,0.00,0.00,0.00,0.00,1.0,-1,-1,-1
374,6,0.00,0.00,0.00,0.00,1.0,-1,-1,-1
374,7,0.00,0.00,0.00,0.00,1.0,-1,-1,-1
374,8,0.00,0.00,0.00,0.00,1.0,-1,-1,-1
374,9,0.00,0.00,0.00,0.00,1.0,-1,-1,-1
374,10,1102.00,496.00,53.00,220.00,1.0,-1,-1,-1
374,11,0.00,0.00,0.00,0.00,1.0,-1,-1,-1
374,12,0.00,0.00,0.00,0.00,1.0,-1,-1,-1
374,13,0.00,0.00,0.00,0.00,1.0,-1,-1,-1
374,14,0.00,0.00,0.00,0.00,1.0,-1,-1,-1
374,15,0.00,0.00,0.00,0.00,1.0,-1,-1,-1
374,16,0.00,0.00,0.00,0.00,1.0,-1,-1,-1
374,17,1808.00,572.00,105.00,283.00,1.0,-1,-1,-1
374,18,1799.00,1052.00,55.00,28.00,1.0,-1,-1,-1
374,19,1010.00,508.00,111.00,265.00,1.0,-1,-1,-1
374,20,0.00,0.00,0.00,0.00,1.0,-1,-1,-1
374,21,0.00,0.00,0.00,0.00,1.0,-1,-1,-1
374,22,1800.00,983.00,120.00,97.00,1.0,-1,-1,-1
374,23,0.00,0.00,0.00,0.00,1.0,-1,-1,-1
374,24,0.00,0.00,0.00,0.00,1.0,-1,-1,-1
374,25,0.00,0.00,0.00,0.00,1.0,-1,-1,-1
374,26,798.00,390.00,76.00,195.00,1.0,-1,-1,-1
374,27,0.00,0.00,0.00,0.00,1.0,-1,-1,-1
374,28,0.00,0.00,0.00,0.00,1.0,-1,-1,-1
374,29,0.00,0.00,0.00,0.00,1.0,-1,-1,-1
374,30,0.00,0.00,0.00,0.00,1.0,-1,-1,-1
374,31,720.00,759.00,86.00,221.00,1.0,-1,-1,-1
374,32,0.00,0.00,0.00,0.00,1.0,-1,-1,-1
374,33,1567.00,575.00,121.00,273.00,1.0,-1,-1,-1
374,34,0.00,0.00,0.00,0.00,1.0,-1,-1,-1
374,35,847.00,645.00,129.00,286.00,1.0,-1,-1,-1
374,36,0.00,0.00,0.00,0.00,1.0,-1,-1,-1
374,37,1527.00,310.00,42.00,166.00,1.0,-1,-1,-1
374,38,0.00,0.00,0.00,0.00,1.0,-1,-1,-1
374,39,1776.00,522.00,78.00,262.00,1.0,-1,-1,-1
374,40,1056.00,638.00,81.00,298.00,1.0,-1,-1,-1
374,41,1672.00,491.00,95.00,268.00,1.0,-1,-1,-1
374,42,1170.00,432.00,89.00,235.00,1.0,-1,-1,-1
374,43,1382.00,330.00,77.00,174.00,1.0,-1,-1,-1
375,0,1465.00,668.00,114.00,288.00,1.0,-1,-1,-1
375,1,0.00,0.00,0.00,0.00,1.0,-1,-1,-1
375,2,0.00,0.00,0.00,0.00,1.0,-1,-1,-1
375,3,0.00,0.00,0.00,0.00,1.0,-1,-1,-1
375,4,0.00,0.00,0.00,0.00,1.0,-1,-1,-1
375,5,0.00,0.00,0.00,0.00,1.0,-1,-1,-1
375,6,0.00,0.00,0.00,0.00,1.0,-1,-1,-1
375,7,0.00,0.00,0.00,0.00,1.0,-1,-1,-1
375,8,0.00,0.00,0.00,0.00,1.0,-1,-1,-1
375,9,0.00,0.00,0.00,0.00,1.0,-1,-1,-1
375,10,1102.00,496.00,53.00,220.00,1.0,-1,-1,-1
375,11,0.00,0.00,0.00,0.00,1.0,-1,-1,-1
375,12,0.00,0.00,0.00,0.00,1.0,-1,-1,-1
375,13,0.00,0.00,0.00,0.00,1.0,-1,-1,-1
375,14,0.00,0.00,0.00,0.00,1.0,-1,-1,-1
375,15,0.00,0.00,0.00,0.00,1.0,-1,-1,-1
375,16,0.00,0.00,0.00,0.00,1.0,-1,-1,-1
375,17,1825.00,571.00,89.00,285.00,1.0,-1,-1,-1
375,18,1805.00,1056.00,51.00,24.00,1.0,-1,-1,-1
375,19,1013.00,508.00,109.00,266.00,1.0,-1,-1,-1
375,20,0.00,0.00,0.00,0.00,1.0,-1,-1,-1
375,21,0.00,0.00,0.00,0.00,1.0,-1,-1,-1
375,22,1807.00,987.00,113.00,93.00,1.0,-1,-1,-1
375,23,0.00,0.00,0.00,0.00,1.0,-1,-1,-1
375,24,0.00,0.00,0.00,0.00,1.0,-1,-1,-1
375,25,0.00,0.00,0.00,0.00,1.0,-1,-1,-1
375,26,798.00,390.00,75.00,194.00,1.0,-1,-1,-1
375,27,0.00,0.00,0.00,0.00,1.0,-1,-1,-1
375,28,0.00,0.00,0.00,0.00,1.0,-1,-1,-1
375,29,0.00,0.00,0.00,0.00,1.0,-1,-1,-1
375,30,0.00,0.00,0.00,0.00,1.0,-1,-1,-1
375,31,718.00,760.00,87.00,221.00,1.0,-1,-1,-1
375,32,0.00,0.00,0.00,0.00,1.0,-1,-1,-1
375,33,1574.00,577.00,123.00,274.00,1.0,-1,-1,-1
375,34,0.00,0.00,0.00,0.00,1.0,-1,-1,-1
375,35,846.00,648.00,129.00,283.00,1.0,-1,-1,-1
375,36,0.00,0.00,0.00,0.00,1.0,-1,-1,-1
375,37,1528.00,309.00,41.00,167.00,1.0,-1,-1,-1
375,38,0.00,0.00,0.00,0.00,1.0,-1,-1,-1
375,39,1780.00,522.00,81.00,261.00,1.0,-1,-1,-1
375,40,1054.00,638.00,83.00,298.00,1.0,-1,-1,-1
375,41,1675.00,491.00,95.00,268.00,1.0,-1,-1,-1
375,42,1171.00,435.00,89.00,233.00,1.0,-1,-1,-1
375,43,1383.00,331.00,78.00,185.00,1.0,-1,-1,-1
376,0,1463.00,669.00,114.00,287.00,1.0,-1,-1,-1
376,1,0.00,0.00,0.00,0.00,1.0,-1,-1,-1
376,2,0.00,0.00,0.00,0.00,1.0,-1,-1,-1
376,3,0.00,0.00,0.00,0.00,1.0,-1,-1,-1
376,4,0.00,0.00,0.00,0.00,1.0,-1,-1,-1
376,5,0.00,0.00,0.00,0.00,1.0,-1,-1,-1
376,6,0.00,0.00,0.00,0.00,1.0,-1,-1,-1
376,7,0.00,0.00,0.00,0.00,1.0,-1,-1,-1
376,8,0.00,0.00,0.00,0.00,1.0,-1,-1,-1
376,9,0.00,0.00,0.00,0.00,1.0,-1,-1,-1
376,10,1102.00,496.00,53.00,219.00,1.0,-1,-1,-1
376,11,0.00,0.00,0.00,0.00,1.0,-1,-1,-1
376,12,0.00,0.00,0.00,0.00,1.0,-1,-1,-1
376,13,0.00,0.00,0.00,0.00,1.0,-1,-1,-1
376,14,0.00,0.00,0.00,0.00,1.0,-1,-1,-1
376,15,0.00,0.00,0.00,0.00,1.0,-1,-1,-1
376,16,0.00,0.00,0.00,0.00,1.0,-1,-1,-1
376,17,1847.00,572.00,73.00,284.00,1.0,-1,-1,-1
376,18,1819.00,1061.00,39.00,19.00,1.0,-1,-1,-1
376,19,1016.00,507.00,107.00,268.00,1.0,-1,-1,-1
376,20,0.00,0.00,0.00,0.00,1.0,-1,-1,-1
376,21,0.00,0.00,0.00,0.00,1.0,-1,-1,-1
376,22,1820.00,993.00,100.00,87.00,1.0,-1,-1,-1
376,23,0.00,0.00,0.00,0.00,1.0,-1,-1,-1
376,24,0.00,0.00,0.00,0.00,1.0,-1,-1,-1
376,25,0.00,0.00,0.00,0.00,1.0,-1,-1,-1
376,26,796.00,390.00,74.00,194.00,1.0,-1,-1,-1
376,27,0.00,0.00,0.00,0.00,1.0,-1,-1,-1
376,28,0.00,0.00,0.00,0.00,1.0,-1,-1,-1
376,29,0.00,0.00,0.00,0.00,1.0,-1,-1,-1
376,30,0.00,0.00,0.00,0.00,1.0,-1,-1,-1
376,31,717.00,760.00,90.00,223.00,1.0,-1,-1,-1
376,32,0.00,0.00,0.00,0.00,1.0,-1,-1,-1
376,33,1577.00,579.00,128.00,276.00,1.0,-1,-1,-1
376,34,0.00,0.00,0.00,0.00,1.0,-1,-1,-1
376,35,845.00,648.00,127.00,290.00,1.0,-1,-1,-1
376,36,0.00,0.00,0.00,0.00,1.0,-1,-1,-1
376,37,1527.00,310.00,42.00,166.00,1.0,-1,-1,-1
376,38,0.00,0.00,0.00,0.00,1.0,-1,-1,-1
376,39,1793.00,521.00,75.00,271.00,1.0,-1,-1,-1
376,40,1053.00,638.00,83.00,298.00,1.0,-1,-1,-1
376,41,1680.00,491.00,91.00,267.00,1.0,-1,-1,-1
376,42,1171.00,437.00,89.00,233.00,1.0,-1,-1,-1
376,43,1384.00,332.00,80.00,190.00,1.0,-1,-1,-1
377,0,1461.00,669.00,112.00,287.00,1.0,-1,-1,-1
377,1,0.00,0.00,0.00,0.00,1.0,-1,-1,-1
377,2,0.00,0.00,0.00,0.00,1.0,-1,-1,-1
377,3,0.00,0.00,0.00,0.00,1.0,-1,-1,-1
377,4,0.00,0.00,0.00,0.00,1.0,-1,-1,-1
377,5,0.00,0.00,0.00,0.00,1.0,-1,-1,-1
377,6,0.00,0.00,0.00,0.00,1.0,-1,-1,-1
377,7,0.00,0.00,0.00,0.00,1.0,-1,-1,-1
377,8,0.00,0.00,0.00,0.00,1.0,-1,-1,-1
377,9,0.00,0.00,0.00,0.00,1.0,-1,-1,-1
377,10,1102.00,496.00,53.00,220.00,1.0,-1,-1,-1
377,11,0.00,0.00,0.00,0.00,1.0,-1,-1,-1
377,12,0.00,0.00,0.00,0.00,1.0,-1,-1,-1
377,13,0.00,0.00,0.00,0.00,1.0,-1,-1,-1
377,14,0.00,0.00,0.00,0.00,1.0,-1,-1,-1
377,15,0.00,0.00,0.00,0.00,1.0,-1,-1,-1
377,16,0.00,0.00,0.00,0.00,1.0,-1,-1,-1
377,17,1853.00,574.00,67.00,285.00,1.0,-1,-1,-1
377,18,1839.00,1071.00,20.00,9.00,1.0,-1,-1,-1
377,19,1018.00,509.00,104.00,266.00,1.0,-1,-1,-1
377,20,0.00,0.00,0.00,0.00,1.0,-1,-1,-1
377,21,0.00,0.00,0.00,0.00,1.0,-1,-1,-1
377,22,1841.00,1000.00,79.00,80.00,1.0,-1,-1,-1
377,23,0.00,0.00,0.00,0.00,1.0,-1,-1,-1
377,24,0.00,0.00,0.00,0.00,1.0,-1,-1,-1
377,25,0.00,0.00,0.00,0.00,1.0,-1,-1,-1
377,26,795.00,393.00,75.00,189.00,1.0,-1,-1,-1
377,27,0.00,0.00,0.00,0.00,1.0,-1,-1,-1
377,28,0.00,0.00,0.00,0.00,1.0,-1,-1,-1
377,29,0.00,0.00,0.00,0.00,1.0,-1,-1,-1
377,30,0.00,0.00,0.00,0.00,1.0,-1,-1,-1
377,31,716.00,760.00,91.00,223.00,1.0,-1,-1,-1
377,32,0.00,0.00,0.00,0.00,1.0,-1,-1,-1
377,33,1578.00,580.00,128.00,275.00,1.0,-1,-1,-1
377,34,0.00,0.00,0.00,0.00,1.0,-1,-1,-1
377,35,845.00,651.00,126.00,289.00,1.0,-1,-1,-1
377,36,0.00,0.00,0.00,0.00,1.0,-1,-1,-1
377,37,1527.00,310.00,42.00,166.00,1.0,-1,-1,-1
377,38,0.00,0.00,0.00,0.00,1.0,-1,-1,-1
377,39,1798.00,522.00,77.00,270.00,1.0,-1,-1,-1
377,40,1045.00,638.00,90.00,298.00,1.0,-1,-1,-1
377,41,1683.00,493.00,91.00,265.00,1.0,-1,-1,-1
377,42,1172.00,438.00,87.00,233.00,1.0,-1,-1,-1
377,43,1385.00,334.00,81.00,192.00,1.0,-1,-1,-1
378,0,1460.00,668.00,142.00,287.00,1.0,-1,-1,-1
378,1,0.00,0.00,0.00,0.00,1.0,-1,-1,-1
378,2,0.00,0.00,0.00,0.00,1.0,-1,-1,-1
378,3,0.00,0.00,0.00,0.00,1.0,-1,-1,-1
378,4,0.00,0.00,0.00,0.00,1.0,-1,-1,-1
378,5,0.00,0.00,0.00,0.00,1.0,-1,-1,-1
378,6,0.00,0.00,0.00,0.00,1.0,-1,-1,-1
378,7,0.00,0.00,0.00,0.00,1.0,-1,-1,-1
378,8,0.00,0.00,0.00,0.00,1.0,-1,-1,-1
378,9,0.00,0.00,0.00,0.00,1.0,-1,-1,-1
378,10,1102.00,497.00,54.00,220.00,1.0,-1,-1,-1
378,11,0.00,0.00,0.00,0.00,1.0,-1,-1,-1
378,12,0.00,0.00,0.00,0.00,1.0,-1,-1,-1
378,13,0.00,0.00,0.00,0.00,1.0,-1,-1,-1
378,14,0.00,0.00,0.00,0.00,1.0,-1,-1,-1
378,15,0.00,0.00,0.00,0.00,1.0,-1,-1,-1
378,16,0.00,0.00,0.00,0.00,1.0,-1,-1,-1
378,17,1854.00,572.00,66.00,288.00,1.0,-1,-1,-1
378,18,0.00,0.00,0.00,0.00,1.0,-1,-1,-1
378,19,1020.00,507.00,104.00,268.00,1.0,-1,-1,-1
378,20,0.00,0.00,0.00,0.00,1.0,-1,-1,-1
378,21,0.00,0.00,0.00,0.00,1.0,-1,-1,-1
378,22,1855.00,1007.00,57.00,73.00,1.0,-1,-1,-1
378,23,0.00,0.00,0.00,0.00,1.0,-1,-1,-1
378,24,0.00,0.00,0.00,0.00,1.0,-1,-1,-1
378,25,0.00,0.00,0.00,0.00,1.0,-1,-1,-1
378,26,794.00,403.00,74.00,172.00,1.0,-1,-1,-1
378,27,0.00,0.00,0.00,0.00,1.0,-1,-1,-1
378,28,0.00,0.00,0.00,0.00,1.0,-1,-1,-1
378,29,0.00,0.00,0.00,0.00,1.0,-1,-1,-1
378,30,0.00,0.00,0.00,0.00,1.0,-1,-1,-1
378,31,716.00,760.00,91.00,223.00,1.0,-1,-1,-1
378,32,0.00,0.00,0.00,0.00,1.0,-1,-1,-1
378,33,1582.00,580.00,126.00,277.00,1.0,-1,-1,-1
378,34,0.00,0.00,0.00,0.00,1.0,-1,-1,-1
378,35,844.00,650.00,125.00,292.00,1.0,-1,-1,-1
378,36,0.00,0.00,0.00,0.00,1.0,-1,-1,-1
378,37,1528.00,309.00,41.00,165.00,1.0,-1,-1,-1
378,38,0.00,0.00,0.00,0.00,1.0,-1,-1,-1
378,39,1804.00,521.00,83.00,271.00,1.0,-1,-1,-1
378,40,1044.00,638.00,92.00,298.00,1.0,-1,-1,-1
378,41,1688.00,494.00,94.00,265.00,1.0,-1,-1,-1
378,42,1179.00,439.00,80.00,232.00,1.0,-1,-1,-1
378,43,1388.00,336.00,80.00,191.00,1.0,-1,-1,-1
379,0,1460.00,668.00,149.00,287.00,1.0,-1,-1,-1
379,1,0.00,0.00,0.00,0.00,1.0,-1,-1,-1
379,2,0.00,0.00,0.00,0.00,1.0,-1,-1,-1
379,3,0.00,0.00,0.00,0.00,1.0,-1,-1,-1
379,4,0.00,0.00,0.00,0.00,1.0,-1,-1,-1
379,5,0.00,0.00,0.00,0.00,1.0,-1,-1,-1
379,6,0.00,0.00,0.00,0.00,1.0,-1,-1,-1
379,7,0.00,0.00,0.00,0.00,1.0,-1,-1,-1
379,8,0.00,0.00,0.00,0.00,1.0,-1,-1,-1
379,9,0.00,0.00,0.00,0.00,1.0,-1,-1,-1
379,10,1103.00,496.00,53.00,220.00,1.0,-1,-1,-1
379,11,0.00,0.00,0.00,0.00,1.0,-1,-1,-1
379,12,0.00,0.00,0.00,0.00,1.0,-1,-1,-1
379,13,0.00,0.00,0.00,0.00,1.0,-1,-1,-1
379,14,0.00,0.00,0.00,0.00,1.0,-1,-1,-1
379,15,0.00,0.00,0.00,0.00,1.0,-1,-1,-1
379,16,0.00,0.00,0.00,0.00,1.0,-1,-1,-1
379,17,1857.00,573.00,63.00,282.00,1.0,-1,-1,-1
379,18,0.00,0.00,0.00,0.00,1.0,-1,-1,-1
379,19,1021.00,507.00,103.00,269.00,1.0,-1,-1,-1
379,20,0.00,0.00,0.00,0.00,1.0,-1,-1,-1
379,21,0.00,0.00,0.00,0.00,1.0,-1,-1,-1
379,22,1859.00,1013.00,61.00,67.00,1.0,-1,-1,-1
379,23,0.00,0.00,0.00,0.00,1.0,-1,-1,-1
379,24,0.00,0.00,0.00,0.00,1.0,-1,-1,-1
379,25,0.00,0.00,0.00,0.00,1.0,-1,-1,-1
379,26,794.00,394.00,75.00,180.00,1.0,-1,-1,-1
379,27,0.00,0.00,0.00,0.00,1.0,-1,-1,-1
379,28,0.00,0.00,0.00,0.00,1.0,-1,-1,-1
379,29,0.00,0.00,0.00,0.00,1.0,-1,-1,-1
379,30,0.00,0.00,0.00,0.00,1.0,-1,-1,-1
379,31,716.00,760.00,90.00,223.00,1.0,-1,-1,-1
379,32,0.00,0.00,0.00,0.00,1.0,-1,-1,-1
379,33,1585.00,581.00,123.00,278.00,1.0,-1,-1,-1
379,34,0.00,0.00,0.00,0.00,1.0,-1,-1,-1
379,35,846.00,652.00,123.00,290.00,1.0,-1,-1,-1
379,36,0.00,0.00,0.00,0.00,1.0,-1,-1,-1
379,37,1527.00,309.00,43.00,165.00,1.0,-1,-1,-1
379,38,0.00,0.00,0.00,0.00,1.0,-1,-1,-1
379,39,1809.00,521.00,86.00,273.00,1.0,-1,-1,-1
379,40,1043.00,639.00,92.00,296.00,1.0,-1,-1,-1
379,41,1691.00,493.00,95.00,266.00,1.0,-1,-1,-1
379,42,1182.00,439.00,79.00,234.00,1.0,-1,-1,-1
379,43,1390.00,337.00,81.00,192.00,1.0,-1,-1,-1
380,0,1459.00,667.00,137.00,287.00,1.0,-1,-1,-1
380,1,0.00,0.00,0.00,0.00,1.0,-1,-1,-1
380,2,0.00,0.00,0.00,0.00,1.0,-1,-1,-1
380,3,0.00,0.00,0.00,0.00,1.0,-1,-1,-1
380,4,0.00,0.00,0.00,0.00,1.0,-1,-1,-1
380,5,0.00,0.00,0.00,0.00,1.0,-1,-1,-1
380,6,0.00,0.00,0.00,0.00,1.0,-1,-1,-1
380,7,0.00,0.00,0.00,0.00,1.0,-1,-1,-1
380,8,0.00,0.00,0.00,0.00,1.0,-1,-1,-1
380,9,0.00,0.00,0.00,0.00,1.0,-1,-1,-1
380,10,1104.00,496.00,53.00,219.00,1.0,-1,-1,-1
380,11,0.00,0.00,0.00,0.00,1.0,-1,-1,-1
380,12,0.00,0.00,0.00,0.00,1.0,-1,-1,-1
380,13,0.00,0.00,0.00,0.00,1.0,-1,-1,-1
380,14,0.00,0.00,0.00,0.00,1.0,-1,-1,-1
380,15,0.00,0.00,0.00,0.00,1.0,-1,-1,-1
380,16,0.00,0.00,0.00,0.00,1.0,-1,-1,-1
380,17,1859.00,574.00,61.00,280.00,1.0,-1,-1,-1
380,18,0.00,0.00,0.00,0.00,1.0,-1,-1,-1
380,19,1022.00,508.00,101.00,268.00,1.0,-1,-1,-1
380,20,0.00,0.00,0.00,0.00,1.0,-1,-1,-1
380,21,0.00,0.00,0.00,0.00,1.0,-1,-1,-1
380,22,1868.00,1020.00,52.00,60.00,1.0,-1,-1,-1
380,23,0.00,0.00,0.00,0.00,1.0,-1,-1,-1
380,24,0.00,0.00,0.00,0.00,1.0,-1,-1,-1
380,25,0.00,0.00,0.00,0.00,1.0,-1,-1,-1
380,26,794.00,396.00,76.00,177.00,1.0,-1,-1,-1
380,27,0.00,0.00,0.00,0.00,1.0,-1,-1,-1
380,28,0.00,0.00,0.00,0.00,1.0,-1,-1,-1
380,29,0.00,0.00,0.00,0.00,1.0,-1,-1,-1
380,30,0.00,0.00,0.00,0.00,1.0,-1,-1,-1
380,31,716.00,760.00,90.00,224.00,1.0,-1,-1,-1
380,32,0.00,0.00,0.00,0.00,1.0,-1,-1,-1
380,33,1590.00,580.00,120.00,279.00,1.0,-1,-1,-1
380,34,0.00,0.00,0.00,0.00,1.0,-1,-1,-1
380,35,845.00,652.00,123.00,289.00,1.0,-1,-1,-1
380,36,0.00,0.00,0.00,0.00,1.0,-1,-1,-1
380,37,1528.00,309.00,42.00,164.00,1.0,-1,-1,-1
380,38,0.00,0.00,0.00,0.00,1.0,-1,-1,-1
380,39,1815.00,520.00,88.00,272.00,1.0,-1,-1,-1
380,40,1043.00,640.00,91.00,298.00,1.0,-1,-1,-1
380,41,1697.00,490.00,93.00,268.00,1.0,-1,-1,-1
380,42,1183.00,438.00,79.00,233.00,1.0,-1,-1,-1
380,43,1391.00,338.00,83.00,192.00,1.0,-1,-1,-1
381,0,1457.00,667.00,135.00,287.00,1.0,-1,-1,-1
381,1,0.00,0.00,0.00,0.00,1.0,-1,-1,-1
381,2,0.00,0.00,0.00,0.00,1.0,-1,-1,-1
381,3,0.00,0.00,0.00,0.00,1.0,-1,-1,-1
381,4,0.00,0.00,0.00,0.00,1.0,-1,-1,-1
381,5,0.00,0.00,0.00,0.00,1.0,-1,-1,-1
381,6,0.00,0.00,0.00,0.00,1.0,-1,-1,-1
381,7,0.00,0.00,0.00,0.00,1.0,-1,-1,-1
381,8,0.00,0.00,0.00,0.00,1.0,-1,-1,-1
381,9,0.00,0.00,0.00,0.00,1.0,-1,-1,-1
381,10,1104.00,496.00,53.00,220.00,1.0,-1,-1,-1
381,11,0.00,0.00,0.00,0.00,1.0,-1,-1,-1
381,12,0.00,0.00,0.00,0.00,1.0,-1,-1,-1
381,13,0.00,0.00,0.00,0.00,1.0,-1,-1,-1
381,14,0.00,0.00,0.00,0.00,1.0,-1,-1,-1
381,15,0.00,0.00,0.00,0.00,1.0,-1,-1,-1
381,16,0.00,0.00,0.00,0.00,1.0,-1,-1,-1
381,17,1863.00,584.00,57.00,270.00,1.0,-1,-1,-1
381,18,0.00,0.00,0.00,0.00,1.0,-1,-1,-1
381,19,1022.00,507.00,101.00,271.00,1.0,-1,-1,-1
381,20,0.00,0.00,0.00,0.00,1.0,-1,-1,-1
381,21,0.00,0.00,0.00,0.00,1.0,-1,-1,-1
381,22,1876.00,1021.00,44.00,59.00,1.0,-1,-1,-1
381,23,0.00,0.00,0.00,0.00,1.0,-1,-1,-1
381,24,0.00,0.00,0.00,0.00,1.0,-1,-1,-1
381,25,0.00,0.00,0.00,0.00,1.0,-1,-1,-1
381,26,793.00,394.00,76.00,179.00,1.0,-1,-1,-1
381,27,0.00,0.00,0.00,0.00,1.0,-1,-1,-1
381,28,0.00,0.00,0.00,0.00,1.0,-1,-1,-1
381,29,0.00,0.00,0.00,0.00,1.0,-1,-1,-1
381,30,0.00,0.00,0.00,0.00,1.0,-1,-1,-1
381,31,715.00,759.00,89.00,224.00,1.0,-1,-1,-1
381,32,0.00,0.00,0.00,0.00,1.0,-1,-1,-1
381,33,1606.00,579.00,106.00,280.00,1.0,-1,-1,-1
381,34,0.00,0.00,0.00,0.00,1.0,-1,-1,-1
381,35,846.00,653.00,120.00,288.00,1.0,-1,-1,-1
381,36,0.00,0.00,0.00,0.00,1.0,-1,-1,-1
381,37,1528.00,308.00,42.00,165.00,1.0,-1,-1,-1
381,38,0.00,0.00,0.00,0.00,1.0,-1,-1,-1
381,39,1820.00,522.00,89.00,267.00,1.0,-1,-1,-1
381,40,1042.00,640.00,91.00,302.00,1.0,-1,-1,-1
381,41,1700.00,489.00,91.00,268.00,1.0,-1,-1,-1
381,42,1183.00,438.00,81.00,234.00,1.0,-1,-1,-1
381,43,1393.00,338.00,82.00,193.00,1.0,-1,-1,-1
382,0,1458.00,667.00,134.00,287.00,1.0,-1,-1,-1
382,1,0.00,0.00,0.00,0.00,1.0,-1,-1,-1
382,2,0.00,0.00,0.00,0.00,1.0,-1,-1,-1
382,3,0.00,0.00,0.00,0.00,1.0,-1,-1,-1
382,4,0.00,0.00,0.00,0.00,1.0,-1,-1,-1
382,5,0.00,0.00,0.00,0.00,1.0,-1,-1,-1
382,6,0.00,0.00,0.00,0.00,1.0,-1,-1,-1
382,7,0.00,0.00,0.00,0.00,1.0,-1,-1,-1
382,8,0.00,0.00,0.00,0.00,1.0,-1,-1,-1
382,9,0.00,0.00,0.00,0.00,1.0,-1,-1,-1
382,10,1105.00,496.00,54.00,221.00,1.0,-1,-1,-1
382,11,0.00,0.00,0.00,0.00,1.0,-1,-1,-1
382,12,0.00,0.00,0.00,0.00,1.0,-1,-1,-1
382,13,0.00,0.00,0.00,0.00,1.0,-1,-1,-1
382,14,0.00,0.00,0.00,0.00,1.0,-1,-1,-1
382,15,0.00,0.00,0.00,0.00,1.0,-1,-1,-1
382,16,0.00,0.00,0.00,0.00,1.0,-1,-1,-1
382,17,1868.00,614.00,52.00,239.00,1.0,-1,-1,-1
382,18,0.00,0.00,0.00,0.00,1.0,-1,-1,-1
382,19,1022.00,506.00,101.00,272.00,1.0,-1,-1,-1
382,20,0.00,0.00,0.00,0.00,1.0,-1,-1,-1
382,21,0.00,0.00,0.00,0.00,1.0,-1,-1,-1
382,22,1886.00,1021.00,34.00,59.00,1.0,-1,-1,-1
382,23,0.00,0.00,0.00,0.00,1.0,-1,-1,-1
382,24,0.00,0.00,0.00,0.00,1.0,-1,-1,-1
382,25,0.00,0.00,0.00,0.00,1.0,-1,-1,-1
382,26,792.00,390.00,79.00,184.00,1.0,-1,-1,-1
382,27,0.00,0.00,0.00,0.00,1.0,-1,-1,-1
382,28,0.00,0.00,0.00,0.00,1.0,-1,-1,-1
382,29,0.00,0.00,0.00,0.00,1.0,-1,-1,-1
382,30,0.00,0.00,0.00,0.00,1.0,-1,-1,-1
382,31,715.00,759.00,88.00,224.00,1.0,-1,-1,-1
382,32,0.00,0.00,0.00,0.00,1.0,-1,-1,-1
382,33,1621.00,578.00,102.00,281.00,1.0,-1,-1,-1
382,34,0.00,0.00,0.00,0.00,1.0,-1,-1,-1
382,35,847.00,654.00,118.00,287.00,1.0,-1,-1,-1
382,36,0.00,0.00,0.00,0.00,1.0,-1,-1,-1
382,37,1529.00,308.00,42.00,165.00,1.0,-1,-1,-1
382,38,0.00,0.00,0.00,0.00,1.0,-1,-1,-1
382,39,1826.00,523.00,94.00,265.00,1.0,-1,-1,-1
382,40,1044.00,640.00,89.00,307.00,1.0,-1,-1,-1
382,41,1705.00,492.00,89.00,265.00,1.0,-1,-1,-1
382,42,1185.00,437.00,82.00,235.00,1.0,-1,-1,-1
382,43,1395.00,338.00,81.00,194.00,1.0,-1,-1,-1
383,0,1454.00,667.00,137.00,287.00,1.0,-1,-1,-1
383,1,0.00,0.00,0.00,0.00,1.0,-1,-1,-1
383,2,0.00,0.00,0.00,0.00,1.0,-1,-1,-1
383,3,0.00,0.00,0.00,0.00,1.0,-1,-1,-1
383,4,0.00,0.00,0.00,0.00,1.0,-1,-1,-1
383,5,0.00,0.00,0.00,0.00,1.0,-1,-1,-1
383,6,0.00,0.00,0.00,0.00,1.0,-1,-1,-1
383,7,0.00,0.00,0.00,0.00,1.0,-1,-1,-1
383,8,0.00,0.00,0.00,0.00,1.0,-1,-1,-1
383,9,0.00,0.00,0.00,0.00,1.0,-1,-1,-1
383,10,1105.00,496.00,53.00,222.00,1.0,-1,-1,-1
383,11,0.00,0.00,0.00,0.00,1.0,-1,-1,-1
383,12,0.00,0.00,0.00,0.00,1.0,-1,-1,-1
383,13,0.00,0.00,0.00,0.00,1.0,-1,-1,-1
383,14,0.00,0.00,0.00,0.00,1.0,-1,-1,-1
383,15,0.00,0.00,0.00,0.00,1.0,-1,-1,-1
383,16,0.00,0.00,0.00,0.00,1.0,-1,-1,-1
383,17,1873.00,627.00,47.00,226.00,1.0,-1,-1,-1
383,18,0.00,0.00,0.00,0.00,1.0,-1,-1,-1
383,19,1022.00,507.00,101.00,276.00,1.0,-1,-1,-1
383,20,0.00,0.00,0.00,0.00,1.0,-1,-1,-1
383,21,0.00,0.00,0.00,0.00,1.0,-1,-1,-1
383,22,1895.00,1025.00,25.00,55.00,1.0,-1,-1,-1
383,23,0.00,0.00,0.00,0.00,1.0,-1,-1,-1
383,24,0.00,0.00,0.00,0.00,1.0,-1,-1,-1
383,25,0.00,0.00,0.00,0.00,1.0,-1,-1,-1
383,26,793.00,395.00,78.00,179.00,1.0,-1,-1,-1
383,27,0.00,0.00,0.00,0.00,1.0,-1,-1,-1
383,28,0.00,0.00,0.00,0.00,1.0,-1,-1,-1
383,29,0.00,0.00,0.00,0.00,1.0,-1,-1,-1
383,30,0.00,0.00,0.00,0.00,1.0,-1,-1,-1
383,31,715.00,759.00,86.00,228.00,1.0,-1,-1,-1
383,32,0.00,0.00,0.00,0.00,1.0,-1,-1,-1
383,33,1634.00,579.00,93.00,279.00,1.0,-1,-1,-1
383,34,0.00,0.00,0.00,0.00,1.0,-1,-1,-1
383,35,845.00,655.00,117.00,287.00,1.0,-1,-1,-1
383,36,0.00,0.00,0.00,0.00,1.0,-1,-1,-1
383,37,1530.00,308.00,40.00,163.00,1.0,-1,-1,-1
383,38,0.00,0.00,0.00,0.00,1.0,-1,-1,-1
383,39,1831.00,526.00,89.00,263.00,1.0,-1,-1,-1
383,40,1045.00,647.00,88.00,304.00,1.0,-1,-1,-1
383,41,1709.00,493.00,90.00,264.00,1.0,-1,-1,-1
383,42,1189.00,437.00,81.00,235.00,1.0,-1,-1,-1
383,43,1397.00,337.00,81.00,193.00,1.0,-1,-1,-1
384,0,1453.00,667.00,136.00,288.00,1.0,-1,-1,-1
384,1,0.00,0.00,0.00,0.00,1.0,-1,-1,-1
384,2,0.00,0.00,0.00,0.00,1.0,-1,-1,-1
384,3,0.00,0.00,0.00,0.00,1.0,-1,-1,-1
384,4,0.00,0.00,0.00,0.00,1.0,-1,-1,-1
384,5,0.00,0.00,0.00,0.00,1.0,-1,-1,-1
384,6,0.00,0.00,0.00,0.00,1.0,-1,-1,-1
384,7,0.00,0.00,0.00,0.00,1.0,-1,-1,-1
384,8,0.00,0.00,0.00,0.00,1.0,-1,-1,-1
384,9,0.00,0.00,0.00,0.00,1.0,-1,-1,-1
384,10,1105.00,496.00,54.00,222.00,1.0,-1,-1,-1
384,11,0.00,0.00,0.00,0.00,1.0,-1,-1,-1
384,12,0.00,0.00,0.00,0.00,1.0,-1,-1,-1
384,13,0.00,0.00,0.00,0.00,1.0,-1,-1,-1
384,14,0.00,0.00,0.00,0.00,1.0,-1,-1,-1
384,15,0.00,0.00,0.00,0.00,1.0,-1,-1,-1
384,16,0.00,0.00,0.00,0.00,1.0,-1,-1,-1
384,17,1880.00,640.00,40.00,213.00,1.0,-1,-1,-1
384,18,0.00,0.00,0.00,0.00,1.0,-1,-1,-1
384,19,1022.00,506.00,101.00,278.00,1.0,-1,-1,-1
384,20,0.00,0.00,0.00,0.00,1.0,-1,-1,-1
384,21,0.00,0.00,0.00,0.00,1.0,-1,-1,-1
384,22,1906.00,1031.00,14.00,49.00,1.0,-1,-1,-1
384,23,0.00,0.00,0.00,0.00,1.0,-1,-1,-1
384,24,0.00,0.00,0.00,0.00,1.0,-1,-1,-1
384,25,0.00,0.00,0.00,0.00,1.0,-1,-1,-1
384,26,795.00,392.00,78.00,182.00,1.0,-1,-1,-1
384,27,0.00,0.00,0.00,0.00,1.0,-1,-1,-1
384,28,0.00,0.00,0.00,0.00,1.0,-1,-1,-1
384,29,0.00,0.00,0.00,0.00,1.0,-1,-1,-1
384,30,0.00,0.00,0.00,0.00,1.0,-1,-1,-1
384,31,714.00,761.00,85.00,228.00,1.0,-1,-1,-1
384,32,0.00,0.00,0.00,0.00,1.0,-1,-1,-1
384,33,1643.00,577.00,90.00,282.00,1.0,-1,-1,-1
384,34,0.00,0.00,0.00,0.00,1.0,-1,-1,-1
384,35,847.00,656.00,114.00,286.00,1.0,-1,-1,-1
384,36,0.00,0.00,0.00,0.00,1.0,-1,-1,-1
384,37,1531.00,308.00,40.00,164.00,1.0,-1,-1,-1
384,38,0.00,0.00,0.00,0.00,1.0,-1,-1,-1
384,39,1840.00,529.00,80.00,260.00,1.0,-1,-1,-1
384,40,1045.00,649.00,89.00,303.00,1.0,-1,-1,-1
384,41,1714.00,493.00,98.00,266.00,1.0,-1,-1,-1
384,42,1190.00,438.00,83.00,234.00,1.0,-1,-1,-1
384,43,1402.00,336.00,79.00,192.00,1.0,-1,-1,-1
385,0,1452.00,667.00,135.00,288.00,1.0,-1,-1,-1
385,1,0.00,0.00,0.00,0.00,1.0,-1,-1,-1
385,2,0.00,0.00,0.00,0.00,1.0,-1,-1,-1
385,3,0.00,0.00,0.00,0.00,1.0,-1,-1,-1
385,4,0.00,0.00,0.00,0.00,1.0,-1,-1,-1
385,5,0.00,0.00,0.00,0.00,1.0,-1,-1,-1
385,6,0.00,0.00,0.00,0.00,1.0,-1,-1,-1
385,7,0.00,0.00,0.00,0.00,1.0,-1,-1,-1
385,8,0.00,0.00,0.00,0.00,1.0,-1,-1,-1
385,9,0.00,0.00,0.00,0.00,1.0,-1,-1,-1
385,10,1105.00,496.00,54.00,223.00,1.0,-1,-1,-1
385,11,0.00,0.00,0.00,0.00,1.0,-1,-1,-1
385,12,0.00,0.00,0.00,0.00,1.0,-1,-1,-1
385,13,0.00,0.00,0.00,0.00,1.0,-1,-1,-1
385,14,0.00,0.00,0.00,0.00,1.0,-1,-1,-1
385,15,0.00,0.00,0.00,0.00,1.0,-1,-1,-1
385,16,0.00,0.00,0.00,0.00,1.0,-1,-1,-1
385,17,1888.00,677.00,32.00,177.00,1.0,-1,-1,-1
385,18,0.00,0.00,0.00,0.00,1.0,-1,-1,-1
385,19,1021.00,507.00,103.00,278.00,1.0,-1,-1,-1
385,20,0.00,0.00,0.00,0.00,1.0,-1,-1,-1
385,21,0.00,0.00,0.00,0.00,1.0,-1,-1,-1
385,22,1912.00,1047.00,8.00,33.00,1.0,-1,-1,-1
385,23,0.00,0.00,0.00,0.00,1.0,-1,-1,-1
385,24,0.00,0.00,0.00,0.00,1.0,-1,-1,-1
385,25,0.00,0.00,0.00,0.00,1.0,-1,-1,-1
385,26,795.00,396.00,77.00,179.00,1.0,-1,-1,-1
385,27,0.00,0.00,0.00,0.00,1.0,-1,-1,-1
385,28,0.00,0.00,0.00,0.00,1.0,-1,-1,-1
385,29,0.00,0.00,0.00,0.00,1.0,-1,-1,-1
385,30,0.00,0.00,0.00,0.00,1.0,-1,-1,-1
385,31,714.00,763.00,85.00,225.00,1.0,-1,-1,-1
385,32,0.00,0.00,0.00,0.00,1.0,-1,-1,-1
385,33,1645.00,578.00,93.00,284.00,1.0,-1,-1,-1
385,34,0.00,0.00,0.00,0.00,1.0,-1,-1,-1
385,35,847.00,656.00,113.00,286.00,1.0,-1,-1,-1
385,36,0.00,0.00,0.00,0.00,1.0,-1,-1,-1
385,37,1532.00,308.00,39.00,164.00,1.0,-1,-1,-1
385,38,0.00,0.00,0.00,0.00,1.0,-1,-1,-1
385,39,1846.00,531.00,74.00,259.00,1.0,-1,-1,-1
385,40,1045.00,651.00,88.00,303.00,1.0,-1,-1,-1
385,41,1719.00,495.00,107.00,266.00,1.0,-1,-1,-1
385,42,1193.00,439.00,83.00,232.00,1.0,-1,-1,-1
385,43,1405.00,335.00,77.00,190.00,1.0,-1,-1,-1
386,0,1453.00,666.00,131.00,288.00,1.0,-1,-1,-1
386,1,0.00,0.00,0.00,0.00,1.0,-1,-1,-1
386,2,0.00,0.00,0.00,0.00,1.0,-1,-1,-1
386,3,0.00,0.00,0.00,0.00,1.0,-1,-1,-1
386,4,0.00,0.00,0.00,0.00,1.0,-1,-1,-1
386,5,0.00,0.00,0.00,0.00,1.0,-1,-1,-1
386,6,0.00,0.00,0.00,0.00,1.0,-1,-1,-1
386,7,0.00,0.00,0.00,0.00,1.0,-1,-1,-1
386,8,0.00,0.00,0.00,0.00,1.0,-1,-1,-1
386,9,0.00,0.00,0.00,0.00,1.0,-1,-1,-1
386,10,1106.00,496.00,53.00,223.00,1.0,-1,-1,-1
386,11,0.00,0.00,0.00,0.00,1.0,-1,-1,-1
386,12,0.00,0.00,0.00,0.00,1.0,-1,-1,-1
386,13,0.00,0.00,0.00,0.00,1.0,-1,-1,-1
386,14,0.00,0.00,0.00,0.00,1.0,-1,-1,-1
386,15,0.00,0.00,0.00,0.00,1.0,-1,-1,-1
386,16,0.00,0.00,0.00,0.00,1.0,-1,-1,-1
386,17,1901.00,799.00,19.00,47.00,1.0,-1,-1,-1
386,18,0.00,0.00,0.00,0.00,1.0,-1,-1,-1
386,19,1021.00,507.00,104.00,284.00,1.0,-1,-1,-1
386,20,0.00,0.00,0.00,0.00,1.0,-1,-1,-1
386,21,0.00,0.00,0.00,0.00,1.0,-1,-1,-1
386,22,0.00,0.00,0.00,0.00,1.0,-1,-1,-1
386,23,0.00,0.00,0.00,0.00,1.0,-1,-1,-1
386,24,0.00,0.00,0.00,0.00,1.0,-1,-1,-1
386,25,0.00,0.00,0.00,0.00,1.0,-1,-1,-1
386,26,794.00,386.00,80.00,189.00,1.0,-1,-1,-1
386,27,0.00,0.00,0.00,0.00,1.0,-1,-1,-1
386,28,0.00,0.00,0.00,0.00,1.0,-1,-1,-1
386,29,0.00,0.00,0.00,0.00,1.0,-1,-1,-1
386,30,0.00,0.00,0.00,0.00,1.0,-1,-1,-1
386,31,713.00,764.00,86.00,224.00,1.0,-1,-1,-1
386,32,0.00,0.00,0.00,0.00,1.0,-1,-1,-1
386,33,1650.00,579.00,96.00,284.00,1.0,-1,-1,-1
386,34,0.00,0.00,0.00,0.00,1.0,-1,-1,-1
386,35,847.00,658.00,111.00,284.00,1.0,-1,-1,-1
386,36,0.00,0.00,0.00,0.00,1.0,-1,-1,-1
386,37,1532.00,308.00,39.00,165.00,1.0,-1,-1,-1
386,38,0.00,0.00,0.00,0.00,1.0,-1,-1,-1
386,39,1847.00,533.00,73.00,257.00,1.0,-1,-1,-1
386,40,1045.00,654.00,88.00,303.00,1.0,-1,-1,-1
386,41,1724.00,497.00,108.00,265.00,1.0,-1,-1,-1
386,42,1194.00,440.00,85.00,237.00,1.0,-1,-1,-1
386,43,1408.00,334.00,76.00,190.00,1.0,-1,-1,-1
387,0,1450.00,667.00,130.00,289.00,1.0,-1,-1,-1
387,1,0.00,0.00,0.00,0.00,1.0,-1,-1,-1
387,2,0.00,0.00,0.00,0.00,1.0,-1,-1,-1
387,3,0.00,0.00,0.00,0.00,1.0,-1,-1,-1
387,4,0.00,0.00,0.00,0.00,1.0,-1,-1,-1
387,5,0.00,0.00,0.00,0.00,1.0,-1,-1,-1
387,6,0.00,0.00,0.00,0.00,1.0,-1,-1,-1
387,7,0.00,0.00,0.00,0.00,1.0,-1,-1,-1
387,8,0.00,0.00,0.00,0.00,1.0,-1,-1,-1
387,9,0.00,0.00,0.00,0.00,1.0,-1,-1,-1
387,10,1106.00,496.00,53.00,224.00,1.0,-1,-1,-1
387,11,0.00,0.00,0.00,0.00,1.0,-1,-1,-1
387,12,0.00,0.00,0.00,0.00,1.0,-1,-1,-1
387,13,0.00,0.00,0.00,0.00,1.0,-1,-1,-1
387,14,0.00,0.00,0.00,0.00,1.0,-1,-1,-1
387,15,0.00,0.00,0.00,0.00,1.0,-1,-1,-1
387,16,0.00,0.00,0.00,0.00,1.0,-1,-1,-1
387,17,0.00,0.00,0.00,0.00,1.0,-1,-1,-1
387,18,0.00,0.00,0.00,0.00,1.0,-1,-1,-1
387,19,1018.00,507.00,106.00,284.00,1.0,-1,-1,-1
387,20,0.00,0.00,0.00,0.00,1.0,-1,-1,-1
387,21,0.00,0.00,0.00,0.00,1.0,-1,-1,-1
387,22,0.00,0.00,0.00,0.00,1.0,-1,-1,-1
387,23,0.00,0.00,0.00,0.00,1.0,-1,-1,-1
387,24,0.00,0.00,0.00,0.00,1.0,-1,-1,-1
387,25,0.00,0.00,0.00,0.00,1.0,-1,-1,-1
387,26,793.00,393.00,79.00,183.00,1.0,-1,-1,-1
387,27,0.00,0.00,0.00,0.00,1.0,-1,-1,-1
387,28,0.00,0.00,0.00,0.00,1.0,-1,-1,-1
387,29,0.00,0.00,0.00,0.00,1.0,-1,-1,-1
387,30,0.00,0.00,0.00,0.00,1.0,-1,-1,-1
387,31,711.00,767.00,86.00,226.00,1.0,-1,-1,-1
387,32,0.00,0.00,0.00,0.00,1.0,-1,-1,-1
387,33,1653.00,581.00,112.00,281.00,1.0,-1,-1,-1
387,34,0.00,0.00,0.00,0.00,1.0,-1,-1,-1
387,35,844.00,659.00,111.00,287.00,1.0,-1,-1,-1
387,36,0.00,0.00,0.00,0.00,1.0,-1,-1,-1
387,37,1532.00,309.00,39.00,164.00,1.0,-1,-1,-1
387,38,0.00,0.00,0.00,0.00,1.0,-1,-1,-1
387,39,1849.00,534.00,71.00,258.00,1.0,-1,-1,-1
387,40,1045.00,655.00,88.00,303.00,1.0,-1,-1,-1
387,41,1731.00,497.00,99.00,269.00,1.0,-1,-1,-1
387,42,1196.00,441.00,84.00,241.00,1.0,-1,-1,-1
387,43,1409.00,334.00,75.00,183.00,1.0,-1,-1,-1
388,0,1448.00,667.00,128.00,289.00,1.0,-1,-1,-1
388,1,0.00,0.00,0.00,0.00,1.0,-1,-1,-1
388,2,0.00,0.00,0.00,0.00,1.0,-1,-1,-1
388,3,0.00,0.00,0.00,0.00,1.0,-1,-1,-1
388,4,0.00,0.00,0.00,0.00,1.0,-1,-1,-1
388,5,0.00,0.00,0.00,0.00,1.0,-1,-1,-1
388,6,0.00,0.00,0.00,0.00,1.0,-1,-1,-1
388,7,0.00,0.00,0.00,0.00,1.0,-1,-1,-1
388,8,0.00,0.00,0.00,0.00,1.0,-1,-1,-1
388,9,0.00,0.00,0.00,0.00,1.0,-1,-1,-1
388,10,1105.00,498.00,54.00,222.00,1.0,-1,-1,-1
388,11,0.00,0.00,0.00,0.00,1.0,-1,-1,-1
388,12,0.00,0.00,0.00,0.00,1.0,-1,-1,-1
388,13,0.00,0.00,0.00,0.00,1.0,-1,-1,-1
388,14,0.00,0.00,0.00,0.00,1.0,-1,-1,-1
388,15,0.00,0.00,0.00,0.00,1.0,-1,-1,-1
388,16,0.00,0.00,0.00,0.00,1.0,-1,-1,-1
388,17,0.00,0.00,0.00,0.00,1.0,-1,-1,-1
388,18,0.00,0.00,0.00,0.00,1.0,-1,-1,-1
388,19,1017.00,508.00,105.00,284.00,1.0,-1,-1,-1
388,20,0.00,0.00,0.00,0.00,1.0,-1,-1,-1
388,21,0.00,0.00,0.00,0.00,1.0,-1,-1,-1
388,22,0.00,0.00,0.00,0.00,1.0,-1,-1,-1
388,23,0.00,0.00,0.00,0.00,1.0,-1,-1,-1
388,24,0.00,0.00,0.00,0.00,1.0,-1,-1,-1
388,25,0.00,0.00,0.00,0.00,1.0,-1,-1,-1
388,26,793.00,386.00,80.00,190.00,1.0,-1,-1,-1
388,27,0.00,0.00,0.00,0.00,1.0,-1,-1,-1
388,28,0.00,0.00,0.00,0.00,1.0,-1,-1,-1
388,29,0.00,0.00,0.00,0.00,1.0,-1,-1,-1
388,30,0.00,0.00,0.00,0.00,1.0,-1,-1,-1
388,31,709.00,770.00,87.00,230.00,1.0,-1,-1,-1
388,32,0.00,0.00,0.00,0.00,1.0,-1,-1,-1
388,33,1665.00,584.00,113.00,279.00,1.0,-1,-1,-1
388,34,0.00,0.00,0.00,0.00,1.0,-1,-1,-1
388,35,841.00,662.00,112.00,288.00,1.0,-1,-1,-1
388,36,0.00,0.00,0.00,0.00,1.0,-1,-1,-1
388,37,1531.00,309.00,39.00,165.00,1.0,-1,-1,-1
388,38,0.00,0.00,0.00,0.00,1.0,-1,-1,-1
388,39,1856.00,536.00,64.00,257.00,1.0,-1,-1,-1
388,40,1044.00,657.00,88.00,302.00,1.0,-1,-1,-1
388,41,1737.00,498.00,92.00,270.00,1.0,-1,-1,-1
388,42,1196.00,443.00,85.00,236.00,1.0,-1,-1,-1
388,43,1409.00,335.00,76.00,186.00,1.0,-1,-1,-1
389,0,1444.00,666.00,130.00,290.00,1.0,-1,-1,-1
389,1,0.00,0.00,0.00,0.00,1.0,-1,-1,-1
389,2,0.00,0.00,0.00,0.00,1.0,-1,-1,-1
389,3,0.00,0.00,0.00,0.00,1.0,-1,-1,-1
389,4,0.00,0.00,0.00,0.00,1.0,-1,-1,-1
389,5,0.00,0.00,0.00,0.00,1.0,-1,-1,-1
389,6,0.00,0.00,0.00,0.00,1.0,-1,-1,-1
389,7,0.00,0.00,0.00,0.00,1.0,-1,-1,-1
389,8,0.00,0.00,0.00,0.00,1.0,-1,-1,-1
389,9,0.00,0.00,0.00,0.00,1.0,-1,-1,-1
389,10,1105.00,496.00,55.00,223.00,1.0,-1,-1,-1
389,11,0.00,0.00,0.00,0.00,1.0,-1,-1,-1
389,12,0.00,0.00,0.00,0.00,1.0,-1,-1,-1
389,13,0.00,0.00,0.00,0.00,1.0,-1,-1,-1
389,14,0.00,0.00,0.00,0.00,1.0,-1,-1,-1
389,15,0.00,0.00,0.00,0.00,1.0,-1,-1,-1
389,16,0.00,0.00,0.00,0.00,1.0,-1,-1,-1
389,17,0.00,0.00,0.00,0.00,1.0,-1,-1,-1
389,18,0.00,0.00,0.00,0.00,1.0,-1,-1,-1
389,19,1017.00,507.00,106.00,281.00,1.0,-1,-1,-1
389,20,0.00,0.00,0.00,0.00,1.0,-1,-1,-1
389,21,0.00,0.00,0.00,0.00,1.0,-1,-1,-1
389,22,0.00,0.00,0.00,0.00,1.0,-1,-1,-1
389,23,0.00,0.00,0.00,0.00,1.0,-1,-1,-1
389,24,0.00,0.00,0.00,0.00,1.0,-1,-1,-1
389,25,0.00,0.00,0.00,0.00,1.0,-1,-1,-1
389,26,796.00,391.00,78.00,185.00,1.0,-1,-1,-1
389,27,0.00,0.00,0.00,0.00,1.0,-1,-1,-1
389,28,0.00,0.00,0.00,0.00,1.0,-1,-1,-1
389,29,0.00,0.00,0.00,0.00,1.0,-1,-1,-1
389,30,0.00,0.00,0.00,0.00,1.0,-1,-1,-1
389,31,708.00,773.00,87.00,232.00,1.0,-1,-1,-1
389,32,0.00,0.00,0.00,0.00,1.0,-1,-1,-1
389,33,1672.00,587.00,113.00,280.00,1.0,-1,-1,-1
389,34,0.00,0.00,0.00,0.00,1.0,-1,-1,-1
389,35,840.00,665.00,112.00,287.00,1.0,-1,-1,-1
389,36,0.00,0.00,0.00,0.00,1.0,-1,-1,-1
389,37,1531.00,309.00,40.00,165.00,1.0,-1,-1,-1
389,38,0.00,0.00,0.00,0.00,1.0,-1,-1,-1
389,39,1863.00,536.00,57.00,256.00,1.0,-1,-1,-1
389,40,1043.00,657.00,90.00,301.00,1.0,-1,-1,-1
389,41,1742.00,498.00,89.00,270.00,1.0,-1,-1,-1
389,42,1196.00,443.00,90.00,237.00,1.0,-1,-1,-1
389,43,1412.00,335.00,75.00,188.00,1.0,-1,-1,-1
390,0,1443.00,664.00,129.00,291.00,1.0,-1,-1,-1
390,1,0.00,0.00,0.00,0.00,1.0,-1,-1,-1
390,2,0.00,0.00,0.00,0.00,1.0,-1,-1,-1
390,3,0.00,0.00,0.00,0.00,1.0,-1,-1,-1
390,4,0.00,0.00,0.00,0.00,1.0,-1,-1,-1
390,5,0.00,0.00,0.00,0.00,1.0,-1,-1,-1
390,6,0.00,0.00,0.00,0.00,1.0,-1,-1,-1
390,7,0.00,0.00,0.00,0.00,1.0,-1,-1,-1
390,8,0.00,0.00,0.00,0.00,1.0,-1,-1,-1
390,9,0.00,0.00,0.00,0.00,1.0,-1,-1,-1
390,10,1105.00,496.00,55.00,223.00,1.0,-1,-1,-1
390,11,0.00,0.00,0.00,0.00,1.0,-1,-1,-1
390,12,0.00,0.00,0.00,0.00,1.0,-1,-1,-1
390,13,0.00,0.00,0.00,0.00,1.0,-1,-1,-1
390,14,0.00,0.00,0.00,0.00,1.0,-1,-1,-1
390,15,0.00,0.00,0.00,0.00,1.0,-1,-1,-1
390,16,0.00,0.00,0.00,0.00,1.0,-1,-1,-1
390,17,0.00,0.00,0.00,0.00,1.0,-1,-1,-1
390,18,0.00,0.00,0.00,0.00,1.0,-1,-1,-1
390,19,1017.00,507.00,106.00,278.00,1.0,-1,-1,-1
390,20,0.00,0.00,0.00,0.00,1.0,-1,-1,-1
390,21,0.00,0.00,0.00,0.00,1.0,-1,-1,-1
390,22,0.00,0.00,0.00,0.00,1.0,-1,-1,-1
390,23,0.00,0.00,0.00,0.00,1.0,-1,-1,-1
390,24,0.00,0.00,0.00,0.00,1.0,-1,-1,-1
390,25,0.00,0.00,0.00,0.00,1.0,-1,-1,-1
390,26,798.00,386.00,86.00,188.00,1.0,-1,-1,-1
390,27,0.00,0.00,0.00,0.00,1.0,-1,-1,-1
390,28,0.00,0.00,0.00,0.00,1.0,-1,-1,-1
390,29,0.00,0.00,0.00,0.00,1.0,-1,-1,-1
390,30,0.00,0.00,0.00,0.00,1.0,-1,-1,-1
390,31,707.00,776.00,88.00,230.00,1.0,-1,-1,-1
390,32,0.00,0.00,0.00,0.00,1.0,-1,-1,-1
390,33,1657.00,588.00,133.00,283.00,1.0,-1,-1,-1
390,34,0.00,0.00,0.00,0.00,1.0,-1,-1,-1
390,35,836.00,666.00,114.00,291.00,1.0,-1,-1,-1
390,36,0.00,0.00,0.00,0.00,1.0,-1,-1,-1
390,37,1532.00,309.00,39.00,165.00,1.0,-1,-1,-1
390,38,0.00,0.00,0.00,0.00,1.0,-1,-1,-1
390,39,1877.00,540.00,43.00,251.00,1.0,-1,-1,-1
390,40,1043.00,657.00,89.00,301.00,1.0,-1,-1,-1
390,41,1748.00,498.00,85.00,270.00,1.0,-1,-1,-1
390,42,1196.00,446.00,91.00,236.00,1.0,-1,-1,-1
390,43,1413.00,335.00,76.00,191.00,1.0,-1,-1,-1
391,0,1441.00,664.00,128.00,291.00,1.0,-1,-1,-1
391,1,0.00,0.00,0.00,0.00,1.0,-1,-1,-1
391,2,0.00,0.00,0.00,0.00,1.0,-1,-1,-1
391,3,0.00,0.00,0.00,0.00,1.0,-1,-1,-1
391,4,0.00,0.00,0.00,0.00,1.0,-1,-1,-1
391,5,0.00,0.00,0.00,0.00,1.0,-1,-1,-1
391,6,0.00,0.00,0.00,0.00,1.0,-1,-1,-1
391,7,0.00,0.00,0.00,0.00,1.0,-1,-1,-1
391,8,0.00,0.00,0.00,0.00,1.0,-1,-1,-1
391,9,0.00,0.00,0.00,0.00,1.0,-1,-1,-1
391,10,1105.00,497.00,56.00,221.00,1.0,-1,-1,-1
391,11,0.00,0.00,0.00,0.00,1.0,-1,-1,-1
391,12,0.00,0.00,0.00,0.00,1.0,-1,-1,-1
391,13,0.00,0.00,0.00,0.00,1.0,-1,-1,-1
391,14,0.00,0.00,0.00,0.00,1.0,-1,-1,-1
391,15,0.00,0.00,0.00,0.00,1.0,-1,-1,-1
391,16,0.00,0.00,0.00,0.00,1.0,-1,-1,-1
391,17,0.00,0.00,0.00,0.00,1.0,-1,-1,-1
391,18,0.00,0.00,0.00,0.00,1.0,-1,-1,-1
391,19,1018.00,506.00,105.00,281.00,1.0,-1,-1,-1
391,20,0.00,0.00,0.00,0.00,1.0,-1,-1,-1
391,21,0.00,0.00,0.00,0.00,1.0,-1,-1,-1
391,22,0.00,0.00,0.00,0.00,1.0,-1,-1,-1
391,23,0.00,0.00,0.00,0.00,1.0,-1,-1,-1
391,24,0.00,0.00,0.00,0.00,1.0,-1,-1,-1
391,25,0.00,0.00,0.00,0.00,1.0,-1,-1,-1
391,26,800.00,386.00,72.00,187.00,1.0,-1,-1,-1
391,27,0.00,0.00,0.00,0.00,1.0,-1,-1,-1
391,28,0.00,0.00,0.00,0.00,1.0,-1,-1,-1
391,29,0.00,0.00,0.00,0.00,1.0,-1,-1,-1
391,30,0.00,0.00,0.00,0.00,1.0,-1,-1,-1
391,31,706.00,775.00,88.00,232.00,1.0,-1,-1,-1
391,32,0.00,0.00,0.00,0.00,1.0,-1,-1,-1
391,33,1663.00,588.00,126.00,285.00,1.0,-1,-1,-1
391,34,0.00,0.00,0.00,0.00,1.0,-1,-1,-1
391,35,835.00,670.00,111.00,290.00,1.0,-1,-1,-1
391,36,0.00,0.00,0.00,0.00,1.0,-1,-1,-1
391,37,1531.00,309.00,40.00,164.00,1.0,-1,-1,-1
391,38,0.00,0.00,0.00,0.00,1.0,-1,-1,-1
391,39,1887.00,550.00,33.00,241.00,1.0,-1,-1,-1
391,40,1042.00,657.00,89.00,301.00,1.0,-1,-1,-1
391,41,1752.00,498.00,85.00,269.00,1.0,-1,-1,-1
391,42,1199.00,448.00,89.00,237.00,1.0,-1,-1,-1
391,43,1415.00,337.00,75.00,188.00,1.0,-1,-1,-1
392,0,1438.00,663.00,128.00,292.00,1.0,-1,-1,-1
392,1,0.00,0.00,0.00,0.00,1.0,-1,-1,-1
392,2,0.00,0.00,0.00,0.00,1.0,-1,-1,-1
392,3,0.00,0.00,0.00,0.00,1.0,-1,-1,-1
392,4,0.00,0.00,0.00,0.00,1.0,-1,-1,-1
392,5,0.00,0.00,0.00,0.00,1.0,-1,-1,-1
392,6,0.00,0.00,0.00,0.00,1.0,-1,-1,-1
392,7,0.00,0.00,0.00,0.00,1.0,-1,-1,-1
392,8,0.00,0.00,0.00,0.00,1.0,-1,-1,-1
392,9,0.00,0.00,0.00,0.00,1.0,-1,-1,-1
392,10,1105.00,497.00,56.00,222.00,1.0,-1,-1,-1
392,11,0.00,0.00,0.00,0.00,1.0,-1,-1,-1
392,12,0.00,0.00,0.00,0.00,1.0,-1,-1,-1
392,13,0.00,0.00,0.00,0.00,1.0,-1,-1,-1
392,14,0.00,0.00,0.00,0.00,1.0,-1,-1,-1
392,15,0.00,0.00,0.00,0.00,1.0,-1,-1,-1
392,16,0.00,0.00,0.00,0.00,1.0,-1,-1,-1
392,17,0.00,0.00,0.00,0.00,1.0,-1,-1,-1
392,18,0.00,0.00,0.00,0.00,1.0,-1,-1,-1
392,19,1018.00,506.00,105.00,284.00,1.0,-1,-1,-1
392,20,0.00,0.00,0.00,0.00,1.0,-1,-1,-1
392,21,0.00,0.00,0.00,0.00,1.0,-1,-1,-1
392,22,0.00,0.00,0.00,0.00,1.0,-1,-1,-1
392,23,0.00,0.00,0.00,0.00,1.0,-1,-1,-1
392,24,0.00,0.00,0.00,0.00,1.0,-1,-1,-1
392,25,0.00,0.00,0.00,0.00,1.0,-1,-1,-1
392,26,799.00,382.00,75.00,187.00,1.0,-1,-1,-1
392,27,0.00,0.00,0.00,0.00,1.0,-1,-1,-1
392,28,0.00,0.00,0.00,0.00,1.0,-1,-1,-1
392,29,0.00,0.00,0.00,0.00,1.0,-1,-1,-1
392,30,0.00,0.00,0.00,0.00,1.0,-1,-1,-1
392,31,705.00,775.00,89.00,232.00,1.0,-1,-1,-1
392,32,0.00,0.00,0.00,0.00,1.0,-1,-1,-1
392,33,1673.00,588.00,118.00,285.00,1.0,-1,-1,-1
392,34,0.00,0.00,0.00,0.00,1.0,-1,-1,-1
392,35,832.00,670.00,112.00,291.00,1.0,-1,-1,-1
392,36,0.00,0.00,0.00,0.00,1.0,-1,-1,-1
392,37,1532.00,309.00,40.00,164.00,1.0,-1,-1,-1
392,38,0.00,0.00,0.00,0.00,1.0,-1,-1,-1
392,39,1893.00,556.00,27.00,223.00,1.0,-1,-1,-1
392,40,1040.00,657.00,91.00,301.00,1.0,-1,-1,-1
392,41,1755.00,497.00,87.00,272.00,1.0,-1,-1,-1
392,42,1196.00,449.00,93.00,237.00,1.0,-1,-1,-1
392,43,1417.00,339.00,74.00,186.00,1.0,-1,-1,-1
393,0,1438.00,662.00,124.00,292.00,1.0,-1,-1,-1
393,1,0.00,0.00,0.00,0.00,1.0,-1,-1,-1
393,2,0.00,0.00,0.00,0.00,1.0,-1,-1,-1
393,3,0.00,0.00,0.00,0.00,1.0,-1,-1,-1
393,4,0.00,0.00,0.00,0.00,1.0,-1,-1,-1
393,5,0.00,0.00,0.00,0.00,1.0,-1,-1,-1
393,6,0.00,0.00,0.00,0.00,1.0,-1,-1,-1
393,7,0.00,0.00,0.00,0.00,1.0,-1,-1,-1
393,8,0.00,0.00,0.00,0.00,1.0,-1,-1,-1
393,9,0.00,0.00,0.00,0.00,1.0,-1,-1,-1
393,10,1105.00,497.00,55.00,221.00,1.0,-1,-1,-1
393,11,0.00,0.00,0.00,0.00,1.0,-1,-1,-1
393,12,0.00,0.00,0.00,0.00,1.0,-1,-1,-1
393,13,0.00,0.00,0.00,0.00,1.0,-1,-1,-1
393,14,0.00,0.00,0.00,0.00,1.0,-1,-1,-1
393,15,0.00,0.00,0.00,0.00,1.0,-1,-1,-1
393,16,0.00,0.00,0.00,0.00,1.0,-1,-1,-1
393,17,0.00,0.00,0.00,0.00,1.0,-1,-1,-1
393,18,0.00,0.00,0.00,0.00,1.0,-1,-1,-1
393,19,1018.00,506.00,105.00,283.00,1.0,-1,-1,-1
393,20,0.00,0.00,0.00,0.00,1.0,-1,-1,-1
393,21,0.00,0.00,0.00,0.00,1.0,-1,-1,-1
393,22,0.00,0.00,0.00,0.00,1.0,-1,-1,-1
393,23,0.00,0.00,0.00,0.00,1.0,-1,-1,-1
393,24,0.00,0.00,0.00,0.00,1.0,-1,-1,-1
393,25,0.00,0.00,0.00,0.00,1.0,-1,-1,-1
393,26,800.00,379.00,74.00,187.00,1.0,-1,-1,-1
393,27,0.00,0.00,0.00,0.00,1.0,-1,-1,-1
393,28,0.00,0.00,0.00,0.00,1.0,-1,-1,-1
393,29,0.00,0.00,0.00,0.00,1.0,-1,-1,-1
393,30,0.00,0.00,0.00,0.00,1.0,-1,-1,-1
393,31,703.00,776.00,90.00,231.00,1.0,-1,-1,-1
393,32,0.00,0.00,0.00,0.00,1.0,-1,-1,-1
393,33,1701.00,588.00,97.00,284.00,1.0,-1,-1,-1
393,34,0.00,0.00,0.00,0.00,1.0,-1,-1,-1
393,35,829.00,670.00,113.00,290.00,1.0,-1,-1,-1
393,36,0.00,0.00,0.00,0.00,1.0,-1,-1,-1
393,37,1532.00,308.00,39.00,165.00,1.0,-1,-1,-1
393,38,0.00,0.00,0.00,0.00,1.0,-1,-1,-1
393,39,1896.00,557.00,24.00,130.00,1.0,-1,-1,-1
393,40,1040.00,657.00,90.00,301.00,1.0,-1,-1,-1
393,41,1759.00,497.00,87.00,271.00,1.0,-1,-1,-1
393,42,1196.00,448.00,93.00,238.00,1.0,-1,-1,-1
393,43,1419.00,341.00,73.00,182.00,1.0,-1,-1,-1
394,0,1438.00,662.00,121.00,292.00,1.0,-1,-1,-1
394,1,0.00,0.00,0.00,0.00,1.0,-1,-1,-1
394,2,0.00,0.00,0.00,0.00,1.0,-1,-1,-1
394,3,0.00,0.00,0.00,0.00,1.0,-1,-1,-1
394,4,0.00,0.00,0.00,0.00,1.0,-1,-1,-1
394,5,0.00,0.00,0.00,0.00,1.0,-1,-1,-1
394,6,0.00,0.00,0.00,0.00,1.0,-1,-1,-1
394,7,0.00,0.00,0.00,0.00,1.0,-1,-1,-1
394,8,0.00,0.00,0.00,0.00,1.0,-1,-1,-1
394,9,0.00,0.00,0.00,0.00,1.0,-1,-1,-1
394,10,1106.00,497.00,56.00,222.00,1.0,-1,-1,-1
394,11,0.00,0.00,0.00,0.00,1.0,-1,-1,-1
394,12,0.00,0.00,0.00,0.00,1.0,-1,-1,-1
394,13,0.00,0.00,0.00,0.00,1.0,-1,-1,-1
394,14,0.00,0.00,0.00,0.00,1.0,-1,-1,-1
394,15,0.00,0.00,0.00,0.00,1.0,-1,-1,-1
394,16,0.00,0.00,0.00,0.00,1.0,-1,-1,-1
394,17,0.00,0.00,0.00,0.00,1.0,-1,-1,-1
394,18,0.00,0.00,0.00,0.00,1.0,-1,-1,-1
394,19,1018.00,506.00,104.00,286.00,1.0,-1,-1,-1
394,20,0.00,0.00,0.00,0.00,1.0,-1,-1,-1
394,21,0.00,0.00,0.00,0.00,1.0,-1,-1,-1
394,22,0.00,0.00,0.00,0.00,1.0,-1,-1,-1
394,23,0.00,0.00,0.00,0.00,1.0,-1,-1,-1
394,24,0.00,0.00,0.00,0.00,1.0,-1,-1,-1
394,25,0.00,0.00,0.00,0.00,1.0,-1,-1,-1
394,26,801.00,379.00,75.00,186.00,1.0,-1,-1,-1
394,27,0.00,0.00,0.00,0.00,1.0,-1,-1,-1
394,28,0.00,0.00,0.00,0.00,1.0,-1,-1,-1
394,29,0.00,0.00,0.00,0.00,1.0,-1,-1,-1
394,30,0.00,0.00,0.00,0.00,1.0,-1,-1,-1
394,31,702.00,776.00,90.00,231.00,1.0,-1,-1,-1
394,32,0.00,0.00,0.00,0.00,1.0,-1,-1,-1
394,33,1706.00,587.00,104.00,285.00,1.0,-1,-1,-1
394,34,0.00,0.00,0.00,0.00,1.0,-1,-1,-1
394,35,827.00,670.00,114.00,290.00,1.0,-1,-1,-1
394,36,0.00,0.00,0.00,0.00,1.0,-1,-1,-1
394,37,1532.00,309.00,40.00,165.00,1.0,-1,-1,-1
394,38,0.00,0.00,0.00,0.00,1.0,-1,-1,-1
394,39,1903.00,577.00,17.00,106.00,1.0,-1,-1,-1
394,40,1040.00,658.00,89.00,300.00,1.0,-1,-1,-1
394,41,1767.00,497.00,86.00,235.00,1.0,-1,-1,-1
394,42,1196.00,448.00,93.00,237.00,1.0,-1,-1,-1
394,43,1422.00,343.00,73.00,179.00,1.0,-1,-1,-1
395,0,1437.00,662.00,120.00,292.00,1.0,-1,-1,-1
395,1,0.00,0.00,0.00,0.00,1.0,-1,-1,-1
395,2,0.00,0.00,0.00,0.00,1.0,-1,-1,-1
395,3,0.00,0.00,0.00,0.00,1.0,-1,-1,-1
395,4,0.00,0.00,0.00,0.00,1.0,-1,-1,-1
395,5,0.00,0.00,0.00,0.00,1.0,-1,-1,-1
395,6,0.00,0.00,0.00,0.00,1.0,-1,-1,-1
395,7,0.00,0.00,0.00,0.00,1.0,-1,-1,-1
395,8,0.00,0.00,0.00,0.00,1.0,-1,-1,-1
395,9,0.00,0.00,0.00,0.00,1.0,-1,-1,-1
395,10,1106.00,498.00,57.00,221.00,1.0,-1,-1,-1
395,11,0.00,0.00,0.00,0.00,1.0,-1,-1,-1
395,12,0.00,0.00,0.00,0.00,1.0,-1,-1,-1
395,13,0.00,0.00,0.00,0.00,1.0,-1,-1,-1
395,14,0.00,0.00,0.00,0.00,1.0,-1,-1,-1
395,15,0.00,0.00,0.00,0.00,1.0,-1,-1,-1
395,16,0.00,0.00,0.00,0.00,1.0,-1,-1,-1
395,17,0.00,0.00,0.00,0.00,1.0,-1,-1,-1
395,18,0.00,0.00,0.00,0.00,1.0,-1,-1,-1
395,19,1018.00,506.00,105.00,287.00,1.0,-1,-1,-1
395,20,0.00,0.00,0.00,0.00,1.0,-1,-1,-1
395,21,0.00,0.00,0.00,0.00,1.0,-1,-1,-1
395,22,0.00,0.00,0.00,0.00,1.0,-1,-1,-1
395,23,0.00,0.00,0.00,0.00,1.0,-1,-1,-1
395,24,0.00,0.00,0.00,0.00,1.0,-1,-1,-1
395,25,0.00,0.00,0.00,0.00,1.0,-1,-1,-1
395,26,800.00,377.00,76.00,188.00,1.0,-1,-1,-1
395,27,0.00,0.00,0.00,0.00,1.0,-1,-1,-1
395,28,0.00,0.00,0.00,0.00,1.0,-1,-1,-1
395,29,0.00,0.00,0.00,0.00,1.0,-1,-1,-1
395,30,0.00,0.00,0.00,0.00,1.0,-1,-1,-1
395,31,701.00,777.00,91.00,229.00,1.0,-1,-1,-1
395,32,0.00,0.00,0.00,0.00,1.0,-1,-1,-1
395,33,1719.00,586.00,104.00,286.00,1.0,-1,-1,-1
395,34,0.00,0.00,0.00,0.00,1.0,-1,-1,-1
395,35,825.00,671.00,114.00,290.00,1.0,-1,-1,-1
395,36,0.00,0.00,0.00,0.00,1.0,-1,-1,-1
395,37,1532.00,309.00,40.00,165.00,1.0,-1,-1,-1
395,38,0.00,0.00,0.00,0.00,1.0,-1,-1,-1
395,39,1907.00,576.00,13.00,102.00,1.0,-1,-1,-1
395,40,1039.00,659.00,90.00,299.00,1.0,-1,-1,-1
395,41,1772.00,498.00,86.00,227.00,1.0,-1,-1,-1
395,42,1196.00,448.00,94.00,238.00,1.0,-1,-1,-1
395,43,1423.00,344.00,74.00,178.00,1.0,-1,-1,-1
395,44,997.00,375.00,74.00,195.00,1.0,-1,-1,-1
396,0,1435.00,661.00,117.00,294.00,1.0,-1,-1,-1
396,1,0.00,0.00,0.00,0.00,1.0,-1,-1,-1
396,2,0.00,0.00,0.00,0.00,1.0,-1,-1,-1
396,3,0.00,0.00,0.00,0.00,1.0,-1,-1,-1
396,4,0.00,0.00,0.00,0.00,1.0,-1,-1,-1
396,5,0.00,0.00,0.00,0.00,1.0,-1,-1,-1
396,6,0.00,0.00,0.00,0.00,1.0,-1,-1,-1
396,7,0.00,0.00,0.00,0.00,1.0,-1,-1,-1
396,8,0.00,0.00,0.00,0.00,1.0,-1,-1,-1
396,9,0.00,0.00,0.00,0.00,1.0,-1,-1,-1
396,10,1106.00,498.00,56.00,221.00,1.0,-1,-1,-1
396,11,0.00,0.00,0.00,0.00,1.0,-1,-1,-1
396,12,0.00,0.00,0.00,0.00,1.0,-1,-1,-1
396,13,0.00,0.00,0.00,0.00,1.0,-1,-1,-1
396,14,0.00,0.00,0.00,0.00,1.0,-1,-1,-1
396,15,0.00,0.00,0.00,0.00,1.0,-1,-1,-1
396,16,0.00,0.00,0.00,0.00,1.0,-1,-1,-1
396,17,0.00,0.00,0.00,0.00,1.0,-1,-1,-1
396,18,0.00,0.00,0.00,0.00,1.0,-1,-1,-1
396,19,1017.00,506.00,105.00,284.00,1.0,-1,-1,-1
396,20,0.00,0.00,0.00,0.00,1.0,-1,-1,-1
396,21,0.00,0.00,0.00,0.00,1.0,-1,-1,-1
396,22,0.00,0.00,0.00,0.00,1.0,-1,-1,-1
396,23,0.00,0.00,0.00,0.00,1.0,-1,-1,-1
396,24,0.00,0.00,0.00,0.00,1.0,-1,-1,-1
396,25,0.00,0.00,0.00,0.00,1.0,-1,-1,-1
396,26,800.00,378.00,76.00,188.00,1.0,-1,-1,-1
396,27,0.00,0.00,0.00,0.00,1.0,-1,-1,-1
396,28,0.00,0.00,0.00,0.00,1.0,-1,-1,-1
396,29,0.00,0.00,0.00,0.00,1.0,-1,-1,-1
396,30,0.00,0.00,0.00,0.00,1.0,-1,-1,-1
396,31,700.00,777.00,91.00,230.00,1.0,-1,-1,-1
396,32,0.00,0.00,0.00,0.00,1.0,-1,-1,-1
396,33,1732.00,585.00,98.00,287.00,1.0,-1,-1,-1
396,34,0.00,0.00,0.00,0.00,1.0,-1,-1,-1
396,35,822.00,671.00,116.00,290.00,1.0,-1,-1,-1
396,36,0.00,0.00,0.00,0.00,1.0,-1,-1,-1
396,37,1533.00,309.00,39.00,165.00,1.0,-1,-1,-1
396,38,0.00,0.00,0.00,0.00,1.0,-1,-1,-1
396,39,1913.00,591.00,7.00,84.00,1.0,-1,-1,-1
396,40,1040.00,661.00,89.00,300.00,1.0,-1,-1,-1
396,41,1773.00,498.00,92.00,212.00,1.0,-1,-1,-1
396,42,1196.00,448.00,93.00,237.00,1.0,-1,-1,-1
396,43,1424.00,344.00,74.00,179.00,1.0,-1,-1,-1
396,44,996.00,375.00,75.00,191.00,1.0,-1,-1,-1
397,0,1436.00,662.00,112.00,292.00,1.0,-1,-1,-1
397,1,0.00,0.00,0.00,0.00,1.0,-1,-1,-1
397,2,0.00,0.00,0.00,0.00,1.0,-1,-1,-1
397,3,0.00,0.00,0.00,0.00,1.0,-1,-1,-1
397,4,0.00,0.00,0.00,0.00,1.0,-1,-1,-1
397,5,0.00,0.00,0.00,0.00,1.0,-1,-1,-1
397,6,0.00,0.00,0.00,0.00,1.0,-1,-1,-1
397,7,0.00,0.00,0.00,0.00,1.0,-1,-1,-1
397,8,0.00,0.00,0.00,0.00,1.0,-1,-1,-1
397,9,0.00,0.00,0.00,0.00,1.0,-1,-1,-1
397,10,1105.00,498.00,57.00,220.00,1.0,-1,-1,-1
397,11,0.00,0.00,0.00,0.00,1.0,-1,-1,-1
397,12,0.00,0.00,0.00,0.00,1.0,-1,-1,-1
397,13,0.00,0.00,0.00,0.00,1.0,-1,-1,-1
397,14,0.00,0.00,0.00,0.00,1.0,-1,-1,-1
397,15,0.00,0.00,0.00,0.00,1.0,-1,-1,-1
397,16,0.00,0.00,0.00,0.00,1.0,-1,-1,-1
397,17,0.00,0.00,0.00,0.00,1.0,-1,-1,-1
397,18,0.00,0.00,0.00,0.00,1.0,-1,-1,-1
397,19,1017.00,506.00,106.00,287.00,1.0,-1,-1,-1
397,20,0.00,0.00,0.00,0.00,1.0,-1,-1,-1
397,21,0.00,0.00,0.00,0.00,1.0,-1,-1,-1
397,22,0.00,0.00,0.00,0.00,1.0,-1,-1,-1
397,23,0.00,0.00,0.00,0.00,1.0,-1,-1,-1
397,24,0.00,0.00,0.00,0.00,1.0,-1,-1,-1
397,25,0.00,0.00,0.00,0.00,1.0,-1,-1,-1
397,26,800.00,378.00,74.00,185.00,1.0,-1,-1,-1
397,27,0.00,0.00,0.00,0.00,1.0,-1,-1,-1
397,28,0.00,0.00,0.00,0.00,1.0,-1,-1,-1
397,29,0.00,0.00,0.00,0.00,1.0,-1,-1,-1
397,30,0.00,0.00,0.00,0.00,1.0,-1,-1,-1
397,31,697.00,777.00,92.00,232.00,1.0,-1,-1,-1
397,32,0.00,0.00,0.00,0.00,1.0,-1,-1,-1
397,33,1741.00,585.00,104.00,287.00,1.0,-1,-1,-1
397,34,0.00,0.00,0.00,0.00,1.0,-1,-1,-1
397,35,819.00,671.00,119.00,290.00,1.0,-1,-1,-1
397,36,0.00,0.00,0.00,0.00,1.0,-1,-1,-1
397,37,1532.00,309.00,40.00,166.00,1.0,-1,-1,-1
397,38,0.00,0.00,0.00,0.00,1.0,-1,-1,-1
397,39,0.00,0.00,0.00,0.00,1.0,-1,-1,-1
397,40,1041.00,662.00,88.00,306.00,1.0,-1,-1,-1
397,41,1780.00,499.00,89.00,206.00,1.0,-1,-1,-1
397,42,1197.00,448.00,91.00,238.00,1.0,-1,-1,-1
397,43,1424.00,344.00,74.00,180.00,1.0,-1,-1,-1
397,44,997.00,375.00,77.00,188.00,1.0,-1,-1,-1
398,0,1437.00,663.00,109.00,290.00,1.0,-1,-1,-1
398,1,0.00,0.00,0.00,0.00,1.0,-1,-1,-1
398,2,0.00,0.00,0.00,0.00,1.0,-1,-1,-1
398,3,0.00,0.00,0.00,0.00,1.0,-1,-1,-1
398,4,0.00,0.00,0.00,0.00,1.0,-1,-1,-1
398,5,0.00,0.00,0.00,0.00,1.0,-1,-1,-1
398,6,0.00,0.00,0.00,0.00,1.0,-1,-1,-1
398,7,0.00,0.00,0.00,0.00,1.0,-1,-1,-1
398,8,0.00,0.00,0.00,0.00,1.0,-1,-1,-1
398,9,0.00,0.00,0.00,0.00,1.0,-1,-1,-1
398,10,1105.00,498.00,57.00,221.00,1.0,-1,-1,-1
398,11,0.00,0.00,0.00,0.00,1.0,-1,-1,-1
398,12,0.00,0.00,0.00,0.00,1.0,-1,-1,-1
398,13,0.00,0.00,0.00,0.00,1.0,-1,-1,-1
398,14,0.00,0.00,0.00,0.00,1.0,-1,-1,-1
398,15,0.00,0.00,0.00,0.00,1.0,-1,-1,-1
398,16,0.00,0.00,0.00,0.00,1.0,-1,-1,-1
398,17,0.00,0.00,0.00,0.00,1.0,-1,-1,-1
398,18,0.00,0.00,0.00,0.00,1.0,-1,-1,-1
398,19,1016.00,506.00,107.00,285.00,1.0,-1,-1,-1
398,20,0.00,0.00,0.00,0.00,1.0,-1,-1,-1
398,21,0.00,0.00,0.00,0.00,1.0,-1,-1,-1
398,22,0.00,0.00,0.00,0.00,1.0,-1,-1,-1
398,23,0.00,0.00,0.00,0.00,1.0,-1,-1,-1
398,24,0.00,0.00,0.00,0.00,1.0,-1,-1,-1
398,25,0.00,0.00,0.00,0.00,1.0,-1,-1,-1
398,26,799.00,379.00,75.00,184.00,1.0,-1,-1,-1
398,27,0.00,0.00,0.00,0.00,1.0,-1,-1,-1
398,28,0.00,0.00,0.00,0.00,1.0,-1,-1,-1
398,29,0.00,0.00,0.00,0.00,1.0,-1,-1,-1
398,30,0.00,0.00,0.00,0.00,1.0,-1,-1,-1
398,31,696.00,778.00,92.00,235.00,1.0,-1,-1,-1
398,32,0.00,0.00,0.00,0.00,1.0,-1,-1,-1
398,33,1746.00,585.00,112.00,288.00,1.0,-1,-1,-1
398,34,0.00,0.00,0.00,0.00,1.0,-1,-1,-1
398,35,818.00,671.00,118.00,290.00,1.0,-1,-1,-1
398,36,0.00,0.00,0.00,0.00,1.0,-1,-1,-1
398,37,1532.00,309.00,40.00,165.00,1.0,-1,-1,-1
398,38,0.00,0.00,0.00,0.00,1.0,-1,-1,-1
398,39,0.00,0.00,0.00,0.00,1.0,-1,-1,-1
398,40,1041.00,666.00,84.00,307.00,1.0,-1,-1,-1
398,41,1784.00,498.00,90.00,184.00,1.0,-1,-1,-1
398,42,1197.00,448.00,90.00,237.00,1.0,-1,-1,-1
398,43,1424.00,343.00,74.00,182.00,1.0,-1,-1,-1
398,44,996.00,374.00,77.00,186.00,1.0,-1,-1,-1
399,0,1437.00,662.00,107.00,291.00,1.0,-1,-1,-1
399,1,0.00,0.00,0.00,0.00,1.0,-1,-1,-1
399,2,0.00,0.00,0.00,0.00,1.0,-1,-1,-1
399,3,0.00,0.00,0.00,0.00,1.0,-1,-1,-1
399,4,0.00,0.00,0.00,0.00,1.0,-1,-1,-1
399,5,0.00,0.00,0.00,0.00,1.0,-1,-1,-1
399,6,0.00,0.00,0.00,0.00,1.0,-1,-1,-1
399,7,0.00,0.00,0.00,0.00,1.0,-1,-1,-1
399,8,0.00,0.00,0.00,0.00,1.0,-1,-1,-1
399,9,0.00,0.00,0.00,0.00,1.0,-1,-1,-1
399,10,1105.00,499.00,58.00,221.00,1.0,-1,-1,-1
399,11,0.00,0.00,0.00,0.00,1.0,-1,-1,-1
399,12,0.00,0.00,0.00,0.00,1.0,-1,-1,-1
399,13,0.00,0.00,0.00,0.00,1.0,-1,-1,-1
399,14,0.00,0.00,0.00,0.00,1.0,-1,-1,-1
399,15,0.00,0.00,0.00,0.00,1.0,-1,-1,-1
399,16,0.00,0.00,0.00,0.00,1.0,-1,-1,-1
399,17,0.00,0.00,0.00,0.00,1.0,-1,-1,-1
399,18,0.00,0.00,0.00,0.00,1.0,-1,-1,-1
399,19,1017.00,506.00,107.00,201.00,1.0,-1,-1,-1
399,20,0.00,0.00,0.00,0.00,1.0,-1,-1,-1
399,21,0.00,0.00,0.00,0.00,1.0,-1,-1,-1
399,22,0.00,0.00,0.00,0.00,1.0,-1,-1,-1
399,23,0.00,0.00,0.00,0.00,1.0,-1,-1,-1
399,24,0.00,0.00,0.00,0.00,1.0,-1,-1,-1
399,25,0.00,0.00,0.00,0.00,1.0,-1,-1,-1
399,26,799.00,379.00,73.00,184.00,1.0,-1,-1,-1
399,27,0.00,0.00,0.00,0.00,1.0,-1,-1,-1
399,28,0.00,0.00,0.00,0.00,1.0,-1,-1,-1
399,29,0.00,0.00,0.00,0.00,1.0,-1,-1,-1
399,30,0.00,0.00,0.00,0.00,1.0,-1,-1,-1
399,31,696.00,781.00,92.00,235.00,1.0,-1,-1,-1
399,32,0.00,0.00,0.00,0.00,1.0,-1,-1,-1
399,33,1750.00,587.00,124.00,286.00,1.0,-1,-1,-1
399,34,0.00,0.00,0.00,0.00,1.0,-1,-1,-1
399,35,819.00,672.00,117.00,295.00,1.0,-1,-1,-1
399,36,0.00,0.00,0.00,0.00,1.0,-1,-1,-1
399,37,1533.00,309.00,39.00,165.00,1.0,-1,-1,-1
399,38,0.00,0.00,0.00,0.00,1.0,-1,-1,-1
399,39,0.00,0.00,0.00,0.00,1.0,-1,-1,-1
399,40,1041.00,668.00,87.00,306.00,1.0,-1,-1,-1
399,41,1788.00,498.00,92.00,174.00,1.0,-1,-1,-1
399,42,1199.00,448.00,88.00,236.00,1.0,-1,-1,-1
399,43,1425.00,344.00,75.00,186.00,1.0,-1,-1,-1
399,44,997.00,374.00,77.00,187.00,1.0,-1,-1,-1
400,0,1435.00,653.00,107.00,299.00,1.0,-1,-1,-1
400,1,0.00,0.00,0.00,0.00,1.0,-1,-1,-1
400,2,0.00,0.00,0.00,0.00,1.0,-1,-1,-1
400,3,0.00,0.00,0.00,0.00,1.0,-1,-1,-1
400,4,0.00,0.00,0.00,0.00,1.0,-1,-1,-1
400,5,0.00,0.00,0.00,0.00,1.0,-1,-1,-1
400,6,0.00,0.00,0.00,0.00,1.0,-1,-1,-1
400,7,0.00,0.00,0.00,0.00,1.0,-1,-1,-1
400,8,0.00,0.00,0.00,0.00,1.0,-1,-1,-1
400,9,0.00,0.00,0.00,0.00,1.0,-1,-1,-1
400,10,1105.00,499.00,58.00,221.00,1.0,-1,-1,-1
400,11,0.00,0.00,0.00,0.00,1.0,-1,-1,-1
400,12,0.00,0.00,0.00,0.00,1.0,-1,-1,-1
400,13,0.00,0.00,0.00,0.00,1.0,-1,-1,-1
400,14,0.00,0.00,0.00,0.00,1.0,-1,-1,-1
400,15,0.00,0.00,0.00,0.00,1.0,-1,-1,-1
400,16,0.00,0.00,0.00,0.00,1.0,-1,-1,-1
400,17,0.00,0.00,0.00,0.00,1.0,-1,-1,-1
400,18,0.00,0.00,0.00,0.00,1.0,-1,-1,-1
400,19,1016.00,507.00,108.00,204.00,1.0,-1,-1,-1
400,20,0.00,0.00,0.00,0.00,1.0,-1,-1,-1
400,21,0.00,0.00,0.00,0.00,1.0,-1,-1,-1
400,22,0.00,0.00,0.00,0.00,1.0,-1,-1,-1
400,23,0.00,0.00,0.00,0.00,1.0,-1,-1,-1
400,24,0.00,0.00,0.00,0.00,1.0,-1,-1,-1
400,25,0.00,0.00,0.00,0.00,1.0,-1,-1,-1
400,26,798.00,384.00,72.00,179.00,1.0,-1,-1,-1
400,27,0.00,0.00,0.00,0.00,1.0,-1,-1,-1
400,28,0.00,0.00,0.00,0.00,1.0,-1,-1,-1
400,29,0.00,0.00,0.00,0.00,1.0,-1,-1,-1
400,30,0.00,0.00,0.00,0.00,1.0,-1,-1,-1
400,31,696.00,785.00,90.00,231.00,1.0,-1,-1,-1
400,32,0.00,0.00,0.00,0.00,1.0,-1,-1,-1
400,33,1751.00,589.00,139.00,286.00,1.0,-1,-1,-1
400,34,0.00,0.00,0.00,0.00,1.0,-1,-1,-1
400,35,816.00,673.00,120.00,297.00,1.0,-1,-1,-1
400,36,0.00,0.00,0.00,0.00,1.0,-1,-1,-1
400,37,1534.00,309.00,39.00,165.00,1.0,-1,-1,-1
400,38,0.00,0.00,0.00,0.00,1.0,-1,-1,-1
400,39,0.00,0.00,0.00,0.00,1.0,-1,-1,-1
400,40,1038.00,672.00,88.00,304.00,1.0,-1,-1,-1
400,41,1794.00,499.00,92.00,277.00,1.0,-1,-1,-1
400,42,1199.00,449.00,88.00,236.00,1.0,-1,-1,-1
400,43,1426.00,344.00,75.00,187.00,1.0,-1,-1,-1
400,44,998.00,375.00,77.00,187.00,1.0,-1,-1,-1
401,0,1432.00,648.00,103.00,304.00,1.0,-1,-1,-1
401,1,0.00,0.00,0.00,0.00,1.0,-1,-1,-1
401,2,0.00,0.00,0.00,0.00,1.0,-1,-1,-1
401,3,0.00,0.00,0.00,0.00,1.0,-1,-1,-1
401,4,0.00,0.00,0.00,0.00,1.0,-1,-1,-1
401,5,0.00,0.00,0.00,0.00,1.0,-1,-1,-1
401,6,0.00,0.00,0.00,0.00,1.0,-1,-1,-1
401,7,0.00,0.00,0.00,0.00,1.0,-1,-1,-1
401,8,0.00,0.00,0.00,0.00,1.0,-1,-1,-1
401,9,0.00,0.00,0.00,0.00,1.0,-1,-1,-1
401,10,1104.00,499.00,57.00,222.00,1.0,-1,-1,-1
401,11,0.00,0.00,0.00,0.00,1.0,-1,-1,-1
401,12,0.00,0.00,0.00,0.00,1.0,-1,-1,-1
401,13,0.00,0.00,0.00,0.00,1.0,-1,-1,-1
401,14,0.00,0.00,0.00,0.00,1.0,-1,-1,-1
401,15,0.00,0.00,0.00,0.00,1.0,-1,-1,-1
401,16,0.00,0.00,0.00,0.00,1.0,-1,-1,-1
401,17,0.00,0.00,0.00,0.00,1.0,-1,-1,-1
401,18,0.00,0.00,0.00,0.00,1.0,-1,-1,-1
401,19,1015.00,507.00,107.00,209.00,1.0,-1,-1,-1
401,20,0.00,0.00,0.00,0.00,1.0,-1,-1,-1
401,21,0.00,0.00,0.00,0.00,1.0,-1,-1,-1
401,22,0.00,0.00,0.00,0.00,1.0,-1,-1,-1
401,23,0.00,0.00,0.00,0.00,1.0,-1,-1,-1
401,24,0.00,0.00,0.00,0.00,1.0,-1,-1,-1
401,25,0.00,0.00,0.00,0.00,1.0,-1,-1,-1
401,26,795.00,382.00,72.00,183.00,1.0,-1,-1,-1
401,27,0.00,0.00,0.00,0.00,1.0,-1,-1,-1
401,28,0.00,0.00,0.00,0.00,1.0,-1,-1,-1
401,29,0.00,0.00,0.00,0.00,1.0,-1,-1,-1
401,30,0.00,0.00,0.00,0.00,1.0,-1,-1,-1
401,31,694.00,788.00,90.00,230.00,1.0,-1,-1,-1
401,32,0.00,0.00,0.00,0.00,1.0,-1,-1,-1
401,33,1751.00,592.00,142.00,285.00,1.0,-1,-1,-1
401,34,0.00,0.00,0.00,0.00,1.0,-1,-1,-1
401,35,814.00,674.00,121.00,296.00,1.0,-1,-1,-1
401,36,0.00,0.00,0.00,0.00,1.0,-1,-1,-1
401,37,1531.00,310.00,40.00,165.00,1.0,-1,-1,-1
401,38,0.00,0.00,0.00,0.00,1.0,-1,-1,-1
401,39,0.00,0.00,0.00,0.00,1.0,-1,-1,-1
401,40,1035.00,674.00,87.00,305.00,1.0,-1,-1,-1
401,41,1800.00,505.00,88.00,275.00,1.0,-1,-1,-1
401,42,1198.00,452.00,87.00,238.00,1.0,-1,-1,-1
401,43,1424.00,344.00,76.00,189.00,1.0,-1,-1,-1
401,44,998.00,376.00,76.00,187.00,1.0,-1,-1,-1
402,0,1430.00,631.00,101.00,318.00,1.0,-1,-1,-1
402,1,0.00,0.00,0.00,0.00,1.0,-1,-1,-1
402,2,0.00,0.00,0.00,0.00,1.0,-1,-1,-1
402,3,0.00,0.00,0.00,0.00,1.0,-1,-1,-1
402,4,0.00,0.00,0.00,0.00,1.0,-1,-1,-1
402,5,0.00,0.00,0.00,0.00,1.0,-1,-1,-1
402,6,0.00,0.00,0.00,0.00,1.0,-1,-1,-1
402,7,0.00,0.00,0.00,0.00,1.0,-1,-1,-1
402,8,0.00,0.00,0.00,0.00,1.0,-1,-1,-1
402,9,0.00,0.00,0.00,0.00,1.0,-1,-1,-1
402,10,1103.00,500.00,58.00,222.00,1.0,-1,-1,-1
402,11,0.00,0.00,0.00,0.00,1.0,-1,-1,-1
402,12,0.00,0.00,0.00,0.00,1.0,-1,-1,-1
402,13,0.00,0.00,0.00,0.00,1.0,-1,-1,-1
402,14,0.00,0.00,0.00,0.00,1.0,-1,-1,-1
402,15,0.00,0.00,0.00,0.00,1.0,-1,-1,-1
402,16,0.00,0.00,0.00,0.00,1.0,-1,-1,-1
402,17,0.00,0.00,0.00,0.00,1.0,-1,-1,-1
402,18,0.00,0.00,0.00,0.00,1.0,-1,-1,-1
402,19,1014.00,507.00,108.00,204.00,1.0,-1,-1,-1
402,20,0.00,0.00,0.00,0.00,1.0,-1,-1,-1
402,21,0.00,0.00,0.00,0.00,1.0,-1,-1,-1
402,22,0.00,0.00,0.00,0.00,1.0,-1,-1,-1
402,23,0.00,0.00,0.00,0.00,1.0,-1,-1,-1
402,24,0.00,0.00,0.00,0.00,1.0,-1,-1,-1
402,25,0.00,0.00,0.00,0.00,1.0,-1,-1,-1
402,26,793.00,382.00,72.00,183.00,1.0,-1,-1,-1
402,27,0.00,0.00,0.00,0.00,1.0,-1,-1,-1
402,28,0.00,0.00,0.00,0.00,1.0,-1,-1,-1
402,29,0.00,0.00,0.00,0.00,1.0,-1,-1,-1
402,30,0.00,0.00,0.00,0.00,1.0,-1,-1,-1
402,31,692.00,793.00,92.00,227.00,1.0,-1,-1,-1
402,32,0.00,0.00,0.00,0.00,1.0,-1,-1,-1
402,33,1751.00,593.00,144.00,285.00,1.0,-1,-1,-1
402,34,0.00,0.00,0.00,0.00,1.0,-1,-1,-1
402,35,810.00,676.00,124.00,299.00,1.0,-1,-1,-1
402,36,0.00,0.00,0.00,0.00,1.0,-1,-1,-1
402,37,1531.00,310.00,40.00,165.00,1.0,-1,-1,-1
402,38,0.00,0.00,0.00,0.00,1.0,-1,-1,-1
402,39,0.00,0.00,0.00,0.00,1.0,-1,-1,-1
402,40,1032.00,676.00,88.00,307.00,1.0,-1,-1,-1
402,41,1803.00,507.00,91.00,276.00,1.0,-1,-1,-1
402,42,1200.00,454.00,84.00,236.00,1.0,-1,-1,-1
402,43,1424.00,344.00,76.00,191.00,1.0,-1,-1,-1
402,44,1001.00,376.00,74.00,187.00,1.0,-1,-1,-1
403,0,1430.00,634.00,106.00,319.00,1.0,-1,-1,-1
403,1,0.00,0.00,0.00,0.00,1.0,-1,-1,-1
403,2,0.00,0.00,0.00,0.00,1.0,-1,-1,-1
403,3,0.00,0.00,0.00,0.00,1.0,-1,-1,-1
403,4,0.00,0.00,0.00,0.00,1.0,-1,-1,-1
403,5,0.00,0.00,0.00,0.00,1.0,-1,-1,-1
403,6,0.00,0.00,0.00,0.00,1.0,-1,-1,-1
403,7,0.00,0.00,0.00,0.00,1.0,-1,-1,-1
403,8,0.00,0.00,0.00,0.00,1.0,-1,-1,-1
403,9,0.00,0.00,0.00,0.00,1.0,-1,-1,-1
403,10,1103.00,499.00,59.00,223.00,1.0,-1,-1,-1
403,11,0.00,0.00,0.00,0.00,1.0,-1,-1,-1
403,12,0.00,0.00,0.00,0.00,1.0,-1,-1,-1
403,13,0.00,0.00,0.00,0.00,1.0,-1,-1,-1
403,14,0.00,0.00,0.00,0.00,1.0,-1,-1,-1
403,15,0.00,0.00,0.00,0.00,1.0,-1,-1,-1
403,16,0.00,0.00,0.00,0.00,1.0,-1,-1,-1
403,17,0.00,0.00,0.00,0.00,1.0,-1,-1,-1
403,18,0.00,0.00,0.00,0.00,1.0,-1,-1,-1
403,19,1013.00,507.00,110.00,210.00,1.0,-1,-1,-1
403,20,0.00,0.00,0.00,0.00,1.0,-1,-1,-1
403,21,0.00,0.00,0.00,0.00,1.0,-1,-1,-1
403,22,0.00,0.00,0.00,0.00,1.0,-1,-1,-1
403,23,0.00,0.00,0.00,0.00,1.0,-1,-1,-1
403,24,0.00,0.00,0.00,0.00,1.0,-1,-1,-1
403,25,0.00,0.00,0.00,0.00,1.0,-1,-1,-1
403,26,793.00,381.00,72.00,184.00,1.0,-1,-1,-1
403,27,0.00,0.00,0.00,0.00,1.0,-1,-1,-1
403,28,0.00,0.00,0.00,0.00,1.0,-1,-1,-1
403,29,0.00,0.00,0.00,0.00,1.0,-1,-1,-1
403,30,0.00,0.00,0.00,0.00,1.0,-1,-1,-1
403,31,692.00,794.00,93.00,231.00,1.0,-1,-1,-1
403,32,0.00,0.00,0.00,0.00,1.0,-1,-1,-1
403,33,1760.00,593.00,138.00,287.00,1.0,-1,-1,-1
403,34,0.00,0.00,0.00,0.00,1.0,-1,-1,-1
403,35,812.00,677.00,124.00,299.00,1.0,-1,-1,-1
403,36,0.00,0.00,0.00,0.00,1.0,-1,-1,-1
403,37,1533.00,310.00,39.00,164.00,1.0,-1,-1,-1
403,38,0.00,0.00,0.00,0.00,1.0,-1,-1,-1
403,39,0.00,0.00,0.00,0.00,1.0,-1,-1,-1
403,40,1031.00,676.00,87.00,308.00,1.0,-1,-1,-1
403,41,1808.00,507.00,91.00,276.00,1.0,-1,-1,-1
403,42,1204.00,455.00,81.00,236.00,1.0,-1,-1,-1
403,43,1425.00,344.00,77.00,193.00,1.0,-1,-1,-1
403,44,1003.00,375.00,74.00,187.00,1.0,-1,-1,-1
404,0,1428.00,635.00,113.00,320.00,1.0,-1,-1,-1
404,1,0.00,0.00,0.00,0.00,1.0,-1,-1,-1
404,2,0.00,0.00,0.00,0.00,1.0,-1,-1,-1
404,3,0.00,0.00,0.00,0.00,1.0,-1,-1,-1
404,4,0.00,0.00,0.00,0.00,1.0,-1,-1,-1
404,5,0.00,0.00,0.00,0.00,1.0,-1,-1,-1
404,6,0.00,0.00,0.00,0.00,1.0,-1,-1,-1
404,7,0.00,0.00,0.00,0.00,1.0,-1,-1,-1
404,8,0.00,0.00,0.00,0.00,1.0,-1,-1,-1
404,9,0.00,0.00,0.00,0.00,1.0,-1,-1,-1
404,10,1103.00,499.00,59.00,221.00,1.0,-1,-1,-1
404,11,0.00,0.00,0.00,0.00,1.0,-1,-1,-1
404,12,0.00,0.00,0.00,0.00,1.0,-1,-1,-1
404,13,0.00,0.00,0.00,0.00,1.0,-1,-1,-1
404,14,0.00,0.00,0.00,0.00,1.0,-1,-1,-1
404,15,0.00,0.00,0.00,0.00,1.0,-1,-1,-1
404,16,0.00,0.00,0.00,0.00,1.0,-1,-1,-1
404,17,0.00,0.00,0.00,0.00,1.0,-1,-1,-1
404,18,0.00,0.00,0.00,0.00,1.0,-1,-1,-1
404,19,1011.00,507.00,112.00,210.00,1.0,-1,-1,-1
404,20,0.00,0.00,0.00,0.00,1.0,-1,-1,-1
404,21,0.00,0.00,0.00,0.00,1.0,-1,-1,-1
404,22,0.00,0.00,0.00,0.00,1.0,-1,-1,-1
404,23,0.00,0.00,0.00,0.00,1.0,-1,-1,-1
404,24,0.00,0.00,0.00,0.00,1.0,-1,-1,-1
404,25,0.00,0.00,0.00,0.00,1.0,-1,-1,-1
404,26,792.00,392.00,69.00,172.00,1.0,-1,-1,-1
404,27,0.00,0.00,0.00,0.00,1.0,-1,-1,-1
404,28,0.00,0.00,0.00,0.00,1.0,-1,-1,-1
404,29,0.00,0.00,0.00,0.00,1.0,-1,-1,-1
404,30,0.00,0.00,0.00,0.00,1.0,-1,-1,-1
404,31,690.00,795.00,95.00,232.00,1.0,-1,-1,-1
404,32,0.00,0.00,0.00,0.00,1.0,-1,-1,-1
404,33,1765.00,591.00,133.00,290.00,1.0,-1,-1,-1
404,34,0.00,0.00,0.00,0.00,1.0,-1,-1,-1
404,35,813.00,678.00,121.00,301.00,1.0,-1,-1,-1
404,36,0.00,0.00,0.00,0.00,1.0,-1,-1,-1
404,37,1533.00,309.00,39.00,164.00,1.0,-1,-1,-1
404,38,0.00,0.00,0.00,0.00,1.0,-1,-1,-1
404,39,0.00,0.00,0.00,0.00,1.0,-1,-1,-1
404,40,1027.00,675.00,88.00,310.00,1.0,-1,-1,-1
404,41,1810.00,507.00,94.00,138.00,1.0,-1,-1,-1
404,42,1206.00,455.00,80.00,238.00,1.0,-1,-1,-1
404,43,1425.00,343.00,79.00,195.00,1.0,-1,-1,-1
404,44,1004.00,374.00,74.00,188.00,1.0,-1,-1,-1
405,0,1423.00,634.00,119.00,321.00,1.0,-1,-1,-1
405,1,0.00,0.00,0.00,0.00,1.0,-1,-1,-1
405,2,0.00,0.00,0.00,0.00,1.0,-1,-1,-1
405,3,0.00,0.00,0.00,0.00,1.0,-1,-1,-1
405,4,0.00,0.00,0.00,0.00,1.0,-1,-1,-1
405,5,0.00,0.00,0.00,0.00,1.0,-1,-1,-1
405,6,0.00,0.00,0.00,0.00,1.0,-1,-1,-1
405,7,0.00,0.00,0.00,0.00,1.0,-1,-1,-1
405,8,0.00,0.00,0.00,0.00,1.0,-1,-1,-1
405,9,0.00,0.00,0.00,0.00,1.0,-1,-1,-1
405,10,1101.00,499.00,60.00,223.00,1.0,-1,-1,-1
405,11,0.00,0.00,0.00,0.00,1.0,-1,-1,-1
405,12,0.00,0.00,0.00,0.00,1.0,-1,-1,-1
405,13,0.00,0.00,0.00,0.00,1.0,-1,-1,-1
405,14,0.00,0.00,0.00,0.00,1.0,-1,-1,-1
405,15,0.00,0.00,0.00,0.00,1.0,-1,-1,-1
405,16,0.00,0.00,0.00,0.00,1.0,-1,-1,-1
405,17,0.00,0.00,0.00,0.00,1.0,-1,-1,-1
405,18,0.00,0.00,0.00,0.00,1.0,-1,-1,-1
405,19,1008.00,507.00,116.00,213.00,1.0,-1,-1,-1
405,20,0.00,0.00,0.00,0.00,1.0,-1,-1,-1
405,21,0.00,0.00,0.00,0.00,1.0,-1,-1,-1
405,22,0.00,0.00,0.00,0.00,1.0,-1,-1,-1
405,23,0.00,0.00,0.00,0.00,1.0,-1,-1,-1
405,24,0.00,0.00,0.00,0.00,1.0,-1,-1,-1
405,25,0.00,0.00,0.00,0.00,1.0,-1,-1,-1
405,26,789.00,378.00,70.00,186.00,1.0,-1,-1,-1
405,27,0.00,0.00,0.00,0.00,1.0,-1,-1,-1
405,28,0.00,0.00,0.00,0.00,1.0,-1,-1,-1
405,29,0.00,0.00,0.00,0.00,1.0,-1,-1,-1
405,30,0.00,0.00,0.00,0.00,1.0,-1,-1,-1
405,31,686.00,795.00,98.00,232.00,1.0,-1,-1,-1
405,32,0.00,0.00,0.00,0.00,1.0,-1,-1,-1
405,33,1776.00,590.00,123.00,291.00,1.0,-1,-1,-1
405,34,0.00,0.00,0.00,0.00,1.0,-1,-1,-1
405,35,811.00,678.00,123.00,301.00,1.0,-1,-1,-1
405,36,0.00,0.00,0.00,0.00,1.0,-1,-1,-1
405,37,1532.00,309.00,39.00,164.00,1.0,-1,-1,-1
405,38,0.00,0.00,0.00,0.00,1.0,-1,-1,-1
405,39,0.00,0.00,0.00,0.00,1.0,-1,-1,-1
405,40,1027.00,676.00,86.00,308.00,1.0,-1,-1,-1
405,41,1813.00,505.00,96.00,123.00,1.0,-1,-1,-1
405,42,1209.00,456.00,77.00,241.00,1.0,-1,-1,-1
405,43,1425.00,344.00,79.00,195.00,1.0,-1,-1,-1
405,44,1005.00,374.00,72.00,187.00,1.0,-1,-1,-1
406,0,1419.00,633.00,130.00,324.00,1.0,-1,-1,-1
406,1,0.00,0.00,0.00,0.00,1.0,-1,-1,-1
406,2,0.00,0.00,0.00,0.00,1.0,-1,-1,-1
406,3,0.00,0.00,0.00,0.00,1.0,-1,-1,-1
406,4,0.00,0.00,0.00,0.00,1.0,-1,-1,-1
406,5,0.00,0.00,0.00,0.00,1.0,-1,-1,-1
406,6,0.00,0.00,0.00,0.00,1.0,-1,-1,-1
406,7,0.00,0.00,0.00,0.00,1.0,-1,-1,-1
406,8,0.00,0.00,0.00,0.00,1.0,-1,-1,-1
406,9,0.00,0.00,0.00,0.00,1.0,-1,-1,-1
406,10,1101.00,500.00,58.00,224.00,1.0,-1,-1,-1
406,11,0.00,0.00,0.00,0.00,1.0,-1,-1,-1
406,12,0.00,0.00,0.00,0.00,1.0,-1,-1,-1
406,13,0.00,0.00,0.00,0.00,1.0,-1,-1,-1
406,14,0.00,0.00,0.00,0.00,1.0,-1,-1,-1
406,15,0.00,0.00,0.00,0.00,1.0,-1,-1,-1
406,16,0.00,0.00,0.00,0.00,1.0,-1,-1,-1
406,17,0.00,0.00,0.00,0.00,1.0,-1,-1,-1
406,18,0.00,0.00,0.00,0.00,1.0,-1,-1,-1
406,19,1008.00,508.00,116.00,213.00,1.0,-1,-1,-1
406,20,0.00,0.00,0.00,0.00,1.0,-1,-1,-1
406,21,0.00,0.00,0.00,0.00,1.0,-1,-1,-1
406,22,0.00,0.00,0.00,0.00,1.0,-1,-1,-1
406,23,0.00,0.00,0.00,0.00,1.0,-1,-1,-1
406,24,0.00,0.00,0.00,0.00,1.0,-1,-1,-1
406,25,0.00,0.00,0.00,0.00,1.0,-1,-1,-1
406,26,789.00,390.00,68.00,174.00,1.0,-1,-1,-1
406,27,0.00,0.00,0.00,0.00,1.0,-1,-1,-1
406,28,0.00,0.00,0.00,0.00,1.0,-1,-1,-1
406,29,0.00,0.00,0.00,0.00,1.0,-1,-1,-1
406,30,0.00,0.00,0.00,0.00,1.0,-1,-1,-1
406,31,684.00,796.00,101.00,232.00,1.0,-1,-1,-1
406,32,0.00,0.00,0.00,0.00,1.0,-1,-1,-1
406,33,1792.00,591.00,108.00,290.00,1.0,-1,-1,-1
406,34,0.00,0.00,0.00,0.00,1.0,-1,-1,-1
406,35,812.00,679.00,122.00,302.00,1.0,-1,-1,-1
406,36,0.00,0.00,0.00,0.00,1.0,-1,-1,-1
406,37,1532.00,310.00,40.00,164.00,1.0,-1,-1,-1
406,38,0.00,0.00,0.00,0.00,1.0,-1,-1,-1
406,39,0.00,0.00,0.00,0.00,1.0,-1,-1,-1
406,40,1024.00,677.00,86.00,309.00,1.0,-1,-1,-1
406,41,1819.00,505.00,92.00,130.00,1.0,-1,-1,-1
406,42,1211.00,456.00,76.00,243.00,1.0,-1,-1,-1
406,43,1426.00,347.00,79.00,195.00,1.0,-1,-1,-1
406,44,1007.00,375.00,71.00,187.00,1.0,-1,-1,-1
407,0,1412.00,634.00,140.00,324.00,1.0,-1,-1,-1
407,1,0.00,0.00,0.00,0.00,1.0,-1,-1,-1
407,2,0.00,0.00,0.00,0.00,1.0,-1,-1,-1
407,3,0.00,0.00,0.00,0.00,1.0,-1,-1,-1
407,4,0.00,0.00,0.00,0.00,1.0,-1,-1,-1
407,5,0.00,0.00,0.00,0.00,1.0,-1,-1,-1
407,6,0.00,0.00,0.00,0.00,1.0,-1,-1,-1
407,7,0.00,0.00,0.00,0.00,1.0,-1,-1,-1
407,8,0.00,0.00,0.00,0.00,1.0,-1,-1,-1
407,9,0.00,0.00,0.00,0.00,1.0,-1,-1,-1
407,10,1101.00,500.00,57.00,224.00,1.0,-1,-1,-1
407,11,0.00,0.00,0.00,0.00,1.0,-1,-1,-1
407,12,0.00,0.00,0.00,0.00,1.0,-1,-1,-1
407,13,0.00,0.00,0.00,0.00,1.0,-1,-1,-1
407,14,0.00,0.00,0.00,0.00,1.0,-1,-1,-1
407,15,0.00,0.00,0.00,0.00,1.0,-1,-1,-1
407,16,0.00,0.00,0.00,0.00,1.0,-1,-1,-1
407,17,0.00,0.00,0.00,0.00,1.0,-1,-1,-1
407,18,0.00,0.00,0.00,0.00,1.0,-1,-1,-1
407,19,1007.00,508.00,118.00,216.00,1.0,-1,-1,-1
407,20,0.00,0.00,0.00,0.00,1.0,-1,-1,-1
407,21,0.00,0.00,0.00,0.00,1.0,-1,-1,-1
407,22,0.00,0.00,0.00,0.00,1.0,-1,-1,-1
407,23,0.00,0.00,0.00,0.00,1.0,-1,-1,-1
407,24,0.00,0.00,0.00,0.00,1.0,-1,-1,-1
407,25,0.00,0.00,0.00,0.00,1.0,-1,-1,-1
407,26,786.00,377.00,70.00,186.00,1.0,-1,-1,-1
407,27,0.00,0.00,0.00,0.00,1.0,-1,-1,-1
407,28,0.00,0.00,0.00,0.00,1.0,-1,-1,-1
407,29,0.00,0.00,0.00,0.00,1.0,-1,-1,-1
407,30,0.00,0.00,0.00,0.00,1.0,-1,-1,-1
407,31,682.00,795.00,102.00,234.00,1.0,-1,-1,-1
407,32,0.00,0.00,0.00,0.00,1.0,-1,-1,-1
407,33,1809.00,590.00,102.00,292.00,1.0,-1,-1,-1
407,34,0.00,0.00,0.00,0.00,1.0,-1,-1,-1
407,35,812.00,679.00,121.00,302.00,1.0,-1,-1,-1
407,36,0.00,0.00,0.00,0.00,1.0,-1,-1,-1
407,37,1533.00,311.00,39.00,164.00,1.0,-1,-1,-1
407,38,0.00,0.00,0.00,0.00,1.0,-1,-1,-1
407,39,0.00,0.00,0.00,0.00,1.0,-1,-1,-1
407,40,1023.00,677.00,86.00,309.00,1.0,-1,-1,-1
407,41,1825.00,505.00,88.00,122.00,1.0,-1,-1,-1
407,42,1213.00,456.00,75.00,242.00,1.0,-1,-1,-1
407,43,1427.00,349.00,80.00,183.00,1.0,-1,-1,-1
407,44,1007.00,376.00,72.00,186.00,1.0,-1,-1,-1
408,0,1404.00,630.00,153.00,327.00,1.0,-1,-1,-1
408,1,0.00,0.00,0.00,0.00,1.0,-1,-1,-1
408,2,0.00,0.00,0.00,0.00,1.0,-1,-1,-1
408,3,0.00,0.00,0.00,0.00,1.0,-1,-1,-1
408,4,0.00,0.00,0.00,0.00,1.0,-1,-1,-1
408,5,0.00,0.00,0.00,0.00,1.0,-1,-1,-1
408,6,0.00,0.00,0.00,0.00,1.0,-1,-1,-1
408,7,0.00,0.00,0.00,0.00,1.0,-1,-1,-1
408,8,0.00,0.00,0.00,0.00,1.0,-1,-1,-1
408,9,0.00,0.00,0.00,0.00,1.0,-1,-1,-1
408,10,1100.00,501.00,57.00,224.00,1.0,-1,-1,-1
408,11,0.00,0.00,0.00,0.00,1.0,-1,-1,-1
408,12,0.00,0.00,0.00,0.00,1.0,-1,-1,-1
408,13,0.00,0.00,0.00,0.00,1.0,-1,-1,-1
408,14,0.00,0.00,0.00,0.00,1.0,-1,-1,-1
408,15,0.00,0.00,0.00,0.00,1.0,-1,-1,-1
408,16,0.00,0.00,0.00,0.00,1.0,-1,-1,-1
408,17,0.00,0.00,0.00,0.00,1.0,-1,-1,-1
408,18,0.00,0.00,0.00,0.00,1.0,-1,-1,-1
408,19,1008.00,508.00,117.00,217.00,1.0,-1,-1,-1
408,20,0.00,0.00,0.00,0.00,1.0,-1,-1,-1
408,21,0.00,0.00,0.00,0.00,1.0,-1,-1,-1
408,22,0.00,0.00,0.00,0.00,1.0,-1,-1,-1
408,23,0.00,0.00,0.00,0.00,1.0,-1,-1,-1
408,24,0.00,0.00,0.00,0.00,1.0,-1,-1,-1
408,25,0.00,0.00,0.00,0.00,1.0,-1,-1,-1
408,26,785.00,379.00,69.00,180.00,1.0,-1,-1,-1
408,27,0.00,0.00,0.00,0.00,1.0,-1,-1,-1
408,28,0.00,0.00,0.00,0.00,1.0,-1,-1,-1
408,29,0.00,0.00,0.00,0.00,1.0,-1,-1,-1
408,30,0.00,0.00,0.00,0.00,1.0,-1,-1,-1
408,31,680.00,796.00,103.00,233.00,1.0,-1,-1,-1
408,32,0.00,0.00,0.00,0.00,1.0,-1,-1,-1
408,33,1829.00,590.00,91.00,293.00,1.0,-1,-1,-1
408,34,0.00,0.00,0.00,0.00,1.0,-1,-1,-1
408,35,812.00,680.00,121.00,301.00,1.0,-1,-1,-1
408,36,0.00,0.00,0.00,0.00,1.0,-1,-1,-1
408,37,1533.00,311.00,39.00,164.00,1.0,-1,-1,-1
408,38,0.00,0.00,0.00,0.00,1.0,-1,-1,-1
408,39,0.00,0.00,0.00,0.00,1.0,-1,-1,-1
408,40,1018.00,677.00,89.00,309.00,1.0,-1,-1,-1
408,41,1831.00,506.00,89.00,123.00,1.0,-1,-1,-1
408,42,1215.00,457.00,76.00,241.00,1.0,-1,-1,-1
408,43,1428.00,351.00,80.00,175.00,1.0,-1,-1,-1
408,44,1008.00,376.00,72.00,187.00,1.0,-1,-1,-1
409,0,1397.00,622.00,162.00,334.00,1.0,-1,-1,-1
409,1,0.00,0.00,0.00,0.00,1.0,-1,-1,-1
409,2,0.00,0.00,0.00,0.00,1.0,-1,-1,-1
409,3,0.00,0.00,0.00,0.00,1.0,-1,-1,-1
409,4,0.00,0.00,0.00,0.00,1.0,-1,-1,-1
409,5,0.00,0.00,0.00,0.00,1.0,-1,-1,-1
409,6,0.00,0.00,0.00,0.00,1.0,-1,-1,-1
409,7,0.00,0.00,0.00,0.00,1.0,-1,-1,-1
409,8,0.00,0.00,0.00,0.00,1.0,-1,-1,-1
409,9,0.00,0.00,0.00,0.00,1.0,-1,-1,-1
409,10,1102.00,502.00,55.00,221.00,1.0,-1,-1,-1
409,11,0.00,0.00,0.00,0.00,1.0,-1,-1,-1
409,12,0.00,0.00,0.00,0.00,1.0,-1,-1,-1
409,13,0.00,0.00,0.00,0.00,1.0,-1,-1,-1
409,14,0.00,0.00,0.00,0.00,1.0,-1,-1,-1
409,15,0.00,0.00,0.00,0.00,1.0,-1,-1,-1
409,16,0.00,0.00,0.00,0.00,1.0,-1,-1,-1
409,17,0.00,0.00,0.00,0.00,1.0,-1,-1,-1
409,18,0.00,0.00,0.00,0.00,1.0,-1,-1,-1
409,19,1008.00,508.00,116.00,299.00,1.0,-1,-1,-1
409,20,0.00,0.00,0.00,0.00,1.0,-1,-1,-1
409,21,0.00,0.00,0.00,0.00,1.0,-1,-1,-1
409,22,0.00,0.00,0.00,0.00,1.0,-1,-1,-1
409,23,0.00,0.00,0.00,0.00,1.0,-1,-1,-1
409,24,0.00,0.00,0.00,0.00,1.0,-1,-1,-1
409,25,0.00,0.00,0.00,0.00,1.0,-1,-1,-1
409,26,784.00,387.00,68.00,171.00,1.0,-1,-1,-1
409,27,0.00,0.00,0.00,0.00,1.0,-1,-1,-1
409,28,0.00,0.00,0.00,0.00,1.0,-1,-1,-1
409,29,0.00,0.00,0.00,0.00,1.0,-1,-1,-1
409,30,0.00,0.00,0.00,0.00,1.0,-1,-1,-1
409,31,679.00,796.00,103.00,233.00,1.0,-1,-1,-1
409,32,0.00,0.00,0.00,0.00,1.0,-1,-1,-1
409,33,1832.00,589.00,88.00,293.00,1.0,-1,-1,-1
409,34,0.00,0.00,0.00,0.00,1.0,-1,-1,-1
409,35,811.00,680.00,123.00,302.00,1.0,-1,-1,-1
409,36,0.00,0.00,0.00,0.00,1.0,-1,-1,-1
409,37,1534.00,311.00,38.00,164.00,1.0,-1,-1,-1
409,38,0.00,0.00,0.00,0.00,1.0,-1,-1,-1
409,39,0.00,0.00,0.00,0.00,1.0,-1,-1,-1
409,40,1016.00,678.00,91.00,308.00,1.0,-1,-1,-1
409,41,1836.00,505.00,84.00,131.00,1.0,-1,-1,-1
409,42,1216.00,455.00,77.00,244.00,1.0,-1,-1,-1
409,43,1430.00,352.00,79.00,172.00,1.0,-1,-1,-1
409,44,1009.00,376.00,72.00,187.00,1.0,-1,-1,-1
410,0,1391.00,596.00,174.00,362.00,1.0,-1,-1,-1
410,1,0.00,0.00,0.00,0.00,1.0,-1,-1,-1
410,2,0.00,0.00,0.00,0.00,1.0,-1,-1,-1
410,3,0.00,0.00,0.00,0.00,1.0,-1,-1,-1
410,4,0.00,0.00,0.00,0.00,1.0,-1,-1,-1
410,5,0.00,0.00,0.00,0.00,1.0,-1,-1,-1
410,6,0.00,0.00,0.00,0.00,1.0,-1,-1,-1
410,7,0.00,0.00,0.00,0.00,1.0,-1,-1,-1
410,8,0.00,0.00,0.00,0.00,1.0,-1,-1,-1
410,9,0.00,0.00,0.00,0.00,1.0,-1,-1,-1
410,10,1100.00,502.00,58.00,222.00,1.0,-1,-1,-1
410,11,0.00,0.00,0.00,0.00,1.0,-1,-1,-1
410,12,0.00,0.00,0.00,0.00,1.0,-1,-1,-1
410,13,0.00,0.00,0.00,0.00,1.0,-1,-1,-1
410,14,0.00,0.00,0.00,0.00,1.0,-1,-1,-1
410,15,0.00,0.00,0.00,0.00,1.0,-1,-1,-1
410,16,0.00,0.00,0.00,0.00,1.0,-1,-1,-1
410,17,0.00,0.00,0.00,0.00,1.0,-1,-1,-1
410,18,0.00,0.00,0.00,0.00,1.0,-1,-1,-1
410,19,1005.00,509.00,119.00,299.00,1.0,-1,-1,-1
410,20,0.00,0.00,0.00,0.00,1.0,-1,-1,-1
410,21,0.00,0.00,0.00,0.00,1.0,-1,-1,-1
410,22,0.00,0.00,0.00,0.00,1.0,-1,-1,-1
410,23,0.00,0.00,0.00,0.00,1.0,-1,-1,-1
410,24,0.00,0.00,0.00,0.00,1.0,-1,-1,-1
410,25,0.00,0.00,0.00,0.00,1.0,-1,-1,-1
410,26,783.00,383.00,69.00,175.00,1.0,-1,-1,-1
410,27,0.00,0.00,0.00,0.00,1.0,-1,-1,-1
410,28,0.00,0.00,0.00,0.00,1.0,-1,-1,-1
410,29,0.00,0.00,0.00,0.00,1.0,-1,-1,-1
410,30,0.00,0.00,0.00,0.00,1.0,-1,-1,-1
410,31,677.00,796.00,101.00,233.00,1.0,-1,-1,-1
410,32,0.00,0.00,0.00,0.00,1.0,-1,-1,-1
410,33,1839.00,592.00,81.00,297.00,1.0,-1,-1,-1
410,34,0.00,0.00,0.00,0.00,1.0,-1,-1,-1
410,35,810.00,681.00,123.00,300.00,1.0,-1,-1,-1
410,36,0.00,0.00,0.00,0.00,1.0,-1,-1,-1
410,37,1534.00,312.00,39.00,163.00,1.0,-1,-1,-1
410,38,0.00,0.00,0.00,0.00,1.0,-1,-1,-1
410,39,0.00,0.00,0.00,0.00,1.0,-1,-1,-1
410,40,1016.00,681.00,90.00,306.00,1.0,-1,-1,-1
410,41,1840.00,507.00,80.00,131.00,1.0,-1,-1,-1
410,42,1216.00,455.00,79.00,242.00,1.0,-1,-1,-1
410,43,1430.00,353.00,79.00,151.00,1.0,-1,-1,-1
410,44,1009.00,378.00,74.00,185.00,1.0,-1,-1,-1
411,0,1384.00,593.00,186.00,365.00,1.0,-1,-1,-1
411,1,0.00,0.00,0.00,0.00,1.0,-1,-1,-1
411,2,0.00,0.00,0.00,0.00,1.0,-1,-1,-1
411,3,0.00,0.00,0.00,0.00,1.0,-1,-1,-1
411,4,0.00,0.00,0.00,0.00,1.0,-1,-1,-1
411,5,0.00,0.00,0.00,0.00,1.0,-1,-1,-1
411,6,0.00,0.00,0.00,0.00,1.0,-1,-1,-1
411,7,0.00,0.00,0.00,0.00,1.0,-1,-1,-1
411,8,0.00,0.00,0.00,0.00,1.0,-1,-1,-1
411,9,0.00,0.00,0.00,0.00,1.0,-1,-1,-1
411,10,1101.00,502.00,56.00,221.00,1.0,-1,-1,-1
411,11,0.00,0.00,0.00,0.00,1.0,-1,-1,-1
411,12,0.00,0.00,0.00,0.00,1.0,-1,-1,-1
411,13,0.00,0.00,0.00,0.00,1.0,-1,-1,-1
411,14,0.00,0.00,0.00,0.00,1.0,-1,-1,-1
411,15,0.00,0.00,0.00,0.00,1.0,-1,-1,-1
411,16,0.00,0.00,0.00,0.00,1.0,-1,-1,-1
411,17,0.00,0.00,0.00,0.00,1.0,-1,-1,-1
411,18,0.00,0.00,0.00,0.00,1.0,-1,-1,-1
411,19,1015.00,509.00,113.00,299.00,1.0,-1,-1,-1
411,20,0.00,0.00,0.00,0.00,1.0,-1,-1,-1
411,21,0.00,0.00,0.00,0.00,1.0,-1,-1,-1
411,22,0.00,0.00,0.00,0.00,1.0,-1,-1,-1
411,23,0.00,0.00,0.00,0.00,1.0,-1,-1,-1
411,24,0.00,0.00,0.00,0.00,1.0,-1,-1,-1
411,25,0.00,0.00,0.00,0.00,1.0,-1,-1,-1
411,26,782.00,375.00,69.00,183.00,1.0,-1,-1,-1
411,27,0.00,0.00,0.00,0.00,1.0,-1,-1,-1
411,28,0.00,0.00,0.00,0.00,1.0,-1,-1,-1
411,29,0.00,0.00,0.00,0.00,1.0,-1,-1,-1
411,30,0.00,0.00,0.00,0.00,1.0,-1,-1,-1
411,31,675.00,796.00,100.00,233.00,1.0,-1,-1,-1
411,32,0.00,0.00,0.00,0.00,1.0,-1,-1,-1
411,33,1841.00,592.00,79.00,292.00,1.0,-1,-1,-1
411,34,0.00,0.00,0.00,0.00,1.0,-1,-1,-1
411,35,811.00,681.00,121.00,301.00,1.0,-1,-1,-1
411,36,0.00,0.00,0.00,0.00,1.0,-1,-1,-1
411,37,1534.00,311.00,39.00,164.00,1.0,-1,-1,-1
411,38,0.00,0.00,0.00,0.00,1.0,-1,-1,-1
411,39,0.00,0.00,0.00,0.00,1.0,-1,-1,-1
411,40,1015.00,680.00,90.00,307.00,1.0,-1,-1,-1
411,41,1846.00,508.00,74.00,133.00,1.0,-1,-1,-1
411,42,1218.00,456.00,82.00,241.00,1.0,-1,-1,-1
411,43,1432.00,353.00,79.00,151.00,1.0,-1,-1,-1
411,44,1010.00,378.00,75.00,185.00,1.0,-1,-1,-1
412,0,1379.00,593.00,194.00,367.00,1.0,-1,-1,-1
412,1,0.00,0.00,0.00,0.00,1.0,-1,-1,-1
412,2,0.00,0.00,0.00,0.00,1.0,-1,-1,-1
412,3,0.00,0.00,0.00,0.00,1.0,-1,-1,-1
412,4,0.00,0.00,0.00,0.00,1.0,-1,-1,-1
412,5,0.00,0.00,0.00,0.00,1.0,-1,-1,-1
412,6,0.00,0.00,0.00,0.00,1.0,-1,-1,-1
412,7,0.00,0.00,0.00,0.00,1.0,-1,-1,-1
412,8,0.00,0.00,0.00,0.00,1.0,-1,-1,-1
412,9,0.00,0.00,0.00,0.00,1.0,-1,-1,-1
412,10,1101.00,502.00,56.00,221.00,1.0,-1,-1,-1
412,11,0.00,0.00,0.00,0.00,1.0,-1,-1,-1
412,12,0.00,0.00,0.00,0.00,1.0,-1,-1,-1
412,13,0.00,0.00,0.00,0.00,1.0,-1,-1,-1
412,14,0.00,0.00,0.00,0.00,1.0,-1,-1,-1
412,15,0.00,0.00,0.00,0.00,1.0,-1,-1,-1
412,16,0.00,0.00,0.00,0.00,1.0,-1,-1,-1
412,17,0.00,0.00,0.00,0.00,1.0,-1,-1,-1
412,18,0.00,0.00,0.00,0.00,1.0,-1,-1,-1
412,19,1014.00,509.00,114.00,301.00,1.0,-1,-1,-1
412,20,0.00,0.00,0.00,0.00,1.0,-1,-1,-1
412,21,0.00,0.00,0.00,0.00,1.0,-1,-1,-1
412,22,0.00,0.00,0.00,0.00,1.0,-1,-1,-1
412,23,0.00,0.00,0.00,0.00,1.0,-1,-1,-1
412,24,0.00,0.00,0.00,0.00,1.0,-1,-1,-1
412,25,0.00,0.00,0.00,0.00,1.0,-1,-1,-1
412,26,783.00,378.00,66.00,180.00,1.0,-1,-1,-1
412,27,0.00,0.00,0.00,0.00,1.0,-1,-1,-1
412,28,0.00,0.00,0.00,0.00,1.0,-1,-1,-1
412,29,0.00,0.00,0.00,0.00,1.0,-1,-1,-1
412,30,0.00,0.00,0.00,0.00,1.0,-1,-1,-1
412,31,673.00,798.00,97.00,231.00,1.0,-1,-1,-1
412,32,0.00,0.00,0.00,0.00,1.0,-1,-1,-1
412,33,1847.00,594.00,73.00,288.00,1.0,-1,-1,-1
412,34,0.00,0.00,0.00,0.00,1.0,-1,-1,-1
412,35,809.00,682.00,120.00,301.00,1.0,-1,-1,-1
412,36,0.00,0.00,0.00,0.00,1.0,-1,-1,-1
412,37,1533.00,311.00,40.00,165.00,1.0,-1,-1,-1
412,38,0.00,0.00,0.00,0.00,1.0,-1,-1,-1
412,39,0.00,0.00,0.00,0.00,1.0,-1,-1,-1
412,40,1013.00,683.00,91.00,305.00,1.0,-1,-1,-1
412,41,1852.00,508.00,68.00,131.00,1.0,-1,-1,-1
412,42,1218.00,458.00,85.00,240.00,1.0,-1,-1,-1
412,43,1433.00,352.00,79.00,156.00,1.0,-1,-1,-1
412,44,1010.00,379.00,75.00,184.00,1.0,-1,-1,-1
413,0,1371.00,597.00,203.00,364.00,1.0,-1,-1,-1
413,1,0.00,0.00,0.00,0.00,1.0,-1,-1,-1
413,2,0.00,0.00,0.00,0.00,1.0,-1,-1,-1
413,3,0.00,0.00,0.00,0.00,1.0,-1,-1,-1
413,4,0.00,0.00,0.00,0.00,1.0,-1,-1,-1
413,5,0.00,0.00,0.00,0.00,1.0,-1,-1,-1
413,6,0.00,0.00,0.00,0.00,1.0,-1,-1,-1
413,7,0.00,0.00,0.00,0.00,1.0,-1,-1,-1
413,8,0.00,0.00,0.00,0.00,1.0,-1,-1,-1
413,9,0.00,0.00,0.00,0.00,1.0,-1,-1,-1
413,10,1100.00,503.00,55.00,221.00,1.0,-1,-1,-1
413,11,0.00,0.00,0.00,0.00,1.0,-1,-1,-1
413,12,0.00,0.00,0.00,0.00,1.0,-1,-1,-1
413,13,0.00,0.00,0.00,0.00,1.0,-1,-1,-1
413,14,0.00,0.00,0.00,0.00,1.0,-1,-1,-1
413,15,0.00,0.00,0.00,0.00,1.0,-1,-1,-1
413,16,0.00,0.00,0.00,0.00,1.0,-1,-1,-1
413,17,0.00,0.00,0.00,0.00,1.0,-1,-1,-1
413,18,0.00,0.00,0.00,0.00,1.0,-1,-1,-1
413,19,1016.00,509.00,111.00,220.00,1.0,-1,-1,-1
413,20,0.00,0.00,0.00,0.00,1.0,-1,-1,-1
413,21,0.00,0.00,0.00,0.00,1.0,-1,-1,-1
413,22,0.00,0.00,0.00,0.00,1.0,-1,-1,-1
413,23,0.00,0.00,0.00,0.00,1.0,-1,-1,-1
413,24,0.00,0.00,0.00,0.00,1.0,-1,-1,-1
413,25,0.00,0.00,0.00,0.00,1.0,-1,-1,-1
413,26,781.00,375.00,67.00,184.00,1.0,-1,-1,-1
413,27,0.00,0.00,0.00,0.00,1.0,-1,-1,-1
413,28,0.00,0.00,0.00,0.00,1.0,-1,-1,-1
413,29,0.00,0.00,0.00,0.00,1.0,-1,-1,-1
413,30,0.00,0.00,0.00,0.00,1.0,-1,-1,-1
413,31,670.00,798.00,95.00,233.00,1.0,-1,-1,-1
413,32,0.00,0.00,0.00,0.00,1.0,-1,-1,-1
413,33,1847.00,600.00,73.00,284.00,1.0,-1,-1,-1
413,34,0.00,0.00,0.00,0.00,1.0,-1,-1,-1
413,35,806.00,685.00,120.00,300.00,1.0,-1,-1,-1
413,36,0.00,0.00,0.00,0.00,1.0,-1,-1,-1
413,37,1532.00,313.00,40.00,164.00,1.0,-1,-1,-1
413,38,0.00,0.00,0.00,0.00,1.0,-1,-1,-1
413,39,0.00,0.00,0.00,0.00,1.0,-1,-1,-1
413,40,1011.00,684.00,90.00,312.00,1.0,-1,-1,-1
413,41,1859.00,512.00,61.00,133.00,1.0,-1,-1,-1
413,42,1216.00,458.00,91.00,242.00,1.0,-1,-1,-1
413,43,1434.00,353.00,78.00,160.00,1.0,-1,-1,-1
413,44,1010.00,381.00,73.00,183.00,1.0,-1,-1,-1
414,0,1368.00,601.00,213.00,361.00,1.0,-1,-1,-1
414,1,0.00,0.00,0.00,0.00,1.0,-1,-1,-1
414,2,0.00,0.00,0.00,0.00,1.0,-1,-1,-1
414,3,0.00,0.00,0.00,0.00,1.0,-1,-1,-1
414,4,0.00,0.00,0.00,0.00,1.0,-1,-1,-1
414,5,0.00,0.00,0.00,0.00,1.0,-1,-1,-1
414,6,0.00,0.00,0.00,0.00,1.0,-1,-1,-1
414,7,0.00,0.00,0.00,0.00,1.0,-1,-1,-1
414,8,0.00,0.00,0.00,0.00,1.0,-1,-1,-1
414,9,0.00,0.00,0.00,0.00,1.0,-1,-1,-1
414,10,1099.00,503.00,57.00,223.00,1.0,-1,-1,-1
414,11,0.00,0.00,0.00,0.00,1.0,-1,-1,-1
414,12,0.00,0.00,0.00,0.00,1.0,-1,-1,-1
414,13,0.00,0.00,0.00,0.00,1.0,-1,-1,-1
414,14,0.00,0.00,0.00,0.00,1.0,-1,-1,-1
414,15,0.00,0.00,0.00,0.00,1.0,-1,-1,-1
414,16,0.00,0.00,0.00,0.00,1.0,-1,-1,-1
414,17,0.00,0.00,0.00,0.00,1.0,-1,-1,-1
414,18,0.00,0.00,0.00,0.00,1.0,-1,-1,-1
414,19,1014.00,510.00,112.00,218.00,1.0,-1,-1,-1
414,20,0.00,0.00,0.00,0.00,1.0,-1,-1,-1
414,21,0.00,0.00,0.00,0.00,1.0,-1,-1,-1
414,22,0.00,0.00,0.00,0.00,1.0,-1,-1,-1
414,23,0.00,0.00,0.00,0.00,1.0,-1,-1,-1
414,24,0.00,0.00,0.00,0.00,1.0,-1,-1,-1
414,25,0.00,0.00,0.00,0.00,1.0,-1,-1,-1
414,26,781.00,376.00,66.00,184.00,1.0,-1,-1,-1
414,27,0.00,0.00,0.00,0.00,1.0,-1,-1,-1
414,28,0.00,0.00,0.00,0.00,1.0,-1,-1,-1
414,29,0.00,0.00,0.00,0.00,1.0,-1,-1,-1
414,30,0.00,0.00,0.00,0.00,1.0,-1,-1,-1
414,31,669.00,801.00,92.00,235.00,1.0,-1,-1,-1
414,32,0.00,0.00,0.00,0.00,1.0,-1,-1,-1
414,33,1857.00,613.00,63.00,271.00,1.0,-1,-1,-1
414,34,0.00,0.00,0.00,0.00,1.0,-1,-1,-1
414,35,806.00,687.00,118.00,300.00,1.0,-1,-1,-1
414,36,0.00,0.00,0.00,0.00,1.0,-1,-1,-1
414,37,1533.00,313.00,40.00,164.00,1.0,-1,-1,-1
414,38,0.00,0.00,0.00,0.00,1.0,-1,-1,-1
414,39,0.00,0.00,0.00,0.00,1.0,-1,-1,-1
414,40,1012.00,687.00,90.00,312.00,1.0,-1,-1,-1
414,41,1865.00,514.00,55.00,136.00,1.0,-1,-1,-1
414,42,1215.00,459.00,96.00,246.00,1.0,-1,-1,-1
414,43,1435.00,352.00,77.00,161.00,1.0,-1,-1,-1
414,44,1010.00,383.00,73.00,181.00,1.0,-1,-1,-1
415,0,1365.00,675.00,142.00,287.00,1.0,-1,-1,-1
415,1,0.00,0.00,0.00,0.00,1.0,-1,-1,-1
415,2,0.00,0.00,0.00,0.00,1.0,-1,-1,-1
415,3,0.00,0.00,0.00,0.00,1.0,-1,-1,-1
415,4,0.00,0.00,0.00,0.00,1.0,-1,-1,-1
415,5,1862.00,641.00,58.00,245.00,1.0,-1,-1,-1
415,6,0.00,0.00,0.00,0.00,1.0,-1,-1,-1
415,7,0.00,0.00,0.00,0.00,1.0,-1,-1,-1
415,8,0.00,0.00,0.00,0.00,1.0,-1,-1,-1
415,9,0.00,0.00,0.00,0.00,1.0,-1,-1,-1
415,10,1099.00,504.00,59.00,224.00,1.0,-1,-1,-1
415,11,0.00,0.00,0.00,0.00,1.0,-1,-1,-1
415,12,0.00,0.00,0.00,0.00,1.0,-1,-1,-1
415,13,0.00,0.00,0.00,0.00,1.0,-1,-1,-1
415,14,0.00,0.00,0.00,0.00,1.0,-1,-1,-1
415,15,0.00,0.00,0.00,0.00,1.0,-1,-1,-1
415,16,0.00,0.00,0.00,0.00,1.0,-1,-1,-1
415,17,0.00,0.00,0.00,0.00,1.0,-1,-1,-1
415,18,0.00,0.00,0.00,0.00,1.0,-1,-1,-1
415,19,1017.00,511.00,112.00,218.00,1.0,-1,-1,-1
415,20,0.00,0.00,0.00,0.00,1.0,-1,-1,-1
415,21,0.00,0.00,0.00,0.00,1.0,-1,-1,-1
415,22,0.00,0.00,0.00,0.00,1.0,-1,-1,-1
415,23,0.00,0.00,0.00,0.00,1.0,-1,-1,-1
415,24,0.00,0.00,0.00,0.00,1.0,-1,-1,-1
415,25,0.00,0.00,0.00,0.00,1.0,-1,-1,-1
415,26,782.00,373.00,64.00,188.00,1.0,-1,-1,-1
415,27,0.00,0.00,0.00,0.00,1.0,-1,-1,-1
415,28,0.00,0.00,0.00,0.00,1.0,-1,-1,-1
415,29,0.00,0.00,0.00,0.00,1.0,-1,-1,-1
415,30,0.00,0.00,0.00,0.00,1.0,-1,-1,-1
415,31,668.00,803.00,91.00,238.00,1.0,-1,-1,-1
415,32,0.00,0.00,0.00,0.00,1.0,-1,-1,-1
415,33,1862.00,636.00,58.00,249.00,1.0,-1,-1,-1
415,34,0.00,0.00,0.00,0.00,1.0,-1,-1,-1
415,35,805.00,689.00,116.00,301.00,1.0,-1,-1,-1
415,36,0.00,0.00,0.00,0.00,1.0,-1,-1,-1
415,37,1535.00,313.00,39.00,164.00,1.0,-1,-1,-1
415,38,0.00,0.00,0.00,0.00,1.0,-1,-1,-1
415,39,0.00,0.00,0.00,0.00,1.0,-1,-1,-1
415,40,1011.00,688.00,91.00,319.00,1.0,-1,-1,-1
415,41,1871.00,516.00,49.00,140.00,1.0,-1,-1,-1
415,42,1215.00,460.00,101.00,250.00,1.0,-1,-1,-1
415,43,1438.00,352.00,76.00,166.00,1.0,-1,-1,-1
415,44,1012.00,385.00,72.00,179.00,1.0,-1,-1,-1
416,0,1360.00,680.00,144.00,284.00,1.0,-1,-1,-1
416,1,0.00,0.00,0.00,0.00,1.0,-1,-1,-1
416,2,0.00,0.00,0.00,0.00,1.0,-1,-1,-1
416,3,0.00,0.00,0.00,0.00,1.0,-1,-1,-1
416,4,0.00,0.00,0.00,0.00,1.0,-1,-1,-1
416,5,1871.00,800.00,49.00,86.00,1.0,-1,-1,-1
416,6,0.00,0.00,0.00,0.00,1.0,-1,-1,-1
416,7,0.00,0.00,0.00,0.00,1.0,-1,-1,-1
416,8,1870.00,798.00,50.00,88.00,1.0,-1,-1,-1
416,9,0.00,0.00,0.00,0.00,1.0,-1,-1,-1
416,10,1099.00,505.00,58.00,224.00,1.0,-1,-1,-1
416,11,0.00,0.00,0.00,0.00,1.0,-1,-1,-1
416,12,0.00,0.00,0.00,0.00,1.0,-1,-1,-1
416,13,0.00,0.00,0.00,0.00,1.0,-1,-1,-1
416,14,0.00,0.00,0.00,0.00,1.0,-1,-1,-1
416,15,0.00,0.00,0.00,0.00,1.0,-1,-1,-1
416,16,0.00,0.00,0.00,0.00,1.0,-1,-1,-1
416,17,0.00,0.00,0.00,0.00,1.0,-1,-1,-1
416,18,0.00,0.00,0.00,0.00,1.0,-1,-1,-1
416,19,1016.00,512.00,113.00,217.00,1.0,-1,-1,-1
416,20,0.00,0.00,0.00,0.00,1.0,-1,-1,-1
416,21,0.00,0.00,0.00,0.00,1.0,-1,-1,-1
416,22,0.00,0.00,0.00,0.00,1.0,-1,-1,-1
416,23,0.00,0.00,0.00,0.00,1.0,-1,-1,-1
416,24,0.00,0.00,0.00,0.00,1.0,-1,-1,-1
416,25,0.00,0.00,0.00,0.00,1.0,-1,-1,-1
416,26,782.00,384.00,62.00,177.00,1.0,-1,-1,-1
416,27,0.00,0.00,0.00,0.00,1.0,-1,-1,-1
416,28,0.00,0.00,0.00,0.00,1.0,-1,-1,-1
416,29,0.00,0.00,0.00,0.00,1.0,-1,-1,-1
416,30,0.00,0.00,0.00,0.00,1.0,-1,-1,-1
416,31,666.00,808.00,92.00,235.00,1.0,-1,-1,-1
416,32,0.00,0.00,0.00,0.00,1.0,-1,-1,-1
416,33,1870.00,643.00,50.00,242.00,1.0,-1,-1,-1
416,34,0.00,0.00,0.00,0.00,1.0,-1,-1,-1
416,35,803.00,693.00,114.00,303.00,1.0,-1,-1,-1
416,36,0.00,0.00,0.00,0.00,1.0,-1,-1,-1
416,37,1535.00,314.00,39.00,165.00,1.0,-1,-1,-1
416,38,0.00,0.00,0.00,0.00,1.0,-1,-1,-1
416,39,0.00,0.00,0.00,0.00,1.0,-1,-1,-1
416,40,1010.00,691.00,90.00,317.00,1.0,-1,-1,-1
416,41,1876.00,519.00,44.00,149.00,1.0,-1,-1,-1
416,42,1214.00,464.00,106.00,247.00,1.0,-1,-1,-1
416,43,1439.00,353.00,75.00,169.00,1.0,-1,-1,-1
416,44,1012.00,385.00,71.00,180.00,1.0,-1,-1,-1
417,0,1355.00,678.00,146.00,286.00,1.0,-1,-1,-1
417,1,0.00,0.00,0.00,0.00,1.0,-1,-1,-1
417,2,0.00,0.00,0.00,0.00,1.0,-1,-1,-1
417,3,0.00,0.00,0.00,0.00,1.0,-1,-1,-1
417,4,0.00,0.00,0.00,0.00,1.0,-1,-1,-1
417,5,1885.00,818.00,35.00,68.00,1.0,-1,-1,-1
417,6,0.00,0.00,0.00,0.00,1.0,-1,-1,-1
417,7,0.00,0.00,0.00,0.00,1.0,-1,-1,-1
417,8,1885.00,816.00,35.00,72.00,1.0,-1,-1,-1
417,9,0.00,0.00,0.00,0.00,1.0,-1,-1,-1
417,10,1098.00,505.00,58.00,225.00,1.0,-1,-1,-1
417,11,0.00,0.00,0.00,0.00,1.0,-1,-1,-1
417,12,0.00,0.00,0.00,0.00,1.0,-1,-1,-1
417,13,0.00,0.00,0.00,0.00,1.0,-1,-1,-1
417,14,0.00,0.00,0.00,0.00,1.0,-1,-1,-1
417,15,0.00,0.00,0.00,0.00,1.0,-1,-1,-1
417,16,0.00,0.00,0.00,0.00,1.0,-1,-1,-1
417,17,0.00,0.00,0.00,0.00,1.0,-1,-1,-1
417,18,0.00,0.00,0.00,0.00,1.0,-1,-1,-1
417,19,1012.00,512.00,119.00,219.00,1.0,-1,-1,-1
417,20,1886.00,819.00,34.00,65.00,1.0,-1,-1,-1
417,21,0.00,0.00,0.00,0.00,1.0,-1,-1,-1
417,22,0.00,0.00,0.00,0.00,1.0,-1,-1,-1
417,23,0.00,0.00,0.00,0.00,1.0,-1,-1,-1
417,24,0.00,0.00,0.00,0.00,1.0,-1,-1,-1
417,25,0.00,0.00,0.00,0.00,1.0,-1,-1,-1
417,26,781.00,382.00,63.00,179.00,1.0,-1,-1,-1
417,27,0.00,0.00,0.00,0.00,1.0,-1,-1,-1
417,28,0.00,0.00,0.00,0.00,1.0,-1,-1,-1
417,29,0.00,0.00,0.00,0.00,1.0,-1,-1,-1
417,30,0.00,0.00,0.00,0.00,1.0,-1,-1,-1
417,31,665.00,811.00,93.00,234.00,1.0,-1,-1,-1
417,32,0.00,0.00,0.00,0.00,1.0,-1,-1,-1
417,33,1885.00,655.00,35.00,230.00,1.0,-1,-1,-1
417,34,0.00,0.00,0.00,0.00,1.0,-1,-1,-1
417,35,800.00,697.00,115.00,300.00,1.0,-1,-1,-1
417,36,0.00,0.00,0.00,0.00,1.0,-1,-1,-1
417,37,1536.00,315.00,37.00,165.00,1.0,-1,-1,-1
417,38,0.00,0.00,0.00,0.00,1.0,-1,-1,-1
417,39,0.00,0.00,0.00,0.00,1.0,-1,-1,-1
417,40,1008.00,696.00,92.00,315.00,1.0,-1,-1,-1
417,41,1883.00,525.00,37.00,136.00,1.0,-1,-1,-1
417,42,1211.00,469.00,116.00,248.00,1.0,-1,-1,-1
417,43,1439.00,353.00,76.00,155.00,1.0,-1,-1,-1
417,44,1011.00,387.00,71.00,179.00,1.0,-1,-1,-1
418,0,1353.00,678.00,148.00,285.00,1.0,-1,-1,-1
418,1,0.00,0.00,0.00,0.00,1.0,-1,-1,-1
418,2,0.00,0.00,0.00,0.00,1.0,-1,-1,-1
418,3,0.00,0.00,0.00,0.00,1.0,-1,-1,-1
418,4,0.00,0.00,0.00,0.00,1.0,-1,-1,-1
418,5,1906.00,830.00,14.00,41.00,1.0,-1,-1,-1
418,6,0.00,0.00,0.00,0.00,1.0,-1,-1,-1
418,7,0.00,0.00,0.00,0.00,1.0,-1,-1,-1
418,8,1905.00,828.00,15.00,44.00,1.0,-1,-1,-1
418,9,0.00,0.00,0.00,0.00,1.0,-1,-1,-1
418,10,1099.00,504.00,57.00,225.00,1.0,-1,-1,-1
418,11,0.00,0.00,0.00,0.00,1.0,-1,-1,-1
418,12,0.00,0.00,0.00,0.00,1.0,-1,-1,-1
418,13,0.00,0.00,0.00,0.00,1.0,-1,-1,-1
418,14,0.00,0.00,0.00,0.00,1.0,-1,-1,-1
418,15,0.00,0.00,0.00,0.00,1.0,-1,-1,-1
418,16,0.00,0.00,0.00,0.00,1.0,-1,-1,-1
418,17,0.00,0.00,0.00,0.00,1.0,-1,-1,-1
418,18,0.00,0.00,0.00,0.00,1.0,-1,-1,-1
418,19,1016.00,511.00,116.00,220.00,1.0,-1,-1,-1
418,20,1905.00,829.00,15.00,42.00,1.0,-1,-1,-1
418,21,0.00,0.00,0.00,0.00,1.0,-1,-1,-1
418,22,0.00,0.00,0.00,0.00,1.0,-1,-1,-1
418,23,0.00,0.00,0.00,0.00,1.0,-1,-1,-1
418,24,0.00,0.00,0.00,0.00,1.0,-1,-1,-1
418,25,0.00,0.00,0.00,0.00,1.0,-1,-1,-1
418,26,781.00,376.00,65.00,185.00,1.0,-1,-1,-1
418,27,0.00,0.00,0.00,0.00,1.0,-1,-1,-1
418,28,0.00,0.00,0.00,0.00,1.0,-1,-1,-1
418,29,0.00,0.00,0.00,0.00,1.0,-1,-1,-1
418,30,0.00,0.00,0.00,0.00,1.0,-1,-1,-1
418,31,665.00,813.00,92.00,234.00,1.0,-1,-1,-1
418,32,0.00,0.00,0.00,0.00,1.0,-1,-1,-1
418,33,1905.00,693.00,15.00,178.00,1.0,-1,-1,-1
418,34,0.00,0.00,0.00,0.00,1.0,-1,-1,-1
418,35,798.00,697.00,116.00,306.00,1.0,-1,-1,-1
418,36,0.00,0.00,0.00,0.00,1.0,-1,-1,-1
418,37,1535.00,314.00,40.00,165.00,1.0,-1,-1,-1
418,38,0.00,0.00,0.00,0.00,1.0,-1,-1,-1
418,39,0.00,0.00,0.00,0.00,1.0,-1,-1,-1
418,40,1008.00,697.00,92.00,313.00,1.0,-1,-1,-1
418,41,1893.00,547.00,27.00,117.00,1.0,-1,-1,-1
418,42,1215.00,470.00,117.00,246.00,1.0,-1,-1,-1
418,43,1441.00,353.00,76.00,163.00,1.0,-1,-1,-1
418,44,1011.00,386.00,72.00,179.00,1.0,-1,-1,-1
419,0,1349.00,680.00,151.00,284.00,1.0,-1,-1,-1
419,1,0.00,0.00,0.00,0.00,1.0,-1,-1,-1
419,2,0.00,0.00,0.00,0.00,1.0,-1,-1,-1
419,3,0.00,0.00,0.00,0.00,1.0,-1,-1,-1
419,4,0.00,0.00,0.00,0.00,1.0,-1,-1,-1
419,5,0.00,0.00,0.00,0.00,1.0,-1,-1,-1
419,6,0.00,0.00,0.00,0.00,1.0,-1,-1,-1
419,7,0.00,0.00,0.00,0.00,1.0,-1,-1,-1
419,8,0.00,0.00,0.00,0.00,1.0,-1,-1,-1
419,9,0.00,0.00,0.00,0.00,1.0,-1,-1,-1
419,10,1098.00,504.00,58.00,225.00,1.0,-1,-1,-1
419,11,0.00,0.00,0.00,0.00,1.0,-1,-1,-1
419,12,0.00,0.00,0.00,0.00,1.0,-1,-1,-1
419,13,0.00,0.00,0.00,0.00,1.0,-1,-1,-1
419,14,0.00,0.00,0.00,0.00,1.0,-1,-1,-1
419,15,0.00,0.00,0.00,0.00,1.0,-1,-1,-1
419,16,0.00,0.00,0.00,0.00,1.0,-1,-1,-1
419,17,0.00,0.00,0.00,0.00,1.0,-1,-1,-1
419,18,0.00,0.00,0.00,0.00,1.0,-1,-1,-1
419,19,1016.00,512.00,116.00,219.00,1.0,-1,-1,-1
419,20,0.00,0.00,0.00,0.00,1.0,-1,-1,-1
419,21,0.00,0.00,0.00,0.00,1.0,-1,-1,-1
419,22,0.00,0.00,0.00,0.00,1.0,-1,-1,-1
419,23,0.00,0.00,0.00,0.00,1.0,-1,-1,-1
419,24,0.00,0.00,0.00,0.00,1.0,-1,-1,-1
419,25,0.00,0.00,0.00,0.00,1.0,-1,-1,-1
419,26,782.00,374.00,64.00,188.00,1.0,-1,-1,-1
419,27,0.00,0.00,0.00,0.00,1.0,-1,-1,-1
419,28,0.00,0.00,0.00,0.00,1.0,-1,-1,-1
419,29,0.00,0.00,0.00,0.00,1.0,-1,-1,-1
419,30,0.00,0.00,0.00,0.00,1.0,-1,-1,-1
419,31,665.00,815.00,92.00,235.00,1.0,-1,-1,-1
419,32,0.00,0.00,0.00,0.00,1.0,-1,-1,-1
419,33,0.00,0.00,0.00,0.00,1.0,-1,-1,-1
419,34,0.00,0.00,0.00,0.00,1.0,-1,-1,-1
419,35,797.00,698.00,115.00,305.00,1.0,-1,-1,-1
419,36,0.00,0.00,0.00,0.00,1.0,-1,-1,-1
419,37,1537.00,314.00,38.00,165.00,1.0,-1,-1,-1
419,38,0.00,0.00,0.00,0.00,1.0,-1,-1,-1
419,39,0.00,0.00,0.00,0.00,1.0,-1,-1,-1
419,40,1008.00,699.00,92.00,314.00,1.0,-1,-1,-1
419,41,1900.00,563.00,20.00,93.00,1.0,-1,-1,-1
419,42,1216.00,471.00,117.00,246.00,1.0,-1,-1,-1
419,43,1443.00,354.00,76.00,173.00,1.0,-1,-1,-1
419,44,1012.00,388.00,71.00,177.00,1.0,-1,-1,-1
420,0,1345.00,677.00,154.00,287.00,1.0,-1,-1,-1
420,1,0.00,0.00,0.00,0.00,1.0,-1,-1,-1
420,2,0.00,0.00,0.00,0.00,1.0,-1,-1,-1
420,3,0.00,0.00,0.00,0.00,1.0,-1,-1,-1
420,4,0.00,0.00,0.00,0.00,1.0,-1,-1,-1
420,5,0.00,0.00,0.00,0.00,1.0,-1,-1,-1
420,6,0.00,0.00,0.00,0.00,1.0,-1,-1,-1
420,7,0.00,0.00,0.00,0.00,1.0,-1,-1,-1
420,8,0.00,0.00,0.00,0.00,1.0,-1,-1,-1
420,9,0.00,0.00,0.00,0.00,1.0,-1,-1,-1
420,10,1100.00,505.00,55.00,224.00,1.0,-1,-1,-1
420,11,0.00,0.00,0.00,0.00,1.0,-1,-1,-1
420,12,0.00,0.00,0.00,0.00,1.0,-1,-1,-1
420,13,0.00,0.00,0.00,0.00,1.0,-1,-1,-1
420,14,0.00,0.00,0.00,0.00,1.0,-1,-1,-1
420,15,0.00,0.00,0.00,0.00,1.0,-1,-1,-1
420,16,0.00,0.00,0.00,0.00,1.0,-1,-1,-1
420,17,0.00,0.00,0.00,0.00,1.0,-1,-1,-1
420,18,0.00,0.00,0.00,0.00,1.0,-1,-1,-1
420,19,1015.00,511.00,116.00,219.00,1.0,-1,-1,-1
420,20,0.00,0.00,0.00,0.00,1.0,-1,-1,-1
420,21,0.00,0.00,0.00,0.00,1.0,-1,-1,-1
420,22,0.00,0.00,0.00,0.00,1.0,-1,-1,-1
420,23,0.00,0.00,0.00,0.00,1.0,-1,-1,-1
420,24,0.00,0.00,0.00,0.00,1.0,-1,-1,-1
420,25,0.00,0.00,0.00,0.00,1.0,-1,-1,-1
420,26,781.00,375.00,65.00,187.00,1.0,-1,-1,-1
420,27,0.00,0.00,0.00,0.00,1.0,-1,-1,-1
420,28,0.00,0.00,0.00,0.00,1.0,-1,-1,-1
420,29,0.00,0.00,0.00,0.00,1.0,-1,-1,-1
420,30,0.00,0.00,0.00,0.00,1.0,-1,-1,-1
420,31,663.00,817.00,92.00,237.00,1.0,-1,-1,-1
420,32,0.00,0.00,0.00,0.00,1.0,-1,-1,-1
420,33,0.00,0.00,0.00,0.00,1.0,-1,-1,-1
420,34,0.00,0.00,0.00,0.00,1.0,-1,-1,-1
420,35,795.00,698.00,117.00,307.00,1.0,-1,-1,-1
420,36,0.00,0.00,0.00,0.00,1.0,-1,-1,-1
420,37,1537.00,314.00,38.00,165.00,1.0,-1,-1,-1
420,38,0.00,0.00,0.00,0.00,1.0,-1,-1,-1
420,39,0.00,0.00,0.00,0.00,1.0,-1,-1,-1
420,40,1008.00,700.00,92.00,316.00,1.0,-1,-1,-1
420,41,1906.00,572.00,14.00,64.00,1.0,-1,-1,-1
420,42,1219.00,472.00,116.00,248.00,1.0,-1,-1,-1
420,43,1444.00,356.00,74.00,170.00,1.0,-1,-1,-1
420,44,1011.00,390.00,71.00,177.00,1.0,-1,-1,-1
421,0,1342.00,676.00,155.00,288.00,1.0,-1,-1,-1
421,1,0.00,0.00,0.00,0.00,1.0,-1,-1,-1
421,2,0.00,0.00,0.00,0.00,1.0,-1,-1,-1
421,3,0.00,0.00,0.00,0.00,1.0,-1,-1,-1
421,4,0.00,0.00,0.00,0.00,1.0,-1,-1,-1
421,5,0.00,0.00,0.00,0.00,1.0,-1,-1,-1
421,6,0.00,0.00,0.00,0.00,1.0,-1,-1,-1
421,7,0.00,0.00,0.00,0.00,1.0,-1,-1,-1
421,8,0.00,0.00,0.00,0.00,1.0,-1,-1,-1
421,9,0.00,0.00,0.00,0.00,1.0,-1,-1,-1
421,10,1100.00,504.00,56.00,225.00,1.0,-1,-1,-1
421,11,0.00,0.00,0.00,0.00,1.0,-1,-1,-1
421,12,0.00,0.00,0.00,0.00,1.0,-1,-1,-1
421,13,0.00,0.00,0.00,0.00,1.0,-1,-1,-1
421,14,0.00,0.00,0.00,0.00,1.0,-1,-1,-1
421,15,0.00,0.00,0.00,0.00,1.0,-1,-1,-1
421,16,0.00,0.00,0.00,0.00,1.0,-1,-1,-1
421,17,0.00,0.00,0.00,0.00,1.0,-1,-1,-1
421,18,0.00,0.00,0.00,0.00,1.0,-1,-1,-1
421,19,1016.00,511.00,114.00,219.00,1.0,-1,-1,-1
421,20,0.00,0.00,0.00,0.00,1.0,-1,-1,-1
421,21,0.00,0.00,0.00,0.00,1.0,-1,-1,-1
421,22,0.00,0.00,0.00,0.00,1.0,-1,-1,-1
421,23,0.00,0.00,0.00,0.00,1.0,-1,-1,-1
421,24,0.00,0.00,0.00,0.00,1.0,-1,-1,-1
421,25,0.00,0.00,0.00,0.00,1.0,-1,-1,-1
421,26,781.00,374.00,66.00,187.00,1.0,-1,-1,-1
421,27,0.00,0.00,0.00,0.00,1.0,-1,-1,-1
421,28,0.00,0.00,0.00,0.00,1.0,-1,-1,-1
421,29,0.00,0.00,0.00,0.00,1.0,-1,-1,-1
421,30,0.00,0.00,0.00,0.00,1.0,-1,-1,-1
421,31,663.00,818.00,92.00,236.00,1.0,-1,-1,-1
421,32,0.00,0.00,0.00,0.00,1.0,-1,-1,-1
421,33,0.00,0.00,0.00,0.00,1.0,-1,-1,-1
421,34,0.00,0.00,0.00,0.00,1.0,-1,-1,-1
421,35,791.00,698.00,121.00,306.00,1.0,-1,-1,-1
421,36,0.00,0.00,0.00,0.00,1.0,-1,-1,-1
421,37,1536.00,314.00,40.00,165.00,1.0,-1,-1,-1
421,38,0.00,0.00,0.00,0.00,1.0,-1,-1,-1
421,39,0.00,0.00,0.00,0.00,1.0,-1,-1,-1
421,40,1008.00,700.00,91.00,316.00,1.0,-1,-1,-1
421,41,1911.00,582.00,9.00,55.00,1.0,-1,-1,-1
421,42,1221.00,471.00,114.00,249.00,1.0,-1,-1,-1
421,43,1445.00,358.00,73.00,173.00,1.0,-1,-1,-1
421,44,1010.00,390.00,72.00,178.00,1.0,-1,-1,-1
422,0,1342.00,675.00,156.00,289.00,1.0,-1,-1,-1
422,1,0.00,0.00,0.00,0.00,1.0,-1,-1,-1
422,2,0.00,0.00,0.00,0.00,1.0,-1,-1,-1
422,3,0.00,0.00,0.00,0.00,1.0,-1,-1,-1
422,4,0.00,0.00,0.00,0.00,1.0,-1,-1,-1
422,5,0.00,0.00,0.00,0.00,1.0,-1,-1,-1
422,6,0.00,0.00,0.00,0.00,1.0,-1,-1,-1
422,7,0.00,0.00,0.00,0.00,1.0,-1,-1,-1
422,8,0.00,0.00,0.00,0.00,1.0,-1,-1,-1
422,9,0.00,0.00,0.00,0.00,1.0,-1,-1,-1
422,10,1101.00,504.00,53.00,225.00,1.0,-1,-1,-1
422,11,0.00,0.00,0.00,0.00,1.0,-1,-1,-1
422,12,0.00,0.00,0.00,0.00,1.0,-1,-1,-1
422,13,0.00,0.00,0.00,0.00,1.0,-1,-1,-1
422,14,0.00,0.00,0.00,0.00,1.0,-1,-1,-1
422,15,0.00,0.00,0.00,0.00,1.0,-1,-1,-1
422,16,0.00,0.00,0.00,0.00,1.0,-1,-1,-1
422,17,0.00,0.00,0.00,0.00,1.0,-1,-1,-1
422,18,0.00,0.00,0.00,0.00,1.0,-1,-1,-1
422,19,1016.00,511.00,115.00,219.00,1.0,-1,-1,-1
422,20,0.00,0.00,0.00,0.00,1.0,-1,-1,-1
422,21,0.00,0.00,0.00,0.00,1.0,-1,-1,-1
422,22,0.00,0.00,0.00,0.00,1.0,-1,-1,-1
422,23,0.00,0.00,0.00,0.00,1.0,-1,-1,-1
422,24,0.00,0.00,0.00,0.00,1.0,-1,-1,-1
422,25,0.00,0.00,0.00,0.00,1.0,-1,-1,-1
422,26,782.00,375.00,66.00,184.00,1.0,-1,-1,-1
422,27,0.00,0.00,0.00,0.00,1.0,-1,-1,-1
422,28,0.00,0.00,0.00,0.00,1.0,-1,-1,-1
422,29,0.00,0.00,0.00,0.00,1.0,-1,-1,-1
422,30,0.00,0.00,0.00,0.00,1.0,-1,-1,-1
422,31,663.00,819.00,93.00,235.00,1.0,-1,-1,-1
422,32,0.00,0.00,0.00,0.00,1.0,-1,-1,-1
422,33,0.00,0.00,0.00,0.00,1.0,-1,-1,-1
422,34,0.00,0.00,0.00,0.00,1.0,-1,-1,-1
422,35,790.00,698.00,122.00,306.00,1.0,-1,-1,-1
422,36,0.00,0.00,0.00,0.00,1.0,-1,-1,-1
422,37,1536.00,314.00,42.00,165.00,1.0,-1,-1,-1
422,38,0.00,0.00,0.00,0.00,1.0,-1,-1,-1
422,39,0.00,0.00,0.00,0.00,1.0,-1,-1,-1
422,40,1008.00,700.00,92.00,316.00,1.0,-1,-1,-1
422,41,0.00,0.00,0.00,0.00,1.0,-1,-1,-1
422,42,1226.00,471.00,110.00,250.00,1.0,-1,-1,-1
422,43,1447.00,360.00,73.00,175.00,1.0,-1,-1,-1
422,44,1011.00,403.00,71.00,166.00,1.0,-1,-1,-1
423,0,1339.00,675.00,157.00,290.00,1.0,-1,-1,-1
423,1,0.00,0.00,0.00,0.00,1.0,-1,-1,-1
423,2,0.00,0.00,0.00,0.00,1.0,-1,-1,-1
423,3,0.00,0.00,0.00,0.00,1.0,-1,-1,-1
423,4,0.00,0.00,0.00,0.00,1.0,-1,-1,-1
423,5,0.00,0.00,0.00,0.00,1.0,-1,-1,-1
423,6,0.00,0.00,0.00,0.00,1.0,-1,-1,-1
423,7,0.00,0.00,0.00,0.00,1.0,-1,-1,-1
423,8,0.00,0.00,0.00,0.00,1.0,-1,-1,-1
423,9,0.00,0.00,0.00,0.00,1.0,-1,-1,-1
423,10,1101.00,504.00,52.00,225.00,1.0,-1,-1,-1
423,11,0.00,0.00,0.00,0.00,1.0,-1,-1,-1
423,12,0.00,0.00,0.00,0.00,1.0,-1,-1,-1
423,13,0.00,0.00,0.00,0.00,1.0,-1,-1,-1
423,14,0.00,0.00,0.00,0.00,1.0,-1,-1,-1
423,15,0.00,0.00,0.00,0.00,1.0,-1,-1,-1
423,16,0.00,0.00,0.00,0.00,1.0,-1,-1,-1
423,17,0.00,0.00,0.00,0.00,1.0,-1,-1,-1
423,18,0.00,0.00,0.00,0.00,1.0,-1,-1,-1
423,19,1012.00,512.00,119.00,219.00,1.0,-1,-1,-1
423,20,0.00,0.00,0.00,0.00,1.0,-1,-1,-1
423,21,0.00,0.00,0.00,0.00,1.0,-1,-1,-1
423,22,0.00,0.00,0.00,0.00,1.0,-1,-1,-1
423,23,0.00,0.00,0.00,0.00,1.0,-1,-1,-1
423,24,0.00,0.00,0.00,0.00,1.0,-1,-1,-1
423,25,0.00,0.00,0.00,0.00,1.0,-1,-1,-1
423,26,782.00,374.00,65.00,181.00,1.0,-1,-1,-1
423,27,0.00,0.00,0.00,0.00,1.0,-1,-1,-1
423,28,0.00,0.00,0.00,0.00,1.0,-1,-1,-1
423,29,0.00,0.00,0.00,0.00,1.0,-1,-1,-1
423,30,0.00,0.00,0.00,0.00,1.0,-1,-1,-1
423,31,662.00,821.00,93.00,234.00,1.0,-1,-1,-1
423,32,0.00,0.00,0.00,0.00,1.0,-1,-1,-1
423,33,0.00,0.00,0.00,0.00,1.0,-1,-1,-1
423,34,0.00,0.00,0.00,0.00,1.0,-1,-1,-1
423,35,789.00,698.00,124.00,306.00,1.0,-1,-1,-1
423,36,0.00,0.00,0.00,0.00,1.0,-1,-1,-1
423,37,1537.00,314.00,41.00,166.00,1.0,-1,-1,-1
423,38,0.00,0.00,0.00,0.00,1.0,-1,-1,-1
423,39,0.00,0.00,0.00,0.00,1.0,-1,-1,-1
423,40,1007.00,700.00,92.00,316.00,1.0,-1,-1,-1
423,41,0.00,0.00,0.00,0.00,1.0,-1,-1,-1
423,42,1230.00,469.00,105.00,252.00,1.0,-1,-1,-1
423,43,1449.00,361.00,71.00,174.00,1.0,-1,-1,-1
423,44,1011.00,401.00,70.00,168.00,1.0,-1,-1,-1
424,0,1337.00,675.00,157.00,289.00,1.0,-1,-1,-1
424,1,0.00,0.00,0.00,0.00,1.0,-1,-1,-1
424,2,0.00,0.00,0.00,0.00,1.0,-1,-1,-1
424,3,0.00,0.00,0.00,0.00,1.0,-1,-1,-1
424,4,0.00,0.00,0.00,0.00,1.0,-1,-1,-1
424,5,0.00,0.00,0.00,0.00,1.0,-1,-1,-1
424,6,0.00,0.00,0.00,0.00,1.0,-1,-1,-1
424,7,0.00,0.00,0.00,0.00,1.0,-1,-1,-1
424,8,0.00,0.00,0.00,0.00,1.0,-1,-1,-1
424,9,0.00,0.00,0.00,0.00,1.0,-1,-1,-1
424,10,1102.00,504.00,49.00,225.00,1.0,-1,-1,-1
424,11,0.00,0.00,0.00,0.00,1.0,-1,-1,-1
424,12,0.00,0.00,0.00,0.00,1.0,-1,-1,-1
424,13,0.00,0.00,0.00,0.00,1.0,-1,-1,-1
424,14,0.00,0.00,0.00,0.00,1.0,-1,-1,-1
424,15,0.00,0.00,0.00,0.00,1.0,-1,-1,-1
424,16,0.00,0.00,0.00,0.00,1.0,-1,-1,-1
424,17,0.00,0.00,0.00,0.00,1.0,-1,-1,-1
424,18,0.00,0.00,0.00,0.00,1.0,-1,-1,-1
424,19,1010.00,512.00,120.00,219.00,1.0,-1,-1,-1
424,20,0.00,0.00,0.00,0.00,1.0,-1,-1,-1
424,21,0.00,0.00,0.00,0.00,1.0,-1,-1,-1
424,22,0.00,0.00,0.00,0.00,1.0,-1,-1,-1
424,23,0.00,0.00,0.00,0.00,1.0,-1,-1,-1
424,24,0.00,0.00,0.00,0.00,1.0,-1,-1,-1
424,25,0.00,0.00,0.00,0.00,1.0,-1,-1,-1
424,26,781.00,374.00,65.00,183.00,1.0,-1,-1,-1
424,27,0.00,0.00,0.00,0.00,1.0,-1,-1,-1
424,28,0.00,0.00,0.00,0.00,1.0,-1,-1,-1
424,29,0.00,0.00,0.00,0.00,1.0,-1,-1,-1
424,30,0.00,0.00,0.00,0.00,1.0,-1,-1,-1
424,31,659.00,823.00,94.00,232.00,1.0,-1,-1,-1
424,32,0.00,0.00,0.00,0.00,1.0,-1,-1,-1
424,33,0.00,0.00,0.00,0.00,1.0,-1,-1,-1
424,34,0.00,0.00,0.00,0.00,1.0,-1,-1,-1
424,35,785.00,698.00,129.00,306.00,1.0,-1,-1,-1
424,36,0.00,0.00,0.00,0.00,1.0,-1,-1,-1
424,37,1536.00,314.00,42.00,163.00,1.0,-1,-1,-1
424,38,0.00,0.00,0.00,0.00,1.0,-1,-1,-1
424,39,0.00,0.00,0.00,0.00,1.0,-1,-1,-1
424,40,1006.00,701.00,92.00,315.00,1.0,-1,-1,-1
424,41,0.00,0.00,0.00,0.00,1.0,-1,-1,-1
424,42,1235.00,470.00,97.00,250.00,1.0,-1,-1,-1
424,43,1448.00,362.00,71.00,176.00,1.0,-1,-1,-1
424,44,1011.00,403.00,68.00,167.00,1.0,-1,-1,-1
425,0,1335.00,676.00,158.00,288.00,1.0,-1,-1,-1
425,1,0.00,0.00,0.00,0.00,1.0,-1,-1,-1
425,2,0.00,0.00,0.00,0.00,1.0,-1,-1,-1
425,3,0.00,0.00,0.00,0.00,1.0,-1,-1,-1
425,4,0.00,0.00,0.00,0.00,1.0,-1,-1,-1
425,5,0.00,0.00,0.00,0.00,1.0,-1,-1,-1
425,6,0.00,0.00,0.00,0.00,1.0,-1,-1,-1
425,7,0.00,0.00,0.00,0.00,1.0,-1,-1,-1
425,8,0.00,0.00,0.00,0.00,1.0,-1,-1,-1
425,9,0.00,0.00,0.00,0.00,1.0,-1,-1,-1
425,10,1101.00,504.00,49.00,224.00,1.0,-1,-1,-1
425,11,0.00,0.00,0.00,0.00,1.0,-1,-1,-1
425,12,0.00,0.00,0.00,0.00,1.0,-1,-1,-1
425,13,0.00,0.00,0.00,0.00,1.0,-1,-1,-1
425,14,0.00,0.00,0.00,0.00,1.0,-1,-1,-1
425,15,0.00,0.00,0.00,0.00,1.0,-1,-1,-1
425,16,0.00,0.00,0.00,0.00,1.0,-1,-1,-1
425,17,0.00,0.00,0.00,0.00,1.0,-1,-1,-1
425,18,0.00,0.00,0.00,0.00,1.0,-1,-1,-1
425,19,1011.00,513.00,119.00,217.00,1.0,-1,-1,-1
425,20,0.00,0.00,0.00,0.00,1.0,-1,-1,-1
425,21,0.00,0.00,0.00,0.00,1.0,-1,-1,-1
425,22,0.00,0.00,0.00,0.00,1.0,-1,-1,-1
425,23,0.00,0.00,0.00,0.00,1.0,-1,-1,-1
425,24,0.00,0.00,0.00,0.00,1.0,-1,-1,-1
425,25,0.00,0.00,0.00,0.00,1.0,-1,-1,-1
425,26,780.00,375.00,65.00,183.00,1.0,-1,-1,-1
425,27,0.00,0.00,0.00,0.00,1.0,-1,-1,-1
425,28,0.00,0.00,0.00,0.00,1.0,-1,-1,-1
425,29,0.00,0.00,0.00,0.00,1.0,-1,-1,-1
425,30,0.00,0.00,0.00,0.00,1.0,-1,-1,-1
425,31,656.00,823.00,96.00,232.00,1.0,-1,-1,-1
425,32,0.00,0.00,0.00,0.00,1.0,-1,-1,-1
425,33,0.00,0.00,0.00,0.00,1.0,-1,-1,-1
425,34,0.00,0.00,0.00,0.00,1.0,-1,-1,-1
425,35,782.00,699.00,133.00,305.00,1.0,-1,-1,-1
425,36,0.00,0.00,0.00,0.00,1.0,-1,-1,-1
425,37,1536.00,314.00,41.00,166.00,1.0,-1,-1,-1
425,38,0.00,0.00,0.00,0.00,1.0,-1,-1,-1
425,39,0.00,0.00,0.00,0.00,1.0,-1,-1,-1
425,40,1005.00,702.00,91.00,314.00,1.0,-1,-1,-1
425,41,0.00,0.00,0.00,0.00,1.0,-1,-1,-1
425,42,1239.00,469.00,92.00,251.00,1.0,-1,-1,-1
425,43,1449.00,364.00,70.00,176.00,1.0,-1,-1,-1
425,44,1008.00,394.00,71.00,178.00,1.0,-1,-1,-1
426,0,1332.00,676.00,161.00,289.00,1.0,-1,-1,-1
426,1,0.00,0.00,0.00,0.00,1.0,-1,-1,-1
426,2,0.00,0.00,0.00,0.00,1.0,-1,-1,-1
426,3,0.00,0.00,0.00,0.00,1.0,-1,-1,-1
426,4,0.00,0.00,0.00,0.00,1.0,-1,-1,-1
426,5,0.00,0.00,0.00,0.00,1.0,-1,-1,-1
426,6,0.00,0.00,0.00,0.00,1.0,-1,-1,-1
426,7,0.00,0.00,0.00,0.00,1.0,-1,-1,-1
426,8,0.00,0.00,0.00,0.00,1.0,-1,-1,-1
426,9,0.00,0.00,0.00,0.00,1.0,-1,-1,-1
426,10,1102.00,504.00,49.00,223.00,1.0,-1,-1,-1
426,11,0.00,0.00,0.00,0.00,1.0,-1,-1,-1
426,12,0.00,0.00,0.00,0.00,1.0,-1,-1,-1
426,13,0.00,0.00,0.00,0.00,1.0,-1,-1,-1
426,14,0.00,0.00,0.00,0.00,1.0,-1,-1,-1
426,15,0.00,0.00,0.00,0.00,1.0,-1,-1,-1
426,16,0.00,0.00,0.00,0.00,1.0,-1,-1,-1
426,17,0.00,0.00,0.00,0.00,1.0,-1,-1,-1
426,18,0.00,0.00,0.00,0.00,1.0,-1,-1,-1
426,19,1012.00,513.00,113.00,216.00,1.0,-1,-1,-1
426,20,0.00,0.00,0.00,0.00,1.0,-1,-1,-1
426,21,0.00,0.00,0.00,0.00,1.0,-1,-1,-1
426,22,0.00,0.00,0.00,0.00,1.0,-1,-1,-1
426,23,0.00,0.00,0.00,0.00,1.0,-1,-1,-1
426,24,0.00,0.00,0.00,0.00,1.0,-1,-1,-1
426,25,0.00,0.00,0.00,0.00,1.0,-1,-1,-1
426,26,778.00,378.00,63.00,180.00,1.0,-1,-1,-1
426,27,0.00,0.00,0.00,0.00,1.0,-1,-1,-1
426,28,0.00,0.00,0.00,0.00,1.0,-1,-1,-1
426,29,0.00,0.00,0.00,0.00,1.0,-1,-1,-1
426,30,0.00,0.00,0.00,0.00,1.0,-1,-1,-1
426,31,655.00,823.00,95.00,233.00,1.0,-1,-1,-1
426,32,0.00,0.00,0.00,0.00,1.0,-1,-1,-1
426,33,0.00,0.00,0.00,0.00,1.0,-1,-1,-1
426,34,0.00,0.00,0.00,0.00,1.0,-1,-1,-1
426,35,779.00,701.00,138.00,308.00,1.0,-1,-1,-1
426,36,0.00,0.00,0.00,0.00,1.0,-1,-1,-1
426,37,1536.00,315.00,41.00,165.00,1.0,-1,-1,-1
426,38,0.00,0.00,0.00,0.00,1.0,-1,-1,-1
426,39,0.00,0.00,0.00,0.00,1.0,-1,-1,-1
426,40,1003.00,703.00,92.00,314.00,1.0,-1,-1,-1
426,41,0.00,0.00,0.00,0.00,1.0,-1,-1,-1
426,42,1239.00,469.00,90.00,251.00,1.0,-1,-1,-1
426,43,1448.00,364.00,71.00,176.00,1.0,-1,-1,-1
426,44,1007.00,398.00,72.00,174.00,1.0,-1,-1,-1
427,0,1330.00,677.00,163.00,288.00,1.0,-1,-1,-1
427,1,0.00,0.00,0.00,0.00,1.0,-1,-1,-1
427,2,0.00,0.00,0.00,0.00,1.0,-1,-1,-1
427,3,0.00,0.00,0.00,0.00,1.0,-1,-1,-1
427,4,0.00,0.00,0.00,0.00,1.0,-1,-1,-1
427,5,0.00,0.00,0.00,0.00,1.0,-1,-1,-1
427,6,0.00,0.00,0.00,0.00,1.0,-1,-1,-1
427,7,0.00,0.00,0.00,0.00,1.0,-1,-1,-1
427,8,0.00,0.00,0.00,0.00,1.0,-1,-1,-1
427,9,0.00,0.00,0.00,0.00,1.0,-1,-1,-1
427,10,1101.00,504.00,49.00,223.00,1.0,-1,-1,-1
427,11,0.00,0.00,0.00,0.00,1.0,-1,-1,-1
427,12,0.00,0.00,0.00,0.00,1.0,-1,-1,-1
427,13,0.00,0.00,0.00,0.00,1.0,-1,-1,-1
427,14,0.00,0.00,0.00,0.00,1.0,-1,-1,-1
427,15,0.00,0.00,0.00,0.00,1.0,-1,-1,-1
427,16,0.00,0.00,0.00,0.00,1.0,-1,-1,-1
427,17,0.00,0.00,0.00,0.00,1.0,-1,-1,-1
427,18,0.00,0.00,0.00,0.00,1.0,-1,-1,-1
427,19,1012.00,513.00,113.00,214.00,1.0,-1,-1,-1
427,20,0.00,0.00,0.00,0.00,1.0,-1,-1,-1
427,21,0.00,0.00,0.00,0.00,1.0,-1,-1,-1
427,22,0.00,0.00,0.00,0.00,1.0,-1,-1,-1
427,23,0.00,0.00,0.00,0.00,1.0,-1,-1,-1
427,24,0.00,0.00,0.00,0.00,1.0,-1,-1,-1
427,25,0.00,0.00,0.00,0.00,1.0,-1,-1,-1
427,26,778.00,377.00,65.00,182.00,1.0,-1,-1,-1
427,27,0.00,0.00,0.00,0.00,1.0,-1,-1,-1
427,28,0.00,0.00,0.00,0.00,1.0,-1,-1,-1
427,29,0.00,0.00,0.00,0.00,1.0,-1,-1,-1
427,30,0.00,0.00,0.00,0.00,1.0,-1,-1,-1
427,31,653.00,825.00,97.00,231.00,1.0,-1,-1,-1
427,32,0.00,0.00,0.00,0.00,1.0,-1,-1,-1
427,33,0.00,0.00,0.00,0.00,1.0,-1,-1,-1
427,34,0.00,0.00,0.00,0.00,1.0,-1,-1,-1
427,35,778.00,704.00,139.00,306.00,1.0,-1,-1,-1
427,36,0.00,0.00,0.00,0.00,1.0,-1,-1,-1
427,37,1537.00,315.00,41.00,165.00,1.0,-1,-1,-1
427,38,0.00,0.00,0.00,0.00,1.0,-1,-1,-1
427,39,0.00,0.00,0.00,0.00,1.0,-1,-1,-1
427,40,1003.00,707.00,91.00,310.00,1.0,-1,-1,-1
427,41,0.00,0.00,0.00,0.00,1.0,-1,-1,-1
427,42,1245.00,470.00,85.00,251.00,1.0,-1,-1,-1
427,43,1449.00,364.00,71.00,184.00,1.0,-1,-1,-1
427,44,1007.00,397.00,71.00,176.00,1.0,-1,-1,-1
428,0,1328.00,677.00,164.00,288.00,1.0,-1,-1,-1
428,1,0.00,0.00,0.00,0.00,1.0,-1,-1,-1
428,2,0.00,0.00,0.00,0.00,1.0,-1,-1,-1
428,3,0.00,0.00,0.00,0.00,1.0,-1,-1,-1
428,4,0.00,0.00,0.00,0.00,1.0,-1,-1,-1
428,5,0.00,0.00,0.00,0.00,1.0,-1,-1,-1
428,6,0.00,0.00,0.00,0.00,1.0,-1,-1,-1
428,7,0.00,0.00,0.00,0.00,1.0,-1,-1,-1
428,8,0.00,0.00,0.00,0.00,1.0,-1,-1,-1
428,9,0.00,0.00,0.00,0.00,1.0,-1,-1,-1
428,10,1102.00,503.00,48.00,224.00,1.0,-1,-1,-1
428,11,0.00,0.00,0.00,0.00,1.0,-1,-1,-1
428,12,0.00,0.00,0.00,0.00,1.0,-1,-1,-1
428,13,0.00,0.00,0.00,0.00,1.0,-1,-1,-1
428,14,0.00,0.00,0.00,0.00,1.0,-1,-1,-1
428,15,0.00,0.00,0.00,0.00,1.0,-1,-1,-1
428,16,0.00,0.00,0.00,0.00,1.0,-1,-1,-1
428,17,0.00,0.00,0.00,0.00,1.0,-1,-1,-1
428,18,0.00,0.00,0.00,0.00,1.0,-1,-1,-1
428,19,1014.00,513.00,110.00,207.00,1.0,-1,-1,-1
428,20,0.00,0.00,0.00,0.00,1.0,-1,-1,-1
428,21,0.00,0.00,0.00,0.00,1.0,-1,-1,-1
428,22,0.00,0.00,0.00,0.00,1.0,-1,-1,-1
428,23,0.00,0.00,0.00,0.00,1.0,-1,-1,-1
428,24,0.00,0.00,0.00,0.00,1.0,-1,-1,-1
428,25,0.00,0.00,0.00,0.00,1.0,-1,-1,-1
428,26,777.00,374.00,63.00,186.00,1.0,-1,-1,-1
428,27,0.00,0.00,0.00,0.00,1.0,-1,-1,-1
428,28,0.00,0.00,0.00,0.00,1.0,-1,-1,-1
428,29,0.00,0.00,0.00,0.00,1.0,-1,-1,-1
428,30,0.00,0.00,0.00,0.00,1.0,-1,-1,-1
428,31,652.00,825.00,98.00,231.00,1.0,-1,-1,-1
428,32,0.00,0.00,0.00,0.00,1.0,-1,-1,-1
428,33,0.00,0.00,0.00,0.00,1.0,-1,-1,-1
428,34,0.00,0.00,0.00,0.00,1.0,-1,-1,-1
428,35,776.00,705.00,142.00,310.00,1.0,-1,-1,-1
428,36,0.00,0.00,0.00,0.00,1.0,-1,-1,-1
428,37,1538.00,315.00,41.00,163.00,1.0,-1,-1,-1
428,38,0.00,0.00,0.00,0.00,1.0,-1,-1,-1
428,39,0.00,0.00,0.00,0.00,1.0,-1,-1,-1
428,40,1002.00,708.00,91.00,311.00,1.0,-1,-1,-1
428,41,0.00,0.00,0.00,0.00,1.0,-1,-1,-1
428,42,1254.00,471.00,77.00,252.00,1.0,-1,-1,-1
428,43,1448.00,364.00,73.00,190.00,1.0,-1,-1,-1
428,44,1007.00,397.00,71.00,178.00,1.0,-1,-1,-1
429,0,1324.00,678.00,167.00,288.00,1.0,-1,-1,-1
429,1,0.00,0.00,0.00,0.00,1.0,-1,-1,-1
429,2,0.00,0.00,0.00,0.00,1.0,-1,-1,-1
429,3,0.00,0.00,0.00,0.00,1.0,-1,-1,-1
429,4,0.00,0.00,0.00,0.00,1.0,-1,-1,-1
429,5,0.00,0.00,0.00,0.00,1.0,-1,-1,-1
429,6,0.00,0.00,0.00,0.00,1.0,-1,-1,-1
429,7,0.00,0.00,0.00,0.00,1.0,-1,-1,-1
429,8,0.00,0.00,0.00,0.00,1.0,-1,-1,-1
429,9,0.00,0.00,0.00,0.00,1.0,-1,-1,-1
429,10,1102.00,503.00,47.00,224.00,1.0,-1,-1,-1
429,11,0.00,0.00,0.00,0.00,1.0,-1,-1,-1
429,12,0.00,0.00,0.00,0.00,1.0,-1,-1,-1
429,13,0.00,0.00,0.00,0.00,1.0,-1,-1,-1
429,14,0.00,0.00,0.00,0.00,1.0,-1,-1,-1
429,15,0.00,0.00,0.00,0.00,1.0,-1,-1,-1
429,16,0.00,0.00,0.00,0.00,1.0,-1,-1,-1
429,17,0.00,0.00,0.00,0.00,1.0,-1,-1,-1
429,18,0.00,0.00,0.00,0.00,1.0,-1,-1,-1
429,19,1015.00,513.00,109.00,209.00,1.0,-1,-1,-1
429,20,0.00,0.00,0.00,0.00,1.0,-1,-1,-1
429,21,0.00,0.00,0.00,0.00,1.0,-1,-1,-1
429,22,0.00,0.00,0.00,0.00,1.0,-1,-1,-1
429,23,0.00,0.00,0.00,0.00,1.0,-1,-1,-1
429,24,0.00,0.00,0.00,0.00,1.0,-1,-1,-1
429,25,0.00,0.00,0.00,0.00,1.0,-1,-1,-1
429,26,775.00,376.00,64.00,183.00,1.0,-1,-1,-1
429,27,0.00,0.00,0.00,0.00,1.0,-1,-1,-1
429,28,0.00,0.00,0.00,0.00,1.0,-1,-1,-1
429,29,0.00,0.00,0.00,0.00,1.0,-1,-1,-1
429,30,0.00,0.00,0.00,0.00,1.0,-1,-1,-1
429,31,650.00,825.00,99.00,236.00,1.0,-1,-1,-1
429,32,0.00,0.00,0.00,0.00,1.0,-1,-1,-1
429,33,0.00,0.00,0.00,0.00,1.0,-1,-1,-1
429,34,0.00,0.00,0.00,0.00,1.0,-1,-1,-1
429,35,774.00,707.00,142.00,310.00,1.0,-1,-1,-1
429,36,0.00,0.00,0.00,0.00,1.0,-1,-1,-1
429,37,1538.00,315.00,41.00,163.00,1.0,-1,-1,-1
429,38,0.00,0.00,0.00,0.00,1.0,-1,-1,-1
429,39,0.00,0.00,0.00,0.00,1.0,-1,-1,-1
429,40,1000.00,711.00,92.00,315.00,1.0,-1,-1,-1
429,41,0.00,0.00,0.00,0.00,1.0,-1,-1,-1
429,42,1254.00,474.00,84.00,250.00,1.0,-1,-1,-1
429,43,1448.00,364.00,73.00,186.00,1.0,-1,-1,-1
429,44,1007.00,399.00,67.00,177.00,1.0,-1,-1,-1
430,0,1321.00,679.00,170.00,287.00,1.0,-1,-1,-1
430,1,0.00,0.00,0.00,0.00,1.0,-1,-1,-1
430,2,0.00,0.00,0.00,0.00,1.0,-1,-1,-1
430,3,0.00,0.00,0.00,0.00,1.0,-1,-1,-1
430,4,0.00,0.00,0.00,0.00,1.0,-1,-1,-1
430,5,0.00,0.00,0.00,0.00,1.0,-1,-1,-1
430,6,0.00,0.00,0.00,0.00,1.0,-1,-1,-1
430,7,0.00,0.00,0.00,0.00,1.0,-1,-1,-1
430,8,0.00,0.00,0.00,0.00,1.0,-1,-1,-1
430,9,0.00,0.00,0.00,0.00,1.0,-1,-1,-1
430,10,1100.00,503.00,49.00,225.00,1.0,-1,-1,-1
430,11,0.00,0.00,0.00,0.00,1.0,-1,-1,-1
430,12,0.00,0.00,0.00,0.00,1.0,-1,-1,-1
430,13,0.00,0.00,0.00,0.00,1.0,-1,-1,-1
430,14,0.00,0.00,0.00,0.00,1.0,-1,-1,-1
430,15,0.00,0.00,0.00,0.00,1.0,-1,-1,-1
430,16,0.00,0.00,0.00,0.00,1.0,-1,-1,-1
430,17,0.00,0.00,0.00,0.00,1.0,-1,-1,-1
430,18,0.00,0.00,0.00,0.00,1.0,-1,-1,-1
430,19,1016.00,512.00,106.00,218.00,1.0,-1,-1,-1
430,20,0.00,0.00,0.00,0.00,1.0,-1,-1,-1
430,21,0.00,0.00,0.00,0.00,1.0,-1,-1,-1
430,22,0.00,0.00,0.00,0.00,1.0,-1,-1,-1
430,23,0.00,0.00,0.00,0.00,1.0,-1,-1,-1
430,24,0.00,0.00,0.00,0.00,1.0,-1,-1,-1
430,25,0.00,0.00,0.00,0.00,1.0,-1,-1,-1
430,26,766.00,372.00,72.00,187.00,1.0,-1,-1,-1
430,27,0.00,0.00,0.00,0.00,1.0,-1,-1,-1
430,28,0.00,0.00,0.00,0.00,1.0,-1,-1,-1
430,29,0.00,0.00,0.00,0.00,1.0,-1,-1,-1
430,30,0.00,0.00,0.00,0.00,1.0,-1,-1,-1
430,31,649.00,828.00,99.00,243.00,1.0,-1,-1,-1
430,32,0.00,0.00,0.00,0.00,1.0,-1,-1,-1
430,33,0.00,0.00,0.00,0.00,1.0,-1,-1,-1
430,34,0.00,0.00,0.00,0.00,1.0,-1,-1,-1
430,35,775.00,711.00,139.00,311.00,1.0,-1,-1,-1
430,36,0.00,0.00,0.00,0.00,1.0,-1,-1,-1
430,37,1537.00,316.00,42.00,163.00,1.0,-1,-1,-1
430,38,0.00,0.00,0.00,0.00,1.0,-1,-1,-1
430,39,0.00,0.00,0.00,0.00,1.0,-1,-1,-1
430,40,999.00,713.00,92.00,317.00,1.0,-1,-1,-1
430,41,0.00,0.00,0.00,0.00,1.0,-1,-1,-1
430,42,1258.00,478.00,88.00,246.00,1.0,-1,-1,-1
430,43,1449.00,364.00,74.00,189.00,1.0,-1,-1,-1
430,44,1006.00,398.00,68.00,178.00,1.0,-1,-1,-1
431,0,1316.00,679.00,174.00,287.00,1.0,-1,-1,-1
431,1,0.00,0.00,0.00,0.00,1.0,-1,-1,-1
431,2,0.00,0.00,0.00,0.00,1.0,-1,-1,-1
431,3,0.00,0.00,0.00,0.00,1.0,-1,-1,-1
431,4,0.00,0.00,0.00,0.00,1.0,-1,-1,-1
431,5,0.00,0.00,0.00,0.00,1.0,-1,-1,-1
431,6,0.00,0.00,0.00,0.00,1.0,-1,-1,-1
431,7,0.00,0.00,0.00,0.00,1.0,-1,-1,-1
431,8,0.00,0.00,0.00,0.00,1.0,-1,-1,-1
431,9,0.00,0.00,0.00,0.00,1.0,-1,-1,-1
431,10,1099.00,502.00,49.00,222.00,1.0,-1,-1,-1
431,11,0.00,0.00,0.00,0.00,1.0,-1,-1,-1
431,12,0.00,0.00,0.00,0.00,1.0,-1,-1,-1
431,13,0.00,0.00,0.00,0.00,1.0,-1,-1,-1
431,14,0.00,0.00,0.00,0.00,1.0,-1,-1,-1
431,15,0.00,0.00,0.00,0.00,1.0,-1,-1,-1
431,16,0.00,0.00,0.00,0.00,1.0,-1,-1,-1
431,17,0.00,0.00,0.00,0.00,1.0,-1,-1,-1
431,18,0.00,0.00,0.00,0.00,1.0,-1,-1,-1
431,19,1016.00,513.00,107.00,219.00,1.0,-1,-1,-1
431,20,0.00,0.00,0.00,0.00,1.0,-1,-1,-1
431,21,0.00,0.00,0.00,0.00,1.0,-1,-1,-1
431,22,0.00,0.00,0.00,0.00,1.0,-1,-1,-1
431,23,0.00,0.00,0.00,0.00,1.0,-1,-1,-1
431,24,0.00,0.00,0.00,0.00,1.0,-1,-1,-1
431,25,0.00,0.00,0.00,0.00,1.0,-1,-1,-1
431,26,764.00,371.00,73.00,188.00,1.0,-1,-1,-1
431,27,0.00,0.00,0.00,0.00,1.0,-1,-1,-1
431,28,0.00,0.00,0.00,0.00,1.0,-1,-1,-1
431,29,0.00,0.00,0.00,0.00,1.0,-1,-1,-1
431,30,0.00,0.00,0.00,0.00,1.0,-1,-1,-1
431,31,648.00,829.00,97.00,241.00,1.0,-1,-1,-1
431,32,0.00,0.00,0.00,0.00,1.0,-1,-1,-1
431,33,0.00,0.00,0.00,0.00,1.0,-1,-1,-1
431,34,0.00,0.00,0.00,0.00,1.0,-1,-1,-1
431,35,775.00,713.00,136.00,313.00,1.0,-1,-1,-1
431,36,0.00,0.00,0.00,0.00,1.0,-1,-1,-1
431,37,1539.00,314.00,40.00,166.00,1.0,-1,-1,-1
431,38,0.00,0.00,0.00,0.00,1.0,-1,-1,-1
431,39,0.00,0.00,0.00,0.00,1.0,-1,-1,-1
431,40,997.00,715.00,91.00,317.00,1.0,-1,-1,-1
431,41,0.00,0.00,0.00,0.00,1.0,-1,-1,-1
431,42,1260.00,479.00,89.00,245.00,1.0,-1,-1,-1
431,43,1449.00,363.00,76.00,192.00,1.0,-1,-1,-1
431,44,1006.00,399.00,68.00,177.00,1.0,-1,-1,-1
432,0,1314.00,679.00,171.00,288.00,1.0,-1,-1,-1
432,1,0.00,0.00,0.00,0.00,1.0,-1,-1,-1
432,2,0.00,0.00,0.00,0.00,1.0,-1,-1,-1
432,3,0.00,0.00,0.00,0.00,1.0,-1,-1,-1
432,4,0.00,0.00,0.00,0.00,1.0,-1,-1,-1
432,5,0.00,0.00,0.00,0.00,1.0,-1,-1,-1
432,6,0.00,0.00,0.00,0.00,1.0,-1,-1,-1
432,7,0.00,0.00,0.00,0.00,1.0,-1,-1,-1
432,8,0.00,0.00,0.00,0.00,1.0,-1,-1,-1
432,9,0.00,0.00,0.00,0.00,1.0,-1,-1,-1
432,10,1100.00,502.00,47.00,223.00,1.0,-1,-1,-1
432,11,0.00,0.00,0.00,0.00,1.0,-1,-1,-1
432,12,0.00,0.00,0.00,0.00,1.0,-1,-1,-1
432,13,0.00,0.00,0.00,0.00,1.0,-1,-1,-1
432,14,0.00,0.00,0.00,0.00,1.0,-1,-1,-1
432,15,0.00,0.00,0.00,0.00,1.0,-1,-1,-1
432,16,0.00,0.00,0.00,0.00,1.0,-1,-1,-1
432,17,0.00,0.00,0.00,0.00,1.0,-1,-1,-1
432,18,0.00,0.00,0.00,0.00,1.0,-1,-1,-1
432,19,1018.00,513.00,106.00,219.00,1.0,-1,-1,-1
432,20,0.00,0.00,0.00,0.00,1.0,-1,-1,-1
432,21,0.00,0.00,0.00,0.00,1.0,-1,-1,-1
432,22,0.00,0.00,0.00,0.00,1.0,-1,-1,-1
432,23,0.00,0.00,0.00,0.00,1.0,-1,-1,-1
432,24,0.00,0.00,0.00,0.00,1.0,-1,-1,-1
432,25,0.00,0.00,0.00,0.00,1.0,-1,-1,-1
432,26,763.00,373.00,74.00,185.00,1.0,-1,-1,-1
432,27,0.00,0.00,0.00,0.00,1.0,-1,-1,-1
432,28,0.00,0.00,0.00,0.00,1.0,-1,-1,-1
432,29,0.00,0.00,0.00,0.00,1.0,-1,-1,-1
432,30,0.00,0.00,0.00,0.00,1.0,-1,-1,-1
432,31,648.00,830.00,97.00,239.00,1.0,-1,-1,-1
432,32,0.00,0.00,0.00,0.00,1.0,-1,-1,-1
432,33,0.00,0.00,0.00,0.00,1.0,-1,-1,-1
432,34,0.00,0.00,0.00,0.00,1.0,-1,-1,-1
432,35,775.00,713.00,133.00,315.00,1.0,-1,-1,-1
432,36,0.00,0.00,0.00,0.00,1.0,-1,-1,-1
432,37,1538.00,314.00,41.00,165.00,1.0,-1,-1,-1
432,38,0.00,0.00,0.00,0.00,1.0,-1,-1,-1
432,39,0.00,0.00,0.00,0.00,1.0,-1,-1,-1
432,40,994.00,716.00,93.00,320.00,1.0,-1,-1,-1
432,41,0.00,0.00,0.00,0.00,1.0,-1,-1,-1
432,42,1265.00,481.00,83.00,246.00,1.0,-1,-1,-1
432,43,1449.00,363.00,76.00,193.00,1.0,-1,-1,-1
432,44,1005.00,399.00,70.00,177.00,1.0,-1,-1,-1
433,0,1310.00,680.00,173.00,288.00,1.0,-1,-1,-1
433,1,0.00,0.00,0.00,0.00,1.0,-1,-1,-1
433,2,0.00,0.00,0.00,0.00,1.0,-1,-1,-1
433,3,0.00,0.00,0.00,0.00,1.0,-1,-1,-1
433,4,0.00,0.00,0.00,0.00,1.0,-1,-1,-1
433,5,0.00,0.00,0.00,0.00,1.0,-1,-1,-1
433,6,0.00,0.00,0.00,0.00,1.0,-1,-1,-1
433,7,0.00,0.00,0.00,0.00,1.0,-1,-1,-1
433,8,0.00,0.00,0.00,0.00,1.0,-1,-1,-1
433,9,0.00,0.00,0.00,0.00,1.0,-1,-1,-1
433,10,1100.00,501.00,47.00,223.00,1.0,-1,-1,-1
433,11,0.00,0.00,0.00,0.00,1.0,-1,-1,-1
433,12,0.00,0.00,0.00,0.00,1.0,-1,-1,-1
433,13,0.00,0.00,0.00,0.00,1.0,-1,-1,-1
433,14,0.00,0.00,0.00,0.00,1.0,-1,-1,-1
433,15,0.00,0.00,0.00,0.00,1.0,-1,-1,-1
433,16,0.00,0.00,0.00,0.00,1.0,-1,-1,-1
433,17,0.00,0.00,0.00,0.00,1.0,-1,-1,-1
433,18,0.00,0.00,0.00,0.00,1.0,-1,-1,-1
433,19,1020.00,513.00,105.00,219.00,1.0,-1,-1,-1
433,20,0.00,0.00,0.00,0.00,1.0,-1,-1,-1
433,21,0.00,0.00,0.00,0.00,1.0,-1,-1,-1
433,22,0.00,0.00,0.00,0.00,1.0,-1,-1,-1
433,23,0.00,0.00,0.00,0.00,1.0,-1,-1,-1
433,24,0.00,0.00,0.00,0.00,1.0,-1,-1,-1
433,25,0.00,0.00,0.00,0.00,1.0,-1,-1,-1
433,26,761.00,373.00,75.00,184.00,1.0,-1,-1,-1
433,27,0.00,0.00,0.00,0.00,1.0,-1,-1,-1
433,28,0.00,0.00,0.00,0.00,1.0,-1,-1,-1
433,29,0.00,0.00,0.00,0.00,1.0,-1,-1,-1
433,30,0.00,0.00,0.00,0.00,1.0,-1,-1,-1
433,31,648.00,832.00,98.00,238.00,1.0,-1,-1,-1
433,32,0.00,0.00,0.00,0.00,1.0,-1,-1,-1
433,33,0.00,0.00,0.00,0.00,1.0,-1,-1,-1
433,34,0.00,0.00,0.00,0.00,1.0,-1,-1,-1
433,35,776.00,713.00,129.00,315.00,1.0,-1,-1,-1
433,36,0.00,0.00,0.00,0.00,1.0,-1,-1,-1
433,37,1538.00,314.00,41.00,163.00,1.0,-1,-1,-1
433,38,0.00,0.00,0.00,0.00,1.0,-1,-1,-1
433,39,0.00,0.00,0.00,0.00,1.0,-1,-1,-1
433,40,993.00,717.00,92.00,323.00,1.0,-1,-1,-1
433,41,0.00,0.00,0.00,0.00,1.0,-1,-1,-1
433,42,1272.00,480.00,77.00,249.00,1.0,-1,-1,-1
433,43,1450.00,363.00,76.00,193.00,1.0,-1,-1,-1
433,44,1005.00,399.00,69.00,175.00,1.0,-1,-1,-1
434,0,1306.00,681.00,174.00,288.00,1.0,-1,-1,-1
434,1,0.00,0.00,0.00,0.00,1.0,-1,-1,-1
434,2,0.00,0.00,0.00,0.00,1.0,-1,-1,-1
434,3,0.00,0.00,0.00,0.00,1.0,-1,-1,-1
434,4,0.00,0.00,0.00,0.00,1.0,-1,-1,-1
434,5,0.00,0.00,0.00,0.00,1.0,-1,-1,-1
434,6,0.00,0.00,0.00,0.00,1.0,-1,-1,-1
434,7,0.00,0.00,0.00,0.00,1.0,-1,-1,-1
434,8,0.00,0.00,0.00,0.00,1.0,-1,-1,-1
434,9,0.00,0.00,0.00,0.00,1.0,-1,-1,-1
434,10,1100.00,501.00,47.00,222.00,1.0,-1,-1,-1
434,11,0.00,0.00,0.00,0.00,1.0,-1,-1,-1
434,12,0.00,0.00,0.00,0.00,1.0,-1,-1,-1
434,13,0.00,0.00,0.00,0.00,1.0,-1,-1,-1
434,14,0.00,0.00,0.00,0.00,1.0,-1,-1,-1
434,15,0.00,0.00,0.00,0.00,1.0,-1,-1,-1
434,16,0.00,0.00,0.00,0.00,1.0,-1,-1,-1
434,17,0.00,0.00,0.00,0.00,1.0,-1,-1,-1
434,18,0.00,0.00,0.00,0.00,1.0,-1,-1,-1
434,19,1020.00,513.00,105.00,219.00,1.0,-1,-1,-1
434,20,0.00,0.00,0.00,0.00,1.0,-1,-1,-1
434,21,0.00,0.00,0.00,0.00,1.0,-1,-1,-1
434,22,0.00,0.00,0.00,0.00,1.0,-1,-1,-1
434,23,0.00,0.00,0.00,0.00,1.0,-1,-1,-1
434,24,0.00,0.00,0.00,0.00,1.0,-1,-1,-1
434,25,0.00,0.00,0.00,0.00,1.0,-1,-1,-1
434,26,760.00,373.00,75.00,185.00,1.0,-1,-1,-1
434,27,0.00,0.00,0.00,0.00,1.0,-1,-1,-1
434,28,0.00,0.00,0.00,0.00,1.0,-1,-1,-1
434,29,0.00,0.00,0.00,0.00,1.0,-1,-1,-1
434,30,0.00,0.00,0.00,0.00,1.0,-1,-1,-1
434,31,646.00,835.00,99.00,240.00,1.0,-1,-1,-1
434,32,0.00,0.00,0.00,0.00,1.0,-1,-1,-1
434,33,0.00,0.00,0.00,0.00,1.0,-1,-1,-1
434,34,0.00,0.00,0.00,0.00,1.0,-1,-1,-1
434,35,775.00,713.00,127.00,314.00,1.0,-1,-1,-1
434,36,0.00,0.00,0.00,0.00,1.0,-1,-1,-1
434,37,1538.00,314.00,41.00,164.00,1.0,-1,-1,-1
434,38,0.00,0.00,0.00,0.00,1.0,-1,-1,-1
434,39,0.00,0.00,0.00,0.00,1.0,-1,-1,-1
434,40,992.00,718.00,91.00,323.00,1.0,-1,-1,-1
434,41,0.00,0.00,0.00,0.00,1.0,-1,-1,-1
434,42,1272.00,479.00,79.00,249.00,1.0,-1,-1,-1
434,43,1450.00,364.00,77.00,192.00,1.0,-1,-1,-1
434,44,1003.00,399.00,70.00,175.00,1.0,-1,-1,-1
435,0,1302.00,681.00,173.00,292.00,1.0,-1,-1,-1
435,1,0.00,0.00,0.00,0.00,1.0,-1,-1,-1
435,2,0.00,0.00,0.00,0.00,1.0,-1,-1,-1
435,3,0.00,0.00,0.00,0.00,1.0,-1,-1,-1
435,4,0.00,0.00,0.00,0.00,1.0,-1,-1,-1
435,5,0.00,0.00,0.00,0.00,1.0,-1,-1,-1
435,6,0.00,0.00,0.00,0.00,1.0,-1,-1,-1
435,7,0.00,0.00,0.00,0.00,1.0,-1,-1,-1
435,8,0.00,0.00,0.00,0.00,1.0,-1,-1,-1
435,9,0.00,0.00,0.00,0.00,1.0,-1,-1,-1
435,10,1098.00,497.00,48.00,226.00,1.0,-1,-1,-1
435,11,0.00,0.00,0.00,0.00,1.0,-1,-1,-1
435,12,0.00,0.00,0.00,0.00,1.0,-1,-1,-1
435,13,0.00,0.00,0.00,0.00,1.0,-1,-1,-1
435,14,0.00,0.00,0.00,0.00,1.0,-1,-1,-1
435,15,0.00,0.00,0.00,0.00,1.0,-1,-1,-1
435,16,0.00,0.00,0.00,0.00,1.0,-1,-1,-1
435,17,0.00,0.00,0.00,0.00,1.0,-1,-1,-1
435,18,0.00,0.00,0.00,0.00,1.0,-1,-1,-1
435,19,1021.00,512.00,105.00,221.00,1.0,-1,-1,-1
435,20,0.00,0.00,0.00,0.00,1.0,-1,-1,-1
435,21,0.00,0.00,0.00,0.00,1.0,-1,-1,-1
435,22,0.00,0.00,0.00,0.00,1.0,-1,-1,-1
435,23,0.00,0.00,0.00,0.00,1.0,-1,-1,-1
435,24,0.00,0.00,0.00,0.00,1.0,-1,-1,-1
435,25,0.00,0.00,0.00,0.00,1.0,-1,-1,-1
435,26,757.00,373.00,77.00,185.00,1.0,-1,-1,-1
435,27,0.00,0.00,0.00,0.00,1.0,-1,-1,-1
435,28,0.00,0.00,0.00,0.00,1.0,-1,-1,-1
435,29,0.00,0.00,0.00,0.00,1.0,-1,-1,-1
435,30,0.00,0.00,0.00,0.00,1.0,-1,-1,-1
435,31,644.00,837.00,101.00,243.00,1.0,-1,-1,-1
435,32,0.00,0.00,0.00,0.00,1.0,-1,-1,-1
435,33,0.00,0.00,0.00,0.00,1.0,-1,-1,-1
435,34,0.00,0.00,0.00,0.00,1.0,-1,-1,-1
435,35,775.00,712.00,125.00,316.00,1.0,-1,-1,-1
435,36,0.00,0.00,0.00,0.00,1.0,-1,-1,-1
435,37,1539.00,313.00,39.00,163.00,1.0,-1,-1,-1
435,38,0.00,0.00,0.00,0.00,1.0,-1,-1,-1
435,39,0.00,0.00,0.00,0.00,1.0,-1,-1,-1
435,40,990.00,719.00,90.00,326.00,1.0,-1,-1,-1
435,41,0.00,0.00,0.00,0.00,1.0,-1,-1,-1
435,42,1272.00,476.00,81.00,253.00,1.0,-1,-1,-1
435,43,1450.00,365.00,78.00,190.00,1.0,-1,-1,-1
435,44,1002.00,400.00,70.00,174.00,1.0,-1,-1,-1
436,0,1298.00,683.00,174.00,292.00,1.0,-1,-1,-1
436,1,0.00,0.00,0.00,0.00,1.0,-1,-1,-1
436,2,0.00,0.00,0.00,0.00,1.0,-1,-1,-1
436,3,0.00,0.00,0.00,0.00,1.0,-1,-1,-1
436,4,0.00,0.00,0.00,0.00,1.0,-1,-1,-1
436,5,0.00,0.00,0.00,0.00,1.0,-1,-1,-1
436,6,0.00,0.00,0.00,0.00,1.0,-1,-1,-1
436,7,0.00,0.00,0.00,0.00,1.0,-1,-1,-1
436,8,0.00,0.00,0.00,0.00,1.0,-1,-1,-1
436,9,0.00,0.00,0.00,0.00,1.0,-1,-1,-1
436,10,1098.00,496.00,48.00,227.00,1.0,-1,-1,-1
436,11,0.00,0.00,0.00,0.00,1.0,-1,-1,-1
436,12,0.00,0.00,0.00,0.00,1.0,-1,-1,-1
436,13,0.00,0.00,0.00,0.00,1.0,-1,-1,-1
436,14,0.00,0.00,0.00,0.00,1.0,-1,-1,-1
436,15,0.00,0.00,0.00,0.00,1.0,-1,-1,-1
436,16,0.00,0.00,0.00,0.00,1.0,-1,-1,-1
436,17,0.00,0.00,0.00,0.00,1.0,-1,-1,-1
436,18,0.00,0.00,0.00,0.00,1.0,-1,-1,-1
436,19,1021.00,512.00,104.00,221.00,1.0,-1,-1,-1
436,20,0.00,0.00,0.00,0.00,1.0,-1,-1,-1
436,21,0.00,0.00,0.00,0.00,1.0,-1,-1,-1
436,22,0.00,0.00,0.00,0.00,1.0,-1,-1,-1
436,23,0.00,0.00,0.00,0.00,1.0,-1,-1,-1
436,24,0.00,0.00,0.00,0.00,1.0,-1,-1,-1
436,25,0.00,0.00,0.00,0.00,1.0,-1,-1,-1
436,26,757.00,371.00,73.00,186.00,1.0,-1,-1,-1
436,27,0.00,0.00,0.00,0.00,1.0,-1,-1,-1
436,28,0.00,0.00,0.00,0.00,1.0,-1,-1,-1
436,29,0.00,0.00,0.00,0.00,1.0,-1,-1,-1
436,30,0.00,0.00,0.00,0.00,1.0,-1,-1,-1
436,31,642.00,839.00,102.00,241.00,1.0,-1,-1,-1
436,32,0.00,0.00,0.00,0.00,1.0,-1,-1,-1
436,33,0.00,0.00,0.00,0.00,1.0,-1,-1,-1
436,34,0.00,0.00,0.00,0.00,1.0,-1,-1,-1
436,35,775.00,711.00,122.00,318.00,1.0,-1,-1,-1
436,36,0.00,0.00,0.00,0.00,1.0,-1,-1,-1
436,37,1539.00,312.00,40.00,165.00,1.0,-1,-1,-1
436,38,0.00,0.00,0.00,0.00,1.0,-1,-1,-1
436,39,0.00,0.00,0.00,0.00,1.0,-1,-1,-1
436,40,987.00,719.00,90.00,326.00,1.0,-1,-1,-1
436,41,0.00,0.00,0.00,0.00,1.0,-1,-1,-1
436,42,1278.00,474.00,77.00,255.00,1.0,-1,-1,-1
436,43,1449.00,367.00,80.00,186.00,1.0,-1,-1,-1
436,44,1001.00,400.00,71.00,175.00,1.0,-1,-1,-1
437,0,1294.00,683.00,174.00,295.00,1.0,-1,-1,-1
437,1,0.00,0.00,0.00,0.00,1.0,-1,-1,-1
437,2,0.00,0.00,0.00,0.00,1.0,-1,-1,-1
437,3,0.00,0.00,0.00,0.00,1.0,-1,-1,-1
437,4,0.00,0.00,0.00,0.00,1.0,-1,-1,-1
437,5,0.00,0.00,0.00,0.00,1.0,-1,-1,-1
437,6,0.00,0.00,0.00,0.00,1.0,-1,-1,-1
437,7,0.00,0.00,0.00,0.00,1.0,-1,-1,-1
437,8,0.00,0.00,0.00,0.00,1.0,-1,-1,-1
437,9,0.00,0.00,0.00,0.00,1.0,-1,-1,-1
437,10,1098.00,496.00,49.00,226.00,1.0,-1,-1,-1
437,11,0.00,0.00,0.00,0.00,1.0,-1,-1,-1
437,12,0.00,0.00,0.00,0.00,1.0,-1,-1,-1
437,13,0.00,0.00,0.00,0.00,1.0,-1,-1,-1
437,14,0.00,0.00,0.00,0.00,1.0,-1,-1,-1
437,15,0.00,0.00,0.00,0.00,1.0,-1,-1,-1
437,16,0.00,0.00,0.00,0.00,1.0,-1,-1,-1
437,17,0.00,0.00,0.00,0.00,1.0,-1,-1,-1
437,18,0.00,0.00,0.00,0.00,1.0,-1,-1,-1
437,19,1022.00,513.00,104.00,219.00,1.0,-1,-1,-1
437,20,0.00,0.00,0.00,0.00,1.0,-1,-1,-1
437,21,0.00,0.00,0.00,0.00,1.0,-1,-1,-1
437,22,0.00,0.00,0.00,0.00,1.0,-1,-1,-1
437,23,0.00,0.00,0.00,0.00,1.0,-1,-1,-1
437,24,0.00,0.00,0.00,0.00,1.0,-1,-1,-1
437,25,0.00,0.00,0.00,0.00,1.0,-1,-1,-1
437,26,759.00,371.00,68.00,187.00,1.0,-1,-1,-1
437,27,0.00,0.00,0.00,0.00,1.0,-1,-1,-1
437,28,0.00,0.00,0.00,0.00,1.0,-1,-1,-1
437,29,0.00,0.00,0.00,0.00,1.0,-1,-1,-1
437,30,0.00,0.00,0.00,0.00,1.0,-1,-1,-1
437,31,640.00,839.00,103.00,241.00,1.0,-1,-1,-1
437,32,0.00,0.00,0.00,0.00,1.0,-1,-1,-1
437,33,0.00,0.00,0.00,0.00,1.0,-1,-1,-1
437,34,0.00,0.00,0.00,0.00,1.0,-1,-1,-1
437,35,774.00,711.00,122.00,318.00,1.0,-1,-1,-1
437,36,0.00,0.00,0.00,0.00,1.0,-1,-1,-1
437,37,1539.00,313.00,41.00,163.00,1.0,-1,-1,-1
437,38,0.00,0.00,0.00,0.00,1.0,-1,-1,-1
437,39,0.00,0.00,0.00,0.00,1.0,-1,-1,-1
437,40,986.00,719.00,90.00,326.00,1.0,-1,-1,-1
437,41,0.00,0.00,0.00,0.00,1.0,-1,-1,-1
437,42,1284.00,475.00,79.00,253.00,1.0,-1,-1,-1
437,43,1452.00,369.00,79.00,181.00,1.0,-1,-1,-1
437,44,1003.00,401.00,72.00,178.00,1.0,-1,-1,-1
438,0,1291.00,683.00,175.00,294.00,1.0,-1,-1,-1
438,1,0.00,0.00,0.00,0.00,1.0,-1,-1,-1
438,2,0.00,0.00,0.00,0.00,1.0,-1,-1,-1
438,3,0.00,0.00,0.00,0.00,1.0,-1,-1,-1
438,4,0.00,0.00,0.00,0.00,1.0,-1,-1,-1
438,5,0.00,0.00,0.00,0.00,1.0,-1,-1,-1
438,6,0.00,0.00,0.00,0.00,1.0,-1,-1,-1
438,7,0.00,0.00,0.00,0.00,1.0,-1,-1,-1
438,8,0.00,0.00,0.00,0.00,1.0,-1,-1,-1
438,9,0.00,0.00,0.00,0.00,1.0,-1,-1,-1
438,10,1098.00,496.00,49.00,225.00,1.0,-1,-1,-1
438,11,0.00,0.00,0.00,0.00,1.0,-1,-1,-1
438,12,0.00,0.00,0.00,0.00,1.0,-1,-1,-1
438,13,0.00,0.00,0.00,0.00,1.0,-1,-1,-1
438,14,0.00,0.00,0.00,0.00,1.0,-1,-1,-1
438,15,0.00,0.00,0.00,0.00,1.0,-1,-1,-1
438,16,0.00,0.00,0.00,0.00,1.0,-1,-1,-1
438,17,0.00,0.00,0.00,0.00,1.0,-1,-1,-1
438,18,0.00,0.00,0.00,0.00,1.0,-1,-1,-1
438,19,1023.00,512.00,107.00,220.00,1.0,-1,-1,-1
438,20,0.00,0.00,0.00,0.00,1.0,-1,-1,-1
438,21,0.00,0.00,0.00,0.00,1.0,-1,-1,-1
438,22,0.00,0.00,0.00,0.00,1.0,-1,-1,-1
438,23,0.00,0.00,0.00,0.00,1.0,-1,-1,-1
438,24,0.00,0.00,0.00,0.00,1.0,-1,-1,-1
438,25,0.00,0.00,0.00,0.00,1.0,-1,-1,-1
438,26,756.00,369.00,72.00,188.00,1.0,-1,-1,-1
438,27,0.00,0.00,0.00,0.00,1.0,-1,-1,-1
438,28,0.00,0.00,0.00,0.00,1.0,-1,-1,-1
438,29,0.00,0.00,0.00,0.00,1.0,-1,-1,-1
438,30,0.00,0.00,0.00,0.00,1.0,-1,-1,-1
438,31,640.00,839.00,103.00,241.00,1.0,-1,-1,-1
438,32,0.00,0.00,0.00,0.00,1.0,-1,-1,-1
438,33,0.00,0.00,0.00,0.00,1.0,-1,-1,-1
438,34,0.00,0.00,0.00,0.00,1.0,-1,-1,-1
438,35,774.00,711.00,122.00,317.00,1.0,-1,-1,-1
438,36,0.00,0.00,0.00,0.00,1.0,-1,-1,-1
438,37,1538.00,312.00,42.00,163.00,1.0,-1,-1,-1
438,38,0.00,0.00,0.00,0.00,1.0,-1,-1,-1
438,39,0.00,0.00,0.00,0.00,1.0,-1,-1,-1
438,40,985.00,719.00,90.00,326.00,1.0,-1,-1,-1
438,41,0.00,0.00,0.00,0.00,1.0,-1,-1,-1
438,42,1287.00,476.00,77.00,252.00,1.0,-1,-1,-1
438,43,1452.00,369.00,80.00,166.00,1.0,-1,-1,-1
438,44,1004.00,401.00,70.00,183.00,1.0,-1,-1,-1
439,0,1286.00,681.00,176.00,296.00,1.0,-1,-1,-1
439,1,0.00,0.00,0.00,0.00,1.0,-1,-1,-1
439,2,0.00,0.00,0.00,0.00,1.0,-1,-1,-1
439,3,0.00,0.00,0.00,0.00,1.0,-1,-1,-1
439,4,0.00,0.00,0.00,0.00,1.0,-1,-1,-1
439,5,0.00,0.00,0.00,0.00,1.0,-1,-1,-1
439,6,0.00,0.00,0.00,0.00,1.0,-1,-1,-1
439,7,0.00,0.00,0.00,0.00,1.0,-1,-1,-1
439,8,0.00,0.00,0.00,0.00,1.0,-1,-1,-1
439,9,0.00,0.00,0.00,0.00,1.0,-1,-1,-1
439,10,1097.00,499.00,50.00,223.00,1.0,-1,-1,-1
439,11,0.00,0.00,0.00,0.00,1.0,-1,-1,-1
439,12,0.00,0.00,0.00,0.00,1.0,-1,-1,-1
439,13,0.00,0.00,0.00,0.00,1.0,-1,-1,-1
439,14,0.00,0.00,0.00,0.00,1.0,-1,-1,-1
439,15,0.00,0.00,0.00,0.00,1.0,-1,-1,-1
439,16,0.00,0.00,0.00,0.00,1.0,-1,-1,-1
439,17,0.00,0.00,0.00,0.00,1.0,-1,-1,-1
439,18,0.00,0.00,0.00,0.00,1.0,-1,-1,-1
439,19,1029.00,512.00,108.00,221.00,1.0,-1,-1,-1
439,20,0.00,0.00,0.00,0.00,1.0,-1,-1,-1
439,21,0.00,0.00,0.00,0.00,1.0,-1,-1,-1
439,22,0.00,0.00,0.00,0.00,1.0,-1,-1,-1
439,23,0.00,0.00,0.00,0.00,1.0,-1,-1,-1
439,24,0.00,0.00,0.00,0.00,1.0,-1,-1,-1
439,25,0.00,0.00,0.00,0.00,1.0,-1,-1,-1
439,26,756.00,371.00,67.00,184.00,1.0,-1,-1,-1
439,27,0.00,0.00,0.00,0.00,1.0,-1,-1,-1
439,28,0.00,0.00,0.00,0.00,1.0,-1,-1,-1
439,29,0.00,0.00,0.00,0.00,1.0,-1,-1,-1
439,30,0.00,0.00,0.00,0.00,1.0,-1,-1,-1
439,31,637.00,840.00,104.00,240.00,1.0,-1,-1,-1
439,32,0.00,0.00,0.00,0.00,1.0,-1,-1,-1
439,33,0.00,0.00,0.00,0.00,1.0,-1,-1,-1
439,34,0.00,0.00,0.00,0.00,1.0,-1,-1,-1
439,35,772.00,712.00,124.00,317.00,1.0,-1,-1,-1
439,36,1810.00,416.00,70.00,230.00,1.0,-1,-1,-1
439,37,1539.00,312.00,41.00,163.00,1.0,-1,-1,-1
439,38,0.00,0.00,0.00,0.00,1.0,-1,-1,-1
439,39,0.00,0.00,0.00,0.00,1.0,-1,-1,-1
439,40,982.00,719.00,91.00,325.00,1.0,-1,-1,-1
439,41,0.00,0.00,0.00,0.00,1.0,-1,-1,-1
439,42,1288.00,476.00,81.00,250.00,1.0,-1,-1,-1
439,43,1452.00,370.00,78.00,135.00,1.0,-1,-1,-1
439,44,1004.00,402.00,67.00,185.00,1.0,-1,-1,-1
440,0,1281.00,681.00,178.00,296.00,1.0,-1,-1,-1
440,1,0.00,0.00,0.00,0.00,1.0,-1,-1,-1
440,2,0.00,0.00,0.00,0.00,1.0,-1,-1,-1
440,3,0.00,0.00,0.00,0.00,1.0,-1,-1,-1
440,4,0.00,0.00,0.00,0.00,1.0,-1,-1,-1
440,5,0.00,0.00,0.00,0.00,1.0,-1,-1,-1
440,6,0.00,0.00,0.00,0.00,1.0,-1,-1,-1
440,7,0.00,0.00,0.00,0.00,1.0,-1,-1,-1
440,8,0.00,0.00,0.00,0.00,1.0,-1,-1,-1
440,9,0.00,0.00,0.00,0.00,1.0,-1,-1,-1
440,10,1096.00,498.00,50.00,223.00,1.0,-1,-1,-1
440,11,0.00,0.00,0.00,0.00,1.0,-1,-1,-1
440,12,0.00,0.00,0.00,0.00,1.0,-1,-1,-1
440,13,0.00,0.00,0.00,0.00,1.0,-1,-1,-1
440,14,0.00,0.00,0.00,0.00,1.0,-1,-1,-1
440,15,0.00,0.00,0.00,0.00,1.0,-1,-1,-1
440,16,0.00,0.00,0.00,0.00,1.0,-1,-1,-1
440,17,0.00,0.00,0.00,0.00,1.0,-1,-1,-1
440,18,0.00,0.00,0.00,0.00,1.0,-1,-1,-1
440,19,1030.00,511.00,111.00,220.00,1.0,-1,-1,-1
440,20,0.00,0.00,0.00,0.00,1.0,-1,-1,-1
440,21,0.00,0.00,0.00,0.00,1.0,-1,-1,-1
440,22,0.00,0.00,0.00,0.00,1.0,-1,-1,-1
440,23,0.00,0.00,0.00,0.00,1.0,-1,-1,-1
440,24,0.00,0.00,0.00,0.00,1.0,-1,-1,-1
440,25,0.00,0.00,0.00,0.00,1.0,-1,-1,-1
440,26,757.00,372.00,59.00,178.00,1.0,-1,-1,-1
440,27,0.00,0.00,0.00,0.00,1.0,-1,-1,-1
440,28,0.00,0.00,0.00,0.00,1.0,-1,-1,-1
440,29,0.00,0.00,0.00,0.00,1.0,-1,-1,-1
440,30,0.00,0.00,0.00,0.00,1.0,-1,-1,-1
440,31,636.00,841.00,103.00,239.00,1.0,-1,-1,-1
440,32,0.00,0.00,0.00,0.00,1.0,-1,-1,-1
440,33,0.00,0.00,0.00,0.00,1.0,-1,-1,-1
440,34,0.00,0.00,0.00,0.00,1.0,-1,-1,-1
440,35,770.00,714.00,125.00,315.00,1.0,-1,-1,-1
440,36,1811.00,415.00,69.00,231.00,1.0,-1,-1,-1
440,37,1539.00,311.00,41.00,164.00,1.0,-1,-1,-1
440,38,0.00,0.00,0.00,0.00,1.0,-1,-1,-1
440,39,0.00,0.00,0.00,0.00,1.0,-1,-1,-1
440,40,981.00,719.00,91.00,325.00,1.0,-1,-1,-1
440,41,0.00,0.00,0.00,0.00,1.0,-1,-1,-1
440,42,1290.00,475.00,89.00,251.00,1.0,-1,-1,-1
440,43,1456.00,370.00,78.00,138.00,1.0,-1,-1,-1
440,44,1005.00,402.00,66.00,188.00,1.0,-1,-1,-1
441,0,1278.00,680.00,179.00,297.00,1.0,-1,-1,-1
441,1,0.00,0.00,0.00,0.00,1.0,-1,-1,-1
441,2,0.00,0.00,0.00,0.00,1.0,-1,-1,-1
441,3,0.00,0.00,0.00,0.00,1.0,-1,-1,-1
441,4,0.00,0.00,0.00,0.00,1.0,-1,-1,-1
441,5,0.00,0.00,0.00,0.00,1.0,-1,-1,-1
441,6,0.00,0.00,0.00,0.00,1.0,-1,-1,-1
441,7,0.00,0.00,0.00,0.00,1.0,-1,-1,-1
441,8,0.00,0.00,0.00,0.00,1.0,-1,-1,-1
441,9,0.00,0.00,0.00,0.00,1.0,-1,-1,-1
441,10,1095.00,498.00,51.00,223.00,1.0,-1,-1,-1
441,11,0.00,0.00,0.00,0.00,1.0,-1,-1,-1
441,12,0.00,0.00,0.00,0.00,1.0,-1,-1,-1
441,13,0.00,0.00,0.00,0.00,1.0,-1,-1,-1
441,14,0.00,0.00,0.00,0.00,1.0,-1,-1,-1
441,15,0.00,0.00,0.00,0.00,1.0,-1,-1,-1
441,16,0.00,0.00,0.00,0.00,1.0,-1,-1,-1
441,17,0.00,0.00,0.00,0.00,1.0,-1,-1,-1
441,18,0.00,0.00,0.00,0.00,1.0,-1,-1,-1
441,19,1034.00,513.00,108.00,219.00,1.0,-1,-1,-1
441,20,0.00,0.00,0.00,0.00,1.0,-1,-1,-1
441,21,0.00,0.00,0.00,0.00,1.0,-1,-1,-1
441,22,0.00,0.00,0.00,0.00,1.0,-1,-1,-1
441,23,0.00,0.00,0.00,0.00,1.0,-1,-1,-1
441,24,0.00,0.00,0.00,0.00,1.0,-1,-1,-1
441,25,0.00,0.00,0.00,0.00,1.0,-1,-1,-1
441,26,758.00,372.00,55.00,173.00,1.0,-1,-1,-1
441,27,0.00,0.00,0.00,0.00,1.0,-1,-1,-1
441,28,0.00,0.00,0.00,0.00,1.0,-1,-1,-1
441,29,0.00,0.00,0.00,0.00,1.0,-1,-1,-1
441,30,0.00,0.00,0.00,0.00,1.0,-1,-1,-1
441,31,636.00,841.00,101.00,239.00,1.0,-1,-1,-1
441,32,0.00,0.00,0.00,0.00,1.0,-1,-1,-1
441,33,0.00,0.00,0.00,0.00,1.0,-1,-1,-1
441,34,0.00,0.00,0.00,0.00,1.0,-1,-1,-1
441,35,769.00,716.00,125.00,315.00,1.0,-1,-1,-1
441,36,1813.00,416.00,74.00,231.00,1.0,-1,-1,-1
441,37,1540.00,311.00,42.00,164.00,1.0,-1,-1,-1
441,38,0.00,0.00,0.00,0.00,1.0,-1,-1,-1
441,39,1884.00,600.00,36.00,158.00,1.0,-1,-1,-1
441,40,980.00,719.00,92.00,325.00,1.0,-1,-1,-1
441,41,0.00,0.00,0.00,0.00,1.0,-1,-1,-1
441,42,1290.00,478.00,95.00,253.00,1.0,-1,-1,-1
441,43,1456.00,369.00,78.00,138.00,1.0,-1,-1,-1
441,44,1006.00,403.00,65.00,190.00,1.0,-1,-1,-1
442,0,1274.00,680.00,181.00,297.00,1.0,-1,-1,-1
442,1,0.00,0.00,0.00,0.00,1.0,-1,-1,-1
442,2,0.00,0.00,0.00,0.00,1.0,-1,-1,-1
442,3,0.00,0.00,0.00,0.00,1.0,-1,-1,-1
442,4,0.00,0.00,0.00,0.00,1.0,-1,-1,-1
442,5,0.00,0.00,0.00,0.00,1.0,-1,-1,-1
442,6,0.00,0.00,0.00,0.00,1.0,-1,-1,-1
442,7,0.00,0.00,0.00,0.00,1.0,-1,-1,-1
442,8,1897.00,545.00,23.00,215.00,1.0,-1,-1,-1
442,9,0.00,0.00,0.00,0.00,1.0,-1,-1,-1
442,10,1096.00,498.00,51.00,222.00,1.0,-1,-1,-1
442,11,0.00,0.00,0.00,0.00,1.0,-1,-1,-1
442,12,0.00,0.00,0.00,0.00,1.0,-1,-1,-1
442,13,0.00,0.00,0.00,0.00,1.0,-1,-1,-1
442,14,0.00,0.00,0.00,0.00,1.0,-1,-1,-1
442,15,0.00,0.00,0.00,0.00,1.0,-1,-1,-1
442,16,0.00,0.00,0.00,0.00,1.0,-1,-1,-1
442,17,0.00,0.00,0.00,0.00,1.0,-1,-1,-1
442,18,0.00,0.00,0.00,0.00,1.0,-1,-1,-1
442,19,1036.00,511.00,108.00,221.00,1.0,-1,-1,-1
442,20,0.00,0.00,0.00,0.00,1.0,-1,-1,-1
442,21,0.00,0.00,0.00,0.00,1.0,-1,-1,-1
442,22,0.00,0.00,0.00,0.00,1.0,-1,-1,-1
442,23,0.00,0.00,0.00,0.00,1.0,-1,-1,-1
442,24,0.00,0.00,0.00,0.00,1.0,-1,-1,-1
442,25,0.00,0.00,0.00,0.00,1.0,-1,-1,-1
442,26,759.00,371.00,53.00,174.00,1.0,-1,-1,-1
442,27,0.00,0.00,0.00,0.00,1.0,-1,-1,-1
442,28,0.00,0.00,0.00,0.00,1.0,-1,-1,-1
442,29,0.00,0.00,0.00,0.00,1.0,-1,-1,-1
442,30,0.00,0.00,0.00,0.00,1.0,-1,-1,-1
442,31,636.00,842.00,98.00,238.00,1.0,-1,-1,-1
442,32,0.00,0.00,0.00,0.00,1.0,-1,-1,-1
442,33,0.00,0.00,0.00,0.00,1.0,-1,-1,-1
442,34,0.00,0.00,0.00,0.00,1.0,-1,-1,-1
442,35,768.00,718.00,123.00,313.00,1.0,-1,-1,-1
442,36,1813.00,416.00,75.00,230.00,1.0,-1,-1,-1
442,37,1540.00,310.00,43.00,165.00,1.0,-1,-1,-1
442,38,0.00,0.00,0.00,0.00,1.0,-1,-1,-1
442,39,1897.00,616.00,23.00,144.00,1.0,-1,-1,-1
442,40,979.00,720.00,93.00,324.00,1.0,-1,-1,-1
442,41,0.00,0.00,0.00,0.00,1.0,-1,-1,-1
442,42,1291.00,478.00,91.00,249.00,1.0,-1,-1,-1
442,43,1460.00,368.00,75.00,140.00,1.0,-1,-1,-1
442,44,1005.00,404.00,66.00,194.00,1.0,-1,-1,-1
443,0,1268.00,678.00,184.00,298.00,1.0,-1,-1,-1
443,1,0.00,0.00,0.00,0.00,1.0,-1,-1,-1
443,2,0.00,0.00,0.00,0.00,1.0,-1,-1,-1
443,3,0.00,0.00,0.00,0.00,1.0,-1,-1,-1
443,4,0.00,0.00,0.00,0.00,1.0,-1,-1,-1
443,5,0.00,0.00,0.00,0.00,1.0,-1,-1,-1
443,6,0.00,0.00,0.00,0.00,1.0,-1,-1,-1
443,7,0.00,0.00,0.00,0.00,1.0,-1,-1,-1
443,8,1905.00,549.00,15.00,209.00,1.0,-1,-1,-1
443,9,0.00,0.00,0.00,0.00,1.0,-1,-1,-1
443,10,1094.00,497.00,52.00,223.00,1.0,-1,-1,-1
443,11,0.00,0.00,0.00,0.00,1.0,-1,-1,-1
443,12,0.00,0.00,0.00,0.00,1.0,-1,-1,-1
443,13,0.00,0.00,0.00,0.00,1.0,-1,-1,-1
443,14,0.00,0.00,0.00,0.00,1.0,-1,-1,-1
443,15,0.00,0.00,0.00,0.00,1.0,-1,-1,-1
443,16,0.00,0.00,0.00,0.00,1.0,-1,-1,-1
443,17,0.00,0.00,0.00,0.00,1.0,-1,-1,-1
443,18,0.00,0.00,0.00,0.00,1.0,-1,-1,-1
443,19,1037.00,509.00,107.00,223.00,1.0,-1,-1,-1
443,20,0.00,0.00,0.00,0.00,1.0,-1,-1,-1
443,21,0.00,0.00,0.00,0.00,1.0,-1,-1,-1
443,22,0.00,0.00,0.00,0.00,1.0,-1,-1,-1
443,23,0.00,0.00,0.00,0.00,1.0,-1,-1,-1
443,24,0.00,0.00,0.00,0.00,1.0,-1,-1,-1
443,25,0.00,0.00,0.00,0.00,1.0,-1,-1,-1
443,26,758.00,366.00,52.00,179.00,1.0,-1,-1,-1
443,27,0.00,0.00,0.00,0.00,1.0,-1,-1,-1
443,28,0.00,0.00,0.00,0.00,1.0,-1,-1,-1
443,29,0.00,0.00,0.00,0.00,1.0,-1,-1,-1
443,30,0.00,0.00,0.00,0.00,1.0,-1,-1,-1
443,31,635.00,844.00,97.00,236.00,1.0,-1,-1,-1
443,32,0.00,0.00,0.00,0.00,1.0,-1,-1,-1
443,33,0.00,0.00,0.00,0.00,1.0,-1,-1,-1
443,34,0.00,0.00,0.00,0.00,1.0,-1,-1,-1
443,35,767.00,720.00,120.00,314.00,1.0,-1,-1,-1
443,36,1814.00,415.00,74.00,231.00,1.0,-1,-1,-1
443,37,1542.00,309.00,41.00,165.00,1.0,-1,-1,-1
443,38,0.00,0.00,0.00,0.00,1.0,-1,-1,-1
443,39,1908.00,720.00,12.00,37.00,1.0,-1,-1,-1
443,40,978.00,721.00,93.00,322.00,1.0,-1,-1,-1
443,41,0.00,0.00,0.00,0.00,1.0,-1,-1,-1
443,42,1290.00,477.00,109.00,247.00,1.0,-1,-1,-1
443,43,1464.00,366.00,74.00,139.00,1.0,-1,-1,-1
443,44,1008.00,404.00,62.00,192.00,1.0,-1,-1,-1
444,0,1263.00,678.00,187.00,297.00,1.0,-1,-1,-1
444,1,0.00,0.00,0.00,0.00,1.0,-1,-1,-1
444,2,0.00,0.00,0.00,0.00,1.0,-1,-1,-1
444,3,0.00,0.00,0.00,0.00,1.0,-1,-1,-1
444,4,0.00,0.00,0.00,0.00,1.0,-1,-1,-1
444,5,0.00,0.00,0.00,0.00,1.0,-1,-1,-1
444,6,0.00,0.00,0.00,0.00,1.0,-1,-1,-1
444,7,0.00,0.00,0.00,0.00,1.0,-1,-1,-1
444,8,0.00,0.00,0.00,0.00,1.0,-1,-1,-1
444,9,0.00,0.00,0.00,0.00,1.0,-1,-1,-1
444,10,1094.00,496.00,51.00,224.00,1.0,-1,-1,-1
444,11,0.00,0.00,0.00,0.00,1.0,-1,-1,-1
444,12,0.00,0.00,0.00,0.00,1.0,-1,-1,-1
444,13,0.00,0.00,0.00,0.00,1.0,-1,-1,-1
444,14,0.00,0.00,0.00,0.00,1.0,-1,-1,-1
444,15,0.00,0.00,0.00,0.00,1.0,-1,-1,-1
444,16,0.00,0.00,0.00,0.00,1.0,-1,-1,-1
444,17,0.00,0.00,0.00,0.00,1.0,-1,-1,-1
444,18,0.00,0.00,0.00,0.00,1.0,-1,-1,-1
444,19,1038.00,508.00,105.00,223.00,1.0,-1,-1,-1
444,20,0.00,0.00,0.00,0.00,1.0,-1,-1,-1
444,21,0.00,0.00,0.00,0.00,1.0,-1,-1,-1
444,22,0.00,0.00,0.00,0.00,1.0,-1,-1,-1
444,23,0.00,0.00,0.00,0.00,1.0,-1,-1,-1
444,24,0.00,0.00,0.00,0.00,1.0,-1,-1,-1
444,25,0.00,0.00,0.00,0.00,1.0,-1,-1,-1
444,26,757.00,364.00,55.00,187.00,1.0,-1,-1,-1
444,27,0.00,0.00,0.00,0.00,1.0,-1,-1,-1
444,28,0.00,0.00,0.00,0.00,1.0,-1,-1,-1
444,29,0.00,0.00,0.00,0.00,1.0,-1,-1,-1
444,30,0.00,0.00,0.00,0.00,1.0,-1,-1,-1
444,31,635.00,844.00,95.00,236.00,1.0,-1,-1,-1
444,32,0.00,0.00,0.00,0.00,1.0,-1,-1,-1
444,33,0.00,0.00,0.00,0.00,1.0,-1,-1,-1
444,34,0.00,0.00,0.00,0.00,1.0,-1,-1,-1
444,35,764.00,721.00,121.00,316.00,1.0,-1,-1,-1
444,36,1814.00,413.00,79.00,232.00,1.0,-1,-1,-1
444,37,1542.00,308.00,41.00,165.00,1.0,-1,-1,-1
444,38,0.00,0.00,0.00,0.00,1.0,-1,-1,-1
444,39,0.00,0.00,0.00,0.00,1.0,-1,-1,-1
444,40,977.00,722.00,94.00,320.00,1.0,-1,-1,-1
444,41,0.00,0.00,0.00,0.00,1.0,-1,-1,-1
444,42,1290.00,477.00,116.00,244.00,1.0,-1,-1,-1
444,43,1468.00,365.00,73.00,152.00,1.0,-1,-1,-1
444,44,1008.00,404.00,63.00,194.00,1.0,-1,-1,-1
445,0,1260.00,678.00,187.00,297.00,1.0,-1,-1,-1
445,1,0.00,0.00,0.00,0.00,1.0,-1,-1,-1
445,2,0.00,0.00,0.00,0.00,1.0,-1,-1,-1
445,3,0.00,0.00,0.00,0.00,1.0,-1,-1,-1
445,4,0.00,0.00,0.00,0.00,1.0,-1,-1,-1
445,5,0.00,0.00,0.00,0.00,1.0,-1,-1,-1
445,6,0.00,0.00,0.00,0.00,1.0,-1,-1,-1
445,7,0.00,0.00,0.00,0.00,1.0,-1,-1,-1
445,8,0.00,0.00,0.00,0.00,1.0,-1,-1,-1
445,9,0.00,0.00,0.00,0.00,1.0,-1,-1,-1
445,10,1094.00,496.00,46.00,223.00,1.0,-1,-1,-1
445,11,0.00,0.00,0.00,0.00,1.0,-1,-1,-1
445,12,0.00,0.00,0.00,0.00,1.0,-1,-1,-1
445,13,0.00,0.00,0.00,0.00,1.0,-1,-1,-1
445,14,0.00,0.00,0.00,0.00,1.0,-1,-1,-1
445,15,0.00,0.00,0.00,0.00,1.0,-1,-1,-1
445,16,0.00,0.00,0.00,0.00,1.0,-1,-1,-1
445,17,0.00,0.00,0.00,0.00,1.0,-1,-1,-1
445,18,0.00,0.00,0.00,0.00,1.0,-1,-1,-1
445,19,1040.00,507.00,103.00,224.00,1.0,-1,-1,-1
445,20,0.00,0.00,0.00,0.00,1.0,-1,-1,-1
445,21,0.00,0.00,0.00,0.00,1.0,-1,-1,-1
445,22,0.00,0.00,0.00,0.00,1.0,-1,-1,-1
445,23,0.00,0.00,0.00,0.00,1.0,-1,-1,-1
445,24,0.00,0.00,0.00,0.00,1.0,-1,-1,-1
445,25,0.00,0.00,0.00,0.00,1.0,-1,-1,-1
445,26,758.00,365.00,51.00,182.00,1.0,-1,-1,-1
445,27,0.00,0.00,0.00,0.00,1.0,-1,-1,-1
445,28,0.00,0.00,0.00,0.00,1.0,-1,-1,-1
445,29,0.00,0.00,0.00,0.00,1.0,-1,-1,-1
445,30,0.00,0.00,0.00,0.00,1.0,-1,-1,-1
445,31,634.00,845.00,94.00,235.00,1.0,-1,-1,-1
445,32,0.00,0.00,0.00,0.00,1.0,-1,-1,-1
445,33,0.00,0.00,0.00,0.00,1.0,-1,-1,-1
445,34,0.00,0.00,0.00,0.00,1.0,-1,-1,-1
445,35,761.00,723.00,122.00,320.00,1.0,-1,-1,-1
445,36,1814.00,413.00,80.00,231.00,1.0,-1,-1,-1
445,37,1542.00,308.00,41.00,164.00,1.0,-1,-1,-1
445,38,0.00,0.00,0.00,0.00,1.0,-1,-1,-1
445,39,0.00,0.00,0.00,0.00,1.0,-1,-1,-1
445,40,974.00,724.00,95.00,325.00,1.0,-1,-1,-1
445,41,0.00,0.00,0.00,0.00,1.0,-1,-1,-1
445,42,1291.00,479.00,120.00,242.00,1.0,-1,-1,-1
445,43,1467.00,364.00,74.00,157.00,1.0,-1,-1,-1
445,44,1007.00,405.00,63.00,194.00,1.0,-1,-1,-1
446,0,1255.00,678.00,190.00,297.00,1.0,-1,-1,-1
446,1,0.00,0.00,0.00,0.00,1.0,-1,-1,-1
446,2,0.00,0.00,0.00,0.00,1.0,-1,-1,-1
446,3,0.00,0.00,0.00,0.00,1.0,-1,-1,-1
446,4,0.00,0.00,0.00,0.00,1.0,-1,-1,-1
446,5,0.00,0.00,0.00,0.00,1.0,-1,-1,-1
446,6,0.00,0.00,0.00,0.00,1.0,-1,-1,-1
446,7,0.00,0.00,0.00,0.00,1.0,-1,-1,-1
446,8,0.00,0.00,0.00,0.00,1.0,-1,-1,-1
446,9,0.00,0.00,0.00,0.00,1.0,-1,-1,-1
446,10,1094.00,495.00,47.00,224.00,1.0,-1,-1,-1
446,11,0.00,0.00,0.00,0.00,1.0,-1,-1,-1
446,12,0.00,0.00,0.00,0.00,1.0,-1,-1,-1
446,13,0.00,0.00,0.00,0.00,1.0,-1,-1,-1
446,14,0.00,0.00,0.00,0.00,1.0,-1,-1,-1
446,15,0.00,0.00,0.00,0.00,1.0,-1,-1,-1
446,16,0.00,0.00,0.00,0.00,1.0,-1,-1,-1
446,17,0.00,0.00,0.00,0.00,1.0,-1,-1,-1
446,18,0.00,0.00,0.00,0.00,1.0,-1,-1,-1
446,19,1042.00,506.00,99.00,224.00,1.0,-1,-1,-1
446,20,0.00,0.00,0.00,0.00,1.0,-1,-1,-1
446,21,0.00,0.00,0.00,0.00,1.0,-1,-1,-1
446,22,0.00,0.00,0.00,0.00,1.0,-1,-1,-1
446,23,0.00,0.00,0.00,0.00,1.0,-1,-1,-1
446,24,0.00,0.00,0.00,0.00,1.0,-1,-1,-1
446,25,0.00,0.00,0.00,0.00,1.0,-1,-1,-1
446,26,758.00,364.00,50.00,181.00,1.0,-1,-1,-1
446,27,0.00,0.00,0.00,0.00,1.0,-1,-1,-1
446,28,0.00,0.00,0.00,0.00,1.0,-1,-1,-1
446,29,0.00,0.00,0.00,0.00,1.0,-1,-1,-1
446,30,0.00,0.00,0.00,0.00,1.0,-1,-1,-1
446,31,632.00,847.00,94.00,233.00,1.0,-1,-1,-1
446,32,0.00,0.00,0.00,0.00,1.0,-1,-1,-1
446,33,0.00,0.00,0.00,0.00,1.0,-1,-1,-1
446,34,0.00,0.00,0.00,0.00,1.0,-1,-1,-1
446,35,759.00,723.00,121.00,319.00,1.0,-1,-1,-1
446,36,1814.00,413.00,75.00,231.00,1.0,-1,-1,-1
446,37,1543.00,308.00,40.00,164.00,1.0,-1,-1,-1
446,38,0.00,0.00,0.00,0.00,1.0,-1,-1,-1
446,39,0.00,0.00,0.00,0.00,1.0,-1,-1,-1
446,40,974.00,726.00,94.00,329.00,1.0,-1,-1,-1
446,41,0.00,0.00,0.00,0.00,1.0,-1,-1,-1
446,42,1293.00,481.00,122.00,239.00,1.0,-1,-1,-1
446,43,1468.00,363.00,74.00,159.00,1.0,-1,-1,-1
446,44,1008.00,405.00,62.00,195.00,1.0,-1,-1,-1
447,0,1252.00,677.00,190.00,297.00,1.0,-1,-1,-1
447,1,0.00,0.00,0.00,0.00,1.0,-1,-1,-1
447,2,0.00,0.00,0.00,0.00,1.0,-1,-1,-1
447,3,0.00,0.00,0.00,0.00,1.0,-1,-1,-1
447,4,0.00,0.00,0.00,0.00,1.0,-1,-1,-1
447,5,0.00,0.00,0.00,0.00,1.0,-1,-1,-1
447,6,0.00,0.00,0.00,0.00,1.0,-1,-1,-1
447,7,0.00,0.00,0.00,0.00,1.0,-1,-1,-1
447,8,0.00,0.00,0.00,0.00,1.0,-1,-1,-1
447,9,0.00,0.00,0.00,0.00,1.0,-1,-1,-1
447,10,1093.00,493.00,47.00,227.00,1.0,-1,-1,-1
447,11,0.00,0.00,0.00,0.00,1.0,-1,-1,-1
447,12,0.00,0.00,0.00,0.00,1.0,-1,-1,-1
447,13,0.00,0.00,0.00,0.00,1.0,-1,-1,-1
447,14,0.00,0.00,0.00,0.00,1.0,-1,-1,-1
447,15,0.00,0.00,0.00,0.00,1.0,-1,-1,-1
447,16,0.00,0.00,0.00,0.00,1.0,-1,-1,-1
447,17,0.00,0.00,0.00,0.00,1.0,-1,-1,-1
447,18,0.00,0.00,0.00,0.00,1.0,-1,-1,-1
447,19,1044.00,505.00,96.00,224.00,1.0,-1,-1,-1
447,20,0.00,0.00,0.00,0.00,1.0,-1,-1,-1
447,21,0.00,0.00,0.00,0.00,1.0,-1,-1,-1
447,22,0.00,0.00,0.00,0.00,1.0,-1,-1,-1
447,23,0.00,0.00,0.00,0.00,1.0,-1,-1,-1
447,24,0.00,0.00,0.00,0.00,1.0,-1,-1,-1
447,25,0.00,0.00,0.00,0.00,1.0,-1,-1,-1
447,26,758.00,364.00,46.00,180.00,1.0,-1,-1,-1
447,27,0.00,0.00,0.00,0.00,1.0,-1,-1,-1
447,28,0.00,0.00,0.00,0.00,1.0,-1,-1,-1
447,29,0.00,0.00,0.00,0.00,1.0,-1,-1,-1
447,30,0.00,0.00,0.00,0.00,1.0,-1,-1,-1
447,31,632.00,851.00,93.00,229.00,1.0,-1,-1,-1
447,32,0.00,0.00,0.00,0.00,1.0,-1,-1,-1
447,33,0.00,0.00,0.00,0.00,1.0,-1,-1,-1
447,34,0.00,0.00,0.00,0.00,1.0,-1,-1,-1
447,35,756.00,723.00,122.00,318.00,1.0,-1,-1,-1
447,36,1814.00,412.00,76.00,230.00,1.0,-1,-1,-1
447,37,1543.00,307.00,40.00,164.00,1.0,-1,-1,-1
447,38,0.00,0.00,0.00,0.00,1.0,-1,-1,-1
447,39,0.00,0.00,0.00,0.00,1.0,-1,-1,-1
447,40,973.00,727.00,94.00,332.00,1.0,-1,-1,-1
447,41,0.00,0.00,0.00,0.00,1.0,-1,-1,-1
447,42,1297.00,481.00,123.00,238.00,1.0,-1,-1,-1
447,43,1468.00,363.00,74.00,159.00,1.0,-1,-1,-1
447,44,1007.00,404.00,63.00,195.00,1.0,-1,-1,-1
447,45,1574.00,508.00,111.00,255.00,1.0,-1,-1,-1
448,0,1249.00,677.00,192.00,296.00,1.0,-1,-1,-1
448,1,0.00,0.00,0.00,0.00,1.0,-1,-1,-1
448,2,0.00,0.00,0.00,0.00,1.0,-1,-1,-1
448,3,0.00,0.00,0.00,0.00,1.0,-1,-1,-1
448,4,0.00,0.00,0.00,0.00,1.0,-1,-1,-1
448,5,0.00,0.00,0.00,0.00,1.0,-1,-1,-1
448,6,0.00,0.00,0.00,0.00,1.0,-1,-1,-1
448,7,0.00,0.00,0.00,0.00,1.0,-1,-1,-1
448,8,0.00,0.00,0.00,0.00,1.0,-1,-1,-1
448,9,0.00,0.00,0.00,0.00,1.0,-1,-1,-1
448,10,1093.00,491.00,48.00,227.00,1.0,-1,-1,-1
448,11,0.00,0.00,0.00,0.00,1.0,-1,-1,-1
448,12,0.00,0.00,0.00,0.00,1.0,-1,-1,-1
448,13,0.00,0.00,0.00,0.00,1.0,-1,-1,-1
448,14,0.00,0.00,0.00,0.00,1.0,-1,-1,-1
448,15,0.00,0.00,0.00,0.00,1.0,-1,-1,-1
448,16,0.00,0.00,0.00,0.00,1.0,-1,-1,-1
448,17,0.00,0.00,0.00,0.00,1.0,-1,-1,-1
448,18,0.00,0.00,0.00,0.00,1.0,-1,-1,-1
448,19,1046.00,502.00,94.00,227.00,1.0,-1,-1,-1
448,20,0.00,0.00,0.00,0.00,1.0,-1,-1,-1
448,21,0.00,0.00,0.00,0.00,1.0,-1,-1,-1
448,22,0.00,0.00,0.00,0.00,1.0,-1,-1,-1
448,23,0.00,0.00,0.00,0.00,1.0,-1,-1,-1
448,24,0.00,0.00,0.00,0.00,1.0,-1,-1,-1
448,25,0.00,0.00,0.00,0.00,1.0,-1,-1,-1
448,26,758.00,367.00,49.00,179.00,1.0,-1,-1,-1
448,27,0.00,0.00,0.00,0.00,1.0,-1,-1,-1
448,28,0.00,0.00,0.00,0.00,1.0,-1,-1,-1
448,29,0.00,0.00,0.00,0.00,1.0,-1,-1,-1
448,30,0.00,0.00,0.00,0.00,1.0,-1,-1,-1
448,31,631.00,852.00,94.00,228.00,1.0,-1,-1,-1
448,32,0.00,0.00,0.00,0.00,1.0,-1,-1,-1
448,33,0.00,0.00,0.00,0.00,1.0,-1,-1,-1
448,34,0.00,0.00,0.00,0.00,1.0,-1,-1,-1
448,35,753.00,722.00,126.00,319.00,1.0,-1,-1,-1
448,36,1815.00,411.00,79.00,232.00,1.0,-1,-1,-1
448,37,1544.00,307.00,40.00,164.00,1.0,-1,-1,-1
448,38,0.00,0.00,0.00,0.00,1.0,-1,-1,-1
448,39,0.00,0.00,0.00,0.00,1.0,-1,-1,-1
448,40,971.00,730.00,96.00,328.00,1.0,-1,-1,-1
448,41,0.00,0.00,0.00,0.00,1.0,-1,-1,-1
448,42,1302.00,481.00,122.00,237.00,1.0,-1,-1,-1
448,43,1469.00,362.00,75.00,161.00,1.0,-1,-1,-1
448,44,1005.00,404.00,66.00,194.00,1.0,-1,-1,-1
448,45,1575.00,508.00,92.00,258.00,1.0,-1,-1,-1
449,0,1247.00,677.00,191.00,296.00,1.0,-1,-1,-1
449,1,0.00,0.00,0.00,0.00,1.0,-1,-1,-1
449,2,0.00,0.00,0.00,0.00,1.0,-1,-1,-1
449,3,0.00,0.00,0.00,0.00,1.0,-1,-1,-1
449,4,0.00,0.00,0.00,0.00,1.0,-1,-1,-1
449,5,0.00,0.00,0.00,0.00,1.0,-1,-1,-1
449,6,0.00,0.00,0.00,0.00,1.0,-1,-1,-1
449,7,0.00,0.00,0.00,0.00,1.0,-1,-1,-1
449,8,0.00,0.00,0.00,0.00,1.0,-1,-1,-1
449,9,0.00,0.00,0.00,0.00,1.0,-1,-1,-1
449,10,1092.00,494.00,48.00,223.00,1.0,-1,-1,-1
449,11,0.00,0.00,0.00,0.00,1.0,-1,-1,-1
449,12,0.00,0.00,0.00,0.00,1.0,-1,-1,-1
449,13,0.00,0.00,0.00,0.00,1.0,-1,-1,-1
449,14,0.00,0.00,0.00,0.00,1.0,-1,-1,-1
449,15,0.00,0.00,0.00,0.00,1.0,-1,-1,-1
449,16,0.00,0.00,0.00,0.00,1.0,-1,-1,-1
449,17,0.00,0.00,0.00,0.00,1.0,-1,-1,-1
449,18,0.00,0.00,0.00,0.00,1.0,-1,-1,-1
449,19,1046.00,498.00,91.00,231.00,1.0,-1,-1,-1
449,20,0.00,0.00,0.00,0.00,1.0,-1,-1,-1
449,21,0.00,0.00,0.00,0.00,1.0,-1,-1,-1
449,22,0.00,0.00,0.00,0.00,1.0,-1,-1,-1
449,23,0.00,0.00,0.00,0.00,1.0,-1,-1,-1
449,24,0.00,0.00,0.00,0.00,1.0,-1,-1,-1
449,25,0.00,0.00,0.00,0.00,1.0,-1,-1,-1
449,26,758.00,366.00,46.00,180.00,1.0,-1,-1,-1
449,27,0.00,0.00,0.00,0.00,1.0,-1,-1,-1
449,28,0.00,0.00,0.00,0.00,1.0,-1,-1,-1
449,29,0.00,0.00,0.00,0.00,1.0,-1,-1,-1
449,30,0.00,0.00,0.00,0.00,1.0,-1,-1,-1
449,31,630.00,855.00,95.00,225.00,1.0,-1,-1,-1
449,32,0.00,0.00,0.00,0.00,1.0,-1,-1,-1
449,33,0.00,0.00,0.00,0.00,1.0,-1,-1,-1
449,34,0.00,0.00,0.00,0.00,1.0,-1,-1,-1
449,35,750.00,722.00,128.00,319.00,1.0,-1,-1,-1
449,36,1815.00,411.00,79.00,232.00,1.0,-1,-1,-1
449,37,1543.00,306.00,40.00,164.00,1.0,-1,-1,-1
449,38,0.00,0.00,0.00,0.00,1.0,-1,-1,-1
449,39,0.00,0.00,0.00,0.00,1.0,-1,-1,-1
449,40,971.00,731.00,94.00,327.00,1.0,-1,-1,-1
449,41,0.00,0.00,0.00,0.00,1.0,-1,-1,-1
449,42,1307.00,481.00,120.00,200.00,1.0,-1,-1,-1
449,43,1468.00,364.00,76.00,158.00,1.0,-1,-1,-1
449,44,1006.00,402.00,64.00,197.00,1.0,-1,-1,-1
449,45,1579.00,508.00,93.00,259.00,1.0,-1,-1,-1
450,0,1245.00,678.00,192.00,299.00,1.0,-1,-1,-1
450,1,0.00,0.00,0.00,0.00,1.0,-1,-1,-1
450,2,0.00,0.00,0.00,0.00,1.0,-1,-1,-1
450,3,0.00,0.00,0.00,0.00,1.0,-1,-1,-1
450,4,0.00,0.00,0.00,0.00,1.0,-1,-1,-1
450,5,0.00,0.00,0.00,0.00,1.0,-1,-1,-1
450,6,0.00,0.00,0.00,0.00,1.0,-1,-1,-1
450,7,0.00,0.00,0.00,0.00,1.0,-1,-1,-1
450,8,0.00,0.00,0.00,0.00,1.0,-1,-1,-1
450,9,0.00,0.00,0.00,0.00,1.0,-1,-1,-1
450,10,1093.00,496.00,47.00,220.00,1.0,-1,-1,-1
450,11,0.00,0.00,0.00,0.00,1.0,-1,-1,-1
450,12,0.00,0.00,0.00,0.00,1.0,-1,-1,-1
450,13,0.00,0.00,0.00,0.00,1.0,-1,-1,-1
450,14,0.00,0.00,0.00,0.00,1.0,-1,-1,-1
450,15,0.00,0.00,0.00,0.00,1.0,-1,-1,-1
450,16,0.00,0.00,0.00,0.00,1.0,-1,-1,-1
450,17,0.00,0.00,0.00,0.00,1.0,-1,-1,-1
450,18,0.00,0.00,0.00,0.00,1.0,-1,-1,-1
450,19,1048.00,499.00,89.00,230.00,1.0,-1,-1,-1
450,20,0.00,0.00,0.00,0.00,1.0,-1,-1,-1
450,21,0.00,0.00,0.00,0.00,1.0,-1,-1,-1
450,22,0.00,0.00,0.00,0.00,1.0,-1,-1,-1
450,23,0.00,0.00,0.00,0.00,1.0,-1,-1,-1
450,24,0.00,0.00,0.00,0.00,1.0,-1,-1,-1
450,25,0.00,0.00,0.00,0.00,1.0,-1,-1,-1
450,26,758.00,367.00,45.00,180.00,1.0,-1,-1,-1
450,27,0.00,0.00,0.00,0.00,1.0,-1,-1,-1
450,28,0.00,0.00,0.00,0.00,1.0,-1,-1,-1
450,29,0.00,0.00,0.00,0.00,1.0,-1,-1,-1
450,30,0.00,0.00,0.00,0.00,1.0,-1,-1,-1
450,31,629.00,856.00,95.00,224.00,1.0,-1,-1,-1
450,32,0.00,0.00,0.00,0.00,1.0,-1,-1,-1
450,33,0.00,0.00,0.00,0.00,1.0,-1,-1,-1
450,34,0.00,0.00,0.00,0.00,1.0,-1,-1,-1
450,35,749.00,722.00,129.00,319.00,1.0,-1,-1,-1
450,36,1815.00,413.00,79.00,231.00,1.0,-1,-1,-1
450,37,1543.00,306.00,40.00,164.00,1.0,-1,-1,-1
450,38,0.00,0.00,0.00,0.00,1.0,-1,-1,-1
450,39,0.00,0.00,0.00,0.00,1.0,-1,-1,-1
450,40,970.00,732.00,96.00,327.00,1.0,-1,-1,-1
450,41,0.00,0.00,0.00,0.00,1.0,-1,-1,-1
450,42,1319.00,480.00,109.00,210.00,1.0,-1,-1,-1
450,43,1468.00,365.00,77.00,157.00,1.0,-1,-1,-1
450,44,1005.00,401.00,66.00,197.00,1.0,-1,-1,-1
450,45,1580.00,507.00,97.00,261.00,1.0,-1,-1,-1
451,0,1244.00,679.00,191.00,300.00,1.0,-1,-1,-1
451,1,0.00,0.00,0.00,0.00,1.0,-1,-1,-1
451,2,0.00,0.00,0.00,0.00,1.0,-1,-1,-1
451,3,0.00,0.00,0.00,0.00,1.0,-1,-1,-1
451,4,0.00,0.00,0.00,0.00,1.0,-1,-1,-1
451,5,0.00,0.00,0.00,0.00,1.0,-1,-1,-1
451,6,0.00,0.00,0.00,0.00,1.0,-1,-1,-1
451,7,0.00,0.00,0.00,0.00,1.0,-1,-1,-1
451,8,0.00,0.00,0.00,0.00,1.0,-1,-1,-1
451,9,0.00,0.00,0.00,0.00,1.0,-1,-1,-1
451,10,1091.00,494.00,49.00,221.00,1.0,-1,-1,-1
451,11,0.00,0.00,0.00,0.00,1.0,-1,-1,-1
451,12,0.00,0.00,0.00,0.00,1.0,-1,-1,-1
451,13,0.00,0.00,0.00,0.00,1.0,-1,-1,-1
451,14,0.00,0.00,0.00,0.00,1.0,-1,-1,-1
451,15,0.00,0.00,0.00,0.00,1.0,-1,-1,-1
451,16,0.00,0.00,0.00,0.00,1.0,-1,-1,-1
451,17,0.00,0.00,0.00,0.00,1.0,-1,-1,-1
451,18,0.00,0.00,0.00,0.00,1.0,-1,-1,-1
451,19,1049.00,497.00,87.00,232.00,1.0,-1,-1,-1
451,20,0.00,0.00,0.00,0.00,1.0,-1,-1,-1
451,21,0.00,0.00,0.00,0.00,1.0,-1,-1,-1
451,22,0.00,0.00,0.00,0.00,1.0,-1,-1,-1
451,23,0.00,0.00,0.00,0.00,1.0,-1,-1,-1
451,24,0.00,0.00,0.00,0.00,1.0,-1,-1,-1
451,25,0.00,0.00,0.00,0.00,1.0,-1,-1,-1
451,26,759.00,368.00,43.00,180.00,1.0,-1,-1,-1
451,27,0.00,0.00,0.00,0.00,1.0,-1,-1,-1
451,28,0.00,0.00,0.00,0.00,1.0,-1,-1,-1
451,29,0.00,0.00,0.00,0.00,1.0,-1,-1,-1
451,30,0.00,0.00,0.00,0.00,1.0,-1,-1,-1
451,31,629.00,859.00,95.00,221.00,1.0,-1,-1,-1
451,32,0.00,0.00,0.00,0.00,1.0,-1,-1,-1
451,33,0.00,0.00,0.00,0.00,1.0,-1,-1,-1
451,34,0.00,0.00,0.00,0.00,1.0,-1,-1,-1
451,35,746.00,723.00,132.00,318.00,1.0,-1,-1,-1
451,36,1817.00,415.00,79.00,231.00,1.0,-1,-1,-1
451,37,1544.00,306.00,40.00,164.00,1.0,-1,-1,-1
451,38,0.00,0.00,0.00,0.00,1.0,-1,-1,-1
451,39,0.00,0.00,0.00,0.00,1.0,-1,-1,-1
451,40,970.00,733.00,94.00,333.00,1.0,-1,-1,-1
451,41,0.00,0.00,0.00,0.00,1.0,-1,-1,-1
451,42,1328.00,482.00,99.00,211.00,1.0,-1,-1,-1
451,43,1469.00,367.00,76.00,154.00,1.0,-1,-1,-1
451,44,1005.00,400.00,66.00,198.00,1.0,-1,-1,-1
451,45,1591.00,508.00,92.00,261.00,1.0,-1,-1,-1
452,0,1241.00,681.00,192.00,301.00,1.0,-1,-1,-1
452,1,0.00,0.00,0.00,0.00,1.0,-1,-1,-1
452,2,0.00,0.00,0.00,0.00,1.0,-1,-1,-1
452,3,0.00,0.00,0.00,0.00,1.0,-1,-1,-1
452,4,0.00,0.00,0.00,0.00,1.0,-1,-1,-1
452,5,0.00,0.00,0.00,0.00,1.0,-1,-1,-1
452,6,0.00,0.00,0.00,0.00,1.0,-1,-1,-1
452,7,0.00,0.00,0.00,0.00,1.0,-1,-1,-1
452,8,0.00,0.00,0.00,0.00,1.0,-1,-1,-1
452,9,0.00,0.00,0.00,0.00,1.0,-1,-1,-1
452,10,1091.00,495.00,49.00,217.00,1.0,-1,-1,-1
452,11,0.00,0.00,0.00,0.00,1.0,-1,-1,-1
452,12,0.00,0.00,0.00,0.00,1.0,-1,-1,-1
452,13,0.00,0.00,0.00,0.00,1.0,-1,-1,-1
452,14,0.00,0.00,0.00,0.00,1.0,-1,-1,-1
452,15,0.00,0.00,0.00,0.00,1.0,-1,-1,-1
452,16,0.00,0.00,0.00,0.00,1.0,-1,-1,-1
452,17,0.00,0.00,0.00,0.00,1.0,-1,-1,-1
452,18,0.00,0.00,0.00,0.00,1.0,-1,-1,-1
452,19,1049.00,498.00,87.00,231.00,1.0,-1,-1,-1
452,20,0.00,0.00,0.00,0.00,1.0,-1,-1,-1
452,21,0.00,0.00,0.00,0.00,1.0,-1,-1,-1
452,22,0.00,0.00,0.00,0.00,1.0,-1,-1,-1
452,23,0.00,0.00,0.00,0.00,1.0,-1,-1,-1
452,24,0.00,0.00,0.00,0.00,1.0,-1,-1,-1
452,25,0.00,0.00,0.00,0.00,1.0,-1,-1,-1
452,26,758.00,364.00,41.00,182.00,1.0,-1,-1,-1
452,27,0.00,0.00,0.00,0.00,1.0,-1,-1,-1
452,28,0.00,0.00,0.00,0.00,1.0,-1,-1,-1
452,29,0.00,0.00,0.00,0.00,1.0,-1,-1,-1
452,30,0.00,0.00,0.00,0.00,1.0,-1,-1,-1
452,31,626.00,860.00,96.00,220.00,1.0,-1,-1,-1
452,32,0.00,0.00,0.00,0.00,1.0,-1,-1,-1
452,33,0.00,0.00,0.00,0.00,1.0,-1,-1,-1
452,34,0.00,0.00,0.00,0.00,1.0,-1,-1,-1
452,35,744.00,724.00,135.00,317.00,1.0,-1,-1,-1
452,36,1818.00,417.00,79.00,232.00,1.0,-1,-1,-1
452,37,1544.00,306.00,40.00,164.00,1.0,-1,-1,-1
452,38,0.00,0.00,0.00,0.00,1.0,-1,-1,-1
452,39,0.00,0.00,0.00,0.00,1.0,-1,-1,-1
452,40,967.00,732.00,97.00,335.00,1.0,-1,-1,-1
452,41,0.00,0.00,0.00,0.00,1.0,-1,-1,-1
452,42,1337.00,482.00,90.00,215.00,1.0,-1,-1,-1
452,43,1470.00,369.00,75.00,153.00,1.0,-1,-1,-1
452,44,1001.00,399.00,72.00,199.00,1.0,-1,-1,-1
452,45,1598.00,507.00,91.00,263.00,1.0,-1,-1,-1
453,0,1242.00,681.00,191.00,303.00,1.0,-1,-1,-1
453,1,0.00,0.00,0.00,0.00,1.0,-1,-1,-1
453,2,0.00,0.00,0.00,0.00,1.0,-1,-1,-1
453,3,0.00,0.00,0.00,0.00,1.0,-1,-1,-1
453,4,0.00,0.00,0.00,0.00,1.0,-1,-1,-1
453,5,0.00,0.00,0.00,0.00,1.0,-1,-1,-1
453,6,0.00,0.00,0.00,0.00,1.0,-1,-1,-1
453,7,0.00,0.00,0.00,0.00,1.0,-1,-1,-1
453,8,0.00,0.00,0.00,0.00,1.0,-1,-1,-1
453,9,0.00,0.00,0.00,0.00,1.0,-1,-1,-1
453,10,1091.00,496.00,48.00,216.00,1.0,-1,-1,-1
453,11,0.00,0.00,0.00,0.00,1.0,-1,-1,-1
453,12,0.00,0.00,0.00,0.00,1.0,-1,-1,-1
453,13,0.00,0.00,0.00,0.00,1.0,-1,-1,-1
453,14,0.00,0.00,0.00,0.00,1.0,-1,-1,-1
453,15,0.00,0.00,0.00,0.00,1.0,-1,-1,-1
453,16,0.00,0.00,0.00,0.00,1.0,-1,-1,-1
453,17,0.00,0.00,0.00,0.00,1.0,-1,-1,-1
453,18,0.00,0.00,0.00,0.00,1.0,-1,-1,-1
453,19,1049.00,500.00,87.00,228.00,1.0,-1,-1,-1
453,20,0.00,0.00,0.00,0.00,1.0,-1,-1,-1
453,21,0.00,0.00,0.00,0.00,1.0,-1,-1,-1
453,22,0.00,0.00,0.00,0.00,1.0,-1,-1,-1
453,23,0.00,0.00,0.00,0.00,1.0,-1,-1,-1
453,24,0.00,0.00,0.00,0.00,1.0,-1,-1,-1
453,25,0.00,0.00,0.00,0.00,1.0,-1,-1,-1
453,26,758.00,364.00,41.00,183.00,1.0,-1,-1,-1
453,27,0.00,0.00,0.00,0.00,1.0,-1,-1,-1
453,28,0.00,0.00,0.00,0.00,1.0,-1,-1,-1
453,29,0.00,0.00,0.00,0.00,1.0,-1,-1,-1
453,30,0.00,0.00,0.00,0.00,1.0,-1,-1,-1
453,31,626.00,861.00,96.00,219.00,1.0,-1,-1,-1
453,32,0.00,0.00,0.00,0.00,1.0,-1,-1,-1
453,33,0.00,0.00,0.00,0.00,1.0,-1,-1,-1
453,34,0.00,0.00,0.00,0.00,1.0,-1,-1,-1
453,35,744.00,726.00,136.00,315.00,1.0,-1,-1,-1
453,36,1822.00,418.00,75.00,233.00,1.0,-1,-1,-1
453,37,1544.00,306.00,40.00,163.00,1.0,-1,-1,-1
453,38,0.00,0.00,0.00,0.00,1.0,-1,-1,-1
453,39,0.00,0.00,0.00,0.00,1.0,-1,-1,-1
453,40,967.00,731.00,97.00,336.00,1.0,-1,-1,-1
453,41,0.00,0.00,0.00,0.00,1.0,-1,-1,-1
453,42,1344.00,480.00,85.00,224.00,1.0,-1,-1,-1
453,43,1472.00,370.00,74.00,153.00,1.0,-1,-1,-1
453,44,1001.00,398.00,72.00,200.00,1.0,-1,-1,-1
453,45,1608.00,507.00,87.00,263.00,1.0,-1,-1,-1
454,0,1241.00,680.00,191.00,299.00,1.0,-1,-1,-1
454,1,0.00,0.00,0.00,0.00,1.0,-1,-1,-1
454,2,0.00,0.00,0.00,0.00,1.0,-1,-1,-1
454,3,0.00,0.00,0.00,0.00,1.0,-1,-1,-1
454,4,0.00,0.00,0.00,0.00,1.0,-1,-1,-1
454,5,0.00,0.00,0.00,0.00,1.0,-1,-1,-1
454,6,0.00,0.00,0.00,0.00,1.0,-1,-1,-1
454,7,0.00,0.00,0.00,0.00,1.0,-1,-1,-1
454,8,0.00,0.00,0.00,0.00,1.0,-1,-1,-1
454,9,0.00,0.00,0.00,0.00,1.0,-1,-1,-1
454,10,1091.00,496.00,48.00,216.00,1.0,-1,-1,-1
454,11,0.00,0.00,0.00,0.00,1.0,-1,-1,-1
454,12,0.00,0.00,0.00,0.00,1.0,-1,-1,-1
454,13,0.00,0.00,0.00,0.00,1.0,-1,-1,-1
454,14,0.00,0.00,0.00,0.00,1.0,-1,-1,-1
454,15,0.00,0.00,0.00,0.00,1.0,-1,-1,-1
454,16,0.00,0.00,0.00,0.00,1.0,-1,-1,-1
454,17,0.00,0.00,0.00,0.00,1.0,-1,-1,-1
454,18,0.00,0.00,0.00,0.00,1.0,-1,-1,-1
454,19,1049.00,500.00,88.00,228.00,1.0,-1,-1,-1
454,20,0.00,0.00,0.00,0.00,1.0,-1,-1,-1
454,21,0.00,0.00,0.00,0.00,1.0,-1,-1,-1
454,22,0.00,0.00,0.00,0.00,1.0,-1,-1,-1
454,23,0.00,0.00,0.00,0.00,1.0,-1,-1,-1
454,24,0.00,0.00,0.00,0.00,1.0,-1,-1,-1
454,25,0.00,0.00,0.00,0.00,1.0,-1,-1,-1
454,26,758.00,363.00,40.00,179.00,1.0,-1,-1,-1
454,27,0.00,0.00,0.00,0.00,1.0,-1,-1,-1
454,28,0.00,0.00,0.00,0.00,1.0,-1,-1,-1
454,29,0.00,0.00,0.00,0.00,1.0,-1,-1,-1
454,30,0.00,0.00,0.00,0.00,1.0,-1,-1,-1
454,31,625.00,861.00,97.00,219.00,1.0,-1,-1,-1
454,32,0.00,0.00,0.00,0.00,1.0,-1,-1,-1
454,33,0.00,0.00,0.00,0.00,1.0,-1,-1,-1
454,34,0.00,0.00,0.00,0.00,1.0,-1,-1,-1
454,35,742.00,728.00,139.00,315.00,1.0,-1,-1,-1
454,36,1825.00,420.00,76.00,241.00,1.0,-1,-1,-1
454,37,1544.00,306.00,41.00,163.00,1.0,-1,-1,-1
454,38,0.00,0.00,0.00,0.00,1.0,-1,-1,-1
454,39,0.00,0.00,0.00,0.00,1.0,-1,-1,-1
454,40,967.00,734.00,95.00,332.00,1.0,-1,-1,-1
454,41,0.00,0.00,0.00,0.00,1.0,-1,-1,-1
454,42,1350.00,480.00,80.00,244.00,1.0,-1,-1,-1
454,43,1472.00,371.00,75.00,152.00,1.0,-1,-1,-1
454,44,1003.00,397.00,71.00,201.00,1.0,-1,-1,-1
454,45,1612.00,507.00,88.00,263.00,1.0,-1,-1,-1
455,0,1241.00,680.00,191.00,298.00,1.0,-1,-1,-1
455,1,0.00,0.00,0.00,0.00,1.0,-1,-1,-1
455,2,0.00,0.00,0.00,0.00,1.0,-1,-1,-1
455,3,0.00,0.00,0.00,0.00,1.0,-1,-1,-1
455,4,0.00,0.00,0.00,0.00,1.0,-1,-1,-1
455,5,0.00,0.00,0.00,0.00,1.0,-1,-1,-1
455,6,0.00,0.00,0.00,0.00,1.0,-1,-1,-1
455,7,0.00,0.00,0.00,0.00,1.0,-1,-1,-1
455,8,0.00,0.00,0.00,0.00,1.0,-1,-1,-1
455,9,0.00,0.00,0.00,0.00,1.0,-1,-1,-1
455,10,1076.00,495.00,61.00,216.00,1.0,-1,-1,-1
455,11,0.00,0.00,0.00,0.00,1.0,-1,-1,-1
455,12,0.00,0.00,0.00,0.00,1.0,-1,-1,-1
455,13,0.00,0.00,0.00,0.00,1.0,-1,-1,-1
455,14,0.00,0.00,0.00,0.00,1.0,-1,-1,-1
455,15,0.00,0.00,0.00,0.00,1.0,-1,-1,-1
455,16,0.00,0.00,0.00,0.00,1.0,-1,-1,-1
455,17,0.00,0.00,0.00,0.00,1.0,-1,-1,-1
455,18,0.00,0.00,0.00,0.00,1.0,-1,-1,-1
455,19,1049.00,499.00,88.00,228.00,1.0,-1,-1,-1
455,20,0.00,0.00,0.00,0.00,1.0,-1,-1,-1
455,21,0.00,0.00,0.00,0.00,1.0,-1,-1,-1
455,22,0.00,0.00,0.00,0.00,1.0,-1,-1,-1
455,23,0.00,0.00,0.00,0.00,1.0,-1,-1,-1
455,24,0.00,0.00,0.00,0.00,1.0,-1,-1,-1
455,25,0.00,0.00,0.00,0.00,1.0,-1,-1,-1
455,26,759.00,364.00,40.00,162.00,1.0,-1,-1,-1
455,27,0.00,0.00,0.00,0.00,1.0,-1,-1,-1
455,28,0.00,0.00,0.00,0.00,1.0,-1,-1,-1
455,29,0.00,0.00,0.00,0.00,1.0,-1,-1,-1
455,30,0.00,0.00,0.00,0.00,1.0,-1,-1,-1
455,31,624.00,861.00,98.00,219.00,1.0,-1,-1,-1
455,32,0.00,0.00,0.00,0.00,1.0,-1,-1,-1
455,33,0.00,0.00,0.00,0.00,1.0,-1,-1,-1
455,34,0.00,0.00,0.00,0.00,1.0,-1,-1,-1
455,35,741.00,730.00,140.00,316.00,1.0,-1,-1,-1
455,36,1827.00,421.00,74.00,233.00,1.0,-1,-1,-1
455,37,1544.00,306.00,41.00,163.00,1.0,-1,-1,-1
455,38,0.00,0.00,0.00,0.00,1.0,-1,-1,-1
455,39,0.00,0.00,0.00,0.00,1.0,-1,-1,-1
455,40,965.00,732.00,97.00,334.00,1.0,-1,-1,-1
455,41,0.00,0.00,0.00,0.00,1.0,-1,-1,-1
455,42,1355.00,483.00,78.00,249.00,1.0,-1,-1,-1
455,43,1472.00,371.00,77.00,158.00,1.0,-1,-1,-1
455,44,1003.00,395.00,72.00,203.00,1.0,-1,-1,-1
455,45,1615.00,507.00,87.00,262.00,1.0,-1,-1,-1
456,0,1238.00,680.00,191.00,297.00,1.0,-1,-1,-1
456,1,0.00,0.00,0.00,0.00,1.0,-1,-1,-1
456,2,0.00,0.00,0.00,0.00,1.0,-1,-1,-1
456,3,0.00,0.00,0.00,0.00,1.0,-1,-1,-1
456,4,0.00,0.00,0.00,0.00,1.0,-1,-1,-1
456,5,0.00,0.00,0.00,0.00,1.0,-1,-1,-1
456,6,0.00,0.00,0.00,0.00,1.0,-1,-1,-1
456,7,0.00,0.00,0.00,0.00,1.0,-1,-1,-1
456,8,0.00,0.00,0.00,0.00,1.0,-1,-1,-1
456,9,0.00,0.00,0.00,0.00,1.0,-1,-1,-1
456,10,1073.00,495.00,58.00,213.00,1.0,-1,-1,-1
456,11,0.00,0.00,0.00,0.00,1.0,-1,-1,-1
456,12,0.00,0.00,0.00,0.00,1.0,-1,-1,-1
456,13,0.00,0.00,0.00,0.00,1.0,-1,-1,-1
456,14,0.00,0.00,0.00,0.00,1.0,-1,-1,-1
456,15,0.00,0.00,0.00,0.00,1.0,-1,-1,-1
456,16,0.00,0.00,0.00,0.00,1.0,-1,-1,-1
456,17,0.00,0.00,0.00,0.00,1.0,-1,-1,-1
456,18,0.00,0.00,0.00,0.00,1.0,-1,-1,-1
456,19,1048.00,497.00,88.00,230.00,1.0,-1,-1,-1
456,20,0.00,0.00,0.00,0.00,1.0,-1,-1,-1
456,21,0.00,0.00,0.00,0.00,1.0,-1,-1,-1
456,22,0.00,0.00,0.00,0.00,1.0,-1,-1,-1
456,23,0.00,0.00,0.00,0.00,1.0,-1,-1,-1
456,24,0.00,0.00,0.00,0.00,1.0,-1,-1,-1
456,25,0.00,0.00,0.00,0.00,1.0,-1,-1,-1
456,26,760.00,372.00,32.00,99.00,1.0,-1,-1,-1
456,27,0.00,0.00,0.00,0.00,1.0,-1,-1,-1
456,28,0.00,0.00,0.00,0.00,1.0,-1,-1,-1
456,29,0.00,0.00,0.00,0.00,1.0,-1,-1,-1
456,30,0.00,0.00,0.00,0.00,1.0,-1,-1,-1
456,31,621.00,860.00,100.00,220.00,1.0,-1,-1,-1
456,32,0.00,0.00,0.00,0.00,1.0,-1,-1,-1
456,33,0.00,0.00,0.00,0.00,1.0,-1,-1,-1
456,34,0.00,0.00,0.00,0.00,1.0,-1,-1,-1
456,35,738.00,733.00,142.00,321.00,1.0,-1,-1,-1
456,36,1828.00,420.00,74.00,235.00,1.0,-1,-1,-1
456,37,1544.00,305.00,40.00,164.00,1.0,-1,-1,-1
456,38,0.00,0.00,0.00,0.00,1.0,-1,-1,-1
456,39,0.00,0.00,0.00,0.00,1.0,-1,-1,-1
456,40,964.00,734.00,95.00,332.00,1.0,-1,-1,-1
456,41,0.00,0.00,0.00,0.00,1.0,-1,-1,-1
456,42,1359.00,487.00,92.00,247.00,1.0,-1,-1,-1
456,43,1471.00,371.00,77.00,165.00,1.0,-1,-1,-1
456,44,1001.00,394.00,74.00,203.00,1.0,-1,-1,-1
456,45,1616.00,508.00,88.00,261.00,1.0,-1,-1,-1
457,0,1237.00,682.00,190.00,298.00,1.0,-1,-1,-1
457,1,0.00,0.00,0.00,0.00,1.0,-1,-1,-1
457,2,0.00,0.00,0.00,0.00,1.0,-1,-1,-1
457,3,0.00,0.00,0.00,0.00,1.0,-1,-1,-1
457,4,0.00,0.00,0.00,0.00,1.0,-1,-1,-1
457,5,0.00,0.00,0.00,0.00,1.0,-1,-1,-1
457,6,0.00,0.00,0.00,0.00,1.0,-1,-1,-1
457,7,0.00,0.00,0.00,0.00,1.0,-1,-1,-1
457,8,0.00,0.00,0.00,0.00,1.0,-1,-1,-1
457,9,0.00,0.00,0.00,0.00,1.0,-1,-1,-1
457,10,1073.00,496.00,58.00,213.00,1.0,-1,-1,-1
457,11,0.00,0.00,0.00,0.00,1.0,-1,-1,-1
457,12,0.00,0.00,0.00,0.00,1.0,-1,-1,-1
457,13,0.00,0.00,0.00,0.00,1.0,-1,-1,-1
457,14,0.00,0.00,0.00,0.00,1.0,-1,-1,-1
457,15,0.00,0.00,0.00,0.00,1.0,-1,-1,-1
457,16,0.00,0.00,0.00,0.00,1.0,-1,-1,-1
457,17,0.00,0.00,0.00,0.00,1.0,-1,-1,-1
457,18,0.00,0.00,0.00,0.00,1.0,-1,-1,-1
457,19,1048.00,497.00,89.00,230.00,1.0,-1,-1,-1
457,20,0.00,0.00,0.00,0.00,1.0,-1,-1,-1
457,21,0.00,0.00,0.00,0.00,1.0,-1,-1,-1
457,22,0.00,0.00,0.00,0.00,1.0,-1,-1,-1
457,23,0.00,0.00,0.00,0.00,1.0,-1,-1,-1
457,24,0.00,0.00,0.00,0.00,1.0,-1,-1,-1
457,25,0.00,0.00,0.00,0.00,1.0,-1,-1,-1
457,26,760.00,373.00,25.00,87.00,1.0,-1,-1,-1
457,27,0.00,0.00,0.00,0.00,1.0,-1,-1,-1
457,28,0.00,0.00,0.00,0.00,1.0,-1,-1,-1
457,29,0.00,0.00,0.00,0.00,1.0,-1,-1,-1
457,30,0.00,0.00,0.00,0.00,1.0,-1,-1,-1
457,31,619.00,860.00,101.00,220.00,1.0,-1,-1,-1
457,32,0.00,0.00,0.00,0.00,1.0,-1,-1,-1
457,33,0.00,0.00,0.00,0.00,1.0,-1,-1,-1
457,34,0.00,0.00,0.00,0.00,1.0,-1,-1,-1
457,35,738.00,735.00,140.00,321.00,1.0,-1,-1,-1
457,36,1829.00,421.00,77.00,236.00,1.0,-1,-1,-1
457,37,1543.00,306.00,41.00,163.00,1.0,-1,-1,-1
457,38,0.00,0.00,0.00,0.00,1.0,-1,-1,-1
457,39,0.00,0.00,0.00,0.00,1.0,-1,-1,-1
457,40,964.00,734.00,94.00,332.00,1.0,-1,-1,-1
457,41,0.00,0.00,0.00,0.00,1.0,-1,-1,-1
457,42,1361.00,487.00,103.00,247.00,1.0,-1,-1,-1
457,43,1471.00,371.00,77.00,169.00,1.0,-1,-1,-1
457,44,1000.00,394.00,75.00,204.00,1.0,-1,-1,-1
457,45,1619.00,510.00,87.00,260.00,1.0,-1,-1,-1
458,0,1237.00,682.00,189.00,298.00,1.0,-1,-1,-1
458,1,0.00,0.00,0.00,0.00,1.0,-1,-1,-1
458,2,0.00,0.00,0.00,0.00,1.0,-1,-1,-1
458,3,0.00,0.00,0.00,0.00,1.0,-1,-1,-1
458,4,0.00,0.00,0.00,0.00,1.0,-1,-1,-1
458,5,0.00,0.00,0.00,0.00,1.0,-1,-1,-1
458,6,0.00,0.00,0.00,0.00,1.0,-1,-1,-1
458,7,0.00,0.00,0.00,0.00,1.0,-1,-1,-1
458,8,0.00,0.00,0.00,0.00,1.0,-1,-1,-1
458,9,0.00,0.00,0.00,0.00,1.0,-1,-1,-1
458,10,1073.00,494.00,57.00,216.00,1.0,-1,-1,-1
458,11,0.00,0.00,0.00,0.00,1.0,-1,-1,-1
458,12,0.00,0.00,0.00,0.00,1.0,-1,-1,-1
458,13,0.00,0.00,0.00,0.00,1.0,-1,-1,-1
458,14,0.00,0.00,0.00,0.00,1.0,-1,-1,-1
458,15,0.00,0.00,0.00,0.00,1.0,-1,-1,-1
458,16,0.00,0.00,0.00,0.00,1.0,-1,-1,-1
458,17,0.00,0.00,0.00,0.00,1.0,-1,-1,-1
458,18,0.00,0.00,0.00,0.00,1.0,-1,-1,-1
458,19,1050.00,495.00,89.00,230.00,1.0,-1,-1,-1
458,20,0.00,0.00,0.00,0.00,1.0,-1,-1,-1
458,21,0.00,0.00,0.00,0.00,1.0,-1,-1,-1
458,22,0.00,0.00,0.00,0.00,1.0,-1,-1,-1
458,23,0.00,0.00,0.00,0.00,1.0,-1,-1,-1
458,24,0.00,0.00,0.00,0.00,1.0,-1,-1,-1
458,25,0.00,0.00,0.00,0.00,1.0,-1,-1,-1
458,26,760.00,372.00,29.00,84.00,1.0,-1,-1,-1
458,27,0.00,0.00,0.00,0.00,1.0,-1,-1,-1
458,28,0.00,0.00,0.00,0.00,1.0,-1,-1,-1
458,29,0.00,0.00,0.00,0.00,1.0,-1,-1,-1
458,30,0.00,0.00,0.00,0.00,1.0,-1,-1,-1
458,31,619.00,861.00,101.00,219.00,1.0,-1,-1,-1
458,32,0.00,0.00,0.00,0.00,1.0,-1,-1,-1
458,33,0.00,0.00,0.00,0.00,1.0,-1,-1,-1
458,34,0.00,0.00,0.00,0.00,1.0,-1,-1,-1
458,35,738.00,735.00,140.00,323.00,1.0,-1,-1,-1
458,36,1833.00,420.00,77.00,236.00,1.0,-1,-1,-1
458,37,1545.00,305.00,40.00,164.00,1.0,-1,-1,-1
458,38,0.00,0.00,0.00,0.00,1.0,-1,-1,-1
458,39,0.00,0.00,0.00,0.00,1.0,-1,-1,-1
458,40,964.00,735.00,94.00,331.00,1.0,-1,-1,-1
458,41,0.00,0.00,0.00,0.00,1.0,-1,-1,-1
458,42,1371.00,487.00,97.00,248.00,1.0,-1,-1,-1
458,43,1471.00,370.00,79.00,172.00,1.0,-1,-1,-1
458,44,1001.00,389.00,76.00,207.00,1.0,-1,-1,-1
458,45,1621.00,510.00,105.00,259.00,1.0,-1,-1,-1
459,0,1235.00,684.00,190.00,298.00,1.0,-1,-1,-1
459,1,0.00,0.00,0.00,0.00,1.0,-1,-1,-1
459,2,0.00,0.00,0.00,0.00,1.0,-1,-1,-1
459,3,0.00,0.00,0.00,0.00,1.0,-1,-1,-1
459,4,0.00,0.00,0.00,0.00,1.0,-1,-1,-1
459,5,0.00,0.00,0.00,0.00,1.0,-1,-1,-1
459,6,0.00,0.00,0.00,0.00,1.0,-1,-1,-1
459,7,0.00,0.00,0.00,0.00,1.0,-1,-1,-1
459,8,0.00,0.00,0.00,0.00,1.0,-1,-1,-1
459,9,0.00,0.00,0.00,0.00,1.0,-1,-1,-1
459,10,1073.00,494.00,52.00,217.00,1.0,-1,-1,-1
459,11,0.00,0.00,0.00,0.00,1.0,-1,-1,-1
459,12,0.00,0.00,0.00,0.00,1.0,-1,-1,-1
459,13,0.00,0.00,0.00,0.00,1.0,-1,-1,-1
459,14,0.00,0.00,0.00,0.00,1.0,-1,-1,-1
459,15,0.00,0.00,0.00,0.00,1.0,-1,-1,-1
459,16,0.00,0.00,0.00,0.00,1.0,-1,-1,-1
459,17,0.00,0.00,0.00,0.00,1.0,-1,-1,-1
459,18,0.00,0.00,0.00,0.00,1.0,-1,-1,-1
459,19,1050.00,496.00,89.00,229.00,1.0,-1,-1,-1
459,20,0.00,0.00,0.00,0.00,1.0,-1,-1,-1
459,21,0.00,0.00,0.00,0.00,1.0,-1,-1,-1
459,22,0.00,0.00,0.00,0.00,1.0,-1,-1,-1
459,23,0.00,0.00,0.00,0.00,1.0,-1,-1,-1
459,24,0.00,0.00,0.00,0.00,1.0,-1,-1,-1
459,25,0.00,0.00,0.00,0.00,1.0,-1,-1,-1
459,26,759.00,371.00,21.00,84.00,1.0,-1,-1,-1
459,27,0.00,0.00,0.00,0.00,1.0,-1,-1,-1
459,28,0.00,0.00,0.00,0.00,1.0,-1,-1,-1
459,29,0.00,0.00,0.00,0.00,1.0,-1,-1,-1
459,30,0.00,0.00,0.00,0.00,1.0,-1,-1,-1
459,31,618.00,862.00,101.00,218.00,1.0,-1,-1,-1
459,32,0.00,0.00,0.00,0.00,1.0,-1,-1,-1
459,33,0.00,0.00,0.00,0.00,1.0,-1,-1,-1
459,34,0.00,0.00,0.00,0.00,1.0,-1,-1,-1
459,35,738.00,736.00,138.00,324.00,1.0,-1,-1,-1
459,36,1834.00,420.00,78.00,235.00,1.0,-1,-1,-1
459,37,1544.00,305.00,41.00,164.00,1.0,-1,-1,-1
459,38,0.00,0.00,0.00,0.00,1.0,-1,-1,-1
459,39,0.00,0.00,0.00,0.00,1.0,-1,-1,-1
459,40,963.00,736.00,94.00,329.00,1.0,-1,-1,-1
459,41,0.00,0.00,0.00,0.00,1.0,-1,-1,-1
459,42,1372.00,486.00,95.00,253.00,1.0,-1,-1,-1
459,43,1471.00,369.00,80.00,179.00,1.0,-1,-1,-1
459,44,1001.00,388.00,76.00,207.00,1.0,-1,-1,-1
459,45,1621.00,512.00,108.00,258.00,1.0,-1,-1,-1
460,0,1233.00,684.00,190.00,303.00,1.0,-1,-1,-1
460,1,0.00,0.00,0.00,0.00,1.0,-1,-1,-1
460,2,0.00,0.00,0.00,0.00,1.0,-1,-1,-1
460,3,0.00,0.00,0.00,0.00,1.0,-1,-1,-1
460,4,0.00,0.00,0.00,0.00,1.0,-1,-1,-1
460,5,0.00,0.00,0.00,0.00,1.0,-1,-1,-1
460,6,0.00,0.00,0.00,0.00,1.0,-1,-1,-1
460,7,0.00,0.00,0.00,0.00,1.0,-1,-1,-1
460,8,0.00,0.00,0.00,0.00,1.0,-1,-1,-1
460,9,0.00,0.00,0.00,0.00,1.0,-1,-1,-1
460,10,1074.00,492.00,48.00,215.00,1.0,-1,-1,-1
460,11,0.00,0.00,0.00,0.00,1.0,-1,-1,-1
460,12,0.00,0.00,0.00,0.00,1.0,-1,-1,-1
460,13,0.00,0.00,0.00,0.00,1.0,-1,-1,-1
460,14,0.00,0.00,0.00,0.00,1.0,-1,-1,-1
460,15,0.00,0.00,0.00,0.00,1.0,-1,-1,-1
460,16,0.00,0.00,0.00,0.00,1.0,-1,-1,-1
460,17,0.00,0.00,0.00,0.00,1.0,-1,-1,-1
460,18,0.00,0.00,0.00,0.00,1.0,-1,-1,-1
460,19,1050.00,495.00,89.00,231.00,1.0,-1,-1,-1
460,20,0.00,0.00,0.00,0.00,1.0,-1,-1,-1
460,21,0.00,0.00,0.00,0.00,1.0,-1,-1,-1
460,22,0.00,0.00,0.00,0.00,1.0,-1,-1,-1
460,23,0.00,0.00,0.00,0.00,1.0,-1,-1,-1
460,24,0.00,0.00,0.00,0.00,1.0,-1,-1,-1
460,25,0.00,0.00,0.00,0.00,1.0,-1,-1,-1
460,26,758.00,370.00,19.00,64.00,1.0,-1,-1,-1
460,27,0.00,0.00,0.00,0.00,1.0,-1,-1,-1
460,28,0.00,0.00,0.00,0.00,1.0,-1,-1,-1
460,29,0.00,0.00,0.00,0.00,1.0,-1,-1,-1
460,30,0.00,0.00,0.00,0.00,1.0,-1,-1,-1
460,31,617.00,863.00,100.00,217.00,1.0,-1,-1,-1
460,32,0.00,0.00,0.00,0.00,1.0,-1,-1,-1
460,33,0.00,0.00,0.00,0.00,1.0,-1,-1,-1
460,34,0.00,0.00,0.00,0.00,1.0,-1,-1,-1
460,35,738.00,736.00,135.00,325.00,1.0,-1,-1,-1
460,36,1833.00,420.00,80.00,236.00,1.0,-1,-1,-1
460,37,1544.00,306.00,41.00,163.00,1.0,-1,-1,-1
460,38,0.00,0.00,0.00,0.00,1.0,-1,-1,-1
460,39,0.00,0.00,0.00,0.00,1.0,-1,-1,-1
460,40,962.00,738.00,93.00,328.00,1.0,-1,-1,-1
460,41,0.00,0.00,0.00,0.00,1.0,-1,-1,-1
460,42,1370.00,486.00,91.00,253.00,1.0,-1,-1,-1
460,43,1471.00,369.00,79.00,185.00,1.0,-1,-1,-1
460,44,1000.00,387.00,77.00,209.00,1.0,-1,-1,-1
460,45,1622.00,514.00,110.00,257.00,1.0,-1,-1,-1
461,0,1231.00,684.00,191.00,305.00,1.0,-1,-1,-1
461,1,0.00,0.00,0.00,0.00,1.0,-1,-1,-1
461,2,0.00,0.00,0.00,0.00,1.0,-1,-1,-1
461,3,0.00,0.00,0.00,0.00,1.0,-1,-1,-1
461,4,0.00,0.00,0.00,0.00,1.0,-1,-1,-1
461,5,0.00,0.00,0.00,0.00,1.0,-1,-1,-1
461,6,0.00,0.00,0.00,0.00,1.0,-1,-1,-1
461,7,0.00,0.00,0.00,0.00,1.0,-1,-1,-1
461,8,0.00,0.00,0.00,0.00,1.0,-1,-1,-1
461,9,0.00,0.00,0.00,0.00,1.0,-1,-1,-1
461,10,0.00,0.00,0.00,0.00,1.0,-1,-1,-1
461,11,0.00,0.00,0.00,0.00,1.0,-1,-1,-1
461,12,0.00,0.00,0.00,0.00,1.0,-1,-1,-1
461,13,0.00,0.00,0.00,0.00,1.0,-1,-1,-1
461,14,0.00,0.00,0.00,0.00,1.0,-1,-1,-1
461,15,0.00,0.00,0.00,0.00,1.0,-1,-1,-1
461,16,0.00,0.00,0.00,0.00,1.0,-1,-1,-1
461,17,0.00,0.00,0.00,0.00,1.0,-1,-1,-1
461,18,0.00,0.00,0.00,0.00,1.0,-1,-1,-1
461,19,1050.00,496.00,89.00,229.00,1.0,-1,-1,-1
461,20,0.00,0.00,0.00,0.00,1.0,-1,-1,-1
461,21,0.00,0.00,0.00,0.00,1.0,-1,-1,-1
461,22,0.00,0.00,0.00,0.00,1.0,-1,-1,-1
461,23,0.00,0.00,0.00,0.00,1.0,-1,-1,-1
461,24,0.00,0.00,0.00,0.00,1.0,-1,-1,-1
461,25,0.00,0.00,0.00,0.00,1.0,-1,-1,-1
461,26,758.00,372.00,16.00,61.00,1.0,-1,-1,-1
461,27,0.00,0.00,0.00,0.00,1.0,-1,-1,-1
461,28,0.00,0.00,0.00,0.00,1.0,-1,-1,-1
461,29,0.00,0.00,0.00,0.00,1.0,-1,-1,-1
461,30,0.00,0.00,0.00,0.00,1.0,-1,-1,-1
461,31,616.00,863.00,99.00,217.00,1.0,-1,-1,-1
461,32,0.00,0.00,0.00,0.00,1.0,-1,-1,-1
461,33,0.00,0.00,0.00,0.00,1.0,-1,-1,-1
461,34,0.00,0.00,0.00,0.00,1.0,-1,-1,-1
461,35,737.00,735.00,134.00,328.00,1.0,-1,-1,-1
461,36,1834.00,420.00,81.00,245.00,1.0,-1,-1,-1
461,37,1543.00,306.00,42.00,162.00,1.0,-1,-1,-1
461,38,0.00,0.00,0.00,0.00,1.0,-1,-1,-1
461,39,0.00,0.00,0.00,0.00,1.0,-1,-1,-1
461,40,961.00,740.00,93.00,331.00,1.0,-1,-1,-1
461,41,0.00,0.00,0.00,0.00,1.0,-1,-1,-1
461,42,1374.00,487.00,87.00,254.00,1.0,-1,-1,-1
461,43,1471.00,369.00,78.00,190.00,1.0,-1,-1,-1
461,44,1000.00,386.00,79.00,210.00,1.0,-1,-1,-1
461,45,1622.00,515.00,116.00,258.00,1.0,-1,-1,-1
462,0,1231.00,684.00,190.00,307.00,1.0,-1,-1,-1
462,1,0.00,0.00,0.00,0.00,1.0,-1,-1,-1
462,2,0.00,0.00,0.00,0.00,1.0,-1,-1,-1
462,3,0.00,0.00,0.00,0.00,1.0,-1,-1,-1
462,4,0.00,0.00,0.00,0.00,1.0,-1,-1,-1
462,5,0.00,0.00,0.00,0.00,1.0,-1,-1,-1
462,6,0.00,0.00,0.00,0.00,1.0,-1,-1,-1
462,7,0.00,0.00,0.00,0.00,1.0,-1,-1,-1
462,8,0.00,0.00,0.00,0.00,1.0,-1,-1,-1
462,9,0.00,0.00,0.00,0.00,1.0,-1,-1,-1
462,10,1075.00,490.00,49.00,47.00,1.0,-1,-1,-1
462,11,0.00,0.00,0.00,0.00,1.0,-1,-1,-1
462,12,0.00,0.00,0.00,0.00,1.0,-1,-1,-1
462,13,0.00,0.00,0.00,0.00,1.0,-1,-1,-1
462,14,0.00,0.00,0.00,0.00,1.0,-1,-1,-1
462,15,0.00,0.00,0.00,0.00,1.0,-1,-1,-1
462,16,0.00,0.00,0.00,0.00,1.0,-1,-1,-1
462,17,0.00,0.00,0.00,0.00,1.0,-1,-1,-1
462,18,0.00,0.00,0.00,0.00,1.0,-1,-1,-1
462,19,1052.00,494.00,88.00,230.00,1.0,-1,-1,-1
462,20,0.00,0.00,0.00,0.00,1.0,-1,-1,-1
462,21,0.00,0.00,0.00,0.00,1.0,-1,-1,-1
462,22,0.00,0.00,0.00,0.00,1.0,-1,-1,-1
462,23,0.00,0.00,0.00,0.00,1.0,-1,-1,-1
462,24,0.00,0.00,0.00,0.00,1.0,-1,-1,-1
462,25,0.00,0.00,0.00,0.00,1.0,-1,-1,-1
462,26,0.00,0.00,0.00,0.00,1.0,-1,-1,-1
462,27,0.00,0.00,0.00,0.00,1.0,-1,-1,-1
462,28,0.00,0.00,0.00,0.00,1.0,-1,-1,-1
462,29,0.00,0.00,0.00,0.00,1.0,-1,-1,-1
462,30,0.00,0.00,0.00,0.00,1.0,-1,-1,-1
462,31,617.00,866.00,99.00,214.00,1.0,-1,-1,-1
462,32,0.00,0.00,0.00,0.00,1.0,-1,-1,-1
462,33,0.00,0.00,0.00,0.00,1.0,-1,-1,-1
462,34,0.00,0.00,0.00,0.00,1.0,-1,-1,-1
462,35,738.00,735.00,133.00,328.00,1.0,-1,-1,-1
462,36,1837.00,420.00,83.00,250.00,1.0,-1,-1,-1
462,37,1544.00,306.00,42.00,162.00,1.0,-1,-1,-1
462,38,0.00,0.00,0.00,0.00,1.0,-1,-1,-1
462,39,0.00,0.00,0.00,0.00,1.0,-1,-1,-1
462,40,961.00,742.00,93.00,335.00,1.0,-1,-1,-1
462,41,0.00,0.00,0.00,0.00,1.0,-1,-1,-1
462,42,1379.00,488.00,87.00,255.00,1.0,-1,-1,-1
462,43,1471.00,369.00,80.00,199.00,1.0,-1,-1,-1
462,44,1001.00,384.00,78.00,211.00,1.0,-1,-1,-1
462,45,1624.00,515.00,117.00,261.00,1.0,-1,-1,-1
463,0,1230.00,685.00,191.00,305.00,1.0,-1,-1,-1
463,1,0.00,0.00,0.00,0.00,1.0,-1,-1,-1
463,2,0.00,0.00,0.00,0.00,1.0,-1,-1,-1
463,3,0.00,0.00,0.00,0.00,1.0,-1,-1,-1
463,4,0.00,0.00,0.00,0.00,1.0,-1,-1,-1
463,5,0.00,0.00,0.00,0.00,1.0,-1,-1,-1
463,6,0.00,0.00,0.00,0.00,1.0,-1,-1,-1
463,7,0.00,0.00,0.00,0.00,1.0,-1,-1,-1
463,8,0.00,0.00,0.00,0.00,1.0,-1,-1,-1
463,9,0.00,0.00,0.00,0.00,1.0,-1,-1,-1
463,10,1074.00,483.00,49.00,52.00,1.0,-1,-1,-1
463,11,0.00,0.00,0.00,0.00,1.0,-1,-1,-1
463,12,0.00,0.00,0.00,0.00,1.0,-1,-1,-1
463,13,0.00,0.00,0.00,0.00,1.0,-1,-1,-1
463,14,0.00,0.00,0.00,0.00,1.0,-1,-1,-1
463,15,0.00,0.00,0.00,0.00,1.0,-1,-1,-1
463,16,0.00,0.00,0.00,0.00,1.0,-1,-1,-1
463,17,0.00,0.00,0.00,0.00,1.0,-1,-1,-1
463,18,0.00,0.00,0.00,0.00,1.0,-1,-1,-1
463,19,1052.00,494.00,88.00,230.00,1.0,-1,-1,-1
463,20,0.00,0.00,0.00,0.00,1.0,-1,-1,-1
463,21,0.00,0.00,0.00,0.00,1.0,-1,-1,-1
463,22,0.00,0.00,0.00,0.00,1.0,-1,-1,-1
463,23,0.00,0.00,0.00,0.00,1.0,-1,-1,-1
463,24,0.00,0.00,0.00,0.00,1.0,-1,-1,-1
463,25,0.00,0.00,0.00,0.00,1.0,-1,-1,-1
463,26,0.00,0.00,0.00,0.00,1.0,-1,-1,-1
463,27,0.00,0.00,0.00,0.00,1.0,-1,-1,-1
463,28,0.00,0.00,0.00,0.00,1.0,-1,-1,-1
463,29,0.00,0.00,0.00,0.00,1.0,-1,-1,-1
463,30,0.00,0.00,0.00,0.00,1.0,-1,-1,-1
463,31,617.00,867.00,100.00,213.00,1.0,-1,-1,-1
463,32,0.00,0.00,0.00,0.00,1.0,-1,-1,-1
463,33,0.00,0.00,0.00,0.00,1.0,-1,-1,-1
463,34,0.00,0.00,0.00,0.00,1.0,-1,-1,-1
463,35,740.00,734.00,132.00,329.00,1.0,-1,-1,-1
463,36,1839.00,420.00,81.00,251.00,1.0,-1,-1,-1
463,37,1543.00,306.00,43.00,162.00,1.0,-1,-1,-1
463,38,0.00,0.00,0.00,0.00,1.0,-1,-1,-1
463,39,0.00,0.00,0.00,0.00,1.0,-1,-1,-1
463,40,959.00,745.00,94.00,333.00,1.0,-1,-1,-1
463,41,0.00,0.00,0.00,0.00,1.0,-1,-1,-1
463,42,1385.00,487.00,84.00,256.00,1.0,-1,-1,-1
463,43,1472.00,370.00,79.00,205.00,1.0,-1,-1,-1
463,44,1001.00,382.00,79.00,212.00,1.0,-1,-1,-1
463,45,1626.00,514.00,126.00,261.00,1.0,-1,-1,-1
464,0,1228.00,684.00,191.00,306.00,1.0,-1,-1,-1
464,1,0.00,0.00,0.00,0.00,1.0,-1,-1,-1
464,2,0.00,0.00,0.00,0.00,1.0,-1,-1,-1
464,3,0.00,0.00,0.00,0.00,1.0,-1,-1,-1
464,4,0.00,0.00,0.00,0.00,1.0,-1,-1,-1
464,5,0.00,0.00,0.00,0.00,1.0,-1,-1,-1
464,6,0.00,0.00,0.00,0.00,1.0,-1,-1,-1
464,7,0.00,0.00,0.00,0.00,1.0,-1,-1,-1
464,8,0.00,0.00,0.00,0.00,1.0,-1,-1,-1
464,9,0.00,0.00,0.00,0.00,1.0,-1,-1,-1
464,10,0.00,0.00,0.00,0.00,1.0,-1,-1,-1
464,11,0.00,0.00,0.00,0.00,1.0,-1,-1,-1
464,12,0.00,0.00,0.00,0.00,1.0,-1,-1,-1
464,13,0.00,0.00,0.00,0.00,1.0,-1,-1,-1
464,14,0.00,0.00,0.00,0.00,1.0,-1,-1,-1
464,15,0.00,0.00,0.00,0.00,1.0,-1,-1,-1
464,16,0.00,0.00,0.00,0.00,1.0,-1,-1,-1
464,17,0.00,0.00,0.00,0.00,1.0,-1,-1,-1
464,18,0.00,0.00,0.00,0.00,1.0,-1,-1,-1
464,19,1053.00,494.00,88.00,229.00,1.0,-1,-1,-1
464,20,0.00,0.00,0.00,0.00,1.0,-1,-1,-1
464,21,0.00,0.00,0.00,0.00,1.0,-1,-1,-1
464,22,0.00,0.00,0.00,0.00,1.0,-1,-1,-1
464,23,0.00,0.00,0.00,0.00,1.0,-1,-1,-1
464,24,0.00,0.00,0.00,0.00,1.0,-1,-1,-1
464,25,0.00,0.00,0.00,0.00,1.0,-1,-1,-1
464,26,0.00,0.00,0.00,0.00,1.0,-1,-1,-1
464,27,0.00,0.00,0.00,0.00,1.0,-1,-1,-1
464,28,0.00,0.00,0.00,0.00,1.0,-1,-1,-1
464,29,0.00,0.00,0.00,0.00,1.0,-1,-1,-1
464,30,0.00,0.00,0.00,0.00,1.0,-1,-1,-1
464,31,617.00,870.00,100.00,210.00,1.0,-1,-1,-1
464,32,0.00,0.00,0.00,0.00,1.0,-1,-1,-1
464,33,0.00,0.00,0.00,0.00,1.0,-1,-1,-1
464,34,0.00,0.00,0.00,0.00,1.0,-1,-1,-1
464,35,739.00,734.00,132.00,326.00,1.0,-1,-1,-1
464,36,1843.00,421.00,77.00,249.00,1.0,-1,-1,-1
464,37,1545.00,305.00,42.00,163.00,1.0,-1,-1,-1
464,38,0.00,0.00,0.00,0.00,1.0,-1,-1,-1
464,39,0.00,0.00,0.00,0.00,1.0,-1,-1,-1
464,40,956.00,746.00,96.00,334.00,1.0,-1,-1,-1
464,41,0.00,0.00,0.00,0.00,1.0,-1,-1,-1
464,42,1394.00,483.00,79.00,259.00,1.0,-1,-1,-1
464,43,1472.00,370.00,80.00,207.00,1.0,-1,-1,-1
464,44,1002.00,381.00,78.00,213.00,1.0,-1,-1,-1
464,45,1631.00,512.00,126.00,263.00,1.0,-1,-1,-1
465,0,1227.00,685.00,190.00,305.00,1.0,-1,-1,-1
465,1,0.00,0.00,0.00,0.00,1.0,-1,-1,-1
465,2,0.00,0.00,0.00,0.00,1.0,-1,-1,-1
465,3,0.00,0.00,0.00,0.00,1.0,-1,-1,-1
465,4,0.00,0.00,0.00,0.00,1.0,-1,-1,-1
465,5,0.00,0.00,0.00,0.00,1.0,-1,-1,-1
465,6,0.00,0.00,0.00,0.00,1.0,-1,-1,-1
465,7,0.00,0.00,0.00,0.00,1.0,-1,-1,-1
465,8,0.00,0.00,0.00,0.00,1.0,-1,-1,-1
465,9,0.00,0.00,0.00,0.00,1.0,-1,-1,-1
465,10,1074.00,484.00,49.00,52.00,1.0,-1,-1,-1
465,11,0.00,0.00,0.00,0.00,1.0,-1,-1,-1
465,12,0.00,0.00,0.00,0.00,1.0,-1,-1,-1
465,13,0.00,0.00,0.00,0.00,1.0,-1,-1,-1
465,14,0.00,0.00,0.00,0.00,1.0,-1,-1,-1
465,15,0.00,0.00,0.00,0.00,1.0,-1,-1,-1
465,16,0.00,0.00,0.00,0.00,1.0,-1,-1,-1
465,17,0.00,0.00,0.00,0.00,1.0,-1,-1,-1
465,18,0.00,0.00,0.00,0.00,1.0,-1,-1,-1
465,19,1053.00,491.00,88.00,232.00,1.0,-1,-1,-1
465,20,0.00,0.00,0.00,0.00,1.0,-1,-1,-1
465,21,0.00,0.00,0.00,0.00,1.0,-1,-1,-1
465,22,0.00,0.00,0.00,0.00,1.0,-1,-1,-1
465,23,0.00,0.00,0.00,0.00,1.0,-1,-1,-1
465,24,0.00,0.00,0.00,0.00,1.0,-1,-1,-1
465,25,0.00,0.00,0.00,0.00,1.0,-1,-1,-1
465,26,0.00,0.00,0.00,0.00,1.0,-1,-1,-1
465,27,0.00,0.00,0.00,0.00,1.0,-1,-1,-1
465,28,0.00,0.00,0.00,0.00,1.0,-1,-1,-1
465,29,0.00,0.00,0.00,0.00,1.0,-1,-1,-1
465,30,0.00,0.00,0.00,0.00,1.0,-1,-1,-1
465,31,615.00,873.00,102.00,207.00,1.0,-1,-1,-1
465,32,0.00,0.00,0.00,0.00,1.0,-1,-1,-1
465,33,0.00,0.00,0.00,0.00,1.0,-1,-1,-1
465,34,0.00,0.00,0.00,0.00,1.0,-1,-1,-1
465,35,739.00,733.00,132.00,328.00,1.0,-1,-1,-1
465,36,1843.00,423.00,77.00,246.00,1.0,-1,-1,-1
465,37,1545.00,305.00,42.00,163.00,1.0,-1,-1,-1
465,38,0.00,0.00,0.00,0.00,1.0,-1,-1,-1
465,39,0.00,0.00,0.00,0.00,1.0,-1,-1,-1
465,40,954.00,748.00,95.00,332.00,1.0,-1,-1,-1
465,41,0.00,0.00,0.00,0.00,1.0,-1,-1,-1
465,42,1401.00,482.00,74.00,259.00,1.0,-1,-1,-1
465,43,1472.00,372.00,81.00,206.00,1.0,-1,-1,-1
465,44,1001.00,382.00,77.00,214.00,1.0,-1,-1,-1
465,45,1636.00,513.00,133.00,262.00,1.0,-1,-1,-1
466,0,1226.00,685.00,190.00,306.00,1.0,-1,-1,-1
466,1,0.00,0.00,0.00,0.00,1.0,-1,-1,-1
466,2,0.00,0.00,0.00,0.00,1.0,-1,-1,-1
466,3,0.00,0.00,0.00,0.00,1.0,-1,-1,-1
466,4,0.00,0.00,0.00,0.00,1.0,-1,-1,-1
466,5,0.00,0.00,0.00,0.00,1.0,-1,-1,-1
466,6,0.00,0.00,0.00,0.00,1.0,-1,-1,-1
466,7,0.00,0.00,0.00,0.00,1.0,-1,-1,-1
466,8,0.00,0.00,0.00,0.00,1.0,-1,-1,-1
466,9,0.00,0.00,0.00,0.00,1.0,-1,-1,-1
466,10,1075.00,483.00,54.00,55.00,1.0,-1,-1,-1
466,11,0.00,0.00,0.00,0.00,1.0,-1,-1,-1
466,12,0.00,0.00,0.00,0.00,1.0,-1,-1,-1
466,13,0.00,0.00,0.00,0.00,1.0,-1,-1,-1
466,14,0.00,0.00,0.00,0.00,1.0,-1,-1,-1
466,15,0.00,0.00,0.00,0.00,1.0,-1,-1,-1
466,16,0.00,0.00,0.00,0.00,1.0,-1,-1,-1
466,17,0.00,0.00,0.00,0.00,1.0,-1,-1,-1
466,18,0.00,0.00,0.00,0.00,1.0,-1,-1,-1
466,19,1055.00,492.00,86.00,232.00,1.0,-1,-1,-1
466,20,0.00,0.00,0.00,0.00,1.0,-1,-1,-1
466,21,0.00,0.00,0.00,0.00,1.0,-1,-1,-1
466,22,0.00,0.00,0.00,0.00,1.0,-1,-1,-1
466,23,0.00,0.00,0.00,0.00,1.0,-1,-1,-1
466,24,0.00,0.00,0.00,0.00,1.0,-1,-1,-1
466,25,0.00,0.00,0.00,0.00,1.0,-1,-1,-1
466,26,0.00,0.00,0.00,0.00,1.0,-1,-1,-1
466,27,0.00,0.00,0.00,0.00,1.0,-1,-1,-1
466,28,0.00,0.00,0.00,0.00,1.0,-1,-1,-1
466,29,0.00,0.00,0.00,0.00,1.0,-1,-1,-1
466,30,0.00,0.00,0.00,0.00,1.0,-1,-1,-1
466,31,614.00,874.00,103.00,206.00,1.0,-1,-1,-1
466,32,0.00,0.00,0.00,0.00,1.0,-1,-1,-1
466,33,0.00,0.00,0.00,0.00,1.0,-1,-1,-1
466,34,0.00,0.00,0.00,0.00,1.0,-1,-1,-1
466,35,739.00,735.00,132.00,327.00,1.0,-1,-1,-1
466,36,1845.00,425.00,75.00,244.00,1.0,-1,-1,-1
466,37,1547.00,306.00,41.00,163.00,1.0,-1,-1,-1
466,38,0.00,0.00,0.00,0.00,1.0,-1,-1,-1
466,39,0.00,0.00,0.00,0.00,1.0,-1,-1,-1
466,40,952.00,751.00,95.00,329.00,1.0,-1,-1,-1
466,41,0.00,0.00,0.00,0.00,1.0,-1,-1,-1
466,42,1407.00,483.00,73.00,259.00,1.0,-1,-1,-1
466,43,1473.00,374.00,80.00,205.00,1.0,-1,-1,-1
466,44,1002.00,381.00,76.00,214.00,1.0,-1,-1,-1
466,45,1645.00,513.00,128.00,263.00,1.0,-1,-1,-1
466,46,831.00,396.00,73.00,208.00,1.0,-1,-1,-1
467,0,1224.00,686.00,191.00,304.00,1.0,-1,-1,-1
467,1,0.00,0.00,0.00,0.00,1.0,-1,-1,-1
467,2,0.00,0.00,0.00,0.00,1.0,-1,-1,-1
467,3,0.00,0.00,0.00,0.00,1.0,-1,-1,-1
467,4,0.00,0.00,0.00,0.00,1.0,-1,-1,-1
467,5,0.00,0.00,0.00,0.00,1.0,-1,-1,-1
467,6,0.00,0.00,0.00,0.00,1.0,-1,-1,-1
467,7,0.00,0.00,0.00,0.00,1.0,-1,-1,-1
467,8,0.00,0.00,0.00,0.00,1.0,-1,-1,-1
467,9,0.00,0.00,0.00,0.00,1.0,-1,-1,-1
467,10,0.00,0.00,0.00,0.00,1.0,-1,-1,-1
467,11,0.00,0.00,0.00,0.00,1.0,-1,-1,-1
467,12,0.00,0.00,0.00,0.00,1.0,-1,-1,-1
467,13,0.00,0.00,0.00,0.00,1.0,-1,-1,-1
467,14,0.00,0.00,0.00,0.00,1.0,-1,-1,-1
467,15,0.00,0.00,0.00,0.00,1.0,-1,-1,-1
467,16,0.00,0.00,0.00,0.00,1.0,-1,-1,-1
467,17,0.00,0.00,0.00,0.00,1.0,-1,-1,-1
467,18,0.00,0.00,0.00,0.00,1.0,-1,-1,-1
467,19,1055.00,492.00,86.00,231.00,1.0,-1,-1,-1
467,20,0.00,0.00,0.00,0.00,1.0,-1,-1,-1
467,21,0.00,0.00,0.00,0.00,1.0,-1,-1,-1
467,22,0.00,0.00,0.00,0.00,1.0,-1,-1,-1
467,23,0.00,0.00,0.00,0.00,1.0,-1,-1,-1
467,24,0.00,0.00,0.00,0.00,1.0,-1,-1,-1
467,25,0.00,0.00,0.00,0.00,1.0,-1,-1,-1
467,26,0.00,0.00,0.00,0.00,1.0,-1,-1,-1
467,27,0.00,0.00,0.00,0.00,1.0,-1,-1,-1
467,28,0.00,0.00,0.00,0.00,1.0,-1,-1,-1
467,29,0.00,0.00,0.00,0.00,1.0,-1,-1,-1
467,30,0.00,0.00,0.00,0.00,1.0,-1,-1,-1
467,31,612.00,872.00,104.00,208.00,1.0,-1,-1,-1
467,32,0.00,0.00,0.00,0.00,1.0,-1,-1,-1
467,33,0.00,0.00,0.00,0.00,1.0,-1,-1,-1
467,34,0.00,0.00,0.00,0.00,1.0,-1,-1,-1
467,35,738.00,735.00,131.00,327.00,1.0,-1,-1,-1
467,36,1846.00,427.00,74.00,241.00,1.0,-1,-1,-1
467,37,1546.00,305.00,42.00,163.00,1.0,-1,-1,-1
467,38,0.00,0.00,0.00,0.00,1.0,-1,-1,-1
467,39,0.00,0.00,0.00,0.00,1.0,-1,-1,-1
467,40,949.00,752.00,95.00,323.00,1.0,-1,-1,-1
467,41,0.00,0.00,0.00,0.00,1.0,-1,-1,-1
467,42,1408.00,485.00,77.00,258.00,1.0,-1,-1,-1
467,43,1473.00,376.00,81.00,202.00,1.0,-1,-1,-1
467,44,1001.00,378.00,76.00,216.00,1.0,-1,-1,-1
467,45,1656.00,513.00,125.00,264.00,1.0,-1,-1,-1
467,46,832.00,397.00,77.00,208.00,1.0,-1,-1,-1
467,47,610.00,759.00,116.00,127.00,1.0,-1,-1,-1
468,0,1223.00,686.00,192.00,304.00,1.0,-1,-1,-1
468,1,0.00,0.00,0.00,0.00,1.0,-1,-1,-1
468,2,0.00,0.00,0.00,0.00,1.0,-1,-1,-1
468,3,0.00,0.00,0.00,0.00,1.0,-1,-1,-1
468,4,0.00,0.00,0.00,0.00,1.0,-1,-1,-1
468,5,0.00,0.00,0.00,0.00,1.0,-1,-1,-1
468,6,0.00,0.00,0.00,0.00,1.0,-1,-1,-1
468,7,0.00,0.00,0.00,0.00,1.0,-1,-1,-1
468,8,0.00,0.00,0.00,0.00,1.0,-1,-1,-1
468,9,0.00,0.00,0.00,0.00,1.0,-1,-1,-1
468,10,0.00,0.00,0.00,0.00,1.0,-1,-1,-1
468,11,0.00,0.00,0.00,0.00,1.0,-1,-1,-1
468,12,0.00,0.00,0.00,0.00,1.0,-1,-1,-1
468,13,0.00,0.00,0.00,0.00,1.0,-1,-1,-1
468,14,0.00,0.00,0.00,0.00,1.0,-1,-1,-1
468,15,0.00,0.00,0.00,0.00,1.0,-1,-1,-1
468,16,0.00,0.00,0.00,0.00,1.0,-1,-1,-1
468,17,0.00,0.00,0.00,0.00,1.0,-1,-1,-1
468,18,0.00,0.00,0.00,0.00,1.0,-1,-1,-1
468,19,1057.00,492.00,85.00,231.00,1.0,-1,-1,-1
468,20,0.00,0.00,0.00,0.00,1.0,-1,-1,-1
468,21,0.00,0.00,0.00,0.00,1.0,-1,-1,-1
468,22,0.00,0.00,0.00,0.00,1.0,-1,-1,-1
468,23,0.00,0.00,0.00,0.00,1.0,-1,-1,-1
468,24,0.00,0.00,0.00,0.00,1.0,-1,-1,-1
468,25,0.00,0.00,0.00,0.00,1.0,-1,-1,-1
468,26,0.00,0.00,0.00,0.00,1.0,-1,-1,-1
468,27,0.00,0.00,0.00,0.00,1.0,-1,-1,-1
468,28,0.00,0.00,0.00,0.00,1.0,-1,-1,-1
468,29,0.00,0.00,0.00,0.00,1.0,-1,-1,-1
468,30,0.00,0.00,0.00,0.00,1.0,-1,-1,-1
468,31,611.00,872.00,105.00,208.00,1.0,-1,-1,-1
468,32,0.00,0.00,0.00,0.00,1.0,-1,-1,-1
468,33,0.00,0.00,0.00,0.00,1.0,-1,-1,-1
468,34,0.00,0.00,0.00,0.00,1.0,-1,-1,-1
468,35,738.00,737.00,130.00,330.00,1.0,-1,-1,-1
468,36,1846.00,429.00,74.00,240.00,1.0,-1,-1,-1
468,37,1545.00,305.00,45.00,163.00,1.0,-1,-1,-1
468,38,0.00,0.00,0.00,0.00,1.0,-1,-1,-1
468,39,0.00,0.00,0.00,0.00,1.0,-1,-1,-1
468,40,947.00,753.00,95.00,322.00,1.0,-1,-1,-1
468,41,0.00,0.00,0.00,0.00,1.0,-1,-1,-1
468,42,1408.00,487.00,88.00,259.00,1.0,-1,-1,-1
468,43,1474.00,378.00,80.00,201.00,1.0,-1,-1,-1
468,44,1003.00,379.00,75.00,214.00,1.0,-1,-1,-1
468,45,1670.00,514.00,119.00,262.00,1.0,-1,-1,-1
468,46,831.00,397.00,77.00,208.00,1.0,-1,-1,-1
468,47,614.00,760.00,117.00,124.00,1.0,-1,-1,-1
469,0,1219.00,689.00,195.00,302.00,1.0,-1,-1,-1
469,1,0.00,0.00,0.00,0.00,1.0,-1,-1,-1
469,2,0.00,0.00,0.00,0.00,1.0,-1,-1,-1
469,3,0.00,0.00,0.00,0.00,1.0,-1,-1,-1
469,4,0.00,0.00,0.00,0.00,1.0,-1,-1,-1
469,5,0.00,0.00,0.00,0.00,1.0,-1,-1,-1
469,6,0.00,0.00,0.00,0.00,1.0,-1,-1,-1
469,7,0.00,0.00,0.00,0.00,1.0,-1,-1,-1
469,8,0.00,0.00,0.00,0.00,1.0,-1,-1,-1
469,9,0.00,0.00,0.00,0.00,1.0,-1,-1,-1
469,10,0.00,0.00,0.00,0.00,1.0,-1,-1,-1
469,11,0.00,0.00,0.00,0.00,1.0,-1,-1,-1
469,12,0.00,0.00,0.00,0.00,1.0,-1,-1,-1
469,13,0.00,0.00,0.00,0.00,1.0,-1,-1,-1
469,14,0.00,0.00,0.00,0.00,1.0,-1,-1,-1
469,15,0.00,0.00,0.00,0.00,1.0,-1,-1,-1
469,16,0.00,0.00,0.00,0.00,1.0,-1,-1,-1
469,17,0.00,0.00,0.00,0.00,1.0,-1,-1,-1
469,18,0.00,0.00,0.00,0.00,1.0,-1,-1,-1
469,19,1057.00,487.00,85.00,237.00,1.0,-1,-1,-1
469,20,0.00,0.00,0.00,0.00,1.0,-1,-1,-1
469,21,0.00,0.00,0.00,0.00,1.0,-1,-1,-1
469,22,0.00,0.00,0.00,0.00,1.0,-1,-1,-1
469,23,0.00,0.00,0.00,0.00,1.0,-1,-1,-1
469,24,0.00,0.00,0.00,0.00,1.0,-1,-1,-1
469,25,0.00,0.00,0.00,0.00,1.0,-1,-1,-1
469,26,0.00,0.00,0.00,0.00,1.0,-1,-1,-1
469,27,0.00,0.00,0.00,0.00,1.0,-1,-1,-1
469,28,0.00,0.00,0.00,0.00,1.0,-1,-1,-1
469,29,0.00,0.00,0.00,0.00,1.0,-1,-1,-1
469,30,0.00,0.00,0.00,0.00,1.0,-1,-1,-1
469,31,610.00,872.00,103.00,208.00,1.0,-1,-1,-1
469,32,0.00,0.00,0.00,0.00,1.0,-1,-1,-1
469,33,0.00,0.00,0.00,0.00,1.0,-1,-1,-1
469,34,0.00,0.00,0.00,0.00,1.0,-1,-1,-1
469,35,736.00,739.00,128.00,330.00,1.0,-1,-1,-1
469,36,1847.00,430.00,73.00,240.00,1.0,-1,-1,-1
469,37,1541.00,306.00,47.00,163.00,1.0,-1,-1,-1
469,38,0.00,0.00,0.00,0.00,1.0,-1,-1,-1
469,39,0.00,0.00,0.00,0.00,1.0,-1,-1,-1
469,40,944.00,754.00,95.00,326.00,1.0,-1,-1,-1
469,41,0.00,0.00,0.00,0.00,1.0,-1,-1,-1
469,42,1405.00,488.00,101.00,259.00,1.0,-1,-1,-1
469,43,1473.00,379.00,81.00,201.00,1.0,-1,-1,-1
469,44,1002.00,380.00,72.00,214.00,1.0,-1,-1,-1
469,45,1683.00,517.00,107.00,260.00,1.0,-1,-1,-1
469,46,833.00,401.00,75.00,205.00,1.0,-1,-1,-1
469,47,611.00,760.00,115.00,125.00,1.0,-1,-1,-1
470,0,1218.00,689.00,195.00,301.00,1.0,-1,-1,-1
470,1,0.00,0.00,0.00,0.00,1.0,-1,-1,-1
470,2,0.00,0.00,0.00,0.00,1.0,-1,-1,-1
470,3,0.00,0.00,0.00,0.00,1.0,-1,-1,-1
470,4,0.00,0.00,0.00,0.00,1.0,-1,-1,-1
470,5,0.00,0.00,0.00,0.00,1.0,-1,-1,-1
470,6,0.00,0.00,0.00,0.00,1.0,-1,-1,-1
470,7,0.00,0.00,0.00,0.00,1.0,-1,-1,-1
470,8,0.00,0.00,0.00,0.00,1.0,-1,-1,-1
470,9,0.00,0.00,0.00,0.00,1.0,-1,-1,-1
470,10,1071.00,473.00,37.00,63.00,1.0,-1,-1,-1
470,11,0.00,0.00,0.00,0.00,1.0,-1,-1,-1
470,12,0.00,0.00,0.00,0.00,1.0,-1,-1,-1
470,13,0.00,0.00,0.00,0.00,1.0,-1,-1,-1
470,14,0.00,0.00,0.00,0.00,1.0,-1,-1,-1
470,15,0.00,0.00,0.00,0.00,1.0,-1,-1,-1
470,16,0.00,0.00,0.00,0.00,1.0,-1,-1,-1
470,17,0.00,0.00,0.00,0.00,1.0,-1,-1,-1
470,18,0.00,0.00,0.00,0.00,1.0,-1,-1,-1
470,19,1058.00,485.00,85.00,239.00,1.0,-1,-1,-1
470,20,0.00,0.00,0.00,0.00,1.0,-1,-1,-1
470,21,0.00,0.00,0.00,0.00,1.0,-1,-1,-1
470,22,0.00,0.00,0.00,0.00,1.0,-1,-1,-1
470,23,0.00,0.00,0.00,0.00,1.0,-1,-1,-1
470,24,0.00,0.00,0.00,0.00,1.0,-1,-1,-1
470,25,0.00,0.00,0.00,0.00,1.0,-1,-1,-1
470,26,0.00,0.00,0.00,0.00,1.0,-1,-1,-1
470,27,0.00,0.00,0.00,0.00,1.0,-1,-1,-1
470,28,0.00,0.00,0.00,0.00,1.0,-1,-1,-1
470,29,0.00,0.00,0.00,0.00,1.0,-1,-1,-1
470,30,0.00,0.00,0.00,0.00,1.0,-1,-1,-1
470,31,609.00,872.00,102.00,208.00,1.0,-1,-1,-1
470,32,0.00,0.00,0.00,0.00,1.0,-1,-1,-1
470,33,0.00,0.00,0.00,0.00,1.0,-1,-1,-1
470,34,0.00,0.00,0.00,0.00,1.0,-1,-1,-1
470,35,734.00,742.00,127.00,333.00,1.0,-1,-1,-1
470,36,1848.00,429.00,72.00,241.00,1.0,-1,-1,-1
470,37,1541.00,306.00,48.00,163.00,1.0,-1,-1,-1
470,38,0.00,0.00,0.00,0.00,1.0,-1,-1,-1
470,39,0.00,0.00,0.00,0.00,1.0,-1,-1,-1
470,40,942.00,753.00,96.00,327.00,1.0,-1,-1,-1
470,41,0.00,0.00,0.00,0.00,1.0,-1,-1,-1
470,42,1405.00,489.00,112.00,255.00,1.0,-1,-1,-1
470,43,1474.00,378.00,82.00,210.00,1.0,-1,-1,-1
470,44,1003.00,375.00,75.00,219.00,1.0,-1,-1,-1
470,45,1697.00,515.00,102.00,266.00,1.0,-1,-1,-1
470,46,833.00,401.00,75.00,205.00,1.0,-1,-1,-1
470,47,611.00,760.00,114.00,124.00,1.0,-1,-1,-1
470,48,1265.00,396.00,69.00,211.00,1.0,-1,-1,-1
471,0,1217.00,689.00,194.00,302.00,1.0,-1,-1,-1
471,1,0.00,0.00,0.00,0.00,1.0,-1,-1,-1
471,2,0.00,0.00,0.00,0.00,1.0,-1,-1,-1
471,3,0.00,0.00,0.00,0.00,1.0,-1,-1,-1
471,4,0.00,0.00,0.00,0.00,1.0,-1,-1,-1
471,5,0.00,0.00,0.00,0.00,1.0,-1,-1,-1
471,6,0.00,0.00,0.00,0.00,1.0,-1,-1,-1
471,7,0.00,0.00,0.00,0.00,1.0,-1,-1,-1
471,8,0.00,0.00,0.00,0.00,1.0,-1,-1,-1
471,9,0.00,0.00,0.00,0.00,1.0,-1,-1,-1
471,10,1072.00,473.00,37.00,61.00,1.0,-1,-1,-1
471,11,0.00,0.00,0.00,0.00,1.0,-1,-1,-1
471,12,0.00,0.00,0.00,0.00,1.0,-1,-1,-1
471,13,0.00,0.00,0.00,0.00,1.0,-1,-1,-1
471,14,0.00,0.00,0.00,0.00,1.0,-1,-1,-1
471,15,0.00,0.00,0.00,0.00,1.0,-1,-1,-1
471,16,0.00,0.00,0.00,0.00,1.0,-1,-1,-1
471,17,0.00,0.00,0.00,0.00,1.0,-1,-1,-1
471,18,0.00,0.00,0.00,0.00,1.0,-1,-1,-1
471,19,1058.00,488.00,85.00,235.00,1.0,-1,-1,-1
471,20,0.00,0.00,0.00,0.00,1.0,-1,-1,-1
471,21,0.00,0.00,0.00,0.00,1.0,-1,-1,-1
471,22,0.00,0.00,0.00,0.00,1.0,-1,-1,-1
471,23,0.00,0.00,0.00,0.00,1.0,-1,-1,-1
471,24,0.00,0.00,0.00,0.00,1.0,-1,-1,-1
471,25,0.00,0.00,0.00,0.00,1.0,-1,-1,-1
471,26,0.00,0.00,0.00,0.00,1.0,-1,-1,-1
471,27,0.00,0.00,0.00,0.00,1.0,-1,-1,-1
471,28,0.00,0.00,0.00,0.00,1.0,-1,-1,-1
471,29,0.00,0.00,0.00,0.00,1.0,-1,-1,-1
471,30,0.00,0.00,0.00,0.00,1.0,-1,-1,-1
471,31,610.00,871.00,101.00,209.00,1.0,-1,-1,-1
471,32,0.00,0.00,0.00,0.00,1.0,-1,-1,-1
471,33,0.00,0.00,0.00,0.00,1.0,-1,-1,-1
471,34,0.00,0.00,0.00,0.00,1.0,-1,-1,-1
471,35,731.00,744.00,128.00,331.00,1.0,-1,-1,-1
471,36,1848.00,429.00,72.00,241.00,1.0,-1,-1,-1
471,37,1540.00,306.00,50.00,163.00,1.0,-1,-1,-1
471,38,0.00,0.00,0.00,0.00,1.0,-1,-1,-1
471,39,0.00,0.00,0.00,0.00,1.0,-1,-1,-1
471,40,940.00,753.00,95.00,327.00,1.0,-1,-1,-1
471,41,0.00,0.00,0.00,0.00,1.0,-1,-1,-1
471,42,1406.00,489.00,121.00,262.00,1.0,-1,-1,-1
471,43,1474.00,378.00,83.00,215.00,1.0,-1,-1,-1
471,44,1004.00,375.00,76.00,218.00,1.0,-1,-1,-1
471,45,1696.00,516.00,107.00,268.00,1.0,-1,-1,-1
471,46,833.00,401.00,77.00,205.00,1.0,-1,-1,-1
471,47,610.00,760.00,111.00,124.00,1.0,-1,-1,-1
471,48,1266.00,397.00,70.00,211.00,1.0,-1,-1,-1
472,0,1215.00,690.00,193.00,301.00,1.0,-1,-1,-1
472,1,0.00,0.00,0.00,0.00,1.0,-1,-1,-1
472,2,0.00,0.00,0.00,0.00,1.0,-1,-1,-1
472,3,0.00,0.00,0.00,0.00,1.0,-1,-1,-1
472,4,0.00,0.00,0.00,0.00,1.0,-1,-1,-1
472,5,0.00,0.00,0.00,0.00,1.0,-1,-1,-1
472,6,0.00,0.00,0.00,0.00,1.0,-1,-1,-1
472,7,0.00,0.00,0.00,0.00,1.0,-1,-1,-1
472,8,0.00,0.00,0.00,0.00,1.0,-1,-1,-1
472,9,0.00,0.00,0.00,0.00,1.0,-1,-1,-1
472,10,0.00,0.00,0.00,0.00,1.0,-1,-1,-1
472,11,0.00,0.00,0.00,0.00,1.0,-1,-1,-1
472,12,0.00,0.00,0.00,0.00,1.0,-1,-1,-1
472,13,0.00,0.00,0.00,0.00,1.0,-1,-1,-1
472,14,0.00,0.00,0.00,0.00,1.0,-1,-1,-1
472,15,0.00,0.00,0.00,0.00,1.0,-1,-1,-1
472,16,0.00,0.00,0.00,0.00,1.0,-1,-1,-1
472,17,0.00,0.00,0.00,0.00,1.0,-1,-1,-1
472,18,0.00,0.00,0.00,0.00,1.0,-1,-1,-1
472,19,1057.00,487.00,86.00,235.00,1.0,-1,-1,-1
472,20,0.00,0.00,0.00,0.00,1.0,-1,-1,-1
472,21,0.00,0.00,0.00,0.00,1.0,-1,-1,-1
472,22,0.00,0.00,0.00,0.00,1.0,-1,-1,-1
472,23,0.00,0.00,0.00,0.00,1.0,-1,-1,-1
472,24,0.00,0.00,0.00,0.00,1.0,-1,-1,-1
472,25,0.00,0.00,0.00,0.00,1.0,-1,-1,-1
472,26,0.00,0.00,0.00,0.00,1.0,-1,-1,-1
472,27,0.00,0.00,0.00,0.00,1.0,-1,-1,-1
472,28,0.00,0.00,0.00,0.00,1.0,-1,-1,-1
472,29,0.00,0.00,0.00,0.00,1.0,-1,-1,-1
472,30,0.00,0.00,0.00,0.00,1.0,-1,-1,-1
472,31,609.00,870.00,101.00,210.00,1.0,-1,-1,-1
472,32,0.00,0.00,0.00,0.00,1.0,-1,-1,-1
472,33,0.00,0.00,0.00,0.00,1.0,-1,-1,-1
472,34,0.00,0.00,0.00,0.00,1.0,-1,-1,-1
472,35,729.00,746.00,128.00,334.00,1.0,-1,-1,-1
472,36,1849.00,430.00,71.00,240.00,1.0,-1,-1,-1
472,37,1540.00,306.00,50.00,164.00,1.0,-1,-1,-1
472,38,0.00,0.00,0.00,0.00,1.0,-1,-1,-1
472,39,0.00,0.00,0.00,0.00,1.0,-1,-1,-1
472,40,937.00,753.00,96.00,327.00,1.0,-1,-1,-1
472,41,0.00,0.00,0.00,0.00,1.0,-1,-1,-1
472,42,1410.00,490.00,125.00,262.00,1.0,-1,-1,-1
472,43,1476.00,378.00,83.00,215.00,1.0,-1,-1,-1
472,44,1004.00,377.00,73.00,217.00,1.0,-1,-1,-1
472,45,1697.00,519.00,115.00,268.00,1.0,-1,-1,-1
472,46,833.00,401.00,78.00,205.00,1.0,-1,-1,-1
472,47,609.00,761.00,114.00,125.00,1.0,-1,-1,-1
472,48,1267.00,398.00,70.00,211.00,1.0,-1,-1,-1
473,0,1213.00,691.00,194.00,300.00,1.0,-1,-1,-1
473,1,0.00,0.00,0.00,0.00,1.0,-1,-1,-1
473,2,0.00,0.00,0.00,0.00,1.0,-1,-1,-1
473,3,0.00,0.00,0.00,0.00,1.0,-1,-1,-1
473,4,0.00,0.00,0.00,0.00,1.0,-1,-1,-1
473,5,0.00,0.00,0.00,0.00,1.0,-1,-1,-1
473,6,0.00,0.00,0.00,0.00,1.0,-1,-1,-1
473,7,0.00,0.00,0.00,0.00,1.0,-1,-1,-1
473,8,0.00,0.00,0.00,0.00,1.0,-1,-1,-1
473,9,0.00,0.00,0.00,0.00,1.0,-1,-1,-1
473,10,1074.00,479.00,37.00,54.00,1.0,-1,-1,-1
473,11,0.00,0.00,0.00,0.00,1.0,-1,-1,-1
473,12,0.00,0.00,0.00,0.00,1.0,-1,-1,-1
473,13,0.00,0.00,0.00,0.00,1.0,-1,-1,-1
473,14,0.00,0.00,0.00,0.00,1.0,-1,-1,-1
473,15,0.00,0.00,0.00,0.00,1.0,-1,-1,-1
473,16,0.00,0.00,0.00,0.00,1.0,-1,-1,-1
473,17,0.00,0.00,0.00,0.00,1.0,-1,-1,-1
473,18,0.00,0.00,0.00,0.00,1.0,-1,-1,-1
473,19,1056.00,488.00,87.00,234.00,1.0,-1,-1,-1
473,20,0.00,0.00,0.00,0.00,1.0,-1,-1,-1
473,21,0.00,0.00,0.00,0.00,1.0,-1,-1,-1
473,22,0.00,0.00,0.00,0.00,1.0,-1,-1,-1
473,23,0.00,0.00,0.00,0.00,1.0,-1,-1,-1
473,24,0.00,0.00,0.00,0.00,1.0,-1,-1,-1
473,25,0.00,0.00,0.00,0.00,1.0,-1,-1,-1
473,26,0.00,0.00,0.00,0.00,1.0,-1,-1,-1
473,27,0.00,0.00,0.00,0.00,1.0,-1,-1,-1
473,28,0.00,0.00,0.00,0.00,1.0,-1,-1,-1
473,29,0.00,0.00,0.00,0.00,1.0,-1,-1,-1
473,30,0.00,0.00,0.00,0.00,1.0,-1,-1,-1
473,31,609.00,875.00,100.00,205.00,1.0,-1,-1,-1
473,32,0.00,0.00,0.00,0.00,1.0,-1,-1,-1
473,33,0.00,0.00,0.00,0.00,1.0,-1,-1,-1
473,34,0.00,0.00,0.00,0.00,1.0,-1,-1,-1
473,35,727.00,748.00,128.00,332.00,1.0,-1,-1,-1
473,36,1849.00,430.00,71.00,240.00,1.0,-1,-1,-1
473,37,1539.00,306.00,51.00,164.00,1.0,-1,-1,-1
473,38,0.00,0.00,0.00,0.00,1.0,-1,-1,-1
473,39,0.00,0.00,0.00,0.00,1.0,-1,-1,-1
473,40,936.00,755.00,96.00,325.00,1.0,-1,-1,-1
473,41,0.00,0.00,0.00,0.00,1.0,-1,-1,-1
473,42,1413.00,490.00,128.00,262.00,1.0,-1,-1,-1
473,43,1476.00,377.00,83.00,224.00,1.0,-1,-1,-1
473,44,1004.00,376.00,74.00,218.00,1.0,-1,-1,-1
473,45,1697.00,520.00,116.00,270.00,1.0,-1,-1,-1
473,46,833.00,401.00,79.00,206.00,1.0,-1,-1,-1
473,47,609.00,763.00,106.00,123.00,1.0,-1,-1,-1
473,48,1267.00,399.00,72.00,213.00,1.0,-1,-1,-1
474,0,1212.00,692.00,194.00,299.00,1.0,-1,-1,-1
474,1,0.00,0.00,0.00,0.00,1.0,-1,-1,-1
474,2,0.00,0.00,0.00,0.00,1.0,-1,-1,-1
474,3,0.00,0.00,0.00,0.00,1.0,-1,-1,-1
474,4,0.00,0.00,0.00,0.00,1.0,-1,-1,-1
474,5,0.00,0.00,0.00,0.00,1.0,-1,-1,-1
474,6,0.00,0.00,0.00,0.00,1.0,-1,-1,-1
474,7,0.00,0.00,0.00,0.00,1.0,-1,-1,-1
474,8,0.00,0.00,0.00,0.00,1.0,-1,-1,-1
474,9,0.00,0.00,0.00,0.00,1.0,-1,-1,-1
474,10,0.00,0.00,0.00,0.00,1.0,-1,-1,-1
474,11,0.00,0.00,0.00,0.00,1.0,-1,-1,-1
474,12,0.00,0.00,0.00,0.00,1.0,-1,-1,-1
474,13,0.00,0.00,0.00,0.00,1.0,-1,-1,-1
474,14,0.00,0.00,0.00,0.00,1.0,-1,-1,-1
474,15,0.00,0.00,0.00,0.00,1.0,-1,-1,-1
474,16,0.00,0.00,0.00,0.00,1.0,-1,-1,-1
474,17,0.00,0.00,0.00,0.00,1.0,-1,-1,-1
474,18,0.00,0.00,0.00,0.00,1.0,-1,-1,-1
474,19,1054.00,483.00,89.00,238.00,1.0,-1,-1,-1
474,20,0.00,0.00,0.00,0.00,1.0,-1,-1,-1
474,21,0.00,0.00,0.00,0.00,1.0,-1,-1,-1
474,22,0.00,0.00,0.00,0.00,1.0,-1,-1,-1
474,23,0.00,0.00,0.00,0.00,1.0,-1,-1,-1
474,24,0.00,0.00,0.00,0.00,1.0,-1,-1,-1
474,25,0.00,0.00,0.00,0.00,1.0,-1,-1,-1
474,26,0.00,0.00,0.00,0.00,1.0,-1,-1,-1
474,27,0.00,0.00,0.00,0.00,1.0,-1,-1,-1
474,28,0.00,0.00,0.00,0.00,1.0,-1,-1,-1
474,29,0.00,0.00,0.00,0.00,1.0,-1,-1,-1
474,30,0.00,0.00,0.00,0.00,1.0,-1,-1,-1
474,31,610.00,879.00,98.00,201.00,1.0,-1,-1,-1
474,32,0.00,0.00,0.00,0.00,1.0,-1,-1,-1
474,33,0.00,0.00,0.00,0.00,1.0,-1,-1,-1
474,34,0.00,0.00,0.00,0.00,1.0,-1,-1,-1
474,35,724.00,749.00,129.00,331.00,1.0,-1,-1,-1
474,36,1848.00,429.00,72.00,242.00,1.0,-1,-1,-1
474,37,1539.00,306.00,51.00,164.00,1.0,-1,-1,-1
474,38,0.00,0.00,0.00,0.00,1.0,-1,-1,-1
474,39,0.00,0.00,0.00,0.00,1.0,-1,-1,-1
474,40,934.00,755.00,97.00,325.00,1.0,-1,-1,-1
474,41,0.00,0.00,0.00,0.00,1.0,-1,-1,-1
474,42,1417.00,493.00,128.00,264.00,1.0,-1,-1,-1
474,43,1478.00,376.00,81.00,237.00,1.0,-1,-1,-1
474,44,1005.00,377.00,74.00,217.00,1.0,-1,-1,-1
474,45,1698.00,522.00,118.00,265.00,1.0,-1,-1,-1
474,46,833.00,402.00,78.00,204.00,1.0,-1,-1,-1
474,47,609.00,765.00,105.00,122.00,1.0,-1,-1,-1
474,48,1268.00,401.00,73.00,212.00,1.0,-1,-1,-1
475,0,1211.00,693.00,193.00,302.00,1.0,-1,-1,-1
475,1,0.00,0.00,0.00,0.00,1.0,-1,-1,-1
475,2,0.00,0.00,0.00,0.00,1.0,-1,-1,-1
475,3,0.00,0.00,0.00,0.00,1.0,-1,-1,-1
475,4,0.00,0.00,0.00,0.00,1.0,-1,-1,-1
475,5,0.00,0.00,0.00,0.00,1.0,-1,-1,-1
475,6,0.00,0.00,0.00,0.00,1.0,-1,-1,-1
475,7,0.00,0.00,0.00,0.00,1.0,-1,-1,-1
475,8,0.00,0.00,0.00,0.00,1.0,-1,-1,-1
475,9,0.00,0.00,0.00,0.00,1.0,-1,-1,-1
475,10,0.00,0.00,0.00,0.00,1.0,-1,-1,-1
475,11,0.00,0.00,0.00,0.00,1.0,-1,-1,-1
475,12,0.00,0.00,0.00,0.00,1.0,-1,-1,-1
475,13,0.00,0.00,0.00,0.00,1.0,-1,-1,-1
475,14,0.00,0.00,0.00,0.00,1.0,-1,-1,-1
475,15,0.00,0.00,0.00,0.00,1.0,-1,-1,-1
475,16,0.00,0.00,0.00,0.00,1.0,-1,-1,-1
475,17,0.00,0.00,0.00,0.00,1.0,-1,-1,-1
475,18,0.00,0.00,0.00,0.00,1.0,-1,-1,-1
475,19,1054.00,480.00,89.00,241.00,1.0,-1,-1,-1
475,20,0.00,0.00,0.00,0.00,1.0,-1,-1,-1
475,21,0.00,0.00,0.00,0.00,1.0,-1,-1,-1
475,22,0.00,0.00,0.00,0.00,1.0,-1,-1,-1
475,23,0.00,0.00,0.00,0.00,1.0,-1,-1,-1
475,24,0.00,0.00,0.00,0.00,1.0,-1,-1,-1
475,25,0.00,0.00,0.00,0.00,1.0,-1,-1,-1
475,26,0.00,0.00,0.00,0.00,1.0,-1,-1,-1
475,27,0.00,0.00,0.00,0.00,1.0,-1,-1,-1
475,28,0.00,0.00,0.00,0.00,1.0,-1,-1,-1
475,29,0.00,0.00,0.00,0.00,1.0,-1,-1,-1
475,30,0.00,0.00,0.00,0.00,1.0,-1,-1,-1
475,31,610.00,882.00,98.00,198.00,1.0,-1,-1,-1
475,32,0.00,0.00,0.00,0.00,1.0,-1,-1,-1
475,33,0.00,0.00,0.00,0.00,1.0,-1,-1,-1
475,34,0.00,0.00,0.00,0.00,1.0,-1,-1,-1
475,35,722.00,751.00,131.00,329.00,1.0,-1,-1,-1
475,36,1849.00,429.00,71.00,242.00,1.0,-1,-1,-1
475,37,1539.00,307.00,52.00,163.00,1.0,-1,-1,-1
475,38,0.00,0.00,0.00,0.00,1.0,-1,-1,-1
475,39,0.00,0.00,0.00,0.00,1.0,-1,-1,-1
475,40,932.00,757.00,98.00,323.00,1.0,-1,-1,-1
475,41,0.00,0.00,0.00,0.00,1.0,-1,-1,-1
475,42,1424.00,493.00,128.00,263.00,1.0,-1,-1,-1
475,43,1480.00,376.00,80.00,239.00,1.0,-1,-1,-1
475,44,1006.00,377.00,74.00,218.00,1.0,-1,-1,-1
475,45,1700.00,524.00,118.00,263.00,1.0,-1,-1,-1
475,46,833.00,402.00,79.00,205.00,1.0,-1,-1,-1
475,47,610.00,767.00,105.00,125.00,1.0,-1,-1,-1
475,48,1273.00,401.00,71.00,212.00,1.0,-1,-1,-1
476,0,1211.00,695.00,191.00,302.00,1.0,-1,-1,-1
476,1,0.00,0.00,0.00,0.00,1.0,-1,-1,-1
476,2,0.00,0.00,0.00,0.00,1.0,-1,-1,-1
476,3,0.00,0.00,0.00,0.00,1.0,-1,-1,-1
476,4,0.00,0.00,0.00,0.00,1.0,-1,-1,-1
476,5,0.00,0.00,0.00,0.00,1.0,-1,-1,-1
476,6,0.00,0.00,0.00,0.00,1.0,-1,-1,-1
476,7,0.00,0.00,0.00,0.00,1.0,-1,-1,-1
476,8,0.00,0.00,0.00,0.00,1.0,-1,-1,-1
476,9,0.00,0.00,0.00,0.00,1.0,-1,-1,-1
476,10,0.00,0.00,0.00,0.00,1.0,-1,-1,-1
476,11,0.00,0.00,0.00,0.00,1.0,-1,-1,-1
476,12,0.00,0.00,0.00,0.00,1.0,-1,-1,-1
476,13,0.00,0.00,0.00,0.00,1.0,-1,-1,-1
476,14,0.00,0.00,0.00,0.00,1.0,-1,-1,-1
476,15,0.00,0.00,0.00,0.00,1.0,-1,-1,-1
476,16,0.00,0.00,0.00,0.00,1.0,-1,-1,-1
476,17,0.00,0.00,0.00,0.00,1.0,-1,-1,-1
476,18,0.00,0.00,0.00,0.00,1.0,-1,-1,-1
476,19,1053.00,480.00,90.00,240.00,1.0,-1,-1,-1
476,20,0.00,0.00,0.00,0.00,1.0,-1,-1,-1
476,21,0.00,0.00,0.00,0.00,1.0,-1,-1,-1
476,22,0.00,0.00,0.00,0.00,1.0,-1,-1,-1
476,23,0.00,0.00,0.00,0.00,1.0,-1,-1,-1
476,24,0.00,0.00,0.00,0.00,1.0,-1,-1,-1
476,25,0.00,0.00,0.00,0.00,1.0,-1,-1,-1
476,26,0.00,0.00,0.00,0.00,1.0,-1,-1,-1
476,27,0.00,0.00,0.00,0.00,1.0,-1,-1,-1
476,28,0.00,0.00,0.00,0.00,1.0,-1,-1,-1
476,29,0.00,0.00,0.00,0.00,1.0,-1,-1,-1
476,30,0.00,0.00,0.00,0.00,1.0,-1,-1,-1
476,31,611.00,886.00,97.00,194.00,1.0,-1,-1,-1
476,32,0.00,0.00,0.00,0.00,1.0,-1,-1,-1
476,33,0.00,0.00,0.00,0.00,1.0,-1,-1,-1
476,34,0.00,0.00,0.00,0.00,1.0,-1,-1,-1
476,35,720.00,751.00,133.00,329.00,1.0,-1,-1,-1
476,36,1851.00,430.00,69.00,241.00,1.0,-1,-1,-1
476,37,1540.00,307.00,52.00,161.00,1.0,-1,-1,-1
476,38,0.00,0.00,0.00,0.00,1.0,-1,-1,-1
476,39,0.00,0.00,0.00,0.00,1.0,-1,-1,-1
476,40,932.00,758.00,98.00,322.00,1.0,-1,-1,-1
476,41,0.00,0.00,0.00,0.00,1.0,-1,-1,-1
476,42,1433.00,491.00,124.00,265.00,1.0,-1,-1,-1
476,43,1483.00,376.00,81.00,231.00,1.0,-1,-1,-1
476,44,1008.00,381.00,74.00,213.00,1.0,-1,-1,-1
476,45,1704.00,524.00,117.00,267.00,1.0,-1,-1,-1
476,46,834.00,403.00,78.00,207.00,1.0,-1,-1,-1
476,47,609.00,769.00,106.00,127.00,1.0,-1,-1,-1
476,48,1278.00,402.00,68.00,210.00,1.0,-1,-1,-1
477,0,1210.00,694.00,190.00,305.00,1.0,-1,-1,-1
477,1,0.00,0.00,0.00,0.00,1.0,-1,-1,-1
477,2,0.00,0.00,0.00,0.00,1.0,-1,-1,-1
477,3,0.00,0.00,0.00,0.00,1.0,-1,-1,-1
477,4,0.00,0.00,0.00,0.00,1.0,-1,-1,-1
477,5,0.00,0.00,0.00,0.00,1.0,-1,-1,-1
477,6,0.00,0.00,0.00,0.00,1.0,-1,-1,-1
477,7,0.00,0.00,0.00,0.00,1.0,-1,-1,-1
477,8,0.00,0.00,0.00,0.00,1.0,-1,-1,-1
477,9,0.00,0.00,0.00,0.00,1.0,-1,-1,-1
477,10,0.00,0.00,0.00,0.00,1.0,-1,-1,-1
477,11,0.00,0.00,0.00,0.00,1.0,-1,-1,-1
477,12,0.00,0.00,0.00,0.00,1.0,-1,-1,-1
477,13,0.00,0.00,0.00,0.00,1.0,-1,-1,-1
477,14,0.00,0.00,0.00,0.00,1.0,-1,-1,-1
477,15,0.00,0.00,0.00,0.00,1.0,-1,-1,-1
477,16,0.00,0.00,0.00,0.00,1.0,-1,-1,-1
477,17,0.00,0.00,0.00,0.00,1.0,-1,-1,-1
477,18,0.00,0.00,0.00,0.00,1.0,-1,-1,-1
477,19,1051.00,483.00,92.00,236.00,1.0,-1,-1,-1
477,20,0.00,0.00,0.00,0.00,1.0,-1,-1,-1
477,21,0.00,0.00,0.00,0.00,1.0,-1,-1,-1
477,22,0.00,0.00,0.00,0.00,1.0,-1,-1,-1
477,23,0.00,0.00,0.00,0.00,1.0,-1,-1,-1
477,24,0.00,0.00,0.00,0.00,1.0,-1,-1,-1
477,25,0.00,0.00,0.00,0.00,1.0,-1,-1,-1
477,26,0.00,0.00,0.00,0.00,1.0,-1,-1,-1
477,27,0.00,0.00,0.00,0.00,1.0,-1,-1,-1
477,28,0.00,0.00,0.00,0.00,1.0,-1,-1,-1
477,29,0.00,0.00,0.00,0.00,1.0,-1,-1,-1
477,30,0.00,0.00,0.00,0.00,1.0,-1,-1,-1
477,31,611.00,887.00,98.00,193.00,1.0,-1,-1,-1
477,32,0.00,0.00,0.00,0.00,1.0,-1,-1,-1
477,33,0.00,0.00,0.00,0.00,1.0,-1,-1,-1
477,34,0.00,0.00,0.00,0.00,1.0,-1,-1,-1
477,35,716.00,751.00,138.00,329.00,1.0,-1,-1,-1
477,36,1852.00,430.00,68.00,242.00,1.0,-1,-1,-1
477,37,1541.00,306.00,52.00,163.00,1.0,-1,-1,-1
477,38,0.00,0.00,0.00,0.00,1.0,-1,-1,-1
477,39,0.00,0.00,0.00,0.00,1.0,-1,-1,-1
477,40,931.00,758.00,98.00,322.00,1.0,-1,-1,-1
477,41,0.00,0.00,0.00,0.00,1.0,-1,-1,-1
477,42,1444.00,491.00,114.00,264.00,1.0,-1,-1,-1
477,43,1484.00,376.00,81.00,206.00,1.0,-1,-1,-1
477,44,1009.00,385.00,75.00,209.00,1.0,-1,-1,-1
477,45,1709.00,523.00,113.00,269.00,1.0,-1,-1,-1
477,46,834.00,403.00,78.00,209.00,1.0,-1,-1,-1
477,47,611.00,771.00,107.00,130.00,1.0,-1,-1,-1
477,48,1280.00,400.00,67.00,211.00,1.0,-1,-1,-1
478,0,1207.00,696.00,191.00,303.00,1.0,-1,-1,-1
478,1,0.00,0.00,0.00,0.00,1.0,-1,-1,-1
478,2,0.00,0.00,0.00,0.00,1.0,-1,-1,-1
478,3,0.00,0.00,0.00,0.00,1.0,-1,-1,-1
478,4,0.00,0.00,0.00,0.00,1.0,-1,-1,-1
478,5,0.00,0.00,0.00,0.00,1.0,-1,-1,-1
478,6,0.00,0.00,0.00,0.00,1.0,-1,-1,-1
478,7,0.00,0.00,0.00,0.00,1.0,-1,-1,-1
478,8,0.00,0.00,0.00,0.00,1.0,-1,-1,-1
478,9,0.00,0.00,0.00,0.00,1.0,-1,-1,-1
478,10,1078.00,468.00,33.00,59.00,1.0,-1,-1,-1
478,11,0.00,0.00,0.00,0.00,1.0,-1,-1,-1
478,12,0.00,0.00,0.00,0.00,1.0,-1,-1,-1
478,13,0.00,0.00,0.00,0.00,1.0,-1,-1,-1
478,14,0.00,0.00,0.00,0.00,1.0,-1,-1,-1
478,15,0.00,0.00,0.00,0.00,1.0,-1,-1,-1
478,16,0.00,0.00,0.00,0.00,1.0,-1,-1,-1
478,17,0.00,0.00,0.00,0.00,1.0,-1,-1,-1
478,18,0.00,0.00,0.00,0.00,1.0,-1,-1,-1
478,19,1051.00,489.00,89.00,230.00,1.0,-1,-1,-1
478,20,0.00,0.00,0.00,0.00,1.0,-1,-1,-1
478,21,0.00,0.00,0.00,0.00,1.0,-1,-1,-1
478,22,0.00,0.00,0.00,0.00,1.0,-1,-1,-1
478,23,0.00,0.00,0.00,0.00,1.0,-1,-1,-1
478,24,0.00,0.00,0.00,0.00,1.0,-1,-1,-1
478,25,0.00,0.00,0.00,0.00,1.0,-1,-1,-1
478,26,0.00,0.00,0.00,0.00,1.0,-1,-1,-1
478,27,0.00,0.00,0.00,0.00,1.0,-1,-1,-1
478,28,0.00,0.00,0.00,0.00,1.0,-1,-1,-1
478,29,0.00,0.00,0.00,0.00,1.0,-1,-1,-1
478,30,0.00,0.00,0.00,0.00,1.0,-1,-1,-1
478,31,610.00,887.00,98.00,193.00,1.0,-1,-1,-1
478,32,0.00,0.00,0.00,0.00,1.0,-1,-1,-1
478,33,0.00,0.00,0.00,0.00,1.0,-1,-1,-1
478,34,0.00,0.00,0.00,0.00,1.0,-1,-1,-1
478,35,715.00,753.00,137.00,327.00,1.0,-1,-1,-1
478,36,1853.00,431.00,67.00,245.00,1.0,-1,-1,-1
478,37,1541.00,305.00,52.00,164.00,1.0,-1,-1,-1
478,38,0.00,0.00,0.00,0.00,1.0,-1,-1,-1
478,39,0.00,0.00,0.00,0.00,1.0,-1,-1,-1
478,40,929.00,761.00,100.00,319.00,1.0,-1,-1,-1
478,41,0.00,0.00,0.00,0.00,1.0,-1,-1,-1
478,42,1455.00,492.00,101.00,262.00,1.0,-1,-1,-1
478,43,1484.00,376.00,81.00,194.00,1.0,-1,-1,-1
478,44,1009.00,387.00,77.00,206.00,1.0,-1,-1,-1
478,45,1715.00,524.00,119.00,267.00,1.0,-1,-1,-1
478,46,834.00,404.00,77.00,210.00,1.0,-1,-1,-1
478,47,612.00,773.00,106.00,129.00,1.0,-1,-1,-1
478,48,1281.00,400.00,67.00,211.00,1.0,-1,-1,-1
478,49,1118.00,446.00,72.00,211.00,1.0,-1,-1,-1
479,0,1204.00,696.00,189.00,305.00,1.0,-1,-1,-1
479,1,0.00,0.00,0.00,0.00,1.0,-1,-1,-1
479,2,0.00,0.00,0.00,0.00,1.0,-1,-1,-1
479,3,0.00,0.00,0.00,0.00,1.0,-1,-1,-1
479,4,0.00,0.00,0.00,0.00,1.0,-1,-1,-1
479,5,0.00,0.00,0.00,0.00,1.0,-1,-1,-1
479,6,0.00,0.00,0.00,0.00,1.0,-1,-1,-1
479,7,0.00,0.00,0.00,0.00,1.0,-1,-1,-1
479,8,0.00,0.00,0.00,0.00,1.0,-1,-1,-1
479,9,0.00,0.00,0.00,0.00,1.0,-1,-1,-1
479,10,1079.00,469.00,32.00,45.00,1.0,-1,-1,-1
479,11,0.00,0.00,0.00,0.00,1.0,-1,-1,-1
479,12,0.00,0.00,0.00,0.00,1.0,-1,-1,-1
479,13,0.00,0.00,0.00,0.00,1.0,-1,-1,-1
479,14,0.00,0.00,0.00,0.00,1.0,-1,-1,-1
479,15,0.00,0.00,0.00,0.00,1.0,-1,-1,-1
479,16,0.00,0.00,0.00,0.00,1.0,-1,-1,-1
479,17,0.00,0.00,0.00,0.00,1.0,-1,-1,-1
479,18,0.00,0.00,0.00,0.00,1.0,-1,-1,-1
479,19,1048.00,490.00,90.00,227.00,1.0,-1,-1,-1
479,20,0.00,0.00,0.00,0.00,1.0,-1,-1,-1
479,21,0.00,0.00,0.00,0.00,1.0,-1,-1,-1
479,22,0.00,0.00,0.00,0.00,1.0,-1,-1,-1
479,23,0.00,0.00,0.00,0.00,1.0,-1,-1,-1
479,24,0.00,0.00,0.00,0.00,1.0,-1,-1,-1
479,25,0.00,0.00,0.00,0.00,1.0,-1,-1,-1
479,26,0.00,0.00,0.00,0.00,1.0,-1,-1,-1
479,27,0.00,0.00,0.00,0.00,1.0,-1,-1,-1
479,28,0.00,0.00,0.00,0.00,1.0,-1,-1,-1
479,29,0.00,0.00,0.00,0.00,1.0,-1,-1,-1
479,30,0.00,0.00,0.00,0.00,1.0,-1,-1,-1
479,31,609.00,888.00,98.00,192.00,1.0,-1,-1,-1
479,32,0.00,0.00,0.00,0.00,1.0,-1,-1,-1
479,33,0.00,0.00,0.00,0.00,1.0,-1,-1,-1
479,34,0.00,0.00,0.00,0.00,1.0,-1,-1,-1
479,35,713.00,755.00,139.00,325.00,1.0,-1,-1,-1
479,36,1853.00,433.00,67.00,242.00,1.0,-1,-1,-1
479,37,1542.00,305.00,50.00,162.00,1.0,-1,-1,-1
479,38,0.00,0.00,0.00,0.00,1.0,-1,-1,-1
479,39,0.00,0.00,0.00,0.00,1.0,-1,-1,-1
479,40,928.00,762.00,98.00,318.00,1.0,-1,-1,-1
479,41,0.00,0.00,0.00,0.00,1.0,-1,-1,-1
479,42,1464.00,488.00,89.00,266.00,1.0,-1,-1,-1
479,43,1484.00,378.00,81.00,181.00,1.0,-1,-1,-1
479,44,1010.00,387.00,77.00,205.00,1.0,-1,-1,-1
479,45,1727.00,524.00,115.00,268.00,1.0,-1,-1,-1
479,46,833.00,405.00,73.00,209.00,1.0,-1,-1,-1
479,47,608.00,774.00,109.00,149.00,1.0,-1,-1,-1
479,48,1283.00,400.00,65.00,211.00,1.0,-1,-1,-1
479,49,1118.00,446.00,64.00,214.00,1.0,-1,-1,-1
479,50,1189.00,433.00,87.00,217.00,1.0,-1,-1,-1
480,0,1202.00,698.00,188.00,304.00,1.0,-1,-1,-1
480,1,0.00,0.00,0.00,0.00,1.0,-1,-1,-1
480,2,0.00,0.00,0.00,0.00,1.0,-1,-1,-1
480,3,0.00,0.00,0.00,0.00,1.0,-1,-1,-1
480,4,0.00,0.00,0.00,0.00,1.0,-1,-1,-1
480,5,0.00,0.00,0.00,0.00,1.0,-1,-1,-1
480,6,0.00,0.00,0.00,0.00,1.0,-1,-1,-1
480,7,0.00,0.00,0.00,0.00,1.0,-1,-1,-1
480,8,0.00,0.00,0.00,0.00,1.0,-1,-1,-1
480,9,0.00,0.00,0.00,0.00,1.0,-1,-1,-1
480,10,1077.00,478.00,32.00,35.00,1.0,-1,-1,-1
480,11,0.00,0.00,0.00,0.00,1.0,-1,-1,-1
480,12,0.00,0.00,0.00,0.00,1.0,-1,-1,-1
480,13,0.00,0.00,0.00,0.00,1.0,-1,-1,-1
480,14,0.00,0.00,0.00,0.00,1.0,-1,-1,-1
480,15,0.00,0.00,0.00,0.00,1.0,-1,-1,-1
480,16,0.00,0.00,0.00,0.00,1.0,-1,-1,-1
480,17,0.00,0.00,0.00,0.00,1.0,-1,-1,-1
480,18,0.00,0.00,0.00,0.00,1.0,-1,-1,-1
480,19,1047.00,490.00,88.00,225.00,1.0,-1,-1,-1
480,20,0.00,0.00,0.00,0.00,1.0,-1,-1,-1
480,21,0.00,0.00,0.00,0.00,1.0,-1,-1,-1
480,22,0.00,0.00,0.00,0.00,1.0,-1,-1,-1
480,23,0.00,0.00,0.00,0.00,1.0,-1,-1,-1
480,24,0.00,0.00,0.00,0.00,1.0,-1,-1,-1
480,25,0.00,0.00,0.00,0.00,1.0,-1,-1,-1
480,26,0.00,0.00,0.00,0.00,1.0,-1,-1,-1
480,27,0.00,0.00,0.00,0.00,1.0,-1,-1,-1
480,28,0.00,0.00,0.00,0.00,1.0,-1,-1,-1
480,29,0.00,0.00,0.00,0.00,1.0,-1,-1,-1
480,30,0.00,0.00,0.00,0.00,1.0,-1,-1,-1
480,31,609.00,894.00,97.00,186.00,1.0,-1,-1,-1
480,32,0.00,0.00,0.00,0.00,1.0,-1,-1,-1
480,33,0.00,0.00,0.00,0.00,1.0,-1,-1,-1
480,34,0.00,0.00,0.00,0.00,1.0,-1,-1,-1
480,35,713.00,756.00,139.00,324.00,1.0,-1,-1,-1
480,36,1855.00,435.00,65.00,240.00,1.0,-1,-1,-1
480,37,1544.00,305.00,48.00,162.00,1.0,-1,-1,-1
480,38,0.00,0.00,0.00,0.00,1.0,-1,-1,-1
480,39,0.00,0.00,0.00,0.00,1.0,-1,-1,-1
480,40,926.00,764.00,100.00,316.00,1.0,-1,-1,-1
480,41,0.00,0.00,0.00,0.00,1.0,-1,-1,-1
480,42,1471.00,485.00,86.00,270.00,1.0,-1,-1,-1
480,43,1486.00,379.00,79.00,172.00,1.0,-1,-1,-1
480,44,1011.00,388.00,76.00,205.00,1.0,-1,-1,-1
480,45,1740.00,522.00,108.00,269.00,1.0,-1,-1,-1
480,46,832.00,406.00,76.00,210.00,1.0,-1,-1,-1
480,47,606.00,776.00,113.00,147.00,1.0,-1,-1,-1
480,48,1286.00,400.00,63.00,212.00,1.0,-1,-1,-1
480,49,1120.00,448.00,63.00,213.00,1.0,-1,-1,-1
480,50,1190.00,432.00,89.00,219.00,1.0,-1,-1,-1
481,0,1197.00,698.00,189.00,305.00,1.0,-1,-1,-1
481,1,0.00,0.00,0.00,0.00,1.0,-1,-1,-1
481,2,0.00,0.00,0.00,0.00,1.0,-1,-1,-1
481,3,0.00,0.00,0.00,0.00,1.0,-1,-1,-1
481,4,0.00,0.00,0.00,0.00,1.0,-1,-1,-1
481,5,0.00,0.00,0.00,0.00,1.0,-1,-1,-1
481,6,0.00,0.00,0.00,0.00,1.0,-1,-1,-1
481,7,0.00,0.00,0.00,0.00,1.0,-1,-1,-1
481,8,0.00,0.00,0.00,0.00,1.0,-1,-1,-1
481,9,0.00,0.00,0.00,0.00,1.0,-1,-1,-1
481,10,1075.00,477.00,33.00,38.00,1.0,-1,-1,-1
481,11,0.00,0.00,0.00,0.00,1.0,-1,-1,-1
481,12,0.00,0.00,0.00,0.00,1.0,-1,-1,-1
481,13,0.00,0.00,0.00,0.00,1.0,-1,-1,-1
481,14,0.00,0.00,0.00,0.00,1.0,-1,-1,-1
481,15,0.00,0.00,0.00,0.00,1.0,-1,-1,-1
481,16,0.00,0.00,0.00,0.00,1.0,-1,-1,-1
481,17,0.00,0.00,0.00,0.00,1.0,-1,-1,-1
481,18,0.00,0.00,0.00,0.00,1.0,-1,-1,-1
481,19,1045.00,490.00,86.00,225.00,1.0,-1,-1,-1
481,20,0.00,0.00,0.00,0.00,1.0,-1,-1,-1
481,21,0.00,0.00,0.00,0.00,1.0,-1,-1,-1
481,22,0.00,0.00,0.00,0.00,1.0,-1,-1,-1
481,23,0.00,0.00,0.00,0.00,1.0,-1,-1,-1
481,24,0.00,0.00,0.00,0.00,1.0,-1,-1,-1
481,25,0.00,0.00,0.00,0.00,1.0,-1,-1,-1
481,26,0.00,0.00,0.00,0.00,1.0,-1,-1,-1
481,27,0.00,0.00,0.00,0.00,1.0,-1,-1,-1
481,28,0.00,0.00,0.00,0.00,1.0,-1,-1,-1
481,29,0.00,0.00,0.00,0.00,1.0,-1,-1,-1
481,30,0.00,0.00,0.00,0.00,1.0,-1,-1,-1
481,31,607.00,894.00,96.00,186.00,1.0,-1,-1,-1
481,32,0.00,0.00,0.00,0.00,1.0,-1,-1,-1
481,33,0.00,0.00,0.00,0.00,1.0,-1,-1,-1
481,34,0.00,0.00,0.00,0.00,1.0,-1,-1,-1
481,35,711.00,757.00,140.00,323.00,1.0,-1,-1,-1
481,36,1854.00,437.00,66.00,241.00,1.0,-1,-1,-1
481,37,1544.00,305.00,48.00,162.00,1.0,-1,-1,-1
481,38,0.00,0.00,0.00,0.00,1.0,-1,-1,-1
481,39,0.00,0.00,0.00,0.00,1.0,-1,-1,-1
481,40,925.00,766.00,99.00,314.00,1.0,-1,-1,-1
481,41,0.00,0.00,0.00,0.00,1.0,-1,-1,-1
481,42,1477.00,486.00,86.00,268.00,1.0,-1,-1,-1
481,43,1485.00,381.00,79.00,159.00,1.0,-1,-1,-1
481,44,1011.00,386.00,76.00,207.00,1.0,-1,-1,-1
481,45,1748.00,521.00,102.00,270.00,1.0,-1,-1,-1
481,46,830.00,406.00,71.00,210.00,1.0,-1,-1,-1
481,47,606.00,776.00,112.00,147.00,1.0,-1,-1,-1
481,48,1286.00,400.00,63.00,213.00,1.0,-1,-1,-1
481,49,1121.00,448.00,62.00,213.00,1.0,-1,-1,-1
481,50,1192.00,432.00,88.00,219.00,1.0,-1,-1,-1
482,0,1194.00,698.00,190.00,305.00,1.0,-1,-1,-1
482,1,0.00,0.00,0.00,0.00,1.0,-1,-1,-1
482,2,0.00,0.00,0.00,0.00,1.0,-1,-1,-1
482,3,0.00,0.00,0.00,0.00,1.0,-1,-1,-1
482,4,0.00,0.00,0.00,0.00,1.0,-1,-1,-1
482,5,0.00,0.00,0.00,0.00,1.0,-1,-1,-1
482,6,0.00,0.00,0.00,0.00,1.0,-1,-1,-1
482,7,0.00,0.00,0.00,0.00,1.0,-1,-1,-1
482,8,0.00,0.00,0.00,0.00,1.0,-1,-1,-1
482,9,0.00,0.00,0.00,0.00,1.0,-1,-1,-1
482,10,1073.00,483.00,50.00,216.00,1.0,-1,-1,-1
482,11,0.00,0.00,0.00,0.00,1.0,-1,-1,-1
482,12,0.00,0.00,0.00,0.00,1.0,-1,-1,-1
482,13,0.00,0.00,0.00,0.00,1.0,-1,-1,-1
482,14,0.00,0.00,0.00,0.00,1.0,-1,-1,-1
482,15,0.00,0.00,0.00,0.00,1.0,-1,-1,-1
482,16,0.00,0.00,0.00,0.00,1.0,-1,-1,-1
482,17,0.00,0.00,0.00,0.00,1.0,-1,-1,-1
482,18,0.00,0.00,0.00,0.00,1.0,-1,-1,-1
482,19,1044.00,488.00,86.00,227.00,1.0,-1,-1,-1
482,20,0.00,0.00,0.00,0.00,1.0,-1,-1,-1
482,21,0.00,0.00,0.00,0.00,1.0,-1,-1,-1
482,22,0.00,0.00,0.00,0.00,1.0,-1,-1,-1
482,23,0.00,0.00,0.00,0.00,1.0,-1,-1,-1
482,24,0.00,0.00,0.00,0.00,1.0,-1,-1,-1
482,25,0.00,0.00,0.00,0.00,1.0,-1,-1,-1
482,26,0.00,0.00,0.00,0.00,1.0,-1,-1,-1
482,27,0.00,0.00,0.00,0.00,1.0,-1,-1,-1
482,28,0.00,0.00,0.00,0.00,1.0,-1,-1,-1
482,29,0.00,0.00,0.00,0.00,1.0,-1,-1,-1
482,30,0.00,0.00,0.00,0.00,1.0,-1,-1,-1
482,31,607.00,896.00,94.00,184.00,1.0,-1,-1,-1
482,32,0.00,0.00,0.00,0.00,1.0,-1,-1,-1
482,33,0.00,0.00,0.00,0.00,1.0,-1,-1,-1
482,34,0.00,0.00,0.00,0.00,1.0,-1,-1,-1
482,35,709.00,763.00,142.00,317.00,1.0,-1,-1,-1
482,36,1855.00,438.00,65.00,239.00,1.0,-1,-1,-1
482,37,1543.00,305.00,49.00,163.00,1.0,-1,-1,-1
482,38,0.00,0.00,0.00,0.00,1.0,-1,-1,-1
482,39,0.00,0.00,0.00,0.00,1.0,-1,-1,-1
482,40,925.00,770.00,99.00,310.00,1.0,-1,-1,-1
482,41,0.00,0.00,0.00,0.00,1.0,-1,-1,-1
482,42,1484.00,490.00,87.00,264.00,1.0,-1,-1,-1
482,43,1486.00,384.00,78.00,138.00,1.0,-1,-1,-1
482,44,1016.00,375.00,73.00,219.00,1.0,-1,-1,-1
482,45,1753.00,522.00,101.00,270.00,1.0,-1,-1,-1
482,46,828.00,405.00,73.00,214.00,1.0,-1,-1,-1
482,47,611.00,777.00,110.00,145.00,1.0,-1,-1,-1
482,48,1288.00,401.00,62.00,215.00,1.0,-1,-1,-1
482,49,1122.00,448.00,60.00,212.00,1.0,-1,-1,-1
482,50,1189.00,434.00,92.00,217.00,1.0,-1,-1,-1
483,0,1191.00,697.00,188.00,306.00,1.0,-1,-1,-1
483,1,0.00,0.00,0.00,0.00,1.0,-1,-1,-1
483,2,0.00,0.00,0.00,0.00,1.0,-1,-1,-1
483,3,0.00,0.00,0.00,0.00,1.0,-1,-1,-1
483,4,0.00,0.00,0.00,0.00,1.0,-1,-1,-1
483,5,0.00,0.00,0.00,0.00,1.0,-1,-1,-1
483,6,0.00,0.00,0.00,0.00,1.0,-1,-1,-1
483,7,0.00,0.00,0.00,0.00,1.0,-1,-1,-1
483,8,0.00,0.00,0.00,0.00,1.0,-1,-1,-1
483,9,0.00,0.00,0.00,0.00,1.0,-1,-1,-1
483,10,1073.00,480.00,38.00,215.00,1.0,-1,-1,-1
483,11,0.00,0.00,0.00,0.00,1.0,-1,-1,-1
483,12,0.00,0.00,0.00,0.00,1.0,-1,-1,-1
483,13,0.00,0.00,0.00,0.00,1.0,-1,-1,-1
483,14,0.00,0.00,0.00,0.00,1.0,-1,-1,-1
483,15,0.00,0.00,0.00,0.00,1.0,-1,-1,-1
483,16,0.00,0.00,0.00,0.00,1.0,-1,-1,-1
483,17,0.00,0.00,0.00,0.00,1.0,-1,-1,-1
483,18,0.00,0.00,0.00,0.00,1.0,-1,-1,-1
483,19,1045.00,485.00,85.00,230.00,1.0,-1,-1,-1
483,20,0.00,0.00,0.00,0.00,1.0,-1,-1,-1
483,21,0.00,0.00,0.00,0.00,1.0,-1,-1,-1
483,22,0.00,0.00,0.00,0.00,1.0,-1,-1,-1
483,23,0.00,0.00,0.00,0.00,1.0,-1,-1,-1
483,24,0.00,0.00,0.00,0.00,1.0,-1,-1,-1
483,25,0.00,0.00,0.00,0.00,1.0,-1,-1,-1
483,26,0.00,0.00,0.00,0.00,1.0,-1,-1,-1
483,27,0.00,0.00,0.00,0.00,1.0,-1,-1,-1
483,28,0.00,0.00,0.00,0.00,1.0,-1,-1,-1
483,29,0.00,0.00,0.00,0.00,1.0,-1,-1,-1
483,30,0.00,0.00,0.00,0.00,1.0,-1,-1,-1
483,31,607.00,898.00,93.00,182.00,1.0,-1,-1,-1
483,32,0.00,0.00,0.00,0.00,1.0,-1,-1,-1
483,33,0.00,0.00,0.00,0.00,1.0,-1,-1,-1
483,34,0.00,0.00,0.00,0.00,1.0,-1,-1,-1
483,35,707.00,765.00,145.00,315.00,1.0,-1,-1,-1
483,36,1856.00,439.00,64.00,222.00,1.0,-1,-1,-1
483,37,1541.00,305.00,53.00,164.00,1.0,-1,-1,-1
483,38,0.00,0.00,0.00,0.00,1.0,-1,-1,-1
483,39,0.00,0.00,0.00,0.00,1.0,-1,-1,-1
483,40,924.00,773.00,100.00,307.00,1.0,-1,-1,-1
483,41,0.00,0.00,0.00,0.00,1.0,-1,-1,-1
483,42,1492.00,490.00,99.00,266.00,1.0,-1,-1,-1
483,43,1487.00,385.00,77.00,140.00,1.0,-1,-1,-1
483,44,1014.00,371.00,78.00,221.00,1.0,-1,-1,-1
483,45,1758.00,522.00,121.00,269.00,1.0,-1,-1,-1
483,46,829.00,406.00,75.00,213.00,1.0,-1,-1,-1
483,47,611.00,777.00,110.00,147.00,1.0,-1,-1,-1
483,48,1289.00,401.00,62.00,215.00,1.0,-1,-1,-1
483,49,1122.00,446.00,59.00,214.00,1.0,-1,-1,-1
483,50,1189.00,434.00,92.00,219.00,1.0,-1,-1,-1
484,0,1186.00,697.00,191.00,306.00,1.0,-1,-1,-1
484,1,0.00,0.00,0.00,0.00,1.0,-1,-1,-1
484,2,0.00,0.00,0.00,0.00,1.0,-1,-1,-1
484,3,0.00,0.00,0.00,0.00,1.0,-1,-1,-1
484,4,0.00,0.00,0.00,0.00,1.0,-1,-1,-1
484,5,0.00,0.00,0.00,0.00,1.0,-1,-1,-1
484,6,0.00,0.00,0.00,0.00,1.0,-1,-1,-1
484,7,0.00,0.00,0.00,0.00,1.0,-1,-1,-1
484,8,0.00,0.00,0.00,0.00,1.0,-1,-1,-1
484,9,0.00,0.00,0.00,0.00,1.0,-1,-1,-1
484,10,1071.00,479.00,38.00,49.00,1.0,-1,-1,-1
484,11,0.00,0.00,0.00,0.00,1.0,-1,-1,-1
484,12,0.00,0.00,0.00,0.00,1.0,-1,-1,-1
484,13,0.00,0.00,0.00,0.00,1.0,-1,-1,-1
484,14,0.00,0.00,0.00,0.00,1.0,-1,-1,-1
484,15,0.00,0.00,0.00,0.00,1.0,-1,-1,-1
484,16,0.00,0.00,0.00,0.00,1.0,-1,-1,-1
484,17,0.00,0.00,0.00,0.00,1.0,-1,-1,-1
484,18,0.00,0.00,0.00,0.00,1.0,-1,-1,-1
484,19,1043.00,486.00,85.00,229.00,1.0,-1,-1,-1
484,20,0.00,0.00,0.00,0.00,1.0,-1,-1,-1
484,21,0.00,0.00,0.00,0.00,1.0,-1,-1,-1
484,22,0.00,0.00,0.00,0.00,1.0,-1,-1,-1
484,23,0.00,0.00,0.00,0.00,1.0,-1,-1,-1
484,24,0.00,0.00,0.00,0.00,1.0,-1,-1,-1
484,25,0.00,0.00,0.00,0.00,1.0,-1,-1,-1
484,26,0.00,0.00,0.00,0.00,1.0,-1,-1,-1
484,27,0.00,0.00,0.00,0.00,1.0,-1,-1,-1
484,28,0.00,0.00,0.00,0.00,1.0,-1,-1,-1
484,29,0.00,0.00,0.00,0.00,1.0,-1,-1,-1
484,30,0.00,0.00,0.00,0.00,1.0,-1,-1,-1
484,31,605.00,898.00,95.00,182.00,1.0,-1,-1,-1
484,32,0.00,0.00,0.00,0.00,1.0,-1,-1,-1
484,33,0.00,0.00,0.00,0.00,1.0,-1,-1,-1
484,34,0.00,0.00,0.00,0.00,1.0,-1,-1,-1
484,35,707.00,768.00,145.00,312.00,1.0,-1,-1,-1
484,36,1855.00,438.00,65.00,210.00,1.0,-1,-1,-1
484,37,1541.00,305.00,53.00,164.00,1.0,-1,-1,-1
484,38,0.00,0.00,0.00,0.00,1.0,-1,-1,-1
484,39,0.00,0.00,0.00,0.00,1.0,-1,-1,-1
484,40,921.00,774.00,102.00,306.00,1.0,-1,-1,-1
484,41,0.00,0.00,0.00,0.00,1.0,-1,-1,-1
484,42,1496.00,493.00,111.00,265.00,1.0,-1,-1,-1
484,43,1486.00,386.00,78.00,147.00,1.0,-1,-1,-1
484,44,1011.00,372.00,82.00,219.00,1.0,-1,-1,-1
484,45,1763.00,522.00,120.00,269.00,1.0,-1,-1,-1
484,46,828.00,406.00,74.00,213.00,1.0,-1,-1,-1
484,47,611.00,777.00,114.00,145.00,1.0,-1,-1,-1
484,48,1289.00,402.00,63.00,216.00,1.0,-1,-1,-1
484,49,1122.00,446.00,59.00,211.00,1.0,-1,-1,-1
484,50,1190.00,437.00,92.00,217.00,1.0,-1,-1,-1
485,0,1181.00,697.00,191.00,307.00,1.0,-1,-1,-1
485,1,0.00,0.00,0.00,0.00,1.0,-1,-1,-1
485,2,0.00,0.00,0.00,0.00,1.0,-1,-1,-1
485,3,0.00,0.00,0.00,0.00,1.0,-1,-1,-1
485,4,0.00,0.00,0.00,0.00,1.0,-1,-1,-1
485,5,0.00,0.00,0.00,0.00,1.0,-1,-1,-1
485,6,0.00,0.00,0.00,0.00,1.0,-1,-1,-1
485,7,0.00,0.00,0.00,0.00,1.0,-1,-1,-1
485,8,0.00,0.00,0.00,0.00,1.0,-1,-1,-1
485,9,0.00,0.00,0.00,0.00,1.0,-1,-1,-1
485,10,1068.00,478.00,41.00,55.00,1.0,-1,-1,-1
485,11,0.00,0.00,0.00,0.00,1.0,-1,-1,-1
485,12,0.00,0.00,0.00,0.00,1.0,-1,-1,-1
485,13,0.00,0.00,0.00,0.00,1.0,-1,-1,-1
485,14,0.00,0.00,0.00,0.00,1.0,-1,-1,-1
485,15,0.00,0.00,0.00,0.00,1.0,-1,-1,-1
485,16,0.00,0.00,0.00,0.00,1.0,-1,-1,-1
485,17,0.00,0.00,0.00,0.00,1.0,-1,-1,-1
485,18,0.00,0.00,0.00,0.00,1.0,-1,-1,-1
485,19,1040.00,488.00,84.00,227.00,1.0,-1,-1,-1
485,20,0.00,0.00,0.00,0.00,1.0,-1,-1,-1
485,21,0.00,0.00,0.00,0.00,1.0,-1,-1,-1
485,22,0.00,0.00,0.00,0.00,1.0,-1,-1,-1
485,23,0.00,0.00,0.00,0.00,1.0,-1,-1,-1
485,24,0.00,0.00,0.00,0.00,1.0,-1,-1,-1
485,25,0.00,0.00,0.00,0.00,1.0,-1,-1,-1
485,26,0.00,0.00,0.00,0.00,1.0,-1,-1,-1
485,27,0.00,0.00,0.00,0.00,1.0,-1,-1,-1
485,28,0.00,0.00,0.00,0.00,1.0,-1,-1,-1
485,29,0.00,0.00,0.00,0.00,1.0,-1,-1,-1
485,30,0.00,0.00,0.00,0.00,1.0,-1,-1,-1
485,31,604.00,898.00,95.00,182.00,1.0,-1,-1,-1
485,32,0.00,0.00,0.00,0.00,1.0,-1,-1,-1
485,33,0.00,0.00,0.00,0.00,1.0,-1,-1,-1
485,34,0.00,0.00,0.00,0.00,1.0,-1,-1,-1
485,35,706.00,771.00,145.00,309.00,1.0,-1,-1,-1
485,36,1855.00,437.00,65.00,209.00,1.0,-1,-1,-1
485,37,1541.00,305.00,52.00,163.00,1.0,-1,-1,-1
485,38,0.00,0.00,0.00,0.00,1.0,-1,-1,-1
485,39,0.00,0.00,0.00,0.00,1.0,-1,-1,-1
485,40,920.00,774.00,102.00,306.00,1.0,-1,-1,-1
485,41,0.00,0.00,0.00,0.00,1.0,-1,-1,-1
485,42,1497.00,494.00,115.00,266.00,1.0,-1,-1,-1
485,43,1482.00,386.00,79.00,164.00,1.0,-1,-1,-1
485,44,1014.00,372.00,76.00,217.00,1.0,-1,-1,-1
485,45,1766.00,524.00,121.00,268.00,1.0,-1,-1,-1
485,46,826.00,407.00,77.00,213.00,1.0,-1,-1,-1
485,47,610.00,777.00,115.00,147.00,1.0,-1,-1,-1
485,48,1289.00,403.00,62.00,217.00,1.0,-1,-1,-1
485,49,1121.00,446.00,61.00,214.00,1.0,-1,-1,-1
485,50,1190.00,438.00,91.00,218.00,1.0,-1,-1,-1
486,0,1179.00,697.00,192.00,306.00,1.0,-1,-1,-1
486,1,0.00,0.00,0.00,0.00,1.0,-1,-1,-1
486,2,0.00,0.00,0.00,0.00,1.0,-1,-1,-1
486,3,0.00,0.00,0.00,0.00,1.0,-1,-1,-1
486,4,0.00,0.00,0.00,0.00,1.0,-1,-1,-1
486,5,0.00,0.00,0.00,0.00,1.0,-1,-1,-1
486,6,0.00,0.00,0.00,0.00,1.0,-1,-1,-1
486,7,0.00,0.00,0.00,0.00,1.0,-1,-1,-1
486,8,0.00,0.00,0.00,0.00,1.0,-1,-1,-1
486,9,0.00,0.00,0.00,0.00,1.0,-1,-1,-1
486,10,1065.00,482.00,32.00,29.00,1.0,-1,-1,-1
486,11,0.00,0.00,0.00,0.00,1.0,-1,-1,-1
486,12,0.00,0.00,0.00,0.00,1.0,-1,-1,-1
486,13,0.00,0.00,0.00,0.00,1.0,-1,-1,-1
486,14,0.00,0.00,0.00,0.00,1.0,-1,-1,-1
486,15,0.00,0.00,0.00,0.00,1.0,-1,-1,-1
486,16,0.00,0.00,0.00,0.00,1.0,-1,-1,-1
486,17,0.00,0.00,0.00,0.00,1.0,-1,-1,-1
486,18,0.00,0.00,0.00,0.00,1.0,-1,-1,-1
486,19,1039.00,491.00,86.00,225.00,1.0,-1,-1,-1
486,20,0.00,0.00,0.00,0.00,1.0,-1,-1,-1
486,21,0.00,0.00,0.00,0.00,1.0,-1,-1,-1
486,22,0.00,0.00,0.00,0.00,1.0,-1,-1,-1
486,23,0.00,0.00,0.00,0.00,1.0,-1,-1,-1
486,24,0.00,0.00,0.00,0.00,1.0,-1,-1,-1
486,25,0.00,0.00,0.00,0.00,1.0,-1,-1,-1
486,26,0.00,0.00,0.00,0.00,1.0,-1,-1,-1
486,27,0.00,0.00,0.00,0.00,1.0,-1,-1,-1
486,28,0.00,0.00,0.00,0.00,1.0,-1,-1,-1
486,29,0.00,0.00,0.00,0.00,1.0,-1,-1,-1
486,30,0.00,0.00,0.00,0.00,1.0,-1,-1,-1
486,31,604.00,898.00,96.00,182.00,1.0,-1,-1,-1
486,32,0.00,0.00,0.00,0.00,1.0,-1,-1,-1
486,33,0.00,0.00,0.00,0.00,1.0,-1,-1,-1
486,34,0.00,0.00,0.00,0.00,1.0,-1,-1,-1
486,35,708.00,772.00,143.00,308.00,1.0,-1,-1,-1
486,36,1856.00,437.00,64.00,206.00,1.0,-1,-1,-1
486,37,1542.00,305.00,52.00,164.00,1.0,-1,-1,-1
486,38,0.00,0.00,0.00,0.00,1.0,-1,-1,-1
486,39,0.00,0.00,0.00,0.00,1.0,-1,-1,-1
486,40,920.00,774.00,102.00,306.00,1.0,-1,-1,-1
486,41,0.00,0.00,0.00,0.00,1.0,-1,-1,-1
486,42,1501.00,498.00,110.00,261.00,1.0,-1,-1,-1
486,43,1485.00,386.00,77.00,179.00,1.0,-1,-1,-1
486,44,1015.00,372.00,77.00,209.00,1.0,-1,-1,-1
486,45,1770.00,527.00,119.00,265.00,1.0,-1,-1,-1
486,46,826.00,406.00,76.00,213.00,1.0,-1,-1,-1
486,47,611.00,778.00,112.00,147.00,1.0,-1,-1,-1
486,48,1292.00,405.00,62.00,216.00,1.0,-1,-1,-1
486,49,1121.00,447.00,63.00,214.00,1.0,-1,-1,-1
486,50,1191.00,440.00,91.00,216.00,1.0,-1,-1,-1
487,0,1175.00,697.00,195.00,306.00,1.0,-1,-1,-1
487,1,0.00,0.00,0.00,0.00,1.0,-1,-1,-1
487,2,0.00,0.00,0.00,0.00,1.0,-1,-1,-1
487,3,0.00,0.00,0.00,0.00,1.0,-1,-1,-1
487,4,0.00,0.00,0.00,0.00,1.0,-1,-1,-1
487,5,0.00,0.00,0.00,0.00,1.0,-1,-1,-1
487,6,0.00,0.00,0.00,0.00,1.0,-1,-1,-1
487,7,0.00,0.00,0.00,0.00,1.0,-1,-1,-1
487,8,0.00,0.00,0.00,0.00,1.0,-1,-1,-1
487,9,0.00,0.00,0.00,0.00,1.0,-1,-1,-1
487,10,1060.00,484.00,33.00,34.00,1.0,-1,-1,-1
487,11,0.00,0.00,0.00,0.00,1.0,-1,-1,-1
487,12,0.00,0.00,0.00,0.00,1.0,-1,-1,-1
487,13,0.00,0.00,0.00,0.00,1.0,-1,-1,-1
487,14,0.00,0.00,0.00,0.00,1.0,-1,-1,-1
487,15,0.00,0.00,0.00,0.00,1.0,-1,-1,-1
487,16,0.00,0.00,0.00,0.00,1.0,-1,-1,-1
487,17,0.00,0.00,0.00,0.00,1.0,-1,-1,-1
487,18,0.00,0.00,0.00,0.00,1.0,-1,-1,-1
487,19,1038.00,497.00,89.00,220.00,1.0,-1,-1,-1
487,20,0.00,0.00,0.00,0.00,1.0,-1,-1,-1
487,21,0.00,0.00,0.00,0.00,1.0,-1,-1,-1
487,22,0.00,0.00,0.00,0.00,1.0,-1,-1,-1
487,23,0.00,0.00,0.00,0.00,1.0,-1,-1,-1
487,24,0.00,0.00,0.00,0.00,1.0,-1,-1,-1
487,25,0.00,0.00,0.00,0.00,1.0,-1,-1,-1
487,26,0.00,0.00,0.00,0.00,1.0,-1,-1,-1
487,27,0.00,0.00,0.00,0.00,1.0,-1,-1,-1
487,28,0.00,0.00,0.00,0.00,1.0,-1,-1,-1
487,29,0.00,0.00,0.00,0.00,1.0,-1,-1,-1
487,30,0.00,0.00,0.00,0.00,1.0,-1,-1,-1
487,31,604.00,898.00,97.00,182.00,1.0,-1,-1,-1
487,32,0.00,0.00,0.00,0.00,1.0,-1,-1,-1
487,33,0.00,0.00,0.00,0.00,1.0,-1,-1,-1
487,34,0.00,0.00,0.00,0.00,1.0,-1,-1,-1
487,35,708.00,770.00,143.00,310.00,1.0,-1,-1,-1
487,36,1856.00,437.00,64.00,201.00,1.0,-1,-1,-1
487,37,1543.00,304.00,52.00,164.00,1.0,-1,-1,-1
487,38,0.00,0.00,0.00,0.00,1.0,-1,-1,-1
487,39,0.00,0.00,0.00,0.00,1.0,-1,-1,-1
487,40,919.00,774.00,102.00,306.00,1.0,-1,-1,-1
487,41,0.00,0.00,0.00,0.00,1.0,-1,-1,-1
487,42,1502.00,497.00,110.00,268.00,1.0,-1,-1,-1
487,43,1485.00,385.00,76.00,189.00,1.0,-1,-1,-1
487,44,1018.00,371.00,75.00,198.00,1.0,-1,-1,-1
487,45,1772.00,524.00,128.00,269.00,1.0,-1,-1,-1
487,46,825.00,405.00,79.00,214.00,1.0,-1,-1,-1
487,47,596.00,779.00,131.00,147.00,1.0,-1,-1,-1
487,48,1294.00,405.00,61.00,215.00,1.0,-1,-1,-1
487,49,1121.00,447.00,63.00,217.00,1.0,-1,-1,-1
487,50,1192.00,442.00,91.00,215.00,1.0,-1,-1,-1
488,0,1173.00,696.00,196.00,307.00,1.0,-1,-1,-1
488,1,0.00,0.00,0.00,0.00,1.0,-1,-1,-1
488,2,0.00,0.00,0.00,0.00,1.0,-1,-1,-1
488,3,0.00,0.00,0.00,0.00,1.0,-1,-1,-1
488,4,0.00,0.00,0.00,0.00,1.0,-1,-1,-1
488,5,0.00,0.00,0.00,0.00,1.0,-1,-1,-1
488,6,0.00,0.00,0.00,0.00,1.0,-1,-1,-1
488,7,0.00,0.00,0.00,0.00,1.0,-1,-1,-1
488,8,0.00,0.00,0.00,0.00,1.0,-1,-1,-1
488,9,0.00,0.00,0.00,0.00,1.0,-1,-1,-1
488,10,1053.00,485.00,39.00,37.00,1.0,-1,-1,-1
488,11,0.00,0.00,0.00,0.00,1.0,-1,-1,-1
488,12,0.00,0.00,0.00,0.00,1.0,-1,-1,-1
488,13,0.00,0.00,0.00,0.00,1.0,-1,-1,-1
488,14,0.00,0.00,0.00,0.00,1.0,-1,-1,-1
488,15,0.00,0.00,0.00,0.00,1.0,-1,-1,-1
488,16,0.00,0.00,0.00,0.00,1.0,-1,-1,-1
488,17,0.00,0.00,0.00,0.00,1.0,-1,-1,-1
488,18,0.00,0.00,0.00,0.00,1.0,-1,-1,-1
488,19,1034.00,493.00,94.00,222.00,1.0,-1,-1,-1
488,20,0.00,0.00,0.00,0.00,1.0,-1,-1,-1
488,21,0.00,0.00,0.00,0.00,1.0,-1,-1,-1
488,22,0.00,0.00,0.00,0.00,1.0,-1,-1,-1
488,23,0.00,0.00,0.00,0.00,1.0,-1,-1,-1
488,24,0.00,0.00,0.00,0.00,1.0,-1,-1,-1
488,25,0.00,0.00,0.00,0.00,1.0,-1,-1,-1
488,26,0.00,0.00,0.00,0.00,1.0,-1,-1,-1
488,27,0.00,0.00,0.00,0.00,1.0,-1,-1,-1
488,28,0.00,0.00,0.00,0.00,1.0,-1,-1,-1
488,29,0.00,0.00,0.00,0.00,1.0,-1,-1,-1
488,30,0.00,0.00,0.00,0.00,1.0,-1,-1,-1
488,31,603.00,900.00,98.00,180.00,1.0,-1,-1,-1
488,32,0.00,0.00,0.00,0.00,1.0,-1,-1,-1
488,33,0.00,0.00,0.00,0.00,1.0,-1,-1,-1
488,34,0.00,0.00,0.00,0.00,1.0,-1,-1,-1
488,35,709.00,769.00,141.00,311.00,1.0,-1,-1,-1
488,36,1857.00,436.00,63.00,196.00,1.0,-1,-1,-1
488,37,1544.00,302.00,51.00,166.00,1.0,-1,-1,-1
488,38,0.00,0.00,0.00,0.00,1.0,-1,-1,-1
488,39,0.00,0.00,0.00,0.00,1.0,-1,-1,-1
488,40,919.00,774.00,101.00,306.00,1.0,-1,-1,-1
488,41,0.00,0.00,0.00,0.00,1.0,-1,-1,-1
488,42,1504.00,498.00,110.00,267.00,1.0,-1,-1,-1
488,43,1485.00,384.00,76.00,268.00,1.0,-1,-1,-1
488,44,1017.00,371.00,75.00,193.00,1.0,-1,-1,-1
488,45,1773.00,524.00,133.00,269.00,1.0,-1,-1,-1
488,46,825.00,405.00,78.00,213.00,1.0,-1,-1,-1
488,47,594.00,780.00,133.00,145.00,1.0,-1,-1,-1
488,48,1295.00,405.00,63.00,214.00,1.0,-1,-1,-1
488,49,1121.00,447.00,68.00,219.00,1.0,-1,-1,-1
488,50,1197.00,442.00,87.00,217.00,1.0,-1,-1,-1
489,0,1170.00,697.00,197.00,305.00,1.0,-1,-1,-1
489,1,0.00,0.00,0.00,0.00,1.0,-1,-1,-1
489,2,0.00,0.00,0.00,0.00,1.0,-1,-1,-1
489,3,0.00,0.00,0.00,0.00,1.0,-1,-1,-1
489,4,0.00,0.00,0.00,0.00,1.0,-1,-1,-1
489,5,0.00,0.00,0.00,0.00,1.0,-1,-1,-1
489,6,0.00,0.00,0.00,0.00,1.0,-1,-1,-1
489,7,0.00,0.00,0.00,0.00,1.0,-1,-1,-1
489,8,0.00,0.00,0.00,0.00,1.0,-1,-1,-1
489,9,0.00,0.00,0.00,0.00,1.0,-1,-1,-1
489,10,1053.00,486.00,77.00,167.00,1.0,-1,-1,-1
489,11,0.00,0.00,0.00,0.00,1.0,-1,-1,-1
489,12,0.00,0.00,0.00,0.00,1.0,-1,-1,-1
489,13,0.00,0.00,0.00,0.00,1.0,-1,-1,-1
489,14,0.00,0.00,0.00,0.00,1.0,-1,-1,-1
489,15,0.00,0.00,0.00,0.00,1.0,-1,-1,-1
489,16,0.00,0.00,0.00,0.00,1.0,-1,-1,-1
489,17,0.00,0.00,0.00,0.00,1.0,-1,-1,-1
489,18,0.00,0.00,0.00,0.00,1.0,-1,-1,-1
489,19,1031.00,487.00,94.00,227.00,1.0,-1,-1,-1
489,20,0.00,0.00,0.00,0.00,1.0,-1,-1,-1
489,21,0.00,0.00,0.00,0.00,1.0,-1,-1,-1
489,22,0.00,0.00,0.00,0.00,1.0,-1,-1,-1
489,23,0.00,0.00,0.00,0.00,1.0,-1,-1,-1
489,24,0.00,0.00,0.00,0.00,1.0,-1,-1,-1
489,25,0.00,0.00,0.00,0.00,1.0,-1,-1,-1
489,26,0.00,0.00,0.00,0.00,1.0,-1,-1,-1
489,27,0.00,0.00,0.00,0.00,1.0,-1,-1,-1
489,28,0.00,0.00,0.00,0.00,1.0,-1,-1,-1
489,29,0.00,0.00,0.00,0.00,1.0,-1,-1,-1
489,30,0.00,0.00,0.00,0.00,1.0,-1,-1,-1
489,31,601.00,902.00,100.00,178.00,1.0,-1,-1,-1
489,32,0.00,0.00,0.00,0.00,1.0,-1,-1,-1
489,33,0.00,0.00,0.00,0.00,1.0,-1,-1,-1
489,34,0.00,0.00,0.00,0.00,1.0,-1,-1,-1
489,35,708.00,769.00,140.00,311.00,1.0,-1,-1,-1
489,36,1857.00,436.00,63.00,190.00,1.0,-1,-1,-1
489,37,1545.00,302.00,50.00,166.00,1.0,-1,-1,-1
489,38,0.00,0.00,0.00,0.00,1.0,-1,-1,-1
489,39,0.00,0.00,0.00,0.00,1.0,-1,-1,-1
489,40,917.00,774.00,100.00,306.00,1.0,-1,-1,-1
489,41,0.00,0.00,0.00,0.00,1.0,-1,-1,-1
489,42,1510.00,498.00,105.00,267.00,1.0,-1,-1,-1
489,43,1483.00,383.00,80.00,219.00,1.0,-1,-1,-1
489,44,1018.00,371.00,75.00,184.00,1.0,-1,-1,-1
489,45,1774.00,525.00,140.00,270.00,1.0,-1,-1,-1
489,46,825.00,405.00,79.00,213.00,1.0,-1,-1,-1
489,47,593.00,783.00,137.00,144.00,1.0,-1,-1,-1
489,48,1294.00,404.00,63.00,216.00,1.0,-1,-1,-1
489,49,1120.00,451.00,70.00,217.00,1.0,-1,-1,-1
489,50,1197.00,443.00,86.00,218.00,1.0,-1,-1,-1
490,0,1168.00,697.00,199.00,306.00,1.0,-1,-1,-1
490,1,0.00,0.00,0.00,0.00,1.0,-1,-1,-1
490,2,0.00,0.00,0.00,0.00,1.0,-1,-1,-1
490,3,0.00,0.00,0.00,0.00,1.0,-1,-1,-1
490,4,0.00,0.00,0.00,0.00,1.0,-1,-1,-1
490,5,0.00,0.00,0.00,0.00,1.0,-1,-1,-1
490,6,0.00,0.00,0.00,0.00,1.0,-1,-1,-1
490,7,0.00,0.00,0.00,0.00,1.0,-1,-1,-1
490,8,0.00,0.00,0.00,0.00,1.0,-1,-1,-1
490,9,0.00,0.00,0.00,0.00,1.0,-1,-1,-1
490,10,1053.00,486.00,77.00,164.00,1.0,-1,-1,-1
490,11,0.00,0.00,0.00,0.00,1.0,-1,-1,-1
490,12,0.00,0.00,0.00,0.00,1.0,-1,-1,-1
490,13,0.00,0.00,0.00,0.00,1.0,-1,-1,-1
490,14,0.00,0.00,0.00,0.00,1.0,-1,-1,-1
490,15,0.00,0.00,0.00,0.00,1.0,-1,-1,-1
490,16,0.00,0.00,0.00,0.00,1.0,-1,-1,-1
490,17,0.00,0.00,0.00,0.00,1.0,-1,-1,-1
490,18,0.00,0.00,0.00,0.00,1.0,-1,-1,-1
490,19,1030.00,487.00,98.00,226.00,1.0,-1,-1,-1
490,20,0.00,0.00,0.00,0.00,1.0,-1,-1,-1
490,21,0.00,0.00,0.00,0.00,1.0,-1,-1,-1
490,22,0.00,0.00,0.00,0.00,1.0,-1,-1,-1
490,23,0.00,0.00,0.00,0.00,1.0,-1,-1,-1
490,24,0.00,0.00,0.00,0.00,1.0,-1,-1,-1
490,25,0.00,0.00,0.00,0.00,1.0,-1,-1,-1
490,26,0.00,0.00,0.00,0.00,1.0,-1,-1,-1
490,27,0.00,0.00,0.00,0.00,1.0,-1,-1,-1
490,28,0.00,0.00,0.00,0.00,1.0,-1,-1,-1
490,29,0.00,0.00,0.00,0.00,1.0,-1,-1,-1
490,30,0.00,0.00,0.00,0.00,1.0,-1,-1,-1
490,31,601.00,904.00,101.00,176.00,1.0,-1,-1,-1
490,32,0.00,0.00,0.00,0.00,1.0,-1,-1,-1
490,33,0.00,0.00,0.00,0.00,1.0,-1,-1,-1
490,34,0.00,0.00,0.00,0.00,1.0,-1,-1,-1
490,35,711.00,768.00,137.00,312.00,1.0,-1,-1,-1
490,36,1858.00,436.00,62.00,183.00,1.0,-1,-1,-1
490,37,1546.00,302.00,51.00,164.00,1.0,-1,-1,-1
490,38,0.00,0.00,0.00,0.00,1.0,-1,-1,-1
490,39,0.00,0.00,0.00,0.00,1.0,-1,-1,-1
490,40,918.00,774.00,99.00,306.00,1.0,-1,-1,-1
490,41,0.00,0.00,0.00,0.00,1.0,-1,-1,-1
490,42,1519.00,499.00,98.00,267.00,1.0,-1,-1,-1
490,43,1484.00,382.00,81.00,220.00,1.0,-1,-1,-1
490,44,1020.00,371.00,74.00,170.00,1.0,-1,-1,-1
490,45,1777.00,524.00,143.00,272.00,1.0,-1,-1,-1
490,46,825.00,405.00,79.00,214.00,1.0,-1,-1,-1
490,47,595.00,784.00,131.00,141.00,1.0,-1,-1,-1
490,48,1293.00,404.00,65.00,215.00,1.0,-1,-1,-1
490,49,1121.00,453.00,69.00,214.00,1.0,-1,-1,-1
490,50,1198.00,442.00,87.00,218.00,1.0,-1,-1,-1
491,0,1166.00,696.00,198.00,307.00,1.0,-1,-1,-1
491,1,0.00,0.00,0.00,0.00,1.0,-1,-1,-1
491,2,0.00,0.00,0.00,0.00,1.0,-1,-1,-1
491,3,0.00,0.00,0.00,0.00,1.0,-1,-1,-1
491,4,0.00,0.00,0.00,0.00,1.0,-1,-1,-1
491,5,0.00,0.00,0.00,0.00,1.0,-1,-1,-1
491,6,0.00,0.00,0.00,0.00,1.0,-1,-1,-1
491,7,0.00,0.00,0.00,0.00,1.0,-1,-1,-1
491,8,0.00,0.00,0.00,0.00,1.0,-1,-1,-1
491,9,0.00,0.00,0.00,0.00,1.0,-1,-1,-1
491,10,1053.00,486.00,69.00,163.00,1.0,-1,-1,-1
491,11,0.00,0.00,0.00,0.00,1.0,-1,-1,-1
491,12,0.00,0.00,0.00,0.00,1.0,-1,-1,-1
491,13,0.00,0.00,0.00,0.00,1.0,-1,-1,-1
491,14,0.00,0.00,0.00,0.00,1.0,-1,-1,-1
491,15,0.00,0.00,0.00,0.00,1.0,-1,-1,-1
491,16,0.00,0.00,0.00,0.00,1.0,-1,-1,-1
491,17,0.00,0.00,0.00,0.00,1.0,-1,-1,-1
491,18,0.00,0.00,0.00,0.00,1.0,-1,-1,-1
491,19,1026.00,488.00,99.00,224.00,1.0,-1,-1,-1
491,20,0.00,0.00,0.00,0.00,1.0,-1,-1,-1
491,21,0.00,0.00,0.00,0.00,1.0,-1,-1,-1
491,22,0.00,0.00,0.00,0.00,1.0,-1,-1,-1
491,23,0.00,0.00,0.00,0.00,1.0,-1,-1,-1
491,24,0.00,0.00,0.00,0.00,1.0,-1,-1,-1
491,25,0.00,0.00,0.00,0.00,1.0,-1,-1,-1
491,26,0.00,0.00,0.00,0.00,1.0,-1,-1,-1
491,27,0.00,0.00,0.00,0.00,1.0,-1,-1,-1
491,28,0.00,0.00,0.00,0.00,1.0,-1,-1,-1
491,29,0.00,0.00,0.00,0.00,1.0,-1,-1,-1
491,30,0.00,0.00,0.00,0.00,1.0,-1,-1,-1
491,31,602.00,911.00,100.00,169.00,1.0,-1,-1,-1
491,32,0.00,0.00,0.00,0.00,1.0,-1,-1,-1
491,33,0.00,0.00,0.00,0.00,1.0,-1,-1,-1
491,34,0.00,0.00,0.00,0.00,1.0,-1,-1,-1
491,35,714.00,769.00,131.00,311.00,1.0,-1,-1,-1
491,36,1857.00,438.00,63.00,173.00,1.0,-1,-1,-1
491,37,1545.00,302.00,50.00,164.00,1.0,-1,-1,-1
491,38,0.00,0.00,0.00,0.00,1.0,-1,-1,-1
491,39,0.00,0.00,0.00,0.00,1.0,-1,-1,-1
491,40,916.00,775.00,97.00,305.00,1.0,-1,-1,-1
491,41,0.00,0.00,0.00,0.00,1.0,-1,-1,-1
491,42,1528.00,496.00,88.00,270.00,1.0,-1,-1,-1
491,43,1483.00,382.00,80.00,220.00,1.0,-1,-1,-1
491,44,1018.00,372.00,75.00,166.00,1.0,-1,-1,-1
491,45,1779.00,524.00,134.00,272.00,1.0,-1,-1,-1
491,46,824.00,406.00,78.00,217.00,1.0,-1,-1,-1
491,47,587.00,787.00,140.00,145.00,1.0,-1,-1,-1
491,48,1293.00,403.00,65.00,216.00,1.0,-1,-1,-1
491,49,1119.00,455.00,67.00,214.00,1.0,-1,-1,-1
491,50,1196.00,441.00,87.00,219.00,1.0,-1,-1,-1
492,0,1164.00,697.00,199.00,309.00,1.0,-1,-1,-1
492,1,0.00,0.00,0.00,0.00,1.0,-1,-1,-1
492,2,0.00,0.00,0.00,0.00,1.0,-1,-1,-1
492,3,0.00,0.00,0.00,0.00,1.0,-1,-1,-1
492,4,0.00,0.00,0.00,0.00,1.0,-1,-1,-1
492,5,0.00,0.00,0.00,0.00,1.0,-1,-1,-1
492,6,0.00,0.00,0.00,0.00,1.0,-1,-1,-1
492,7,0.00,0.00,0.00,0.00,1.0,-1,-1,-1
492,8,0.00,0.00,0.00,0.00,1.0,-1,-1,-1
492,9,0.00,0.00,0.00,0.00,1.0,-1,-1,-1
492,10,1052.00,486.00,70.00,167.00,1.0,-1,-1,-1
492,11,0.00,0.00,0.00,0.00,1.0,-1,-1,-1
492,12,0.00,0.00,0.00,0.00,1.0,-1,-1,-1
492,13,0.00,0.00,0.00,0.00,1.0,-1,-1,-1
492,14,0.00,0.00,0.00,0.00,1.0,-1,-1,-1
492,15,0.00,0.00,0.00,0.00,1.0,-1,-1,-1
492,16,0.00,0.00,0.00,0.00,1.0,-1,-1,-1
492,17,0.00,0.00,0.00,0.00,1.0,-1,-1,-1
492,18,0.00,0.00,0.00,0.00,1.0,-1,-1,-1
492,19,1024.00,487.00,100.00,227.00,1.0,-1,-1,-1
492,20,0.00,0.00,0.00,0.00,1.0,-1,-1,-1
492,21,0.00,0.00,0.00,0.00,1.0,-1,-1,-1
492,22,0.00,0.00,0.00,0.00,1.0,-1,-1,-1
492,23,0.00,0.00,0.00,0.00,1.0,-1,-1,-1
492,24,0.00,0.00,0.00,0.00,1.0,-1,-1,-1
492,25,0.00,0.00,0.00,0.00,1.0,-1,-1,-1
492,26,0.00,0.00,0.00,0.00,1.0,-1,-1,-1
492,27,0.00,0.00,0.00,0.00,1.0,-1,-1,-1
492,28,0.00,0.00,0.00,0.00,1.0,-1,-1,-1
492,29,0.00,0.00,0.00,0.00,1.0,-1,-1,-1
492,30,0.00,0.00,0.00,0.00,1.0,-1,-1,-1
492,31,602.00,917.00,98.00,163.00,1.0,-1,-1,-1
492,32,0.00,0.00,0.00,0.00,1.0,-1,-1,-1
492,33,0.00,0.00,0.00,0.00,1.0,-1,-1,-1
492,34,0.00,0.00,0.00,0.00,1.0,-1,-1,-1
492,35,713.00,769.00,129.00,311.00,1.0,-1,-1,-1
492,36,1856.00,440.00,64.00,167.00,1.0,-1,-1,-1
492,37,1543.00,303.00,52.00,164.00,1.0,-1,-1,-1
492,38,0.00,0.00,0.00,0.00,1.0,-1,-1,-1
492,39,0.00,0.00,0.00,0.00,1.0,-1,-1,-1
492,40,914.00,778.00,97.00,302.00,1.0,-1,-1,-1
492,41,0.00,0.00,0.00,0.00,1.0,-1,-1,-1
492,42,1540.00,497.00,78.00,270.00,1.0,-1,-1,-1
492,43,1483.00,384.00,81.00,218.00,1.0,-1,-1,-1
492,44,1019.00,377.00,73.00,159.00,1.0,-1,-1,-1
492,45,1784.00,524.00,136.00,273.00,1.0,-1,-1,-1
492,46,823.00,407.00,78.00,218.00,1.0,-1,-1,-1
492,47,585.00,791.00,139.00,151.00,1.0,-1,-1,-1
492,48,1291.00,406.00,68.00,215.00,1.0,-1,-1,-1
492,49,1118.00,456.00,69.00,216.00,1.0,-1,-1,-1
492,50,1196.00,442.00,86.00,220.00,1.0,-1,-1,-1
493,0,1165.00,698.00,197.00,311.00,1.0,-1,-1,-1
493,1,0.00,0.00,0.00,0.00,1.0,-1,-1,-1
493,2,0.00,0.00,0.00,0.00,1.0,-1,-1,-1
493,3,0.00,0.00,0.00,0.00,1.0,-1,-1,-1
493,4,0.00,0.00,0.00,0.00,1.0,-1,-1,-1
493,5,0.00,0.00,0.00,0.00,1.0,-1,-1,-1
493,6,0.00,0.00,0.00,0.00,1.0,-1,-1,-1
493,7,0.00,0.00,0.00,0.00,1.0,-1,-1,-1
493,8,0.00,0.00,0.00,0.00,1.0,-1,-1,-1
493,9,0.00,0.00,0.00,0.00,1.0,-1,-1,-1
493,10,1050.00,486.00,67.00,189.00,1.0,-1,-1,-1
493,11,0.00,0.00,0.00,0.00,1.0,-1,-1,-1
493,12,0.00,0.00,0.00,0.00,1.0,-1,-1,-1
493,13,0.00,0.00,0.00,0.00,1.0,-1,-1,-1
493,14,0.00,0.00,0.00,0.00,1.0,-1,-1,-1
493,15,0.00,0.00,0.00,0.00,1.0,-1,-1,-1
493,16,0.00,0.00,0.00,0.00,1.0,-1,-1,-1
493,17,0.00,0.00,0.00,0.00,1.0,-1,-1,-1
493,18,0.00,0.00,0.00,0.00,1.0,-1,-1,-1
493,19,1023.00,486.00,98.00,224.00,1.0,-1,-1,-1
493,20,0.00,0.00,0.00,0.00,1.0,-1,-1,-1
493,21,0.00,0.00,0.00,0.00,1.0,-1,-1,-1
493,22,0.00,0.00,0.00,0.00,1.0,-1,-1,-1
493,23,0.00,0.00,0.00,0.00,1.0,-1,-1,-1
493,24,0.00,0.00,0.00,0.00,1.0,-1,-1,-1
493,25,0.00,0.00,0.00,0.00,1.0,-1,-1,-1
493,26,0.00,0.00,0.00,0.00,1.0,-1,-1,-1
493,27,0.00,0.00,0.00,0.00,1.0,-1,-1,-1
493,28,0.00,0.00,0.00,0.00,1.0,-1,-1,-1
493,29,0.00,0.00,0.00,0.00,1.0,-1,-1,-1
493,30,0.00,0.00,0.00,0.00,1.0,-1,-1,-1
493,31,605.00,918.00,97.00,162.00,1.0,-1,-1,-1
493,32,0.00,0.00,0.00,0.00,1.0,-1,-1,-1
493,33,0.00,0.00,0.00,0.00,1.0,-1,-1,-1
493,34,0.00,0.00,0.00,0.00,1.0,-1,-1,-1
493,35,712.00,771.00,131.00,309.00,1.0,-1,-1,-1
493,36,1856.00,442.00,64.00,155.00,1.0,-1,-1,-1
493,37,1545.00,303.00,52.00,164.00,1.0,-1,-1,-1
493,38,0.00,0.00,0.00,0.00,1.0,-1,-1,-1
493,39,0.00,0.00,0.00,0.00,1.0,-1,-1,-1
493,40,914.00,780.00,98.00,300.00,1.0,-1,-1,-1
493,41,0.00,0.00,0.00,0.00,1.0,-1,-1,-1
493,42,1550.00,495.00,76.00,271.00,1.0,-1,-1,-1
493,43,1483.00,385.00,82.00,216.00,1.0,-1,-1,-1
493,44,1020.00,377.00,74.00,155.00,1.0,-1,-1,-1
493,45,1793.00,525.00,127.00,271.00,1.0,-1,-1,-1
493,46,823.00,411.00,80.00,216.00,1.0,-1,-1,-1
493,47,585.00,793.00,142.00,156.00,1.0,-1,-1,-1
493,48,1292.00,407.00,69.00,213.00,1.0,-1,-1,-1
493,49,1120.00,457.00,70.00,216.00,1.0,-1,-1,-1
493,50,1200.00,442.00,86.00,219.00,1.0,-1,-1,-1
494,0,1163.00,698.00,199.00,311.00,1.0,-1,-1,-1
494,1,0.00,0.00,0.00,0.00,1.0,-1,-1,-1
494,2,0.00,0.00,0.00,0.00,1.0,-1,-1,-1
494,3,0.00,0.00,0.00,0.00,1.0,-1,-1,-1
494,4,0.00,0.00,0.00,0.00,1.0,-1,-1,-1
494,5,0.00,0.00,0.00,0.00,1.0,-1,-1,-1
494,6,0.00,0.00,0.00,0.00,1.0,-1,-1,-1
494,7,0.00,0.00,0.00,0.00,1.0,-1,-1,-1
494,8,0.00,0.00,0.00,0.00,1.0,-1,-1,-1
494,9,0.00,0.00,0.00,0.00,1.0,-1,-1,-1
494,10,1048.00,484.00,69.00,196.00,1.0,-1,-1,-1
494,11,0.00,0.00,0.00,0.00,1.0,-1,-1,-1
494,12,0.00,0.00,0.00,0.00,1.0,-1,-1,-1
494,13,0.00,0.00,0.00,0.00,1.0,-1,-1,-1
494,14,0.00,0.00,0.00,0.00,1.0,-1,-1,-1
494,15,0.00,0.00,0.00,0.00,1.0,-1,-1,-1
494,16,0.00,0.00,0.00,0.00,1.0,-1,-1,-1
494,17,0.00,0.00,0.00,0.00,1.0,-1,-1,-1
494,18,0.00,0.00,0.00,0.00,1.0,-1,-1,-1
494,19,1021.00,485.00,94.00,225.00,1.0,-1,-1,-1
494,20,0.00,0.00,0.00,0.00,1.0,-1,-1,-1
494,21,0.00,0.00,0.00,0.00,1.0,-1,-1,-1
494,22,0.00,0.00,0.00,0.00,1.0,-1,-1,-1
494,23,0.00,0.00,0.00,0.00,1.0,-1,-1,-1
494,24,0.00,0.00,0.00,0.00,1.0,-1,-1,-1
494,25,0.00,0.00,0.00,0.00,1.0,-1,-1,-1
494,26,0.00,0.00,0.00,0.00,1.0,-1,-1,-1
494,27,0.00,0.00,0.00,0.00,1.0,-1,-1,-1
494,28,0.00,0.00,0.00,0.00,1.0,-1,-1,-1
494,29,0.00,0.00,0.00,0.00,1.0,-1,-1,-1
494,30,0.00,0.00,0.00,0.00,1.0,-1,-1,-1
494,31,605.00,917.00,97.00,163.00,1.0,-1,-1,-1
494,32,0.00,0.00,0.00,0.00,1.0,-1,-1,-1
494,33,0.00,0.00,0.00,0.00,1.0,-1,-1,-1
494,34,0.00,0.00,0.00,0.00,1.0,-1,-1,-1
494,35,712.00,771.00,130.00,309.00,1.0,-1,-1,-1
494,36,1856.00,443.00,64.00,148.00,1.0,-1,-1,-1
494,37,1547.00,301.00,51.00,166.00,1.0,-1,-1,-1
494,38,0.00,0.00,0.00,0.00,1.0,-1,-1,-1
494,39,0.00,0.00,0.00,0.00,1.0,-1,-1,-1
494,40,911.00,782.00,98.00,298.00,1.0,-1,-1,-1
494,41,0.00,0.00,0.00,0.00,1.0,-1,-1,-1
494,42,1554.00,494.00,79.00,272.00,1.0,-1,-1,-1
494,43,1484.00,386.00,82.00,218.00,1.0,-1,-1,-1
494,44,1020.00,381.00,75.00,146.00,1.0,-1,-1,-1
494,45,1804.00,524.00,116.00,271.00,1.0,-1,-1,-1
494,46,823.00,411.00,81.00,216.00,1.0,-1,-1,-1
494,47,581.00,793.00,144.00,157.00,1.0,-1,-1,-1
494,48,1295.00,407.00,68.00,213.00,1.0,-1,-1,-1
494,49,1121.00,455.00,70.00,216.00,1.0,-1,-1,-1
494,50,1200.00,440.00,87.00,220.00,1.0,-1,-1,-1
495,0,1163.00,700.00,198.00,307.00,1.0,-1,-1,-1
495,1,0.00,0.00,0.00,0.00,1.0,-1,-1,-1
495,2,0.00,0.00,0.00,0.00,1.0,-1,-1,-1
495,3,0.00,0.00,0.00,0.00,1.0,-1,-1,-1
495,4,0.00,0.00,0.00,0.00,1.0,-1,-1,-1
495,5,0.00,0.00,0.00,0.00,1.0,-1,-1,-1
495,6,0.00,0.00,0.00,0.00,1.0,-1,-1,-1
495,7,0.00,0.00,0.00,0.00,1.0,-1,-1,-1
495,8,0.00,0.00,0.00,0.00,1.0,-1,-1,-1
495,9,0.00,0.00,0.00,0.00,1.0,-1,-1,-1
495,10,1041.00,485.00,74.00,203.00,1.0,-1,-1,-1
495,11,0.00,0.00,0.00,0.00,1.0,-1,-1,-1
495,12,0.00,0.00,0.00,0.00,1.0,-1,-1,-1
495,13,0.00,0.00,0.00,0.00,1.0,-1,-1,-1
495,14,0.00,0.00,0.00,0.00,1.0,-1,-1,-1
495,15,0.00,0.00,0.00,0.00,1.0,-1,-1,-1
495,16,0.00,0.00,0.00,0.00,1.0,-1,-1,-1
495,17,0.00,0.00,0.00,0.00,1.0,-1,-1,-1
495,18,0.00,0.00,0.00,0.00,1.0,-1,-1,-1
495,19,1018.00,485.00,94.00,221.00,1.0,-1,-1,-1
495,20,0.00,0.00,0.00,0.00,1.0,-1,-1,-1
495,21,0.00,0.00,0.00,0.00,1.0,-1,-1,-1
495,22,0.00,0.00,0.00,0.00,1.0,-1,-1,-1
495,23,0.00,0.00,0.00,0.00,1.0,-1,-1,-1
495,24,0.00,0.00,0.00,0.00,1.0,-1,-1,-1
495,25,0.00,0.00,0.00,0.00,1.0,-1,-1,-1
495,26,0.00,0.00,0.00,0.00,1.0,-1,-1,-1
495,27,0.00,0.00,0.00,0.00,1.0,-1,-1,-1
495,28,0.00,0.00,0.00,0.00,1.0,-1,-1,-1
495,29,0.00,0.00,0.00,0.00,1.0,-1,-1,-1
495,30,0.00,0.00,0.00,0.00,1.0,-1,-1,-1
495,31,603.00,920.00,98.00,160.00,1.0,-1,-1,-1
495,32,0.00,0.00,0.00,0.00,1.0,-1,-1,-1
495,33,0.00,0.00,0.00,0.00,1.0,-1,-1,-1
495,34,0.00,0.00,0.00,0.00,1.0,-1,-1,-1
495,35,709.00,772.00,130.00,308.00,1.0,-1,-1,-1
495,36,1855.00,445.00,65.00,139.00,1.0,-1,-1,-1
495,37,1547.00,301.00,51.00,166.00,1.0,-1,-1,-1
495,38,0.00,0.00,0.00,0.00,1.0,-1,-1,-1
495,39,0.00,0.00,0.00,0.00,1.0,-1,-1,-1
495,40,908.00,783.00,99.00,297.00,1.0,-1,-1,-1
495,41,0.00,0.00,0.00,0.00,1.0,-1,-1,-1
495,42,1556.00,493.00,88.00,276.00,1.0,-1,-1,-1
495,43,1484.00,388.00,81.00,218.00,1.0,-1,-1,-1
495,44,1019.00,371.00,77.00,143.00,1.0,-1,-1,-1
495,45,1813.00,524.00,107.00,271.00,1.0,-1,-1,-1
495,46,822.00,413.00,81.00,215.00,1.0,-1,-1,-1
495,47,580.00,795.00,147.00,160.00,1.0,-1,-1,-1
495,48,1295.00,411.00,69.00,211.00,1.0,-1,-1,-1
495,49,1122.00,455.00,72.00,216.00,1.0,-1,-1,-1
495,50,1200.00,439.00,89.00,222.00,1.0,-1,-1,-1
496,0,1163.00,700.00,198.00,305.00,1.0,-1,-1,-1
496,1,0.00,0.00,0.00,0.00,1.0,-1,-1,-1
496,2,0.00,0.00,0.00,0.00,1.0,-1,-1,-1
496,3,0.00,0.00,0.00,0.00,1.0,-1,-1,-1
496,4,0.00,0.00,0.00,0.00,1.0,-1,-1,-1
496,5,0.00,0.00,0.00,0.00,1.0,-1,-1,-1
496,6,0.00,0.00,0.00,0.00,1.0,-1,-1,-1
496,7,0.00,0.00,0.00,0.00,1.0,-1,-1,-1
496,8,0.00,0.00,0.00,0.00,1.0,-1,-1,-1
496,9,0.00,0.00,0.00,0.00,1.0,-1,-1,-1
496,10,1038.00,484.00,74.00,208.00,1.0,-1,-1,-1
496,11,0.00,0.00,0.00,0.00,1.0,-1,-1,-1
496,12,0.00,0.00,0.00,0.00,1.0,-1,-1,-1
496,13,0.00,0.00,0.00,0.00,1.0,-1,-1,-1
496,14,0.00,0.00,0.00,0.00,1.0,-1,-1,-1
496,15,0.00,0.00,0.00,0.00,1.0,-1,-1,-1
496,16,0.00,0.00,0.00,0.00,1.0,-1,-1,-1
496,17,0.00,0.00,0.00,0.00,1.0,-1,-1,-1
496,18,0.00,0.00,0.00,0.00,1.0,-1,-1,-1
496,19,1018.00,485.00,87.00,223.00,1.0,-1,-1,-1
496,20,0.00,0.00,0.00,0.00,1.0,-1,-1,-1
496,21,0.00,0.00,0.00,0.00,1.0,-1,-1,-1
496,22,0.00,0.00,0.00,0.00,1.0,-1,-1,-1
496,23,0.00,0.00,0.00,0.00,1.0,-1,-1,-1
496,24,0.00,0.00,0.00,0.00,1.0,-1,-1,-1
496,25,0.00,0.00,0.00,0.00,1.0,-1,-1,-1
496,26,0.00,0.00,0.00,0.00,1.0,-1,-1,-1
496,27,0.00,0.00,0.00,0.00,1.0,-1,-1,-1
496,28,0.00,0.00,0.00,0.00,1.0,-1,-1,-1
496,29,0.00,0.00,0.00,0.00,1.0,-1,-1,-1
496,30,0.00,0.00,0.00,0.00,1.0,-1,-1,-1
496,31,602.00,919.00,100.00,161.00,1.0,-1,-1,-1
496,32,0.00,0.00,0.00,0.00,1.0,-1,-1,-1
496,33,0.00,0.00,0.00,0.00,1.0,-1,-1,-1
496,34,0.00,0.00,0.00,0.00,1.0,-1,-1,-1
496,35,710.00,775.00,126.00,305.00,1.0,-1,-1,-1
496,36,1853.00,445.00,67.00,224.00,1.0,-1,-1,-1
496,37,1547.00,300.00,51.00,166.00,1.0,-1,-1,-1
496,38,0.00,0.00,0.00,0.00,1.0,-1,-1,-1
496,39,0.00,0.00,0.00,0.00,1.0,-1,-1,-1
496,40,905.00,786.00,101.00,294.00,1.0,-1,-1,-1
496,41,0.00,0.00,0.00,0.00,1.0,-1,-1,-1
496,42,1555.00,493.00,101.00,277.00,1.0,-1,-1,-1
496,43,1485.00,389.00,80.00,219.00,1.0,-1,-1,-1
496,44,1021.00,368.00,75.00,146.00,1.0,-1,-1,-1
496,45,1830.00,523.00,90.00,273.00,1.0,-1,-1,-1
496,46,822.00,412.00,80.00,216.00,1.0,-1,-1,-1
496,47,579.00,795.00,148.00,166.00,1.0,-1,-1,-1
496,48,1297.00,413.00,67.00,210.00,1.0,-1,-1,-1
496,49,1124.00,454.00,69.00,217.00,1.0,-1,-1,-1
496,50,1201.00,438.00,90.00,225.00,1.0,-1,-1,-1
497,0,1163.00,700.00,198.00,307.00,1.0,-1,-1,-1
497,1,0.00,0.00,0.00,0.00,1.0,-1,-1,-1
497,2,0.00,0.00,0.00,0.00,1.0,-1,-1,-1
497,3,0.00,0.00,0.00,0.00,1.0,-1,-1,-1
497,4,0.00,0.00,0.00,0.00,1.0,-1,-1,-1
497,5,0.00,0.00,0.00,0.00,1.0,-1,-1,-1
497,6,0.00,0.00,0.00,0.00,1.0,-1,-1,-1
497,7,0.00,0.00,0.00,0.00,1.0,-1,-1,-1
497,8,0.00,0.00,0.00,0.00,1.0,-1,-1,-1
497,9,0.00,0.00,0.00,0.00,1.0,-1,-1,-1
497,10,1038.00,484.00,73.00,207.00,1.0,-1,-1,-1
497,11,0.00,0.00,0.00,0.00,1.0,-1,-1,-1
497,12,0.00,0.00,0.00,0.00,1.0,-1,-1,-1
497,13,0.00,0.00,0.00,0.00,1.0,-1,-1,-1
497,14,0.00,0.00,0.00,0.00,1.0,-1,-1,-1
497,15,0.00,0.00,0.00,0.00,1.0,-1,-1,-1
497,16,0.00,0.00,0.00,0.00,1.0,-1,-1,-1
497,17,0.00,0.00,0.00,0.00,1.0,-1,-1,-1
497,18,0.00,0.00,0.00,0.00,1.0,-1,-1,-1
497,19,1018.00,484.00,87.00,224.00,1.0,-1,-1,-1
497,20,0.00,0.00,0.00,0.00,1.0,-1,-1,-1
497,21,0.00,0.00,0.00,0.00,1.0,-1,-1,-1
497,22,0.00,0.00,0.00,0.00,1.0,-1,-1,-1
497,23,0.00,0.00,0.00,0.00,1.0,-1,-1,-1
497,24,0.00,0.00,0.00,0.00,1.0,-1,-1,-1
497,25,0.00,0.00,0.00,0.00,1.0,-1,-1,-1
497,26,0.00,0.00,0.00,0.00,1.0,-1,-1,-1
497,27,0.00,0.00,0.00,0.00,1.0,-1,-1,-1
497,28,0.00,0.00,0.00,0.00,1.0,-1,-1,-1
497,29,0.00,0.00,0.00,0.00,1.0,-1,-1,-1
497,30,0.00,0.00,0.00,0.00,1.0,-1,-1,-1
497,31,603.00,919.00,101.00,161.00,1.0,-1,-1,-1
497,32,0.00,0.00,0.00,0.00,1.0,-1,-1,-1
497,33,0.00,0.00,0.00,0.00,1.0,-1,-1,-1
497,34,0.00,0.00,0.00,0.00,1.0,-1,-1,-1
497,35,708.00,776.00,126.00,304.00,1.0,-1,-1,-1
497,36,1853.00,446.00,67.00,94.00,1.0,-1,-1,-1
497,37,1548.00,301.00,51.00,165.00,1.0,-1,-1,-1
497,38,0.00,0.00,0.00,0.00,1.0,-1,-1,-1
497,39,0.00,0.00,0.00,0.00,1.0,-1,-1,-1
497,40,903.00,789.00,101.00,291.00,1.0,-1,-1,-1
497,41,0.00,0.00,0.00,0.00,1.0,-1,-1,-1
497,42,1555.00,493.00,117.00,277.00,1.0,-1,-1,-1
497,43,1487.00,391.00,78.00,218.00,1.0,-1,-1,-1
497,44,1021.00,367.00,75.00,147.00,1.0,-1,-1,-1
497,45,1846.00,524.00,74.00,273.00,1.0,-1,-1,-1
497,46,822.00,413.00,81.00,215.00,1.0,-1,-1,-1
497,47,577.00,796.00,149.00,167.00,1.0,-1,-1,-1
497,48,1300.00,414.00,65.00,209.00,1.0,-1,-1,-1
497,49,1126.00,454.00,69.00,217.00,1.0,-1,-1,-1
497,50,1202.00,439.00,89.00,226.00,1.0,-1,-1,-1
498,0,1165.00,701.00,197.00,308.00,1.0,-1,-1,-1
498,1,0.00,0.00,0.00,0.00,1.0,-1,-1,-1
498,2,0.00,0.00,0.00,0.00,1.0,-1,-1,-1
498,3,0.00,0.00,0.00,0.00,1.0,-1,-1,-1
498,4,0.00,0.00,0.00,0.00,1.0,-1,-1,-1
498,5,0.00,0.00,0.00,0.00,1.0,-1,-1,-1
498,6,0.00,0.00,0.00,0.00,1.0,-1,-1,-1
498,7,0.00,0.00,0.00,0.00,1.0,-1,-1,-1
498,8,1857.00,525.00,63.00,279.00,1.0,-1,-1,-1
498,9,0.00,0.00,0.00,0.00,1.0,-1,-1,-1
498,10,1038.00,484.00,74.00,202.00,1.0,-1,-1,-1
498,11,0.00,0.00,0.00,0.00,1.0,-1,-1,-1
498,12,0.00,0.00,0.00,0.00,1.0,-1,-1,-1
498,13,0.00,0.00,0.00,0.00,1.0,-1,-1,-1
498,14,0.00,0.00,0.00,0.00,1.0,-1,-1,-1
498,15,0.00,0.00,0.00,0.00,1.0,-1,-1,-1
498,16,0.00,0.00,0.00,0.00,1.0,-1,-1,-1
498,17,0.00,0.00,0.00,0.00,1.0,-1,-1,-1
498,18,0.00,0.00,0.00,0.00,1.0,-1,-1,-1
498,19,1019.00,485.00,86.00,222.00,1.0,-1,-1,-1
498,20,0.00,0.00,0.00,0.00,1.0,-1,-1,-1
498,21,0.00,0.00,0.00,0.00,1.0,-1,-1,-1
498,22,0.00,0.00,0.00,0.00,1.0,-1,-1,-1
498,23,0.00,0.00,0.00,0.00,1.0,-1,-1,-1
498,24,0.00,0.00,0.00,0.00,1.0,-1,-1,-1
498,25,0.00,0.00,0.00,0.00,1.0,-1,-1,-1
498,26,0.00,0.00,0.00,0.00,1.0,-1,-1,-1
498,27,0.00,0.00,0.00,0.00,1.0,-1,-1,-1
498,28,0.00,0.00,0.00,0.00,1.0,-1,-1,-1
498,29,0.00,0.00,0.00,0.00,1.0,-1,-1,-1
498,30,0.00,0.00,0.00,0.00,1.0,-1,-1,-1
498,31,604.00,919.00,101.00,161.00,1.0,-1,-1,-1
498,32,0.00,0.00,0.00,0.00,1.0,-1,-1,-1
498,33,0.00,0.00,0.00,0.00,1.0,-1,-1,-1
498,34,0.00,0.00,0.00,0.00,1.0,-1,-1,-1
498,35,707.00,778.00,126.00,302.00,1.0,-1,-1,-1
498,36,1851.00,446.00,69.00,124.00,1.0,-1,-1,-1
498,37,1550.00,300.00,50.00,169.00,1.0,-1,-1,-1
498,38,0.00,0.00,0.00,0.00,1.0,-1,-1,-1
498,39,0.00,0.00,0.00,0.00,1.0,-1,-1,-1
498,40,902.00,791.00,100.00,289.00,1.0,-1,-1,-1
498,41,0.00,0.00,0.00,0.00,1.0,-1,-1,-1
498,42,1559.00,495.00,123.00,278.00,1.0,-1,-1,-1
498,43,1490.00,392.00,77.00,219.00,1.0,-1,-1,-1
498,44,1023.00,367.00,75.00,149.00,1.0,-1,-1,-1
498,45,1857.00,526.00,63.00,277.00,1.0,-1,-1,-1
498,46,823.00,412.00,80.00,216.00,1.0,-1,-1,-1
498,47,577.00,796.00,147.00,167.00,1.0,-1,-1,-1
498,48,1301.00,414.00,66.00,210.00,1.0,-1,-1,-1
498,49,1129.00,453.00,66.00,219.00,1.0,-1,-1,-1
498,50,1205.00,441.00,85.00,226.00,1.0,-1,-1,-1
499,0,1166.00,701.00,197.00,311.00,1.0,-1,-1,-1
499,1,0.00,0.00,0.00,0.00,1.0,-1,-1,-1
499,2,0.00,0.00,0.00,0.00,1.0,-1,-1,-1
499,3,0.00,0.00,0.00,0.00,1.0,-1,-1,-1
499,4,0.00,0.00,0.00,0.00,1.0,-1,-1,-1
499,5,0.00,0.00,0.00,0.00,1.0,-1,-1,-1
499,6,0.00,0.00,0.00,0.00,1.0,-1,-1,-1
499,7,0.00,0.00,0.00,0.00,1.0,-1,-1,-1
499,8,1862.00,524.00,58.00,283.00,1.0,-1,-1,-1
499,9,0.00,0.00,0.00,0.00,1.0,-1,-1,-1
499,10,1039.00,483.00,71.00,203.00,1.0,-1,-1,-1
499,11,0.00,0.00,0.00,0.00,1.0,-1,-1,-1
499,12,0.00,0.00,0.00,0.00,1.0,-1,-1,-1
499,13,0.00,0.00,0.00,0.00,1.0,-1,-1,-1
499,14,0.00,0.00,0.00,0.00,1.0,-1,-1,-1
499,15,0.00,0.00,0.00,0.00,1.0,-1,-1,-1
499,16,0.00,0.00,0.00,0.00,1.0,-1,-1,-1
499,17,0.00,0.00,0.00,0.00,1.0,-1,-1,-1
499,18,0.00,0.00,0.00,0.00,1.0,-1,-1,-1
499,19,1019.00,483.00,86.00,224.00,1.0,-1,-1,-1
499,20,0.00,0.00,0.00,0.00,1.0,-1,-1,-1
499,21,0.00,0.00,0.00,0.00,1.0,-1,-1,-1
499,22,0.00,0.00,0.00,0.00,1.0,-1,-1,-1
499,23,0.00,0.00,0.00,0.00,1.0,-1,-1,-1
499,24,0.00,0.00,0.00,0.00,1.0,-1,-1,-1
499,25,0.00,0.00,0.00,0.00,1.0,-1,-1,-1
499,26,0.00,0.00,0.00,0.00,1.0,-1,-1,-1
499,27,0.00,0.00,0.00,0.00,1.0,-1,-1,-1
499,28,0.00,0.00,0.00,0.00,1.0,-1,-1,-1
499,29,0.00,0.00,0.00,0.00,1.0,-1,-1,-1
499,30,0.00,0.00,0.00,0.00,1.0,-1,-1,-1
499,31,606.00,918.00,102.00,162.00,1.0,-1,-1,-1
499,32,0.00,0.00,0.00,0.00,1.0,-1,-1,-1
499,33,0.00,0.00,0.00,0.00,1.0,-1,-1,-1
499,34,0.00,0.00,0.00,0.00,1.0,-1,-1,-1
499,35,707.00,779.00,125.00,301.00,1.0,-1,-1,-1
499,36,1849.00,446.00,71.00,154.00,1.0,-1,-1,-1
499,37,1551.00,299.00,51.00,167.00,1.0,-1,-1,-1
499,38,0.00,0.00,0.00,0.00,1.0,-1,-1,-1
499,39,0.00,0.00,0.00,0.00,1.0,-1,-1,-1
499,40,901.00,792.00,101.00,288.00,1.0,-1,-1,-1
499,41,0.00,0.00,0.00,0.00,1.0,-1,-1,-1
499,42,1564.00,495.00,127.00,276.00,1.0,-1,-1,-1
499,43,1492.00,392.00,77.00,222.00,1.0,-1,-1,-1
499,44,1022.00,367.00,77.00,149.00,1.0,-1,-1,-1
499,45,1862.00,525.00,58.00,281.00,1.0,-1,-1,-1
499,46,824.00,412.00,80.00,216.00,1.0,-1,-1,-1
499,47,578.00,796.00,134.00,168.00,1.0,-1,-1,-1
499,48,1305.00,414.00,63.00,211.00,1.0,-1,-1,-1
499,49,1131.00,454.00,65.00,217.00,1.0,-1,-1,-1
499,50,1206.00,443.00,90.00,224.00,1.0,-1,-1,-1
500,0,1169.00,701.00,196.00,311.00,1.0,-1,-1,-1
500,1,0.00,0.00,0.00,0.00,1.0,-1,-1,-1
500,2,0.00,0.00,0.00,0.00,1.0,-1,-1,-1
500,3,0.00,0.00,0.00,0.00,1.0,-1,-1,-1
500,4,0.00,0.00,0.00,0.00,1.0,-1,-1,-1
500,5,0.00,0.00,0.00,0.00,1.0,-1,-1,-1
500,6,0.00,0.00,0.00,0.00,1.0,-1,-1,-1
500,7,0.00,0.00,0.00,0.00,1.0,-1,-1,-1
500,8,1864.00,523.00,56.00,276.00,1.0,-1,-1,-1
500,9,0.00,0.00,0.00,0.00,1.0,-1,-1,-1
500,10,1045.00,482.00,66.00,204.00,1.0,-1,-1,-1
500,11,0.00,0.00,0.00,0.00,1.0,-1,-1,-1
500,12,0.00,0.00,0.00,0.00,1.0,-1,-1,-1
500,13,0.00,0.00,0.00,0.00,1.0,-1,-1,-1
500,14,0.00,0.00,0.00,0.00,1.0,-1,-1,-1
500,15,0.00,0.00,0.00,0.00,1.0,-1,-1,-1
500,16,0.00,0.00,0.00,0.00,1.0,-1,-1,-1
500,17,0.00,0.00,0.00,0.00,1.0,-1,-1,-1
500,18,0.00,0.00,0.00,0.00,1.0,-1,-1,-1
500,19,1019.00,482.00,88.00,222.00,1.0,-1,-1,-1
500,20,0.00,0.00,0.00,0.00,1.0,-1,-1,-1
500,21,0.00,0.00,0.00,0.00,1.0,-1,-1,-1
500,22,0.00,0.00,0.00,0.00,1.0,-1,-1,-1
500,23,0.00,0.00,0.00,0.00,1.0,-1,-1,-1
500,24,0.00,0.00,0.00,0.00,1.0,-1,-1,-1
500,25,0.00,0.00,0.00,0.00,1.0,-1,-1,-1
500,26,0.00,0.00,0.00,0.00,1.0,-1,-1,-1
500,27,0.00,0.00,0.00,0.00,1.0,-1,-1,-1
500,28,0.00,0.00,0.00,0.00,1.0,-1,-1,-1
500,29,0.00,0.00,0.00,0.00,1.0,-1,-1,-1
500,30,0.00,0.00,0.00,0.00,1.0,-1,-1,-1
500,31,608.00,918.00,105.00,162.00,1.0,-1,-1,-1
500,32,0.00,0.00,0.00,0.00,1.0,-1,-1,-1
500,33,0.00,0.00,0.00,0.00,1.0,-1,-1,-1
500,34,0.00,0.00,0.00,0.00,1.0,-1,-1,-1
500,35,709.00,778.00,122.00,302.00,1.0,-1,-1,-1
500,36,1850.00,445.00,70.00,249.00,1.0,-1,-1,-1
500,37,1553.00,299.00,52.00,166.00,1.0,-1,-1,-1
500,38,0.00,0.00,0.00,0.00,1.0,-1,-1,-1
500,39,0.00,0.00,0.00,0.00,1.0,-1,-1,-1
500,40,899.00,791.00,103.00,289.00,1.0,-1,-1,-1
500,41,0.00,0.00,0.00,0.00,1.0,-1,-1,-1
500,42,1570.00,499.00,131.00,273.00,1.0,-1,-1,-1
500,43,1493.00,391.00,81.00,224.00,1.0,-1,-1,-1
500,44,1022.00,366.00,79.00,151.00,1.0,-1,-1,-1
500,45,1865.00,525.00,55.00,272.00,1.0,-1,-1,-1
500,46,825.00,410.00,81.00,217.00,1.0,-1,-1,-1
500,47,578.00,795.00,134.00,170.00,1.0,-1,-1,-1
500,48,1310.00,415.00,60.00,210.00,1.0,-1,-1,-1
500,49,1135.00,454.00,70.00,217.00,1.0,-1,-1,-1
500,50,1207.00,445.00,90.00,223.00,1.0,-1,-1,-1
501,0,1171.00,701.00,195.00,312.00,1.0,-1,-1,-1
501,1,0.00,0.00,0.00,0.00,1.0,-1,-1,-1
501,2,0.00,0.00,0.00,0.00,1.0,-1,-1,-1
501,3,0.00,0.00,0.00,0.00,1.0,-1,-1,-1
501,4,0.00,0.00,0.00,0.00,1.0,-1,-1,-1
501,5,0.00,0.00,0.00,0.00,1.0,-1,-1,-1
501,6,0.00,0.00,0.00,0.00,1.0,-1,-1,-1
501,7,0.00,0.00,0.00,0.00,1.0,-1,-1,-1
501,8,1866.00,525.00,54.00,271.00,1.0,-1,-1,-1
501,9,0.00,0.00,0.00,0.00,1.0,-1,-1,-1
501,10,1067.00,486.00,43.00,201.00,1.0,-1,-1,-1
501,11,0.00,0.00,0.00,0.00,1.0,-1,-1,-1
501,12,0.00,0.00,0.00,0.00,1.0,-1,-1,-1
501,13,0.00,0.00,0.00,0.00,1.0,-1,-1,-1
501,14,0.00,0.00,0.00,0.00,1.0,-1,-1,-1
501,15,0.00,0.00,0.00,0.00,1.0,-1,-1,-1
501,16,0.00,0.00,0.00,0.00,1.0,-1,-1,-1
501,17,0.00,0.00,0.00,0.00,1.0,-1,-1,-1
501,18,0.00,0.00,0.00,0.00,1.0,-1,-1,-1
501,19,1020.00,481.00,86.00,224.00,1.0,-1,-1,-1
501,20,0.00,0.00,0.00,0.00,1.0,-1,-1,-1
501,21,0.00,0.00,0.00,0.00,1.0,-1,-1,-1
501,22,0.00,0.00,0.00,0.00,1.0,-1,-1,-1
501,23,0.00,0.00,0.00,0.00,1.0,-1,-1,-1
501,24,0.00,0.00,0.00,0.00,1.0,-1,-1,-1
501,25,0.00,0.00,0.00,0.00,1.0,-1,-1,-1
501,26,0.00,0.00,0.00,0.00,1.0,-1,-1,-1
501,27,0.00,0.00,0.00,0.00,1.0,-1,-1,-1
501,28,0.00,0.00,0.00,0.00,1.0,-1,-1,-1
501,29,0.00,0.00,0.00,0.00,1.0,-1,-1,-1
501,30,0.00,0.00,0.00,0.00,1.0,-1,-1,-1
501,31,609.00,917.00,104.00,163.00,1.0,-1,-1,-1
501,32,0.00,0.00,0.00,0.00,1.0,-1,-1,-1
501,33,0.00,0.00,0.00,0.00,1.0,-1,-1,-1
501,34,0.00,0.00,0.00,0.00,1.0,-1,-1,-1
501,35,711.00,777.00,120.00,303.00,1.0,-1,-1,-1
501,36,1840.00,445.00,80.00,251.00,1.0,-1,-1,-1
501,37,1554.00,298.00,51.00,164.00,1.0,-1,-1,-1
501,38,0.00,0.00,0.00,0.00,1.0,-1,-1,-1
501,39,0.00,0.00,0.00,0.00,1.0,-1,-1,-1
501,40,896.00,791.00,106.00,289.00,1.0,-1,-1,-1
501,41,0.00,0.00,0.00,0.00,1.0,-1,-1,-1
501,42,1577.00,500.00,132.00,272.00,1.0,-1,-1,-1
501,43,1496.00,390.00,82.00,226.00,1.0,-1,-1,-1
501,44,1021.00,365.00,82.00,150.00,1.0,-1,-1,-1
501,45,1866.00,525.00,54.00,270.00,1.0,-1,-1,-1
501,46,826.00,410.00,80.00,216.00,1.0,-1,-1,-1
501,47,579.00,795.00,134.00,168.00,1.0,-1,-1,-1
501,48,1312.00,414.00,59.00,212.00,1.0,-1,-1,-1
501,49,1135.00,453.00,71.00,220.00,1.0,-1,-1,-1
501,50,1210.00,445.00,87.00,224.00,1.0,-1,-1,-1
502,0,1171.00,704.00,196.00,313.00,1.0,-1,-1,-1
502,1,0.00,0.00,0.00,0.00,1.0,-1,-1,-1
502,2,0.00,0.00,0.00,0.00,1.0,-1,-1,-1
502,3,0.00,0.00,0.00,0.00,1.0,-1,-1,-1
502,4,0.00,0.00,0.00,0.00,1.0,-1,-1,-1
502,5,0.00,0.00,0.00,0.00,1.0,-1,-1,-1
502,6,0.00,0.00,0.00,0.00,1.0,-1,-1,-1
502,7,0.00,0.00,0.00,0.00,1.0,-1,-1,-1
502,8,1869.00,530.00,51.00,266.00,1.0,-1,-1,-1
502,9,0.00,0.00,0.00,0.00,1.0,-1,-1,-1
502,10,1067.00,485.00,42.00,202.00,1.0,-1,-1,-1
502,11,0.00,0.00,0.00,0.00,1.0,-1,-1,-1
502,12,0.00,0.00,0.00,0.00,1.0,-1,-1,-1
502,13,0.00,0.00,0.00,0.00,1.0,-1,-1,-1
502,14,0.00,0.00,0.00,0.00,1.0,-1,-1,-1
502,15,0.00,0.00,0.00,0.00,1.0,-1,-1,-1
502,16,0.00,0.00,0.00,0.00,1.0,-1,-1,-1
502,17,0.00,0.00,0.00,0.00,1.0,-1,-1,-1
502,18,0.00,0.00,0.00,0.00,1.0,-1,-1,-1
502,19,1020.00,481.00,86.00,226.00,1.0,-1,-1,-1
502,20,0.00,0.00,0.00,0.00,1.0,-1,-1,-1
502,21,0.00,0.00,0.00,0.00,1.0,-1,-1,-1
502,22,0.00,0.00,0.00,0.00,1.0,-1,-1,-1
502,23,0.00,0.00,0.00,0.00,1.0,-1,-1,-1
502,24,0.00,0.00,0.00,0.00,1.0,-1,-1,-1
502,25,0.00,0.00,0.00,0.00,1.0,-1,-1,-1
502,26,0.00,0.00,0.00,0.00,1.0,-1,-1,-1
502,27,0.00,0.00,0.00,0.00,1.0,-1,-1,-1
502,28,0.00,0.00,0.00,0.00,1.0,-1,-1,-1
502,29,0.00,0.00,0.00,0.00,1.0,-1,-1,-1
502,30,0.00,0.00,0.00,0.00,1.0,-1,-1,-1
502,31,610.00,918.00,103.00,162.00,1.0,-1,-1,-1
502,32,0.00,0.00,0.00,0.00,1.0,-1,-1,-1
502,33,0.00,0.00,0.00,0.00,1.0,-1,-1,-1
502,34,0.00,0.00,0.00,0.00,1.0,-1,-1,-1
502,35,709.00,779.00,121.00,301.00,1.0,-1,-1,-1
502,36,1840.00,446.00,80.00,250.00,1.0,-1,-1,-1
502,37,1555.00,298.00,52.00,164.00,1.0,-1,-1,-1
502,38,0.00,0.00,0.00,0.00,1.0,-1,-1,-1
502,39,0.00,0.00,0.00,0.00,1.0,-1,-1,-1
502,40,894.00,791.00,105.00,289.00,1.0,-1,-1,-1
502,41,0.00,0.00,0.00,0.00,1.0,-1,-1,-1
502,42,1586.00,498.00,130.00,277.00,1.0,-1,-1,-1
502,43,1497.00,390.00,135.00,226.00,1.0,-1,-1,-1
502,44,1019.00,366.00,85.00,149.00,1.0,-1,-1,-1
502,45,1869.00,529.00,51.00,267.00,1.0,-1,-1,-1
502,46,826.00,411.00,79.00,214.00,1.0,-1,-1,-1
502,47,579.00,796.00,137.00,168.00,1.0,-1,-1,-1
502,48,1319.00,414.00,51.00,212.00,1.0,-1,-1,-1
502,49,1138.00,456.00,70.00,218.00,1.0,-1,-1,-1
502,50,1210.00,447.00,87.00,222.00,1.0,-1,-1,-1
503,0,1173.00,704.00,196.00,314.00,1.0,-1,-1,-1
503,1,0.00,0.00,0.00,0.00,1.0,-1,-1,-1
503,2,0.00,0.00,0.00,0.00,1.0,-1,-1,-1
503,3,0.00,0.00,0.00,0.00,1.0,-1,-1,-1
503,4,0.00,0.00,0.00,0.00,1.0,-1,-1,-1
503,5,0.00,0.00,0.00,0.00,1.0,-1,-1,-1
503,6,0.00,0.00,0.00,0.00,1.0,-1,-1,-1
503,7,0.00,0.00,0.00,0.00,1.0,-1,-1,-1
503,8,1871.00,561.00,49.00,235.00,1.0,-1,-1,-1
503,9,0.00,0.00,0.00,0.00,1.0,-1,-1,-1
503,10,1053.00,482.00,58.00,204.00,1.0,-1,-1,-1
503,11,0.00,0.00,0.00,0.00,1.0,-1,-1,-1
503,12,0.00,0.00,0.00,0.00,1.0,-1,-1,-1
503,13,0.00,0.00,0.00,0.00,1.0,-1,-1,-1
503,14,0.00,0.00,0.00,0.00,1.0,-1,-1,-1
503,15,0.00,0.00,0.00,0.00,1.0,-1,-1,-1
503,16,0.00,0.00,0.00,0.00,1.0,-1,-1,-1
503,17,0.00,0.00,0.00,0.00,1.0,-1,-1,-1
503,18,0.00,0.00,0.00,0.00,1.0,-1,-1,-1
503,19,1021.00,481.00,85.00,225.00,1.0,-1,-1,-1
503,20,0.00,0.00,0.00,0.00,1.0,-1,-1,-1
503,21,0.00,0.00,0.00,0.00,1.0,-1,-1,-1
503,22,0.00,0.00,0.00,0.00,1.0,-1,-1,-1
503,23,0.00,0.00,0.00,0.00,1.0,-1,-1,-1
503,24,0.00,0.00,0.00,0.00,1.0,-1,-1,-1
503,25,0.00,0.00,0.00,0.00,1.0,-1,-1,-1
503,26,0.00,0.00,0.00,0.00,1.0,-1,-1,-1
503,27,0.00,0.00,0.00,0.00,1.0,-1,-1,-1
503,28,0.00,0.00,0.00,0.00,1.0,-1,-1,-1
503,29,0.00,0.00,0.00,0.00,1.0,-1,-1,-1
503,30,0.00,0.00,0.00,0.00,1.0,-1,-1,-1
503,31,610.00,918.00,103.00,162.00,1.0,-1,-1,-1
503,32,0.00,0.00,0.00,0.00,1.0,-1,-1,-1
503,33,0.00,0.00,0.00,0.00,1.0,-1,-1,-1
503,34,0.00,0.00,0.00,0.00,1.0,-1,-1,-1
503,35,708.00,779.00,124.00,301.00,1.0,-1,-1,-1
503,36,1841.00,444.00,79.00,252.00,1.0,-1,-1,-1
503,37,1556.00,298.00,53.00,162.00,1.0,-1,-1,-1
503,38,0.00,0.00,0.00,0.00,1.0,-1,-1,-1
503,39,0.00,0.00,0.00,0.00,1.0,-1,-1,-1
503,40,892.00,791.00,103.00,289.00,1.0,-1,-1,-1
503,41,0.00,0.00,0.00,0.00,1.0,-1,-1,-1
503,42,1598.00,499.00,119.00,276.00,1.0,-1,-1,-1
503,43,1498.00,389.00,164.00,348.00,1.0,-1,-1,-1
503,44,1018.00,365.00,89.00,153.00,1.0,-1,-1,-1
503,45,1871.00,559.00,49.00,237.00,1.0,-1,-1,-1
503,46,827.00,411.00,81.00,217.00,1.0,-1,-1,-1
503,47,580.00,798.00,139.00,170.00,1.0,-1,-1,-1
503,48,1319.00,414.00,52.00,212.00,1.0,-1,-1,-1
503,49,1141.00,458.00,68.00,217.00,1.0,-1,-1,-1
503,50,1212.00,447.00,86.00,221.00,1.0,-1,-1,-1
504,0,1173.00,704.00,195.00,314.00,1.0,-1,-1,-1
504,1,0.00,0.00,0.00,0.00,1.0,-1,-1,-1
504,2,0.00,0.00,0.00,0.00,1.0,-1,-1,-1
504,3,0.00,0.00,0.00,0.00,1.0,-1,-1,-1
504,4,0.00,0.00,0.00,0.00,1.0,-1,-1,-1
504,5,0.00,0.00,0.00,0.00,1.0,-1,-1,-1
504,6,0.00,0.00,0.00,0.00,1.0,-1,-1,-1
504,7,0.00,0.00,0.00,0.00,1.0,-1,-1,-1
504,8,1877.00,570.00,43.00,226.00,1.0,-1,-1,-1
504,9,0.00,0.00,0.00,0.00,1.0,-1,-1,-1
504,10,1053.00,482.00,57.00,205.00,1.0,-1,-1,-1
504,11,0.00,0.00,0.00,0.00,1.0,-1,-1,-1
504,12,0.00,0.00,0.00,0.00,1.0,-1,-1,-1
504,13,0.00,0.00,0.00,0.00,1.0,-1,-1,-1
504,14,0.00,0.00,0.00,0.00,1.0,-1,-1,-1
504,15,0.00,0.00,0.00,0.00,1.0,-1,-1,-1
504,16,0.00,0.00,0.00,0.00,1.0,-1,-1,-1
504,17,0.00,0.00,0.00,0.00,1.0,-1,-1,-1
504,18,0.00,0.00,0.00,0.00,1.0,-1,-1,-1
504,19,1020.00,480.00,85.00,224.00,1.0,-1,-1,-1
504,20,0.00,0.00,0.00,0.00,1.0,-1,-1,-1
504,21,0.00,0.00,0.00,0.00,1.0,-1,-1,-1
504,22,0.00,0.00,0.00,0.00,1.0,-1,-1,-1
504,23,0.00,0.00,0.00,0.00,1.0,-1,-1,-1
504,24,0.00,0.00,0.00,0.00,1.0,-1,-1,-1
504,25,0.00,0.00,0.00,0.00,1.0,-1,-1,-1
504,26,0.00,0.00,0.00,0.00,1.0,-1,-1,-1
504,27,0.00,0.00,0.00,0.00,1.0,-1,-1,-1
504,28,0.00,0.00,0.00,0.00,1.0,-1,-1,-1
504,29,0.00,0.00,0.00,0.00,1.0,-1,-1,-1
504,30,0.00,0.00,0.00,0.00,1.0,-1,-1,-1
504,31,610.00,919.00,102.00,161.00,1.0,-1,-1,-1
504,32,0.00,0.00,0.00,0.00,1.0,-1,-1,-1
504,33,0.00,0.00,0.00,0.00,1.0,-1,-1,-1
504,34,0.00,0.00,0.00,0.00,1.0,-1,-1,-1
504,35,707.00,780.00,125.00,300.00,1.0,-1,-1,-1
504,36,1842.00,445.00,78.00,251.00,1.0,-1,-1,-1
504,37,1558.00,297.00,52.00,164.00,1.0,-1,-1,-1
504,38,0.00,0.00,0.00,0.00,1.0,-1,-1,-1
504,39,0.00,0.00,0.00,0.00,1.0,-1,-1,-1
504,40,889.00,790.00,102.00,290.00,1.0,-1,-1,-1
504,41,0.00,0.00,0.00,0.00,1.0,-1,-1,-1
504,42,1608.00,498.00,114.00,277.00,1.0,-1,-1,-1
504,43,1498.00,387.00,86.00,231.00,1.0,-1,-1,-1
504,44,1034.00,365.00,74.00,304.00,1.0,-1,-1,-1
504,45,1877.00,591.00,43.00,205.00,1.0,-1,-1,-1
504,46,828.00,412.00,79.00,218.00,1.0,-1,-1,-1
504,47,580.00,799.00,142.00,169.00,1.0,-1,-1,-1
504,48,1322.00,413.00,49.00,213.00,1.0,-1,-1,-1
504,49,1143.00,459.00,66.00,214.00,1.0,-1,-1,-1
504,50,1211.00,446.00,89.00,221.00,1.0,-1,-1,-1
505,0,1173.00,703.00,196.00,315.00,1.0,-1,-1,-1
505,1,0.00,0.00,0.00,0.00,1.0,-1,-1,-1
505,2,0.00,0.00,0.00,0.00,1.0,-1,-1,-1
505,3,0.00,0.00,0.00,0.00,1.0,-1,-1,-1
505,4,0.00,0.00,0.00,0.00,1.0,-1,-1,-1
505,5,0.00,0.00,0.00,0.00,1.0,-1,-1,-1
505,6,0.00,0.00,0.00,0.00,1.0,-1,-1,-1
505,7,0.00,0.00,0.00,0.00,1.0,-1,-1,-1
505,8,1881.00,590.00,39.00,205.00,1.0,-1,-1,-1
505,9,0.00,0.00,0.00,0.00,1.0,-1,-1,-1
505,10,1053.00,478.00,56.00,209.00,1.0,-1,-1,-1
505,11,0.00,0.00,0.00,0.00,1.0,-1,-1,-1
505,12,0.00,0.00,0.00,0.00,1.0,-1,-1,-1
505,13,0.00,0.00,0.00,0.00,1.0,-1,-1,-1
505,14,0.00,0.00,0.00,0.00,1.0,-1,-1,-1
505,15,0.00,0.00,0.00,0.00,1.0,-1,-1,-1
505,16,0.00,0.00,0.00,0.00,1.0,-1,-1,-1
505,17,0.00,0.00,0.00,0.00,1.0,-1,-1,-1
505,18,0.00,0.00,0.00,0.00,1.0,-1,-1,-1
505,19,1019.00,479.00,86.00,226.00,1.0,-1,-1,-1
505,20,0.00,0.00,0.00,0.00,1.0,-1,-1,-1
505,21,0.00,0.00,0.00,0.00,1.0,-1,-1,-1
505,22,0.00,0.00,0.00,0.00,1.0,-1,-1,-1
505,23,0.00,0.00,0.00,0.00,1.0,-1,-1,-1
505,24,0.00,0.00,0.00,0.00,1.0,-1,-1,-1
505,25,0.00,0.00,0.00,0.00,1.0,-1,-1,-1
505,26,0.00,0.00,0.00,0.00,1.0,-1,-1,-1
505,27,0.00,0.00,0.00,0.00,1.0,-1,-1,-1
505,28,0.00,0.00,0.00,0.00,1.0,-1,-1,-1
505,29,0.00,0.00,0.00,0.00,1.0,-1,-1,-1
505,30,0.00,0.00,0.00,0.00,1.0,-1,-1,-1
505,31,610.00,922.00,101.00,158.00,1.0,-1,-1,-1
505,32,0.00,0.00,0.00,0.00,1.0,-1,-1,-1
505,33,0.00,0.00,0.00,0.00,1.0,-1,-1,-1
505,34,0.00,0.00,0.00,0.00,1.0,-1,-1,-1
505,35,706.00,780.00,126.00,300.00,1.0,-1,-1,-1
505,36,1838.00,447.00,82.00,251.00,1.0,-1,-1,-1
505,37,1558.00,297.00,52.00,164.00,1.0,-1,-1,-1
505,38,0.00,0.00,0.00,0.00,1.0,-1,-1,-1
505,39,0.00,0.00,0.00,0.00,1.0,-1,-1,-1
505,40,885.00,791.00,105.00,289.00,1.0,-1,-1,-1
505,41,0.00,0.00,0.00,0.00,1.0,-1,-1,-1
505,42,1623.00,497.00,100.00,278.00,1.0,-1,-1,-1
505,43,1500.00,387.00,86.00,230.00,1.0,-1,-1,-1
505,44,1035.00,365.00,74.00,304.00,1.0,-1,-1,-1
505,45,1880.00,591.00,40.00,204.00,1.0,-1,-1,-1
505,46,826.00,413.00,80.00,219.00,1.0,-1,-1,-1
505,47,580.00,801.00,153.00,167.00,1.0,-1,-1,-1
505,48,1321.00,412.00,50.00,214.00,1.0,-1,-1,-1
505,49,1144.00,461.00,66.00,215.00,1.0,-1,-1,-1
505,50,1212.00,445.00,89.00,221.00,1.0,-1,-1,-1
506,0,1174.00,705.00,196.00,314.00,1.0,-1,-1,-1
506,1,0.00,0.00,0.00,0.00,1.0,-1,-1,-1
506,2,0.00,0.00,0.00,0.00,1.0,-1,-1,-1
506,3,0.00,0.00,0.00,0.00,1.0,-1,-1,-1
506,4,0.00,0.00,0.00,0.00,1.0,-1,-1,-1
506,5,0.00,0.00,0.00,0.00,1.0,-1,-1,-1
506,6,0.00,0.00,0.00,0.00,1.0,-1,-1,-1
506,7,0.00,0.00,0.00,0.00,1.0,-1,-1,-1
506,8,1887.00,735.00,33.00,61.00,1.0,-1,-1,-1
506,9,0.00,0.00,0.00,0.00,1.0,-1,-1,-1
506,10,1052.00,482.00,48.00,206.00,1.0,-1,-1,-1
506,11,0.00,0.00,0.00,0.00,1.0,-1,-1,-1
506,12,0.00,0.00,0.00,0.00,1.0,-1,-1,-1
506,13,0.00,0.00,0.00,0.00,1.0,-1,-1,-1
506,14,0.00,0.00,0.00,0.00,1.0,-1,-1,-1
506,15,0.00,0.00,0.00,0.00,1.0,-1,-1,-1
506,16,0.00,0.00,0.00,0.00,1.0,-1,-1,-1
506,17,0.00,0.00,0.00,0.00,1.0,-1,-1,-1
506,18,0.00,0.00,0.00,0.00,1.0,-1,-1,-1
506,19,1018.00,479.00,88.00,226.00,1.0,-1,-1,-1
506,20,0.00,0.00,0.00,0.00,1.0,-1,-1,-1
506,21,0.00,0.00,0.00,0.00,1.0,-1,-1,-1
506,22,0.00,0.00,0.00,0.00,1.0,-1,-1,-1
506,23,0.00,0.00,0.00,0.00,1.0,-1,-1,-1
506,24,0.00,0.00,0.00,0.00,1.0,-1,-1,-1
506,25,0.00,0.00,0.00,0.00,1.0,-1,-1,-1
506,26,0.00,0.00,0.00,0.00,1.0,-1,-1,-1
506,27,0.00,0.00,0.00,0.00,1.0,-1,-1,-1
506,28,0.00,0.00,0.00,0.00,1.0,-1,-1,-1
506,29,0.00,0.00,0.00,0.00,1.0,-1,-1,-1
506,30,0.00,0.00,0.00,0.00,1.0,-1,-1,-1
506,31,609.00,925.00,102.00,155.00,1.0,-1,-1,-1
506,32,0.00,0.00,0.00,0.00,1.0,-1,-1,-1
506,33,0.00,0.00,0.00,0.00,1.0,-1,-1,-1
506,34,0.00,0.00,0.00,0.00,1.0,-1,-1,-1
506,35,705.00,781.00,129.00,299.00,1.0,-1,-1,-1
506,36,1838.00,449.00,82.00,254.00,1.0,-1,-1,-1
506,37,1559.00,298.00,53.00,164.00,1.0,-1,-1,-1
506,38,0.00,0.00,0.00,0.00,1.0,-1,-1,-1
506,39,0.00,0.00,0.00,0.00,1.0,-1,-1,-1
506,40,884.00,793.00,104.00,287.00,1.0,-1,-1,-1
506,41,0.00,0.00,0.00,0.00,1.0,-1,-1,-1
506,42,1631.00,497.00,92.00,278.00,1.0,-1,-1,-1
506,43,1502.00,388.00,85.00,227.00,1.0,-1,-1,-1
506,44,1038.00,365.00,71.00,304.00,1.0,-1,-1,-1
506,45,1888.00,647.00,32.00,149.00,1.0,-1,-1,-1
506,46,827.00,413.00,80.00,219.00,1.0,-1,-1,-1
506,47,582.00,803.00,157.00,168.00,1.0,-1,-1,-1
506,48,1322.00,411.00,51.00,216.00,1.0,-1,-1,-1
506,49,1146.00,462.00,62.00,216.00,1.0,-1,-1,-1
506,50,1212.00,446.00,91.00,222.00,1.0,-1,-1,-1
507,0,1175.00,705.00,196.00,315.00,1.0,-1,-1,-1
507,1,0.00,0.00,0.00,0.00,1.0,-1,-1,-1
507,2,0.00,0.00,0.00,0.00,1.0,-1,-1,-1
507,3,0.00,0.00,0.00,0.00,1.0,-1,-1,-1
507,4,0.00,0.00,0.00,0.00,1.0,-1,-1,-1
507,5,0.00,0.00,0.00,0.00,1.0,-1,-1,-1
507,6,0.00,0.00,0.00,0.00,1.0,-1,-1,-1
507,7,0.00,0.00,0.00,0.00,1.0,-1,-1,-1
507,8,1902.00,746.00,18.00,49.00,1.0,-1,-1,-1
507,9,0.00,0.00,0.00,0.00,1.0,-1,-1,-1
507,10,1081.00,616.00,21.00,71.00,1.0,-1,-1,-1
507,11,0.00,0.00,0.00,0.00,1.0,-1,-1,-1
507,12,0.00,0.00,0.00,0.00,1.0,-1,-1,-1
507,13,0.00,0.00,0.00,0.00,1.0,-1,-1,-1
507,14,0.00,0.00,0.00,0.00,1.0,-1,-1,-1
507,15,0.00,0.00,0.00,0.00,1.0,-1,-1,-1
507,16,0.00,0.00,0.00,0.00,1.0,-1,-1,-1
507,17,0.00,0.00,0.00,0.00,1.0,-1,-1,-1
507,18,0.00,0.00,0.00,0.00,1.0,-1,-1,-1
507,19,1018.00,477.00,89.00,227.00,1.0,-1,-1,-1
507,20,0.00,0.00,0.00,0.00,1.0,-1,-1,-1
507,21,0.00,0.00,0.00,0.00,1.0,-1,-1,-1
507,22,0.00,0.00,0.00,0.00,1.0,-1,-1,-1
507,23,0.00,0.00,0.00,0.00,1.0,-1,-1,-1
507,24,0.00,0.00,0.00,0.00,1.0,-1,-1,-1
507,25,0.00,0.00,0.00,0.00,1.0,-1,-1,-1
507,26,0.00,0.00,0.00,0.00,1.0,-1,-1,-1
507,27,0.00,0.00,0.00,0.00,1.0,-1,-1,-1
507,28,0.00,0.00,0.00,0.00,1.0,-1,-1,-1
507,29,0.00,0.00,0.00,0.00,1.0,-1,-1,-1
507,30,0.00,0.00,0.00,0.00,1.0,-1,-1,-1
507,31,610.00,927.00,103.00,153.00,1.0,-1,-1,-1
507,32,0.00,0.00,0.00,0.00,1.0,-1,-1,-1
507,33,0.00,0.00,0.00,0.00,1.0,-1,-1,-1
507,34,0.00,0.00,0.00,0.00,1.0,-1,-1,-1
507,35,706.00,782.00,131.00,298.00,1.0,-1,-1,-1
507,36,1838.00,451.00,82.00,255.00,1.0,-1,-1,-1
507,37,1563.00,298.00,51.00,163.00,1.0,-1,-1,-1
507,38,0.00,0.00,0.00,0.00,1.0,-1,-1,-1
507,39,0.00,0.00,0.00,0.00,1.0,-1,-1,-1
507,40,882.00,794.00,107.00,286.00,1.0,-1,-1,-1
507,41,0.00,0.00,0.00,0.00,1.0,-1,-1,-1
507,42,1641.00,496.00,86.00,280.00,1.0,-1,-1,-1
507,43,1505.00,389.00,82.00,228.00,1.0,-1,-1,-1
507,44,1039.00,364.00,72.00,154.00,1.0,-1,-1,-1
507,45,1903.00,746.00,17.00,48.00,1.0,-1,-1,-1
507,46,827.00,415.00,81.00,219.00,1.0,-1,-1,-1
507,47,585.00,805.00,151.00,165.00,1.0,-1,-1,-1
507,48,1324.00,411.00,52.00,217.00,1.0,-1,-1,-1
507,49,1148.00,460.00,63.00,216.00,1.0,-1,-1,-1
507,50,1215.00,445.00,92.00,223.00,1.0,-1,-1,-1
508,0,1173.00,707.00,199.00,312.00,1.0,-1,-1,-1
508,1,0.00,0.00,0.00,0.00,1.0,-1,-1,-1
508,2,0.00,0.00,0.00,0.00,1.0,-1,-1,-1
508,3,0.00,0.00,0.00,0.00,1.0,-1,-1,-1
508,4,0.00,0.00,0.00,0.00,1.0,-1,-1,-1
508,5,0.00,0.00,0.00,0.00,1.0,-1,-1,-1
508,6,0.00,0.00,0.00,0.00,1.0,-1,-1,-1
508,7,0.00,0.00,0.00,0.00,1.0,-1,-1,-1
508,8,0.00,0.00,0.00,0.00,1.0,-1,-1,-1
508,9,0.00,0.00,0.00,0.00,1.0,-1,-1,-1
508,10,1078.00,621.00,24.00,67.00,1.0,-1,-1,-1
508,11,0.00,0.00,0.00,0.00,1.0,-1,-1,-1
508,12,0.00,0.00,0.00,0.00,1.0,-1,-1,-1
508,13,0.00,0.00,0.00,0.00,1.0,-1,-1,-1
508,14,0.00,0.00,0.00,0.00,1.0,-1,-1,-1
508,15,0.00,0.00,0.00,0.00,1.0,-1,-1,-1
508,16,0.00,0.00,0.00,0.00,1.0,-1,-1,-1
508,17,0.00,0.00,0.00,0.00,1.0,-1,-1,-1
508,18,0.00,0.00,0.00,0.00,1.0,-1,-1,-1
508,19,1016.00,477.00,92.00,224.00,1.0,-1,-1,-1
508,20,0.00,0.00,0.00,0.00,1.0,-1,-1,-1
508,21,0.00,0.00,0.00,0.00,1.0,-1,-1,-1
508,22,0.00,0.00,0.00,0.00,1.0,-1,-1,-1
508,23,0.00,0.00,0.00,0.00,1.0,-1,-1,-1
508,24,0.00,0.00,0.00,0.00,1.0,-1,-1,-1
508,25,0.00,0.00,0.00,0.00,1.0,-1,-1,-1
508,26,0.00,0.00,0.00,0.00,1.0,-1,-1,-1
508,27,0.00,0.00,0.00,0.00,1.0,-1,-1,-1
508,28,0.00,0.00,0.00,0.00,1.0,-1,-1,-1
508,29,0.00,0.00,0.00,0.00,1.0,-1,-1,-1
508,30,0.00,0.00,0.00,0.00,1.0,-1,-1,-1
508,31,610.00,929.00,101.00,151.00,1.0,-1,-1,-1
508,32,0.00,0.00,0.00,0.00,1.0,-1,-1,-1
508,33,0.00,0.00,0.00,0.00,1.0,-1,-1,-1
508,34,0.00,0.00,0.00,0.00,1.0,-1,-1,-1
508,35,706.00,785.00,133.00,295.00,1.0,-1,-1,-1
508,36,1839.00,456.00,81.00,258.00,1.0,-1,-1,-1
508,37,1564.00,298.00,50.00,163.00,1.0,-1,-1,-1
508,38,0.00,0.00,0.00,0.00,1.0,-1,-1,-1
508,39,0.00,0.00,0.00,0.00,1.0,-1,-1,-1
508,40,879.00,795.00,107.00,285.00,1.0,-1,-1,-1
508,41,0.00,0.00,0.00,0.00,1.0,-1,-1,-1
508,42,1650.00,498.00,84.00,277.00,1.0,-1,-1,-1
508,43,1501.00,390.00,221.00,313.00,1.0,-1,-1,-1
508,44,1036.00,364.00,75.00,153.00,1.0,-1,-1,-1
508,45,0.00,0.00,0.00,0.00,1.0,-1,-1,-1
508,46,826.00,415.00,82.00,220.00,1.0,-1,-1,-1
508,47,585.00,807.00,151.00,166.00,1.0,-1,-1,-1
508,48,1325.00,412.00,50.00,220.00,1.0,-1,-1,-1
508,49,1148.00,461.00,63.00,217.00,1.0,-1,-1,-1
508,50,1215.00,445.00,94.00,226.00,1.0,-1,-1,-1
509,0,1172.00,706.00,199.00,312.00,1.0,-1,-1,-1
509,1,0.00,0.00,0.00,0.00,1.0,-1,-1,-1
509,2,0.00,0.00,0.00,0.00,1.0,-1,-1,-1
509,3,0.00,0.00,0.00,0.00,1.0,-1,-1,-1
509,4,0.00,0.00,0.00,0.00,1.0,-1,-1,-1
509,5,0.00,0.00,0.00,0.00,1.0,-1,-1,-1
509,6,0.00,0.00,0.00,0.00,1.0,-1,-1,-1
509,7,0.00,0.00,0.00,0.00,1.0,-1,-1,-1
509,8,0.00,0.00,0.00,0.00,1.0,-1,-1,-1
509,9,0.00,0.00,0.00,0.00,1.0,-1,-1,-1
509,10,1060.00,476.00,42.00,211.00,1.0,-1,-1,-1
509,11,0.00,0.00,0.00,0.00,1.0,-1,-1,-1
509,12,0.00,0.00,0.00,0.00,1.0,-1,-1,-1
509,13,0.00,0.00,0.00,0.00,1.0,-1,-1,-1
509,14,0.00,0.00,0.00,0.00,1.0,-1,-1,-1
509,15,0.00,0.00,0.00,0.00,1.0,-1,-1,-1
509,16,0.00,0.00,0.00,0.00,1.0,-1,-1,-1
509,17,0.00,0.00,0.00,0.00,1.0,-1,-1,-1
509,18,0.00,0.00,0.00,0.00,1.0,-1,-1,-1
509,19,1014.00,476.00,93.00,222.00,1.0,-1,-1,-1
509,20,0.00,0.00,0.00,0.00,1.0,-1,-1,-1
509,21,0.00,0.00,0.00,0.00,1.0,-1,-1,-1
509,22,0.00,0.00,0.00,0.00,1.0,-1,-1,-1
509,23,0.00,0.00,0.00,0.00,1.0,-1,-1,-1
509,24,0.00,0.00,0.00,0.00,1.0,-1,-1,-1
509,25,0.00,0.00,0.00,0.00,1.0,-1,-1,-1
509,26,0.00,0.00,0.00,0.00,1.0,-1,-1,-1
509,27,0.00,0.00,0.00,0.00,1.0,-1,-1,-1
509,28,0.00,0.00,0.00,0.00,1.0,-1,-1,-1
509,29,0.00,0.00,0.00,0.00,1.0,-1,-1,-1
509,30,0.00,0.00,0.00,0.00,1.0,-1,-1,-1
509,31,608.00,930.00,102.00,150.00,1.0,-1,-1,-1
509,32,0.00,0.00,0.00,0.00,1.0,-1,-1,-1
509,33,0.00,0.00,0.00,0.00,1.0,-1,-1,-1
509,34,0.00,0.00,0.00,0.00,1.0,-1,-1,-1
509,35,707.00,786.00,133.00,294.00,1.0,-1,-1,-1
509,36,1838.00,457.00,82.00,254.00,1.0,-1,-1,-1
509,37,1563.00,298.00,51.00,162.00,1.0,-1,-1,-1
509,38,0.00,0.00,0.00,0.00,1.0,-1,-1,-1
509,39,0.00,0.00,0.00,0.00,1.0,-1,-1,-1
509,40,877.00,798.00,107.00,282.00,1.0,-1,-1,-1
509,41,0.00,0.00,0.00,0.00,1.0,-1,-1,-1
509,42,1655.00,498.00,86.00,276.00,1.0,-1,-1,-1
509,43,1503.00,391.00,83.00,227.00,1.0,-1,-1,-1
509,44,1039.00,363.00,72.00,289.00,1.0,-1,-1,-1
509,45,0.00,0.00,0.00,0.00,1.0,-1,-1,-1
509,46,825.00,416.00,79.00,219.00,1.0,-1,-1,-1
509,47,585.00,807.00,164.00,161.00,1.0,-1,-1,-1
509,48,1327.00,411.00,48.00,221.00,1.0,-1,-1,-1
509,49,1148.00,460.00,63.00,217.00,1.0,-1,-1,-1
509,50,1215.00,444.00,96.00,228.00,1.0,-1,-1,-1
510,0,1172.00,706.00,200.00,311.00,1.0,-1,-1,-1
510,1,0.00,0.00,0.00,0.00,1.0,-1,-1,-1
510,2,0.00,0.00,0.00,0.00,1.0,-1,-1,-1
510,3,0.00,0.00,0.00,0.00,1.0,-1,-1,-1
510,4,0.00,0.00,0.00,0.00,1.0,-1,-1,-1
510,5,0.00,0.00,0.00,0.00,1.0,-1,-1,-1
510,6,0.00,0.00,0.00,0.00,1.0,-1,-1,-1
510,7,0.00,0.00,0.00,0.00,1.0,-1,-1,-1
510,8,0.00,0.00,0.00,0.00,1.0,-1,-1,-1
510,9,0.00,0.00,0.00,0.00,1.0,-1,-1,-1
510,10,1053.00,472.00,51.00,215.00,1.0,-1,-1,-1
510,11,0.00,0.00,0.00,0.00,1.0,-1,-1,-1
510,12,0.00,0.00,0.00,0.00,1.0,-1,-1,-1
510,13,0.00,0.00,0.00,0.00,1.0,-1,-1,-1
510,14,0.00,0.00,0.00,0.00,1.0,-1,-1,-1
510,15,0.00,0.00,0.00,0.00,1.0,-1,-1,-1
510,16,0.00,0.00,0.00,0.00,1.0,-1,-1,-1
510,17,0.00,0.00,0.00,0.00,1.0,-1,-1,-1
510,18,0.00,0.00,0.00,0.00,1.0,-1,-1,-1
510,19,1012.00,475.00,96.00,225.00,1.0,-1,-1,-1
510,20,0.00,0.00,0.00,0.00,1.0,-1,-1,-1
510,21,0.00,0.00,0.00,0.00,1.0,-1,-1,-1
510,22,0.00,0.00,0.00,0.00,1.0,-1,-1,-1
510,23,0.00,0.00,0.00,0.00,1.0,-1,-1,-1
510,24,0.00,0.00,0.00,0.00,1.0,-1,-1,-1
510,25,0.00,0.00,0.00,0.00,1.0,-1,-1,-1
510,26,0.00,0.00,0.00,0.00,1.0,-1,-1,-1
510,27,0.00,0.00,0.00,0.00,1.0,-1,-1,-1
510,28,0.00,0.00,0.00,0.00,1.0,-1,-1,-1
510,29,0.00,0.00,0.00,0.00,1.0,-1,-1,-1
510,30,0.00,0.00,0.00,0.00,1.0,-1,-1,-1
510,31,608.00,930.00,100.00,150.00,1.0,-1,-1,-1
510,32,0.00,0.00,0.00,0.00,1.0,-1,-1,-1
510,33,0.00,0.00,0.00,0.00,1.0,-1,-1,-1
510,34,0.00,0.00,0.00,0.00,1.0,-1,-1,-1
510,35,708.00,789.00,135.00,291.00,1.0,-1,-1,-1
510,36,1838.00,458.00,82.00,256.00,1.0,-1,-1,-1
510,37,1565.00,298.00,51.00,163.00,1.0,-1,-1,-1
510,38,0.00,0.00,0.00,0.00,1.0,-1,-1,-1
510,39,0.00,0.00,0.00,0.00,1.0,-1,-1,-1
510,40,876.00,799.00,108.00,281.00,1.0,-1,-1,-1
510,41,0.00,0.00,0.00,0.00,1.0,-1,-1,-1
510,42,1663.00,500.00,101.00,275.00,1.0,-1,-1,-1
510,43,1507.00,392.00,81.00,226.00,1.0,-1,-1,-1
510,44,1043.00,362.00,69.00,152.00,1.0,-1,-1,-1
510,45,0.00,0.00,0.00,0.00,1.0,-1,-1,-1
510,46,825.00,415.00,79.00,220.00,1.0,-1,-1,-1
510,47,587.00,808.00,165.00,159.00,1.0,-1,-1,-1
510,48,1328.00,415.00,48.00,218.00,1.0,-1,-1,-1
510,49,1148.00,457.00,65.00,220.00,1.0,-1,-1,-1
510,50,1219.00,444.00,93.00,227.00,1.0,-1,-1,-1
511,0,1171.00,707.00,201.00,310.00,1.0,-1,-1,-1
511,1,0.00,0.00,0.00,0.00,1.0,-1,-1,-1
511,2,0.00,0.00,0.00,0.00,1.0,-1,-1,-1
511,3,0.00,0.00,0.00,0.00,1.0,-1,-1,-1
511,4,0.00,0.00,0.00,0.00,1.0,-1,-1,-1
511,5,0.00,0.00,0.00,0.00,1.0,-1,-1,-1
511,6,0.00,0.00,0.00,0.00,1.0,-1,-1,-1
511,7,0.00,0.00,0.00,0.00,1.0,-1,-1,-1
511,8,0.00,0.00,0.00,0.00,1.0,-1,-1,-1
511,9,0.00,0.00,0.00,0.00,1.0,-1,-1,-1
511,10,1057.00,472.00,49.00,215.00,1.0,-1,-1,-1
511,11,0.00,0.00,0.00,0.00,1.0,-1,-1,-1
511,12,0.00,0.00,0.00,0.00,1.0,-1,-1,-1
511,13,0.00,0.00,0.00,0.00,1.0,-1,-1,-1
511,14,0.00,0.00,0.00,0.00,1.0,-1,-1,-1
511,15,0.00,0.00,0.00,0.00,1.0,-1,-1,-1
511,16,0.00,0.00,0.00,0.00,1.0,-1,-1,-1
511,17,0.00,0.00,0.00,0.00,1.0,-1,-1,-1
511,18,0.00,0.00,0.00,0.00,1.0,-1,-1,-1
511,19,1007.00,474.00,100.00,225.00,1.0,-1,-1,-1
511,20,0.00,0.00,0.00,0.00,1.0,-1,-1,-1
511,21,0.00,0.00,0.00,0.00,1.0,-1,-1,-1
511,22,0.00,0.00,0.00,0.00,1.0,-1,-1,-1
511,23,0.00,0.00,0.00,0.00,1.0,-1,-1,-1
511,24,0.00,0.00,0.00,0.00,1.0,-1,-1,-1
511,25,0.00,0.00,0.00,0.00,1.0,-1,-1,-1
511,26,0.00,0.00,0.00,0.00,1.0,-1,-1,-1
511,27,0.00,0.00,0.00,0.00,1.0,-1,-1,-1
511,28,0.00,0.00,0.00,0.00,1.0,-1,-1,-1
511,29,0.00,0.00,0.00,0.00,1.0,-1,-1,-1
511,30,0.00,0.00,0.00,0.00,1.0,-1,-1,-1
511,31,608.00,930.00,97.00,150.00,1.0,-1,-1,-1
511,32,0.00,0.00,0.00,0.00,1.0,-1,-1,-1
511,33,0.00,0.00,0.00,0.00,1.0,-1,-1,-1
511,34,0.00,0.00,0.00,0.00,1.0,-1,-1,-1
511,35,711.00,791.00,133.00,289.00,1.0,-1,-1,-1
511,36,1839.00,457.00,81.00,255.00,1.0,-1,-1,-1
511,37,1564.00,297.00,52.00,163.00,1.0,-1,-1,-1
511,38,0.00,0.00,0.00,0.00,1.0,-1,-1,-1
511,39,0.00,0.00,0.00,0.00,1.0,-1,-1,-1
511,40,876.00,801.00,107.00,279.00,1.0,-1,-1,-1
511,41,0.00,0.00,0.00,0.00,1.0,-1,-1,-1
511,42,1665.00,500.00,112.00,274.00,1.0,-1,-1,-1
511,43,1506.00,394.00,82.00,225.00,1.0,-1,-1,-1
511,44,1043.00,362.00,69.00,150.00,1.0,-1,-1,-1
511,45,0.00,0.00,0.00,0.00,1.0,-1,-1,-1
511,46,823.00,414.00,82.00,220.00,1.0,-1,-1,-1
511,47,587.00,807.00,167.00,161.00,1.0,-1,-1,-1
511,48,1330.00,416.00,47.00,217.00,1.0,-1,-1,-1
511,49,1148.00,457.00,66.00,221.00,1.0,-1,-1,-1
511,50,1219.00,445.00,93.00,227.00,1.0,-1,-1,-1
512,0,1171.00,707.00,201.00,310.00,1.0,-1,-1,-1
512,1,0.00,0.00,0.00,0.00,1.0,-1,-1,-1
512,2,0.00,0.00,0.00,0.00,1.0,-1,-1,-1
512,3,0.00,0.00,0.00,0.00,1.0,-1,-1,-1
512,4,0.00,0.00,0.00,0.00,1.0,-1,-1,-1
512,5,1906.00,799.00,14.00,45.00,1.0,-1,-1,-1
512,6,0.00,0.00,0.00,0.00,1.0,-1,-1,-1
512,7,0.00,0.00,0.00,0.00,1.0,-1,-1,-1
512,8,0.00,0.00,0.00,0.00,1.0,-1,-1,-1
512,9,0.00,0.00,0.00,0.00,1.0,-1,-1,-1
512,10,1060.00,471.00,47.00,216.00,1.0,-1,-1,-1
512,11,0.00,0.00,0.00,0.00,1.0,-1,-1,-1
512,12,0.00,0.00,0.00,0.00,1.0,-1,-1,-1
512,13,0.00,0.00,0.00,0.00,1.0,-1,-1,-1
512,14,0.00,0.00,0.00,0.00,1.0,-1,-1,-1
512,15,0.00,0.00,0.00,0.00,1.0,-1,-1,-1
512,16,0.00,0.00,0.00,0.00,1.0,-1,-1,-1
512,17,0.00,0.00,0.00,0.00,1.0,-1,-1,-1
512,18,0.00,0.00,0.00,0.00,1.0,-1,-1,-1
512,19,1007.00,482.00,100.00,221.00,1.0,-1,-1,-1
512,20,0.00,0.00,0.00,0.00,1.0,-1,-1,-1
512,21,0.00,0.00,0.00,0.00,1.0,-1,-1,-1
512,22,0.00,0.00,0.00,0.00,1.0,-1,-1,-1
512,23,0.00,0.00,0.00,0.00,1.0,-1,-1,-1
512,24,0.00,0.00,0.00,0.00,1.0,-1,-1,-1
512,25,0.00,0.00,0.00,0.00,1.0,-1,-1,-1
512,26,0.00,0.00,0.00,0.00,1.0,-1,-1,-1
512,27,0.00,0.00,0.00,0.00,1.0,-1,-1,-1
512,28,0.00,0.00,0.00,0.00,1.0,-1,-1,-1
512,29,0.00,0.00,0.00,0.00,1.0,-1,-1,-1
512,30,0.00,0.00,0.00,0.00,1.0,-1,-1,-1
512,31,605.00,930.00,99.00,150.00,1.0,-1,-1,-1
512,32,0.00,0.00,0.00,0.00,1.0,-1,-1,-1
512,33,0.00,0.00,0.00,0.00,1.0,-1,-1,-1
512,34,0.00,0.00,0.00,0.00,1.0,-1,-1,-1
512,35,712.00,792.00,133.00,288.00,1.0,-1,-1,-1
512,36,1839.00,458.00,81.00,245.00,1.0,-1,-1,-1
512,37,1565.00,297.00,52.00,163.00,1.0,-1,-1,-1
512,38,0.00,0.00,0.00,0.00,1.0,-1,-1,-1
512,39,0.00,0.00,0.00,0.00,1.0,-1,-1,-1
512,40,875.00,803.00,107.00,277.00,1.0,-1,-1,-1
512,41,0.00,0.00,0.00,0.00,1.0,-1,-1,-1
512,42,1666.00,502.00,118.00,272.00,1.0,-1,-1,-1
512,43,1507.00,395.00,245.00,342.00,1.0,-1,-1,-1
512,44,1042.00,361.00,72.00,149.00,1.0,-1,-1,-1
512,45,0.00,0.00,0.00,0.00,1.0,-1,-1,-1
512,46,822.00,413.00,82.00,221.00,1.0,-1,-1,-1
512,47,588.00,808.00,167.00,159.00,1.0,-1,-1,-1
512,48,1333.00,415.00,45.00,219.00,1.0,-1,-1,-1
512,49,1148.00,457.00,68.00,220.00,1.0,-1,-1,-1
512,50,1222.00,445.00,94.00,227.00,1.0,-1,-1,-1
513,0,1171.00,707.00,200.00,310.00,1.0,-1,-1,-1
513,1,0.00,0.00,0.00,0.00,1.0,-1,-1,-1
513,2,0.00,0.00,0.00,0.00,1.0,-1,-1,-1
513,3,0.00,0.00,0.00,0.00,1.0,-1,-1,-1
513,4,0.00,0.00,0.00,0.00,1.0,-1,-1,-1
513,5,1901.00,788.00,19.00,58.00,1.0,-1,-1,-1
513,6,0.00,0.00,0.00,0.00,1.0,-1,-1,-1
513,7,0.00,0.00,0.00,0.00,1.0,-1,-1,-1
513,8,0.00,0.00,0.00,0.00,1.0,-1,-1,-1
513,9,0.00,0.00,0.00,0.00,1.0,-1,-1,-1
513,10,1062.00,469.00,45.00,220.00,1.0,-1,-1,-1
513,11,0.00,0.00,0.00,0.00,1.0,-1,-1,-1
513,12,0.00,0.00,0.00,0.00,1.0,-1,-1,-1
513,13,0.00,0.00,0.00,0.00,1.0,-1,-1,-1
513,14,0.00,0.00,0.00,0.00,1.0,-1,-1,-1
513,15,0.00,0.00,0.00,0.00,1.0,-1,-1,-1
513,16,0.00,0.00,0.00,0.00,1.0,-1,-1,-1
513,17,0.00,0.00,0.00,0.00,1.0,-1,-1,-1
513,18,0.00,0.00,0.00,0.00,1.0,-1,-1,-1
513,19,1007.00,481.00,100.00,221.00,1.0,-1,-1,-1
513,20,0.00,0.00,0.00,0.00,1.0,-1,-1,-1
513,21,0.00,0.00,0.00,0.00,1.0,-1,-1,-1
513,22,0.00,0.00,0.00,0.00,1.0,-1,-1,-1
513,23,0.00,0.00,0.00,0.00,1.0,-1,-1,-1
513,24,0.00,0.00,0.00,0.00,1.0,-1,-1,-1
513,25,0.00,0.00,0.00,0.00,1.0,-1,-1,-1
513,26,0.00,0.00,0.00,0.00,1.0,-1,-1,-1
513,27,0.00,0.00,0.00,0.00,1.0,-1,-1,-1
513,28,0.00,0.00,0.00,0.00,1.0,-1,-1,-1
513,29,0.00,0.00,0.00,0.00,1.0,-1,-1,-1
513,30,0.00,0.00,0.00,0.00,1.0,-1,-1,-1
513,31,609.00,930.00,94.00,150.00,1.0,-1,-1,-1
513,32,0.00,0.00,0.00,0.00,1.0,-1,-1,-1
513,33,0.00,0.00,0.00,0.00,1.0,-1,-1,-1
513,34,0.00,0.00,0.00,0.00,1.0,-1,-1,-1
513,35,714.00,792.00,130.00,288.00,1.0,-1,-1,-1
513,36,1840.00,458.00,80.00,219.00,1.0,-1,-1,-1
513,37,1566.00,297.00,51.00,163.00,1.0,-1,-1,-1
513,38,0.00,0.00,0.00,0.00,1.0,-1,-1,-1
513,39,0.00,0.00,0.00,0.00,1.0,-1,-1,-1
513,40,874.00,807.00,108.00,273.00,1.0,-1,-1,-1
513,41,0.00,0.00,0.00,0.00,1.0,-1,-1,-1
513,42,1668.00,504.00,120.00,273.00,1.0,-1,-1,-1
513,43,1509.00,397.00,79.00,229.00,1.0,-1,-1,-1
513,44,1043.00,361.00,73.00,152.00,1.0,-1,-1,-1
513,45,0.00,0.00,0.00,0.00,1.0,-1,-1,-1
513,46,821.00,414.00,83.00,220.00,1.0,-1,-1,-1
513,47,588.00,808.00,166.00,159.00,1.0,-1,-1,-1
513,48,1333.00,415.00,46.00,219.00,1.0,-1,-1,-1
513,49,1146.00,458.00,70.00,221.00,1.0,-1,-1,-1
513,50,1221.00,448.00,95.00,227.00,1.0,-1,-1,-1
514,0,1171.00,707.00,201.00,314.00,1.0,-1,-1,-1
514,1,0.00,0.00,0.00,0.00,1.0,-1,-1,-1
514,2,0.00,0.00,0.00,0.00,1.0,-1,-1,-1
514,3,0.00,0.00,0.00,0.00,1.0,-1,-1,-1
514,4,0.00,0.00,0.00,0.00,1.0,-1,-1,-1
514,5,1901.00,787.00,19.00,59.00,1.0,-1,-1,-1
514,6,0.00,0.00,0.00,0.00,1.0,-1,-1,-1
514,7,0.00,0.00,0.00,0.00,1.0,-1,-1,-1
514,8,0.00,0.00,0.00,0.00,1.0,-1,-1,-1
514,9,0.00,0.00,0.00,0.00,1.0,-1,-1,-1
514,10,1064.00,469.00,45.00,219.00,1.0,-1,-1,-1
514,11,0.00,0.00,0.00,0.00,1.0,-1,-1,-1
514,12,0.00,0.00,0.00,0.00,1.0,-1,-1,-1
514,13,0.00,0.00,0.00,0.00,1.0,-1,-1,-1
514,14,0.00,0.00,0.00,0.00,1.0,-1,-1,-1
514,15,0.00,0.00,0.00,0.00,1.0,-1,-1,-1
514,16,0.00,0.00,0.00,0.00,1.0,-1,-1,-1
514,17,0.00,0.00,0.00,0.00,1.0,-1,-1,-1
514,18,0.00,0.00,0.00,0.00,1.0,-1,-1,-1
514,19,1007.00,480.00,102.00,223.00,1.0,-1,-1,-1
514,20,0.00,0.00,0.00,0.00,1.0,-1,-1,-1
514,21,0.00,0.00,0.00,0.00,1.0,-1,-1,-1
514,22,0.00,0.00,0.00,0.00,1.0,-1,-1,-1
514,23,0.00,0.00,0.00,0.00,1.0,-1,-1,-1
514,24,0.00,0.00,0.00,0.00,1.0,-1,-1,-1
514,25,0.00,0.00,0.00,0.00,1.0,-1,-1,-1
514,26,0.00,0.00,0.00,0.00,1.0,-1,-1,-1
514,27,0.00,0.00,0.00,0.00,1.0,-1,-1,-1
514,28,0.00,0.00,0.00,0.00,1.0,-1,-1,-1
514,29,0.00,0.00,0.00,0.00,1.0,-1,-1,-1
514,30,0.00,0.00,0.00,0.00,1.0,-1,-1,-1
514,31,609.00,931.00,97.00,149.00,1.0,-1,-1,-1
514,32,0.00,0.00,0.00,0.00,1.0,-1,-1,-1
514,33,0.00,0.00,0.00,0.00,1.0,-1,-1,-1
514,34,0.00,0.00,0.00,0.00,1.0,-1,-1,-1
514,35,717.00,792.00,127.00,288.00,1.0,-1,-1,-1
514,36,1847.00,457.00,73.00,282.00,1.0,-1,-1,-1
514,37,1568.00,296.00,53.00,164.00,1.0,-1,-1,-1
514,38,0.00,0.00,0.00,0.00,1.0,-1,-1,-1
514,39,0.00,0.00,0.00,0.00,1.0,-1,-1,-1
514,40,875.00,809.00,107.00,271.00,1.0,-1,-1,-1
514,41,0.00,0.00,0.00,0.00,1.0,-1,-1,-1
514,42,1672.00,505.00,117.00,274.00,1.0,-1,-1,-1
514,43,1511.00,397.00,79.00,229.00,1.0,-1,-1,-1
514,44,1046.00,361.00,72.00,291.00,1.0,-1,-1,-1
514,45,0.00,0.00,0.00,0.00,1.0,-1,-1,-1
514,46,822.00,412.00,81.00,221.00,1.0,-1,-1,-1
514,47,591.00,808.00,169.00,180.00,1.0,-1,-1,-1
514,48,1337.00,418.00,45.00,216.00,1.0,-1,-1,-1
514,49,1148.00,460.00,71.00,223.00,1.0,-1,-1,-1
514,50,1224.00,451.00,94.00,226.00,1.0,-1,-1,-1
515,0,1170.00,709.00,202.00,315.00,1.0,-1,-1,-1
515,1,0.00,0.00,0.00,0.00,1.0,-1,-1,-1
515,2,0.00,0.00,0.00,0.00,1.0,-1,-1,-1
515,3,0.00,0.00,0.00,0.00,1.0,-1,-1,-1
515,4,0.00,0.00,0.00,0.00,1.0,-1,-1,-1
515,5,1898.00,778.00,22.00,68.00,1.0,-1,-1,-1
515,6,0.00,0.00,0.00,0.00,1.0,-1,-1,-1
515,7,0.00,0.00,0.00,0.00,1.0,-1,-1,-1
515,8,0.00,0.00,0.00,0.00,1.0,-1,-1,-1
515,9,0.00,0.00,0.00,0.00,1.0,-1,-1,-1
515,10,1064.00,469.00,45.00,219.00,1.0,-1,-1,-1
515,11,0.00,0.00,0.00,0.00,1.0,-1,-1,-1
515,12,0.00,0.00,0.00,0.00,1.0,-1,-1,-1
515,13,0.00,0.00,0.00,0.00,1.0,-1,-1,-1
515,14,0.00,0.00,0.00,0.00,1.0,-1,-1,-1
515,15,0.00,0.00,0.00,0.00,1.0,-1,-1,-1
515,16,0.00,0.00,0.00,0.00,1.0,-1,-1,-1
515,17,0.00,0.00,0.00,0.00,1.0,-1,-1,-1
515,18,0.00,0.00,0.00,0.00,1.0,-1,-1,-1
515,19,1006.00,480.00,102.00,222.00,1.0,-1,-1,-1
515,20,0.00,0.00,0.00,0.00,1.0,-1,-1,-1
515,21,0.00,0.00,0.00,0.00,1.0,-1,-1,-1
515,22,0.00,0.00,0.00,0.00,1.0,-1,-1,-1
515,23,0.00,0.00,0.00,0.00,1.0,-1,-1,-1
515,24,0.00,0.00,0.00,0.00,1.0,-1,-1,-1
515,25,0.00,0.00,0.00,0.00,1.0,-1,-1,-1
515,26,0.00,0.00,0.00,0.00,1.0,-1,-1,-1
515,27,0.00,0.00,0.00,0.00,1.0,-1,-1,-1
515,28,0.00,0.00,0.00,0.00,1.0,-1,-1,-1
515,29,0.00,0.00,0.00,0.00,1.0,-1,-1,-1
515,30,0.00,0.00,0.00,0.00,1.0,-1,-1,-1
515,31,609.00,931.00,97.00,149.00,1.0,-1,-1,-1
515,32,0.00,0.00,0.00,0.00,1.0,-1,-1,-1
515,33,0.00,0.00,0.00,0.00,1.0,-1,-1,-1
515,34,0.00,0.00,0.00,0.00,1.0,-1,-1,-1
515,35,719.00,792.00,124.00,288.00,1.0,-1,-1,-1
515,36,1851.00,457.00,69.00,288.00,1.0,-1,-1,-1
515,37,1569.00,297.00,53.00,163.00,1.0,-1,-1,-1
515,38,0.00,0.00,0.00,0.00,1.0,-1,-1,-1
515,39,0.00,0.00,0.00,0.00,1.0,-1,-1,-1
515,40,875.00,810.00,106.00,270.00,1.0,-1,-1,-1
515,41,0.00,0.00,0.00,0.00,1.0,-1,-1,-1
515,42,1675.00,509.00,121.00,272.00,1.0,-1,-1,-1
515,43,1512.00,397.00,78.00,230.00,1.0,-1,-1,-1
515,44,1047.00,361.00,73.00,291.00,1.0,-1,-1,-1
515,45,0.00,0.00,0.00,0.00,1.0,-1,-1,-1
515,46,821.00,411.00,83.00,222.00,1.0,-1,-1,-1
515,47,593.00,807.00,170.00,194.00,1.0,-1,-1,-1
515,48,1339.00,416.00,43.00,219.00,1.0,-1,-1,-1
515,49,1148.00,462.00,74.00,223.00,1.0,-1,-1,-1
515,50,1229.00,454.00,89.00,225.00,1.0,-1,-1,-1
516,0,1167.00,710.00,204.00,313.00,1.0,-1,-1,-1
516,1,0.00,0.00,0.00,0.00,1.0,-1,-1,-1
516,2,0.00,0.00,0.00,0.00,1.0,-1,-1,-1
516,3,0.00,0.00,0.00,0.00,1.0,-1,-1,-1
516,4,0.00,0.00,0.00,0.00,1.0,-1,-1,-1
516,5,1893.00,773.00,27.00,73.00,1.0,-1,-1,-1
516,6,0.00,0.00,0.00,0.00,1.0,-1,-1,-1
516,7,0.00,0.00,0.00,0.00,1.0,-1,-1,-1
516,8,0.00,0.00,0.00,0.00,1.0,-1,-1,-1
516,9,0.00,0.00,0.00,0.00,1.0,-1,-1,-1
516,10,1063.00,469.00,48.00,219.00,1.0,-1,-1,-1
516,11,0.00,0.00,0.00,0.00,1.0,-1,-1,-1
516,12,0.00,0.00,0.00,0.00,1.0,-1,-1,-1
516,13,0.00,0.00,0.00,0.00,1.0,-1,-1,-1
516,14,0.00,0.00,0.00,0.00,1.0,-1,-1,-1
516,15,0.00,0.00,0.00,0.00,1.0,-1,-1,-1
516,16,0.00,0.00,0.00,0.00,1.0,-1,-1,-1
516,17,0.00,0.00,0.00,0.00,1.0,-1,-1,-1
516,18,0.00,0.00,0.00,0.00,1.0,-1,-1,-1
516,19,1003.00,479.00,105.00,221.00,1.0,-1,-1,-1
516,20,0.00,0.00,0.00,0.00,1.0,-1,-1,-1
516,21,0.00,0.00,0.00,0.00,1.0,-1,-1,-1
516,22,0.00,0.00,0.00,0.00,1.0,-1,-1,-1
516,23,0.00,0.00,0.00,0.00,1.0,-1,-1,-1
516,24,0.00,0.00,0.00,0.00,1.0,-1,-1,-1
516,25,0.00,0.00,0.00,0.00,1.0,-1,-1,-1
516,26,0.00,0.00,0.00,0.00,1.0,-1,-1,-1
516,27,0.00,0.00,0.00,0.00,1.0,-1,-1,-1
516,28,0.00,0.00,0.00,0.00,1.0,-1,-1,-1
516,29,0.00,0.00,0.00,0.00,1.0,-1,-1,-1
516,30,0.00,0.00,0.00,0.00,1.0,-1,-1,-1
516,31,608.00,932.00,97.00,148.00,1.0,-1,-1,-1
516,32,0.00,0.00,0.00,0.00,1.0,-1,-1,-1
516,33,0.00,0.00,0.00,0.00,1.0,-1,-1,-1
516,34,0.00,0.00,0.00,0.00,1.0,-1,-1,-1
516,35,717.00,792.00,123.00,288.00,1.0,-1,-1,-1
516,36,1852.00,457.00,68.00,291.00,1.0,-1,-1,-1
516,37,1569.00,297.00,53.00,163.00,1.0,-1,-1,-1
516,38,0.00,0.00,0.00,0.00,1.0,-1,-1,-1
516,39,0.00,0.00,0.00,0.00,1.0,-1,-1,-1
516,40,873.00,811.00,106.00,269.00,1.0,-1,-1,-1
516,41,0.00,0.00,0.00,0.00,1.0,-1,-1,-1
516,42,1681.00,510.00,117.00,272.00,1.0,-1,-1,-1
516,43,1511.00,397.00,78.00,229.00,1.0,-1,-1,-1
516,44,1046.00,361.00,74.00,308.00,1.0,-1,-1,-1
516,45,0.00,0.00,0.00,0.00,1.0,-1,-1,-1
516,46,820.00,413.00,83.00,220.00,1.0,-1,-1,-1
516,47,591.00,807.00,173.00,196.00,1.0,-1,-1,-1
516,48,1341.00,416.00,41.00,219.00,1.0,-1,-1,-1
516,49,1146.00,463.00,72.00,223.00,1.0,-1,-1,-1
516,50,1226.00,455.00,93.00,226.00,1.0,-1,-1,-1
516,51,1461.00,447.00,57.00,220.00,1.0,-1,-1,-1
517,0,1167.00,710.00,203.00,313.00,1.0,-1,-1,-1
517,1,0.00,0.00,0.00,0.00,1.0,-1,-1,-1
517,2,0.00,0.00,0.00,0.00,1.0,-1,-1,-1
517,3,0.00,0.00,0.00,0.00,1.0,-1,-1,-1
517,4,0.00,0.00,0.00,0.00,1.0,-1,-1,-1
517,5,1893.00,770.00,27.00,74.00,1.0,-1,-1,-1
517,6,0.00,0.00,0.00,0.00,1.0,-1,-1,-1
517,7,0.00,0.00,0.00,0.00,1.0,-1,-1,-1
517,8,0.00,0.00,0.00,0.00,1.0,-1,-1,-1
517,9,0.00,0.00,0.00,0.00,1.0,-1,-1,-1
517,10,1063.00,467.00,50.00,220.00,1.0,-1,-1,-1
517,11,0.00,0.00,0.00,0.00,1.0,-1,-1,-1
517,12,0.00,0.00,0.00,0.00,1.0,-1,-1,-1
517,13,0.00,0.00,0.00,0.00,1.0,-1,-1,-1
517,14,0.00,0.00,0.00,0.00,1.0,-1,-1,-1
517,15,0.00,0.00,0.00,0.00,1.0,-1,-1,-1
517,16,0.00,0.00,0.00,0.00,1.0,-1,-1,-1
517,17,0.00,0.00,0.00,0.00,1.0,-1,-1,-1
517,18,0.00,0.00,0.00,0.00,1.0,-1,-1,-1
517,19,998.00,479.00,111.00,223.00,1.0,-1,-1,-1
517,20,0.00,0.00,0.00,0.00,1.0,-1,-1,-1
517,21,0.00,0.00,0.00,0.00,1.0,-1,-1,-1
517,22,0.00,0.00,0.00,0.00,1.0,-1,-1,-1
517,23,0.00,0.00,0.00,0.00,1.0,-1,-1,-1
517,24,0.00,0.00,0.00,0.00,1.0,-1,-1,-1
517,25,0.00,0.00,0.00,0.00,1.0,-1,-1,-1
517,26,0.00,0.00,0.00,0.00,1.0,-1,-1,-1
517,27,0.00,0.00,0.00,0.00,1.0,-1,-1,-1
517,28,0.00,0.00,0.00,0.00,1.0,-1,-1,-1
517,29,0.00,0.00,0.00,0.00,1.0,-1,-1,-1
517,30,0.00,0.00,0.00,0.00,1.0,-1,-1,-1
517,31,608.00,933.00,99.00,147.00,1.0,-1,-1,-1
517,32,0.00,0.00,0.00,0.00,1.0,-1,-1,-1
517,33,0.00,0.00,0.00,0.00,1.0,-1,-1,-1
517,34,0.00,0.00,0.00,0.00,1.0,-1,-1,-1
517,35,718.00,791.00,122.00,289.00,1.0,-1,-1,-1
517,36,1851.00,456.00,69.00,134.00,1.0,-1,-1,-1
517,37,1570.00,297.00,52.00,163.00,1.0,-1,-1,-1
517,38,0.00,0.00,0.00,0.00,1.0,-1,-1,-1
517,39,0.00,0.00,0.00,0.00,1.0,-1,-1,-1
517,40,872.00,811.00,107.00,269.00,1.0,-1,-1,-1
517,41,0.00,0.00,0.00,0.00,1.0,-1,-1,-1
517,42,1691.00,508.00,108.00,273.00,1.0,-1,-1,-1
517,43,1511.00,396.00,79.00,229.00,1.0,-1,-1,-1
517,44,1047.00,360.00,74.00,292.00,1.0,-1,-1,-1
517,45,0.00,0.00,0.00,0.00,1.0,-1,-1,-1
517,46,819.00,415.00,85.00,222.00,1.0,-1,-1,-1
517,47,593.00,808.00,175.00,195.00,1.0,-1,-1,-1
517,48,1343.00,415.00,42.00,221.00,1.0,-1,-1,-1
517,49,1146.00,466.00,76.00,223.00,1.0,-1,-1,-1
517,50,1227.00,454.00,92.00,227.00,1.0,-1,-1,-1
517,51,1462.00,447.00,57.00,214.00,1.0,-1,-1,-1
518,0,1166.00,712.00,204.00,313.00,1.0,-1,-1,-1
518,1,0.00,0.00,0.00,0.00,1.0,-1,-1,-1
518,2,0.00,0.00,0.00,0.00,1.0,-1,-1,-1
518,3,0.00,0.00,0.00,0.00,1.0,-1,-1,-1
518,4,0.00,0.00,0.00,0.00,1.0,-1,-1,-1
518,5,1892.00,768.00,28.00,140.00,1.0,-1,-1,-1
518,6,0.00,0.00,0.00,0.00,1.0,-1,-1,-1
518,7,0.00,0.00,0.00,0.00,1.0,-1,-1,-1
518,8,0.00,0.00,0.00,0.00,1.0,-1,-1,-1
518,9,0.00,0.00,0.00,0.00,1.0,-1,-1,-1
518,10,1063.00,465.00,50.00,221.00,1.0,-1,-1,-1
518,11,0.00,0.00,0.00,0.00,1.0,-1,-1,-1
518,12,0.00,0.00,0.00,0.00,1.0,-1,-1,-1
518,13,0.00,0.00,0.00,0.00,1.0,-1,-1,-1
518,14,0.00,0.00,0.00,0.00,1.0,-1,-1,-1
518,15,0.00,0.00,0.00,0.00,1.0,-1,-1,-1
518,16,0.00,0.00,0.00,0.00,1.0,-1,-1,-1
518,17,0.00,0.00,0.00,0.00,1.0,-1,-1,-1
518,18,0.00,0.00,0.00,0.00,1.0,-1,-1,-1
518,19,995.00,481.00,113.00,218.00,1.0,-1,-1,-1
518,20,0.00,0.00,0.00,0.00,1.0,-1,-1,-1
518,21,0.00,0.00,0.00,0.00,1.0,-1,-1,-1
518,22,0.00,0.00,0.00,0.00,1.0,-1,-1,-1
518,23,0.00,0.00,0.00,0.00,1.0,-1,-1,-1
518,24,0.00,0.00,0.00,0.00,1.0,-1,-1,-1
518,25,0.00,0.00,0.00,0.00,1.0,-1,-1,-1
518,26,0.00,0.00,0.00,0.00,1.0,-1,-1,-1
518,27,0.00,0.00,0.00,0.00,1.0,-1,-1,-1
518,28,0.00,0.00,0.00,0.00,1.0,-1,-1,-1
518,29,0.00,0.00,0.00,0.00,1.0,-1,-1,-1
518,30,0.00,0.00,0.00,0.00,1.0,-1,-1,-1
518,31,609.00,934.00,98.00,146.00,1.0,-1,-1,-1
518,32,0.00,0.00,0.00,0.00,1.0,-1,-1,-1
518,33,0.00,0.00,0.00,0.00,1.0,-1,-1,-1
518,34,0.00,0.00,0.00,0.00,1.0,-1,-1,-1
518,35,719.00,791.00,120.00,289.00,1.0,-1,-1,-1
518,36,1853.00,457.00,67.00,134.00,1.0,-1,-1,-1
518,37,1571.00,295.00,53.00,163.00,1.0,-1,-1,-1
518,38,0.00,0.00,0.00,0.00,1.0,-1,-1,-1
518,39,0.00,0.00,0.00,0.00,1.0,-1,-1,-1
518,40,871.00,811.00,106.00,269.00,1.0,-1,-1,-1
518,41,0.00,0.00,0.00,0.00,1.0,-1,-1,-1
518,42,1705.00,505.00,94.00,276.00,1.0,-1,-1,-1
518,43,1513.00,396.00,78.00,229.00,1.0,-1,-1,-1
518,44,1045.00,359.00,77.00,293.00,1.0,-1,-1,-1
518,45,0.00,0.00,0.00,0.00,1.0,-1,-1,-1
518,46,818.00,414.00,85.00,224.00,1.0,-1,-1,-1
518,47,592.00,808.00,179.00,196.00,1.0,-1,-1,-1
518,48,1345.00,411.00,41.00,224.00,1.0,-1,-1,-1
518,49,1146.00,465.00,77.00,225.00,1.0,-1,-1,-1
518,50,1226.00,452.00,93.00,229.00,1.0,-1,-1,-1
518,51,1463.00,447.00,59.00,215.00,1.0,-1,-1,-1
519,0,1165.00,712.00,201.00,315.00,1.0,-1,-1,-1
519,1,0.00,0.00,0.00,0.00,1.0,-1,-1,-1
519,2,0.00,0.00,0.00,0.00,1.0,-1,-1,-1
519,3,0.00,0.00,0.00,0.00,1.0,-1,-1,-1
519,4,0.00,0.00,0.00,0.00,1.0,-1,-1,-1
519,5,1892.00,762.00,28.00,243.00,1.0,-1,-1,-1
519,6,0.00,0.00,0.00,0.00,1.0,-1,-1,-1
519,7,0.00,0.00,0.00,0.00,1.0,-1,-1,-1
519,8,0.00,0.00,0.00,0.00,1.0,-1,-1,-1
519,9,0.00,0.00,0.00,0.00,1.0,-1,-1,-1
519,10,1063.00,465.00,51.00,220.00,1.0,-1,-1,-1
519,11,0.00,0.00,0.00,0.00,1.0,-1,-1,-1
519,12,0.00,0.00,0.00,0.00,1.0,-1,-1,-1
519,13,0.00,0.00,0.00,0.00,1.0,-1,-1,-1
519,14,0.00,0.00,0.00,0.00,1.0,-1,-1,-1
519,15,0.00,0.00,0.00,0.00,1.0,-1,-1,-1
519,16,0.00,0.00,0.00,0.00,1.0,-1,-1,-1
519,17,0.00,0.00,0.00,0.00,1.0,-1,-1,-1
519,18,0.00,0.00,0.00,0.00,1.0,-1,-1,-1
519,19,996.00,479.00,95.00,220.00,1.0,-1,-1,-1
519,20,0.00,0.00,0.00,0.00,1.0,-1,-1,-1
519,21,0.00,0.00,0.00,0.00,1.0,-1,-1,-1
519,22,0.00,0.00,0.00,0.00,1.0,-1,-1,-1
519,23,0.00,0.00,0.00,0.00,1.0,-1,-1,-1
519,24,0.00,0.00,0.00,0.00,1.0,-1,-1,-1
519,25,0.00,0.00,0.00,0.00,1.0,-1,-1,-1
519,26,0.00,0.00,0.00,0.00,1.0,-1,-1,-1
519,27,0.00,0.00,0.00,0.00,1.0,-1,-1,-1
519,28,0.00,0.00,0.00,0.00,1.0,-1,-1,-1
519,29,0.00,0.00,0.00,0.00,1.0,-1,-1,-1
519,30,0.00,0.00,0.00,0.00,1.0,-1,-1,-1
519,31,610.00,936.00,99.00,144.00,1.0,-1,-1,-1
519,32,0.00,0.00,0.00,0.00,1.0,-1,-1,-1
519,33,0.00,0.00,0.00,0.00,1.0,-1,-1,-1
519,34,0.00,0.00,0.00,0.00,1.0,-1,-1,-1
519,35,718.00,790.00,120.00,290.00,1.0,-1,-1,-1
519,36,1861.00,456.00,59.00,132.00,1.0,-1,-1,-1
519,37,1570.00,294.00,53.00,163.00,1.0,-1,-1,-1
519,38,0.00,0.00,0.00,0.00,1.0,-1,-1,-1
519,39,0.00,0.00,0.00,0.00,1.0,-1,-1,-1
519,40,870.00,810.00,106.00,270.00,1.0,-1,-1,-1
519,41,0.00,0.00,0.00,0.00,1.0,-1,-1,-1
519,42,1721.00,502.00,82.00,278.00,1.0,-1,-1,-1
519,43,1514.00,394.00,77.00,233.00,1.0,-1,-1,-1
519,44,1047.00,358.00,75.00,153.00,1.0,-1,-1,-1
519,45,0.00,0.00,0.00,0.00,1.0,-1,-1,-1
519,46,817.00,415.00,85.00,224.00,1.0,-1,-1,-1
519,47,591.00,808.00,184.00,164.00,1.0,-1,-1,-1
519,48,1345.00,411.00,45.00,223.00,1.0,-1,-1,-1
519,49,1146.00,462.00,75.00,228.00,1.0,-1,-1,-1
519,50,1228.00,453.00,91.00,226.00,1.0,-1,-1,-1
519,51,1465.00,444.00,64.00,218.00,1.0,-1,-1,-1
520,0,1165.00,713.00,199.00,316.00,1.0,-1,-1,-1
520,1,0.00,0.00,0.00,0.00,1.0,-1,-1,-1
520,2,0.00,0.00,0.00,0.00,1.0,-1,-1,-1
520,3,0.00,0.00,0.00,0.00,1.0,-1,-1,-1
520,4,0.00,0.00,0.00,0.00,1.0,-1,-1,-1
520,5,1882.00,760.00,38.00,246.00,1.0,-1,-1,-1
520,6,0.00,0.00,0.00,0.00,1.0,-1,-1,-1
520,7,0.00,0.00,0.00,0.00,1.0,-1,-1,-1
520,8,0.00,0.00,0.00,0.00,1.0,-1,-1,-1
520,9,0.00,0.00,0.00,0.00,1.0,-1,-1,-1
520,10,1065.00,465.00,50.00,221.00,1.0,-1,-1,-1
520,11,0.00,0.00,0.00,0.00,1.0,-1,-1,-1
520,12,0.00,0.00,0.00,0.00,1.0,-1,-1,-1
520,13,0.00,0.00,0.00,0.00,1.0,-1,-1,-1
520,14,0.00,0.00,0.00,0.00,1.0,-1,-1,-1
520,15,0.00,0.00,0.00,0.00,1.0,-1,-1,-1
520,16,0.00,0.00,0.00,0.00,1.0,-1,-1,-1
520,17,0.00,0.00,0.00,0.00,1.0,-1,-1,-1
520,18,0.00,0.00,0.00,0.00,1.0,-1,-1,-1
520,19,995.00,480.00,95.00,219.00,1.0,-1,-1,-1
520,20,0.00,0.00,0.00,0.00,1.0,-1,-1,-1
520,21,0.00,0.00,0.00,0.00,1.0,-1,-1,-1
520,22,0.00,0.00,0.00,0.00,1.0,-1,-1,-1
520,23,0.00,0.00,0.00,0.00,1.0,-1,-1,-1
520,24,0.00,0.00,0.00,0.00,1.0,-1,-1,-1
520,25,0.00,0.00,0.00,0.00,1.0,-1,-1,-1
520,26,0.00,0.00,0.00,0.00,1.0,-1,-1,-1
520,27,0.00,0.00,0.00,0.00,1.0,-1,-1,-1
520,28,0.00,0.00,0.00,0.00,1.0,-1,-1,-1
520,29,0.00,0.00,0.00,0.00,1.0,-1,-1,-1
520,30,0.00,0.00,0.00,0.00,1.0,-1,-1,-1
520,31,611.00,938.00,99.00,142.00,1.0,-1,-1,-1
520,32,0.00,0.00,0.00,0.00,1.0,-1,-1,-1
520,33,0.00,0.00,0.00,0.00,1.0,-1,-1,-1
520,34,0.00,0.00,0.00,0.00,1.0,-1,-1,-1
520,35,718.00,791.00,120.00,289.00,1.0,-1,-1,-1
520,36,1859.00,456.00,61.00,135.00,1.0,-1,-1,-1
520,37,1571.00,293.00,53.00,163.00,1.0,-1,-1,-1
520,38,0.00,0.00,0.00,0.00,1.0,-1,-1,-1
520,39,0.00,0.00,0.00,0.00,1.0,-1,-1,-1
520,40,869.00,811.00,106.00,269.00,1.0,-1,-1,-1
520,41,0.00,0.00,0.00,0.00,1.0,-1,-1,-1
520,42,1735.00,502.00,74.00,278.00,1.0,-1,-1,-1
520,43,1517.00,393.00,74.00,235.00,1.0,-1,-1,-1
520,44,1047.00,357.00,77.00,155.00,1.0,-1,-1,-1
520,45,0.00,0.00,0.00,0.00,1.0,-1,-1,-1
520,46,816.00,415.00,85.00,225.00,1.0,-1,-1,-1
520,47,591.00,810.00,187.00,166.00,1.0,-1,-1,-1
520,48,1349.00,416.00,44.00,219.00,1.0,-1,-1,-1
520,49,1147.00,461.00,75.00,229.00,1.0,-1,-1,-1
520,50,1231.00,453.00,90.00,227.00,1.0,-1,-1,-1
520,51,1464.00,441.00,78.00,224.00,1.0,-1,-1,-1
521,0,1163.00,713.00,198.00,318.00,1.0,-1,-1,-1
521,1,0.00,0.00,0.00,0.00,1.0,-1,-1,-1
521,2,0.00,0.00,0.00,0.00,1.0,-1,-1,-1
521,3,0.00,0.00,0.00,0.00,1.0,-1,-1,-1
521,4,0.00,0.00,0.00,0.00,1.0,-1,-1,-1
521,5,1877.00,747.00,43.00,261.00,1.0,-1,-1,-1
521,6,0.00,0.00,0.00,0.00,1.0,-1,-1,-1
521,7,0.00,0.00,0.00,0.00,1.0,-1,-1,-1
521,8,0.00,0.00,0.00,0.00,1.0,-1,-1,-1
521,9,0.00,0.00,0.00,0.00,1.0,-1,-1,-1
521,10,1065.00,465.00,50.00,220.00,1.0,-1,-1,-1
521,11,0.00,0.00,0.00,0.00,1.0,-1,-1,-1
521,12,0.00,0.00,0.00,0.00,1.0,-1,-1,-1
521,13,0.00,0.00,0.00,0.00,1.0,-1,-1,-1
521,14,0.00,0.00,0.00,0.00,1.0,-1,-1,-1
521,15,0.00,0.00,0.00,0.00,1.0,-1,-1,-1
521,16,0.00,0.00,0.00,0.00,1.0,-1,-1,-1
521,17,0.00,0.00,0.00,0.00,1.0,-1,-1,-1
521,18,0.00,0.00,0.00,0.00,1.0,-1,-1,-1
521,19,993.00,479.00,95.00,217.00,1.0,-1,-1,-1
521,20,0.00,0.00,0.00,0.00,1.0,-1,-1,-1
521,21,0.00,0.00,0.00,0.00,1.0,-1,-1,-1
521,22,0.00,0.00,0.00,0.00,1.0,-1,-1,-1
521,23,0.00,0.00,0.00,0.00,1.0,-1,-1,-1
521,24,0.00,0.00,0.00,0.00,1.0,-1,-1,-1
521,25,0.00,0.00,0.00,0.00,1.0,-1,-1,-1
521,26,0.00,0.00,0.00,0.00,1.0,-1,-1,-1
521,27,0.00,0.00,0.00,0.00,1.0,-1,-1,-1
521,28,0.00,0.00,0.00,0.00,1.0,-1,-1,-1
521,29,0.00,0.00,0.00,0.00,1.0,-1,-1,-1
521,30,0.00,0.00,0.00,0.00,1.0,-1,-1,-1
521,31,612.00,944.00,100.00,136.00,1.0,-1,-1,-1
521,32,0.00,0.00,0.00,0.00,1.0,-1,-1,-1
521,33,0.00,0.00,0.00,0.00,1.0,-1,-1,-1
521,34,0.00,0.00,0.00,0.00,1.0,-1,-1,-1
521,35,716.00,792.00,121.00,288.00,1.0,-1,-1,-1
521,36,1844.00,460.00,76.00,113.00,1.0,-1,-1,-1
521,37,1571.00,293.00,53.00,163.00,1.0,-1,-1,-1
521,38,0.00,0.00,0.00,0.00,1.0,-1,-1,-1
521,39,0.00,0.00,0.00,0.00,1.0,-1,-1,-1
521,40,867.00,811.00,106.00,269.00,1.0,-1,-1,-1
521,41,0.00,0.00,0.00,0.00,1.0,-1,-1,-1
521,42,1739.00,503.00,75.00,278.00,1.0,-1,-1,-1
521,43,1518.00,393.00,70.00,232.00,1.0,-1,-1,-1
521,44,1048.00,358.00,75.00,155.00,1.0,-1,-1,-1
521,45,0.00,0.00,0.00,0.00,1.0,-1,-1,-1
521,46,815.00,418.00,84.00,223.00,1.0,-1,-1,-1
521,47,589.00,811.00,189.00,174.00,1.0,-1,-1,-1
521,48,1352.00,418.00,43.00,214.00,1.0,-1,-1,-1
521,49,1146.00,462.00,73.00,227.00,1.0,-1,-1,-1
521,50,1231.00,451.00,95.00,228.00,1.0,-1,-1,-1
521,51,1464.00,439.00,81.00,204.00,1.0,-1,-1,-1
522,0,1161.00,714.00,197.00,320.00,1.0,-1,-1,-1
522,1,0.00,0.00,0.00,0.00,1.0,-1,-1,-1
522,2,0.00,0.00,0.00,0.00,1.0,-1,-1,-1
522,3,0.00,0.00,0.00,0.00,1.0,-1,-1,-1
522,4,0.00,0.00,0.00,0.00,1.0,-1,-1,-1
522,5,1877.00,741.00,43.00,268.00,1.0,-1,-1,-1
522,6,0.00,0.00,0.00,0.00,1.0,-1,-1,-1
522,7,0.00,0.00,0.00,0.00,1.0,-1,-1,-1
522,8,0.00,0.00,0.00,0.00,1.0,-1,-1,-1
522,9,0.00,0.00,0.00,0.00,1.0,-1,-1,-1
522,10,1065.00,464.00,50.00,221.00,1.0,-1,-1,-1
522,11,0.00,0.00,0.00,0.00,1.0,-1,-1,-1
522,12,0.00,0.00,0.00,0.00,1.0,-1,-1,-1
522,13,0.00,0.00,0.00,0.00,1.0,-1,-1,-1
522,14,0.00,0.00,0.00,0.00,1.0,-1,-1,-1
522,15,0.00,0.00,0.00,0.00,1.0,-1,-1,-1
522,16,0.00,0.00,0.00,0.00,1.0,-1,-1,-1
522,17,0.00,0.00,0.00,0.00,1.0,-1,-1,-1
522,18,0.00,0.00,0.00,0.00,1.0,-1,-1,-1
522,19,995.00,480.00,89.00,215.00,1.0,-1,-1,-1
522,20,0.00,0.00,0.00,0.00,1.0,-1,-1,-1
522,21,0.00,0.00,0.00,0.00,1.0,-1,-1,-1
522,22,0.00,0.00,0.00,0.00,1.0,-1,-1,-1
522,23,0.00,0.00,0.00,0.00,1.0,-1,-1,-1
522,24,0.00,0.00,0.00,0.00,1.0,-1,-1,-1
522,25,0.00,0.00,0.00,0.00,1.0,-1,-1,-1
522,26,0.00,0.00,0.00,0.00,1.0,-1,-1,-1
522,27,0.00,0.00,0.00,0.00,1.0,-1,-1,-1
522,28,0.00,0.00,0.00,0.00,1.0,-1,-1,-1
522,29,0.00,0.00,0.00,0.00,1.0,-1,-1,-1
522,30,0.00,0.00,0.00,0.00,1.0,-1,-1,-1
522,31,610.00,946.00,105.00,134.00,1.0,-1,-1,-1
522,32,0.00,0.00,0.00,0.00,1.0,-1,-1,-1
522,33,0.00,0.00,0.00,0.00,1.0,-1,-1,-1
522,34,0.00,0.00,0.00,0.00,1.0,-1,-1,-1
522,35,715.00,793.00,120.00,287.00,1.0,-1,-1,-1
522,36,1840.00,461.00,80.00,89.00,1.0,-1,-1,-1
522,37,1571.00,293.00,53.00,163.00,1.0,-1,-1,-1
522,38,0.00,0.00,0.00,0.00,1.0,-1,-1,-1
522,39,0.00,0.00,0.00,0.00,1.0,-1,-1,-1
522,40,864.00,812.00,108.00,268.00,1.0,-1,-1,-1
522,41,0.00,0.00,0.00,0.00,1.0,-1,-1,-1
522,42,1740.00,502.00,80.00,282.00,1.0,-1,-1,-1
522,43,1519.00,394.00,69.00,231.00,1.0,-1,-1,-1
522,44,1048.00,356.00,75.00,313.00,1.0,-1,-1,-1
522,45,0.00,0.00,0.00,0.00,1.0,-1,-1,-1
522,46,814.00,418.00,85.00,225.00,1.0,-1,-1,-1
522,47,587.00,813.00,192.00,177.00,1.0,-1,-1,-1
522,48,1352.00,420.00,44.00,211.00,1.0,-1,-1,-1
522,49,1145.00,462.00,75.00,228.00,1.0,-1,-1,-1
522,50,1234.00,451.00,92.00,228.00,1.0,-1,-1,-1
522,51,1465.00,439.00,81.00,205.00,1.0,-1,-1,-1
523,0,1159.00,713.00,196.00,321.00,1.0,-1,-1,-1
523,1,0.00,0.00,0.00,0.00,1.0,-1,-1,-1
523,2,0.00,0.00,0.00,0.00,1.0,-1,-1,-1
523,3,0.00,0.00,0.00,0.00,1.0,-1,-1,-1
523,4,0.00,0.00,0.00,0.00,1.0,-1,-1,-1
523,5,1875.00,724.00,45.00,288.00,1.0,-1,-1,-1
523,6,0.00,0.00,0.00,0.00,1.0,-1,-1,-1
523,7,0.00,0.00,0.00,0.00,1.0,-1,-1,-1
523,8,0.00,0.00,0.00,0.00,1.0,-1,-1,-1
523,9,0.00,0.00,0.00,0.00,1.0,-1,-1,-1
523,10,1066.00,464.00,48.00,222.00,1.0,-1,-1,-1
523,11,0.00,0.00,0.00,0.00,1.0,-1,-1,-1
523,12,0.00,0.00,0.00,0.00,1.0,-1,-1,-1
523,13,0.00,0.00,0.00,0.00,1.0,-1,-1,-1
523,14,0.00,0.00,0.00,0.00,1.0,-1,-1,-1
523,15,0.00,0.00,0.00,0.00,1.0,-1,-1,-1
523,16,0.00,0.00,0.00,0.00,1.0,-1,-1,-1
523,17,0.00,0.00,0.00,0.00,1.0,-1,-1,-1
523,18,0.00,0.00,0.00,0.00,1.0,-1,-1,-1
523,19,993.00,478.00,91.00,217.00,1.0,-1,-1,-1
523,20,0.00,0.00,0.00,0.00,1.0,-1,-1,-1
523,21,0.00,0.00,0.00,0.00,1.0,-1,-1,-1
523,22,0.00,0.00,0.00,0.00,1.0,-1,-1,-1
523,23,0.00,0.00,0.00,0.00,1.0,-1,-1,-1
523,24,0.00,0.00,0.00,0.00,1.0,-1,-1,-1
523,25,0.00,0.00,0.00,0.00,1.0,-1,-1,-1
523,26,0.00,0.00,0.00,0.00,1.0,-1,-1,-1
523,27,0.00,0.00,0.00,0.00,1.0,-1,-1,-1
523,28,0.00,0.00,0.00,0.00,1.0,-1,-1,-1
523,29,0.00,0.00,0.00,0.00,1.0,-1,-1,-1
523,30,0.00,0.00,0.00,0.00,1.0,-1,-1,-1
523,31,610.00,947.00,106.00,133.00,1.0,-1,-1,-1
523,32,0.00,0.00,0.00,0.00,1.0,-1,-1,-1
523,33,0.00,0.00,0.00,0.00,1.0,-1,-1,-1
523,34,0.00,0.00,0.00,0.00,1.0,-1,-1,-1
523,35,713.00,796.00,119.00,284.00,1.0,-1,-1,-1
523,36,1833.00,463.00,82.00,105.00,1.0,-1,-1,-1
523,37,1571.00,293.00,53.00,162.00,1.0,-1,-1,-1
523,38,0.00,0.00,0.00,0.00,1.0,-1,-1,-1
523,39,0.00,0.00,0.00,0.00,1.0,-1,-1,-1
523,40,864.00,815.00,106.00,265.00,1.0,-1,-1,-1
523,41,0.00,0.00,0.00,0.00,1.0,-1,-1,-1
523,42,1740.00,505.00,90.00,282.00,1.0,-1,-1,-1
523,43,1520.00,395.00,68.00,231.00,1.0,-1,-1,-1
523,44,1048.00,356.00,76.00,313.00,1.0,-1,-1,-1
523,45,0.00,0.00,0.00,0.00,1.0,-1,-1,-1
523,46,815.00,420.00,84.00,223.00,1.0,-1,-1,-1
523,47,586.00,815.00,194.00,184.00,1.0,-1,-1,-1
523,48,1347.00,421.00,49.00,208.00,1.0,-1,-1,-1
523,49,1145.00,461.00,74.00,229.00,1.0,-1,-1,-1
523,50,1231.00,449.00,96.00,229.00,1.0,-1,-1,-1
523,51,1465.00,439.00,82.00,206.00,1.0,-1,-1,-1
524,0,1157.00,712.00,195.00,321.00,1.0,-1,-1,-1
524,1,0.00,0.00,0.00,0.00,1.0,-1,-1,-1
524,2,0.00,0.00,0.00,0.00,1.0,-1,-1,-1
524,3,0.00,0.00,0.00,0.00,1.0,-1,-1,-1
524,4,0.00,0.00,0.00,0.00,1.0,-1,-1,-1
524,5,1871.00,724.00,49.00,290.00,1.0,-1,-1,-1
524,6,0.00,0.00,0.00,0.00,1.0,-1,-1,-1
524,7,0.00,0.00,0.00,0.00,1.0,-1,-1,-1
524,8,0.00,0.00,0.00,0.00,1.0,-1,-1,-1
524,9,0.00,0.00,0.00,0.00,1.0,-1,-1,-1
524,10,1067.00,464.00,48.00,223.00,1.0,-1,-1,-1
524,11,0.00,0.00,0.00,0.00,1.0,-1,-1,-1
524,12,0.00,0.00,0.00,0.00,1.0,-1,-1,-1
524,13,0.00,0.00,0.00,0.00,1.0,-1,-1,-1
524,14,0.00,0.00,0.00,0.00,1.0,-1,-1,-1
524,15,0.00,0.00,0.00,0.00,1.0,-1,-1,-1
524,16,0.00,0.00,0.00,0.00,1.0,-1,-1,-1
524,17,0.00,0.00,0.00,0.00,1.0,-1,-1,-1
524,18,0.00,0.00,0.00,0.00,1.0,-1,-1,-1
524,19,990.00,478.00,94.00,218.00,1.0,-1,-1,-1
524,20,0.00,0.00,0.00,0.00,1.0,-1,-1,-1
524,21,0.00,0.00,0.00,0.00,1.0,-1,-1,-1
524,22,0.00,0.00,0.00,0.00,1.0,-1,-1,-1
524,23,0.00,0.00,0.00,0.00,1.0,-1,-1,-1
524,24,0.00,0.00,0.00,0.00,1.0,-1,-1,-1
524,25,0.00,0.00,0.00,0.00,1.0,-1,-1,-1
524,26,0.00,0.00,0.00,0.00,1.0,-1,-1,-1
524,27,0.00,0.00,0.00,0.00,1.0,-1,-1,-1
524,28,0.00,0.00,0.00,0.00,1.0,-1,-1,-1
524,29,0.00,0.00,0.00,0.00,1.0,-1,-1,-1
524,30,0.00,0.00,0.00,0.00,1.0,-1,-1,-1
524,31,609.00,948.00,108.00,132.00,1.0,-1,-1,-1
524,32,0.00,0.00,0.00,0.00,1.0,-1,-1,-1
524,33,0.00,0.00,0.00,0.00,1.0,-1,-1,-1
524,34,0.00,0.00,0.00,0.00,1.0,-1,-1,-1
524,35,711.00,799.00,119.00,281.00,1.0,-1,-1,-1
524,36,1831.00,465.00,72.00,256.00,1.0,-1,-1,-1
524,37,1571.00,293.00,53.00,163.00,1.0,-1,-1,-1
524,38,0.00,0.00,0.00,0.00,1.0,-1,-1,-1
524,39,0.00,0.00,0.00,0.00,1.0,-1,-1,-1
524,40,863.00,815.00,106.00,265.00,1.0,-1,-1,-1
524,41,0.00,0.00,0.00,0.00,1.0,-1,-1,-1
524,42,1739.00,507.00,107.00,280.00,1.0,-1,-1,-1
524,43,1521.00,397.00,68.00,230.00,1.0,-1,-1,-1
524,44,1048.00,357.00,76.00,155.00,1.0,-1,-1,-1
524,45,0.00,0.00,0.00,0.00,1.0,-1,-1,-1
524,46,814.00,418.00,85.00,225.00,1.0,-1,-1,-1
524,47,584.00,817.00,197.00,192.00,1.0,-1,-1,-1
524,48,1347.00,422.00,50.00,208.00,1.0,-1,-1,-1
524,49,1144.00,461.00,75.00,229.00,1.0,-1,-1,-1
524,50,1234.00,451.00,91.00,232.00,1.0,-1,-1,-1
524,51,1465.00,440.00,83.00,205.00,1.0,-1,-1,-1
525,0,1155.00,711.00,195.00,321.00,1.0,-1,-1,-1
525,1,0.00,0.00,0.00,0.00,1.0,-1,-1,-1
525,2,0.00,0.00,0.00,0.00,1.0,-1,-1,-1
525,3,0.00,0.00,0.00,0.00,1.0,-1,-1,-1
525,4,0.00,0.00,0.00,0.00,1.0,-1,-1,-1
525,5,1861.00,709.00,59.00,304.00,1.0,-1,-1,-1
525,6,0.00,0.00,0.00,0.00,1.0,-1,-1,-1
525,7,0.00,0.00,0.00,0.00,1.0,-1,-1,-1
525,8,0.00,0.00,0.00,0.00,1.0,-1,-1,-1
525,9,0.00,0.00,0.00,0.00,1.0,-1,-1,-1
525,10,1067.00,463.00,48.00,219.00,1.0,-1,-1,-1
525,11,0.00,0.00,0.00,0.00,1.0,-1,-1,-1
525,12,0.00,0.00,0.00,0.00,1.0,-1,-1,-1
525,13,0.00,0.00,0.00,0.00,1.0,-1,-1,-1
525,14,0.00,0.00,0.00,0.00,1.0,-1,-1,-1
525,15,0.00,0.00,0.00,0.00,1.0,-1,-1,-1
525,16,0.00,0.00,0.00,0.00,1.0,-1,-1,-1
525,17,0.00,0.00,0.00,0.00,1.0,-1,-1,-1
525,18,0.00,0.00,0.00,0.00,1.0,-1,-1,-1
525,19,988.00,477.00,97.00,218.00,1.0,-1,-1,-1
525,20,0.00,0.00,0.00,0.00,1.0,-1,-1,-1
525,21,0.00,0.00,0.00,0.00,1.0,-1,-1,-1
525,22,0.00,0.00,0.00,0.00,1.0,-1,-1,-1
525,23,0.00,0.00,0.00,0.00,1.0,-1,-1,-1
525,24,0.00,0.00,0.00,0.00,1.0,-1,-1,-1
525,25,0.00,0.00,0.00,0.00,1.0,-1,-1,-1
525,26,0.00,0.00,0.00,0.00,1.0,-1,-1,-1
525,27,0.00,0.00,0.00,0.00,1.0,-1,-1,-1
525,28,0.00,0.00,0.00,0.00,1.0,-1,-1,-1
525,29,0.00,0.00,0.00,0.00,1.0,-1,-1,-1
525,30,0.00,0.00,0.00,0.00,1.0,-1,-1,-1
525,31,611.00,946.00,107.00,134.00,1.0,-1,-1,-1
525,32,0.00,0.00,0.00,0.00,1.0,-1,-1,-1
525,33,0.00,0.00,0.00,0.00,1.0,-1,-1,-1
525,34,0.00,0.00,0.00,0.00,1.0,-1,-1,-1
525,35,710.00,801.00,120.00,279.00,1.0,-1,-1,-1
525,36,1830.00,464.00,72.00,258.00,1.0,-1,-1,-1
525,37,1572.00,291.00,53.00,164.00,1.0,-1,-1,-1
525,38,0.00,0.00,0.00,0.00,1.0,-1,-1,-1
525,39,0.00,0.00,0.00,0.00,1.0,-1,-1,-1
525,40,861.00,817.00,107.00,263.00,1.0,-1,-1,-1
525,41,0.00,0.00,0.00,0.00,1.0,-1,-1,-1
525,42,1740.00,508.00,125.00,280.00,1.0,-1,-1,-1
525,43,1523.00,397.00,71.00,230.00,1.0,-1,-1,-1
525,44,1049.00,355.00,76.00,156.00,1.0,-1,-1,-1
525,45,0.00,0.00,0.00,0.00,1.0,-1,-1,-1
525,46,815.00,418.00,84.00,223.00,1.0,-1,-1,-1
525,47,584.00,817.00,199.00,195.00,1.0,-1,-1,-1
525,48,1354.00,421.00,47.00,206.00,1.0,-1,-1,-1
525,49,1145.00,459.00,72.00,228.00,1.0,-1,-1,-1
525,50,1231.00,450.00,93.00,235.00,1.0,-1,-1,-1
525,51,1466.00,440.00,82.00,206.00,1.0,-1,-1,-1
526,0,1154.00,711.00,195.00,321.00,1.0,-1,-1,-1
526,1,0.00,0.00,0.00,0.00,1.0,-1,-1,-1
526,2,0.00,0.00,0.00,0.00,1.0,-1,-1,-1
526,3,0.00,0.00,0.00,0.00,1.0,-1,-1,-1
526,4,0.00,0.00,0.00,0.00,1.0,-1,-1,-1
526,5,1853.00,692.00,67.00,321.00,1.0,-1,-1,-1
526,6,0.00,0.00,0.00,0.00,1.0,-1,-1,-1
526,7,0.00,0.00,0.00,0.00,1.0,-1,-1,-1
526,8,0.00,0.00,0.00,0.00,1.0,-1,-1,-1
526,9,0.00,0.00,0.00,0.00,1.0,-1,-1,-1
526,10,1068.00,462.00,49.00,220.00,1.0,-1,-1,-1
526,11,0.00,0.00,0.00,0.00,1.0,-1,-1,-1
526,12,0.00,0.00,0.00,0.00,1.0,-1,-1,-1
526,13,0.00,0.00,0.00,0.00,1.0,-1,-1,-1
526,14,0.00,0.00,0.00,0.00,1.0,-1,-1,-1
526,15,0.00,0.00,0.00,0.00,1.0,-1,-1,-1
526,16,0.00,0.00,0.00,0.00,1.0,-1,-1,-1
526,17,0.00,0.00,0.00,0.00,1.0,-1,-1,-1
526,18,0.00,0.00,0.00,0.00,1.0,-1,-1,-1
526,19,986.00,475.00,97.00,219.00,1.0,-1,-1,-1
526,20,0.00,0.00,0.00,0.00,1.0,-1,-1,-1
526,21,0.00,0.00,0.00,0.00,1.0,-1,-1,-1
526,22,0.00,0.00,0.00,0.00,1.0,-1,-1,-1
526,23,0.00,0.00,0.00,0.00,1.0,-1,-1,-1
526,24,0.00,0.00,0.00,0.00,1.0,-1,-1,-1
526,25,0.00,0.00,0.00,0.00,1.0,-1,-1,-1
526,26,0.00,0.00,0.00,0.00,1.0,-1,-1,-1
526,27,0.00,0.00,0.00,0.00,1.0,-1,-1,-1
526,28,0.00,0.00,0.00,0.00,1.0,-1,-1,-1
526,29,0.00,0.00,0.00,0.00,1.0,-1,-1,-1
526,30,0.00,0.00,0.00,0.00,1.0,-1,-1,-1
526,31,610.00,951.00,110.00,129.00,1.0,-1,-1,-1
526,32,0.00,0.00,0.00,0.00,1.0,-1,-1,-1
526,33,0.00,0.00,0.00,0.00,1.0,-1,-1,-1
526,34,0.00,0.00,0.00,0.00,1.0,-1,-1,-1
526,35,709.00,802.00,121.00,278.00,1.0,-1,-1,-1
526,36,1834.00,464.00,70.00,258.00,1.0,-1,-1,-1
526,37,1574.00,290.00,54.00,165.00,1.0,-1,-1,-1
526,38,0.00,0.00,0.00,0.00,1.0,-1,-1,-1
526,39,0.00,0.00,0.00,0.00,1.0,-1,-1,-1
526,40,861.00,818.00,107.00,262.00,1.0,-1,-1,-1
526,41,0.00,0.00,0.00,0.00,1.0,-1,-1,-1
526,42,1742.00,511.00,131.00,278.00,1.0,-1,-1,-1
526,43,1525.00,399.00,68.00,228.00,1.0,-1,-1,-1
526,44,1051.00,354.00,75.00,156.00,1.0,-1,-1,-1
526,45,0.00,0.00,0.00,0.00,1.0,-1,-1,-1
526,46,816.00,416.00,79.00,224.00,1.0,-1,-1,-1
526,47,580.00,817.00,203.00,197.00,1.0,-1,-1,-1
526,48,1357.00,421.00,51.00,192.00,1.0,-1,-1,-1
526,49,1146.00,460.00,74.00,229.00,1.0,-1,-1,-1
526,50,1234.00,452.00,91.00,233.00,1.0,-1,-1,-1
526,51,1465.00,443.00,85.00,204.00,1.0,-1,-1,-1
527,0,1151.00,711.00,197.00,320.00,1.0,-1,-1,-1
527,1,0.00,0.00,0.00,0.00,1.0,-1,-1,-1
527,2,0.00,0.00,0.00,0.00,1.0,-1,-1,-1
527,3,0.00,0.00,0.00,0.00,1.0,-1,-1,-1
527,4,0.00,0.00,0.00,0.00,1.0,-1,-1,-1
527,5,1844.00,677.00,76.00,335.00,1.0,-1,-1,-1
527,6,0.00,0.00,0.00,0.00,1.0,-1,-1,-1
527,7,0.00,0.00,0.00,0.00,1.0,-1,-1,-1
527,8,0.00,0.00,0.00,0.00,1.0,-1,-1,-1
527,9,0.00,0.00,0.00,0.00,1.0,-1,-1,-1
527,10,1068.00,462.00,51.00,217.00,1.0,-1,-1,-1
527,11,0.00,0.00,0.00,0.00,1.0,-1,-1,-1
527,12,0.00,0.00,0.00,0.00,1.0,-1,-1,-1
527,13,0.00,0.00,0.00,0.00,1.0,-1,-1,-1
527,14,0.00,0.00,0.00,0.00,1.0,-1,-1,-1
527,15,0.00,0.00,0.00,0.00,1.0,-1,-1,-1
527,16,0.00,0.00,0.00,0.00,1.0,-1,-1,-1
527,17,0.00,0.00,0.00,0.00,1.0,-1,-1,-1
527,18,0.00,0.00,0.00,0.00,1.0,-1,-1,-1
527,19,986.00,475.00,105.00,218.00,1.0,-1,-1,-1
527,20,0.00,0.00,0.00,0.00,1.0,-1,-1,-1
527,21,0.00,0.00,0.00,0.00,1.0,-1,-1,-1
527,22,0.00,0.00,0.00,0.00,1.0,-1,-1,-1
527,23,0.00,0.00,0.00,0.00,1.0,-1,-1,-1
527,24,0.00,0.00,0.00,0.00,1.0,-1,-1,-1
527,25,0.00,0.00,0.00,0.00,1.0,-1,-1,-1
527,26,0.00,0.00,0.00,0.00,1.0,-1,-1,-1
527,27,0.00,0.00,0.00,0.00,1.0,-1,-1,-1
527,28,0.00,0.00,0.00,0.00,1.0,-1,-1,-1
527,29,0.00,0.00,0.00,0.00,1.0,-1,-1,-1
527,30,0.00,0.00,0.00,0.00,1.0,-1,-1,-1
527,31,611.00,948.00,112.00,132.00,1.0,-1,-1,-1
527,32,0.00,0.00,0.00,0.00,1.0,-1,-1,-1
527,33,0.00,0.00,0.00,0.00,1.0,-1,-1,-1
527,34,0.00,0.00,0.00,0.00,1.0,-1,-1,-1
527,35,709.00,803.00,122.00,277.00,1.0,-1,-1,-1
527,36,1837.00,462.00,69.00,258.00,1.0,-1,-1,-1
527,37,1576.00,290.00,53.00,165.00,1.0,-1,-1,-1
527,38,0.00,0.00,0.00,0.00,1.0,-1,-1,-1
527,39,0.00,0.00,0.00,0.00,1.0,-1,-1,-1
527,40,859.00,821.00,108.00,259.00,1.0,-1,-1,-1
527,41,0.00,0.00,0.00,0.00,1.0,-1,-1,-1
527,42,1747.00,507.00,121.00,278.00,1.0,-1,-1,-1
527,43,1527.00,400.00,74.00,229.00,1.0,-1,-1,-1
527,44,1051.00,354.00,78.00,154.00,1.0,-1,-1,-1
527,45,0.00,0.00,0.00,0.00,1.0,-1,-1,-1
527,46,816.00,416.00,80.00,224.00,1.0,-1,-1,-1
527,47,580.00,817.00,203.00,201.00,1.0,-1,-1,-1
527,48,1361.00,420.00,49.00,193.00,1.0,-1,-1,-1
527,49,1146.00,461.00,76.00,230.00,1.0,-1,-1,-1
527,50,1233.00,455.00,92.00,230.00,1.0,-1,-1,-1
527,51,1469.00,444.00,82.00,202.00,1.0,-1,-1,-1
528,0,1149.00,712.00,198.00,318.00,1.0,-1,-1,-1
528,1,0.00,0.00,0.00,0.00,1.0,-1,-1,-1
528,2,0.00,0.00,0.00,0.00,1.0,-1,-1,-1
528,3,0.00,0.00,0.00,0.00,1.0,-1,-1,-1
528,4,0.00,0.00,0.00,0.00,1.0,-1,-1,-1
528,5,1835.00,683.00,85.00,329.00,1.0,-1,-1,-1
528,6,0.00,0.00,0.00,0.00,1.0,-1,-1,-1
528,7,0.00,0.00,0.00,0.00,1.0,-1,-1,-1
528,8,0.00,0.00,0.00,0.00,1.0,-1,-1,-1
528,9,0.00,0.00,0.00,0.00,1.0,-1,-1,-1
528,10,1068.00,462.00,52.00,216.00,1.0,-1,-1,-1
528,11,0.00,0.00,0.00,0.00,1.0,-1,-1,-1
528,12,0.00,0.00,0.00,0.00,1.0,-1,-1,-1
528,13,0.00,0.00,0.00,0.00,1.0,-1,-1,-1
528,14,0.00,0.00,0.00,0.00,1.0,-1,-1,-1
528,15,0.00,0.00,0.00,0.00,1.0,-1,-1,-1
528,16,0.00,0.00,0.00,0.00,1.0,-1,-1,-1
528,17,0.00,0.00,0.00,0.00,1.0,-1,-1,-1
528,18,0.00,0.00,0.00,0.00,1.0,-1,-1,-1
528,19,985.00,474.00,108.00,218.00,1.0,-1,-1,-1
528,20,0.00,0.00,0.00,0.00,1.0,-1,-1,-1
528,21,0.00,0.00,0.00,0.00,1.0,-1,-1,-1
528,22,0.00,0.00,0.00,0.00,1.0,-1,-1,-1
528,23,0.00,0.00,0.00,0.00,1.0,-1,-1,-1
528,24,0.00,0.00,0.00,0.00,1.0,-1,-1,-1
528,25,0.00,0.00,0.00,0.00,1.0,-1,-1,-1
528,26,0.00,0.00,0.00,0.00,1.0,-1,-1,-1
528,27,0.00,0.00,0.00,0.00,1.0,-1,-1,-1
528,28,0.00,0.00,0.00,0.00,1.0,-1,-1,-1
528,29,0.00,0.00,0.00,0.00,1.0,-1,-1,-1
528,30,0.00,0.00,0.00,0.00,1.0,-1,-1,-1
528,31,611.00,951.00,112.00,129.00,1.0,-1,-1,-1
528,32,0.00,0.00,0.00,0.00,1.0,-1,-1,-1
528,33,0.00,0.00,0.00,0.00,1.0,-1,-1,-1
528,34,0.00,0.00,0.00,0.00,1.0,-1,-1,-1
528,35,707.00,802.00,123.00,278.00,1.0,-1,-1,-1
528,36,1844.00,462.00,63.00,256.00,1.0,-1,-1,-1
528,37,1576.00,290.00,54.00,166.00,1.0,-1,-1,-1
528,38,0.00,0.00,0.00,0.00,1.0,-1,-1,-1
528,39,0.00,0.00,0.00,0.00,1.0,-1,-1,-1
528,40,857.00,824.00,108.00,256.00,1.0,-1,-1,-1
528,41,0.00,0.00,0.00,0.00,1.0,-1,-1,-1
528,42,1754.00,508.00,111.00,276.00,1.0,-1,-1,-1
528,43,1528.00,400.00,74.00,230.00,1.0,-1,-1,-1
528,44,1052.00,352.00,77.00,156.00,1.0,-1,-1,-1
528,45,0.00,0.00,0.00,0.00,1.0,-1,-1,-1
528,46,816.00,414.00,80.00,226.00,1.0,-1,-1,-1
528,47,578.00,818.00,205.00,203.00,1.0,-1,-1,-1
528,48,1365.00,418.00,49.00,106.00,1.0,-1,-1,-1
528,49,1147.00,464.00,76.00,230.00,1.0,-1,-1,-1
528,50,1237.00,456.00,89.00,231.00,1.0,-1,-1,-1
528,51,1470.00,447.00,82.00,202.00,1.0,-1,-1,-1
529,0,1148.00,714.00,198.00,317.00,1.0,-1,-1,-1
529,1,0.00,0.00,0.00,0.00,1.0,-1,-1,-1
529,2,0.00,0.00,0.00,0.00,1.0,-1,-1,-1
529,3,0.00,0.00,0.00,0.00,1.0,-1,-1,-1
529,4,0.00,0.00,0.00,0.00,1.0,-1,-1,-1
529,5,1826.00,683.00,94.00,329.00,1.0,-1,-1,-1
529,6,0.00,0.00,0.00,0.00,1.0,-1,-1,-1
529,7,0.00,0.00,0.00,0.00,1.0,-1,-1,-1
529,8,0.00,0.00,0.00,0.00,1.0,-1,-1,-1
529,9,0.00,0.00,0.00,0.00,1.0,-1,-1,-1
529,10,1068.00,462.00,51.00,216.00,1.0,-1,-1,-1
529,11,0.00,0.00,0.00,0.00,1.0,-1,-1,-1
529,12,0.00,0.00,0.00,0.00,1.0,-1,-1,-1
529,13,0.00,0.00,0.00,0.00,1.0,-1,-1,-1
529,14,0.00,0.00,0.00,0.00,1.0,-1,-1,-1
529,15,0.00,0.00,0.00,0.00,1.0,-1,-1,-1
529,16,0.00,0.00,0.00,0.00,1.0,-1,-1,-1
529,17,0.00,0.00,0.00,0.00,1.0,-1,-1,-1
529,18,0.00,0.00,0.00,0.00,1.0,-1,-1,-1
529,19,984.00,475.00,110.00,217.00,1.0,-1,-1,-1
529,20,0.00,0.00,0.00,0.00,1.0,-1,-1,-1
529,21,0.00,0.00,0.00,0.00,1.0,-1,-1,-1
529,22,0.00,0.00,0.00,0.00,1.0,-1,-1,-1
529,23,0.00,0.00,0.00,0.00,1.0,-1,-1,-1
529,24,0.00,0.00,0.00,0.00,1.0,-1,-1,-1
529,25,0.00,0.00,0.00,0.00,1.0,-1,-1,-1
529,26,0.00,0.00,0.00,0.00,1.0,-1,-1,-1
529,27,0.00,0.00,0.00,0.00,1.0,-1,-1,-1
529,28,0.00,0.00,0.00,0.00,1.0,-1,-1,-1
529,29,0.00,0.00,0.00,0.00,1.0,-1,-1,-1
529,30,0.00,0.00,0.00,0.00,1.0,-1,-1,-1
529,31,611.00,951.00,114.00,129.00,1.0,-1,-1,-1
529,32,0.00,0.00,0.00,0.00,1.0,-1,-1,-1
529,33,0.00,0.00,0.00,0.00,1.0,-1,-1,-1
529,34,0.00,0.00,0.00,0.00,1.0,-1,-1,-1
529,35,704.00,803.00,126.00,277.00,1.0,-1,-1,-1
529,36,1848.00,464.00,60.00,249.00,1.0,-1,-1,-1
529,37,1577.00,290.00,53.00,166.00,1.0,-1,-1,-1
529,38,0.00,0.00,0.00,0.00,1.0,-1,-1,-1
529,39,0.00,0.00,0.00,0.00,1.0,-1,-1,-1
529,40,855.00,826.00,107.00,254.00,1.0,-1,-1,-1
529,41,0.00,0.00,0.00,0.00,1.0,-1,-1,-1
529,42,1761.00,508.00,114.00,269.00,1.0,-1,-1,-1
529,43,1528.00,401.00,75.00,230.00,1.0,-1,-1,-1
529,44,1052.00,353.00,77.00,155.00,1.0,-1,-1,-1
529,45,0.00,0.00,0.00,0.00,1.0,-1,-1,-1
529,46,815.00,415.00,82.00,225.00,1.0,-1,-1,-1
529,47,576.00,818.00,205.00,204.00,1.0,-1,-1,-1
529,48,1368.00,418.00,48.00,88.00,1.0,-1,-1,-1
529,49,1147.00,466.00,74.00,228.00,1.0,-1,-1,-1
529,50,1239.00,458.00,89.00,229.00,1.0,-1,-1,-1
529,51,1471.00,449.00,81.00,201.00,1.0,-1,-1,-1
530,0,1147.00,713.00,198.00,317.00,1.0,-1,-1,-1
530,1,0.00,0.00,0.00,0.00,1.0,-1,-1,-1
530,2,0.00,0.00,0.00,0.00,1.0,-1,-1,-1
530,3,0.00,0.00,0.00,0.00,1.0,-1,-1,-1
530,4,0.00,0.00,0.00,0.00,1.0,-1,-1,-1
530,5,1821.00,679.00,99.00,332.00,1.0,-1,-1,-1
530,6,0.00,0.00,0.00,0.00,1.0,-1,-1,-1
530,7,0.00,0.00,0.00,0.00,1.0,-1,-1,-1
530,8,0.00,0.00,0.00,0.00,1.0,-1,-1,-1
530,9,0.00,0.00,0.00,0.00,1.0,-1,-1,-1
530,10,1068.00,461.00,52.00,215.00,1.0,-1,-1,-1
530,11,0.00,0.00,0.00,0.00,1.0,-1,-1,-1
530,12,0.00,0.00,0.00,0.00,1.0,-1,-1,-1
530,13,0.00,0.00,0.00,0.00,1.0,-1,-1,-1
530,14,0.00,0.00,0.00,0.00,1.0,-1,-1,-1
530,15,0.00,0.00,0.00,0.00,1.0,-1,-1,-1
530,16,0.00,0.00,0.00,0.00,1.0,-1,-1,-1
530,17,0.00,0.00,0.00,0.00,1.0,-1,-1,-1
530,18,0.00,0.00,0.00,0.00,1.0,-1,-1,-1
530,19,983.00,474.00,113.00,216.00,1.0,-1,-1,-1
530,20,0.00,0.00,0.00,0.00,1.0,-1,-1,-1
530,21,0.00,0.00,0.00,0.00,1.0,-1,-1,-1
530,22,0.00,0.00,0.00,0.00,1.0,-1,-1,-1
530,23,0.00,0.00,0.00,0.00,1.0,-1,-1,-1
530,24,0.00,0.00,0.00,0.00,1.0,-1,-1,-1
530,25,0.00,0.00,0.00,0.00,1.0,-1,-1,-1
530,26,0.00,0.00,0.00,0.00,1.0,-1,-1,-1
530,27,0.00,0.00,0.00,0.00,1.0,-1,-1,-1
530,28,0.00,0.00,0.00,0.00,1.0,-1,-1,-1
530,29,0.00,0.00,0.00,0.00,1.0,-1,-1,-1
530,30,0.00,0.00,0.00,0.00,1.0,-1,-1,-1
530,31,613.00,948.00,112.00,132.00,1.0,-1,-1,-1
530,32,0.00,0.00,0.00,0.00,1.0,-1,-1,-1
530,33,0.00,0.00,0.00,0.00,1.0,-1,-1,-1
530,34,0.00,0.00,0.00,0.00,1.0,-1,-1,-1
530,35,702.00,804.00,128.00,276.00,1.0,-1,-1,-1
530,36,1852.00,456.00,58.00,143.00,1.0,-1,-1,-1
530,37,1577.00,289.00,54.00,166.00,1.0,-1,-1,-1
530,38,0.00,0.00,0.00,0.00,1.0,-1,-1,-1
530,39,0.00,0.00,0.00,0.00,1.0,-1,-1,-1
530,40,851.00,827.00,109.00,253.00,1.0,-1,-1,-1
530,41,0.00,0.00,0.00,0.00,1.0,-1,-1,-1
530,42,1771.00,505.00,111.00,270.00,1.0,-1,-1,-1
530,43,1530.00,400.00,75.00,229.00,1.0,-1,-1,-1
530,44,1054.00,352.00,76.00,157.00,1.0,-1,-1,-1
530,45,0.00,0.00,0.00,0.00,1.0,-1,-1,-1
530,46,814.00,417.00,84.00,225.00,1.0,-1,-1,-1
530,47,575.00,817.00,204.00,208.00,1.0,-1,-1,-1
530,48,1370.00,417.00,48.00,76.00,1.0,-1,-1,-1
530,49,1146.00,466.00,75.00,230.00,1.0,-1,-1,-1
530,50,1238.00,458.00,87.00,230.00,1.0,-1,-1,-1
530,51,1470.00,448.00,83.00,203.00,1.0,-1,-1,-1
531,0,1148.00,713.00,198.00,316.00,1.0,-1,-1,-1
531,1,0.00,0.00,0.00,0.00,1.0,-1,-1,-1
531,2,0.00,0.00,0.00,0.00,1.0,-1,-1,-1
531,3,0.00,0.00,0.00,0.00,1.0,-1,-1,-1
531,4,0.00,0.00,0.00,0.00,1.0,-1,-1,-1
531,5,1816.00,679.00,104.00,331.00,1.0,-1,-1,-1
531,6,0.00,0.00,0.00,0.00,1.0,-1,-1,-1
531,7,0.00,0.00,0.00,0.00,1.0,-1,-1,-1
531,8,0.00,0.00,0.00,0.00,1.0,-1,-1,-1
531,9,0.00,0.00,0.00,0.00,1.0,-1,-1,-1
531,10,1069.00,460.00,52.00,211.00,1.0,-1,-1,-1
531,11,0.00,0.00,0.00,0.00,1.0,-1,-1,-1
531,12,0.00,0.00,0.00,0.00,1.0,-1,-1,-1
531,13,0.00,0.00,0.00,0.00,1.0,-1,-1,-1
531,14,0.00,0.00,0.00,0.00,1.0,-1,-1,-1
531,15,0.00,0.00,0.00,0.00,1.0,-1,-1,-1
531,16,0.00,0.00,0.00,0.00,1.0,-1,-1,-1
531,17,0.00,0.00,0.00,0.00,1.0,-1,-1,-1
531,18,0.00,0.00,0.00,0.00,1.0,-1,-1,-1
531,19,984.00,473.00,115.00,217.00,1.0,-1,-1,-1
531,20,0.00,0.00,0.00,0.00,1.0,-1,-1,-1
531,21,0.00,0.00,0.00,0.00,1.0,-1,-1,-1
531,22,0.00,0.00,0.00,0.00,1.0,-1,-1,-1
531,23,0.00,0.00,0.00,0.00,1.0,-1,-1,-1
531,24,0.00,0.00,0.00,0.00,1.0,-1,-1,-1
531,25,0.00,0.00,0.00,0.00,1.0,-1,-1,-1
531,26,0.00,0.00,0.00,0.00,1.0,-1,-1,-1
531,27,0.00,0.00,0.00,0.00,1.0,-1,-1,-1
531,28,0.00,0.00,0.00,0.00,1.0,-1,-1,-1
531,29,0.00,0.00,0.00,0.00,1.0,-1,-1,-1
531,30,0.00,0.00,0.00,0.00,1.0,-1,-1,-1
531,31,613.00,944.00,113.00,136.00,1.0,-1,-1,-1
531,32,0.00,0.00,0.00,0.00,1.0,-1,-1,-1
531,33,0.00,0.00,0.00,0.00,1.0,-1,-1,-1
531,34,0.00,0.00,0.00,0.00,1.0,-1,-1,-1
531,35,701.00,803.00,129.00,277.00,1.0,-1,-1,-1
531,36,1852.00,459.00,59.00,139.00,1.0,-1,-1,-1
531,37,1578.00,288.00,54.00,169.00,1.0,-1,-1,-1
531,38,0.00,0.00,0.00,0.00,1.0,-1,-1,-1
531,39,0.00,0.00,0.00,0.00,1.0,-1,-1,-1
531,40,849.00,826.00,108.00,254.00,1.0,-1,-1,-1
531,41,0.00,0.00,0.00,0.00,1.0,-1,-1,-1
531,42,1785.00,505.00,104.00,267.00,1.0,-1,-1,-1
531,43,1531.00,398.00,74.00,235.00,1.0,-1,-1,-1
531,44,1054.00,352.00,76.00,156.00,1.0,-1,-1,-1
531,45,0.00,0.00,0.00,0.00,1.0,-1,-1,-1
531,46,813.00,418.00,85.00,226.00,1.0,-1,-1,-1
531,47,575.00,816.00,204.00,211.00,1.0,-1,-1,-1
531,48,1372.00,419.00,49.00,72.00,1.0,-1,-1,-1
531,49,1146.00,468.00,75.00,228.00,1.0,-1,-1,-1
531,50,1237.00,455.00,86.00,233.00,1.0,-1,-1,-1
531,51,1473.00,447.00,82.00,204.00,1.0,-1,-1,-1
532,0,1150.00,714.00,197.00,315.00,1.0,-1,-1,-1
532,1,0.00,0.00,0.00,0.00,1.0,-1,-1,-1
532,2,0.00,0.00,0.00,0.00,1.0,-1,-1,-1
532,3,0.00,0.00,0.00,0.00,1.0,-1,-1,-1
532,4,0.00,0.00,0.00,0.00,1.0,-1,-1,-1
532,5,1814.00,680.00,106.00,330.00,1.0,-1,-1,-1
532,6,0.00,0.00,0.00,0.00,1.0,-1,-1,-1
532,7,0.00,0.00,0.00,0.00,1.0,-1,-1,-1
532,8,0.00,0.00,0.00,0.00,1.0,-1,-1,-1
532,9,0.00,0.00,0.00,0.00,1.0,-1,-1,-1
532,10,1068.00,459.00,54.00,212.00,1.0,-1,-1,-1
532,11,0.00,0.00,0.00,0.00,1.0,-1,-1,-1
532,12,0.00,0.00,0.00,0.00,1.0,-1,-1,-1
532,13,0.00,0.00,0.00,0.00,1.0,-1,-1,-1
532,14,0.00,0.00,0.00,0.00,1.0,-1,-1,-1
532,15,0.00,0.00,0.00,0.00,1.0,-1,-1,-1
532,16,0.00,0.00,0.00,0.00,1.0,-1,-1,-1
532,17,0.00,0.00,0.00,0.00,1.0,-1,-1,-1
532,18,0.00,0.00,0.00,0.00,1.0,-1,-1,-1
532,19,984.00,472.00,117.00,220.00,1.0,-1,-1,-1
532,20,0.00,0.00,0.00,0.00,1.0,-1,-1,-1
532,21,0.00,0.00,0.00,0.00,1.0,-1,-1,-1
532,22,0.00,0.00,0.00,0.00,1.0,-1,-1,-1
532,23,0.00,0.00,0.00,0.00,1.0,-1,-1,-1
532,24,0.00,0.00,0.00,0.00,1.0,-1,-1,-1
532,25,0.00,0.00,0.00,0.00,1.0,-1,-1,-1
532,26,0.00,0.00,0.00,0.00,1.0,-1,-1,-1
532,27,0.00,0.00,0.00,0.00,1.0,-1,-1,-1
532,28,0.00,0.00,0.00,0.00,1.0,-1,-1,-1
532,29,0.00,0.00,0.00,0.00,1.0,-1,-1,-1
532,30,0.00,0.00,0.00,0.00,1.0,-1,-1,-1
532,31,614.00,944.00,114.00,136.00,1.0,-1,-1,-1
532,32,0.00,0.00,0.00,0.00,1.0,-1,-1,-1
532,33,0.00,0.00,0.00,0.00,1.0,-1,-1,-1
532,34,0.00,0.00,0.00,0.00,1.0,-1,-1,-1
532,35,700.00,803.00,130.00,277.00,1.0,-1,-1,-1
532,36,1852.00,457.00,60.00,134.00,1.0,-1,-1,-1
532,37,1580.00,288.00,53.00,168.00,1.0,-1,-1,-1
532,38,0.00,0.00,0.00,0.00,1.0,-1,-1,-1
532,39,0.00,0.00,0.00,0.00,1.0,-1,-1,-1
532,40,847.00,827.00,108.00,253.00,1.0,-1,-1,-1
532,41,0.00,0.00,0.00,0.00,1.0,-1,-1,-1
532,42,1801.00,506.00,99.00,262.00,1.0,-1,-1,-1
532,43,1532.00,397.00,76.00,235.00,1.0,-1,-1,-1
532,44,1055.00,351.00,76.00,158.00,1.0,-1,-1,-1
532,45,0.00,0.00,0.00,0.00,1.0,-1,-1,-1
532,46,814.00,416.00,84.00,230.00,1.0,-1,-1,-1
532,47,575.00,816.00,204.00,214.00,1.0,-1,-1,-1
532,48,1373.00,417.00,54.00,73.00,1.0,-1,-1,-1
532,49,1146.00,469.00,74.00,227.00,1.0,-1,-1,-1
532,50,1238.00,455.00,88.00,233.00,1.0,-1,-1,-1
532,51,1475.00,446.00,83.00,206.00,1.0,-1,-1,-1
533,0,1151.00,714.00,195.00,318.00,1.0,-1,-1,-1
533,1,0.00,0.00,0.00,0.00,1.0,-1,-1,-1
533,2,0.00,0.00,0.00,0.00,1.0,-1,-1,-1
533,3,0.00,0.00,0.00,0.00,1.0,-1,-1,-1
533,4,0.00,0.00,0.00,0.00,1.0,-1,-1,-1
533,5,1813.00,678.00,107.00,340.00,1.0,-1,-1,-1
533,6,0.00,0.00,0.00,0.00,1.0,-1,-1,-1
533,7,0.00,0.00,0.00,0.00,1.0,-1,-1,-1
533,8,0.00,0.00,0.00,0.00,1.0,-1,-1,-1
533,9,0.00,0.00,0.00,0.00,1.0,-1,-1,-1
533,10,1068.00,459.00,54.00,211.00,1.0,-1,-1,-1
533,11,0.00,0.00,0.00,0.00,1.0,-1,-1,-1
533,12,0.00,0.00,0.00,0.00,1.0,-1,-1,-1
533,13,0.00,0.00,0.00,0.00,1.0,-1,-1,-1
533,14,0.00,0.00,0.00,0.00,1.0,-1,-1,-1
533,15,0.00,0.00,0.00,0.00,1.0,-1,-1,-1
533,16,0.00,0.00,0.00,0.00,1.0,-1,-1,-1
533,17,0.00,0.00,0.00,0.00,1.0,-1,-1,-1
533,18,0.00,0.00,0.00,0.00,1.0,-1,-1,-1
533,19,985.00,469.00,117.00,221.00,1.0,-1,-1,-1
533,20,0.00,0.00,0.00,0.00,1.0,-1,-1,-1
533,21,0.00,0.00,0.00,0.00,1.0,-1,-1,-1
533,22,0.00,0.00,0.00,0.00,1.0,-1,-1,-1
533,23,0.00,0.00,0.00,0.00,1.0,-1,-1,-1
533,24,0.00,0.00,0.00,0.00,1.0,-1,-1,-1
533,25,0.00,0.00,0.00,0.00,1.0,-1,-1,-1
533,26,0.00,0.00,0.00,0.00,1.0,-1,-1,-1
533,27,0.00,0.00,0.00,0.00,1.0,-1,-1,-1
533,28,0.00,0.00,0.00,0.00,1.0,-1,-1,-1
533,29,0.00,0.00,0.00,0.00,1.0,-1,-1,-1
533,30,0.00,0.00,0.00,0.00,1.0,-1,-1,-1
533,31,613.00,944.00,115.00,136.00,1.0,-1,-1,-1
533,32,0.00,0.00,0.00,0.00,1.0,-1,-1,-1
533,33,0.00,0.00,0.00,0.00,1.0,-1,-1,-1
533,34,0.00,0.00,0.00,0.00,1.0,-1,-1,-1
533,35,699.00,803.00,131.00,277.00,1.0,-1,-1,-1
533,36,1851.00,459.00,59.00,124.00,1.0,-1,-1,-1
533,37,1580.00,287.00,53.00,180.00,1.0,-1,-1,-1
533,38,0.00,0.00,0.00,0.00,1.0,-1,-1,-1
533,39,0.00,0.00,0.00,0.00,1.0,-1,-1,-1
533,40,844.00,826.00,108.00,254.00,1.0,-1,-1,-1
533,41,0.00,0.00,0.00,0.00,1.0,-1,-1,-1
533,42,1817.00,507.00,93.00,250.00,1.0,-1,-1,-1
533,43,1534.00,396.00,76.00,234.00,1.0,-1,-1,-1
533,44,1056.00,350.00,76.00,158.00,1.0,-1,-1,-1
533,45,0.00,0.00,0.00,0.00,1.0,-1,-1,-1
533,46,813.00,419.00,87.00,227.00,1.0,-1,-1,-1
533,47,575.00,816.00,204.00,215.00,1.0,-1,-1,-1
533,48,1402.00,419.00,30.00,34.00,1.0,-1,-1,-1
533,49,1146.00,468.00,75.00,227.00,1.0,-1,-1,-1
533,50,1236.00,453.00,90.00,236.00,1.0,-1,-1,-1
533,51,1478.00,444.00,80.00,207.00,1.0,-1,-1,-1
534,0,1153.00,715.00,194.00,320.00,1.0,-1,-1,-1
534,1,0.00,0.00,0.00,0.00,1.0,-1,-1,-1
534,2,0.00,0.00,0.00,0.00,1.0,-1,-1,-1
534,3,0.00,0.00,0.00,0.00,1.0,-1,-1,-1
534,4,0.00,0.00,0.00,0.00,1.0,-1,-1,-1
534,5,1812.00,679.00,108.00,345.00,1.0,-1,-1,-1
534,6,0.00,0.00,0.00,0.00,1.0,-1,-1,-1
534,7,0.00,0.00,0.00,0.00,1.0,-1,-1,-1
534,8,0.00,0.00,0.00,0.00,1.0,-1,-1,-1
534,9,0.00,0.00,0.00,0.00,1.0,-1,-1,-1
534,10,1065.00,457.00,57.00,215.00,1.0,-1,-1,-1
534,11,0.00,0.00,0.00,0.00,1.0,-1,-1,-1
534,12,0.00,0.00,0.00,0.00,1.0,-1,-1,-1
534,13,0.00,0.00,0.00,0.00,1.0,-1,-1,-1
534,14,0.00,0.00,0.00,0.00,1.0,-1,-1,-1
534,15,0.00,0.00,0.00,0.00,1.0,-1,-1,-1
534,16,0.00,0.00,0.00,0.00,1.0,-1,-1,-1
534,17,0.00,0.00,0.00,0.00,1.0,-1,-1,-1
534,18,0.00,0.00,0.00,0.00,1.0,-1,-1,-1
534,19,985.00,468.00,117.00,224.00,1.0,-1,-1,-1
534,20,0.00,0.00,0.00,0.00,1.0,-1,-1,-1
534,21,0.00,0.00,0.00,0.00,1.0,-1,-1,-1
534,22,0.00,0.00,0.00,0.00,1.0,-1,-1,-1
534,23,0.00,0.00,0.00,0.00,1.0,-1,-1,-1
534,24,0.00,0.00,0.00,0.00,1.0,-1,-1,-1
534,25,0.00,0.00,0.00,0.00,1.0,-1,-1,-1
534,26,0.00,0.00,0.00,0.00,1.0,-1,-1,-1
534,27,0.00,0.00,0.00,0.00,1.0,-1,-1,-1
534,28,0.00,0.00,0.00,0.00,1.0,-1,-1,-1
534,29,0.00,0.00,0.00,0.00,1.0,-1,-1,-1
534,30,0.00,0.00,0.00,0.00,1.0,-1,-1,-1
534,31,611.00,938.00,116.00,142.00,1.0,-1,-1,-1
534,32,0.00,0.00,0.00,0.00,1.0,-1,-1,-1
534,33,0.00,0.00,0.00,0.00,1.0,-1,-1,-1
534,34,0.00,0.00,0.00,0.00,1.0,-1,-1,-1
534,35,698.00,804.00,135.00,276.00,1.0,-1,-1,-1
534,36,1825.00,465.00,83.00,109.00,1.0,-1,-1,-1
534,37,1580.00,286.00,53.00,183.00,1.0,-1,-1,-1
534,38,0.00,0.00,0.00,0.00,1.0,-1,-1,-1
534,39,0.00,0.00,0.00,0.00,1.0,-1,-1,-1
534,40,842.00,826.00,107.00,254.00,1.0,-1,-1,-1
534,41,0.00,0.00,0.00,0.00,1.0,-1,-1,-1
534,42,1818.00,504.00,96.00,243.00,1.0,-1,-1,-1
534,43,1535.00,395.00,337.00,291.00,1.0,-1,-1,-1
534,44,1057.00,350.00,75.00,216.00,1.0,-1,-1,-1
534,45,0.00,0.00,0.00,0.00,1.0,-1,-1,-1
534,46,818.00,419.00,82.00,228.00,1.0,-1,-1,-1
534,47,574.00,818.00,206.00,212.00,1.0,-1,-1,-1
534,48,1400.00,421.00,30.00,32.00,1.0,-1,-1,-1
534,49,1144.00,467.00,76.00,230.00,1.0,-1,-1,-1
534,50,1237.00,452.00,88.00,236.00,1.0,-1,-1,-1
534,51,1489.00,442.00,70.00,212.00,1.0,-1,-1,-1
535,0,1153.00,715.00,194.00,321.00,1.0,-1,-1,-1
535,1,0.00,0.00,0.00,0.00,1.0,-1,-1,-1
535,2,0.00,0.00,0.00,0.00,1.0,-1,-1,-1
535,3,0.00,0.00,0.00,0.00,1.0,-1,-1,-1
535,4,0.00,0.00,0.00,0.00,1.0,-1,-1,-1
535,5,1811.00,680.00,109.00,345.00,1.0,-1,-1,-1
535,6,0.00,0.00,0.00,0.00,1.0,-1,-1,-1
535,7,0.00,0.00,0.00,0.00,1.0,-1,-1,-1
535,8,0.00,0.00,0.00,0.00,1.0,-1,-1,-1
535,9,0.00,0.00,0.00,0.00,1.0,-1,-1,-1
535,10,1064.00,457.00,58.00,214.00,1.0,-1,-1,-1
535,11,0.00,0.00,0.00,0.00,1.0,-1,-1,-1
535,12,0.00,0.00,0.00,0.00,1.0,-1,-1,-1
535,13,0.00,0.00,0.00,0.00,1.0,-1,-1,-1
535,14,0.00,0.00,0.00,0.00,1.0,-1,-1,-1
535,15,0.00,0.00,0.00,0.00,1.0,-1,-1,-1
535,16,0.00,0.00,0.00,0.00,1.0,-1,-1,-1
535,17,0.00,0.00,0.00,0.00,1.0,-1,-1,-1
535,18,0.00,0.00,0.00,0.00,1.0,-1,-1,-1
535,19,986.00,468.00,118.00,221.00,1.0,-1,-1,-1
535,20,0.00,0.00,0.00,0.00,1.0,-1,-1,-1
535,21,0.00,0.00,0.00,0.00,1.0,-1,-1,-1
535,22,0.00,0.00,0.00,0.00,1.0,-1,-1,-1
535,23,0.00,0.00,0.00,0.00,1.0,-1,-1,-1
535,24,0.00,0.00,0.00,0.00,1.0,-1,-1,-1
535,25,0.00,0.00,0.00,0.00,1.0,-1,-1,-1
535,26,0.00,0.00,0.00,0.00,1.0,-1,-1,-1
535,27,0.00,0.00,0.00,0.00,1.0,-1,-1,-1
535,28,0.00,0.00,0.00,0.00,1.0,-1,-1,-1
535,29,0.00,0.00,0.00,0.00,1.0,-1,-1,-1
535,30,0.00,0.00,0.00,0.00,1.0,-1,-1,-1
535,31,611.00,938.00,117.00,142.00,1.0,-1,-1,-1
535,32,0.00,0.00,0.00,0.00,1.0,-1,-1,-1
535,33,0.00,0.00,0.00,0.00,1.0,-1,-1,-1
535,34,0.00,0.00,0.00,0.00,1.0,-1,-1,-1
535,35,698.00,806.00,137.00,274.00,1.0,-1,-1,-1
535,36,1815.00,468.00,92.00,143.00,1.0,-1,-1,-1
535,37,1580.00,286.00,53.00,182.00,1.0,-1,-1,-1
535,38,0.00,0.00,0.00,0.00,1.0,-1,-1,-1
535,39,0.00,0.00,0.00,0.00,1.0,-1,-1,-1
535,40,841.00,826.00,107.00,254.00,1.0,-1,-1,-1
535,41,0.00,0.00,0.00,0.00,1.0,-1,-1,-1
535,42,1816.00,502.00,104.00,241.00,1.0,-1,-1,-1
535,43,1536.00,394.00,78.00,236.00,1.0,-1,-1,-1
535,44,1056.00,348.00,76.00,218.00,1.0,-1,-1,-1
535,45,0.00,0.00,0.00,0.00,1.0,-1,-1,-1
535,46,814.00,422.00,85.00,225.00,1.0,-1,-1,-1
535,47,575.00,819.00,205.00,209.00,1.0,-1,-1,-1
535,48,1402.00,422.00,27.00,30.00,1.0,-1,-1,-1
535,49,1143.00,466.00,76.00,228.00,1.0,-1,-1,-1
535,50,1236.00,451.00,87.00,235.00,1.0,-1,-1,-1
535,51,1492.00,441.00,69.00,218.00,1.0,-1,-1,-1
536,0,1154.00,716.00,196.00,315.00,1.0,-1,-1,-1
536,1,0.00,0.00,0.00,0.00,1.0,-1,-1,-1
536,2,0.00,0.00,0.00,0.00,1.0,-1,-1,-1
536,3,0.00,0.00,0.00,0.00,1.0,-1,-1,-1
536,4,0.00,0.00,0.00,0.00,1.0,-1,-1,-1
536,5,1813.00,681.00,107.00,344.00,1.0,-1,-1,-1
536,6,0.00,0.00,0.00,0.00,1.0,-1,-1,-1
536,7,0.00,0.00,0.00,0.00,1.0,-1,-1,-1
536,8,0.00,0.00,0.00,0.00,1.0,-1,-1,-1
536,9,0.00,0.00,0.00,0.00,1.0,-1,-1,-1
536,10,1060.00,457.00,63.00,212.00,1.0,-1,-1,-1
536,11,0.00,0.00,0.00,0.00,1.0,-1,-1,-1
536,12,0.00,0.00,0.00,0.00,1.0,-1,-1,-1
536,13,0.00,0.00,0.00,0.00,1.0,-1,-1,-1
536,14,0.00,0.00,0.00,0.00,1.0,-1,-1,-1
536,15,0.00,0.00,0.00,0.00,1.0,-1,-1,-1
536,16,0.00,0.00,0.00,0.00,1.0,-1,-1,-1
536,17,0.00,0.00,0.00,0.00,1.0,-1,-1,-1
536,18,0.00,0.00,0.00,0.00,1.0,-1,-1,-1
536,19,988.00,467.00,120.00,221.00,1.0,-1,-1,-1
536,20,0.00,0.00,0.00,0.00,1.0,-1,-1,-1
536,21,0.00,0.00,0.00,0.00,1.0,-1,-1,-1
536,22,0.00,0.00,0.00,0.00,1.0,-1,-1,-1
536,23,0.00,0.00,0.00,0.00,1.0,-1,-1,-1
536,24,0.00,0.00,0.00,0.00,1.0,-1,-1,-1
536,25,0.00,0.00,0.00,0.00,1.0,-1,-1,-1
536,26,0.00,0.00,0.00,0.00,1.0,-1,-1,-1
536,27,0.00,0.00,0.00,0.00,1.0,-1,-1,-1
536,28,0.00,0.00,0.00,0.00,1.0,-1,-1,-1
536,29,0.00,0.00,0.00,0.00,1.0,-1,-1,-1
536,30,0.00,0.00,0.00,0.00,1.0,-1,-1,-1
536,31,611.00,952.00,117.00,128.00,1.0,-1,-1,-1
536,32,0.00,0.00,0.00,0.00,1.0,-1,-1,-1
536,33,0.00,0.00,0.00,0.00,1.0,-1,-1,-1
536,34,0.00,0.00,0.00,0.00,1.0,-1,-1,-1
536,35,699.00,808.00,136.00,272.00,1.0,-1,-1,-1
536,36,1815.00,469.00,91.00,145.00,1.0,-1,-1,-1
536,37,1582.00,285.00,53.00,182.00,1.0,-1,-1,-1
536,38,0.00,0.00,0.00,0.00,1.0,-1,-1,-1
536,39,0.00,0.00,0.00,0.00,1.0,-1,-1,-1
536,40,840.00,826.00,107.00,254.00,1.0,-1,-1,-1
536,41,0.00,0.00,0.00,0.00,1.0,-1,-1,-1
536,42,1836.00,503.00,84.00,236.00,1.0,-1,-1,-1
536,43,1538.00,394.00,80.00,235.00,1.0,-1,-1,-1
536,44,1058.00,348.00,75.00,219.00,1.0,-1,-1,-1
536,45,0.00,0.00,0.00,0.00,1.0,-1,-1,-1
536,46,811.00,422.00,88.00,225.00,1.0,-1,-1,-1
536,47,575.00,820.00,206.00,208.00,1.0,-1,-1,-1
536,48,1402.00,422.00,28.00,28.00,1.0,-1,-1,-1
536,49,1142.00,464.00,78.00,231.00,1.0,-1,-1,-1
536,50,1238.00,451.00,87.00,236.00,1.0,-1,-1,-1
536,51,1494.00,441.00,68.00,211.00,1.0,-1,-1,-1
537,0,1152.00,716.00,198.00,316.00,1.0,-1,-1,-1
537,1,0.00,0.00,0.00,0.00,1.0,-1,-1,-1
537,2,0.00,0.00,0.00,0.00,1.0,-1,-1,-1
537,3,0.00,0.00,0.00,0.00,1.0,-1,-1,-1
537,4,0.00,0.00,0.00,0.00,1.0,-1,-1,-1
537,5,1811.00,681.00,109.00,345.00,1.0,-1,-1,-1
537,6,0.00,0.00,0.00,0.00,1.0,-1,-1,-1
537,7,0.00,0.00,0.00,0.00,1.0,-1,-1,-1
537,8,0.00,0.00,0.00,0.00,1.0,-1,-1,-1
537,9,0.00,0.00,0.00,0.00,1.0,-1,-1,-1
537,10,1060.00,456.00,64.00,214.00,1.0,-1,-1,-1
537,11,0.00,0.00,0.00,0.00,1.0,-1,-1,-1
537,12,0.00,0.00,0.00,0.00,1.0,-1,-1,-1
537,13,0.00,0.00,0.00,0.00,1.0,-1,-1,-1
537,14,0.00,0.00,0.00,0.00,1.0,-1,-1,-1
537,15,0.00,0.00,0.00,0.00,1.0,-1,-1,-1
537,16,0.00,0.00,0.00,0.00,1.0,-1,-1,-1
537,17,0.00,0.00,0.00,0.00,1.0,-1,-1,-1
537,18,0.00,0.00,0.00,0.00,1.0,-1,-1,-1
537,19,988.00,467.00,120.00,220.00,1.0,-1,-1,-1
537,20,0.00,0.00,0.00,0.00,1.0,-1,-1,-1
537,21,0.00,0.00,0.00,0.00,1.0,-1,-1,-1
537,22,0.00,0.00,0.00,0.00,1.0,-1,-1,-1
537,23,0.00,0.00,0.00,0.00,1.0,-1,-1,-1
537,24,0.00,0.00,0.00,0.00,1.0,-1,-1,-1
537,25,0.00,0.00,0.00,0.00,1.0,-1,-1,-1
537,26,0.00,0.00,0.00,0.00,1.0,-1,-1,-1
537,27,0.00,0.00,0.00,0.00,1.0,-1,-1,-1
537,28,0.00,0.00,0.00,0.00,1.0,-1,-1,-1
537,29,0.00,0.00,0.00,0.00,1.0,-1,-1,-1
537,30,0.00,0.00,0.00,0.00,1.0,-1,-1,-1
537,31,611.00,954.00,119.00,126.00,1.0,-1,-1,-1
537,32,0.00,0.00,0.00,0.00,1.0,-1,-1,-1
537,33,0.00,0.00,0.00,0.00,1.0,-1,-1,-1
537,34,0.00,0.00,0.00,0.00,1.0,-1,-1,-1
537,35,700.00,809.00,136.00,271.00,1.0,-1,-1,-1
537,36,1814.00,469.00,64.00,151.00,1.0,-1,-1,-1
537,37,1582.00,284.00,53.00,162.00,1.0,-1,-1,-1
537,38,0.00,0.00,0.00,0.00,1.0,-1,-1,-1
537,39,0.00,0.00,0.00,0.00,1.0,-1,-1,-1
537,40,839.00,826.00,107.00,254.00,1.0,-1,-1,-1
537,41,0.00,0.00,0.00,0.00,1.0,-1,-1,-1
537,42,1841.00,505.00,79.00,233.00,1.0,-1,-1,-1
537,43,1539.00,394.00,80.00,235.00,1.0,-1,-1,-1
537,44,1058.00,347.00,76.00,219.00,1.0,-1,-1,-1
537,45,0.00,0.00,0.00,0.00,1.0,-1,-1,-1
537,46,808.00,420.00,90.00,227.00,1.0,-1,-1,-1
537,47,575.00,821.00,208.00,205.00,1.0,-1,-1,-1
537,48,1399.00,421.00,32.00,29.00,1.0,-1,-1,-1
537,49,1142.00,463.00,78.00,228.00,1.0,-1,-1,-1
537,50,1236.00,451.00,91.00,238.00,1.0,-1,-1,-1
537,51,1495.00,443.00,73.00,208.00,1.0,-1,-1,-1
538,0,1151.00,718.00,199.00,318.00,1.0,-1,-1,-1
538,1,0.00,0.00,0.00,0.00,1.0,-1,-1,-1
538,2,0.00,0.00,0.00,0.00,1.0,-1,-1,-1
538,3,0.00,0.00,0.00,0.00,1.0,-1,-1,-1
538,4,0.00,0.00,0.00,0.00,1.0,-1,-1,-1
538,5,1809.00,683.00,111.00,345.00,1.0,-1,-1,-1
538,6,0.00,0.00,0.00,0.00,1.0,-1,-1,-1
538,7,0.00,0.00,0.00,0.00,1.0,-1,-1,-1
538,8,0.00,0.00,0.00,0.00,1.0,-1,-1,-1
538,9,0.00,0.00,0.00,0.00,1.0,-1,-1,-1
538,10,1060.00,457.00,63.00,212.00,1.0,-1,-1,-1
538,11,0.00,0.00,0.00,0.00,1.0,-1,-1,-1
538,12,0.00,0.00,0.00,0.00,1.0,-1,-1,-1
538,13,0.00,0.00,0.00,0.00,1.0,-1,-1,-1
538,14,0.00,0.00,0.00,0.00,1.0,-1,-1,-1
538,15,0.00,0.00,0.00,0.00,1.0,-1,-1,-1
538,16,0.00,0.00,0.00,0.00,1.0,-1,-1,-1
538,17,0.00,0.00,0.00,0.00,1.0,-1,-1,-1
538,18,0.00,0.00,0.00,0.00,1.0,-1,-1,-1
538,19,988.00,467.00,119.00,221.00,1.0,-1,-1,-1
538,20,0.00,0.00,0.00,0.00,1.0,-1,-1,-1
538,21,0.00,0.00,0.00,0.00,1.0,-1,-1,-1
538,22,0.00,0.00,0.00,0.00,1.0,-1,-1,-1
538,23,0.00,0.00,0.00,0.00,1.0,-1,-1,-1
538,24,0.00,0.00,0.00,0.00,1.0,-1,-1,-1
538,25,0.00,0.00,0.00,0.00,1.0,-1,-1,-1
538,26,0.00,0.00,0.00,0.00,1.0,-1,-1,-1
538,27,0.00,0.00,0.00,0.00,1.0,-1,-1,-1
538,28,0.00,0.00,0.00,0.00,1.0,-1,-1,-1
538,29,0.00,0.00,0.00,0.00,1.0,-1,-1,-1
538,30,0.00,0.00,0.00,0.00,1.0,-1,-1,-1
538,31,609.00,959.00,118.00,121.00,1.0,-1,-1,-1
538,32,0.00,0.00,0.00,0.00,1.0,-1,-1,-1
538,33,0.00,0.00,0.00,0.00,1.0,-1,-1,-1
538,34,0.00,0.00,0.00,0.00,1.0,-1,-1,-1
538,35,700.00,811.00,135.00,269.00,1.0,-1,-1,-1
538,36,1812.00,471.00,66.00,225.00,1.0,-1,-1,-1
538,37,1582.00,284.00,53.00,164.00,1.0,-1,-1,-1
538,38,0.00,0.00,0.00,0.00,1.0,-1,-1,-1
538,39,0.00,0.00,0.00,0.00,1.0,-1,-1,-1
538,40,836.00,827.00,108.00,253.00,1.0,-1,-1,-1
538,41,0.00,0.00,0.00,0.00,1.0,-1,-1,-1
538,42,1849.00,507.00,71.00,232.00,1.0,-1,-1,-1
538,43,1540.00,396.00,79.00,235.00,1.0,-1,-1,-1
538,44,1057.00,347.00,76.00,220.00,1.0,-1,-1,-1
538,45,0.00,0.00,0.00,0.00,1.0,-1,-1,-1
538,46,805.00,420.00,92.00,227.00,1.0,-1,-1,-1
538,47,574.00,823.00,210.00,203.00,1.0,-1,-1,-1
538,48,1398.00,422.00,32.00,28.00,1.0,-1,-1,-1
538,49,1141.00,465.00,78.00,228.00,1.0,-1,-1,-1
538,50,1237.00,452.00,91.00,239.00,1.0,-1,-1,-1
538,51,1496.00,445.00,74.00,206.00,1.0,-1,-1,-1
539,0,1148.00,720.00,203.00,320.00,1.0,-1,-1,-1
539,1,0.00,0.00,0.00,0.00,1.0,-1,-1,-1
539,2,0.00,0.00,0.00,0.00,1.0,-1,-1,-1
539,3,0.00,0.00,0.00,0.00,1.0,-1,-1,-1
539,4,0.00,0.00,0.00,0.00,1.0,-1,-1,-1
539,5,1803.00,690.00,117.00,342.00,1.0,-1,-1,-1
539,6,0.00,0.00,0.00,0.00,1.0,-1,-1,-1
539,7,0.00,0.00,0.00,0.00,1.0,-1,-1,-1
539,8,0.00,0.00,0.00,0.00,1.0,-1,-1,-1
539,9,0.00,0.00,0.00,0.00,1.0,-1,-1,-1
539,10,1056.00,456.00,66.00,213.00,1.0,-1,-1,-1
539,11,0.00,0.00,0.00,0.00,1.0,-1,-1,-1
539,12,0.00,0.00,0.00,0.00,1.0,-1,-1,-1
539,13,0.00,0.00,0.00,0.00,1.0,-1,-1,-1
539,14,0.00,0.00,0.00,0.00,1.0,-1,-1,-1
539,15,0.00,0.00,0.00,0.00,1.0,-1,-1,-1
539,16,0.00,0.00,0.00,0.00,1.0,-1,-1,-1
539,17,0.00,0.00,0.00,0.00,1.0,-1,-1,-1
539,18,0.00,0.00,0.00,0.00,1.0,-1,-1,-1
539,19,987.00,467.00,121.00,221.00,1.0,-1,-1,-1
539,20,0.00,0.00,0.00,0.00,1.0,-1,-1,-1
539,21,0.00,0.00,0.00,0.00,1.0,-1,-1,-1
539,22,0.00,0.00,0.00,0.00,1.0,-1,-1,-1
539,23,0.00,0.00,0.00,0.00,1.0,-1,-1,-1
539,24,0.00,0.00,0.00,0.00,1.0,-1,-1,-1
539,25,0.00,0.00,0.00,0.00,1.0,-1,-1,-1
539,26,0.00,0.00,0.00,0.00,1.0,-1,-1,-1
539,27,0.00,0.00,0.00,0.00,1.0,-1,-1,-1
539,28,0.00,0.00,0.00,0.00,1.0,-1,-1,-1
539,29,0.00,0.00,0.00,0.00,1.0,-1,-1,-1
539,30,0.00,0.00,0.00,0.00,1.0,-1,-1,-1
539,31,607.00,961.00,115.00,119.00,1.0,-1,-1,-1
539,32,0.00,0.00,0.00,0.00,1.0,-1,-1,-1
539,33,0.00,0.00,0.00,0.00,1.0,-1,-1,-1
539,34,0.00,0.00,0.00,0.00,1.0,-1,-1,-1
539,35,700.00,814.00,134.00,266.00,1.0,-1,-1,-1
539,36,1811.00,471.00,69.00,203.00,1.0,-1,-1,-1
539,37,1582.00,284.00,52.00,165.00,1.0,-1,-1,-1
539,38,0.00,0.00,0.00,0.00,1.0,-1,-1,-1
539,39,0.00,0.00,0.00,0.00,1.0,-1,-1,-1
539,40,833.00,829.00,108.00,251.00,1.0,-1,-1,-1
539,41,0.00,0.00,0.00,0.00,1.0,-1,-1,-1
539,42,1849.00,507.00,71.00,229.00,1.0,-1,-1,-1
539,43,1539.00,398.00,79.00,232.00,1.0,-1,-1,-1
539,44,1056.00,347.00,76.00,288.00,1.0,-1,-1,-1
539,45,0.00,0.00,0.00,0.00,1.0,-1,-1,-1
539,46,803.00,419.00,91.00,228.00,1.0,-1,-1,-1
539,47,573.00,825.00,212.00,198.00,1.0,-1,-1,-1
539,48,1398.00,423.00,32.00,29.00,1.0,-1,-1,-1
539,49,1138.00,466.00,78.00,232.00,1.0,-1,-1,-1
539,50,1235.00,454.00,93.00,237.00,1.0,-1,-1,-1
539,51,1497.00,450.00,75.00,212.00,1.0,-1,-1,-1
540,0,1148.00,721.00,204.00,323.00,1.0,-1,-1,-1
540,1,0.00,0.00,0.00,0.00,1.0,-1,-1,-1
540,2,0.00,0.00,0.00,0.00,1.0,-1,-1,-1
540,3,0.00,0.00,0.00,0.00,1.0,-1,-1,-1
540,4,0.00,0.00,0.00,0.00,1.0,-1,-1,-1
540,5,1800.00,689.00,120.00,343.00,1.0,-1,-1,-1
540,6,0.00,0.00,0.00,0.00,1.0,-1,-1,-1
540,7,0.00,0.00,0.00,0.00,1.0,-1,-1,-1
540,8,0.00,0.00,0.00,0.00,1.0,-1,-1,-1
540,9,0.00,0.00,0.00,0.00,1.0,-1,-1,-1
540,10,1055.00,456.00,68.00,213.00,1.0,-1,-1,-1
540,11,0.00,0.00,0.00,0.00,1.0,-1,-1,-1
540,12,0.00,0.00,0.00,0.00,1.0,-1,-1,-1
540,13,0.00,0.00,0.00,0.00,1.0,-1,-1,-1
540,14,0.00,0.00,0.00,0.00,1.0,-1,-1,-1
540,15,0.00,0.00,0.00,0.00,1.0,-1,-1,-1
540,16,0.00,0.00,0.00,0.00,1.0,-1,-1,-1
540,17,0.00,0.00,0.00,0.00,1.0,-1,-1,-1
540,18,0.00,0.00,0.00,0.00,1.0,-1,-1,-1
540,19,988.00,467.00,120.00,220.00,1.0,-1,-1,-1
540,20,0.00,0.00,0.00,0.00,1.0,-1,-1,-1
540,21,0.00,0.00,0.00,0.00,1.0,-1,-1,-1
540,22,0.00,0.00,0.00,0.00,1.0,-1,-1,-1
540,23,0.00,0.00,0.00,0.00,1.0,-1,-1,-1
540,24,0.00,0.00,0.00,0.00,1.0,-1,-1,-1
540,25,0.00,0.00,0.00,0.00,1.0,-1,-1,-1
540,26,0.00,0.00,0.00,0.00,1.0,-1,-1,-1
540,27,0.00,0.00,0.00,0.00,1.0,-1,-1,-1
540,28,0.00,0.00,0.00,0.00,1.0,-1,-1,-1
540,29,0.00,0.00,0.00,0.00,1.0,-1,-1,-1
540,30,0.00,0.00,0.00,0.00,1.0,-1,-1,-1
540,31,605.00,962.00,116.00,118.00,1.0,-1,-1,-1
540,32,0.00,0.00,0.00,0.00,1.0,-1,-1,-1
540,33,0.00,0.00,0.00,0.00,1.0,-1,-1,-1
540,34,0.00,0.00,0.00,0.00,1.0,-1,-1,-1
540,35,702.00,814.00,132.00,266.00,1.0,-1,-1,-1
540,36,1814.00,471.00,73.00,205.00,1.0,-1,-1,-1
540,37,1584.00,284.00,50.00,165.00,1.0,-1,-1,-1
540,38,0.00,0.00,0.00,0.00,1.0,-1,-1,-1
540,39,0.00,0.00,0.00,0.00,1.0,-1,-1,-1
540,40,832.00,830.00,108.00,250.00,1.0,-1,-1,-1
540,41,0.00,0.00,0.00,0.00,1.0,-1,-1,-1
540,42,1851.00,509.00,69.00,222.00,1.0,-1,-1,-1
540,43,1541.00,400.00,77.00,231.00,1.0,-1,-1,-1
540,44,1057.00,347.00,75.00,289.00,1.0,-1,-1,-1
540,45,0.00,0.00,0.00,0.00,1.0,-1,-1,-1
540,46,802.00,417.00,91.00,230.00,1.0,-1,-1,-1
540,47,574.00,826.00,214.00,190.00,1.0,-1,-1,-1
540,48,1398.00,423.00,32.00,31.00,1.0,-1,-1,-1
540,49,1136.00,468.00,79.00,234.00,1.0,-1,-1,-1
540,50,1236.00,457.00,95.00,233.00,1.0,-1,-1,-1
540,51,1499.00,452.00,75.00,208.00,1.0,-1,-1,-1
541,0,1146.00,722.00,207.00,323.00,1.0,-1,-1,-1
541,1,0.00,0.00,0.00,0.00,1.0,-1,-1,-1
541,2,0.00,0.00,0.00,0.00,1.0,-1,-1,-1
541,3,0.00,0.00,0.00,0.00,1.0,-1,-1,-1
541,4,0.00,0.00,0.00,0.00,1.0,-1,-1,-1
541,5,1796.00,689.00,124.00,343.00,1.0,-1,-1,-1
541,6,0.00,0.00,0.00,0.00,1.0,-1,-1,-1
541,7,0.00,0.00,0.00,0.00,1.0,-1,-1,-1
541,8,0.00,0.00,0.00,0.00,1.0,-1,-1,-1
541,9,0.00,0.00,0.00,0.00,1.0,-1,-1,-1
541,10,1053.00,455.00,70.00,212.00,1.0,-1,-1,-1
541,11,0.00,0.00,0.00,0.00,1.0,-1,-1,-1
541,12,0.00,0.00,0.00,0.00,1.0,-1,-1,-1
541,13,0.00,0.00,0.00,0.00,1.0,-1,-1,-1
541,14,0.00,0.00,0.00,0.00,1.0,-1,-1,-1
541,15,0.00,0.00,0.00,0.00,1.0,-1,-1,-1
541,16,0.00,0.00,0.00,0.00,1.0,-1,-1,-1
541,17,0.00,0.00,0.00,0.00,1.0,-1,-1,-1
541,18,0.00,0.00,0.00,0.00,1.0,-1,-1,-1
541,19,988.00,467.00,119.00,220.00,1.0,-1,-1,-1
541,20,0.00,0.00,0.00,0.00,1.0,-1,-1,-1
541,21,0.00,0.00,0.00,0.00,1.0,-1,-1,-1
541,22,0.00,0.00,0.00,0.00,1.0,-1,-1,-1
541,23,0.00,0.00,0.00,0.00,1.0,-1,-1,-1
541,24,0.00,0.00,0.00,0.00,1.0,-1,-1,-1
541,25,0.00,0.00,0.00,0.00,1.0,-1,-1,-1
541,26,0.00,0.00,0.00,0.00,1.0,-1,-1,-1
541,27,0.00,0.00,0.00,0.00,1.0,-1,-1,-1
541,28,0.00,0.00,0.00,0.00,1.0,-1,-1,-1
541,29,0.00,0.00,0.00,0.00,1.0,-1,-1,-1
541,30,0.00,0.00,0.00,0.00,1.0,-1,-1,-1
541,31,603.00,963.00,111.00,117.00,1.0,-1,-1,-1
541,32,0.00,0.00,0.00,0.00,1.0,-1,-1,-1
541,33,0.00,0.00,0.00,0.00,1.0,-1,-1,-1
541,34,0.00,0.00,0.00,0.00,1.0,-1,-1,-1
541,35,702.00,813.00,131.00,267.00,1.0,-1,-1,-1
541,36,1814.00,470.00,78.00,253.00,1.0,-1,-1,-1
541,37,1584.00,284.00,50.00,166.00,1.0,-1,-1,-1
541,38,0.00,0.00,0.00,0.00,1.0,-1,-1,-1
541,39,0.00,0.00,0.00,0.00,1.0,-1,-1,-1
541,40,830.00,832.00,109.00,248.00,1.0,-1,-1,-1
541,41,0.00,0.00,0.00,0.00,1.0,-1,-1,-1
541,42,1871.00,508.00,49.00,227.00,1.0,-1,-1,-1
541,43,1541.00,401.00,76.00,230.00,1.0,-1,-1,-1
541,44,1056.00,347.00,76.00,289.00,1.0,-1,-1,-1
541,45,0.00,0.00,0.00,0.00,1.0,-1,-1,-1
541,46,800.00,416.00,92.00,230.00,1.0,-1,-1,-1
541,47,574.00,826.00,218.00,188.00,1.0,-1,-1,-1
541,48,1397.00,423.00,35.00,53.00,1.0,-1,-1,-1
541,49,1139.00,470.00,76.00,233.00,1.0,-1,-1,-1
541,50,1236.00,460.00,98.00,233.00,1.0,-1,-1,-1
541,51,1500.00,453.00,75.00,208.00,1.0,-1,-1,-1
542,0,1146.00,720.00,207.00,325.00,1.0,-1,-1,-1
542,1,0.00,0.00,0.00,0.00,1.0,-1,-1,-1
542,2,0.00,0.00,0.00,0.00,1.0,-1,-1,-1
542,3,0.00,0.00,0.00,0.00,1.0,-1,-1,-1
542,4,0.00,0.00,0.00,0.00,1.0,-1,-1,-1
542,5,1791.00,687.00,129.00,345.00,1.0,-1,-1,-1
542,6,0.00,0.00,0.00,0.00,1.0,-1,-1,-1
542,7,0.00,0.00,0.00,0.00,1.0,-1,-1,-1
542,8,0.00,0.00,0.00,0.00,1.0,-1,-1,-1
542,9,0.00,0.00,0.00,0.00,1.0,-1,-1,-1
542,10,1053.00,454.00,67.00,211.00,1.0,-1,-1,-1
542,11,0.00,0.00,0.00,0.00,1.0,-1,-1,-1
542,12,0.00,0.00,0.00,0.00,1.0,-1,-1,-1
542,13,0.00,0.00,0.00,0.00,1.0,-1,-1,-1
542,14,0.00,0.00,0.00,0.00,1.0,-1,-1,-1
542,15,0.00,0.00,0.00,0.00,1.0,-1,-1,-1
542,16,0.00,0.00,0.00,0.00,1.0,-1,-1,-1
542,17,0.00,0.00,0.00,0.00,1.0,-1,-1,-1
542,18,0.00,0.00,0.00,0.00,1.0,-1,-1,-1
542,19,988.00,465.00,116.00,222.00,1.0,-1,-1,-1
542,20,0.00,0.00,0.00,0.00,1.0,-1,-1,-1
542,21,0.00,0.00,0.00,0.00,1.0,-1,-1,-1
542,22,0.00,0.00,0.00,0.00,1.0,-1,-1,-1
542,23,0.00,0.00,0.00,0.00,1.0,-1,-1,-1
542,24,0.00,0.00,0.00,0.00,1.0,-1,-1,-1
542,25,0.00,0.00,0.00,0.00,1.0,-1,-1,-1
542,26,0.00,0.00,0.00,0.00,1.0,-1,-1,-1
542,27,0.00,0.00,0.00,0.00,1.0,-1,-1,-1
542,28,0.00,0.00,0.00,0.00,1.0,-1,-1,-1
542,29,0.00,0.00,0.00,0.00,1.0,-1,-1,-1
542,30,0.00,0.00,0.00,0.00,1.0,-1,-1,-1
542,31,601.00,963.00,107.00,117.00,1.0,-1,-1,-1
542,32,0.00,0.00,0.00,0.00,1.0,-1,-1,-1
542,33,0.00,0.00,0.00,0.00,1.0,-1,-1,-1
542,34,0.00,0.00,0.00,0.00,1.0,-1,-1,-1
542,35,703.00,813.00,129.00,267.00,1.0,-1,-1,-1
542,36,1813.00,468.00,86.00,252.00,1.0,-1,-1,-1
542,37,1584.00,283.00,50.00,163.00,1.0,-1,-1,-1
542,38,0.00,0.00,0.00,0.00,1.0,-1,-1,-1
542,39,0.00,0.00,0.00,0.00,1.0,-1,-1,-1
542,40,830.00,833.00,107.00,247.00,1.0,-1,-1,-1
542,41,0.00,0.00,0.00,0.00,1.0,-1,-1,-1
542,42,1880.00,509.00,40.00,225.00,1.0,-1,-1,-1
542,43,1541.00,402.00,72.00,232.00,1.0,-1,-1,-1
542,44,1056.00,345.00,76.00,291.00,1.0,-1,-1,-1
542,45,0.00,0.00,0.00,0.00,1.0,-1,-1,-1
542,46,798.00,416.00,94.00,230.00,1.0,-1,-1,-1
542,47,574.00,827.00,221.00,180.00,1.0,-1,-1,-1
542,48,1390.00,422.00,56.00,62.00,1.0,-1,-1,-1
542,49,1138.00,472.00,74.00,232.00,1.0,-1,-1,-1
542,50,1237.00,461.00,97.00,234.00,1.0,-1,-1,-1
542,51,1501.00,453.00,76.00,209.00,1.0,-1,-1,-1
543,0,1147.00,718.00,208.00,326.00,1.0,-1,-1,-1
543,1,0.00,0.00,0.00,0.00,1.0,-1,-1,-1
543,2,0.00,0.00,0.00,0.00,1.0,-1,-1,-1
543,3,0.00,0.00,0.00,0.00,1.0,-1,-1,-1
543,4,0.00,0.00,0.00,0.00,1.0,-1,-1,-1
543,5,1790.00,681.00,130.00,350.00,1.0,-1,-1,-1
543,6,0.00,0.00,0.00,0.00,1.0,-1,-1,-1
543,7,0.00,0.00,0.00,0.00,1.0,-1,-1,-1
543,8,0.00,0.00,0.00,0.00,1.0,-1,-1,-1
543,9,0.00,0.00,0.00,0.00,1.0,-1,-1,-1
543,10,1053.00,454.00,66.00,210.00,1.0,-1,-1,-1
543,11,0.00,0.00,0.00,0.00,1.0,-1,-1,-1
543,12,0.00,0.00,0.00,0.00,1.0,-1,-1,-1
543,13,0.00,0.00,0.00,0.00,1.0,-1,-1,-1
543,14,0.00,0.00,0.00,0.00,1.0,-1,-1,-1
543,15,0.00,0.00,0.00,0.00,1.0,-1,-1,-1
543,16,0.00,0.00,0.00,0.00,1.0,-1,-1,-1
543,17,0.00,0.00,0.00,0.00,1.0,-1,-1,-1
543,18,0.00,0.00,0.00,0.00,1.0,-1,-1,-1
543,19,988.00,464.00,114.00,219.00,1.0,-1,-1,-1
543,20,0.00,0.00,0.00,0.00,1.0,-1,-1,-1
543,21,0.00,0.00,0.00,0.00,1.0,-1,-1,-1
543,22,0.00,0.00,0.00,0.00,1.0,-1,-1,-1
543,23,0.00,0.00,0.00,0.00,1.0,-1,-1,-1
543,24,0.00,0.00,0.00,0.00,1.0,-1,-1,-1
543,25,0.00,0.00,0.00,0.00,1.0,-1,-1,-1
543,26,0.00,0.00,0.00,0.00,1.0,-1,-1,-1
543,27,0.00,0.00,0.00,0.00,1.0,-1,-1,-1
543,28,0.00,0.00,0.00,0.00,1.0,-1,-1,-1
543,29,0.00,0.00,0.00,0.00,1.0,-1,-1,-1
543,30,0.00,0.00,0.00,0.00,1.0,-1,-1,-1
543,31,600.00,963.00,102.00,117.00,1.0,-1,-1,-1
543,32,0.00,0.00,0.00,0.00,1.0,-1,-1,-1
543,33,0.00,0.00,0.00,0.00,1.0,-1,-1,-1
543,34,0.00,0.00,0.00,0.00,1.0,-1,-1,-1
543,35,704.00,813.00,128.00,267.00,1.0,-1,-1,-1
543,36,1814.00,467.00,87.00,255.00,1.0,-1,-1,-1
543,37,1585.00,281.00,50.00,166.00,1.0,-1,-1,-1
543,38,0.00,0.00,0.00,0.00,1.0,-1,-1,-1
543,39,0.00,0.00,0.00,0.00,1.0,-1,-1,-1
543,40,831.00,835.00,106.00,245.00,1.0,-1,-1,-1
543,41,0.00,0.00,0.00,0.00,1.0,-1,-1,-1
543,42,1881.00,507.00,39.00,220.00,1.0,-1,-1,-1
543,43,1545.00,401.00,69.00,237.00,1.0,-1,-1,-1
543,44,1057.00,344.00,75.00,292.00,1.0,-1,-1,-1
543,45,0.00,0.00,0.00,0.00,1.0,-1,-1,-1
543,46,798.00,415.00,94.00,229.00,1.0,-1,-1,-1
543,47,575.00,827.00,224.00,175.00,1.0,-1,-1,-1
543,48,1383.00,421.00,65.00,181.00,1.0,-1,-1,-1
543,49,1137.00,472.00,75.00,232.00,1.0,-1,-1,-1
543,50,1240.00,462.00,96.00,237.00,1.0,-1,-1,-1
543,51,1502.00,452.00,76.00,210.00,1.0,-1,-1,-1
544,0,1149.00,720.00,207.00,324.00,1.0,-1,-1,-1
544,1,0.00,0.00,0.00,0.00,1.0,-1,-1,-1
544,2,0.00,0.00,0.00,0.00,1.0,-1,-1,-1
544,3,0.00,0.00,0.00,0.00,1.0,-1,-1,-1
544,4,0.00,0.00,0.00,0.00,1.0,-1,-1,-1
544,5,1787.00,691.00,133.00,341.00,1.0,-1,-1,-1
544,6,0.00,0.00,0.00,0.00,1.0,-1,-1,-1
544,7,0.00,0.00,0.00,0.00,1.0,-1,-1,-1
544,8,0.00,0.00,0.00,0.00,1.0,-1,-1,-1
544,9,0.00,0.00,0.00,0.00,1.0,-1,-1,-1
544,10,1053.00,455.00,64.00,208.00,1.0,-1,-1,-1
544,11,0.00,0.00,0.00,0.00,1.0,-1,-1,-1
544,12,0.00,0.00,0.00,0.00,1.0,-1,-1,-1
544,13,0.00,0.00,0.00,0.00,1.0,-1,-1,-1
544,14,0.00,0.00,0.00,0.00,1.0,-1,-1,-1
544,15,0.00,0.00,0.00,0.00,1.0,-1,-1,-1
544,16,0.00,0.00,0.00,0.00,1.0,-1,-1,-1
544,17,0.00,0.00,0.00,0.00,1.0,-1,-1,-1
544,18,0.00,0.00,0.00,0.00,1.0,-1,-1,-1
544,19,989.00,464.00,113.00,219.00,1.0,-1,-1,-1
544,20,0.00,0.00,0.00,0.00,1.0,-1,-1,-1
544,21,0.00,0.00,0.00,0.00,1.0,-1,-1,-1
544,22,0.00,0.00,0.00,0.00,1.0,-1,-1,-1
544,23,0.00,0.00,0.00,0.00,1.0,-1,-1,-1
544,24,0.00,0.00,0.00,0.00,1.0,-1,-1,-1
544,25,0.00,0.00,0.00,0.00,1.0,-1,-1,-1
544,26,0.00,0.00,0.00,0.00,1.0,-1,-1,-1
544,27,0.00,0.00,0.00,0.00,1.0,-1,-1,-1
544,28,0.00,0.00,0.00,0.00,1.0,-1,-1,-1
544,29,0.00,0.00,0.00,0.00,1.0,-1,-1,-1
544,30,0.00,0.00,0.00,0.00,1.0,-1,-1,-1
544,31,598.00,963.00,98.00,117.00,1.0,-1,-1,-1
544,32,0.00,0.00,0.00,0.00,1.0,-1,-1,-1
544,33,0.00,0.00,0.00,0.00,1.0,-1,-1,-1
544,34,0.00,0.00,0.00,0.00,1.0,-1,-1,-1
544,35,705.00,813.00,125.00,267.00,1.0,-1,-1,-1
544,36,1816.00,469.00,88.00,259.00,1.0,-1,-1,-1
544,37,1586.00,282.00,50.00,166.00,1.0,-1,-1,-1
544,38,0.00,0.00,0.00,0.00,1.0,-1,-1,-1
544,39,0.00,0.00,0.00,0.00,1.0,-1,-1,-1
544,40,830.00,837.00,106.00,243.00,1.0,-1,-1,-1
544,41,0.00,0.00,0.00,0.00,1.0,-1,-1,-1
544,42,1891.00,511.00,29.00,220.00,1.0,-1,-1,-1
544,43,1546.00,403.00,71.00,236.00,1.0,-1,-1,-1
544,44,1057.00,345.00,76.00,291.00,1.0,-1,-1,-1
544,45,0.00,0.00,0.00,0.00,1.0,-1,-1,-1
544,46,798.00,415.00,94.00,234.00,1.0,-1,-1,-1
544,47,576.00,827.00,225.00,171.00,1.0,-1,-1,-1
544,48,1405.00,422.00,77.00,210.00,1.0,-1,-1,-1
544,49,1135.00,474.00,77.00,232.00,1.0,-1,-1,-1
544,50,1242.00,462.00,95.00,237.00,1.0,-1,-1,-1
544,51,1503.00,453.00,81.00,209.00,1.0,-1,-1,-1
545,0,1150.00,719.00,208.00,324.00,1.0,-1,-1,-1
545,1,0.00,0.00,0.00,0.00,1.0,-1,-1,-1
545,2,0.00,0.00,0.00,0.00,1.0,-1,-1,-1
545,3,0.00,0.00,0.00,0.00,1.0,-1,-1,-1
545,4,0.00,0.00,0.00,0.00,1.0,-1,-1,-1
545,5,1783.00,689.00,137.00,341.00,1.0,-1,-1,-1
545,6,0.00,0.00,0.00,0.00,1.0,-1,-1,-1
545,7,0.00,0.00,0.00,0.00,1.0,-1,-1,-1
545,8,1900.00,547.00,20.00,144.00,1.0,-1,-1,-1
545,9,0.00,0.00,0.00,0.00,1.0,-1,-1,-1
545,10,1052.00,454.00,63.00,205.00,1.0,-1,-1,-1
545,11,0.00,0.00,0.00,0.00,1.0,-1,-1,-1
545,12,0.00,0.00,0.00,0.00,1.0,-1,-1,-1
545,13,0.00,0.00,0.00,0.00,1.0,-1,-1,-1
545,14,0.00,0.00,0.00,0.00,1.0,-1,-1,-1
545,15,0.00,0.00,0.00,0.00,1.0,-1,-1,-1
545,16,0.00,0.00,0.00,0.00,1.0,-1,-1,-1
545,17,0.00,0.00,0.00,0.00,1.0,-1,-1,-1
545,18,0.00,0.00,0.00,0.00,1.0,-1,-1,-1
545,19,989.00,463.00,107.00,220.00,1.0,-1,-1,-1
545,20,0.00,0.00,0.00,0.00,1.0,-1,-1,-1
545,21,0.00,0.00,0.00,0.00,1.0,-1,-1,-1
545,22,0.00,0.00,0.00,0.00,1.0,-1,-1,-1
545,23,0.00,0.00,0.00,0.00,1.0,-1,-1,-1
545,24,0.00,0.00,0.00,0.00,1.0,-1,-1,-1
545,25,0.00,0.00,0.00,0.00,1.0,-1,-1,-1
545,26,0.00,0.00,0.00,0.00,1.0,-1,-1,-1
545,27,0.00,0.00,0.00,0.00,1.0,-1,-1,-1
545,28,0.00,0.00,0.00,0.00,1.0,-1,-1,-1
545,29,0.00,0.00,0.00,0.00,1.0,-1,-1,-1
545,30,0.00,0.00,0.00,0.00,1.0,-1,-1,-1
545,31,597.00,963.00,97.00,117.00,1.0,-1,-1,-1
545,32,0.00,0.00,0.00,0.00,1.0,-1,-1,-1
545,33,0.00,0.00,0.00,0.00,1.0,-1,-1,-1
545,34,0.00,0.00,0.00,0.00,1.0,-1,-1,-1
545,35,705.00,813.00,125.00,267.00,1.0,-1,-1,-1
545,36,1816.00,469.00,87.00,264.00,1.0,-1,-1,-1
545,37,1586.00,281.00,50.00,165.00,1.0,-1,-1,-1
545,38,0.00,0.00,0.00,0.00,1.0,-1,-1,-1
545,39,0.00,0.00,0.00,0.00,1.0,-1,-1,-1
545,40,828.00,839.00,108.00,241.00,1.0,-1,-1,-1
545,41,0.00,0.00,0.00,0.00,1.0,-1,-1,-1
545,42,1900.00,548.00,20.00,144.00,1.0,-1,-1,-1
545,43,1546.00,402.00,70.00,240.00,1.0,-1,-1,-1
545,44,1057.00,344.00,76.00,292.00,1.0,-1,-1,-1
545,45,1900.00,547.00,20.00,144.00,1.0,-1,-1,-1
545,46,797.00,416.00,95.00,236.00,1.0,-1,-1,-1
545,47,576.00,826.00,228.00,172.00,1.0,-1,-1,-1
545,48,1407.00,422.00,65.00,223.00,1.0,-1,-1,-1
545,49,1134.00,473.00,76.00,233.00,1.0,-1,-1,-1
545,50,1241.00,463.00,96.00,234.00,1.0,-1,-1,-1
545,51,1504.00,452.00,81.00,207.00,1.0,-1,-1,-1
546,0,1151.00,719.00,208.00,324.00,1.0,-1,-1,-1
546,1,0.00,0.00,0.00,0.00,1.0,-1,-1,-1
546,2,0.00,0.00,0.00,0.00,1.0,-1,-1,-1
546,3,0.00,0.00,0.00,0.00,1.0,-1,-1,-1
546,4,0.00,0.00,0.00,0.00,1.0,-1,-1,-1
546,5,1781.00,688.00,139.00,342.00,1.0,-1,-1,-1
546,6,0.00,0.00,0.00,0.00,1.0,-1,-1,-1
546,7,0.00,0.00,0.00,0.00,1.0,-1,-1,-1
546,8,1905.00,555.00,15.00,97.00,1.0,-1,-1,-1
546,9,0.00,0.00,0.00,0.00,1.0,-1,-1,-1
546,10,1051.00,453.00,63.00,205.00,1.0,-1,-1,-1
546,11,0.00,0.00,0.00,0.00,1.0,-1,-1,-1
546,12,0.00,0.00,0.00,0.00,1.0,-1,-1,-1
546,13,0.00,0.00,0.00,0.00,1.0,-1,-1,-1
546,14,0.00,0.00,0.00,0.00,1.0,-1,-1,-1
546,15,0.00,0.00,0.00,0.00,1.0,-1,-1,-1
546,16,0.00,0.00,0.00,0.00,1.0,-1,-1,-1
546,17,0.00,0.00,0.00,0.00,1.0,-1,-1,-1
546,18,0.00,0.00,0.00,0.00,1.0,-1,-1,-1
546,19,989.00,463.00,104.00,219.00,1.0,-1,-1,-1
546,20,0.00,0.00,0.00,0.00,1.0,-1,-1,-1
546,21,0.00,0.00,0.00,0.00,1.0,-1,-1,-1
546,22,0.00,0.00,0.00,0.00,1.0,-1,-1,-1
546,23,0.00,0.00,0.00,0.00,1.0,-1,-1,-1
546,24,0.00,0.00,0.00,0.00,1.0,-1,-1,-1
546,25,0.00,0.00,0.00,0.00,1.0,-1,-1,-1
546,26,0.00,0.00,0.00,0.00,1.0,-1,-1,-1
546,27,0.00,0.00,0.00,0.00,1.0,-1,-1,-1
546,28,0.00,0.00,0.00,0.00,1.0,-1,-1,-1
546,29,0.00,0.00,0.00,0.00,1.0,-1,-1,-1
546,30,0.00,0.00,0.00,0.00,1.0,-1,-1,-1
546,31,595.00,963.00,99.00,117.00,1.0,-1,-1,-1
546,32,0.00,0.00,0.00,0.00,1.0,-1,-1,-1
546,33,0.00,0.00,0.00,0.00,1.0,-1,-1,-1
546,34,0.00,0.00,0.00,0.00,1.0,-1,-1,-1
546,35,705.00,814.00,125.00,266.00,1.0,-1,-1,-1
546,36,1815.00,469.00,88.00,268.00,1.0,-1,-1,-1
546,37,1588.00,280.00,48.00,166.00,1.0,-1,-1,-1
546,38,0.00,0.00,0.00,0.00,1.0,-1,-1,-1
546,39,0.00,0.00,0.00,0.00,1.0,-1,-1,-1
546,40,827.00,841.00,108.00,239.00,1.0,-1,-1,-1
546,41,0.00,0.00,0.00,0.00,1.0,-1,-1,-1
546,42,1905.00,556.00,15.00,95.00,1.0,-1,-1,-1
546,43,1548.00,400.00,69.00,241.00,1.0,-1,-1,-1
546,44,1056.00,343.00,76.00,220.00,1.0,-1,-1,-1
546,45,1905.00,555.00,15.00,95.00,1.0,-1,-1,-1
546,46,797.00,419.00,94.00,234.00,1.0,-1,-1,-1
546,47,576.00,826.00,229.00,254.00,1.0,-1,-1,-1
546,48,1411.00,421.00,60.00,223.00,1.0,-1,-1,-1
546,49,1132.00,472.00,76.00,232.00,1.0,-1,-1,-1
546,50,1241.00,462.00,96.00,235.00,1.0,-1,-1,-1
546,51,1505.00,449.00,79.00,210.00,1.0,-1,-1,-1
547,0,1152.00,720.00,207.00,323.00,1.0,-1,-1,-1
547,1,0.00,0.00,0.00,0.00,1.0,-1,-1,-1
547,2,0.00,0.00,0.00,0.00,1.0,-1,-1,-1
547,3,0.00,0.00,0.00,0.00,1.0,-1,-1,-1
547,4,0.00,0.00,0.00,0.00,1.0,-1,-1,-1
547,5,1780.00,690.00,140.00,339.00,1.0,-1,-1,-1
547,6,0.00,0.00,0.00,0.00,1.0,-1,-1,-1
547,7,0.00,0.00,0.00,0.00,1.0,-1,-1,-1
547,8,1910.00,559.00,10.00,77.00,1.0,-1,-1,-1
547,9,0.00,0.00,0.00,0.00,1.0,-1,-1,-1
547,10,1051.00,453.00,58.00,202.00,1.0,-1,-1,-1
547,11,0.00,0.00,0.00,0.00,1.0,-1,-1,-1
547,12,0.00,0.00,0.00,0.00,1.0,-1,-1,-1
547,13,0.00,0.00,0.00,0.00,1.0,-1,-1,-1
547,14,0.00,0.00,0.00,0.00,1.0,-1,-1,-1
547,15,0.00,0.00,0.00,0.00,1.0,-1,-1,-1
547,16,0.00,0.00,0.00,0.00,1.0,-1,-1,-1
547,17,0.00,0.00,0.00,0.00,1.0,-1,-1,-1
547,18,0.00,0.00,0.00,0.00,1.0,-1,-1,-1
547,19,990.00,462.00,95.00,222.00,1.0,-1,-1,-1
547,20,0.00,0.00,0.00,0.00,1.0,-1,-1,-1
547,21,0.00,0.00,0.00,0.00,1.0,-1,-1,-1
547,22,0.00,0.00,0.00,0.00,1.0,-1,-1,-1
547,23,0.00,0.00,0.00,0.00,1.0,-1,-1,-1
547,24,0.00,0.00,0.00,0.00,1.0,-1,-1,-1
547,25,0.00,0.00,0.00,0.00,1.0,-1,-1,-1
547,26,0.00,0.00,0.00,0.00,1.0,-1,-1,-1
547,27,0.00,0.00,0.00,0.00,1.0,-1,-1,-1
547,28,0.00,0.00,0.00,0.00,1.0,-1,-1,-1
547,29,0.00,0.00,0.00,0.00,1.0,-1,-1,-1
547,30,0.00,0.00,0.00,0.00,1.0,-1,-1,-1
547,31,592.00,962.00,99.00,118.00,1.0,-1,-1,-1
547,32,0.00,0.00,0.00,0.00,1.0,-1,-1,-1
547,33,0.00,0.00,0.00,0.00,1.0,-1,-1,-1
547,34,0.00,0.00,0.00,0.00,1.0,-1,-1,-1
547,35,706.00,814.00,125.00,266.00,1.0,-1,-1,-1
547,36,1814.00,471.00,106.00,267.00,1.0,-1,-1,-1
547,37,1591.00,280.00,46.00,165.00,1.0,-1,-1,-1
547,38,0.00,0.00,0.00,0.00,1.0,-1,-1,-1
547,39,0.00,0.00,0.00,0.00,1.0,-1,-1,-1
547,40,824.00,842.00,111.00,238.00,1.0,-1,-1,-1
547,41,0.00,0.00,0.00,0.00,1.0,-1,-1,-1
547,42,1911.00,573.00,9.00,63.00,1.0,-1,-1,-1
547,43,1551.00,400.00,67.00,241.00,1.0,-1,-1,-1
547,44,1057.00,342.00,75.00,220.00,1.0,-1,-1,-1
547,45,1910.00,560.00,10.00,68.00,1.0,-1,-1,-1
547,46,796.00,420.00,96.00,234.00,1.0,-1,-1,-1
547,47,578.00,827.00,226.00,253.00,1.0,-1,-1,-1
547,48,1415.00,421.00,59.00,225.00,1.0,-1,-1,-1
547,49,1132.00,471.00,76.00,233.00,1.0,-1,-1,-1
547,50,1240.00,460.00,97.00,236.00,1.0,-1,-1,-1
547,51,1506.00,445.00,78.00,214.00,1.0,-1,-1,-1
548,0,1153.00,719.00,207.00,324.00,1.0,-1,-1,-1
548,1,0.00,0.00,0.00,0.00,1.0,-1,-1,-1
548,2,0.00,0.00,0.00,0.00,1.0,-1,-1,-1
548,3,0.00,0.00,0.00,0.00,1.0,-1,-1,-1
548,4,0.00,0.00,0.00,0.00,1.0,-1,-1,-1
548,5,1778.00,692.00,142.00,336.00,1.0,-1,-1,-1
548,6,0.00,0.00,0.00,0.00,1.0,-1,-1,-1
548,7,0.00,0.00,0.00,0.00,1.0,-1,-1,-1
548,8,0.00,0.00,0.00,0.00,1.0,-1,-1,-1
548,9,0.00,0.00,0.00,0.00,1.0,-1,-1,-1
548,10,1050.00,452.00,59.00,204.00,1.0,-1,-1,-1
548,11,0.00,0.00,0.00,0.00,1.0,-1,-1,-1
548,12,0.00,0.00,0.00,0.00,1.0,-1,-1,-1
548,13,0.00,0.00,0.00,0.00,1.0,-1,-1,-1
548,14,0.00,0.00,0.00,0.00,1.0,-1,-1,-1
548,15,0.00,0.00,0.00,0.00,1.0,-1,-1,-1
548,16,0.00,0.00,0.00,0.00,1.0,-1,-1,-1
548,17,0.00,0.00,0.00,0.00,1.0,-1,-1,-1
548,18,0.00,0.00,0.00,0.00,1.0,-1,-1,-1
548,19,990.00,461.00,94.00,223.00,1.0,-1,-1,-1
548,20,0.00,0.00,0.00,0.00,1.0,-1,-1,-1
548,21,0.00,0.00,0.00,0.00,1.0,-1,-1,-1
548,22,0.00,0.00,0.00,0.00,1.0,-1,-1,-1
548,23,0.00,0.00,0.00,0.00,1.0,-1,-1,-1
548,24,0.00,0.00,0.00,0.00,1.0,-1,-1,-1
548,25,0.00,0.00,0.00,0.00,1.0,-1,-1,-1
548,26,0.00,0.00,0.00,0.00,1.0,-1,-1,-1
548,27,0.00,0.00,0.00,0.00,1.0,-1,-1,-1
548,28,0.00,0.00,0.00,0.00,1.0,-1,-1,-1
548,29,0.00,0.00,0.00,0.00,1.0,-1,-1,-1
548,30,0.00,0.00,0.00,0.00,1.0,-1,-1,-1
548,31,590.00,963.00,97.00,117.00,1.0,-1,-1,-1
548,32,0.00,0.00,0.00,0.00,1.0,-1,-1,-1
548,33,0.00,0.00,0.00,0.00,1.0,-1,-1,-1
548,34,0.00,0.00,0.00,0.00,1.0,-1,-1,-1
548,35,705.00,815.00,126.00,265.00,1.0,-1,-1,-1
548,36,1814.00,473.00,95.00,264.00,1.0,-1,-1,-1
548,37,1592.00,279.00,46.00,165.00,1.0,-1,-1,-1
548,38,0.00,0.00,0.00,0.00,1.0,-1,-1,-1
548,39,0.00,0.00,0.00,0.00,1.0,-1,-1,-1
548,40,820.00,842.00,115.00,238.00,1.0,-1,-1,-1
548,41,0.00,0.00,0.00,0.00,1.0,-1,-1,-1
548,42,0.00,0.00,0.00,0.00,1.0,-1,-1,-1
548,43,1555.00,399.00,64.00,243.00,1.0,-1,-1,-1
548,44,1057.00,342.00,75.00,221.00,1.0,-1,-1,-1
548,45,0.00,0.00,0.00,0.00,1.0,-1,-1,-1
548,46,797.00,421.00,95.00,234.00,1.0,-1,-1,-1
548,47,577.00,827.00,229.00,253.00,1.0,-1,-1,-1
548,48,1416.00,422.00,64.00,226.00,1.0,-1,-1,-1
548,49,1130.00,471.00,77.00,232.00,1.0,-1,-1,-1
548,50,1239.00,458.00,99.00,237.00,1.0,-1,-1,-1
548,51,1508.00,443.00,77.00,215.00,1.0,-1,-1,-1
549,0,1153.00,719.00,207.00,322.00,1.0,-1,-1,-1
549,1,0.00,0.00,0.00,0.00,1.0,-1,-1,-1
549,2,0.00,0.00,0.00,0.00,1.0,-1,-1,-1
549,3,0.00,0.00,0.00,0.00,1.0,-1,-1,-1
549,4,0.00,0.00,0.00,0.00,1.0,-1,-1,-1
549,5,1775.00,692.00,145.00,336.00,1.0,-1,-1,-1
549,6,0.00,0.00,0.00,0.00,1.0,-1,-1,-1
549,7,0.00,0.00,0.00,0.00,1.0,-1,-1,-1
549,8,0.00,0.00,0.00,0.00,1.0,-1,-1,-1
549,9,0.00,0.00,0.00,0.00,1.0,-1,-1,-1
549,10,1051.00,449.00,57.00,208.00,1.0,-1,-1,-1
549,11,0.00,0.00,0.00,0.00,1.0,-1,-1,-1
549,12,0.00,0.00,0.00,0.00,1.0,-1,-1,-1
549,13,0.00,0.00,0.00,0.00,1.0,-1,-1,-1
549,14,0.00,0.00,0.00,0.00,1.0,-1,-1,-1
549,15,0.00,0.00,0.00,0.00,1.0,-1,-1,-1
549,16,0.00,0.00,0.00,0.00,1.0,-1,-1,-1
549,17,0.00,0.00,0.00,0.00,1.0,-1,-1,-1
549,18,0.00,0.00,0.00,0.00,1.0,-1,-1,-1
549,19,990.00,460.00,95.00,224.00,1.0,-1,-1,-1
549,20,0.00,0.00,0.00,0.00,1.0,-1,-1,-1
549,21,0.00,0.00,0.00,0.00,1.0,-1,-1,-1
549,22,0.00,0.00,0.00,0.00,1.0,-1,-1,-1
549,23,0.00,0.00,0.00,0.00,1.0,-1,-1,-1
549,24,0.00,0.00,0.00,0.00,1.0,-1,-1,-1
549,25,0.00,0.00,0.00,0.00,1.0,-1,-1,-1
549,26,0.00,0.00,0.00,0.00,1.0,-1,-1,-1
549,27,0.00,0.00,0.00,0.00,1.0,-1,-1,-1
549,28,0.00,0.00,0.00,0.00,1.0,-1,-1,-1
549,29,0.00,0.00,0.00,0.00,1.0,-1,-1,-1
549,30,0.00,0.00,0.00,0.00,1.0,-1,-1,-1
549,31,587.00,962.00,96.00,118.00,1.0,-1,-1,-1
549,32,0.00,0.00,0.00,0.00,1.0,-1,-1,-1
549,33,0.00,0.00,0.00,0.00,1.0,-1,-1,-1
549,34,0.00,0.00,0.00,0.00,1.0,-1,-1,-1
549,35,705.00,816.00,126.00,264.00,1.0,-1,-1,-1
549,36,1813.00,473.00,96.00,262.00,1.0,-1,-1,-1
549,37,1593.00,277.00,45.00,165.00,1.0,-1,-1,-1
549,38,0.00,0.00,0.00,0.00,1.0,-1,-1,-1
549,39,0.00,0.00,0.00,0.00,1.0,-1,-1,-1
549,40,819.00,843.00,116.00,237.00,1.0,-1,-1,-1
549,41,0.00,0.00,0.00,0.00,1.0,-1,-1,-1
549,42,0.00,0.00,0.00,0.00,1.0,-1,-1,-1
549,43,1555.00,398.00,65.00,239.00,1.0,-1,-1,-1
549,44,1056.00,340.00,76.00,221.00,1.0,-1,-1,-1
549,45,0.00,0.00,0.00,0.00,1.0,-1,-1,-1
549,46,796.00,421.00,97.00,234.00,1.0,-1,-1,-1
549,47,576.00,826.00,231.00,244.00,1.0,-1,-1,-1
549,48,1418.00,422.00,62.00,227.00,1.0,-1,-1,-1
549,49,1128.00,469.00,79.00,233.00,1.0,-1,-1,-1
549,50,1238.00,456.00,99.00,238.00,1.0,-1,-1,-1
549,51,1510.00,442.00,77.00,215.00,1.0,-1,-1,-1
550,0,1155.00,719.00,203.00,322.00,1.0,-1,-1,-1
550,1,0.00,0.00,0.00,0.00,1.0,-1,-1,-1
550,2,0.00,0.00,0.00,0.00,1.0,-1,-1,-1
550,3,0.00,0.00,0.00,0.00,1.0,-1,-1,-1
550,4,0.00,0.00,0.00,0.00,1.0,-1,-1,-1
550,5,1766.00,694.00,154.00,336.00,1.0,-1,-1,-1
550,6,0.00,0.00,0.00,0.00,1.0,-1,-1,-1
550,7,0.00,0.00,0.00,0.00,1.0,-1,-1,-1
550,8,0.00,0.00,0.00,0.00,1.0,-1,-1,-1
550,9,0.00,0.00,0.00,0.00,1.0,-1,-1,-1
550,10,1052.00,449.00,54.00,208.00,1.0,-1,-1,-1
550,11,0.00,0.00,0.00,0.00,1.0,-1,-1,-1
550,12,0.00,0.00,0.00,0.00,1.0,-1,-1,-1
550,13,0.00,0.00,0.00,0.00,1.0,-1,-1,-1
550,14,0.00,0.00,0.00,0.00,1.0,-1,-1,-1
550,15,0.00,0.00,0.00,0.00,1.0,-1,-1,-1
550,16,0.00,0.00,0.00,0.00,1.0,-1,-1,-1
550,17,0.00,0.00,0.00,0.00,1.0,-1,-1,-1
550,18,0.00,0.00,0.00,0.00,1.0,-1,-1,-1
550,19,991.00,460.00,95.00,223.00,1.0,-1,-1,-1
550,20,0.00,0.00,0.00,0.00,1.0,-1,-1,-1
550,21,0.00,0.00,0.00,0.00,1.0,-1,-1,-1
550,22,0.00,0.00,0.00,0.00,1.0,-1,-1,-1
550,23,0.00,0.00,0.00,0.00,1.0,-1,-1,-1
550,24,0.00,0.00,0.00,0.00,1.0,-1,-1,-1
550,25,0.00,0.00,0.00,0.00,1.0,-1,-1,-1
550,26,0.00,0.00,0.00,0.00,1.0,-1,-1,-1
550,27,0.00,0.00,0.00,0.00,1.0,-1,-1,-1
550,28,0.00,0.00,0.00,0.00,1.0,-1,-1,-1
550,29,0.00,0.00,0.00,0.00,1.0,-1,-1,-1
550,30,0.00,0.00,0.00,0.00,1.0,-1,-1,-1
550,31,584.00,963.00,97.00,117.00,1.0,-1,-1,-1
550,32,0.00,0.00,0.00,0.00,1.0,-1,-1,-1
550,33,0.00,0.00,0.00,0.00,1.0,-1,-1,-1
550,34,0.00,0.00,0.00,0.00,1.0,-1,-1,-1
550,35,704.00,818.00,128.00,262.00,1.0,-1,-1,-1
550,36,1812.00,475.00,98.00,259.00,1.0,-1,-1,-1
550,37,1594.00,277.00,45.00,165.00,1.0,-1,-1,-1
550,38,0.00,0.00,0.00,0.00,1.0,-1,-1,-1
550,39,0.00,0.00,0.00,0.00,1.0,-1,-1,-1
550,40,817.00,842.00,118.00,238.00,1.0,-1,-1,-1
550,41,0.00,0.00,0.00,0.00,1.0,-1,-1,-1
550,42,0.00,0.00,0.00,0.00,1.0,-1,-1,-1
550,43,1555.00,398.00,67.00,242.00,1.0,-1,-1,-1
550,44,1056.00,340.00,76.00,221.00,1.0,-1,-1,-1
550,45,0.00,0.00,0.00,0.00,1.0,-1,-1,-1
550,46,796.00,421.00,97.00,234.00,1.0,-1,-1,-1
550,47,575.00,829.00,232.00,251.00,1.0,-1,-1,-1
550,48,1423.00,422.00,56.00,228.00,1.0,-1,-1,-1
550,49,1128.00,469.00,78.00,233.00,1.0,-1,-1,-1
550,50,1238.00,457.00,96.00,242.00,1.0,-1,-1,-1
550,51,1512.00,445.00,77.00,213.00,1.0,-1,-1,-1
551,0,1156.00,721.00,200.00,323.00,1.0,-1,-1,-1
551,1,0.00,0.00,0.00,0.00,1.0,-1,-1,-1
551,2,0.00,0.00,0.00,0.00,1.0,-1,-1,-1
551,3,0.00,0.00,0.00,0.00,1.0,-1,-1,-1
551,4,0.00,0.00,0.00,0.00,1.0,-1,-1,-1
551,5,1759.00,696.00,161.00,339.00,1.0,-1,-1,-1
551,6,0.00,0.00,0.00,0.00,1.0,-1,-1,-1
551,7,0.00,0.00,0.00,0.00,1.0,-1,-1,-1
551,8,0.00,0.00,0.00,0.00,1.0,-1,-1,-1
551,9,0.00,0.00,0.00,0.00,1.0,-1,-1,-1
551,10,1051.00,449.00,54.00,209.00,1.0,-1,-1,-1
551,11,0.00,0.00,0.00,0.00,1.0,-1,-1,-1
551,12,0.00,0.00,0.00,0.00,1.0,-1,-1,-1
551,13,0.00,0.00,0.00,0.00,1.0,-1,-1,-1
551,14,0.00,0.00,0.00,0.00,1.0,-1,-1,-1
551,15,0.00,0.00,0.00,0.00,1.0,-1,-1,-1
551,16,0.00,0.00,0.00,0.00,1.0,-1,-1,-1
551,17,0.00,0.00,0.00,0.00,1.0,-1,-1,-1
551,18,0.00,0.00,0.00,0.00,1.0,-1,-1,-1
551,19,991.00,460.00,95.00,222.00,1.0,-1,-1,-1
551,20,0.00,0.00,0.00,0.00,1.0,-1,-1,-1
551,21,0.00,0.00,0.00,0.00,1.0,-1,-1,-1
551,22,0.00,0.00,0.00,0.00,1.0,-1,-1,-1
551,23,0.00,0.00,0.00,0.00,1.0,-1,-1,-1
551,24,0.00,0.00,0.00,0.00,1.0,-1,-1,-1
551,25,0.00,0.00,0.00,0.00,1.0,-1,-1,-1
551,26,0.00,0.00,0.00,0.00,1.0,-1,-1,-1
551,27,0.00,0.00,0.00,0.00,1.0,-1,-1,-1
551,28,0.00,0.00,0.00,0.00,1.0,-1,-1,-1
551,29,0.00,0.00,0.00,0.00,1.0,-1,-1,-1
551,30,0.00,0.00,0.00,0.00,1.0,-1,-1,-1
551,31,583.00,967.00,92.00,113.00,1.0,-1,-1,-1
551,32,0.00,0.00,0.00,0.00,1.0,-1,-1,-1
551,33,0.00,0.00,0.00,0.00,1.0,-1,-1,-1
551,34,0.00,0.00,0.00,0.00,1.0,-1,-1,-1
551,35,702.00,819.00,129.00,261.00,1.0,-1,-1,-1
551,36,1812.00,477.00,97.00,247.00,1.0,-1,-1,-1
551,37,1594.00,277.00,45.00,165.00,1.0,-1,-1,-1
551,38,0.00,0.00,0.00,0.00,1.0,-1,-1,-1
551,39,0.00,0.00,0.00,0.00,1.0,-1,-1,-1
551,40,817.00,844.00,118.00,236.00,1.0,-1,-1,-1
551,41,0.00,0.00,0.00,0.00,1.0,-1,-1,-1
551,42,0.00,0.00,0.00,0.00,1.0,-1,-1,-1
551,43,1554.00,398.00,78.00,243.00,1.0,-1,-1,-1
551,44,1057.00,340.00,75.00,221.00,1.0,-1,-1,-1
551,45,0.00,0.00,0.00,0.00,1.0,-1,-1,-1
551,46,796.00,421.00,98.00,234.00,1.0,-1,-1,-1
551,47,573.00,831.00,233.00,249.00,1.0,-1,-1,-1
551,48,1424.00,423.00,67.00,232.00,1.0,-1,-1,-1
551,49,1128.00,470.00,77.00,233.00,1.0,-1,-1,-1
551,50,1237.00,457.00,98.00,246.00,1.0,-1,-1,-1
551,51,1513.00,450.00,77.00,210.00,1.0,-1,-1,-1
552,0,1158.00,721.00,197.00,327.00,1.0,-1,-1,-1
552,1,0.00,0.00,0.00,0.00,1.0,-1,-1,-1
552,2,0.00,0.00,0.00,0.00,1.0,-1,-1,-1
552,3,0.00,0.00,0.00,0.00,1.0,-1,-1,-1
552,4,0.00,0.00,0.00,0.00,1.0,-1,-1,-1
552,5,1757.00,701.00,163.00,338.00,1.0,-1,-1,-1
552,6,0.00,0.00,0.00,0.00,1.0,-1,-1,-1
552,7,0.00,0.00,0.00,0.00,1.0,-1,-1,-1
552,8,0.00,0.00,0.00,0.00,1.0,-1,-1,-1
552,9,0.00,0.00,0.00,0.00,1.0,-1,-1,-1
552,10,1052.00,448.00,53.00,211.00,1.0,-1,-1,-1
552,11,0.00,0.00,0.00,0.00,1.0,-1,-1,-1
552,12,0.00,0.00,0.00,0.00,1.0,-1,-1,-1
552,13,0.00,0.00,0.00,0.00,1.0,-1,-1,-1
552,14,0.00,0.00,0.00,0.00,1.0,-1,-1,-1
552,15,0.00,0.00,0.00,0.00,1.0,-1,-1,-1
552,16,0.00,0.00,0.00,0.00,1.0,-1,-1,-1
552,17,0.00,0.00,0.00,0.00,1.0,-1,-1,-1
552,18,0.00,0.00,0.00,0.00,1.0,-1,-1,-1
552,19,991.00,460.00,97.00,223.00,1.0,-1,-1,-1
552,20,0.00,0.00,0.00,0.00,1.0,-1,-1,-1
552,21,0.00,0.00,0.00,0.00,1.0,-1,-1,-1
552,22,0.00,0.00,0.00,0.00,1.0,-1,-1,-1
552,23,0.00,0.00,0.00,0.00,1.0,-1,-1,-1
552,24,0.00,0.00,0.00,0.00,1.0,-1,-1,-1
552,25,0.00,0.00,0.00,0.00,1.0,-1,-1,-1
552,26,0.00,0.00,0.00,0.00,1.0,-1,-1,-1
552,27,0.00,0.00,0.00,0.00,1.0,-1,-1,-1
552,28,0.00,0.00,0.00,0.00,1.0,-1,-1,-1
552,29,0.00,0.00,0.00,0.00,1.0,-1,-1,-1
552,30,0.00,0.00,0.00,0.00,1.0,-1,-1,-1
552,31,581.00,969.00,99.00,111.00,1.0,-1,-1,-1
552,32,0.00,0.00,0.00,0.00,1.0,-1,-1,-1
552,33,0.00,0.00,0.00,0.00,1.0,-1,-1,-1
552,34,0.00,0.00,0.00,0.00,1.0,-1,-1,-1
552,35,700.00,823.00,131.00,257.00,1.0,-1,-1,-1
552,36,1811.00,478.00,95.00,233.00,1.0,-1,-1,-1
552,37,1594.00,277.00,45.00,164.00,1.0,-1,-1,-1
552,38,0.00,0.00,0.00,0.00,1.0,-1,-1,-1
552,39,0.00,0.00,0.00,0.00,1.0,-1,-1,-1
552,40,812.00,845.00,122.00,235.00,1.0,-1,-1,-1
552,41,0.00,0.00,0.00,0.00,1.0,-1,-1,-1
552,42,0.00,0.00,0.00,0.00,1.0,-1,-1,-1
552,43,1553.00,399.00,80.00,242.00,1.0,-1,-1,-1
552,44,1056.00,341.00,76.00,219.00,1.0,-1,-1,-1
552,45,0.00,0.00,0.00,0.00,1.0,-1,-1,-1
552,46,796.00,423.00,97.00,232.00,1.0,-1,-1,-1
552,47,571.00,833.00,233.00,247.00,1.0,-1,-1,-1
552,48,1425.00,423.00,69.00,234.00,1.0,-1,-1,-1
552,49,1128.00,471.00,77.00,237.00,1.0,-1,-1,-1
552,50,1238.00,461.00,97.00,242.00,1.0,-1,-1,-1
552,51,1513.00,452.00,79.00,212.00,1.0,-1,-1,-1
553,0,1162.00,722.00,190.00,327.00,1.0,-1,-1,-1
553,1,0.00,0.00,0.00,0.00,1.0,-1,-1,-1
553,2,0.00,0.00,0.00,0.00,1.0,-1,-1,-1
553,3,0.00,0.00,0.00,0.00,1.0,-1,-1,-1
553,4,0.00,0.00,0.00,0.00,1.0,-1,-1,-1
553,5,1748.00,705.00,172.00,336.00,1.0,-1,-1,-1
553,6,0.00,0.00,0.00,0.00,1.0,-1,-1,-1
553,7,0.00,0.00,0.00,0.00,1.0,-1,-1,-1
553,8,0.00,0.00,0.00,0.00,1.0,-1,-1,-1
553,9,0.00,0.00,0.00,0.00,1.0,-1,-1,-1
553,10,1053.00,447.00,52.00,212.00,1.0,-1,-1,-1
553,11,0.00,0.00,0.00,0.00,1.0,-1,-1,-1
553,12,0.00,0.00,0.00,0.00,1.0,-1,-1,-1
553,13,0.00,0.00,0.00,0.00,1.0,-1,-1,-1
553,14,0.00,0.00,0.00,0.00,1.0,-1,-1,-1
553,15,0.00,0.00,0.00,0.00,1.0,-1,-1,-1
553,16,0.00,0.00,0.00,0.00,1.0,-1,-1,-1
553,17,0.00,0.00,0.00,0.00,1.0,-1,-1,-1
553,18,0.00,0.00,0.00,0.00,1.0,-1,-1,-1
553,19,993.00,461.00,96.00,221.00,1.0,-1,-1,-1
553,20,0.00,0.00,0.00,0.00,1.0,-1,-1,-1
553,21,0.00,0.00,0.00,0.00,1.0,-1,-1,-1
553,22,0.00,0.00,0.00,0.00,1.0,-1,-1,-1
553,23,0.00,0.00,0.00,0.00,1.0,-1,-1,-1
553,24,0.00,0.00,0.00,0.00,1.0,-1,-1,-1
553,25,0.00,0.00,0.00,0.00,1.0,-1,-1,-1
553,26,0.00,0.00,0.00,0.00,1.0,-1,-1,-1
553,27,0.00,0.00,0.00,0.00,1.0,-1,-1,-1
553,28,0.00,0.00,0.00,0.00,1.0,-1,-1,-1
553,29,0.00,0.00,0.00,0.00,1.0,-1,-1,-1
553,30,0.00,0.00,0.00,0.00,1.0,-1,-1,-1
553,31,579.00,974.00,100.00,106.00,1.0,-1,-1,-1
553,32,0.00,0.00,0.00,0.00,1.0,-1,-1,-1
553,33,0.00,0.00,0.00,0.00,1.0,-1,-1,-1
553,34,0.00,0.00,0.00,0.00,1.0,-1,-1,-1
553,35,699.00,825.00,131.00,255.00,1.0,-1,-1,-1
553,36,1810.00,479.00,94.00,254.00,1.0,-1,-1,-1
553,37,1595.00,276.00,46.00,165.00,1.0,-1,-1,-1
553,38,0.00,0.00,0.00,0.00,1.0,-1,-1,-1
553,39,0.00,0.00,0.00,0.00,1.0,-1,-1,-1
553,40,808.00,846.00,127.00,234.00,1.0,-1,-1,-1
553,41,0.00,0.00,0.00,0.00,1.0,-1,-1,-1
553,42,0.00,0.00,0.00,0.00,1.0,-1,-1,-1
553,43,1553.00,401.00,81.00,241.00,1.0,-1,-1,-1
553,44,1057.00,341.00,76.00,220.00,1.0,-1,-1,-1
553,45,0.00,0.00,0.00,0.00,1.0,-1,-1,-1
553,46,796.00,422.00,96.00,233.00,1.0,-1,-1,-1
553,47,569.00,837.00,233.00,243.00,1.0,-1,-1,-1
553,48,1428.00,424.00,61.00,233.00,1.0,-1,-1,-1
553,49,1130.00,473.00,75.00,238.00,1.0,-1,-1,-1
553,50,1236.00,461.00,102.00,244.00,1.0,-1,-1,-1
553,51,1514.00,455.00,79.00,215.00,1.0,-1,-1,-1
554,0,1165.00,722.00,185.00,328.00,1.0,-1,-1,-1
554,1,0.00,0.00,0.00,0.00,1.0,-1,-1,-1
554,2,0.00,0.00,0.00,0.00,1.0,-1,-1,-1
554,3,0.00,0.00,0.00,0.00,1.0,-1,-1,-1
554,4,0.00,0.00,0.00,0.00,1.0,-1,-1,-1
554,5,1738.00,703.00,182.00,339.00,1.0,-1,-1,-1
554,6,0.00,0.00,0.00,0.00,1.0,-1,-1,-1
554,7,0.00,0.00,0.00,0.00,1.0,-1,-1,-1
554,8,0.00,0.00,0.00,0.00,1.0,-1,-1,-1
554,9,0.00,0.00,0.00,0.00,1.0,-1,-1,-1
554,10,1054.00,447.00,51.00,212.00,1.0,-1,-1,-1
554,11,0.00,0.00,0.00,0.00,1.0,-1,-1,-1
554,12,0.00,0.00,0.00,0.00,1.0,-1,-1,-1
554,13,0.00,0.00,0.00,0.00,1.0,-1,-1,-1
554,14,0.00,0.00,0.00,0.00,1.0,-1,-1,-1
554,15,0.00,0.00,0.00,0.00,1.0,-1,-1,-1
554,16,0.00,0.00,0.00,0.00,1.0,-1,-1,-1
554,17,0.00,0.00,0.00,0.00,1.0,-1,-1,-1
554,18,0.00,0.00,0.00,0.00,1.0,-1,-1,-1
554,19,993.00,460.00,95.00,221.00,1.0,-1,-1,-1
554,20,0.00,0.00,0.00,0.00,1.0,-1,-1,-1
554,21,0.00,0.00,0.00,0.00,1.0,-1,-1,-1
554,22,0.00,0.00,0.00,0.00,1.0,-1,-1,-1
554,23,0.00,0.00,0.00,0.00,1.0,-1,-1,-1
554,24,0.00,0.00,0.00,0.00,1.0,-1,-1,-1
554,25,0.00,0.00,0.00,0.00,1.0,-1,-1,-1
554,26,0.00,0.00,0.00,0.00,1.0,-1,-1,-1
554,27,0.00,0.00,0.00,0.00,1.0,-1,-1,-1
554,28,0.00,0.00,0.00,0.00,1.0,-1,-1,-1
554,29,0.00,0.00,0.00,0.00,1.0,-1,-1,-1
554,30,0.00,0.00,0.00,0.00,1.0,-1,-1,-1
554,31,577.00,979.00,101.00,101.00,1.0,-1,-1,-1
554,32,0.00,0.00,0.00,0.00,1.0,-1,-1,-1
554,33,0.00,0.00,0.00,0.00,1.0,-1,-1,-1
554,34,0.00,0.00,0.00,0.00,1.0,-1,-1,-1
554,35,695.00,825.00,134.00,255.00,1.0,-1,-1,-1
554,36,1808.00,479.00,94.00,258.00,1.0,-1,-1,-1
554,37,1596.00,276.00,45.00,165.00,1.0,-1,-1,-1
554,38,0.00,0.00,0.00,0.00,1.0,-1,-1,-1
554,39,0.00,0.00,0.00,0.00,1.0,-1,-1,-1
554,40,805.00,847.00,129.00,233.00,1.0,-1,-1,-1
554,41,0.00,0.00,0.00,0.00,1.0,-1,-1,-1
554,42,0.00,0.00,0.00,0.00,1.0,-1,-1,-1
554,43,1555.00,402.00,83.00,239.00,1.0,-1,-1,-1
554,44,1058.00,341.00,76.00,219.00,1.0,-1,-1,-1
554,45,0.00,0.00,0.00,0.00,1.0,-1,-1,-1
554,46,796.00,422.00,96.00,233.00,1.0,-1,-1,-1
554,47,566.00,839.00,234.00,241.00,1.0,-1,-1,-1
554,48,1432.00,422.00,52.00,235.00,1.0,-1,-1,-1
554,49,1130.00,476.00,75.00,236.00,1.0,-1,-1,-1
554,50,1237.00,467.00,104.00,241.00,1.0,-1,-1,-1
554,51,1516.00,456.00,80.00,213.00,1.0,-1,-1,-1
555,0,1169.00,721.00,178.00,328.00,1.0,-1,-1,-1
555,1,0.00,0.00,0.00,0.00,1.0,-1,-1,-1
555,2,0.00,0.00,0.00,0.00,1.0,-1,-1,-1
555,3,0.00,0.00,0.00,0.00,1.0,-1,-1,-1
555,4,0.00,0.00,0.00,0.00,1.0,-1,-1,-1
555,5,1726.00,699.00,194.00,341.00,1.0,-1,-1,-1
555,6,0.00,0.00,0.00,0.00,1.0,-1,-1,-1
555,7,0.00,0.00,0.00,0.00,1.0,-1,-1,-1
555,8,0.00,0.00,0.00,0.00,1.0,-1,-1,-1
555,9,0.00,0.00,0.00,0.00,1.0,-1,-1,-1
555,10,1054.00,446.00,51.00,212.00,1.0,-1,-1,-1
555,11,0.00,0.00,0.00,0.00,1.0,-1,-1,-1
555,12,0.00,0.00,0.00,0.00,1.0,-1,-1,-1
555,13,0.00,0.00,0.00,0.00,1.0,-1,-1,-1
555,14,0.00,0.00,0.00,0.00,1.0,-1,-1,-1
555,15,0.00,0.00,0.00,0.00,1.0,-1,-1,-1
555,16,0.00,0.00,0.00,0.00,1.0,-1,-1,-1
555,17,0.00,0.00,0.00,0.00,1.0,-1,-1,-1
555,18,0.00,0.00,0.00,0.00,1.0,-1,-1,-1
555,19,992.00,459.00,95.00,222.00,1.0,-1,-1,-1
555,20,0.00,0.00,0.00,0.00,1.0,-1,-1,-1
555,21,0.00,0.00,0.00,0.00,1.0,-1,-1,-1
555,22,0.00,0.00,0.00,0.00,1.0,-1,-1,-1
555,23,0.00,0.00,0.00,0.00,1.0,-1,-1,-1
555,24,0.00,0.00,0.00,0.00,1.0,-1,-1,-1
555,25,0.00,0.00,0.00,0.00,1.0,-1,-1,-1
555,26,0.00,0.00,0.00,0.00,1.0,-1,-1,-1
555,27,0.00,0.00,0.00,0.00,1.0,-1,-1,-1
555,28,0.00,0.00,0.00,0.00,1.0,-1,-1,-1
555,29,0.00,0.00,0.00,0.00,1.0,-1,-1,-1
555,30,0.00,0.00,0.00,0.00,1.0,-1,-1,-1
555,31,574.00,980.00,98.00,100.00,1.0,-1,-1,-1
555,32,0.00,0.00,0.00,0.00,1.0,-1,-1,-1
555,33,0.00,0.00,0.00,0.00,1.0,-1,-1,-1
555,34,0.00,0.00,0.00,0.00,1.0,-1,-1,-1
555,35,692.00,824.00,135.00,256.00,1.0,-1,-1,-1
555,36,1805.00,476.00,115.00,255.00,1.0,-1,-1,-1
555,37,1596.00,274.00,45.00,166.00,1.0,-1,-1,-1
555,38,0.00,0.00,0.00,0.00,1.0,-1,-1,-1
555,39,0.00,0.00,0.00,0.00,1.0,-1,-1,-1
555,40,802.00,847.00,131.00,233.00,1.0,-1,-1,-1
555,41,0.00,0.00,0.00,0.00,1.0,-1,-1,-1
555,42,0.00,0.00,0.00,0.00,1.0,-1,-1,-1
555,43,1555.00,403.00,83.00,239.00,1.0,-1,-1,-1
555,44,1057.00,340.00,76.00,216.00,1.0,-1,-1,-1
555,45,0.00,0.00,0.00,0.00,1.0,-1,-1,-1
555,46,796.00,421.00,95.00,233.00,1.0,-1,-1,-1
555,47,562.00,841.00,235.00,239.00,1.0,-1,-1,-1
555,48,1433.00,419.00,56.00,237.00,1.0,-1,-1,-1
555,49,1127.00,477.00,77.00,235.00,1.0,-1,-1,-1
555,50,1236.00,468.00,106.00,239.00,1.0,-1,-1,-1
555,51,1515.00,455.00,80.00,215.00,1.0,-1,-1,-1
556,0,1172.00,721.00,170.00,328.00,1.0,-1,-1,-1
556,1,0.00,0.00,0.00,0.00,1.0,-1,-1,-1
556,2,0.00,0.00,0.00,0.00,1.0,-1,-1,-1
556,3,0.00,0.00,0.00,0.00,1.0,-1,-1,-1
556,4,0.00,0.00,0.00,0.00,1.0,-1,-1,-1
556,5,1717.00,697.00,203.00,344.00,1.0,-1,-1,-1
556,6,0.00,0.00,0.00,0.00,1.0,-1,-1,-1
556,7,0.00,0.00,0.00,0.00,1.0,-1,-1,-1
556,8,0.00,0.00,0.00,0.00,1.0,-1,-1,-1
556,9,0.00,0.00,0.00,0.00,1.0,-1,-1,-1
556,10,1054.00,443.00,53.00,214.00,1.0,-1,-1,-1
556,11,0.00,0.00,0.00,0.00,1.0,-1,-1,-1
556,12,0.00,0.00,0.00,0.00,1.0,-1,-1,-1
556,13,0.00,0.00,0.00,0.00,1.0,-1,-1,-1
556,14,0.00,0.00,0.00,0.00,1.0,-1,-1,-1
556,15,0.00,0.00,0.00,0.00,1.0,-1,-1,-1
556,16,0.00,0.00,0.00,0.00,1.0,-1,-1,-1
556,17,0.00,0.00,0.00,0.00,1.0,-1,-1,-1
556,18,0.00,0.00,0.00,0.00,1.0,-1,-1,-1
556,19,992.00,458.00,92.00,222.00,1.0,-1,-1,-1
556,20,0.00,0.00,0.00,0.00,1.0,-1,-1,-1
556,21,0.00,0.00,0.00,0.00,1.0,-1,-1,-1
556,22,0.00,0.00,0.00,0.00,1.0,-1,-1,-1
556,23,0.00,0.00,0.00,0.00,1.0,-1,-1,-1
556,24,0.00,0.00,0.00,0.00,1.0,-1,-1,-1
556,25,0.00,0.00,0.00,0.00,1.0,-1,-1,-1
556,26,0.00,0.00,0.00,0.00,1.0,-1,-1,-1
556,27,0.00,0.00,0.00,0.00,1.0,-1,-1,-1
556,28,0.00,0.00,0.00,0.00,1.0,-1,-1,-1
556,29,0.00,0.00,0.00,0.00,1.0,-1,-1,-1
556,30,0.00,0.00,0.00,0.00,1.0,-1,-1,-1
556,31,573.00,982.00,103.00,98.00,1.0,-1,-1,-1
556,32,0.00,0.00,0.00,0.00,1.0,-1,-1,-1
556,33,0.00,0.00,0.00,0.00,1.0,-1,-1,-1
556,34,0.00,0.00,0.00,0.00,1.0,-1,-1,-1
556,35,688.00,823.00,137.00,257.00,1.0,-1,-1,-1
556,36,1802.00,476.00,100.00,258.00,1.0,-1,-1,-1
556,37,1595.00,273.00,46.00,167.00,1.0,-1,-1,-1
556,38,0.00,0.00,0.00,0.00,1.0,-1,-1,-1
556,39,0.00,0.00,0.00,0.00,1.0,-1,-1,-1
556,40,799.00,848.00,134.00,232.00,1.0,-1,-1,-1
556,41,0.00,0.00,0.00,0.00,1.0,-1,-1,-1
556,42,0.00,0.00,0.00,0.00,1.0,-1,-1,-1
556,43,1557.00,404.00,77.00,238.00,1.0,-1,-1,-1
556,44,1055.00,338.00,77.00,213.00,1.0,-1,-1,-1
556,45,0.00,0.00,0.00,0.00,1.0,-1,-1,-1
556,46,796.00,421.00,94.00,232.00,1.0,-1,-1,-1
556,47,558.00,841.00,237.00,239.00,1.0,-1,-1,-1
556,48,1433.00,417.00,66.00,238.00,1.0,-1,-1,-1
556,49,1125.00,478.00,78.00,237.00,1.0,-1,-1,-1
556,50,1232.00,468.00,100.00,244.00,1.0,-1,-1,-1
556,51,1516.00,455.00,79.00,214.00,1.0,-1,-1,-1
557,0,1172.00,721.00,166.00,326.00,1.0,-1,-1,-1
557,1,0.00,0.00,0.00,0.00,1.0,-1,-1,-1
557,2,0.00,0.00,0.00,0.00,1.0,-1,-1,-1
557,3,0.00,0.00,0.00,0.00,1.0,-1,-1,-1
557,4,0.00,0.00,0.00,0.00,1.0,-1,-1,-1
557,5,1710.00,695.00,210.00,345.00,1.0,-1,-1,-1
557,6,0.00,0.00,0.00,0.00,1.0,-1,-1,-1
557,7,0.00,0.00,0.00,0.00,1.0,-1,-1,-1
557,8,0.00,0.00,0.00,0.00,1.0,-1,-1,-1
557,9,0.00,0.00,0.00,0.00,1.0,-1,-1,-1
557,10,1056.00,442.00,53.00,213.00,1.0,-1,-1,-1
557,11,0.00,0.00,0.00,0.00,1.0,-1,-1,-1
557,12,0.00,0.00,0.00,0.00,1.0,-1,-1,-1
557,13,0.00,0.00,0.00,0.00,1.0,-1,-1,-1
557,14,0.00,0.00,0.00,0.00,1.0,-1,-1,-1
557,15,0.00,0.00,0.00,0.00,1.0,-1,-1,-1
557,16,0.00,0.00,0.00,0.00,1.0,-1,-1,-1
557,17,0.00,0.00,0.00,0.00,1.0,-1,-1,-1
557,18,0.00,0.00,0.00,0.00,1.0,-1,-1,-1
557,19,992.00,457.00,90.00,220.00,1.0,-1,-1,-1
557,20,0.00,0.00,0.00,0.00,1.0,-1,-1,-1
557,21,0.00,0.00,0.00,0.00,1.0,-1,-1,-1
557,22,0.00,0.00,0.00,0.00,1.0,-1,-1,-1
557,23,0.00,0.00,0.00,0.00,1.0,-1,-1,-1
557,24,0.00,0.00,0.00,0.00,1.0,-1,-1,-1
557,25,0.00,0.00,0.00,0.00,1.0,-1,-1,-1
557,26,0.00,0.00,0.00,0.00,1.0,-1,-1,-1
557,27,0.00,0.00,0.00,0.00,1.0,-1,-1,-1
557,28,0.00,0.00,0.00,0.00,1.0,-1,-1,-1
557,29,0.00,0.00,0.00,0.00,1.0,-1,-1,-1
557,30,0.00,0.00,0.00,0.00,1.0,-1,-1,-1
557,31,573.00,982.00,118.00,98.00,1.0,-1,-1,-1
557,32,0.00,0.00,0.00,0.00,1.0,-1,-1,-1
557,33,0.00,0.00,0.00,0.00,1.0,-1,-1,-1
557,34,0.00,0.00,0.00,0.00,1.0,-1,-1,-1
557,35,686.00,823.00,139.00,257.00,1.0,-1,-1,-1
557,36,1801.00,476.00,98.00,263.00,1.0,-1,-1,-1
557,37,1595.00,272.00,46.00,167.00,1.0,-1,-1,-1
557,38,0.00,0.00,0.00,0.00,1.0,-1,-1,-1
557,39,0.00,0.00,0.00,0.00,1.0,-1,-1,-1
557,40,800.00,849.00,133.00,231.00,1.0,-1,-1,-1
557,41,0.00,0.00,0.00,0.00,1.0,-1,-1,-1
557,42,0.00,0.00,0.00,0.00,1.0,-1,-1,-1
557,43,1560.00,405.00,75.00,238.00,1.0,-1,-1,-1
557,44,1056.00,338.00,77.00,210.00,1.0,-1,-1,-1
557,45,0.00,0.00,0.00,0.00,1.0,-1,-1,-1
557,46,796.00,422.00,94.00,233.00,1.0,-1,-1,-1
557,47,555.00,841.00,239.00,219.00,1.0,-1,-1,-1
557,48,1433.00,419.00,66.00,236.00,1.0,-1,-1,-1
557,49,1124.00,478.00,79.00,237.00,1.0,-1,-1,-1
557,50,1232.00,467.00,92.00,244.00,1.0,-1,-1,-1
557,51,1517.00,454.00,78.00,215.00,1.0,-1,-1,-1
558,0,1171.00,719.00,161.00,327.00,1.0,-1,-1,-1
558,1,0.00,0.00,0.00,0.00,1.0,-1,-1,-1
558,2,0.00,0.00,0.00,0.00,1.0,-1,-1,-1
558,3,0.00,0.00,0.00,0.00,1.0,-1,-1,-1
558,4,0.00,0.00,0.00,0.00,1.0,-1,-1,-1
558,5,1705.00,694.00,215.00,346.00,1.0,-1,-1,-1
558,6,0.00,0.00,0.00,0.00,1.0,-1,-1,-1
558,7,0.00,0.00,0.00,0.00,1.0,-1,-1,-1
558,8,0.00,0.00,0.00,0.00,1.0,-1,-1,-1
558,9,0.00,0.00,0.00,0.00,1.0,-1,-1,-1
558,10,1058.00,442.00,51.00,212.00,1.0,-1,-1,-1
558,11,0.00,0.00,0.00,0.00,1.0,-1,-1,-1
558,12,0.00,0.00,0.00,0.00,1.0,-1,-1,-1
558,13,0.00,0.00,0.00,0.00,1.0,-1,-1,-1
558,14,0.00,0.00,0.00,0.00,1.0,-1,-1,-1
558,15,0.00,0.00,0.00,0.00,1.0,-1,-1,-1
558,16,0.00,0.00,0.00,0.00,1.0,-1,-1,-1
558,17,0.00,0.00,0.00,0.00,1.0,-1,-1,-1
558,18,0.00,0.00,0.00,0.00,1.0,-1,-1,-1
558,19,993.00,457.00,89.00,220.00,1.0,-1,-1,-1
558,20,0.00,0.00,0.00,0.00,1.0,-1,-1,-1
558,21,0.00,0.00,0.00,0.00,1.0,-1,-1,-1
558,22,0.00,0.00,0.00,0.00,1.0,-1,-1,-1
558,23,551.00,841.00,226.00,239.00,1.0,-1,-1,-1
558,24,0.00,0.00,0.00,0.00,1.0,-1,-1,-1
558,25,0.00,0.00,0.00,0.00,1.0,-1,-1,-1
558,26,0.00,0.00,0.00,0.00,1.0,-1,-1,-1
558,27,0.00,0.00,0.00,0.00,1.0,-1,-1,-1
558,28,0.00,0.00,0.00,0.00,1.0,-1,-1,-1
558,29,0.00,0.00,0.00,0.00,1.0,-1,-1,-1
558,30,0.00,0.00,0.00,0.00,1.0,-1,-1,-1
558,31,571.00,981.00,118.00,99.00,1.0,-1,-1,-1
558,32,0.00,0.00,0.00,0.00,1.0,-1,-1,-1
558,33,0.00,0.00,0.00,0.00,1.0,-1,-1,-1
558,34,0.00,0.00,0.00,0.00,1.0,-1,-1,-1
558,35,683.00,823.00,141.00,257.00,1.0,-1,-1,-1
558,36,1798.00,476.00,102.00,269.00,1.0,-1,-1,-1
558,37,1597.00,271.00,46.00,166.00,1.0,-1,-1,-1
558,38,0.00,0.00,0.00,0.00,1.0,-1,-1,-1
558,39,0.00,0.00,0.00,0.00,1.0,-1,-1,-1
558,40,802.00,851.00,131.00,229.00,1.0,-1,-1,-1
558,41,0.00,0.00,0.00,0.00,1.0,-1,-1,-1
558,42,0.00,0.00,0.00,0.00,1.0,-1,-1,-1
558,43,1563.00,405.00,76.00,241.00,1.0,-1,-1,-1
558,44,1057.00,338.00,76.00,204.00,1.0,-1,-1,-1
558,45,0.00,0.00,0.00,0.00,1.0,-1,-1,-1
558,46,797.00,421.00,94.00,238.00,1.0,-1,-1,-1
558,47,550.00,840.00,240.00,234.00,1.0,-1,-1,-1
558,48,1435.00,418.00,66.00,235.00,1.0,-1,-1,-1
558,49,1124.00,477.00,80.00,237.00,1.0,-1,-1,-1
558,50,1234.00,466.00,90.00,244.00,1.0,-1,-1,-1
558,51,1519.00,453.00,75.00,214.00,1.0,-1,-1,-1
559,0,1171.00,718.00,155.00,327.00,1.0,-1,-1,-1
559,1,0.00,0.00,0.00,0.00,1.0,-1,-1,-1
559,2,0.00,0.00,0.00,0.00,1.0,-1,-1,-1
559,3,0.00,0.00,0.00,0.00,1.0,-1,-1,-1
559,4,0.00,0.00,0.00,0.00,1.0,-1,-1,-1
559,5,1700.00,692.00,220.00,346.00,1.0,-1,-1,-1
559,6,0.00,0.00,0.00,0.00,1.0,-1,-1,-1
559,7,0.00,0.00,0.00,0.00,1.0,-1,-1,-1
559,8,0.00,0.00,0.00,0.00,1.0,-1,-1,-1
559,9,0.00,0.00,0.00,0.00,1.0,-1,-1,-1
559,10,1058.00,440.00,51.00,214.00,1.0,-1,-1,-1
559,11,0.00,0.00,0.00,0.00,1.0,-1,-1,-1
559,12,0.00,0.00,0.00,0.00,1.0,-1,-1,-1
559,13,0.00,0.00,0.00,0.00,1.0,-1,-1,-1
559,14,0.00,0.00,0.00,0.00,1.0,-1,-1,-1
559,15,0.00,0.00,0.00,0.00,1.0,-1,-1,-1
559,16,0.00,0.00,0.00,0.00,1.0,-1,-1,-1
559,17,0.00,0.00,0.00,0.00,1.0,-1,-1,-1
559,18,0.00,0.00,0.00,0.00,1.0,-1,-1,-1
559,19,993.00,455.00,91.00,221.00,1.0,-1,-1,-1
559,20,0.00,0.00,0.00,0.00,1.0,-1,-1,-1
559,21,0.00,0.00,0.00,0.00,1.0,-1,-1,-1
559,22,0.00,0.00,0.00,0.00,1.0,-1,-1,-1
559,23,546.00,840.00,217.00,240.00,1.0,-1,-1,-1
559,24,0.00,0.00,0.00,0.00,1.0,-1,-1,-1
559,25,0.00,0.00,0.00,0.00,1.0,-1,-1,-1
559,26,0.00,0.00,0.00,0.00,1.0,-1,-1,-1
559,27,0.00,0.00,0.00,0.00,1.0,-1,-1,-1
559,28,0.00,0.00,0.00,0.00,1.0,-1,-1,-1
559,29,0.00,0.00,0.00,0.00,1.0,-1,-1,-1
559,30,0.00,0.00,0.00,0.00,1.0,-1,-1,-1
559,31,569.00,980.00,117.00,100.00,1.0,-1,-1,-1
559,32,0.00,0.00,0.00,0.00,1.0,-1,-1,-1
559,33,0.00,0.00,0.00,0.00,1.0,-1,-1,-1
559,34,0.00,0.00,0.00,0.00,1.0,-1,-1,-1
559,35,681.00,822.00,141.00,258.00,1.0,-1,-1,-1
559,36,1795.00,475.00,102.00,272.00,1.0,-1,-1,-1
559,37,1597.00,271.00,45.00,165.00,1.0,-1,-1,-1
559,38,0.00,0.00,0.00,0.00,1.0,-1,-1,-1
559,39,0.00,0.00,0.00,0.00,1.0,-1,-1,-1
559,40,801.00,852.00,133.00,228.00,1.0,-1,-1,-1
559,41,0.00,0.00,0.00,0.00,1.0,-1,-1,-1
559,42,0.00,0.00,0.00,0.00,1.0,-1,-1,-1
559,43,1566.00,403.00,73.00,246.00,1.0,-1,-1,-1
559,44,1056.00,336.00,76.00,190.00,1.0,-1,-1,-1
559,45,1904.00,575.00,16.00,65.00,1.0,-1,-1,-1
559,46,796.00,422.00,94.00,238.00,1.0,-1,-1,-1
559,47,546.00,839.00,242.00,195.00,1.0,-1,-1,-1
559,48,1436.00,419.00,70.00,233.00,1.0,-1,-1,-1
559,49,1122.00,476.00,80.00,236.00,1.0,-1,-1,-1
559,50,1234.00,464.00,88.00,247.00,1.0,-1,-1,-1
559,51,1520.00,452.00,74.00,215.00,1.0,-1,-1,-1
560,0,1172.00,719.00,148.00,326.00,1.0,-1,-1,-1
560,1,0.00,0.00,0.00,0.00,1.0,-1,-1,-1
560,2,0.00,0.00,0.00,0.00,1.0,-1,-1,-1
560,3,0.00,0.00,0.00,0.00,1.0,-1,-1,-1
560,4,0.00,0.00,0.00,0.00,1.0,-1,-1,-1
560,5,1695.00,692.00,225.00,345.00,1.0,-1,-1,-1
560,6,0.00,0.00,0.00,0.00,1.0,-1,-1,-1
560,7,0.00,0.00,0.00,0.00,1.0,-1,-1,-1
560,8,0.00,0.00,0.00,0.00,1.0,-1,-1,-1
560,9,0.00,0.00,0.00,0.00,1.0,-1,-1,-1
560,10,1059.00,439.00,52.00,214.00,1.0,-1,-1,-1
560,11,0.00,0.00,0.00,0.00,1.0,-1,-1,-1
560,12,0.00,0.00,0.00,0.00,1.0,-1,-1,-1
560,13,0.00,0.00,0.00,0.00,1.0,-1,-1,-1
560,14,0.00,0.00,0.00,0.00,1.0,-1,-1,-1
560,15,0.00,0.00,0.00,0.00,1.0,-1,-1,-1
560,16,0.00,0.00,0.00,0.00,1.0,-1,-1,-1
560,17,0.00,0.00,0.00,0.00,1.0,-1,-1,-1
560,18,0.00,0.00,0.00,0.00,1.0,-1,-1,-1
560,19,993.00,455.00,91.00,219.00,1.0,-1,-1,-1
560,20,0.00,0.00,0.00,0.00,1.0,-1,-1,-1
560,21,0.00,0.00,0.00,0.00,1.0,-1,-1,-1
560,22,0.00,0.00,0.00,0.00,1.0,-1,-1,-1
560,23,543.00,839.00,236.00,241.00,1.0,-1,-1,-1
560,24,0.00,0.00,0.00,0.00,1.0,-1,-1,-1
560,25,0.00,0.00,0.00,0.00,1.0,-1,-1,-1
560,26,0.00,0.00,0.00,0.00,1.0,-1,-1,-1
560,27,0.00,0.00,0.00,0.00,1.0,-1,-1,-1
560,28,0.00,0.00,0.00,0.00,1.0,-1,-1,-1
560,29,0.00,0.00,0.00,0.00,1.0,-1,-1,-1
560,30,0.00,0.00,0.00,0.00,1.0,-1,-1,-1
560,31,568.00,980.00,117.00,100.00,1.0,-1,-1,-1
560,32,0.00,0.00,0.00,0.00,1.0,-1,-1,-1
560,33,0.00,0.00,0.00,0.00,1.0,-1,-1,-1
560,34,0.00,0.00,0.00,0.00,1.0,-1,-1,-1
560,35,678.00,823.00,144.00,257.00,1.0,-1,-1,-1
560,36,1793.00,478.00,97.00,275.00,1.0,-1,-1,-1
560,37,1596.00,270.00,46.00,166.00,1.0,-1,-1,-1
560,38,0.00,0.00,0.00,0.00,1.0,-1,-1,-1
560,39,0.00,0.00,0.00,0.00,1.0,-1,-1,-1
560,40,797.00,855.00,135.00,225.00,1.0,-1,-1,-1
560,41,0.00,0.00,0.00,0.00,1.0,-1,-1,-1
560,42,0.00,0.00,0.00,0.00,1.0,-1,-1,-1
560,43,1568.00,403.00,69.00,239.00,1.0,-1,-1,-1
560,44,1056.00,336.00,75.00,185.00,1.0,-1,-1,-1
560,45,1900.00,575.00,20.00,67.00,1.0,-1,-1,-1
560,46,796.00,425.00,94.00,235.00,1.0,-1,-1,-1
560,47,543.00,840.00,241.00,200.00,1.0,-1,-1,-1
560,48,1440.00,420.00,62.00,226.00,1.0,-1,-1,-1
560,49,1117.00,475.00,85.00,237.00,1.0,-1,-1,-1
560,50,1236.00,461.00,86.00,246.00,1.0,-1,-1,-1
560,51,1522.00,451.00,73.00,216.00,1.0,-1,-1,-1
561,0,1173.00,719.00,142.00,326.00,1.0,-1,-1,-1
561,1,0.00,0.00,0.00,0.00,1.0,-1,-1,-1
561,2,0.00,0.00,0.00,0.00,1.0,-1,-1,-1
561,3,0.00,0.00,0.00,0.00,1.0,-1,-1,-1
561,4,0.00,0.00,0.00,0.00,1.0,-1,-1,-1
561,5,1693.00,693.00,227.00,345.00,1.0,-1,-1,-1
561,6,0.00,0.00,0.00,0.00,1.0,-1,-1,-1
561,7,0.00,0.00,0.00,0.00,1.0,-1,-1,-1
561,8,0.00,0.00,0.00,0.00,1.0,-1,-1,-1
561,9,0.00,0.00,0.00,0.00,1.0,-1,-1,-1
561,10,1059.00,438.00,55.00,215.00,1.0,-1,-1,-1
561,11,0.00,0.00,0.00,0.00,1.0,-1,-1,-1
561,12,0.00,0.00,0.00,0.00,1.0,-1,-1,-1
561,13,0.00,0.00,0.00,0.00,1.0,-1,-1,-1
561,14,0.00,0.00,0.00,0.00,1.0,-1,-1,-1
561,15,0.00,0.00,0.00,0.00,1.0,-1,-1,-1
561,16,0.00,0.00,0.00,0.00,1.0,-1,-1,-1
561,17,0.00,0.00,0.00,0.00,1.0,-1,-1,-1
561,18,0.00,0.00,0.00,0.00,1.0,-1,-1,-1
561,19,993.00,455.00,92.00,220.00,1.0,-1,-1,-1
561,20,0.00,0.00,0.00,0.00,1.0,-1,-1,-1
561,21,0.00,0.00,0.00,0.00,1.0,-1,-1,-1
561,22,0.00,0.00,0.00,0.00,1.0,-1,-1,-1
561,23,542.00,839.00,235.00,241.00,1.0,-1,-1,-1
561,24,0.00,0.00,0.00,0.00,1.0,-1,-1,-1
561,25,0.00,0.00,0.00,0.00,1.0,-1,-1,-1
561,26,0.00,0.00,0.00,0.00,1.0,-1,-1,-1
561,27,0.00,0.00,0.00,0.00,1.0,-1,-1,-1
561,28,0.00,0.00,0.00,0.00,1.0,-1,-1,-1
561,29,0.00,0.00,0.00,0.00,1.0,-1,-1,-1
561,30,0.00,0.00,0.00,0.00,1.0,-1,-1,-1
561,31,566.00,980.00,116.00,100.00,1.0,-1,-1,-1
561,32,0.00,0.00,0.00,0.00,1.0,-1,-1,-1
561,33,0.00,0.00,0.00,0.00,1.0,-1,-1,-1
561,34,0.00,0.00,0.00,0.00,1.0,-1,-1,-1
561,35,677.00,823.00,145.00,257.00,1.0,-1,-1,-1
561,36,1793.00,480.00,95.00,274.00,1.0,-1,-1,-1
561,37,1596.00,270.00,45.00,166.00,1.0,-1,-1,-1
561,38,0.00,0.00,0.00,0.00,1.0,-1,-1,-1
561,39,0.00,0.00,0.00,0.00,1.0,-1,-1,-1
561,40,790.00,858.00,140.00,222.00,1.0,-1,-1,-1
561,41,0.00,0.00,0.00,0.00,1.0,-1,-1,-1
561,42,0.00,0.00,0.00,0.00,1.0,-1,-1,-1
561,43,1568.00,402.00,71.00,250.00,1.0,-1,-1,-1
561,44,1056.00,335.00,75.00,187.00,1.0,-1,-1,-1
561,45,1899.00,574.00,21.00,96.00,1.0,-1,-1,-1
561,46,795.00,427.00,93.00,234.00,1.0,-1,-1,-1
561,47,542.00,839.00,237.00,202.00,1.0,-1,-1,-1
561,48,1441.00,421.00,65.00,228.00,1.0,-1,-1,-1
561,49,1116.00,475.00,85.00,237.00,1.0,-1,-1,-1
561,50,1234.00,460.00,87.00,248.00,1.0,-1,-1,-1
561,51,1522.00,449.00,73.00,217.00,1.0,-1,-1,-1
562,0,1175.00,718.00,135.00,325.00,1.0,-1,-1,-1
562,1,0.00,0.00,0.00,0.00,1.0,-1,-1,-1
562,2,0.00,0.00,0.00,0.00,1.0,-1,-1,-1
562,3,0.00,0.00,0.00,0.00,1.0,-1,-1,-1
562,4,0.00,0.00,0.00,0.00,1.0,-1,-1,-1
562,5,1690.00,692.00,219.00,352.00,1.0,-1,-1,-1
562,6,0.00,0.00,0.00,0.00,1.0,-1,-1,-1
562,7,0.00,0.00,0.00,0.00,1.0,-1,-1,-1
562,8,0.00,0.00,0.00,0.00,1.0,-1,-1,-1
562,9,0.00,0.00,0.00,0.00,1.0,-1,-1,-1
562,10,1059.00,436.00,50.00,216.00,1.0,-1,-1,-1
562,11,0.00,0.00,0.00,0.00,1.0,-1,-1,-1
562,12,0.00,0.00,0.00,0.00,1.0,-1,-1,-1
562,13,0.00,0.00,0.00,0.00,1.0,-1,-1,-1
562,14,0.00,0.00,0.00,0.00,1.0,-1,-1,-1
562,15,0.00,0.00,0.00,0.00,1.0,-1,-1,-1
562,16,0.00,0.00,0.00,0.00,1.0,-1,-1,-1
562,17,0.00,0.00,0.00,0.00,1.0,-1,-1,-1
562,18,0.00,0.00,0.00,0.00,1.0,-1,-1,-1
562,19,993.00,453.00,91.00,227.00,1.0,-1,-1,-1
562,20,0.00,0.00,0.00,0.00,1.0,-1,-1,-1
562,21,0.00,0.00,0.00,0.00,1.0,-1,-1,-1
562,22,0.00,0.00,0.00,0.00,1.0,-1,-1,-1
562,23,536.00,838.00,241.00,242.00,1.0,-1,-1,-1
562,24,0.00,0.00,0.00,0.00,1.0,-1,-1,-1
562,25,0.00,0.00,0.00,0.00,1.0,-1,-1,-1
562,26,0.00,0.00,0.00,0.00,1.0,-1,-1,-1
562,27,0.00,0.00,0.00,0.00,1.0,-1,-1,-1
562,28,0.00,0.00,0.00,0.00,1.0,-1,-1,-1
562,29,0.00,0.00,0.00,0.00,1.0,-1,-1,-1
562,30,0.00,0.00,0.00,0.00,1.0,-1,-1,-1
562,31,565.00,979.00,114.00,101.00,1.0,-1,-1,-1
562,32,0.00,0.00,0.00,0.00,1.0,-1,-1,-1
562,33,0.00,0.00,0.00,0.00,1.0,-1,-1,-1
562,34,0.00,0.00,0.00,0.00,1.0,-1,-1,-1
562,35,663.00,823.00,155.00,257.00,1.0,-1,-1,-1
562,36,1791.00,481.00,99.00,273.00,1.0,-1,-1,-1
562,37,1595.00,269.00,46.00,165.00,1.0,-1,-1,-1
562,38,0.00,0.00,0.00,0.00,1.0,-1,-1,-1
562,39,0.00,0.00,0.00,0.00,1.0,-1,-1,-1
562,40,790.00,860.00,139.00,220.00,1.0,-1,-1,-1
562,41,0.00,0.00,0.00,0.00,1.0,-1,-1,-1
562,42,0.00,0.00,0.00,0.00,1.0,-1,-1,-1
562,43,1568.00,400.00,73.00,252.00,1.0,-1,-1,-1
562,44,1055.00,334.00,76.00,190.00,1.0,-1,-1,-1
562,45,1895.00,574.00,25.00,120.00,1.0,-1,-1,-1
562,46,794.00,428.00,93.00,234.00,1.0,-1,-1,-1
562,47,538.00,839.00,246.00,241.00,1.0,-1,-1,-1
562,48,1440.00,422.00,65.00,228.00,1.0,-1,-1,-1
562,49,1111.00,473.00,89.00,237.00,1.0,-1,-1,-1
562,50,1233.00,460.00,90.00,245.00,1.0,-1,-1,-1
562,51,1523.00,450.00,72.00,215.00,1.0,-1,-1,-1
563,0,1179.00,717.00,131.00,324.00,1.0,-1,-1,-1
563,1,0.00,0.00,0.00,0.00,1.0,-1,-1,-1
563,2,0.00,0.00,0.00,0.00,1.0,-1,-1,-1
563,3,0.00,0.00,0.00,0.00,1.0,-1,-1,-1
563,4,0.00,0.00,0.00,0.00,1.0,-1,-1,-1
563,5,1687.00,694.00,217.00,354.00,1.0,-1,-1,-1
563,6,0.00,0.00,0.00,0.00,1.0,-1,-1,-1
563,7,0.00,0.00,0.00,0.00,1.0,-1,-1,-1
563,8,0.00,0.00,0.00,0.00,1.0,-1,-1,-1
563,9,0.00,0.00,0.00,0.00,1.0,-1,-1,-1
563,10,1058.00,435.00,50.00,214.00,1.0,-1,-1,-1
563,11,0.00,0.00,0.00,0.00,1.0,-1,-1,-1
563,12,0.00,0.00,0.00,0.00,1.0,-1,-1,-1
563,13,0.00,0.00,0.00,0.00,1.0,-1,-1,-1
563,14,0.00,0.00,0.00,0.00,1.0,-1,-1,-1
563,15,0.00,0.00,0.00,0.00,1.0,-1,-1,-1
563,16,0.00,0.00,0.00,0.00,1.0,-1,-1,-1
563,17,0.00,0.00,0.00,0.00,1.0,-1,-1,-1
563,18,0.00,0.00,0.00,0.00,1.0,-1,-1,-1
563,19,993.00,451.00,91.00,232.00,1.0,-1,-1,-1
563,20,0.00,0.00,0.00,0.00,1.0,-1,-1,-1
563,21,0.00,0.00,0.00,0.00,1.0,-1,-1,-1
563,22,0.00,0.00,0.00,0.00,1.0,-1,-1,-1
563,23,534.00,838.00,240.00,242.00,1.0,-1,-1,-1
563,24,0.00,0.00,0.00,0.00,1.0,-1,-1,-1
563,25,0.00,0.00,0.00,0.00,1.0,-1,-1,-1
563,26,0.00,0.00,0.00,0.00,1.0,-1,-1,-1
563,27,0.00,0.00,0.00,0.00,1.0,-1,-1,-1
563,28,0.00,0.00,0.00,0.00,1.0,-1,-1,-1
563,29,0.00,0.00,0.00,0.00,1.0,-1,-1,-1
563,30,0.00,0.00,0.00,0.00,1.0,-1,-1,-1
563,31,563.00,980.00,115.00,100.00,1.0,-1,-1,-1
563,32,0.00,0.00,0.00,0.00,1.0,-1,-1,-1
563,33,0.00,0.00,0.00,0.00,1.0,-1,-1,-1
563,34,0.00,0.00,0.00,0.00,1.0,-1,-1,-1
563,35,662.00,824.00,155.00,256.00,1.0,-1,-1,-1
563,36,1788.00,484.00,97.00,271.00,1.0,-1,-1,-1
563,37,1594.00,267.00,46.00,165.00,1.0,-1,-1,-1
563,38,0.00,0.00,0.00,0.00,1.0,-1,-1,-1
563,39,0.00,0.00,0.00,0.00,1.0,-1,-1,-1
563,40,788.00,860.00,138.00,220.00,1.0,-1,-1,-1
563,41,0.00,0.00,0.00,0.00,1.0,-1,-1,-1
563,42,0.00,0.00,0.00,0.00,1.0,-1,-1,-1
563,43,1569.00,399.00,73.00,250.00,1.0,-1,-1,-1
563,44,1054.00,331.00,77.00,195.00,1.0,-1,-1,-1
563,45,0.00,0.00,0.00,0.00,1.0,-1,-1,-1
563,46,795.00,428.00,90.00,233.00,1.0,-1,-1,-1
563,47,536.00,838.00,238.00,242.00,1.0,-1,-1,-1
563,48,1440.00,423.00,62.00,226.00,1.0,-1,-1,-1
563,49,1106.00,472.00,94.00,236.00,1.0,-1,-1,-1
563,50,1233.00,458.00,91.00,245.00,1.0,-1,-1,-1
563,51,1520.00,453.00,80.00,212.00,1.0,-1,-1,-1
563,52,1877.00,447.00,43.00,261.00,1.0,-1,-1,-1
564,0,1183.00,717.00,129.00,324.00,1.0,-1,-1,-1
564,1,0.00,0.00,0.00,0.00,1.0,-1,-1,-1
564,2,0.00,0.00,0.00,0.00,1.0,-1,-1,-1
564,3,0.00,0.00,0.00,0.00,1.0,-1,-1,-1
564,4,0.00,0.00,0.00,0.00,1.0,-1,-1,-1
564,5,1686.00,696.00,210.00,353.00,1.0,-1,-1,-1
564,6,0.00,0.00,0.00,0.00,1.0,-1,-1,-1
564,7,0.00,0.00,0.00,0.00,1.0,-1,-1,-1
564,8,0.00,0.00,0.00,0.00,1.0,-1,-1,-1
564,9,802.00,861.00,125.00,219.00,1.0,-1,-1,-1
564,10,1060.00,434.00,46.00,214.00,1.0,-1,-1,-1
564,11,0.00,0.00,0.00,0.00,1.0,-1,-1,-1
564,12,0.00,0.00,0.00,0.00,1.0,-1,-1,-1
564,13,0.00,0.00,0.00,0.00,1.0,-1,-1,-1
564,14,0.00,0.00,0.00,0.00,1.0,-1,-1,-1
564,15,0.00,0.00,0.00,0.00,1.0,-1,-1,-1
564,16,0.00,0.00,0.00,0.00,1.0,-1,-1,-1
564,17,0.00,0.00,0.00,0.00,1.0,-1,-1,-1
564,18,0.00,0.00,0.00,0.00,1.0,-1,-1,-1
564,19,994.00,451.00,92.00,233.00,1.0,-1,-1,-1
564,20,0.00,0.00,0.00,0.00,1.0,-1,-1,-1
564,21,0.00,0.00,0.00,0.00,1.0,-1,-1,-1
564,22,0.00,0.00,0.00,0.00,1.0,-1,-1,-1
564,23,534.00,839.00,241.00,241.00,1.0,-1,-1,-1
564,24,0.00,0.00,0.00,0.00,1.0,-1,-1,-1
564,25,0.00,0.00,0.00,0.00,1.0,-1,-1,-1
564,26,0.00,0.00,0.00,0.00,1.0,-1,-1,-1
564,27,0.00,0.00,0.00,0.00,1.0,-1,-1,-1
564,28,0.00,0.00,0.00,0.00,1.0,-1,-1,-1
564,29,0.00,0.00,0.00,0.00,1.0,-1,-1,-1
564,30,0.00,0.00,0.00,0.00,1.0,-1,-1,-1
564,31,564.00,980.00,114.00,100.00,1.0,-1,-1,-1
564,32,0.00,0.00,0.00,0.00,1.0,-1,-1,-1
564,33,0.00,0.00,0.00,0.00,1.0,-1,-1,-1
564,34,0.00,0.00,0.00,0.00,1.0,-1,-1,-1
564,35,662.00,827.00,156.00,253.00,1.0,-1,-1,-1
564,36,1789.00,485.00,102.00,273.00,1.0,-1,-1,-1
564,37,1594.00,263.00,47.00,169.00,1.0,-1,-1,-1
564,38,0.00,0.00,0.00,0.00,1.0,-1,-1,-1
564,39,0.00,0.00,0.00,0.00,1.0,-1,-1,-1
564,40,787.00,860.00,138.00,220.00,1.0,-1,-1,-1
564,41,0.00,0.00,0.00,0.00,1.0,-1,-1,-1
564,42,0.00,0.00,0.00,0.00,1.0,-1,-1,-1
564,43,1570.00,397.00,75.00,253.00,1.0,-1,-1,-1
564,44,1055.00,331.00,77.00,198.00,1.0,-1,-1,-1
564,45,0.00,0.00,0.00,0.00,1.0,-1,-1,-1
564,46,795.00,427.00,90.00,234.00,1.0,-1,-1,-1
564,47,535.00,839.00,239.00,241.00,1.0,-1,-1,-1
564,48,1441.00,423.00,63.00,226.00,1.0,-1,-1,-1
564,49,1106.00,472.00,94.00,239.00,1.0,-1,-1,-1
564,50,1232.00,459.00,94.00,247.00,1.0,-1,-1,-1
564,51,1520.00,454.00,85.00,214.00,1.0,-1,-1,-1
564,52,1875.00,447.00,45.00,261.00,1.0,-1,-1,-1
565,0,1189.00,715.00,123.00,324.00,1.0,-1,-1,-1
565,1,0.00,0.00,0.00,0.00,1.0,-1,-1,-1
565,2,0.00,0.00,0.00,0.00,1.0,-1,-1,-1
565,3,0.00,0.00,0.00,0.00,1.0,-1,-1,-1
565,4,0.00,0.00,0.00,0.00,1.0,-1,-1,-1
565,5,1684.00,698.00,179.00,348.00,1.0,-1,-1,-1
565,6,0.00,0.00,0.00,0.00,1.0,-1,-1,-1
565,7,0.00,0.00,0.00,0.00,1.0,-1,-1,-1
565,8,0.00,0.00,0.00,0.00,1.0,-1,-1,-1
565,9,798.00,860.00,126.00,220.00,1.0,-1,-1,-1
565,10,1060.00,432.00,48.00,215.00,1.0,-1,-1,-1
565,11,0.00,0.00,0.00,0.00,1.0,-1,-1,-1
565,12,0.00,0.00,0.00,0.00,1.0,-1,-1,-1
565,13,0.00,0.00,0.00,0.00,1.0,-1,-1,-1
565,14,0.00,0.00,0.00,0.00,1.0,-1,-1,-1
565,15,0.00,0.00,0.00,0.00,1.0,-1,-1,-1
565,16,0.00,0.00,0.00,0.00,1.0,-1,-1,-1
565,17,0.00,0.00,0.00,0.00,1.0,-1,-1,-1
565,18,0.00,0.00,0.00,0.00,1.0,-1,-1,-1
565,19,996.00,448.00,91.00,231.00,1.0,-1,-1,-1
565,20,0.00,0.00,0.00,0.00,1.0,-1,-1,-1
565,21,0.00,0.00,0.00,0.00,1.0,-1,-1,-1
565,22,0.00,0.00,0.00,0.00,1.0,-1,-1,-1
565,23,534.00,838.00,243.00,242.00,1.0,-1,-1,-1
565,24,0.00,0.00,0.00,0.00,1.0,-1,-1,-1
565,25,0.00,0.00,0.00,0.00,1.0,-1,-1,-1
565,26,0.00,0.00,0.00,0.00,1.0,-1,-1,-1
565,27,0.00,0.00,0.00,0.00,1.0,-1,-1,-1
565,28,0.00,0.00,0.00,0.00,1.0,-1,-1,-1
565,29,0.00,0.00,0.00,0.00,1.0,-1,-1,-1
565,30,0.00,0.00,0.00,0.00,1.0,-1,-1,-1
565,31,564.00,980.00,115.00,100.00,1.0,-1,-1,-1
565,32,0.00,0.00,0.00,0.00,1.0,-1,-1,-1
565,33,0.00,0.00,0.00,0.00,1.0,-1,-1,-1
565,34,0.00,0.00,0.00,0.00,1.0,-1,-1,-1
565,35,663.00,827.00,154.00,253.00,1.0,-1,-1,-1
565,36,1791.00,485.00,100.00,274.00,1.0,-1,-1,-1
565,37,1596.00,256.00,46.00,180.00,1.0,-1,-1,-1
565,38,0.00,0.00,0.00,0.00,1.0,-1,-1,-1
565,39,0.00,0.00,0.00,0.00,1.0,-1,-1,-1
565,40,789.00,860.00,135.00,220.00,1.0,-1,-1,-1
565,41,0.00,0.00,0.00,0.00,1.0,-1,-1,-1
565,42,0.00,0.00,0.00,0.00,1.0,-1,-1,-1
565,43,1569.00,395.00,79.00,252.00,1.0,-1,-1,-1
565,44,1056.00,329.00,77.00,200.00,1.0,-1,-1,-1
565,45,0.00,0.00,0.00,0.00,1.0,-1,-1,-1
565,46,793.00,425.00,92.00,234.00,1.0,-1,-1,-1
565,47,535.00,838.00,241.00,242.00,1.0,-1,-1,-1
565,48,1442.00,421.00,61.00,227.00,1.0,-1,-1,-1
565,49,1110.00,473.00,90.00,241.00,1.0,-1,-1,-1
565,50,1232.00,457.00,99.00,250.00,1.0,-1,-1,-1
565,51,1518.00,456.00,91.00,214.00,1.0,-1,-1,-1
565,52,1869.00,444.00,51.00,262.00,1.0,-1,-1,-1
565,53,1860.00,842.00,60.00,193.00,1.0,-1,-1,-1
566,0,1193.00,714.00,119.00,325.00,1.0,-1,-1,-1
566,1,0.00,0.00,0.00,0.00,1.0,-1,-1,-1
566,2,0.00,0.00,0.00,0.00,1.0,-1,-1,-1
566,3,0.00,0.00,0.00,0.00,1.0,-1,-1,-1
566,4,0.00,0.00,0.00,0.00,1.0,-1,-1,-1
566,5,1681.00,699.00,182.00,352.00,1.0,-1,-1,-1
566,6,0.00,0.00,0.00,0.00,1.0,-1,-1,-1
566,7,0.00,0.00,0.00,0.00,1.0,-1,-1,-1
566,8,0.00,0.00,0.00,0.00,1.0,-1,-1,-1
566,9,789.00,860.00,132.00,220.00,1.0,-1,-1,-1
566,10,1060.00,431.00,48.00,216.00,1.0,-1,-1,-1
566,11,0.00,0.00,0.00,0.00,1.0,-1,-1,-1
566,12,0.00,0.00,0.00,0.00,1.0,-1,-1,-1
566,13,0.00,0.00,0.00,0.00,1.0,-1,-1,-1
566,14,0.00,0.00,0.00,0.00,1.0,-1,-1,-1
566,15,0.00,0.00,0.00,0.00,1.0,-1,-1,-1
566,16,0.00,0.00,0.00,0.00,1.0,-1,-1,-1
566,17,0.00,0.00,0.00,0.00,1.0,-1,-1,-1
566,18,0.00,0.00,0.00,0.00,1.0,-1,-1,-1
566,19,998.00,447.00,88.00,226.00,1.0,-1,-1,-1
566,20,0.00,0.00,0.00,0.00,1.0,-1,-1,-1
566,21,0.00,0.00,0.00,0.00,1.0,-1,-1,-1
566,22,0.00,0.00,0.00,0.00,1.0,-1,-1,-1
566,23,532.00,839.00,240.00,241.00,1.0,-1,-1,-1
566,24,0.00,0.00,0.00,0.00,1.0,-1,-1,-1
566,25,0.00,0.00,0.00,0.00,1.0,-1,-1,-1
566,26,0.00,0.00,0.00,0.00,1.0,-1,-1,-1
566,27,0.00,0.00,0.00,0.00,1.0,-1,-1,-1
566,28,0.00,0.00,0.00,0.00,1.0,-1,-1,-1
566,29,0.00,0.00,0.00,0.00,1.0,-1,-1,-1
566,30,0.00,0.00,0.00,0.00,1.0,-1,-1,-1
566,31,561.00,980.00,114.00,100.00,1.0,-1,-1,-1
566,32,0.00,0.00,0.00,0.00,1.0,-1,-1,-1
566,33,0.00,0.00,0.00,0.00,1.0,-1,-1,-1
566,34,0.00,0.00,0.00,0.00,1.0,-1,-1,-1
566,35,662.00,828.00,153.00,252.00,1.0,-1,-1,-1
566,36,1792.00,485.00,97.00,274.00,1.0,-1,-1,-1
566,37,1593.00,254.00,49.00,180.00,1.0,-1,-1,-1
566,38,0.00,0.00,0.00,0.00,1.0,-1,-1,-1
566,39,0.00,0.00,0.00,0.00,1.0,-1,-1,-1
566,40,788.00,860.00,134.00,220.00,1.0,-1,-1,-1
566,41,0.00,0.00,0.00,0.00,1.0,-1,-1,-1
566,42,0.00,0.00,0.00,0.00,1.0,-1,-1,-1
566,43,1569.00,395.00,79.00,252.00,1.0,-1,-1,-1
566,44,1056.00,328.00,77.00,202.00,1.0,-1,-1,-1
566,45,0.00,0.00,0.00,0.00,1.0,-1,-1,-1
566,46,791.00,425.00,94.00,234.00,1.0,-1,-1,-1
566,47,533.00,839.00,240.00,216.00,1.0,-1,-1,-1
566,48,1443.00,421.00,65.00,227.00,1.0,-1,-1,-1
566,49,1111.00,475.00,90.00,241.00,1.0,-1,-1,-1
566,50,1231.00,460.00,102.00,246.00,1.0,-1,-1,-1
566,51,1517.00,457.00,100.00,208.00,1.0,-1,-1,-1
566,52,1864.00,444.00,56.00,262.00,1.0,-1,-1,-1
566,53,1856.00,843.00,64.00,198.00,1.0,-1,-1,-1
567,0,1193.00,714.00,124.00,324.00,1.0,-1,-1,-1
567,1,0.00,0.00,0.00,0.00,1.0,-1,-1,-1
567,2,0.00,0.00,0.00,0.00,1.0,-1,-1,-1
567,3,0.00,0.00,0.00,0.00,1.0,-1,-1,-1
567,4,0.00,0.00,0.00,0.00,1.0,-1,-1,-1
567,5,1675.00,700.00,181.00,355.00,1.0,-1,-1,-1
567,6,0.00,0.00,0.00,0.00,1.0,-1,-1,-1
567,7,0.00,0.00,0.00,0.00,1.0,-1,-1,-1
567,8,0.00,0.00,0.00,0.00,1.0,-1,-1,-1
567,9,790.00,860.00,130.00,220.00,1.0,-1,-1,-1
567,10,1059.00,431.00,47.00,215.00,1.0,-1,-1,-1
567,11,0.00,0.00,0.00,0.00,1.0,-1,-1,-1
567,12,0.00,0.00,0.00,0.00,1.0,-1,-1,-1
567,13,0.00,0.00,0.00,0.00,1.0,-1,-1,-1
567,14,0.00,0.00,0.00,0.00,1.0,-1,-1,-1
567,15,0.00,0.00,0.00,0.00,1.0,-1,-1,-1
567,16,0.00,0.00,0.00,0.00,1.0,-1,-1,-1
567,17,0.00,0.00,0.00,0.00,1.0,-1,-1,-1
567,18,0.00,0.00,0.00,0.00,1.0,-1,-1,-1
567,19,998.00,447.00,86.00,222.00,1.0,-1,-1,-1
567,20,0.00,0.00,0.00,0.00,1.0,-1,-1,-1
567,21,0.00,0.00,0.00,0.00,1.0,-1,-1,-1
567,22,0.00,0.00,0.00,0.00,1.0,-1,-1,-1
567,23,530.00,841.00,244.00,239.00,1.0,-1,-1,-1
567,24,0.00,0.00,0.00,0.00,1.0,-1,-1,-1
567,25,0.00,0.00,0.00,0.00,1.0,-1,-1,-1
567,26,0.00,0.00,0.00,0.00,1.0,-1,-1,-1
567,27,0.00,0.00,0.00,0.00,1.0,-1,-1,-1
567,28,0.00,0.00,0.00,0.00,1.0,-1,-1,-1
567,29,0.00,0.00,0.00,0.00,1.0,-1,-1,-1
567,30,0.00,0.00,0.00,0.00,1.0,-1,-1,-1
567,31,557.00,955.00,115.00,125.00,1.0,-1,-1,-1
567,32,0.00,0.00,0.00,0.00,1.0,-1,-1,-1
567,33,0.00,0.00,0.00,0.00,1.0,-1,-1,-1
567,34,0.00,0.00,0.00,0.00,1.0,-1,-1,-1
567,35,658.00,830.00,155.00,250.00,1.0,-1,-1,-1
567,36,1790.00,484.00,98.00,275.00,1.0,-1,-1,-1
567,37,1590.00,254.00,51.00,180.00,1.0,-1,-1,-1
567,38,0.00,0.00,0.00,0.00,1.0,-1,-1,-1
567,39,0.00,0.00,0.00,0.00,1.0,-1,-1,-1
567,40,788.00,859.00,132.00,221.00,1.0,-1,-1,-1
567,41,0.00,0.00,0.00,0.00,1.0,-1,-1,-1
567,42,0.00,0.00,0.00,0.00,1.0,-1,-1,-1
567,43,1569.00,395.00,79.00,250.00,1.0,-1,-1,-1
567,44,1055.00,328.00,77.00,202.00,1.0,-1,-1,-1
567,45,0.00,0.00,0.00,0.00,1.0,-1,-1,-1
567,46,790.00,424.00,93.00,235.00,1.0,-1,-1,-1
567,47,531.00,841.00,240.00,205.00,1.0,-1,-1,-1
567,48,1443.00,420.00,67.00,228.00,1.0,-1,-1,-1
567,49,1113.00,478.00,87.00,237.00,1.0,-1,-1,-1
567,50,1228.00,464.00,105.00,253.00,1.0,-1,-1,-1
567,51,1518.00,458.00,100.00,207.00,1.0,-1,-1,-1
567,52,1858.00,445.00,62.00,260.00,1.0,-1,-1,-1
567,53,1849.00,845.00,71.00,200.00,1.0,-1,-1,-1
568,0,1188.00,715.00,139.00,325.00,1.0,-1,-1,-1
568,1,0.00,0.00,0.00,0.00,1.0,-1,-1,-1
568,2,0.00,0.00,0.00,0.00,1.0,-1,-1,-1
568,3,0.00,0.00,0.00,0.00,1.0,-1,-1,-1
568,4,0.00,0.00,0.00,0.00,1.0,-1,-1,-1
568,5,1667.00,703.00,181.00,355.00,1.0,-1,-1,-1
568,6,0.00,0.00,0.00,0.00,1.0,-1,-1,-1
568,7,0.00,0.00,0.00,0.00,1.0,-1,-1,-1
568,8,0.00,0.00,0.00,0.00,1.0,-1,-1,-1
568,9,782.00,862.00,135.00,218.00,1.0,-1,-1,-1
568,10,1058.00,431.00,46.00,215.00,1.0,-1,-1,-1
568,11,0.00,0.00,0.00,0.00,1.0,-1,-1,-1
568,12,0.00,0.00,0.00,0.00,1.0,-1,-1,-1
568,13,0.00,0.00,0.00,0.00,1.0,-1,-1,-1
568,14,0.00,0.00,0.00,0.00,1.0,-1,-1,-1
568,15,0.00,0.00,0.00,0.00,1.0,-1,-1,-1
568,16,0.00,0.00,0.00,0.00,1.0,-1,-1,-1
568,17,0.00,0.00,0.00,0.00,1.0,-1,-1,-1
568,18,0.00,0.00,0.00,0.00,1.0,-1,-1,-1
568,19,998.00,446.00,87.00,225.00,1.0,-1,-1,-1
568,20,0.00,0.00,0.00,0.00,1.0,-1,-1,-1
568,21,0.00,0.00,0.00,0.00,1.0,-1,-1,-1
568,22,0.00,0.00,0.00,0.00,1.0,-1,-1,-1
568,23,528.00,844.00,248.00,236.00,1.0,-1,-1,-1
568,24,0.00,0.00,0.00,0.00,1.0,-1,-1,-1
568,25,0.00,0.00,0.00,0.00,1.0,-1,-1,-1
568,26,0.00,0.00,0.00,0.00,1.0,-1,-1,-1
568,27,0.00,0.00,0.00,0.00,1.0,-1,-1,-1
568,28,0.00,0.00,0.00,0.00,1.0,-1,-1,-1
568,29,0.00,0.00,0.00,0.00,1.0,-1,-1,-1
568,30,0.00,0.00,0.00,0.00,1.0,-1,-1,-1
568,31,554.00,955.00,114.00,125.00,1.0,-1,-1,-1
568,32,0.00,0.00,0.00,0.00,1.0,-1,-1,-1
568,33,0.00,0.00,0.00,0.00,1.0,-1,-1,-1
568,34,0.00,0.00,0.00,0.00,1.0,-1,-1,-1
568,35,655.00,832.00,154.00,248.00,1.0,-1,-1,-1
568,36,1790.00,485.00,95.00,275.00,1.0,-1,-1,-1
568,37,1590.00,253.00,50.00,180.00,1.0,-1,-1,-1
568,38,0.00,0.00,0.00,0.00,1.0,-1,-1,-1
568,39,0.00,0.00,0.00,0.00,1.0,-1,-1,-1
568,40,783.00,861.00,134.00,219.00,1.0,-1,-1,-1
568,41,0.00,0.00,0.00,0.00,1.0,-1,-1,-1
568,42,0.00,0.00,0.00,0.00,1.0,-1,-1,-1
568,43,1569.00,397.00,74.00,249.00,1.0,-1,-1,-1
568,44,1054.00,328.00,76.00,204.00,1.0,-1,-1,-1
568,45,0.00,0.00,0.00,0.00,1.0,-1,-1,-1
568,46,789.00,424.00,92.00,236.00,1.0,-1,-1,-1
568,47,529.00,844.00,246.00,202.00,1.0,-1,-1,-1
568,48,1442.00,421.00,66.00,228.00,1.0,-1,-1,-1
568,49,1110.00,481.00,90.00,238.00,1.0,-1,-1,-1
568,50,1227.00,468.00,105.00,251.00,1.0,-1,-1,-1
568,51,1519.00,460.00,99.00,205.00,1.0,-1,-1,-1
568,52,1853.00,445.00,67.00,262.00,1.0,-1,-1,-1
568,53,1840.00,849.00,80.00,201.00,1.0,-1,-1,-1
569,0,1192.00,717.00,143.00,323.00,1.0,-1,-1,-1
569,1,0.00,0.00,0.00,0.00,1.0,-1,-1,-1
569,2,0.00,0.00,0.00,0.00,1.0,-1,-1,-1
569,3,0.00,0.00,0.00,0.00,1.0,-1,-1,-1
569,4,0.00,0.00,0.00,0.00,1.0,-1,-1,-1
569,5,1663.00,705.00,179.00,354.00,1.0,-1,-1,-1
569,6,0.00,0.00,0.00,0.00,1.0,-1,-1,-1
569,7,0.00,0.00,0.00,0.00,1.0,-1,-1,-1
569,8,0.00,0.00,0.00,0.00,1.0,-1,-1,-1
569,9,781.00,863.00,134.00,217.00,1.0,-1,-1,-1
569,10,1056.00,432.00,48.00,216.00,1.0,-1,-1,-1
569,11,0.00,0.00,0.00,0.00,1.0,-1,-1,-1
569,12,0.00,0.00,0.00,0.00,1.0,-1,-1,-1
569,13,0.00,0.00,0.00,0.00,1.0,-1,-1,-1
569,14,0.00,0.00,0.00,0.00,1.0,-1,-1,-1
569,15,0.00,0.00,0.00,0.00,1.0,-1,-1,-1
569,16,0.00,0.00,0.00,0.00,1.0,-1,-1,-1
569,17,0.00,0.00,0.00,0.00,1.0,-1,-1,-1
569,18,0.00,0.00,0.00,0.00,1.0,-1,-1,-1
569,19,1000.00,447.00,83.00,224.00,1.0,-1,-1,-1
569,20,0.00,0.00,0.00,0.00,1.0,-1,-1,-1
569,21,0.00,0.00,0.00,0.00,1.0,-1,-1,-1
569,22,0.00,0.00,0.00,0.00,1.0,-1,-1,-1
569,23,527.00,847.00,250.00,233.00,1.0,-1,-1,-1
569,24,0.00,0.00,0.00,0.00,1.0,-1,-1,-1
569,25,0.00,0.00,0.00,0.00,1.0,-1,-1,-1
569,26,0.00,0.00,0.00,0.00,1.0,-1,-1,-1
569,27,0.00,0.00,0.00,0.00,1.0,-1,-1,-1
569,28,0.00,0.00,0.00,0.00,1.0,-1,-1,-1
569,29,0.00,0.00,0.00,0.00,1.0,-1,-1,-1
569,30,0.00,0.00,0.00,0.00,1.0,-1,-1,-1
569,31,553.00,955.00,112.00,125.00,1.0,-1,-1,-1
569,32,0.00,0.00,0.00,0.00,1.0,-1,-1,-1
569,33,0.00,0.00,0.00,0.00,1.0,-1,-1,-1
569,34,0.00,0.00,0.00,0.00,1.0,-1,-1,-1
569,35,655.00,834.00,154.00,246.00,1.0,-1,-1,-1
569,36,1790.00,487.00,96.00,274.00,1.0,-1,-1,-1
569,37,1585.00,257.00,54.00,174.00,1.0,-1,-1,-1
569,38,0.00,0.00,0.00,0.00,1.0,-1,-1,-1
569,39,0.00,0.00,0.00,0.00,1.0,-1,-1,-1
569,40,781.00,863.00,134.00,217.00,1.0,-1,-1,-1
569,41,0.00,0.00,0.00,0.00,1.0,-1,-1,-1
569,42,0.00,0.00,0.00,0.00,1.0,-1,-1,-1
569,43,1571.00,400.00,77.00,248.00,1.0,-1,-1,-1
569,44,1055.00,329.00,76.00,204.00,1.0,-1,-1,-1
569,45,0.00,0.00,0.00,0.00,1.0,-1,-1,-1
569,46,788.00,424.00,92.00,237.00,1.0,-1,-1,-1
569,47,528.00,847.00,249.00,199.00,1.0,-1,-1,-1
569,48,1442.00,421.00,64.00,228.00,1.0,-1,-1,-1
569,49,1112.00,484.00,88.00,238.00,1.0,-1,-1,-1
569,50,1227.00,472.00,107.00,249.00,1.0,-1,-1,-1
569,51,1523.00,461.00,95.00,211.00,1.0,-1,-1,-1
569,52,1851.00,446.00,69.00,262.00,1.0,-1,-1,-1
569,53,1826.00,851.00,94.00,201.00,1.0,-1,-1,-1
570,0,1191.00,717.00,152.00,323.00,1.0,-1,-1,-1
570,1,0.00,0.00,0.00,0.00,1.0,-1,-1,-1
570,2,0.00,0.00,0.00,0.00,1.0,-1,-1,-1
570,3,0.00,0.00,0.00,0.00,1.0,-1,-1,-1
570,4,0.00,0.00,0.00,0.00,1.0,-1,-1,-1
570,5,1658.00,705.00,181.00,354.00,1.0,-1,-1,-1
570,6,0.00,0.00,0.00,0.00,1.0,-1,-1,-1
570,7,0.00,0.00,0.00,0.00,1.0,-1,-1,-1
570,8,0.00,0.00,0.00,0.00,1.0,-1,-1,-1
570,9,782.00,863.00,131.00,217.00,1.0,-1,-1,-1
570,10,1056.00,433.00,49.00,215.00,1.0,-1,-1,-1
570,11,0.00,0.00,0.00,0.00,1.0,-1,-1,-1
570,12,0.00,0.00,0.00,0.00,1.0,-1,-1,-1
570,13,0.00,0.00,0.00,0.00,1.0,-1,-1,-1
570,14,0.00,0.00,0.00,0.00,1.0,-1,-1,-1
570,15,0.00,0.00,0.00,0.00,1.0,-1,-1,-1
570,16,0.00,0.00,0.00,0.00,1.0,-1,-1,-1
570,17,0.00,0.00,0.00,0.00,1.0,-1,-1,-1
570,18,0.00,0.00,0.00,0.00,1.0,-1,-1,-1
570,19,1001.00,447.00,82.00,224.00,1.0,-1,-1,-1
570,20,0.00,0.00,0.00,0.00,1.0,-1,-1,-1
570,21,0.00,0.00,0.00,0.00,1.0,-1,-1,-1
570,22,0.00,0.00,0.00,0.00,1.0,-1,-1,-1
570,23,527.00,849.00,249.00,231.00,1.0,-1,-1,-1
570,24,0.00,0.00,0.00,0.00,1.0,-1,-1,-1
570,25,0.00,0.00,0.00,0.00,1.0,-1,-1,-1
570,26,0.00,0.00,0.00,0.00,1.0,-1,-1,-1
570,27,0.00,0.00,0.00,0.00,1.0,-1,-1,-1
570,28,0.00,0.00,0.00,0.00,1.0,-1,-1,-1
570,29,0.00,0.00,0.00,0.00,1.0,-1,-1,-1
570,30,0.00,0.00,0.00,0.00,1.0,-1,-1,-1
570,31,551.00,972.00,111.00,108.00,1.0,-1,-1,-1
570,32,0.00,0.00,0.00,0.00,1.0,-1,-1,-1
570,33,0.00,0.00,0.00,0.00,1.0,-1,-1,-1
570,34,0.00,0.00,0.00,0.00,1.0,-1,-1,-1
570,35,655.00,834.00,154.00,246.00,1.0,-1,-1,-1
570,36,1790.00,486.00,100.00,275.00,1.0,-1,-1,-1
570,37,1584.00,263.00,56.00,174.00,1.0,-1,-1,-1
570,38,0.00,0.00,0.00,0.00,1.0,-1,-1,-1
570,39,0.00,0.00,0.00,0.00,1.0,-1,-1,-1
570,40,779.00,863.00,135.00,217.00,1.0,-1,-1,-1
570,41,0.00,0.00,0.00,0.00,1.0,-1,-1,-1
570,42,0.00,0.00,0.00,0.00,1.0,-1,-1,-1
570,43,1575.00,403.00,72.00,247.00,1.0,-1,-1,-1
570,44,1054.00,329.00,77.00,203.00,1.0,-1,-1,-1
570,45,0.00,0.00,0.00,0.00,1.0,-1,-1,-1
570,46,787.00,426.00,93.00,235.00,1.0,-1,-1,-1
570,47,528.00,849.00,244.00,197.00,1.0,-1,-1,-1
570,48,1444.00,421.00,68.00,229.00,1.0,-1,-1,-1
570,49,1112.00,484.00,88.00,240.00,1.0,-1,-1,-1
570,50,1228.00,472.00,105.00,249.00,1.0,-1,-1,-1
570,51,1526.00,460.00,92.00,215.00,1.0,-1,-1,-1
570,52,1851.00,444.00,69.00,264.00,1.0,-1,-1,-1
570,53,1831.00,853.00,89.00,200.00,1.0,-1,-1,-1
570,54,1323.00,278.00,61.00,184.00,1.0,-1,-1,-1
571,0,1189.00,715.00,159.00,323.00,1.0,-1,-1,-1
571,1,0.00,0.00,0.00,0.00,1.0,-1,-1,-1
571,2,0.00,0.00,0.00,0.00,1.0,-1,-1,-1
571,3,0.00,0.00,0.00,0.00,1.0,-1,-1,-1
571,4,0.00,0.00,0.00,0.00,1.0,-1,-1,-1
571,5,1652.00,702.00,183.00,355.00,1.0,-1,-1,-1
571,6,0.00,0.00,0.00,0.00,1.0,-1,-1,-1
571,7,0.00,0.00,0.00,0.00,1.0,-1,-1,-1
571,8,0.00,0.00,0.00,0.00,1.0,-1,-1,-1
571,9,780.00,863.00,133.00,217.00,1.0,-1,-1,-1
571,10,1053.00,431.00,53.00,214.00,1.0,-1,-1,-1
571,11,0.00,0.00,0.00,0.00,1.0,-1,-1,-1
571,12,0.00,0.00,0.00,0.00,1.0,-1,-1,-1
571,13,0.00,0.00,0.00,0.00,1.0,-1,-1,-1
571,14,0.00,0.00,0.00,0.00,1.0,-1,-1,-1
571,15,0.00,0.00,0.00,0.00,1.0,-1,-1,-1
571,16,0.00,0.00,0.00,0.00,1.0,-1,-1,-1
571,17,0.00,0.00,0.00,0.00,1.0,-1,-1,-1
571,18,0.00,0.00,0.00,0.00,1.0,-1,-1,-1
571,19,1003.00,444.00,76.00,222.00,1.0,-1,-1,-1
571,20,0.00,0.00,0.00,0.00,1.0,-1,-1,-1
571,21,0.00,0.00,0.00,0.00,1.0,-1,-1,-1
571,22,0.00,0.00,0.00,0.00,1.0,-1,-1,-1
571,23,527.00,849.00,243.00,231.00,1.0,-1,-1,-1
571,24,0.00,0.00,0.00,0.00,1.0,-1,-1,-1
571,25,0.00,0.00,0.00,0.00,1.0,-1,-1,-1
571,26,0.00,0.00,0.00,0.00,1.0,-1,-1,-1
571,27,0.00,0.00,0.00,0.00,1.0,-1,-1,-1
571,28,0.00,0.00,0.00,0.00,1.0,-1,-1,-1
571,29,0.00,0.00,0.00,0.00,1.0,-1,-1,-1
571,30,0.00,0.00,0.00,0.00,1.0,-1,-1,-1
571,31,549.00,972.00,112.00,108.00,1.0,-1,-1,-1
571,32,0.00,0.00,0.00,0.00,1.0,-1,-1,-1
571,33,0.00,0.00,0.00,0.00,1.0,-1,-1,-1
571,34,0.00,0.00,0.00,0.00,1.0,-1,-1,-1
571,35,656.00,832.00,152.00,248.00,1.0,-1,-1,-1
571,36,1792.00,484.00,97.00,275.00,1.0,-1,-1,-1
571,37,1584.00,262.00,56.00,175.00,1.0,-1,-1,-1
571,38,0.00,0.00,0.00,0.00,1.0,-1,-1,-1
571,39,0.00,0.00,0.00,0.00,1.0,-1,-1,-1
571,40,778.00,863.00,135.00,217.00,1.0,-1,-1,-1
571,41,0.00,0.00,0.00,0.00,1.0,-1,-1,-1
571,42,0.00,0.00,0.00,0.00,1.0,-1,-1,-1
571,43,1578.00,403.00,71.00,248.00,1.0,-1,-1,-1
571,44,1055.00,327.00,77.00,204.00,1.0,-1,-1,-1
571,45,0.00,0.00,0.00,0.00,1.0,-1,-1,-1
571,46,787.00,424.00,94.00,238.00,1.0,-1,-1,-1
571,47,528.00,849.00,243.00,191.00,1.0,-1,-1,-1
571,48,1444.00,420.00,70.00,229.00,1.0,-1,-1,-1
571,49,1113.00,483.00,86.00,238.00,1.0,-1,-1,-1
571,50,1227.00,471.00,106.00,248.00,1.0,-1,-1,-1
571,51,1529.00,456.00,83.00,218.00,1.0,-1,-1,-1
571,52,1849.00,440.00,71.00,264.00,1.0,-1,-1,-1
571,53,1828.00,851.00,92.00,200.00,1.0,-1,-1,-1
571,54,1324.00,276.00,47.00,185.00,1.0,-1,-1,-1
572,0,1186.00,716.00,167.00,322.00,1.0,-1,-1,-1
572,1,0.00,0.00,0.00,0.00,1.0,-1,-1,-1
572,2,0.00,0.00,0.00,0.00,1.0,-1,-1,-1
572,3,0.00,0.00,0.00,0.00,1.0,-1,-1,-1
572,4,0.00,0.00,0.00,0.00,1.0,-1,-1,-1
572,5,1646.00,702.00,185.00,354.00,1.0,-1,-1,-1
572,6,0.00,0.00,0.00,0.00,1.0,-1,-1,-1
572,7,0.00,0.00,0.00,0.00,1.0,-1,-1,-1
572,8,0.00,0.00,0.00,0.00,1.0,-1,-1,-1
572,9,778.00,864.00,132.00,216.00,1.0,-1,-1,-1
572,10,1052.00,430.00,53.00,216.00,1.0,-1,-1,-1
572,11,0.00,0.00,0.00,0.00,1.0,-1,-1,-1
572,12,0.00,0.00,0.00,0.00,1.0,-1,-1,-1
572,13,0.00,0.00,0.00,0.00,1.0,-1,-1,-1
572,14,0.00,0.00,0.00,0.00,1.0,-1,-1,-1
572,15,0.00,0.00,0.00,0.00,1.0,-1,-1,-1
572,16,0.00,0.00,0.00,0.00,1.0,-1,-1,-1
572,17,0.00,0.00,0.00,0.00,1.0,-1,-1,-1
572,18,0.00,0.00,0.00,0.00,1.0,-1,-1,-1
572,19,1001.00,443.00,77.00,224.00,1.0,-1,-1,-1
572,20,0.00,0.00,0.00,0.00,1.0,-1,-1,-1
572,21,0.00,0.00,0.00,0.00,1.0,-1,-1,-1
572,22,0.00,0.00,0.00,0.00,1.0,-1,-1,-1
572,23,525.00,850.00,245.00,230.00,1.0,-1,-1,-1
572,24,0.00,0.00,0.00,0.00,1.0,-1,-1,-1
572,25,0.00,0.00,0.00,0.00,1.0,-1,-1,-1
572,26,0.00,0.00,0.00,0.00,1.0,-1,-1,-1
572,27,0.00,0.00,0.00,0.00,1.0,-1,-1,-1
572,28,0.00,0.00,0.00,0.00,1.0,-1,-1,-1
572,29,0.00,0.00,0.00,0.00,1.0,-1,-1,-1
572,30,0.00,0.00,0.00,0.00,1.0,-1,-1,-1
572,31,545.00,972.00,113.00,108.00,1.0,-1,-1,-1
572,32,0.00,0.00,0.00,0.00,1.0,-1,-1,-1
572,33,0.00,0.00,0.00,0.00,1.0,-1,-1,-1
572,34,0.00,0.00,0.00,0.00,1.0,-1,-1,-1
572,35,658.00,832.00,145.00,248.00,1.0,-1,-1,-1
572,36,1790.00,484.00,98.00,275.00,1.0,-1,-1,-1
572,37,1584.00,262.00,55.00,171.00,1.0,-1,-1,-1
572,38,0.00,0.00,0.00,0.00,1.0,-1,-1,-1
572,39,0.00,0.00,0.00,0.00,1.0,-1,-1,-1
572,40,774.00,864.00,135.00,216.00,1.0,-1,-1,-1
572,41,0.00,0.00,0.00,0.00,1.0,-1,-1,-1
572,42,0.00,0.00,0.00,0.00,1.0,-1,-1,-1
572,43,1578.00,404.00,71.00,246.00,1.0,-1,-1,-1
572,44,1054.00,327.00,77.00,206.00,1.0,-1,-1,-1
572,45,0.00,0.00,0.00,0.00,1.0,-1,-1,-1
572,46,785.00,426.00,94.00,239.00,1.0,-1,-1,-1
572,47,525.00,851.00,246.00,185.00,1.0,-1,-1,-1
572,48,1443.00,420.00,70.00,228.00,1.0,-1,-1,-1
572,49,1108.00,481.00,89.00,240.00,1.0,-1,-1,-1
572,50,1225.00,469.00,105.00,250.00,1.0,-1,-1,-1
572,51,1528.00,455.00,83.00,218.00,1.0,-1,-1,-1
572,52,1849.00,438.00,71.00,262.00,1.0,-1,-1,-1
572,53,1825.00,851.00,95.00,201.00,1.0,-1,-1,-1
572,54,1325.00,276.00,45.00,184.00,1.0,-1,-1,-1
573,0,1183.00,718.00,173.00,322.00,1.0,-1,-1,-1
573,1,0.00,0.00,0.00,0.00,1.0,-1,-1,-1
573,2,0.00,0.00,0.00,0.00,1.0,-1,-1,-1
573,3,0.00,0.00,0.00,0.00,1.0,-1,-1,-1
573,4,0.00,0.00,0.00,0.00,1.0,-1,-1,-1
573,5,1642.00,706.00,187.00,353.00,1.0,-1,-1,-1
573,6,0.00,0.00,0.00,0.00,1.0,-1,-1,-1
573,7,0.00,0.00,0.00,0.00,1.0,-1,-1,-1
573,8,0.00,0.00,0.00,0.00,1.0,-1,-1,-1
573,9,775.00,869.00,131.00,211.00,1.0,-1,-1,-1
573,10,1049.00,434.00,52.00,213.00,1.0,-1,-1,-1
573,11,0.00,0.00,0.00,0.00,1.0,-1,-1,-1
573,12,0.00,0.00,0.00,0.00,1.0,-1,-1,-1
573,13,0.00,0.00,0.00,0.00,1.0,-1,-1,-1
573,14,0.00,0.00,0.00,0.00,1.0,-1,-1,-1
573,15,0.00,0.00,0.00,0.00,1.0,-1,-1,-1
573,16,0.00,0.00,0.00,0.00,1.0,-1,-1,-1
573,17,0.00,0.00,0.00,0.00,1.0,-1,-1,-1
573,18,0.00,0.00,0.00,0.00,1.0,-1,-1,-1
573,19,1000.00,447.00,79.00,235.00,1.0,-1,-1,-1
573,20,0.00,0.00,0.00,0.00,1.0,-1,-1,-1
573,21,0.00,0.00,0.00,0.00,1.0,-1,-1,-1
573,22,0.00,0.00,0.00,0.00,1.0,-1,-1,-1
573,23,523.00,853.00,244.00,227.00,1.0,-1,-1,-1
573,24,0.00,0.00,0.00,0.00,1.0,-1,-1,-1
573,25,0.00,0.00,0.00,0.00,1.0,-1,-1,-1
573,26,0.00,0.00,0.00,0.00,1.0,-1,-1,-1
573,27,0.00,0.00,0.00,0.00,1.0,-1,-1,-1
573,28,0.00,0.00,0.00,0.00,1.0,-1,-1,-1
573,29,0.00,0.00,0.00,0.00,1.0,-1,-1,-1
573,30,0.00,0.00,0.00,0.00,1.0,-1,-1,-1
573,31,542.00,997.00,112.00,83.00,1.0,-1,-1,-1
573,32,0.00,0.00,0.00,0.00,1.0,-1,-1,-1
573,33,0.00,0.00,0.00,0.00,1.0,-1,-1,-1
573,34,0.00,0.00,0.00,0.00,1.0,-1,-1,-1
573,35,665.00,835.00,138.00,245.00,1.0,-1,-1,-1
573,36,1787.00,487.00,100.00,278.00,1.0,-1,-1,-1
573,37,1584.00,265.00,52.00,167.00,1.0,-1,-1,-1
573,38,0.00,0.00,0.00,0.00,1.0,-1,-1,-1
573,39,0.00,0.00,0.00,0.00,1.0,-1,-1,-1
573,40,772.00,869.00,134.00,211.00,1.0,-1,-1,-1
573,41,0.00,0.00,0.00,0.00,1.0,-1,-1,-1
573,42,0.00,0.00,0.00,0.00,1.0,-1,-1,-1
573,43,1580.00,411.00,69.00,244.00,1.0,-1,-1,-1
573,44,1053.00,330.00,77.00,210.00,1.0,-1,-1,-1
573,45,0.00,0.00,0.00,0.00,1.0,-1,-1,-1
573,46,783.00,431.00,91.00,240.00,1.0,-1,-1,-1
573,47,524.00,854.00,249.00,184.00,1.0,-1,-1,-1
573,48,1441.00,422.00,75.00,235.00,1.0,-1,-1,-1
573,49,1105.00,484.00,88.00,240.00,1.0,-1,-1,-1
573,50,1224.00,472.00,100.00,248.00,1.0,-1,-1,-1
573,51,1523.00,457.00,82.00,220.00,1.0,-1,-1,-1
573,52,1840.00,443.00,71.00,259.00,1.0,-1,-1,-1
573,53,1821.00,855.00,99.00,196.00,1.0,-1,-1,-1
573,54,1323.00,280.00,50.00,184.00,1.0,-1,-1,-1
574,0,1182.00,718.00,179.00,322.00,1.0,-1,-1,-1
574,1,0.00,0.00,0.00,0.00,1.0,-1,-1,-1
574,2,0.00,0.00,0.00,0.00,1.0,-1,-1,-1
574,3,0.00,0.00,0.00,0.00,1.0,-1,-1,-1
574,4,0.00,0.00,0.00,0.00,1.0,-1,-1,-1
574,5,1639.00,706.00,186.00,354.00,1.0,-1,-1,-1
574,6,0.00,0.00,0.00,0.00,1.0,-1,-1,-1
574,7,0.00,0.00,0.00,0.00,1.0,-1,-1,-1
574,8,0.00,0.00,0.00,0.00,1.0,-1,-1,-1
574,9,775.00,871.00,131.00,209.00,1.0,-1,-1,-1
574,10,1050.00,434.00,51.00,213.00,1.0,-1,-1,-1
574,11,0.00,0.00,0.00,0.00,1.0,-1,-1,-1
574,12,0.00,0.00,0.00,0.00,1.0,-1,-1,-1
574,13,0.00,0.00,0.00,0.00,1.0,-1,-1,-1
574,14,0.00,0.00,0.00,0.00,1.0,-1,-1,-1
574,15,0.00,0.00,0.00,0.00,1.0,-1,-1,-1
574,16,0.00,0.00,0.00,0.00,1.0,-1,-1,-1
574,17,0.00,0.00,0.00,0.00,1.0,-1,-1,-1
574,18,0.00,0.00,0.00,0.00,1.0,-1,-1,-1
574,19,1000.00,447.00,79.00,235.00,1.0,-1,-1,-1
574,20,0.00,0.00,0.00,0.00,1.0,-1,-1,-1
574,21,0.00,0.00,0.00,0.00,1.0,-1,-1,-1
574,22,0.00,0.00,0.00,0.00,1.0,-1,-1,-1
574,23,522.00,856.00,247.00,224.00,1.0,-1,-1,-1
574,24,0.00,0.00,0.00,0.00,1.0,-1,-1,-1
574,25,0.00,0.00,0.00,0.00,1.0,-1,-1,-1
574,26,0.00,0.00,0.00,0.00,1.0,-1,-1,-1
574,27,0.00,0.00,0.00,0.00,1.0,-1,-1,-1
574,28,0.00,0.00,0.00,0.00,1.0,-1,-1,-1
574,29,0.00,0.00,0.00,0.00,1.0,-1,-1,-1
574,30,0.00,0.00,0.00,0.00,1.0,-1,-1,-1
574,31,539.00,998.00,116.00,82.00,1.0,-1,-1,-1
574,32,0.00,0.00,0.00,0.00,1.0,-1,-1,-1
574,33,0.00,0.00,0.00,0.00,1.0,-1,-1,-1
574,34,0.00,0.00,0.00,0.00,1.0,-1,-1,-1
574,35,666.00,837.00,132.00,243.00,1.0,-1,-1,-1
574,36,1787.00,489.00,100.00,282.00,1.0,-1,-1,-1
574,37,1591.00,264.00,46.00,167.00,1.0,-1,-1,-1
574,38,0.00,0.00,0.00,0.00,1.0,-1,-1,-1
574,39,0.00,0.00,0.00,0.00,1.0,-1,-1,-1
574,40,773.00,871.00,133.00,209.00,1.0,-1,-1,-1
574,41,0.00,0.00,0.00,0.00,1.0,-1,-1,-1
574,42,0.00,0.00,0.00,0.00,1.0,-1,-1,-1
574,43,1583.00,411.00,63.00,249.00,1.0,-1,-1,-1
574,44,1053.00,330.00,77.00,210.00,1.0,-1,-1,-1
574,45,0.00,0.00,0.00,0.00,1.0,-1,-1,-1
574,46,782.00,432.00,92.00,238.00,1.0,-1,-1,-1
574,47,524.00,856.00,244.00,224.00,1.0,-1,-1,-1
574,48,1443.00,422.00,73.00,237.00,1.0,-1,-1,-1
574,49,1105.00,483.00,88.00,240.00,1.0,-1,-1,-1
574,50,1223.00,471.00,100.00,249.00,1.0,-1,-1,-1
574,51,1525.00,457.00,79.00,221.00,1.0,-1,-1,-1
574,52,1834.00,441.00,68.00,262.00,1.0,-1,-1,-1
574,53,1814.00,856.00,99.00,196.00,1.0,-1,-1,-1
574,54,1322.00,280.00,50.00,186.00,1.0,-1,-1,-1
575,0,1183.00,718.00,183.00,322.00,1.0,-1,-1,-1
575,1,0.00,0.00,0.00,0.00,1.0,-1,-1,-1
575,2,0.00,0.00,0.00,0.00,1.0,-1,-1,-1
575,3,0.00,0.00,0.00,0.00,1.0,-1,-1,-1
575,4,0.00,0.00,0.00,0.00,1.0,-1,-1,-1
575,5,1638.00,706.00,183.00,352.00,1.0,-1,-1,-1
575,6,0.00,0.00,0.00,0.00,1.0,-1,-1,-1
575,7,0.00,0.00,0.00,0.00,1.0,-1,-1,-1
575,8,0.00,0.00,0.00,0.00,1.0,-1,-1,-1
575,9,779.00,873.00,130.00,207.00,1.0,-1,-1,-1
575,10,1050.00,435.00,54.00,211.00,1.0,-1,-1,-1
575,11,0.00,0.00,0.00,0.00,1.0,-1,-1,-1
575,12,0.00,0.00,0.00,0.00,1.0,-1,-1,-1
575,13,0.00,0.00,0.00,0.00,1.0,-1,-1,-1
575,14,0.00,0.00,0.00,0.00,1.0,-1,-1,-1
575,15,0.00,0.00,0.00,0.00,1.0,-1,-1,-1
575,16,0.00,0.00,0.00,0.00,1.0,-1,-1,-1
575,17,0.00,0.00,0.00,0.00,1.0,-1,-1,-1
575,18,1912.00,1068.00,8.00,12.00,1.0,-1,-1,-1
575,19,1001.00,447.00,91.00,231.00,1.0,-1,-1,-1
575,20,0.00,0.00,0.00,0.00,1.0,-1,-1,-1
575,21,0.00,0.00,0.00,0.00,1.0,-1,-1,-1
575,22,0.00,0.00,0.00,0.00,1.0,-1,-1,-1
575,23,525.00,856.00,247.00,224.00,1.0,-1,-1,-1
575,24,0.00,0.00,0.00,0.00,1.0,-1,-1,-1
575,25,0.00,0.00,0.00,0.00,1.0,-1,-1,-1
575,26,0.00,0.00,0.00,0.00,1.0,-1,-1,-1
575,27,0.00,0.00,0.00,0.00,1.0,-1,-1,-1
575,28,0.00,0.00,0.00,0.00,1.0,-1,-1,-1
575,29,0.00,0.00,0.00,0.00,1.0,-1,-1,-1
575,30,0.00,0.00,0.00,0.00,1.0,-1,-1,-1
575,31,541.00,999.00,115.00,81.00,1.0,-1,-1,-1
575,32,0.00,0.00,0.00,0.00,1.0,-1,-1,-1
575,33,0.00,0.00,0.00,0.00,1.0,-1,-1,-1
575,34,0.00,0.00,0.00,0.00,1.0,-1,-1,-1
575,35,668.00,838.00,131.00,242.00,1.0,-1,-1,-1
575,36,1788.00,490.00,99.00,282.00,1.0,-1,-1,-1
575,37,1593.00,264.00,46.00,167.00,1.0,-1,-1,-1
575,38,0.00,0.00,0.00,0.00,1.0,-1,-1,-1
575,39,0.00,0.00,0.00,0.00,1.0,-1,-1,-1
575,40,777.00,873.00,131.00,207.00,1.0,-1,-1,-1
575,41,0.00,0.00,0.00,0.00,1.0,-1,-1,-1
575,42,0.00,0.00,0.00,0.00,1.0,-1,-1,-1
575,43,1584.00,410.00,63.00,250.00,1.0,-1,-1,-1
575,44,1055.00,330.00,77.00,209.00,1.0,-1,-1,-1
575,45,0.00,0.00,0.00,0.00,1.0,-1,-1,-1
575,46,784.00,434.00,92.00,239.00,1.0,-1,-1,-1
575,47,526.00,856.00,244.00,224.00,1.0,-1,-1,-1
575,48,1445.00,426.00,73.00,233.00,1.0,-1,-1,-1
575,49,1104.00,483.00,90.00,239.00,1.0,-1,-1,-1
575,50,1223.00,470.00,101.00,249.00,1.0,-1,-1,-1
575,51,1527.00,457.00,79.00,220.00,1.0,-1,-1,-1
575,52,1832.00,439.00,65.00,264.00,1.0,-1,-1,-1
575,53,1807.00,855.00,105.00,195.00,1.0,-1,-1,-1
575,54,1323.00,280.00,70.00,186.00,1.0,-1,-1,-1
576,0,1185.00,716.00,186.00,323.00,1.0,-1,-1,-1
576,1,0.00,0.00,0.00,0.00,1.0,-1,-1,-1
576,2,0.00,0.00,0.00,0.00,1.0,-1,-1,-1
576,3,0.00,0.00,0.00,0.00,1.0,-1,-1,-1
576,4,0.00,0.00,0.00,0.00,1.0,-1,-1,-1
576,5,1637.00,707.00,181.00,354.00,1.0,-1,-1,-1
576,6,0.00,0.00,0.00,0.00,1.0,-1,-1,-1
576,7,0.00,0.00,0.00,0.00,1.0,-1,-1,-1
576,8,0.00,0.00,0.00,0.00,1.0,-1,-1,-1
576,9,779.00,875.00,133.00,205.00,1.0,-1,-1,-1
576,10,1051.00,433.00,57.00,212.00,1.0,-1,-1,-1
576,11,0.00,0.00,0.00,0.00,1.0,-1,-1,-1
576,12,0.00,0.00,0.00,0.00,1.0,-1,-1,-1
576,13,0.00,0.00,0.00,0.00,1.0,-1,-1,-1
576,14,0.00,0.00,0.00,0.00,1.0,-1,-1,-1
576,15,0.00,0.00,0.00,0.00,1.0,-1,-1,-1
576,16,0.00,0.00,0.00,0.00,1.0,-1,-1,-1
576,17,0.00,0.00,0.00,0.00,1.0,-1,-1,-1
576,18,1910.00,1063.00,10.00,17.00,1.0,-1,-1,-1
576,19,1003.00,445.00,78.00,221.00,1.0,-1,-1,-1
576,20,0.00,0.00,0.00,0.00,1.0,-1,-1,-1
576,21,0.00,0.00,0.00,0.00,1.0,-1,-1,-1
576,22,0.00,0.00,0.00,0.00,1.0,-1,-1,-1
576,23,528.00,856.00,244.00,224.00,1.0,-1,-1,-1
576,24,0.00,0.00,0.00,0.00,1.0,-1,-1,-1
576,25,0.00,0.00,0.00,0.00,1.0,-1,-1,-1
576,26,0.00,0.00,0.00,0.00,1.0,-1,-1,-1
576,27,0.00,0.00,0.00,0.00,1.0,-1,-1,-1
576,28,0.00,0.00,0.00,0.00,1.0,-1,-1,-1
576,29,0.00,0.00,0.00,0.00,1.0,-1,-1,-1
576,30,0.00,0.00,0.00,0.00,1.0,-1,-1,-1
576,31,542.00,1001.00,101.00,79.00,1.0,-1,-1,-1
576,32,0.00,0.00,0.00,0.00,1.0,-1,-1,-1
576,33,0.00,0.00,0.00,0.00,1.0,-1,-1,-1
576,34,0.00,0.00,0.00,0.00,1.0,-1,-1,-1
576,35,669.00,839.00,131.00,241.00,1.0,-1,-1,-1
576,36,1789.00,488.00,102.00,286.00,1.0,-1,-1,-1
576,37,1597.00,263.00,44.00,166.00,1.0,-1,-1,-1
576,38,0.00,0.00,0.00,0.00,1.0,-1,-1,-1
576,39,0.00,0.00,0.00,0.00,1.0,-1,-1,-1
576,40,775.00,875.00,136.00,205.00,1.0,-1,-1,-1
576,41,0.00,0.00,0.00,0.00,1.0,-1,-1,-1
576,42,0.00,0.00,0.00,0.00,1.0,-1,-1,-1
576,43,1586.00,408.00,70.00,249.00,1.0,-1,-1,-1
576,44,1058.00,329.00,77.00,205.00,1.0,-1,-1,-1
576,45,0.00,0.00,0.00,0.00,1.0,-1,-1,-1
576,46,785.00,434.00,95.00,240.00,1.0,-1,-1,-1
576,47,529.00,856.00,242.00,224.00,1.0,-1,-1,-1
576,48,1451.00,426.00,74.00,232.00,1.0,-1,-1,-1
576,49,1105.00,484.00,87.00,238.00,1.0,-1,-1,-1
576,50,1225.00,467.00,96.00,251.00,1.0,-1,-1,-1
576,51,1529.00,457.00,79.00,218.00,1.0,-1,-1,-1
576,52,1834.00,435.00,63.00,260.00,1.0,-1,-1,-1
576,53,1807.00,857.00,104.00,193.00,1.0,-1,-1,-1
576,54,1324.00,278.00,79.00,187.00,1.0,-1,-1,-1
577,0,1188.00,714.00,187.00,322.00,1.0,-1,-1,-1
577,1,0.00,0.00,0.00,0.00,1.0,-1,-1,-1
577,2,0.00,0.00,0.00,0.00,1.0,-1,-1,-1
577,3,0.00,0.00,0.00,0.00,1.0,-1,-1,-1
577,4,0.00,0.00,0.00,0.00,1.0,-1,-1,-1
577,5,1631.00,707.00,185.00,353.00,1.0,-1,-1,-1
577,6,0.00,0.00,0.00,0.00,1.0,-1,-1,-1
577,7,0.00,0.00,0.00,0.00,1.0,-1,-1,-1
577,8,0.00,0.00,0.00,0.00,1.0,-1,-1,-1
577,9,781.00,876.00,134.00,204.00,1.0,-1,-1,-1
577,10,1054.00,432.00,57.00,212.00,1.0,-1,-1,-1
577,11,0.00,0.00,0.00,0.00,1.0,-1,-1,-1
577,12,0.00,0.00,0.00,0.00,1.0,-1,-1,-1
577,13,0.00,0.00,0.00,0.00,1.0,-1,-1,-1
577,14,0.00,0.00,0.00,0.00,1.0,-1,-1,-1
577,15,0.00,0.00,0.00,0.00,1.0,-1,-1,-1
577,16,0.00,0.00,0.00,0.00,1.0,-1,-1,-1
577,17,0.00,0.00,0.00,0.00,1.0,-1,-1,-1
577,18,1906.00,1059.00,14.00,21.00,1.0,-1,-1,-1
577,19,1006.00,442.00,96.00,219.00,1.0,-1,-1,-1
577,20,0.00,0.00,0.00,0.00,1.0,-1,-1,-1
577,21,0.00,0.00,0.00,0.00,1.0,-1,-1,-1
577,22,0.00,0.00,0.00,0.00,1.0,-1,-1,-1
577,23,532.00,854.00,244.00,226.00,1.0,-1,-1,-1
577,24,0.00,0.00,0.00,0.00,1.0,-1,-1,-1
577,25,0.00,0.00,0.00,0.00,1.0,-1,-1,-1
577,26,0.00,0.00,0.00,0.00,1.0,-1,-1,-1
577,27,0.00,0.00,0.00,0.00,1.0,-1,-1,-1
577,28,0.00,0.00,0.00,0.00,1.0,-1,-1,-1
577,29,0.00,0.00,0.00,0.00,1.0,-1,-1,-1
577,30,0.00,0.00,0.00,0.00,1.0,-1,-1,-1
577,31,543.00,999.00,99.00,81.00,1.0,-1,-1,-1
577,32,0.00,0.00,0.00,0.00,1.0,-1,-1,-1
577,33,0.00,0.00,0.00,0.00,1.0,-1,-1,-1
577,34,0.00,0.00,0.00,0.00,1.0,-1,-1,-1
577,35,672.00,839.00,129.00,241.00,1.0,-1,-1,-1
577,36,1792.00,489.00,99.00,283.00,1.0,-1,-1,-1
577,37,1601.00,262.00,44.00,164.00,1.0,-1,-1,-1
577,38,0.00,0.00,0.00,0.00,1.0,-1,-1,-1
577,39,0.00,0.00,0.00,0.00,1.0,-1,-1,-1
577,40,777.00,875.00,137.00,205.00,1.0,-1,-1,-1
577,41,0.00,0.00,0.00,0.00,1.0,-1,-1,-1
577,42,0.00,0.00,0.00,0.00,1.0,-1,-1,-1
577,43,1587.00,406.00,75.00,250.00,1.0,-1,-1,-1
577,44,1062.00,325.00,77.00,208.00,1.0,-1,-1,-1
577,45,0.00,0.00,0.00,0.00,1.0,-1,-1,-1
577,46,789.00,433.00,95.00,240.00,1.0,-1,-1,-1
577,47,533.00,854.00,244.00,226.00,1.0,-1,-1,-1
577,48,1456.00,422.00,72.00,237.00,1.0,-1,-1,-1
577,49,1106.00,483.00,86.00,241.00,1.0,-1,-1,-1
577,50,1228.00,467.00,90.00,249.00,1.0,-1,-1,-1
577,51,1534.00,458.00,78.00,214.00,1.0,-1,-1,-1
577,52,1834.00,435.00,63.00,149.00,1.0,-1,-1,-1
577,53,1808.00,857.00,102.00,196.00,1.0,-1,-1,-1
577,54,1326.00,277.00,81.00,187.00,1.0,-1,-1,-1
578,0,1189.00,711.00,187.00,323.00,1.0,-1,-1,-1
578,1,0.00,0.00,0.00,0.00,1.0,-1,-1,-1
578,2,0.00,0.00,0.00,0.00,1.0,-1,-1,-1
578,3,0.00,0.00,0.00,0.00,1.0,-1,-1,-1
578,4,0.00,0.00,0.00,0.00,1.0,-1,-1,-1
578,5,1622.00,707.00,189.00,354.00,1.0,-1,-1,-1
578,6,0.00,0.00,0.00,0.00,1.0,-1,-1,-1
578,7,0.00,0.00,0.00,0.00,1.0,-1,-1,-1
578,8,0.00,0.00,0.00,0.00,1.0,-1,-1,-1
578,9,784.00,878.00,133.00,202.00,1.0,-1,-1,-1
578,10,1054.00,432.00,57.00,209.00,1.0,-1,-1,-1
578,11,0.00,0.00,0.00,0.00,1.0,-1,-1,-1
578,12,0.00,0.00,0.00,0.00,1.0,-1,-1,-1
578,13,0.00,0.00,0.00,0.00,1.0,-1,-1,-1
578,14,0.00,0.00,0.00,0.00,1.0,-1,-1,-1
578,15,0.00,0.00,0.00,0.00,1.0,-1,-1,-1
578,16,0.00,0.00,0.00,0.00,1.0,-1,-1,-1
578,17,0.00,0.00,0.00,0.00,1.0,-1,-1,-1
578,18,1901.00,1046.00,19.00,34.00,1.0,-1,-1,-1
578,19,1009.00,441.00,97.00,221.00,1.0,-1,-1,-1
578,20,0.00,0.00,0.00,0.00,1.0,-1,-1,-1
578,21,0.00,0.00,0.00,0.00,1.0,-1,-1,-1
578,22,0.00,0.00,0.00,0.00,1.0,-1,-1,-1
578,23,534.00,853.00,245.00,227.00,1.0,-1,-1,-1
578,24,0.00,0.00,0.00,0.00,1.0,-1,-1,-1
578,25,0.00,0.00,0.00,0.00,1.0,-1,-1,-1
578,26,0.00,0.00,0.00,0.00,1.0,-1,-1,-1
578,27,0.00,0.00,0.00,0.00,1.0,-1,-1,-1
578,28,0.00,0.00,0.00,0.00,1.0,-1,-1,-1
578,29,0.00,0.00,0.00,0.00,1.0,-1,-1,-1
578,30,0.00,0.00,0.00,0.00,1.0,-1,-1,-1
578,31,543.00,999.00,97.00,81.00,1.0,-1,-1,-1
578,32,0.00,0.00,0.00,0.00,1.0,-1,-1,-1
578,33,0.00,0.00,0.00,0.00,1.0,-1,-1,-1
578,34,0.00,0.00,0.00,0.00,1.0,-1,-1,-1
578,35,672.00,841.00,129.00,239.00,1.0,-1,-1,-1
578,36,1793.00,489.00,99.00,284.00,1.0,-1,-1,-1
578,37,1604.00,260.00,43.00,165.00,1.0,-1,-1,-1
578,38,0.00,0.00,0.00,0.00,1.0,-1,-1,-1
578,39,0.00,0.00,0.00,0.00,1.0,-1,-1,-1
578,40,783.00,877.00,134.00,203.00,1.0,-1,-1,-1
578,41,0.00,0.00,0.00,0.00,1.0,-1,-1,-1
578,42,0.00,0.00,0.00,0.00,1.0,-1,-1,-1
578,43,1587.00,404.00,76.00,249.00,1.0,-1,-1,-1
578,44,1064.00,324.00,78.00,295.00,1.0,-1,-1,-1
578,45,0.00,0.00,0.00,0.00,1.0,-1,-1,-1
578,46,789.00,433.00,96.00,239.00,1.0,-1,-1,-1
578,47,534.00,853.00,246.00,227.00,1.0,-1,-1,-1
578,48,1461.00,423.00,75.00,235.00,1.0,-1,-1,-1
578,49,1104.00,484.00,86.00,243.00,1.0,-1,-1,-1
578,50,1229.00,466.00,91.00,250.00,1.0,-1,-1,-1
578,51,1533.00,459.00,81.00,212.00,1.0,-1,-1,-1
578,52,1833.00,433.00,64.00,142.00,1.0,-1,-1,-1
578,53,1805.00,856.00,102.00,199.00,1.0,-1,-1,-1
578,54,1326.00,276.00,83.00,187.00,1.0,-1,-1,-1
579,0,1192.00,709.00,186.00,324.00,1.0,-1,-1,-1
579,1,0.00,0.00,0.00,0.00,1.0,-1,-1,-1
579,2,0.00,0.00,0.00,0.00,1.0,-1,-1,-1
579,3,0.00,0.00,0.00,0.00,1.0,-1,-1,-1
579,4,0.00,0.00,0.00,0.00,1.0,-1,-1,-1
579,5,1625.00,708.00,183.00,355.00,1.0,-1,-1,-1
579,6,0.00,0.00,0.00,0.00,1.0,-1,-1,-1
579,7,0.00,0.00,0.00,0.00,1.0,-1,-1,-1
579,8,0.00,0.00,0.00,0.00,1.0,-1,-1,-1
579,9,789.00,879.00,130.00,201.00,1.0,-1,-1,-1
579,10,1058.00,430.00,56.00,207.00,1.0,-1,-1,-1
579,11,0.00,0.00,0.00,0.00,1.0,-1,-1,-1
579,12,0.00,0.00,0.00,0.00,1.0,-1,-1,-1
579,13,0.00,0.00,0.00,0.00,1.0,-1,-1,-1
579,14,0.00,0.00,0.00,0.00,1.0,-1,-1,-1
579,15,0.00,0.00,0.00,0.00,1.0,-1,-1,-1
579,16,0.00,0.00,0.00,0.00,1.0,-1,-1,-1
579,17,0.00,0.00,0.00,0.00,1.0,-1,-1,-1
579,18,1900.00,1041.00,20.00,39.00,1.0,-1,-1,-1
579,19,1012.00,439.00,96.00,217.00,1.0,-1,-1,-1
579,20,0.00,0.00,0.00,0.00,1.0,-1,-1,-1
579,21,0.00,0.00,0.00,0.00,1.0,-1,-1,-1
579,22,0.00,0.00,0.00,0.00,1.0,-1,-1,-1
579,23,537.00,853.00,242.00,227.00,1.0,-1,-1,-1
579,24,0.00,0.00,0.00,0.00,1.0,-1,-1,-1
579,25,0.00,0.00,0.00,0.00,1.0,-1,-1,-1
579,26,0.00,0.00,0.00,0.00,1.0,-1,-1,-1
579,27,0.00,0.00,0.00,0.00,1.0,-1,-1,-1
579,28,0.00,0.00,0.00,0.00,1.0,-1,-1,-1
579,29,0.00,0.00,0.00,0.00,1.0,-1,-1,-1
579,30,0.00,0.00,0.00,0.00,1.0,-1,-1,-1
579,31,545.00,1000.00,96.00,80.00,1.0,-1,-1,-1
579,32,0.00,0.00,0.00,0.00,1.0,-1,-1,-1
579,33,0.00,0.00,0.00,0.00,1.0,-1,-1,-1
579,34,0.00,0.00,0.00,0.00,1.0,-1,-1,-1
579,35,675.00,843.00,126.00,237.00,1.0,-1,-1,-1
579,36,1794.00,490.00,99.00,282.00,1.0,-1,-1,-1
579,37,1606.00,258.00,45.00,166.00,1.0,-1,-1,-1
579,38,0.00,0.00,0.00,0.00,1.0,-1,-1,-1
579,39,0.00,0.00,0.00,0.00,1.0,-1,-1,-1
579,40,788.00,879.00,131.00,201.00,1.0,-1,-1,-1
579,41,0.00,0.00,0.00,0.00,1.0,-1,-1,-1
579,42,0.00,0.00,0.00,0.00,1.0,-1,-1,-1
579,43,1591.00,402.00,86.00,249.00,1.0,-1,-1,-1
579,44,1068.00,321.00,77.00,213.00,1.0,-1,-1,-1
579,45,0.00,0.00,0.00,0.00,1.0,-1,-1,-1
579,46,792.00,431.00,96.00,241.00,1.0,-1,-1,-1
579,47,538.00,853.00,244.00,227.00,1.0,-1,-1,-1
579,48,1467.00,422.00,76.00,237.00,1.0,-1,-1,-1
579,49,1107.00,485.00,77.00,243.00,1.0,-1,-1,-1
579,50,1230.00,468.00,93.00,246.00,1.0,-1,-1,-1
579,51,1533.00,460.00,84.00,220.00,1.0,-1,-1,-1
579,52,1832.00,431.00,61.00,143.00,1.0,-1,-1,-1
579,53,1802.00,857.00,106.00,203.00,1.0,-1,-1,-1
579,54,1330.00,273.00,79.00,189.00,1.0,-1,-1,-1
579,55,1158.00,337.00,64.00,203.00,1.0,-1,-1,-1
580,0,1194.00,711.00,183.00,322.00,1.0,-1,-1,-1
580,1,0.00,0.00,0.00,0.00,1.0,-1,-1,-1
580,2,0.00,0.00,0.00,0.00,1.0,-1,-1,-1
580,3,0.00,0.00,0.00,0.00,1.0,-1,-1,-1
580,4,0.00,0.00,0.00,0.00,1.0,-1,-1,-1
580,5,1624.00,711.00,178.00,358.00,1.0,-1,-1,-1
580,6,0.00,0.00,0.00,0.00,1.0,-1,-1,-1
580,7,0.00,0.00,0.00,0.00,1.0,-1,-1,-1
580,8,0.00,0.00,0.00,0.00,1.0,-1,-1,-1
580,9,795.00,882.00,126.00,198.00,1.0,-1,-1,-1
580,10,1059.00,431.00,56.00,206.00,1.0,-1,-1,-1
580,11,0.00,0.00,0.00,0.00,1.0,-1,-1,-1
580,12,0.00,0.00,0.00,0.00,1.0,-1,-1,-1
580,13,0.00,0.00,0.00,0.00,1.0,-1,-1,-1
580,14,0.00,0.00,0.00,0.00,1.0,-1,-1,-1
580,15,0.00,0.00,0.00,0.00,1.0,-1,-1,-1
580,16,0.00,0.00,0.00,0.00,1.0,-1,-1,-1
580,17,0.00,0.00,0.00,0.00,1.0,-1,-1,-1
580,18,1895.00,1037.00,25.00,43.00,1.0,-1,-1,-1
580,19,1013.00,439.00,95.00,218.00,1.0,-1,-1,-1
580,20,0.00,0.00,0.00,0.00,1.0,-1,-1,-1
580,21,0.00,0.00,0.00,0.00,1.0,-1,-1,-1
580,22,1896.00,1039.00,24.00,41.00,1.0,-1,-1,-1
580,23,537.00,856.00,243.00,224.00,1.0,-1,-1,-1
580,24,0.00,0.00,0.00,0.00,1.0,-1,-1,-1
580,25,0.00,0.00,0.00,0.00,1.0,-1,-1,-1
580,26,0.00,0.00,0.00,0.00,1.0,-1,-1,-1
580,27,0.00,0.00,0.00,0.00,1.0,-1,-1,-1
580,28,0.00,0.00,0.00,0.00,1.0,-1,-1,-1
580,29,0.00,0.00,0.00,0.00,1.0,-1,-1,-1
580,30,0.00,0.00,0.00,0.00,1.0,-1,-1,-1
580,31,543.00,1000.00,97.00,80.00,1.0,-1,-1,-1
580,32,0.00,0.00,0.00,0.00,1.0,-1,-1,-1
580,33,0.00,0.00,0.00,0.00,1.0,-1,-1,-1
580,34,0.00,0.00,0.00,0.00,1.0,-1,-1,-1
580,35,674.00,847.00,125.00,233.00,1.0,-1,-1,-1
580,36,1794.00,489.00,101.00,284.00,1.0,-1,-1,-1
580,37,1608.00,258.00,43.00,165.00,1.0,-1,-1,-1
580,38,0.00,0.00,0.00,0.00,1.0,-1,-1,-1
580,39,0.00,0.00,0.00,0.00,1.0,-1,-1,-1
580,40,793.00,881.00,128.00,199.00,1.0,-1,-1,-1
580,41,0.00,0.00,0.00,0.00,1.0,-1,-1,-1
580,42,0.00,0.00,0.00,0.00,1.0,-1,-1,-1
580,43,1592.00,402.00,89.00,250.00,1.0,-1,-1,-1
580,44,1069.00,321.00,77.00,215.00,1.0,-1,-1,-1
580,45,0.00,0.00,0.00,0.00,1.0,-1,-1,-1
580,46,795.00,432.00,93.00,240.00,1.0,-1,-1,-1
580,47,538.00,856.00,243.00,224.00,1.0,-1,-1,-1
580,48,1470.00,423.00,74.00,237.00,1.0,-1,-1,-1
580,49,1104.00,488.00,81.00,242.00,1.0,-1,-1,-1
580,50,1232.00,469.00,89.00,245.00,1.0,-1,-1,-1
580,51,1531.00,460.00,87.00,221.00,1.0,-1,-1,-1
580,52,1830.00,431.00,61.00,138.00,1.0,-1,-1,-1
580,53,1796.00,860.00,109.00,199.00,1.0,-1,-1,-1
580,54,1334.00,273.00,74.00,185.00,1.0,-1,-1,-1
580,55,1159.00,336.00,64.00,202.00,1.0,-1,-1,-1
581,0,1194.00,712.00,180.00,321.00,1.0,-1,-1,-1
581,1,0.00,0.00,0.00,0.00,1.0,-1,-1,-1
581,2,0.00,0.00,0.00,0.00,1.0,-1,-1,-1
581,3,0.00,0.00,0.00,0.00,1.0,-1,-1,-1
581,4,0.00,0.00,0.00,0.00,1.0,-1,-1,-1
581,5,1615.00,714.00,181.00,357.00,1.0,-1,-1,-1
581,6,0.00,0.00,0.00,0.00,1.0,-1,-1,-1
581,7,0.00,0.00,0.00,0.00,1.0,-1,-1,-1
581,8,0.00,0.00,0.00,0.00,1.0,-1,-1,-1
581,9,796.00,882.00,125.00,198.00,1.0,-1,-1,-1
581,10,1059.00,432.00,57.00,207.00,1.0,-1,-1,-1
581,11,0.00,0.00,0.00,0.00,1.0,-1,-1,-1
581,12,0.00,0.00,0.00,0.00,1.0,-1,-1,-1
581,13,0.00,0.00,0.00,0.00,1.0,-1,-1,-1
581,14,0.00,0.00,0.00,0.00,1.0,-1,-1,-1
581,15,0.00,0.00,0.00,0.00,1.0,-1,-1,-1
581,16,0.00,0.00,0.00,0.00,1.0,-1,-1,-1
581,17,0.00,0.00,0.00,0.00,1.0,-1,-1,-1
581,18,1890.00,1031.00,30.00,49.00,1.0,-1,-1,-1
581,19,1014.00,440.00,94.00,217.00,1.0,-1,-1,-1
581,20,0.00,0.00,0.00,0.00,1.0,-1,-1,-1
581,21,0.00,0.00,0.00,0.00,1.0,-1,-1,-1
581,22,1890.00,1032.00,30.00,48.00,1.0,-1,-1,-1
581,23,536.00,858.00,242.00,222.00,1.0,-1,-1,-1
581,24,0.00,0.00,0.00,0.00,1.0,-1,-1,-1
581,25,0.00,0.00,0.00,0.00,1.0,-1,-1,-1
581,26,0.00,0.00,0.00,0.00,1.0,-1,-1,-1
581,27,0.00,0.00,0.00,0.00,1.0,-1,-1,-1
581,28,0.00,0.00,0.00,0.00,1.0,-1,-1,-1
581,29,0.00,0.00,0.00,0.00,1.0,-1,-1,-1
581,30,0.00,0.00,0.00,0.00,1.0,-1,-1,-1
581,31,543.00,1001.00,97.00,79.00,1.0,-1,-1,-1
581,32,0.00,0.00,0.00,0.00,1.0,-1,-1,-1
581,33,0.00,0.00,0.00,0.00,1.0,-1,-1,-1
581,34,0.00,0.00,0.00,0.00,1.0,-1,-1,-1
581,35,672.00,849.00,123.00,231.00,1.0,-1,-1,-1
581,36,1793.00,491.00,102.00,283.00,1.0,-1,-1,-1
581,37,1608.00,259.00,44.00,162.00,1.0,-1,-1,-1
581,38,0.00,0.00,0.00,0.00,1.0,-1,-1,-1
581,39,0.00,0.00,0.00,0.00,1.0,-1,-1,-1
581,40,795.00,881.00,126.00,199.00,1.0,-1,-1,-1
581,41,0.00,0.00,0.00,0.00,1.0,-1,-1,-1
581,42,0.00,0.00,0.00,0.00,1.0,-1,-1,-1
581,43,1594.00,403.00,91.00,250.00,1.0,-1,-1,-1
581,44,1070.00,322.00,77.00,220.00,1.0,-1,-1,-1
581,45,0.00,0.00,0.00,0.00,1.0,-1,-1,-1
581,46,798.00,432.00,91.00,240.00,1.0,-1,-1,-1
581,47,536.00,858.00,242.00,222.00,1.0,-1,-1,-1
581,48,1471.00,425.00,75.00,237.00,1.0,-1,-1,-1
581,49,1104.00,490.00,81.00,244.00,1.0,-1,-1,-1
581,50,1233.00,473.00,86.00,241.00,1.0,-1,-1,-1
581,51,1533.00,462.00,84.00,221.00,1.0,-1,-1,-1
581,52,1821.00,432.00,66.00,127.00,1.0,-1,-1,-1
581,53,1788.00,861.00,132.00,200.00,1.0,-1,-1,-1
581,54,1335.00,275.00,66.00,184.00,1.0,-1,-1,-1
581,55,1160.00,337.00,64.00,203.00,1.0,-1,-1,-1
582,0,1196.00,713.00,178.00,322.00,1.0,-1,-1,-1
582,1,0.00,0.00,0.00,0.00,1.0,-1,-1,-1
582,2,0.00,0.00,0.00,0.00,1.0,-1,-1,-1
582,3,0.00,0.00,0.00,0.00,1.0,-1,-1,-1
582,4,0.00,0.00,0.00,0.00,1.0,-1,-1,-1
582,5,1606.00,714.00,188.00,358.00,1.0,-1,-1,-1
582,6,0.00,0.00,0.00,0.00,1.0,-1,-1,-1
582,7,0.00,0.00,0.00,0.00,1.0,-1,-1,-1
582,8,0.00,0.00,0.00,0.00,1.0,-1,-1,-1
582,9,801.00,883.00,121.00,197.00,1.0,-1,-1,-1
582,10,1060.00,432.00,58.00,206.00,1.0,-1,-1,-1
582,11,0.00,0.00,0.00,0.00,1.0,-1,-1,-1
582,12,0.00,0.00,0.00,0.00,1.0,-1,-1,-1
582,13,0.00,0.00,0.00,0.00,1.0,-1,-1,-1
582,14,0.00,0.00,0.00,0.00,1.0,-1,-1,-1
582,15,0.00,0.00,0.00,0.00,1.0,-1,-1,-1
582,16,0.00,0.00,0.00,0.00,1.0,-1,-1,-1
582,17,0.00,0.00,0.00,0.00,1.0,-1,-1,-1
582,18,1889.00,1029.00,31.00,51.00,1.0,-1,-1,-1
582,19,1016.00,441.00,93.00,215.00,1.0,-1,-1,-1
582,20,0.00,0.00,0.00,0.00,1.0,-1,-1,-1
582,21,0.00,0.00,0.00,0.00,1.0,-1,-1,-1
582,22,1888.00,1029.00,32.00,51.00,1.0,-1,-1,-1
582,23,536.00,860.00,241.00,220.00,1.0,-1,-1,-1
582,24,0.00,0.00,0.00,0.00,1.0,-1,-1,-1
582,25,0.00,0.00,0.00,0.00,1.0,-1,-1,-1
582,26,0.00,0.00,0.00,0.00,1.0,-1,-1,-1
582,27,0.00,0.00,0.00,0.00,1.0,-1,-1,-1
582,28,0.00,0.00,0.00,0.00,1.0,-1,-1,-1
582,29,0.00,0.00,0.00,0.00,1.0,-1,-1,-1
582,30,0.00,0.00,0.00,0.00,1.0,-1,-1,-1
582,31,543.00,1007.00,98.00,73.00,1.0,-1,-1,-1
582,32,0.00,0.00,0.00,0.00,1.0,-1,-1,-1
582,33,0.00,0.00,0.00,0.00,1.0,-1,-1,-1
582,34,0.00,0.00,0.00,0.00,1.0,-1,-1,-1
582,35,672.00,851.00,121.00,229.00,1.0,-1,-1,-1
582,36,1793.00,492.00,101.00,283.00,1.0,-1,-1,-1
582,37,1610.00,260.00,45.00,168.00,1.0,-1,-1,-1
582,38,0.00,0.00,0.00,0.00,1.0,-1,-1,-1
582,39,0.00,0.00,0.00,0.00,1.0,-1,-1,-1
582,40,800.00,883.00,122.00,197.00,1.0,-1,-1,-1
582,41,0.00,0.00,0.00,0.00,1.0,-1,-1,-1
582,42,0.00,0.00,0.00,0.00,1.0,-1,-1,-1
582,43,1596.00,405.00,95.00,253.00,1.0,-1,-1,-1
582,44,1073.00,323.00,78.00,220.00,1.0,-1,-1,-1
582,45,0.00,0.00,0.00,0.00,1.0,-1,-1,-1
582,46,801.00,432.00,89.00,241.00,1.0,-1,-1,-1
582,47,536.00,860.00,243.00,220.00,1.0,-1,-1,-1
582,48,1475.00,422.00,77.00,238.00,1.0,-1,-1,-1
582,49,1105.00,493.00,77.00,242.00,1.0,-1,-1,-1
582,50,1237.00,475.00,82.00,241.00,1.0,-1,-1,-1
582,51,1536.00,461.00,82.00,223.00,1.0,-1,-1,-1
582,52,1819.00,432.00,66.00,125.00,1.0,-1,-1,-1
582,53,1786.00,861.00,115.00,201.00,1.0,-1,-1,-1
582,54,1337.00,274.00,63.00,184.00,1.0,-1,-1,-1
582,55,1162.00,337.00,65.00,202.00,1.0,-1,-1,-1
583,0,1199.00,715.00,175.00,321.00,1.0,-1,-1,-1
583,1,0.00,0.00,0.00,0.00,1.0,-1,-1,-1
583,2,0.00,0.00,0.00,0.00,1.0,-1,-1,-1
583,3,0.00,0.00,0.00,0.00,1.0,-1,-1,-1
583,4,0.00,0.00,0.00,0.00,1.0,-1,-1,-1
583,5,1599.00,714.00,190.00,359.00,1.0,-1,-1,-1
583,6,0.00,0.00,0.00,0.00,1.0,-1,-1,-1
583,7,0.00,0.00,0.00,0.00,1.0,-1,-1,-1
583,8,0.00,0.00,0.00,0.00,1.0,-1,-1,-1
583,9,807.00,885.00,119.00,195.00,1.0,-1,-1,-1
583,10,1063.00,434.00,59.00,204.00,1.0,-1,-1,-1
583,11,0.00,0.00,0.00,0.00,1.0,-1,-1,-1
583,12,0.00,0.00,0.00,0.00,1.0,-1,-1,-1
583,13,0.00,0.00,0.00,0.00,1.0,-1,-1,-1
583,14,0.00,0.00,0.00,0.00,1.0,-1,-1,-1
583,15,0.00,0.00,0.00,0.00,1.0,-1,-1,-1
583,16,0.00,0.00,0.00,0.00,1.0,-1,-1,-1
583,17,0.00,0.00,0.00,0.00,1.0,-1,-1,-1
583,18,1885.00,1024.00,35.00,56.00,1.0,-1,-1,-1
583,19,1019.00,442.00,91.00,215.00,1.0,-1,-1,-1
583,20,0.00,0.00,0.00,0.00,1.0,-1,-1,-1
583,21,0.00,0.00,0.00,0.00,1.0,-1,-1,-1
583,22,1885.00,1025.00,35.00,55.00,1.0,-1,-1,-1
583,23,537.00,863.00,243.00,217.00,1.0,-1,-1,-1
583,24,0.00,0.00,0.00,0.00,1.0,-1,-1,-1
583,25,0.00,0.00,0.00,0.00,1.0,-1,-1,-1
583,26,0.00,0.00,0.00,0.00,1.0,-1,-1,-1
583,27,0.00,0.00,0.00,0.00,1.0,-1,-1,-1
583,28,0.00,0.00,0.00,0.00,1.0,-1,-1,-1
583,29,0.00,0.00,0.00,0.00,1.0,-1,-1,-1
583,30,0.00,0.00,0.00,0.00,1.0,-1,-1,-1
583,31,547.00,1012.00,114.00,68.00,1.0,-1,-1,-1
583,32,0.00,0.00,0.00,0.00,1.0,-1,-1,-1
583,33,0.00,0.00,0.00,0.00,1.0,-1,-1,-1
583,34,0.00,0.00,0.00,0.00,1.0,-1,-1,-1
583,35,671.00,853.00,122.00,227.00,1.0,-1,-1,-1
583,36,1792.00,491.00,108.00,285.00,1.0,-1,-1,-1
583,37,1612.00,261.00,45.00,158.00,1.0,-1,-1,-1
583,38,0.00,0.00,0.00,0.00,1.0,-1,-1,-1
583,39,0.00,0.00,0.00,0.00,1.0,-1,-1,-1
583,40,806.00,884.00,119.00,196.00,1.0,-1,-1,-1
583,41,0.00,0.00,0.00,0.00,1.0,-1,-1,-1
583,42,0.00,0.00,0.00,0.00,1.0,-1,-1,-1
583,43,1600.00,407.00,92.00,254.00,1.0,-1,-1,-1
583,44,1076.00,324.00,77.00,218.00,1.0,-1,-1,-1
583,45,0.00,0.00,0.00,0.00,1.0,-1,-1,-1
583,46,805.00,434.00,87.00,240.00,1.0,-1,-1,-1
583,47,538.00,863.00,242.00,217.00,1.0,-1,-1,-1
583,48,1479.00,424.00,81.00,239.00,1.0,-1,-1,-1
583,49,1108.00,495.00,77.00,241.00,1.0,-1,-1,-1
583,50,1237.00,477.00,83.00,241.00,1.0,-1,-1,-1
583,51,1539.00,461.00,81.00,223.00,1.0,-1,-1,-1
583,52,1818.00,434.00,66.00,116.00,1.0,-1,-1,-1
583,53,1782.00,861.00,138.00,202.00,1.0,-1,-1,-1
583,54,1341.00,276.00,60.00,185.00,1.0,-1,-1,-1
583,55,1163.00,338.00,66.00,202.00,1.0,-1,-1,-1
584,0,1202.00,715.00,173.00,321.00,1.0,-1,-1,-1
584,1,0.00,0.00,0.00,0.00,1.0,-1,-1,-1
584,2,0.00,0.00,0.00,0.00,1.0,-1,-1,-1
584,3,0.00,0.00,0.00,0.00,1.0,-1,-1,-1
584,4,0.00,0.00,0.00,0.00,1.0,-1,-1,-1
584,5,1590.00,715.00,197.00,359.00,1.0,-1,-1,-1
584,6,0.00,0.00,0.00,0.00,1.0,-1,-1,-1
584,7,0.00,0.00,0.00,0.00,1.0,-1,-1,-1
584,8,0.00,0.00,0.00,0.00,1.0,-1,-1,-1
584,9,810.00,886.00,118.00,194.00,1.0,-1,-1,-1
584,10,1065.00,434.00,60.00,206.00,1.0,-1,-1,-1
584,11,0.00,0.00,0.00,0.00,1.0,-1,-1,-1
584,12,0.00,0.00,0.00,0.00,1.0,-1,-1,-1
584,13,0.00,0.00,0.00,0.00,1.0,-1,-1,-1
584,14,0.00,0.00,0.00,0.00,1.0,-1,-1,-1
584,15,0.00,0.00,0.00,0.00,1.0,-1,-1,-1
584,16,0.00,0.00,0.00,0.00,1.0,-1,-1,-1
584,17,0.00,0.00,0.00,0.00,1.0,-1,-1,-1
584,18,1881.00,1019.00,39.00,61.00,1.0,-1,-1,-1
584,19,1021.00,441.00,91.00,216.00,1.0,-1,-1,-1
584,20,0.00,0.00,0.00,0.00,1.0,-1,-1,-1
584,21,0.00,0.00,0.00,0.00,1.0,-1,-1,-1
584,22,1881.00,1020.00,39.00,60.00,1.0,-1,-1,-1
584,23,537.00,868.00,242.00,212.00,1.0,-1,-1,-1
584,24,0.00,0.00,0.00,0.00,1.0,-1,-1,-1
584,25,0.00,0.00,0.00,0.00,1.0,-1,-1,-1
584,26,0.00,0.00,0.00,0.00,1.0,-1,-1,-1
584,27,0.00,0.00,0.00,0.00,1.0,-1,-1,-1
584,28,0.00,0.00,0.00,0.00,1.0,-1,-1,-1
584,29,0.00,0.00,0.00,0.00,1.0,-1,-1,-1
584,30,0.00,0.00,0.00,0.00,1.0,-1,-1,-1
584,31,552.00,1014.00,102.00,66.00,1.0,-1,-1,-1
584,32,0.00,0.00,0.00,0.00,1.0,-1,-1,-1
584,33,0.00,0.00,0.00,0.00,1.0,-1,-1,-1
584,34,0.00,0.00,0.00,0.00,1.0,-1,-1,-1
584,35,668.00,855.00,127.00,225.00,1.0,-1,-1,-1
584,36,1793.00,491.00,109.00,286.00,1.0,-1,-1,-1
584,37,1616.00,261.00,46.00,159.00,1.0,-1,-1,-1
584,38,0.00,0.00,0.00,0.00,1.0,-1,-1,-1
584,39,0.00,0.00,0.00,0.00,1.0,-1,-1,-1
584,40,809.00,886.00,119.00,194.00,1.0,-1,-1,-1
584,41,0.00,0.00,0.00,0.00,1.0,-1,-1,-1
584,42,0.00,0.00,0.00,0.00,1.0,-1,-1,-1
584,43,1607.00,410.00,85.00,254.00,1.0,-1,-1,-1
584,44,1081.00,325.00,76.00,216.00,1.0,-1,-1,-1
584,45,0.00,0.00,0.00,0.00,1.0,-1,-1,-1
584,46,807.00,434.00,88.00,244.00,1.0,-1,-1,-1
584,47,538.00,868.00,240.00,212.00,1.0,-1,-1,-1
584,48,1482.00,427.00,81.00,235.00,1.0,-1,-1,-1
584,49,1110.00,495.00,76.00,243.00,1.0,-1,-1,-1
584,50,1236.00,479.00,87.00,239.00,1.0,-1,-1,-1
584,51,1545.00,461.00,74.00,224.00,1.0,-1,-1,-1
584,52,1818.00,433.00,66.00,116.00,1.0,-1,-1,-1
584,53,1776.00,864.00,144.00,204.00,1.0,-1,-1,-1
584,54,1353.00,277.00,51.00,186.00,1.0,-1,-1,-1
584,55,1166.00,339.00,68.00,202.00,1.0,-1,-1,-1
