29,0,1746.00,510.00,110.00,224.00,1.0,-1,-1,-1
30,0,1736.00,514.00,111.00,220.00,1.0,-1,-1,-1
31,0,1725.00,515.00,114.00,219.00,1.0,-1,-1,-1
32,0,1716.00,516.00,114.00,218.00,1.0,-1,-1,-1
33,0,1712.00,516.00,110.00,218.00,1.0,-1,-1,-1
34,0,1708.00,515.00,106.00,219.00,1.0,-1,-1,-1
35,0,1701.00,514.00,106.00,220.00,1.0,-1,-1,-1
36,0,1676.00,513.00,123.00,221.00,1.0,-1,-1,-1
37,0,1650.00,513.00,142.00,221.00,1.0,-1,-1,-1
38,0,1623.00,511.00,161.00,223.00,1.0,-1,-1,-1
39,0,1601.00,511.00,175.00,223.00,1.0,-1,-1,-1
40,0,1580.00,510.00,188.00,224.00,1.0,-1,-1,-1
41,0,1623.00,511.00,137.00,223.00,1.0,-1,-1,-1
42,0,1622.00,511.00,129.00,223.00,1.0,-1,-1,-1
43,0,1616.00,511.00,126.00,223.00,1.0,-1,-1,-1
44,0,1610.00,511.00,123.00,223.00,1.0,-1,-1,-1
45,0,1600.00,511.00,122.00,223.00,1.0,-1,-1,-1
46,0,1591.00,513.00,121.00,221.00,1.0,-1,-1,-1
47,0,1568.00,513.00,133.00,221.00,1.0,-1,-1,-1
48,0,1566.00,512.00,124.00,222.00,1.0,-1,-1,-1
49,0,1558.00,510.00,121.00,224.00,1.0,-1,-1,-1
50,0,1555.00,508.00,115.00,226.00,1.0,-1,-1,-1
51,0,1551.00,505.00,109.00,229.00,1.0,-1,-1,-1
52,0,1550.00,503.00,102.00,231.00,1.0,-1,-1,-1
53,0,1547.00,500.00,96.00,234.00,1.0,-1,-1,-1
54,0,1536.00,500.00,99.00,234.00,1.0,-1,-1,-1
55,0,1524.00,500.00,103.00,234.00,1.0,-1,-1,-1
56,0,1512.00,501.00,107.00,233.00,1.0,-1,-1,-1
57,0,1504.00,501.00,107.00,233.00,1.0,-1,-1,-1
58,0,1484.00,502.00,118.00,232.00,1.0,-1,-1,-1
59,0,1451.00,504.00,143.00,230.00,1.0,-1,-1,-1
60,0,1443.00,504.00,142.00,230.00,1.0,-1,-1,-1
61,0,1466.00,506.00,110.00,228.00,1.0,-1,-1,-1
62,0,1465.00,508.00,101.00,226.00,1.0,-1,-1,-1
63,0,1456.00,512.00,101.00,222.00,1.0,-1,-1,-1
64,0,1448.00,514.00,102.00,220.00,1.0,-1,-1,-1
65,0,1443.00,510.00,99.00,224.00,1.0,-1,-1,-1
66,0,1441.00,511.00,93.00,223.00,1.0,-1,-1,-1
67,0,1435.00,513.00,91.00,221.00,1.0,-1,-1,-1
68,0,1426.00,511.00,93.00,223.00,1.0,-1,-1,-1
69,0,1413.00,505.00,99.00,229.00,1.0,-1,-1,-1
70,0,1399.00,505.00,107.00,229.00,1.0,-1,-1,-1
71,0,1389.00,509.00,110.00,225.00,1.0,-1,-1,-1
72,0,1380.00,509.00,112.00,225.00,1.0,-1,-1,-1
73,0,1371.00,507.00,114.00,227.00,1.0,-1,-1,-1
74,0,1351.00,507.00,126.00,227.00,1.0,-1,-1,-1
75,0,1333.00,511.00,137.00,223.00,1.0,-1,-1,-1
76,0,1323.00,510.00,140.00,224.00,1.0,-1,-1,-1
77,0,1320.00,509.00,135.00,225.00,1.0,-1,-1,-1
78,0,1316.00,509.00,131.00,225.00,1.0,-1,-1,-1
79,0,1314.00,513.00,124.00,221.00,1.0,-1,-1,-1
80,0,1314.00,500.00,116.00,234.00,1.0,-1,-1,-1
81,0,1310.00,510.00,112.00,224.00,1.0,-1,-1,-1
82,0,1305.00,510.00,102.00,224.00,1.0,-1,-1,-1
83,0,1303.00,507.00,98.00,227.00,1.0,-1,-1,-1
84,0,1301.00,505.00,93.00,229.00,1.0,-1,-1,-1
85,0,1295.00,504.00,90.00,230.00,1.0,-1,-1,-1
86,0,1280.00,503.00,99.00,231.00,1.0,-1,-1,-1
87,0,1268.00,504.00,104.00,230.00,1.0,-1,-1,-1
88,0,1256.00,503.00,109.00,231.00,1.0,-1,-1,-1
89,0,1247.00,505.00,103.00,229.00,1.0,-1,-1,-1
90,0,1241.00,505.00,100.00,229.00,1.0,-1,-1,-1
91,0,1224.00,507.00,109.00,227.00,1.0,-1,-1,-1
92,0,1214.00,509.00,111.00,225.00,1.0,-1,-1,-1
93,0,1219.00,510.00,97.00,224.00,1.0,-1,-1,-1
94,0,1211.00,512.00,97.00,222.00,1.0,-1,-1,-1
95,0,1204.00,514.00,99.00,220.00,1.0,-1,-1,-1
96,0,1195.00,514.00,101.00,220.00,1.0,-1,-1,-1
97,0,1186.00,514.00,102.00,220.00,1.0,-1,-1,-1
98,0,1179.00,514.00,99.00,220.00,1.0,-1,-1,-1
99,0,1175.00,512.00,91.00,222.00,1.0,-1,-1,-1
100,0,1170.00,512.00,83.00,222.00,1.0,-1,-1,-1
101,0,1161.00,512.00,83.00,222.00,1.0,-1,-1,-1
102,0,1151.00,509.00,84.00,225.00,1.0,-1,-1,-1
103,0,1144.00,507.00,84.00,227.00,1.0,-1,-1,-1
104,0,1134.00,506.00,87.00,228.00,1.0,-1,-1,-1
105,0,1120.00,504.00,93.00,230.00,1.0,-1,-1,-1
106,0,1109.00,503.00,97.00,231.00,1.0,-1,-1,-1
107,0,1097.00,503.00,101.00,231.00,1.0,-1,-1,-1
108,0,1086.00,502.00,103.00,232.00,1.0,-1,-1,-1
109,0,1076.00,503.00,109.00,231.00,1.0,-1,-1,-1
110,0,1068.00,503.00,107.00,231.00,1.0,-1,-1,-1
111,0,1061.00,503.00,106.00,231.00,1.0,-1,-1,-1
112,0,1053.00,499.00,106.00,235.00,1.0,-1,-1,-1
113,0,1048.00,498.00,105.00,236.00,1.0,-1,-1,-1
114,0,1045.00,495.00,98.00,239.00,1.0,-1,-1,-1
115,0,1041.00,492.00,93.00,242.00,1.0,-1,-1,-1
116,0,1037.00,490.00,92.00,244.00,1.0,-1,-1,-1
117,0,1031.00,488.00,91.00,246.00,1.0,-1,-1,-1
118,0,1022.00,487.00,94.00,247.00,1.0,-1,-1,-1
119,0,1012.00,486.00,96.00,248.00,1.0,-1,-1,-1
120,0,1000.00,485.00,100.00,249.00,1.0,-1,-1,-1
121,0,991.00,485.00,103.00,249.00,1.0,-1,-1,-1
122,0,988.00,486.00,99.00,248.00,1.0,-1,-1,-1
123,0,982.00,487.00,98.00,247.00,1.0,-1,-1,-1
124,0,976.00,487.00,96.00,247.00,1.0,-1,-1,-1
125,0,968.00,489.00,101.00,245.00,1.0,-1,-1,-1
126,0,960.00,490.00,108.00,244.00,1.0,-1,-1,-1
127,0,951.00,490.00,114.00,244.00,1.0,-1,-1,-1
128,0,943.00,492.00,115.00,242.00,1.0,-1,-1,-1
129,0,935.00,491.00,116.00,243.00,1.0,-1,-1,-1
130,0,932.00,490.00,110.00,244.00,1.0,-1,-1,-1
131,0,928.00,489.00,105.00,245.00,1.0,-1,-1,-1
132,0,917.00,490.00,106.00,244.00,1.0,-1,-1,-1
133,0,907.00,489.00,105.00,245.00,1.0,-1,-1,-1
134,0,896.00,488.00,105.00,246.00,1.0,-1,-1,-1
135,0,886.00,488.00,110.00,246.00,1.0,-1,-1,-1
136,0,877.00,487.00,111.00,247.00,1.0,-1,-1,-1
137,0,866.00,487.00,114.00,247.00,1.0,-1,-1,-1
138,0,856.00,488.00,118.00,246.00,1.0,-1,-1,-1
139,0,849.00,488.00,123.00,246.00,1.0,-1,-1,-1
139,1,956.00,495.00,76.00,239.00,1.0,-1,-1,-1
140,0,843.00,488.00,126.00,246.00,1.0,-1,-1,-1
140,1,942.00,493.00,90.00,241.00,1.0,-1,-1,-1
141,0,838.00,488.00,121.00,246.00,1.0,-1,-1,-1
141,1,933.00,495.00,100.00,239.00,1.0,-1,-1,-1
142,0,833.00,489.00,120.00,245.00,1.0,-1,-1,-1
142,1,928.00,495.00,105.00,239.00,1.0,-1,-1,-1
143,0,830.00,490.00,118.00,244.00,1.0,-1,-1,-1
143,1,921.00,494.00,112.00,240.00,1.0,-1,-1,-1
144,0,821.00,489.00,123.00,245.00,1.0,-1,-1,-1
144,1,914.00,493.00,119.00,241.00,1.0,-1,-1,-1
145,0,819.00,488.00,119.00,246.00,1.0,-1,-1,-1
145,1,905.00,493.00,127.00,241.00,1.0,-1,-1,-1
146,0,816.00,487.00,115.00,247.00,1.0,-1,-1,-1
146,1,899.00,494.00,134.00,240.00,1.0,-1,-1,-1
147,0,816.00,485.00,109.00,249.00,1.0,-1,-1,-1
147,1,897.00,493.00,134.00,241.00,1.0,-1,-1,-1
148,0,811.00,484.00,110.00,250.00,1.0,-1,-1,-1
148,1,896.00,491.00,131.00,243.00,1.0,-1,-1,-1
149,0,808.00,482.00,107.00,252.00,1.0,-1,-1,-1
149,1,896.00,489.00,128.00,245.00,1.0,-1,-1,-1
150,0,803.00,480.00,110.00,254.00,1.0,-1,-1,-1
150,1,896.00,488.00,131.00,246.00,1.0,-1,-1,-1
151,0,796.00,478.00,113.00,256.00,1.0,-1,-1,-1
151,1,896.00,486.00,111.00,248.00,1.0,-1,-1,-1
152,0,790.00,478.00,114.00,256.00,1.0,-1,-1,-1
152,1,896.00,487.00,96.00,247.00,1.0,-1,-1,-1
153,0,785.00,478.00,109.00,256.00,1.0,-1,-1,-1
153,1,889.00,485.00,97.00,249.00,1.0,-1,-1,-1
154,0,783.00,478.00,107.00,256.00,1.0,-1,-1,-1
154,1,887.00,485.00,91.00,249.00,1.0,-1,-1,-1
155,0,779.00,478.00,107.00,256.00,1.0,-1,-1,-1
155,1,881.00,483.00,73.00,251.00,1.0,-1,-1,-1
156,0,775.00,478.00,107.00,256.00,1.0,-1,-1,-1
156,1,878.00,483.00,72.00,251.00,1.0,-1,-1,-1
157,0,769.00,479.00,111.00,255.00,1.0,-1,-1,-1
157,1,873.00,482.00,75.00,252.00,1.0,-1,-1,-1
158,0,763.00,480.00,112.00,254.00,1.0,-1,-1,-1
158,1,860.00,483.00,87.00,251.00,1.0,-1,-1,-1
159,0,756.00,481.00,112.00,253.00,1.0,-1,-1,-1
159,1,856.00,482.00,88.00,252.00,1.0,-1,-1,-1
160,0,749.00,482.00,114.00,252.00,1.0,-1,-1,-1
160,1,852.00,483.00,91.00,251.00,1.0,-1,-1,-1
161,0,747.00,485.00,108.00,249.00,1.0,-1,-1,-1
161,1,843.00,484.00,99.00,250.00,1.0,-1,-1,-1
162,0,741.00,486.00,111.00,248.00,1.0,-1,-1,-1
162,1,838.00,485.00,103.00,249.00,1.0,-1,-1,-1
163,0,734.00,487.00,115.00,247.00,1.0,-1,-1,-1
163,1,834.00,486.00,107.00,248.00,1.0,-1,-1,-1
164,0,726.00,488.00,119.00,246.00,1.0,-1,-1,-1
164,1,832.00,487.00,106.00,247.00,1.0,-1,-1,-1
165,0,715.00,487.00,126.00,247.00,1.0,-1,-1,-1
165,1,824.00,487.00,112.00,247.00,1.0,-1,-1,-1
166,0,715.00,487.00,122.00,247.00,1.0,-1,-1,-1
166,1,820.00,486.00,113.00,248.00,1.0,-1,-1,-1
167,0,712.00,486.00,121.00,248.00,1.0,-1,-1,-1
167,1,817.00,483.00,113.00,249.00,1.0,-1,-1,-1
168,0,705.00,486.00,118.00,248.00,1.0,-1,-1,-1
168,1,798.00,481.00,124.00,250.00,1.0,-1,-1,-1
169,0,699.00,485.00,113.00,249.00,1.0,-1,-1,-1
169,1,795.00,481.00,121.00,253.00,1.0,-1,-1,-1
170,0,693.00,484.00,107.00,250.00,1.0,-1,-1,-1
170,1,797.00,480.00,108.00,249.00,1.0,-1,-1,-1
171,0,687.00,483.00,106.00,251.00,1.0,-1,-1,-1
171,1,789.00,479.00,104.00,251.00,1.0,-1,-1,-1
172,0,682.00,482.00,107.00,252.00,1.0,-1,-1,-1
172,1,782.00,478.00,99.00,252.00,1.0,-1,-1,-1
173,0,676.00,481.00,108.00,253.00,1.0,-1,-1,-1
173,1,783.00,479.00,85.00,252.00,1.0,-1,-1,-1
174,0,669.00,480.00,109.00,254.00,1.0,-1,-1,-1
174,1,774.00,478.00,83.00,253.00,1.0,-1,-1,-1
175,0,666.00,480.00,102.00,254.00,1.0,-1,-1,-1
175,1,767.00,478.00,83.00,254.00,1.0,-1,-1,-1
176,0,662.00,481.00,102.00,253.00,1.0,-1,-1,-1
176,1,761.00,478.00,84.00,254.00,1.0,-1,-1,-1
177,0,654.00,482.00,108.00,252.00,1.0,-1,-1,-1
177,1,753.00,475.00,91.00,257.00,1.0,-1,-1,-1
178,0,649.00,483.00,115.00,251.00,1.0,-1,-1,-1
178,1,743.00,476.00,101.00,258.00,1.0,-1,-1,-1
179,0,642.00,483.00,109.00,251.00,1.0,-1,-1,-1
179,1,734.00,478.00,110.00,256.00,1.0,-1,-1,-1
180,0,640.00,483.00,102.00,251.00,1.0,-1,-1,-1
180,1,729.00,479.00,115.00,255.00,1.0,-1,-1,-1
181,0,634.00,481.00,104.00,253.00,1.0,-1,-1,-1
181,1,727.00,479.00,116.00,254.00,1.0,-1,-1,-1
182,0,628.00,480.00,105.00,254.00,1.0,-1,-1,-1
182,1,722.00,477.00,119.00,255.00,1.0,-1,-1,-1
183,0,624.00,479.00,103.00,255.00,1.0,-1,-1,-1
183,1,720.00,474.00,117.00,257.00,1.0,-1,-1,-1
184,0,618.00,477.00,103.00,257.00,1.0,-1,-1,-1
184,1,717.00,472.00,114.00,258.00,1.0,-1,-1,-1
185,0,612.00,476.00,103.00,258.00,1.0,-1,-1,-1
185,1,716.00,471.00,107.00,256.00,1.0,-1,-1,-1
186,0,607.00,476.00,105.00,258.00,1.0,-1,-1,-1
186,1,710.00,469.00,106.00,257.00,1.0,-1,-1,-1
187,0,603.00,477.00,104.00,257.00,1.0,-1,-1,-1
187,1,707.00,468.00,94.00,236.00,1.0,-1,-1,-1
188,0,600.00,476.00,104.00,258.00,1.0,-1,-1,-1
188,1,704.00,467.00,83.00,238.00,1.0,-1,-1,-1
189,0,598.00,477.00,104.00,257.00,1.0,-1,-1,-1
189,1,701.00,465.00,70.00,237.00,1.0,-1,-1,-1
190,0,596.00,479.00,99.00,255.00,1.0,-1,-1,-1
190,1,694.00,465.00,73.00,246.00,1.0,-1,-1,-1
191,0,593.00,480.00,97.00,254.00,1.0,-1,-1,-1
191,1,688.00,466.00,77.00,246.00,1.0,-1,-1,-1
192,0,589.00,481.00,97.00,253.00,1.0,-1,-1,-1
192,1,683.00,466.00,79.00,246.00,1.0,-1,-1,-1
193,0,585.00,483.00,100.00,251.00,1.0,-1,-1,-1
193,1,675.00,467.00,85.00,246.00,1.0,-1,-1,-1
194,0,581.00,485.00,103.00,249.00,1.0,-1,-1,-1
194,1,665.00,469.00,95.00,235.00,1.0,-1,-1,-1
195,0,575.00,487.00,107.00,247.00,1.0,-1,-1,-1
195,1,660.00,470.00,99.00,234.00,1.0,-1,-1,-1
196,0,568.00,489.00,114.00,245.00,1.0,-1,-1,-1
196,1,655.00,471.00,105.00,234.00,1.0,-1,-1,-1
197,0,563.00,490.00,117.00,244.00,1.0,-1,-1,-1
197,1,651.00,471.00,108.00,234.00,1.0,-1,-1,-1
198,0,557.00,491.00,119.00,243.00,1.0,-1,-1,-1
198,1,646.00,471.00,111.00,238.00,1.0,-1,-1,-1
199,0,550.00,492.00,119.00,242.00,1.0,-1,-1,-1
199,1,640.00,473.00,114.00,242.00,1.0,-1,-1,-1
200,0,545.00,493.00,121.00,241.00,1.0,-1,-1,-1
200,1,637.00,472.00,113.00,243.00,1.0,-1,-1,-1
201,0,539.00,495.00,118.00,239.00,1.0,-1,-1,-1
201,1,631.00,471.00,113.00,242.00,1.0,-1,-1,-1
202,0,533.00,496.00,109.00,238.00,1.0,-1,-1,-1
202,1,629.00,472.00,108.00,242.00,1.0,-1,-1,-1
203,0,527.00,497.00,101.00,237.00,1.0,-1,-1,-1
203,1,623.00,472.00,102.00,242.00,1.0,-1,-1,-1
204,0,520.00,499.00,104.00,235.00,1.0,-1,-1,-1
204,1,619.00,473.00,98.00,241.00,1.0,-1,-1,-1
205,0,515.00,501.00,105.00,233.00,1.0,-1,-1,-1
205,1,615.00,474.00,92.00,240.00,1.0,-1,-1,-1
206,0,510.00,501.00,108.00,233.00,1.0,-1,-1,-1
206,1,609.00,474.00,88.00,240.00,1.0,-1,-1,-1
207,0,504.00,504.00,109.00,230.00,1.0,-1,-1,-1
207,1,604.00,476.00,80.00,238.00,1.0,-1,-1,-1
208,0,500.00,507.00,110.00,227.00,1.0,-1,-1,-1
208,1,599.00,474.00,78.00,240.00,1.0,-1,-1,-1
209,0,491.00,509.00,114.00,225.00,1.0,-1,-1,-1
209,1,594.00,474.00,79.00,240.00,1.0,-1,-1,-1
210,0,488.00,510.00,113.00,224.00,1.0,-1,-1,-1
210,1,588.00,475.00,82.00,239.00,1.0,-1,-1,-1
211,0,485.00,510.00,112.00,224.00,1.0,-1,-1,-1
211,1,588.00,475.00,81.00,239.00,1.0,-1,-1,-1
212,0,481.00,511.00,112.00,223.00,1.0,-1,-1,-1
212,1,584.00,476.00,85.00,238.00,1.0,-1,-1,-1
213,0,475.00,511.00,113.00,223.00,1.0,-1,-1,-1
213,1,579.00,477.00,89.00,238.00,1.0,-1,-1,-1
214,0,470.00,511.00,113.00,223.00,1.0,-1,-1,-1
214,1,577.00,476.00,91.00,239.00,1.0,-1,-1,-1
215,0,468.00,510.00,111.00,224.00,1.0,-1,-1,-1
215,1,573.00,477.00,96.00,237.00,1.0,-1,-1,-1
216,0,464.00,507.00,112.00,227.00,1.0,-1,-1,-1
216,1,572.00,478.00,97.00,237.00,1.0,-1,-1,-1
217,0,459.00,506.00,114.00,228.00,1.0,-1,-1,-1
217,1,572.00,477.00,97.00,237.00,1.0,-1,-1,-1
218,0,456.00,505.00,114.00,229.00,1.0,-1,-1,-1
218,1,572.00,476.00,97.00,238.00,1.0,-1,-1,-1
219,0,453.00,506.00,113.00,228.00,1.0,-1,-1,-1
219,1,570.00,475.00,98.00,239.00,1.0,-1,-1,-1
220,0,451.00,505.00,111.00,229.00,1.0,-1,-1,-1
220,1,567.00,473.00,101.00,241.00,1.0,-1,-1,-1
221,0,446.00,505.00,113.00,229.00,1.0,-1,-1,-1
221,1,565.00,472.00,103.00,242.00,1.0,-1,-1,-1
222,0,443.00,504.00,113.00,230.00,1.0,-1,-1,-1
222,1,563.00,472.00,105.00,242.00,1.0,-1,-1,-1
223,0,439.00,504.00,113.00,230.00,1.0,-1,-1,-1
223,1,560.00,472.00,105.00,240.00,1.0,-1,-1,-1
224,0,436.00,504.00,114.00,230.00,1.0,-1,-1,-1
224,1,557.00,471.00,106.00,241.00,1.0,-1,-1,-1
225,0,432.00,505.00,113.00,229.00,1.0,-1,-1,-1
225,1,554.00,472.00,106.00,239.00,1.0,-1,-1,-1
226,0,431.00,505.00,112.00,229.00,1.0,-1,-1,-1
226,1,551.00,472.00,104.00,238.00,1.0,-1,-1,-1
227,0,431.00,505.00,110.00,229.00,1.0,-1,-1,-1
227,1,548.00,472.00,100.00,237.00,1.0,-1,-1,-1
228,0,430.00,506.00,110.00,228.00,1.0,-1,-1,-1
228,1,545.00,472.00,99.00,236.00,1.0,-1,-1,-1
229,0,430.00,507.00,107.00,227.00,1.0,-1,-1,-1
229,1,540.00,474.00,95.00,236.00,1.0,-1,-1,-1
230,0,430.00,515.00,107.00,219.00,1.0,-1,-1,-1
230,1,537.00,473.00,95.00,238.00,1.0,-1,-1,-1
231,0,398.00,534.00,136.00,200.00,1.0,-1,-1,-1
231,1,535.00,473.00,93.00,237.00,1.0,-1,-1,-1
232,0,393.00,519.00,139.00,215.00,1.0,-1,-1,-1
232,1,535.00,473.00,93.00,237.00,1.0,-1,-1,-1
233,0,385.00,516.00,145.00,218.00,1.0,-1,-1,-1
233,1,534.00,474.00,92.00,236.00,1.0,-1,-1,-1
234,0,378.00,511.00,146.00,223.00,1.0,-1,-1,-1
234,1,534.00,474.00,92.00,236.00,1.0,-1,-1,-1
235,0,372.00,511.00,119.00,223.00,1.0,-1,-1,-1
235,1,533.00,473.00,92.00,237.00,1.0,-1,-1,-1
236,0,363.00,510.00,121.00,224.00,1.0,-1,-1,-1
236,1,532.00,471.00,92.00,238.00,1.0,-1,-1,-1
237,0,358.00,508.00,120.00,226.00,1.0,-1,-1,-1
237,1,532.00,471.00,91.00,238.00,1.0,-1,-1,-1
238,0,352.00,506.00,114.00,228.00,1.0,-1,-1,-1
238,1,532.00,472.00,89.00,237.00,1.0,-1,-1,-1
239,0,346.00,503.00,116.00,231.00,1.0,-1,-1,-1
239,1,532.00,470.00,89.00,239.00,1.0,-1,-1,-1
240,0,341.00,501.00,106.00,233.00,1.0,-1,-1,-1
240,1,532.00,470.00,87.00,239.00,1.0,-1,-1,-1
241,0,334.00,499.00,88.00,235.00,1.0,-1,-1,-1
241,1,533.00,470.00,85.00,239.00,1.0,-1,-1,-1
242,0,329.00,497.00,93.00,237.00,1.0,-1,-1,-1
242,1,532.00,469.00,86.00,240.00,1.0,-1,-1,-1
243,0,326.00,495.00,95.00,239.00,1.0,-1,-1,-1
243,1,533.00,469.00,84.00,240.00,1.0,-1,-1,-1
244,0,321.00,493.00,110.00,241.00,1.0,-1,-1,-1
244,1,532.00,468.00,84.00,241.00,1.0,-1,-1,-1
245,0,318.00,492.00,116.00,242.00,1.0,-1,-1,-1
245,1,532.00,468.00,83.00,240.00,1.0,-1,-1,-1
246,0,313.00,492.00,122.00,242.00,1.0,-1,-1,-1
246,1,532.00,467.00,81.00,242.00,1.0,-1,-1,-1
247,0,308.00,492.00,125.00,242.00,1.0,-1,-1,-1
247,1,532.00,468.00,80.00,240.00,1.0,-1,-1,-1
248,0,304.00,492.00,128.00,242.00,1.0,-1,-1,-1
248,1,534.00,469.00,78.00,239.00,1.0,-1,-1,-1
249,0,299.00,492.00,133.00,242.00,1.0,-1,-1,-1
249,1,533.00,469.00,79.00,239.00,1.0,-1,-1,-1
250,0,295.00,492.00,130.00,242.00,1.0,-1,-1,-1
250,1,533.00,469.00,78.00,239.00,1.0,-1,-1,-1
251,0,290.00,492.00,132.00,242.00,1.0,-1,-1,-1
251,1,534.00,469.00,77.00,239.00,1.0,-1,-1,-1
252,0,288.00,492.00,134.00,242.00,1.0,-1,-1,-1
252,1,534.00,469.00,77.00,239.00,1.0,-1,-1,-1
253,0,284.00,492.00,143.00,242.00,1.0,-1,-1,-1
253,1,534.00,469.00,76.00,238.00,1.0,-1,-1,-1
254,0,282.00,492.00,149.00,242.00,1.0,-1,-1,-1
254,1,534.00,469.00,75.00,238.00,1.0,-1,-1,-1
255,0,279.00,493.00,152.00,241.00,1.0,-1,-1,-1
255,1,536.00,469.00,73.00,239.00,1.0,-1,-1,-1
256,0,278.00,493.00,155.00,241.00,1.0,-1,-1,-1
256,1,535.00,469.00,74.00,239.00,1.0,-1,-1,-1
257,0,275.00,493.00,144.00,241.00,1.0,-1,-1,-1
257,1,533.00,469.00,75.00,238.00,1.0,-1,-1,-1
258,0,275.00,493.00,142.00,241.00,1.0,-1,-1,-1
258,1,531.00,469.00,77.00,238.00,1.0,-1,-1,-1
259,0,273.00,494.00,158.00,240.00,1.0,-1,-1,-1
259,1,527.00,469.00,80.00,238.00,1.0,-1,-1,-1
260,0,273.00,494.00,151.00,240.00,1.0,-1,-1,-1
260,1,525.00,469.00,83.00,238.00,1.0,-1,-1,-1
261,0,269.00,495.00,162.00,239.00,1.0,-1,-1,-1
261,1,525.00,469.00,83.00,238.00,1.0,-1,-1,-1
262,0,268.00,496.00,158.00,238.00,1.0,-1,-1,-1
262,1,526.00,469.00,82.00,238.00,1.0,-1,-1,-1
263,0,268.00,496.00,163.00,238.00,1.0,-1,-1,-1
263,1,527.00,469.00,81.00,238.00,1.0,-1,-1,-1
264,0,268.00,496.00,158.00,238.00,1.0,-1,-1,-1
264,1,525.00,468.00,83.00,239.00,1.0,-1,-1,-1
265,0,269.00,496.00,157.00,238.00,1.0,-1,-1,-1
265,1,526.00,468.00,81.00,239.00,1.0,-1,-1,-1
266,0,270.00,496.00,155.00,238.00,1.0,-1,-1,-1
266,1,525.00,468.00,82.00,239.00,1.0,-1,-1,-1
267,0,272.00,496.00,154.00,238.00,1.0,-1,-1,-1
267,1,525.00,468.00,82.00,239.00,1.0,-1,-1,-1
268,0,273.00,496.00,143.00,238.00,1.0,-1,-1,-1
268,1,527.00,468.00,79.00,239.00,1.0,-1,-1,-1
269,0,271.00,496.00,145.00,238.00,1.0,-1,-1,-1
269,1,525.00,468.00,81.00,239.00,1.0,-1,-1,-1
270,0,271.00,495.00,154.00,239.00,1.0,-1,-1,-1
270,1,526.00,468.00,80.00,238.00,1.0,-1,-1,-1
271,0,269.00,495.00,147.00,239.00,1.0,-1,-1,-1
271,1,525.00,468.00,80.00,238.00,1.0,-1,-1,-1
272,0,268.00,495.00,148.00,239.00,1.0,-1,-1,-1
272,1,525.00,468.00,80.00,238.00,1.0,-1,-1,-1
273,0,267.00,495.00,158.00,239.00,1.0,-1,-1,-1
273,1,523.00,468.00,82.00,238.00,1.0,-1,-1,-1
274,0,267.00,494.00,149.00,240.00,1.0,-1,-1,-1
274,1,524.00,467.00,82.00,239.00,1.0,-1,-1,-1
275,0,266.00,493.00,150.00,241.00,1.0,-1,-1,-1
275,1,523.00,467.00,83.00,239.00,1.0,-1,-1,-1
276,0,268.00,493.00,148.00,241.00,1.0,-1,-1,-1
276,1,523.00,466.00,83.00,239.00,1.0,-1,-1,-1
277,0,269.00,493.00,147.00,241.00,1.0,-1,-1,-1
277,1,522.00,466.00,83.00,240.00,1.0,-1,-1,-1
278,0,271.00,492.00,144.00,242.00,1.0,-1,-1,-1
278,1,521.00,464.00,83.00,241.00,1.0,-1,-1,-1
279,0,271.00,492.00,144.00,242.00,1.0,-1,-1,-1
279,1,521.00,464.00,83.00,241.00,1.0,-1,-1,-1
280,0,271.00,493.00,145.00,241.00,1.0,-1,-1,-1
280,1,521.00,464.00,82.00,241.00,1.0,-1,-1,-1
281,0,272.00,493.00,143.00,241.00,1.0,-1,-1,-1
281,1,521.00,463.00,82.00,241.00,1.0,-1,-1,-1
282,0,269.00,492.00,147.00,242.00,1.0,-1,-1,-1
282,1,521.00,463.00,82.00,240.00,1.0,-1,-1,-1
283,0,268.00,492.00,148.00,242.00,1.0,-1,-1,-1
283,1,521.00,463.00,82.00,240.00,1.0,-1,-1,-1
284,0,266.00,492.00,151.00,242.00,1.0,-1,-1,-1
284,1,521.00,462.00,82.00,240.00,1.0,-1,-1,-1
285,0,266.00,492.00,150.00,242.00,1.0,-1,-1,-1
285,1,520.00,463.00,82.00,242.00,1.0,-1,-1,-1
286,0,265.00,492.00,151.00,242.00,1.0,-1,-1,-1
286,1,520.00,462.00,82.00,245.00,1.0,-1,-1,-1
287,0,264.00,491.00,150.00,243.00,1.0,-1,-1,-1
287,1,518.00,463.00,83.00,248.00,1.0,-1,-1,-1
288,0,265.00,490.00,149.00,244.00,1.0,-1,-1,-1
288,1,516.00,462.00,84.00,253.00,1.0,-1,-1,-1
289,0,265.00,489.00,149.00,245.00,1.0,-1,-1,-1
289,1,514.00,462.00,86.00,257.00,1.0,-1,-1,-1
290,0,265.00,488.00,148.00,246.00,1.0,-1,-1,-1
290,1,513.00,462.00,88.00,258.00,1.0,-1,-1,-1
291,0,265.00,488.00,148.00,246.00,1.0,-1,-1,-1
291,1,512.00,463.00,88.00,259.00,1.0,-1,-1,-1
292,0,265.00,489.00,148.00,245.00,1.0,-1,-1,-1
292,1,509.00,464.00,90.00,259.00,1.0,-1,-1,-1
293,0,265.00,489.00,147.00,245.00,1.0,-1,-1,-1
293,1,507.00,465.00,92.00,259.00,1.0,-1,-1,-1
294,0,267.00,488.00,146.00,246.00,1.0,-1,-1,-1
294,1,504.00,466.00,95.00,258.00,1.0,-1,-1,-1
295,0,267.00,488.00,146.00,246.00,1.0,-1,-1,-1
295,1,501.00,466.00,98.00,260.00,1.0,-1,-1,-1
296,0,269.00,488.00,144.00,246.00,1.0,-1,-1,-1
296,1,498.00,468.00,100.00,257.00,1.0,-1,-1,-1
297,0,269.00,488.00,143.00,246.00,1.0,-1,-1,-1
297,1,496.00,469.00,102.00,257.00,1.0,-1,-1,-1
298,0,272.00,488.00,140.00,246.00,1.0,-1,-1,-1
298,1,492.00,470.00,106.00,256.00,1.0,-1,-1,-1
299,0,276.00,488.00,138.00,246.00,1.0,-1,-1,-1
299,1,491.00,471.00,107.00,255.00,1.0,-1,-1,-1
300,0,279.00,488.00,137.00,246.00,1.0,-1,-1,-1
300,1,487.00,472.00,111.00,254.00,1.0,-1,-1,-1
301,0,279.00,488.00,138.00,246.00,1.0,-1,-1,-1
301,1,486.00,472.00,110.00,254.00,1.0,-1,-1,-1
302,0,278.00,488.00,138.00,246.00,1.0,-1,-1,-1
302,1,485.00,474.00,110.00,252.00,1.0,-1,-1,-1
303,0,278.00,488.00,138.00,246.00,1.0,-1,-1,-1
303,1,484.00,476.00,109.00,249.00,1.0,-1,-1,-1
304,0,277.00,489.00,138.00,245.00,1.0,-1,-1,-1
304,1,485.00,477.00,106.00,249.00,1.0,-1,-1,-1
305,0,276.00,489.00,139.00,245.00,1.0,-1,-1,-1
305,1,483.00,479.00,103.00,247.00,1.0,-1,-1,-1
306,0,276.00,490.00,140.00,244.00,1.0,-1,-1,-1
306,1,482.00,481.00,101.00,244.00,1.0,-1,-1,-1
307,0,277.00,491.00,139.00,243.00,1.0,-1,-1,-1
307,1,480.00,482.00,100.00,243.00,1.0,-1,-1,-1
308,0,279.00,491.00,138.00,243.00,1.0,-1,-1,-1
308,1,475.00,482.00,100.00,243.00,1.0,-1,-1,-1
309,0,280.00,492.00,136.00,242.00,1.0,-1,-1,-1
309,1,474.00,484.00,93.00,241.00,1.0,-1,-1,-1
310,0,285.00,493.00,131.00,241.00,1.0,-1,-1,-1
310,1,473.00,484.00,86.00,241.00,1.0,-1,-1,-1
311,0,289.00,493.00,128.00,241.00,1.0,-1,-1,-1
311,1,471.00,485.00,86.00,241.00,1.0,-1,-1,-1
312,0,290.00,493.00,127.00,241.00,1.0,-1,-1,-1
312,1,471.00,486.00,85.00,240.00,1.0,-1,-1,-1
313,0,291.00,493.00,125.00,241.00,1.0,-1,-1,-1
313,1,469.00,487.00,90.00,240.00,1.0,-1,-1,-1
314,0,292.00,493.00,123.00,241.00,1.0,-1,-1,-1
314,1,469.00,488.00,90.00,238.00,1.0,-1,-1,-1
315,0,293.00,493.00,123.00,241.00,1.0,-1,-1,-1
315,1,468.00,488.00,91.00,238.00,1.0,-1,-1,-1
316,0,294.00,493.00,123.00,241.00,1.0,-1,-1,-1
316,1,467.00,488.00,93.00,238.00,1.0,-1,-1,-1
317,0,294.00,492.00,123.00,242.00,1.0,-1,-1,-1
317,1,466.00,488.00,93.00,238.00,1.0,-1,-1,-1
318,0,294.00,492.00,124.00,242.00,1.0,-1,-1,-1
318,1,465.00,489.00,95.00,238.00,1.0,-1,-1,-1
319,0,295.00,493.00,122.00,241.00,1.0,-1,-1,-1
319,1,462.00,489.00,98.00,238.00,1.0,-1,-1,-1
320,0,296.00,493.00,122.00,241.00,1.0,-1,-1,-1
320,1,460.00,489.00,99.00,238.00,1.0,-1,-1,-1
321,0,297.00,493.00,120.00,241.00,1.0,-1,-1,-1
321,1,459.00,489.00,100.00,238.00,1.0,-1,-1,-1
322,0,298.00,493.00,119.00,241.00,1.0,-1,-1,-1
322,1,458.00,488.00,101.00,240.00,1.0,-1,-1,-1
323,0,299.00,494.00,116.00,240.00,1.0,-1,-1,-1
323,1,456.00,488.00,102.00,240.00,1.0,-1,-1,-1
324,0,299.00,494.00,116.00,240.00,1.0,-1,-1,-1
324,1,452.00,487.00,106.00,241.00,1.0,-1,-1,-1
325,0,299.00,495.00,118.00,239.00,1.0,-1,-1,-1
325,1,452.00,487.00,105.00,241.00,1.0,-1,-1,-1
326,0,302.00,496.00,115.00,238.00,1.0,-1,-1,-1
326,1,449.00,486.00,107.00,243.00,1.0,-1,-1,-1
327,0,303.00,495.00,114.00,239.00,1.0,-1,-1,-1
327,1,446.00,487.00,109.00,241.00,1.0,-1,-1,-1
328,0,304.00,496.00,114.00,238.00,1.0,-1,-1,-1
328,1,444.00,486.00,111.00,243.00,1.0,-1,-1,-1
329,0,304.00,496.00,110.00,238.00,1.0,-1,-1,-1
329,1,442.00,486.00,111.00,243.00,1.0,-1,-1,-1
330,0,304.00,496.00,114.00,238.00,1.0,-1,-1,-1
330,1,440.00,485.00,111.00,244.00,1.0,-1,-1,-1
331,0,304.00,496.00,113.00,238.00,1.0,-1,-1,-1
331,1,439.00,485.00,111.00,245.00,1.0,-1,-1,-1
332,0,304.00,496.00,114.00,238.00,1.0,-1,-1,-1
332,1,439.00,485.00,111.00,245.00,1.0,-1,-1,-1
333,0,304.00,497.00,114.00,237.00,1.0,-1,-1,-1
333,1,437.00,485.00,112.00,245.00,1.0,-1,-1,-1
334,0,303.00,496.00,114.00,238.00,1.0,-1,-1,-1
334,1,436.00,485.00,111.00,245.00,1.0,-1,-1,-1
335,0,303.00,496.00,115.00,238.00,1.0,-1,-1,-1
335,1,436.00,485.00,109.00,245.00,1.0,-1,-1,-1
336,0,301.00,496.00,117.00,238.00,1.0,-1,-1,-1
336,1,433.00,485.00,109.00,246.00,1.0,-1,-1,-1
337,0,302.00,496.00,115.00,238.00,1.0,-1,-1,-1
337,1,432.00,485.00,107.00,245.00,1.0,-1,-1,-1
338,0,300.00,496.00,118.00,238.00,1.0,-1,-1,-1
338,1,431.00,485.00,106.00,245.00,1.0,-1,-1,-1
339,0,299.00,495.00,119.00,239.00,1.0,-1,-1,-1
339,1,430.00,485.00,102.00,245.00,1.0,-1,-1,-1
340,0,298.00,495.00,119.00,239.00,1.0,-1,-1,-1
340,1,430.00,485.00,94.00,245.00,1.0,-1,-1,-1
341,0,298.00,494.00,112.00,240.00,1.0,-1,-1,-1
341,1,429.00,485.00,89.00,243.00,1.0,-1,-1,-1
342,0,298.00,494.00,113.00,240.00,1.0,-1,-1,-1
342,1,428.00,486.00,84.00,242.00,1.0,-1,-1,-1
343,0,296.00,493.00,115.00,241.00,1.0,-1,-1,-1
343,1,428.00,486.00,63.00,103.00,1.0,-1,-1,-1
344,0,295.00,492.00,115.00,242.00,1.0,-1,-1,-1
344,1,427.00,486.00,61.00,102.00,1.0,-1,-1,-1
345,0,294.00,491.00,115.00,243.00,1.0,-1,-1,-1
345,1,427.00,486.00,59.00,100.00,1.0,-1,-1,-1
346,0,293.00,491.00,115.00,243.00,1.0,-1,-1,-1
346,1,426.00,487.00,57.00,97.00,1.0,-1,-1,-1
347,0,292.00,491.00,115.00,243.00,1.0,-1,-1,-1
347,1,426.00,487.00,55.00,97.00,1.0,-1,-1,-1
348,0,290.00,490.00,116.00,244.00,1.0,-1,-1,-1
348,1,426.00,487.00,53.00,95.00,1.0,-1,-1,-1
348,2,1575.00,487.00,147.00,247.00,1.0,-1,-1,-1
349,0,289.00,490.00,116.00,244.00,1.0,-1,-1,-1
349,1,425.00,487.00,52.00,95.00,1.0,-1,-1,-1
349,2,1588.00,487.00,141.00,247.00,1.0,-1,-1,-1
350,0,288.00,490.00,116.00,244.00,1.0,-1,-1,-1
350,1,425.00,488.00,52.00,92.00,1.0,-1,-1,-1
350,2,1601.00,488.00,136.00,246.00,1.0,-1,-1,-1
351,0,286.00,489.00,119.00,245.00,1.0,-1,-1,-1
351,1,423.00,488.00,53.00,93.00,1.0,-1,-1,-1
351,2,1615.00,490.00,129.00,244.00,1.0,-1,-1,-1
352,0,287.00,489.00,122.00,245.00,1.0,-1,-1,-1
352,1,424.00,488.00,51.00,93.00,1.0,-1,-1,-1
352,2,1623.00,491.00,130.00,243.00,1.0,-1,-1,-1
353,0,285.00,489.00,124.00,245.00,1.0,-1,-1,-1
353,1,423.00,489.00,51.00,92.00,1.0,-1,-1,-1
353,2,1633.00,493.00,131.00,241.00,1.0,-1,-1,-1
354,0,284.00,489.00,125.00,245.00,1.0,-1,-1,-1
354,1,425.00,490.00,49.00,89.00,1.0,-1,-1,-1
354,2,1640.00,495.00,133.00,239.00,1.0,-1,-1,-1
355,0,284.00,489.00,125.00,245.00,1.0,-1,-1,-1
355,1,424.00,490.00,50.00,91.00,1.0,-1,-1,-1
355,2,1648.00,498.00,133.00,236.00,1.0,-1,-1,-1
356,0,284.00,488.00,125.00,246.00,1.0,-1,-1,-1
356,1,424.00,490.00,49.00,89.00,1.0,-1,-1,-1
356,2,1657.00,501.00,133.00,233.00,1.0,-1,-1,-1
357,0,285.00,488.00,126.00,246.00,1.0,-1,-1,-1
357,1,424.00,490.00,50.00,91.00,1.0,-1,-1,-1
357,2,1662.00,506.00,135.00,228.00,1.0,-1,-1,-1
358,0,285.00,488.00,126.00,246.00,1.0,-1,-1,-1
358,1,423.00,490.00,51.00,91.00,1.0,-1,-1,-1
358,2,1670.00,511.00,131.00,223.00,1.0,-1,-1,-1
359,0,285.00,488.00,125.00,246.00,1.0,-1,-1,-1
359,1,424.00,492.00,49.00,87.00,1.0,-1,-1,-1
359,2,1684.00,514.00,128.00,220.00,1.0,-1,-1,-1
360,0,284.00,489.00,126.00,245.00,1.0,-1,-1,-1
360,1,424.00,492.00,49.00,90.00,1.0,-1,-1,-1
360,2,1694.00,518.00,131.00,216.00,1.0,-1,-1,-1
361,0,284.00,490.00,126.00,244.00,1.0,-1,-1,-1
361,1,424.00,492.00,49.00,88.00,1.0,-1,-1,-1
361,2,1706.00,521.00,123.00,213.00,1.0,-1,-1,-1
362,0,285.00,490.00,132.00,244.00,1.0,-1,-1,-1
362,1,423.00,492.00,50.00,89.00,1.0,-1,-1,-1
362,2,1716.00,524.00,125.00,210.00,1.0,-1,-1,-1
363,0,286.00,491.00,131.00,243.00,1.0,-1,-1,-1
363,1,423.00,492.00,50.00,88.00,1.0,-1,-1,-1
363,2,1726.00,525.00,124.00,209.00,1.0,-1,-1,-1
364,0,288.00,492.00,129.00,242.00,1.0,-1,-1,-1
364,1,423.00,492.00,49.00,88.00,1.0,-1,-1,-1
364,2,1736.00,527.00,126.00,207.00,1.0,-1,-1,-1
365,0,291.00,493.00,126.00,241.00,1.0,-1,-1,-1
365,1,424.00,493.00,48.00,87.00,1.0,-1,-1,-1
365,2,1743.00,530.00,131.00,204.00,1.0,-1,-1,-1
366,0,294.00,492.00,123.00,242.00,1.0,-1,-1,-1
366,1,423.00,493.00,49.00,88.00,1.0,-1,-1,-1
366,2,1757.00,532.00,127.00,202.00,1.0,-1,-1,-1
367,0,295.00,483.00,122.00,251.00,1.0,-1,-1,-1
367,1,424.00,493.00,49.00,88.00,1.0,-1,-1,-1
367,2,1769.00,534.00,126.00,200.00,1.0,-1,-1,-1
368,0,297.00,480.00,120.00,254.00,1.0,-1,-1,-1
368,1,424.00,493.00,49.00,88.00,1.0,-1,-1,-1
368,2,1777.00,536.00,128.00,198.00,1.0,-1,-1,-1
369,0,299.00,480.00,118.00,254.00,1.0,-1,-1,-1
369,1,424.00,493.00,49.00,88.00,1.0,-1,-1,-1
369,2,1784.00,538.00,130.00,196.00,1.0,-1,-1,-1
370,0,300.00,477.00,118.00,257.00,1.0,-1,-1,-1
370,1,424.00,493.00,48.00,87.00,1.0,-1,-1,-1
370,2,1795.00,542.00,125.00,192.00,1.0,-1,-1,-1
371,0,301.00,476.00,117.00,258.00,1.0,-1,-1,-1
371,1,424.00,493.00,48.00,87.00,1.0,-1,-1,-1
371,2,1805.00,545.00,115.00,189.00,1.0,-1,-1,-1
372,0,302.00,481.00,115.00,253.00,1.0,-1,-1,-1
372,1,424.00,494.00,48.00,86.00,1.0,-1,-1,-1
372,2,1815.00,545.00,105.00,189.00,1.0,-1,-1,-1
373,0,303.00,481.00,114.00,253.00,1.0,-1,-1,-1
373,1,424.00,494.00,48.00,86.00,1.0,-1,-1,-1
373,2,1826.00,558.00,94.00,176.00,1.0,-1,-1,-1
374,0,304.00,481.00,113.00,253.00,1.0,-1,-1,-1
374,1,425.00,494.00,47.00,86.00,1.0,-1,-1,-1
374,2,1835.00,568.00,85.00,166.00,1.0,-1,-1,-1
375,0,305.00,481.00,112.00,253.00,1.0,-1,-1,-1
375,1,425.00,494.00,47.00,86.00,1.0,-1,-1,-1
375,2,1843.00,576.00,77.00,158.00,1.0,-1,-1,-1
376,0,305.00,481.00,111.00,253.00,1.0,-1,-1,-1
376,1,425.00,494.00,48.00,87.00,1.0,-1,-1,-1
376,2,1851.00,580.00,69.00,154.00,1.0,-1,-1,-1
377,0,305.00,481.00,105.00,253.00,1.0,-1,-1,-1
377,1,424.00,495.00,49.00,86.00,1.0,-1,-1,-1
377,2,1860.00,582.00,60.00,152.00,1.0,-1,-1,-1
378,0,306.00,478.00,104.00,256.00,1.0,-1,-1,-1
378,1,425.00,495.00,49.00,86.00,1.0,-1,-1,-1
378,2,1867.00,587.00,53.00,147.00,1.0,-1,-1,-1
379,0,306.00,478.00,104.00,256.00,1.0,-1,-1,-1
379,1,425.00,495.00,50.00,86.00,1.0,-1,-1,-1
379,2,1876.00,589.00,44.00,145.00,1.0,-1,-1,-1
380,0,306.00,460.00,103.00,274.00,1.0,-1,-1,-1
380,1,425.00,495.00,51.00,87.00,1.0,-1,-1,-1
380,2,1893.00,597.00,27.00,137.00,1.0,-1,-1,-1
381,0,306.00,459.00,104.00,275.00,1.0,-1,-1,-1
381,1,424.00,495.00,53.00,86.00,1.0,-1,-1,-1
381,2,1899.00,604.00,21.00,130.00,1.0,-1,-1,-1
382,0,306.00,458.00,104.00,276.00,1.0,-1,-1,-1
382,1,424.00,495.00,53.00,86.00,1.0,-1,-1,-1
382,2,1910.00,699.00,10.00,35.00,1.0,-1,-1,-1
383,0,307.00,458.00,103.00,276.00,1.0,-1,-1,-1
383,1,424.00,496.00,53.00,83.00,1.0,-1,-1,-1
383,2,0.00,0.00,0.00,0.00,1.0,-1,-1,-1
384,0,307.00,458.00,103.00,276.00,1.0,-1,-1,-1
384,1,424.00,496.00,54.00,85.00,1.0,-1,-1,-1
384,2,0.00,0.00,0.00,0.00,1.0,-1,-1,-1
385,0,306.00,458.00,104.00,276.00,1.0,-1,-1,-1
385,1,424.00,496.00,54.00,85.00,1.0,-1,-1,-1
385,2,0.00,0.00,0.00,0.00,1.0,-1,-1,-1
386,0,306.00,458.00,103.00,276.00,1.0,-1,-1,-1
386,1,424.00,496.00,54.00,85.00,1.0,-1,-1,-1
386,2,0.00,0.00,0.00,0.00,1.0,-1,-1,-1
387,0,306.00,458.00,103.00,276.00,1.0,-1,-1,-1
387,1,424.00,497.00,53.00,82.00,1.0,-1,-1,-1
387,2,0.00,0.00,0.00,0.00,1.0,-1,-1,-1
388,0,306.00,458.00,103.00,276.00,1.0,-1,-1,-1
388,1,424.00,497.00,52.00,82.00,1.0,-1,-1,-1
388,2,0.00,0.00,0.00,0.00,1.0,-1,-1,-1
389,0,306.00,458.00,104.00,276.00,1.0,-1,-1,-1
389,1,423.00,498.00,54.00,83.00,1.0,-1,-1,-1
389,2,0.00,0.00,0.00,0.00,1.0,-1,-1,-1
390,0,305.00,458.00,104.00,276.00,1.0,-1,-1,-1
390,1,423.00,498.00,54.00,83.00,1.0,-1,-1,-1
390,2,0.00,0.00,0.00,0.00,1.0,-1,-1,-1
391,0,305.00,457.00,103.00,277.00,1.0,-1,-1,-1
391,1,423.00,498.00,54.00,83.00,1.0,-1,-1,-1
391,2,0.00,0.00,0.00,0.00,1.0,-1,-1,-1
392,0,305.00,457.00,103.00,277.00,1.0,-1,-1,-1
392,1,422.00,498.00,55.00,84.00,1.0,-1,-1,-1
392,2,0.00,0.00,0.00,0.00,1.0,-1,-1,-1
392,3,1461.00,454.00,185.00,280.00,1.0,-1,-1,-1
393,0,305.00,457.00,104.00,277.00,1.0,-1,-1,-1
393,1,422.00,499.00,55.00,83.00,1.0,-1,-1,-1
393,2,0.00,0.00,0.00,0.00,1.0,-1,-1,-1
393,3,1481.00,456.00,168.00,278.00,1.0,-1,-1,-1
394,0,305.00,456.00,104.00,278.00,1.0,-1,-1,-1
394,1,422.00,499.00,55.00,83.00,1.0,-1,-1,-1
394,2,0.00,0.00,0.00,0.00,1.0,-1,-1,-1
394,3,1501.00,456.00,153.00,278.00,1.0,-1,-1,-1
395,0,305.00,457.00,104.00,277.00,1.0,-1,-1,-1
395,1,421.00,500.00,56.00,82.00,1.0,-1,-1,-1
395,2,0.00,0.00,0.00,0.00,1.0,-1,-1,-1
395,3,1519.00,457.00,141.00,277.00,1.0,-1,-1,-1
396,0,305.00,457.00,104.00,277.00,1.0,-1,-1,-1
396,1,421.00,501.00,56.00,83.00,1.0,-1,-1,-1
396,2,0.00,0.00,0.00,0.00,1.0,-1,-1,-1
396,3,1519.00,458.00,146.00,276.00,1.0,-1,-1,-1
397,0,305.00,457.00,104.00,277.00,1.0,-1,-1,-1
397,1,421.00,501.00,56.00,83.00,1.0,-1,-1,-1
397,2,0.00,0.00,0.00,0.00,1.0,-1,-1,-1
397,3,1521.00,459.00,153.00,275.00,1.0,-1,-1,-1
398,0,305.00,458.00,104.00,276.00,1.0,-1,-1,-1
398,1,421.00,501.00,56.00,82.00,1.0,-1,-1,-1
398,2,0.00,0.00,0.00,0.00,1.0,-1,-1,-1
398,3,1523.00,461.00,157.00,273.00,1.0,-1,-1,-1
399,0,304.00,460.00,106.00,274.00,1.0,-1,-1,-1
399,1,421.00,502.00,56.00,82.00,1.0,-1,-1,-1
399,2,0.00,0.00,0.00,0.00,1.0,-1,-1,-1
399,3,1523.00,462.00,163.00,272.00,1.0,-1,-1,-1
400,0,303.00,471.00,114.00,263.00,1.0,-1,-1,-1
400,1,421.00,502.00,56.00,83.00,1.0,-1,-1,-1
400,2,0.00,0.00,0.00,0.00,1.0,-1,-1,-1
400,3,1521.00,464.00,178.00,270.00,1.0,-1,-1,-1
401,0,299.00,470.00,117.00,264.00,1.0,-1,-1,-1
401,1,421.00,503.00,56.00,82.00,1.0,-1,-1,-1
401,2,0.00,0.00,0.00,0.00,1.0,-1,-1,-1
401,3,1520.00,466.00,194.00,268.00,1.0,-1,-1,-1
402,0,294.00,477.00,123.00,257.00,1.0,-1,-1,-1
402,1,421.00,503.00,56.00,82.00,1.0,-1,-1,-1
402,2,0.00,0.00,0.00,0.00,1.0,-1,-1,-1
402,3,1523.00,468.00,211.00,266.00,1.0,-1,-1,-1
403,0,292.00,489.00,118.00,245.00,1.0,-1,-1,-1
403,1,421.00,503.00,56.00,82.00,1.0,-1,-1,-1
403,2,0.00,0.00,0.00,0.00,1.0,-1,-1,-1
403,3,1529.00,471.00,220.00,263.00,1.0,-1,-1,-1
404,0,288.00,498.00,122.00,236.00,1.0,-1,-1,-1
404,1,420.00,504.00,57.00,80.00,1.0,-1,-1,-1
404,2,0.00,0.00,0.00,0.00,1.0,-1,-1,-1
404,3,1541.00,472.00,214.00,262.00,1.0,-1,-1,-1
405,0,285.00,497.00,125.00,237.00,1.0,-1,-1,-1
405,1,420.00,504.00,57.00,80.00,1.0,-1,-1,-1
405,2,0.00,0.00,0.00,0.00,1.0,-1,-1,-1
405,3,1564.00,474.00,196.00,260.00,1.0,-1,-1,-1
406,0,283.00,497.00,134.00,237.00,1.0,-1,-1,-1
406,1,420.00,505.00,57.00,79.00,1.0,-1,-1,-1
406,2,0.00,0.00,0.00,0.00,1.0,-1,-1,-1
406,3,1590.00,474.00,179.00,260.00,1.0,-1,-1,-1
407,0,284.00,497.00,133.00,237.00,1.0,-1,-1,-1
407,1,419.00,505.00,58.00,79.00,1.0,-1,-1,-1
407,2,0.00,0.00,0.00,0.00,1.0,-1,-1,-1
407,3,1605.00,474.00,168.00,260.00,1.0,-1,-1,-1
408,0,284.00,497.00,126.00,237.00,1.0,-1,-1,-1
408,1,419.00,505.00,57.00,79.00,1.0,-1,-1,-1
408,2,0.00,0.00,0.00,0.00,1.0,-1,-1,-1
408,3,1616.00,474.00,160.00,260.00,1.0,-1,-1,-1
409,0,286.00,497.00,122.00,237.00,1.0,-1,-1,-1
409,1,419.00,507.00,57.00,77.00,1.0,-1,-1,-1
409,2,0.00,0.00,0.00,0.00,1.0,-1,-1,-1
409,3,1634.00,476.00,148.00,258.00,1.0,-1,-1,-1
410,0,288.00,497.00,121.00,237.00,1.0,-1,-1,-1
410,1,419.00,507.00,57.00,77.00,1.0,-1,-1,-1
410,2,0.00,0.00,0.00,0.00,1.0,-1,-1,-1
410,3,1651.00,475.00,132.00,259.00,1.0,-1,-1,-1
411,0,292.00,497.00,116.00,237.00,1.0,-1,-1,-1
411,1,419.00,507.00,56.00,78.00,1.0,-1,-1,-1
411,2,0.00,0.00,0.00,0.00,1.0,-1,-1,-1
411,3,1652.00,477.00,135.00,257.00,1.0,-1,-1,-1
412,0,295.00,497.00,113.00,237.00,1.0,-1,-1,-1
412,1,419.00,507.00,55.00,77.00,1.0,-1,-1,-1
412,2,0.00,0.00,0.00,0.00,1.0,-1,-1,-1
412,3,1655.00,479.00,140.00,255.00,1.0,-1,-1,-1
413,0,296.00,497.00,112.00,237.00,1.0,-1,-1,-1
413,1,419.00,508.00,55.00,77.00,1.0,-1,-1,-1
413,2,0.00,0.00,0.00,0.00,1.0,-1,-1,-1
413,3,1658.00,480.00,151.00,254.00,1.0,-1,-1,-1
414,0,296.00,497.00,112.00,237.00,1.0,-1,-1,-1
414,1,419.00,508.00,55.00,77.00,1.0,-1,-1,-1
414,2,0.00,0.00,0.00,0.00,1.0,-1,-1,-1
414,3,1660.00,483.00,159.00,251.00,1.0,-1,-1,-1
415,0,296.00,497.00,112.00,237.00,1.0,-1,-1,-1
415,1,419.00,509.00,55.00,76.00,1.0,-1,-1,-1
415,2,0.00,0.00,0.00,0.00,1.0,-1,-1,-1
415,3,1665.00,485.00,166.00,249.00,1.0,-1,-1,-1
416,0,296.00,497.00,113.00,237.00,1.0,-1,-1,-1
416,1,419.00,509.00,55.00,76.00,1.0,-1,-1,-1
416,2,0.00,0.00,0.00,0.00,1.0,-1,-1,-1
416,3,1672.00,489.00,171.00,245.00,1.0,-1,-1,-1
417,0,295.00,496.00,114.00,238.00,1.0,-1,-1,-1
417,1,418.00,509.00,55.00,75.00,1.0,-1,-1,-1
417,2,0.00,0.00,0.00,0.00,1.0,-1,-1,-1
417,3,1686.00,492.00,168.00,242.00,1.0,-1,-1,-1
418,0,295.00,496.00,114.00,238.00,1.0,-1,-1,-1
418,1,418.00,509.00,55.00,75.00,1.0,-1,-1,-1
418,2,0.00,0.00,0.00,0.00,1.0,-1,-1,-1
418,3,1705.00,496.00,159.00,238.00,1.0,-1,-1,-1
419,0,294.00,496.00,114.00,238.00,1.0,-1,-1,-1
419,1,418.00,509.00,55.00,76.00,1.0,-1,-1,-1
419,2,0.00,0.00,0.00,0.00,1.0,-1,-1,-1
419,3,1706.00,500.00,168.00,234.00,1.0,-1,-1,-1
420,0,294.00,496.00,114.00,238.00,1.0,-1,-1,-1
420,1,418.00,509.00,55.00,76.00,1.0,-1,-1,-1
420,2,0.00,0.00,0.00,0.00,1.0,-1,-1,-1
420,3,1710.00,504.00,171.00,230.00,1.0,-1,-1,-1
421,0,293.00,496.00,113.00,238.00,1.0,-1,-1,-1
421,1,418.00,509.00,55.00,76.00,1.0,-1,-1,-1
421,2,0.00,0.00,0.00,0.00,1.0,-1,-1,-1
421,3,1715.00,506.00,174.00,228.00,1.0,-1,-1,-1
422,0,295.00,496.00,112.00,238.00,1.0,-1,-1,-1
422,1,418.00,509.00,55.00,76.00,1.0,-1,-1,-1
422,2,0.00,0.00,0.00,0.00,1.0,-1,-1,-1
422,3,1728.00,508.00,168.00,226.00,1.0,-1,-1,-1
423,0,295.00,496.00,110.00,238.00,1.0,-1,-1,-1
423,1,417.00,509.00,55.00,76.00,1.0,-1,-1,-1
423,2,0.00,0.00,0.00,0.00,1.0,-1,-1,-1
423,3,1745.00,512.00,164.00,222.00,1.0,-1,-1,-1
424,0,294.00,496.00,111.00,238.00,1.0,-1,-1,-1
424,1,417.00,509.00,55.00,76.00,1.0,-1,-1,-1
424,2,0.00,0.00,0.00,0.00,1.0,-1,-1,-1
424,3,1761.00,515.00,159.00,219.00,1.0,-1,-1,-1
425,0,294.00,497.00,110.00,237.00,1.0,-1,-1,-1
425,1,417.00,510.00,55.00,75.00,1.0,-1,-1,-1
425,2,0.00,0.00,0.00,0.00,1.0,-1,-1,-1
425,3,1780.00,517.00,140.00,217.00,1.0,-1,-1,-1
426,0,293.00,498.00,111.00,236.00,1.0,-1,-1,-1
426,1,417.00,510.00,55.00,75.00,1.0,-1,-1,-1
426,2,0.00,0.00,0.00,0.00,1.0,-1,-1,-1
426,3,1801.00,519.00,119.00,215.00,1.0,-1,-1,-1
427,0,290.00,499.00,115.00,235.00,1.0,-1,-1,-1
427,1,417.00,510.00,55.00,75.00,1.0,-1,-1,-1
427,2,0.00,0.00,0.00,0.00,1.0,-1,-1,-1
427,3,1821.00,520.00,99.00,214.00,1.0,-1,-1,-1
428,0,286.00,500.00,120.00,234.00,1.0,-1,-1,-1
428,1,417.00,510.00,55.00,76.00,1.0,-1,-1,-1
428,2,0.00,0.00,0.00,0.00,1.0,-1,-1,-1
428,3,1844.00,522.00,76.00,212.00,1.0,-1,-1,-1
429,0,286.00,501.00,122.00,233.00,1.0,-1,-1,-1
429,1,417.00,510.00,55.00,76.00,1.0,-1,-1,-1
429,2,0.00,0.00,0.00,0.00,1.0,-1,-1,-1
429,3,1845.00,527.00,75.00,207.00,1.0,-1,-1,-1
430,0,281.00,502.00,125.00,232.00,1.0,-1,-1,-1
430,1,417.00,510.00,54.00,76.00,1.0,-1,-1,-1
430,2,0.00,0.00,0.00,0.00,1.0,-1,-1,-1
430,3,1848.00,541.00,72.00,193.00,1.0,-1,-1,-1
431,0,281.00,503.00,125.00,231.00,1.0,-1,-1,-1
431,1,417.00,510.00,54.00,76.00,1.0,-1,-1,-1
431,2,0.00,0.00,0.00,0.00,1.0,-1,-1,-1
431,3,1850.00,552.00,70.00,182.00,1.0,-1,-1,-1
432,0,281.00,503.00,124.00,231.00,1.0,-1,-1,-1
432,1,417.00,510.00,54.00,77.00,1.0,-1,-1,-1
432,2,0.00,0.00,0.00,0.00,1.0,-1,-1,-1
432,3,1853.00,560.00,67.00,174.00,1.0,-1,-1,-1
433,0,283.00,504.00,122.00,230.00,1.0,-1,-1,-1
433,1,416.00,510.00,55.00,77.00,1.0,-1,-1,-1
433,2,0.00,0.00,0.00,0.00,1.0,-1,-1,-1
433,3,1858.00,573.00,62.00,161.00,1.0,-1,-1,-1
434,0,284.00,504.00,121.00,230.00,1.0,-1,-1,-1
434,1,417.00,511.00,55.00,76.00,1.0,-1,-1,-1
434,2,0.00,0.00,0.00,0.00,1.0,-1,-1,-1
434,3,1866.00,596.00,54.00,138.00,1.0,-1,-1,-1
435,0,286.00,504.00,118.00,230.00,1.0,-1,-1,-1
435,1,417.00,511.00,55.00,76.00,1.0,-1,-1,-1
435,2,0.00,0.00,0.00,0.00,1.0,-1,-1,-1
435,3,1875.00,667.00,45.00,67.00,1.0,-1,-1,-1
436,0,287.00,504.00,117.00,230.00,1.0,-1,-1,-1
436,1,417.00,511.00,55.00,76.00,1.0,-1,-1,-1
436,2,0.00,0.00,0.00,0.00,1.0,-1,-1,-1
436,3,1888.00,720.00,32.00,14.00,1.0,-1,-1,-1
437,0,289.00,504.00,115.00,230.00,1.0,-1,-1,-1
437,1,417.00,511.00,55.00,77.00,1.0,-1,-1,-1
437,2,0.00,0.00,0.00,0.00,1.0,-1,-1,-1
437,3,1909.00,730.00,11.00,4.00,1.0,-1,-1,-1
437,4,1143.00,280.00,128.00,261.00,1.0,-1,-1,-1
438,0,290.00,504.00,114.00,230.00,1.0,-1,-1,-1
438,1,417.00,512.00,54.00,74.00,1.0,-1,-1,-1
438,2,0.00,0.00,0.00,0.00,1.0,-1,-1,-1
438,3,0.00,0.00,0.00,0.00,1.0,-1,-1,-1
438,4,1145.00,279.00,124.00,261.00,1.0,-1,-1,-1
439,0,290.00,504.00,113.00,230.00,1.0,-1,-1,-1
439,1,417.00,512.00,54.00,76.00,1.0,-1,-1,-1
439,2,0.00,0.00,0.00,0.00,1.0,-1,-1,-1
439,3,0.00,0.00,0.00,0.00,1.0,-1,-1,-1
439,4,1149.00,280.00,117.00,260.00,1.0,-1,-1,-1
440,0,290.00,504.00,113.00,230.00,1.0,-1,-1,-1
440,1,417.00,512.00,55.00,75.00,1.0,-1,-1,-1
440,2,0.00,0.00,0.00,0.00,1.0,-1,-1,-1
440,3,0.00,0.00,0.00,0.00,1.0,-1,-1,-1
440,4,1155.00,283.00,114.00,259.00,1.0,-1,-1,-1
441,0,289.00,504.00,114.00,230.00,1.0,-1,-1,-1
441,1,417.00,512.00,54.00,75.00,1.0,-1,-1,-1
441,2,0.00,0.00,0.00,0.00,1.0,-1,-1,-1
441,3,0.00,0.00,0.00,0.00,1.0,-1,-1,-1
441,4,1162.00,303.00,108.00,239.00,1.0,-1,-1,-1
442,0,290.00,504.00,113.00,230.00,1.0,-1,-1,-1
442,1,417.00,512.00,54.00,76.00,1.0,-1,-1,-1
442,2,0.00,0.00,0.00,0.00,1.0,-1,-1,-1
442,3,0.00,0.00,0.00,0.00,1.0,-1,-1,-1
442,4,1173.00,303.00,99.00,240.00,1.0,-1,-1,-1
443,0,291.00,502.00,112.00,232.00,1.0,-1,-1,-1
443,1,416.00,513.00,55.00,76.00,1.0,-1,-1,-1
443,2,0.00,0.00,0.00,0.00,1.0,-1,-1,-1
443,3,0.00,0.00,0.00,0.00,1.0,-1,-1,-1
443,4,1186.00,303.00,90.00,239.00,1.0,-1,-1,-1
444,0,291.00,502.00,112.00,232.00,1.0,-1,-1,-1
444,1,416.00,513.00,55.00,76.00,1.0,-1,-1,-1
444,2,0.00,0.00,0.00,0.00,1.0,-1,-1,-1
444,3,0.00,0.00,0.00,0.00,1.0,-1,-1,-1
444,4,1197.00,303.00,89.00,241.00,1.0,-1,-1,-1
445,0,290.00,502.00,113.00,232.00,1.0,-1,-1,-1
445,1,416.00,513.00,55.00,76.00,1.0,-1,-1,-1
445,2,0.00,0.00,0.00,0.00,1.0,-1,-1,-1
445,3,0.00,0.00,0.00,0.00,1.0,-1,-1,-1
445,4,1212.00,304.00,88.00,240.00,1.0,-1,-1,-1
446,0,288.00,501.00,115.00,233.00,1.0,-1,-1,-1
446,1,416.00,514.00,54.00,76.00,1.0,-1,-1,-1
446,2,0.00,0.00,0.00,0.00,1.0,-1,-1,-1
446,3,0.00,0.00,0.00,0.00,1.0,-1,-1,-1
446,4,1218.00,305.00,88.00,242.00,1.0,-1,-1,-1
447,0,288.00,501.00,115.00,233.00,1.0,-1,-1,-1
447,1,416.00,514.00,54.00,77.00,1.0,-1,-1,-1
447,2,0.00,0.00,0.00,0.00,1.0,-1,-1,-1
447,3,0.00,0.00,0.00,0.00,1.0,-1,-1,-1
447,4,1221.00,308.00,93.00,240.00,1.0,-1,-1,-1
448,0,287.00,502.00,125.00,232.00,1.0,-1,-1,-1
448,1,416.00,515.00,54.00,72.00,1.0,-1,-1,-1
448,2,0.00,0.00,0.00,0.00,1.0,-1,-1,-1
448,3,0.00,0.00,0.00,0.00,1.0,-1,-1,-1
448,4,1229.00,309.00,94.00,256.00,1.0,-1,-1,-1
449,0,288.00,502.00,115.00,232.00,1.0,-1,-1,-1
449,1,416.00,515.00,54.00,73.00,1.0,-1,-1,-1
449,2,0.00,0.00,0.00,0.00,1.0,-1,-1,-1
449,3,0.00,0.00,0.00,0.00,1.0,-1,-1,-1
449,4,1233.00,311.00,99.00,258.00,1.0,-1,-1,-1
450,0,288.00,503.00,114.00,231.00,1.0,-1,-1,-1
450,1,416.00,515.00,54.00,75.00,1.0,-1,-1,-1
450,2,0.00,0.00,0.00,0.00,1.0,-1,-1,-1
450,3,0.00,0.00,0.00,0.00,1.0,-1,-1,-1
450,4,1235.00,312.00,101.00,258.00,1.0,-1,-1,-1
451,0,290.00,504.00,113.00,230.00,1.0,-1,-1,-1
451,1,416.00,515.00,54.00,75.00,1.0,-1,-1,-1
451,2,0.00,0.00,0.00,0.00,1.0,-1,-1,-1
451,3,0.00,0.00,0.00,0.00,1.0,-1,-1,-1
451,4,1236.00,315.00,111.00,254.00,1.0,-1,-1,-1
452,0,292.00,504.00,110.00,230.00,1.0,-1,-1,-1
452,1,417.00,515.00,53.00,75.00,1.0,-1,-1,-1
452,2,0.00,0.00,0.00,0.00,1.0,-1,-1,-1
452,3,0.00,0.00,0.00,0.00,1.0,-1,-1,-1
452,4,1236.00,319.00,117.00,252.00,1.0,-1,-1,-1
453,0,293.00,503.00,109.00,231.00,1.0,-1,-1,-1
453,1,417.00,515.00,53.00,75.00,1.0,-1,-1,-1
453,2,0.00,0.00,0.00,0.00,1.0,-1,-1,-1
453,3,0.00,0.00,0.00,0.00,1.0,-1,-1,-1
453,4,1237.00,321.00,116.00,250.00,1.0,-1,-1,-1
454,0,292.00,504.00,110.00,230.00,1.0,-1,-1,-1
454,1,417.00,515.00,54.00,76.00,1.0,-1,-1,-1
454,2,0.00,0.00,0.00,0.00,1.0,-1,-1,-1
454,3,0.00,0.00,0.00,0.00,1.0,-1,-1,-1
454,4,1240.00,324.00,118.00,254.00,1.0,-1,-1,-1
455,0,294.00,505.00,107.00,229.00,1.0,-1,-1,-1
455,1,417.00,515.00,54.00,76.00,1.0,-1,-1,-1
455,2,0.00,0.00,0.00,0.00,1.0,-1,-1,-1
455,3,0.00,0.00,0.00,0.00,1.0,-1,-1,-1
455,4,1243.00,325.00,118.00,253.00,1.0,-1,-1,-1
456,0,294.00,506.00,106.00,228.00,1.0,-1,-1,-1
456,1,418.00,516.00,54.00,75.00,1.0,-1,-1,-1
456,2,0.00,0.00,0.00,0.00,1.0,-1,-1,-1
456,3,0.00,0.00,0.00,0.00,1.0,-1,-1,-1
456,4,1249.00,327.00,112.00,252.00,1.0,-1,-1,-1
457,0,293.00,507.00,108.00,227.00,1.0,-1,-1,-1
457,1,417.00,516.00,55.00,77.00,1.0,-1,-1,-1
457,2,0.00,0.00,0.00,0.00,1.0,-1,-1,-1
457,3,0.00,0.00,0.00,0.00,1.0,-1,-1,-1
457,4,1259.00,328.00,102.00,251.00,1.0,-1,-1,-1
458,0,293.00,507.00,106.00,227.00,1.0,-1,-1,-1
458,1,418.00,516.00,54.00,79.00,1.0,-1,-1,-1
458,2,0.00,0.00,0.00,0.00,1.0,-1,-1,-1
458,3,0.00,0.00,0.00,0.00,1.0,-1,-1,-1
458,4,1271.00,329.00,95.00,252.00,1.0,-1,-1,-1
459,0,295.00,508.00,104.00,226.00,1.0,-1,-1,-1
459,1,418.00,517.00,55.00,78.00,1.0,-1,-1,-1
459,2,0.00,0.00,0.00,0.00,1.0,-1,-1,-1
459,3,0.00,0.00,0.00,0.00,1.0,-1,-1,-1
459,4,1284.00,332.00,87.00,249.00,1.0,-1,-1,-1
460,0,295.00,508.00,105.00,226.00,1.0,-1,-1,-1
460,1,419.00,517.00,55.00,78.00,1.0,-1,-1,-1
460,2,0.00,0.00,0.00,0.00,1.0,-1,-1,-1
460,3,0.00,0.00,0.00,0.00,1.0,-1,-1,-1
460,4,1300.00,331.00,78.00,250.00,1.0,-1,-1,-1
461,0,296.00,508.00,104.00,226.00,1.0,-1,-1,-1
461,1,419.00,517.00,55.00,77.00,1.0,-1,-1,-1
461,2,0.00,0.00,0.00,0.00,1.0,-1,-1,-1
461,3,0.00,0.00,0.00,0.00,1.0,-1,-1,-1
461,4,1316.00,332.00,72.00,247.00,1.0,-1,-1,-1
462,0,296.00,503.00,103.00,231.00,1.0,-1,-1,-1
462,1,419.00,518.00,56.00,78.00,1.0,-1,-1,-1
462,2,0.00,0.00,0.00,0.00,1.0,-1,-1,-1
462,3,0.00,0.00,0.00,0.00,1.0,-1,-1,-1
462,4,1325.00,333.00,71.00,246.00,1.0,-1,-1,-1
463,0,296.00,493.00,104.00,241.00,1.0,-1,-1,-1
463,1,419.00,518.00,56.00,79.00,1.0,-1,-1,-1
463,2,0.00,0.00,0.00,0.00,1.0,-1,-1,-1
463,3,0.00,0.00,0.00,0.00,1.0,-1,-1,-1
463,4,1327.00,334.00,78.00,241.00,1.0,-1,-1,-1
464,0,296.00,485.00,105.00,249.00,1.0,-1,-1,-1
464,1,419.00,518.00,57.00,79.00,1.0,-1,-1,-1
464,2,0.00,0.00,0.00,0.00,1.0,-1,-1,-1
464,3,0.00,0.00,0.00,0.00,1.0,-1,-1,-1
464,4,1327.00,336.00,89.00,244.00,1.0,-1,-1,-1
465,0,298.00,480.00,102.00,254.00,1.0,-1,-1,-1
465,1,419.00,518.00,58.00,78.00,1.0,-1,-1,-1
465,2,0.00,0.00,0.00,0.00,1.0,-1,-1,-1
465,3,0.00,0.00,0.00,0.00,1.0,-1,-1,-1
465,4,1329.00,337.00,110.00,248.00,1.0,-1,-1,-1
466,0,298.00,473.00,102.00,261.00,1.0,-1,-1,-1
466,1,420.00,518.00,57.00,78.00,1.0,-1,-1,-1
466,2,0.00,0.00,0.00,0.00,1.0,-1,-1,-1
466,3,0.00,0.00,0.00,0.00,1.0,-1,-1,-1
466,4,1329.00,340.00,129.00,247.00,1.0,-1,-1,-1
467,0,299.00,470.00,101.00,264.00,1.0,-1,-1,-1
467,1,419.00,518.00,58.00,78.00,1.0,-1,-1,-1
467,2,0.00,0.00,0.00,0.00,1.0,-1,-1,-1
467,3,0.00,0.00,0.00,0.00,1.0,-1,-1,-1
467,4,1329.00,343.00,140.00,245.00,1.0,-1,-1,-1
468,0,299.00,469.00,105.00,265.00,1.0,-1,-1,-1
468,1,420.00,518.00,58.00,78.00,1.0,-1,-1,-1
468,2,0.00,0.00,0.00,0.00,1.0,-1,-1,-1
468,3,0.00,0.00,0.00,0.00,1.0,-1,-1,-1
468,4,1330.00,344.00,138.00,248.00,1.0,-1,-1,-1
469,0,300.00,469.00,102.00,265.00,1.0,-1,-1,-1
469,1,421.00,518.00,57.00,78.00,1.0,-1,-1,-1
469,2,0.00,0.00,0.00,0.00,1.0,-1,-1,-1
469,3,1838.00,568.00,82.00,166.00,1.0,-1,-1,-1
469,4,1331.00,346.00,143.00,252.00,1.0,-1,-1,-1
469,5,1742.00,424.00,147.00,261.00,1.0,-1,-1,-1
470,0,300.00,469.00,102.00,265.00,1.0,-1,-1,-1
470,1,421.00,518.00,60.00,81.00,1.0,-1,-1,-1
470,2,0.00,0.00,0.00,0.00,1.0,-1,-1,-1
470,3,1858.00,693.00,62.00,41.00,1.0,-1,-1,-1
470,4,1333.00,346.00,144.00,254.00,1.0,-1,-1,-1
470,5,1743.00,427.00,164.00,259.00,1.0,-1,-1,-1
471,0,301.00,470.00,102.00,264.00,1.0,-1,-1,-1
471,1,422.00,518.00,58.00,79.00,1.0,-1,-1,-1
471,2,0.00,0.00,0.00,0.00,1.0,-1,-1,-1
471,3,1876.00,697.00,44.00,37.00,1.0,-1,-1,-1
471,4,1337.00,345.00,139.00,254.00,1.0,-1,-1,-1
471,5,1744.00,429.00,169.00,257.00,1.0,-1,-1,-1
472,0,301.00,470.00,101.00,264.00,1.0,-1,-1,-1
472,1,422.00,518.00,58.00,80.00,1.0,-1,-1,-1
472,2,0.00,0.00,0.00,0.00,1.0,-1,-1,-1
472,3,1895.00,709.00,25.00,25.00,1.0,-1,-1,-1
472,4,1342.00,345.00,135.00,256.00,1.0,-1,-1,-1
472,5,1744.00,431.00,176.00,256.00,1.0,-1,-1,-1
473,0,303.00,470.00,100.00,264.00,1.0,-1,-1,-1
473,1,422.00,518.00,60.00,82.00,1.0,-1,-1,-1
473,2,0.00,0.00,0.00,0.00,1.0,-1,-1,-1
473,3,0.00,0.00,0.00,0.00,1.0,-1,-1,-1
473,4,1351.00,346.00,124.00,255.00,1.0,-1,-1,-1
473,5,1752.00,431.00,168.00,256.00,1.0,-1,-1,-1
474,0,304.00,470.00,101.00,264.00,1.0,-1,-1,-1
474,1,423.00,518.00,60.00,82.00,1.0,-1,-1,-1
474,2,0.00,0.00,0.00,0.00,1.0,-1,-1,-1
474,3,0.00,0.00,0.00,0.00,1.0,-1,-1,-1
474,4,1361.00,346.00,118.00,255.00,1.0,-1,-1,-1
474,5,1763.00,431.00,157.00,256.00,1.0,-1,-1,-1
475,0,304.00,470.00,101.00,264.00,1.0,-1,-1,-1
475,1,423.00,518.00,61.00,83.00,1.0,-1,-1,-1
475,2,0.00,0.00,0.00,0.00,1.0,-1,-1,-1
475,3,0.00,0.00,0.00,0.00,1.0,-1,-1,-1
475,4,1374.00,346.00,109.00,256.00,1.0,-1,-1,-1
475,5,1779.00,431.00,141.00,257.00,1.0,-1,-1,-1
476,0,304.00,470.00,102.00,264.00,1.0,-1,-1,-1
476,1,423.00,518.00,61.00,82.00,1.0,-1,-1,-1
476,2,0.00,0.00,0.00,0.00,1.0,-1,-1,-1
476,3,0.00,0.00,0.00,0.00,1.0,-1,-1,-1
476,4,1388.00,346.00,98.00,255.00,1.0,-1,-1,-1
476,5,1795.00,431.00,125.00,261.00,1.0,-1,-1,-1
477,0,305.00,470.00,101.00,264.00,1.0,-1,-1,-1
477,1,423.00,518.00,62.00,83.00,1.0,-1,-1,-1
477,2,0.00,0.00,0.00,0.00,1.0,-1,-1,-1
477,3,0.00,0.00,0.00,0.00,1.0,-1,-1,-1
477,4,1403.00,347.00,90.00,254.00,1.0,-1,-1,-1
477,5,1813.00,431.00,107.00,262.00,1.0,-1,-1,-1
478,0,306.00,470.00,100.00,264.00,1.0,-1,-1,-1
478,1,423.00,518.00,62.00,83.00,1.0,-1,-1,-1
478,2,0.00,0.00,0.00,0.00,1.0,-1,-1,-1
478,3,0.00,0.00,0.00,0.00,1.0,-1,-1,-1
478,4,1421.00,347.00,87.00,255.00,1.0,-1,-1,-1
478,5,1834.00,431.00,86.00,266.00,1.0,-1,-1,-1
479,0,307.00,470.00,99.00,264.00,1.0,-1,-1,-1
479,1,423.00,518.00,63.00,83.00,1.0,-1,-1,-1
479,2,0.00,0.00,0.00,0.00,1.0,-1,-1,-1
479,3,0.00,0.00,0.00,0.00,1.0,-1,-1,-1
479,4,1435.00,348.00,85.00,254.00,1.0,-1,-1,-1
479,5,1854.00,441.00,66.00,261.00,1.0,-1,-1,-1
480,0,308.00,473.00,98.00,261.00,1.0,-1,-1,-1
480,1,424.00,518.00,63.00,83.00,1.0,-1,-1,-1
480,2,0.00,0.00,0.00,0.00,1.0,-1,-1,-1
480,3,0.00,0.00,0.00,0.00,1.0,-1,-1,-1
480,4,1435.00,351.00,94.00,264.00,1.0,-1,-1,-1
480,5,1870.00,463.00,50.00,248.00,1.0,-1,-1,-1
481,0,308.00,482.00,99.00,252.00,1.0,-1,-1,-1
481,1,424.00,518.00,63.00,84.00,1.0,-1,-1,-1
481,2,0.00,0.00,0.00,0.00,1.0,-1,-1,-1
481,3,0.00,0.00,0.00,0.00,1.0,-1,-1,-1
481,4,1435.00,353.00,101.00,274.00,1.0,-1,-1,-1
481,5,1871.00,468.00,49.00,239.00,1.0,-1,-1,-1
482,0,309.00,490.00,101.00,244.00,1.0,-1,-1,-1
482,1,424.00,517.00,64.00,85.00,1.0,-1,-1,-1
482,2,0.00,0.00,0.00,0.00,1.0,-1,-1,-1
482,3,0.00,0.00,0.00,0.00,1.0,-1,-1,-1
482,4,1435.00,354.00,112.00,273.00,1.0,-1,-1,-1
482,5,1870.00,474.00,50.00,213.00,1.0,-1,-1,-1
483,0,304.00,503.00,106.00,231.00,1.0,-1,-1,-1
483,1,424.00,518.00,65.00,84.00,1.0,-1,-1,-1
483,2,0.00,0.00,0.00,0.00,1.0,-1,-1,-1
483,3,0.00,0.00,0.00,0.00,1.0,-1,-1,-1
483,4,1436.00,357.00,123.00,271.00,1.0,-1,-1,-1
483,5,1870.00,498.00,50.00,187.00,1.0,-1,-1,-1
484,0,302.00,507.00,109.00,227.00,1.0,-1,-1,-1
484,1,425.00,517.00,67.00,87.00,1.0,-1,-1,-1
484,2,0.00,0.00,0.00,0.00,1.0,-1,-1,-1
484,3,0.00,0.00,0.00,0.00,1.0,-1,-1,-1
484,4,1437.00,361.00,128.00,268.00,1.0,-1,-1,-1
484,5,1871.00,530.00,49.00,157.00,1.0,-1,-1,-1
485,0,300.00,506.00,111.00,228.00,1.0,-1,-1,-1
485,1,425.00,517.00,67.00,87.00,1.0,-1,-1,-1
485,2,0.00,0.00,0.00,0.00,1.0,-1,-1,-1
485,3,0.00,0.00,0.00,0.00,1.0,-1,-1,-1
485,4,1437.00,364.00,134.00,273.00,1.0,-1,-1,-1
485,5,1873.00,600.00,47.00,87.00,1.0,-1,-1,-1
486,0,299.00,506.00,118.00,228.00,1.0,-1,-1,-1
486,1,425.00,517.00,67.00,87.00,1.0,-1,-1,-1
486,2,0.00,0.00,0.00,0.00,1.0,-1,-1,-1
486,3,0.00,0.00,0.00,0.00,1.0,-1,-1,-1
486,4,1439.00,366.00,129.00,274.00,1.0,-1,-1,-1
486,5,1874.00,612.00,46.00,75.00,1.0,-1,-1,-1
487,0,296.00,505.00,121.00,229.00,1.0,-1,-1,-1
487,1,425.00,517.00,67.00,87.00,1.0,-1,-1,-1
487,2,0.00,0.00,0.00,0.00,1.0,-1,-1,-1
487,3,0.00,0.00,0.00,0.00,1.0,-1,-1,-1
487,4,1442.00,368.00,122.00,266.00,1.0,-1,-1,-1
487,5,1875.00,624.00,45.00,63.00,1.0,-1,-1,-1
488,0,296.00,505.00,121.00,229.00,1.0,-1,-1,-1
488,1,425.00,517.00,67.00,87.00,1.0,-1,-1,-1
488,2,0.00,0.00,0.00,0.00,1.0,-1,-1,-1
488,3,0.00,0.00,0.00,0.00,1.0,-1,-1,-1
488,4,1445.00,371.00,123.00,262.00,1.0,-1,-1,-1
488,5,1880.00,640.00,40.00,47.00,1.0,-1,-1,-1
489,0,296.00,504.00,121.00,230.00,1.0,-1,-1,-1
489,1,425.00,517.00,67.00,87.00,1.0,-1,-1,-1
489,2,0.00,0.00,0.00,0.00,1.0,-1,-1,-1
489,3,0.00,0.00,0.00,0.00,1.0,-1,-1,-1
489,4,1455.00,371.00,121.00,273.00,1.0,-1,-1,-1
489,5,1892.00,645.00,28.00,41.00,1.0,-1,-1,-1
490,0,300.00,504.00,117.00,230.00,1.0,-1,-1,-1
490,1,425.00,517.00,67.00,87.00,1.0,-1,-1,-1
490,2,0.00,0.00,0.00,0.00,1.0,-1,-1,-1
490,3,0.00,0.00,0.00,0.00,1.0,-1,-1,-1
490,4,1466.00,372.00,116.00,272.00,1.0,-1,-1,-1
490,5,1906.00,649.00,14.00,32.00,1.0,-1,-1,-1
491,0,300.00,504.00,117.00,230.00,1.0,-1,-1,-1
491,1,425.00,517.00,67.00,87.00,1.0,-1,-1,-1
491,2,0.00,0.00,0.00,0.00,1.0,-1,-1,-1
491,3,0.00,0.00,0.00,0.00,1.0,-1,-1,-1
491,4,1480.00,373.00,110.00,259.00,1.0,-1,-1,-1
491,5,0.00,0.00,0.00,0.00,1.0,-1,-1,-1
492,0,303.00,504.00,110.00,230.00,1.0,-1,-1,-1
492,1,426.00,517.00,66.00,87.00,1.0,-1,-1,-1
492,2,0.00,0.00,0.00,0.00,1.0,-1,-1,-1
492,3,0.00,0.00,0.00,0.00,1.0,-1,-1,-1
492,4,1495.00,374.00,115.00,270.00,1.0,-1,-1,-1
492,5,0.00,0.00,0.00,0.00,1.0,-1,-1,-1
493,0,305.00,503.00,106.00,231.00,1.0,-1,-1,-1
493,1,426.00,517.00,66.00,87.00,1.0,-1,-1,-1
493,2,0.00,0.00,0.00,0.00,1.0,-1,-1,-1
493,3,0.00,0.00,0.00,0.00,1.0,-1,-1,-1
493,4,1515.00,376.00,90.00,256.00,1.0,-1,-1,-1
493,5,0.00,0.00,0.00,0.00,1.0,-1,-1,-1
494,0,306.00,504.00,106.00,230.00,1.0,-1,-1,-1
494,1,427.00,517.00,65.00,87.00,1.0,-1,-1,-1
494,2,0.00,0.00,0.00,0.00,1.0,-1,-1,-1
494,3,0.00,0.00,0.00,0.00,1.0,-1,-1,-1
494,4,1534.00,377.00,77.00,268.00,1.0,-1,-1,-1
494,5,0.00,0.00,0.00,0.00,1.0,-1,-1,-1
495,0,309.00,504.00,102.00,230.00,1.0,-1,-1,-1
495,1,427.00,517.00,65.00,87.00,1.0,-1,-1,-1
495,2,0.00,0.00,0.00,0.00,1.0,-1,-1,-1
495,3,0.00,0.00,0.00,0.00,1.0,-1,-1,-1
495,4,1534.00,378.00,88.00,266.00,1.0,-1,-1,-1
495,5,0.00,0.00,0.00,0.00,1.0,-1,-1,-1
496,0,309.00,504.00,102.00,230.00,1.0,-1,-1,-1
496,1,428.00,517.00,64.00,87.00,1.0,-1,-1,-1
496,2,0.00,0.00,0.00,0.00,1.0,-1,-1,-1
496,3,0.00,0.00,0.00,0.00,1.0,-1,-1,-1
496,4,1534.00,379.00,96.00,262.00,1.0,-1,-1,-1
496,5,0.00,0.00,0.00,0.00,1.0,-1,-1,-1
497,0,308.00,504.00,103.00,230.00,1.0,-1,-1,-1
497,1,428.00,517.00,64.00,87.00,1.0,-1,-1,-1
497,2,0.00,0.00,0.00,0.00,1.0,-1,-1,-1
497,3,0.00,0.00,0.00,0.00,1.0,-1,-1,-1
497,4,1534.00,382.00,120.00,266.00,1.0,-1,-1,-1
497,5,0.00,0.00,0.00,0.00,1.0,-1,-1,-1
498,0,308.00,504.00,105.00,230.00,1.0,-1,-1,-1
498,1,428.00,517.00,64.00,87.00,1.0,-1,-1,-1
498,2,0.00,0.00,0.00,0.00,1.0,-1,-1,-1
498,3,0.00,0.00,0.00,0.00,1.0,-1,-1,-1
498,4,1535.00,383.00,132.00,267.00,1.0,-1,-1,-1
498,5,0.00,0.00,0.00,0.00,1.0,-1,-1,-1
499,0,307.00,504.00,105.00,230.00,1.0,-1,-1,-1
499,1,428.00,517.00,64.00,87.00,1.0,-1,-1,-1
499,2,0.00,0.00,0.00,0.00,1.0,-1,-1,-1
499,3,0.00,0.00,0.00,0.00,1.0,-1,-1,-1
499,4,1535.00,385.00,150.00,267.00,1.0,-1,-1,-1
499,5,0.00,0.00,0.00,0.00,1.0,-1,-1,-1
500,0,306.00,503.00,106.00,231.00,1.0,-1,-1,-1
500,1,428.00,517.00,64.00,87.00,1.0,-1,-1,-1
500,2,0.00,0.00,0.00,0.00,1.0,-1,-1,-1
500,3,0.00,0.00,0.00,0.00,1.0,-1,-1,-1
500,4,1536.00,388.00,153.00,267.00,1.0,-1,-1,-1
500,5,0.00,0.00,0.00,0.00,1.0,-1,-1,-1
501,0,306.00,503.00,106.00,231.00,1.0,-1,-1,-1
501,1,428.00,517.00,64.00,87.00,1.0,-1,-1,-1
501,2,0.00,0.00,0.00,0.00,1.0,-1,-1,-1
501,3,0.00,0.00,0.00,0.00,1.0,-1,-1,-1
501,4,1537.00,390.00,158.00,270.00,1.0,-1,-1,-1
501,5,0.00,0.00,0.00,0.00,1.0,-1,-1,-1
502,0,306.00,503.00,106.00,231.00,1.0,-1,-1,-1
502,1,428.00,517.00,64.00,87.00,1.0,-1,-1,-1
502,2,0.00,0.00,0.00,0.00,1.0,-1,-1,-1
502,3,0.00,0.00,0.00,0.00,1.0,-1,-1,-1
502,4,1540.00,391.00,157.00,271.00,1.0,-1,-1,-1
502,5,0.00,0.00,0.00,0.00,1.0,-1,-1,-1
503,0,306.00,503.00,107.00,231.00,1.0,-1,-1,-1
503,1,429.00,517.00,63.00,87.00,1.0,-1,-1,-1
503,2,0.00,0.00,0.00,0.00,1.0,-1,-1,-1
503,3,0.00,0.00,0.00,0.00,1.0,-1,-1,-1
503,4,1543.00,391.00,146.00,269.00,1.0,-1,-1,-1
503,5,0.00,0.00,0.00,0.00,1.0,-1,-1,-1
504,0,306.00,503.00,107.00,231.00,1.0,-1,-1,-1
504,1,430.00,517.00,62.00,87.00,1.0,-1,-1,-1
504,2,0.00,0.00,0.00,0.00,1.0,-1,-1,-1
504,3,0.00,0.00,0.00,0.00,1.0,-1,-1,-1
504,4,1549.00,391.00,147.00,271.00,1.0,-1,-1,-1
504,5,0.00,0.00,0.00,0.00,1.0,-1,-1,-1
505,0,306.00,502.00,108.00,232.00,1.0,-1,-1,-1
505,1,430.00,517.00,62.00,87.00,1.0,-1,-1,-1
505,2,0.00,0.00,0.00,0.00,1.0,-1,-1,-1
505,3,0.00,0.00,0.00,0.00,1.0,-1,-1,-1
505,4,1558.00,391.00,151.00,272.00,1.0,-1,-1,-1
505,5,0.00,0.00,0.00,0.00,1.0,-1,-1,-1
506,0,305.00,501.00,109.00,233.00,1.0,-1,-1,-1
506,1,430.00,516.00,61.00,85.00,1.0,-1,-1,-1
506,2,0.00,0.00,0.00,0.00,1.0,-1,-1,-1
506,3,0.00,0.00,0.00,0.00,1.0,-1,-1,-1
506,4,1570.00,391.00,138.00,271.00,1.0,-1,-1,-1
506,5,0.00,0.00,0.00,0.00,1.0,-1,-1,-1
507,0,305.00,501.00,109.00,233.00,1.0,-1,-1,-1
507,1,430.00,516.00,61.00,85.00,1.0,-1,-1,-1
507,2,0.00,0.00,0.00,0.00,1.0,-1,-1,-1
507,3,0.00,0.00,0.00,0.00,1.0,-1,-1,-1
507,4,1584.00,391.00,130.00,272.00,1.0,-1,-1,-1
507,5,0.00,0.00,0.00,0.00,1.0,-1,-1,-1
508,0,305.00,500.00,109.00,234.00,1.0,-1,-1,-1
508,1,431.00,515.00,59.00,82.00,1.0,-1,-1,-1
508,2,0.00,0.00,0.00,0.00,1.0,-1,-1,-1
508,3,0.00,0.00,0.00,0.00,1.0,-1,-1,-1
508,4,1600.00,391.00,122.00,271.00,1.0,-1,-1,-1
508,5,0.00,0.00,0.00,0.00,1.0,-1,-1,-1
509,0,304.00,500.00,109.00,234.00,1.0,-1,-1,-1
509,1,431.00,515.00,60.00,81.00,1.0,-1,-1,-1
509,2,0.00,0.00,0.00,0.00,1.0,-1,-1,-1
509,3,0.00,0.00,0.00,0.00,1.0,-1,-1,-1
509,4,1617.00,392.00,112.00,270.00,1.0,-1,-1,-1
509,5,0.00,0.00,0.00,0.00,1.0,-1,-1,-1
510,0,303.00,500.00,110.00,234.00,1.0,-1,-1,-1
510,1,431.00,515.00,59.00,82.00,1.0,-1,-1,-1
510,2,0.00,0.00,0.00,0.00,1.0,-1,-1,-1
510,3,0.00,0.00,0.00,0.00,1.0,-1,-1,-1
510,4,1635.00,394.00,101.00,268.00,1.0,-1,-1,-1
510,5,0.00,0.00,0.00,0.00,1.0,-1,-1,-1
511,0,301.00,499.00,110.00,235.00,1.0,-1,-1,-1
511,1,430.00,515.00,62.00,89.00,1.0,-1,-1,-1
511,2,0.00,0.00,0.00,0.00,1.0,-1,-1,-1
511,3,0.00,0.00,0.00,0.00,1.0,-1,-1,-1
511,4,1654.00,395.00,90.00,274.00,1.0,-1,-1,-1
511,5,0.00,0.00,0.00,0.00,1.0,-1,-1,-1
512,0,299.00,498.00,111.00,236.00,1.0,-1,-1,-1
512,1,431.00,515.00,59.00,81.00,1.0,-1,-1,-1
512,2,0.00,0.00,0.00,0.00,1.0,-1,-1,-1
512,3,0.00,0.00,0.00,0.00,1.0,-1,-1,-1
512,4,1656.00,398.00,98.00,277.00,1.0,-1,-1,-1
512,5,0.00,0.00,0.00,0.00,1.0,-1,-1,-1
513,0,297.00,497.00,114.00,237.00,1.0,-1,-1,-1
513,1,430.00,515.00,62.00,89.00,1.0,-1,-1,-1
513,2,0.00,0.00,0.00,0.00,1.0,-1,-1,-1
513,3,0.00,0.00,0.00,0.00,1.0,-1,-1,-1
513,4,1656.00,400.00,111.00,285.00,1.0,-1,-1,-1
513,5,0.00,0.00,0.00,0.00,1.0,-1,-1,-1
514,0,296.00,497.00,116.00,237.00,1.0,-1,-1,-1
514,1,429.00,514.00,63.00,90.00,1.0,-1,-1,-1
514,2,0.00,0.00,0.00,0.00,1.0,-1,-1,-1
514,3,0.00,0.00,0.00,0.00,1.0,-1,-1,-1
514,4,1656.00,402.00,118.00,293.00,1.0,-1,-1,-1
514,5,0.00,0.00,0.00,0.00,1.0,-1,-1,-1
515,0,294.00,496.00,123.00,238.00,1.0,-1,-1,-1
515,1,429.00,514.00,63.00,90.00,1.0,-1,-1,-1
515,2,0.00,0.00,0.00,0.00,1.0,-1,-1,-1
515,3,0.00,0.00,0.00,0.00,1.0,-1,-1,-1
515,4,1656.00,405.00,129.00,296.00,1.0,-1,-1,-1
515,5,0.00,0.00,0.00,0.00,1.0,-1,-1,-1
516,0,292.00,496.00,125.00,238.00,1.0,-1,-1,-1
516,1,429.00,514.00,63.00,90.00,1.0,-1,-1,-1
516,2,0.00,0.00,0.00,0.00,1.0,-1,-1,-1
516,3,0.00,0.00,0.00,0.00,1.0,-1,-1,-1
516,4,1657.00,409.00,134.00,291.00,1.0,-1,-1,-1
516,5,0.00,0.00,0.00,0.00,1.0,-1,-1,-1
517,0,290.00,494.00,127.00,240.00,1.0,-1,-1,-1
517,1,429.00,514.00,63.00,90.00,1.0,-1,-1,-1
517,2,0.00,0.00,0.00,0.00,1.0,-1,-1,-1
517,3,0.00,0.00,0.00,0.00,1.0,-1,-1,-1
517,4,1658.00,412.00,138.00,291.00,1.0,-1,-1,-1
517,5,0.00,0.00,0.00,0.00,1.0,-1,-1,-1
518,0,289.00,494.00,128.00,240.00,1.0,-1,-1,-1
518,1,430.00,514.00,62.00,90.00,1.0,-1,-1,-1
518,2,0.00,0.00,0.00,0.00,1.0,-1,-1,-1
518,3,0.00,0.00,0.00,0.00,1.0,-1,-1,-1
518,4,1659.00,416.00,140.00,287.00,1.0,-1,-1,-1
518,5,0.00,0.00,0.00,0.00,1.0,-1,-1,-1
519,0,286.00,493.00,124.00,241.00,1.0,-1,-1,-1
519,1,430.00,514.00,62.00,84.00,1.0,-1,-1,-1
519,2,0.00,0.00,0.00,0.00,1.0,-1,-1,-1
519,3,0.00,0.00,0.00,0.00,1.0,-1,-1,-1
519,4,1661.00,419.00,143.00,285.00,1.0,-1,-1,-1
519,5,0.00,0.00,0.00,0.00,1.0,-1,-1,-1
520,0,284.00,493.00,125.00,241.00,1.0,-1,-1,-1
520,1,429.00,514.00,63.00,85.00,1.0,-1,-1,-1
520,2,0.00,0.00,0.00,0.00,1.0,-1,-1,-1
520,3,0.00,0.00,0.00,0.00,1.0,-1,-1,-1
520,4,1664.00,421.00,147.00,281.00,1.0,-1,-1,-1
520,5,0.00,0.00,0.00,0.00,1.0,-1,-1,-1
521,0,283.00,492.00,121.00,242.00,1.0,-1,-1,-1
521,1,429.00,514.00,63.00,90.00,1.0,-1,-1,-1
521,2,0.00,0.00,0.00,0.00,1.0,-1,-1,-1
521,3,0.00,0.00,0.00,0.00,1.0,-1,-1,-1
521,4,1674.00,423.00,146.00,290.00,1.0,-1,-1,-1
521,5,0.00,0.00,0.00,0.00,1.0,-1,-1,-1
522,0,283.00,492.00,119.00,242.00,1.0,-1,-1,-1
522,1,429.00,514.00,63.00,90.00,1.0,-1,-1,-1
522,2,0.00,0.00,0.00,0.00,1.0,-1,-1,-1
522,3,0.00,0.00,0.00,0.00,1.0,-1,-1,-1
522,4,1686.00,424.00,142.00,279.00,1.0,-1,-1,-1
522,5,0.00,0.00,0.00,0.00,1.0,-1,-1,-1
523,0,281.00,492.00,119.00,242.00,1.0,-1,-1,-1
523,1,429.00,514.00,63.00,90.00,1.0,-1,-1,-1
523,2,0.00,0.00,0.00,0.00,1.0,-1,-1,-1
523,3,0.00,0.00,0.00,0.00,1.0,-1,-1,-1
523,4,1700.00,426.00,137.00,287.00,1.0,-1,-1,-1
523,5,0.00,0.00,0.00,0.00,1.0,-1,-1,-1
524,0,281.00,492.00,118.00,242.00,1.0,-1,-1,-1
524,1,429.00,514.00,63.00,90.00,1.0,-1,-1,-1
524,2,0.00,0.00,0.00,0.00,1.0,-1,-1,-1
524,3,0.00,0.00,0.00,0.00,1.0,-1,-1,-1
524,4,1716.00,427.00,129.00,276.00,1.0,-1,-1,-1
524,5,0.00,0.00,0.00,0.00,1.0,-1,-1,-1
525,0,281.00,492.00,117.00,242.00,1.0,-1,-1,-1
525,1,429.00,514.00,63.00,90.00,1.0,-1,-1,-1
525,2,0.00,0.00,0.00,0.00,1.0,-1,-1,-1
525,3,0.00,0.00,0.00,0.00,1.0,-1,-1,-1
525,4,1736.00,428.00,117.00,274.00,1.0,-1,-1,-1
525,5,0.00,0.00,0.00,0.00,1.0,-1,-1,-1
526,0,281.00,492.00,115.00,242.00,1.0,-1,-1,-1
526,1,430.00,514.00,61.00,83.00,1.0,-1,-1,-1
526,2,0.00,0.00,0.00,0.00,1.0,-1,-1,-1
526,3,0.00,0.00,0.00,0.00,1.0,-1,-1,-1
526,4,1755.00,430.00,107.00,272.00,1.0,-1,-1,-1
526,5,0.00,0.00,0.00,0.00,1.0,-1,-1,-1
527,0,281.00,492.00,114.00,242.00,1.0,-1,-1,-1
527,1,430.00,514.00,62.00,83.00,1.0,-1,-1,-1
527,2,0.00,0.00,0.00,0.00,1.0,-1,-1,-1
527,3,0.00,0.00,0.00,0.00,1.0,-1,-1,-1
527,4,1765.00,432.00,104.00,285.00,1.0,-1,-1,-1
527,5,0.00,0.00,0.00,0.00,1.0,-1,-1,-1
528,0,282.00,492.00,113.00,242.00,1.0,-1,-1,-1
528,1,430.00,514.00,63.00,90.00,1.0,-1,-1,-1
528,2,0.00,0.00,0.00,0.00,1.0,-1,-1,-1
528,3,0.00,0.00,0.00,0.00,1.0,-1,-1,-1
528,4,1765.00,434.00,113.00,282.00,1.0,-1,-1,-1
528,5,0.00,0.00,0.00,0.00,1.0,-1,-1,-1
529,0,283.00,492.00,113.00,242.00,1.0,-1,-1,-1
529,1,431.00,514.00,61.00,83.00,1.0,-1,-1,-1
529,2,0.00,0.00,0.00,0.00,1.0,-1,-1,-1
529,3,0.00,0.00,0.00,0.00,1.0,-1,-1,-1
529,4,1765.00,436.00,122.00,289.00,1.0,-1,-1,-1
529,5,0.00,0.00,0.00,0.00,1.0,-1,-1,-1
530,0,284.00,493.00,113.00,241.00,1.0,-1,-1,-1
530,1,430.00,514.00,63.00,90.00,1.0,-1,-1,-1
530,2,0.00,0.00,0.00,0.00,1.0,-1,-1,-1
530,3,0.00,0.00,0.00,0.00,1.0,-1,-1,-1
530,4,1765.00,439.00,155.00,295.00,1.0,-1,-1,-1
530,5,0.00,0.00,0.00,0.00,1.0,-1,-1,-1
531,0,284.00,494.00,115.00,240.00,1.0,-1,-1,-1
531,1,431.00,514.00,61.00,83.00,1.0,-1,-1,-1
531,2,0.00,0.00,0.00,0.00,1.0,-1,-1,-1
531,3,0.00,0.00,0.00,0.00,1.0,-1,-1,-1
531,4,1765.00,442.00,155.00,292.00,1.0,-1,-1,-1
531,5,0.00,0.00,0.00,0.00,1.0,-1,-1,-1
532,0,285.00,494.00,118.00,240.00,1.0,-1,-1,-1
532,1,431.00,513.00,61.00,84.00,1.0,-1,-1,-1
532,2,0.00,0.00,0.00,0.00,1.0,-1,-1,-1
532,3,0.00,0.00,0.00,0.00,1.0,-1,-1,-1
532,4,1766.00,445.00,154.00,289.00,1.0,-1,-1,-1
532,5,0.00,0.00,0.00,0.00,1.0,-1,-1,-1
533,0,285.00,495.00,120.00,239.00,1.0,-1,-1,-1
533,1,431.00,512.00,61.00,85.00,1.0,-1,-1,-1
533,2,0.00,0.00,0.00,0.00,1.0,-1,-1,-1
533,3,0.00,0.00,0.00,0.00,1.0,-1,-1,-1
533,4,1767.00,449.00,153.00,285.00,1.0,-1,-1,-1
533,5,0.00,0.00,0.00,0.00,1.0,-1,-1,-1
534,0,285.00,495.00,125.00,239.00,1.0,-1,-1,-1
534,1,430.00,512.00,62.00,85.00,1.0,-1,-1,-1
534,2,0.00,0.00,0.00,0.00,1.0,-1,-1,-1
534,3,0.00,0.00,0.00,0.00,1.0,-1,-1,-1
534,4,1767.00,451.00,153.00,283.00,1.0,-1,-1,-1
534,5,0.00,0.00,0.00,0.00,1.0,-1,-1,-1
535,0,285.00,495.00,127.00,239.00,1.0,-1,-1,-1
535,1,431.00,512.00,60.00,85.00,1.0,-1,-1,-1
535,2,0.00,0.00,0.00,0.00,1.0,-1,-1,-1
535,3,0.00,0.00,0.00,0.00,1.0,-1,-1,-1
535,4,1769.00,454.00,151.00,280.00,1.0,-1,-1,-1
535,5,0.00,0.00,0.00,0.00,1.0,-1,-1,-1
536,0,286.00,495.00,127.00,239.00,1.0,-1,-1,-1
536,1,431.00,512.00,61.00,85.00,1.0,-1,-1,-1
536,2,0.00,0.00,0.00,0.00,1.0,-1,-1,-1
536,3,0.00,0.00,0.00,0.00,1.0,-1,-1,-1
536,4,1774.00,455.00,146.00,279.00,1.0,-1,-1,-1
536,5,0.00,0.00,0.00,0.00,1.0,-1,-1,-1
537,0,286.00,495.00,127.00,239.00,1.0,-1,-1,-1
537,1,431.00,511.00,61.00,86.00,1.0,-1,-1,-1
537,2,0.00,0.00,0.00,0.00,1.0,-1,-1,-1
537,3,0.00,0.00,0.00,0.00,1.0,-1,-1,-1
537,4,1782.00,460.00,138.00,274.00,1.0,-1,-1,-1
537,5,0.00,0.00,0.00,0.00,1.0,-1,-1,-1
538,0,286.00,495.00,126.00,239.00,1.0,-1,-1,-1
538,1,431.00,512.00,61.00,85.00,1.0,-1,-1,-1
538,2,0.00,0.00,0.00,0.00,1.0,-1,-1,-1
538,3,0.00,0.00,0.00,0.00,1.0,-1,-1,-1
538,4,1792.00,487.00,128.00,247.00,1.0,-1,-1,-1
538,5,0.00,0.00,0.00,0.00,1.0,-1,-1,-1
539,0,286.00,496.00,130.00,238.00,1.0,-1,-1,-1
539,1,431.00,511.00,61.00,85.00,1.0,-1,-1,-1
539,2,0.00,0.00,0.00,0.00,1.0,-1,-1,-1
539,3,0.00,0.00,0.00,0.00,1.0,-1,-1,-1
539,4,1807.00,489.00,113.00,245.00,1.0,-1,-1,-1
539,5,0.00,0.00,0.00,0.00,1.0,-1,-1,-1
540,0,286.00,496.00,127.00,238.00,1.0,-1,-1,-1
540,1,431.00,511.00,60.00,86.00,1.0,-1,-1,-1
540,2,0.00,0.00,0.00,0.00,1.0,-1,-1,-1
540,3,0.00,0.00,0.00,0.00,1.0,-1,-1,-1
540,4,1824.00,495.00,96.00,239.00,1.0,-1,-1,-1
540,5,0.00,0.00,0.00,0.00,1.0,-1,-1,-1
541,0,286.00,497.00,126.00,237.00,1.0,-1,-1,-1
541,1,431.00,511.00,60.00,85.00,1.0,-1,-1,-1
541,2,0.00,0.00,0.00,0.00,1.0,-1,-1,-1
541,3,0.00,0.00,0.00,0.00,1.0,-1,-1,-1
541,4,1843.00,507.00,77.00,227.00,1.0,-1,-1,-1
541,5,0.00,0.00,0.00,0.00,1.0,-1,-1,-1
542,0,287.00,497.00,125.00,237.00,1.0,-1,-1,-1
542,1,431.00,510.00,60.00,86.00,1.0,-1,-1,-1
542,2,0.00,0.00,0.00,0.00,1.0,-1,-1,-1
542,3,0.00,0.00,0.00,0.00,1.0,-1,-1,-1
542,4,1864.00,527.00,56.00,207.00,1.0,-1,-1,-1
542,5,0.00,0.00,0.00,0.00,1.0,-1,-1,-1
543,0,287.00,497.00,123.00,237.00,1.0,-1,-1,-1
543,1,431.00,510.00,60.00,87.00,1.0,-1,-1,-1
543,2,0.00,0.00,0.00,0.00,1.0,-1,-1,-1
543,3,0.00,0.00,0.00,0.00,1.0,-1,-1,-1
543,4,1887.00,584.00,33.00,150.00,1.0,-1,-1,-1
543,5,0.00,0.00,0.00,0.00,1.0,-1,-1,-1
544,0,287.00,497.00,121.00,237.00,1.0,-1,-1,-1
544,1,431.00,510.00,61.00,84.00,1.0,-1,-1,-1
544,2,0.00,0.00,0.00,0.00,1.0,-1,-1,-1
544,3,0.00,0.00,0.00,0.00,1.0,-1,-1,-1
544,4,1900.00,685.00,20.00,49.00,1.0,-1,-1,-1
544,5,0.00,0.00,0.00,0.00,1.0,-1,-1,-1
545,0,288.00,497.00,117.00,237.00,1.0,-1,-1,-1
545,1,431.00,510.00,61.00,84.00,1.0,-1,-1,-1
545,2,0.00,0.00,0.00,0.00,1.0,-1,-1,-1
545,3,0.00,0.00,0.00,0.00,1.0,-1,-1,-1
545,4,1901.00,688.00,19.00,46.00,1.0,-1,-1,-1
545,5,0.00,0.00,0.00,0.00,1.0,-1,-1,-1
546,0,288.00,497.00,116.00,237.00,1.0,-1,-1,-1
546,1,431.00,510.00,61.00,84.00,1.0,-1,-1,-1
546,2,0.00,0.00,0.00,0.00,1.0,-1,-1,-1
546,3,0.00,0.00,0.00,0.00,1.0,-1,-1,-1
546,4,1902.00,691.00,18.00,43.00,1.0,-1,-1,-1
546,5,0.00,0.00,0.00,0.00,1.0,-1,-1,-1
547,0,288.00,497.00,112.00,237.00,1.0,-1,-1,-1
547,1,431.00,509.00,61.00,85.00,1.0,-1,-1,-1
547,2,0.00,0.00,0.00,0.00,1.0,-1,-1,-1
547,3,0.00,0.00,0.00,0.00,1.0,-1,-1,-1
547,4,1901.00,697.00,19.00,37.00,1.0,-1,-1,-1
547,5,0.00,0.00,0.00,0.00,1.0,-1,-1,-1
548,0,289.00,497.00,111.00,237.00,1.0,-1,-1,-1
548,1,431.00,509.00,60.00,84.00,1.0,-1,-1,-1
548,2,0.00,0.00,0.00,0.00,1.0,-1,-1,-1
548,3,0.00,0.00,0.00,0.00,1.0,-1,-1,-1
548,4,1902.00,702.00,18.00,32.00,1.0,-1,-1,-1
548,5,0.00,0.00,0.00,0.00,1.0,-1,-1,-1
549,0,289.00,497.00,111.00,237.00,1.0,-1,-1,-1
549,1,431.00,509.00,61.00,85.00,1.0,-1,-1,-1
549,2,0.00,0.00,0.00,0.00,1.0,-1,-1,-1
549,3,0.00,0.00,0.00,0.00,1.0,-1,-1,-1
549,4,1903.00,710.00,17.00,24.00,1.0,-1,-1,-1
549,5,0.00,0.00,0.00,0.00,1.0,-1,-1,-1
550,0,289.00,498.00,111.00,236.00,1.0,-1,-1,-1
550,1,430.00,509.00,62.00,88.00,1.0,-1,-1,-1
550,2,0.00,0.00,0.00,0.00,1.0,-1,-1,-1
550,3,0.00,0.00,0.00,0.00,1.0,-1,-1,-1
550,4,1905.00,716.00,15.00,18.00,1.0,-1,-1,-1
550,5,0.00,0.00,0.00,0.00,1.0,-1,-1,-1
551,0,289.00,498.00,112.00,236.00,1.0,-1,-1,-1
551,1,430.00,508.00,62.00,89.00,1.0,-1,-1,-1
551,2,0.00,0.00,0.00,0.00,1.0,-1,-1,-1
551,3,0.00,0.00,0.00,0.00,1.0,-1,-1,-1
551,4,1906.00,720.00,14.00,14.00,1.0,-1,-1,-1
551,5,0.00,0.00,0.00,0.00,1.0,-1,-1,-1
552,0,289.00,498.00,113.00,236.00,1.0,-1,-1,-1
552,1,430.00,508.00,61.00,89.00,1.0,-1,-1,-1
552,2,0.00,0.00,0.00,0.00,1.0,-1,-1,-1
552,3,0.00,0.00,0.00,0.00,1.0,-1,-1,-1
552,4,1906.00,722.00,14.00,12.00,1.0,-1,-1,-1
552,5,0.00,0.00,0.00,0.00,1.0,-1,-1,-1
553,0,289.00,498.00,113.00,236.00,1.0,-1,-1,-1
553,1,430.00,508.00,61.00,88.00,1.0,-1,-1,-1
553,2,0.00,0.00,0.00,0.00,1.0,-1,-1,-1
553,3,0.00,0.00,0.00,0.00,1.0,-1,-1,-1
553,4,0.00,0.00,0.00,0.00,1.0,-1,-1,-1
553,5,0.00,0.00,0.00,0.00,1.0,-1,-1,-1
554,0,289.00,498.00,115.00,236.00,1.0,-1,-1,-1
554,1,430.00,508.00,61.00,88.00,1.0,-1,-1,-1
554,2,0.00,0.00,0.00,0.00,1.0,-1,-1,-1
554,3,0.00,0.00,0.00,0.00,1.0,-1,-1,-1
554,4,0.00,0.00,0.00,0.00,1.0,-1,-1,-1
554,5,0.00,0.00,0.00,0.00,1.0,-1,-1,-1
555,0,289.00,498.00,115.00,236.00,1.0,-1,-1,-1
555,1,430.00,508.00,61.00,88.00,1.0,-1,-1,-1
555,2,0.00,0.00,0.00,0.00,1.0,-1,-1,-1
555,3,0.00,0.00,0.00,0.00,1.0,-1,-1,-1
555,4,0.00,0.00,0.00,0.00,1.0,-1,-1,-1
555,5,0.00,0.00,0.00,0.00,1.0,-1,-1,-1
556,0,288.00,498.00,116.00,236.00,1.0,-1,-1,-1
556,1,430.00,507.00,61.00,88.00,1.0,-1,-1,-1
556,2,0.00,0.00,0.00,0.00,1.0,-1,-1,-1
556,3,0.00,0.00,0.00,0.00,1.0,-1,-1,-1
556,4,0.00,0.00,0.00,0.00,1.0,-1,-1,-1
556,5,0.00,0.00,0.00,0.00,1.0,-1,-1,-1
557,0,288.00,498.00,116.00,236.00,1.0,-1,-1,-1
557,1,430.00,507.00,60.00,89.00,1.0,-1,-1,-1
557,2,0.00,0.00,0.00,0.00,1.0,-1,-1,-1
557,3,0.00,0.00,0.00,0.00,1.0,-1,-1,-1
557,4,0.00,0.00,0.00,0.00,1.0,-1,-1,-1
557,5,0.00,0.00,0.00,0.00,1.0,-1,-1,-1
558,0,289.00,498.00,115.00,236.00,1.0,-1,-1,-1
558,1,430.00,507.00,60.00,89.00,1.0,-1,-1,-1
558,2,0.00,0.00,0.00,0.00,1.0,-1,-1,-1
558,3,0.00,0.00,0.00,0.00,1.0,-1,-1,-1
558,4,0.00,0.00,0.00,0.00,1.0,-1,-1,-1
558,5,0.00,0.00,0.00,0.00,1.0,-1,-1,-1
559,0,289.00,498.00,115.00,236.00,1.0,-1,-1,-1
559,1,430.00,507.00,60.00,89.00,1.0,-1,-1,-1
559,2,0.00,0.00,0.00,0.00,1.0,-1,-1,-1
559,3,0.00,0.00,0.00,0.00,1.0,-1,-1,-1
559,4,0.00,0.00,0.00,0.00,1.0,-1,-1,-1
559,5,0.00,0.00,0.00,0.00,1.0,-1,-1,-1
560,0,289.00,498.00,114.00,236.00,1.0,-1,-1,-1
560,1,431.00,506.00,59.00,89.00,1.0,-1,-1,-1
560,2,0.00,0.00,0.00,0.00,1.0,-1,-1,-1
560,3,0.00,0.00,0.00,0.00,1.0,-1,-1,-1
560,4,0.00,0.00,0.00,0.00,1.0,-1,-1,-1
560,5,0.00,0.00,0.00,0.00,1.0,-1,-1,-1
561,0,289.00,498.00,113.00,236.00,1.0,-1,-1,-1
561,1,431.00,506.00,58.00,88.00,1.0,-1,-1,-1
561,2,0.00,0.00,0.00,0.00,1.0,-1,-1,-1
561,3,0.00,0.00,0.00,0.00,1.0,-1,-1,-1
561,4,0.00,0.00,0.00,0.00,1.0,-1,-1,-1
561,5,0.00,0.00,0.00,0.00,1.0,-1,-1,-1
562,0,288.00,498.00,112.00,236.00,1.0,-1,-1,-1
562,1,431.00,505.00,58.00,89.00,1.0,-1,-1,-1
562,2,0.00,0.00,0.00,0.00,1.0,-1,-1,-1
562,3,0.00,0.00,0.00,0.00,1.0,-1,-1,-1
562,4,0.00,0.00,0.00,0.00,1.0,-1,-1,-1
562,5,0.00,0.00,0.00,0.00,1.0,-1,-1,-1
563,0,287.00,498.00,111.00,236.00,1.0,-1,-1,-1
563,1,431.00,505.00,58.00,89.00,1.0,-1,-1,-1
563,2,0.00,0.00,0.00,0.00,1.0,-1,-1,-1
563,3,0.00,0.00,0.00,0.00,1.0,-1,-1,-1
563,4,0.00,0.00,0.00,0.00,1.0,-1,-1,-1
563,5,0.00,0.00,0.00,0.00,1.0,-1,-1,-1
564,0,285.00,498.00,110.00,236.00,1.0,-1,-1,-1
564,1,431.00,505.00,58.00,89.00,1.0,-1,-1,-1
564,2,0.00,0.00,0.00,0.00,1.0,-1,-1,-1
564,3,0.00,0.00,0.00,0.00,1.0,-1,-1,-1
564,4,0.00,0.00,0.00,0.00,1.0,-1,-1,-1
564,5,0.00,0.00,0.00,0.00,1.0,-1,-1,-1
565,0,281.00,497.00,112.00,237.00,1.0,-1,-1,-1
565,1,431.00,505.00,58.00,87.00,1.0,-1,-1,-1
565,2,0.00,0.00,0.00,0.00,1.0,-1,-1,-1
565,3,0.00,0.00,0.00,0.00,1.0,-1,-1,-1
565,4,0.00,0.00,0.00,0.00,1.0,-1,-1,-1
565,5,0.00,0.00,0.00,0.00,1.0,-1,-1,-1
566,0,279.00,497.00,114.00,237.00,1.0,-1,-1,-1
566,1,432.00,504.00,57.00,89.00,1.0,-1,-1,-1
566,2,0.00,0.00,0.00,0.00,1.0,-1,-1,-1
566,3,0.00,0.00,0.00,0.00,1.0,-1,-1,-1
566,4,0.00,0.00,0.00,0.00,1.0,-1,-1,-1
566,5,0.00,0.00,0.00,0.00,1.0,-1,-1,-1
567,0,274.00,497.00,117.00,237.00,1.0,-1,-1,-1
567,1,432.00,504.00,57.00,89.00,1.0,-1,-1,-1
567,2,0.00,0.00,0.00,0.00,1.0,-1,-1,-1
567,3,0.00,0.00,0.00,0.00,1.0,-1,-1,-1
567,4,0.00,0.00,0.00,0.00,1.0,-1,-1,-1
567,5,0.00,0.00,0.00,0.00,1.0,-1,-1,-1
568,0,270.00,497.00,120.00,237.00,1.0,-1,-1,-1
568,1,432.00,504.00,57.00,89.00,1.0,-1,-1,-1
568,2,0.00,0.00,0.00,0.00,1.0,-1,-1,-1
568,3,0.00,0.00,0.00,0.00,1.0,-1,-1,-1
568,4,0.00,0.00,0.00,0.00,1.0,-1,-1,-1
568,5,0.00,0.00,0.00,0.00,1.0,-1,-1,-1
569,0,267.00,496.00,121.00,238.00,1.0,-1,-1,-1
569,1,432.00,504.00,57.00,88.00,1.0,-1,-1,-1
569,2,0.00,0.00,0.00,0.00,1.0,-1,-1,-1
569,3,0.00,0.00,0.00,0.00,1.0,-1,-1,-1
569,4,0.00,0.00,0.00,0.00,1.0,-1,-1,-1
569,5,0.00,0.00,0.00,0.00,1.0,-1,-1,-1
570,0,264.00,496.00,124.00,238.00,1.0,-1,-1,-1
570,1,432.00,504.00,57.00,88.00,1.0,-1,-1,-1
570,2,0.00,0.00,0.00,0.00,1.0,-1,-1,-1
570,3,0.00,0.00,0.00,0.00,1.0,-1,-1,-1
570,4,0.00,0.00,0.00,0.00,1.0,-1,-1,-1
570,5,0.00,0.00,0.00,0.00,1.0,-1,-1,-1
571,0,260.00,496.00,128.00,238.00,1.0,-1,-1,-1
571,1,433.00,504.00,56.00,88.00,1.0,-1,-1,-1
571,2,0.00,0.00,0.00,0.00,1.0,-1,-1,-1
571,3,0.00,0.00,0.00,0.00,1.0,-1,-1,-1
571,4,0.00,0.00,0.00,0.00,1.0,-1,-1,-1
571,5,0.00,0.00,0.00,0.00,1.0,-1,-1,-1
572,0,258.00,496.00,130.00,238.00,1.0,-1,-1,-1
572,1,432.00,504.00,57.00,88.00,1.0,-1,-1,-1
572,2,0.00,0.00,0.00,0.00,1.0,-1,-1,-1
572,3,0.00,0.00,0.00,0.00,1.0,-1,-1,-1
572,4,0.00,0.00,0.00,0.00,1.0,-1,-1,-1
572,5,0.00,0.00,0.00,0.00,1.0,-1,-1,-1
573,0,257.00,496.00,131.00,238.00,1.0,-1,-1,-1
573,1,433.00,504.00,57.00,91.00,1.0,-1,-1,-1
573,2,0.00,0.00,0.00,0.00,1.0,-1,-1,-1
573,3,0.00,0.00,0.00,0.00,1.0,-1,-1,-1
573,4,0.00,0.00,0.00,0.00,1.0,-1,-1,-1
573,5,0.00,0.00,0.00,0.00,1.0,-1,-1,-1
574,0,254.00,496.00,135.00,238.00,1.0,-1,-1,-1
574,1,433.00,504.00,57.00,92.00,1.0,-1,-1,-1
574,2,0.00,0.00,0.00,0.00,1.0,-1,-1,-1
574,3,0.00,0.00,0.00,0.00,1.0,-1,-1,-1
574,4,0.00,0.00,0.00,0.00,1.0,-1,-1,-1
574,5,0.00,0.00,0.00,0.00,1.0,-1,-1,-1
575,0,252.00,496.00,136.00,238.00,1.0,-1,-1,-1
575,1,433.00,504.00,55.00,91.00,1.0,-1,-1,-1
575,2,0.00,0.00,0.00,0.00,1.0,-1,-1,-1
575,3,0.00,0.00,0.00,0.00,1.0,-1,-1,-1
575,4,0.00,0.00,0.00,0.00,1.0,-1,-1,-1
575,5,0.00,0.00,0.00,0.00,1.0,-1,-1,-1
576,0,251.00,497.00,138.00,237.00,1.0,-1,-1,-1
576,1,432.00,505.00,56.00,90.00,1.0,-1,-1,-1
576,2,0.00,0.00,0.00,0.00,1.0,-1,-1,-1
576,3,0.00,0.00,0.00,0.00,1.0,-1,-1,-1
576,4,0.00,0.00,0.00,0.00,1.0,-1,-1,-1
576,5,0.00,0.00,0.00,0.00,1.0,-1,-1,-1
577,0,250.00,497.00,139.00,237.00,1.0,-1,-1,-1
577,1,432.00,506.00,55.00,87.00,1.0,-1,-1,-1
577,2,0.00,0.00,0.00,0.00,1.0,-1,-1,-1
577,3,0.00,0.00,0.00,0.00,1.0,-1,-1,-1
577,4,0.00,0.00,0.00,0.00,1.0,-1,-1,-1
577,5,0.00,0.00,0.00,0.00,1.0,-1,-1,-1
577,6,1524.00,534.00,93.00,200.00,1.0,-1,-1,-1
578,0,248.00,497.00,140.00,237.00,1.0,-1,-1,-1
578,1,428.00,507.00,58.00,86.00,1.0,-1,-1,-1
578,2,0.00,0.00,0.00,0.00,1.0,-1,-1,-1
578,3,0.00,0.00,0.00,0.00,1.0,-1,-1,-1
578,4,0.00,0.00,0.00,0.00,1.0,-1,-1,-1
578,5,0.00,0.00,0.00,0.00,1.0,-1,-1,-1
578,6,1533.00,537.00,90.00,197.00,1.0,-1,-1,-1
579,0,247.00,497.00,141.00,237.00,1.0,-1,-1,-1
579,1,430.00,508.00,55.00,83.00,1.0,-1,-1,-1
579,2,0.00,0.00,0.00,0.00,1.0,-1,-1,-1
579,3,0.00,0.00,0.00,0.00,1.0,-1,-1,-1
579,4,0.00,0.00,0.00,0.00,1.0,-1,-1,-1
579,5,0.00,0.00,0.00,0.00,1.0,-1,-1,-1
579,6,1541.00,541.00,98.00,193.00,1.0,-1,-1,-1
580,0,246.00,497.00,142.00,237.00,1.0,-1,-1,-1
580,1,401.00,509.00,82.00,84.00,1.0,-1,-1,-1
580,2,0.00,0.00,0.00,0.00,1.0,-1,-1,-1
580,3,0.00,0.00,0.00,0.00,1.0,-1,-1,-1
580,4,0.00,0.00,0.00,0.00,1.0,-1,-1,-1
580,5,0.00,0.00,0.00,0.00,1.0,-1,-1,-1
580,6,1548.00,544.00,108.00,190.00,1.0,-1,-1,-1
581,0,244.00,498.00,144.00,236.00,1.0,-1,-1,-1
581,1,394.00,510.00,86.00,79.00,1.0,-1,-1,-1
581,2,0.00,0.00,0.00,0.00,1.0,-1,-1,-1
581,3,0.00,0.00,0.00,0.00,1.0,-1,-1,-1
581,4,0.00,0.00,0.00,0.00,1.0,-1,-1,-1
581,5,0.00,0.00,0.00,0.00,1.0,-1,-1,-1
581,6,1549.00,546.00,120.00,188.00,1.0,-1,-1,-1
582,0,243.00,498.00,145.00,236.00,1.0,-1,-1,-1
582,1,391.00,511.00,88.00,79.00,1.0,-1,-1,-1
582,2,0.00,0.00,0.00,0.00,1.0,-1,-1,-1
582,3,0.00,0.00,0.00,0.00,1.0,-1,-1,-1
582,4,0.00,0.00,0.00,0.00,1.0,-1,-1,-1
582,5,0.00,0.00,0.00,0.00,1.0,-1,-1,-1
582,6,1552.00,552.00,146.00,182.00,1.0,-1,-1,-1
583,0,243.00,498.00,145.00,236.00,1.0,-1,-1,-1
583,1,391.00,513.00,87.00,82.00,1.0,-1,-1,-1
583,2,0.00,0.00,0.00,0.00,1.0,-1,-1,-1
583,3,0.00,0.00,0.00,0.00,1.0,-1,-1,-1
583,4,0.00,0.00,0.00,0.00,1.0,-1,-1,-1
583,5,0.00,0.00,0.00,0.00,1.0,-1,-1,-1
583,6,1578.00,557.00,131.00,177.00,1.0,-1,-1,-1
584,0,242.00,498.00,148.00,236.00,1.0,-1,-1,-1
584,1,390.00,514.00,87.00,90.00,1.0,-1,-1,-1
584,2,0.00,0.00,0.00,0.00,1.0,-1,-1,-1
584,3,0.00,0.00,0.00,0.00,1.0,-1,-1,-1
584,4,0.00,0.00,0.00,0.00,1.0,-1,-1,-1
584,5,0.00,0.00,0.00,0.00,1.0,-1,-1,-1
584,6,1586.00,561.00,144.00,173.00,1.0,-1,-1,-1
585,0,242.00,499.00,148.00,235.00,1.0,-1,-1,-1
585,1,390.00,515.00,86.00,89.00,1.0,-1,-1,-1
585,2,0.00,0.00,0.00,0.00,1.0,-1,-1,-1
585,3,0.00,0.00,0.00,0.00,1.0,-1,-1,-1
585,4,0.00,0.00,0.00,0.00,1.0,-1,-1,-1
585,5,0.00,0.00,0.00,0.00,1.0,-1,-1,-1
585,6,1564.00,565.00,175.00,169.00,1.0,-1,-1,-1
586,0,239.00,499.00,150.00,235.00,1.0,-1,-1,-1
586,1,388.00,517.00,85.00,91.00,1.0,-1,-1,-1
586,2,0.00,0.00,0.00,0.00,1.0,-1,-1,-1
586,3,0.00,0.00,0.00,0.00,1.0,-1,-1,-1
586,4,0.00,0.00,0.00,0.00,1.0,-1,-1,-1
586,5,0.00,0.00,0.00,0.00,1.0,-1,-1,-1
586,6,1607.00,569.00,134.00,165.00,1.0,-1,-1,-1
587,0,241.00,499.00,149.00,235.00,1.0,-1,-1,-1
587,1,387.00,519.00,86.00,89.00,1.0,-1,-1,-1
587,2,0.00,0.00,0.00,0.00,1.0,-1,-1,-1
587,3,0.00,0.00,0.00,0.00,1.0,-1,-1,-1
587,4,0.00,0.00,0.00,0.00,1.0,-1,-1,-1
587,5,0.00,0.00,0.00,0.00,1.0,-1,-1,-1
587,6,1567.00,573.00,178.00,161.00,1.0,-1,-1,-1
588,0,242.00,499.00,147.00,235.00,1.0,-1,-1,-1
588,1,387.00,520.00,85.00,89.00,1.0,-1,-1,-1
588,2,0.00,0.00,0.00,0.00,1.0,-1,-1,-1
588,3,0.00,0.00,0.00,0.00,1.0,-1,-1,-1
588,4,0.00,0.00,0.00,0.00,1.0,-1,-1,-1
588,5,0.00,0.00,0.00,0.00,1.0,-1,-1,-1
588,6,1582.00,573.00,166.00,161.00,1.0,-1,-1,-1
589,0,242.00,499.00,145.00,235.00,1.0,-1,-1,-1
589,1,386.00,522.00,84.00,89.00,1.0,-1,-1,-1
589,2,0.00,0.00,0.00,0.00,1.0,-1,-1,-1
589,3,0.00,0.00,0.00,0.00,1.0,-1,-1,-1
589,4,0.00,0.00,0.00,0.00,1.0,-1,-1,-1
589,5,0.00,0.00,0.00,0.00,1.0,-1,-1,-1
589,6,1599.00,575.00,146.00,159.00,1.0,-1,-1,-1
590,0,240.00,499.00,146.00,235.00,1.0,-1,-1,-1
590,1,385.00,524.00,85.00,91.00,1.0,-1,-1,-1
590,2,0.00,0.00,0.00,0.00,1.0,-1,-1,-1
590,3,0.00,0.00,0.00,0.00,1.0,-1,-1,-1
590,4,0.00,0.00,0.00,0.00,1.0,-1,-1,-1
590,5,0.00,0.00,0.00,0.00,1.0,-1,-1,-1
590,6,1616.00,577.00,134.00,157.00,1.0,-1,-1,-1
591,0,239.00,500.00,147.00,234.00,1.0,-1,-1,-1
591,1,383.00,526.00,86.00,92.00,1.0,-1,-1,-1
591,2,0.00,0.00,0.00,0.00,1.0,-1,-1,-1
591,3,0.00,0.00,0.00,0.00,1.0,-1,-1,-1
591,4,0.00,0.00,0.00,0.00,1.0,-1,-1,-1
591,5,0.00,0.00,0.00,0.00,1.0,-1,-1,-1
591,6,1654.00,580.00,105.00,154.00,1.0,-1,-1,-1
592,0,236.00,500.00,150.00,234.00,1.0,-1,-1,-1
592,1,382.00,527.00,86.00,92.00,1.0,-1,-1,-1
592,2,0.00,0.00,0.00,0.00,1.0,-1,-1,-1
592,3,0.00,0.00,0.00,0.00,1.0,-1,-1,-1
592,4,0.00,0.00,0.00,0.00,1.0,-1,-1,-1
592,5,0.00,0.00,0.00,0.00,1.0,-1,-1,-1
592,6,1662.00,583.00,106.00,151.00,1.0,-1,-1,-1
593,0,236.00,499.00,149.00,235.00,1.0,-1,-1,-1
593,1,382.00,529.00,85.00,91.00,1.0,-1,-1,-1
593,2,1897.00,663.00,23.00,71.00,1.0,-1,-1,-1
593,3,0.00,0.00,0.00,0.00,1.0,-1,-1,-1
593,4,0.00,0.00,0.00,0.00,1.0,-1,-1,-1
593,5,1897.00,672.00,23.00,62.00,1.0,-1,-1,-1
593,6,1671.00,585.00,107.00,149.00,1.0,-1,-1,-1
594,0,235.00,499.00,149.00,235.00,1.0,-1,-1,-1
594,1,379.00,530.00,87.00,90.00,1.0,-1,-1,-1
594,2,0.00,0.00,0.00,0.00,1.0,-1,-1,-1
594,3,0.00,0.00,0.00,0.00,1.0,-1,-1,-1
594,4,0.00,0.00,0.00,0.00,1.0,-1,-1,-1
594,5,0.00,0.00,0.00,0.00,1.0,-1,-1,-1
594,6,1679.00,588.00,110.00,146.00,1.0,-1,-1,-1
595,0,234.00,499.00,149.00,235.00,1.0,-1,-1,-1
595,1,378.00,530.00,87.00,93.00,1.0,-1,-1,-1
595,2,0.00,0.00,0.00,0.00,1.0,-1,-1,-1
595,3,0.00,0.00,0.00,0.00,1.0,-1,-1,-1
595,4,0.00,0.00,0.00,0.00,1.0,-1,-1,-1
595,5,0.00,0.00,0.00,0.00,1.0,-1,-1,-1
595,6,1688.00,591.00,109.00,143.00,1.0,-1,-1,-1
596,0,235.00,499.00,149.00,235.00,1.0,-1,-1,-1
596,1,378.00,531.00,86.00,91.00,1.0,-1,-1,-1
596,2,0.00,0.00,0.00,0.00,1.0,-1,-1,-1
596,3,0.00,0.00,0.00,0.00,1.0,-1,-1,-1
596,4,0.00,0.00,0.00,0.00,1.0,-1,-1,-1
596,5,0.00,0.00,0.00,0.00,1.0,-1,-1,-1
596,6,1698.00,596.00,106.00,138.00,1.0,-1,-1,-1
597,0,237.00,498.00,147.00,236.00,1.0,-1,-1,-1
597,1,377.00,531.00,87.00,96.00,1.0,-1,-1,-1
597,2,0.00,0.00,0.00,0.00,1.0,-1,-1,-1
597,3,0.00,0.00,0.00,0.00,1.0,-1,-1,-1
597,4,0.00,0.00,0.00,0.00,1.0,-1,-1,-1
597,5,0.00,0.00,0.00,0.00,1.0,-1,-1,-1
597,6,1707.00,599.00,106.00,135.00,1.0,-1,-1,-1
598,0,238.00,499.00,146.00,235.00,1.0,-1,-1,-1
598,1,376.00,531.00,88.00,96.00,1.0,-1,-1,-1
598,2,0.00,0.00,0.00,0.00,1.0,-1,-1,-1
598,3,0.00,0.00,0.00,0.00,1.0,-1,-1,-1
598,4,0.00,0.00,0.00,0.00,1.0,-1,-1,-1
598,5,0.00,0.00,0.00,0.00,1.0,-1,-1,-1
598,6,1720.00,603.00,114.00,131.00,1.0,-1,-1,-1
599,0,243.00,498.00,140.00,236.00,1.0,-1,-1,-1
599,1,377.00,531.00,87.00,100.00,1.0,-1,-1,-1
599,2,0.00,0.00,0.00,0.00,1.0,-1,-1,-1
599,3,0.00,0.00,0.00,0.00,1.0,-1,-1,-1
599,4,0.00,0.00,0.00,0.00,1.0,-1,-1,-1
599,5,0.00,0.00,0.00,0.00,1.0,-1,-1,-1
599,6,1731.00,605.00,112.00,129.00,1.0,-1,-1,-1
600,0,243.00,498.00,140.00,236.00,1.0,-1,-1,-1
600,1,378.00,531.00,86.00,100.00,1.0,-1,-1,-1
600,2,0.00,0.00,0.00,0.00,1.0,-1,-1,-1
600,3,0.00,0.00,0.00,0.00,1.0,-1,-1,-1
600,4,0.00,0.00,0.00,0.00,1.0,-1,-1,-1
600,5,0.00,0.00,0.00,0.00,1.0,-1,-1,-1
600,6,1745.00,608.00,111.00,126.00,1.0,-1,-1,-1
601,0,243.00,498.00,139.00,236.00,1.0,-1,-1,-1
601,1,378.00,531.00,87.00,100.00,1.0,-1,-1,-1
601,2,0.00,0.00,0.00,0.00,1.0,-1,-1,-1
601,3,0.00,0.00,0.00,0.00,1.0,-1,-1,-1
601,4,0.00,0.00,0.00,0.00,1.0,-1,-1,-1
601,5,0.00,0.00,0.00,0.00,1.0,-1,-1,-1
601,6,1743.00,608.00,125.00,126.00,1.0,-1,-1,-1
602,0,243.00,497.00,139.00,237.00,1.0,-1,-1,-1
602,1,377.00,531.00,88.00,100.00,1.0,-1,-1,-1
602,2,0.00,0.00,0.00,0.00,1.0,-1,-1,-1
602,3,0.00,0.00,0.00,0.00,1.0,-1,-1,-1
602,4,0.00,0.00,0.00,0.00,1.0,-1,-1,-1
602,5,0.00,0.00,0.00,0.00,1.0,-1,-1,-1
602,6,1757.00,610.00,121.00,124.00,1.0,-1,-1,-1
603,0,242.00,496.00,140.00,238.00,1.0,-1,-1,-1
603,1,378.00,531.00,87.00,100.00,1.0,-1,-1,-1
603,2,0.00,0.00,0.00,0.00,1.0,-1,-1,-1
603,3,0.00,0.00,0.00,0.00,1.0,-1,-1,-1
603,4,0.00,0.00,0.00,0.00,1.0,-1,-1,-1
603,5,0.00,0.00,0.00,0.00,1.0,-1,-1,-1
603,6,1770.00,610.00,120.00,124.00,1.0,-1,-1,-1
604,0,242.00,496.00,140.00,238.00,1.0,-1,-1,-1
604,1,377.00,531.00,88.00,100.00,1.0,-1,-1,-1
604,2,0.00,0.00,0.00,0.00,1.0,-1,-1,-1
604,3,0.00,0.00,0.00,0.00,1.0,-1,-1,-1
604,4,0.00,0.00,0.00,0.00,1.0,-1,-1,-1
604,5,0.00,0.00,0.00,0.00,1.0,-1,-1,-1
604,6,1790.00,611.00,113.00,123.00,1.0,-1,-1,-1
605,0,241.00,495.00,141.00,239.00,1.0,-1,-1,-1
605,1,377.00,531.00,87.00,99.00,1.0,-1,-1,-1
605,2,0.00,0.00,0.00,0.00,1.0,-1,-1,-1
605,3,0.00,0.00,0.00,0.00,1.0,-1,-1,-1
605,4,0.00,0.00,0.00,0.00,1.0,-1,-1,-1
605,5,0.00,0.00,0.00,0.00,1.0,-1,-1,-1
605,6,1803.00,612.00,109.00,122.00,1.0,-1,-1,-1
606,0,242.00,494.00,140.00,240.00,1.0,-1,-1,-1
606,1,377.00,530.00,87.00,100.00,1.0,-1,-1,-1
606,2,0.00,0.00,0.00,0.00,1.0,-1,-1,-1
606,3,0.00,0.00,0.00,0.00,1.0,-1,-1,-1
606,4,0.00,0.00,0.00,0.00,1.0,-1,-1,-1
606,5,0.00,0.00,0.00,0.00,1.0,-1,-1,-1
606,6,1812.00,614.00,108.00,120.00,1.0,-1,-1,-1
607,0,243.00,493.00,140.00,241.00,1.0,-1,-1,-1
607,1,377.00,529.00,87.00,101.00,1.0,-1,-1,-1
607,2,0.00,0.00,0.00,0.00,1.0,-1,-1,-1
607,3,0.00,0.00,0.00,0.00,1.0,-1,-1,-1
607,4,0.00,0.00,0.00,0.00,1.0,-1,-1,-1
607,5,0.00,0.00,0.00,0.00,1.0,-1,-1,-1
607,6,1820.00,616.00,100.00,118.00,1.0,-1,-1,-1
608,0,246.00,492.00,138.00,242.00,1.0,-1,-1,-1
608,1,377.00,529.00,87.00,101.00,1.0,-1,-1,-1
608,2,0.00,0.00,0.00,0.00,1.0,-1,-1,-1
608,3,0.00,0.00,0.00,0.00,1.0,-1,-1,-1
608,4,0.00,0.00,0.00,0.00,1.0,-1,-1,-1
608,5,0.00,0.00,0.00,0.00,1.0,-1,-1,-1
608,6,1831.00,621.00,89.00,113.00,1.0,-1,-1,-1
609,0,251.00,492.00,133.00,242.00,1.0,-1,-1,-1
609,1,377.00,528.00,87.00,102.00,1.0,-1,-1,-1
609,2,0.00,0.00,0.00,0.00,1.0,-1,-1,-1
609,3,0.00,0.00,0.00,0.00,1.0,-1,-1,-1
609,4,0.00,0.00,0.00,0.00,1.0,-1,-1,-1
609,5,0.00,0.00,0.00,0.00,1.0,-1,-1,-1
609,6,1841.00,625.00,79.00,109.00,1.0,-1,-1,-1
610,0,255.00,492.00,130.00,242.00,1.0,-1,-1,-1
610,1,378.00,529.00,86.00,101.00,1.0,-1,-1,-1
610,2,0.00,0.00,0.00,0.00,1.0,-1,-1,-1
610,3,0.00,0.00,0.00,0.00,1.0,-1,-1,-1
610,4,1851.00,649.00,69.00,85.00,1.0,-1,-1,-1
610,5,0.00,0.00,0.00,0.00,1.0,-1,-1,-1
610,6,1851.00,639.00,69.00,95.00,1.0,-1,-1,-1
611,0,255.00,491.00,130.00,243.00,1.0,-1,-1,-1
611,1,377.00,528.00,86.00,102.00,1.0,-1,-1,-1
611,2,0.00,0.00,0.00,0.00,1.0,-1,-1,-1
611,3,0.00,0.00,0.00,0.00,1.0,-1,-1,-1
611,4,1862.00,665.00,58.00,69.00,1.0,-1,-1,-1
611,5,0.00,0.00,0.00,0.00,1.0,-1,-1,-1
611,6,1863.00,664.00,57.00,70.00,1.0,-1,-1,-1
612,0,256.00,491.00,128.00,243.00,1.0,-1,-1,-1
612,1,376.00,528.00,87.00,102.00,1.0,-1,-1,-1
612,2,0.00,0.00,0.00,0.00,1.0,-1,-1,-1
612,3,0.00,0.00,0.00,0.00,1.0,-1,-1,-1
612,4,1872.00,670.00,48.00,64.00,1.0,-1,-1,-1
612,5,0.00,0.00,0.00,0.00,1.0,-1,-1,-1
612,6,1873.00,670.00,47.00,64.00,1.0,-1,-1,-1
613,0,256.00,491.00,128.00,243.00,1.0,-1,-1,-1
613,1,377.00,528.00,86.00,102.00,1.0,-1,-1,-1
613,2,0.00,0.00,0.00,0.00,1.0,-1,-1,-1
613,3,0.00,0.00,0.00,0.00,1.0,-1,-1,-1
613,4,1885.00,681.00,35.00,53.00,1.0,-1,-1,-1
613,5,0.00,0.00,0.00,0.00,1.0,-1,-1,-1
613,6,1885.00,681.00,35.00,53.00,1.0,-1,-1,-1
614,0,256.00,490.00,128.00,244.00,1.0,-1,-1,-1
614,1,376.00,527.00,88.00,102.00,1.0,-1,-1,-1
614,2,0.00,0.00,0.00,0.00,1.0,-1,-1,-1
614,3,0.00,0.00,0.00,0.00,1.0,-1,-1,-1
614,4,1900.00,697.00,20.00,37.00,1.0,-1,-1,-1
614,5,0.00,0.00,0.00,0.00,1.0,-1,-1,-1
614,6,1900.00,695.00,20.00,39.00,1.0,-1,-1,-1
615,0,259.00,490.00,127.00,244.00,1.0,-1,-1,-1
615,1,376.00,527.00,88.00,103.00,1.0,-1,-1,-1
615,2,0.00,0.00,0.00,0.00,1.0,-1,-1,-1
615,3,0.00,0.00,0.00,0.00,1.0,-1,-1,-1
615,4,1912.00,723.00,8.00,11.00,1.0,-1,-1,-1
615,5,0.00,0.00,0.00,0.00,1.0,-1,-1,-1
615,6,1913.00,723.00,7.00,11.00,1.0,-1,-1,-1
616,0,262.00,490.00,124.00,244.00,1.0,-1,-1,-1
616,1,376.00,527.00,88.00,103.00,1.0,-1,-1,-1
616,2,0.00,0.00,0.00,0.00,1.0,-1,-1,-1
616,3,0.00,0.00,0.00,0.00,1.0,-1,-1,-1
616,4,0.00,0.00,0.00,0.00,1.0,-1,-1,-1
616,5,0.00,0.00,0.00,0.00,1.0,-1,-1,-1
616,6,0.00,0.00,0.00,0.00,1.0,-1,-1,-1
617,0,263.00,490.00,123.00,244.00,1.0,-1,-1,-1
617,1,376.00,527.00,88.00,103.00,1.0,-1,-1,-1
617,2,0.00,0.00,0.00,0.00,1.0,-1,-1,-1
617,3,0.00,0.00,0.00,0.00,1.0,-1,-1,-1
617,4,0.00,0.00,0.00,0.00,1.0,-1,-1,-1
617,5,0.00,0.00,0.00,0.00,1.0,-1,-1,-1
617,6,0.00,0.00,0.00,0.00,1.0,-1,-1,-1
618,0,266.00,490.00,121.00,244.00,1.0,-1,-1,-1
618,1,377.00,527.00,87.00,103.00,1.0,-1,-1,-1
618,2,0.00,0.00,0.00,0.00,1.0,-1,-1,-1
618,3,0.00,0.00,0.00,0.00,1.0,-1,-1,-1
618,4,0.00,0.00,0.00,0.00,1.0,-1,-1,-1
618,5,0.00,0.00,0.00,0.00,1.0,-1,-1,-1
618,6,0.00,0.00,0.00,0.00,1.0,-1,-1,-1
619,0,268.00,490.00,119.00,244.00,1.0,-1,-1,-1
619,1,376.00,527.00,88.00,101.00,1.0,-1,-1,-1
619,2,0.00,0.00,0.00,0.00,1.0,-1,-1,-1
619,3,0.00,0.00,0.00,0.00,1.0,-1,-1,-1
619,4,0.00,0.00,0.00,0.00,1.0,-1,-1,-1
619,5,0.00,0.00,0.00,0.00,1.0,-1,-1,-1
619,6,0.00,0.00,0.00,0.00,1.0,-1,-1,-1
620,0,268.00,490.00,119.00,244.00,1.0,-1,-1,-1
620,1,377.00,527.00,87.00,100.00,1.0,-1,-1,-1
620,2,0.00,0.00,0.00,0.00,1.0,-1,-1,-1
620,3,0.00,0.00,0.00,0.00,1.0,-1,-1,-1
620,4,0.00,0.00,0.00,0.00,1.0,-1,-1,-1
620,5,0.00,0.00,0.00,0.00,1.0,-1,-1,-1
620,6,0.00,0.00,0.00,0.00,1.0,-1,-1,-1
621,0,270.00,491.00,116.00,243.00,1.0,-1,-1,-1
621,1,378.00,527.00,86.00,100.00,1.0,-1,-1,-1
621,2,0.00,0.00,0.00,0.00,1.0,-1,-1,-1
621,3,0.00,0.00,0.00,0.00,1.0,-1,-1,-1
621,4,0.00,0.00,0.00,0.00,1.0,-1,-1,-1
621,5,0.00,0.00,0.00,0.00,1.0,-1,-1,-1
621,6,0.00,0.00,0.00,0.00,1.0,-1,-1,-1
622,0,272.00,492.00,115.00,242.00,1.0,-1,-1,-1
622,1,380.00,527.00,85.00,100.00,1.0,-1,-1,-1
622,2,0.00,0.00,0.00,0.00,1.0,-1,-1,-1
622,3,0.00,0.00,0.00,0.00,1.0,-1,-1,-1
622,4,0.00,0.00,0.00,0.00,1.0,-1,-1,-1
622,5,0.00,0.00,0.00,0.00,1.0,-1,-1,-1
622,6,0.00,0.00,0.00,0.00,1.0,-1,-1,-1
623,0,272.00,492.00,115.00,242.00,1.0,-1,-1,-1
623,1,382.00,527.00,82.00,101.00,1.0,-1,-1,-1
623,2,0.00,0.00,0.00,0.00,1.0,-1,-1,-1
623,3,0.00,0.00,0.00,0.00,1.0,-1,-1,-1
623,4,0.00,0.00,0.00,0.00,1.0,-1,-1,-1
623,5,0.00,0.00,0.00,0.00,1.0,-1,-1,-1
623,6,0.00,0.00,0.00,0.00,1.0,-1,-1,-1
624,0,273.00,491.00,114.00,243.00,1.0,-1,-1,-1
624,1,383.00,526.00,81.00,102.00,1.0,-1,-1,-1
624,2,0.00,0.00,0.00,0.00,1.0,-1,-1,-1
624,3,0.00,0.00,0.00,0.00,1.0,-1,-1,-1
624,4,0.00,0.00,0.00,0.00,1.0,-1,-1,-1
624,5,0.00,0.00,0.00,0.00,1.0,-1,-1,-1
624,6,0.00,0.00,0.00,0.00,1.0,-1,-1,-1
625,0,273.00,491.00,112.00,243.00,1.0,-1,-1,-1
625,1,385.00,526.00,79.00,100.00,1.0,-1,-1,-1
625,2,0.00,0.00,0.00,0.00,1.0,-1,-1,-1
625,3,0.00,0.00,0.00,0.00,1.0,-1,-1,-1
625,4,0.00,0.00,0.00,0.00,1.0,-1,-1,-1
625,5,0.00,0.00,0.00,0.00,1.0,-1,-1,-1
625,6,0.00,0.00,0.00,0.00,1.0,-1,-1,-1
626,0,274.00,491.00,112.00,243.00,1.0,-1,-1,-1
626,1,386.00,526.00,77.00,99.00,1.0,-1,-1,-1
626,2,0.00,0.00,0.00,0.00,1.0,-1,-1,-1
626,3,0.00,0.00,0.00,0.00,1.0,-1,-1,-1
626,4,0.00,0.00,0.00,0.00,1.0,-1,-1,-1
626,5,0.00,0.00,0.00,0.00,1.0,-1,-1,-1
626,6,0.00,0.00,0.00,0.00,1.0,-1,-1,-1
627,0,274.00,491.00,114.00,243.00,1.0,-1,-1,-1
627,1,386.00,526.00,77.00,98.00,1.0,-1,-1,-1
627,2,0.00,0.00,0.00,0.00,1.0,-1,-1,-1
627,3,0.00,0.00,0.00,0.00,1.0,-1,-1,-1
627,4,0.00,0.00,0.00,0.00,1.0,-1,-1,-1
627,5,0.00,0.00,0.00,0.00,1.0,-1,-1,-1
627,6,0.00,0.00,0.00,0.00,1.0,-1,-1,-1
628,0,276.00,491.00,113.00,243.00,1.0,-1,-1,-1
628,1,387.00,526.00,76.00,98.00,1.0,-1,-1,-1
628,2,0.00,0.00,0.00,0.00,1.0,-1,-1,-1
628,3,0.00,0.00,0.00,0.00,1.0,-1,-1,-1
628,4,0.00,0.00,0.00,0.00,1.0,-1,-1,-1
628,5,0.00,0.00,0.00,0.00,1.0,-1,-1,-1
628,6,0.00,0.00,0.00,0.00,1.0,-1,-1,-1
629,0,276.00,489.00,113.00,245.00,1.0,-1,-1,-1
629,1,388.00,526.00,74.00,98.00,1.0,-1,-1,-1
629,2,0.00,0.00,0.00,0.00,1.0,-1,-1,-1
629,3,0.00,0.00,0.00,0.00,1.0,-1,-1,-1
629,4,0.00,0.00,0.00,0.00,1.0,-1,-1,-1
629,5,0.00,0.00,0.00,0.00,1.0,-1,-1,-1
629,6,0.00,0.00,0.00,0.00,1.0,-1,-1,-1
630,0,276.00,489.00,113.00,245.00,1.0,-1,-1,-1
630,1,388.00,526.00,74.00,98.00,1.0,-1,-1,-1
630,2,0.00,0.00,0.00,0.00,1.0,-1,-1,-1
630,3,0.00,0.00,0.00,0.00,1.0,-1,-1,-1
630,4,0.00,0.00,0.00,0.00,1.0,-1,-1,-1
630,5,0.00,0.00,0.00,0.00,1.0,-1,-1,-1
630,6,0.00,0.00,0.00,0.00,1.0,-1,-1,-1
630,7,1841.00,571.00,79.00,160.00,1.0,-1,-1,-1
631,0,278.00,489.00,112.00,245.00,1.0,-1,-1,-1
631,1,388.00,525.00,74.00,99.00,1.0,-1,-1,-1
631,2,0.00,0.00,0.00,0.00,1.0,-1,-1,-1
631,3,0.00,0.00,0.00,0.00,1.0,-1,-1,-1
631,4,1851.00,574.00,69.00,160.00,1.0,-1,-1,-1
631,5,0.00,0.00,0.00,0.00,1.0,-1,-1,-1
631,6,0.00,0.00,0.00,0.00,1.0,-1,-1,-1
631,7,1849.00,574.00,71.00,160.00,1.0,-1,-1,-1
632,0,277.00,488.00,115.00,246.00,1.0,-1,-1,-1
632,1,388.00,526.00,73.00,97.00,1.0,-1,-1,-1
632,2,0.00,0.00,0.00,0.00,1.0,-1,-1,-1
632,3,0.00,0.00,0.00,0.00,1.0,-1,-1,-1
632,4,1859.00,583.00,61.00,151.00,1.0,-1,-1,-1
632,5,0.00,0.00,0.00,0.00,1.0,-1,-1,-1
632,6,0.00,0.00,0.00,0.00,1.0,-1,-1,-1
632,7,1858.00,583.00,62.00,151.00,1.0,-1,-1,-1
633,0,279.00,488.00,114.00,246.00,1.0,-1,-1,-1
633,1,387.00,525.00,74.00,101.00,1.0,-1,-1,-1
633,2,0.00,0.00,0.00,0.00,1.0,-1,-1,-1
633,3,0.00,0.00,0.00,0.00,1.0,-1,-1,-1
633,4,1868.00,617.00,52.00,117.00,1.0,-1,-1,-1
633,5,0.00,0.00,0.00,0.00,1.0,-1,-1,-1
633,6,0.00,0.00,0.00,0.00,1.0,-1,-1,-1
633,7,1868.00,617.00,52.00,117.00,1.0,-1,-1,-1
634,0,280.00,488.00,113.00,246.00,1.0,-1,-1,-1
634,1,390.00,526.00,70.00,98.00,1.0,-1,-1,-1
634,2,0.00,0.00,0.00,0.00,1.0,-1,-1,-1
634,3,0.00,0.00,0.00,0.00,1.0,-1,-1,-1
634,4,1880.00,627.00,40.00,107.00,1.0,-1,-1,-1
634,5,0.00,0.00,0.00,0.00,1.0,-1,-1,-1
634,6,1879.00,627.00,41.00,107.00,1.0,-1,-1,-1
634,7,1880.00,628.00,40.00,106.00,1.0,-1,-1,-1
635,0,280.00,488.00,115.00,246.00,1.0,-1,-1,-1
635,1,387.00,525.00,73.00,101.00,1.0,-1,-1,-1
635,2,0.00,0.00,0.00,0.00,1.0,-1,-1,-1
635,3,0.00,0.00,0.00,0.00,1.0,-1,-1,-1
635,4,1892.00,641.00,28.00,93.00,1.0,-1,-1,-1
635,5,0.00,0.00,0.00,0.00,1.0,-1,-1,-1
635,6,1892.00,642.00,28.00,92.00,1.0,-1,-1,-1
635,7,1892.00,642.00,28.00,92.00,1.0,-1,-1,-1
636,0,281.00,489.00,115.00,245.00,1.0,-1,-1,-1
636,1,390.00,526.00,69.00,96.00,1.0,-1,-1,-1
636,2,0.00,0.00,0.00,0.00,1.0,-1,-1,-1
636,3,0.00,0.00,0.00,0.00,1.0,-1,-1,-1
636,4,1904.00,661.00,16.00,73.00,1.0,-1,-1,-1
636,5,0.00,0.00,0.00,0.00,1.0,-1,-1,-1
636,6,1903.00,660.00,17.00,74.00,1.0,-1,-1,-1
636,7,1903.00,660.00,17.00,74.00,1.0,-1,-1,-1
637,0,282.00,489.00,115.00,245.00,1.0,-1,-1,-1
637,1,392.00,525.00,68.00,96.00,1.0,-1,-1,-1
637,2,0.00,0.00,0.00,0.00,1.0,-1,-1,-1
637,3,0.00,0.00,0.00,0.00,1.0,-1,-1,-1
637,4,0.00,0.00,0.00,0.00,1.0,-1,-1,-1
637,5,0.00,0.00,0.00,0.00,1.0,-1,-1,-1
637,6,0.00,0.00,0.00,0.00,1.0,-1,-1,-1
637,7,0.00,0.00,0.00,0.00,1.0,-1,-1,-1
638,0,282.00,489.00,117.00,245.00,1.0,-1,-1,-1
638,1,393.00,524.00,69.00,92.00,1.0,-1,-1,-1
638,2,0.00,0.00,0.00,0.00,1.0,-1,-1,-1
638,3,0.00,0.00,0.00,0.00,1.0,-1,-1,-1
638,4,0.00,0.00,0.00,0.00,1.0,-1,-1,-1
638,5,0.00,0.00,0.00,0.00,1.0,-1,-1,-1
638,6,0.00,0.00,0.00,0.00,1.0,-1,-1,-1
638,7,0.00,0.00,0.00,0.00,1.0,-1,-1,-1
639,0,284.00,489.00,115.00,245.00,1.0,-1,-1,-1
639,1,393.00,524.00,69.00,61.00,1.0,-1,-1,-1
639,2,0.00,0.00,0.00,0.00,1.0,-1,-1,-1
639,3,0.00,0.00,0.00,0.00,1.0,-1,-1,-1
639,4,0.00,0.00,0.00,0.00,1.0,-1,-1,-1
639,5,0.00,0.00,0.00,0.00,1.0,-1,-1,-1
639,6,0.00,0.00,0.00,0.00,1.0,-1,-1,-1
639,7,0.00,0.00,0.00,0.00,1.0,-1,-1,-1
640,0,284.00,489.00,115.00,245.00,1.0,-1,-1,-1
640,1,427.00,525.00,35.00,59.00,1.0,-1,-1,-1
640,2,0.00,0.00,0.00,0.00,1.0,-1,-1,-1
640,3,0.00,0.00,0.00,0.00,1.0,-1,-1,-1
640,4,0.00,0.00,0.00,0.00,1.0,-1,-1,-1
640,5,0.00,0.00,0.00,0.00,1.0,-1,-1,-1
640,6,0.00,0.00,0.00,0.00,1.0,-1,-1,-1
640,7,0.00,0.00,0.00,0.00,1.0,-1,-1,-1
641,0,285.00,489.00,114.00,245.00,1.0,-1,-1,-1
641,1,427.00,525.00,35.00,60.00,1.0,-1,-1,-1
641,2,0.00,0.00,0.00,0.00,1.0,-1,-1,-1
641,3,0.00,0.00,0.00,0.00,1.0,-1,-1,-1
641,4,0.00,0.00,0.00,0.00,1.0,-1,-1,-1
641,5,0.00,0.00,0.00,0.00,1.0,-1,-1,-1
641,6,0.00,0.00,0.00,0.00,1.0,-1,-1,-1
641,7,0.00,0.00,0.00,0.00,1.0,-1,-1,-1
642,0,285.00,489.00,114.00,245.00,1.0,-1,-1,-1
642,1,427.00,526.00,35.00,58.00,1.0,-1,-1,-1
642,2,0.00,0.00,0.00,0.00,1.0,-1,-1,-1
642,3,0.00,0.00,0.00,0.00,1.0,-1,-1,-1
642,4,0.00,0.00,0.00,0.00,1.0,-1,-1,-1
642,5,0.00,0.00,0.00,0.00,1.0,-1,-1,-1
642,6,0.00,0.00,0.00,0.00,1.0,-1,-1,-1
642,7,0.00,0.00,0.00,0.00,1.0,-1,-1,-1
643,0,285.00,489.00,114.00,245.00,1.0,-1,-1,-1
643,1,428.00,526.00,34.00,58.00,1.0,-1,-1,-1
643,2,0.00,0.00,0.00,0.00,1.0,-1,-1,-1
643,3,0.00,0.00,0.00,0.00,1.0,-1,-1,-1
643,4,0.00,0.00,0.00,0.00,1.0,-1,-1,-1
643,5,0.00,0.00,0.00,0.00,1.0,-1,-1,-1
643,6,0.00,0.00,0.00,0.00,1.0,-1,-1,-1
643,7,0.00,0.00,0.00,0.00,1.0,-1,-1,-1
644,0,286.00,489.00,113.00,245.00,1.0,-1,-1,-1
644,1,428.00,526.00,34.00,58.00,1.0,-1,-1,-1
644,2,0.00,0.00,0.00,0.00,1.0,-1,-1,-1
644,3,0.00,0.00,0.00,0.00,1.0,-1,-1,-1
644,4,0.00,0.00,0.00,0.00,1.0,-1,-1,-1
644,5,0.00,0.00,0.00,0.00,1.0,-1,-1,-1
644,6,0.00,0.00,0.00,0.00,1.0,-1,-1,-1
644,7,0.00,0.00,0.00,0.00,1.0,-1,-1,-1
645,0,286.00,489.00,113.00,245.00,1.0,-1,-1,-1
645,1,427.00,527.00,35.00,58.00,1.0,-1,-1,-1
645,2,0.00,0.00,0.00,0.00,1.0,-1,-1,-1
645,3,0.00,0.00,0.00,0.00,1.0,-1,-1,-1
645,4,0.00,0.00,0.00,0.00,1.0,-1,-1,-1
645,5,0.00,0.00,0.00,0.00,1.0,-1,-1,-1
645,6,0.00,0.00,0.00,0.00,1.0,-1,-1,-1
645,7,0.00,0.00,0.00,0.00,1.0,-1,-1,-1
646,0,286.00,489.00,113.00,245.00,1.0,-1,-1,-1
646,1,427.00,527.00,35.00,58.00,1.0,-1,-1,-1
646,2,0.00,0.00,0.00,0.00,1.0,-1,-1,-1
646,3,0.00,0.00,0.00,0.00,1.0,-1,-1,-1
646,4,0.00,0.00,0.00,0.00,1.0,-1,-1,-1
646,5,0.00,0.00,0.00,0.00,1.0,-1,-1,-1
646,6,0.00,0.00,0.00,0.00,1.0,-1,-1,-1
646,7,0.00,0.00,0.00,0.00,1.0,-1,-1,-1
647,0,286.00,489.00,113.00,245.00,1.0,-1,-1,-1
647,1,427.00,527.00,35.00,57.00,1.0,-1,-1,-1
647,2,0.00,0.00,0.00,0.00,1.0,-1,-1,-1
647,3,0.00,0.00,0.00,0.00,1.0,-1,-1,-1
647,4,0.00,0.00,0.00,0.00,1.0,-1,-1,-1
647,5,0.00,0.00,0.00,0.00,1.0,-1,-1,-1
647,6,0.00,0.00,0.00,0.00,1.0,-1,-1,-1
647,7,0.00,0.00,0.00,0.00,1.0,-1,-1,-1
648,0,287.00,489.00,112.00,245.00,1.0,-1,-1,-1
648,1,422.00,527.00,40.00,57.00,1.0,-1,-1,-1
648,2,0.00,0.00,0.00,0.00,1.0,-1,-1,-1
648,3,0.00,0.00,0.00,0.00,1.0,-1,-1,-1
648,4,0.00,0.00,0.00,0.00,1.0,-1,-1,-1
648,5,0.00,0.00,0.00,0.00,1.0,-1,-1,-1
648,6,0.00,0.00,0.00,0.00,1.0,-1,-1,-1
648,7,0.00,0.00,0.00,0.00,1.0,-1,-1,-1
649,0,287.00,488.00,112.00,246.00,1.0,-1,-1,-1
649,1,427.00,527.00,35.00,57.00,1.0,-1,-1,-1
649,2,0.00,0.00,0.00,0.00,1.0,-1,-1,-1
649,3,0.00,0.00,0.00,0.00,1.0,-1,-1,-1
649,4,0.00,0.00,0.00,0.00,1.0,-1,-1,-1
649,5,0.00,0.00,0.00,0.00,1.0,-1,-1,-1
649,6,0.00,0.00,0.00,0.00,1.0,-1,-1,-1
649,7,0.00,0.00,0.00,0.00,1.0,-1,-1,-1
650,0,287.00,488.00,112.00,246.00,1.0,-1,-1,-1
650,1,423.00,527.00,39.00,57.00,1.0,-1,-1,-1
650,2,0.00,0.00,0.00,0.00,1.0,-1,-1,-1
650,3,0.00,0.00,0.00,0.00,1.0,-1,-1,-1
650,4,0.00,0.00,0.00,0.00,1.0,-1,-1,-1
650,5,0.00,0.00,0.00,0.00,1.0,-1,-1,-1
650,6,0.00,0.00,0.00,0.00,1.0,-1,-1,-1
650,7,0.00,0.00,0.00,0.00,1.0,-1,-1,-1
651,0,287.00,488.00,112.00,246.00,1.0,-1,-1,-1
651,1,427.00,527.00,35.00,57.00,1.0,-1,-1,-1
651,2,0.00,0.00,0.00,0.00,1.0,-1,-1,-1
651,3,0.00,0.00,0.00,0.00,1.0,-1,-1,-1
651,4,0.00,0.00,0.00,0.00,1.0,-1,-1,-1
651,5,0.00,0.00,0.00,0.00,1.0,-1,-1,-1
651,6,0.00,0.00,0.00,0.00,1.0,-1,-1,-1
651,7,0.00,0.00,0.00,0.00,1.0,-1,-1,-1
652,0,287.00,488.00,113.00,246.00,1.0,-1,-1,-1
652,1,392.00,526.00,70.00,58.00,1.0,-1,-1,-1
652,2,0.00,0.00,0.00,0.00,1.0,-1,-1,-1
652,3,0.00,0.00,0.00,0.00,1.0,-1,-1,-1
652,4,0.00,0.00,0.00,0.00,1.0,-1,-1,-1
652,5,0.00,0.00,0.00,0.00,1.0,-1,-1,-1
652,6,0.00,0.00,0.00,0.00,1.0,-1,-1,-1
652,7,0.00,0.00,0.00,0.00,1.0,-1,-1,-1
653,0,287.00,488.00,113.00,246.00,1.0,-1,-1,-1
653,1,427.00,526.00,35.00,58.00,1.0,-1,-1,-1
653,2,0.00,0.00,0.00,0.00,1.0,-1,-1,-1
653,3,0.00,0.00,0.00,0.00,1.0,-1,-1,-1
653,4,0.00,0.00,0.00,0.00,1.0,-1,-1,-1
653,5,0.00,0.00,0.00,0.00,1.0,-1,-1,-1
653,6,0.00,0.00,0.00,0.00,1.0,-1,-1,-1
653,7,0.00,0.00,0.00,0.00,1.0,-1,-1,-1
654,0,288.00,488.00,112.00,246.00,1.0,-1,-1,-1
654,1,393.00,525.00,69.00,59.00,1.0,-1,-1,-1
654,2,0.00,0.00,0.00,0.00,1.0,-1,-1,-1
654,3,0.00,0.00,0.00,0.00,1.0,-1,-1,-1
654,4,0.00,0.00,0.00,0.00,1.0,-1,-1,-1
654,5,0.00,0.00,0.00,0.00,1.0,-1,-1,-1
654,6,0.00,0.00,0.00,0.00,1.0,-1,-1,-1
654,7,0.00,0.00,0.00,0.00,1.0,-1,-1,-1
655,0,288.00,488.00,112.00,246.00,1.0,-1,-1,-1
655,1,428.00,526.00,34.00,58.00,1.0,-1,-1,-1
655,2,0.00,0.00,0.00,0.00,1.0,-1,-1,-1
655,3,0.00,0.00,0.00,0.00,1.0,-1,-1,-1
655,4,0.00,0.00,0.00,0.00,1.0,-1,-1,-1
655,5,0.00,0.00,0.00,0.00,1.0,-1,-1,-1
655,6,0.00,0.00,0.00,0.00,1.0,-1,-1,-1
655,7,0.00,0.00,0.00,0.00,1.0,-1,-1,-1
656,0,287.00,487.00,112.00,247.00,1.0,-1,-1,-1
656,1,392.00,525.00,71.00,59.00,1.0,-1,-1,-1
656,2,0.00,0.00,0.00,0.00,1.0,-1,-1,-1
656,3,0.00,0.00,0.00,0.00,1.0,-1,-1,-1
656,4,0.00,0.00,0.00,0.00,1.0,-1,-1,-1
656,5,0.00,0.00,0.00,0.00,1.0,-1,-1,-1
656,6,0.00,0.00,0.00,0.00,1.0,-1,-1,-1
656,7,0.00,0.00,0.00,0.00,1.0,-1,-1,-1
657,0,288.00,486.00,111.00,248.00,1.0,-1,-1,-1
657,1,427.00,525.00,35.00,59.00,1.0,-1,-1,-1
657,2,0.00,0.00,0.00,0.00,1.0,-1,-1,-1
657,3,0.00,0.00,0.00,0.00,1.0,-1,-1,-1
657,4,0.00,0.00,0.00,0.00,1.0,-1,-1,-1
657,5,0.00,0.00,0.00,0.00,1.0,-1,-1,-1
657,6,0.00,0.00,0.00,0.00,1.0,-1,-1,-1
657,7,0.00,0.00,0.00,0.00,1.0,-1,-1,-1
658,0,287.00,486.00,112.00,248.00,1.0,-1,-1,-1
658,1,428.00,526.00,34.00,58.00,1.0,-1,-1,-1
658,2,0.00,0.00,0.00,0.00,1.0,-1,-1,-1
658,3,0.00,0.00,0.00,0.00,1.0,-1,-1,-1
658,4,0.00,0.00,0.00,0.00,1.0,-1,-1,-1
658,5,0.00,0.00,0.00,0.00,1.0,-1,-1,-1
658,6,0.00,0.00,0.00,0.00,1.0,-1,-1,-1
658,7,0.00,0.00,0.00,0.00,1.0,-1,-1,-1
659,0,288.00,486.00,112.00,248.00,1.0,-1,-1,-1
659,1,393.00,524.00,70.00,60.00,1.0,-1,-1,-1
659,2,0.00,0.00,0.00,0.00,1.0,-1,-1,-1
659,3,0.00,0.00,0.00,0.00,1.0,-1,-1,-1
659,4,0.00,0.00,0.00,0.00,1.0,-1,-1,-1
659,5,0.00,0.00,0.00,0.00,1.0,-1,-1,-1
659,6,0.00,0.00,0.00,0.00,1.0,-1,-1,-1
659,7,0.00,0.00,0.00,0.00,1.0,-1,-1,-1
660,0,287.00,486.00,113.00,248.00,1.0,-1,-1,-1
660,1,427.00,523.00,35.00,61.00,1.0,-1,-1,-1
660,2,0.00,0.00,0.00,0.00,1.0,-1,-1,-1
660,3,0.00,0.00,0.00,0.00,1.0,-1,-1,-1
660,4,0.00,0.00,0.00,0.00,1.0,-1,-1,-1
660,5,1907.00,646.00,13.00,22.00,1.0,-1,-1,-1
660,6,0.00,0.00,0.00,0.00,1.0,-1,-1,-1
660,7,0.00,0.00,0.00,0.00,1.0,-1,-1,-1
661,0,287.00,486.00,113.00,248.00,1.0,-1,-1,-1
661,1,391.00,523.00,71.00,60.00,1.0,-1,-1,-1
661,2,1900.00,648.00,20.00,25.00,1.0,-1,-1,-1
661,3,0.00,0.00,0.00,0.00,1.0,-1,-1,-1
661,4,0.00,0.00,0.00,0.00,1.0,-1,-1,-1
661,5,1900.00,648.00,20.00,25.00,1.0,-1,-1,-1
661,6,0.00,0.00,0.00,0.00,1.0,-1,-1,-1
661,7,0.00,0.00,0.00,0.00,1.0,-1,-1,-1
662,0,287.00,486.00,113.00,248.00,1.0,-1,-1,-1
662,1,427.00,523.00,35.00,61.00,1.0,-1,-1,-1
662,2,1899.00,654.00,21.00,22.00,1.0,-1,-1,-1
662,3,0.00,0.00,0.00,0.00,1.0,-1,-1,-1
662,4,0.00,0.00,0.00,0.00,1.0,-1,-1,-1
662,5,1899.00,654.00,21.00,24.00,1.0,-1,-1,-1
662,6,0.00,0.00,0.00,0.00,1.0,-1,-1,-1
662,7,0.00,0.00,0.00,0.00,1.0,-1,-1,-1
663,0,287.00,486.00,113.00,248.00,1.0,-1,-1,-1
663,1,393.00,523.00,69.00,60.00,1.0,-1,-1,-1
663,2,1895.00,657.00,25.00,22.00,1.0,-1,-1,-1
663,3,0.00,0.00,0.00,0.00,1.0,-1,-1,-1
663,4,0.00,0.00,0.00,0.00,1.0,-1,-1,-1
663,5,1895.00,657.00,25.00,22.00,1.0,-1,-1,-1
663,6,0.00,0.00,0.00,0.00,1.0,-1,-1,-1
663,7,0.00,0.00,0.00,0.00,1.0,-1,-1,-1
664,0,288.00,486.00,112.00,248.00,1.0,-1,-1,-1
664,1,426.00,523.00,37.00,60.00,1.0,-1,-1,-1
664,2,1893.00,660.00,27.00,19.00,1.0,-1,-1,-1
664,3,0.00,0.00,0.00,0.00,1.0,-1,-1,-1
664,4,0.00,0.00,0.00,0.00,1.0,-1,-1,-1
664,5,1893.00,660.00,27.00,20.00,1.0,-1,-1,-1
664,6,0.00,0.00,0.00,0.00,1.0,-1,-1,-1
664,7,0.00,0.00,0.00,0.00,1.0,-1,-1,-1
665,0,288.00,486.00,112.00,248.00,1.0,-1,-1,-1
665,1,427.00,523.00,35.00,61.00,1.0,-1,-1,-1
665,2,1893.00,661.00,27.00,18.00,1.0,-1,-1,-1
665,3,0.00,0.00,0.00,0.00,1.0,-1,-1,-1
665,4,0.00,0.00,0.00,0.00,1.0,-1,-1,-1
665,5,1892.00,660.00,28.00,20.00,1.0,-1,-1,-1
665,6,0.00,0.00,0.00,0.00,1.0,-1,-1,-1
665,7,0.00,0.00,0.00,0.00,1.0,-1,-1,-1
666,0,288.00,485.00,112.00,249.00,1.0,-1,-1,-1
666,1,428.00,523.00,35.00,61.00,1.0,-1,-1,-1
666,2,1893.00,517.00,27.00,162.00,1.0,-1,-1,-1
666,3,0.00,0.00,0.00,0.00,1.0,-1,-1,-1
666,4,0.00,0.00,0.00,0.00,1.0,-1,-1,-1
666,5,1892.00,516.00,28.00,164.00,1.0,-1,-1,-1
666,6,0.00,0.00,0.00,0.00,1.0,-1,-1,-1
666,7,0.00,0.00,0.00,0.00,1.0,-1,-1,-1
667,0,288.00,485.00,112.00,249.00,1.0,-1,-1,-1
667,1,428.00,522.00,35.00,62.00,1.0,-1,-1,-1
667,2,1875.00,512.00,45.00,167.00,1.0,-1,-1,-1
667,3,0.00,0.00,0.00,0.00,1.0,-1,-1,-1
667,4,0.00,0.00,0.00,0.00,1.0,-1,-1,-1
667,5,1875.00,512.00,45.00,168.00,1.0,-1,-1,-1
667,6,0.00,0.00,0.00,0.00,1.0,-1,-1,-1
667,7,0.00,0.00,0.00,0.00,1.0,-1,-1,-1
667,8,588.00,290.00,78.00,234.00,1.0,-1,-1,-1
668,0,288.00,485.00,112.00,249.00,1.0,-1,-1,-1
668,1,428.00,522.00,35.00,62.00,1.0,-1,-1,-1
668,2,1862.00,514.00,58.00,166.00,1.0,-1,-1,-1
668,3,0.00,0.00,0.00,0.00,1.0,-1,-1,-1
668,4,0.00,0.00,0.00,0.00,1.0,-1,-1,-1
668,5,1863.00,519.00,57.00,162.00,1.0,-1,-1,-1
668,6,0.00,0.00,0.00,0.00,1.0,-1,-1,-1
668,7,0.00,0.00,0.00,0.00,1.0,-1,-1,-1
668,8,587.00,291.00,78.00,233.00,1.0,-1,-1,-1
669,0,288.00,485.00,112.00,249.00,1.0,-1,-1,-1
669,1,428.00,522.00,34.00,60.00,1.0,-1,-1,-1
669,2,1856.00,498.00,64.00,181.00,1.0,-1,-1,-1
669,3,0.00,0.00,0.00,0.00,1.0,-1,-1,-1
669,4,0.00,0.00,0.00,0.00,1.0,-1,-1,-1
669,5,1856.00,517.00,64.00,163.00,1.0,-1,-1,-1
669,6,0.00,0.00,0.00,0.00,1.0,-1,-1,-1
669,7,0.00,0.00,0.00,0.00,1.0,-1,-1,-1
669,8,587.00,290.00,78.00,234.00,1.0,-1,-1,-1
670,0,288.00,484.00,113.00,250.00,1.0,-1,-1,-1
670,1,389.00,521.00,74.00,61.00,1.0,-1,-1,-1
670,2,1855.00,475.00,65.00,205.00,1.0,-1,-1,-1
670,3,0.00,0.00,0.00,0.00,1.0,-1,-1,-1
670,4,0.00,0.00,0.00,0.00,1.0,-1,-1,-1
670,5,1855.00,475.00,65.00,206.00,1.0,-1,-1,-1
670,6,0.00,0.00,0.00,0.00,1.0,-1,-1,-1
670,7,0.00,0.00,0.00,0.00,1.0,-1,-1,-1
670,8,587.00,290.00,79.00,234.00,1.0,-1,-1,-1
671,0,288.00,484.00,113.00,250.00,1.0,-1,-1,-1
671,1,388.00,522.00,75.00,60.00,1.0,-1,-1,-1
671,2,1854.00,467.00,66.00,209.00,1.0,-1,-1,-1
671,3,0.00,0.00,0.00,0.00,1.0,-1,-1,-1
671,4,0.00,0.00,0.00,0.00,1.0,-1,-1,-1
671,5,1854.00,467.00,66.00,225.00,1.0,-1,-1,-1
671,6,0.00,0.00,0.00,0.00,1.0,-1,-1,-1
671,7,0.00,0.00,0.00,0.00,1.0,-1,-1,-1
671,8,587.00,290.00,79.00,234.00,1.0,-1,-1,-1
672,0,289.00,484.00,112.00,250.00,1.0,-1,-1,-1
672,1,387.00,521.00,76.00,61.00,1.0,-1,-1,-1
672,2,1855.00,460.00,65.00,167.00,1.0,-1,-1,-1
672,3,0.00,0.00,0.00,0.00,1.0,-1,-1,-1
672,4,0.00,0.00,0.00,0.00,1.0,-1,-1,-1
672,5,1854.00,457.00,66.00,170.00,1.0,-1,-1,-1
672,6,0.00,0.00,0.00,0.00,1.0,-1,-1,-1
672,7,0.00,0.00,0.00,0.00,1.0,-1,-1,-1
672,8,588.00,290.00,78.00,235.00,1.0,-1,-1,-1
673,0,289.00,483.00,113.00,251.00,1.0,-1,-1,-1
673,1,387.00,521.00,76.00,60.00,1.0,-1,-1,-1
673,2,1855.00,437.00,65.00,192.00,1.0,-1,-1,-1
673,3,0.00,0.00,0.00,0.00,1.0,-1,-1,-1
673,4,0.00,0.00,0.00,0.00,1.0,-1,-1,-1
673,5,1855.00,437.00,65.00,193.00,1.0,-1,-1,-1
673,6,0.00,0.00,0.00,0.00,1.0,-1,-1,-1
673,7,0.00,0.00,0.00,0.00,1.0,-1,-1,-1
673,8,588.00,291.00,79.00,233.00,1.0,-1,-1,-1
674,0,289.00,483.00,113.00,251.00,1.0,-1,-1,-1
674,1,388.00,520.00,75.00,62.00,1.0,-1,-1,-1
674,2,1841.00,436.00,79.00,254.00,1.0,-1,-1,-1
674,3,0.00,0.00,0.00,0.00,1.0,-1,-1,-1
674,4,0.00,0.00,0.00,0.00,1.0,-1,-1,-1
674,5,1855.00,437.00,65.00,253.00,1.0,-1,-1,-1
674,6,0.00,0.00,0.00,0.00,1.0,-1,-1,-1
674,7,0.00,0.00,0.00,0.00,1.0,-1,-1,-1
674,8,589.00,291.00,78.00,233.00,1.0,-1,-1,-1
675,0,290.00,483.00,112.00,251.00,1.0,-1,-1,-1
675,1,388.00,520.00,75.00,62.00,1.0,-1,-1,-1
675,2,1840.00,436.00,80.00,249.00,1.0,-1,-1,-1
675,3,0.00,0.00,0.00,0.00,1.0,-1,-1,-1
675,4,0.00,0.00,0.00,0.00,1.0,-1,-1,-1
675,5,1826.00,436.00,94.00,249.00,1.0,-1,-1,-1
675,6,0.00,0.00,0.00,0.00,1.0,-1,-1,-1
675,7,0.00,0.00,0.00,0.00,1.0,-1,-1,-1
675,8,589.00,291.00,79.00,233.00,1.0,-1,-1,-1
676,0,291.00,483.00,111.00,251.00,1.0,-1,-1,-1
676,1,388.00,520.00,75.00,62.00,1.0,-1,-1,-1
676,2,1841.00,434.00,79.00,246.00,1.0,-1,-1,-1
676,3,0.00,0.00,0.00,0.00,1.0,-1,-1,-1
676,4,0.00,0.00,0.00,0.00,1.0,-1,-1,-1
676,5,1840.00,434.00,80.00,247.00,1.0,-1,-1,-1
676,6,0.00,0.00,0.00,0.00,1.0,-1,-1,-1
676,7,0.00,0.00,0.00,0.00,1.0,-1,-1,-1
676,8,589.00,290.00,79.00,234.00,1.0,-1,-1,-1
677,0,291.00,482.00,111.00,252.00,1.0,-1,-1,-1
677,1,387.00,517.00,77.00,65.00,1.0,-1,-1,-1
677,2,1816.00,433.00,104.00,246.00,1.0,-1,-1,-1
677,3,0.00,0.00,0.00,0.00,1.0,-1,-1,-1
677,4,0.00,0.00,0.00,0.00,1.0,-1,-1,-1
677,5,1816.00,433.00,104.00,248.00,1.0,-1,-1,-1
677,6,0.00,0.00,0.00,0.00,1.0,-1,-1,-1
677,7,0.00,0.00,0.00,0.00,1.0,-1,-1,-1
677,8,588.00,290.00,79.00,234.00,1.0,-1,-1,-1
678,0,291.00,482.00,111.00,252.00,1.0,-1,-1,-1
678,1,386.00,516.00,78.00,66.00,1.0,-1,-1,-1
678,2,1793.00,434.00,127.00,245.00,1.0,-1,-1,-1
678,3,0.00,0.00,0.00,0.00,1.0,-1,-1,-1
678,4,0.00,0.00,0.00,0.00,1.0,-1,-1,-1
678,5,1792.00,434.00,128.00,248.00,1.0,-1,-1,-1
678,6,0.00,0.00,0.00,0.00,1.0,-1,-1,-1
678,7,0.00,0.00,0.00,0.00,1.0,-1,-1,-1
678,8,589.00,289.00,79.00,235.00,1.0,-1,-1,-1
679,0,291.00,482.00,111.00,252.00,1.0,-1,-1,-1
679,1,382.00,509.00,82.00,73.00,1.0,-1,-1,-1
679,2,1779.00,435.00,141.00,249.00,1.0,-1,-1,-1
679,3,0.00,0.00,0.00,0.00,1.0,-1,-1,-1
679,4,0.00,0.00,0.00,0.00,1.0,-1,-1,-1
679,5,1779.00,435.00,141.00,247.00,1.0,-1,-1,-1
679,6,0.00,0.00,0.00,0.00,1.0,-1,-1,-1
679,7,0.00,0.00,0.00,0.00,1.0,-1,-1,-1
679,8,589.00,290.00,78.00,234.00,1.0,-1,-1,-1
680,0,291.00,482.00,111.00,252.00,1.0,-1,-1,-1
680,1,380.00,508.00,84.00,74.00,1.0,-1,-1,-1
680,2,1766.00,436.00,116.00,183.00,1.0,-1,-1,-1
680,3,0.00,0.00,0.00,0.00,1.0,-1,-1,-1
680,4,0.00,0.00,0.00,0.00,1.0,-1,-1,-1
680,5,1766.00,436.00,139.00,242.00,1.0,-1,-1,-1
680,6,0.00,0.00,0.00,0.00,1.0,-1,-1,-1
680,7,0.00,0.00,0.00,0.00,1.0,-1,-1,-1
680,8,589.00,289.00,78.00,235.00,1.0,-1,-1,-1
681,0,291.00,482.00,111.00,252.00,1.0,-1,-1,-1
681,1,382.00,508.00,82.00,74.00,1.0,-1,-1,-1
681,2,1764.00,437.00,110.00,253.00,1.0,-1,-1,-1
681,3,0.00,0.00,0.00,0.00,1.0,-1,-1,-1
681,4,0.00,0.00,0.00,0.00,1.0,-1,-1,-1
681,5,1764.00,437.00,139.00,236.00,1.0,-1,-1,-1
681,6,0.00,0.00,0.00,0.00,1.0,-1,-1,-1
681,7,0.00,0.00,0.00,0.00,1.0,-1,-1,-1
681,8,589.00,289.00,78.00,235.00,1.0,-1,-1,-1
682,0,291.00,481.00,111.00,253.00,1.0,-1,-1,-1
682,1,379.00,507.00,84.00,75.00,1.0,-1,-1,-1
682,2,1763.00,437.00,101.00,186.00,1.0,-1,-1,-1
682,3,0.00,0.00,0.00,0.00,1.0,-1,-1,-1
682,4,0.00,0.00,0.00,0.00,1.0,-1,-1,-1
682,5,1763.00,437.00,98.00,186.00,1.0,-1,-1,-1
682,6,0.00,0.00,0.00,0.00,1.0,-1,-1,-1
682,7,0.00,0.00,0.00,0.00,1.0,-1,-1,-1
682,8,588.00,289.00,79.00,235.00,1.0,-1,-1,-1
683,0,291.00,481.00,111.00,253.00,1.0,-1,-1,-1
683,1,379.00,507.00,84.00,75.00,1.0,-1,-1,-1
683,2,1763.00,436.00,93.00,188.00,1.0,-1,-1,-1
683,3,0.00,0.00,0.00,0.00,1.0,-1,-1,-1
683,4,0.00,0.00,0.00,0.00,1.0,-1,-1,-1
683,5,1763.00,437.00,96.00,187.00,1.0,-1,-1,-1
683,6,0.00,0.00,0.00,0.00,1.0,-1,-1,-1
683,7,0.00,0.00,0.00,0.00,1.0,-1,-1,-1
683,8,589.00,289.00,77.00,235.00,1.0,-1,-1,-1
684,0,291.00,481.00,111.00,253.00,1.0,-1,-1,-1
684,1,378.00,508.00,85.00,73.00,1.0,-1,-1,-1
684,2,1762.00,434.00,86.00,190.00,1.0,-1,-1,-1
684,3,0.00,0.00,0.00,0.00,1.0,-1,-1,-1
684,4,0.00,0.00,0.00,0.00,1.0,-1,-1,-1
684,5,1762.00,434.00,86.00,190.00,1.0,-1,-1,-1
684,6,0.00,0.00,0.00,0.00,1.0,-1,-1,-1
684,7,0.00,0.00,0.00,0.00,1.0,-1,-1,-1
684,8,588.00,289.00,78.00,235.00,1.0,-1,-1,-1
685,0,291.00,481.00,111.00,253.00,1.0,-1,-1,-1
685,1,378.00,507.00,85.00,85.00,1.0,-1,-1,-1
685,2,1762.00,434.00,79.00,227.00,1.0,-1,-1,-1
685,3,0.00,0.00,0.00,0.00,1.0,-1,-1,-1
685,4,0.00,0.00,0.00,0.00,1.0,-1,-1,-1
685,5,1763.00,434.00,77.00,234.00,1.0,-1,-1,-1
685,6,0.00,0.00,0.00,0.00,1.0,-1,-1,-1
685,7,0.00,0.00,0.00,0.00,1.0,-1,-1,-1
685,8,588.00,289.00,78.00,235.00,1.0,-1,-1,-1
686,0,291.00,481.00,111.00,253.00,1.0,-1,-1,-1
686,1,378.00,507.00,85.00,86.00,1.0,-1,-1,-1
686,2,1763.00,433.00,69.00,234.00,1.0,-1,-1,-1
686,3,0.00,0.00,0.00,0.00,1.0,-1,-1,-1
686,4,0.00,0.00,0.00,0.00,1.0,-1,-1,-1
686,5,1762.00,433.00,70.00,239.00,1.0,-1,-1,-1
686,6,0.00,0.00,0.00,0.00,1.0,-1,-1,-1
686,7,0.00,0.00,0.00,0.00,1.0,-1,-1,-1
686,8,588.00,289.00,78.00,235.00,1.0,-1,-1,-1
687,0,291.00,481.00,111.00,253.00,1.0,-1,-1,-1
687,1,377.00,507.00,86.00,86.00,1.0,-1,-1,-1
687,2,1764.00,432.00,62.00,194.00,1.0,-1,-1,-1
687,3,0.00,0.00,0.00,0.00,1.0,-1,-1,-1
687,4,0.00,0.00,0.00,0.00,1.0,-1,-1,-1
687,5,1751.00,432.00,76.00,235.00,1.0,-1,-1,-1
687,6,0.00,0.00,0.00,0.00,1.0,-1,-1,-1
687,7,0.00,0.00,0.00,0.00,1.0,-1,-1,-1
687,8,588.00,290.00,78.00,234.00,1.0,-1,-1,-1
688,0,291.00,481.00,111.00,253.00,1.0,-1,-1,-1
688,1,378.00,508.00,85.00,86.00,1.0,-1,-1,-1
688,2,1755.00,431.00,64.00,168.00,1.0,-1,-1,-1
688,3,0.00,0.00,0.00,0.00,1.0,-1,-1,-1
688,4,0.00,0.00,0.00,0.00,1.0,-1,-1,-1
688,5,1755.00,431.00,64.00,168.00,1.0,-1,-1,-1
688,6,0.00,0.00,0.00,0.00,1.0,-1,-1,-1
688,7,0.00,0.00,0.00,0.00,1.0,-1,-1,-1
688,8,589.00,289.00,77.00,235.00,1.0,-1,-1,-1
689,0,291.00,481.00,111.00,253.00,1.0,-1,-1,-1
689,1,378.00,508.00,85.00,87.00,1.0,-1,-1,-1
689,2,1744.00,433.00,67.00,194.00,1.0,-1,-1,-1
689,3,0.00,0.00,0.00,0.00,1.0,-1,-1,-1
689,4,0.00,0.00,0.00,0.00,1.0,-1,-1,-1
689,5,1743.00,433.00,68.00,197.00,1.0,-1,-1,-1
689,6,0.00,0.00,0.00,0.00,1.0,-1,-1,-1
689,7,0.00,0.00,0.00,0.00,1.0,-1,-1,-1
689,8,589.00,290.00,77.00,234.00,1.0,-1,-1,-1
690,0,291.00,481.00,111.00,253.00,1.0,-1,-1,-1
690,1,378.00,508.00,84.00,79.00,1.0,-1,-1,-1
690,2,1718.00,433.00,86.00,197.00,1.0,-1,-1,-1
690,3,0.00,0.00,0.00,0.00,1.0,-1,-1,-1
690,4,0.00,0.00,0.00,0.00,1.0,-1,-1,-1
690,5,1718.00,433.00,85.00,197.00,1.0,-1,-1,-1
690,6,0.00,0.00,0.00,0.00,1.0,-1,-1,-1
690,7,0.00,0.00,0.00,0.00,1.0,-1,-1,-1
690,8,589.00,290.00,77.00,235.00,1.0,-1,-1,-1
691,0,291.00,482.00,111.00,252.00,1.0,-1,-1,-1
691,1,378.00,509.00,84.00,72.00,1.0,-1,-1,-1
691,2,1695.00,434.00,101.00,193.00,1.0,-1,-1,-1
691,3,0.00,0.00,0.00,0.00,1.0,-1,-1,-1
691,4,0.00,0.00,0.00,0.00,1.0,-1,-1,-1
691,5,1695.00,434.00,101.00,193.00,1.0,-1,-1,-1
691,6,0.00,0.00,0.00,0.00,1.0,-1,-1,-1
691,7,0.00,0.00,0.00,0.00,1.0,-1,-1,-1
691,8,589.00,290.00,77.00,235.00,1.0,-1,-1,-1
692,0,291.00,482.00,111.00,252.00,1.0,-1,-1,-1
692,1,377.00,510.00,85.00,71.00,1.0,-1,-1,-1
692,2,1686.00,436.00,102.00,191.00,1.0,-1,-1,-1
692,3,0.00,0.00,0.00,0.00,1.0,-1,-1,-1
692,4,0.00,0.00,0.00,0.00,1.0,-1,-1,-1
692,5,1686.00,436.00,102.00,191.00,1.0,-1,-1,-1
692,6,0.00,0.00,0.00,0.00,1.0,-1,-1,-1
692,7,0.00,0.00,0.00,0.00,1.0,-1,-1,-1
692,8,589.00,291.00,77.00,234.00,1.0,-1,-1,-1
693,0,291.00,482.00,111.00,252.00,1.0,-1,-1,-1
693,1,377.00,510.00,85.00,77.00,1.0,-1,-1,-1
693,2,1681.00,437.00,98.00,192.00,1.0,-1,-1,-1
693,3,0.00,0.00,0.00,0.00,1.0,-1,-1,-1
693,4,0.00,0.00,0.00,0.00,1.0,-1,-1,-1
693,5,1681.00,437.00,98.00,192.00,1.0,-1,-1,-1
693,6,0.00,0.00,0.00,0.00,1.0,-1,-1,-1
693,7,0.00,0.00,0.00,0.00,1.0,-1,-1,-1
693,8,589.00,291.00,77.00,235.00,1.0,-1,-1,-1
694,0,292.00,482.00,110.00,252.00,1.0,-1,-1,-1
694,1,378.00,509.00,84.00,78.00,1.0,-1,-1,-1
694,2,1679.00,438.00,92.00,191.00,1.0,-1,-1,-1
694,3,0.00,0.00,0.00,0.00,1.0,-1,-1,-1
694,4,0.00,0.00,0.00,0.00,1.0,-1,-1,-1
694,5,1679.00,438.00,92.00,191.00,1.0,-1,-1,-1
694,6,0.00,0.00,0.00,0.00,1.0,-1,-1,-1
694,7,0.00,0.00,0.00,0.00,1.0,-1,-1,-1
694,8,589.00,291.00,77.00,235.00,1.0,-1,-1,-1
695,0,291.00,482.00,111.00,252.00,1.0,-1,-1,-1
695,1,377.00,510.00,85.00,83.00,1.0,-1,-1,-1
695,2,1678.00,438.00,86.00,191.00,1.0,-1,-1,-1
695,3,0.00,0.00,0.00,0.00,1.0,-1,-1,-1
695,4,0.00,0.00,0.00,0.00,1.0,-1,-1,-1
695,5,1678.00,438.00,87.00,192.00,1.0,-1,-1,-1
695,6,0.00,0.00,0.00,0.00,1.0,-1,-1,-1
695,7,0.00,0.00,0.00,0.00,1.0,-1,-1,-1
695,8,589.00,291.00,77.00,235.00,1.0,-1,-1,-1
696,0,292.00,482.00,111.00,252.00,1.0,-1,-1,-1
696,1,378.00,511.00,85.00,76.00,1.0,-1,-1,-1
696,2,1680.00,437.00,77.00,193.00,1.0,-1,-1,-1
696,3,0.00,0.00,0.00,0.00,1.0,-1,-1,-1
696,4,0.00,0.00,0.00,0.00,1.0,-1,-1,-1
696,5,1680.00,437.00,77.00,193.00,1.0,-1,-1,-1
696,6,0.00,0.00,0.00,0.00,1.0,-1,-1,-1
696,7,0.00,0.00,0.00,0.00,1.0,-1,-1,-1
696,8,591.00,291.00,76.00,235.00,1.0,-1,-1,-1
697,0,292.00,482.00,111.00,252.00,1.0,-1,-1,-1
697,1,378.00,511.00,84.00,71.00,1.0,-1,-1,-1
697,2,1680.00,435.00,70.00,195.00,1.0,-1,-1,-1
697,3,0.00,0.00,0.00,0.00,1.0,-1,-1,-1
697,4,0.00,0.00,0.00,0.00,1.0,-1,-1,-1
697,5,1680.00,436.00,70.00,194.00,1.0,-1,-1,-1
697,6,0.00,0.00,0.00,0.00,1.0,-1,-1,-1
697,7,0.00,0.00,0.00,0.00,1.0,-1,-1,-1
697,8,591.00,291.00,75.00,235.00,1.0,-1,-1,-1
698,0,292.00,482.00,111.00,252.00,1.0,-1,-1,-1
698,1,377.00,511.00,85.00,76.00,1.0,-1,-1,-1
698,2,1677.00,434.00,67.00,195.00,1.0,-1,-1,-1
698,3,0.00,0.00,0.00,0.00,1.0,-1,-1,-1
698,4,0.00,0.00,0.00,0.00,1.0,-1,-1,-1
698,5,1677.00,434.00,67.00,194.00,1.0,-1,-1,-1
698,6,0.00,0.00,0.00,0.00,1.0,-1,-1,-1
698,7,0.00,0.00,0.00,0.00,1.0,-1,-1,-1
698,8,592.00,291.00,74.00,235.00,1.0,-1,-1,-1
699,0,294.00,483.00,110.00,251.00,1.0,-1,-1,-1
699,1,380.00,514.00,83.00,81.00,1.0,-1,-1,-1
699,2,1667.00,434.00,71.00,194.00,1.0,-1,-1,-1
699,3,0.00,0.00,0.00,0.00,1.0,-1,-1,-1
699,4,0.00,0.00,0.00,0.00,1.0,-1,-1,-1
699,5,1667.00,434.00,70.00,193.00,1.0,-1,-1,-1
699,6,0.00,0.00,0.00,0.00,1.0,-1,-1,-1
699,7,0.00,0.00,0.00,0.00,1.0,-1,-1,-1
699,8,592.00,292.00,74.00,234.00,1.0,-1,-1,-1
700,0,294.00,483.00,110.00,251.00,1.0,-1,-1,-1
700,1,381.00,514.00,83.00,82.00,1.0,-1,-1,-1
700,2,1658.00,434.00,73.00,182.00,1.0,-1,-1,-1
700,3,0.00,0.00,0.00,0.00,1.0,-1,-1,-1
700,4,0.00,0.00,0.00,0.00,1.0,-1,-1,-1
700,5,1657.00,434.00,75.00,183.00,1.0,-1,-1,-1
700,6,0.00,0.00,0.00,0.00,1.0,-1,-1,-1
700,7,0.00,0.00,0.00,0.00,1.0,-1,-1,-1
700,8,592.00,292.00,74.00,234.00,1.0,-1,-1,-1
701,0,293.00,483.00,111.00,251.00,1.0,-1,-1,-1
701,1,381.00,513.00,83.00,81.00,1.0,-1,-1,-1
701,2,1637.00,435.00,87.00,182.00,1.0,-1,-1,-1
701,3,0.00,0.00,0.00,0.00,1.0,-1,-1,-1
701,4,0.00,0.00,0.00,0.00,1.0,-1,-1,-1
701,5,1637.00,436.00,87.00,181.00,1.0,-1,-1,-1
701,6,0.00,0.00,0.00,0.00,1.0,-1,-1,-1
701,7,0.00,0.00,0.00,0.00,1.0,-1,-1,-1
701,8,592.00,291.00,74.00,237.00,1.0,-1,-1,-1
702,0,293.00,483.00,111.00,251.00,1.0,-1,-1,-1
702,1,382.00,514.00,82.00,81.00,1.0,-1,-1,-1
702,2,1614.00,436.00,104.00,179.00,1.0,-1,-1,-1
702,3,0.00,0.00,0.00,0.00,1.0,-1,-1,-1
702,4,0.00,0.00,0.00,0.00,1.0,-1,-1,-1
702,5,1614.00,436.00,104.00,179.00,1.0,-1,-1,-1
702,6,0.00,0.00,0.00,0.00,1.0,-1,-1,-1
702,7,0.00,0.00,0.00,0.00,1.0,-1,-1,-1
702,8,592.00,292.00,74.00,236.00,1.0,-1,-1,-1
703,0,294.00,483.00,110.00,251.00,1.0,-1,-1,-1
703,1,380.00,515.00,85.00,82.00,1.0,-1,-1,-1
703,2,1600.00,438.00,110.00,175.00,1.0,-1,-1,-1
703,3,0.00,0.00,0.00,0.00,1.0,-1,-1,-1
703,4,0.00,0.00,0.00,0.00,1.0,-1,-1,-1
703,5,1600.00,438.00,110.00,175.00,1.0,-1,-1,-1
703,6,0.00,0.00,0.00,0.00,1.0,-1,-1,-1
703,7,0.00,0.00,0.00,0.00,1.0,-1,-1,-1
703,8,592.00,293.00,75.00,235.00,1.0,-1,-1,-1
704,0,294.00,483.00,110.00,251.00,1.0,-1,-1,-1
704,1,380.00,515.00,84.00,83.00,1.0,-1,-1,-1
704,2,1599.00,438.00,105.00,176.00,1.0,-1,-1,-1
704,3,0.00,0.00,0.00,0.00,1.0,-1,-1,-1
704,4,0.00,0.00,0.00,0.00,1.0,-1,-1,-1
704,5,1599.00,438.00,105.00,176.00,1.0,-1,-1,-1
704,6,0.00,0.00,0.00,0.00,1.0,-1,-1,-1
704,7,0.00,0.00,0.00,0.00,1.0,-1,-1,-1
704,8,592.00,293.00,75.00,235.00,1.0,-1,-1,-1
705,0,294.00,483.00,110.00,251.00,1.0,-1,-1,-1
705,1,381.00,515.00,84.00,82.00,1.0,-1,-1,-1
705,2,1593.00,438.00,103.00,178.00,1.0,-1,-1,-1
705,3,0.00,0.00,0.00,0.00,1.0,-1,-1,-1
705,4,0.00,0.00,0.00,0.00,1.0,-1,-1,-1
705,5,1593.00,438.00,103.00,178.00,1.0,-1,-1,-1
705,6,0.00,0.00,0.00,0.00,1.0,-1,-1,-1
705,7,0.00,0.00,0.00,0.00,1.0,-1,-1,-1
705,8,593.00,294.00,74.00,234.00,1.0,-1,-1,-1
706,0,295.00,484.00,149.00,250.00,1.0,-1,-1,-1
706,1,382.00,515.00,82.00,83.00,1.0,-1,-1,-1
706,2,1592.00,436.00,95.00,181.00,1.0,-1,-1,-1
706,3,0.00,0.00,0.00,0.00,1.0,-1,-1,-1
706,4,0.00,0.00,0.00,0.00,1.0,-1,-1,-1
706,5,1592.00,436.00,94.00,181.00,1.0,-1,-1,-1
706,6,0.00,0.00,0.00,0.00,1.0,-1,-1,-1
706,7,0.00,0.00,0.00,0.00,1.0,-1,-1,-1
706,8,593.00,293.00,75.00,235.00,1.0,-1,-1,-1
707,0,294.00,484.00,110.00,250.00,1.0,-1,-1,-1
707,1,382.00,515.00,83.00,101.00,1.0,-1,-1,-1
707,2,1592.00,435.00,87.00,182.00,1.0,-1,-1,-1
707,3,0.00,0.00,0.00,0.00,1.0,-1,-1,-1
707,4,0.00,0.00,0.00,0.00,1.0,-1,-1,-1
707,5,1592.00,435.00,87.00,182.00,1.0,-1,-1,-1
707,6,0.00,0.00,0.00,0.00,1.0,-1,-1,-1
707,7,0.00,0.00,0.00,0.00,1.0,-1,-1,-1
707,8,593.00,293.00,75.00,235.00,1.0,-1,-1,-1
708,0,292.00,484.00,113.00,250.00,1.0,-1,-1,-1
708,1,382.00,515.00,83.00,219.00,1.0,-1,-1,-1
708,2,1592.00,433.00,82.00,184.00,1.0,-1,-1,-1
708,3,0.00,0.00,0.00,0.00,1.0,-1,-1,-1
708,4,0.00,0.00,0.00,0.00,1.0,-1,-1,-1
708,5,1592.00,433.00,82.00,184.00,1.0,-1,-1,-1
708,6,0.00,0.00,0.00,0.00,1.0,-1,-1,-1
708,7,0.00,0.00,0.00,0.00,1.0,-1,-1,-1
708,8,593.00,293.00,75.00,236.00,1.0,-1,-1,-1
709,0,291.00,484.00,114.00,250.00,1.0,-1,-1,-1
709,1,384.00,516.00,81.00,218.00,1.0,-1,-1,-1
709,2,1592.00,432.00,76.00,185.00,1.0,-1,-1,-1
709,3,0.00,0.00,0.00,0.00,1.0,-1,-1,-1
709,4,0.00,0.00,0.00,0.00,1.0,-1,-1,-1
709,5,1592.00,433.00,77.00,184.00,1.0,-1,-1,-1
709,6,0.00,0.00,0.00,0.00,1.0,-1,-1,-1
709,7,0.00,0.00,0.00,0.00,1.0,-1,-1,-1
709,8,594.00,293.00,74.00,236.00,1.0,-1,-1,-1
710,0,289.00,484.00,116.00,250.00,1.0,-1,-1,-1
710,1,384.00,515.00,81.00,219.00,1.0,-1,-1,-1
710,2,1592.00,432.00,70.00,185.00,1.0,-1,-1,-1
710,3,0.00,0.00,0.00,0.00,1.0,-1,-1,-1
710,4,0.00,0.00,0.00,0.00,1.0,-1,-1,-1
710,5,1592.00,432.00,70.00,185.00,1.0,-1,-1,-1
710,6,0.00,0.00,0.00,0.00,1.0,-1,-1,-1
710,7,0.00,0.00,0.00,0.00,1.0,-1,-1,-1
710,8,593.00,293.00,75.00,237.00,1.0,-1,-1,-1
711,0,289.00,484.00,116.00,250.00,1.0,-1,-1,-1
711,1,385.00,516.00,80.00,218.00,1.0,-1,-1,-1
711,2,1592.00,432.00,63.00,186.00,1.0,-1,-1,-1
711,3,0.00,0.00,0.00,0.00,1.0,-1,-1,-1
711,4,0.00,0.00,0.00,0.00,1.0,-1,-1,-1
711,5,1592.00,432.00,63.00,184.00,1.0,-1,-1,-1
711,6,0.00,0.00,0.00,0.00,1.0,-1,-1,-1
711,7,0.00,0.00,0.00,0.00,1.0,-1,-1,-1
711,8,592.00,293.00,76.00,237.00,1.0,-1,-1,-1
712,0,288.00,485.00,117.00,249.00,1.0,-1,-1,-1
712,1,386.00,515.00,78.00,219.00,1.0,-1,-1,-1
712,2,1588.00,431.00,61.00,190.00,1.0,-1,-1,-1
712,3,0.00,0.00,0.00,0.00,1.0,-1,-1,-1
712,4,0.00,0.00,0.00,0.00,1.0,-1,-1,-1
712,5,1588.00,431.00,61.00,190.00,1.0,-1,-1,-1
712,6,0.00,0.00,0.00,0.00,1.0,-1,-1,-1
712,7,0.00,0.00,0.00,0.00,1.0,-1,-1,-1
712,8,593.00,294.00,75.00,236.00,1.0,-1,-1,-1
713,0,288.00,485.00,118.00,249.00,1.0,-1,-1,-1
713,1,386.00,515.00,78.00,219.00,1.0,-1,-1,-1
713,2,1578.00,431.00,67.00,191.00,1.0,-1,-1,-1
713,3,0.00,0.00,0.00,0.00,1.0,-1,-1,-1
713,4,0.00,0.00,0.00,0.00,1.0,-1,-1,-1
713,5,1578.00,431.00,67.00,191.00,1.0,-1,-1,-1
713,6,0.00,0.00,0.00,0.00,1.0,-1,-1,-1
713,7,0.00,0.00,0.00,0.00,1.0,-1,-1,-1
713,8,593.00,293.00,75.00,237.00,1.0,-1,-1,-1
714,0,290.00,485.00,115.00,249.00,1.0,-1,-1,-1
714,1,386.00,516.00,79.00,218.00,1.0,-1,-1,-1
714,2,1559.00,431.00,81.00,190.00,1.0,-1,-1,-1
714,3,0.00,0.00,0.00,0.00,1.0,-1,-1,-1
714,4,0.00,0.00,0.00,0.00,1.0,-1,-1,-1
714,5,1560.00,432.00,79.00,189.00,1.0,-1,-1,-1
714,6,0.00,0.00,0.00,0.00,1.0,-1,-1,-1
714,7,0.00,0.00,0.00,0.00,1.0,-1,-1,-1
714,8,593.00,294.00,75.00,236.00,1.0,-1,-1,-1
715,0,292.00,486.00,113.00,248.00,1.0,-1,-1,-1
715,1,386.00,515.00,79.00,108.00,1.0,-1,-1,-1
715,2,1541.00,432.00,91.00,188.00,1.0,-1,-1,-1
715,3,0.00,0.00,0.00,0.00,1.0,-1,-1,-1
715,4,0.00,0.00,0.00,0.00,1.0,-1,-1,-1
715,5,1541.00,432.00,90.00,187.00,1.0,-1,-1,-1
715,6,0.00,0.00,0.00,0.00,1.0,-1,-1,-1
715,7,0.00,0.00,0.00,0.00,1.0,-1,-1,-1
715,8,593.00,294.00,75.00,236.00,1.0,-1,-1,-1
716,0,296.00,486.00,110.00,248.00,1.0,-1,-1,-1
716,1,387.00,515.00,79.00,108.00,1.0,-1,-1,-1
716,2,1530.00,432.00,95.00,185.00,1.0,-1,-1,-1
716,3,0.00,0.00,0.00,0.00,1.0,-1,-1,-1
716,4,0.00,0.00,0.00,0.00,1.0,-1,-1,-1
716,5,1530.00,432.00,96.00,185.00,1.0,-1,-1,-1
716,6,0.00,0.00,0.00,0.00,1.0,-1,-1,-1
716,7,0.00,0.00,0.00,0.00,1.0,-1,-1,-1
716,8,594.00,295.00,75.00,235.00,1.0,-1,-1,-1
717,0,296.00,486.00,109.00,248.00,1.0,-1,-1,-1
717,1,387.00,516.00,78.00,108.00,1.0,-1,-1,-1
717,2,1529.00,433.00,91.00,185.00,1.0,-1,-1,-1
717,3,0.00,0.00,0.00,0.00,1.0,-1,-1,-1
717,4,0.00,0.00,0.00,0.00,1.0,-1,-1,-1
717,5,1529.00,433.00,91.00,184.00,1.0,-1,-1,-1
717,6,0.00,0.00,0.00,0.00,1.0,-1,-1,-1
717,7,0.00,0.00,0.00,0.00,1.0,-1,-1,-1
717,8,594.00,295.00,75.00,236.00,1.0,-1,-1,-1
718,0,298.00,487.00,120.00,247.00,1.0,-1,-1,-1
718,1,387.00,516.00,78.00,109.00,1.0,-1,-1,-1
718,2,1526.00,432.00,88.00,187.00,1.0,-1,-1,-1
718,3,0.00,0.00,0.00,0.00,1.0,-1,-1,-1
718,4,0.00,0.00,0.00,0.00,1.0,-1,-1,-1
718,5,1526.00,432.00,87.00,187.00,1.0,-1,-1,-1
718,6,0.00,0.00,0.00,0.00,1.0,-1,-1,-1
718,7,0.00,0.00,0.00,0.00,1.0,-1,-1,-1
718,8,594.00,295.00,75.00,236.00,1.0,-1,-1,-1
719,0,300.00,487.00,117.00,247.00,1.0,-1,-1,-1
719,1,387.00,516.00,78.00,109.00,1.0,-1,-1,-1
719,2,1526.00,432.00,83.00,187.00,1.0,-1,-1,-1
719,3,0.00,0.00,0.00,0.00,1.0,-1,-1,-1
719,4,0.00,0.00,0.00,0.00,1.0,-1,-1,-1
719,5,1525.00,432.00,82.00,187.00,1.0,-1,-1,-1
719,6,0.00,0.00,0.00,0.00,1.0,-1,-1,-1
719,7,0.00,0.00,0.00,0.00,1.0,-1,-1,-1
719,8,593.00,294.00,76.00,237.00,1.0,-1,-1,-1
720,0,301.00,487.00,105.00,247.00,1.0,-1,-1,-1
720,1,388.00,516.00,77.00,110.00,1.0,-1,-1,-1
720,2,1527.00,431.00,75.00,188.00,1.0,-1,-1,-1
720,3,0.00,0.00,0.00,0.00,1.0,-1,-1,-1
720,4,0.00,0.00,0.00,0.00,1.0,-1,-1,-1
720,5,1527.00,431.00,74.00,188.00,1.0,-1,-1,-1
720,6,0.00,0.00,0.00,0.00,1.0,-1,-1,-1
720,7,0.00,0.00,0.00,0.00,1.0,-1,-1,-1
720,8,593.00,295.00,76.00,236.00,1.0,-1,-1,-1
721,0,298.00,488.00,107.00,246.00,1.0,-1,-1,-1
721,1,387.00,516.00,78.00,110.00,1.0,-1,-1,-1
721,2,1526.00,430.00,70.00,189.00,1.0,-1,-1,-1
721,3,0.00,0.00,0.00,0.00,1.0,-1,-1,-1
721,4,0.00,0.00,0.00,0.00,1.0,-1,-1,-1
721,5,1526.00,430.00,69.00,189.00,1.0,-1,-1,-1
721,6,0.00,0.00,0.00,0.00,1.0,-1,-1,-1
721,7,0.00,0.00,0.00,0.00,1.0,-1,-1,-1
721,8,594.00,295.00,76.00,236.00,1.0,-1,-1,-1
722,0,297.00,488.00,109.00,246.00,1.0,-1,-1,-1
722,1,388.00,516.00,77.00,111.00,1.0,-1,-1,-1
722,2,1526.00,428.00,61.00,191.00,1.0,-1,-1,-1
722,3,0.00,0.00,0.00,0.00,1.0,-1,-1,-1
722,4,0.00,0.00,0.00,0.00,1.0,-1,-1,-1
722,5,1526.00,428.00,62.00,190.00,1.0,-1,-1,-1
722,6,0.00,0.00,0.00,0.00,1.0,-1,-1,-1
722,7,0.00,0.00,0.00,0.00,1.0,-1,-1,-1
722,8,593.00,295.00,76.00,236.00,1.0,-1,-1,-1
723,0,296.00,488.00,123.00,246.00,1.0,-1,-1,-1
723,1,388.00,516.00,76.00,111.00,1.0,-1,-1,-1
723,2,1521.00,428.00,63.00,191.00,1.0,-1,-1,-1
723,3,0.00,0.00,0.00,0.00,1.0,-1,-1,-1
723,4,0.00,0.00,0.00,0.00,1.0,-1,-1,-1
723,5,1520.00,428.00,64.00,191.00,1.0,-1,-1,-1
723,6,0.00,0.00,0.00,0.00,1.0,-1,-1,-1
723,7,0.00,0.00,0.00,0.00,1.0,-1,-1,-1
723,8,594.00,295.00,75.00,236.00,1.0,-1,-1,-1
724,0,294.00,488.00,111.00,246.00,1.0,-1,-1,-1
724,1,387.00,516.00,77.00,110.00,1.0,-1,-1,-1
724,2,1511.00,428.00,63.00,191.00,1.0,-1,-1,-1
724,3,0.00,0.00,0.00,0.00,1.0,-1,-1,-1
724,4,0.00,0.00,0.00,0.00,1.0,-1,-1,-1
724,5,1511.00,428.00,63.00,191.00,1.0,-1,-1,-1
724,6,0.00,0.00,0.00,0.00,1.0,-1,-1,-1
724,7,0.00,0.00,0.00,0.00,1.0,-1,-1,-1
724,8,594.00,295.00,76.00,237.00,1.0,-1,-1,-1
725,0,292.00,488.00,127.00,246.00,1.0,-1,-1,-1
725,1,387.00,516.00,77.00,110.00,1.0,-1,-1,-1
725,2,1503.00,428.00,63.00,190.00,1.0,-1,-1,-1
725,3,0.00,0.00,0.00,0.00,1.0,-1,-1,-1
725,4,0.00,0.00,0.00,0.00,1.0,-1,-1,-1
725,5,1503.00,428.00,62.00,188.00,1.0,-1,-1,-1
725,6,0.00,0.00,0.00,0.00,1.0,-1,-1,-1
725,7,0.00,0.00,0.00,0.00,1.0,-1,-1,-1
725,8,594.00,295.00,75.00,237.00,1.0,-1,-1,-1
726,0,291.00,488.00,114.00,246.00,1.0,-1,-1,-1
726,1,386.00,516.00,78.00,110.00,1.0,-1,-1,-1
726,2,1489.00,428.00,70.00,179.00,1.0,-1,-1,-1
726,3,0.00,0.00,0.00,0.00,1.0,-1,-1,-1
726,4,0.00,0.00,0.00,0.00,1.0,-1,-1,-1
726,5,1489.00,428.00,69.00,179.00,1.0,-1,-1,-1
726,6,0.00,0.00,0.00,0.00,1.0,-1,-1,-1
726,7,0.00,0.00,0.00,0.00,1.0,-1,-1,-1
726,8,594.00,295.00,77.00,237.00,1.0,-1,-1,-1
727,0,291.00,488.00,114.00,246.00,1.0,-1,-1,-1
727,1,386.00,517.00,78.00,109.00,1.0,-1,-1,-1
727,2,1470.00,428.00,84.00,177.00,1.0,-1,-1,-1
727,3,0.00,0.00,0.00,0.00,1.0,-1,-1,-1
727,4,0.00,0.00,0.00,0.00,1.0,-1,-1,-1
727,5,1471.00,428.00,82.00,177.00,1.0,-1,-1,-1
727,6,0.00,0.00,0.00,0.00,1.0,-1,-1,-1
727,7,0.00,0.00,0.00,0.00,1.0,-1,-1,-1
727,8,594.00,295.00,77.00,237.00,1.0,-1,-1,-1
728,0,291.00,488.00,128.00,246.00,1.0,-1,-1,-1
728,1,387.00,517.00,77.00,109.00,1.0,-1,-1,-1
728,2,1457.00,428.00,92.00,174.00,1.0,-1,-1,-1
728,3,0.00,0.00,0.00,0.00,1.0,-1,-1,-1
728,4,0.00,0.00,0.00,0.00,1.0,-1,-1,-1
728,5,1456.00,428.00,93.00,175.00,1.0,-1,-1,-1
728,6,0.00,0.00,0.00,0.00,1.0,-1,-1,-1
728,7,0.00,0.00,0.00,0.00,1.0,-1,-1,-1
728,8,595.00,295.00,77.00,237.00,1.0,-1,-1,-1
729,0,291.00,488.00,126.00,246.00,1.0,-1,-1,-1
729,1,388.00,517.00,75.00,109.00,1.0,-1,-1,-1
729,2,1455.00,428.00,87.00,176.00,1.0,-1,-1,-1
729,3,0.00,0.00,0.00,0.00,1.0,-1,-1,-1
729,4,0.00,0.00,0.00,0.00,1.0,-1,-1,-1
729,5,1454.00,428.00,87.00,176.00,1.0,-1,-1,-1
729,6,0.00,0.00,0.00,0.00,1.0,-1,-1,-1
729,7,0.00,0.00,0.00,0.00,1.0,-1,-1,-1
729,8,598.00,294.00,74.00,238.00,1.0,-1,-1,-1
730,0,291.00,488.00,127.00,246.00,1.0,-1,-1,-1
730,1,387.00,517.00,76.00,109.00,1.0,-1,-1,-1
730,2,1456.00,427.00,78.00,179.00,1.0,-1,-1,-1
730,3,0.00,0.00,0.00,0.00,1.0,-1,-1,-1
730,4,0.00,0.00,0.00,0.00,1.0,-1,-1,-1
730,5,1456.00,428.00,78.00,178.00,1.0,-1,-1,-1
730,6,0.00,0.00,0.00,0.00,1.0,-1,-1,-1
730,7,0.00,0.00,0.00,0.00,1.0,-1,-1,-1
730,8,598.00,295.00,74.00,238.00,1.0,-1,-1,-1
731,0,290.00,488.00,128.00,246.00,1.0,-1,-1,-1
731,1,388.00,517.00,75.00,109.00,1.0,-1,-1,-1
731,2,1455.00,427.00,74.00,179.00,1.0,-1,-1,-1
731,3,0.00,0.00,0.00,0.00,1.0,-1,-1,-1
731,4,0.00,0.00,0.00,0.00,1.0,-1,-1,-1
731,5,1455.00,427.00,74.00,179.00,1.0,-1,-1,-1
731,6,0.00,0.00,0.00,0.00,1.0,-1,-1,-1
731,7,0.00,0.00,0.00,0.00,1.0,-1,-1,-1
731,8,601.00,295.00,71.00,239.00,1.0,-1,-1,-1
732,0,291.00,487.00,127.00,247.00,1.0,-1,-1,-1
732,1,388.00,517.00,75.00,109.00,1.0,-1,-1,-1
732,2,1456.00,426.00,67.00,178.00,1.0,-1,-1,-1
732,3,0.00,0.00,0.00,0.00,1.0,-1,-1,-1
732,4,0.00,0.00,0.00,0.00,1.0,-1,-1,-1
732,5,1455.00,426.00,67.00,178.00,1.0,-1,-1,-1
732,6,0.00,0.00,0.00,0.00,1.0,-1,-1,-1
732,7,0.00,0.00,0.00,0.00,1.0,-1,-1,-1
732,8,604.00,295.00,68.00,241.00,1.0,-1,-1,-1
733,0,291.00,488.00,127.00,246.00,1.0,-1,-1,-1
733,1,388.00,517.00,75.00,109.00,1.0,-1,-1,-1
733,2,1455.00,425.00,63.00,179.00,1.0,-1,-1,-1
733,3,0.00,0.00,0.00,0.00,1.0,-1,-1,-1
733,4,0.00,0.00,0.00,0.00,1.0,-1,-1,-1
733,5,1455.00,425.00,60.00,179.00,1.0,-1,-1,-1
733,6,0.00,0.00,0.00,0.00,1.0,-1,-1,-1
733,7,0.00,0.00,0.00,0.00,1.0,-1,-1,-1
733,8,603.00,296.00,69.00,240.00,1.0,-1,-1,-1
734,0,292.00,487.00,127.00,247.00,1.0,-1,-1,-1
734,1,388.00,517.00,75.00,109.00,1.0,-1,-1,-1
734,2,1456.00,424.00,55.00,179.00,1.0,-1,-1,-1
734,3,0.00,0.00,0.00,0.00,1.0,-1,-1,-1
734,4,0.00,0.00,0.00,0.00,1.0,-1,-1,-1
734,5,1456.00,424.00,55.00,179.00,1.0,-1,-1,-1
734,6,0.00,0.00,0.00,0.00,1.0,-1,-1,-1
734,7,0.00,0.00,0.00,0.00,1.0,-1,-1,-1
734,8,603.00,295.00,69.00,243.00,1.0,-1,-1,-1
735,0,292.00,487.00,126.00,247.00,1.0,-1,-1,-1
735,1,388.00,517.00,75.00,109.00,1.0,-1,-1,-1
735,2,1455.00,423.00,49.00,180.00,1.0,-1,-1,-1
735,3,0.00,0.00,0.00,0.00,1.0,-1,-1,-1
735,4,0.00,0.00,0.00,0.00,1.0,-1,-1,-1
735,5,1455.00,423.00,49.00,180.00,1.0,-1,-1,-1
735,6,0.00,0.00,0.00,0.00,1.0,-1,-1,-1
735,7,0.00,0.00,0.00,0.00,1.0,-1,-1,-1
735,8,611.00,295.00,61.00,243.00,1.0,-1,-1,-1
736,0,294.00,487.00,124.00,247.00,1.0,-1,-1,-1
736,1,389.00,517.00,74.00,109.00,1.0,-1,-1,-1
736,2,1449.00,422.00,49.00,180.00,1.0,-1,-1,-1
736,3,0.00,0.00,0.00,0.00,1.0,-1,-1,-1
736,4,0.00,0.00,0.00,0.00,1.0,-1,-1,-1
736,5,1447.00,422.00,52.00,180.00,1.0,-1,-1,-1
736,6,0.00,0.00,0.00,0.00,1.0,-1,-1,-1
736,7,0.00,0.00,0.00,0.00,1.0,-1,-1,-1
736,8,611.00,296.00,61.00,244.00,1.0,-1,-1,-1
737,0,295.00,487.00,124.00,247.00,1.0,-1,-1,-1
737,1,389.00,517.00,74.00,109.00,1.0,-1,-1,-1
737,2,1450.00,422.00,45.00,179.00,1.0,-1,-1,-1
737,3,0.00,0.00,0.00,0.00,1.0,-1,-1,-1
737,4,0.00,0.00,0.00,0.00,1.0,-1,-1,-1
737,5,1448.00,422.00,47.00,179.00,1.0,-1,-1,-1
737,6,0.00,0.00,0.00,0.00,1.0,-1,-1,-1
737,7,0.00,0.00,0.00,0.00,1.0,-1,-1,-1
737,8,610.00,296.00,64.00,243.00,1.0,-1,-1,-1
738,0,296.00,487.00,123.00,247.00,1.0,-1,-1,-1
738,1,389.00,517.00,73.00,109.00,1.0,-1,-1,-1
738,2,1435.00,420.00,53.00,189.00,1.0,-1,-1,-1
738,3,0.00,0.00,0.00,0.00,1.0,-1,-1,-1
738,4,0.00,0.00,0.00,0.00,1.0,-1,-1,-1
738,5,1433.00,420.00,55.00,189.00,1.0,-1,-1,-1
738,6,0.00,0.00,0.00,0.00,1.0,-1,-1,-1
738,7,0.00,0.00,0.00,0.00,1.0,-1,-1,-1
738,8,611.00,296.00,68.00,243.00,1.0,-1,-1,-1
739,0,297.00,488.00,122.00,246.00,1.0,-1,-1,-1
739,1,389.00,517.00,73.00,109.00,1.0,-1,-1,-1
739,2,1428.00,421.00,54.00,189.00,1.0,-1,-1,-1
739,3,0.00,0.00,0.00,0.00,1.0,-1,-1,-1
739,4,0.00,0.00,0.00,0.00,1.0,-1,-1,-1
739,5,1428.00,421.00,54.00,189.00,1.0,-1,-1,-1
739,6,0.00,0.00,0.00,0.00,1.0,-1,-1,-1
739,7,0.00,0.00,0.00,0.00,1.0,-1,-1,-1
739,8,611.00,296.00,74.00,242.00,1.0,-1,-1,-1
740,0,297.00,488.00,121.00,246.00,1.0,-1,-1,-1
740,1,389.00,517.00,74.00,110.00,1.0,-1,-1,-1
740,2,1411.00,420.00,64.00,189.00,1.0,-1,-1,-1
740,3,0.00,0.00,0.00,0.00,1.0,-1,-1,-1
740,4,0.00,0.00,0.00,0.00,1.0,-1,-1,-1
740,5,1411.00,420.00,64.00,189.00,1.0,-1,-1,-1
740,6,0.00,0.00,0.00,0.00,1.0,-1,-1,-1
740,7,0.00,0.00,0.00,0.00,1.0,-1,-1,-1
740,8,615.00,297.00,73.00,242.00,1.0,-1,-1,-1
741,0,298.00,488.00,120.00,246.00,1.0,-1,-1,-1
741,1,388.00,517.00,75.00,110.00,1.0,-1,-1,-1
741,2,1397.00,422.00,72.00,182.00,1.0,-1,-1,-1
741,3,0.00,0.00,0.00,0.00,1.0,-1,-1,-1
741,4,0.00,0.00,0.00,0.00,1.0,-1,-1,-1
741,5,1397.00,422.00,72.00,182.00,1.0,-1,-1,-1
741,6,0.00,0.00,0.00,0.00,1.0,-1,-1,-1
741,7,0.00,0.00,0.00,0.00,1.0,-1,-1,-1
741,8,615.00,297.00,75.00,242.00,1.0,-1,-1,-1
742,0,297.00,488.00,121.00,246.00,1.0,-1,-1,-1
742,1,388.00,517.00,75.00,112.00,1.0,-1,-1,-1
742,2,1392.00,421.00,69.00,181.00,1.0,-1,-1,-1
742,3,0.00,0.00,0.00,0.00,1.0,-1,-1,-1
742,4,0.00,0.00,0.00,0.00,1.0,-1,-1,-1
742,5,1391.00,421.00,71.00,181.00,1.0,-1,-1,-1
742,6,0.00,0.00,0.00,0.00,1.0,-1,-1,-1
742,7,0.00,0.00,0.00,0.00,1.0,-1,-1,-1
742,8,615.00,297.00,76.00,242.00,1.0,-1,-1,-1
743,0,297.00,488.00,121.00,246.00,1.0,-1,-1,-1
743,1,387.00,517.00,75.00,112.00,1.0,-1,-1,-1
743,2,1390.00,421.00,69.00,181.00,1.0,-1,-1,-1
743,3,0.00,0.00,0.00,0.00,1.0,-1,-1,-1
743,4,0.00,0.00,0.00,0.00,1.0,-1,-1,-1
743,5,1389.00,421.00,70.00,182.00,1.0,-1,-1,-1
743,6,0.00,0.00,0.00,0.00,1.0,-1,-1,-1
743,7,0.00,0.00,0.00,0.00,1.0,-1,-1,-1
743,8,615.00,297.00,76.00,242.00,1.0,-1,-1,-1
744,0,297.00,488.00,120.00,246.00,1.0,-1,-1,-1
744,1,387.00,517.00,76.00,112.00,1.0,-1,-1,-1
744,2,1388.00,421.00,61.00,182.00,1.0,-1,-1,-1
744,3,0.00,0.00,0.00,0.00,1.0,-1,-1,-1
744,4,0.00,0.00,0.00,0.00,1.0,-1,-1,-1
744,5,1388.00,421.00,61.00,182.00,1.0,-1,-1,-1
744,6,0.00,0.00,0.00,0.00,1.0,-1,-1,-1
744,7,0.00,0.00,0.00,0.00,1.0,-1,-1,-1
744,8,616.00,299.00,75.00,240.00,1.0,-1,-1,-1
745,0,297.00,488.00,120.00,246.00,1.0,-1,-1,-1
745,1,388.00,517.00,74.00,112.00,1.0,-1,-1,-1
745,2,1388.00,420.00,57.00,184.00,1.0,-1,-1,-1
745,3,0.00,0.00,0.00,0.00,1.0,-1,-1,-1
745,4,0.00,0.00,0.00,0.00,1.0,-1,-1,-1
745,5,1388.00,420.00,57.00,184.00,1.0,-1,-1,-1
745,6,0.00,0.00,0.00,0.00,1.0,-1,-1,-1
745,7,0.00,0.00,0.00,0.00,1.0,-1,-1,-1
745,8,615.00,299.00,77.00,240.00,1.0,-1,-1,-1
746,0,297.00,488.00,120.00,246.00,1.0,-1,-1,-1
746,1,387.00,517.00,75.00,113.00,1.0,-1,-1,-1
746,2,1391.00,420.00,47.00,77.00,1.0,-1,-1,-1
746,3,0.00,0.00,0.00,0.00,1.0,-1,-1,-1
746,4,0.00,0.00,0.00,0.00,1.0,-1,-1,-1
746,5,1389.00,420.00,49.00,77.00,1.0,-1,-1,-1
746,6,0.00,0.00,0.00,0.00,1.0,-1,-1,-1
746,7,0.00,0.00,0.00,0.00,1.0,-1,-1,-1
746,8,616.00,299.00,76.00,240.00,1.0,-1,-1,-1
747,0,298.00,488.00,119.00,246.00,1.0,-1,-1,-1
747,1,388.00,517.00,73.00,113.00,1.0,-1,-1,-1
747,2,1397.00,418.00,36.00,131.00,1.0,-1,-1,-1
747,3,0.00,0.00,0.00,0.00,1.0,-1,-1,-1
747,4,0.00,0.00,0.00,0.00,1.0,-1,-1,-1
747,5,1382.00,418.00,50.00,140.00,1.0,-1,-1,-1
747,6,0.00,0.00,0.00,0.00,1.0,-1,-1,-1
747,7,0.00,0.00,0.00,0.00,1.0,-1,-1,-1
747,8,617.00,301.00,75.00,238.00,1.0,-1,-1,-1
748,0,298.00,488.00,119.00,246.00,1.0,-1,-1,-1
748,1,388.00,517.00,73.00,113.00,1.0,-1,-1,-1
748,2,1386.00,418.00,41.00,139.00,1.0,-1,-1,-1
748,3,0.00,0.00,0.00,0.00,1.0,-1,-1,-1
748,4,0.00,0.00,0.00,0.00,1.0,-1,-1,-1
748,5,1375.00,418.00,52.00,139.00,1.0,-1,-1,-1
748,6,0.00,0.00,0.00,0.00,1.0,-1,-1,-1
748,7,0.00,0.00,0.00,0.00,1.0,-1,-1,-1
748,8,617.00,301.00,76.00,239.00,1.0,-1,-1,-1
749,0,298.00,489.00,120.00,245.00,1.0,-1,-1,-1
749,1,388.00,517.00,71.00,115.00,1.0,-1,-1,-1
749,2,1374.00,417.00,47.00,146.00,1.0,-1,-1,-1
749,3,0.00,0.00,0.00,0.00,1.0,-1,-1,-1
749,4,0.00,0.00,0.00,0.00,1.0,-1,-1,-1
749,5,1367.00,417.00,52.00,146.00,1.0,-1,-1,-1
749,6,0.00,0.00,0.00,0.00,1.0,-1,-1,-1
749,7,0.00,0.00,0.00,0.00,1.0,-1,-1,-1
749,8,618.00,301.00,75.00,238.00,1.0,-1,-1,-1
750,0,298.00,489.00,119.00,245.00,1.0,-1,-1,-1
750,1,389.00,517.00,70.00,115.00,1.0,-1,-1,-1
750,2,1361.00,416.00,50.00,147.00,1.0,-1,-1,-1
750,3,0.00,0.00,0.00,0.00,1.0,-1,-1,-1
750,4,0.00,0.00,0.00,0.00,1.0,-1,-1,-1
750,5,1359.00,416.00,51.00,149.00,1.0,-1,-1,-1
750,6,0.00,0.00,0.00,0.00,1.0,-1,-1,-1
750,7,0.00,0.00,0.00,0.00,1.0,-1,-1,-1
750,8,619.00,301.00,75.00,238.00,1.0,-1,-1,-1
751,0,299.00,489.00,118.00,245.00,1.0,-1,-1,-1
751,1,389.00,517.00,67.00,117.00,1.0,-1,-1,-1
751,2,1361.00,415.00,45.00,172.00,1.0,-1,-1,-1
751,3,0.00,0.00,0.00,0.00,1.0,-1,-1,-1
751,4,0.00,0.00,0.00,0.00,1.0,-1,-1,-1
751,5,1356.00,415.00,50.00,172.00,1.0,-1,-1,-1
751,6,0.00,0.00,0.00,0.00,1.0,-1,-1,-1
751,7,0.00,0.00,0.00,0.00,1.0,-1,-1,-1
751,8,619.00,302.00,75.00,237.00,1.0,-1,-1,-1
752,0,299.00,489.00,118.00,245.00,1.0,-1,-1,-1
752,1,387.00,516.00,69.00,122.00,1.0,-1,-1,-1
752,2,1343.00,411.00,64.00,174.00,1.0,-1,-1,-1
752,3,0.00,0.00,0.00,0.00,1.0,-1,-1,-1
752,4,0.00,0.00,0.00,0.00,1.0,-1,-1,-1
752,5,1343.00,410.00,64.00,176.00,1.0,-1,-1,-1
752,6,0.00,0.00,0.00,0.00,1.0,-1,-1,-1
752,7,0.00,0.00,0.00,0.00,1.0,-1,-1,-1
752,8,619.00,303.00,75.00,236.00,1.0,-1,-1,-1
753,0,300.00,489.00,117.00,245.00,1.0,-1,-1,-1
753,1,389.00,517.00,36.00,125.00,1.0,-1,-1,-1
753,2,1329.00,436.00,64.00,148.00,1.0,-1,-1,-1
753,3,0.00,0.00,0.00,0.00,1.0,-1,-1,-1
753,4,0.00,0.00,0.00,0.00,1.0,-1,-1,-1
753,5,1328.00,415.00,65.00,169.00,1.0,-1,-1,-1
753,6,0.00,0.00,0.00,0.00,1.0,-1,-1,-1
753,7,0.00,0.00,0.00,0.00,1.0,-1,-1,-1
753,8,619.00,304.00,76.00,235.00,1.0,-1,-1,-1
754,0,300.00,489.00,117.00,245.00,1.0,-1,-1,-1
754,1,388.00,517.00,38.00,127.00,1.0,-1,-1,-1
754,2,1328.00,450.00,49.00,134.00,1.0,-1,-1,-1
754,3,0.00,0.00,0.00,0.00,1.0,-1,-1,-1
754,4,0.00,0.00,0.00,0.00,1.0,-1,-1,-1
754,5,1326.00,437.00,57.00,148.00,1.0,-1,-1,-1
754,6,0.00,0.00,0.00,0.00,1.0,-1,-1,-1
754,7,0.00,0.00,0.00,0.00,1.0,-1,-1,-1
754,8,619.00,304.00,76.00,235.00,1.0,-1,-1,-1
755,0,300.00,489.00,117.00,245.00,1.0,-1,-1,-1
755,1,390.00,517.00,36.00,127.00,1.0,-1,-1,-1
755,2,1329.00,536.00,34.00,49.00,1.0,-1,-1,-1
755,3,0.00,0.00,0.00,0.00,1.0,-1,-1,-1
755,4,0.00,0.00,0.00,0.00,1.0,-1,-1,-1
755,5,1329.00,441.00,49.00,145.00,1.0,-1,-1,-1
755,6,0.00,0.00,0.00,0.00,1.0,-1,-1,-1
755,7,0.00,0.00,0.00,0.00,1.0,-1,-1,-1
755,8,620.00,306.00,75.00,233.00,1.0,-1,-1,-1
756,0,300.00,489.00,109.00,245.00,1.0,-1,-1,-1
756,1,390.00,516.00,38.00,183.00,1.0,-1,-1,-1
756,2,1330.00,438.00,46.00,146.00,1.0,-1,-1,-1
756,3,0.00,0.00,0.00,0.00,1.0,-1,-1,-1
756,4,0.00,0.00,0.00,0.00,1.0,-1,-1,-1
756,5,1329.00,438.00,46.00,146.00,1.0,-1,-1,-1
756,6,0.00,0.00,0.00,0.00,1.0,-1,-1,-1
756,7,0.00,0.00,0.00,0.00,1.0,-1,-1,-1
756,8,620.00,306.00,75.00,233.00,1.0,-1,-1,-1
757,0,300.00,490.00,108.00,244.00,1.0,-1,-1,-1
757,1,389.00,516.00,43.00,208.00,1.0,-1,-1,-1
757,2,1345.00,437.00,75.00,164.00,1.0,-1,-1,-1
757,3,0.00,0.00,0.00,0.00,1.0,-1,-1,-1
757,4,0.00,0.00,0.00,0.00,1.0,-1,-1,-1
757,5,1324.00,438.00,96.00,163.00,1.0,-1,-1,-1
757,6,0.00,0.00,0.00,0.00,1.0,-1,-1,-1
757,7,0.00,0.00,0.00,0.00,1.0,-1,-1,-1
757,8,620.00,306.00,75.00,234.00,1.0,-1,-1,-1
758,0,297.00,489.00,111.00,245.00,1.0,-1,-1,-1
758,1,389.00,516.00,33.00,122.00,1.0,-1,-1,-1
758,2,1391.00,573.00,23.00,25.00,1.0,-1,-1,-1
758,3,0.00,0.00,0.00,0.00,1.0,-1,-1,-1
758,4,0.00,0.00,0.00,0.00,1.0,-1,-1,-1
758,5,1322.00,436.00,92.00,163.00,1.0,-1,-1,-1
758,6,0.00,0.00,0.00,0.00,1.0,-1,-1,-1
758,7,0.00,0.00,0.00,0.00,1.0,-1,-1,-1
758,8,620.00,306.00,75.00,233.00,1.0,-1,-1,-1
759,0,294.00,489.00,122.00,245.00,1.0,-1,-1,-1
759,1,390.00,516.00,36.00,191.00,1.0,-1,-1,-1
759,2,1359.00,568.00,47.00,51.00,1.0,-1,-1,-1
759,3,0.00,0.00,0.00,0.00,1.0,-1,-1,-1
759,4,0.00,0.00,0.00,0.00,1.0,-1,-1,-1
759,5,1315.00,435.00,91.00,183.00,1.0,-1,-1,-1
759,6,0.00,0.00,0.00,0.00,1.0,-1,-1,-1
759,7,0.00,0.00,0.00,0.00,1.0,-1,-1,-1
759,8,620.00,306.00,75.00,233.00,1.0,-1,-1,-1
760,0,298.00,489.00,113.00,245.00,1.0,-1,-1,-1
760,1,391.00,517.00,42.00,208.00,1.0,-1,-1,-1
760,2,1354.00,590.00,38.00,38.00,1.0,-1,-1,-1
760,3,0.00,0.00,0.00,0.00,1.0,-1,-1,-1
760,4,0.00,0.00,0.00,0.00,1.0,-1,-1,-1
760,5,1305.00,435.00,72.00,186.00,1.0,-1,-1,-1
760,6,0.00,0.00,0.00,0.00,1.0,-1,-1,-1
760,7,0.00,0.00,0.00,0.00,1.0,-1,-1,-1
760,8,620.00,307.00,75.00,232.00,1.0,-1,-1,-1
761,0,298.00,489.00,119.00,245.00,1.0,-1,-1,-1
761,1,391.00,517.00,41.00,197.00,1.0,-1,-1,-1
761,2,1307.00,439.00,86.00,193.00,1.0,-1,-1,-1
761,3,0.00,0.00,0.00,0.00,1.0,-1,-1,-1
761,4,0.00,0.00,0.00,0.00,1.0,-1,-1,-1
761,5,1301.00,437.00,91.00,190.00,1.0,-1,-1,-1
761,6,0.00,0.00,0.00,0.00,1.0,-1,-1,-1
761,7,0.00,0.00,0.00,0.00,1.0,-1,-1,-1
761,8,621.00,307.00,75.00,232.00,1.0,-1,-1,-1
762,0,299.00,489.00,118.00,245.00,1.0,-1,-1,-1
762,1,393.00,517.00,39.00,207.00,1.0,-1,-1,-1
762,2,1298.00,435.00,94.00,192.00,1.0,-1,-1,-1
762,3,0.00,0.00,0.00,0.00,1.0,-1,-1,-1
762,4,0.00,0.00,0.00,0.00,1.0,-1,-1,-1
762,5,1297.00,436.00,80.00,185.00,1.0,-1,-1,-1
762,6,0.00,0.00,0.00,0.00,1.0,-1,-1,-1
762,7,0.00,0.00,0.00,0.00,1.0,-1,-1,-1
762,8,621.00,307.00,77.00,232.00,1.0,-1,-1,-1
763,0,299.00,489.00,118.00,245.00,1.0,-1,-1,-1
763,1,394.00,517.00,39.00,207.00,1.0,-1,-1,-1
763,2,1290.00,430.00,36.00,104.00,1.0,-1,-1,-1
763,3,0.00,0.00,0.00,0.00,1.0,-1,-1,-1
763,4,0.00,0.00,0.00,0.00,1.0,-1,-1,-1
763,5,1291.00,455.00,34.00,26.00,1.0,-1,-1,-1
763,6,0.00,0.00,0.00,0.00,1.0,-1,-1,-1
763,7,0.00,0.00,0.00,0.00,1.0,-1,-1,-1
763,8,623.00,307.00,80.00,232.00,1.0,-1,-1,-1
764,0,300.00,489.00,118.00,245.00,1.0,-1,-1,-1
764,1,395.00,517.00,38.00,159.00,1.0,-1,-1,-1
764,2,1283.00,410.00,89.00,117.00,1.0,-1,-1,-1
764,3,0.00,0.00,0.00,0.00,1.0,-1,-1,-1
764,4,0.00,0.00,0.00,0.00,1.0,-1,-1,-1
764,5,1283.00,411.00,86.00,61.00,1.0,-1,-1,-1
764,6,0.00,0.00,0.00,0.00,1.0,-1,-1,-1
764,7,0.00,0.00,0.00,0.00,1.0,-1,-1,-1
764,8,624.00,306.00,82.00,233.00,1.0,-1,-1,-1
765,0,300.00,489.00,118.00,245.00,1.0,-1,-1,-1
765,1,394.00,517.00,40.00,156.00,1.0,-1,-1,-1
765,2,1278.00,401.00,97.00,118.00,1.0,-1,-1,-1
765,3,0.00,0.00,0.00,0.00,1.0,-1,-1,-1
765,4,0.00,0.00,0.00,0.00,1.0,-1,-1,-1
765,5,1278.00,411.00,91.00,60.00,1.0,-1,-1,-1
765,6,0.00,0.00,0.00,0.00,1.0,-1,-1,-1
765,7,0.00,0.00,0.00,0.00,1.0,-1,-1,-1
765,8,624.00,305.00,85.00,234.00,1.0,-1,-1,-1
766,0,300.00,490.00,118.00,244.00,1.0,-1,-1,-1
766,1,394.00,517.00,38.00,130.00,1.0,-1,-1,-1
766,2,1276.00,385.00,97.00,189.00,1.0,-1,-1,-1
766,3,0.00,0.00,0.00,0.00,1.0,-1,-1,-1
766,4,0.00,0.00,0.00,0.00,1.0,-1,-1,-1
766,5,1272.00,432.00,39.00,141.00,1.0,-1,-1,-1
766,6,0.00,0.00,0.00,0.00,1.0,-1,-1,-1
766,7,0.00,0.00,0.00,0.00,1.0,-1,-1,-1
766,8,625.00,305.00,86.00,234.00,1.0,-1,-1,-1
767,0,300.00,490.00,119.00,244.00,1.0,-1,-1,-1
767,1,395.00,516.00,37.00,131.00,1.0,-1,-1,-1
767,2,1271.00,385.00,110.00,185.00,1.0,-1,-1,-1
767,3,0.00,0.00,0.00,0.00,1.0,-1,-1,-1
767,4,0.00,0.00,0.00,0.00,1.0,-1,-1,-1
767,5,1265.00,393.00,116.00,175.00,1.0,-1,-1,-1
767,6,0.00,0.00,0.00,0.00,1.0,-1,-1,-1
767,7,0.00,0.00,0.00,0.00,1.0,-1,-1,-1
767,8,624.00,305.00,89.00,234.00,1.0,-1,-1,-1
768,0,300.00,490.00,119.00,244.00,1.0,-1,-1,-1
768,1,395.00,516.00,37.00,131.00,1.0,-1,-1,-1
768,2,1327.00,379.00,59.00,58.00,1.0,-1,-1,-1
768,3,0.00,0.00,0.00,0.00,1.0,-1,-1,-1
768,4,0.00,0.00,0.00,0.00,1.0,-1,-1,-1
768,5,1270.00,434.00,32.00,42.00,1.0,-1,-1,-1
768,6,0.00,0.00,0.00,0.00,1.0,-1,-1,-1
768,7,0.00,0.00,0.00,0.00,1.0,-1,-1,-1
768,8,625.00,305.00,88.00,234.00,1.0,-1,-1,-1
769,0,300.00,490.00,119.00,244.00,1.0,-1,-1,-1
769,1,394.00,517.00,35.00,127.00,1.0,-1,-1,-1
769,2,1328.00,302.00,65.00,136.00,1.0,-1,-1,-1
769,3,0.00,0.00,0.00,0.00,1.0,-1,-1,-1
769,4,0.00,0.00,0.00,0.00,1.0,-1,-1,-1
769,5,1277.00,442.00,85.00,171.00,1.0,-1,-1,-1
769,6,0.00,0.00,0.00,0.00,1.0,-1,-1,-1
769,7,0.00,0.00,0.00,0.00,1.0,-1,-1,-1
769,8,626.00,303.00,87.00,236.00,1.0,-1,-1,-1
770,0,300.00,490.00,119.00,244.00,1.0,-1,-1,-1
770,1,389.00,516.00,39.00,129.00,1.0,-1,-1,-1
770,2,1330.00,299.00,63.00,141.00,1.0,-1,-1,-1
770,3,0.00,0.00,0.00,0.00,1.0,-1,-1,-1
770,4,0.00,0.00,0.00,0.00,1.0,-1,-1,-1
770,5,1307.00,393.00,50.00,221.00,1.0,-1,-1,-1
770,6,0.00,0.00,0.00,0.00,1.0,-1,-1,-1
770,7,0.00,0.00,0.00,0.00,1.0,-1,-1,-1
770,8,630.00,303.00,84.00,236.00,1.0,-1,-1,-1
771,0,300.00,486.00,117.00,248.00,1.0,-1,-1,-1
771,1,379.00,517.00,47.00,125.00,1.0,-1,-1,-1
771,2,1334.00,299.00,60.00,143.00,1.0,-1,-1,-1
771,3,0.00,0.00,0.00,0.00,1.0,-1,-1,-1
771,4,0.00,0.00,0.00,0.00,1.0,-1,-1,-1
771,5,1301.00,419.00,47.00,197.00,1.0,-1,-1,-1
771,6,0.00,0.00,0.00,0.00,1.0,-1,-1,-1
771,7,0.00,0.00,0.00,0.00,1.0,-1,-1,-1
771,8,631.00,301.00,83.00,238.00,1.0,-1,-1,-1
772,0,301.00,486.00,116.00,248.00,1.0,-1,-1,-1
772,1,397.00,517.00,30.00,126.00,1.0,-1,-1,-1
772,2,1337.00,298.00,59.00,144.00,1.0,-1,-1,-1
772,3,0.00,0.00,0.00,0.00,1.0,-1,-1,-1
772,4,0.00,0.00,0.00,0.00,1.0,-1,-1,-1
772,5,0.00,0.00,0.00,0.00,1.0,-1,-1,-1
772,6,0.00,0.00,0.00,0.00,1.0,-1,-1,-1
772,7,0.00,0.00,0.00,0.00,1.0,-1,-1,-1
772,8,630.00,301.00,84.00,238.00,1.0,-1,-1,-1
773,0,302.00,487.00,115.00,247.00,1.0,-1,-1,-1
773,1,389.00,516.00,37.00,126.00,1.0,-1,-1,-1
773,2,1338.00,298.00,68.00,144.00,1.0,-1,-1,-1
773,3,0.00,0.00,0.00,0.00,1.0,-1,-1,-1
773,4,0.00,0.00,0.00,0.00,1.0,-1,-1,-1
773,5,1241.00,385.00,49.00,95.00,1.0,-1,-1,-1
773,6,0.00,0.00,0.00,0.00,1.0,-1,-1,-1
773,7,0.00,0.00,0.00,0.00,1.0,-1,-1,-1
773,8,632.00,299.00,82.00,240.00,1.0,-1,-1,-1
774,0,302.00,484.00,109.00,250.00,1.0,-1,-1,-1
774,1,376.00,482.00,50.00,161.00,1.0,-1,-1,-1
774,2,1343.00,298.00,67.00,144.00,1.0,-1,-1,-1
774,3,0.00,0.00,0.00,0.00,1.0,-1,-1,-1
774,4,0.00,0.00,0.00,0.00,1.0,-1,-1,-1
774,5,1239.00,381.00,52.00,209.00,1.0,-1,-1,-1
774,6,0.00,0.00,0.00,0.00,1.0,-1,-1,-1
774,7,0.00,0.00,0.00,0.00,1.0,-1,-1,-1
774,8,632.00,299.00,82.00,240.00,1.0,-1,-1,-1
775,0,302.00,487.00,110.00,247.00,1.0,-1,-1,-1
775,1,354.00,443.00,72.00,200.00,1.0,-1,-1,-1
775,2,1345.00,296.00,65.00,146.00,1.0,-1,-1,-1
775,3,0.00,0.00,0.00,0.00,1.0,-1,-1,-1
775,4,0.00,0.00,0.00,0.00,1.0,-1,-1,-1
775,5,1225.00,390.00,56.00,198.00,1.0,-1,-1,-1
775,6,0.00,0.00,0.00,0.00,1.0,-1,-1,-1
775,7,0.00,0.00,0.00,0.00,1.0,-1,-1,-1
775,8,634.00,298.00,80.00,241.00,1.0,-1,-1,-1
776,0,302.00,488.00,116.00,246.00,1.0,-1,-1,-1
776,1,359.00,442.00,68.00,202.00,1.0,-1,-1,-1
776,2,1351.00,289.00,63.00,155.00,1.0,-1,-1,-1
776,3,0.00,0.00,0.00,0.00,1.0,-1,-1,-1
776,4,0.00,0.00,0.00,0.00,1.0,-1,-1,-1
776,5,1217.00,431.00,49.00,153.00,1.0,-1,-1,-1
776,6,0.00,0.00,0.00,0.00,1.0,-1,-1,-1
776,7,0.00,0.00,0.00,0.00,1.0,-1,-1,-1
776,8,634.00,297.00,80.00,242.00,1.0,-1,-1,-1
777,0,303.00,489.00,109.00,245.00,1.0,-1,-1,-1
777,1,366.00,442.00,60.00,201.00,1.0,-1,-1,-1
777,2,1361.00,293.00,53.00,153.00,1.0,-1,-1,-1
777,3,0.00,0.00,0.00,0.00,1.0,-1,-1,-1
777,4,0.00,0.00,0.00,0.00,1.0,-1,-1,-1
777,5,1216.00,447.00,71.00,160.00,1.0,-1,-1,-1
777,6,0.00,0.00,0.00,0.00,1.0,-1,-1,-1
777,7,0.00,0.00,0.00,0.00,1.0,-1,-1,-1
777,8,638.00,296.00,76.00,243.00,1.0,-1,-1,-1
778,0,304.00,489.00,107.00,245.00,1.0,-1,-1,-1
778,1,371.00,444.00,76.00,199.00,1.0,-1,-1,-1
778,2,1368.00,296.00,56.00,151.00,1.0,-1,-1,-1
778,3,0.00,0.00,0.00,0.00,1.0,-1,-1,-1
778,4,0.00,0.00,0.00,0.00,1.0,-1,-1,-1
778,5,1214.00,451.00,90.00,163.00,1.0,-1,-1,-1
778,6,0.00,0.00,0.00,0.00,1.0,-1,-1,-1
778,7,0.00,0.00,0.00,0.00,1.0,-1,-1,-1
778,8,640.00,296.00,74.00,243.00,1.0,-1,-1,-1
779,0,289.00,490.00,122.00,244.00,1.0,-1,-1,-1
779,1,373.00,447.00,91.00,195.00,1.0,-1,-1,-1
779,2,1368.00,295.00,68.00,152.00,1.0,-1,-1,-1
779,3,0.00,0.00,0.00,0.00,1.0,-1,-1,-1
779,4,0.00,0.00,0.00,0.00,1.0,-1,-1,-1
779,5,1224.00,437.00,85.00,177.00,1.0,-1,-1,-1
779,6,0.00,0.00,0.00,0.00,1.0,-1,-1,-1
779,7,0.00,0.00,0.00,0.00,1.0,-1,-1,-1
779,8,640.00,295.00,74.00,244.00,1.0,-1,-1,-1
780,0,299.00,490.00,113.00,244.00,1.0,-1,-1,-1
780,1,382.00,450.00,91.00,192.00,1.0,-1,-1,-1
780,2,1368.00,300.00,81.00,146.00,1.0,-1,-1,-1
780,3,0.00,0.00,0.00,0.00,1.0,-1,-1,-1
780,4,0.00,0.00,0.00,0.00,1.0,-1,-1,-1
780,5,1233.00,458.00,75.00,155.00,1.0,-1,-1,-1
780,6,0.00,0.00,0.00,0.00,1.0,-1,-1,-1
780,7,0.00,0.00,0.00,0.00,1.0,-1,-1,-1
780,8,640.00,295.00,75.00,244.00,1.0,-1,-1,-1
781,0,303.00,490.00,111.00,244.00,1.0,-1,-1,-1
781,1,385.00,467.00,95.00,170.00,1.0,-1,-1,-1
781,2,1369.00,298.00,87.00,148.00,1.0,-1,-1,-1
781,3,0.00,0.00,0.00,0.00,1.0,-1,-1,-1
781,4,0.00,0.00,0.00,0.00,1.0,-1,-1,-1
781,5,1275.00,450.00,27.00,157.00,1.0,-1,-1,-1
781,6,0.00,0.00,0.00,0.00,1.0,-1,-1,-1
781,7,0.00,0.00,0.00,0.00,1.0,-1,-1,-1
781,8,640.00,294.00,75.00,245.00,1.0,-1,-1,-1
782,0,300.00,490.00,115.00,244.00,1.0,-1,-1,-1
782,1,392.00,465.00,137.00,203.00,1.0,-1,-1,-1
782,2,1368.00,296.00,89.00,151.00,1.0,-1,-1,-1
782,3,0.00,0.00,0.00,0.00,1.0,-1,-1,-1
782,4,0.00,0.00,0.00,0.00,1.0,-1,-1,-1
782,5,1263.00,439.00,36.00,163.00,1.0,-1,-1,-1
782,6,0.00,0.00,0.00,0.00,1.0,-1,-1,-1
782,7,0.00,0.00,0.00,0.00,1.0,-1,-1,-1
782,8,640.00,293.00,75.00,245.00,1.0,-1,-1,-1
783,0,301.00,490.00,116.00,244.00,1.0,-1,-1,-1
783,1,399.00,448.00,137.00,223.00,1.0,-1,-1,-1
783,2,1370.00,297.00,88.00,151.00,1.0,-1,-1,-1
783,3,0.00,0.00,0.00,0.00,1.0,-1,-1,-1
783,4,0.00,0.00,0.00,0.00,1.0,-1,-1,-1
783,5,1195.00,350.00,99.00,246.00,1.0,-1,-1,-1
783,6,0.00,0.00,0.00,0.00,1.0,-1,-1,-1
783,7,0.00,0.00,0.00,0.00,1.0,-1,-1,-1
783,8,640.00,293.00,76.00,245.00,1.0,-1,-1,-1
784,0,303.00,490.00,114.00,244.00,1.0,-1,-1,-1
784,1,409.00,448.00,130.00,227.00,1.0,-1,-1,-1
784,2,1374.00,299.00,84.00,149.00,1.0,-1,-1,-1
784,3,0.00,0.00,0.00,0.00,1.0,-1,-1,-1
784,4,0.00,0.00,0.00,0.00,1.0,-1,-1,-1
784,5,1188.00,335.00,93.00,249.00,1.0,-1,-1,-1
784,6,0.00,0.00,0.00,0.00,1.0,-1,-1,-1
784,7,0.00,0.00,0.00,0.00,1.0,-1,-1,-1
784,8,641.00,292.00,75.00,244.00,1.0,-1,-1,-1
785,0,302.00,490.00,112.00,244.00,1.0,-1,-1,-1
785,1,416.00,448.00,125.00,229.00,1.0,-1,-1,-1
785,2,1389.00,298.00,69.00,149.00,1.0,-1,-1,-1
785,3,0.00,0.00,0.00,0.00,1.0,-1,-1,-1
785,4,0.00,0.00,0.00,0.00,1.0,-1,-1,-1
785,5,1193.00,334.00,72.00,253.00,1.0,-1,-1,-1
785,6,0.00,0.00,0.00,0.00,1.0,-1,-1,-1
785,7,0.00,0.00,0.00,0.00,1.0,-1,-1,-1
785,8,641.00,291.00,75.00,244.00,1.0,-1,-1,-1
786,0,302.00,490.00,114.00,244.00,1.0,-1,-1,-1
786,1,433.00,447.00,108.00,232.00,1.0,-1,-1,-1
786,2,1400.00,299.00,60.00,149.00,1.0,-1,-1,-1
786,3,0.00,0.00,0.00,0.00,1.0,-1,-1,-1
786,4,0.00,0.00,0.00,0.00,1.0,-1,-1,-1
786,5,1195.00,333.00,74.00,239.00,1.0,-1,-1,-1
786,6,0.00,0.00,0.00,0.00,1.0,-1,-1,-1
786,7,0.00,0.00,0.00,0.00,1.0,-1,-1,-1
786,8,641.00,290.00,75.00,243.00,1.0,-1,-1,-1
787,0,302.00,491.00,113.00,243.00,1.0,-1,-1,-1
787,1,439.00,444.00,102.00,234.00,1.0,-1,-1,-1
787,2,1409.00,301.00,56.00,146.00,1.0,-1,-1,-1
787,3,0.00,0.00,0.00,0.00,1.0,-1,-1,-1
787,4,0.00,0.00,0.00,0.00,1.0,-1,-1,-1
787,5,1244.00,327.00,36.00,79.00,1.0,-1,-1,-1
787,6,0.00,0.00,0.00,0.00,1.0,-1,-1,-1
787,7,0.00,0.00,0.00,0.00,1.0,-1,-1,-1
787,8,641.00,291.00,75.00,240.00,1.0,-1,-1,-1
788,0,302.00,491.00,116.00,243.00,1.0,-1,-1,-1
788,1,444.00,443.00,98.00,235.00,1.0,-1,-1,-1
788,2,1417.00,301.00,53.00,146.00,1.0,-1,-1,-1
788,3,0.00,0.00,0.00,0.00,1.0,-1,-1,-1
788,4,0.00,0.00,0.00,0.00,1.0,-1,-1,-1
788,5,1178.00,334.00,101.00,249.00,1.0,-1,-1,-1
788,6,0.00,0.00,0.00,0.00,1.0,-1,-1,-1
788,7,0.00,0.00,0.00,0.00,1.0,-1,-1,-1
788,8,641.00,290.00,75.00,238.00,1.0,-1,-1,-1
789,0,302.00,491.00,117.00,243.00,1.0,-1,-1,-1
789,1,450.00,440.00,91.00,238.00,1.0,-1,-1,-1
789,2,1414.00,302.00,61.00,145.00,1.0,-1,-1,-1
789,3,0.00,0.00,0.00,0.00,1.0,-1,-1,-1
789,4,0.00,0.00,0.00,0.00,1.0,-1,-1,-1
789,5,1162.00,335.00,120.00,248.00,1.0,-1,-1,-1
789,6,0.00,0.00,0.00,0.00,1.0,-1,-1,-1
789,7,0.00,0.00,0.00,0.00,1.0,-1,-1,-1
789,8,641.00,290.00,75.00,236.00,1.0,-1,-1,-1
790,0,305.00,485.00,114.00,249.00,1.0,-1,-1,-1
790,1,456.00,441.00,87.00,237.00,1.0,-1,-1,-1
790,2,1420.00,302.00,63.00,144.00,1.0,-1,-1,-1
790,3,0.00,0.00,0.00,0.00,1.0,-1,-1,-1
790,4,0.00,0.00,0.00,0.00,1.0,-1,-1,-1
790,5,1155.00,336.00,134.00,245.00,1.0,-1,-1,-1
790,6,0.00,0.00,0.00,0.00,1.0,-1,-1,-1
790,7,0.00,0.00,0.00,0.00,1.0,-1,-1,-1
790,8,642.00,289.00,75.00,234.00,1.0,-1,-1,-1
791,0,305.00,486.00,113.00,248.00,1.0,-1,-1,-1
791,1,453.00,440.00,94.00,238.00,1.0,-1,-1,-1
791,2,1428.00,301.00,68.00,145.00,1.0,-1,-1,-1
791,3,0.00,0.00,0.00,0.00,1.0,-1,-1,-1
791,4,0.00,0.00,0.00,0.00,1.0,-1,-1,-1
791,5,1143.00,425.00,115.00,158.00,1.0,-1,-1,-1
791,6,0.00,0.00,0.00,0.00,1.0,-1,-1,-1
791,7,0.00,0.00,0.00,0.00,1.0,-1,-1,-1
791,8,640.00,290.00,77.00,231.00,1.0,-1,-1,-1
792,0,305.00,489.00,114.00,245.00,1.0,-1,-1,-1
792,1,469.00,442.00,89.00,236.00,1.0,-1,-1,-1
792,2,1433.00,301.00,66.00,146.00,1.0,-1,-1,-1
792,3,0.00,0.00,0.00,0.00,1.0,-1,-1,-1
792,4,0.00,0.00,0.00,0.00,1.0,-1,-1,-1
792,5,1141.00,411.00,116.00,171.00,1.0,-1,-1,-1
792,6,0.00,0.00,0.00,0.00,1.0,-1,-1,-1
792,7,0.00,0.00,0.00,0.00,1.0,-1,-1,-1
792,8,640.00,290.00,77.00,230.00,1.0,-1,-1,-1
793,0,305.00,490.00,113.00,244.00,1.0,-1,-1,-1
793,1,476.00,439.00,93.00,238.00,1.0,-1,-1,-1
793,2,1433.00,301.00,68.00,145.00,1.0,-1,-1,-1
793,3,0.00,0.00,0.00,0.00,1.0,-1,-1,-1
793,4,0.00,0.00,0.00,0.00,1.0,-1,-1,-1
793,5,1141.00,407.00,104.00,173.00,1.0,-1,-1,-1
793,6,0.00,0.00,0.00,0.00,1.0,-1,-1,-1
793,7,0.00,0.00,0.00,0.00,1.0,-1,-1,-1
793,8,639.00,290.00,78.00,231.00,1.0,-1,-1,-1
794,0,304.00,492.00,115.00,242.00,1.0,-1,-1,-1
794,1,483.00,437.00,113.00,240.00,1.0,-1,-1,-1
794,2,1432.00,299.00,73.00,148.00,1.0,-1,-1,-1
794,3,0.00,0.00,0.00,0.00,1.0,-1,-1,-1
794,4,0.00,0.00,0.00,0.00,1.0,-1,-1,-1
794,5,1141.00,410.00,103.00,167.00,1.0,-1,-1,-1
794,6,0.00,0.00,0.00,0.00,1.0,-1,-1,-1
794,7,0.00,0.00,0.00,0.00,1.0,-1,-1,-1
794,8,637.00,290.00,79.00,231.00,1.0,-1,-1,-1
795,0,304.00,492.00,114.00,242.00,1.0,-1,-1,-1
795,1,488.00,437.00,132.00,240.00,1.0,-1,-1,-1
795,2,1433.00,302.00,79.00,144.00,1.0,-1,-1,-1
795,3,0.00,0.00,0.00,0.00,1.0,-1,-1,-1
795,4,0.00,0.00,0.00,0.00,1.0,-1,-1,-1
795,5,1141.00,391.00,100.00,183.00,1.0,-1,-1,-1
795,6,0.00,0.00,0.00,0.00,1.0,-1,-1,-1
795,7,0.00,0.00,0.00,0.00,1.0,-1,-1,-1
795,8,636.00,291.00,80.00,230.00,1.0,-1,-1,-1
796,0,304.00,492.00,115.00,242.00,1.0,-1,-1,-1
796,1,498.00,439.00,138.00,238.00,1.0,-1,-1,-1
796,2,1436.00,308.00,78.00,138.00,1.0,-1,-1,-1
796,3,0.00,0.00,0.00,0.00,1.0,-1,-1,-1
796,4,0.00,0.00,0.00,0.00,1.0,-1,-1,-1
796,5,1141.00,390.00,91.00,180.00,1.0,-1,-1,-1
796,6,0.00,0.00,0.00,0.00,1.0,-1,-1,-1
796,7,0.00,0.00,0.00,0.00,1.0,-1,-1,-1
796,8,634.00,291.00,81.00,229.00,1.0,-1,-1,-1
797,0,304.00,492.00,114.00,242.00,1.0,-1,-1,-1
797,1,506.00,440.00,138.00,237.00,1.0,-1,-1,-1
797,2,1450.00,325.00,60.00,119.00,1.0,-1,-1,-1
797,3,0.00,0.00,0.00,0.00,1.0,-1,-1,-1
797,4,0.00,0.00,0.00,0.00,1.0,-1,-1,-1
797,5,1136.00,378.00,100.00,187.00,1.0,-1,-1,-1
797,6,0.00,0.00,0.00,0.00,1.0,-1,-1,-1
797,7,0.00,0.00,0.00,0.00,1.0,-1,-1,-1
797,8,633.00,291.00,81.00,230.00,1.0,-1,-1,-1
798,0,304.00,492.00,114.00,242.00,1.0,-1,-1,-1
798,1,464.00,439.00,182.00,238.00,1.0,-1,-1,-1
798,2,1458.00,322.00,56.00,121.00,1.0,-1,-1,-1
798,3,0.00,0.00,0.00,0.00,1.0,-1,-1,-1
798,4,0.00,0.00,0.00,0.00,1.0,-1,-1,-1
798,5,1133.00,369.00,96.00,196.00,1.0,-1,-1,-1
798,6,0.00,0.00,0.00,0.00,1.0,-1,-1,-1
798,7,0.00,0.00,0.00,0.00,1.0,-1,-1,-1
798,8,632.00,291.00,80.00,230.00,1.0,-1,-1,-1
798,9,1034.00,344.00,84.00,255.00,1.0,-1,-1,-1
799,0,304.00,492.00,114.00,242.00,1.0,-1,-1,-1
799,1,464.00,437.00,185.00,240.00,1.0,-1,-1,-1
799,2,0.00,0.00,0.00,0.00,1.0,-1,-1,-1
799,3,0.00,0.00,0.00,0.00,1.0,-1,-1,-1
799,4,0.00,0.00,0.00,0.00,1.0,-1,-1,-1
799,5,1127.00,396.00,81.00,169.00,1.0,-1,-1,-1
799,6,0.00,0.00,0.00,0.00,1.0,-1,-1,-1
799,7,0.00,0.00,0.00,0.00,1.0,-1,-1,-1
799,8,631.00,292.00,79.00,229.00,1.0,-1,-1,-1
799,9,1034.00,347.00,95.00,253.00,1.0,-1,-1,-1
800,0,304.00,492.00,114.00,242.00,1.0,-1,-1,-1
800,1,466.00,438.00,184.00,238.00,1.0,-1,-1,-1
800,2,1514.00,302.00,66.00,128.00,1.0,-1,-1,-1
800,3,0.00,0.00,0.00,0.00,1.0,-1,-1,-1
800,4,0.00,0.00,0.00,0.00,1.0,-1,-1,-1
800,5,1124.00,394.00,81.00,171.00,1.0,-1,-1,-1
800,6,0.00,0.00,0.00,0.00,1.0,-1,-1,-1
800,7,0.00,0.00,0.00,0.00,1.0,-1,-1,-1
800,8,630.00,293.00,76.00,228.00,1.0,-1,-1,-1
800,9,1034.00,349.00,103.00,262.00,1.0,-1,-1,-1
801,0,304.00,492.00,114.00,242.00,1.0,-1,-1,-1
801,1,460.00,437.00,190.00,237.00,1.0,-1,-1,-1
801,2,1510.00,302.00,33.00,135.00,1.0,-1,-1,-1
801,3,0.00,0.00,0.00,0.00,1.0,-1,-1,-1
801,4,0.00,0.00,0.00,0.00,1.0,-1,-1,-1
801,5,1120.00,396.00,83.00,169.00,1.0,-1,-1,-1
801,6,0.00,0.00,0.00,0.00,1.0,-1,-1,-1
801,7,0.00,0.00,0.00,0.00,1.0,-1,-1,-1
801,8,628.00,293.00,76.00,228.00,1.0,-1,-1,-1
801,9,1034.00,357.00,114.00,258.00,1.0,-1,-1,-1
802,0,304.00,492.00,114.00,242.00,1.0,-1,-1,-1
802,1,505.00,436.00,145.00,238.00,1.0,-1,-1,-1
802,2,1502.00,303.00,52.00,149.00,1.0,-1,-1,-1
802,3,0.00,0.00,0.00,0.00,1.0,-1,-1,-1
802,4,0.00,0.00,0.00,0.00,1.0,-1,-1,-1
802,5,1119.00,395.00,81.00,170.00,1.0,-1,-1,-1
802,6,0.00,0.00,0.00,0.00,1.0,-1,-1,-1
802,7,0.00,0.00,0.00,0.00,1.0,-1,-1,-1
802,8,627.00,293.00,75.00,228.00,1.0,-1,-1,-1
802,9,1035.00,359.00,131.00,262.00,1.0,-1,-1,-1
803,0,304.00,492.00,115.00,242.00,1.0,-1,-1,-1
803,1,505.00,435.00,145.00,237.00,1.0,-1,-1,-1
803,2,1499.00,302.00,57.00,152.00,1.0,-1,-1,-1
803,3,0.00,0.00,0.00,0.00,1.0,-1,-1,-1
803,4,0.00,0.00,0.00,0.00,1.0,-1,-1,-1
803,5,1139.00,410.00,59.00,155.00,1.0,-1,-1,-1
803,6,0.00,0.00,0.00,0.00,1.0,-1,-1,-1
803,7,0.00,0.00,0.00,0.00,1.0,-1,-1,-1
803,8,625.00,293.00,74.00,228.00,1.0,-1,-1,-1
803,9,1035.00,363.00,134.00,263.00,1.0,-1,-1,-1
804,0,304.00,492.00,115.00,242.00,1.0,-1,-1,-1
804,1,461.00,434.00,189.00,233.00,1.0,-1,-1,-1
804,2,1495.00,303.00,71.00,151.00,1.0,-1,-1,-1
804,3,0.00,0.00,0.00,0.00,1.0,-1,-1,-1
804,4,0.00,0.00,0.00,0.00,1.0,-1,-1,-1
804,5,1143.00,382.00,52.00,183.00,1.0,-1,-1,-1
804,6,0.00,0.00,0.00,0.00,1.0,-1,-1,-1
804,7,0.00,0.00,0.00,0.00,1.0,-1,-1,-1
804,8,625.00,293.00,72.00,228.00,1.0,-1,-1,-1
804,9,1037.00,365.00,136.00,267.00,1.0,-1,-1,-1
805,0,304.00,492.00,115.00,242.00,1.0,-1,-1,-1
805,1,564.00,434.00,87.00,233.00,1.0,-1,-1,-1
805,2,1498.00,303.00,79.00,151.00,1.0,-1,-1,-1
805,3,0.00,0.00,0.00,0.00,1.0,-1,-1,-1
805,4,0.00,0.00,0.00,0.00,1.0,-1,-1,-1
805,5,1150.00,380.00,41.00,185.00,1.0,-1,-1,-1
805,6,0.00,0.00,0.00,0.00,1.0,-1,-1,-1
805,7,0.00,0.00,0.00,0.00,1.0,-1,-1,-1
805,8,623.00,293.00,71.00,228.00,1.0,-1,-1,-1
805,9,1042.00,368.00,133.00,265.00,1.0,-1,-1,-1
