21,0,906.00,162.00,34.00,85.00,1.0,-1,-1,-1
22,0,925.00,160.00,34.00,90.00,1.0,-1,-1,-1
23,0,948.00,162.00,33.00,94.00,1.0,-1,-1,-1
24,0,971.00,163.00,37.00,104.00,1.0,-1,-1,-1
25,0,1003.00,168.00,37.00,109.00,1.0,-1,-1,-1
25,1,943.00,163.00,49.00,114.00,1.0,-1,-1,-1
26,0,1038.00,166.00,41.00,119.00,1.0,-1,-1,-1
26,1,971.00,164.00,52.00,123.00,1.0,-1,-1,-1
27,0,1076.00,163.00,52.00,130.00,1.0,-1,-1,-1
27,1,1003.00,160.00,56.00,135.00,1.0,-1,-1,-1
28,0,1126.00,156.00,71.00,146.00,1.0,-1,-1,-1
28,1,1045.00,152.00,59.00,149.00,1.0,-1,-1,-1
29,0,1179.00,153.00,63.00,162.00,1.0,-1,-1,-1
29,1,1094.00,146.00,67.00,166.00,1.0,-1,-1,-1
30,0,0.00,0.00,0.00,0.00,1.0,-1,-1,-1
30,1,1158.00,149.00,84.00,187.00,1.0,-1,-1,-1
31,0,0.00,0.00,0.00,0.00,1.0,-1,-1,-1
31,1,1236.00,320.00,6.00,29.00,1.0,-1,-1,-1
32,0,0.00,0.00,0.00,0.00,1.0,-1,-1,-1
32,1,0.00,0.00,0.00,0.00,1.0,-1,-1,-1
33,0,0.00,0.00,0.00,0.00,1.0,-1,-1,-1
33,1,0.00,0.00,0.00,0.00,1.0,-1,-1,-1
34,0,0.00,0.00,0.00,0.00,1.0,-1,-1,-1
34,1,0.00,0.00,0.00,0.00,1.0,-1,-1,-1
35,0,0.00,0.00,0.00,0.00,1.0,-1,-1,-1
35,1,0.00,0.00,0.00,0.00,1.0,-1,-1,-1
36,0,0.00,0.00,0.00,0.00,1.0,-1,-1,-1
36,1,0.00,0.00,0.00,0.00,1.0,-1,-1,-1
37,0,0.00,0.00,0.00,0.00,1.0,-1,-1,-1
37,1,0.00,0.00,0.00,0.00,1.0,-1,-1,-1
38,0,0.00,0.00,0.00,0.00,1.0,-1,-1,-1
38,1,0.00,0.00,0.00,0.00,1.0,-1,-1,-1
39,0,0.00,0.00,0.00,0.00,1.0,-1,-1,-1
39,1,0.00,0.00,0.00,0.00,1.0,-1,-1,-1
40,0,0.00,0.00,0.00,0.00,1.0,-1,-1,-1
40,1,0.00,0.00,0.00,0.00,1.0,-1,-1,-1
41,0,0.00,0.00,0.00,0.00,1.0,-1,-1,-1
41,1,0.00,0.00,0.00,0.00,1.0,-1,-1,-1
42,0,0.00,0.00,0.00,0.00,1.0,-1,-1,-1
42,1,0.00,0.00,0.00,0.00,1.0,-1,-1,-1
43,0,0.00,0.00,0.00,0.00,1.0,-1,-1,-1
43,1,0.00,0.00,0.00,0.00,1.0,-1,-1,-1
43,2,299.00,178.00,29.00,74.00,1.0,-1,-1,-1
44,0,0.00,0.00,0.00,0.00,1.0,-1,-1,-1
44,1,0.00,0.00,0.00,0.00,1.0,-1,-1,-1
44,2,280.00,179.00,33.00,78.00,1.0,-1,-1,-1
45,0,0.00,0.00,0.00,0.00,1.0,-1,-1,-1
45,1,0.00,0.00,0.00,0.00,1.0,-1,-1,-1
45,2,264.00,180.00,32.00,82.00,1.0,-1,-1,-1
46,0,0.00,0.00,0.00,0.00,1.0,-1,-1,-1
46,1,0.00,0.00,0.00,0.00,1.0,-1,-1,-1
46,2,241.00,180.00,37.00,88.00,1.0,-1,-1,-1
47,0,0.00,0.00,0.00,0.00,1.0,-1,-1,-1
47,1,0.00,0.00,0.00,0.00,1.0,-1,-1,-1
47,2,218.00,182.00,40.00,91.00,1.0,-1,-1,-1
48,0,0.00,0.00,0.00,0.00,1.0,-1,-1,-1
48,1,0.00,0.00,0.00,0.00,1.0,-1,-1,-1
48,2,193.00,182.00,41.00,97.00,1.0,-1,-1,-1
49,0,0.00,0.00,0.00,0.00,1.0,-1,-1,-1
49,1,0.00,0.00,0.00,0.00,1.0,-1,-1,-1
49,2,163.00,181.00,46.00,104.00,1.0,-1,-1,-1
50,0,0.00,0.00,0.00,0.00,1.0,-1,-1,-1
50,1,0.00,0.00,0.00,0.00,1.0,-1,-1,-1
50,2,129.00,180.00,48.00,112.00,1.0,-1,-1,-1
51,0,0.00,0.00,0.00,0.00,1.0,-1,-1,-1
51,1,0.00,0.00,0.00,0.00,1.0,-1,-1,-1
51,2,90.00,183.00,54.00,121.00,1.0,-1,-1,-1
52,0,0.00,0.00,0.00,0.00,1.0,-1,-1,-1
52,1,0.00,0.00,0.00,0.00,1.0,-1,-1,-1
52,2,45.00,185.00,60.00,130.00,1.0,-1,-1,-1
53,0,0.00,0.00,0.00,0.00,1.0,-1,-1,-1
53,1,0.00,0.00,0.00,0.00,1.0,-1,-1,-1
53,2,0.00,186.00,58.00,142.00,1.0,-1,-1,-1
54,0,0.00,0.00,0.00,0.00,1.0,-1,-1,-1
54,1,0.00,0.00,0.00,0.00,1.0,-1,-1,-1
54,2,0.00,0.00,0.00,0.00,1.0,-1,-1,-1
55,0,0.00,0.00,0.00,0.00,1.0,-1,-1,-1
55,1,0.00,0.00,0.00,0.00,1.0,-1,-1,-1
55,2,0.00,0.00,0.00,0.00,1.0,-1,-1,-1
56,0,0.00,0.00,0.00,0.00,1.0,-1,-1,-1
56,1,0.00,0.00,0.00,0.00,1.0,-1,-1,-1
56,2,0.00,0.00,0.00,0.00,1.0,-1,-1,-1
57,0,0.00,0.00,0.00,0.00,1.0,-1,-1,-1
57,1,0.00,0.00,0.00,0.00,1.0,-1,-1,-1
57,2,0.00,0.00,0.00,0.00,1.0,-1,-1,-1
58,0,0.00,0.00,0.00,0.00,1.0,-1,-1,-1
58,1,0.00,0.00,0.00,0.00,1.0,-1,-1,-1
58,2,0.00,0.00,0.00,0.00,1.0,-1,-1,-1
59,0,0.00,0.00,0.00,0.00,1.0,-1,-1,-1
59,1,0.00,0.00,0.00,0.00,1.0,-1,-1,-1
59,2,0.00,0.00,0.00,0.00,1.0,-1,-1,-1
60,0,0.00,0.00,0.00,0.00,1.0,-1,-1,-1
60,1,0.00,0.00,0.00,0.00,1.0,-1,-1,-1
60,2,0.00,0.00,0.00,0.00,1.0,-1,-1,-1
61,0,0.00,0.00,0.00,0.00,1.0,-1,-1,-1
61,1,0.00,0.00,0.00,0.00,1.0,-1,-1,-1
61,2,0.00,0.00,0.00,0.00,1.0,-1,-1,-1
62,0,0.00,0.00,0.00,0.00,1.0,-1,-1,-1
62,1,0.00,0.00,0.00,0.00,1.0,-1,-1,-1
62,2,0.00,0.00,0.00,0.00,1.0,-1,-1,-1
63,0,0.00,0.00,0.00,0.00,1.0,-1,-1,-1
63,1,0.00,0.00,0.00,0.00,1.0,-1,-1,-1
63,2,0.00,0.00,0.00,0.00,1.0,-1,-1,-1
64,0,0.00,0.00,0.00,0.00,1.0,-1,-1,-1
64,1,0.00,0.00,0.00,0.00,1.0,-1,-1,-1
64,2,0.00,0.00,0.00,0.00,1.0,-1,-1,-1
65,0,0.00,0.00,0.00,0.00,1.0,-1,-1,-1
65,1,0.00,0.00,0.00,0.00,1.0,-1,-1,-1
65,2,0.00,0.00,0.00,0.00,1.0,-1,-1,-1
66,0,0.00,0.00,0.00,0.00,1.0,-1,-1,-1
66,1,0.00,0.00,0.00,0.00,1.0,-1,-1,-1
66,2,0.00,0.00,0.00,0.00,1.0,-1,-1,-1
67,0,0.00,0.00,0.00,0.00,1.0,-1,-1,-1
67,1,0.00,0.00,0.00,0.00,1.0,-1,-1,-1
67,2,0.00,0.00,0.00,0.00,1.0,-1,-1,-1
68,0,0.00,0.00,0.00,0.00,1.0,-1,-1,-1
68,1,0.00,0.00,0.00,0.00,1.0,-1,-1,-1
68,2,0.00,0.00,0.00,0.00,1.0,-1,-1,-1
69,0,0.00,0.00,0.00,0.00,1.0,-1,-1,-1
69,1,0.00,0.00,0.00,0.00,1.0,-1,-1,-1
69,2,0.00,0.00,0.00,0.00,1.0,-1,-1,-1
70,0,0.00,0.00,0.00,0.00,1.0,-1,-1,-1
70,1,0.00,0.00,0.00,0.00,1.0,-1,-1,-1
70,2,0.00,0.00,0.00,0.00,1.0,-1,-1,-1
70,3,851.00,166.00,46.00,110.00,1.0,-1,-1,-1
71,0,0.00,0.00,0.00,0.00,1.0,-1,-1,-1
71,1,0.00,0.00,0.00,0.00,1.0,-1,-1,-1
71,2,0.00,0.00,0.00,0.00,1.0,-1,-1,-1
71,3,865.00,168.00,52.00,117.00,1.0,-1,-1,-1
72,0,0.00,0.00,0.00,0.00,1.0,-1,-1,-1
72,1,0.00,0.00,0.00,0.00,1.0,-1,-1,-1
72,2,0.00,0.00,0.00,0.00,1.0,-1,-1,-1
72,3,880.00,168.00,61.00,125.00,1.0,-1,-1,-1
73,0,0.00,0.00,0.00,0.00,1.0,-1,-1,-1
73,1,0.00,0.00,0.00,0.00,1.0,-1,-1,-1
73,2,0.00,0.00,0.00,0.00,1.0,-1,-1,-1
73,3,897.00,170.00,67.00,130.00,1.0,-1,-1,-1
74,0,0.00,0.00,0.00,0.00,1.0,-1,-1,-1
74,1,0.00,0.00,0.00,0.00,1.0,-1,-1,-1
74,2,0.00,0.00,0.00,0.00,1.0,-1,-1,-1
74,3,918.00,166.00,77.00,144.00,1.0,-1,-1,-1
75,0,0.00,0.00,0.00,0.00,1.0,-1,-1,-1
75,1,0.00,0.00,0.00,0.00,1.0,-1,-1,-1
75,2,0.00,0.00,0.00,0.00,1.0,-1,-1,-1
75,3,948.00,162.00,81.00,157.00,1.0,-1,-1,-1
76,0,0.00,0.00,0.00,0.00,1.0,-1,-1,-1
76,1,0.00,0.00,0.00,0.00,1.0,-1,-1,-1
76,2,0.00,0.00,0.00,0.00,1.0,-1,-1,-1
76,3,983.00,161.00,87.00,173.00,1.0,-1,-1,-1
76,4,773.00,161.00,38.00,105.00,1.0,-1,-1,-1
77,0,0.00,0.00,0.00,0.00,1.0,-1,-1,-1
77,1,0.00,0.00,0.00,0.00,1.0,-1,-1,-1
77,2,0.00,0.00,0.00,0.00,1.0,-1,-1,-1
77,3,1024.00,155.00,106.00,196.00,1.0,-1,-1,-1
77,4,788.00,160.00,34.00,113.00,1.0,-1,-1,-1
78,0,0.00,0.00,0.00,0.00,1.0,-1,-1,-1
78,1,0.00,0.00,0.00,0.00,1.0,-1,-1,-1
78,2,0.00,0.00,0.00,0.00,1.0,-1,-1,-1
78,3,1072.00,153.00,112.00,217.00,1.0,-1,-1,-1
78,4,796.00,161.00,36.00,119.00,1.0,-1,-1,-1
79,0,0.00,0.00,0.00,0.00,1.0,-1,-1,-1
79,1,0.00,0.00,0.00,0.00,1.0,-1,-1,-1
79,2,0.00,0.00,0.00,0.00,1.0,-1,-1,-1
79,3,1132.00,151.00,110.00,224.00,1.0,-1,-1,-1
79,4,808.00,160.00,43.00,128.00,1.0,-1,-1,-1
79,5,1119.00,164.00,52.00,136.00,1.0,-1,-1,-1
80,0,0.00,0.00,0.00,0.00,1.0,-1,-1,-1
80,1,0.00,0.00,0.00,0.00,1.0,-1,-1,-1
80,2,0.00,0.00,0.00,0.00,1.0,-1,-1,-1
80,3,1209.00,162.00,33.00,198.00,1.0,-1,-1,-1
80,4,821.00,162.00,43.00,135.00,1.0,-1,-1,-1
80,5,1159.00,163.00,62.00,151.00,1.0,-1,-1,-1
81,0,0.00,0.00,0.00,0.00,1.0,-1,-1,-1
81,1,0.00,0.00,0.00,0.00,1.0,-1,-1,-1
81,2,0.00,0.00,0.00,0.00,1.0,-1,-1,-1
81,3,0.00,0.00,0.00,0.00,1.0,-1,-1,-1
81,4,838.00,157.00,43.00,151.00,1.0,-1,-1,-1
81,5,1208.00,165.00,34.00,165.00,1.0,-1,-1,-1
82,0,0.00,0.00,0.00,0.00,1.0,-1,-1,-1
82,1,0.00,0.00,0.00,0.00,1.0,-1,-1,-1
82,2,0.00,0.00,0.00,0.00,1.0,-1,-1,-1
82,3,0.00,0.00,0.00,0.00,1.0,-1,-1,-1
82,4,857.00,153.00,45.00,165.00,1.0,-1,-1,-1
82,5,0.00,0.00,0.00,0.00,1.0,-1,-1,-1
83,0,0.00,0.00,0.00,0.00,1.0,-1,-1,-1
83,1,0.00,0.00,0.00,0.00,1.0,-1,-1,-1
83,2,0.00,0.00,0.00,0.00,1.0,-1,-1,-1
83,3,0.00,0.00,0.00,0.00,1.0,-1,-1,-1
83,4,877.00,148.00,50.00,182.00,1.0,-1,-1,-1
83,5,0.00,0.00,0.00,0.00,1.0,-1,-1,-1
84,0,0.00,0.00,0.00,0.00,1.0,-1,-1,-1
84,1,0.00,0.00,0.00,0.00,1.0,-1,-1,-1
84,2,0.00,228.00,15.00,44.00,1.0,-1,-1,-1
84,3,0.00,0.00,0.00,0.00,1.0,-1,-1,-1
84,4,900.00,145.00,54.00,201.00,1.0,-1,-1,-1
84,5,0.00,0.00,0.00,0.00,1.0,-1,-1,-1
85,0,0.00,0.00,0.00,0.00,1.0,-1,-1,-1
85,1,0.00,0.00,0.00,0.00,1.0,-1,-1,-1
85,2,0.00,0.00,0.00,0.00,1.0,-1,-1,-1
85,3,0.00,0.00,0.00,0.00,1.0,-1,-1,-1
85,4,928.00,143.00,67.00,224.00,1.0,-1,-1,-1
85,5,0.00,0.00,0.00,0.00,1.0,-1,-1,-1
86,0,0.00,0.00,0.00,0.00,1.0,-1,-1,-1
86,1,0.00,0.00,0.00,0.00,1.0,-1,-1,-1
86,2,0.00,0.00,0.00,0.00,1.0,-1,-1,-1
86,3,0.00,0.00,0.00,0.00,1.0,-1,-1,-1
86,4,968.00,140.00,74.00,235.00,1.0,-1,-1,-1
86,5,0.00,0.00,0.00,0.00,1.0,-1,-1,-1
87,0,0.00,0.00,0.00,0.00,1.0,-1,-1,-1
87,1,0.00,0.00,0.00,0.00,1.0,-1,-1,-1
87,2,0.00,0.00,0.00,0.00,1.0,-1,-1,-1
87,3,0.00,0.00,0.00,0.00,1.0,-1,-1,-1
87,4,1018.00,134.00,101.00,241.00,1.0,-1,-1,-1
87,5,0.00,0.00,0.00,0.00,1.0,-1,-1,-1
88,0,0.00,0.00,0.00,0.00,1.0,-1,-1,-1
88,1,0.00,0.00,0.00,0.00,1.0,-1,-1,-1
88,2,0.00,0.00,0.00,0.00,1.0,-1,-1,-1
88,3,0.00,0.00,0.00,0.00,1.0,-1,-1,-1
88,4,1069.00,128.00,144.00,247.00,1.0,-1,-1,-1
88,5,0.00,0.00,0.00,0.00,1.0,-1,-1,-1
89,0,0.00,0.00,0.00,0.00,1.0,-1,-1,-1
89,1,0.00,0.00,0.00,0.00,1.0,-1,-1,-1
89,2,0.00,0.00,0.00,0.00,1.0,-1,-1,-1
89,3,0.00,0.00,0.00,0.00,1.0,-1,-1,-1
89,4,1175.00,117.00,67.00,258.00,1.0,-1,-1,-1
89,5,0.00,0.00,0.00,0.00,1.0,-1,-1,-1
90,0,0.00,0.00,0.00,0.00,1.0,-1,-1,-1
90,1,0.00,0.00,0.00,0.00,1.0,-1,-1,-1
90,2,0.00,0.00,0.00,0.00,1.0,-1,-1,-1
90,3,0.00,0.00,0.00,0.00,1.0,-1,-1,-1
90,4,0.00,0.00,0.00,0.00,1.0,-1,-1,-1
90,5,0.00,0.00,0.00,0.00,1.0,-1,-1,-1
91,0,0.00,0.00,0.00,0.00,1.0,-1,-1,-1
91,1,0.00,0.00,0.00,0.00,1.0,-1,-1,-1
91,2,0.00,0.00,0.00,0.00,1.0,-1,-1,-1
91,3,0.00,0.00,0.00,0.00,1.0,-1,-1,-1
91,4,0.00,0.00,0.00,0.00,1.0,-1,-1,-1
91,5,0.00,0.00,0.00,0.00,1.0,-1,-1,-1
92,0,0.00,0.00,0.00,0.00,1.0,-1,-1,-1
92,1,0.00,0.00,0.00,0.00,1.0,-1,-1,-1
92,2,0.00,0.00,0.00,0.00,1.0,-1,-1,-1
92,3,0.00,0.00,0.00,0.00,1.0,-1,-1,-1
92,4,0.00,0.00,0.00,0.00,1.0,-1,-1,-1
92,5,0.00,0.00,0.00,0.00,1.0,-1,-1,-1
93,0,0.00,0.00,0.00,0.00,1.0,-1,-1,-1
93,1,0.00,0.00,0.00,0.00,1.0,-1,-1,-1
93,2,0.00,0.00,0.00,0.00,1.0,-1,-1,-1
93,3,0.00,0.00,0.00,0.00,1.0,-1,-1,-1
93,4,0.00,0.00,0.00,0.00,1.0,-1,-1,-1
93,5,0.00,0.00,0.00,0.00,1.0,-1,-1,-1
94,0,0.00,0.00,0.00,0.00,1.0,-1,-1,-1
94,1,0.00,0.00,0.00,0.00,1.0,-1,-1,-1
94,2,0.00,0.00,0.00,0.00,1.0,-1,-1,-1
94,3,0.00,0.00,0.00,0.00,1.0,-1,-1,-1
94,4,0.00,0.00,0.00,0.00,1.0,-1,-1,-1
94,5,0.00,0.00,0.00,0.00,1.0,-1,-1,-1
95,0,0.00,0.00,0.00,0.00,1.0,-1,-1,-1
95,1,0.00,0.00,0.00,0.00,1.0,-1,-1,-1
95,2,0.00,0.00,0.00,0.00,1.0,-1,-1,-1
95,3,0.00,0.00,0.00,0.00,1.0,-1,-1,-1
95,4,0.00,0.00,0.00,0.00,1.0,-1,-1,-1
95,5,0.00,0.00,0.00,0.00,1.0,-1,-1,-1
96,0,0.00,0.00,0.00,0.00,1.0,-1,-1,-1
96,1,0.00,0.00,0.00,0.00,1.0,-1,-1,-1
96,2,0.00,0.00,0.00,0.00,1.0,-1,-1,-1
96,3,0.00,0.00,0.00,0.00,1.0,-1,-1,-1
96,4,0.00,0.00,0.00,0.00,1.0,-1,-1,-1
96,5,0.00,0.00,0.00,0.00,1.0,-1,-1,-1
97,0,0.00,0.00,0.00,0.00,1.0,-1,-1,-1
97,1,0.00,0.00,0.00,0.00,1.0,-1,-1,-1
97,2,0.00,0.00,0.00,0.00,1.0,-1,-1,-1
97,3,0.00,0.00,0.00,0.00,1.0,-1,-1,-1
97,4,0.00,0.00,0.00,0.00,1.0,-1,-1,-1
97,5,0.00,0.00,0.00,0.00,1.0,-1,-1,-1
98,0,0.00,0.00,0.00,0.00,1.0,-1,-1,-1
98,1,0.00,0.00,0.00,0.00,1.0,-1,-1,-1
98,2,0.00,0.00,0.00,0.00,1.0,-1,-1,-1
98,3,0.00,0.00,0.00,0.00,1.0,-1,-1,-1
98,4,0.00,0.00,0.00,0.00,1.0,-1,-1,-1
98,5,0.00,0.00,0.00,0.00,1.0,-1,-1,-1
99,0,0.00,0.00,0.00,0.00,1.0,-1,-1,-1
99,1,0.00,0.00,0.00,0.00,1.0,-1,-1,-1
99,2,0.00,0.00,0.00,0.00,1.0,-1,-1,-1
99,3,0.00,0.00,0.00,0.00,1.0,-1,-1,-1
99,4,0.00,0.00,0.00,0.00,1.0,-1,-1,-1
99,5,0.00,0.00,0.00,0.00,1.0,-1,-1,-1
100,0,0.00,0.00,0.00,0.00,1.0,-1,-1,-1
100,1,0.00,0.00,0.00,0.00,1.0,-1,-1,-1
100,2,0.00,0.00,0.00,0.00,1.0,-1,-1,-1
100,3,0.00,0.00,0.00,0.00,1.0,-1,-1,-1
100,4,0.00,0.00,0.00,0.00,1.0,-1,-1,-1
100,5,0.00,0.00,0.00,0.00,1.0,-1,-1,-1
101,0,0.00,0.00,0.00,0.00,1.0,-1,-1,-1
101,1,0.00,0.00,0.00,0.00,1.0,-1,-1,-1
101,2,0.00,0.00,0.00,0.00,1.0,-1,-1,-1
101,3,0.00,0.00,0.00,0.00,1.0,-1,-1,-1
101,4,0.00,0.00,0.00,0.00,1.0,-1,-1,-1
101,5,0.00,0.00,0.00,0.00,1.0,-1,-1,-1
102,0,0.00,0.00,0.00,0.00,1.0,-1,-1,-1
102,1,0.00,0.00,0.00,0.00,1.0,-1,-1,-1
102,2,0.00,0.00,0.00,0.00,1.0,-1,-1,-1
102,3,0.00,0.00,0.00,0.00,1.0,-1,-1,-1
102,4,0.00,0.00,0.00,0.00,1.0,-1,-1,-1
102,5,0.00,0.00,0.00,0.00,1.0,-1,-1,-1
103,0,0.00,0.00,0.00,0.00,1.0,-1,-1,-1
103,1,0.00,0.00,0.00,0.00,1.0,-1,-1,-1
103,2,0.00,0.00,0.00,0.00,1.0,-1,-1,-1
103,3,0.00,0.00,0.00,0.00,1.0,-1,-1,-1
103,4,0.00,0.00,0.00,0.00,1.0,-1,-1,-1
103,5,0.00,0.00,0.00,0.00,1.0,-1,-1,-1
104,0,0.00,0.00,0.00,0.00,1.0,-1,-1,-1
104,1,0.00,0.00,0.00,0.00,1.0,-1,-1,-1
104,2,0.00,0.00,0.00,0.00,1.0,-1,-1,-1
104,3,0.00,0.00,0.00,0.00,1.0,-1,-1,-1
104,4,0.00,0.00,0.00,0.00,1.0,-1,-1,-1
104,5,0.00,0.00,0.00,0.00,1.0,-1,-1,-1
105,0,0.00,0.00,0.00,0.00,1.0,-1,-1,-1
105,1,0.00,0.00,0.00,0.00,1.0,-1,-1,-1
105,2,0.00,0.00,0.00,0.00,1.0,-1,-1,-1
105,3,0.00,0.00,0.00,0.00,1.0,-1,-1,-1
105,4,0.00,0.00,0.00,0.00,1.0,-1,-1,-1
105,5,0.00,0.00,0.00,0.00,1.0,-1,-1,-1
106,0,0.00,0.00,0.00,0.00,1.0,-1,-1,-1
106,1,0.00,0.00,0.00,0.00,1.0,-1,-1,-1
106,2,0.00,0.00,0.00,0.00,1.0,-1,-1,-1
106,3,0.00,0.00,0.00,0.00,1.0,-1,-1,-1
106,4,0.00,0.00,0.00,0.00,1.0,-1,-1,-1
106,5,0.00,0.00,0.00,0.00,1.0,-1,-1,-1
107,0,0.00,0.00,0.00,0.00,1.0,-1,-1,-1
107,1,0.00,0.00,0.00,0.00,1.0,-1,-1,-1
107,2,0.00,0.00,0.00,0.00,1.0,-1,-1,-1
107,3,0.00,0.00,0.00,0.00,1.0,-1,-1,-1
107,4,0.00,0.00,0.00,0.00,1.0,-1,-1,-1
107,5,0.00,0.00,0.00,0.00,1.0,-1,-1,-1
108,0,0.00,0.00,0.00,0.00,1.0,-1,-1,-1
108,1,0.00,0.00,0.00,0.00,1.0,-1,-1,-1
108,2,0.00,0.00,0.00,0.00,1.0,-1,-1,-1
108,3,0.00,0.00,0.00,0.00,1.0,-1,-1,-1
108,4,0.00,0.00,0.00,0.00,1.0,-1,-1,-1
108,5,0.00,0.00,0.00,0.00,1.0,-1,-1,-1
109,0,0.00,0.00,0.00,0.00,1.0,-1,-1,-1
109,1,0.00,0.00,0.00,0.00,1.0,-1,-1,-1
109,2,0.00,0.00,0.00,0.00,1.0,-1,-1,-1
109,3,0.00,0.00,0.00,0.00,1.0,-1,-1,-1
109,4,0.00,0.00,0.00,0.00,1.0,-1,-1,-1
109,5,0.00,0.00,0.00,0.00,1.0,-1,-1,-1
110,0,0.00,0.00,0.00,0.00,1.0,-1,-1,-1
110,1,0.00,0.00,0.00,0.00,1.0,-1,-1,-1
110,2,0.00,0.00,0.00,0.00,1.0,-1,-1,-1
110,3,0.00,0.00,0.00,0.00,1.0,-1,-1,-1
110,4,0.00,0.00,0.00,0.00,1.0,-1,-1,-1
110,5,0.00,0.00,0.00,0.00,1.0,-1,-1,-1
111,0,0.00,0.00,0.00,0.00,1.0,-1,-1,-1
111,1,0.00,0.00,0.00,0.00,1.0,-1,-1,-1
111,2,0.00,0.00,0.00,0.00,1.0,-1,-1,-1
111,3,0.00,0.00,0.00,0.00,1.0,-1,-1,-1
111,4,0.00,0.00,0.00,0.00,1.0,-1,-1,-1
111,5,0.00,0.00,0.00,0.00,1.0,-1,-1,-1
112,0,0.00,0.00,0.00,0.00,1.0,-1,-1,-1
112,1,0.00,0.00,0.00,0.00,1.0,-1,-1,-1
112,2,0.00,0.00,0.00,0.00,1.0,-1,-1,-1
112,3,0.00,0.00,0.00,0.00,1.0,-1,-1,-1
112,4,0.00,0.00,0.00,0.00,1.0,-1,-1,-1
112,5,0.00,0.00,0.00,0.00,1.0,-1,-1,-1
113,0,0.00,0.00,0.00,0.00,1.0,-1,-1,-1
113,1,0.00,0.00,0.00,0.00,1.0,-1,-1,-1
113,2,0.00,0.00,0.00,0.00,1.0,-1,-1,-1
113,3,0.00,0.00,0.00,0.00,1.0,-1,-1,-1
113,4,0.00,0.00,0.00,0.00,1.0,-1,-1,-1
113,5,0.00,0.00,0.00,0.00,1.0,-1,-1,-1
114,0,0.00,0.00,0.00,0.00,1.0,-1,-1,-1
114,1,0.00,0.00,0.00,0.00,1.0,-1,-1,-1
114,2,0.00,0.00,0.00,0.00,1.0,-1,-1,-1
114,3,0.00,0.00,0.00,0.00,1.0,-1,-1,-1
114,4,0.00,0.00,0.00,0.00,1.0,-1,-1,-1
114,5,0.00,0.00,0.00,0.00,1.0,-1,-1,-1
115,0,0.00,0.00,0.00,0.00,1.0,-1,-1,-1
115,1,0.00,0.00,0.00,0.00,1.0,-1,-1,-1
115,2,0.00,0.00,0.00,0.00,1.0,-1,-1,-1
115,3,0.00,0.00,0.00,0.00,1.0,-1,-1,-1
115,4,0.00,0.00,0.00,0.00,1.0,-1,-1,-1
115,5,0.00,0.00,0.00,0.00,1.0,-1,-1,-1
116,0,0.00,0.00,0.00,0.00,1.0,-1,-1,-1
116,1,0.00,0.00,0.00,0.00,1.0,-1,-1,-1
116,2,0.00,0.00,0.00,0.00,1.0,-1,-1,-1
116,3,0.00,0.00,0.00,0.00,1.0,-1,-1,-1
116,4,0.00,0.00,0.00,0.00,1.0,-1,-1,-1
116,5,0.00,0.00,0.00,0.00,1.0,-1,-1,-1
117,0,0.00,0.00,0.00,0.00,1.0,-1,-1,-1
117,1,0.00,0.00,0.00,0.00,1.0,-1,-1,-1
117,2,0.00,0.00,0.00,0.00,1.0,-1,-1,-1
117,3,0.00,0.00,0.00,0.00,1.0,-1,-1,-1
117,4,0.00,0.00,0.00,0.00,1.0,-1,-1,-1
117,5,0.00,0.00,0.00,0.00,1.0,-1,-1,-1
118,0,0.00,0.00,0.00,0.00,1.0,-1,-1,-1
118,1,0.00,0.00,0.00,0.00,1.0,-1,-1,-1
118,2,0.00,0.00,0.00,0.00,1.0,-1,-1,-1
118,3,0.00,0.00,0.00,0.00,1.0,-1,-1,-1
118,4,0.00,0.00,0.00,0.00,1.0,-1,-1,-1
118,5,0.00,0.00,0.00,0.00,1.0,-1,-1,-1
118,6,428.00,176.00,31.00,78.00,1.0,-1,-1,-1
119,0,0.00,0.00,0.00,0.00,1.0,-1,-1,-1
119,1,0.00,0.00,0.00,0.00,1.0,-1,-1,-1
119,2,0.00,0.00,0.00,0.00,1.0,-1,-1,-1
119,3,0.00,0.00,0.00,0.00,1.0,-1,-1,-1
119,4,0.00,0.00,0.00,0.00,1.0,-1,-1,-1
119,5,0.00,0.00,0.00,0.00,1.0,-1,-1,-1
119,6,417.00,177.00,35.00,79.00,1.0,-1,-1,-1
120,0,0.00,0.00,0.00,0.00,1.0,-1,-1,-1
120,1,0.00,0.00,0.00,0.00,1.0,-1,-1,-1
120,2,0.00,0.00,0.00,0.00,1.0,-1,-1,-1
120,3,0.00,0.00,0.00,0.00,1.0,-1,-1,-1
120,4,0.00,0.00,0.00,0.00,1.0,-1,-1,-1
120,5,0.00,0.00,0.00,0.00,1.0,-1,-1,-1
120,6,402.00,177.00,40.00,84.00,1.0,-1,-1,-1
121,0,0.00,0.00,0.00,0.00,1.0,-1,-1,-1
121,1,0.00,0.00,0.00,0.00,1.0,-1,-1,-1
121,2,0.00,0.00,0.00,0.00,1.0,-1,-1,-1
121,3,0.00,0.00,0.00,0.00,1.0,-1,-1,-1
121,4,0.00,0.00,0.00,0.00,1.0,-1,-1,-1
121,5,0.00,0.00,0.00,0.00,1.0,-1,-1,-1
121,6,389.00,180.00,41.00,88.00,1.0,-1,-1,-1
122,0,0.00,0.00,0.00,0.00,1.0,-1,-1,-1
122,1,0.00,0.00,0.00,0.00,1.0,-1,-1,-1
122,2,0.00,0.00,0.00,0.00,1.0,-1,-1,-1
122,3,0.00,0.00,0.00,0.00,1.0,-1,-1,-1
122,4,0.00,0.00,0.00,0.00,1.0,-1,-1,-1
122,5,0.00,0.00,0.00,0.00,1.0,-1,-1,-1
122,6,374.00,183.00,42.00,94.00,1.0,-1,-1,-1
123,0,0.00,0.00,0.00,0.00,1.0,-1,-1,-1
123,1,0.00,0.00,0.00,0.00,1.0,-1,-1,-1
123,2,0.00,0.00,0.00,0.00,1.0,-1,-1,-1
123,3,0.00,0.00,0.00,0.00,1.0,-1,-1,-1
123,4,0.00,0.00,0.00,0.00,1.0,-1,-1,-1
123,5,0.00,0.00,0.00,0.00,1.0,-1,-1,-1
123,6,361.00,185.00,39.00,98.00,1.0,-1,-1,-1
124,0,0.00,0.00,0.00,0.00,1.0,-1,-1,-1
124,1,0.00,0.00,0.00,0.00,1.0,-1,-1,-1
124,2,0.00,0.00,0.00,0.00,1.0,-1,-1,-1
124,3,0.00,0.00,0.00,0.00,1.0,-1,-1,-1
124,4,0.00,0.00,0.00,0.00,1.0,-1,-1,-1
124,5,0.00,0.00,0.00,0.00,1.0,-1,-1,-1
124,6,341.00,184.00,44.00,105.00,1.0,-1,-1,-1
125,0,0.00,0.00,0.00,0.00,1.0,-1,-1,-1
125,1,0.00,0.00,0.00,0.00,1.0,-1,-1,-1
125,2,0.00,0.00,0.00,0.00,1.0,-1,-1,-1
125,3,0.00,0.00,0.00,0.00,1.0,-1,-1,-1
125,4,0.00,0.00,0.00,0.00,1.0,-1,-1,-1
125,5,0.00,0.00,0.00,0.00,1.0,-1,-1,-1
125,6,323.00,183.00,49.00,110.00,1.0,-1,-1,-1
126,0,0.00,0.00,0.00,0.00,1.0,-1,-1,-1
126,1,0.00,0.00,0.00,0.00,1.0,-1,-1,-1
126,2,0.00,0.00,0.00,0.00,1.0,-1,-1,-1
126,3,0.00,0.00,0.00,0.00,1.0,-1,-1,-1
126,4,0.00,0.00,0.00,0.00,1.0,-1,-1,-1
126,5,0.00,0.00,0.00,0.00,1.0,-1,-1,-1
126,6,306.00,186.00,46.00,116.00,1.0,-1,-1,-1
127,0,0.00,0.00,0.00,0.00,1.0,-1,-1,-1
127,1,0.00,0.00,0.00,0.00,1.0,-1,-1,-1
127,2,0.00,0.00,0.00,0.00,1.0,-1,-1,-1
127,3,0.00,0.00,0.00,0.00,1.0,-1,-1,-1
127,4,0.00,0.00,0.00,0.00,1.0,-1,-1,-1
127,5,0.00,0.00,0.00,0.00,1.0,-1,-1,-1
127,6,283.00,187.00,55.00,126.00,1.0,-1,-1,-1
128,0,0.00,0.00,0.00,0.00,1.0,-1,-1,-1
128,1,0.00,0.00,0.00,0.00,1.0,-1,-1,-1
128,2,0.00,0.00,0.00,0.00,1.0,-1,-1,-1
128,3,0.00,0.00,0.00,0.00,1.0,-1,-1,-1
128,4,0.00,0.00,0.00,0.00,1.0,-1,-1,-1
128,5,0.00,0.00,0.00,0.00,1.0,-1,-1,-1
128,6,254.00,187.00,63.00,138.00,1.0,-1,-1,-1
129,0,0.00,0.00,0.00,0.00,1.0,-1,-1,-1
129,1,0.00,0.00,0.00,0.00,1.0,-1,-1,-1
129,2,0.00,0.00,0.00,0.00,1.0,-1,-1,-1
129,3,0.00,0.00,0.00,0.00,1.0,-1,-1,-1
129,4,0.00,0.00,0.00,0.00,1.0,-1,-1,-1
129,5,0.00,0.00,0.00,0.00,1.0,-1,-1,-1
129,6,218.00,185.00,73.00,151.00,1.0,-1,-1,-1
130,0,0.00,0.00,0.00,0.00,1.0,-1,-1,-1
130,1,0.00,0.00,0.00,0.00,1.0,-1,-1,-1
130,2,0.00,0.00,0.00,0.00,1.0,-1,-1,-1
130,3,0.00,0.00,0.00,0.00,1.0,-1,-1,-1
130,4,0.00,0.00,0.00,0.00,1.0,-1,-1,-1
130,5,0.00,0.00,0.00,0.00,1.0,-1,-1,-1
130,6,178.00,187.00,79.00,166.00,1.0,-1,-1,-1
131,0,0.00,0.00,0.00,0.00,1.0,-1,-1,-1
131,1,0.00,0.00,0.00,0.00,1.0,-1,-1,-1
131,2,0.00,0.00,0.00,0.00,1.0,-1,-1,-1
131,3,0.00,0.00,0.00,0.00,1.0,-1,-1,-1
131,4,0.00,0.00,0.00,0.00,1.0,-1,-1,-1
131,5,0.00,0.00,0.00,0.00,1.0,-1,-1,-1
131,6,132.00,188.00,85.00,187.00,1.0,-1,-1,-1
132,0,0.00,0.00,0.00,0.00,1.0,-1,-1,-1
132,1,0.00,0.00,0.00,0.00,1.0,-1,-1,-1
132,2,0.00,0.00,0.00,0.00,1.0,-1,-1,-1
132,3,0.00,0.00,0.00,0.00,1.0,-1,-1,-1
132,4,0.00,0.00,0.00,0.00,1.0,-1,-1,-1
132,5,0.00,0.00,0.00,0.00,1.0,-1,-1,-1
132,6,70.00,191.00,98.00,184.00,1.0,-1,-1,-1
133,0,0.00,0.00,0.00,0.00,1.0,-1,-1,-1
133,1,0.00,0.00,0.00,0.00,1.0,-1,-1,-1
133,2,0.00,0.00,0.00,0.00,1.0,-1,-1,-1
133,3,0.00,0.00,0.00,0.00,1.0,-1,-1,-1
133,4,0.00,0.00,0.00,0.00,1.0,-1,-1,-1
133,5,0.00,0.00,0.00,0.00,1.0,-1,-1,-1
133,6,0.00,195.00,108.00,180.00,1.0,-1,-1,-1
134,0,0.00,0.00,0.00,0.00,1.0,-1,-1,-1
134,1,0.00,0.00,0.00,0.00,1.0,-1,-1,-1
134,2,0.00,0.00,0.00,0.00,1.0,-1,-1,-1
134,3,0.00,0.00,0.00,0.00,1.0,-1,-1,-1
134,4,0.00,0.00,0.00,0.00,1.0,-1,-1,-1
134,5,0.00,0.00,0.00,0.00,1.0,-1,-1,-1
134,6,0.00,229.00,36.00,146.00,1.0,-1,-1,-1
135,0,0.00,0.00,0.00,0.00,1.0,-1,-1,-1
135,1,0.00,0.00,0.00,0.00,1.0,-1,-1,-1
135,2,0.00,0.00,0.00,0.00,1.0,-1,-1,-1
135,3,0.00,0.00,0.00,0.00,1.0,-1,-1,-1
135,4,0.00,0.00,0.00,0.00,1.0,-1,-1,-1
135,5,0.00,0.00,0.00,0.00,1.0,-1,-1,-1
135,6,0.00,0.00,0.00,0.00,1.0,-1,-1,-1
136,0,0.00,0.00,0.00,0.00,1.0,-1,-1,-1
136,1,0.00,0.00,0.00,0.00,1.0,-1,-1,-1
136,2,0.00,0.00,0.00,0.00,1.0,-1,-1,-1
136,3,0.00,0.00,0.00,0.00,1.0,-1,-1,-1
136,4,0.00,0.00,0.00,0.00,1.0,-1,-1,-1
136,5,0.00,0.00,0.00,0.00,1.0,-1,-1,-1
136,6,0.00,0.00,0.00,0.00,1.0,-1,-1,-1
137,0,0.00,0.00,0.00,0.00,1.0,-1,-1,-1
137,1,0.00,0.00,0.00,0.00,1.0,-1,-1,-1
137,2,0.00,0.00,0.00,0.00,1.0,-1,-1,-1
137,3,0.00,0.00,0.00,0.00,1.0,-1,-1,-1
137,4,0.00,0.00,0.00,0.00,1.0,-1,-1,-1
137,5,0.00,0.00,0.00,0.00,1.0,-1,-1,-1
137,6,0.00,0.00,0.00,0.00,1.0,-1,-1,-1
138,0,0.00,0.00,0.00,0.00,1.0,-1,-1,-1
138,1,0.00,0.00,0.00,0.00,1.0,-1,-1,-1
138,2,0.00,0.00,0.00,0.00,1.0,-1,-1,-1
138,3,0.00,0.00,0.00,0.00,1.0,-1,-1,-1
138,4,0.00,0.00,0.00,0.00,1.0,-1,-1,-1
138,5,0.00,0.00,0.00,0.00,1.0,-1,-1,-1
138,6,0.00,0.00,0.00,0.00,1.0,-1,-1,-1
139,0,0.00,0.00,0.00,0.00,1.0,-1,-1,-1
139,1,0.00,0.00,0.00,0.00,1.0,-1,-1,-1
139,2,0.00,0.00,0.00,0.00,1.0,-1,-1,-1
139,3,0.00,0.00,0.00,0.00,1.0,-1,-1,-1
139,4,0.00,0.00,0.00,0.00,1.0,-1,-1,-1
139,5,0.00,0.00,0.00,0.00,1.0,-1,-1,-1
139,6,0.00,0.00,0.00,0.00,1.0,-1,-1,-1
140,0,0.00,0.00,0.00,0.00,1.0,-1,-1,-1
140,1,0.00,0.00,0.00,0.00,1.0,-1,-1,-1
140,2,0.00,0.00,0.00,0.00,1.0,-1,-1,-1
140,3,0.00,0.00,0.00,0.00,1.0,-1,-1,-1
140,4,0.00,0.00,0.00,0.00,1.0,-1,-1,-1
140,5,0.00,0.00,0.00,0.00,1.0,-1,-1,-1
140,6,0.00,0.00,0.00,0.00,1.0,-1,-1,-1
141,0,0.00,0.00,0.00,0.00,1.0,-1,-1,-1
141,1,0.00,0.00,0.00,0.00,1.0,-1,-1,-1
141,2,0.00,0.00,0.00,0.00,1.0,-1,-1,-1
141,3,0.00,0.00,0.00,0.00,1.0,-1,-1,-1
141,4,0.00,0.00,0.00,0.00,1.0,-1,-1,-1
141,5,0.00,0.00,0.00,0.00,1.0,-1,-1,-1
141,6,0.00,0.00,0.00,0.00,1.0,-1,-1,-1
142,0,0.00,0.00,0.00,0.00,1.0,-1,-1,-1
142,1,0.00,0.00,0.00,0.00,1.0,-1,-1,-1
142,2,0.00,0.00,0.00,0.00,1.0,-1,-1,-1
142,3,0.00,0.00,0.00,0.00,1.0,-1,-1,-1
142,4,0.00,0.00,0.00,0.00,1.0,-1,-1,-1
142,5,0.00,0.00,0.00,0.00,1.0,-1,-1,-1
142,6,0.00,0.00,0.00,0.00,1.0,-1,-1,-1
143,0,0.00,0.00,0.00,0.00,1.0,-1,-1,-1
143,1,0.00,0.00,0.00,0.00,1.0,-1,-1,-1
143,2,0.00,0.00,0.00,0.00,1.0,-1,-1,-1
143,3,0.00,0.00,0.00,0.00,1.0,-1,-1,-1
143,4,0.00,0.00,0.00,0.00,1.0,-1,-1,-1
143,5,0.00,0.00,0.00,0.00,1.0,-1,-1,-1
143,6,0.00,0.00,0.00,0.00,1.0,-1,-1,-1
144,0,0.00,0.00,0.00,0.00,1.0,-1,-1,-1
144,1,0.00,0.00,0.00,0.00,1.0,-1,-1,-1
144,2,0.00,0.00,0.00,0.00,1.0,-1,-1,-1
144,3,0.00,0.00,0.00,0.00,1.0,-1,-1,-1
144,4,0.00,0.00,0.00,0.00,1.0,-1,-1,-1
144,5,0.00,0.00,0.00,0.00,1.0,-1,-1,-1
144,6,0.00,0.00,0.00,0.00,1.0,-1,-1,-1
145,0,0.00,0.00,0.00,0.00,1.0,-1,-1,-1
145,1,0.00,0.00,0.00,0.00,1.0,-1,-1,-1
145,2,0.00,0.00,0.00,0.00,1.0,-1,-1,-1
145,3,0.00,0.00,0.00,0.00,1.0,-1,-1,-1
145,4,0.00,0.00,0.00,0.00,1.0,-1,-1,-1
145,5,0.00,0.00,0.00,0.00,1.0,-1,-1,-1
145,6,0.00,0.00,0.00,0.00,1.0,-1,-1,-1
146,0,0.00,0.00,0.00,0.00,1.0,-1,-1,-1
146,1,0.00,0.00,0.00,0.00,1.0,-1,-1,-1
146,2,0.00,0.00,0.00,0.00,1.0,-1,-1,-1
146,3,0.00,0.00,0.00,0.00,1.0,-1,-1,-1
146,4,0.00,0.00,0.00,0.00,1.0,-1,-1,-1
146,5,0.00,0.00,0.00,0.00,1.0,-1,-1,-1
146,6,0.00,0.00,0.00,0.00,1.0,-1,-1,-1
147,0,0.00,0.00,0.00,0.00,1.0,-1,-1,-1
147,1,0.00,0.00,0.00,0.00,1.0,-1,-1,-1
147,2,0.00,0.00,0.00,0.00,1.0,-1,-1,-1
147,3,0.00,0.00,0.00,0.00,1.0,-1,-1,-1
147,4,0.00,0.00,0.00,0.00,1.0,-1,-1,-1
147,5,0.00,0.00,0.00,0.00,1.0,-1,-1,-1
147,6,0.00,0.00,0.00,0.00,1.0,-1,-1,-1
148,0,0.00,0.00,0.00,0.00,1.0,-1,-1,-1
148,1,0.00,0.00,0.00,0.00,1.0,-1,-1,-1
148,2,0.00,0.00,0.00,0.00,1.0,-1,-1,-1
148,3,0.00,0.00,0.00,0.00,1.0,-1,-1,-1
148,4,0.00,0.00,0.00,0.00,1.0,-1,-1,-1
148,5,0.00,0.00,0.00,0.00,1.0,-1,-1,-1
148,6,0.00,0.00,0.00,0.00,1.0,-1,-1,-1
149,0,0.00,0.00,0.00,0.00,1.0,-1,-1,-1
149,1,0.00,0.00,0.00,0.00,1.0,-1,-1,-1
149,2,0.00,0.00,0.00,0.00,1.0,-1,-1,-1
149,3,0.00,0.00,0.00,0.00,1.0,-1,-1,-1
149,4,0.00,0.00,0.00,0.00,1.0,-1,-1,-1
149,5,0.00,0.00,0.00,0.00,1.0,-1,-1,-1
149,6,0.00,0.00,0.00,0.00,1.0,-1,-1,-1
150,0,0.00,0.00,0.00,0.00,1.0,-1,-1,-1
150,1,0.00,0.00,0.00,0.00,1.0,-1,-1,-1
150,2,0.00,0.00,0.00,0.00,1.0,-1,-1,-1
150,3,0.00,0.00,0.00,0.00,1.0,-1,-1,-1
150,4,0.00,0.00,0.00,0.00,1.0,-1,-1,-1
150,5,0.00,0.00,0.00,0.00,1.0,-1,-1,-1
150,6,0.00,0.00,0.00,0.00,1.0,-1,-1,-1
151,0,0.00,0.00,0.00,0.00,1.0,-1,-1,-1
151,1,0.00,0.00,0.00,0.00,1.0,-1,-1,-1
151,2,0.00,0.00,0.00,0.00,1.0,-1,-1,-1
151,3,0.00,0.00,0.00,0.00,1.0,-1,-1,-1
151,4,0.00,0.00,0.00,0.00,1.0,-1,-1,-1
151,5,0.00,0.00,0.00,0.00,1.0,-1,-1,-1
151,6,0.00,0.00,0.00,0.00,1.0,-1,-1,-1
152,0,0.00,0.00,0.00,0.00,1.0,-1,-1,-1
152,1,0.00,0.00,0.00,0.00,1.0,-1,-1,-1
152,2,0.00,0.00,0.00,0.00,1.0,-1,-1,-1
152,3,0.00,0.00,0.00,0.00,1.0,-1,-1,-1
152,4,0.00,0.00,0.00,0.00,1.0,-1,-1,-1
152,5,0.00,0.00,0.00,0.00,1.0,-1,-1,-1
152,6,0.00,0.00,0.00,0.00,1.0,-1,-1,-1
153,0,0.00,0.00,0.00,0.00,1.0,-1,-1,-1
153,1,0.00,0.00,0.00,0.00,1.0,-1,-1,-1
153,2,0.00,0.00,0.00,0.00,1.0,-1,-1,-1
153,3,0.00,0.00,0.00,0.00,1.0,-1,-1,-1
153,4,0.00,0.00,0.00,0.00,1.0,-1,-1,-1
153,5,0.00,0.00,0.00,0.00,1.0,-1,-1,-1
153,6,0.00,0.00,0.00,0.00,1.0,-1,-1,-1
154,0,0.00,0.00,0.00,0.00,1.0,-1,-1,-1
154,1,0.00,0.00,0.00,0.00,1.0,-1,-1,-1
154,2,0.00,0.00,0.00,0.00,1.0,-1,-1,-1
154,3,0.00,0.00,0.00,0.00,1.0,-1,-1,-1
154,4,0.00,0.00,0.00,0.00,1.0,-1,-1,-1
154,5,0.00,0.00,0.00,0.00,1.0,-1,-1,-1
154,6,0.00,0.00,0.00,0.00,1.0,-1,-1,-1
155,0,0.00,0.00,0.00,0.00,1.0,-1,-1,-1
155,1,0.00,0.00,0.00,0.00,1.0,-1,-1,-1
155,2,0.00,0.00,0.00,0.00,1.0,-1,-1,-1
155,3,0.00,0.00,0.00,0.00,1.0,-1,-1,-1
155,4,0.00,0.00,0.00,0.00,1.0,-1,-1,-1
155,5,0.00,0.00,0.00,0.00,1.0,-1,-1,-1
155,6,0.00,0.00,0.00,0.00,1.0,-1,-1,-1
156,0,0.00,0.00,0.00,0.00,1.0,-1,-1,-1
156,1,0.00,0.00,0.00,0.00,1.0,-1,-1,-1
156,2,0.00,0.00,0.00,0.00,1.0,-1,-1,-1
156,3,0.00,0.00,0.00,0.00,1.0,-1,-1,-1
156,4,0.00,0.00,0.00,0.00,1.0,-1,-1,-1
156,5,0.00,0.00,0.00,0.00,1.0,-1,-1,-1
156,6,0.00,0.00,0.00,0.00,1.0,-1,-1,-1
157,0,0.00,0.00,0.00,0.00,1.0,-1,-1,-1
157,1,0.00,0.00,0.00,0.00,1.0,-1,-1,-1
157,2,0.00,0.00,0.00,0.00,1.0,-1,-1,-1
157,3,0.00,0.00,0.00,0.00,1.0,-1,-1,-1
157,4,0.00,0.00,0.00,0.00,1.0,-1,-1,-1
157,5,0.00,0.00,0.00,0.00,1.0,-1,-1,-1
157,6,0.00,0.00,0.00,0.00,1.0,-1,-1,-1
158,0,0.00,0.00,0.00,0.00,1.0,-1,-1,-1
158,1,0.00,0.00,0.00,0.00,1.0,-1,-1,-1
158,2,0.00,0.00,0.00,0.00,1.0,-1,-1,-1
158,3,0.00,0.00,0.00,0.00,1.0,-1,-1,-1
158,4,0.00,0.00,0.00,0.00,1.0,-1,-1,-1
158,5,0.00,0.00,0.00,0.00,1.0,-1,-1,-1
158,6,0.00,0.00,0.00,0.00,1.0,-1,-1,-1
159,0,0.00,0.00,0.00,0.00,1.0,-1,-1,-1
159,1,0.00,0.00,0.00,0.00,1.0,-1,-1,-1
159,2,0.00,0.00,0.00,0.00,1.0,-1,-1,-1
159,3,0.00,0.00,0.00,0.00,1.0,-1,-1,-1
159,4,0.00,0.00,0.00,0.00,1.0,-1,-1,-1
159,5,0.00,0.00,0.00,0.00,1.0,-1,-1,-1
159,6,0.00,0.00,0.00,0.00,1.0,-1,-1,-1
159,7,819.00,165.00,53.00,92.00,1.0,-1,-1,-1
160,0,0.00,0.00,0.00,0.00,1.0,-1,-1,-1
160,1,0.00,0.00,0.00,0.00,1.0,-1,-1,-1
160,2,0.00,0.00,0.00,0.00,1.0,-1,-1,-1
160,3,0.00,0.00,0.00,0.00,1.0,-1,-1,-1
160,4,0.00,0.00,0.00,0.00,1.0,-1,-1,-1
160,5,0.00,0.00,0.00,0.00,1.0,-1,-1,-1
160,6,0.00,0.00,0.00,0.00,1.0,-1,-1,-1
160,7,834.00,163.00,53.00,95.00,1.0,-1,-1,-1
161,0,0.00,0.00,0.00,0.00,1.0,-1,-1,-1
161,1,0.00,0.00,0.00,0.00,1.0,-1,-1,-1
161,2,0.00,0.00,0.00,0.00,1.0,-1,-1,-1
161,3,0.00,0.00,0.00,0.00,1.0,-1,-1,-1
161,4,0.00,0.00,0.00,0.00,1.0,-1,-1,-1
161,5,0.00,0.00,0.00,0.00,1.0,-1,-1,-1
161,6,0.00,0.00,0.00,0.00,1.0,-1,-1,-1
161,7,848.00,165.00,60.00,96.00,1.0,-1,-1,-1
162,0,0.00,0.00,0.00,0.00,1.0,-1,-1,-1
162,1,0.00,0.00,0.00,0.00,1.0,-1,-1,-1
162,2,0.00,0.00,0.00,0.00,1.0,-1,-1,-1
162,3,0.00,0.00,0.00,0.00,1.0,-1,-1,-1
162,4,0.00,0.00,0.00,0.00,1.0,-1,-1,-1
162,5,0.00,0.00,0.00,0.00,1.0,-1,-1,-1
162,6,0.00,0.00,0.00,0.00,1.0,-1,-1,-1
162,7,867.00,167.00,60.00,99.00,1.0,-1,-1,-1
163,0,0.00,0.00,0.00,0.00,1.0,-1,-1,-1
163,1,0.00,0.00,0.00,0.00,1.0,-1,-1,-1
163,2,0.00,0.00,0.00,0.00,1.0,-1,-1,-1
163,3,0.00,0.00,0.00,0.00,1.0,-1,-1,-1
163,4,0.00,0.00,0.00,0.00,1.0,-1,-1,-1
163,5,0.00,0.00,0.00,0.00,1.0,-1,-1,-1
163,6,0.00,0.00,0.00,0.00,1.0,-1,-1,-1
163,7,889.00,171.00,56.00,98.00,1.0,-1,-1,-1
164,0,0.00,0.00,0.00,0.00,1.0,-1,-1,-1
164,1,0.00,0.00,0.00,0.00,1.0,-1,-1,-1
164,2,0.00,0.00,0.00,0.00,1.0,-1,-1,-1
164,3,0.00,0.00,0.00,0.00,1.0,-1,-1,-1
164,4,0.00,0.00,0.00,0.00,1.0,-1,-1,-1
164,5,0.00,0.00,0.00,0.00,1.0,-1,-1,-1
164,6,0.00,0.00,0.00,0.00,1.0,-1,-1,-1
164,7,910.00,175.00,60.00,100.00,1.0,-1,-1,-1
165,0,0.00,0.00,0.00,0.00,1.0,-1,-1,-1
165,1,0.00,0.00,0.00,0.00,1.0,-1,-1,-1
165,2,0.00,0.00,0.00,0.00,1.0,-1,-1,-1
165,3,0.00,0.00,0.00,0.00,1.0,-1,-1,-1
165,4,0.00,0.00,0.00,0.00,1.0,-1,-1,-1
165,5,0.00,0.00,0.00,0.00,1.0,-1,-1,-1
165,6,0.00,0.00,0.00,0.00,1.0,-1,-1,-1
165,7,931.00,176.00,60.00,101.00,1.0,-1,-1,-1
166,0,0.00,0.00,0.00,0.00,1.0,-1,-1,-1
166,1,0.00,0.00,0.00,0.00,1.0,-1,-1,-1
166,2,0.00,0.00,0.00,0.00,1.0,-1,-1,-1
166,3,0.00,0.00,0.00,0.00,1.0,-1,-1,-1
166,4,0.00,0.00,0.00,0.00,1.0,-1,-1,-1
166,5,0.00,0.00,0.00,0.00,1.0,-1,-1,-1
166,6,0.00,0.00,0.00,0.00,1.0,-1,-1,-1
166,7,954.00,172.00,61.00,100.00,1.0,-1,-1,-1
167,0,0.00,0.00,0.00,0.00,1.0,-1,-1,-1
167,1,0.00,0.00,0.00,0.00,1.0,-1,-1,-1
167,2,0.00,0.00,0.00,0.00,1.0,-1,-1,-1
167,3,0.00,0.00,0.00,0.00,1.0,-1,-1,-1
167,4,0.00,0.00,0.00,0.00,1.0,-1,-1,-1
167,5,0.00,0.00,0.00,0.00,1.0,-1,-1,-1
167,6,0.00,0.00,0.00,0.00,1.0,-1,-1,-1
167,7,978.00,168.00,65.00,104.00,1.0,-1,-1,-1
168,0,0.00,0.00,0.00,0.00,1.0,-1,-1,-1
168,1,0.00,0.00,0.00,0.00,1.0,-1,-1,-1
168,2,0.00,0.00,0.00,0.00,1.0,-1,-1,-1
168,3,0.00,0.00,0.00,0.00,1.0,-1,-1,-1
168,4,0.00,0.00,0.00,0.00,1.0,-1,-1,-1
168,5,0.00,0.00,0.00,0.00,1.0,-1,-1,-1
168,6,0.00,0.00,0.00,0.00,1.0,-1,-1,-1
168,7,1004.00,167.00,70.00,107.00,1.0,-1,-1,-1
169,0,0.00,0.00,0.00,0.00,1.0,-1,-1,-1
169,1,0.00,0.00,0.00,0.00,1.0,-1,-1,-1
169,2,0.00,0.00,0.00,0.00,1.0,-1,-1,-1
169,3,0.00,0.00,0.00,0.00,1.0,-1,-1,-1
169,4,0.00,0.00,0.00,0.00,1.0,-1,-1,-1
169,5,0.00,0.00,0.00,0.00,1.0,-1,-1,-1
169,6,0.00,0.00,0.00,0.00,1.0,-1,-1,-1
169,7,1030.00,171.00,76.00,109.00,1.0,-1,-1,-1
170,0,0.00,0.00,0.00,0.00,1.0,-1,-1,-1
170,1,0.00,0.00,0.00,0.00,1.0,-1,-1,-1
170,2,0.00,0.00,0.00,0.00,1.0,-1,-1,-1
170,3,0.00,0.00,0.00,0.00,1.0,-1,-1,-1
170,4,0.00,0.00,0.00,0.00,1.0,-1,-1,-1
170,5,0.00,0.00,0.00,0.00,1.0,-1,-1,-1
170,6,0.00,0.00,0.00,0.00,1.0,-1,-1,-1
170,7,1058.00,173.00,79.00,115.00,1.0,-1,-1,-1
171,0,0.00,0.00,0.00,0.00,1.0,-1,-1,-1
171,1,0.00,0.00,0.00,0.00,1.0,-1,-1,-1
171,2,0.00,0.00,0.00,0.00,1.0,-1,-1,-1
171,3,0.00,0.00,0.00,0.00,1.0,-1,-1,-1
171,4,0.00,0.00,0.00,0.00,1.0,-1,-1,-1
171,5,0.00,0.00,0.00,0.00,1.0,-1,-1,-1
171,6,0.00,0.00,0.00,0.00,1.0,-1,-1,-1
171,7,1089.00,177.00,83.00,112.00,1.0,-1,-1,-1
172,0,0.00,0.00,0.00,0.00,1.0,-1,-1,-1
172,1,0.00,0.00,0.00,0.00,1.0,-1,-1,-1
172,2,0.00,0.00,0.00,0.00,1.0,-1,-1,-1
172,3,0.00,0.00,0.00,0.00,1.0,-1,-1,-1
172,4,0.00,0.00,0.00,0.00,1.0,-1,-1,-1
172,5,0.00,0.00,0.00,0.00,1.0,-1,-1,-1
172,6,0.00,0.00,0.00,0.00,1.0,-1,-1,-1
172,7,1116.00,179.00,81.00,117.00,1.0,-1,-1,-1
173,0,0.00,0.00,0.00,0.00,1.0,-1,-1,-1
173,1,0.00,0.00,0.00,0.00,1.0,-1,-1,-1
173,2,0.00,0.00,0.00,0.00,1.0,-1,-1,-1
173,3,0.00,0.00,0.00,0.00,1.0,-1,-1,-1
173,4,0.00,0.00,0.00,0.00,1.0,-1,-1,-1
173,5,0.00,0.00,0.00,0.00,1.0,-1,-1,-1
173,6,0.00,0.00,0.00,0.00,1.0,-1,-1,-1
173,7,1144.00,177.00,94.00,121.00,1.0,-1,-1,-1
174,0,0.00,0.00,0.00,0.00,1.0,-1,-1,-1
174,1,0.00,0.00,0.00,0.00,1.0,-1,-1,-1
174,2,0.00,0.00,0.00,0.00,1.0,-1,-1,-1
174,3,0.00,0.00,0.00,0.00,1.0,-1,-1,-1
174,4,0.00,0.00,0.00,0.00,1.0,-1,-1,-1
174,5,0.00,0.00,0.00,0.00,1.0,-1,-1,-1
174,6,0.00,0.00,0.00,0.00,1.0,-1,-1,-1
174,7,1171.00,174.00,71.00,121.00,1.0,-1,-1,-1
175,0,0.00,0.00,0.00,0.00,1.0,-1,-1,-1
175,1,0.00,0.00,0.00,0.00,1.0,-1,-1,-1
175,2,0.00,0.00,0.00,0.00,1.0,-1,-1,-1
175,3,0.00,0.00,0.00,0.00,1.0,-1,-1,-1
175,4,0.00,0.00,0.00,0.00,1.0,-1,-1,-1
175,5,0.00,0.00,0.00,0.00,1.0,-1,-1,-1
175,6,0.00,0.00,0.00,0.00,1.0,-1,-1,-1
175,7,1200.00,183.00,42.00,110.00,1.0,-1,-1,-1
176,0,0.00,0.00,0.00,0.00,1.0,-1,-1,-1
176,1,0.00,0.00,0.00,0.00,1.0,-1,-1,-1
176,2,0.00,0.00,0.00,0.00,1.0,-1,-1,-1
176,3,0.00,0.00,0.00,0.00,1.0,-1,-1,-1
176,4,0.00,0.00,0.00,0.00,1.0,-1,-1,-1
176,5,0.00,0.00,0.00,0.00,1.0,-1,-1,-1
176,6,0.00,0.00,0.00,0.00,1.0,-1,-1,-1
176,7,1229.00,217.00,13.00,78.00,1.0,-1,-1,-1
177,0,0.00,0.00,0.00,0.00,1.0,-1,-1,-1
177,1,0.00,0.00,0.00,0.00,1.0,-1,-1,-1
177,2,0.00,0.00,0.00,0.00,1.0,-1,-1,-1
177,3,0.00,0.00,0.00,0.00,1.0,-1,-1,-1
177,4,0.00,0.00,0.00,0.00,1.0,-1,-1,-1
177,5,0.00,0.00,0.00,0.00,1.0,-1,-1,-1
177,6,0.00,0.00,0.00,0.00,1.0,-1,-1,-1
177,7,0.00,0.00,0.00,0.00,1.0,-1,-1,-1
178,0,0.00,0.00,0.00,0.00,1.0,-1,-1,-1
178,1,0.00,0.00,0.00,0.00,1.0,-1,-1,-1
178,2,0.00,0.00,0.00,0.00,1.0,-1,-1,-1
178,3,0.00,0.00,0.00,0.00,1.0,-1,-1,-1
178,4,0.00,0.00,0.00,0.00,1.0,-1,-1,-1
178,5,0.00,0.00,0.00,0.00,1.0,-1,-1,-1
178,6,0.00,0.00,0.00,0.00,1.0,-1,-1,-1
178,7,0.00,0.00,0.00,0.00,1.0,-1,-1,-1
179,0,0.00,0.00,0.00,0.00,1.0,-1,-1,-1
179,1,0.00,0.00,0.00,0.00,1.0,-1,-1,-1
179,2,0.00,0.00,0.00,0.00,1.0,-1,-1,-1
179,3,0.00,0.00,0.00,0.00,1.0,-1,-1,-1
179,4,0.00,0.00,0.00,0.00,1.0,-1,-1,-1
179,5,0.00,0.00,0.00,0.00,1.0,-1,-1,-1
179,6,0.00,0.00,0.00,0.00,1.0,-1,-1,-1
179,7,0.00,0.00,0.00,0.00,1.0,-1,-1,-1
180,0,0.00,0.00,0.00,0.00,1.0,-1,-1,-1
180,1,0.00,0.00,0.00,0.00,1.0,-1,-1,-1
180,2,0.00,0.00,0.00,0.00,1.0,-1,-1,-1
180,3,0.00,0.00,0.00,0.00,1.0,-1,-1,-1
180,4,0.00,0.00,0.00,0.00,1.0,-1,-1,-1
180,5,0.00,0.00,0.00,0.00,1.0,-1,-1,-1
180,6,0.00,0.00,0.00,0.00,1.0,-1,-1,-1
180,7,0.00,0.00,0.00,0.00,1.0,-1,-1,-1
181,0,0.00,0.00,0.00,0.00,1.0,-1,-1,-1
181,1,0.00,0.00,0.00,0.00,1.0,-1,-1,-1
181,2,0.00,0.00,0.00,0.00,1.0,-1,-1,-1
181,3,0.00,0.00,0.00,0.00,1.0,-1,-1,-1
181,4,0.00,0.00,0.00,0.00,1.0,-1,-1,-1
181,5,0.00,0.00,0.00,0.00,1.0,-1,-1,-1
181,6,0.00,0.00,0.00,0.00,1.0,-1,-1,-1
181,7,0.00,0.00,0.00,0.00,1.0,-1,-1,-1
182,0,0.00,0.00,0.00,0.00,1.0,-1,-1,-1
182,1,0.00,0.00,0.00,0.00,1.0,-1,-1,-1
182,2,0.00,0.00,0.00,0.00,1.0,-1,-1,-1
182,3,0.00,0.00,0.00,0.00,1.0,-1,-1,-1
182,4,0.00,0.00,0.00,0.00,1.0,-1,-1,-1
182,5,0.00,0.00,0.00,0.00,1.0,-1,-1,-1
182,6,0.00,0.00,0.00,0.00,1.0,-1,-1,-1
182,7,0.00,0.00,0.00,0.00,1.0,-1,-1,-1
183,0,0.00,0.00,0.00,0.00,1.0,-1,-1,-1
183,1,0.00,0.00,0.00,0.00,1.0,-1,-1,-1
183,2,0.00,0.00,0.00,0.00,1.0,-1,-1,-1
183,3,0.00,0.00,0.00,0.00,1.0,-1,-1,-1
183,4,0.00,0.00,0.00,0.00,1.0,-1,-1,-1
183,5,0.00,0.00,0.00,0.00,1.0,-1,-1,-1
183,6,0.00,0.00,0.00,0.00,1.0,-1,-1,-1
183,7,0.00,0.00,0.00,0.00,1.0,-1,-1,-1
184,0,0.00,0.00,0.00,0.00,1.0,-1,-1,-1
184,1,0.00,0.00,0.00,0.00,1.0,-1,-1,-1
184,2,0.00,0.00,0.00,0.00,1.0,-1,-1,-1
184,3,0.00,0.00,0.00,0.00,1.0,-1,-1,-1
184,4,0.00,0.00,0.00,0.00,1.0,-1,-1,-1
184,5,0.00,0.00,0.00,0.00,1.0,-1,-1,-1
184,6,0.00,0.00,0.00,0.00,1.0,-1,-1,-1
184,7,0.00,0.00,0.00,0.00,1.0,-1,-1,-1
185,0,0.00,0.00,0.00,0.00,1.0,-1,-1,-1
185,1,0.00,0.00,0.00,0.00,1.0,-1,-1,-1
185,2,0.00,0.00,0.00,0.00,1.0,-1,-1,-1
185,3,0.00,0.00,0.00,0.00,1.0,-1,-1,-1
185,4,0.00,0.00,0.00,0.00,1.0,-1,-1,-1
185,5,0.00,0.00,0.00,0.00,1.0,-1,-1,-1
185,6,0.00,0.00,0.00,0.00,1.0,-1,-1,-1
185,7,0.00,0.00,0.00,0.00,1.0,-1,-1,-1
186,0,0.00,0.00,0.00,0.00,1.0,-1,-1,-1
186,1,0.00,0.00,0.00,0.00,1.0,-1,-1,-1
186,2,0.00,0.00,0.00,0.00,1.0,-1,-1,-1
186,3,0.00,0.00,0.00,0.00,1.0,-1,-1,-1
186,4,0.00,0.00,0.00,0.00,1.0,-1,-1,-1
186,5,0.00,0.00,0.00,0.00,1.0,-1,-1,-1
186,6,0.00,0.00,0.00,0.00,1.0,-1,-1,-1
186,7,0.00,0.00,0.00,0.00,1.0,-1,-1,-1
187,0,0.00,0.00,0.00,0.00,1.0,-1,-1,-1
187,1,0.00,0.00,0.00,0.00,1.0,-1,-1,-1
187,2,0.00,0.00,0.00,0.00,1.0,-1,-1,-1
187,3,0.00,0.00,0.00,0.00,1.0,-1,-1,-1
187,4,0.00,0.00,0.00,0.00,1.0,-1,-1,-1
187,5,0.00,0.00,0.00,0.00,1.0,-1,-1,-1
187,6,0.00,0.00,0.00,0.00,1.0,-1,-1,-1
187,7,0.00,0.00,0.00,0.00,1.0,-1,-1,-1
188,0,0.00,0.00,0.00,0.00,1.0,-1,-1,-1
188,1,0.00,0.00,0.00,0.00,1.0,-1,-1,-1
188,2,0.00,0.00,0.00,0.00,1.0,-1,-1,-1
188,3,0.00,0.00,0.00,0.00,1.0,-1,-1,-1
188,4,0.00,0.00,0.00,0.00,1.0,-1,-1,-1
188,5,0.00,0.00,0.00,0.00,1.0,-1,-1,-1
188,6,0.00,0.00,0.00,0.00,1.0,-1,-1,-1
188,7,0.00,0.00,0.00,0.00,1.0,-1,-1,-1
189,0,0.00,0.00,0.00,0.00,1.0,-1,-1,-1
189,1,0.00,0.00,0.00,0.00,1.0,-1,-1,-1
189,2,0.00,0.00,0.00,0.00,1.0,-1,-1,-1
189,3,0.00,0.00,0.00,0.00,1.0,-1,-1,-1
189,4,0.00,0.00,0.00,0.00,1.0,-1,-1,-1
189,5,0.00,0.00,0.00,0.00,1.0,-1,-1,-1
189,6,0.00,0.00,0.00,0.00,1.0,-1,-1,-1
189,7,0.00,0.00,0.00,0.00,1.0,-1,-1,-1
190,0,0.00,0.00,0.00,0.00,1.0,-1,-1,-1
190,1,0.00,0.00,0.00,0.00,1.0,-1,-1,-1
190,2,0.00,0.00,0.00,0.00,1.0,-1,-1,-1
190,3,0.00,0.00,0.00,0.00,1.0,-1,-1,-1
190,4,0.00,0.00,0.00,0.00,1.0,-1,-1,-1
190,5,0.00,0.00,0.00,0.00,1.0,-1,-1,-1
190,6,0.00,0.00,0.00,0.00,1.0,-1,-1,-1
190,7,0.00,0.00,0.00,0.00,1.0,-1,-1,-1
191,0,0.00,0.00,0.00,0.00,1.0,-1,-1,-1
191,1,0.00,0.00,0.00,0.00,1.0,-1,-1,-1
191,2,0.00,0.00,0.00,0.00,1.0,-1,-1,-1
191,3,0.00,0.00,0.00,0.00,1.0,-1,-1,-1
191,4,0.00,0.00,0.00,0.00,1.0,-1,-1,-1
191,5,0.00,0.00,0.00,0.00,1.0,-1,-1,-1
191,6,0.00,0.00,0.00,0.00,1.0,-1,-1,-1
191,7,0.00,0.00,0.00,0.00,1.0,-1,-1,-1
192,0,0.00,0.00,0.00,0.00,1.0,-1,-1,-1
192,1,0.00,0.00,0.00,0.00,1.0,-1,-1,-1
192,2,0.00,0.00,0.00,0.00,1.0,-1,-1,-1
192,3,0.00,0.00,0.00,0.00,1.0,-1,-1,-1
192,4,0.00,0.00,0.00,0.00,1.0,-1,-1,-1
192,5,0.00,0.00,0.00,0.00,1.0,-1,-1,-1
192,6,0.00,0.00,0.00,0.00,1.0,-1,-1,-1
192,7,0.00,0.00,0.00,0.00,1.0,-1,-1,-1
193,0,0.00,0.00,0.00,0.00,1.0,-1,-1,-1
193,1,0.00,0.00,0.00,0.00,1.0,-1,-1,-1
193,2,0.00,0.00,0.00,0.00,1.0,-1,-1,-1
193,3,0.00,0.00,0.00,0.00,1.0,-1,-1,-1
193,4,0.00,0.00,0.00,0.00,1.0,-1,-1,-1
193,5,0.00,0.00,0.00,0.00,1.0,-1,-1,-1
193,6,0.00,0.00,0.00,0.00,1.0,-1,-1,-1
193,7,0.00,0.00,0.00,0.00,1.0,-1,-1,-1
194,0,0.00,0.00,0.00,0.00,1.0,-1,-1,-1
194,1,0.00,0.00,0.00,0.00,1.0,-1,-1,-1
194,2,0.00,0.00,0.00,0.00,1.0,-1,-1,-1
194,3,0.00,0.00,0.00,0.00,1.0,-1,-1,-1
194,4,0.00,0.00,0.00,0.00,1.0,-1,-1,-1
194,5,0.00,0.00,0.00,0.00,1.0,-1,-1,-1
194,6,0.00,0.00,0.00,0.00,1.0,-1,-1,-1
194,7,0.00,0.00,0.00,0.00,1.0,-1,-1,-1
195,0,0.00,0.00,0.00,0.00,1.0,-1,-1,-1
195,1,0.00,0.00,0.00,0.00,1.0,-1,-1,-1
195,2,0.00,0.00,0.00,0.00,1.0,-1,-1,-1
195,3,0.00,0.00,0.00,0.00,1.0,-1,-1,-1
195,4,0.00,0.00,0.00,0.00,1.0,-1,-1,-1
195,5,0.00,0.00,0.00,0.00,1.0,-1,-1,-1
195,6,0.00,0.00,0.00,0.00,1.0,-1,-1,-1
195,7,0.00,0.00,0.00,0.00,1.0,-1,-1,-1
196,0,0.00,0.00,0.00,0.00,1.0,-1,-1,-1
196,1,0.00,0.00,0.00,0.00,1.0,-1,-1,-1
196,2,0.00,0.00,0.00,0.00,1.0,-1,-1,-1
196,3,0.00,0.00,0.00,0.00,1.0,-1,-1,-1
196,4,0.00,0.00,0.00,0.00,1.0,-1,-1,-1
196,5,0.00,0.00,0.00,0.00,1.0,-1,-1,-1
196,6,0.00,0.00,0.00,0.00,1.0,-1,-1,-1
196,7,0.00,0.00,0.00,0.00,1.0,-1,-1,-1
197,0,0.00,0.00,0.00,0.00,1.0,-1,-1,-1
197,1,0.00,0.00,0.00,0.00,1.0,-1,-1,-1
197,2,0.00,0.00,0.00,0.00,1.0,-1,-1,-1
197,3,0.00,0.00,0.00,0.00,1.0,-1,-1,-1
197,4,0.00,0.00,0.00,0.00,1.0,-1,-1,-1
197,5,0.00,0.00,0.00,0.00,1.0,-1,-1,-1
197,6,0.00,0.00,0.00,0.00,1.0,-1,-1,-1
197,7,0.00,0.00,0.00,0.00,1.0,-1,-1,-1
198,0,0.00,0.00,0.00,0.00,1.0,-1,-1,-1
198,1,0.00,0.00,0.00,0.00,1.0,-1,-1,-1
198,2,0.00,0.00,0.00,0.00,1.0,-1,-1,-1
198,3,0.00,0.00,0.00,0.00,1.0,-1,-1,-1
198,4,0.00,0.00,0.00,0.00,1.0,-1,-1,-1
198,5,0.00,0.00,0.00,0.00,1.0,-1,-1,-1
198,6,0.00,0.00,0.00,0.00,1.0,-1,-1,-1
198,7,0.00,0.00,0.00,0.00,1.0,-1,-1,-1
199,0,0.00,0.00,0.00,0.00,1.0,-1,-1,-1
199,1,0.00,0.00,0.00,0.00,1.0,-1,-1,-1
199,2,0.00,0.00,0.00,0.00,1.0,-1,-1,-1
199,3,0.00,0.00,0.00,0.00,1.0,-1,-1,-1
199,4,0.00,0.00,0.00,0.00,1.0,-1,-1,-1
199,5,0.00,0.00,0.00,0.00,1.0,-1,-1,-1
199,6,0.00,0.00,0.00,0.00,1.0,-1,-1,-1
199,7,0.00,0.00,0.00,0.00,1.0,-1,-1,-1
200,0,0.00,0.00,0.00,0.00,1.0,-1,-1,-1
200,1,0.00,0.00,0.00,0.00,1.0,-1,-1,-1
200,2,0.00,0.00,0.00,0.00,1.0,-1,-1,-1
200,3,0.00,0.00,0.00,0.00,1.0,-1,-1,-1
200,4,0.00,0.00,0.00,0.00,1.0,-1,-1,-1
200,5,0.00,0.00,0.00,0.00,1.0,-1,-1,-1
200,6,0.00,0.00,0.00,0.00,1.0,-1,-1,-1
200,7,0.00,0.00,0.00,0.00,1.0,-1,-1,-1
201,0,0.00,0.00,0.00,0.00,1.0,-1,-1,-1
201,1,0.00,0.00,0.00,0.00,1.0,-1,-1,-1
201,2,0.00,0.00,0.00,0.00,1.0,-1,-1,-1
201,3,0.00,0.00,0.00,0.00,1.0,-1,-1,-1
201,4,0.00,0.00,0.00,0.00,1.0,-1,-1,-1
201,5,0.00,0.00,0.00,0.00,1.0,-1,-1,-1
201,6,0.00,0.00,0.00,0.00,1.0,-1,-1,-1
201,7,0.00,0.00,0.00,0.00,1.0,-1,-1,-1
202,0,0.00,0.00,0.00,0.00,1.0,-1,-1,-1
202,1,0.00,0.00,0.00,0.00,1.0,-1,-1,-1
202,2,0.00,0.00,0.00,0.00,1.0,-1,-1,-1
202,3,0.00,0.00,0.00,0.00,1.0,-1,-1,-1
202,4,0.00,0.00,0.00,0.00,1.0,-1,-1,-1
202,5,0.00,0.00,0.00,0.00,1.0,-1,-1,-1
202,6,0.00,0.00,0.00,0.00,1.0,-1,-1,-1
202,7,0.00,0.00,0.00,0.00,1.0,-1,-1,-1
203,0,0.00,0.00,0.00,0.00,1.0,-1,-1,-1
203,1,0.00,0.00,0.00,0.00,1.0,-1,-1,-1
203,2,0.00,0.00,0.00,0.00,1.0,-1,-1,-1
203,3,0.00,0.00,0.00,0.00,1.0,-1,-1,-1
203,4,0.00,0.00,0.00,0.00,1.0,-1,-1,-1
203,5,0.00,0.00,0.00,0.00,1.0,-1,-1,-1
203,6,0.00,0.00,0.00,0.00,1.0,-1,-1,-1
203,7,0.00,0.00,0.00,0.00,1.0,-1,-1,-1
204,0,0.00,0.00,0.00,0.00,1.0,-1,-1,-1
204,1,0.00,0.00,0.00,0.00,1.0,-1,-1,-1
204,2,0.00,0.00,0.00,0.00,1.0,-1,-1,-1
204,3,0.00,0.00,0.00,0.00,1.0,-1,-1,-1
204,4,0.00,0.00,0.00,0.00,1.0,-1,-1,-1
204,5,0.00,0.00,0.00,0.00,1.0,-1,-1,-1
204,6,0.00,0.00,0.00,0.00,1.0,-1,-1,-1
204,7,0.00,0.00,0.00,0.00,1.0,-1,-1,-1
205,0,0.00,0.00,0.00,0.00,1.0,-1,-1,-1
205,1,0.00,0.00,0.00,0.00,1.0,-1,-1,-1
205,2,0.00,0.00,0.00,0.00,1.0,-1,-1,-1
205,3,0.00,0.00,0.00,0.00,1.0,-1,-1,-1
205,4,0.00,0.00,0.00,0.00,1.0,-1,-1,-1
205,5,0.00,0.00,0.00,0.00,1.0,-1,-1,-1
205,6,0.00,0.00,0.00,0.00,1.0,-1,-1,-1
205,7,0.00,0.00,0.00,0.00,1.0,-1,-1,-1
206,0,0.00,0.00,0.00,0.00,1.0,-1,-1,-1
206,1,0.00,0.00,0.00,0.00,1.0,-1,-1,-1
206,2,0.00,0.00,0.00,0.00,1.0,-1,-1,-1
206,3,0.00,0.00,0.00,0.00,1.0,-1,-1,-1
206,4,0.00,0.00,0.00,0.00,1.0,-1,-1,-1
206,5,0.00,0.00,0.00,0.00,1.0,-1,-1,-1
206,6,0.00,0.00,0.00,0.00,1.0,-1,-1,-1
206,7,0.00,0.00,0.00,0.00,1.0,-1,-1,-1
207,0,0.00,0.00,0.00,0.00,1.0,-1,-1,-1
207,1,0.00,0.00,0.00,0.00,1.0,-1,-1,-1
207,2,0.00,0.00,0.00,0.00,1.0,-1,-1,-1
207,3,0.00,0.00,0.00,0.00,1.0,-1,-1,-1
207,4,0.00,0.00,0.00,0.00,1.0,-1,-1,-1
207,5,0.00,0.00,0.00,0.00,1.0,-1,-1,-1
207,6,0.00,0.00,0.00,0.00,1.0,-1,-1,-1
207,7,0.00,0.00,0.00,0.00,1.0,-1,-1,-1
208,0,0.00,0.00,0.00,0.00,1.0,-1,-1,-1
208,1,0.00,0.00,0.00,0.00,1.0,-1,-1,-1
208,2,0.00,0.00,0.00,0.00,1.0,-1,-1,-1
208,3,0.00,0.00,0.00,0.00,1.0,-1,-1,-1
208,4,0.00,0.00,0.00,0.00,1.0,-1,-1,-1
208,5,0.00,0.00,0.00,0.00,1.0,-1,-1,-1
208,6,0.00,0.00,0.00,0.00,1.0,-1,-1,-1
208,7,0.00,0.00,0.00,0.00,1.0,-1,-1,-1
209,0,0.00,0.00,0.00,0.00,1.0,-1,-1,-1
209,1,0.00,0.00,0.00,0.00,1.0,-1,-1,-1
209,2,0.00,0.00,0.00,0.00,1.0,-1,-1,-1
209,3,0.00,0.00,0.00,0.00,1.0,-1,-1,-1
209,4,0.00,0.00,0.00,0.00,1.0,-1,-1,-1
209,5,0.00,0.00,0.00,0.00,1.0,-1,-1,-1
209,6,0.00,0.00,0.00,0.00,1.0,-1,-1,-1
209,7,0.00,0.00,0.00,0.00,1.0,-1,-1,-1
210,0,0.00,0.00,0.00,0.00,1.0,-1,-1,-1
210,1,0.00,0.00,0.00,0.00,1.0,-1,-1,-1
210,2,0.00,0.00,0.00,0.00,1.0,-1,-1,-1
210,3,0.00,0.00,0.00,0.00,1.0,-1,-1,-1
210,4,0.00,0.00,0.00,0.00,1.0,-1,-1,-1
210,5,0.00,0.00,0.00,0.00,1.0,-1,-1,-1
210,6,0.00,0.00,0.00,0.00,1.0,-1,-1,-1
210,7,0.00,0.00,0.00,0.00,1.0,-1,-1,-1
211,0,0.00,0.00,0.00,0.00,1.0,-1,-1,-1
211,1,0.00,0.00,0.00,0.00,1.0,-1,-1,-1
211,2,0.00,0.00,0.00,0.00,1.0,-1,-1,-1
211,3,0.00,0.00,0.00,0.00,1.0,-1,-1,-1
211,4,0.00,0.00,0.00,0.00,1.0,-1,-1,-1
211,5,0.00,0.00,0.00,0.00,1.0,-1,-1,-1
211,6,0.00,0.00,0.00,0.00,1.0,-1,-1,-1
211,7,0.00,0.00,0.00,0.00,1.0,-1,-1,-1
212,0,0.00,0.00,0.00,0.00,1.0,-1,-1,-1
212,1,0.00,0.00,0.00,0.00,1.0,-1,-1,-1
212,2,0.00,0.00,0.00,0.00,1.0,-1,-1,-1
212,3,0.00,0.00,0.00,0.00,1.0,-1,-1,-1
212,4,0.00,0.00,0.00,0.00,1.0,-1,-1,-1
212,5,0.00,0.00,0.00,0.00,1.0,-1,-1,-1
212,6,0.00,0.00,0.00,0.00,1.0,-1,-1,-1
212,7,0.00,0.00,0.00,0.00,1.0,-1,-1,-1
213,0,0.00,0.00,0.00,0.00,1.0,-1,-1,-1
213,1,0.00,0.00,0.00,0.00,1.0,-1,-1,-1
213,2,0.00,0.00,0.00,0.00,1.0,-1,-1,-1
213,3,0.00,0.00,0.00,0.00,1.0,-1,-1,-1
213,4,0.00,0.00,0.00,0.00,1.0,-1,-1,-1
213,5,0.00,0.00,0.00,0.00,1.0,-1,-1,-1
213,6,0.00,0.00,0.00,0.00,1.0,-1,-1,-1
213,7,0.00,0.00,0.00,0.00,1.0,-1,-1,-1
214,0,0.00,0.00,0.00,0.00,1.0,-1,-1,-1
214,1,0.00,0.00,0.00,0.00,1.0,-1,-1,-1
214,2,0.00,0.00,0.00,0.00,1.0,-1,-1,-1
214,3,0.00,0.00,0.00,0.00,1.0,-1,-1,-1
214,4,0.00,0.00,0.00,0.00,1.0,-1,-1,-1
214,5,0.00,0.00,0.00,0.00,1.0,-1,-1,-1
214,6,0.00,0.00,0.00,0.00,1.0,-1,-1,-1
214,7,0.00,0.00,0.00,0.00,1.0,-1,-1,-1
215,0,0.00,0.00,0.00,0.00,1.0,-1,-1,-1
215,1,0.00,0.00,0.00,0.00,1.0,-1,-1,-1
215,2,0.00,0.00,0.00,0.00,1.0,-1,-1,-1
215,3,0.00,0.00,0.00,0.00,1.0,-1,-1,-1
215,4,0.00,0.00,0.00,0.00,1.0,-1,-1,-1
215,5,0.00,0.00,0.00,0.00,1.0,-1,-1,-1
215,6,0.00,0.00,0.00,0.00,1.0,-1,-1,-1
215,7,0.00,0.00,0.00,0.00,1.0,-1,-1,-1
216,0,0.00,0.00,0.00,0.00,1.0,-1,-1,-1
216,1,0.00,0.00,0.00,0.00,1.0,-1,-1,-1
216,2,0.00,0.00,0.00,0.00,1.0,-1,-1,-1
216,3,0.00,0.00,0.00,0.00,1.0,-1,-1,-1
216,4,0.00,0.00,0.00,0.00,1.0,-1,-1,-1
216,5,0.00,0.00,0.00,0.00,1.0,-1,-1,-1
216,6,0.00,0.00,0.00,0.00,1.0,-1,-1,-1
216,7,0.00,0.00,0.00,0.00,1.0,-1,-1,-1
217,0,0.00,0.00,0.00,0.00,1.0,-1,-1,-1
217,1,0.00,0.00,0.00,0.00,1.0,-1,-1,-1
217,2,0.00,0.00,0.00,0.00,1.0,-1,-1,-1
217,3,0.00,0.00,0.00,0.00,1.0,-1,-1,-1
217,4,0.00,0.00,0.00,0.00,1.0,-1,-1,-1
217,5,0.00,0.00,0.00,0.00,1.0,-1,-1,-1
217,6,0.00,0.00,0.00,0.00,1.0,-1,-1,-1
217,7,0.00,0.00,0.00,0.00,1.0,-1,-1,-1
218,0,0.00,0.00,0.00,0.00,1.0,-1,-1,-1
218,1,0.00,0.00,0.00,0.00,1.0,-1,-1,-1
218,2,0.00,0.00,0.00,0.00,1.0,-1,-1,-1
218,3,0.00,0.00,0.00,0.00,1.0,-1,-1,-1
218,4,0.00,0.00,0.00,0.00,1.0,-1,-1,-1
218,5,0.00,0.00,0.00,0.00,1.0,-1,-1,-1
218,6,0.00,0.00,0.00,0.00,1.0,-1,-1,-1
218,7,0.00,0.00,0.00,0.00,1.0,-1,-1,-1
219,0,0.00,0.00,0.00,0.00,1.0,-1,-1,-1
219,1,0.00,0.00,0.00,0.00,1.0,-1,-1,-1
219,2,0.00,0.00,0.00,0.00,1.0,-1,-1,-1
219,3,0.00,0.00,0.00,0.00,1.0,-1,-1,-1
219,4,0.00,0.00,0.00,0.00,1.0,-1,-1,-1
219,5,0.00,0.00,0.00,0.00,1.0,-1,-1,-1
219,6,0.00,0.00,0.00,0.00,1.0,-1,-1,-1
219,7,0.00,0.00,0.00,0.00,1.0,-1,-1,-1
220,0,0.00,0.00,0.00,0.00,1.0,-1,-1,-1
220,1,0.00,0.00,0.00,0.00,1.0,-1,-1,-1
220,2,0.00,0.00,0.00,0.00,1.0,-1,-1,-1
220,3,0.00,0.00,0.00,0.00,1.0,-1,-1,-1
220,4,0.00,0.00,0.00,0.00,1.0,-1,-1,-1
220,5,0.00,0.00,0.00,0.00,1.0,-1,-1,-1
220,6,0.00,0.00,0.00,0.00,1.0,-1,-1,-1
220,7,0.00,0.00,0.00,0.00,1.0,-1,-1,-1
221,0,0.00,0.00,0.00,0.00,1.0,-1,-1,-1
221,1,0.00,0.00,0.00,0.00,1.0,-1,-1,-1
221,2,0.00,0.00,0.00,0.00,1.0,-1,-1,-1
221,3,0.00,0.00,0.00,0.00,1.0,-1,-1,-1
221,4,0.00,0.00,0.00,0.00,1.0,-1,-1,-1
221,5,0.00,0.00,0.00,0.00,1.0,-1,-1,-1
221,6,0.00,0.00,0.00,0.00,1.0,-1,-1,-1
221,7,0.00,0.00,0.00,0.00,1.0,-1,-1,-1
222,0,0.00,0.00,0.00,0.00,1.0,-1,-1,-1
222,1,0.00,0.00,0.00,0.00,1.0,-1,-1,-1
222,2,0.00,0.00,0.00,0.00,1.0,-1,-1,-1
222,3,0.00,0.00,0.00,0.00,1.0,-1,-1,-1
222,4,0.00,0.00,0.00,0.00,1.0,-1,-1,-1
222,5,0.00,0.00,0.00,0.00,1.0,-1,-1,-1
222,6,0.00,0.00,0.00,0.00,1.0,-1,-1,-1
222,7,0.00,0.00,0.00,0.00,1.0,-1,-1,-1
223,0,0.00,0.00,0.00,0.00,1.0,-1,-1,-1
223,1,0.00,0.00,0.00,0.00,1.0,-1,-1,-1
223,2,0.00,0.00,0.00,0.00,1.0,-1,-1,-1
223,3,0.00,0.00,0.00,0.00,1.0,-1,-1,-1
223,4,0.00,0.00,0.00,0.00,1.0,-1,-1,-1
223,5,0.00,0.00,0.00,0.00,1.0,-1,-1,-1
223,6,0.00,0.00,0.00,0.00,1.0,-1,-1,-1
223,7,0.00,0.00,0.00,0.00,1.0,-1,-1,-1
224,0,0.00,0.00,0.00,0.00,1.0,-1,-1,-1
224,1,0.00,0.00,0.00,0.00,1.0,-1,-1,-1
224,2,0.00,0.00,0.00,0.00,1.0,-1,-1,-1
224,3,0.00,0.00,0.00,0.00,1.0,-1,-1,-1
224,4,0.00,0.00,0.00,0.00,1.0,-1,-1,-1
224,5,0.00,0.00,0.00,0.00,1.0,-1,-1,-1
224,6,0.00,0.00,0.00,0.00,1.0,-1,-1,-1
224,7,0.00,0.00,0.00,0.00,1.0,-1,-1,-1
225,0,0.00,0.00,0.00,0.00,1.0,-1,-1,-1
225,1,0.00,0.00,0.00,0.00,1.0,-1,-1,-1
225,2,0.00,0.00,0.00,0.00,1.0,-1,-1,-1
225,3,0.00,0.00,0.00,0.00,1.0,-1,-1,-1
225,4,0.00,0.00,0.00,0.00,1.0,-1,-1,-1
225,5,0.00,0.00,0.00,0.00,1.0,-1,-1,-1
225,6,0.00,0.00,0.00,0.00,1.0,-1,-1,-1
225,7,0.00,0.00,0.00,0.00,1.0,-1,-1,-1
226,0,0.00,0.00,0.00,0.00,1.0,-1,-1,-1
226,1,0.00,0.00,0.00,0.00,1.0,-1,-1,-1
226,2,0.00,0.00,0.00,0.00,1.0,-1,-1,-1
226,3,0.00,0.00,0.00,0.00,1.0,-1,-1,-1
226,4,0.00,0.00,0.00,0.00,1.0,-1,-1,-1
226,5,0.00,0.00,0.00,0.00,1.0,-1,-1,-1
226,6,0.00,0.00,0.00,0.00,1.0,-1,-1,-1
226,7,0.00,0.00,0.00,0.00,1.0,-1,-1,-1
227,0,0.00,0.00,0.00,0.00,1.0,-1,-1,-1
227,1,0.00,0.00,0.00,0.00,1.0,-1,-1,-1
227,2,0.00,0.00,0.00,0.00,1.0,-1,-1,-1
227,3,0.00,0.00,0.00,0.00,1.0,-1,-1,-1
227,4,0.00,0.00,0.00,0.00,1.0,-1,-1,-1
227,5,0.00,0.00,0.00,0.00,1.0,-1,-1,-1
227,6,0.00,0.00,0.00,0.00,1.0,-1,-1,-1
227,7,0.00,0.00,0.00,0.00,1.0,-1,-1,-1
228,0,0.00,0.00,0.00,0.00,1.0,-1,-1,-1
228,1,0.00,0.00,0.00,0.00,1.0,-1,-1,-1
228,2,0.00,0.00,0.00,0.00,1.0,-1,-1,-1
228,3,0.00,0.00,0.00,0.00,1.0,-1,-1,-1
228,4,0.00,0.00,0.00,0.00,1.0,-1,-1,-1
228,5,0.00,0.00,0.00,0.00,1.0,-1,-1,-1
228,6,0.00,0.00,0.00,0.00,1.0,-1,-1,-1
228,7,0.00,0.00,0.00,0.00,1.0,-1,-1,-1
229,0,0.00,0.00,0.00,0.00,1.0,-1,-1,-1
229,1,0.00,0.00,0.00,0.00,1.0,-1,-1,-1
229,2,0.00,0.00,0.00,0.00,1.0,-1,-1,-1
229,3,0.00,0.00,0.00,0.00,1.0,-1,-1,-1
229,4,0.00,0.00,0.00,0.00,1.0,-1,-1,-1
229,5,0.00,0.00,0.00,0.00,1.0,-1,-1,-1
229,6,0.00,0.00,0.00,0.00,1.0,-1,-1,-1
229,7,0.00,0.00,0.00,0.00,1.0,-1,-1,-1
230,0,0.00,0.00,0.00,0.00,1.0,-1,-1,-1
230,1,0.00,0.00,0.00,0.00,1.0,-1,-1,-1
230,2,0.00,0.00,0.00,0.00,1.0,-1,-1,-1
230,3,0.00,0.00,0.00,0.00,1.0,-1,-1,-1
230,4,0.00,0.00,0.00,0.00,1.0,-1,-1,-1
230,5,0.00,0.00,0.00,0.00,1.0,-1,-1,-1
230,6,0.00,0.00,0.00,0.00,1.0,-1,-1,-1
230,7,0.00,0.00,0.00,0.00,1.0,-1,-1,-1
231,0,0.00,0.00,0.00,0.00,1.0,-1,-1,-1
231,1,0.00,0.00,0.00,0.00,1.0,-1,-1,-1
231,2,0.00,0.00,0.00,0.00,1.0,-1,-1,-1
231,3,0.00,0.00,0.00,0.00,1.0,-1,-1,-1
231,4,0.00,0.00,0.00,0.00,1.0,-1,-1,-1
231,5,0.00,0.00,0.00,0.00,1.0,-1,-1,-1
231,6,0.00,0.00,0.00,0.00,1.0,-1,-1,-1
231,7,0.00,0.00,0.00,0.00,1.0,-1,-1,-1
232,0,0.00,0.00,0.00,0.00,1.0,-1,-1,-1
232,1,0.00,0.00,0.00,0.00,1.0,-1,-1,-1
232,2,0.00,0.00,0.00,0.00,1.0,-1,-1,-1
232,3,0.00,0.00,0.00,0.00,1.0,-1,-1,-1
232,4,0.00,0.00,0.00,0.00,1.0,-1,-1,-1
232,5,0.00,0.00,0.00,0.00,1.0,-1,-1,-1
232,6,0.00,0.00,0.00,0.00,1.0,-1,-1,-1
232,7,0.00,0.00,0.00,0.00,1.0,-1,-1,-1
233,0,0.00,0.00,0.00,0.00,1.0,-1,-1,-1
233,1,0.00,0.00,0.00,0.00,1.0,-1,-1,-1
233,2,0.00,0.00,0.00,0.00,1.0,-1,-1,-1
233,3,0.00,0.00,0.00,0.00,1.0,-1,-1,-1
233,4,0.00,0.00,0.00,0.00,1.0,-1,-1,-1
233,5,0.00,0.00,0.00,0.00,1.0,-1,-1,-1
233,6,0.00,0.00,0.00,0.00,1.0,-1,-1,-1
233,7,0.00,0.00,0.00,0.00,1.0,-1,-1,-1
234,0,0.00,0.00,0.00,0.00,1.0,-1,-1,-1
234,1,0.00,0.00,0.00,0.00,1.0,-1,-1,-1
234,2,0.00,0.00,0.00,0.00,1.0,-1,-1,-1
234,3,0.00,0.00,0.00,0.00,1.0,-1,-1,-1
234,4,0.00,0.00,0.00,0.00,1.0,-1,-1,-1
234,5,0.00,0.00,0.00,0.00,1.0,-1,-1,-1
234,6,0.00,0.00,0.00,0.00,1.0,-1,-1,-1
234,7,0.00,0.00,0.00,0.00,1.0,-1,-1,-1
234,8,982.00,156.00,158.00,218.00,1.0,-1,-1,-1
235,0,0.00,0.00,0.00,0.00,1.0,-1,-1,-1
235,1,0.00,0.00,0.00,0.00,1.0,-1,-1,-1
235,2,0.00,0.00,0.00,0.00,1.0,-1,-1,-1
235,3,0.00,0.00,0.00,0.00,1.0,-1,-1,-1
235,4,0.00,0.00,0.00,0.00,1.0,-1,-1,-1
235,5,0.00,0.00,0.00,0.00,1.0,-1,-1,-1
235,6,0.00,0.00,0.00,0.00,1.0,-1,-1,-1
235,7,0.00,0.00,0.00,0.00,1.0,-1,-1,-1
235,8,1032.00,156.00,163.00,219.00,1.0,-1,-1,-1
236,0,0.00,0.00,0.00,0.00,1.0,-1,-1,-1
236,1,0.00,0.00,0.00,0.00,1.0,-1,-1,-1
236,2,0.00,0.00,0.00,0.00,1.0,-1,-1,-1
236,3,0.00,0.00,0.00,0.00,1.0,-1,-1,-1
236,4,0.00,0.00,0.00,0.00,1.0,-1,-1,-1
236,5,0.00,0.00,0.00,0.00,1.0,-1,-1,-1
236,6,0.00,0.00,0.00,0.00,1.0,-1,-1,-1
236,7,0.00,0.00,0.00,0.00,1.0,-1,-1,-1
236,8,1079.00,156.00,163.00,219.00,1.0,-1,-1,-1
237,0,0.00,0.00,0.00,0.00,1.0,-1,-1,-1
237,1,0.00,0.00,0.00,0.00,1.0,-1,-1,-1
237,2,0.00,0.00,0.00,0.00,1.0,-1,-1,-1
237,3,0.00,0.00,0.00,0.00,1.0,-1,-1,-1
237,4,0.00,0.00,0.00,0.00,1.0,-1,-1,-1
237,5,0.00,0.00,0.00,0.00,1.0,-1,-1,-1
237,6,0.00,0.00,0.00,0.00,1.0,-1,-1,-1
237,7,0.00,0.00,0.00,0.00,1.0,-1,-1,-1
237,8,1153.00,152.00,89.00,223.00,1.0,-1,-1,-1
238,0,0.00,0.00,0.00,0.00,1.0,-1,-1,-1
238,1,0.00,0.00,0.00,0.00,1.0,-1,-1,-1
238,2,0.00,0.00,0.00,0.00,1.0,-1,-1,-1
238,3,0.00,0.00,0.00,0.00,1.0,-1,-1,-1
238,4,0.00,0.00,0.00,0.00,1.0,-1,-1,-1
238,5,0.00,0.00,0.00,0.00,1.0,-1,-1,-1
238,6,0.00,0.00,0.00,0.00,1.0,-1,-1,-1
238,7,0.00,0.00,0.00,0.00,1.0,-1,-1,-1
238,8,0.00,0.00,0.00,0.00,1.0,-1,-1,-1
239,0,0.00,0.00,0.00,0.00,1.0,-1,-1,-1
239,1,0.00,0.00,0.00,0.00,1.0,-1,-1,-1
239,2,0.00,0.00,0.00,0.00,1.0,-1,-1,-1
239,3,0.00,0.00,0.00,0.00,1.0,-1,-1,-1
239,4,0.00,0.00,0.00,0.00,1.0,-1,-1,-1
239,5,0.00,0.00,0.00,0.00,1.0,-1,-1,-1
239,6,0.00,0.00,0.00,0.00,1.0,-1,-1,-1
239,7,0.00,0.00,0.00,0.00,1.0,-1,-1,-1
239,8,0.00,0.00,0.00,0.00,1.0,-1,-1,-1
240,0,0.00,0.00,0.00,0.00,1.0,-1,-1,-1
240,1,0.00,0.00,0.00,0.00,1.0,-1,-1,-1
240,2,0.00,0.00,0.00,0.00,1.0,-1,-1,-1
240,3,0.00,0.00,0.00,0.00,1.0,-1,-1,-1
240,4,0.00,0.00,0.00,0.00,1.0,-1,-1,-1
240,5,0.00,0.00,0.00,0.00,1.0,-1,-1,-1
240,6,0.00,0.00,0.00,0.00,1.0,-1,-1,-1
240,7,0.00,0.00,0.00,0.00,1.0,-1,-1,-1
240,8,0.00,0.00,0.00,0.00,1.0,-1,-1,-1
241,0,0.00,0.00,0.00,0.00,1.0,-1,-1,-1
241,1,0.00,0.00,0.00,0.00,1.0,-1,-1,-1
241,2,0.00,0.00,0.00,0.00,1.0,-1,-1,-1
241,3,0.00,0.00,0.00,0.00,1.0,-1,-1,-1
241,4,0.00,0.00,0.00,0.00,1.0,-1,-1,-1
241,5,0.00,0.00,0.00,0.00,1.0,-1,-1,-1
241,6,0.00,0.00,0.00,0.00,1.0,-1,-1,-1
241,7,0.00,0.00,0.00,0.00,1.0,-1,-1,-1
241,8,0.00,0.00,0.00,0.00,1.0,-1,-1,-1
242,0,0.00,0.00,0.00,0.00,1.0,-1,-1,-1
242,1,0.00,0.00,0.00,0.00,1.0,-1,-1,-1
242,2,0.00,0.00,0.00,0.00,1.0,-1,-1,-1
242,3,0.00,0.00,0.00,0.00,1.0,-1,-1,-1
242,4,0.00,0.00,0.00,0.00,1.0,-1,-1,-1
242,5,0.00,0.00,0.00,0.00,1.0,-1,-1,-1
242,6,0.00,0.00,0.00,0.00,1.0,-1,-1,-1
242,7,0.00,0.00,0.00,0.00,1.0,-1,-1,-1
242,8,0.00,0.00,0.00,0.00,1.0,-1,-1,-1
243,0,0.00,0.00,0.00,0.00,1.0,-1,-1,-1
243,1,0.00,0.00,0.00,0.00,1.0,-1,-1,-1
243,2,0.00,0.00,0.00,0.00,1.0,-1,-1,-1
243,3,0.00,0.00,0.00,0.00,1.0,-1,-1,-1
243,4,0.00,0.00,0.00,0.00,1.0,-1,-1,-1
243,5,0.00,0.00,0.00,0.00,1.0,-1,-1,-1
243,6,0.00,0.00,0.00,0.00,1.0,-1,-1,-1
243,7,0.00,0.00,0.00,0.00,1.0,-1,-1,-1
243,8,0.00,0.00,0.00,0.00,1.0,-1,-1,-1
244,0,0.00,0.00,0.00,0.00,1.0,-1,-1,-1
244,1,0.00,0.00,0.00,0.00,1.0,-1,-1,-1
244,2,0.00,0.00,0.00,0.00,1.0,-1,-1,-1
244,3,0.00,0.00,0.00,0.00,1.0,-1,-1,-1
244,4,0.00,0.00,0.00,0.00,1.0,-1,-1,-1
244,5,0.00,0.00,0.00,0.00,1.0,-1,-1,-1
244,6,0.00,0.00,0.00,0.00,1.0,-1,-1,-1
244,7,0.00,0.00,0.00,0.00,1.0,-1,-1,-1
244,8,0.00,0.00,0.00,0.00,1.0,-1,-1,-1
245,0,0.00,0.00,0.00,0.00,1.0,-1,-1,-1
245,1,0.00,0.00,0.00,0.00,1.0,-1,-1,-1
245,2,0.00,0.00,0.00,0.00,1.0,-1,-1,-1
245,3,0.00,0.00,0.00,0.00,1.0,-1,-1,-1
245,4,0.00,0.00,0.00,0.00,1.0,-1,-1,-1
245,5,0.00,0.00,0.00,0.00,1.0,-1,-1,-1
245,6,0.00,0.00,0.00,0.00,1.0,-1,-1,-1
245,7,0.00,0.00,0.00,0.00,1.0,-1,-1,-1
245,8,0.00,0.00,0.00,0.00,1.0,-1,-1,-1
246,0,0.00,0.00,0.00,0.00,1.0,-1,-1,-1
246,1,0.00,0.00,0.00,0.00,1.0,-1,-1,-1
246,2,0.00,0.00,0.00,0.00,1.0,-1,-1,-1
246,3,0.00,0.00,0.00,0.00,1.0,-1,-1,-1
246,4,0.00,0.00,0.00,0.00,1.0,-1,-1,-1
246,5,0.00,0.00,0.00,0.00,1.0,-1,-1,-1
246,6,0.00,0.00,0.00,0.00,1.0,-1,-1,-1
246,7,0.00,0.00,0.00,0.00,1.0,-1,-1,-1
246,8,0.00,0.00,0.00,0.00,1.0,-1,-1,-1
247,0,0.00,0.00,0.00,0.00,1.0,-1,-1,-1
247,1,0.00,0.00,0.00,0.00,1.0,-1,-1,-1
247,2,0.00,0.00,0.00,0.00,1.0,-1,-1,-1
247,3,0.00,0.00,0.00,0.00,1.0,-1,-1,-1
247,4,0.00,0.00,0.00,0.00,1.0,-1,-1,-1
247,5,0.00,0.00,0.00,0.00,1.0,-1,-1,-1
247,6,0.00,0.00,0.00,0.00,1.0,-1,-1,-1
247,7,0.00,0.00,0.00,0.00,1.0,-1,-1,-1
247,8,0.00,0.00,0.00,0.00,1.0,-1,-1,-1
247,9,452.00,173.00,32.00,80.00,1.0,-1,-1,-1
247,10,1204.00,175.00,38.00,126.00,1.0,-1,-1,-1
248,0,0.00,0.00,0.00,0.00,1.0,-1,-1,-1
248,1,0.00,0.00,0.00,0.00,1.0,-1,-1,-1
248,2,0.00,0.00,0.00,0.00,1.0,-1,-1,-1
248,3,0.00,0.00,0.00,0.00,1.0,-1,-1,-1
248,4,0.00,0.00,0.00,0.00,1.0,-1,-1,-1
248,5,0.00,0.00,0.00,0.00,1.0,-1,-1,-1
248,6,0.00,0.00,0.00,0.00,1.0,-1,-1,-1
248,7,0.00,0.00,0.00,0.00,1.0,-1,-1,-1
248,8,0.00,0.00,0.00,0.00,1.0,-1,-1,-1
248,9,440.00,173.00,35.00,84.00,1.0,-1,-1,-1
248,10,1236.00,214.00,6.00,92.00,1.0,-1,-1,-1
249,0,0.00,0.00,0.00,0.00,1.0,-1,-1,-1
249,1,0.00,0.00,0.00,0.00,1.0,-1,-1,-1
249,2,0.00,0.00,0.00,0.00,1.0,-1,-1,-1
249,3,0.00,0.00,0.00,0.00,1.0,-1,-1,-1
249,4,0.00,0.00,0.00,0.00,1.0,-1,-1,-1
249,5,0.00,0.00,0.00,0.00,1.0,-1,-1,-1
249,6,0.00,0.00,0.00,0.00,1.0,-1,-1,-1
249,7,0.00,0.00,0.00,0.00,1.0,-1,-1,-1
249,8,0.00,0.00,0.00,0.00,1.0,-1,-1,-1
249,9,426.00,171.00,36.00,89.00,1.0,-1,-1,-1
249,10,0.00,0.00,0.00,0.00,1.0,-1,-1,-1
250,0,0.00,0.00,0.00,0.00,1.0,-1,-1,-1
250,1,0.00,0.00,0.00,0.00,1.0,-1,-1,-1
250,2,0.00,0.00,0.00,0.00,1.0,-1,-1,-1
250,3,0.00,0.00,0.00,0.00,1.0,-1,-1,-1
250,4,0.00,0.00,0.00,0.00,1.0,-1,-1,-1
250,5,0.00,0.00,0.00,0.00,1.0,-1,-1,-1
250,6,0.00,0.00,0.00,0.00,1.0,-1,-1,-1
250,7,0.00,0.00,0.00,0.00,1.0,-1,-1,-1
250,8,0.00,0.00,0.00,0.00,1.0,-1,-1,-1
250,9,410.00,170.00,38.00,94.00,1.0,-1,-1,-1
250,10,0.00,0.00,0.00,0.00,1.0,-1,-1,-1
251,0,0.00,0.00,0.00,0.00,1.0,-1,-1,-1
251,1,0.00,0.00,0.00,0.00,1.0,-1,-1,-1
251,2,0.00,0.00,0.00,0.00,1.0,-1,-1,-1
251,3,0.00,0.00,0.00,0.00,1.0,-1,-1,-1
251,4,0.00,0.00,0.00,0.00,1.0,-1,-1,-1
251,5,0.00,0.00,0.00,0.00,1.0,-1,-1,-1
251,6,0.00,0.00,0.00,0.00,1.0,-1,-1,-1
251,7,0.00,0.00,0.00,0.00,1.0,-1,-1,-1
251,8,0.00,0.00,0.00,0.00,1.0,-1,-1,-1
251,9,391.00,169.00,40.00,101.00,1.0,-1,-1,-1
251,10,0.00,0.00,0.00,0.00,1.0,-1,-1,-1
252,0,0.00,0.00,0.00,0.00,1.0,-1,-1,-1
252,1,0.00,0.00,0.00,0.00,1.0,-1,-1,-1
252,2,0.00,0.00,0.00,0.00,1.0,-1,-1,-1
252,3,0.00,0.00,0.00,0.00,1.0,-1,-1,-1
252,4,0.00,0.00,0.00,0.00,1.0,-1,-1,-1
252,5,0.00,0.00,0.00,0.00,1.0,-1,-1,-1
252,6,0.00,0.00,0.00,0.00,1.0,-1,-1,-1
252,7,0.00,0.00,0.00,0.00,1.0,-1,-1,-1
252,8,0.00,0.00,0.00,0.00,1.0,-1,-1,-1
252,9,375.00,171.00,39.00,106.00,1.0,-1,-1,-1
252,10,0.00,0.00,0.00,0.00,1.0,-1,-1,-1
252,11,434.00,176.00,30.00,80.00,1.0,-1,-1,-1
253,0,0.00,0.00,0.00,0.00,1.0,-1,-1,-1
253,1,0.00,0.00,0.00,0.00,1.0,-1,-1,-1
253,2,0.00,0.00,0.00,0.00,1.0,-1,-1,-1
253,3,0.00,0.00,0.00,0.00,1.0,-1,-1,-1
253,4,0.00,0.00,0.00,0.00,1.0,-1,-1,-1
253,5,0.00,0.00,0.00,0.00,1.0,-1,-1,-1
253,6,0.00,0.00,0.00,0.00,1.0,-1,-1,-1
253,7,0.00,0.00,0.00,0.00,1.0,-1,-1,-1
253,8,0.00,0.00,0.00,0.00,1.0,-1,-1,-1
253,9,356.00,173.00,43.00,112.00,1.0,-1,-1,-1
253,10,0.00,0.00,0.00,0.00,1.0,-1,-1,-1
253,11,428.00,178.00,31.00,83.00,1.0,-1,-1,-1
254,0,0.00,0.00,0.00,0.00,1.0,-1,-1,-1
254,1,0.00,0.00,0.00,0.00,1.0,-1,-1,-1
254,2,0.00,0.00,0.00,0.00,1.0,-1,-1,-1
254,3,0.00,0.00,0.00,0.00,1.0,-1,-1,-1
254,4,0.00,0.00,0.00,0.00,1.0,-1,-1,-1
254,5,0.00,0.00,0.00,0.00,1.0,-1,-1,-1
254,6,0.00,0.00,0.00,0.00,1.0,-1,-1,-1
254,7,0.00,0.00,0.00,0.00,1.0,-1,-1,-1
254,8,0.00,0.00,0.00,0.00,1.0,-1,-1,-1
254,9,335.00,171.00,49.00,122.00,1.0,-1,-1,-1
254,10,0.00,0.00,0.00,0.00,1.0,-1,-1,-1
254,11,417.00,178.00,34.00,89.00,1.0,-1,-1,-1
255,0,0.00,0.00,0.00,0.00,1.0,-1,-1,-1
255,1,0.00,0.00,0.00,0.00,1.0,-1,-1,-1
255,2,0.00,0.00,0.00,0.00,1.0,-1,-1,-1
255,3,0.00,0.00,0.00,0.00,1.0,-1,-1,-1
255,4,0.00,0.00,0.00,0.00,1.0,-1,-1,-1
255,5,0.00,0.00,0.00,0.00,1.0,-1,-1,-1
255,6,0.00,0.00,0.00,0.00,1.0,-1,-1,-1
255,7,0.00,0.00,0.00,0.00,1.0,-1,-1,-1
255,8,0.00,0.00,0.00,0.00,1.0,-1,-1,-1
255,9,313.00,170.00,55.00,133.00,1.0,-1,-1,-1
255,10,0.00,0.00,0.00,0.00,1.0,-1,-1,-1
255,11,411.00,176.00,35.00,97.00,1.0,-1,-1,-1
256,0,0.00,0.00,0.00,0.00,1.0,-1,-1,-1
256,1,0.00,0.00,0.00,0.00,1.0,-1,-1,-1
256,2,0.00,0.00,0.00,0.00,1.0,-1,-1,-1
256,3,0.00,0.00,0.00,0.00,1.0,-1,-1,-1
256,4,0.00,0.00,0.00,0.00,1.0,-1,-1,-1
256,5,0.00,0.00,0.00,0.00,1.0,-1,-1,-1
256,6,0.00,0.00,0.00,0.00,1.0,-1,-1,-1
256,7,0.00,0.00,0.00,0.00,1.0,-1,-1,-1
256,8,0.00,0.00,0.00,0.00,1.0,-1,-1,-1
256,9,286.00,171.00,64.00,144.00,1.0,-1,-1,-1
256,10,0.00,0.00,0.00,0.00,1.0,-1,-1,-1
256,11,397.00,177.00,43.00,102.00,1.0,-1,-1,-1
257,0,0.00,0.00,0.00,0.00,1.0,-1,-1,-1
257,1,0.00,0.00,0.00,0.00,1.0,-1,-1,-1
257,2,0.00,0.00,0.00,0.00,1.0,-1,-1,-1
257,3,0.00,0.00,0.00,0.00,1.0,-1,-1,-1
257,4,0.00,0.00,0.00,0.00,1.0,-1,-1,-1
257,5,0.00,0.00,0.00,0.00,1.0,-1,-1,-1
257,6,0.00,0.00,0.00,0.00,1.0,-1,-1,-1
257,7,0.00,0.00,0.00,0.00,1.0,-1,-1,-1
257,8,0.00,0.00,0.00,0.00,1.0,-1,-1,-1
257,9,263.00,172.00,70.00,157.00,1.0,-1,-1,-1
257,10,0.00,0.00,0.00,0.00,1.0,-1,-1,-1
257,11,386.00,181.00,41.00,104.00,1.0,-1,-1,-1
257,12,336.00,175.00,31.00,103.00,1.0,-1,-1,-1
258,0,0.00,0.00,0.00,0.00,1.0,-1,-1,-1
258,1,0.00,0.00,0.00,0.00,1.0,-1,-1,-1
258,2,0.00,0.00,0.00,0.00,1.0,-1,-1,-1
258,3,0.00,0.00,0.00,0.00,1.0,-1,-1,-1
258,4,0.00,0.00,0.00,0.00,1.0,-1,-1,-1
258,5,0.00,0.00,0.00,0.00,1.0,-1,-1,-1
258,6,0.00,0.00,0.00,0.00,1.0,-1,-1,-1
258,7,0.00,0.00,0.00,0.00,1.0,-1,-1,-1
258,8,0.00,0.00,0.00,0.00,1.0,-1,-1,-1
258,9,231.00,171.00,77.00,175.00,1.0,-1,-1,-1
258,10,0.00,0.00,0.00,0.00,1.0,-1,-1,-1
258,11,375.00,180.00,37.00,116.00,1.0,-1,-1,-1
258,12,323.00,176.00,30.00,107.00,1.0,-1,-1,-1
259,0,0.00,0.00,0.00,0.00,1.0,-1,-1,-1
259,1,0.00,0.00,0.00,0.00,1.0,-1,-1,-1
259,2,0.00,0.00,0.00,0.00,1.0,-1,-1,-1
259,3,0.00,0.00,0.00,0.00,1.0,-1,-1,-1
259,4,0.00,0.00,0.00,0.00,1.0,-1,-1,-1
259,5,0.00,0.00,0.00,0.00,1.0,-1,-1,-1
259,6,0.00,0.00,0.00,0.00,1.0,-1,-1,-1
259,7,0.00,0.00,0.00,0.00,1.0,-1,-1,-1
259,8,0.00,0.00,0.00,0.00,1.0,-1,-1,-1
259,9,197.00,168.00,75.00,195.00,1.0,-1,-1,-1
259,10,0.00,0.00,0.00,0.00,1.0,-1,-1,-1
259,11,360.00,180.00,40.00,124.00,1.0,-1,-1,-1
259,12,313.00,176.00,31.00,113.00,1.0,-1,-1,-1
260,0,0.00,0.00,0.00,0.00,1.0,-1,-1,-1
260,1,0.00,0.00,0.00,0.00,1.0,-1,-1,-1
260,2,0.00,0.00,0.00,0.00,1.0,-1,-1,-1
260,3,0.00,0.00,0.00,0.00,1.0,-1,-1,-1
260,4,0.00,0.00,0.00,0.00,1.0,-1,-1,-1
260,5,0.00,0.00,0.00,0.00,1.0,-1,-1,-1
260,6,0.00,0.00,0.00,0.00,1.0,-1,-1,-1
260,7,0.00,0.00,0.00,0.00,1.0,-1,-1,-1
260,8,0.00,0.00,0.00,0.00,1.0,-1,-1,-1
260,9,150.00,165.00,83.00,210.00,1.0,-1,-1,-1
260,10,0.00,0.00,0.00,0.00,1.0,-1,-1,-1
260,11,341.00,178.00,47.00,134.00,1.0,-1,-1,-1
260,12,301.00,175.00,31.00,128.00,1.0,-1,-1,-1
260,13,258.00,192.00,45.00,108.00,1.0,-1,-1,-1
260,14,387.00,183.00,38.00,91.00,1.0,-1,-1,-1
261,0,0.00,0.00,0.00,0.00,1.0,-1,-1,-1
261,1,0.00,0.00,0.00,0.00,1.0,-1,-1,-1
261,2,0.00,0.00,0.00,0.00,1.0,-1,-1,-1
261,3,0.00,0.00,0.00,0.00,1.0,-1,-1,-1
261,4,0.00,0.00,0.00,0.00,1.0,-1,-1,-1
261,5,0.00,0.00,0.00,0.00,1.0,-1,-1,-1
261,6,0.00,0.00,0.00,0.00,1.0,-1,-1,-1
261,7,0.00,0.00,0.00,0.00,1.0,-1,-1,-1
261,8,0.00,0.00,0.00,0.00,1.0,-1,-1,-1
261,9,89.00,163.00,93.00,212.00,1.0,-1,-1,-1
261,10,0.00,0.00,0.00,0.00,1.0,-1,-1,-1
261,11,325.00,174.00,51.00,148.00,1.0,-1,-1,-1
261,12,288.00,174.00,31.00,129.00,1.0,-1,-1,-1
261,13,239.00,193.00,50.00,114.00,1.0,-1,-1,-1
261,14,380.00,180.00,43.00,97.00,1.0,-1,-1,-1
261,15,763.00,164.00,31.00,100.00,1.0,-1,-1,-1
262,0,0.00,0.00,0.00,0.00,1.0,-1,-1,-1
262,1,0.00,0.00,0.00,0.00,1.0,-1,-1,-1
262,2,0.00,0.00,0.00,0.00,1.0,-1,-1,-1
262,3,0.00,0.00,0.00,0.00,1.0,-1,-1,-1
262,4,0.00,0.00,0.00,0.00,1.0,-1,-1,-1
262,5,0.00,0.00,0.00,0.00,1.0,-1,-1,-1
262,6,0.00,0.00,0.00,0.00,1.0,-1,-1,-1
262,7,0.00,0.00,0.00,0.00,1.0,-1,-1,-1
262,8,0.00,0.00,0.00,0.00,1.0,-1,-1,-1
262,9,13.00,165.00,103.00,210.00,1.0,-1,-1,-1
262,10,0.00,0.00,0.00,0.00,1.0,-1,-1,-1
262,11,303.00,173.00,57.00,165.00,1.0,-1,-1,-1
262,12,271.00,172.00,35.00,135.00,1.0,-1,-1,-1
262,13,220.00,203.00,51.00,111.00,1.0,-1,-1,-1
262,14,371.00,178.00,48.00,105.00,1.0,-1,-1,-1
262,15,778.00,159.00,35.00,107.00,1.0,-1,-1,-1
263,0,0.00,0.00,0.00,0.00,1.0,-1,-1,-1
263,1,0.00,0.00,0.00,0.00,1.0,-1,-1,-1
263,2,0.00,0.00,0.00,0.00,1.0,-1,-1,-1
263,3,0.00,0.00,0.00,0.00,1.0,-1,-1,-1
263,4,0.00,0.00,0.00,0.00,1.0,-1,-1,-1
263,5,0.00,0.00,0.00,0.00,1.0,-1,-1,-1
263,6,0.00,0.00,0.00,0.00,1.0,-1,-1,-1
263,7,0.00,0.00,0.00,0.00,1.0,-1,-1,-1
263,8,0.00,0.00,0.00,0.00,1.0,-1,-1,-1
263,9,0.00,206.00,27.00,169.00,1.0,-1,-1,-1
263,10,0.00,0.00,0.00,0.00,1.0,-1,-1,-1
263,11,280.00,173.00,63.00,185.00,1.0,-1,-1,-1
263,12,251.00,170.00,37.00,155.00,1.0,-1,-1,-1
263,13,197.00,199.00,57.00,125.00,1.0,-1,-1,-1
263,14,369.00,183.00,45.00,109.00,1.0,-1,-1,-1
263,15,792.00,160.00,42.00,111.00,1.0,-1,-1,-1
264,0,0.00,0.00,0.00,0.00,1.0,-1,-1,-1
264,1,0.00,0.00,0.00,0.00,1.0,-1,-1,-1
264,2,0.00,0.00,0.00,0.00,1.0,-1,-1,-1
264,3,0.00,0.00,0.00,0.00,1.0,-1,-1,-1
264,4,0.00,0.00,0.00,0.00,1.0,-1,-1,-1
264,5,0.00,0.00,0.00,0.00,1.0,-1,-1,-1
264,6,0.00,0.00,0.00,0.00,1.0,-1,-1,-1
264,7,0.00,0.00,0.00,0.00,1.0,-1,-1,-1
264,8,0.00,0.00,0.00,0.00,1.0,-1,-1,-1
264,9,0.00,0.00,0.00,0.00,1.0,-1,-1,-1
264,10,0.00,0.00,0.00,0.00,1.0,-1,-1,-1
264,11,248.00,173.00,70.00,202.00,1.0,-1,-1,-1
264,12,227.00,171.00,38.00,167.00,1.0,-1,-1,-1
264,13,170.00,206.00,61.00,131.00,1.0,-1,-1,-1
264,14,355.00,181.00,54.00,120.00,1.0,-1,-1,-1
264,15,812.00,160.00,49.00,119.00,1.0,-1,-1,-1
264,16,855.00,159.00,50.00,117.00,1.0,-1,-1,-1
265,0,0.00,0.00,0.00,0.00,1.0,-1,-1,-1
265,1,0.00,0.00,0.00,0.00,1.0,-1,-1,-1
265,2,0.00,0.00,0.00,0.00,1.0,-1,-1,-1
265,3,0.00,0.00,0.00,0.00,1.0,-1,-1,-1
265,4,0.00,0.00,0.00,0.00,1.0,-1,-1,-1
265,5,0.00,0.00,0.00,0.00,1.0,-1,-1,-1
265,6,0.00,0.00,0.00,0.00,1.0,-1,-1,-1
265,7,0.00,0.00,0.00,0.00,1.0,-1,-1,-1
265,8,0.00,0.00,0.00,0.00,1.0,-1,-1,-1
265,9,0.00,0.00,0.00,0.00,1.0,-1,-1,-1
265,10,0.00,0.00,0.00,0.00,1.0,-1,-1,-1
265,11,201.00,170.00,77.00,205.00,1.0,-1,-1,-1
265,12,198.00,170.00,31.00,184.00,1.0,-1,-1,-1
265,13,136.00,208.00,67.00,142.00,1.0,-1,-1,-1
265,14,343.00,178.00,61.00,132.00,1.0,-1,-1,-1
265,15,834.00,161.00,51.00,127.00,1.0,-1,-1,-1
265,16,880.00,160.00,56.00,125.00,1.0,-1,-1,-1
266,0,0.00,0.00,0.00,0.00,1.0,-1,-1,-1
266,1,0.00,0.00,0.00,0.00,1.0,-1,-1,-1
266,2,0.00,0.00,0.00,0.00,1.0,-1,-1,-1
266,3,0.00,0.00,0.00,0.00,1.0,-1,-1,-1
266,4,0.00,0.00,0.00,0.00,1.0,-1,-1,-1
266,5,0.00,0.00,0.00,0.00,1.0,-1,-1,-1
266,6,0.00,0.00,0.00,0.00,1.0,-1,-1,-1
266,7,0.00,0.00,0.00,0.00,1.0,-1,-1,-1
266,8,0.00,0.00,0.00,0.00,1.0,-1,-1,-1
266,9,0.00,0.00,0.00,0.00,1.0,-1,-1,-1
266,10,0.00,0.00,0.00,0.00,1.0,-1,-1,-1
266,11,142.00,166.00,86.00,209.00,1.0,-1,-1,-1
266,12,0.00,0.00,0.00,0.00,1.0,-1,-1,-1
266,13,92.00,211.00,57.00,158.00,1.0,-1,-1,-1
266,14,331.00,178.00,60.00,142.00,1.0,-1,-1,-1
266,15,858.00,160.00,50.00,137.00,1.0,-1,-1,-1
266,16,904.00,161.00,60.00,133.00,1.0,-1,-1,-1
267,0,0.00,0.00,0.00,0.00,1.0,-1,-1,-1
267,1,0.00,0.00,0.00,0.00,1.0,-1,-1,-1
267,2,0.00,0.00,0.00,0.00,1.0,-1,-1,-1
267,3,0.00,0.00,0.00,0.00,1.0,-1,-1,-1
267,4,0.00,0.00,0.00,0.00,1.0,-1,-1,-1
267,5,0.00,0.00,0.00,0.00,1.0,-1,-1,-1
267,6,0.00,0.00,0.00,0.00,1.0,-1,-1,-1
267,7,0.00,0.00,0.00,0.00,1.0,-1,-1,-1
267,8,0.00,0.00,0.00,0.00,1.0,-1,-1,-1
267,9,0.00,0.00,0.00,0.00,1.0,-1,-1,-1
267,10,0.00,0.00,0.00,0.00,1.0,-1,-1,-1
267,11,55.00,165.00,108.00,210.00,1.0,-1,-1,-1
267,12,128.00,169.00,44.00,116.00,1.0,-1,-1,-1
267,13,38.00,220.00,36.00,155.00,1.0,-1,-1,-1
267,14,312.00,179.00,65.00,158.00,1.0,-1,-1,-1
267,15,883.00,160.00,52.00,146.00,1.0,-1,-1,-1
267,16,934.00,157.00,64.00,146.00,1.0,-1,-1,-1
268,0,0.00,0.00,0.00,0.00,1.0,-1,-1,-1
268,1,0.00,0.00,0.00,0.00,1.0,-1,-1,-1
268,2,0.00,0.00,0.00,0.00,1.0,-1,-1,-1
268,3,0.00,0.00,0.00,0.00,1.0,-1,-1,-1
268,4,0.00,0.00,0.00,0.00,1.0,-1,-1,-1
268,5,0.00,0.00,0.00,0.00,1.0,-1,-1,-1
268,6,0.00,0.00,0.00,0.00,1.0,-1,-1,-1
268,7,0.00,0.00,0.00,0.00,1.0,-1,-1,-1
268,8,0.00,0.00,0.00,0.00,1.0,-1,-1,-1
268,9,0.00,0.00,0.00,0.00,1.0,-1,-1,-1
268,10,0.00,0.00,0.00,0.00,1.0,-1,-1,-1
268,11,0.00,167.00,74.00,208.00,1.0,-1,-1,-1
268,12,54.00,167.00,66.00,208.00,1.0,-1,-1,-1
268,13,0.00,0.00,0.00,0.00,1.0,-1,-1,-1
268,14,283.00,179.00,76.00,178.00,1.0,-1,-1,-1
268,15,915.00,154.00,52.00,160.00,1.0,-1,-1,-1
268,16,974.00,154.00,78.00,157.00,1.0,-1,-1,-1
269,0,0.00,0.00,0.00,0.00,1.0,-1,-1,-1
269,1,0.00,0.00,0.00,0.00,1.0,-1,-1,-1
269,2,0.00,0.00,0.00,0.00,1.0,-1,-1,-1
269,3,0.00,0.00,0.00,0.00,1.0,-1,-1,-1
269,4,0.00,0.00,0.00,0.00,1.0,-1,-1,-1
269,5,0.00,0.00,0.00,0.00,1.0,-1,-1,-1
269,6,0.00,0.00,0.00,0.00,1.0,-1,-1,-1
269,7,0.00,0.00,0.00,0.00,1.0,-1,-1,-1
269,8,0.00,0.00,0.00,0.00,1.0,-1,-1,-1
269,9,0.00,0.00,0.00,0.00,1.0,-1,-1,-1
269,10,0.00,0.00,0.00,0.00,1.0,-1,-1,-1
269,11,0.00,0.00,0.00,0.00,1.0,-1,-1,-1
269,12,0.00,165.00,51.00,210.00,1.0,-1,-1,-1
269,13,0.00,0.00,0.00,0.00,1.0,-1,-1,-1
269,14,248.00,178.00,90.00,197.00,1.0,-1,-1,-1
269,15,945.00,149.00,63.00,179.00,1.0,-1,-1,-1
269,16,1014.00,150.00,97.00,174.00,1.0,-1,-1,-1
270,0,0.00,0.00,0.00,0.00,1.0,-1,-1,-1
270,1,0.00,0.00,0.00,0.00,1.0,-1,-1,-1
270,2,0.00,0.00,0.00,0.00,1.0,-1,-1,-1
270,3,0.00,0.00,0.00,0.00,1.0,-1,-1,-1
270,4,0.00,0.00,0.00,0.00,1.0,-1,-1,-1
270,5,0.00,0.00,0.00,0.00,1.0,-1,-1,-1
270,6,0.00,0.00,0.00,0.00,1.0,-1,-1,-1
270,7,0.00,0.00,0.00,0.00,1.0,-1,-1,-1
270,8,225.00,145.00,840.00,204.00,1.0,-1,-1,-1
270,9,0.00,0.00,0.00,0.00,1.0,-1,-1,-1
270,10,0.00,0.00,0.00,0.00,1.0,-1,-1,-1
270,11,0.00,0.00,0.00,0.00,1.0,-1,-1,-1
270,12,0.00,0.00,0.00,0.00,1.0,-1,-1,-1
270,13,0.00,0.00,0.00,0.00,1.0,-1,-1,-1
270,14,199.00,173.00,103.00,202.00,1.0,-1,-1,-1
270,15,980.00,145.00,78.00,205.00,1.0,-1,-1,-1
270,16,1060.00,148.00,115.00,195.00,1.0,-1,-1,-1
271,0,0.00,0.00,0.00,0.00,1.0,-1,-1,-1
271,1,0.00,0.00,0.00,0.00,1.0,-1,-1,-1
271,2,0.00,0.00,0.00,0.00,1.0,-1,-1,-1
271,3,0.00,0.00,0.00,0.00,1.0,-1,-1,-1
271,4,0.00,0.00,0.00,0.00,1.0,-1,-1,-1
271,5,0.00,0.00,0.00,0.00,1.0,-1,-1,-1
271,6,0.00,0.00,0.00,0.00,1.0,-1,-1,-1
271,7,0.00,0.00,0.00,0.00,1.0,-1,-1,-1
271,8,0.00,0.00,0.00,0.00,1.0,-1,-1,-1
271,9,0.00,0.00,0.00,0.00,1.0,-1,-1,-1
271,10,0.00,0.00,0.00,0.00,1.0,-1,-1,-1
271,11,0.00,0.00,0.00,0.00,1.0,-1,-1,-1
271,12,0.00,0.00,0.00,0.00,1.0,-1,-1,-1
271,13,0.00,0.00,0.00,0.00,1.0,-1,-1,-1
271,14,125.00,175.00,127.00,200.00,1.0,-1,-1,-1
271,15,1029.00,143.00,90.00,232.00,1.0,-1,-1,-1
271,16,1117.00,144.00,125.00,224.00,1.0,-1,-1,-1
272,0,0.00,0.00,0.00,0.00,1.0,-1,-1,-1
272,1,0.00,0.00,0.00,0.00,1.0,-1,-1,-1
272,2,0.00,0.00,0.00,0.00,1.0,-1,-1,-1
272,3,0.00,0.00,0.00,0.00,1.0,-1,-1,-1
272,4,0.00,0.00,0.00,0.00,1.0,-1,-1,-1
272,5,0.00,0.00,0.00,0.00,1.0,-1,-1,-1
272,6,0.00,0.00,0.00,0.00,1.0,-1,-1,-1
272,7,0.00,0.00,0.00,0.00,1.0,-1,-1,-1
272,8,0.00,0.00,0.00,0.00,1.0,-1,-1,-1
272,9,0.00,0.00,0.00,0.00,1.0,-1,-1,-1
272,10,0.00,0.00,0.00,0.00,1.0,-1,-1,-1
272,11,0.00,0.00,0.00,0.00,1.0,-1,-1,-1
272,12,0.00,0.00,0.00,0.00,1.0,-1,-1,-1
272,13,0.00,0.00,0.00,0.00,1.0,-1,-1,-1
272,14,26.00,175.00,169.00,200.00,1.0,-1,-1,-1
272,15,1096.00,139.00,91.00,236.00,1.0,-1,-1,-1
272,16,1202.00,153.00,40.00,219.00,1.0,-1,-1,-1
272,17,356.00,180.00,42.00,122.00,1.0,-1,-1,-1
273,0,0.00,0.00,0.00,0.00,1.0,-1,-1,-1
273,1,0.00,0.00,0.00,0.00,1.0,-1,-1,-1
273,2,0.00,0.00,0.00,0.00,1.0,-1,-1,-1
273,3,0.00,0.00,0.00,0.00,1.0,-1,-1,-1
273,4,0.00,0.00,0.00,0.00,1.0,-1,-1,-1
273,5,0.00,0.00,0.00,0.00,1.0,-1,-1,-1
273,6,0.00,0.00,0.00,0.00,1.0,-1,-1,-1
273,7,0.00,0.00,0.00,0.00,1.0,-1,-1,-1
273,8,0.00,0.00,0.00,0.00,1.0,-1,-1,-1
273,9,0.00,0.00,0.00,0.00,1.0,-1,-1,-1
273,10,0.00,0.00,0.00,0.00,1.0,-1,-1,-1
273,11,0.00,0.00,0.00,0.00,1.0,-1,-1,-1
273,12,0.00,0.00,0.00,0.00,1.0,-1,-1,-1
273,13,0.00,0.00,0.00,0.00,1.0,-1,-1,-1
273,14,0.00,174.00,102.00,201.00,1.0,-1,-1,-1
273,15,1180.00,132.00,62.00,243.00,1.0,-1,-1,-1
273,16,0.00,0.00,0.00,0.00,1.0,-1,-1,-1
273,17,345.00,177.00,44.00,129.00,1.0,-1,-1,-1
274,0,0.00,0.00,0.00,0.00,1.0,-1,-1,-1
274,1,0.00,0.00,0.00,0.00,1.0,-1,-1,-1
274,2,0.00,0.00,0.00,0.00,1.0,-1,-1,-1
274,3,0.00,0.00,0.00,0.00,1.0,-1,-1,-1
274,4,0.00,0.00,0.00,0.00,1.0,-1,-1,-1
274,5,0.00,0.00,0.00,0.00,1.0,-1,-1,-1
274,6,0.00,0.00,0.00,0.00,1.0,-1,-1,-1
274,7,0.00,0.00,0.00,0.00,1.0,-1,-1,-1
274,8,0.00,0.00,0.00,0.00,1.0,-1,-1,-1
274,9,0.00,0.00,0.00,0.00,1.0,-1,-1,-1
274,10,0.00,0.00,0.00,0.00,1.0,-1,-1,-1
274,11,0.00,0.00,0.00,0.00,1.0,-1,-1,-1
274,12,0.00,0.00,0.00,0.00,1.0,-1,-1,-1
274,13,0.00,0.00,0.00,0.00,1.0,-1,-1,-1
274,14,0.00,0.00,0.00,0.00,1.0,-1,-1,-1
274,15,0.00,0.00,0.00,0.00,1.0,-1,-1,-1
274,16,0.00,0.00,0.00,0.00,1.0,-1,-1,-1
274,17,332.00,181.00,49.00,135.00,1.0,-1,-1,-1
275,0,0.00,0.00,0.00,0.00,1.0,-1,-1,-1
275,1,0.00,0.00,0.00,0.00,1.0,-1,-1,-1
275,2,0.00,0.00,0.00,0.00,1.0,-1,-1,-1
275,3,0.00,0.00,0.00,0.00,1.0,-1,-1,-1
275,4,0.00,0.00,0.00,0.00,1.0,-1,-1,-1
275,5,0.00,0.00,0.00,0.00,1.0,-1,-1,-1
275,6,0.00,0.00,0.00,0.00,1.0,-1,-1,-1
275,7,0.00,0.00,0.00,0.00,1.0,-1,-1,-1
275,8,0.00,0.00,0.00,0.00,1.0,-1,-1,-1
275,9,0.00,0.00,0.00,0.00,1.0,-1,-1,-1
275,10,0.00,0.00,0.00,0.00,1.0,-1,-1,-1
275,11,0.00,0.00,0.00,0.00,1.0,-1,-1,-1
275,12,0.00,0.00,0.00,0.00,1.0,-1,-1,-1
275,13,0.00,0.00,0.00,0.00,1.0,-1,-1,-1
275,14,0.00,0.00,0.00,0.00,1.0,-1,-1,-1
275,15,0.00,0.00,0.00,0.00,1.0,-1,-1,-1
275,16,0.00,0.00,0.00,0.00,1.0,-1,-1,-1
275,17,319.00,185.00,54.00,144.00,1.0,-1,-1,-1
276,0,0.00,0.00,0.00,0.00,1.0,-1,-1,-1
276,1,0.00,0.00,0.00,0.00,1.0,-1,-1,-1
276,2,0.00,0.00,0.00,0.00,1.0,-1,-1,-1
276,3,0.00,0.00,0.00,0.00,1.0,-1,-1,-1
276,4,0.00,0.00,0.00,0.00,1.0,-1,-1,-1
276,5,0.00,0.00,0.00,0.00,1.0,-1,-1,-1
276,6,0.00,0.00,0.00,0.00,1.0,-1,-1,-1
276,7,0.00,0.00,0.00,0.00,1.0,-1,-1,-1
276,8,0.00,0.00,0.00,0.00,1.0,-1,-1,-1
276,9,0.00,0.00,0.00,0.00,1.0,-1,-1,-1
276,10,0.00,0.00,0.00,0.00,1.0,-1,-1,-1
276,11,0.00,0.00,0.00,0.00,1.0,-1,-1,-1
276,12,0.00,0.00,0.00,0.00,1.0,-1,-1,-1
276,13,0.00,0.00,0.00,0.00,1.0,-1,-1,-1
276,14,0.00,0.00,0.00,0.00,1.0,-1,-1,-1
276,15,0.00,0.00,0.00,0.00,1.0,-1,-1,-1
276,16,0.00,0.00,0.00,0.00,1.0,-1,-1,-1
276,17,304.00,187.00,58.00,155.00,1.0,-1,-1,-1
277,0,0.00,0.00,0.00,0.00,1.0,-1,-1,-1
277,1,0.00,0.00,0.00,0.00,1.0,-1,-1,-1
277,2,0.00,0.00,0.00,0.00,1.0,-1,-1,-1
277,3,0.00,0.00,0.00,0.00,1.0,-1,-1,-1
277,4,0.00,0.00,0.00,0.00,1.0,-1,-1,-1
277,5,0.00,0.00,0.00,0.00,1.0,-1,-1,-1
277,6,0.00,0.00,0.00,0.00,1.0,-1,-1,-1
277,7,0.00,0.00,0.00,0.00,1.0,-1,-1,-1
277,8,0.00,0.00,0.00,0.00,1.0,-1,-1,-1
277,9,0.00,0.00,0.00,0.00,1.0,-1,-1,-1
277,10,0.00,0.00,0.00,0.00,1.0,-1,-1,-1
277,11,0.00,0.00,0.00,0.00,1.0,-1,-1,-1
277,12,0.00,0.00,0.00,0.00,1.0,-1,-1,-1
277,13,0.00,0.00,0.00,0.00,1.0,-1,-1,-1
277,14,0.00,0.00,0.00,0.00,1.0,-1,-1,-1
277,15,0.00,0.00,0.00,0.00,1.0,-1,-1,-1
277,16,0.00,0.00,0.00,0.00,1.0,-1,-1,-1
277,17,285.00,185.00,62.00,164.00,1.0,-1,-1,-1
278,0,0.00,0.00,0.00,0.00,1.0,-1,-1,-1
278,1,0.00,0.00,0.00,0.00,1.0,-1,-1,-1
278,2,0.00,0.00,0.00,0.00,1.0,-1,-1,-1
278,3,0.00,0.00,0.00,0.00,1.0,-1,-1,-1
278,4,0.00,0.00,0.00,0.00,1.0,-1,-1,-1
278,5,0.00,0.00,0.00,0.00,1.0,-1,-1,-1
278,6,0.00,0.00,0.00,0.00,1.0,-1,-1,-1
278,7,0.00,0.00,0.00,0.00,1.0,-1,-1,-1
278,8,0.00,0.00,0.00,0.00,1.0,-1,-1,-1
278,9,0.00,0.00,0.00,0.00,1.0,-1,-1,-1
278,10,0.00,0.00,0.00,0.00,1.0,-1,-1,-1
278,11,0.00,0.00,0.00,0.00,1.0,-1,-1,-1
278,12,0.00,0.00,0.00,0.00,1.0,-1,-1,-1
278,13,0.00,0.00,0.00,0.00,1.0,-1,-1,-1
278,14,0.00,0.00,0.00,0.00,1.0,-1,-1,-1
278,15,0.00,0.00,0.00,0.00,1.0,-1,-1,-1
278,16,0.00,0.00,0.00,0.00,1.0,-1,-1,-1
278,17,254.00,181.00,77.00,175.00,1.0,-1,-1,-1
279,0,0.00,0.00,0.00,0.00,1.0,-1,-1,-1
279,1,0.00,0.00,0.00,0.00,1.0,-1,-1,-1
279,2,0.00,0.00,0.00,0.00,1.0,-1,-1,-1
279,3,0.00,0.00,0.00,0.00,1.0,-1,-1,-1
279,4,0.00,0.00,0.00,0.00,1.0,-1,-1,-1
279,5,0.00,0.00,0.00,0.00,1.0,-1,-1,-1
279,6,0.00,0.00,0.00,0.00,1.0,-1,-1,-1
279,7,0.00,0.00,0.00,0.00,1.0,-1,-1,-1
279,8,0.00,0.00,0.00,0.00,1.0,-1,-1,-1
279,9,0.00,0.00,0.00,0.00,1.0,-1,-1,-1
279,10,0.00,0.00,0.00,0.00,1.0,-1,-1,-1
279,11,0.00,0.00,0.00,0.00,1.0,-1,-1,-1
279,12,0.00,0.00,0.00,0.00,1.0,-1,-1,-1
279,13,0.00,0.00,0.00,0.00,1.0,-1,-1,-1
279,14,0.00,0.00,0.00,0.00,1.0,-1,-1,-1
279,15,0.00,0.00,0.00,0.00,1.0,-1,-1,-1
279,16,0.00,0.00,0.00,0.00,1.0,-1,-1,-1
279,17,232.00,179.00,77.00,193.00,1.0,-1,-1,-1
280,0,0.00,0.00,0.00,0.00,1.0,-1,-1,-1
280,1,0.00,0.00,0.00,0.00,1.0,-1,-1,-1
280,2,0.00,0.00,0.00,0.00,1.0,-1,-1,-1
280,3,0.00,0.00,0.00,0.00,1.0,-1,-1,-1
280,4,0.00,0.00,0.00,0.00,1.0,-1,-1,-1
280,5,0.00,0.00,0.00,0.00,1.0,-1,-1,-1
280,6,0.00,0.00,0.00,0.00,1.0,-1,-1,-1
280,7,0.00,0.00,0.00,0.00,1.0,-1,-1,-1
280,8,0.00,0.00,0.00,0.00,1.0,-1,-1,-1
280,9,0.00,0.00,0.00,0.00,1.0,-1,-1,-1
280,10,0.00,0.00,0.00,0.00,1.0,-1,-1,-1
280,11,0.00,0.00,0.00,0.00,1.0,-1,-1,-1
280,12,0.00,0.00,0.00,0.00,1.0,-1,-1,-1
280,13,0.00,0.00,0.00,0.00,1.0,-1,-1,-1
280,14,0.00,0.00,0.00,0.00,1.0,-1,-1,-1
280,15,0.00,0.00,0.00,0.00,1.0,-1,-1,-1
280,16,0.00,0.00,0.00,0.00,1.0,-1,-1,-1
280,17,196.00,183.00,88.00,192.00,1.0,-1,-1,-1
281,0,0.00,0.00,0.00,0.00,1.0,-1,-1,-1
281,1,0.00,0.00,0.00,0.00,1.0,-1,-1,-1
281,2,0.00,0.00,0.00,0.00,1.0,-1,-1,-1
281,3,0.00,0.00,0.00,0.00,1.0,-1,-1,-1
281,4,0.00,0.00,0.00,0.00,1.0,-1,-1,-1
281,5,0.00,0.00,0.00,0.00,1.0,-1,-1,-1
281,6,0.00,0.00,0.00,0.00,1.0,-1,-1,-1
281,7,0.00,0.00,0.00,0.00,1.0,-1,-1,-1
281,8,0.00,0.00,0.00,0.00,1.0,-1,-1,-1
281,9,0.00,0.00,0.00,0.00,1.0,-1,-1,-1
281,10,0.00,0.00,0.00,0.00,1.0,-1,-1,-1
281,11,0.00,0.00,0.00,0.00,1.0,-1,-1,-1
281,12,0.00,0.00,0.00,0.00,1.0,-1,-1,-1
281,13,0.00,0.00,0.00,0.00,1.0,-1,-1,-1
281,14,0.00,0.00,0.00,0.00,1.0,-1,-1,-1
281,15,0.00,0.00,0.00,0.00,1.0,-1,-1,-1
281,16,0.00,0.00,0.00,0.00,1.0,-1,-1,-1
281,17,151.00,183.00,103.00,192.00,1.0,-1,-1,-1
282,0,0.00,0.00,0.00,0.00,1.0,-1,-1,-1
282,1,0.00,0.00,0.00,0.00,1.0,-1,-1,-1
282,2,0.00,0.00,0.00,0.00,1.0,-1,-1,-1
282,3,0.00,0.00,0.00,0.00,1.0,-1,-1,-1
282,4,0.00,0.00,0.00,0.00,1.0,-1,-1,-1
282,5,0.00,0.00,0.00,0.00,1.0,-1,-1,-1
282,6,0.00,0.00,0.00,0.00,1.0,-1,-1,-1
282,7,0.00,0.00,0.00,0.00,1.0,-1,-1,-1
282,8,0.00,0.00,0.00,0.00,1.0,-1,-1,-1
282,9,0.00,0.00,0.00,0.00,1.0,-1,-1,-1
282,10,0.00,0.00,0.00,0.00,1.0,-1,-1,-1
282,11,0.00,0.00,0.00,0.00,1.0,-1,-1,-1
282,12,0.00,0.00,0.00,0.00,1.0,-1,-1,-1
282,13,0.00,0.00,0.00,0.00,1.0,-1,-1,-1
282,14,0.00,0.00,0.00,0.00,1.0,-1,-1,-1
282,15,0.00,0.00,0.00,0.00,1.0,-1,-1,-1
282,16,0.00,0.00,0.00,0.00,1.0,-1,-1,-1
282,17,89.00,183.00,124.00,192.00,1.0,-1,-1,-1
283,0,0.00,0.00,0.00,0.00,1.0,-1,-1,-1
283,1,0.00,0.00,0.00,0.00,1.0,-1,-1,-1
283,2,0.00,0.00,0.00,0.00,1.0,-1,-1,-1
283,3,0.00,0.00,0.00,0.00,1.0,-1,-1,-1
283,4,0.00,0.00,0.00,0.00,1.0,-1,-1,-1
283,5,0.00,0.00,0.00,0.00,1.0,-1,-1,-1
283,6,0.00,0.00,0.00,0.00,1.0,-1,-1,-1
283,7,0.00,0.00,0.00,0.00,1.0,-1,-1,-1
283,8,0.00,0.00,0.00,0.00,1.0,-1,-1,-1
283,9,0.00,0.00,0.00,0.00,1.0,-1,-1,-1
283,10,0.00,0.00,0.00,0.00,1.0,-1,-1,-1
283,11,0.00,0.00,0.00,0.00,1.0,-1,-1,-1
283,12,0.00,0.00,0.00,0.00,1.0,-1,-1,-1
283,13,0.00,0.00,0.00,0.00,1.0,-1,-1,-1
283,14,0.00,0.00,0.00,0.00,1.0,-1,-1,-1
283,15,0.00,0.00,0.00,0.00,1.0,-1,-1,-1
283,16,0.00,0.00,0.00,0.00,1.0,-1,-1,-1
283,17,36.00,181.00,119.00,194.00,1.0,-1,-1,-1
283,18,417.00,182.00,27.00,80.00,1.0,-1,-1,-1
284,0,0.00,0.00,0.00,0.00,1.0,-1,-1,-1
284,1,0.00,0.00,0.00,0.00,1.0,-1,-1,-1
284,2,0.00,0.00,0.00,0.00,1.0,-1,-1,-1
284,3,0.00,0.00,0.00,0.00,1.0,-1,-1,-1
284,4,0.00,0.00,0.00,0.00,1.0,-1,-1,-1
284,5,0.00,0.00,0.00,0.00,1.0,-1,-1,-1
284,6,0.00,0.00,0.00,0.00,1.0,-1,-1,-1
284,7,0.00,0.00,0.00,0.00,1.0,-1,-1,-1
284,8,0.00,0.00,0.00,0.00,1.0,-1,-1,-1
284,9,0.00,0.00,0.00,0.00,1.0,-1,-1,-1
284,10,0.00,0.00,0.00,0.00,1.0,-1,-1,-1
284,11,0.00,0.00,0.00,0.00,1.0,-1,-1,-1
284,12,0.00,0.00,0.00,0.00,1.0,-1,-1,-1
284,13,0.00,0.00,0.00,0.00,1.0,-1,-1,-1
284,14,0.00,0.00,0.00,0.00,1.0,-1,-1,-1
284,15,0.00,0.00,0.00,0.00,1.0,-1,-1,-1
284,16,0.00,0.00,0.00,0.00,1.0,-1,-1,-1
284,17,0.00,185.00,77.00,190.00,1.0,-1,-1,-1
284,18,413.00,182.00,27.00,84.00,1.0,-1,-1,-1
285,0,0.00,0.00,0.00,0.00,1.0,-1,-1,-1
285,1,0.00,0.00,0.00,0.00,1.0,-1,-1,-1
285,2,0.00,0.00,0.00,0.00,1.0,-1,-1,-1
285,3,0.00,0.00,0.00,0.00,1.0,-1,-1,-1
285,4,0.00,0.00,0.00,0.00,1.0,-1,-1,-1
285,5,0.00,0.00,0.00,0.00,1.0,-1,-1,-1
285,6,0.00,0.00,0.00,0.00,1.0,-1,-1,-1
285,7,0.00,0.00,0.00,0.00,1.0,-1,-1,-1
285,8,0.00,0.00,0.00,0.00,1.0,-1,-1,-1
285,9,0.00,0.00,0.00,0.00,1.0,-1,-1,-1
285,10,0.00,0.00,0.00,0.00,1.0,-1,-1,-1
285,11,0.00,0.00,0.00,0.00,1.0,-1,-1,-1
285,12,0.00,0.00,0.00,0.00,1.0,-1,-1,-1
285,13,0.00,0.00,0.00,0.00,1.0,-1,-1,-1
285,14,0.00,0.00,0.00,0.00,1.0,-1,-1,-1
285,15,0.00,0.00,0.00,0.00,1.0,-1,-1,-1
285,16,0.00,0.00,0.00,0.00,1.0,-1,-1,-1
285,17,0.00,0.00,0.00,0.00,1.0,-1,-1,-1
285,18,407.00,180.00,28.00,90.00,1.0,-1,-1,-1
286,0,0.00,0.00,0.00,0.00,1.0,-1,-1,-1
286,1,0.00,0.00,0.00,0.00,1.0,-1,-1,-1
286,2,0.00,0.00,0.00,0.00,1.0,-1,-1,-1
286,3,0.00,0.00,0.00,0.00,1.0,-1,-1,-1
286,4,0.00,0.00,0.00,0.00,1.0,-1,-1,-1
286,5,0.00,0.00,0.00,0.00,1.0,-1,-1,-1
286,6,0.00,0.00,0.00,0.00,1.0,-1,-1,-1
286,7,0.00,0.00,0.00,0.00,1.0,-1,-1,-1
286,8,0.00,0.00,0.00,0.00,1.0,-1,-1,-1
286,9,0.00,0.00,0.00,0.00,1.0,-1,-1,-1
286,10,0.00,0.00,0.00,0.00,1.0,-1,-1,-1
286,11,0.00,0.00,0.00,0.00,1.0,-1,-1,-1
286,12,0.00,0.00,0.00,0.00,1.0,-1,-1,-1
286,13,0.00,0.00,0.00,0.00,1.0,-1,-1,-1
286,14,0.00,0.00,0.00,0.00,1.0,-1,-1,-1
286,15,0.00,0.00,0.00,0.00,1.0,-1,-1,-1
286,16,0.00,0.00,0.00,0.00,1.0,-1,-1,-1
286,17,0.00,0.00,0.00,0.00,1.0,-1,-1,-1
286,18,398.00,179.00,30.00,95.00,1.0,-1,-1,-1
287,0,0.00,0.00,0.00,0.00,1.0,-1,-1,-1
287,1,0.00,0.00,0.00,0.00,1.0,-1,-1,-1
287,2,0.00,0.00,0.00,0.00,1.0,-1,-1,-1
287,3,0.00,0.00,0.00,0.00,1.0,-1,-1,-1
287,4,0.00,0.00,0.00,0.00,1.0,-1,-1,-1
287,5,0.00,0.00,0.00,0.00,1.0,-1,-1,-1
287,6,0.00,0.00,0.00,0.00,1.0,-1,-1,-1
287,7,0.00,0.00,0.00,0.00,1.0,-1,-1,-1
287,8,0.00,0.00,0.00,0.00,1.0,-1,-1,-1
287,9,0.00,0.00,0.00,0.00,1.0,-1,-1,-1
287,10,0.00,0.00,0.00,0.00,1.0,-1,-1,-1
287,11,0.00,0.00,0.00,0.00,1.0,-1,-1,-1
287,12,0.00,0.00,0.00,0.00,1.0,-1,-1,-1
287,13,0.00,0.00,0.00,0.00,1.0,-1,-1,-1
287,14,0.00,0.00,0.00,0.00,1.0,-1,-1,-1
287,15,0.00,0.00,0.00,0.00,1.0,-1,-1,-1
287,16,0.00,0.00,0.00,0.00,1.0,-1,-1,-1
287,17,0.00,0.00,0.00,0.00,1.0,-1,-1,-1
287,18,389.00,179.00,32.00,101.00,1.0,-1,-1,-1
287,19,690.00,173.00,26.00,81.00,1.0,-1,-1,-1
288,0,0.00,0.00,0.00,0.00,1.0,-1,-1,-1
288,1,0.00,0.00,0.00,0.00,1.0,-1,-1,-1
288,2,0.00,0.00,0.00,0.00,1.0,-1,-1,-1
288,3,0.00,0.00,0.00,0.00,1.0,-1,-1,-1
288,4,0.00,0.00,0.00,0.00,1.0,-1,-1,-1
288,5,0.00,0.00,0.00,0.00,1.0,-1,-1,-1
288,6,0.00,0.00,0.00,0.00,1.0,-1,-1,-1
288,7,0.00,0.00,0.00,0.00,1.0,-1,-1,-1
288,8,0.00,0.00,0.00,0.00,1.0,-1,-1,-1
288,9,0.00,0.00,0.00,0.00,1.0,-1,-1,-1
288,10,0.00,0.00,0.00,0.00,1.0,-1,-1,-1
288,11,0.00,0.00,0.00,0.00,1.0,-1,-1,-1
288,12,0.00,0.00,0.00,0.00,1.0,-1,-1,-1
288,13,0.00,0.00,0.00,0.00,1.0,-1,-1,-1
288,14,0.00,0.00,0.00,0.00,1.0,-1,-1,-1
288,15,0.00,0.00,0.00,0.00,1.0,-1,-1,-1
288,16,0.00,0.00,0.00,0.00,1.0,-1,-1,-1
288,17,0.00,0.00,0.00,0.00,1.0,-1,-1,-1
288,18,376.00,180.00,37.00,109.00,1.0,-1,-1,-1
288,19,697.00,174.00,27.00,84.00,1.0,-1,-1,-1
289,0,0.00,0.00,0.00,0.00,1.0,-1,-1,-1
289,1,0.00,0.00,0.00,0.00,1.0,-1,-1,-1
289,2,0.00,0.00,0.00,0.00,1.0,-1,-1,-1
289,3,0.00,0.00,0.00,0.00,1.0,-1,-1,-1
289,4,0.00,0.00,0.00,0.00,1.0,-1,-1,-1
289,5,0.00,0.00,0.00,0.00,1.0,-1,-1,-1
289,6,0.00,0.00,0.00,0.00,1.0,-1,-1,-1
289,7,0.00,0.00,0.00,0.00,1.0,-1,-1,-1
289,8,0.00,0.00,0.00,0.00,1.0,-1,-1,-1
289,9,0.00,0.00,0.00,0.00,1.0,-1,-1,-1
289,10,0.00,0.00,0.00,0.00,1.0,-1,-1,-1
289,11,0.00,0.00,0.00,0.00,1.0,-1,-1,-1
289,12,0.00,0.00,0.00,0.00,1.0,-1,-1,-1
289,13,0.00,0.00,0.00,0.00,1.0,-1,-1,-1
289,14,0.00,0.00,0.00,0.00,1.0,-1,-1,-1
289,15,0.00,0.00,0.00,0.00,1.0,-1,-1,-1
289,16,0.00,0.00,0.00,0.00,1.0,-1,-1,-1
289,17,0.00,0.00,0.00,0.00,1.0,-1,-1,-1
289,18,362.00,179.00,36.00,117.00,1.0,-1,-1,-1
289,19,703.00,173.00,28.00,87.00,1.0,-1,-1,-1
290,0,0.00,0.00,0.00,0.00,1.0,-1,-1,-1
290,1,0.00,0.00,0.00,0.00,1.0,-1,-1,-1
290,2,0.00,0.00,0.00,0.00,1.0,-1,-1,-1
290,3,0.00,0.00,0.00,0.00,1.0,-1,-1,-1
290,4,0.00,0.00,0.00,0.00,1.0,-1,-1,-1
290,5,0.00,0.00,0.00,0.00,1.0,-1,-1,-1
290,6,0.00,0.00,0.00,0.00,1.0,-1,-1,-1
290,7,0.00,0.00,0.00,0.00,1.0,-1,-1,-1
290,8,0.00,0.00,0.00,0.00,1.0,-1,-1,-1
290,9,0.00,0.00,0.00,0.00,1.0,-1,-1,-1
290,10,0.00,0.00,0.00,0.00,1.0,-1,-1,-1
290,11,0.00,0.00,0.00,0.00,1.0,-1,-1,-1
290,12,0.00,0.00,0.00,0.00,1.0,-1,-1,-1
290,13,0.00,0.00,0.00,0.00,1.0,-1,-1,-1
290,14,0.00,0.00,0.00,0.00,1.0,-1,-1,-1
290,15,0.00,0.00,0.00,0.00,1.0,-1,-1,-1
290,16,0.00,0.00,0.00,0.00,1.0,-1,-1,-1
290,17,0.00,0.00,0.00,0.00,1.0,-1,-1,-1
290,18,347.00,177.00,38.00,127.00,1.0,-1,-1,-1
290,19,710.00,172.00,31.00,92.00,1.0,-1,-1,-1
290,20,308.00,169.00,38.00,129.00,1.0,-1,-1,-1
291,0,0.00,0.00,0.00,0.00,1.0,-1,-1,-1
291,1,0.00,0.00,0.00,0.00,1.0,-1,-1,-1
291,2,0.00,0.00,0.00,0.00,1.0,-1,-1,-1
291,3,0.00,0.00,0.00,0.00,1.0,-1,-1,-1
291,4,0.00,0.00,0.00,0.00,1.0,-1,-1,-1
291,5,0.00,0.00,0.00,0.00,1.0,-1,-1,-1
291,6,0.00,0.00,0.00,0.00,1.0,-1,-1,-1
291,7,0.00,0.00,0.00,0.00,1.0,-1,-1,-1
291,8,0.00,0.00,0.00,0.00,1.0,-1,-1,-1
291,9,0.00,0.00,0.00,0.00,1.0,-1,-1,-1
291,10,0.00,0.00,0.00,0.00,1.0,-1,-1,-1
291,11,0.00,0.00,0.00,0.00,1.0,-1,-1,-1
291,12,0.00,0.00,0.00,0.00,1.0,-1,-1,-1
291,13,0.00,0.00,0.00,0.00,1.0,-1,-1,-1
291,14,0.00,0.00,0.00,0.00,1.0,-1,-1,-1
291,15,0.00,0.00,0.00,0.00,1.0,-1,-1,-1
291,16,0.00,0.00,0.00,0.00,1.0,-1,-1,-1
291,17,0.00,0.00,0.00,0.00,1.0,-1,-1,-1
291,18,327.00,177.00,41.00,137.00,1.0,-1,-1,-1
291,19,720.00,170.00,33.00,97.00,1.0,-1,-1,-1
291,20,286.00,167.00,41.00,140.00,1.0,-1,-1,-1
292,0,0.00,0.00,0.00,0.00,1.0,-1,-1,-1
292,1,0.00,0.00,0.00,0.00,1.0,-1,-1,-1
292,2,0.00,0.00,0.00,0.00,1.0,-1,-1,-1
292,3,0.00,0.00,0.00,0.00,1.0,-1,-1,-1
292,4,0.00,0.00,0.00,0.00,1.0,-1,-1,-1
292,5,0.00,0.00,0.00,0.00,1.0,-1,-1,-1
292,6,0.00,0.00,0.00,0.00,1.0,-1,-1,-1
292,7,0.00,0.00,0.00,0.00,1.0,-1,-1,-1
292,8,0.00,0.00,0.00,0.00,1.0,-1,-1,-1
292,9,0.00,0.00,0.00,0.00,1.0,-1,-1,-1
292,10,0.00,0.00,0.00,0.00,1.0,-1,-1,-1
292,11,0.00,0.00,0.00,0.00,1.0,-1,-1,-1
292,12,0.00,0.00,0.00,0.00,1.0,-1,-1,-1
292,13,0.00,0.00,0.00,0.00,1.0,-1,-1,-1
292,14,0.00,0.00,0.00,0.00,1.0,-1,-1,-1
292,15,0.00,0.00,0.00,0.00,1.0,-1,-1,-1
292,16,0.00,0.00,0.00,0.00,1.0,-1,-1,-1
292,17,0.00,0.00,0.00,0.00,1.0,-1,-1,-1
292,18,303.00,176.00,46.00,149.00,1.0,-1,-1,-1
292,19,726.00,169.00,38.00,103.00,1.0,-1,-1,-1
292,20,258.00,165.00,47.00,153.00,1.0,-1,-1,-1
293,0,0.00,0.00,0.00,0.00,1.0,-1,-1,-1
293,1,0.00,0.00,0.00,0.00,1.0,-1,-1,-1
293,2,0.00,0.00,0.00,0.00,1.0,-1,-1,-1
293,3,0.00,0.00,0.00,0.00,1.0,-1,-1,-1
293,4,0.00,0.00,0.00,0.00,1.0,-1,-1,-1
293,5,0.00,0.00,0.00,0.00,1.0,-1,-1,-1
293,6,0.00,0.00,0.00,0.00,1.0,-1,-1,-1
293,7,0.00,0.00,0.00,0.00,1.0,-1,-1,-1
293,8,0.00,0.00,0.00,0.00,1.0,-1,-1,-1
293,9,0.00,0.00,0.00,0.00,1.0,-1,-1,-1
293,10,0.00,0.00,0.00,0.00,1.0,-1,-1,-1
293,11,0.00,0.00,0.00,0.00,1.0,-1,-1,-1
293,12,0.00,0.00,0.00,0.00,1.0,-1,-1,-1
293,13,0.00,0.00,0.00,0.00,1.0,-1,-1,-1
293,14,0.00,0.00,0.00,0.00,1.0,-1,-1,-1
293,15,0.00,0.00,0.00,0.00,1.0,-1,-1,-1
293,16,0.00,0.00,0.00,0.00,1.0,-1,-1,-1
293,17,0.00,0.00,0.00,0.00,1.0,-1,-1,-1
293,18,273.00,175.00,55.00,166.00,1.0,-1,-1,-1
293,19,739.00,167.00,38.00,112.00,1.0,-1,-1,-1
293,20,221.00,165.00,56.00,167.00,1.0,-1,-1,-1
294,0,0.00,0.00,0.00,0.00,1.0,-1,-1,-1
294,1,0.00,0.00,0.00,0.00,1.0,-1,-1,-1
294,2,0.00,0.00,0.00,0.00,1.0,-1,-1,-1
294,3,0.00,0.00,0.00,0.00,1.0,-1,-1,-1
294,4,0.00,0.00,0.00,0.00,1.0,-1,-1,-1
294,5,0.00,0.00,0.00,0.00,1.0,-1,-1,-1
294,6,0.00,0.00,0.00,0.00,1.0,-1,-1,-1
294,7,0.00,0.00,0.00,0.00,1.0,-1,-1,-1
294,8,0.00,0.00,0.00,0.00,1.0,-1,-1,-1
294,9,0.00,0.00,0.00,0.00,1.0,-1,-1,-1
294,10,0.00,0.00,0.00,0.00,1.0,-1,-1,-1
294,11,0.00,0.00,0.00,0.00,1.0,-1,-1,-1
294,12,0.00,0.00,0.00,0.00,1.0,-1,-1,-1
294,13,0.00,0.00,0.00,0.00,1.0,-1,-1,-1
294,14,0.00,0.00,0.00,0.00,1.0,-1,-1,-1
294,15,0.00,0.00,0.00,0.00,1.0,-1,-1,-1
294,16,0.00,0.00,0.00,0.00,1.0,-1,-1,-1
294,17,0.00,0.00,0.00,0.00,1.0,-1,-1,-1
294,18,238.00,175.00,60.00,185.00,1.0,-1,-1,-1
294,19,751.00,167.00,40.00,119.00,1.0,-1,-1,-1
294,20,181.00,162.00,63.00,187.00,1.0,-1,-1,-1
295,0,0.00,0.00,0.00,0.00,1.0,-1,-1,-1
295,1,0.00,0.00,0.00,0.00,1.0,-1,-1,-1
295,2,0.00,0.00,0.00,0.00,1.0,-1,-1,-1
295,3,0.00,0.00,0.00,0.00,1.0,-1,-1,-1
295,4,0.00,0.00,0.00,0.00,1.0,-1,-1,-1
295,5,0.00,0.00,0.00,0.00,1.0,-1,-1,-1
295,6,0.00,0.00,0.00,0.00,1.0,-1,-1,-1
295,7,0.00,0.00,0.00,0.00,1.0,-1,-1,-1
295,8,0.00,0.00,0.00,0.00,1.0,-1,-1,-1
295,9,0.00,0.00,0.00,0.00,1.0,-1,-1,-1
295,10,0.00,0.00,0.00,0.00,1.0,-1,-1,-1
295,11,0.00,0.00,0.00,0.00,1.0,-1,-1,-1
295,12,0.00,0.00,0.00,0.00,1.0,-1,-1,-1
295,13,0.00,0.00,0.00,0.00,1.0,-1,-1,-1
295,14,0.00,0.00,0.00,0.00,1.0,-1,-1,-1
295,15,0.00,0.00,0.00,0.00,1.0,-1,-1,-1
295,16,0.00,0.00,0.00,0.00,1.0,-1,-1,-1
295,17,0.00,0.00,0.00,0.00,1.0,-1,-1,-1
295,18,193.00,176.00,69.00,199.00,1.0,-1,-1,-1
295,19,765.00,167.00,43.00,127.00,1.0,-1,-1,-1
295,20,129.00,161.00,75.00,211.00,1.0,-1,-1,-1
296,0,0.00,0.00,0.00,0.00,1.0,-1,-1,-1
296,1,0.00,0.00,0.00,0.00,1.0,-1,-1,-1
296,2,0.00,0.00,0.00,0.00,1.0,-1,-1,-1
296,3,0.00,0.00,0.00,0.00,1.0,-1,-1,-1
296,4,0.00,0.00,0.00,0.00,1.0,-1,-1,-1
296,5,0.00,0.00,0.00,0.00,1.0,-1,-1,-1
296,6,0.00,0.00,0.00,0.00,1.0,-1,-1,-1
296,7,0.00,0.00,0.00,0.00,1.0,-1,-1,-1
296,8,0.00,0.00,0.00,0.00,1.0,-1,-1,-1
296,9,0.00,0.00,0.00,0.00,1.0,-1,-1,-1
296,10,0.00,0.00,0.00,0.00,1.0,-1,-1,-1
296,11,0.00,0.00,0.00,0.00,1.0,-1,-1,-1
296,12,0.00,0.00,0.00,0.00,1.0,-1,-1,-1
296,13,0.00,0.00,0.00,0.00,1.0,-1,-1,-1
296,14,0.00,0.00,0.00,0.00,1.0,-1,-1,-1
296,15,0.00,0.00,0.00,0.00,1.0,-1,-1,-1
296,16,0.00,0.00,0.00,0.00,1.0,-1,-1,-1
296,17,0.00,0.00,0.00,0.00,1.0,-1,-1,-1
296,18,131.00,175.00,88.00,200.00,1.0,-1,-1,-1
296,19,781.00,165.00,46.00,138.00,1.0,-1,-1,-1
296,20,64.00,158.00,87.00,217.00,1.0,-1,-1,-1
297,0,0.00,0.00,0.00,0.00,1.0,-1,-1,-1
297,1,0.00,0.00,0.00,0.00,1.0,-1,-1,-1
297,2,0.00,0.00,0.00,0.00,1.0,-1,-1,-1
297,3,0.00,0.00,0.00,0.00,1.0,-1,-1,-1
297,4,0.00,0.00,0.00,0.00,1.0,-1,-1,-1
297,5,0.00,0.00,0.00,0.00,1.0,-1,-1,-1
297,6,0.00,0.00,0.00,0.00,1.0,-1,-1,-1
297,7,0.00,0.00,0.00,0.00,1.0,-1,-1,-1
297,8,0.00,0.00,0.00,0.00,1.0,-1,-1,-1
297,9,0.00,0.00,0.00,0.00,1.0,-1,-1,-1
297,10,0.00,0.00,0.00,0.00,1.0,-1,-1,-1
297,11,0.00,0.00,0.00,0.00,1.0,-1,-1,-1
297,12,0.00,0.00,0.00,0.00,1.0,-1,-1,-1
297,13,0.00,0.00,0.00,0.00,1.0,-1,-1,-1
297,14,0.00,0.00,0.00,0.00,1.0,-1,-1,-1
297,15,0.00,0.00,0.00,0.00,1.0,-1,-1,-1
297,16,0.00,0.00,0.00,0.00,1.0,-1,-1,-1
297,17,0.00,0.00,0.00,0.00,1.0,-1,-1,-1
297,18,47.00,175.00,108.00,200.00,1.0,-1,-1,-1
297,19,798.00,163.00,51.00,150.00,1.0,-1,-1,-1
297,20,0.00,156.00,80.00,219.00,1.0,-1,-1,-1
298,0,0.00,0.00,0.00,0.00,1.0,-1,-1,-1
298,1,0.00,0.00,0.00,0.00,1.0,-1,-1,-1
298,2,0.00,0.00,0.00,0.00,1.0,-1,-1,-1
298,3,0.00,0.00,0.00,0.00,1.0,-1,-1,-1
298,4,0.00,0.00,0.00,0.00,1.0,-1,-1,-1
298,5,0.00,0.00,0.00,0.00,1.0,-1,-1,-1
298,6,0.00,0.00,0.00,0.00,1.0,-1,-1,-1
298,7,0.00,0.00,0.00,0.00,1.0,-1,-1,-1
298,8,0.00,0.00,0.00,0.00,1.0,-1,-1,-1
298,9,0.00,0.00,0.00,0.00,1.0,-1,-1,-1
298,10,0.00,0.00,0.00,0.00,1.0,-1,-1,-1
298,11,0.00,0.00,0.00,0.00,1.0,-1,-1,-1
298,12,0.00,0.00,0.00,0.00,1.0,-1,-1,-1
298,13,0.00,0.00,0.00,0.00,1.0,-1,-1,-1
298,14,0.00,0.00,0.00,0.00,1.0,-1,-1,-1
298,15,0.00,0.00,0.00,0.00,1.0,-1,-1,-1
298,16,0.00,0.00,0.00,0.00,1.0,-1,-1,-1
298,17,0.00,0.00,0.00,0.00,1.0,-1,-1,-1
298,18,0.00,173.00,73.00,202.00,1.0,-1,-1,-1
298,19,821.00,162.00,55.00,165.00,1.0,-1,-1,-1
298,20,0.00,0.00,0.00,0.00,1.0,-1,-1,-1
299,0,0.00,0.00,0.00,0.00,1.0,-1,-1,-1
299,1,0.00,0.00,0.00,0.00,1.0,-1,-1,-1
299,2,0.00,0.00,0.00,0.00,1.0,-1,-1,-1
299,3,0.00,0.00,0.00,0.00,1.0,-1,-1,-1
299,4,0.00,0.00,0.00,0.00,1.0,-1,-1,-1
299,5,0.00,0.00,0.00,0.00,1.0,-1,-1,-1
299,6,0.00,0.00,0.00,0.00,1.0,-1,-1,-1
299,7,0.00,0.00,0.00,0.00,1.0,-1,-1,-1
299,8,0.00,0.00,0.00,0.00,1.0,-1,-1,-1
299,9,0.00,0.00,0.00,0.00,1.0,-1,-1,-1
299,10,0.00,0.00,0.00,0.00,1.0,-1,-1,-1
299,11,0.00,0.00,0.00,0.00,1.0,-1,-1,-1
299,12,0.00,0.00,0.00,0.00,1.0,-1,-1,-1
299,13,0.00,0.00,0.00,0.00,1.0,-1,-1,-1
299,14,0.00,0.00,0.00,0.00,1.0,-1,-1,-1
299,15,0.00,0.00,0.00,0.00,1.0,-1,-1,-1
299,16,0.00,0.00,0.00,0.00,1.0,-1,-1,-1
299,17,0.00,0.00,0.00,0.00,1.0,-1,-1,-1
299,18,0.00,0.00,0.00,0.00,1.0,-1,-1,-1
299,19,845.00,162.00,61.00,182.00,1.0,-1,-1,-1
299,20,0.00,0.00,0.00,0.00,1.0,-1,-1,-1
300,0,0.00,0.00,0.00,0.00,1.0,-1,-1,-1
300,1,0.00,0.00,0.00,0.00,1.0,-1,-1,-1
300,2,0.00,0.00,0.00,0.00,1.0,-1,-1,-1
300,3,0.00,0.00,0.00,0.00,1.0,-1,-1,-1
300,4,0.00,0.00,0.00,0.00,1.0,-1,-1,-1
300,5,0.00,0.00,0.00,0.00,1.0,-1,-1,-1
300,6,0.00,0.00,0.00,0.00,1.0,-1,-1,-1
300,7,0.00,0.00,0.00,0.00,1.0,-1,-1,-1
300,8,0.00,0.00,0.00,0.00,1.0,-1,-1,-1
300,9,0.00,0.00,0.00,0.00,1.0,-1,-1,-1
300,10,0.00,0.00,0.00,0.00,1.0,-1,-1,-1
300,11,0.00,0.00,0.00,0.00,1.0,-1,-1,-1
300,12,0.00,0.00,0.00,0.00,1.0,-1,-1,-1
300,13,0.00,0.00,0.00,0.00,1.0,-1,-1,-1
300,14,0.00,0.00,0.00,0.00,1.0,-1,-1,-1
300,15,0.00,0.00,0.00,0.00,1.0,-1,-1,-1
300,16,0.00,0.00,0.00,0.00,1.0,-1,-1,-1
300,17,0.00,0.00,0.00,0.00,1.0,-1,-1,-1
300,18,0.00,0.00,0.00,0.00,1.0,-1,-1,-1
300,19,874.00,162.00,70.00,204.00,1.0,-1,-1,-1
300,20,0.00,0.00,0.00,0.00,1.0,-1,-1,-1
301,0,0.00,0.00,0.00,0.00,1.0,-1,-1,-1
301,1,0.00,0.00,0.00,0.00,1.0,-1,-1,-1
301,2,0.00,0.00,0.00,0.00,1.0,-1,-1,-1
301,3,0.00,0.00,0.00,0.00,1.0,-1,-1,-1
301,4,0.00,0.00,0.00,0.00,1.0,-1,-1,-1
301,5,0.00,0.00,0.00,0.00,1.0,-1,-1,-1
301,6,0.00,0.00,0.00,0.00,1.0,-1,-1,-1
301,7,0.00,0.00,0.00,0.00,1.0,-1,-1,-1
301,8,0.00,0.00,0.00,0.00,1.0,-1,-1,-1
301,9,0.00,0.00,0.00,0.00,1.0,-1,-1,-1
301,10,0.00,0.00,0.00,0.00,1.0,-1,-1,-1
301,11,0.00,0.00,0.00,0.00,1.0,-1,-1,-1
301,12,0.00,0.00,0.00,0.00,1.0,-1,-1,-1
301,13,0.00,0.00,0.00,0.00,1.0,-1,-1,-1
301,14,0.00,0.00,0.00,0.00,1.0,-1,-1,-1
301,15,0.00,0.00,0.00,0.00,1.0,-1,-1,-1
301,16,0.00,0.00,0.00,0.00,1.0,-1,-1,-1
301,17,0.00,0.00,0.00,0.00,1.0,-1,-1,-1
301,18,0.00,0.00,0.00,0.00,1.0,-1,-1,-1
301,19,911.00,162.00,64.00,213.00,1.0,-1,-1,-1
301,20,0.00,0.00,0.00,0.00,1.0,-1,-1,-1
302,0,0.00,0.00,0.00,0.00,1.0,-1,-1,-1
302,1,0.00,0.00,0.00,0.00,1.0,-1,-1,-1
302,2,0.00,0.00,0.00,0.00,1.0,-1,-1,-1
302,3,0.00,0.00,0.00,0.00,1.0,-1,-1,-1
302,4,0.00,0.00,0.00,0.00,1.0,-1,-1,-1
302,5,0.00,0.00,0.00,0.00,1.0,-1,-1,-1
302,6,0.00,0.00,0.00,0.00,1.0,-1,-1,-1
302,7,0.00,0.00,0.00,0.00,1.0,-1,-1,-1
302,8,0.00,0.00,0.00,0.00,1.0,-1,-1,-1
302,9,0.00,0.00,0.00,0.00,1.0,-1,-1,-1
302,10,0.00,0.00,0.00,0.00,1.0,-1,-1,-1
302,11,0.00,0.00,0.00,0.00,1.0,-1,-1,-1
302,12,0.00,0.00,0.00,0.00,1.0,-1,-1,-1
302,13,0.00,0.00,0.00,0.00,1.0,-1,-1,-1
302,14,0.00,0.00,0.00,0.00,1.0,-1,-1,-1
302,15,0.00,0.00,0.00,0.00,1.0,-1,-1,-1
302,16,0.00,0.00,0.00,0.00,1.0,-1,-1,-1
302,17,0.00,0.00,0.00,0.00,1.0,-1,-1,-1
302,18,0.00,0.00,0.00,0.00,1.0,-1,-1,-1
302,19,957.00,159.00,79.00,216.00,1.0,-1,-1,-1
302,20,0.00,0.00,0.00,0.00,1.0,-1,-1,-1
303,0,0.00,0.00,0.00,0.00,1.0,-1,-1,-1
303,1,0.00,0.00,0.00,0.00,1.0,-1,-1,-1
303,2,0.00,0.00,0.00,0.00,1.0,-1,-1,-1
303,3,0.00,0.00,0.00,0.00,1.0,-1,-1,-1
303,4,0.00,0.00,0.00,0.00,1.0,-1,-1,-1
303,5,0.00,0.00,0.00,0.00,1.0,-1,-1,-1
303,6,0.00,0.00,0.00,0.00,1.0,-1,-1,-1
303,7,0.00,0.00,0.00,0.00,1.0,-1,-1,-1
303,8,0.00,0.00,0.00,0.00,1.0,-1,-1,-1
303,9,0.00,0.00,0.00,0.00,1.0,-1,-1,-1
303,10,0.00,0.00,0.00,0.00,1.0,-1,-1,-1
303,11,0.00,0.00,0.00,0.00,1.0,-1,-1,-1
303,12,0.00,0.00,0.00,0.00,1.0,-1,-1,-1
303,13,0.00,0.00,0.00,0.00,1.0,-1,-1,-1
303,14,0.00,0.00,0.00,0.00,1.0,-1,-1,-1
303,15,0.00,0.00,0.00,0.00,1.0,-1,-1,-1
303,16,0.00,0.00,0.00,0.00,1.0,-1,-1,-1
303,17,0.00,0.00,0.00,0.00,1.0,-1,-1,-1
303,18,0.00,0.00,0.00,0.00,1.0,-1,-1,-1
303,19,1020.00,157.00,100.00,218.00,1.0,-1,-1,-1
303,20,0.00,0.00,0.00,0.00,1.0,-1,-1,-1
304,0,0.00,0.00,0.00,0.00,1.0,-1,-1,-1
304,1,0.00,0.00,0.00,0.00,1.0,-1,-1,-1
304,2,0.00,0.00,0.00,0.00,1.0,-1,-1,-1
304,3,0.00,0.00,0.00,0.00,1.0,-1,-1,-1
304,4,0.00,0.00,0.00,0.00,1.0,-1,-1,-1
304,5,0.00,0.00,0.00,0.00,1.0,-1,-1,-1
304,6,0.00,0.00,0.00,0.00,1.0,-1,-1,-1
304,7,0.00,0.00,0.00,0.00,1.0,-1,-1,-1
304,8,0.00,0.00,0.00,0.00,1.0,-1,-1,-1
304,9,0.00,0.00,0.00,0.00,1.0,-1,-1,-1
304,10,0.00,0.00,0.00,0.00,1.0,-1,-1,-1
304,11,0.00,0.00,0.00,0.00,1.0,-1,-1,-1
304,12,0.00,0.00,0.00,0.00,1.0,-1,-1,-1
304,13,0.00,0.00,0.00,0.00,1.0,-1,-1,-1
304,14,0.00,0.00,0.00,0.00,1.0,-1,-1,-1
304,15,0.00,0.00,0.00,0.00,1.0,-1,-1,-1
304,16,0.00,0.00,0.00,0.00,1.0,-1,-1,-1
304,17,0.00,0.00,0.00,0.00,1.0,-1,-1,-1
304,18,0.00,0.00,0.00,0.00,1.0,-1,-1,-1
304,19,1109.00,152.00,133.00,223.00,1.0,-1,-1,-1
304,20,0.00,0.00,0.00,0.00,1.0,-1,-1,-1
305,0,0.00,0.00,0.00,0.00,1.0,-1,-1,-1
305,1,0.00,0.00,0.00,0.00,1.0,-1,-1,-1
305,2,0.00,0.00,0.00,0.00,1.0,-1,-1,-1
305,3,0.00,0.00,0.00,0.00,1.0,-1,-1,-1
305,4,0.00,0.00,0.00,0.00,1.0,-1,-1,-1
305,5,0.00,0.00,0.00,0.00,1.0,-1,-1,-1
305,6,0.00,0.00,0.00,0.00,1.0,-1,-1,-1
305,7,0.00,0.00,0.00,0.00,1.0,-1,-1,-1
305,8,0.00,0.00,0.00,0.00,1.0,-1,-1,-1
305,9,0.00,0.00,0.00,0.00,1.0,-1,-1,-1
305,10,0.00,0.00,0.00,0.00,1.0,-1,-1,-1
305,11,0.00,0.00,0.00,0.00,1.0,-1,-1,-1
305,12,0.00,0.00,0.00,0.00,1.0,-1,-1,-1
305,13,0.00,0.00,0.00,0.00,1.0,-1,-1,-1
305,14,0.00,0.00,0.00,0.00,1.0,-1,-1,-1
305,15,0.00,0.00,0.00,0.00,1.0,-1,-1,-1
305,16,0.00,0.00,0.00,0.00,1.0,-1,-1,-1
305,17,0.00,0.00,0.00,0.00,1.0,-1,-1,-1
305,18,0.00,0.00,0.00,0.00,1.0,-1,-1,-1
305,19,0.00,0.00,0.00,0.00,1.0,-1,-1,-1
305,20,0.00,0.00,0.00,0.00,1.0,-1,-1,-1
306,0,0.00,0.00,0.00,0.00,1.0,-1,-1,-1
306,1,0.00,0.00,0.00,0.00,1.0,-1,-1,-1
306,2,0.00,0.00,0.00,0.00,1.0,-1,-1,-1
306,3,0.00,0.00,0.00,0.00,1.0,-1,-1,-1
306,4,0.00,0.00,0.00,0.00,1.0,-1,-1,-1
306,5,0.00,0.00,0.00,0.00,1.0,-1,-1,-1
306,6,0.00,0.00,0.00,0.00,1.0,-1,-1,-1
306,7,0.00,0.00,0.00,0.00,1.0,-1,-1,-1
306,8,0.00,0.00,0.00,0.00,1.0,-1,-1,-1
306,9,0.00,0.00,0.00,0.00,1.0,-1,-1,-1
306,10,0.00,0.00,0.00,0.00,1.0,-1,-1,-1
306,11,0.00,0.00,0.00,0.00,1.0,-1,-1,-1
306,12,0.00,0.00,0.00,0.00,1.0,-1,-1,-1
306,13,0.00,0.00,0.00,0.00,1.0,-1,-1,-1
306,14,0.00,0.00,0.00,0.00,1.0,-1,-1,-1
306,15,0.00,0.00,0.00,0.00,1.0,-1,-1,-1
306,16,0.00,0.00,0.00,0.00,1.0,-1,-1,-1
306,17,0.00,0.00,0.00,0.00,1.0,-1,-1,-1
306,18,0.00,0.00,0.00,0.00,1.0,-1,-1,-1
306,19,0.00,0.00,0.00,0.00,1.0,-1,-1,-1
306,20,0.00,0.00,0.00,0.00,1.0,-1,-1,-1
307,0,0.00,0.00,0.00,0.00,1.0,-1,-1,-1
307,1,0.00,0.00,0.00,0.00,1.0,-1,-1,-1
307,2,0.00,0.00,0.00,0.00,1.0,-1,-1,-1
307,3,0.00,0.00,0.00,0.00,1.0,-1,-1,-1
307,4,0.00,0.00,0.00,0.00,1.0,-1,-1,-1
307,5,0.00,0.00,0.00,0.00,1.0,-1,-1,-1
307,6,0.00,0.00,0.00,0.00,1.0,-1,-1,-1
307,7,0.00,0.00,0.00,0.00,1.0,-1,-1,-1
307,8,0.00,0.00,0.00,0.00,1.0,-1,-1,-1
307,9,0.00,0.00,0.00,0.00,1.0,-1,-1,-1
307,10,0.00,0.00,0.00,0.00,1.0,-1,-1,-1
307,11,0.00,0.00,0.00,0.00,1.0,-1,-1,-1
307,12,0.00,0.00,0.00,0.00,1.0,-1,-1,-1
307,13,0.00,0.00,0.00,0.00,1.0,-1,-1,-1
307,14,0.00,0.00,0.00,0.00,1.0,-1,-1,-1
307,15,0.00,0.00,0.00,0.00,1.0,-1,-1,-1
307,16,0.00,0.00,0.00,0.00,1.0,-1,-1,-1
307,17,0.00,0.00,0.00,0.00,1.0,-1,-1,-1
307,18,0.00,0.00,0.00,0.00,1.0,-1,-1,-1
307,19,0.00,0.00,0.00,0.00,1.0,-1,-1,-1
307,20,0.00,0.00,0.00,0.00,1.0,-1,-1,-1
308,0,0.00,0.00,0.00,0.00,1.0,-1,-1,-1
308,1,0.00,0.00,0.00,0.00,1.0,-1,-1,-1
308,2,0.00,0.00,0.00,0.00,1.0,-1,-1,-1
308,3,0.00,0.00,0.00,0.00,1.0,-1,-1,-1
308,4,0.00,0.00,0.00,0.00,1.0,-1,-1,-1
308,5,0.00,0.00,0.00,0.00,1.0,-1,-1,-1
308,6,0.00,0.00,0.00,0.00,1.0,-1,-1,-1
308,7,0.00,0.00,0.00,0.00,1.0,-1,-1,-1
308,8,0.00,0.00,0.00,0.00,1.0,-1,-1,-1
308,9,0.00,0.00,0.00,0.00,1.0,-1,-1,-1
308,10,0.00,0.00,0.00,0.00,1.0,-1,-1,-1
308,11,0.00,0.00,0.00,0.00,1.0,-1,-1,-1
308,12,0.00,0.00,0.00,0.00,1.0,-1,-1,-1
308,13,0.00,0.00,0.00,0.00,1.0,-1,-1,-1
308,14,0.00,0.00,0.00,0.00,1.0,-1,-1,-1
308,15,0.00,0.00,0.00,0.00,1.0,-1,-1,-1
308,16,0.00,0.00,0.00,0.00,1.0,-1,-1,-1
308,17,0.00,0.00,0.00,0.00,1.0,-1,-1,-1
308,18,0.00,0.00,0.00,0.00,1.0,-1,-1,-1
308,19,0.00,0.00,0.00,0.00,1.0,-1,-1,-1
308,20,0.00,0.00,0.00,0.00,1.0,-1,-1,-1
308,21,363.00,158.00,56.00,145.00,1.0,-1,-1,-1
309,0,0.00,0.00,0.00,0.00,1.0,-1,-1,-1
309,1,0.00,0.00,0.00,0.00,1.0,-1,-1,-1
309,2,0.00,0.00,0.00,0.00,1.0,-1,-1,-1
309,3,0.00,0.00,0.00,0.00,1.0,-1,-1,-1
309,4,0.00,0.00,0.00,0.00,1.0,-1,-1,-1
309,5,0.00,0.00,0.00,0.00,1.0,-1,-1,-1
309,6,0.00,0.00,0.00,0.00,1.0,-1,-1,-1
309,7,0.00,0.00,0.00,0.00,1.0,-1,-1,-1
309,8,0.00,0.00,0.00,0.00,1.0,-1,-1,-1
309,9,0.00,0.00,0.00,0.00,1.0,-1,-1,-1
309,10,0.00,0.00,0.00,0.00,1.0,-1,-1,-1
309,11,0.00,0.00,0.00,0.00,1.0,-1,-1,-1
309,12,0.00,0.00,0.00,0.00,1.0,-1,-1,-1
309,13,0.00,0.00,0.00,0.00,1.0,-1,-1,-1
309,14,0.00,0.00,0.00,0.00,1.0,-1,-1,-1
309,15,0.00,0.00,0.00,0.00,1.0,-1,-1,-1
309,16,0.00,0.00,0.00,0.00,1.0,-1,-1,-1
309,17,0.00,0.00,0.00,0.00,1.0,-1,-1,-1
309,18,0.00,0.00,0.00,0.00,1.0,-1,-1,-1
309,19,0.00,0.00,0.00,0.00,1.0,-1,-1,-1
309,20,0.00,0.00,0.00,0.00,1.0,-1,-1,-1
309,21,330.00,156.00,67.00,161.00,1.0,-1,-1,-1
310,0,0.00,0.00,0.00,0.00,1.0,-1,-1,-1
310,1,0.00,0.00,0.00,0.00,1.0,-1,-1,-1
310,2,0.00,0.00,0.00,0.00,1.0,-1,-1,-1
310,3,0.00,0.00,0.00,0.00,1.0,-1,-1,-1
310,4,0.00,0.00,0.00,0.00,1.0,-1,-1,-1
310,5,0.00,0.00,0.00,0.00,1.0,-1,-1,-1
310,6,0.00,0.00,0.00,0.00,1.0,-1,-1,-1
310,7,0.00,0.00,0.00,0.00,1.0,-1,-1,-1
310,8,0.00,0.00,0.00,0.00,1.0,-1,-1,-1
310,9,0.00,0.00,0.00,0.00,1.0,-1,-1,-1
310,10,0.00,0.00,0.00,0.00,1.0,-1,-1,-1
310,11,0.00,0.00,0.00,0.00,1.0,-1,-1,-1
310,12,0.00,0.00,0.00,0.00,1.0,-1,-1,-1
310,13,0.00,0.00,0.00,0.00,1.0,-1,-1,-1
310,14,0.00,0.00,0.00,0.00,1.0,-1,-1,-1
310,15,0.00,0.00,0.00,0.00,1.0,-1,-1,-1
310,16,0.00,0.00,0.00,0.00,1.0,-1,-1,-1
310,17,0.00,0.00,0.00,0.00,1.0,-1,-1,-1
310,18,0.00,0.00,0.00,0.00,1.0,-1,-1,-1
310,19,0.00,0.00,0.00,0.00,1.0,-1,-1,-1
310,20,0.00,0.00,0.00,0.00,1.0,-1,-1,-1
310,21,282.00,155.00,85.00,189.00,1.0,-1,-1,-1
311,0,0.00,0.00,0.00,0.00,1.0,-1,-1,-1
311,1,0.00,0.00,0.00,0.00,1.0,-1,-1,-1
311,2,0.00,0.00,0.00,0.00,1.0,-1,-1,-1
311,3,0.00,0.00,0.00,0.00,1.0,-1,-1,-1
311,4,0.00,0.00,0.00,0.00,1.0,-1,-1,-1
311,5,0.00,0.00,0.00,0.00,1.0,-1,-1,-1
311,6,0.00,0.00,0.00,0.00,1.0,-1,-1,-1
311,7,0.00,0.00,0.00,0.00,1.0,-1,-1,-1
311,8,0.00,0.00,0.00,0.00,1.0,-1,-1,-1
311,9,0.00,0.00,0.00,0.00,1.0,-1,-1,-1
311,10,0.00,0.00,0.00,0.00,1.0,-1,-1,-1
311,11,0.00,277.00,17.00,73.00,1.0,-1,-1,-1
311,12,0.00,0.00,0.00,0.00,1.0,-1,-1,-1
311,13,0.00,0.00,0.00,0.00,1.0,-1,-1,-1
311,14,0.00,0.00,0.00,0.00,1.0,-1,-1,-1
311,15,0.00,0.00,0.00,0.00,1.0,-1,-1,-1
311,16,0.00,0.00,0.00,0.00,1.0,-1,-1,-1
311,17,0.00,0.00,0.00,0.00,1.0,-1,-1,-1
311,18,0.00,0.00,0.00,0.00,1.0,-1,-1,-1
311,19,0.00,0.00,0.00,0.00,1.0,-1,-1,-1
311,20,0.00,0.00,0.00,0.00,1.0,-1,-1,-1
311,21,222.00,151.00,101.00,224.00,1.0,-1,-1,-1
312,0,0.00,0.00,0.00,0.00,1.0,-1,-1,-1
312,1,0.00,0.00,0.00,0.00,1.0,-1,-1,-1
312,2,0.00,0.00,0.00,0.00,1.0,-1,-1,-1
312,3,0.00,0.00,0.00,0.00,1.0,-1,-1,-1
312,4,0.00,0.00,0.00,0.00,1.0,-1,-1,-1
312,5,0.00,0.00,0.00,0.00,1.0,-1,-1,-1
312,6,0.00,0.00,0.00,0.00,1.0,-1,-1,-1
312,7,0.00,0.00,0.00,0.00,1.0,-1,-1,-1
312,8,0.00,0.00,0.00,0.00,1.0,-1,-1,-1
312,9,0.00,0.00,0.00,0.00,1.0,-1,-1,-1
312,10,0.00,0.00,0.00,0.00,1.0,-1,-1,-1
312,11,0.00,0.00,0.00,0.00,1.0,-1,-1,-1
312,12,0.00,0.00,0.00,0.00,1.0,-1,-1,-1
312,13,0.00,0.00,0.00,0.00,1.0,-1,-1,-1
312,14,0.00,0.00,0.00,0.00,1.0,-1,-1,-1
312,15,0.00,0.00,0.00,0.00,1.0,-1,-1,-1
312,16,0.00,0.00,0.00,0.00,1.0,-1,-1,-1
312,17,0.00,0.00,0.00,0.00,1.0,-1,-1,-1
312,18,0.00,0.00,0.00,0.00,1.0,-1,-1,-1
312,19,0.00,0.00,0.00,0.00,1.0,-1,-1,-1
312,20,0.00,0.00,0.00,0.00,1.0,-1,-1,-1
312,21,129.00,148.00,136.00,227.00,1.0,-1,-1,-1
313,0,0.00,0.00,0.00,0.00,1.0,-1,-1,-1
313,1,0.00,0.00,0.00,0.00,1.0,-1,-1,-1
313,2,0.00,0.00,0.00,0.00,1.0,-1,-1,-1
313,3,0.00,0.00,0.00,0.00,1.0,-1,-1,-1
313,4,0.00,0.00,0.00,0.00,1.0,-1,-1,-1
313,5,0.00,0.00,0.00,0.00,1.0,-1,-1,-1
313,6,0.00,0.00,0.00,0.00,1.0,-1,-1,-1
313,7,0.00,0.00,0.00,0.00,1.0,-1,-1,-1
313,8,0.00,0.00,0.00,0.00,1.0,-1,-1,-1
313,9,0.00,0.00,0.00,0.00,1.0,-1,-1,-1
313,10,0.00,0.00,0.00,0.00,1.0,-1,-1,-1
313,11,0.00,0.00,0.00,0.00,1.0,-1,-1,-1
313,12,0.00,0.00,0.00,0.00,1.0,-1,-1,-1
313,13,0.00,0.00,0.00,0.00,1.0,-1,-1,-1
313,14,0.00,0.00,0.00,0.00,1.0,-1,-1,-1
313,15,0.00,0.00,0.00,0.00,1.0,-1,-1,-1
313,16,0.00,0.00,0.00,0.00,1.0,-1,-1,-1
313,17,0.00,0.00,0.00,0.00,1.0,-1,-1,-1
313,18,0.00,0.00,0.00,0.00,1.0,-1,-1,-1
313,19,0.00,0.00,0.00,0.00,1.0,-1,-1,-1
313,20,0.00,0.00,0.00,0.00,1.0,-1,-1,-1
313,21,0.00,139.00,180.00,236.00,1.0,-1,-1,-1
314,0,0.00,0.00,0.00,0.00,1.0,-1,-1,-1
314,1,0.00,0.00,0.00,0.00,1.0,-1,-1,-1
314,2,0.00,0.00,0.00,0.00,1.0,-1,-1,-1
314,3,0.00,0.00,0.00,0.00,1.0,-1,-1,-1
314,4,0.00,0.00,0.00,0.00,1.0,-1,-1,-1
314,5,0.00,0.00,0.00,0.00,1.0,-1,-1,-1
314,6,0.00,0.00,0.00,0.00,1.0,-1,-1,-1
314,7,0.00,0.00,0.00,0.00,1.0,-1,-1,-1
314,8,0.00,0.00,0.00,0.00,1.0,-1,-1,-1
314,9,0.00,0.00,0.00,0.00,1.0,-1,-1,-1
314,10,0.00,0.00,0.00,0.00,1.0,-1,-1,-1
314,11,0.00,0.00,0.00,0.00,1.0,-1,-1,-1
314,12,0.00,0.00,0.00,0.00,1.0,-1,-1,-1
314,13,0.00,0.00,0.00,0.00,1.0,-1,-1,-1
314,14,0.00,262.00,37.00,113.00,1.0,-1,-1,-1
314,15,0.00,0.00,0.00,0.00,1.0,-1,-1,-1
314,16,0.00,0.00,0.00,0.00,1.0,-1,-1,-1
314,17,0.00,0.00,0.00,0.00,1.0,-1,-1,-1
314,18,0.00,0.00,0.00,0.00,1.0,-1,-1,-1
314,19,0.00,0.00,0.00,0.00,1.0,-1,-1,-1
314,20,0.00,263.00,31.00,112.00,1.0,-1,-1,-1
314,21,0.00,264.00,33.00,111.00,1.0,-1,-1,-1
315,0,0.00,0.00,0.00,0.00,1.0,-1,-1,-1
315,1,0.00,0.00,0.00,0.00,1.0,-1,-1,-1
315,2,0.00,0.00,0.00,0.00,1.0,-1,-1,-1
315,3,0.00,0.00,0.00,0.00,1.0,-1,-1,-1
315,4,0.00,0.00,0.00,0.00,1.0,-1,-1,-1
315,5,0.00,0.00,0.00,0.00,1.0,-1,-1,-1
315,6,0.00,0.00,0.00,0.00,1.0,-1,-1,-1
315,7,0.00,0.00,0.00,0.00,1.0,-1,-1,-1
315,8,0.00,0.00,0.00,0.00,1.0,-1,-1,-1
315,9,0.00,0.00,0.00,0.00,1.0,-1,-1,-1
315,10,0.00,0.00,0.00,0.00,1.0,-1,-1,-1
315,11,0.00,0.00,0.00,0.00,1.0,-1,-1,-1
315,12,0.00,0.00,0.00,0.00,1.0,-1,-1,-1
315,13,0.00,0.00,0.00,0.00,1.0,-1,-1,-1
315,14,0.00,0.00,0.00,0.00,1.0,-1,-1,-1
315,15,0.00,0.00,0.00,0.00,1.0,-1,-1,-1
315,16,0.00,0.00,0.00,0.00,1.0,-1,-1,-1
315,17,0.00,0.00,0.00,0.00,1.0,-1,-1,-1
315,18,0.00,0.00,0.00,0.00,1.0,-1,-1,-1
315,19,0.00,0.00,0.00,0.00,1.0,-1,-1,-1
315,20,0.00,0.00,0.00,0.00,1.0,-1,-1,-1
315,21,0.00,0.00,0.00,0.00,1.0,-1,-1,-1
316,0,0.00,0.00,0.00,0.00,1.0,-1,-1,-1
316,1,0.00,0.00,0.00,0.00,1.0,-1,-1,-1
316,2,0.00,0.00,0.00,0.00,1.0,-1,-1,-1
316,3,0.00,0.00,0.00,0.00,1.0,-1,-1,-1
316,4,0.00,0.00,0.00,0.00,1.0,-1,-1,-1
316,5,0.00,0.00,0.00,0.00,1.0,-1,-1,-1
316,6,0.00,0.00,0.00,0.00,1.0,-1,-1,-1
316,7,0.00,0.00,0.00,0.00,1.0,-1,-1,-1
316,8,0.00,0.00,0.00,0.00,1.0,-1,-1,-1
316,9,0.00,0.00,0.00,0.00,1.0,-1,-1,-1
316,10,0.00,0.00,0.00,0.00,1.0,-1,-1,-1
316,11,0.00,0.00,0.00,0.00,1.0,-1,-1,-1
316,12,0.00,0.00,0.00,0.00,1.0,-1,-1,-1
316,13,0.00,0.00,0.00,0.00,1.0,-1,-1,-1
316,14,0.00,0.00,0.00,0.00,1.0,-1,-1,-1
316,15,0.00,0.00,0.00,0.00,1.0,-1,-1,-1
316,16,0.00,0.00,0.00,0.00,1.0,-1,-1,-1
316,17,0.00,0.00,0.00,0.00,1.0,-1,-1,-1
316,18,0.00,0.00,0.00,0.00,1.0,-1,-1,-1
316,19,0.00,0.00,0.00,0.00,1.0,-1,-1,-1
316,20,0.00,0.00,0.00,0.00,1.0,-1,-1,-1
316,21,0.00,0.00,0.00,0.00,1.0,-1,-1,-1
317,0,0.00,0.00,0.00,0.00,1.0,-1,-1,-1
317,1,0.00,0.00,0.00,0.00,1.0,-1,-1,-1
317,2,0.00,0.00,0.00,0.00,1.0,-1,-1,-1
317,3,0.00,0.00,0.00,0.00,1.0,-1,-1,-1
317,4,0.00,0.00,0.00,0.00,1.0,-1,-1,-1
317,5,0.00,0.00,0.00,0.00,1.0,-1,-1,-1
317,6,0.00,0.00,0.00,0.00,1.0,-1,-1,-1
317,7,0.00,0.00,0.00,0.00,1.0,-1,-1,-1
317,8,0.00,0.00,0.00,0.00,1.0,-1,-1,-1
317,9,0.00,0.00,0.00,0.00,1.0,-1,-1,-1
317,10,0.00,0.00,0.00,0.00,1.0,-1,-1,-1
317,11,0.00,0.00,0.00,0.00,1.0,-1,-1,-1
317,12,0.00,0.00,0.00,0.00,1.0,-1,-1,-1
317,13,0.00,0.00,0.00,0.00,1.0,-1,-1,-1
317,14,0.00,0.00,0.00,0.00,1.0,-1,-1,-1
317,15,0.00,0.00,0.00,0.00,1.0,-1,-1,-1
317,16,0.00,0.00,0.00,0.00,1.0,-1,-1,-1
317,17,0.00,0.00,0.00,0.00,1.0,-1,-1,-1
317,18,0.00,0.00,0.00,0.00,1.0,-1,-1,-1
317,19,0.00,0.00,0.00,0.00,1.0,-1,-1,-1
317,20,0.00,0.00,0.00,0.00,1.0,-1,-1,-1
317,21,0.00,0.00,0.00,0.00,1.0,-1,-1,-1
318,0,0.00,0.00,0.00,0.00,1.0,-1,-1,-1
318,1,0.00,0.00,0.00,0.00,1.0,-1,-1,-1
318,2,0.00,0.00,0.00,0.00,1.0,-1,-1,-1
318,3,0.00,0.00,0.00,0.00,1.0,-1,-1,-1
318,4,0.00,0.00,0.00,0.00,1.0,-1,-1,-1
318,5,0.00,0.00,0.00,0.00,1.0,-1,-1,-1
318,6,0.00,0.00,0.00,0.00,1.0,-1,-1,-1
318,7,0.00,0.00,0.00,0.00,1.0,-1,-1,-1
318,8,0.00,0.00,0.00,0.00,1.0,-1,-1,-1
318,9,0.00,0.00,0.00,0.00,1.0,-1,-1,-1
318,10,0.00,0.00,0.00,0.00,1.0,-1,-1,-1
318,11,0.00,0.00,0.00,0.00,1.0,-1,-1,-1
318,12,0.00,0.00,0.00,0.00,1.0,-1,-1,-1
318,13,0.00,0.00,0.00,0.00,1.0,-1,-1,-1
318,14,0.00,0.00,0.00,0.00,1.0,-1,-1,-1
318,15,0.00,0.00,0.00,0.00,1.0,-1,-1,-1
318,16,0.00,0.00,0.00,0.00,1.0,-1,-1,-1
318,17,0.00,0.00,0.00,0.00,1.0,-1,-1,-1
318,18,0.00,0.00,0.00,0.00,1.0,-1,-1,-1
318,19,0.00,0.00,0.00,0.00,1.0,-1,-1,-1
318,20,0.00,0.00,0.00,0.00,1.0,-1,-1,-1
318,21,0.00,0.00,0.00,0.00,1.0,-1,-1,-1
319,0,0.00,0.00,0.00,0.00,1.0,-1,-1,-1
319,1,0.00,0.00,0.00,0.00,1.0,-1,-1,-1
319,2,0.00,0.00,0.00,0.00,1.0,-1,-1,-1
319,3,0.00,0.00,0.00,0.00,1.0,-1,-1,-1
319,4,0.00,0.00,0.00,0.00,1.0,-1,-1,-1
319,5,0.00,0.00,0.00,0.00,1.0,-1,-1,-1
319,6,0.00,0.00,0.00,0.00,1.0,-1,-1,-1
319,7,0.00,0.00,0.00,0.00,1.0,-1,-1,-1
319,8,0.00,0.00,0.00,0.00,1.0,-1,-1,-1
319,9,0.00,0.00,0.00,0.00,1.0,-1,-1,-1
319,10,0.00,0.00,0.00,0.00,1.0,-1,-1,-1
319,11,0.00,0.00,0.00,0.00,1.0,-1,-1,-1
319,12,0.00,0.00,0.00,0.00,1.0,-1,-1,-1
319,13,0.00,0.00,0.00,0.00,1.0,-1,-1,-1
319,14,0.00,0.00,0.00,0.00,1.0,-1,-1,-1
319,15,0.00,0.00,0.00,0.00,1.0,-1,-1,-1
319,16,0.00,0.00,0.00,0.00,1.0,-1,-1,-1
319,17,0.00,0.00,0.00,0.00,1.0,-1,-1,-1
319,18,0.00,0.00,0.00,0.00,1.0,-1,-1,-1
319,19,0.00,0.00,0.00,0.00,1.0,-1,-1,-1
319,20,0.00,0.00,0.00,0.00,1.0,-1,-1,-1
319,21,0.00,0.00,0.00,0.00,1.0,-1,-1,-1
320,0,0.00,0.00,0.00,0.00,1.0,-1,-1,-1
320,1,0.00,0.00,0.00,0.00,1.0,-1,-1,-1
320,2,0.00,0.00,0.00,0.00,1.0,-1,-1,-1
320,3,0.00,0.00,0.00,0.00,1.0,-1,-1,-1
320,4,0.00,0.00,0.00,0.00,1.0,-1,-1,-1
320,5,0.00,0.00,0.00,0.00,1.0,-1,-1,-1
320,6,0.00,0.00,0.00,0.00,1.0,-1,-1,-1
320,7,0.00,0.00,0.00,0.00,1.0,-1,-1,-1
320,8,0.00,0.00,0.00,0.00,1.0,-1,-1,-1
320,9,0.00,0.00,0.00,0.00,1.0,-1,-1,-1
320,10,0.00,0.00,0.00,0.00,1.0,-1,-1,-1
320,11,0.00,0.00,0.00,0.00,1.0,-1,-1,-1
320,12,0.00,0.00,0.00,0.00,1.0,-1,-1,-1
320,13,0.00,0.00,0.00,0.00,1.0,-1,-1,-1
320,14,0.00,0.00,0.00,0.00,1.0,-1,-1,-1
320,15,0.00,0.00,0.00,0.00,1.0,-1,-1,-1
320,16,0.00,0.00,0.00,0.00,1.0,-1,-1,-1
320,17,0.00,0.00,0.00,0.00,1.0,-1,-1,-1
320,18,0.00,0.00,0.00,0.00,1.0,-1,-1,-1
320,19,0.00,0.00,0.00,0.00,1.0,-1,-1,-1
320,20,0.00,0.00,0.00,0.00,1.0,-1,-1,-1
320,21,0.00,0.00,0.00,0.00,1.0,-1,-1,-1
321,0,0.00,0.00,0.00,0.00,1.0,-1,-1,-1
321,1,0.00,0.00,0.00,0.00,1.0,-1,-1,-1
321,2,0.00,0.00,0.00,0.00,1.0,-1,-1,-1
321,3,0.00,0.00,0.00,0.00,1.0,-1,-1,-1
321,4,0.00,0.00,0.00,0.00,1.0,-1,-1,-1
321,5,0.00,0.00,0.00,0.00,1.0,-1,-1,-1
321,6,0.00,0.00,0.00,0.00,1.0,-1,-1,-1
321,7,0.00,0.00,0.00,0.00,1.0,-1,-1,-1
321,8,0.00,0.00,0.00,0.00,1.0,-1,-1,-1
321,9,0.00,0.00,0.00,0.00,1.0,-1,-1,-1
321,10,0.00,0.00,0.00,0.00,1.0,-1,-1,-1
321,11,0.00,0.00,0.00,0.00,1.0,-1,-1,-1
321,12,0.00,0.00,0.00,0.00,1.0,-1,-1,-1
321,13,0.00,0.00,0.00,0.00,1.0,-1,-1,-1
321,14,0.00,0.00,0.00,0.00,1.0,-1,-1,-1
321,15,0.00,0.00,0.00,0.00,1.0,-1,-1,-1
321,16,0.00,0.00,0.00,0.00,1.0,-1,-1,-1
321,17,0.00,0.00,0.00,0.00,1.0,-1,-1,-1
321,18,0.00,0.00,0.00,0.00,1.0,-1,-1,-1
321,19,0.00,0.00,0.00,0.00,1.0,-1,-1,-1
321,20,0.00,0.00,0.00,0.00,1.0,-1,-1,-1
321,21,0.00,0.00,0.00,0.00,1.0,-1,-1,-1
322,0,0.00,0.00,0.00,0.00,1.0,-1,-1,-1
322,1,0.00,0.00,0.00,0.00,1.0,-1,-1,-1
322,2,0.00,0.00,0.00,0.00,1.0,-1,-1,-1
322,3,0.00,0.00,0.00,0.00,1.0,-1,-1,-1
322,4,0.00,0.00,0.00,0.00,1.0,-1,-1,-1
322,5,0.00,0.00,0.00,0.00,1.0,-1,-1,-1
322,6,0.00,0.00,0.00,0.00,1.0,-1,-1,-1
322,7,0.00,0.00,0.00,0.00,1.0,-1,-1,-1
322,8,0.00,0.00,0.00,0.00,1.0,-1,-1,-1
322,9,0.00,0.00,0.00,0.00,1.0,-1,-1,-1
322,10,0.00,0.00,0.00,0.00,1.0,-1,-1,-1
322,11,0.00,0.00,0.00,0.00,1.0,-1,-1,-1
322,12,0.00,0.00,0.00,0.00,1.0,-1,-1,-1
322,13,0.00,0.00,0.00,0.00,1.0,-1,-1,-1
322,14,0.00,0.00,0.00,0.00,1.0,-1,-1,-1
322,15,0.00,0.00,0.00,0.00,1.0,-1,-1,-1
322,16,0.00,0.00,0.00,0.00,1.0,-1,-1,-1
322,17,0.00,0.00,0.00,0.00,1.0,-1,-1,-1
322,18,0.00,0.00,0.00,0.00,1.0,-1,-1,-1
322,19,0.00,0.00,0.00,0.00,1.0,-1,-1,-1
322,20,0.00,0.00,0.00,0.00,1.0,-1,-1,-1
322,21,0.00,0.00,0.00,0.00,1.0,-1,-1,-1
323,0,0.00,0.00,0.00,0.00,1.0,-1,-1,-1
323,1,0.00,0.00,0.00,0.00,1.0,-1,-1,-1
323,2,0.00,0.00,0.00,0.00,1.0,-1,-1,-1
323,3,0.00,0.00,0.00,0.00,1.0,-1,-1,-1
323,4,0.00,0.00,0.00,0.00,1.0,-1,-1,-1
323,5,0.00,0.00,0.00,0.00,1.0,-1,-1,-1
323,6,0.00,0.00,0.00,0.00,1.0,-1,-1,-1
323,7,0.00,0.00,0.00,0.00,1.0,-1,-1,-1
323,8,0.00,0.00,0.00,0.00,1.0,-1,-1,-1
323,9,0.00,0.00,0.00,0.00,1.0,-1,-1,-1
323,10,0.00,0.00,0.00,0.00,1.0,-1,-1,-1
323,11,0.00,0.00,0.00,0.00,1.0,-1,-1,-1
323,12,0.00,0.00,0.00,0.00,1.0,-1,-1,-1
323,13,0.00,0.00,0.00,0.00,1.0,-1,-1,-1
323,14,0.00,0.00,0.00,0.00,1.0,-1,-1,-1
323,15,0.00,0.00,0.00,0.00,1.0,-1,-1,-1
323,16,0.00,0.00,0.00,0.00,1.0,-1,-1,-1
323,17,0.00,0.00,0.00,0.00,1.0,-1,-1,-1
323,18,0.00,0.00,0.00,0.00,1.0,-1,-1,-1
323,19,0.00,0.00,0.00,0.00,1.0,-1,-1,-1
323,20,0.00,0.00,0.00,0.00,1.0,-1,-1,-1
323,21,0.00,0.00,0.00,0.00,1.0,-1,-1,-1
324,0,0.00,0.00,0.00,0.00,1.0,-1,-1,-1
324,1,0.00,0.00,0.00,0.00,1.0,-1,-1,-1
324,2,0.00,0.00,0.00,0.00,1.0,-1,-1,-1
324,3,0.00,0.00,0.00,0.00,1.0,-1,-1,-1
324,4,0.00,0.00,0.00,0.00,1.0,-1,-1,-1
324,5,0.00,0.00,0.00,0.00,1.0,-1,-1,-1
324,6,0.00,0.00,0.00,0.00,1.0,-1,-1,-1
324,7,0.00,0.00,0.00,0.00,1.0,-1,-1,-1
324,8,0.00,0.00,0.00,0.00,1.0,-1,-1,-1
324,9,0.00,0.00,0.00,0.00,1.0,-1,-1,-1
324,10,0.00,0.00,0.00,0.00,1.0,-1,-1,-1
324,11,0.00,0.00,0.00,0.00,1.0,-1,-1,-1
324,12,0.00,0.00,0.00,0.00,1.0,-1,-1,-1
324,13,0.00,0.00,0.00,0.00,1.0,-1,-1,-1
324,14,0.00,0.00,0.00,0.00,1.0,-1,-1,-1
324,15,0.00,0.00,0.00,0.00,1.0,-1,-1,-1
324,16,0.00,0.00,0.00,0.00,1.0,-1,-1,-1
324,17,0.00,0.00,0.00,0.00,1.0,-1,-1,-1
324,18,0.00,0.00,0.00,0.00,1.0,-1,-1,-1
324,19,0.00,0.00,0.00,0.00,1.0,-1,-1,-1
324,20,0.00,0.00,0.00,0.00,1.0,-1,-1,-1
324,21,0.00,0.00,0.00,0.00,1.0,-1,-1,-1
325,0,0.00,0.00,0.00,0.00,1.0,-1,-1,-1
325,1,0.00,0.00,0.00,0.00,1.0,-1,-1,-1
325,2,0.00,0.00,0.00,0.00,1.0,-1,-1,-1
325,3,0.00,0.00,0.00,0.00,1.0,-1,-1,-1
325,4,0.00,0.00,0.00,0.00,1.0,-1,-1,-1
325,5,0.00,0.00,0.00,0.00,1.0,-1,-1,-1
325,6,0.00,0.00,0.00,0.00,1.0,-1,-1,-1
325,7,0.00,0.00,0.00,0.00,1.0,-1,-1,-1
325,8,0.00,0.00,0.00,0.00,1.0,-1,-1,-1
325,9,0.00,0.00,0.00,0.00,1.0,-1,-1,-1
325,10,0.00,0.00,0.00,0.00,1.0,-1,-1,-1
325,11,0.00,0.00,0.00,0.00,1.0,-1,-1,-1
325,12,0.00,0.00,0.00,0.00,1.0,-1,-1,-1
325,13,0.00,0.00,0.00,0.00,1.0,-1,-1,-1
325,14,0.00,0.00,0.00,0.00,1.0,-1,-1,-1
325,15,0.00,0.00,0.00,0.00,1.0,-1,-1,-1
325,16,0.00,0.00,0.00,0.00,1.0,-1,-1,-1
325,17,0.00,0.00,0.00,0.00,1.0,-1,-1,-1
325,18,0.00,0.00,0.00,0.00,1.0,-1,-1,-1
325,19,0.00,0.00,0.00,0.00,1.0,-1,-1,-1
325,20,0.00,0.00,0.00,0.00,1.0,-1,-1,-1
325,21,0.00,0.00,0.00,0.00,1.0,-1,-1,-1
326,0,0.00,0.00,0.00,0.00,1.0,-1,-1,-1
326,1,0.00,0.00,0.00,0.00,1.0,-1,-1,-1
326,2,0.00,0.00,0.00,0.00,1.0,-1,-1,-1
326,3,0.00,0.00,0.00,0.00,1.0,-1,-1,-1
326,4,0.00,0.00,0.00,0.00,1.0,-1,-1,-1
326,5,0.00,0.00,0.00,0.00,1.0,-1,-1,-1
326,6,0.00,0.00,0.00,0.00,1.0,-1,-1,-1
326,7,0.00,0.00,0.00,0.00,1.0,-1,-1,-1
326,8,0.00,0.00,0.00,0.00,1.0,-1,-1,-1
326,9,0.00,0.00,0.00,0.00,1.0,-1,-1,-1
326,10,0.00,0.00,0.00,0.00,1.0,-1,-1,-1
326,11,0.00,0.00,0.00,0.00,1.0,-1,-1,-1
326,12,0.00,0.00,0.00,0.00,1.0,-1,-1,-1
326,13,0.00,0.00,0.00,0.00,1.0,-1,-1,-1
326,14,0.00,0.00,0.00,0.00,1.0,-1,-1,-1
326,15,0.00,0.00,0.00,0.00,1.0,-1,-1,-1
326,16,0.00,0.00,0.00,0.00,1.0,-1,-1,-1
326,17,0.00,0.00,0.00,0.00,1.0,-1,-1,-1
326,18,0.00,0.00,0.00,0.00,1.0,-1,-1,-1
326,19,0.00,0.00,0.00,0.00,1.0,-1,-1,-1
326,20,0.00,0.00,0.00,0.00,1.0,-1,-1,-1
326,21,0.00,0.00,0.00,0.00,1.0,-1,-1,-1
326,22,428.00,173.00,31.00,103.00,1.0,-1,-1,-1
327,0,0.00,0.00,0.00,0.00,1.0,-1,-1,-1
327,1,0.00,0.00,0.00,0.00,1.0,-1,-1,-1
327,2,0.00,0.00,0.00,0.00,1.0,-1,-1,-1
327,3,0.00,0.00,0.00,0.00,1.0,-1,-1,-1
327,4,0.00,0.00,0.00,0.00,1.0,-1,-1,-1
327,5,0.00,0.00,0.00,0.00,1.0,-1,-1,-1
327,6,0.00,0.00,0.00,0.00,1.0,-1,-1,-1
327,7,0.00,0.00,0.00,0.00,1.0,-1,-1,-1
327,8,0.00,0.00,0.00,0.00,1.0,-1,-1,-1
327,9,0.00,0.00,0.00,0.00,1.0,-1,-1,-1
327,10,0.00,0.00,0.00,0.00,1.0,-1,-1,-1
327,11,0.00,0.00,0.00,0.00,1.0,-1,-1,-1
327,12,0.00,0.00,0.00,0.00,1.0,-1,-1,-1
327,13,0.00,0.00,0.00,0.00,1.0,-1,-1,-1
327,14,0.00,0.00,0.00,0.00,1.0,-1,-1,-1
327,15,0.00,0.00,0.00,0.00,1.0,-1,-1,-1
327,16,0.00,0.00,0.00,0.00,1.0,-1,-1,-1
327,17,0.00,0.00,0.00,0.00,1.0,-1,-1,-1
327,18,0.00,0.00,0.00,0.00,1.0,-1,-1,-1
327,19,0.00,0.00,0.00,0.00,1.0,-1,-1,-1
327,20,0.00,0.00,0.00,0.00,1.0,-1,-1,-1
327,21,0.00,0.00,0.00,0.00,1.0,-1,-1,-1
327,22,419.00,175.00,34.00,108.00,1.0,-1,-1,-1
328,0,0.00,0.00,0.00,0.00,1.0,-1,-1,-1
328,1,0.00,0.00,0.00,0.00,1.0,-1,-1,-1
328,2,0.00,0.00,0.00,0.00,1.0,-1,-1,-1
328,3,0.00,0.00,0.00,0.00,1.0,-1,-1,-1
328,4,0.00,0.00,0.00,0.00,1.0,-1,-1,-1
328,5,0.00,0.00,0.00,0.00,1.0,-1,-1,-1
328,6,0.00,0.00,0.00,0.00,1.0,-1,-1,-1
328,7,0.00,0.00,0.00,0.00,1.0,-1,-1,-1
328,8,0.00,0.00,0.00,0.00,1.0,-1,-1,-1
328,9,0.00,0.00,0.00,0.00,1.0,-1,-1,-1
328,10,0.00,0.00,0.00,0.00,1.0,-1,-1,-1
328,11,0.00,0.00,0.00,0.00,1.0,-1,-1,-1
328,12,0.00,0.00,0.00,0.00,1.0,-1,-1,-1
328,13,0.00,0.00,0.00,0.00,1.0,-1,-1,-1
328,14,0.00,0.00,0.00,0.00,1.0,-1,-1,-1
328,15,0.00,0.00,0.00,0.00,1.0,-1,-1,-1
328,16,0.00,0.00,0.00,0.00,1.0,-1,-1,-1
328,17,0.00,0.00,0.00,0.00,1.0,-1,-1,-1
328,18,0.00,0.00,0.00,0.00,1.0,-1,-1,-1
328,19,0.00,0.00,0.00,0.00,1.0,-1,-1,-1
328,20,0.00,0.00,0.00,0.00,1.0,-1,-1,-1
328,21,0.00,0.00,0.00,0.00,1.0,-1,-1,-1
328,22,408.00,176.00,35.00,114.00,1.0,-1,-1,-1
329,0,0.00,0.00,0.00,0.00,1.0,-1,-1,-1
329,1,0.00,0.00,0.00,0.00,1.0,-1,-1,-1
329,2,0.00,0.00,0.00,0.00,1.0,-1,-1,-1
329,3,0.00,0.00,0.00,0.00,1.0,-1,-1,-1
329,4,0.00,0.00,0.00,0.00,1.0,-1,-1,-1
329,5,0.00,0.00,0.00,0.00,1.0,-1,-1,-1
329,6,0.00,0.00,0.00,0.00,1.0,-1,-1,-1
329,7,0.00,0.00,0.00,0.00,1.0,-1,-1,-1
329,8,0.00,0.00,0.00,0.00,1.0,-1,-1,-1
329,9,0.00,0.00,0.00,0.00,1.0,-1,-1,-1
329,10,0.00,0.00,0.00,0.00,1.0,-1,-1,-1
329,11,0.00,0.00,0.00,0.00,1.0,-1,-1,-1
329,12,0.00,0.00,0.00,0.00,1.0,-1,-1,-1
329,13,0.00,0.00,0.00,0.00,1.0,-1,-1,-1
329,14,0.00,0.00,0.00,0.00,1.0,-1,-1,-1
329,15,0.00,0.00,0.00,0.00,1.0,-1,-1,-1
329,16,0.00,0.00,0.00,0.00,1.0,-1,-1,-1
329,17,0.00,0.00,0.00,0.00,1.0,-1,-1,-1
329,18,0.00,0.00,0.00,0.00,1.0,-1,-1,-1
329,19,0.00,0.00,0.00,0.00,1.0,-1,-1,-1
329,20,0.00,0.00,0.00,0.00,1.0,-1,-1,-1
329,21,0.00,0.00,0.00,0.00,1.0,-1,-1,-1
329,22,395.00,175.00,39.00,118.00,1.0,-1,-1,-1
329,23,439.00,179.00,43.00,112.00,1.0,-1,-1,-1
330,0,0.00,0.00,0.00,0.00,1.0,-1,-1,-1
330,1,0.00,0.00,0.00,0.00,1.0,-1,-1,-1
330,2,0.00,0.00,0.00,0.00,1.0,-1,-1,-1
330,3,0.00,0.00,0.00,0.00,1.0,-1,-1,-1
330,4,0.00,0.00,0.00,0.00,1.0,-1,-1,-1
330,5,0.00,0.00,0.00,0.00,1.0,-1,-1,-1
330,6,0.00,0.00,0.00,0.00,1.0,-1,-1,-1
330,7,0.00,0.00,0.00,0.00,1.0,-1,-1,-1
330,8,0.00,0.00,0.00,0.00,1.0,-1,-1,-1
330,9,0.00,0.00,0.00,0.00,1.0,-1,-1,-1
330,10,0.00,0.00,0.00,0.00,1.0,-1,-1,-1
330,11,0.00,0.00,0.00,0.00,1.0,-1,-1,-1
330,12,0.00,0.00,0.00,0.00,1.0,-1,-1,-1
330,13,0.00,0.00,0.00,0.00,1.0,-1,-1,-1
330,14,0.00,0.00,0.00,0.00,1.0,-1,-1,-1
330,15,0.00,0.00,0.00,0.00,1.0,-1,-1,-1
330,16,0.00,0.00,0.00,0.00,1.0,-1,-1,-1
330,17,0.00,0.00,0.00,0.00,1.0,-1,-1,-1
330,18,0.00,0.00,0.00,0.00,1.0,-1,-1,-1
330,19,0.00,0.00,0.00,0.00,1.0,-1,-1,-1
330,20,0.00,0.00,0.00,0.00,1.0,-1,-1,-1
330,21,0.00,0.00,0.00,0.00,1.0,-1,-1,-1
330,22,382.00,172.00,40.00,127.00,1.0,-1,-1,-1
330,23,427.00,180.00,45.00,118.00,1.0,-1,-1,-1
331,0,0.00,0.00,0.00,0.00,1.0,-1,-1,-1
331,1,0.00,0.00,0.00,0.00,1.0,-1,-1,-1
331,2,0.00,0.00,0.00,0.00,1.0,-1,-1,-1
331,3,0.00,0.00,0.00,0.00,1.0,-1,-1,-1
331,4,0.00,0.00,0.00,0.00,1.0,-1,-1,-1
331,5,0.00,0.00,0.00,0.00,1.0,-1,-1,-1
331,6,0.00,0.00,0.00,0.00,1.0,-1,-1,-1
331,7,0.00,0.00,0.00,0.00,1.0,-1,-1,-1
331,8,0.00,0.00,0.00,0.00,1.0,-1,-1,-1
331,9,0.00,0.00,0.00,0.00,1.0,-1,-1,-1
331,10,0.00,0.00,0.00,0.00,1.0,-1,-1,-1
331,11,0.00,0.00,0.00,0.00,1.0,-1,-1,-1
331,12,0.00,0.00,0.00,0.00,1.0,-1,-1,-1
331,13,0.00,0.00,0.00,0.00,1.0,-1,-1,-1
331,14,0.00,0.00,0.00,0.00,1.0,-1,-1,-1
331,15,0.00,0.00,0.00,0.00,1.0,-1,-1,-1
331,16,0.00,0.00,0.00,0.00,1.0,-1,-1,-1
331,17,0.00,0.00,0.00,0.00,1.0,-1,-1,-1
331,18,0.00,0.00,0.00,0.00,1.0,-1,-1,-1
331,19,0.00,0.00,0.00,0.00,1.0,-1,-1,-1
331,20,0.00,0.00,0.00,0.00,1.0,-1,-1,-1
331,21,0.00,0.00,0.00,0.00,1.0,-1,-1,-1
331,22,366.00,172.00,44.00,136.00,1.0,-1,-1,-1
331,23,416.00,182.00,46.00,125.00,1.0,-1,-1,-1
332,0,0.00,0.00,0.00,0.00,1.0,-1,-1,-1
332,1,0.00,0.00,0.00,0.00,1.0,-1,-1,-1
332,2,0.00,0.00,0.00,0.00,1.0,-1,-1,-1
332,3,0.00,0.00,0.00,0.00,1.0,-1,-1,-1
332,4,0.00,0.00,0.00,0.00,1.0,-1,-1,-1
332,5,0.00,0.00,0.00,0.00,1.0,-1,-1,-1
332,6,0.00,0.00,0.00,0.00,1.0,-1,-1,-1
332,7,0.00,0.00,0.00,0.00,1.0,-1,-1,-1
332,8,0.00,0.00,0.00,0.00,1.0,-1,-1,-1
332,9,0.00,0.00,0.00,0.00,1.0,-1,-1,-1
332,10,0.00,0.00,0.00,0.00,1.0,-1,-1,-1
332,11,0.00,0.00,0.00,0.00,1.0,-1,-1,-1
332,12,0.00,0.00,0.00,0.00,1.0,-1,-1,-1
332,13,0.00,0.00,0.00,0.00,1.0,-1,-1,-1
332,14,0.00,0.00,0.00,0.00,1.0,-1,-1,-1
332,15,0.00,0.00,0.00,0.00,1.0,-1,-1,-1
332,16,0.00,0.00,0.00,0.00,1.0,-1,-1,-1
332,17,0.00,0.00,0.00,0.00,1.0,-1,-1,-1
332,18,0.00,0.00,0.00,0.00,1.0,-1,-1,-1
332,19,0.00,0.00,0.00,0.00,1.0,-1,-1,-1
332,20,0.00,0.00,0.00,0.00,1.0,-1,-1,-1
332,21,0.00,0.00,0.00,0.00,1.0,-1,-1,-1
332,22,347.00,175.00,48.00,144.00,1.0,-1,-1,-1
332,23,399.00,184.00,47.00,133.00,1.0,-1,-1,-1
333,0,0.00,0.00,0.00,0.00,1.0,-1,-1,-1
333,1,0.00,0.00,0.00,0.00,1.0,-1,-1,-1
333,2,0.00,0.00,0.00,0.00,1.0,-1,-1,-1
333,3,0.00,0.00,0.00,0.00,1.0,-1,-1,-1
333,4,0.00,0.00,0.00,0.00,1.0,-1,-1,-1
333,5,0.00,0.00,0.00,0.00,1.0,-1,-1,-1
333,6,0.00,0.00,0.00,0.00,1.0,-1,-1,-1
333,7,0.00,0.00,0.00,0.00,1.0,-1,-1,-1
333,8,0.00,0.00,0.00,0.00,1.0,-1,-1,-1
333,9,0.00,0.00,0.00,0.00,1.0,-1,-1,-1
333,10,0.00,0.00,0.00,0.00,1.0,-1,-1,-1
333,11,0.00,0.00,0.00,0.00,1.0,-1,-1,-1
333,12,0.00,0.00,0.00,0.00,1.0,-1,-1,-1
333,13,0.00,0.00,0.00,0.00,1.0,-1,-1,-1
333,14,0.00,0.00,0.00,0.00,1.0,-1,-1,-1
333,15,0.00,0.00,0.00,0.00,1.0,-1,-1,-1
333,16,0.00,0.00,0.00,0.00,1.0,-1,-1,-1
333,17,0.00,0.00,0.00,0.00,1.0,-1,-1,-1
333,18,0.00,0.00,0.00,0.00,1.0,-1,-1,-1
333,19,0.00,0.00,0.00,0.00,1.0,-1,-1,-1
333,20,0.00,0.00,0.00,0.00,1.0,-1,-1,-1
333,21,0.00,0.00,0.00,0.00,1.0,-1,-1,-1
333,22,331.00,177.00,48.00,154.00,1.0,-1,-1,-1
333,23,380.00,184.00,50.00,140.00,1.0,-1,-1,-1
334,0,0.00,0.00,0.00,0.00,1.0,-1,-1,-1
334,1,0.00,0.00,0.00,0.00,1.0,-1,-1,-1
334,2,0.00,0.00,0.00,0.00,1.0,-1,-1,-1
334,3,0.00,0.00,0.00,0.00,1.0,-1,-1,-1
334,4,0.00,0.00,0.00,0.00,1.0,-1,-1,-1
334,5,0.00,0.00,0.00,0.00,1.0,-1,-1,-1
334,6,0.00,0.00,0.00,0.00,1.0,-1,-1,-1
334,7,0.00,0.00,0.00,0.00,1.0,-1,-1,-1
334,8,0.00,0.00,0.00,0.00,1.0,-1,-1,-1
334,9,0.00,0.00,0.00,0.00,1.0,-1,-1,-1
334,10,0.00,0.00,0.00,0.00,1.0,-1,-1,-1
334,11,0.00,0.00,0.00,0.00,1.0,-1,-1,-1
334,12,0.00,0.00,0.00,0.00,1.0,-1,-1,-1
334,13,0.00,0.00,0.00,0.00,1.0,-1,-1,-1
334,14,0.00,0.00,0.00,0.00,1.0,-1,-1,-1
334,15,0.00,0.00,0.00,0.00,1.0,-1,-1,-1
334,16,0.00,0.00,0.00,0.00,1.0,-1,-1,-1
334,17,0.00,0.00,0.00,0.00,1.0,-1,-1,-1
334,18,0.00,0.00,0.00,0.00,1.0,-1,-1,-1
334,19,0.00,0.00,0.00,0.00,1.0,-1,-1,-1
334,20,0.00,0.00,0.00,0.00,1.0,-1,-1,-1
334,21,0.00,0.00,0.00,0.00,1.0,-1,-1,-1
334,22,310.00,175.00,52.00,165.00,1.0,-1,-1,-1
334,23,361.00,182.00,53.00,151.00,1.0,-1,-1,-1
334,24,793.00,161.00,36.00,102.00,1.0,-1,-1,-1
335,0,0.00,0.00,0.00,0.00,1.0,-1,-1,-1
335,1,0.00,0.00,0.00,0.00,1.0,-1,-1,-1
335,2,0.00,0.00,0.00,0.00,1.0,-1,-1,-1
335,3,0.00,0.00,0.00,0.00,1.0,-1,-1,-1
335,4,0.00,0.00,0.00,0.00,1.0,-1,-1,-1
335,5,0.00,0.00,0.00,0.00,1.0,-1,-1,-1
335,6,0.00,0.00,0.00,0.00,1.0,-1,-1,-1
335,7,0.00,0.00,0.00,0.00,1.0,-1,-1,-1
335,8,0.00,0.00,0.00,0.00,1.0,-1,-1,-1
335,9,0.00,0.00,0.00,0.00,1.0,-1,-1,-1
335,10,0.00,0.00,0.00,0.00,1.0,-1,-1,-1
335,11,0.00,0.00,0.00,0.00,1.0,-1,-1,-1
335,12,0.00,0.00,0.00,0.00,1.0,-1,-1,-1
335,13,0.00,0.00,0.00,0.00,1.0,-1,-1,-1
335,14,0.00,0.00,0.00,0.00,1.0,-1,-1,-1
335,15,0.00,0.00,0.00,0.00,1.0,-1,-1,-1
335,16,0.00,0.00,0.00,0.00,1.0,-1,-1,-1
335,17,0.00,0.00,0.00,0.00,1.0,-1,-1,-1
335,18,0.00,0.00,0.00,0.00,1.0,-1,-1,-1
335,19,0.00,0.00,0.00,0.00,1.0,-1,-1,-1
335,20,0.00,0.00,0.00,0.00,1.0,-1,-1,-1
335,21,0.00,0.00,0.00,0.00,1.0,-1,-1,-1
335,22,287.00,173.00,54.00,174.00,1.0,-1,-1,-1
335,23,337.00,183.00,59.00,164.00,1.0,-1,-1,-1
335,24,807.00,160.00,35.00,109.00,1.0,-1,-1,-1
336,0,0.00,0.00,0.00,0.00,1.0,-1,-1,-1
336,1,0.00,0.00,0.00,0.00,1.0,-1,-1,-1
336,2,0.00,0.00,0.00,0.00,1.0,-1,-1,-1
336,3,0.00,0.00,0.00,0.00,1.0,-1,-1,-1
336,4,0.00,0.00,0.00,0.00,1.0,-1,-1,-1
336,5,0.00,0.00,0.00,0.00,1.0,-1,-1,-1
336,6,0.00,0.00,0.00,0.00,1.0,-1,-1,-1
336,7,0.00,0.00,0.00,0.00,1.0,-1,-1,-1
336,8,0.00,0.00,0.00,0.00,1.0,-1,-1,-1
336,9,0.00,0.00,0.00,0.00,1.0,-1,-1,-1
336,10,0.00,0.00,0.00,0.00,1.0,-1,-1,-1
336,11,0.00,0.00,0.00,0.00,1.0,-1,-1,-1
336,12,0.00,0.00,0.00,0.00,1.0,-1,-1,-1
336,13,0.00,0.00,0.00,0.00,1.0,-1,-1,-1
336,14,0.00,0.00,0.00,0.00,1.0,-1,-1,-1
336,15,0.00,0.00,0.00,0.00,1.0,-1,-1,-1
336,16,0.00,0.00,0.00,0.00,1.0,-1,-1,-1
336,17,0.00,0.00,0.00,0.00,1.0,-1,-1,-1
336,18,0.00,0.00,0.00,0.00,1.0,-1,-1,-1
336,19,0.00,0.00,0.00,0.00,1.0,-1,-1,-1
336,20,0.00,0.00,0.00,0.00,1.0,-1,-1,-1
336,21,0.00,0.00,0.00,0.00,1.0,-1,-1,-1
336,22,257.00,174.00,60.00,190.00,1.0,-1,-1,-1
336,23,308.00,187.00,66.00,176.00,1.0,-1,-1,-1
336,24,819.00,156.00,37.00,120.00,1.0,-1,-1,-1
336,25,763.00,158.00,38.00,118.00,1.0,-1,-1,-1
337,0,0.00,0.00,0.00,0.00,1.0,-1,-1,-1
337,1,0.00,0.00,0.00,0.00,1.0,-1,-1,-1
337,2,0.00,0.00,0.00,0.00,1.0,-1,-1,-1
337,3,0.00,0.00,0.00,0.00,1.0,-1,-1,-1
337,4,0.00,0.00,0.00,0.00,1.0,-1,-1,-1
337,5,0.00,0.00,0.00,0.00,1.0,-1,-1,-1
337,6,0.00,0.00,0.00,0.00,1.0,-1,-1,-1
337,7,0.00,0.00,0.00,0.00,1.0,-1,-1,-1
337,8,0.00,0.00,0.00,0.00,1.0,-1,-1,-1
337,9,0.00,0.00,0.00,0.00,1.0,-1,-1,-1
337,10,0.00,0.00,0.00,0.00,1.0,-1,-1,-1
337,11,0.00,0.00,0.00,0.00,1.0,-1,-1,-1
337,12,0.00,0.00,0.00,0.00,1.0,-1,-1,-1
337,13,0.00,0.00,0.00,0.00,1.0,-1,-1,-1
337,14,0.00,0.00,0.00,0.00,1.0,-1,-1,-1
337,15,0.00,0.00,0.00,0.00,1.0,-1,-1,-1
337,16,0.00,0.00,0.00,0.00,1.0,-1,-1,-1
337,17,0.00,0.00,0.00,0.00,1.0,-1,-1,-1
337,18,0.00,0.00,0.00,0.00,1.0,-1,-1,-1
337,19,0.00,0.00,0.00,0.00,1.0,-1,-1,-1
337,20,0.00,0.00,0.00,0.00,1.0,-1,-1,-1
337,21,0.00,0.00,0.00,0.00,1.0,-1,-1,-1
337,22,221.00,177.00,68.00,198.00,1.0,-1,-1,-1
337,23,279.00,187.00,72.00,188.00,1.0,-1,-1,-1
337,24,834.00,154.00,38.00,130.00,1.0,-1,-1,-1
337,25,771.00,155.00,48.00,126.00,1.0,-1,-1,-1
338,0,0.00,0.00,0.00,0.00,1.0,-1,-1,-1
338,1,0.00,0.00,0.00,0.00,1.0,-1,-1,-1
338,2,0.00,0.00,0.00,0.00,1.0,-1,-1,-1
338,3,0.00,0.00,0.00,0.00,1.0,-1,-1,-1
338,4,0.00,0.00,0.00,0.00,1.0,-1,-1,-1
338,5,0.00,0.00,0.00,0.00,1.0,-1,-1,-1
338,6,0.00,0.00,0.00,0.00,1.0,-1,-1,-1
338,7,0.00,0.00,0.00,0.00,1.0,-1,-1,-1
338,8,0.00,0.00,0.00,0.00,1.0,-1,-1,-1
338,9,0.00,0.00,0.00,0.00,1.0,-1,-1,-1
338,10,0.00,0.00,0.00,0.00,1.0,-1,-1,-1
338,11,0.00,0.00,0.00,0.00,1.0,-1,-1,-1
338,12,0.00,0.00,0.00,0.00,1.0,-1,-1,-1
338,13,0.00,0.00,0.00,0.00,1.0,-1,-1,-1
338,14,0.00,0.00,0.00,0.00,1.0,-1,-1,-1
338,15,0.00,0.00,0.00,0.00,1.0,-1,-1,-1
338,16,0.00,0.00,0.00,0.00,1.0,-1,-1,-1
338,17,0.00,0.00,0.00,0.00,1.0,-1,-1,-1
338,18,0.00,0.00,0.00,0.00,1.0,-1,-1,-1
338,19,0.00,0.00,0.00,0.00,1.0,-1,-1,-1
338,20,0.00,0.00,0.00,0.00,1.0,-1,-1,-1
338,21,0.00,0.00,0.00,0.00,1.0,-1,-1,-1
338,22,182.00,178.00,75.00,197.00,1.0,-1,-1,-1
338,23,249.00,184.00,78.00,191.00,1.0,-1,-1,-1
338,24,850.00,151.00,42.00,143.00,1.0,-1,-1,-1
338,25,784.00,154.00,57.00,132.00,1.0,-1,-1,-1
339,0,0.00,0.00,0.00,0.00,1.0,-1,-1,-1
339,1,0.00,0.00,0.00,0.00,1.0,-1,-1,-1
339,2,0.00,0.00,0.00,0.00,1.0,-1,-1,-1
339,3,0.00,0.00,0.00,0.00,1.0,-1,-1,-1
339,4,0.00,0.00,0.00,0.00,1.0,-1,-1,-1
339,5,0.00,0.00,0.00,0.00,1.0,-1,-1,-1
339,6,0.00,0.00,0.00,0.00,1.0,-1,-1,-1
339,7,0.00,0.00,0.00,0.00,1.0,-1,-1,-1
339,8,0.00,0.00,0.00,0.00,1.0,-1,-1,-1
339,9,0.00,0.00,0.00,0.00,1.0,-1,-1,-1
339,10,0.00,0.00,0.00,0.00,1.0,-1,-1,-1
339,11,0.00,0.00,0.00,0.00,1.0,-1,-1,-1
339,12,0.00,0.00,0.00,0.00,1.0,-1,-1,-1
339,13,0.00,0.00,0.00,0.00,1.0,-1,-1,-1
339,14,0.00,0.00,0.00,0.00,1.0,-1,-1,-1
339,15,0.00,0.00,0.00,0.00,1.0,-1,-1,-1
339,16,0.00,0.00,0.00,0.00,1.0,-1,-1,-1
339,17,0.00,0.00,0.00,0.00,1.0,-1,-1,-1
339,18,0.00,0.00,0.00,0.00,1.0,-1,-1,-1
339,19,0.00,0.00,0.00,0.00,1.0,-1,-1,-1
339,20,0.00,0.00,0.00,0.00,1.0,-1,-1,-1
339,21,0.00,0.00,0.00,0.00,1.0,-1,-1,-1
339,22,136.00,173.00,83.00,202.00,1.0,-1,-1,-1
339,23,217.00,180.00,80.00,195.00,1.0,-1,-1,-1
339,24,868.00,148.00,47.00,139.00,1.0,-1,-1,-1
339,25,797.00,151.00,56.00,143.00,1.0,-1,-1,-1
