1,0,633.00,136.00,146.00,466.00,1.0,-1,-1,-1
1,1,744.00,260.00,150.00,322.00,1.0,-1,-1,-1
1,2,407.00,256.00,100.00,290.00,1.0,-1,-1,-1
2,0,634.00,134.00,145.00,468.00,1.0,-1,-1,-1
2,1,737.00,264.00,156.00,321.00,1.0,-1,-1,-1
2,2,400.00,263.00,107.00,299.00,1.0,-1,-1,-1
3,0,633.00,133.00,148.00,467.00,1.0,-1,-1,-1
3,1,732.00,271.00,167.00,317.00,1.0,-1,-1,-1
3,2,397.00,272.00,109.00,288.00,1.0,-1,-1,-1
4,0,633.00,131.00,149.00,468.00,1.0,-1,-1,-1
4,1,732.00,279.00,176.00,308.00,1.0,-1,-1,-1
4,2,406.00,280.00,101.00,282.00,1.0,-1,-1,-1
5,0,632.00,130.00,148.00,468.00,1.0,-1,-1,-1
5,1,731.00,287.00,175.00,300.00,1.0,-1,-1,-1
5,2,409.00,286.00,99.00,276.00,1.0,-1,-1,-1
6,0,631.00,129.00,147.00,468.00,1.0,-1,-1,-1
6,1,743.00,293.00,159.00,293.00,1.0,-1,-1,-1
6,2,418.00,291.00,90.00,270.00,1.0,-1,-1,-1
6,3,289.00,483.00,210.00,160.00,1.0,-1,-1,-1
7,0,630.00,129.00,147.00,468.00,1.0,-1,-1,-1
7,1,753.00,298.00,143.00,287.00,1.0,-1,-1,-1
7,2,432.00,293.00,78.00,268.00,1.0,-1,-1,-1
7,3,294.00,479.00,203.00,161.00,1.0,-1,-1,-1
8,0,628.00,129.00,147.00,466.00,1.0,-1,-1,-1
8,1,754.00,300.00,130.00,284.00,1.0,-1,-1,-1
8,2,444.00,293.00,66.00,264.00,1.0,-1,-1,-1
8,3,301.00,477.00,195.00,163.00,1.0,-1,-1,-1
9,0,627.00,129.00,146.00,466.00,1.0,-1,-1,-1
9,1,756.00,299.00,115.00,285.00,1.0,-1,-1,-1
9,2,447.00,291.00,62.00,263.00,1.0,-1,-1,-1
9,3,304.00,478.00,195.00,162.00,1.0,-1,-1,-1
10,0,625.00,129.00,144.00,465.00,1.0,-1,-1,-1
10,1,757.00,297.00,104.00,286.00,1.0,-1,-1,-1
10,2,449.00,287.00,59.00,265.00,1.0,-1,-1,-1
10,3,306.00,480.00,195.00,159.00,1.0,-1,-1,-1
11,0,621.00,129.00,144.00,464.00,1.0,-1,-1,-1
11,1,757.00,295.00,101.00,287.00,1.0,-1,-1,-1
11,2,446.00,283.00,61.00,270.00,1.0,-1,-1,-1
11,3,306.00,482.00,198.00,157.00,1.0,-1,-1,-1
12,0,621.00,128.00,141.00,464.00,1.0,-1,-1,-1
12,1,747.00,294.00,111.00,288.00,1.0,-1,-1,-1
12,2,429.00,280.00,78.00,281.00,1.0,-1,-1,-1
12,3,306.00,484.00,202.00,154.00,1.0,-1,-1,-1
13,0,614.00,128.00,148.00,463.00,1.0,-1,-1,-1
13,1,741.00,292.00,118.00,289.00,1.0,-1,-1,-1
13,2,405.00,277.00,105.00,314.00,1.0,-1,-1,-1
13,3,307.00,485.00,203.00,153.00,1.0,-1,-1,-1
14,0,612.00,126.00,146.00,461.00,1.0,-1,-1,-1
14,1,737.00,290.00,120.00,290.00,1.0,-1,-1,-1
14,2,384.00,275.00,129.00,320.00,1.0,-1,-1,-1
14,3,310.00,486.00,201.00,151.00,1.0,-1,-1,-1
15,0,609.00,124.00,147.00,460.00,1.0,-1,-1,-1
15,1,737.00,287.00,113.00,288.00,1.0,-1,-1,-1
15,2,378.00,273.00,140.00,317.00,1.0,-1,-1,-1
15,3,311.00,485.00,194.00,151.00,1.0,-1,-1,-1
16,0,607.00,123.00,146.00,459.00,1.0,-1,-1,-1
16,1,740.00,284.00,103.00,288.00,1.0,-1,-1,-1
16,2,375.00,270.00,148.00,310.00,1.0,-1,-1,-1
16,3,312.00,485.00,184.00,151.00,1.0,-1,-1,-1
17,0,607.00,122.00,140.00,459.00,1.0,-1,-1,-1
17,1,739.00,282.00,100.00,290.00,1.0,-1,-1,-1
17,2,382.00,267.00,137.00,312.00,1.0,-1,-1,-1
17,3,314.00,483.00,181.00,152.00,1.0,-1,-1,-1
18,0,603.00,120.00,143.00,461.00,1.0,-1,-1,-1
18,1,737.00,279.00,97.00,293.00,1.0,-1,-1,-1
18,2,386.00,265.00,163.00,314.00,1.0,-1,-1,-1
18,3,314.00,484.00,176.00,150.00,1.0,-1,-1,-1
19,0,600.00,118.00,141.00,462.00,1.0,-1,-1,-1
19,1,736.00,276.00,95.00,293.00,1.0,-1,-1,-1
19,2,386.00,263.00,162.00,316.00,1.0,-1,-1,-1
19,3,319.00,482.00,166.00,151.00,1.0,-1,-1,-1
20,0,600.00,117.00,138.00,462.00,1.0,-1,-1,-1
20,1,732.00,274.00,96.00,292.00,1.0,-1,-1,-1
20,2,424.00,262.00,98.00,316.00,1.0,-1,-1,-1
20,3,319.00,480.00,189.00,152.00,1.0,-1,-1,-1
21,0,597.00,117.00,137.00,461.00,1.0,-1,-1,-1
21,1,730.00,272.00,94.00,293.00,1.0,-1,-1,-1
21,2,425.00,261.00,104.00,316.00,1.0,-1,-1,-1
21,3,320.00,480.00,193.00,150.00,1.0,-1,-1,-1
22,0,595.00,116.00,132.00,460.00,1.0,-1,-1,-1
22,1,728.00,271.00,90.00,292.00,1.0,-1,-1,-1
22,2,427.00,260.00,102.00,316.00,1.0,-1,-1,-1
22,3,322.00,479.00,191.00,148.00,1.0,-1,-1,-1
23,0,593.00,115.00,129.00,459.00,1.0,-1,-1,-1
23,1,726.00,270.00,88.00,292.00,1.0,-1,-1,-1
23,2,431.00,258.00,95.00,316.00,1.0,-1,-1,-1
23,3,323.00,477.00,193.00,148.00,1.0,-1,-1,-1
24,0,592.00,115.00,123.00,459.00,1.0,-1,-1,-1
24,1,723.00,268.00,84.00,293.00,1.0,-1,-1,-1
24,2,434.00,258.00,93.00,315.00,1.0,-1,-1,-1
24,3,323.00,475.00,190.00,149.00,1.0,-1,-1,-1
25,0,592.00,114.00,116.00,459.00,1.0,-1,-1,-1
25,1,717.00,269.00,83.00,291.00,1.0,-1,-1,-1
25,2,437.00,257.00,92.00,313.00,1.0,-1,-1,-1
25,3,318.00,474.00,200.00,149.00,1.0,-1,-1,-1
26,0,593.00,113.00,108.00,458.00,1.0,-1,-1,-1
26,1,717.00,267.00,86.00,292.00,1.0,-1,-1,-1
26,2,444.00,258.00,131.00,281.00,1.0,-1,-1,-1
26,3,317.00,474.00,202.00,148.00,1.0,-1,-1,-1
27,0,592.00,112.00,103.00,458.00,1.0,-1,-1,-1
27,1,719.00,267.00,85.00,290.00,1.0,-1,-1,-1
27,2,449.00,258.00,121.00,277.00,1.0,-1,-1,-1
27,3,312.00,472.00,207.00,149.00,1.0,-1,-1,-1
28,0,592.00,110.00,97.00,454.00,1.0,-1,-1,-1
28,1,722.00,268.00,81.00,288.00,1.0,-1,-1,-1
28,2,459.00,259.00,105.00,280.00,1.0,-1,-1,-1
28,3,312.00,470.00,208.00,149.00,1.0,-1,-1,-1
29,0,591.00,108.00,94.00,454.00,1.0,-1,-1,-1
29,1,712.00,269.00,82.00,286.00,1.0,-1,-1,-1
29,2,471.00,260.00,98.00,273.00,1.0,-1,-1,-1
29,3,312.00,468.00,210.00,151.00,1.0,-1,-1,-1
30,0,590.00,107.00,92.00,454.00,1.0,-1,-1,-1
30,1,690.00,268.00,94.00,280.00,1.0,-1,-1,-1
30,2,479.00,262.00,100.00,256.00,1.0,-1,-1,-1
30,3,312.00,467.00,212.00,151.00,1.0,-1,-1,-1
31,0,589.00,106.00,91.00,455.00,1.0,-1,-1,-1
31,1,673.00,267.00,106.00,280.00,1.0,-1,-1,-1
31,2,478.00,263.00,111.00,253.00,1.0,-1,-1,-1
31,3,310.00,466.00,215.00,151.00,1.0,-1,-1,-1
32,0,584.00,105.00,95.00,455.00,1.0,-1,-1,-1
32,1,665.00,267.00,117.00,279.00,1.0,-1,-1,-1
32,2,480.00,264.00,110.00,249.00,1.0,-1,-1,-1
32,3,307.00,465.00,218.00,151.00,1.0,-1,-1,-1
33,0,582.00,104.00,96.00,455.00,1.0,-1,-1,-1
33,1,660.00,267.00,123.00,278.00,1.0,-1,-1,-1
33,2,481.00,265.00,108.00,246.00,1.0,-1,-1,-1
33,3,305.00,465.00,219.00,150.00,1.0,-1,-1,-1
34,0,579.00,103.00,91.00,455.00,1.0,-1,-1,-1
34,1,652.00,266.00,131.00,278.00,1.0,-1,-1,-1
34,2,471.00,266.00,89.00,241.00,1.0,-1,-1,-1
34,3,301.00,464.00,222.00,151.00,1.0,-1,-1,-1
35,0,571.00,102.00,96.00,456.00,1.0,-1,-1,-1
35,1,650.00,264.00,134.00,280.00,1.0,-1,-1,-1
35,2,470.00,267.00,94.00,239.00,1.0,-1,-1,-1
35,3,299.00,461.00,226.00,152.00,1.0,-1,-1,-1
36,0,570.00,102.00,95.00,455.00,1.0,-1,-1,-1
36,1,647.00,264.00,138.00,279.00,1.0,-1,-1,-1
36,2,451.00,267.00,117.00,272.00,1.0,-1,-1,-1
36,3,295.00,468.00,233.00,146.00,1.0,-1,-1,-1
37,0,569.00,101.00,95.00,455.00,1.0,-1,-1,-1
37,1,649.00,264.00,137.00,278.00,1.0,-1,-1,-1
37,2,477.00,268.00,92.00,281.00,1.0,-1,-1,-1
37,3,332.00,468.00,197.00,145.00,1.0,-1,-1,-1
38,0,568.00,101.00,93.00,454.00,1.0,-1,-1,-1
38,1,641.00,264.00,144.00,277.00,1.0,-1,-1,-1
38,2,482.00,268.00,87.00,281.00,1.0,-1,-1,-1
38,3,332.00,465.00,199.00,148.00,1.0,-1,-1,-1
39,0,565.00,102.00,94.00,451.00,1.0,-1,-1,-1
39,1,636.00,265.00,143.00,275.00,1.0,-1,-1,-1
39,2,467.00,267.00,102.00,281.00,1.0,-1,-1,-1
39,3,339.00,468.00,194.00,144.00,1.0,-1,-1,-1
39,4,18.00,304.00,86.00,172.00,1.0,-1,-1,-1
40,0,559.00,101.00,101.00,451.00,1.0,-1,-1,-1
40,1,635.00,266.00,135.00,274.00,1.0,-1,-1,-1
40,2,442.00,265.00,127.00,283.00,1.0,-1,-1,-1
40,3,338.00,463.00,196.00,148.00,1.0,-1,-1,-1
40,4,19.00,303.00,85.00,173.00,1.0,-1,-1,-1
41,0,552.00,100.00,107.00,452.00,1.0,-1,-1,-1
41,1,629.00,266.00,129.00,273.00,1.0,-1,-1,-1
41,2,418.00,264.00,154.00,284.00,1.0,-1,-1,-1
41,3,340.00,464.00,197.00,146.00,1.0,-1,-1,-1
41,4,20.00,303.00,86.00,173.00,1.0,-1,-1,-1
42,0,549.00,97.00,107.00,452.00,1.0,-1,-1,-1
42,1,628.00,266.00,114.00,273.00,1.0,-1,-1,-1
42,2,397.00,263.00,176.00,285.00,1.0,-1,-1,-1
42,3,341.00,465.00,196.00,144.00,1.0,-1,-1,-1
42,4,22.00,303.00,85.00,173.00,1.0,-1,-1,-1
43,0,545.00,95.00,110.00,452.00,1.0,-1,-1,-1
43,1,624.00,265.00,102.00,274.00,1.0,-1,-1,-1
43,2,383.00,262.00,191.00,285.00,1.0,-1,-1,-1
43,3,342.00,465.00,196.00,144.00,1.0,-1,-1,-1
43,4,23.00,302.00,85.00,173.00,1.0,-1,-1,-1
44,0,541.00,93.00,114.00,453.00,1.0,-1,-1,-1
44,1,624.00,264.00,96.00,275.00,1.0,-1,-1,-1
44,2,496.00,261.00,79.00,286.00,1.0,-1,-1,-1
44,3,342.00,465.00,156.00,144.00,1.0,-1,-1,-1
44,4,24.00,302.00,85.00,173.00,1.0,-1,-1,-1
45,0,538.00,90.00,115.00,455.00,1.0,-1,-1,-1
45,1,620.00,264.00,96.00,275.00,1.0,-1,-1,-1
45,2,494.00,260.00,82.00,285.00,1.0,-1,-1,-1
45,3,344.00,464.00,164.00,146.00,1.0,-1,-1,-1
45,4,25.00,302.00,86.00,173.00,1.0,-1,-1,-1
46,0,536.00,88.00,115.00,456.00,1.0,-1,-1,-1
46,1,618.00,263.00,95.00,275.00,1.0,-1,-1,-1
46,2,492.00,259.00,86.00,281.00,1.0,-1,-1,-1
46,3,346.00,461.00,173.00,148.00,1.0,-1,-1,-1
46,4,27.00,302.00,85.00,173.00,1.0,-1,-1,-1
47,0,535.00,85.00,115.00,459.00,1.0,-1,-1,-1
47,1,617.00,262.00,91.00,277.00,1.0,-1,-1,-1
47,2,490.00,259.00,88.00,241.00,1.0,-1,-1,-1
47,3,346.00,459.00,160.00,149.00,1.0,-1,-1,-1
47,4,27.00,302.00,86.00,173.00,1.0,-1,-1,-1
48,0,535.00,82.00,113.00,461.00,1.0,-1,-1,-1
48,1,617.00,261.00,86.00,278.00,1.0,-1,-1,-1
48,2,487.00,257.00,71.00,238.00,1.0,-1,-1,-1
48,3,347.00,463.00,159.00,146.00,1.0,-1,-1,-1
48,4,28.00,302.00,86.00,172.00,1.0,-1,-1,-1
49,0,536.00,80.00,111.00,464.00,1.0,-1,-1,-1
49,1,615.00,260.00,84.00,279.00,1.0,-1,-1,-1
49,2,361.00,256.00,198.00,239.00,1.0,-1,-1,-1
49,3,348.00,461.00,160.00,148.00,1.0,-1,-1,-1
49,4,30.00,302.00,85.00,173.00,1.0,-1,-1,-1
50,0,536.00,78.00,109.00,465.00,1.0,-1,-1,-1
50,1,615.00,260.00,80.00,279.00,1.0,-1,-1,-1
50,2,368.00,254.00,189.00,241.00,1.0,-1,-1,-1
50,3,348.00,461.00,162.00,148.00,1.0,-1,-1,-1
50,4,31.00,302.00,86.00,173.00,1.0,-1,-1,-1
51,0,536.00,76.00,105.00,467.00,1.0,-1,-1,-1
51,1,613.00,258.00,80.00,281.00,1.0,-1,-1,-1
51,2,483.00,252.00,70.00,244.00,1.0,-1,-1,-1
51,3,349.00,463.00,162.00,146.00,1.0,-1,-1,-1
51,4,32.00,302.00,87.00,175.00,1.0,-1,-1,-1
52,0,535.00,72.00,103.00,471.00,1.0,-1,-1,-1
52,1,613.00,257.00,77.00,282.00,1.0,-1,-1,-1
52,2,482.00,251.00,72.00,244.00,1.0,-1,-1,-1
52,3,351.00,463.00,162.00,147.00,1.0,-1,-1,-1
52,4,32.00,302.00,87.00,175.00,1.0,-1,-1,-1
53,0,535.00,69.00,100.00,475.00,1.0,-1,-1,-1
53,1,612.00,256.00,76.00,283.00,1.0,-1,-1,-1
53,2,480.00,249.00,74.00,240.00,1.0,-1,-1,-1
53,3,352.00,463.00,161.00,147.00,1.0,-1,-1,-1
53,4,33.00,302.00,87.00,175.00,1.0,-1,-1,-1
54,0,534.00,66.00,100.00,478.00,1.0,-1,-1,-1
54,1,612.00,255.00,75.00,284.00,1.0,-1,-1,-1
54,2,480.00,248.00,74.00,237.00,1.0,-1,-1,-1
54,3,352.00,463.00,161.00,147.00,1.0,-1,-1,-1
54,4,34.00,302.00,86.00,174.00,1.0,-1,-1,-1
55,0,535.00,62.00,97.00,482.00,1.0,-1,-1,-1
55,1,614.00,256.00,72.00,283.00,1.0,-1,-1,-1
55,2,479.00,247.00,76.00,233.00,1.0,-1,-1,-1
55,3,353.00,464.00,161.00,146.00,1.0,-1,-1,-1
55,4,35.00,302.00,86.00,174.00,1.0,-1,-1,-1
56,0,535.00,59.00,96.00,485.00,1.0,-1,-1,-1
56,1,615.00,255.00,69.00,284.00,1.0,-1,-1,-1
56,2,479.00,247.00,76.00,228.00,1.0,-1,-1,-1
56,3,354.00,464.00,168.00,146.00,1.0,-1,-1,-1
56,4,36.00,302.00,86.00,174.00,1.0,-1,-1,-1
57,0,536.00,56.00,94.00,489.00,1.0,-1,-1,-1
57,1,616.00,254.00,67.00,285.00,1.0,-1,-1,-1
57,2,479.00,247.00,72.00,225.00,1.0,-1,-1,-1
57,3,355.00,465.00,178.00,145.00,1.0,-1,-1,-1
57,4,37.00,302.00,85.00,174.00,1.0,-1,-1,-1
58,0,536.00,53.00,93.00,492.00,1.0,-1,-1,-1
58,1,616.00,255.00,67.00,284.00,1.0,-1,-1,-1
58,2,480.00,247.00,73.00,221.00,1.0,-1,-1,-1
58,3,356.00,466.00,188.00,144.00,1.0,-1,-1,-1
58,4,38.00,303.00,85.00,173.00,1.0,-1,-1,-1
59,0,537.00,52.00,92.00,492.00,1.0,-1,-1,-1
59,1,616.00,254.00,70.00,285.00,1.0,-1,-1,-1
59,2,480.00,247.00,73.00,216.00,1.0,-1,-1,-1
59,3,360.00,467.00,191.00,143.00,1.0,-1,-1,-1
59,4,39.00,303.00,85.00,172.00,1.0,-1,-1,-1
60,0,538.00,50.00,90.00,495.00,1.0,-1,-1,-1
60,1,616.00,254.00,71.00,286.00,1.0,-1,-1,-1
60,2,481.00,247.00,74.00,216.00,1.0,-1,-1,-1
60,3,361.00,468.00,191.00,143.00,1.0,-1,-1,-1
60,4,40.00,303.00,85.00,172.00,1.0,-1,-1,-1
61,0,539.00,49.00,89.00,496.00,1.0,-1,-1,-1
61,1,592.00,253.00,95.00,287.00,1.0,-1,-1,-1
61,2,481.00,245.00,75.00,217.00,1.0,-1,-1,-1
61,3,363.00,468.00,195.00,143.00,1.0,-1,-1,-1
61,4,41.00,303.00,85.00,172.00,1.0,-1,-1,-1
62,0,539.00,49.00,89.00,495.00,1.0,-1,-1,-1
62,1,597.00,253.00,89.00,288.00,1.0,-1,-1,-1
62,2,481.00,245.00,79.00,217.00,1.0,-1,-1,-1
62,3,364.00,468.00,190.00,143.00,1.0,-1,-1,-1
62,4,42.00,303.00,85.00,173.00,1.0,-1,-1,-1
63,0,540.00,50.00,86.00,494.00,1.0,-1,-1,-1
63,1,598.00,253.00,86.00,288.00,1.0,-1,-1,-1
63,2,481.00,245.00,81.00,286.00,1.0,-1,-1,-1
63,3,364.00,468.00,189.00,143.00,1.0,-1,-1,-1
63,4,43.00,303.00,85.00,173.00,1.0,-1,-1,-1
64,0,540.00,53.00,85.00,488.00,1.0,-1,-1,-1
64,1,609.00,253.00,71.00,289.00,1.0,-1,-1,-1
64,2,482.00,244.00,80.00,218.00,1.0,-1,-1,-1
64,3,364.00,468.00,190.00,144.00,1.0,-1,-1,-1
64,4,44.00,303.00,84.00,173.00,1.0,-1,-1,-1
65,0,540.00,55.00,85.00,489.00,1.0,-1,-1,-1
65,1,619.00,253.00,61.00,290.00,1.0,-1,-1,-1
65,2,482.00,245.00,99.00,295.00,1.0,-1,-1,-1
65,3,366.00,466.00,193.00,146.00,1.0,-1,-1,-1
65,4,44.00,303.00,85.00,172.00,1.0,-1,-1,-1
66,0,540.00,59.00,86.00,487.00,1.0,-1,-1,-1
66,1,620.00,255.00,61.00,289.00,1.0,-1,-1,-1
66,2,482.00,244.00,99.00,292.00,1.0,-1,-1,-1
66,3,368.00,465.00,185.00,146.00,1.0,-1,-1,-1
66,4,45.00,303.00,86.00,172.00,1.0,-1,-1,-1
67,0,541.00,63.00,89.00,487.00,1.0,-1,-1,-1
67,1,561.00,240.00,121.00,304.00,1.0,-1,-1,-1
67,2,483.00,244.00,98.00,286.00,1.0,-1,-1,-1
67,3,367.00,463.00,116.00,147.00,1.0,-1,-1,-1
67,4,46.00,303.00,85.00,173.00,1.0,-1,-1,-1
68,0,542.00,66.00,90.00,485.00,1.0,-1,-1,-1
68,1,558.00,237.00,125.00,307.00,1.0,-1,-1,-1
68,2,483.00,244.00,96.00,281.00,1.0,-1,-1,-1
68,3,369.00,462.00,114.00,150.00,1.0,-1,-1,-1
68,4,47.00,303.00,85.00,173.00,1.0,-1,-1,-1
69,0,542.00,66.00,97.00,486.00,1.0,-1,-1,-1
69,1,572.00,257.00,111.00,288.00,1.0,-1,-1,-1
69,2,483.00,244.00,95.00,275.00,1.0,-1,-1,-1
69,3,369.00,460.00,117.00,151.00,1.0,-1,-1,-1
69,4,47.00,303.00,85.00,174.00,1.0,-1,-1,-1
70,0,542.00,66.00,98.00,487.00,1.0,-1,-1,-1
70,1,625.00,258.00,59.00,287.00,1.0,-1,-1,-1
70,2,484.00,244.00,90.00,273.00,1.0,-1,-1,-1
70,3,369.00,455.00,159.00,155.00,1.0,-1,-1,-1
70,4,48.00,304.00,85.00,173.00,1.0,-1,-1,-1
71,0,541.00,66.00,106.00,487.00,1.0,-1,-1,-1
71,1,626.00,258.00,60.00,288.00,1.0,-1,-1,-1
71,2,484.00,245.00,84.00,270.00,1.0,-1,-1,-1
71,3,373.00,449.00,135.00,162.00,1.0,-1,-1,-1
71,4,49.00,305.00,85.00,172.00,1.0,-1,-1,-1
72,0,542.00,66.00,109.00,488.00,1.0,-1,-1,-1
72,1,607.00,240.00,79.00,307.00,1.0,-1,-1,-1
72,2,484.00,245.00,82.00,265.00,1.0,-1,-1,-1
72,3,372.00,441.00,198.00,170.00,1.0,-1,-1,-1
72,4,50.00,305.00,85.00,172.00,1.0,-1,-1,-1
73,0,542.00,66.00,112.00,488.00,1.0,-1,-1,-1
73,1,605.00,237.00,82.00,310.00,1.0,-1,-1,-1
73,2,484.00,245.00,82.00,297.00,1.0,-1,-1,-1
73,3,362.00,429.00,126.00,183.00,1.0,-1,-1,-1
73,4,51.00,306.00,85.00,173.00,1.0,-1,-1,-1
74,0,544.00,67.00,115.00,488.00,1.0,-1,-1,-1
74,1,604.00,232.00,84.00,315.00,1.0,-1,-1,-1
74,2,485.00,246.00,81.00,256.00,1.0,-1,-1,-1
74,3,359.00,426.00,145.00,186.00,1.0,-1,-1,-1
74,4,51.00,306.00,87.00,174.00,1.0,-1,-1,-1
75,0,545.00,67.00,120.00,489.00,1.0,-1,-1,-1
75,1,605.00,235.00,85.00,313.00,1.0,-1,-1,-1
75,2,485.00,247.00,81.00,297.00,1.0,-1,-1,-1
75,3,356.00,412.00,172.00,200.00,1.0,-1,-1,-1
75,4,52.00,307.00,86.00,174.00,1.0,-1,-1,-1
76,0,545.00,67.00,126.00,490.00,1.0,-1,-1,-1
76,1,607.00,236.00,84.00,312.00,1.0,-1,-1,-1
76,2,484.00,247.00,82.00,298.00,1.0,-1,-1,-1
76,3,351.00,397.00,202.00,215.00,1.0,-1,-1,-1
76,4,53.00,307.00,86.00,174.00,1.0,-1,-1,-1
77,0,540.00,67.00,138.00,490.00,1.0,-1,-1,-1
77,1,606.00,237.00,87.00,312.00,1.0,-1,-1,-1
77,2,483.00,247.00,83.00,299.00,1.0,-1,-1,-1
77,3,356.00,367.00,137.00,245.00,1.0,-1,-1,-1
77,4,54.00,308.00,86.00,173.00,1.0,-1,-1,-1
78,0,534.00,68.00,150.00,490.00,1.0,-1,-1,-1
78,1,609.00,237.00,85.00,313.00,1.0,-1,-1,-1
78,2,483.00,248.00,83.00,299.00,1.0,-1,-1,-1
78,3,352.00,339.00,135.00,274.00,1.0,-1,-1,-1
78,4,55.00,308.00,86.00,174.00,1.0,-1,-1,-1
79,0,527.00,67.00,161.00,492.00,1.0,-1,-1,-1
79,1,605.00,239.00,90.00,311.00,1.0,-1,-1,-1
79,2,483.00,248.00,82.00,299.00,1.0,-1,-1,-1
79,3,359.00,313.00,125.00,300.00,1.0,-1,-1,-1
79,4,56.00,309.00,85.00,174.00,1.0,-1,-1,-1
80,0,521.00,67.00,170.00,492.00,1.0,-1,-1,-1
80,1,603.00,246.00,93.00,304.00,1.0,-1,-1,-1
80,2,483.00,249.00,83.00,299.00,1.0,-1,-1,-1
80,3,367.00,302.00,127.00,309.00,1.0,-1,-1,-1
80,4,57.00,309.00,85.00,174.00,1.0,-1,-1,-1
81,0,511.00,67.00,186.00,493.00,1.0,-1,-1,-1
81,1,603.00,246.00,95.00,305.00,1.0,-1,-1,-1
81,2,482.00,250.00,84.00,299.00,1.0,-1,-1,-1
81,3,337.00,307.00,149.00,308.00,1.0,-1,-1,-1
81,4,57.00,310.00,85.00,174.00,1.0,-1,-1,-1
82,0,501.00,67.00,202.00,493.00,1.0,-1,-1,-1
82,1,603.00,245.00,95.00,307.00,1.0,-1,-1,-1
82,2,482.00,251.00,84.00,299.00,1.0,-1,-1,-1
82,3,307.00,322.00,174.00,293.00,1.0,-1,-1,-1
82,4,58.00,310.00,85.00,174.00,1.0,-1,-1,-1
83,0,494.00,68.00,215.00,493.00,1.0,-1,-1,-1
83,1,602.00,247.00,98.00,306.00,1.0,-1,-1,-1
83,2,482.00,252.00,85.00,298.00,1.0,-1,-1,-1
83,3,278.00,349.00,202.00,268.00,1.0,-1,-1,-1
83,4,59.00,311.00,85.00,174.00,1.0,-1,-1,-1
84,0,487.00,66.00,241.00,496.00,1.0,-1,-1,-1
84,1,602.00,247.00,99.00,306.00,1.0,-1,-1,-1
84,2,481.00,252.00,86.00,299.00,1.0,-1,-1,-1
84,3,252.00,377.00,229.00,242.00,1.0,-1,-1,-1
84,4,60.00,312.00,85.00,174.00,1.0,-1,-1,-1
85,0,484.00,65.00,246.00,497.00,1.0,-1,-1,-1
85,1,602.00,248.00,100.00,307.00,1.0,-1,-1,-1
85,2,481.00,253.00,87.00,299.00,1.0,-1,-1,-1
85,3,262.00,427.00,218.00,193.00,1.0,-1,-1,-1
85,4,60.00,313.00,86.00,173.00,1.0,-1,-1,-1
86,0,481.00,60.00,254.00,504.00,1.0,-1,-1,-1
86,1,602.00,254.00,101.00,301.00,1.0,-1,-1,-1
86,2,481.00,253.00,87.00,300.00,1.0,-1,-1,-1
86,3,250.00,437.00,229.00,184.00,1.0,-1,-1,-1
86,4,61.00,313.00,86.00,174.00,1.0,-1,-1,-1
87,0,492.00,56.00,242.00,508.00,1.0,-1,-1,-1
87,1,602.00,257.00,103.00,299.00,1.0,-1,-1,-1
87,2,479.00,255.00,85.00,298.00,1.0,-1,-1,-1
87,3,237.00,436.00,243.00,177.00,1.0,-1,-1,-1
87,4,62.00,314.00,85.00,174.00,1.0,-1,-1,-1
88,0,497.00,50.00,233.00,515.00,1.0,-1,-1,-1
88,1,601.00,257.00,105.00,300.00,1.0,-1,-1,-1
88,2,480.00,255.00,82.00,299.00,1.0,-1,-1,-1
88,3,224.00,438.00,254.00,177.00,1.0,-1,-1,-1
88,4,63.00,315.00,85.00,174.00,1.0,-1,-1,-1
89,0,509.00,44.00,212.00,522.00,1.0,-1,-1,-1
89,1,602.00,258.00,105.00,300.00,1.0,-1,-1,-1
89,2,480.00,256.00,82.00,299.00,1.0,-1,-1,-1
89,3,227.00,437.00,248.00,178.00,1.0,-1,-1,-1
89,4,64.00,316.00,84.00,174.00,1.0,-1,-1,-1
90,0,519.00,33.00,191.00,534.00,1.0,-1,-1,-1
90,1,603.00,258.00,106.00,301.00,1.0,-1,-1,-1
90,2,480.00,257.00,82.00,299.00,1.0,-1,-1,-1
90,3,232.00,438.00,239.00,178.00,1.0,-1,-1,-1
90,4,64.00,316.00,85.00,174.00,1.0,-1,-1,-1
91,0,529.00,10.00,166.00,557.00,1.0,-1,-1,-1
91,1,603.00,258.00,107.00,301.00,1.0,-1,-1,-1
91,2,481.00,258.00,80.00,299.00,1.0,-1,-1,-1
91,3,234.00,439.00,227.00,177.00,1.0,-1,-1,-1
91,4,65.00,317.00,85.00,173.00,1.0,-1,-1,-1
92,0,545.00,0.00,134.00,568.00,1.0,-1,-1,-1
92,1,602.00,258.00,110.00,302.00,1.0,-1,-1,-1
92,2,483.00,216.00,79.00,342.00,1.0,-1,-1,-1
92,3,248.00,444.00,211.00,177.00,1.0,-1,-1,-1
92,4,66.00,318.00,84.00,173.00,1.0,-1,-1,-1
93,0,557.00,0.00,93.00,568.00,1.0,-1,-1,-1
93,1,606.00,257.00,108.00,304.00,1.0,-1,-1,-1
93,2,483.00,198.00,85.00,360.00,1.0,-1,-1,-1
93,3,249.00,437.00,205.00,185.00,1.0,-1,-1,-1
93,4,66.00,319.00,86.00,173.00,1.0,-1,-1,-1
94,0,535.00,0.00,112.00,569.00,1.0,-1,-1,-1
94,1,636.00,276.00,80.00,286.00,1.0,-1,-1,-1
94,2,484.00,190.00,85.00,369.00,1.0,-1,-1,-1
94,3,250.00,388.00,196.00,235.00,1.0,-1,-1,-1
94,4,67.00,320.00,85.00,174.00,1.0,-1,-1,-1
95,0,537.00,0.00,110.00,570.00,1.0,-1,-1,-1
95,1,640.00,277.00,78.00,286.00,1.0,-1,-1,-1
95,2,485.00,185.00,74.00,374.00,1.0,-1,-1,-1
95,3,247.00,357.00,195.00,267.00,1.0,-1,-1,-1
95,4,67.00,320.00,85.00,174.00,1.0,-1,-1,-1
96,0,567.00,0.00,82.00,570.00,1.0,-1,-1,-1
96,1,641.00,277.00,81.00,286.00,1.0,-1,-1,-1
96,2,486.00,185.00,65.00,375.00,1.0,-1,-1,-1
96,3,245.00,334.00,211.00,290.00,1.0,-1,-1,-1
96,4,69.00,321.00,84.00,174.00,1.0,-1,-1,-1
97,0,565.00,0.00,91.00,571.00,1.0,-1,-1,-1
97,1,644.00,277.00,84.00,287.00,1.0,-1,-1,-1
97,2,487.00,183.00,64.00,378.00,1.0,-1,-1,-1
97,3,244.00,331.00,219.00,294.00,1.0,-1,-1,-1
97,4,69.00,322.00,84.00,173.00,1.0,-1,-1,-1
98,0,566.00,0.00,99.00,572.00,1.0,-1,-1,-1
98,1,607.00,237.00,130.00,328.00,1.0,-1,-1,-1
98,2,487.00,183.00,64.00,378.00,1.0,-1,-1,-1
98,3,242.00,338.00,207.00,288.00,1.0,-1,-1,-1
98,4,70.00,322.00,84.00,173.00,1.0,-1,-1,-1
99,0,563.00,0.00,109.00,573.00,1.0,-1,-1,-1
99,1,611.00,238.00,133.00,327.00,1.0,-1,-1,-1
99,2,487.00,183.00,64.00,379.00,1.0,-1,-1,-1
99,3,207.00,355.00,218.00,271.00,1.0,-1,-1,-1
99,4,70.00,323.00,85.00,173.00,1.0,-1,-1,-1
100,0,564.00,0.00,113.00,573.00,1.0,-1,-1,-1
100,1,613.00,238.00,140.00,328.00,1.0,-1,-1,-1
100,2,488.00,184.00,63.00,379.00,1.0,-1,-1,-1
100,3,170.00,384.00,229.00,242.00,1.0,-1,-1,-1
100,4,71.00,323.00,84.00,173.00,1.0,-1,-1,-1
101,0,555.00,0.00,124.00,573.00,1.0,-1,-1,-1
101,1,622.00,239.00,137.00,327.00,1.0,-1,-1,-1
101,2,487.00,184.00,65.00,379.00,1.0,-1,-1,-1
101,3,165.00,439.00,213.00,187.00,1.0,-1,-1,-1
101,4,71.00,324.00,85.00,173.00,1.0,-1,-1,-1
102,0,551.00,0.00,127.00,574.00,1.0,-1,-1,-1
102,1,627.00,240.00,136.00,327.00,1.0,-1,-1,-1
102,2,486.00,185.00,66.00,379.00,1.0,-1,-1,-1
102,3,176.00,436.00,210.00,190.00,1.0,-1,-1,-1
102,4,72.00,324.00,84.00,173.00,1.0,-1,-1,-1
103,0,552.00,0.00,121.00,574.00,1.0,-1,-1,-1
103,1,627.00,240.00,139.00,327.00,1.0,-1,-1,-1
103,2,485.00,186.00,68.00,379.00,1.0,-1,-1,-1
103,3,167.00,433.00,234.00,192.00,1.0,-1,-1,-1
103,4,72.00,324.00,86.00,173.00,1.0,-1,-1,-1
104,0,556.00,0.00,111.00,578.00,1.0,-1,-1,-1
104,1,630.00,240.00,139.00,328.00,1.0,-1,-1,-1
104,2,482.00,187.00,72.00,381.00,1.0,-1,-1,-1
104,3,136.00,431.00,285.00,194.00,1.0,-1,-1,-1
104,4,72.00,324.00,85.00,173.00,1.0,-1,-1,-1
105,0,550.00,0.00,115.00,577.00,1.0,-1,-1,-1
105,1,649.00,240.00,122.00,329.00,1.0,-1,-1,-1
105,2,475.00,189.00,81.00,380.00,1.0,-1,-1,-1
105,3,139.00,428.00,302.00,196.00,1.0,-1,-1,-1
105,4,73.00,324.00,85.00,174.00,1.0,-1,-1,-1
106,0,545.00,0.00,124.00,579.00,1.0,-1,-1,-1
106,1,654.00,240.00,117.00,328.00,1.0,-1,-1,-1
106,2,468.00,190.00,90.00,380.00,1.0,-1,-1,-1
106,3,144.00,425.00,314.00,200.00,1.0,-1,-1,-1
106,4,73.00,324.00,85.00,173.00,1.0,-1,-1,-1
107,0,544.00,0.00,126.00,581.00,1.0,-1,-1,-1
107,1,658.00,240.00,113.00,328.00,1.0,-1,-1,-1
107,2,462.00,192.00,97.00,378.00,1.0,-1,-1,-1
107,3,149.00,421.00,314.00,205.00,1.0,-1,-1,-1
107,4,73.00,324.00,85.00,174.00,1.0,-1,-1,-1
108,0,543.00,0.00,118.00,581.00,1.0,-1,-1,-1
108,1,660.00,236.00,112.00,332.00,1.0,-1,-1,-1
108,2,457.00,194.00,103.00,376.00,1.0,-1,-1,-1
108,3,154.00,418.00,312.00,207.00,1.0,-1,-1,-1
108,4,74.00,324.00,85.00,175.00,1.0,-1,-1,-1
109,0,544.00,0.00,124.00,581.00,1.0,-1,-1,-1
109,1,664.00,232.00,110.00,336.00,1.0,-1,-1,-1
109,2,457.00,197.00,103.00,373.00,1.0,-1,-1,-1
109,3,157.00,415.00,311.00,210.00,1.0,-1,-1,-1
109,4,74.00,324.00,86.00,174.00,1.0,-1,-1,-1
110,0,547.00,0.00,112.00,581.00,1.0,-1,-1,-1
110,1,651.00,225.00,122.00,343.00,1.0,-1,-1,-1
110,2,457.00,198.00,104.00,372.00,1.0,-1,-1,-1
110,3,160.00,410.00,308.00,216.00,1.0,-1,-1,-1
110,4,75.00,324.00,85.00,174.00,1.0,-1,-1,-1
111,0,550.00,0.00,108.00,581.00,1.0,-1,-1,-1
111,1,664.00,227.00,110.00,341.00,1.0,-1,-1,-1
111,2,457.00,201.00,104.00,369.00,1.0,-1,-1,-1
111,3,162.00,406.00,306.00,220.00,1.0,-1,-1,-1
111,4,76.00,324.00,85.00,174.00,1.0,-1,-1,-1
112,0,551.00,0.00,107.00,581.00,1.0,-1,-1,-1
112,1,663.00,226.00,112.00,342.00,1.0,-1,-1,-1
112,2,457.00,201.00,116.00,369.00,1.0,-1,-1,-1
112,3,165.00,400.00,304.00,226.00,1.0,-1,-1,-1
112,4,76.00,324.00,85.00,174.00,1.0,-1,-1,-1
113,0,564.00,0.00,97.00,581.00,1.0,-1,-1,-1
113,1,662.00,226.00,113.00,342.00,1.0,-1,-1,-1
113,2,457.00,213.00,108.00,357.00,1.0,-1,-1,-1
113,3,166.00,395.00,302.00,231.00,1.0,-1,-1,-1
113,4,76.00,324.00,85.00,174.00,1.0,-1,-1,-1
114,0,565.00,0.00,97.00,581.00,1.0,-1,-1,-1
114,1,661.00,228.00,114.00,340.00,1.0,-1,-1,-1
114,2,458.00,208.00,117.00,362.00,1.0,-1,-1,-1
114,3,165.00,389.00,298.00,236.00,1.0,-1,-1,-1
114,4,77.00,324.00,84.00,174.00,1.0,-1,-1,-1
115,0,566.00,13.00,96.00,568.00,1.0,-1,-1,-1
115,1,664.00,229.00,112.00,339.00,1.0,-1,-1,-1
115,2,458.00,212.00,121.00,358.00,1.0,-1,-1,-1
115,3,162.00,383.00,296.00,243.00,1.0,-1,-1,-1
115,4,77.00,324.00,85.00,174.00,1.0,-1,-1,-1
116,0,579.00,28.00,83.00,553.00,1.0,-1,-1,-1
116,1,653.00,232.00,124.00,336.00,1.0,-1,-1,-1
116,2,457.00,221.00,127.00,349.00,1.0,-1,-1,-1
116,3,164.00,377.00,282.00,249.00,1.0,-1,-1,-1
116,4,78.00,324.00,85.00,173.00,1.0,-1,-1,-1
117,0,571.00,45.00,91.00,536.00,1.0,-1,-1,-1
117,1,659.00,237.00,119.00,330.00,1.0,-1,-1,-1
117,2,455.00,237.00,128.00,332.00,1.0,-1,-1,-1
117,3,166.00,369.00,267.00,257.00,1.0,-1,-1,-1
117,4,79.00,323.00,84.00,173.00,1.0,-1,-1,-1
118,0,577.00,65.00,86.00,519.00,1.0,-1,-1,-1
118,1,661.00,243.00,118.00,324.00,1.0,-1,-1,-1
118,2,453.00,249.00,133.00,320.00,1.0,-1,-1,-1
118,3,167.00,362.00,257.00,263.00,1.0,-1,-1,-1
118,4,81.00,323.00,83.00,173.00,1.0,-1,-1,-1
119,0,573.00,87.00,91.00,498.00,1.0,-1,-1,-1
119,1,652.00,252.00,129.00,315.00,1.0,-1,-1,-1
119,2,452.00,259.00,149.00,309.00,1.0,-1,-1,-1
119,3,167.00,354.00,247.00,272.00,1.0,-1,-1,-1
119,4,81.00,323.00,85.00,173.00,1.0,-1,-1,-1
120,0,568.00,114.00,98.00,471.00,1.0,-1,-1,-1
120,1,650.00,265.00,131.00,301.00,1.0,-1,-1,-1
120,2,450.00,268.00,149.00,300.00,1.0,-1,-1,-1
120,3,168.00,346.00,231.00,280.00,1.0,-1,-1,-1
120,4,82.00,322.00,85.00,174.00,1.0,-1,-1,-1
121,0,563.00,147.00,104.00,437.00,1.0,-1,-1,-1
121,1,662.00,288.00,121.00,278.00,1.0,-1,-1,-1
121,2,447.00,271.00,146.00,297.00,1.0,-1,-1,-1
121,3,167.00,339.00,216.00,285.00,1.0,-1,-1,-1
121,4,83.00,322.00,84.00,173.00,1.0,-1,-1,-1
122,0,560.00,178.00,109.00,406.00,1.0,-1,-1,-1
122,1,641.00,291.00,146.00,274.00,1.0,-1,-1,-1
122,2,444.00,275.00,144.00,293.00,1.0,-1,-1,-1
122,3,167.00,331.00,200.00,293.00,1.0,-1,-1,-1
122,4,84.00,321.00,85.00,174.00,1.0,-1,-1,-1
123,0,558.00,209.00,114.00,374.00,1.0,-1,-1,-1
123,1,662.00,296.00,128.00,268.00,1.0,-1,-1,-1
123,2,441.00,281.00,152.00,286.00,1.0,-1,-1,-1
123,3,167.00,323.00,187.00,299.00,1.0,-1,-1,-1
123,4,85.00,321.00,85.00,173.00,1.0,-1,-1,-1
124,0,556.00,242.00,119.00,340.00,1.0,-1,-1,-1
124,1,671.00,304.00,122.00,260.00,1.0,-1,-1,-1
124,2,438.00,288.00,151.00,279.00,1.0,-1,-1,-1
124,3,167.00,318.00,191.00,304.00,1.0,-1,-1,-1
124,4,86.00,320.00,85.00,174.00,1.0,-1,-1,-1
125,0,554.00,266.00,125.00,316.00,1.0,-1,-1,-1
125,1,672.00,315.00,125.00,249.00,1.0,-1,-1,-1
125,2,436.00,297.00,155.00,269.00,1.0,-1,-1,-1
125,3,169.00,311.00,190.00,310.00,1.0,-1,-1,-1
125,4,87.00,319.00,85.00,174.00,1.0,-1,-1,-1
126,0,548.00,288.00,134.00,293.00,1.0,-1,-1,-1
126,1,677.00,327.00,124.00,236.00,1.0,-1,-1,-1
126,2,433.00,306.00,159.00,259.00,1.0,-1,-1,-1
126,3,167.00,304.00,194.00,317.00,1.0,-1,-1,-1
126,4,87.00,318.00,86.00,174.00,1.0,-1,-1,-1
127,0,596.00,320.00,89.00,261.00,1.0,-1,-1,-1
127,1,679.00,335.00,126.00,228.00,1.0,-1,-1,-1
127,2,432.00,309.00,157.00,256.00,1.0,-1,-1,-1
127,3,167.00,298.00,195.00,323.00,1.0,-1,-1,-1
127,4,88.00,318.00,85.00,173.00,1.0,-1,-1,-1
128,0,595.00,325.00,93.00,255.00,1.0,-1,-1,-1
128,1,681.00,340.00,127.00,222.00,1.0,-1,-1,-1
128,2,431.00,318.00,167.00,246.00,1.0,-1,-1,-1
128,3,167.00,293.00,196.00,327.00,1.0,-1,-1,-1
128,4,89.00,317.00,85.00,174.00,1.0,-1,-1,-1
129,0,597.00,331.00,93.00,249.00,1.0,-1,-1,-1
129,1,686.00,345.00,123.00,217.00,1.0,-1,-1,-1
129,2,430.00,322.00,163.00,241.00,1.0,-1,-1,-1
129,3,172.00,288.00,191.00,331.00,1.0,-1,-1,-1
129,4,90.00,317.00,86.00,174.00,1.0,-1,-1,-1
130,0,591.00,335.00,103.00,244.00,1.0,-1,-1,-1
130,1,686.00,349.00,125.00,212.00,1.0,-1,-1,-1
130,2,430.00,325.00,165.00,238.00,1.0,-1,-1,-1
130,3,173.00,285.00,192.00,334.00,1.0,-1,-1,-1
130,4,91.00,316.00,85.00,174.00,1.0,-1,-1,-1
131,0,599.00,338.00,99.00,241.00,1.0,-1,-1,-1
131,1,687.00,350.00,126.00,210.00,1.0,-1,-1,-1
131,2,430.00,326.00,166.00,237.00,1.0,-1,-1,-1
131,3,174.00,265.00,194.00,354.00,1.0,-1,-1,-1
131,4,92.00,316.00,85.00,173.00,1.0,-1,-1,-1
132,0,603.00,340.00,98.00,238.00,1.0,-1,-1,-1
132,1,688.00,349.00,127.00,211.00,1.0,-1,-1,-1
132,2,431.00,327.00,167.00,235.00,1.0,-1,-1,-1
132,3,174.00,253.00,197.00,365.00,1.0,-1,-1,-1
132,4,93.00,316.00,86.00,173.00,1.0,-1,-1,-1
133,0,603.00,342.00,103.00,236.00,1.0,-1,-1,-1
133,1,689.00,346.00,128.00,215.00,1.0,-1,-1,-1
133,2,432.00,328.00,141.00,233.00,1.0,-1,-1,-1
133,3,176.00,243.00,197.00,375.00,1.0,-1,-1,-1
133,4,94.00,315.00,86.00,173.00,1.0,-1,-1,-1
134,0,604.00,344.00,99.00,233.00,1.0,-1,-1,-1
134,1,690.00,343.00,129.00,217.00,1.0,-1,-1,-1
134,2,433.00,328.00,138.00,232.00,1.0,-1,-1,-1
134,3,177.00,230.00,196.00,387.00,1.0,-1,-1,-1
134,4,95.00,315.00,86.00,173.00,1.0,-1,-1,-1
135,0,603.00,343.00,104.00,233.00,1.0,-1,-1,-1
135,1,690.00,341.00,132.00,219.00,1.0,-1,-1,-1
135,2,435.00,327.00,141.00,233.00,1.0,-1,-1,-1
135,3,175.00,413.00,129.00,205.00,1.0,-1,-1,-1
135,4,97.00,315.00,85.00,173.00,1.0,-1,-1,-1
136,0,604.00,340.00,108.00,236.00,1.0,-1,-1,-1
136,1,691.00,339.00,133.00,220.00,1.0,-1,-1,-1
136,2,436.00,326.00,140.00,234.00,1.0,-1,-1,-1
136,3,176.00,410.00,140.00,206.00,1.0,-1,-1,-1
136,4,98.00,314.00,85.00,173.00,1.0,-1,-1,-1
137,0,602.00,326.00,114.00,249.00,1.0,-1,-1,-1
137,1,692.00,339.00,135.00,220.00,1.0,-1,-1,-1
137,2,438.00,324.00,132.00,236.00,1.0,-1,-1,-1
137,3,182.00,407.00,132.00,207.00,1.0,-1,-1,-1
137,4,99.00,314.00,85.00,173.00,1.0,-1,-1,-1
138,0,598.00,350.00,121.00,225.00,1.0,-1,-1,-1
138,1,693.00,341.00,136.00,218.00,1.0,-1,-1,-1
138,2,441.00,320.00,130.00,241.00,1.0,-1,-1,-1
138,3,189.00,405.00,129.00,207.00,1.0,-1,-1,-1
138,4,100.00,314.00,86.00,173.00,1.0,-1,-1,-1
139,0,591.00,361.00,131.00,214.00,1.0,-1,-1,-1
139,1,694.00,344.00,138.00,215.00,1.0,-1,-1,-1
139,2,443.00,316.00,127.00,245.00,1.0,-1,-1,-1
139,3,193.00,395.00,126.00,216.00,1.0,-1,-1,-1
139,4,101.00,313.00,85.00,174.00,1.0,-1,-1,-1
140,0,600.00,356.00,125.00,218.00,1.0,-1,-1,-1
140,1,694.00,352.00,139.00,208.00,1.0,-1,-1,-1
140,2,431.00,313.00,154.00,247.00,1.0,-1,-1,-1
140,3,196.00,389.00,125.00,222.00,1.0,-1,-1,-1
140,4,102.00,313.00,85.00,173.00,1.0,-1,-1,-1
141,0,597.00,354.00,130.00,221.00,1.0,-1,-1,-1
141,1,699.00,359.00,136.00,201.00,1.0,-1,-1,-1
141,2,421.00,239.00,170.00,322.00,1.0,-1,-1,-1
141,3,200.00,390.00,126.00,220.00,1.0,-1,-1,-1
141,4,104.00,312.00,84.00,173.00,1.0,-1,-1,-1
142,0,616.00,351.00,113.00,222.00,1.0,-1,-1,-1
142,1,702.00,368.00,141.00,194.00,1.0,-1,-1,-1
142,2,412.00,308.00,177.00,253.00,1.0,-1,-1,-1
142,3,198.00,388.00,132.00,222.00,1.0,-1,-1,-1
142,4,105.00,311.00,85.00,174.00,1.0,-1,-1,-1
143,0,576.00,350.00,155.00,224.00,1.0,-1,-1,-1
143,1,713.00,369.00,135.00,193.00,1.0,-1,-1,-1
143,2,406.00,292.00,177.00,268.00,1.0,-1,-1,-1
143,3,198.00,383.00,130.00,226.00,1.0,-1,-1,-1
143,4,106.00,310.00,84.00,174.00,1.0,-1,-1,-1
144,0,591.00,349.00,137.00,229.00,1.0,-1,-1,-1
144,1,720.00,370.00,132.00,192.00,1.0,-1,-1,-1
144,2,372.00,306.00,206.00,253.00,1.0,-1,-1,-1
144,3,200.00,379.00,129.00,229.00,1.0,-1,-1,-1
144,4,107.00,310.00,85.00,174.00,1.0,-1,-1,-1
145,0,597.00,348.00,130.00,233.00,1.0,-1,-1,-1
145,1,721.00,373.00,133.00,186.00,1.0,-1,-1,-1
145,2,379.00,308.00,200.00,251.00,1.0,-1,-1,-1
145,3,201.00,376.00,118.00,231.00,1.0,-1,-1,-1
145,4,107.00,309.00,85.00,174.00,1.0,-1,-1,-1
146,0,602.00,344.00,129.00,238.00,1.0,-1,-1,-1
146,1,731.00,374.00,124.00,183.00,1.0,-1,-1,-1
146,2,399.00,311.00,176.00,247.00,1.0,-1,-1,-1
146,3,202.00,372.00,118.00,234.00,1.0,-1,-1,-1
146,4,108.00,309.00,85.00,173.00,1.0,-1,-1,-1
147,0,607.00,337.00,129.00,245.00,1.0,-1,-1,-1
147,1,729.00,374.00,129.00,183.00,1.0,-1,-1,-1
147,2,391.00,315.00,178.00,242.00,1.0,-1,-1,-1
147,3,204.00,370.00,117.00,236.00,1.0,-1,-1,-1
147,4,109.00,308.00,85.00,173.00,1.0,-1,-1,-1
148,0,615.00,329.00,125.00,253.00,1.0,-1,-1,-1
148,1,731.00,373.00,130.00,187.00,1.0,-1,-1,-1
148,2,386.00,319.00,176.00,238.00,1.0,-1,-1,-1
148,3,208.00,367.00,112.00,239.00,1.0,-1,-1,-1
148,4,110.00,307.00,85.00,174.00,1.0,-1,-1,-1
149,0,622.00,326.00,136.00,256.00,1.0,-1,-1,-1
149,1,748.00,372.00,118.00,193.00,1.0,-1,-1,-1
149,2,401.00,316.00,151.00,243.00,1.0,-1,-1,-1
149,3,211.00,365.00,109.00,243.00,1.0,-1,-1,-1
149,4,110.00,307.00,85.00,173.00,1.0,-1,-1,-1
150,0,630.00,316.00,118.00,266.00,1.0,-1,-1,-1
150,1,748.00,372.00,122.00,192.00,1.0,-1,-1,-1
150,2,400.00,316.00,143.00,246.00,1.0,-1,-1,-1
150,3,214.00,364.00,107.00,247.00,1.0,-1,-1,-1
150,4,111.00,306.00,85.00,174.00,1.0,-1,-1,-1
151,0,636.00,314.00,113.00,267.00,1.0,-1,-1,-1
151,1,750.00,369.00,124.00,195.00,1.0,-1,-1,-1
151,2,396.00,315.00,114.00,248.00,1.0,-1,-1,-1
151,3,218.00,360.00,103.00,251.00,1.0,-1,-1,-1
151,4,112.00,305.00,85.00,174.00,1.0,-1,-1,-1
152,0,641.00,304.00,108.00,278.00,1.0,-1,-1,-1
152,1,756.00,367.00,119.00,197.00,1.0,-1,-1,-1
152,2,391.00,311.00,103.00,253.00,1.0,-1,-1,-1
152,3,222.00,358.00,98.00,252.00,1.0,-1,-1,-1
152,4,113.00,304.00,85.00,174.00,1.0,-1,-1,-1
153,0,647.00,296.00,102.00,285.00,1.0,-1,-1,-1
153,1,765.00,358.00,110.00,206.00,1.0,-1,-1,-1
153,2,391.00,303.00,97.00,263.00,1.0,-1,-1,-1
153,3,217.00,352.00,112.00,261.00,1.0,-1,-1,-1
153,4,114.00,304.00,85.00,173.00,1.0,-1,-1,-1
154,0,642.00,294.00,106.00,287.00,1.0,-1,-1,-1
154,1,767.00,347.00,112.00,217.00,1.0,-1,-1,-1
154,2,391.00,294.00,95.00,272.00,1.0,-1,-1,-1
154,3,221.00,345.00,115.00,273.00,1.0,-1,-1,-1
154,4,115.00,304.00,85.00,174.00,1.0,-1,-1,-1
155,0,641.00,289.00,107.00,292.00,1.0,-1,-1,-1
155,1,770.00,336.00,113.00,228.00,1.0,-1,-1,-1
155,2,394.00,284.00,89.00,282.00,1.0,-1,-1,-1
155,3,225.00,336.00,116.00,282.00,1.0,-1,-1,-1
155,4,116.00,304.00,85.00,173.00,1.0,-1,-1,-1
156,0,666.00,283.00,84.00,298.00,1.0,-1,-1,-1
156,1,777.00,319.00,109.00,244.00,1.0,-1,-1,-1
156,2,396.00,274.00,83.00,292.00,1.0,-1,-1,-1
156,3,224.00,324.00,120.00,294.00,1.0,-1,-1,-1
156,4,117.00,303.00,85.00,174.00,1.0,-1,-1,-1
157,0,640.00,276.00,111.00,305.00,1.0,-1,-1,-1
157,1,783.00,304.00,107.00,259.00,1.0,-1,-1,-1
157,2,329.00,263.00,146.00,303.00,1.0,-1,-1,-1
157,3,222.00,313.00,122.00,305.00,1.0,-1,-1,-1
157,4,117.00,303.00,86.00,173.00,1.0,-1,-1,-1
158,0,666.00,267.00,87.00,314.00,1.0,-1,-1,-1
158,1,782.00,292.00,111.00,272.00,1.0,-1,-1,-1
158,2,399.00,254.00,73.00,312.00,1.0,-1,-1,-1
158,3,221.00,292.00,132.00,326.00,1.0,-1,-1,-1
158,4,118.00,303.00,85.00,173.00,1.0,-1,-1,-1
159,0,689.00,252.00,65.00,330.00,1.0,-1,-1,-1
159,1,784.00,280.00,112.00,284.00,1.0,-1,-1,-1
159,2,401.00,242.00,67.00,324.00,1.0,-1,-1,-1
159,3,223.00,289.00,129.00,329.00,1.0,-1,-1,-1
159,4,118.00,303.00,85.00,173.00,1.0,-1,-1,-1
160,0,695.00,243.00,64.00,338.00,1.0,-1,-1,-1
160,1,783.00,268.00,114.00,296.00,1.0,-1,-1,-1
160,2,390.00,233.00,74.00,333.00,1.0,-1,-1,-1
160,3,224.00,278.00,134.00,340.00,1.0,-1,-1,-1
160,4,119.00,303.00,84.00,173.00,1.0,-1,-1,-1
161,0,687.00,232.00,78.00,350.00,1.0,-1,-1,-1
161,1,788.00,257.00,110.00,307.00,1.0,-1,-1,-1
161,2,382.00,224.00,81.00,343.00,1.0,-1,-1,-1
161,3,225.00,269.00,134.00,349.00,1.0,-1,-1,-1
161,4,119.00,303.00,84.00,173.00,1.0,-1,-1,-1
162,0,687.00,224.00,84.00,359.00,1.0,-1,-1,-1
162,1,791.00,247.00,111.00,318.00,1.0,-1,-1,-1
162,2,383.00,218.00,79.00,341.00,1.0,-1,-1,-1
162,3,229.00,260.00,139.00,358.00,1.0,-1,-1,-1
162,4,119.00,303.00,84.00,174.00,1.0,-1,-1,-1
163,0,696.00,217.00,81.00,363.00,1.0,-1,-1,-1
163,1,795.00,240.00,109.00,325.00,1.0,-1,-1,-1
163,2,382.00,214.00,79.00,338.00,1.0,-1,-1,-1
163,3,233.00,253.00,155.00,357.00,1.0,-1,-1,-1
163,4,119.00,303.00,84.00,174.00,1.0,-1,-1,-1
164,0,696.00,209.00,87.00,367.00,1.0,-1,-1,-1
164,1,799.00,234.00,110.00,326.00,1.0,-1,-1,-1
164,2,380.00,210.00,79.00,340.00,1.0,-1,-1,-1
164,3,238.00,245.00,133.00,362.00,1.0,-1,-1,-1
164,4,119.00,303.00,84.00,174.00,1.0,-1,-1,-1
165,0,696.00,206.00,94.00,369.00,1.0,-1,-1,-1
165,1,803.00,230.00,108.00,327.00,1.0,-1,-1,-1
165,2,379.00,208.00,77.00,341.00,1.0,-1,-1,-1
165,3,242.00,241.00,137.00,367.00,1.0,-1,-1,-1
165,4,118.00,303.00,85.00,173.00,1.0,-1,-1,-1
166,0,696.00,202.00,97.00,374.00,1.0,-1,-1,-1
166,1,806.00,228.00,108.00,328.00,1.0,-1,-1,-1
166,2,389.00,208.00,66.00,341.00,1.0,-1,-1,-1
166,3,248.00,236.00,133.00,373.00,1.0,-1,-1,-1
166,4,118.00,303.00,85.00,173.00,1.0,-1,-1,-1
167,0,697.00,201.00,102.00,376.00,1.0,-1,-1,-1
167,1,809.00,227.00,112.00,329.00,1.0,-1,-1,-1
167,2,372.00,209.00,81.00,342.00,1.0,-1,-1,-1
167,3,254.00,231.00,131.00,381.00,1.0,-1,-1,-1
167,4,118.00,303.00,85.00,173.00,1.0,-1,-1,-1
168,0,699.00,201.00,103.00,379.00,1.0,-1,-1,-1
168,1,813.00,228.00,115.00,329.00,1.0,-1,-1,-1
168,2,372.00,211.00,80.00,341.00,1.0,-1,-1,-1
168,3,257.00,224.00,141.00,391.00,1.0,-1,-1,-1
168,4,118.00,302.00,85.00,174.00,1.0,-1,-1,-1
169,0,700.00,201.00,105.00,385.00,1.0,-1,-1,-1
169,1,816.00,233.00,119.00,326.00,1.0,-1,-1,-1
169,2,384.00,212.00,66.00,331.00,1.0,-1,-1,-1
169,3,256.00,220.00,154.00,405.00,1.0,-1,-1,-1
169,4,118.00,301.00,85.00,174.00,1.0,-1,-1,-1
170,0,701.00,201.00,107.00,386.00,1.0,-1,-1,-1
170,1,819.00,237.00,125.00,326.00,1.0,-1,-1,-1
170,2,379.00,211.00,65.00,359.00,1.0,-1,-1,-1
170,3,254.00,218.00,169.00,407.00,1.0,-1,-1,-1
170,4,118.00,300.00,84.00,174.00,1.0,-1,-1,-1
171,0,701.00,204.00,110.00,383.00,1.0,-1,-1,-1
171,1,822.00,244.00,133.00,327.00,1.0,-1,-1,-1
171,2,361.00,216.00,83.00,381.00,1.0,-1,-1,-1
171,3,251.00,220.00,195.00,404.00,1.0,-1,-1,-1
171,4,117.00,300.00,85.00,174.00,1.0,-1,-1,-1
172,0,703.00,201.00,112.00,389.00,1.0,-1,-1,-1
172,1,823.00,252.00,144.00,318.00,1.0,-1,-1,-1
172,2,352.00,226.00,91.00,370.00,1.0,-1,-1,-1
172,3,251.00,229.00,205.00,394.00,1.0,-1,-1,-1
172,4,117.00,299.00,85.00,174.00,1.0,-1,-1,-1
173,0,705.00,209.00,117.00,383.00,1.0,-1,-1,-1
173,1,824.00,258.00,155.00,312.00,1.0,-1,-1,-1
173,2,347.00,243.00,96.00,352.00,1.0,-1,-1,-1
173,3,252.00,244.00,213.00,379.00,1.0,-1,-1,-1
173,4,117.00,298.00,85.00,175.00,1.0,-1,-1,-1
174,0,705.00,214.00,126.00,379.00,1.0,-1,-1,-1
174,1,826.00,266.00,163.00,303.00,1.0,-1,-1,-1
174,2,342.00,279.00,99.00,316.00,1.0,-1,-1,-1
174,3,257.00,276.00,221.00,346.00,1.0,-1,-1,-1
174,4,117.00,298.00,85.00,174.00,1.0,-1,-1,-1
175,0,703.00,226.00,140.00,369.00,1.0,-1,-1,-1
175,1,828.00,269.00,168.00,299.00,1.0,-1,-1,-1
175,2,360.00,281.00,85.00,314.00,1.0,-1,-1,-1
175,3,265.00,307.00,223.00,314.00,1.0,-1,-1,-1
175,4,118.00,297.00,85.00,174.00,1.0,-1,-1,-1
176,0,702.00,242.00,148.00,354.00,1.0,-1,-1,-1
176,1,825.00,276.00,176.00,294.00,1.0,-1,-1,-1
176,2,284.00,288.00,161.00,307.00,1.0,-1,-1,-1
176,3,282.00,314.00,212.00,307.00,1.0,-1,-1,-1
176,4,117.00,297.00,86.00,174.00,1.0,-1,-1,-1
177,0,702.00,258.00,157.00,339.00,1.0,-1,-1,-1
177,1,825.00,288.00,179.00,284.00,1.0,-1,-1,-1
177,2,287.00,295.00,159.00,299.00,1.0,-1,-1,-1
177,3,289.00,321.00,210.00,299.00,1.0,-1,-1,-1
177,4,118.00,296.00,85.00,175.00,1.0,-1,-1,-1
178,0,702.00,273.00,163.00,324.00,1.0,-1,-1,-1
178,1,832.00,303.00,177.00,271.00,1.0,-1,-1,-1
178,2,296.00,300.00,151.00,293.00,1.0,-1,-1,-1
178,3,300.00,328.00,204.00,292.00,1.0,-1,-1,-1
178,4,118.00,296.00,85.00,174.00,1.0,-1,-1,-1
179,0,704.00,288.00,166.00,309.00,1.0,-1,-1,-1
179,1,841.00,312.00,173.00,264.00,1.0,-1,-1,-1
179,2,296.00,304.00,150.00,289.00,1.0,-1,-1,-1
179,3,292.00,334.00,217.00,285.00,1.0,-1,-1,-1
179,4,118.00,296.00,84.00,174.00,1.0,-1,-1,-1
180,0,705.00,300.00,173.00,298.00,1.0,-1,-1,-1
180,1,844.00,315.00,174.00,264.00,1.0,-1,-1,-1
180,2,297.00,307.00,149.00,286.00,1.0,-1,-1,-1
180,3,326.00,337.00,187.00,283.00,1.0,-1,-1,-1
180,4,117.00,295.00,85.00,175.00,1.0,-1,-1,-1
181,0,705.00,307.00,168.00,291.00,1.0,-1,-1,-1
181,1,859.00,321.00,162.00,257.00,1.0,-1,-1,-1
181,2,297.00,310.00,150.00,282.00,1.0,-1,-1,-1
181,3,330.00,343.00,185.00,276.00,1.0,-1,-1,-1
181,4,117.00,295.00,85.00,174.00,1.0,-1,-1,-1
182,0,701.00,334.00,113.00,265.00,1.0,-1,-1,-1
182,1,857.00,324.00,167.00,255.00,1.0,-1,-1,-1
182,2,301.00,313.00,145.00,279.00,1.0,-1,-1,-1
182,3,334.00,348.00,183.00,271.00,1.0,-1,-1,-1
182,4,117.00,295.00,85.00,174.00,1.0,-1,-1,-1
183,0,698.00,337.00,148.00,262.00,1.0,-1,-1,-1
183,1,849.00,326.00,187.00,253.00,1.0,-1,-1,-1
183,2,308.00,315.00,138.00,277.00,1.0,-1,-1,-1
183,3,339.00,349.00,179.00,272.00,1.0,-1,-1,-1
183,4,117.00,295.00,85.00,174.00,1.0,-1,-1,-1
184,0,697.00,341.00,121.00,258.00,1.0,-1,-1,-1
184,1,852.00,331.00,191.00,248.00,1.0,-1,-1,-1
184,2,316.00,317.00,130.00,275.00,1.0,-1,-1,-1
184,3,346.00,348.00,173.00,288.00,1.0,-1,-1,-1
184,4,116.00,294.00,86.00,175.00,1.0,-1,-1,-1
185,0,695.00,344.00,123.00,254.00,1.0,-1,-1,-1
185,1,854.00,333.00,195.00,247.00,1.0,-1,-1,-1
185,2,324.00,319.00,121.00,273.00,1.0,-1,-1,-1
185,3,349.00,348.00,171.00,289.00,1.0,-1,-1,-1
185,4,116.00,294.00,85.00,175.00,1.0,-1,-1,-1
186,0,692.00,346.00,127.00,252.00,1.0,-1,-1,-1
186,1,856.00,336.00,199.00,244.00,1.0,-1,-1,-1
186,2,325.00,322.00,120.00,269.00,1.0,-1,-1,-1
186,3,348.00,347.00,180.00,289.00,1.0,-1,-1,-1
186,4,116.00,294.00,85.00,175.00,1.0,-1,-1,-1
187,0,660.00,321.00,158.00,277.00,1.0,-1,-1,-1
187,1,865.00,338.00,194.00,242.00,1.0,-1,-1,-1
187,2,321.00,325.00,123.00,266.00,1.0,-1,-1,-1
187,3,347.00,346.00,187.00,290.00,1.0,-1,-1,-1
187,4,115.00,294.00,85.00,175.00,1.0,-1,-1,-1
188,0,662.00,321.00,154.00,277.00,1.0,-1,-1,-1
188,1,888.00,343.00,175.00,236.00,1.0,-1,-1,-1
188,2,321.00,329.00,122.00,262.00,1.0,-1,-1,-1
188,3,346.00,345.00,191.00,291.00,1.0,-1,-1,-1
188,4,114.00,294.00,85.00,175.00,1.0,-1,-1,-1
189,0,699.00,341.00,114.00,257.00,1.0,-1,-1,-1
189,1,891.00,349.00,168.00,231.00,1.0,-1,-1,-1
189,2,325.00,334.00,115.00,257.00,1.0,-1,-1,-1
189,3,346.00,342.00,192.00,294.00,1.0,-1,-1,-1
189,4,113.00,294.00,85.00,174.00,1.0,-1,-1,-1
190,0,703.00,340.00,110.00,258.00,1.0,-1,-1,-1
190,1,892.00,360.00,159.00,220.00,1.0,-1,-1,-1
190,2,333.00,335.00,105.00,255.00,1.0,-1,-1,-1
190,3,345.00,338.00,192.00,298.00,1.0,-1,-1,-1
190,4,111.00,294.00,87.00,176.00,1.0,-1,-1,-1
191,0,711.00,341.00,99.00,258.00,1.0,-1,-1,-1
191,1,898.00,369.00,144.00,211.00,1.0,-1,-1,-1
191,2,344.00,330.00,91.00,261.00,1.0,-1,-1,-1
191,3,354.00,336.00,181.00,301.00,1.0,-1,-1,-1
191,4,110.00,294.00,84.00,175.00,1.0,-1,-1,-1
192,0,716.00,338.00,99.00,261.00,1.0,-1,-1,-1
192,1,911.00,369.00,129.00,212.00,1.0,-1,-1,-1
192,2,351.00,326.00,78.00,264.00,1.0,-1,-1,-1
192,3,368.00,336.00,168.00,301.00,1.0,-1,-1,-1
192,4,108.00,295.00,85.00,174.00,1.0,-1,-1,-1
193,0,719.00,334.00,93.00,266.00,1.0,-1,-1,-1
193,1,927.00,368.00,112.00,213.00,1.0,-1,-1,-1
193,2,352.00,317.00,82.00,274.00,1.0,-1,-1,-1
193,3,381.00,332.00,159.00,305.00,1.0,-1,-1,-1
193,4,106.00,295.00,85.00,173.00,1.0,-1,-1,-1
194,0,720.00,326.00,93.00,274.00,1.0,-1,-1,-1
194,1,940.00,361.00,101.00,220.00,1.0,-1,-1,-1
194,2,353.00,306.00,78.00,263.00,1.0,-1,-1,-1
194,3,391.00,322.00,155.00,316.00,1.0,-1,-1,-1
194,4,105.00,295.00,84.00,174.00,1.0,-1,-1,-1
195,0,722.00,314.00,92.00,287.00,1.0,-1,-1,-1
195,1,949.00,354.00,96.00,228.00,1.0,-1,-1,-1
195,2,352.00,292.00,87.00,291.00,1.0,-1,-1,-1
195,3,400.00,312.00,152.00,327.00,1.0,-1,-1,-1
195,4,102.00,295.00,85.00,177.00,1.0,-1,-1,-1
196,0,723.00,301.00,90.00,300.00,1.0,-1,-1,-1
196,1,957.00,344.00,92.00,238.00,1.0,-1,-1,-1
196,2,346.00,278.00,98.00,305.00,1.0,-1,-1,-1
196,3,410.00,301.00,148.00,338.00,1.0,-1,-1,-1
196,4,100.00,296.00,85.00,175.00,1.0,-1,-1,-1
197,0,718.00,288.00,95.00,313.00,1.0,-1,-1,-1
197,1,962.00,332.00,91.00,250.00,1.0,-1,-1,-1
197,2,339.00,266.00,107.00,318.00,1.0,-1,-1,-1
197,3,421.00,288.00,140.00,351.00,1.0,-1,-1,-1
197,4,97.00,296.00,85.00,175.00,1.0,-1,-1,-1
198,0,707.00,276.00,104.00,326.00,1.0,-1,-1,-1
198,1,962.00,318.00,93.00,266.00,1.0,-1,-1,-1
198,2,331.00,256.00,115.00,351.00,1.0,-1,-1,-1
198,3,434.00,275.00,129.00,365.00,1.0,-1,-1,-1
198,4,95.00,297.00,84.00,174.00,1.0,-1,-1,-1
199,0,707.00,265.00,103.00,338.00,1.0,-1,-1,-1
199,1,961.00,304.00,100.00,283.00,1.0,-1,-1,-1
199,2,322.00,245.00,123.00,366.00,1.0,-1,-1,-1
199,3,448.00,265.00,118.00,378.00,1.0,-1,-1,-1
199,4,92.00,297.00,84.00,176.00,1.0,-1,-1,-1
200,0,702.00,257.00,107.00,347.00,1.0,-1,-1,-1
200,1,960.00,286.00,106.00,302.00,1.0,-1,-1,-1
200,2,317.00,237.00,146.00,378.00,1.0,-1,-1,-1
200,3,463.00,256.00,105.00,391.00,1.0,-1,-1,-1
200,4,89.00,298.00,84.00,175.00,1.0,-1,-1,-1
201,0,692.00,253.00,116.00,352.00,1.0,-1,-1,-1
201,1,946.00,271.00,127.00,316.00,1.0,-1,-1,-1
201,2,317.00,233.00,125.00,357.00,1.0,-1,-1,-1
201,3,479.00,255.00,95.00,391.00,1.0,-1,-1,-1
201,4,86.00,299.00,85.00,175.00,1.0,-1,-1,-1
202,0,690.00,251.00,118.00,355.00,1.0,-1,-1,-1
202,1,953.00,260.00,128.00,329.00,1.0,-1,-1,-1
202,2,318.00,231.00,124.00,360.00,1.0,-1,-1,-1
202,3,487.00,252.00,92.00,394.00,1.0,-1,-1,-1
202,4,83.00,299.00,83.00,175.00,1.0,-1,-1,-1
203,0,686.00,252.00,120.00,355.00,1.0,-1,-1,-1
203,1,954.00,253.00,132.00,335.00,1.0,-1,-1,-1
203,2,320.00,230.00,119.00,359.00,1.0,-1,-1,-1
203,3,491.00,253.00,92.00,394.00,1.0,-1,-1,-1
203,4,79.00,299.00,84.00,175.00,1.0,-1,-1,-1
204,0,683.00,254.00,122.00,353.00,1.0,-1,-1,-1
204,1,957.00,250.00,133.00,338.00,1.0,-1,-1,-1
204,2,321.00,232.00,117.00,358.00,1.0,-1,-1,-1
204,3,497.00,257.00,91.00,392.00,1.0,-1,-1,-1
204,4,76.00,299.00,85.00,176.00,1.0,-1,-1,-1
205,0,677.00,257.00,126.00,350.00,1.0,-1,-1,-1
205,1,958.00,249.00,134.00,341.00,1.0,-1,-1,-1
205,2,315.00,236.00,118.00,353.00,1.0,-1,-1,-1
205,3,432.00,262.00,160.00,387.00,1.0,-1,-1,-1
205,4,73.00,299.00,85.00,176.00,1.0,-1,-1,-1
206,0,683.00,260.00,116.00,346.00,1.0,-1,-1,-1
206,1,958.00,250.00,134.00,344.00,1.0,-1,-1,-1
206,2,310.00,240.00,116.00,349.00,1.0,-1,-1,-1
206,3,492.00,270.00,109.00,378.00,1.0,-1,-1,-1
206,4,69.00,297.00,84.00,177.00,1.0,-1,-1,-1
207,0,675.00,266.00,120.00,340.00,1.0,-1,-1,-1
207,1,958.00,253.00,132.00,346.00,1.0,-1,-1,-1
207,2,306.00,248.00,101.00,341.00,1.0,-1,-1,-1
207,3,489.00,279.00,134.00,369.00,1.0,-1,-1,-1
207,4,65.00,297.00,84.00,175.00,1.0,-1,-1,-1
208,0,669.00,273.00,120.00,332.00,1.0,-1,-1,-1
208,1,960.00,260.00,130.00,339.00,1.0,-1,-1,-1
208,2,303.00,255.00,101.00,332.00,1.0,-1,-1,-1
208,3,485.00,287.00,158.00,360.00,1.0,-1,-1,-1
208,4,61.00,296.00,84.00,176.00,1.0,-1,-1,-1
209,0,663.00,281.00,120.00,323.00,1.0,-1,-1,-1
209,1,960.00,268.00,131.00,330.00,1.0,-1,-1,-1
209,2,300.00,261.00,100.00,326.00,1.0,-1,-1,-1
209,3,484.00,294.00,183.00,352.00,1.0,-1,-1,-1
209,4,57.00,296.00,85.00,175.00,1.0,-1,-1,-1
210,0,661.00,290.00,115.00,325.00,1.0,-1,-1,-1
210,1,961.00,274.00,132.00,322.00,1.0,-1,-1,-1
210,2,296.00,268.00,99.00,318.00,1.0,-1,-1,-1
210,3,482.00,299.00,203.00,347.00,1.0,-1,-1,-1
210,4,53.00,295.00,85.00,175.00,1.0,-1,-1,-1
211,0,669.00,301.00,101.00,321.00,1.0,-1,-1,-1
211,1,961.00,281.00,133.00,315.00,1.0,-1,-1,-1
211,2,291.00,273.00,117.00,319.00,1.0,-1,-1,-1
211,3,479.00,302.00,223.00,351.00,1.0,-1,-1,-1
211,4,50.00,294.00,84.00,176.00,1.0,-1,-1,-1
212,0,672.00,307.00,95.00,314.00,1.0,-1,-1,-1
212,1,961.00,288.00,136.00,306.00,1.0,-1,-1,-1
212,2,287.00,279.00,121.00,325.00,1.0,-1,-1,-1
212,3,480.00,306.00,229.00,358.00,1.0,-1,-1,-1
212,4,47.00,293.00,84.00,177.00,1.0,-1,-1,-1
212,5,374.00,282.00,95.00,352.00,1.0,-1,-1,-1
213,0,671.00,314.00,95.00,306.00,1.0,-1,-1,-1
213,1,967.00,293.00,133.00,300.00,1.0,-1,-1,-1
213,2,282.00,284.00,106.00,320.00,1.0,-1,-1,-1
213,3,484.00,312.00,224.00,351.00,1.0,-1,-1,-1
213,4,43.00,292.00,84.00,177.00,1.0,-1,-1,-1
213,5,374.00,288.00,90.00,346.00,1.0,-1,-1,-1
214,0,674.00,321.00,92.00,299.00,1.0,-1,-1,-1
214,1,967.00,297.00,132.00,295.00,1.0,-1,-1,-1
214,2,278.00,289.00,108.00,314.00,1.0,-1,-1,-1
214,3,487.00,318.00,219.00,344.00,1.0,-1,-1,-1
214,4,39.00,292.00,85.00,176.00,1.0,-1,-1,-1
214,5,373.00,295.00,90.00,338.00,1.0,-1,-1,-1
215,0,675.00,325.00,91.00,294.00,1.0,-1,-1,-1
215,1,972.00,303.00,119.00,299.00,1.0,-1,-1,-1
215,2,275.00,293.00,113.00,309.00,1.0,-1,-1,-1
215,3,489.00,320.00,214.00,341.00,1.0,-1,-1,-1
215,4,36.00,292.00,85.00,175.00,1.0,-1,-1,-1
215,5,375.00,301.00,86.00,331.00,1.0,-1,-1,-1
216,0,674.00,325.00,92.00,293.00,1.0,-1,-1,-1
216,1,975.00,307.00,113.00,306.00,1.0,-1,-1,-1
216,2,274.00,297.00,114.00,305.00,1.0,-1,-1,-1
216,3,499.00,323.00,200.00,337.00,1.0,-1,-1,-1
216,4,33.00,292.00,84.00,174.00,1.0,-1,-1,-1
216,5,377.00,307.00,83.00,325.00,1.0,-1,-1,-1
217,0,675.00,326.00,93.00,292.00,1.0,-1,-1,-1
217,1,995.00,314.00,95.00,299.00,1.0,-1,-1,-1
217,2,273.00,300.00,115.00,302.00,1.0,-1,-1,-1
217,3,522.00,330.00,174.00,330.00,1.0,-1,-1,-1
217,4,29.00,292.00,85.00,174.00,1.0,-1,-1,-1
217,5,378.00,315.00,83.00,317.00,1.0,-1,-1,-1
218,0,674.00,326.00,98.00,291.00,1.0,-1,-1,-1
218,1,1007.00,322.00,88.00,290.00,1.0,-1,-1,-1
218,2,272.00,305.00,117.00,296.00,1.0,-1,-1,-1
218,3,555.00,335.00,149.00,325.00,1.0,-1,-1,-1
218,4,26.00,292.00,85.00,174.00,1.0,-1,-1,-1
218,5,374.00,319.00,86.00,312.00,1.0,-1,-1,-1
219,0,675.00,328.00,101.00,289.00,1.0,-1,-1,-1
219,1,1009.00,331.00,91.00,281.00,1.0,-1,-1,-1
219,2,272.00,314.00,113.00,287.00,1.0,-1,-1,-1
219,3,555.00,337.00,159.00,323.00,1.0,-1,-1,-1
219,4,24.00,292.00,85.00,174.00,1.0,-1,-1,-1
219,5,362.00,323.00,100.00,308.00,1.0,-1,-1,-1
220,0,678.00,334.00,97.00,283.00,1.0,-1,-1,-1
220,1,994.00,332.00,109.00,279.00,1.0,-1,-1,-1
220,2,271.00,323.00,116.00,278.00,1.0,-1,-1,-1
220,3,556.00,347.00,160.00,312.00,1.0,-1,-1,-1
220,4,21.00,291.00,86.00,175.00,1.0,-1,-1,-1
220,5,351.00,329.00,112.00,302.00,1.0,-1,-1,-1
221,0,682.00,339.00,94.00,278.00,1.0,-1,-1,-1
221,1,1011.00,344.00,97.00,267.00,1.0,-1,-1,-1
221,2,267.00,333.00,119.00,268.00,1.0,-1,-1,-1
221,3,562.00,351.00,163.00,308.00,1.0,-1,-1,-1
221,4,19.00,291.00,85.00,174.00,1.0,-1,-1,-1
221,5,352.00,337.00,112.00,294.00,1.0,-1,-1,-1
222,0,682.00,349.00,96.00,268.00,1.0,-1,-1,-1
222,1,1019.00,352.00,94.00,258.00,1.0,-1,-1,-1
222,2,261.00,352.00,123.00,249.00,1.0,-1,-1,-1
222,3,565.00,357.00,175.00,301.00,1.0,-1,-1,-1
222,4,16.00,292.00,86.00,174.00,1.0,-1,-1,-1
222,5,340.00,347.00,125.00,283.00,1.0,-1,-1,-1
223,0,696.00,361.00,83.00,259.00,1.0,-1,-1,-1
223,1,1025.00,364.00,103.00,246.00,1.0,-1,-1,-1
223,2,259.00,372.00,118.00,228.00,1.0,-1,-1,-1
223,3,568.00,360.00,173.00,298.00,1.0,-1,-1,-1
223,4,14.00,292.00,86.00,174.00,1.0,-1,-1,-1
223,5,360.00,359.00,106.00,271.00,1.0,-1,-1,-1
224,0,690.00,382.00,93.00,241.00,1.0,-1,-1,-1
224,1,943.00,378.00,200.00,232.00,1.0,-1,-1,-1
224,2,256.00,370.00,112.00,230.00,1.0,-1,-1,-1
224,3,573.00,361.00,200.00,298.00,1.0,-1,-1,-1
224,4,13.00,291.00,86.00,175.00,1.0,-1,-1,-1
224,5,336.00,373.00,129.00,259.00,1.0,-1,-1,-1
225,0,689.00,392.00,102.00,224.00,1.0,-1,-1,-1
225,1,945.00,387.00,206.00,222.00,1.0,-1,-1,-1
225,2,254.00,359.00,114.00,241.00,1.0,-1,-1,-1
225,3,579.00,358.00,221.00,307.00,1.0,-1,-1,-1
225,4,11.00,291.00,85.00,174.00,1.0,-1,-1,-1
225,5,346.00,389.00,123.00,243.00,1.0,-1,-1,-1
226,0,690.00,393.00,109.00,223.00,1.0,-1,-1,-1
226,1,947.00,378.00,208.00,231.00,1.0,-1,-1,-1
226,2,254.00,350.00,116.00,250.00,1.0,-1,-1,-1
226,3,582.00,359.00,235.00,308.00,1.0,-1,-1,-1
226,4,9.00,291.00,85.00,173.00,1.0,-1,-1,-1
226,5,352.00,387.00,117.00,248.00,1.0,-1,-1,-1
227,0,716.00,350.00,87.00,257.00,1.0,-1,-1,-1
227,1,954.00,375.00,204.00,234.00,1.0,-1,-1,-1
227,2,253.00,346.00,130.00,255.00,1.0,-1,-1,-1
227,3,585.00,361.00,239.00,309.00,1.0,-1,-1,-1
227,4,7.00,291.00,86.00,174.00,1.0,-1,-1,-1
227,5,369.00,399.00,100.00,239.00,1.0,-1,-1,-1
228,0,666.00,341.00,102.00,156.00,1.0,-1,-1,-1
228,1,957.00,375.00,196.00,240.00,1.0,-1,-1,-1
228,2,252.00,345.00,127.00,257.00,1.0,-1,-1,-1
228,3,596.00,358.00,229.00,312.00,1.0,-1,-1,-1
228,4,6.00,291.00,85.00,174.00,1.0,-1,-1,-1
228,5,355.00,373.00,114.00,264.00,1.0,-1,-1,-1
229,0,682.00,350.00,66.00,243.00,1.0,-1,-1,-1
229,1,962.00,384.00,182.00,236.00,1.0,-1,-1,-1
229,2,251.00,345.00,127.00,258.00,1.0,-1,-1,-1
229,3,607.00,371.00,217.00,300.00,1.0,-1,-1,-1
229,4,5.00,291.00,85.00,174.00,1.0,-1,-1,-1
229,5,356.00,394.00,115.00,244.00,1.0,-1,-1,-1
230,0,684.00,392.00,43.00,225.00,1.0,-1,-1,-1
230,1,965.00,392.00,179.00,229.00,1.0,-1,-1,-1
230,2,252.00,348.00,126.00,256.00,1.0,-1,-1,-1
230,3,623.00,369.00,200.00,302.00,1.0,-1,-1,-1
230,4,4.00,291.00,84.00,174.00,1.0,-1,-1,-1
230,5,355.00,389.00,117.00,249.00,1.0,-1,-1,-1
231,0,684.00,427.00,101.00,189.00,1.0,-1,-1,-1
231,1,990.00,390.00,154.00,231.00,1.0,-1,-1,-1
231,2,252.00,357.00,130.00,247.00,1.0,-1,-1,-1
231,3,667.00,365.00,156.00,306.00,1.0,-1,-1,-1
231,4,4.00,292.00,84.00,173.00,1.0,-1,-1,-1
231,5,359.00,383.00,115.00,255.00,1.0,-1,-1,-1
232,0,686.00,541.00,62.00,75.00,1.0,-1,-1,-1
232,1,994.00,382.00,150.00,239.00,1.0,-1,-1,-1
232,2,254.00,377.00,125.00,227.00,1.0,-1,-1,-1
232,3,686.00,354.00,137.00,317.00,1.0,-1,-1,-1
232,4,3.00,292.00,85.00,174.00,1.0,-1,-1,-1
232,5,369.00,375.00,107.00,263.00,1.0,-1,-1,-1
233,0,688.00,539.00,70.00,78.00,1.0,-1,-1,-1
233,1,1042.00,369.00,102.00,253.00,1.0,-1,-1,-1
233,2,257.00,376.00,128.00,228.00,1.0,-1,-1,-1
233,3,702.00,335.00,149.00,336.00,1.0,-1,-1,-1
233,4,3.00,292.00,84.00,174.00,1.0,-1,-1,-1
233,5,381.00,359.00,112.00,279.00,1.0,-1,-1,-1
234,0,692.00,327.00,179.00,344.00,1.0,-1,-1,-1
234,1,1022.00,353.00,123.00,269.00,1.0,-1,-1,-1
234,2,259.00,364.00,132.00,240.00,1.0,-1,-1,-1
234,3,691.00,322.00,179.00,349.00,1.0,-1,-1,-1
234,4,3.00,292.00,84.00,174.00,1.0,-1,-1,-1
234,5,387.00,344.00,116.00,294.00,1.0,-1,-1,-1
235,0,667.00,313.00,202.00,359.00,1.0,-1,-1,-1
235,1,1042.00,339.00,105.00,285.00,1.0,-1,-1,-1
235,2,263.00,341.00,136.00,264.00,1.0,-1,-1,-1
235,3,692.00,333.00,181.00,340.00,1.0,-1,-1,-1
235,4,0.00,292.00,87.00,174.00,1.0,-1,-1,-1
235,5,389.00,330.00,121.00,310.00,1.0,-1,-1,-1
236,0,682.00,305.00,168.00,369.00,1.0,-1,-1,-1
236,1,1051.00,324.00,96.00,301.00,1.0,-1,-1,-1
236,2,265.00,319.00,124.00,287.00,1.0,-1,-1,-1
236,3,693.00,310.00,157.00,364.00,1.0,-1,-1,-1
236,4,0.00,292.00,87.00,176.00,1.0,-1,-1,-1
236,5,388.00,318.00,118.00,323.00,1.0,-1,-1,-1
237,0,667.00,359.00,154.00,315.00,1.0,-1,-1,-1
237,1,1052.00,309.00,130.00,316.00,1.0,-1,-1,-1
237,2,266.00,303.00,117.00,304.00,1.0,-1,-1,-1
237,3,694.00,299.00,169.00,375.00,1.0,-1,-1,-1
237,4,3.00,293.00,84.00,175.00,1.0,-1,-1,-1
237,5,378.00,306.00,123.00,335.00,1.0,-1,-1,-1
238,0,662.00,293.00,187.00,383.00,1.0,-1,-1,-1
238,1,1051.00,298.00,94.00,329.00,1.0,-1,-1,-1
238,2,268.00,291.00,101.00,317.00,1.0,-1,-1,-1
238,3,697.00,294.00,152.00,382.00,1.0,-1,-1,-1
238,4,4.00,293.00,85.00,176.00,1.0,-1,-1,-1
238,5,368.00,296.00,126.00,346.00,1.0,-1,-1,-1
239,0,698.00,273.00,132.00,404.00,1.0,-1,-1,-1
239,1,1051.00,290.00,94.00,339.00,1.0,-1,-1,-1
239,2,269.00,282.00,94.00,326.00,1.0,-1,-1,-1
239,3,698.00,273.00,133.00,404.00,1.0,-1,-1,-1
239,4,5.00,294.00,85.00,176.00,1.0,-1,-1,-1
239,5,359.00,287.00,127.00,356.00,1.0,-1,-1,-1
240,0,695.00,239.00,130.00,439.00,1.0,-1,-1,-1
240,1,1049.00,283.00,97.00,347.00,1.0,-1,-1,-1
240,2,268.00,272.00,93.00,338.00,1.0,-1,-1,-1
240,3,694.00,240.00,131.00,439.00,1.0,-1,-1,-1
240,4,6.00,295.00,85.00,176.00,1.0,-1,-1,-1
240,5,353.00,277.00,126.00,367.00,1.0,-1,-1,-1
241,0,684.00,210.00,142.00,469.00,1.0,-1,-1,-1
241,1,1047.00,278.00,99.00,353.00,1.0,-1,-1,-1
241,2,258.00,265.00,102.00,345.00,1.0,-1,-1,-1
241,3,684.00,210.00,142.00,469.00,1.0,-1,-1,-1
241,4,7.00,296.00,84.00,175.00,1.0,-1,-1,-1
241,5,329.00,266.00,141.00,378.00,1.0,-1,-1,-1
242,0,650.00,191.00,176.00,490.00,1.0,-1,-1,-1
242,1,1040.00,268.00,109.00,365.00,1.0,-1,-1,-1
242,2,249.00,258.00,111.00,353.00,1.0,-1,-1,-1
242,3,685.00,189.00,141.00,492.00,1.0,-1,-1,-1
242,4,7.00,296.00,85.00,176.00,1.0,-1,-1,-1
242,5,321.00,242.00,161.00,403.00,1.0,-1,-1,-1
243,0,637.00,178.00,187.00,504.00,1.0,-1,-1,-1
243,1,1030.00,220.00,203.00,414.00,1.0,-1,-1,-1
243,2,240.00,226.00,120.00,386.00,1.0,-1,-1,-1
243,3,671.00,176.00,156.00,506.00,1.0,-1,-1,-1
243,4,9.00,297.00,84.00,175.00,1.0,-1,-1,-1
243,5,320.00,224.00,170.00,421.00,1.0,-1,-1,-1
244,0,662.00,157.00,168.00,527.00,1.0,-1,-1,-1
244,1,1022.00,208.00,132.00,427.00,1.0,-1,-1,-1
244,2,232.00,193.00,130.00,420.00,1.0,-1,-1,-1
244,3,662.00,157.00,169.00,528.00,1.0,-1,-1,-1
244,4,11.00,298.00,84.00,175.00,1.0,-1,-1,-1
244,5,316.00,206.00,178.00,439.00,1.0,-1,-1,-1
245,0,659.00,153.00,175.00,532.00,1.0,-1,-1,-1
245,1,1015.00,196.00,133.00,440.00,1.0,-1,-1,-1
245,2,226.00,169.00,137.00,444.00,1.0,-1,-1,-1
245,3,659.00,152.00,175.00,533.00,1.0,-1,-1,-1
245,4,13.00,298.00,85.00,175.00,1.0,-1,-1,-1
245,5,315.00,191.00,183.00,455.00,1.0,-1,-1,-1
246,0,652.00,153.00,184.00,532.00,1.0,-1,-1,-1
246,1,1008.00,192.00,142.00,445.00,1.0,-1,-1,-1
246,2,220.00,157.00,145.00,457.00,1.0,-1,-1,-1
246,3,651.00,152.00,185.00,533.00,1.0,-1,-1,-1
246,4,15.00,298.00,86.00,176.00,1.0,-1,-1,-1
246,5,312.00,181.00,189.00,465.00,1.0,-1,-1,-1
247,0,644.00,155.00,195.00,530.00,1.0,-1,-1,-1
247,1,1003.00,193.00,149.00,444.00,1.0,-1,-1,-1
247,2,216.00,153.00,151.00,461.00,1.0,-1,-1,-1
247,3,644.00,154.00,195.00,532.00,1.0,-1,-1,-1
247,4,18.00,300.00,85.00,174.00,1.0,-1,-1,-1
247,5,311.00,178.00,193.00,469.00,1.0,-1,-1,-1
248,0,640.00,156.00,202.00,530.00,1.0,-1,-1,-1
248,1,1000.00,197.00,154.00,440.00,1.0,-1,-1,-1
248,2,212.00,153.00,158.00,462.00,1.0,-1,-1,-1
248,3,640.00,156.00,202.00,530.00,1.0,-1,-1,-1
248,4,22.00,299.00,84.00,175.00,1.0,-1,-1,-1
248,5,311.00,176.00,197.00,471.00,1.0,-1,-1,-1
249,0,637.00,159.00,208.00,527.00,1.0,-1,-1,-1
249,1,998.00,201.00,160.00,435.00,1.0,-1,-1,-1
249,2,211.00,156.00,162.00,459.00,1.0,-1,-1,-1
249,3,636.00,158.00,209.00,528.00,1.0,-1,-1,-1
249,4,25.00,299.00,85.00,175.00,1.0,-1,-1,-1
249,5,311.00,175.00,200.00,472.00,1.0,-1,-1,-1
250,0,636.00,161.00,197.00,523.00,1.0,-1,-1,-1
250,1,998.00,207.00,163.00,429.00,1.0,-1,-1,-1
250,2,208.00,159.00,168.00,454.00,1.0,-1,-1,-1
250,3,635.00,161.00,198.00,524.00,1.0,-1,-1,-1
250,4,29.00,299.00,84.00,174.00,1.0,-1,-1,-1
250,5,313.00,175.00,201.00,471.00,1.0,-1,-1,-1
251,0,637.00,170.00,198.00,515.00,1.0,-1,-1,-1
251,1,1002.00,214.00,163.00,421.00,1.0,-1,-1,-1
251,2,208.00,162.00,173.00,451.00,1.0,-1,-1,-1
251,3,637.00,169.00,198.00,516.00,1.0,-1,-1,-1
251,4,32.00,299.00,84.00,175.00,1.0,-1,-1,-1
251,5,319.00,177.00,199.00,469.00,1.0,-1,-1,-1
252,0,626.00,184.00,216.00,500.00,1.0,-1,-1,-1
252,1,992.00,225.00,177.00,410.00,1.0,-1,-1,-1
252,2,208.00,167.00,176.00,446.00,1.0,-1,-1,-1
252,3,625.00,184.00,217.00,500.00,1.0,-1,-1,-1
252,4,36.00,298.00,85.00,175.00,1.0,-1,-1,-1
252,5,310.00,191.00,211.00,455.00,1.0,-1,-1,-1
253,0,621.00,203.00,229.00,481.00,1.0,-1,-1,-1
253,1,984.00,237.00,190.00,403.00,1.0,-1,-1,-1
253,2,208.00,175.00,180.00,438.00,1.0,-1,-1,-1
253,3,620.00,202.00,230.00,482.00,1.0,-1,-1,-1
253,4,39.00,297.00,84.00,175.00,1.0,-1,-1,-1
253,5,294.00,211.00,231.00,434.00,1.0,-1,-1,-1
254,0,622.00,226.00,238.00,460.00,1.0,-1,-1,-1
254,1,986.00,256.00,195.00,383.00,1.0,-1,-1,-1
254,2,205.00,189.00,186.00,424.00,1.0,-1,-1,-1
254,3,621.00,227.00,239.00,459.00,1.0,-1,-1,-1
254,4,42.00,297.00,85.00,175.00,1.0,-1,-1,-1
254,5,292.00,238.00,236.00,405.00,1.0,-1,-1,-1
255,0,623.00,252.00,251.00,433.00,1.0,-1,-1,-1
255,1,989.00,271.00,206.00,367.00,1.0,-1,-1,-1
255,2,180.00,205.00,214.00,405.00,1.0,-1,-1,-1
255,3,623.00,251.00,251.00,434.00,1.0,-1,-1,-1
255,4,45.00,296.00,85.00,176.00,1.0,-1,-1,-1
255,5,299.00,262.00,232.00,380.00,1.0,-1,-1,-1
256,0,627.00,274.00,265.00,410.00,1.0,-1,-1,-1
256,1,991.00,290.00,225.00,347.00,1.0,-1,-1,-1
256,2,167.00,227.00,229.00,382.00,1.0,-1,-1,-1
256,3,627.00,274.00,265.00,411.00,1.0,-1,-1,-1
256,4,48.00,295.00,85.00,177.00,1.0,-1,-1,-1
256,5,302.00,280.00,233.00,361.00,1.0,-1,-1,-1
257,0,631.00,298.00,271.00,385.00,1.0,-1,-1,-1
257,1,983.00,307.00,248.00,328.00,1.0,-1,-1,-1
257,2,167.00,248.00,233.00,360.00,1.0,-1,-1,-1
257,3,631.00,296.00,271.00,387.00,1.0,-1,-1,-1
257,4,51.00,294.00,85.00,176.00,1.0,-1,-1,-1
257,5,305.00,291.00,234.00,349.00,1.0,-1,-1,-1
257,6,1115.00,226.00,165.00,374.00,1.0,-1,-1,-1
258,0,635.00,308.00,268.00,373.00,1.0,-1,-1,-1
258,1,977.00,323.00,264.00,309.00,1.0,-1,-1,-1
258,2,171.00,265.00,233.00,342.00,1.0,-1,-1,-1
258,3,635.00,305.00,269.00,376.00,1.0,-1,-1,-1
258,4,55.00,294.00,86.00,174.00,1.0,-1,-1,-1
258,5,311.00,298.00,234.00,340.00,1.0,-1,-1,-1
258,6,1102.00,250.00,178.00,347.00,1.0,-1,-1,-1
259,0,639.00,314.00,262.00,366.00,1.0,-1,-1,-1
259,1,974.00,330.00,269.00,304.00,1.0,-1,-1,-1
259,2,175.00,285.00,233.00,321.00,1.0,-1,-1,-1
259,3,638.00,312.00,263.00,368.00,1.0,-1,-1,-1
259,4,59.00,293.00,86.00,174.00,1.0,-1,-1,-1
259,5,315.00,304.00,234.00,334.00,1.0,-1,-1,-1
259,6,1094.00,268.00,186.00,325.00,1.0,-1,-1,-1
260,0,640.00,321.00,255.00,361.00,1.0,-1,-1,-1
260,1,973.00,336.00,268.00,299.00,1.0,-1,-1,-1
260,2,178.00,291.00,232.00,314.00,1.0,-1,-1,-1
260,3,640.00,321.00,255.00,361.00,1.0,-1,-1,-1
260,4,62.00,293.00,85.00,174.00,1.0,-1,-1,-1
260,5,317.00,307.00,235.00,330.00,1.0,-1,-1,-1
260,6,1087.00,281.00,193.00,314.00,1.0,-1,-1,-1
261,0,642.00,330.00,249.00,354.00,1.0,-1,-1,-1
261,1,970.00,341.00,267.00,293.00,1.0,-1,-1,-1
261,2,182.00,297.00,231.00,307.00,1.0,-1,-1,-1
261,3,640.00,330.00,251.00,354.00,1.0,-1,-1,-1
261,4,66.00,292.00,85.00,173.00,1.0,-1,-1,-1
261,5,320.00,309.00,235.00,327.00,1.0,-1,-1,-1
261,6,1085.00,289.00,195.00,304.00,1.0,-1,-1,-1
262,0,641.00,336.00,248.00,348.00,1.0,-1,-1,-1
262,1,968.00,344.00,271.00,290.00,1.0,-1,-1,-1
262,2,185.00,303.00,229.00,300.00,1.0,-1,-1,-1
262,3,640.00,336.00,249.00,349.00,1.0,-1,-1,-1
262,4,68.00,292.00,86.00,173.00,1.0,-1,-1,-1
262,5,323.00,313.00,234.00,322.00,1.0,-1,-1,-1
262,6,1082.00,294.00,198.00,298.00,1.0,-1,-1,-1
263,0,642.00,340.00,250.00,343.00,1.0,-1,-1,-1
263,1,968.00,347.00,274.00,286.00,1.0,-1,-1,-1
263,2,188.00,307.00,227.00,295.00,1.0,-1,-1,-1
263,3,640.00,340.00,252.00,344.00,1.0,-1,-1,-1
263,4,71.00,291.00,86.00,174.00,1.0,-1,-1,-1
263,5,326.00,316.00,233.00,318.00,1.0,-1,-1,-1
263,6,1082.00,299.00,198.00,292.00,1.0,-1,-1,-1
264,0,642.00,343.00,254.00,340.00,1.0,-1,-1,-1
264,1,968.00,349.00,278.00,283.00,1.0,-1,-1,-1
264,2,184.00,311.00,232.00,290.00,1.0,-1,-1,-1
264,3,638.00,343.00,258.00,340.00,1.0,-1,-1,-1
264,4,72.00,291.00,86.00,174.00,1.0,-1,-1,-1
264,5,324.00,319.00,237.00,315.00,1.0,-1,-1,-1
264,6,1083.00,303.00,197.00,288.00,1.0,-1,-1,-1
265,0,644.00,346.00,256.00,336.00,1.0,-1,-1,-1
265,1,969.00,351.00,281.00,281.00,1.0,-1,-1,-1
265,2,179.00,313.00,237.00,288.00,1.0,-1,-1,-1
265,3,632.00,346.00,268.00,336.00,1.0,-1,-1,-1
265,4,74.00,290.00,86.00,174.00,1.0,-1,-1,-1
265,5,320.00,320.00,243.00,313.00,1.0,-1,-1,-1
265,6,1086.00,306.00,194.00,282.00,1.0,-1,-1,-1
266,0,636.00,348.00,267.00,334.00,1.0,-1,-1,-1
266,1,967.00,351.00,285.00,280.00,1.0,-1,-1,-1
266,2,176.00,314.00,241.00,286.00,1.0,-1,-1,-1
266,3,632.00,348.00,271.00,334.00,1.0,-1,-1,-1
266,4,76.00,289.00,85.00,175.00,1.0,-1,-1,-1
266,5,316.00,322.00,248.00,310.00,1.0,-1,-1,-1
266,6,1087.00,309.00,193.00,280.00,1.0,-1,-1,-1
267,0,636.00,350.00,270.00,331.00,1.0,-1,-1,-1
267,1,969.00,352.00,285.00,278.00,1.0,-1,-1,-1
267,2,171.00,315.00,246.00,284.00,1.0,-1,-1,-1
267,3,632.00,350.00,274.00,332.00,1.0,-1,-1,-1
267,4,77.00,289.00,85.00,174.00,1.0,-1,-1,-1
267,5,313.00,321.00,252.00,311.00,1.0,-1,-1,-1
267,6,1087.00,312.00,193.00,276.00,1.0,-1,-1,-1
268,0,632.00,352.00,276.00,329.00,1.0,-1,-1,-1
268,1,969.00,351.00,287.00,278.00,1.0,-1,-1,-1
268,2,167.00,315.00,251.00,283.00,1.0,-1,-1,-1
268,3,629.00,352.00,279.00,329.00,1.0,-1,-1,-1
268,4,78.00,288.00,85.00,174.00,1.0,-1,-1,-1
268,5,311.00,323.00,255.00,307.00,1.0,-1,-1,-1
268,6,1088.00,314.00,192.00,273.00,1.0,-1,-1,-1
269,0,628.00,352.00,280.00,328.00,1.0,-1,-1,-1
269,1,970.00,350.00,287.00,278.00,1.0,-1,-1,-1
269,2,166.00,315.00,252.00,283.00,1.0,-1,-1,-1
269,3,626.00,352.00,282.00,328.00,1.0,-1,-1,-1
269,4,79.00,287.00,85.00,174.00,1.0,-1,-1,-1
269,5,309.00,325.00,259.00,305.00,1.0,-1,-1,-1
269,6,1088.00,316.00,192.00,270.00,1.0,-1,-1,-1
270,0,636.00,352.00,272.00,326.00,1.0,-1,-1,-1
270,1,970.00,350.00,287.00,277.00,1.0,-1,-1,-1
270,2,163.00,314.00,255.00,283.00,1.0,-1,-1,-1
270,3,629.00,352.00,279.00,326.00,1.0,-1,-1,-1
270,4,79.00,286.00,85.00,174.00,1.0,-1,-1,-1
270,5,308.00,324.00,260.00,305.00,1.0,-1,-1,-1
270,6,1089.00,317.00,191.00,267.00,1.0,-1,-1,-1
271,0,636.00,352.00,271.00,326.00,1.0,-1,-1,-1
271,1,971.00,348.00,286.00,279.00,1.0,-1,-1,-1
271,2,162.00,313.00,256.00,283.00,1.0,-1,-1,-1
271,3,634.00,352.00,274.00,326.00,1.0,-1,-1,-1
271,4,80.00,286.00,84.00,173.00,1.0,-1,-1,-1
271,5,309.00,322.00,259.00,307.00,1.0,-1,-1,-1
271,6,1089.00,317.00,191.00,266.00,1.0,-1,-1,-1
272,0,637.00,351.00,271.00,326.00,1.0,-1,-1,-1
272,1,972.00,347.00,285.00,279.00,1.0,-1,-1,-1
272,2,163.00,311.00,255.00,284.00,1.0,-1,-1,-1
272,3,632.00,351.00,276.00,326.00,1.0,-1,-1,-1
272,4,80.00,285.00,85.00,173.00,1.0,-1,-1,-1
272,5,310.00,321.00,258.00,306.00,1.0,-1,-1,-1
272,6,1090.00,317.00,190.00,265.00,1.0,-1,-1,-1
273,0,644.00,349.00,263.00,327.00,1.0,-1,-1,-1
273,1,975.00,346.00,281.00,279.00,1.0,-1,-1,-1
273,2,163.00,308.00,255.00,286.00,1.0,-1,-1,-1
273,3,636.00,349.00,271.00,327.00,1.0,-1,-1,-1
273,4,79.00,284.00,86.00,173.00,1.0,-1,-1,-1
273,5,310.00,320.00,257.00,306.00,1.0,-1,-1,-1
273,6,1091.00,315.00,189.00,267.00,1.0,-1,-1,-1
274,0,637.00,347.00,269.00,327.00,1.0,-1,-1,-1
274,1,980.00,344.00,275.00,279.00,1.0,-1,-1,-1
274,2,165.00,305.00,253.00,287.00,1.0,-1,-1,-1
274,3,636.00,347.00,270.00,327.00,1.0,-1,-1,-1
274,4,79.00,282.00,85.00,174.00,1.0,-1,-1,-1
274,5,308.00,318.00,258.00,307.00,1.0,-1,-1,-1
274,6,1093.00,314.00,187.00,267.00,1.0,-1,-1,-1
275,0,632.00,345.00,272.00,328.00,1.0,-1,-1,-1
275,1,986.00,343.00,269.00,280.00,1.0,-1,-1,-1
275,2,168.00,302.00,249.00,290.00,1.0,-1,-1,-1
275,3,632.00,345.00,272.00,328.00,1.0,-1,-1,-1
275,4,78.00,281.00,85.00,174.00,1.0,-1,-1,-1
275,5,304.00,316.00,261.00,308.00,1.0,-1,-1,-1
275,6,1097.00,311.00,183.00,269.00,1.0,-1,-1,-1
276,0,621.00,342.00,281.00,329.00,1.0,-1,-1,-1
276,1,987.00,341.00,266.00,280.00,1.0,-1,-1,-1
276,2,170.00,298.00,245.00,292.00,1.0,-1,-1,-1
276,3,620.00,341.00,283.00,330.00,1.0,-1,-1,-1
276,4,77.00,280.00,85.00,174.00,1.0,-1,-1,-1
276,5,298.00,314.00,266.00,308.00,1.0,-1,-1,-1
276,6,1107.00,308.00,173.00,269.00,1.0,-1,-1,-1
277,0,652.00,338.00,250.00,332.00,1.0,-1,-1,-1
277,1,984.00,340.00,268.00,280.00,1.0,-1,-1,-1
277,2,173.00,294.00,240.00,295.00,1.0,-1,-1,-1
277,3,652.00,338.00,250.00,333.00,1.0,-1,-1,-1
277,4,75.00,278.00,86.00,174.00,1.0,-1,-1,-1
277,5,293.00,310.00,270.00,311.00,1.0,-1,-1,-1
277,6,1104.00,304.00,176.00,273.00,1.0,-1,-1,-1
278,0,609.00,335.00,290.00,334.00,1.0,-1,-1,-1
278,1,981.00,338.00,269.00,280.00,1.0,-1,-1,-1
278,2,170.00,291.00,238.00,297.00,1.0,-1,-1,-1
278,3,608.00,335.00,291.00,334.00,1.0,-1,-1,-1
278,4,74.00,276.00,85.00,174.00,1.0,-1,-1,-1
278,5,289.00,306.00,273.00,313.00,1.0,-1,-1,-1
278,6,1094.00,300.00,186.00,278.00,1.0,-1,-1,-1
279,0,613.00,331.00,282.00,336.00,1.0,-1,-1,-1
279,1,977.00,336.00,270.00,281.00,1.0,-1,-1,-1
279,2,165.00,288.00,234.00,299.00,1.0,-1,-1,-1
279,3,613.00,330.00,282.00,337.00,1.0,-1,-1,-1
279,4,72.00,274.00,85.00,175.00,1.0,-1,-1,-1
279,5,286.00,301.00,273.00,317.00,1.0,-1,-1,-1
279,6,1081.00,295.00,199.00,283.00,1.0,-1,-1,-1
280,0,622.00,324.00,268.00,342.00,1.0,-1,-1,-1
280,1,972.00,333.00,272.00,282.00,1.0,-1,-1,-1
280,2,164.00,286.00,226.00,298.00,1.0,-1,-1,-1
280,3,621.00,324.00,270.00,342.00,1.0,-1,-1,-1
280,4,70.00,272.00,85.00,174.00,1.0,-1,-1,-1
280,5,284.00,296.00,271.00,320.00,1.0,-1,-1,-1
280,6,1061.00,291.00,219.00,284.00,1.0,-1,-1,-1
281,0,644.00,323.00,240.00,341.00,1.0,-1,-1,-1
281,1,952.00,327.00,288.00,287.00,1.0,-1,-1,-1
281,2,160.00,284.00,223.00,295.00,1.0,-1,-1,-1
281,3,644.00,323.00,240.00,341.00,1.0,-1,-1,-1
281,4,68.00,270.00,86.00,173.00,1.0,-1,-1,-1
281,5,282.00,294.00,266.00,321.00,1.0,-1,-1,-1
281,6,1056.00,287.00,224.00,288.00,1.0,-1,-1,-1
282,0,642.00,319.00,236.00,344.00,1.0,-1,-1,-1
282,1,921.00,321.00,312.00,291.00,1.0,-1,-1,-1
282,2,148.00,282.00,229.00,296.00,1.0,-1,-1,-1
282,3,642.00,319.00,236.00,344.00,1.0,-1,-1,-1
282,4,66.00,268.00,85.00,173.00,1.0,-1,-1,-1
282,5,281.00,292.00,259.00,323.00,1.0,-1,-1,-1
282,6,1066.00,283.00,214.00,289.00,1.0,-1,-1,-1
283,0,639.00,316.00,231.00,344.00,1.0,-1,-1,-1
283,1,912.00,315.00,312.00,295.00,1.0,-1,-1,-1
283,2,150.00,281.00,198.00,292.00,1.0,-1,-1,-1
283,3,639.00,315.00,231.00,345.00,1.0,-1,-1,-1
283,4,64.00,265.00,84.00,174.00,1.0,-1,-1,-1
283,5,232.00,291.00,298.00,323.00,1.0,-1,-1,-1
283,6,1082.00,280.00,198.00,290.00,1.0,-1,-1,-1
284,0,635.00,312.00,226.00,346.00,1.0,-1,-1,-1
284,1,926.00,310.00,286.00,298.00,1.0,-1,-1,-1
284,2,176.00,280.00,167.00,295.00,1.0,-1,-1,-1
284,3,635.00,312.00,226.00,346.00,1.0,-1,-1,-1
284,4,60.00,262.00,85.00,173.00,1.0,-1,-1,-1
284,5,242.00,291.00,278.00,322.00,1.0,-1,-1,-1
284,6,1098.00,278.00,182.00,287.00,1.0,-1,-1,-1
285,0,632.00,295.00,266.00,360.00,1.0,-1,-1,-1
285,1,964.00,305.00,225.00,301.00,1.0,-1,-1,-1
285,2,172.00,279.00,169.00,296.00,1.0,-1,-1,-1
285,3,632.00,308.00,266.00,347.00,1.0,-1,-1,-1
285,4,57.00,260.00,86.00,173.00,1.0,-1,-1,-1
285,5,302.00,291.00,207.00,322.00,1.0,-1,-1,-1
285,6,1105.00,276.00,175.00,240.00,1.0,-1,-1,-1
286,0,629.00,305.00,306.00,346.00,1.0,-1,-1,-1
286,1,997.00,301.00,171.00,302.00,1.0,-1,-1,-1
286,2,170.00,275.00,165.00,297.00,1.0,-1,-1,-1
286,3,629.00,305.00,306.00,346.00,1.0,-1,-1,-1
286,4,55.00,257.00,85.00,175.00,1.0,-1,-1,-1
286,5,306.00,289.00,194.00,322.00,1.0,-1,-1,-1
286,6,1111.00,276.00,169.00,238.00,1.0,-1,-1,-1
286,7,587.00,302.00,114.00,249.00,1.0,-1,-1,-1
287,0,625.00,303.00,335.00,346.00,1.0,-1,-1,-1
287,1,993.00,296.00,165.00,307.00,1.0,-1,-1,-1
287,2,165.00,272.00,183.00,297.00,1.0,-1,-1,-1
287,3,625.00,299.00,335.00,350.00,1.0,-1,-1,-1
287,4,50.00,253.00,85.00,174.00,1.0,-1,-1,-1
287,5,301.00,274.00,190.00,335.00,1.0,-1,-1,-1
287,6,1117.00,276.00,163.00,261.00,1.0,-1,-1,-1
287,7,581.00,301.00,115.00,248.00,1.0,-1,-1,-1
288,0,621.00,282.00,349.00,364.00,1.0,-1,-1,-1
288,1,989.00,292.00,164.00,307.00,1.0,-1,-1,-1
288,2,161.00,263.00,307.00,302.00,1.0,-1,-1,-1
288,3,621.00,281.00,350.00,365.00,1.0,-1,-1,-1
288,4,46.00,249.00,85.00,175.00,1.0,-1,-1,-1
288,5,298.00,260.00,190.00,346.00,1.0,-1,-1,-1
288,6,1122.00,276.00,158.00,275.00,1.0,-1,-1,-1
288,7,579.00,297.00,229.00,249.00,1.0,-1,-1,-1
289,0,623.00,269.00,345.00,373.00,1.0,-1,-1,-1
289,1,985.00,289.00,163.00,307.00,1.0,-1,-1,-1
289,2,158.00,257.00,376.00,305.00,1.0,-1,-1,-1
289,3,623.00,268.00,345.00,374.00,1.0,-1,-1,-1
289,4,41.00,246.00,85.00,174.00,1.0,-1,-1,-1
289,5,295.00,254.00,244.00,349.00,1.0,-1,-1,-1
289,6,1127.00,277.00,153.00,266.00,1.0,-1,-1,-1
289,7,586.00,293.00,171.00,250.00,1.0,-1,-1,-1
290,0,636.00,293.00,317.00,344.00,1.0,-1,-1,-1
290,1,987.00,285.00,192.00,306.00,1.0,-1,-1,-1
290,2,163.00,261.00,217.00,295.00,1.0,-1,-1,-1
290,3,636.00,276.00,317.00,361.00,1.0,-1,-1,-1
290,4,35.00,243.00,85.00,174.00,1.0,-1,-1,-1
290,5,299.00,261.00,285.00,337.00,1.0,-1,-1,-1
290,6,1121.00,276.00,159.00,274.00,1.0,-1,-1,-1
290,7,597.00,288.00,157.00,251.00,1.0,-1,-1,-1
291,0,655.00,291.00,268.00,343.00,1.0,-1,-1,-1
291,1,991.00,282.00,168.00,305.00,1.0,-1,-1,-1
291,2,170.00,258.00,220.00,295.00,1.0,-1,-1,-1
291,3,655.00,292.00,268.00,342.00,1.0,-1,-1,-1
291,4,28.00,238.00,86.00,173.00,1.0,-1,-1,-1
291,5,300.00,276.00,294.00,318.00,1.0,-1,-1,-1
291,6,1120.00,276.00,160.00,276.00,1.0,-1,-1,-1
291,7,617.00,285.00,141.00,250.00,1.0,-1,-1,-1
292,0,677.00,288.00,207.00,341.00,1.0,-1,-1,-1
292,1,996.00,280.00,203.00,303.00,1.0,-1,-1,-1
292,2,177.00,257.00,219.00,292.00,1.0,-1,-1,-1
292,3,677.00,288.00,208.00,341.00,1.0,-1,-1,-1
292,4,21.00,234.00,87.00,173.00,1.0,-1,-1,-1
292,5,299.00,281.00,301.00,309.00,1.0,-1,-1,-1
292,6,1111.00,275.00,169.00,272.00,1.0,-1,-1,-1
292,7,632.00,290.00,136.00,229.00,1.0,-1,-1,-1
293,0,685.00,285.00,156.00,343.00,1.0,-1,-1,-1
293,1,994.00,277.00,189.00,301.00,1.0,-1,-1,-1
293,2,185.00,256.00,218.00,289.00,1.0,-1,-1,-1
293,3,680.00,285.00,162.00,343.00,1.0,-1,-1,-1
293,4,14.00,230.00,86.00,173.00,1.0,-1,-1,-1
293,5,304.00,281.00,261.00,304.00,1.0,-1,-1,-1
293,6,1110.00,276.00,170.00,267.00,1.0,-1,-1,-1
293,7,641.00,282.00,129.00,242.00,1.0,-1,-1,-1
294,0,642.00,282.00,208.00,342.00,1.0,-1,-1,-1
294,1,992.00,274.00,156.00,300.00,1.0,-1,-1,-1
294,2,199.00,256.00,184.00,285.00,1.0,-1,-1,-1
294,3,646.00,282.00,204.00,342.00,1.0,-1,-1,-1
294,4,7.00,226.00,86.00,172.00,1.0,-1,-1,-1
294,5,317.00,283.00,203.00,297.00,1.0,-1,-1,-1
294,6,1106.00,279.00,174.00,260.00,1.0,-1,-1,-1
294,7,622.00,282.00,149.00,246.00,1.0,-1,-1,-1
295,0,654.00,280.00,204.00,342.00,1.0,-1,-1,-1
295,1,996.00,272.00,144.00,296.00,1.0,-1,-1,-1
295,2,201.00,257.00,149.00,282.00,1.0,-1,-1,-1
295,3,655.00,280.00,203.00,342.00,1.0,-1,-1,-1
295,4,0.00,223.00,82.00,171.00,1.0,-1,-1,-1
295,5,337.00,287.00,143.00,289.00,1.0,-1,-1,-1
295,6,1099.00,284.00,181.00,249.00,1.0,-1,-1,-1
295,7,648.00,280.00,121.00,203.00,1.0,-1,-1,-1
296,0,669.00,280.00,195.00,337.00,1.0,-1,-1,-1
296,1,996.00,270.00,144.00,295.00,1.0,-1,-1,-1
296,2,192.00,261.00,134.00,275.00,1.0,-1,-1,-1
296,3,668.00,280.00,196.00,337.00,1.0,-1,-1,-1
296,4,0.00,216.00,75.00,174.00,1.0,-1,-1,-1
296,5,338.00,289.00,154.00,284.00,1.0,-1,-1,-1
296,6,1089.00,289.00,191.00,240.00,1.0,-1,-1,-1
296,7,627.00,275.00,153.00,239.00,1.0,-1,-1,-1
297,0,684.00,277.00,183.00,338.00,1.0,-1,-1,-1
297,1,994.00,269.00,154.00,297.00,1.0,-1,-1,-1
297,2,185.00,266.00,150.00,268.00,1.0,-1,-1,-1
297,3,684.00,276.00,183.00,339.00,1.0,-1,-1,-1
297,4,0.00,213.00,66.00,172.00,1.0,-1,-1,-1
297,5,191.00,293.00,307.00,280.00,1.0,-1,-1,-1
297,6,1100.00,288.00,180.00,237.00,1.0,-1,-1,-1
297,7,636.00,261.00,143.00,250.00,1.0,-1,-1,-1
298,0,690.00,276.00,181.00,336.00,1.0,-1,-1,-1
298,1,992.00,270.00,163.00,295.00,1.0,-1,-1,-1
298,2,180.00,269.00,161.00,264.00,1.0,-1,-1,-1
298,3,690.00,276.00,182.00,336.00,1.0,-1,-1,-1
298,4,0.00,209.00,59.00,174.00,1.0,-1,-1,-1
298,5,326.00,297.00,180.00,279.00,1.0,-1,-1,-1
298,6,1112.00,287.00,168.00,234.00,1.0,-1,-1,-1
298,7,634.00,254.00,138.00,257.00,1.0,-1,-1,-1
299,0,701.00,280.00,169.00,328.00,1.0,-1,-1,-1
299,1,961.00,273.00,197.00,289.00,1.0,-1,-1,-1
299,2,177.00,255.00,165.00,275.00,1.0,-1,-1,-1
299,3,701.00,280.00,169.00,328.00,1.0,-1,-1,-1
299,4,0.00,205.00,53.00,174.00,1.0,-1,-1,-1
299,5,319.00,305.00,191.00,270.00,1.0,-1,-1,-1
299,6,1126.00,285.00,154.00,233.00,1.0,-1,-1,-1
299,7,620.00,252.00,140.00,281.00,1.0,-1,-1,-1
300,0,699.00,290.00,163.00,316.00,1.0,-1,-1,-1
300,1,956.00,282.00,200.00,278.00,1.0,-1,-1,-1
300,2,170.00,241.00,196.00,287.00,1.0,-1,-1,-1
300,3,699.00,289.00,164.00,317.00,1.0,-1,-1,-1
300,4,0.00,203.00,44.00,172.00,1.0,-1,-1,-1
300,5,327.00,312.00,180.00,260.00,1.0,-1,-1,-1
300,6,1127.00,283.00,153.00,232.00,1.0,-1,-1,-1
300,7,613.00,243.00,95.00,281.00,1.0,-1,-1,-1
301,0,701.00,288.00,149.00,314.00,1.0,-1,-1,-1
301,1,960.00,273.00,192.00,283.00,1.0,-1,-1,-1
301,2,163.00,229.00,209.00,295.00,1.0,-1,-1,-1
301,3,702.00,288.00,149.00,314.00,1.0,-1,-1,-1
301,4,0.00,207.00,39.00,169.00,1.0,-1,-1,-1
301,5,328.00,308.00,168.00,261.00,1.0,-1,-1,-1
301,6,1123.00,279.00,148.00,233.00,1.0,-1,-1,-1
301,7,612.00,225.00,93.00,285.00,1.0,-1,-1,-1
302,0,705.00,242.00,130.00,357.00,1.0,-1,-1,-1
302,1,962.00,256.00,194.00,297.00,1.0,-1,-1,-1
302,2,157.00,219.00,172.00,302.00,1.0,-1,-1,-1
302,3,710.00,249.00,126.00,350.00,1.0,-1,-1,-1
302,4,0.00,237.00,31.00,135.00,1.0,-1,-1,-1
302,5,330.00,303.00,139.00,263.00,1.0,-1,-1,-1
302,6,1123.00,258.00,135.00,251.00,1.0,-1,-1,-1
302,7,616.00,215.00,92.00,327.00,1.0,-1,-1,-1
303,0,702.00,244.00,136.00,352.00,1.0,-1,-1,-1
303,1,962.00,236.00,153.00,315.00,1.0,-1,-1,-1
303,2,153.00,213.00,165.00,305.00,1.0,-1,-1,-1
303,3,714.00,244.00,124.00,352.00,1.0,-1,-1,-1
303,4,0.00,241.00,21.00,129.00,1.0,-1,-1,-1
303,5,327.00,257.00,137.00,306.00,1.0,-1,-1,-1
303,6,1102.00,233.00,143.00,273.00,1.0,-1,-1,-1
303,7,617.00,203.00,88.00,337.00,1.0,-1,-1,-1
304,0,706.00,242.00,135.00,352.00,1.0,-1,-1,-1
304,1,960.00,226.00,160.00,323.00,1.0,-1,-1,-1
304,2,151.00,206.00,152.00,310.00,1.0,-1,-1,-1
304,3,707.00,244.00,134.00,350.00,1.0,-1,-1,-1
304,4,0.00,262.00,14.00,107.00,1.0,-1,-1,-1
304,5,322.00,247.00,148.00,313.00,1.0,-1,-1,-1
304,6,1086.00,225.00,168.00,279.00,1.0,-1,-1,-1
304,7,615.00,199.00,103.00,339.00,1.0,-1,-1,-1
305,0,688.00,219.00,157.00,372.00,1.0,-1,-1,-1
305,1,959.00,219.00,164.00,328.00,1.0,-1,-1,-1
305,2,148.00,200.00,157.00,314.00,1.0,-1,-1,-1
305,3,699.00,251.00,147.00,340.00,1.0,-1,-1,-1
305,4,0.00,288.00,5.00,73.00,1.0,-1,-1,-1
305,5,317.00,235.00,162.00,322.00,1.0,-1,-1,-1
305,6,1088.00,216.00,173.00,286.00,1.0,-1,-1,-1
305,7,612.00,197.00,89.00,338.00,1.0,-1,-1,-1
306,0,677.00,209.00,168.00,380.00,1.0,-1,-1,-1
306,1,956.00,217.00,168.00,328.00,1.0,-1,-1,-1
306,2,146.00,196.00,158.00,315.00,1.0,-1,-1,-1
306,3,685.00,244.00,160.00,345.00,1.0,-1,-1,-1
306,4,0.00,0.00,0.00,0.00,1.0,-1,-1,-1
306,5,311.00,229.00,174.00,327.00,1.0,-1,-1,-1
306,6,1085.00,206.00,181.00,294.00,1.0,-1,-1,-1
306,7,607.00,195.00,86.00,339.00,1.0,-1,-1,-1
307,0,661.00,203.00,179.00,383.00,1.0,-1,-1,-1
307,1,946.00,217.00,175.00,326.00,1.0,-1,-1,-1
307,2,144.00,191.00,149.00,318.00,1.0,-1,-1,-1
307,3,662.00,204.00,178.00,382.00,1.0,-1,-1,-1
307,4,0.00,0.00,0.00,0.00,1.0,-1,-1,-1
307,5,305.00,223.00,184.00,330.00,1.0,-1,-1,-1
307,6,1086.00,200.00,188.00,296.00,1.0,-1,-1,-1
307,7,597.00,192.00,96.00,340.00,1.0,-1,-1,-1
308,0,664.00,202.00,167.00,382.00,1.0,-1,-1,-1
308,1,936.00,219.00,183.00,322.00,1.0,-1,-1,-1
308,2,140.00,191.00,145.00,315.00,1.0,-1,-1,-1
308,3,648.00,203.00,185.00,381.00,1.0,-1,-1,-1
308,4,0.00,0.00,0.00,0.00,1.0,-1,-1,-1
308,5,302.00,213.00,193.00,338.00,1.0,-1,-1,-1
308,6,1087.00,195.00,190.00,298.00,1.0,-1,-1,-1
308,7,594.00,192.00,100.00,337.00,1.0,-1,-1,-1
309,0,663.00,199.00,168.00,385.00,1.0,-1,-1,-1
309,1,927.00,224.00,181.00,315.00,1.0,-1,-1,-1
309,2,130.00,185.00,145.00,319.00,1.0,-1,-1,-1
309,3,663.00,199.00,168.00,385.00,1.0,-1,-1,-1
309,4,0.00,0.00,0.00,0.00,1.0,-1,-1,-1
309,5,290.00,205.00,205.00,344.00,1.0,-1,-1,-1
309,6,1085.00,190.00,195.00,301.00,1.0,-1,-1,-1
309,7,591.00,192.00,103.00,335.00,1.0,-1,-1,-1
310,0,661.00,197.00,157.00,387.00,1.0,-1,-1,-1
310,1,910.00,225.00,180.00,310.00,1.0,-1,-1,-1
310,2,122.00,185.00,141.00,317.00,1.0,-1,-1,-1
310,3,647.00,196.00,171.00,388.00,1.0,-1,-1,-1
310,4,0.00,0.00,0.00,0.00,1.0,-1,-1,-1
310,5,274.00,205.00,215.00,345.00,1.0,-1,-1,-1
310,6,1085.00,188.00,195.00,300.00,1.0,-1,-1,-1
310,7,582.00,190.00,110.00,334.00,1.0,-1,-1,-1
310,8,34.00,627.00,94.00,93.00,1.0,-1,-1,-1
311,0,653.00,198.00,163.00,385.00,1.0,-1,-1,-1
311,1,892.00,231.00,167.00,300.00,1.0,-1,-1,-1
311,2,111.00,185.00,144.00,314.00,1.0,-1,-1,-1
311,3,650.00,198.00,166.00,385.00,1.0,-1,-1,-1
311,4,0.00,0.00,0.00,0.00,1.0,-1,-1,-1
311,5,262.00,204.00,219.00,344.00,1.0,-1,-1,-1
311,6,1069.00,186.00,211.00,299.00,1.0,-1,-1,-1
311,7,575.00,185.00,114.00,336.00,1.0,-1,-1,-1
311,8,25.00,623.00,94.00,97.00,1.0,-1,-1,-1
312,0,665.00,202.00,144.00,378.00,1.0,-1,-1,-1
312,1,874.00,234.00,162.00,297.00,1.0,-1,-1,-1
312,2,100.00,186.00,144.00,310.00,1.0,-1,-1,-1
312,3,666.00,201.00,143.00,379.00,1.0,-1,-1,-1
312,4,0.00,0.00,0.00,0.00,1.0,-1,-1,-1
312,5,255.00,208.00,220.00,340.00,1.0,-1,-1,-1
312,6,1053.00,190.00,220.00,293.00,1.0,-1,-1,-1
312,7,570.00,183.00,111.00,336.00,1.0,-1,-1,-1
312,8,14.00,622.00,90.00,98.00,1.0,-1,-1,-1
313,0,667.00,208.00,147.00,371.00,1.0,-1,-1,-1
313,1,862.00,236.00,166.00,303.00,1.0,-1,-1,-1
313,2,82.00,178.00,153.00,316.00,1.0,-1,-1,-1
313,3,668.00,208.00,147.00,371.00,1.0,-1,-1,-1
313,4,0.00,0.00,0.00,0.00,1.0,-1,-1,-1
313,5,247.00,211.00,206.00,335.00,1.0,-1,-1,-1
313,6,1041.00,189.00,221.00,293.00,1.0,-1,-1,-1
313,7,565.00,179.00,112.00,339.00,1.0,-1,-1,-1
313,8,4.00,620.00,94.00,100.00,1.0,-1,-1,-1
314,0,635.00,213.00,188.00,363.00,1.0,-1,-1,-1
314,1,854.00,238.00,170.00,298.00,1.0,-1,-1,-1
314,2,64.00,181.00,159.00,310.00,1.0,-1,-1,-1
314,3,672.00,212.00,134.00,363.00,1.0,-1,-1,-1
314,4,0.00,0.00,0.00,0.00,1.0,-1,-1,-1
314,5,242.00,216.00,201.00,327.00,1.0,-1,-1,-1
314,6,1032.00,193.00,215.00,289.00,1.0,-1,-1,-1
314,7,562.00,180.00,115.00,337.00,1.0,-1,-1,-1
314,8,0.00,617.00,92.00,103.00,1.0,-1,-1,-1
315,0,626.00,221.00,197.00,353.00,1.0,-1,-1,-1
315,1,840.00,239.00,183.00,295.00,1.0,-1,-1,-1
315,2,49.00,184.00,161.00,305.00,1.0,-1,-1,-1
315,3,676.00,222.00,147.00,352.00,1.0,-1,-1,-1
315,4,0.00,0.00,0.00,0.00,1.0,-1,-1,-1
315,5,242.00,220.00,209.00,319.00,1.0,-1,-1,-1
315,6,1024.00,198.00,208.00,280.00,1.0,-1,-1,-1
315,7,556.00,179.00,118.00,338.00,1.0,-1,-1,-1
315,8,0.00,615.00,82.00,105.00,1.0,-1,-1,-1
316,0,639.00,226.00,180.00,347.00,1.0,-1,-1,-1
316,1,835.00,244.00,190.00,289.00,1.0,-1,-1,-1
316,2,35.00,185.00,166.00,303.00,1.0,-1,-1,-1
316,3,668.00,226.00,151.00,347.00,1.0,-1,-1,-1
316,4,0.00,0.00,0.00,0.00,1.0,-1,-1,-1
316,5,243.00,224.00,209.00,314.00,1.0,-1,-1,-1
316,6,1017.00,199.00,196.00,276.00,1.0,-1,-1,-1
316,7,553.00,181.00,115.00,334.00,1.0,-1,-1,-1
316,8,0.00,614.00,73.00,106.00,1.0,-1,-1,-1
317,0,651.00,229.00,191.00,341.00,1.0,-1,-1,-1
317,1,833.00,247.00,191.00,282.00,1.0,-1,-1,-1
317,2,24.00,192.00,165.00,296.00,1.0,-1,-1,-1
317,3,652.00,230.00,190.00,340.00,1.0,-1,-1,-1
317,4,0.00,0.00,0.00,0.00,1.0,-1,-1,-1
317,5,247.00,227.00,213.00,309.00,1.0,-1,-1,-1
317,6,1012.00,197.00,182.00,272.00,1.0,-1,-1,-1
317,7,549.00,180.00,117.00,332.00,1.0,-1,-1,-1
317,8,0.00,614.00,68.00,106.00,1.0,-1,-1,-1
318,0,651.00,229.00,209.00,340.00,1.0,-1,-1,-1
318,1,832.00,249.00,186.00,279.00,1.0,-1,-1,-1
318,2,18.00,194.00,163.00,295.00,1.0,-1,-1,-1
318,3,652.00,229.00,208.00,340.00,1.0,-1,-1,-1
318,4,0.00,0.00,0.00,0.00,1.0,-1,-1,-1
318,5,255.00,233.00,220.00,307.00,1.0,-1,-1,-1
318,6,1010.00,199.00,195.00,269.00,1.0,-1,-1,-1
318,7,543.00,184.00,123.00,326.00,1.0,-1,-1,-1
318,8,0.00,612.00,60.00,108.00,1.0,-1,-1,-1
319,0,646.00,232.00,226.00,338.00,1.0,-1,-1,-1
319,1,837.00,255.00,186.00,272.00,1.0,-1,-1,-1
319,2,14.00,190.00,171.00,304.00,1.0,-1,-1,-1
319,3,646.00,232.00,226.00,338.00,1.0,-1,-1,-1
319,4,0.00,0.00,0.00,0.00,1.0,-1,-1,-1
319,5,262.00,234.00,220.00,305.00,1.0,-1,-1,-1
319,6,1011.00,202.00,204.00,264.00,1.0,-1,-1,-1
319,7,539.00,189.00,129.00,324.00,1.0,-1,-1,-1
319,8,0.00,610.00,53.00,110.00,1.0,-1,-1,-1
320,0,639.00,229.00,234.00,338.00,1.0,-1,-1,-1
320,1,842.00,253.00,178.00,272.00,1.0,-1,-1,-1
320,2,13.00,186.00,177.00,313.00,1.0,-1,-1,-1
320,3,639.00,230.00,234.00,337.00,1.0,-1,-1,-1
320,4,0.00,0.00,0.00,0.00,1.0,-1,-1,-1
320,5,258.00,236.00,221.00,301.00,1.0,-1,-1,-1
320,6,1014.00,203.00,209.00,261.00,1.0,-1,-1,-1
320,7,534.00,193.00,134.00,319.00,1.0,-1,-1,-1
320,8,0.00,609.00,46.00,111.00,1.0,-1,-1,-1
321,0,635.00,230.00,233.00,335.00,1.0,-1,-1,-1
321,1,849.00,247.00,169.00,278.00,1.0,-1,-1,-1
321,2,14.00,183.00,180.00,315.00,1.0,-1,-1,-1
321,3,635.00,230.00,233.00,335.00,1.0,-1,-1,-1
321,4,0.00,0.00,0.00,0.00,1.0,-1,-1,-1
321,5,252.00,240.00,220.00,296.00,1.0,-1,-1,-1
321,6,1017.00,201.00,205.00,261.00,1.0,-1,-1,-1
321,7,527.00,197.00,142.00,313.00,1.0,-1,-1,-1
321,8,0.00,607.00,41.00,113.00,1.0,-1,-1,-1
322,0,628.00,233.00,234.00,332.00,1.0,-1,-1,-1
322,1,855.00,240.00,161.00,284.00,1.0,-1,-1,-1
322,2,18.00,181.00,175.00,315.00,1.0,-1,-1,-1
322,3,629.00,233.00,233.00,332.00,1.0,-1,-1,-1
322,4,0.00,0.00,0.00,0.00,1.0,-1,-1,-1
322,5,250.00,241.00,217.00,294.00,1.0,-1,-1,-1
322,6,1023.00,195.00,199.00,273.00,1.0,-1,-1,-1
322,7,497.00,193.00,190.00,316.00,1.0,-1,-1,-1
322,8,0.00,606.00,35.00,114.00,1.0,-1,-1,-1
323,0,624.00,235.00,234.00,328.00,1.0,-1,-1,-1
323,1,852.00,231.00,161.00,292.00,1.0,-1,-1,-1
323,2,22.00,179.00,168.00,316.00,1.0,-1,-1,-1
323,3,624.00,238.00,234.00,325.00,1.0,-1,-1,-1
323,4,0.00,0.00,0.00,0.00,1.0,-1,-1,-1
323,5,250.00,241.00,211.00,293.00,1.0,-1,-1,-1
323,6,1027.00,189.00,193.00,286.00,1.0,-1,-1,-1
323,7,492.00,195.00,199.00,313.00,1.0,-1,-1,-1
323,8,0.00,606.00,29.00,114.00,1.0,-1,-1,-1
324,0,625.00,244.00,227.00,318.00,1.0,-1,-1,-1
324,1,851.00,222.00,156.00,300.00,1.0,-1,-1,-1
324,2,26.00,177.00,151.00,317.00,1.0,-1,-1,-1
324,3,625.00,244.00,227.00,318.00,1.0,-1,-1,-1
324,4,0.00,0.00,0.00,0.00,1.0,-1,-1,-1
324,5,257.00,240.00,200.00,293.00,1.0,-1,-1,-1
324,6,1032.00,182.00,183.00,292.00,1.0,-1,-1,-1
324,7,486.00,198.00,207.00,309.00,1.0,-1,-1,-1
324,8,0.00,609.00,23.00,100.00,1.0,-1,-1,-1
325,0,638.00,247.00,208.00,314.00,1.0,-1,-1,-1
325,1,852.00,212.00,149.00,311.00,1.0,-1,-1,-1
325,2,20.00,176.00,150.00,317.00,1.0,-1,-1,-1
325,3,638.00,247.00,208.00,314.00,1.0,-1,-1,-1
325,4,0.00,0.00,0.00,0.00,1.0,-1,-1,-1
325,5,268.00,236.00,182.00,295.00,1.0,-1,-1,-1
325,6,1035.00,175.00,173.00,298.00,1.0,-1,-1,-1
325,7,481.00,198.00,217.00,308.00,1.0,-1,-1,-1
325,8,0.00,611.00,16.00,88.00,1.0,-1,-1,-1
326,0,654.00,246.00,187.00,314.00,1.0,-1,-1,-1
326,1,856.00,204.00,143.00,322.00,1.0,-1,-1,-1
326,2,9.00,175.00,156.00,316.00,1.0,-1,-1,-1
326,3,654.00,246.00,187.00,314.00,1.0,-1,-1,-1
326,4,0.00,0.00,0.00,0.00,1.0,-1,-1,-1
326,5,279.00,233.00,166.00,297.00,1.0,-1,-1,-1
326,6,1027.00,169.00,176.00,303.00,1.0,-1,-1,-1
326,7,477.00,202.00,186.00,303.00,1.0,-1,-1,-1
326,8,0.00,615.00,11.00,78.00,1.0,-1,-1,-1
327,0,667.00,245.00,169.00,314.00,1.0,-1,-1,-1
327,1,858.00,199.00,140.00,328.00,1.0,-1,-1,-1
327,2,0.00,175.00,161.00,315.00,1.0,-1,-1,-1
327,3,668.00,245.00,168.00,314.00,1.0,-1,-1,-1
327,4,0.00,0.00,0.00,0.00,1.0,-1,-1,-1
327,5,290.00,231.00,150.00,298.00,1.0,-1,-1,-1
327,6,1024.00,164.00,174.00,307.00,1.0,-1,-1,-1
327,7,475.00,202.00,144.00,302.00,1.0,-1,-1,-1
327,8,0.00,621.00,7.00,59.00,1.0,-1,-1,-1
328,0,676.00,244.00,158.00,315.00,1.0,-1,-1,-1
328,1,861.00,193.00,139.00,329.00,1.0,-1,-1,-1
328,2,0.00,174.00,157.00,314.00,1.0,-1,-1,-1
328,3,677.00,244.00,157.00,315.00,1.0,-1,-1,-1
328,4,0.00,0.00,0.00,0.00,1.0,-1,-1,-1
328,5,305.00,229.00,137.00,302.00,1.0,-1,-1,-1
328,6,1023.00,161.00,172.00,310.00,1.0,-1,-1,-1
328,7,476.00,200.00,134.00,304.00,1.0,-1,-1,-1
328,8,0.00,0.00,0.00,0.00,1.0,-1,-1,-1
329,0,677.00,242.00,158.00,316.00,1.0,-1,-1,-1
329,1,864.00,188.00,138.00,329.00,1.0,-1,-1,-1
329,2,0.00,175.00,152.00,312.00,1.0,-1,-1,-1
329,3,678.00,242.00,157.00,316.00,1.0,-1,-1,-1
329,4,0.00,0.00,0.00,0.00,1.0,-1,-1,-1
329,5,319.00,225.00,126.00,307.00,1.0,-1,-1,-1
329,6,1022.00,160.00,171.00,310.00,1.0,-1,-1,-1
329,7,471.00,199.00,143.00,307.00,1.0,-1,-1,-1
329,8,0.00,0.00,0.00,0.00,1.0,-1,-1,-1
330,0,690.00,240.00,147.00,317.00,1.0,-1,-1,-1
330,1,863.00,184.00,140.00,333.00,1.0,-1,-1,-1
330,2,0.00,173.00,146.00,313.00,1.0,-1,-1,-1
330,3,689.00,240.00,147.00,317.00,1.0,-1,-1,-1
330,4,0.00,0.00,0.00,0.00,1.0,-1,-1,-1
330,5,317.00,222.00,132.00,314.00,1.0,-1,-1,-1
330,6,1025.00,157.00,168.00,313.00,1.0,-1,-1,-1
330,7,471.00,196.00,137.00,309.00,1.0,-1,-1,-1
330,8,0.00,0.00,0.00,0.00,1.0,-1,-1,-1
331,0,712.00,236.00,134.00,320.00,1.0,-1,-1,-1
331,1,860.00,180.00,147.00,341.00,1.0,-1,-1,-1
331,2,0.00,170.00,140.00,317.00,1.0,-1,-1,-1
331,3,712.00,236.00,135.00,320.00,1.0,-1,-1,-1
331,4,0.00,0.00,0.00,0.00,1.0,-1,-1,-1
331,5,321.00,220.00,134.00,317.00,1.0,-1,-1,-1
331,6,1037.00,156.00,156.00,313.00,1.0,-1,-1,-1
331,7,479.00,194.00,126.00,309.00,1.0,-1,-1,-1
331,8,0.00,0.00,0.00,0.00,1.0,-1,-1,-1
332,0,732.00,233.00,133.00,324.00,1.0,-1,-1,-1
332,1,859.00,176.00,150.00,354.00,1.0,-1,-1,-1
332,2,0.00,166.00,133.00,325.00,1.0,-1,-1,-1
332,3,731.00,233.00,134.00,325.00,1.0,-1,-1,-1
332,4,0.00,0.00,0.00,0.00,1.0,-1,-1,-1
332,5,329.00,218.00,132.00,316.00,1.0,-1,-1,-1
332,6,1049.00,152.00,147.00,317.00,1.0,-1,-1,-1
332,7,486.00,191.00,148.00,311.00,1.0,-1,-1,-1
332,8,0.00,0.00,0.00,0.00,1.0,-1,-1,-1
332,9,592.00,164.00,121.00,296.00,1.0,-1,-1,-1
333,0,735.00,230.00,142.00,331.00,1.0,-1,-1,-1
333,1,860.00,170.00,154.00,360.00,1.0,-1,-1,-1
333,2,0.00,161.00,126.00,331.00,1.0,-1,-1,-1
333,3,734.00,230.00,144.00,331.00,1.0,-1,-1,-1
333,4,0.00,0.00,0.00,0.00,1.0,-1,-1,-1
333,5,329.00,216.00,134.00,313.00,1.0,-1,-1,-1
333,6,1063.00,149.00,136.00,321.00,1.0,-1,-1,-1
333,7,496.00,186.00,132.00,317.00,1.0,-1,-1,-1
333,8,0.00,0.00,0.00,0.00,1.0,-1,-1,-1
333,9,598.00,154.00,85.00,306.00,1.0,-1,-1,-1
334,0,738.00,227.00,150.00,342.00,1.0,-1,-1,-1
334,1,867.00,168.00,149.00,363.00,1.0,-1,-1,-1
334,2,3.00,155.00,117.00,333.00,1.0,-1,-1,-1
334,3,738.00,226.00,151.00,344.00,1.0,-1,-1,-1
334,4,0.00,0.00,0.00,0.00,1.0,-1,-1,-1
334,5,339.00,214.00,125.00,313.00,1.0,-1,-1,-1
334,6,1069.00,148.00,131.00,325.00,1.0,-1,-1,-1
334,7,507.00,181.00,109.00,324.00,1.0,-1,-1,-1
334,8,0.00,0.00,0.00,0.00,1.0,-1,-1,-1
334,9,602.00,144.00,81.00,315.00,1.0,-1,-1,-1
335,0,741.00,220.00,153.00,349.00,1.0,-1,-1,-1
335,1,874.00,165.00,146.00,367.00,1.0,-1,-1,-1
335,2,4.00,148.00,112.00,339.00,1.0,-1,-1,-1
335,3,741.00,220.00,154.00,349.00,1.0,-1,-1,-1
335,4,0.00,0.00,0.00,0.00,1.0,-1,-1,-1
335,5,346.00,212.00,121.00,316.00,1.0,-1,-1,-1
335,6,1070.00,145.00,134.00,333.00,1.0,-1,-1,-1
335,7,516.00,176.00,109.00,333.00,1.0,-1,-1,-1
335,8,0.00,0.00,0.00,0.00,1.0,-1,-1,-1
335,9,605.00,134.00,87.00,323.00,1.0,-1,-1,-1
336,0,744.00,213.00,150.00,353.00,1.0,-1,-1,-1
336,1,885.00,162.00,137.00,371.00,1.0,-1,-1,-1
336,2,4.00,141.00,113.00,348.00,1.0,-1,-1,-1
336,3,744.00,213.00,151.00,353.00,1.0,-1,-1,-1
336,4,0.00,0.00,0.00,0.00,1.0,-1,-1,-1
336,5,348.00,208.00,121.00,323.00,1.0,-1,-1,-1
336,6,1072.00,142.00,137.00,336.00,1.0,-1,-1,-1
336,7,516.00,170.00,113.00,344.00,1.0,-1,-1,-1
336,8,0.00,0.00,0.00,0.00,1.0,-1,-1,-1
336,9,609.00,125.00,98.00,334.00,1.0,-1,-1,-1
337,0,746.00,205.00,152.00,361.00,1.0,-1,-1,-1
337,1,894.00,158.00,134.00,375.00,1.0,-1,-1,-1
337,2,3.00,135.00,115.00,361.00,1.0,-1,-1,-1
337,3,746.00,205.00,152.00,361.00,1.0,-1,-1,-1
337,4,0.00,0.00,0.00,0.00,1.0,-1,-1,-1
337,5,347.00,202.00,125.00,335.00,1.0,-1,-1,-1
337,6,1074.00,139.00,142.00,338.00,1.0,-1,-1,-1
337,7,516.00,164.00,117.00,351.00,1.0,-1,-1,-1
337,8,0.00,0.00,0.00,0.00,1.0,-1,-1,-1
337,9,612.00,120.00,117.00,348.00,1.0,-1,-1,-1
338,0,748.00,195.00,150.00,375.00,1.0,-1,-1,-1
338,1,893.00,153.00,141.00,380.00,1.0,-1,-1,-1
338,2,0.00,128.00,118.00,375.00,1.0,-1,-1,-1
338,3,748.00,195.00,150.00,375.00,1.0,-1,-1,-1
338,4,0.00,0.00,0.00,0.00,1.0,-1,-1,-1
338,5,349.00,196.00,125.00,349.00,1.0,-1,-1,-1
338,6,1076.00,136.00,144.00,346.00,1.0,-1,-1,-1
338,7,516.00,158.00,122.00,356.00,1.0,-1,-1,-1
338,8,0.00,0.00,0.00,0.00,1.0,-1,-1,-1
338,9,616.00,116.00,127.00,355.00,1.0,-1,-1,-1
339,0,749.00,187.00,150.00,391.00,1.0,-1,-1,-1
339,1,895.00,148.00,143.00,387.00,1.0,-1,-1,-1
339,2,0.00,124.00,119.00,380.00,1.0,-1,-1,-1
339,3,749.00,187.00,150.00,392.00,1.0,-1,-1,-1
339,4,0.00,0.00,0.00,0.00,1.0,-1,-1,-1
339,5,349.00,188.00,124.00,361.00,1.0,-1,-1,-1
339,6,1077.00,133.00,145.00,357.00,1.0,-1,-1,-1
339,7,517.00,152.00,105.00,363.00,1.0,-1,-1,-1
339,8,0.00,0.00,0.00,0.00,1.0,-1,-1,-1
339,9,621.00,117.00,127.00,355.00,1.0,-1,-1,-1
340,0,753.00,179.00,146.00,403.00,1.0,-1,-1,-1
340,1,896.00,144.00,142.00,392.00,1.0,-1,-1,-1
340,2,0.00,119.00,125.00,386.00,1.0,-1,-1,-1
340,3,753.00,179.00,146.00,403.00,1.0,-1,-1,-1
340,4,0.00,0.00,0.00,0.00,1.0,-1,-1,-1
340,5,350.00,177.00,125.00,373.00,1.0,-1,-1,-1
340,6,1079.00,130.00,146.00,362.00,1.0,-1,-1,-1
340,7,518.00,147.00,103.00,370.00,1.0,-1,-1,-1
340,8,0.00,0.00,0.00,0.00,1.0,-1,-1,-1
340,9,623.00,118.00,128.00,355.00,1.0,-1,-1,-1
341,0,757.00,173.00,143.00,411.00,1.0,-1,-1,-1
341,1,898.00,141.00,143.00,397.00,1.0,-1,-1,-1
341,2,0.00,115.00,131.00,391.00,1.0,-1,-1,-1
341,3,757.00,173.00,143.00,411.00,1.0,-1,-1,-1
341,4,0.00,0.00,0.00,0.00,1.0,-1,-1,-1
341,5,353.00,169.00,135.00,383.00,1.0,-1,-1,-1
341,6,1080.00,127.00,149.00,366.00,1.0,-1,-1,-1
341,7,518.00,143.00,107.00,376.00,1.0,-1,-1,-1
341,8,0.00,0.00,0.00,0.00,1.0,-1,-1,-1
341,9,628.00,112.00,124.00,362.00,1.0,-1,-1,-1
342,0,761.00,162.00,144.00,423.00,1.0,-1,-1,-1
342,1,894.00,138.00,147.00,401.00,1.0,-1,-1,-1
342,2,0.00,112.00,133.00,395.00,1.0,-1,-1,-1
342,3,761.00,162.00,145.00,423.00,1.0,-1,-1,-1
342,4,0.00,0.00,0.00,0.00,1.0,-1,-1,-1
342,5,355.00,159.00,135.00,394.00,1.0,-1,-1,-1
342,6,1079.00,124.00,153.00,370.00,1.0,-1,-1,-1
342,7,519.00,139.00,115.00,380.00,1.0,-1,-1,-1
342,8,0.00,0.00,0.00,0.00,1.0,-1,-1,-1
342,9,631.00,105.00,123.00,370.00,1.0,-1,-1,-1
342,10,451.00,639.00,119.00,81.00,1.0,-1,-1,-1
343,0,765.00,157.00,137.00,429.00,1.0,-1,-1,-1
343,1,895.00,136.00,147.00,405.00,1.0,-1,-1,-1
343,2,0.00,109.00,137.00,399.00,1.0,-1,-1,-1
343,3,765.00,157.00,139.00,429.00,1.0,-1,-1,-1
343,4,0.00,0.00,0.00,0.00,1.0,-1,-1,-1
343,5,356.00,152.00,136.00,402.00,1.0,-1,-1,-1
343,6,1080.00,122.00,157.00,374.00,1.0,-1,-1,-1
343,7,520.00,136.00,117.00,384.00,1.0,-1,-1,-1
343,8,0.00,0.00,0.00,0.00,1.0,-1,-1,-1
343,9,629.00,101.00,126.00,376.00,1.0,-1,-1,-1
343,10,451.00,640.00,119.00,80.00,1.0,-1,-1,-1
344,0,769.00,153.00,134.00,435.00,1.0,-1,-1,-1
344,1,897.00,135.00,142.00,407.00,1.0,-1,-1,-1
344,2,0.00,108.00,137.00,401.00,1.0,-1,-1,-1
344,3,769.00,153.00,139.00,435.00,1.0,-1,-1,-1
344,4,0.00,0.00,0.00,0.00,1.0,-1,-1,-1
344,5,357.00,146.00,136.00,409.00,1.0,-1,-1,-1
344,6,1082.00,121.00,158.00,376.00,1.0,-1,-1,-1
344,7,521.00,133.00,119.00,389.00,1.0,-1,-1,-1
344,8,0.00,0.00,0.00,0.00,1.0,-1,-1,-1
344,9,638.00,97.00,116.00,381.00,1.0,-1,-1,-1
344,10,450.00,641.00,120.00,79.00,1.0,-1,-1,-1
345,0,774.00,149.00,136.00,440.00,1.0,-1,-1,-1
345,1,902.00,131.00,137.00,412.00,1.0,-1,-1,-1
345,2,0.00,108.00,139.00,401.00,1.0,-1,-1,-1
345,3,774.00,149.00,144.00,440.00,1.0,-1,-1,-1
345,4,0.00,0.00,0.00,0.00,1.0,-1,-1,-1
345,5,358.00,139.00,135.00,416.00,1.0,-1,-1,-1
345,6,1086.00,121.00,157.00,377.00,1.0,-1,-1,-1
345,7,522.00,131.00,119.00,391.00,1.0,-1,-1,-1
345,8,0.00,0.00,0.00,0.00,1.0,-1,-1,-1
345,9,639.00,92.00,120.00,387.00,1.0,-1,-1,-1
345,10,449.00,641.00,120.00,79.00,1.0,-1,-1,-1
346,0,778.00,144.00,146.00,446.00,1.0,-1,-1,-1
346,1,914.00,120.00,123.00,425.00,1.0,-1,-1,-1
346,2,0.00,108.00,141.00,402.00,1.0,-1,-1,-1
346,3,778.00,144.00,147.00,446.00,1.0,-1,-1,-1
346,4,0.00,0.00,0.00,0.00,1.0,-1,-1,-1
346,5,360.00,133.00,131.00,423.00,1.0,-1,-1,-1
346,6,1087.00,120.00,159.00,379.00,1.0,-1,-1,-1
346,7,525.00,130.00,115.00,393.00,1.0,-1,-1,-1
346,8,0.00,0.00,0.00,0.00,1.0,-1,-1,-1
346,9,640.00,90.00,121.00,390.00,1.0,-1,-1,-1
346,10,449.00,643.00,120.00,77.00,1.0,-1,-1,-1
347,0,783.00,143.00,143.00,448.00,1.0,-1,-1,-1
347,1,917.00,112.00,118.00,434.00,1.0,-1,-1,-1
347,2,0.00,109.00,139.00,402.00,1.0,-1,-1,-1
347,3,783.00,143.00,143.00,448.00,1.0,-1,-1,-1
347,4,0.00,0.00,0.00,0.00,1.0,-1,-1,-1
347,5,361.00,129.00,130.00,428.00,1.0,-1,-1,-1
347,6,1090.00,120.00,159.00,381.00,1.0,-1,-1,-1
347,7,528.00,130.00,113.00,394.00,1.0,-1,-1,-1
347,8,0.00,0.00,0.00,0.00,1.0,-1,-1,-1
347,9,639.00,86.00,127.00,395.00,1.0,-1,-1,-1
347,10,449.00,644.00,121.00,76.00,1.0,-1,-1,-1
348,0,787.00,141.00,138.00,451.00,1.0,-1,-1,-1
348,1,920.00,105.00,111.00,442.00,1.0,-1,-1,-1
348,2,0.00,111.00,139.00,401.00,1.0,-1,-1,-1
348,3,787.00,141.00,137.00,451.00,1.0,-1,-1,-1
348,4,0.00,0.00,0.00,0.00,1.0,-1,-1,-1
348,5,365.00,127.00,127.00,431.00,1.0,-1,-1,-1
348,6,1094.00,121.00,159.00,381.00,1.0,-1,-1,-1
348,7,531.00,130.00,112.00,395.00,1.0,-1,-1,-1
348,8,0.00,0.00,0.00,0.00,1.0,-1,-1,-1
348,9,641.00,84.00,128.00,398.00,1.0,-1,-1,-1
348,10,451.00,645.00,119.00,75.00,1.0,-1,-1,-1
349,0,792.00,142.00,133.00,450.00,1.0,-1,-1,-1
349,1,923.00,98.00,105.00,449.00,1.0,-1,-1,-1
349,2,0.00,111.00,140.00,401.00,1.0,-1,-1,-1
349,3,792.00,141.00,133.00,451.00,1.0,-1,-1,-1
349,4,0.00,0.00,0.00,0.00,1.0,-1,-1,-1
349,5,365.00,126.00,130.00,433.00,1.0,-1,-1,-1
349,6,1097.00,122.00,158.00,381.00,1.0,-1,-1,-1
349,7,533.00,128.00,112.00,398.00,1.0,-1,-1,-1
349,8,0.00,0.00,0.00,0.00,1.0,-1,-1,-1
349,9,641.00,85.00,130.00,398.00,1.0,-1,-1,-1
349,10,452.00,645.00,120.00,75.00,1.0,-1,-1,-1
350,0,796.00,143.00,135.00,450.00,1.0,-1,-1,-1
350,1,926.00,90.00,99.00,459.00,1.0,-1,-1,-1
350,2,0.00,112.00,138.00,401.00,1.0,-1,-1,-1
350,3,795.00,142.00,140.00,451.00,1.0,-1,-1,-1
350,4,0.00,0.00,0.00,0.00,1.0,-1,-1,-1
350,5,370.00,127.00,125.00,433.00,1.0,-1,-1,-1
350,6,1101.00,122.00,156.00,381.00,1.0,-1,-1,-1
350,7,535.00,128.00,109.00,399.00,1.0,-1,-1,-1
350,8,0.00,0.00,0.00,0.00,1.0,-1,-1,-1
350,9,641.00,85.00,134.00,399.00,1.0,-1,-1,-1
350,10,452.00,647.00,121.00,73.00,1.0,-1,-1,-1
351,0,799.00,138.00,141.00,457.00,1.0,-1,-1,-1
351,1,929.00,82.00,97.00,468.00,1.0,-1,-1,-1
351,2,0.00,108.00,139.00,406.00,1.0,-1,-1,-1
351,3,799.00,138.00,141.00,457.00,1.0,-1,-1,-1
351,4,0.00,0.00,0.00,0.00,1.0,-1,-1,-1
351,5,6.00,113.00,489.00,448.00,1.0,-1,-1,-1
351,6,1106.00,122.00,155.00,383.00,1.0,-1,-1,-1
351,7,537.00,129.00,117.00,399.00,1.0,-1,-1,-1
351,8,0.00,0.00,0.00,0.00,1.0,-1,-1,-1
351,9,642.00,83.00,138.00,402.00,1.0,-1,-1,-1
351,10,454.00,648.00,122.00,72.00,1.0,-1,-1,-1
352,0,802.00,136.00,141.00,459.00,1.0,-1,-1,-1
352,1,929.00,77.00,97.00,475.00,1.0,-1,-1,-1
352,2,0.00,104.00,139.00,411.00,1.0,-1,-1,-1
352,3,802.00,135.00,141.00,460.00,1.0,-1,-1,-1
352,4,0.00,0.00,0.00,0.00,1.0,-1,-1,-1
352,5,375.00,129.00,123.00,433.00,1.0,-1,-1,-1
352,6,1108.00,123.00,155.00,382.00,1.0,-1,-1,-1
352,7,539.00,129.00,130.00,400.00,1.0,-1,-1,-1
352,8,0.00,0.00,0.00,0.00,1.0,-1,-1,-1
352,9,652.00,83.00,132.00,403.00,1.0,-1,-1,-1
352,10,456.00,648.00,121.00,72.00,1.0,-1,-1,-1
353,0,804.00,133.00,140.00,463.00,1.0,-1,-1,-1
353,1,933.00,77.00,96.00,475.00,1.0,-1,-1,-1
353,2,0.00,102.00,140.00,414.00,1.0,-1,-1,-1
353,3,804.00,133.00,140.00,463.00,1.0,-1,-1,-1
353,4,0.00,0.00,0.00,0.00,1.0,-1,-1,-1
353,5,377.00,130.00,122.00,433.00,1.0,-1,-1,-1
353,6,1111.00,123.00,155.00,383.00,1.0,-1,-1,-1
353,7,542.00,129.00,126.00,401.00,1.0,-1,-1,-1
353,8,0.00,0.00,0.00,0.00,1.0,-1,-1,-1
353,9,647.00,84.00,142.00,402.00,1.0,-1,-1,-1
353,10,457.00,650.00,121.00,70.00,1.0,-1,-1,-1
354,0,807.00,131.00,139.00,466.00,1.0,-1,-1,-1
354,1,935.00,77.00,98.00,476.00,1.0,-1,-1,-1
354,2,0.00,100.00,141.00,417.00,1.0,-1,-1,-1
354,3,807.00,131.00,139.00,466.00,1.0,-1,-1,-1
354,4,0.00,0.00,0.00,0.00,1.0,-1,-1,-1
354,5,379.00,126.00,122.00,438.00,1.0,-1,-1,-1
354,6,1117.00,123.00,151.00,383.00,1.0,-1,-1,-1
354,7,542.00,130.00,127.00,400.00,1.0,-1,-1,-1
354,8,0.00,0.00,0.00,0.00,1.0,-1,-1,-1
354,9,650.00,83.00,144.00,404.00,1.0,-1,-1,-1
354,10,459.00,650.00,122.00,70.00,1.0,-1,-1,-1
355,0,808.00,131.00,141.00,467.00,1.0,-1,-1,-1
355,1,938.00,81.00,97.00,473.00,1.0,-1,-1,-1
355,2,0.00,100.00,142.00,418.00,1.0,-1,-1,-1
355,3,808.00,131.00,141.00,467.00,1.0,-1,-1,-1
355,4,0.00,0.00,0.00,0.00,1.0,-1,-1,-1
355,5,382.00,121.00,119.00,444.00,1.0,-1,-1,-1
355,6,1120.00,123.00,149.00,385.00,1.0,-1,-1,-1
355,7,545.00,130.00,125.00,401.00,1.0,-1,-1,-1
355,8,0.00,0.00,0.00,0.00,1.0,-1,-1,-1
355,9,662.00,83.00,136.00,405.00,1.0,-1,-1,-1
355,10,461.00,651.00,122.00,69.00,1.0,-1,-1,-1
356,0,810.00,132.00,140.00,466.00,1.0,-1,-1,-1
356,1,939.00,80.00,100.00,474.00,1.0,-1,-1,-1
356,2,0.00,99.00,142.00,420.00,1.0,-1,-1,-1
356,3,810.00,131.00,140.00,467.00,1.0,-1,-1,-1
356,4,0.00,0.00,0.00,0.00,1.0,-1,-1,-1
356,5,384.00,116.00,120.00,449.00,1.0,-1,-1,-1
356,6,1124.00,123.00,148.00,385.00,1.0,-1,-1,-1
356,7,547.00,129.00,124.00,403.00,1.0,-1,-1,-1
356,8,0.00,0.00,0.00,0.00,1.0,-1,-1,-1
356,9,657.00,85.00,145.00,404.00,1.0,-1,-1,-1
356,10,464.00,652.00,120.00,68.00,1.0,-1,-1,-1
357,0,812.00,133.00,139.00,466.00,1.0,-1,-1,-1
357,1,942.00,80.00,99.00,476.00,1.0,-1,-1,-1
357,2,4.00,100.00,141.00,420.00,1.0,-1,-1,-1
357,3,812.00,133.00,139.00,466.00,1.0,-1,-1,-1
357,4,0.00,0.00,0.00,0.00,1.0,-1,-1,-1
357,5,386.00,115.00,118.00,451.00,1.0,-1,-1,-1
357,6,1128.00,124.00,147.00,385.00,1.0,-1,-1,-1
357,7,550.00,128.00,121.00,405.00,1.0,-1,-1,-1
357,8,0.00,0.00,0.00,0.00,1.0,-1,-1,-1
357,9,692.00,87.00,114.00,403.00,1.0,-1,-1,-1
357,10,466.00,652.00,121.00,68.00,1.0,-1,-1,-1
358,0,813.00,133.00,139.00,468.00,1.0,-1,-1,-1
358,1,944.00,82.00,99.00,475.00,1.0,-1,-1,-1
358,2,6.00,101.00,140.00,420.00,1.0,-1,-1,-1
358,3,813.00,133.00,138.00,468.00,1.0,-1,-1,-1
358,4,0.00,0.00,0.00,0.00,1.0,-1,-1,-1
358,5,387.00,114.00,119.00,454.00,1.0,-1,-1,-1
358,6,1132.00,125.00,144.00,385.00,1.0,-1,-1,-1
358,7,551.00,126.00,118.00,409.00,1.0,-1,-1,-1
358,8,0.00,0.00,0.00,0.00,1.0,-1,-1,-1
358,9,696.00,89.00,115.00,402.00,1.0,-1,-1,-1
358,10,468.00,654.00,121.00,66.00,1.0,-1,-1,-1
359,0,815.00,132.00,136.00,470.00,1.0,-1,-1,-1
359,1,947.00,83.00,100.00,475.00,1.0,-1,-1,-1
359,2,8.00,102.00,141.00,420.00,1.0,-1,-1,-1
359,3,815.00,132.00,135.00,470.00,1.0,-1,-1,-1
359,4,0.00,0.00,0.00,0.00,1.0,-1,-1,-1
359,5,388.00,113.00,116.00,456.00,1.0,-1,-1,-1
359,6,1135.00,125.00,145.00,387.00,1.0,-1,-1,-1
359,7,554.00,128.00,111.00,408.00,1.0,-1,-1,-1
359,8,0.00,0.00,0.00,0.00,1.0,-1,-1,-1
359,9,701.00,89.00,114.00,403.00,1.0,-1,-1,-1
359,10,471.00,656.00,122.00,64.00,1.0,-1,-1,-1
360,0,818.00,131.00,134.00,472.00,1.0,-1,-1,-1
360,1,949.00,88.00,102.00,472.00,1.0,-1,-1,-1
360,2,12.00,105.00,140.00,419.00,1.0,-1,-1,-1
360,3,818.00,131.00,133.00,472.00,1.0,-1,-1,-1
360,4,0.00,0.00,0.00,0.00,1.0,-1,-1,-1
360,5,391.00,111.00,117.00,459.00,1.0,-1,-1,-1
360,6,1140.00,125.00,140.00,388.00,1.0,-1,-1,-1
360,7,556.00,130.00,108.00,407.00,1.0,-1,-1,-1
360,8,0.00,0.00,0.00,0.00,1.0,-1,-1,-1
360,9,705.00,94.00,113.00,400.00,1.0,-1,-1,-1
360,10,473.00,656.00,122.00,64.00,1.0,-1,-1,-1
361,0,819.00,126.00,132.00,479.00,1.0,-1,-1,-1
361,1,952.00,91.00,104.00,470.00,1.0,-1,-1,-1
361,2,17.00,109.00,140.00,416.00,1.0,-1,-1,-1
361,3,819.00,126.00,132.00,479.00,1.0,-1,-1,-1
361,4,0.00,0.00,0.00,0.00,1.0,-1,-1,-1
361,5,394.00,108.00,117.00,464.00,1.0,-1,-1,-1
361,6,1145.00,123.00,135.00,391.00,1.0,-1,-1,-1
361,7,558.00,129.00,111.00,409.00,1.0,-1,-1,-1
361,8,0.00,0.00,0.00,0.00,1.0,-1,-1,-1
361,9,712.00,96.00,112.00,399.00,1.0,-1,-1,-1
361,10,474.00,658.00,123.00,62.00,1.0,-1,-1,-1
362,0,820.00,120.00,133.00,487.00,1.0,-1,-1,-1
362,1,955.00,96.00,105.00,466.00,1.0,-1,-1,-1
362,2,21.00,101.00,134.00,426.00,1.0,-1,-1,-1
362,3,820.00,120.00,133.00,487.00,1.0,-1,-1,-1
362,4,0.00,0.00,0.00,0.00,1.0,-1,-1,-1
362,5,394.00,98.00,112.00,475.00,1.0,-1,-1,-1
362,6,1147.00,113.00,133.00,402.00,1.0,-1,-1,-1
362,7,560.00,129.00,118.00,411.00,1.0,-1,-1,-1
362,8,0.00,0.00,0.00,0.00,1.0,-1,-1,-1
362,9,716.00,98.00,113.00,399.00,1.0,-1,-1,-1
362,10,477.00,660.00,123.00,60.00,1.0,-1,-1,-1
363,0,823.00,112.00,134.00,497.00,1.0,-1,-1,-1
363,1,959.00,100.00,104.00,466.00,1.0,-1,-1,-1
363,2,26.00,96.00,133.00,433.00,1.0,-1,-1,-1
363,3,823.00,112.00,134.00,497.00,1.0,-1,-1,-1
363,4,0.00,0.00,0.00,0.00,1.0,-1,-1,-1
363,5,398.00,84.00,104.00,492.00,1.0,-1,-1,-1
363,6,1149.00,111.00,131.00,406.00,1.0,-1,-1,-1
363,7,562.00,123.00,130.00,419.00,1.0,-1,-1,-1
363,8,0.00,0.00,0.00,0.00,1.0,-1,-1,-1
363,9,719.00,101.00,115.00,398.00,1.0,-1,-1,-1
363,10,482.00,663.00,121.00,57.00,1.0,-1,-1,-1
364,0,826.00,106.00,134.00,505.00,1.0,-1,-1,-1
364,1,961.00,105.00,108.00,462.00,1.0,-1,-1,-1
364,2,32.00,85.00,142.00,445.00,1.0,-1,-1,-1
364,3,825.00,105.00,135.00,506.00,1.0,-1,-1,-1
364,4,0.00,0.00,0.00,0.00,1.0,-1,-1,-1
364,5,402.00,71.00,110.00,506.00,1.0,-1,-1,-1
364,6,1151.00,87.00,129.00,433.00,1.0,-1,-1,-1
364,7,562.00,98.00,149.00,443.00,1.0,-1,-1,-1
364,8,0.00,648.00,6.00,47.00,1.0,-1,-1,-1
364,9,721.00,102.00,118.00,400.00,1.0,-1,-1,-1
364,10,485.00,663.00,121.00,57.00,1.0,-1,-1,-1
365,0,828.00,100.00,139.00,512.00,1.0,-1,-1,-1
365,1,963.00,107.00,111.00,462.00,1.0,-1,-1,-1
365,2,34.00,81.00,160.00,450.00,1.0,-1,-1,-1
365,3,828.00,100.00,139.00,512.00,1.0,-1,-1,-1
365,4,0.00,0.00,0.00,0.00,1.0,-1,-1,-1
365,5,398.00,53.00,205.00,524.00,1.0,-1,-1,-1
365,6,1144.00,63.00,136.00,457.00,1.0,-1,-1,-1
365,7,563.00,74.00,175.00,467.00,1.0,-1,-1,-1
365,8,0.00,643.00,8.00,64.00,1.0,-1,-1,-1
365,9,723.00,106.00,125.00,399.00,1.0,-1,-1,-1
365,10,488.00,664.00,120.00,56.00,1.0,-1,-1,-1
366,0,828.00,92.00,149.00,522.00,1.0,-1,-1,-1
366,1,965.00,109.00,113.00,462.00,1.0,-1,-1,-1
366,2,36.00,69.00,179.00,464.00,1.0,-1,-1,-1
366,3,828.00,91.00,149.00,523.00,1.0,-1,-1,-1
366,4,0.00,0.00,0.00,0.00,1.0,-1,-1,-1
366,5,383.00,49.00,167.00,527.00,1.0,-1,-1,-1
366,6,1117.00,48.00,163.00,474.00,1.0,-1,-1,-1
366,7,551.00,54.00,197.00,488.00,1.0,-1,-1,-1
366,8,0.00,639.00,13.00,78.00,1.0,-1,-1,-1
366,9,726.00,106.00,135.00,404.00,1.0,-1,-1,-1
366,10,494.00,665.00,117.00,55.00,1.0,-1,-1,-1
367,0,824.00,83.00,152.00,533.00,1.0,-1,-1,-1
367,1,962.00,108.00,125.00,465.00,1.0,-1,-1,-1
367,2,30.00,54.00,213.00,481.00,1.0,-1,-1,-1
367,3,824.00,82.00,152.00,534.00,1.0,-1,-1,-1
367,4,0.00,0.00,0.00,0.00,1.0,-1,-1,-1
367,5,365.00,40.00,225.00,537.00,1.0,-1,-1,-1
367,6,1096.00,52.00,184.00,472.00,1.0,-1,-1,-1
367,7,538.00,47.00,201.00,497.00,1.0,-1,-1,-1
367,8,0.00,636.00,16.00,84.00,1.0,-1,-1,-1
367,9,719.00,110.00,134.00,400.00,1.0,-1,-1,-1
367,10,497.00,668.00,118.00,52.00,1.0,-1,-1,-1
368,0,822.00,81.00,167.00,537.00,1.0,-1,-1,-1
368,1,951.00,114.00,150.00,460.00,1.0,-1,-1,-1
368,2,6.00,44.00,253.00,492.00,1.0,-1,-1,-1
368,3,820.00,80.00,170.00,538.00,1.0,-1,-1,-1
368,4,0.00,0.00,0.00,0.00,1.0,-1,-1,-1
368,5,345.00,45.00,250.00,533.00,1.0,-1,-1,-1
368,6,1078.00,61.00,202.00,465.00,1.0,-1,-1,-1
368,7,530.00,59.00,226.00,487.00,1.0,-1,-1,-1
368,8,0.00,635.00,20.00,85.00,1.0,-1,-1,-1
368,9,712.00,81.00,161.00,425.00,1.0,-1,-1,-1
368,10,500.00,670.00,118.00,50.00,1.0,-1,-1,-1
369,0,787.00,70.00,219.00,550.00,1.0,-1,-1,-1
369,1,950.00,98.00,167.00,478.00,1.0,-1,-1,-1
369,2,0.00,41.00,269.00,497.00,1.0,-1,-1,-1
369,3,787.00,70.00,220.00,550.00,1.0,-1,-1,-1
369,4,0.00,0.00,0.00,0.00,1.0,-1,-1,-1
369,5,328.00,51.00,287.00,529.00,1.0,-1,-1,-1
369,6,1063.00,71.00,217.00,457.00,1.0,-1,-1,-1
369,7,522.00,75.00,248.00,473.00,1.0,-1,-1,-1
369,8,0.00,636.00,23.00,84.00,1.0,-1,-1,-1
369,9,718.00,69.00,165.00,439.00,1.0,-1,-1,-1
369,10,505.00,672.00,113.00,48.00,1.0,-1,-1,-1
370,0,761.00,65.00,255.00,556.00,1.0,-1,-1,-1
370,1,947.00,153.00,177.00,425.00,1.0,-1,-1,-1
370,2,0.00,40.00,274.00,499.00,1.0,-1,-1,-1
370,3,761.00,65.00,255.00,557.00,1.0,-1,-1,-1
370,4,0.00,0.00,0.00,0.00,1.0,-1,-1,-1
370,5,314.00,60.00,317.00,522.00,1.0,-1,-1,-1
370,6,1060.00,77.00,220.00,453.00,1.0,-1,-1,-1
370,7,517.00,97.00,258.00,452.00,1.0,-1,-1,-1
370,8,0.00,635.00,27.00,85.00,1.0,-1,-1,-1
370,9,724.00,63.00,189.00,453.00,1.0,-1,-1,-1
370,10,508.00,674.00,113.00,46.00,1.0,-1,-1,-1
371,0,739.00,77.00,287.00,546.00,1.0,-1,-1,-1
371,1,944.00,156.00,197.00,424.00,1.0,-1,-1,-1
371,2,0.00,42.00,283.00,499.00,1.0,-1,-1,-1
371,3,738.00,76.00,288.00,547.00,1.0,-1,-1,-1
371,4,0.00,0.00,0.00,0.00,1.0,-1,-1,-1
371,5,302.00,70.00,339.00,513.00,1.0,-1,-1,-1
371,6,1062.00,83.00,218.00,448.00,1.0,-1,-1,-1
371,7,513.00,97.00,286.00,454.00,1.0,-1,-1,-1
371,8,0.00,635.00,30.00,85.00,1.0,-1,-1,-1
371,9,736.00,75.00,190.00,444.00,1.0,-1,-1,-1
371,10,514.00,675.00,109.00,45.00,1.0,-1,-1,-1
372,0,724.00,79.00,309.00,546.00,1.0,-1,-1,-1
372,1,944.00,116.00,197.00,466.00,1.0,-1,-1,-1
372,2,0.00,43.00,285.00,500.00,1.0,-1,-1,-1
372,3,724.00,80.00,309.00,545.00,1.0,-1,-1,-1
372,4,0.00,0.00,0.00,0.00,1.0,-1,-1,-1
372,5,295.00,78.00,354.00,507.00,1.0,-1,-1,-1
372,6,1062.00,83.00,218.00,451.00,1.0,-1,-1,-1
372,7,514.00,103.00,279.00,449.00,1.0,-1,-1,-1
372,8,0.00,636.00,34.00,84.00,1.0,-1,-1,-1
372,9,739.00,77.00,191.00,443.00,1.0,-1,-1,-1
372,10,518.00,676.00,108.00,44.00,1.0,-1,-1,-1
373,0,715.00,87.00,321.00,541.00,1.0,-1,-1,-1
373,1,944.00,126.00,198.00,458.00,1.0,-1,-1,-1
373,2,0.00,45.00,285.00,500.00,1.0,-1,-1,-1
373,3,715.00,86.00,323.00,541.00,1.0,-1,-1,-1
373,4,0.00,0.00,0.00,0.00,1.0,-1,-1,-1
373,5,289.00,84.00,364.00,503.00,1.0,-1,-1,-1
373,6,1066.00,85.00,214.00,451.00,1.0,-1,-1,-1
373,7,516.00,108.00,277.00,446.00,1.0,-1,-1,-1
373,8,0.00,638.00,38.00,82.00,1.0,-1,-1,-1
373,9,742.00,89.00,191.00,433.00,1.0,-1,-1,-1
373,10,526.00,678.00,103.00,42.00,1.0,-1,-1,-1
374,0,708.00,90.00,332.00,539.00,1.0,-1,-1,-1
374,1,943.00,138.00,202.00,448.00,1.0,-1,-1,-1
374,2,0.00,48.00,286.00,499.00,1.0,-1,-1,-1
374,3,708.00,90.00,332.00,539.00,1.0,-1,-1,-1
374,4,0.00,0.00,0.00,0.00,1.0,-1,-1,-1
374,5,286.00,91.00,368.00,498.00,1.0,-1,-1,-1
374,6,1069.00,87.00,211.00,450.00,1.0,-1,-1,-1
374,7,521.00,112.00,269.00,444.00,1.0,-1,-1,-1
374,8,0.00,639.00,43.00,81.00,1.0,-1,-1,-1
374,9,747.00,90.00,186.00,434.00,1.0,-1,-1,-1
374,10,533.00,680.00,99.00,40.00,1.0,-1,-1,-1
375,0,702.00,91.00,341.00,540.00,1.0,-1,-1,-1
375,1,942.00,148.00,211.00,440.00,1.0,-1,-1,-1
375,2,0.00,50.00,286.00,499.00,1.0,-1,-1,-1
375,3,702.00,91.00,339.00,540.00,1.0,-1,-1,-1
375,4,0.00,0.00,0.00,0.00,1.0,-1,-1,-1
375,5,283.00,92.00,371.00,499.00,1.0,-1,-1,-1
375,6,1072.00,90.00,208.00,449.00,1.0,-1,-1,-1
375,7,526.00,113.00,256.00,445.00,1.0,-1,-1,-1
375,8,0.00,640.00,46.00,80.00,1.0,-1,-1,-1
375,9,751.00,91.00,177.00,435.00,1.0,-1,-1,-1
375,10,536.00,682.00,98.00,38.00,1.0,-1,-1,-1
376,0,696.00,93.00,333.00,539.00,1.0,-1,-1,-1
376,1,939.00,161.00,225.00,428.00,1.0,-1,-1,-1
376,2,0.00,55.00,284.00,495.00,1.0,-1,-1,-1
376,3,696.00,93.00,333.00,539.00,1.0,-1,-1,-1
376,4,0.00,0.00,0.00,0.00,1.0,-1,-1,-1
376,5,283.00,96.00,372.00,496.00,1.0,-1,-1,-1
376,6,1073.00,91.00,207.00,449.00,1.0,-1,-1,-1
376,7,533.00,117.00,253.00,442.00,1.0,-1,-1,-1
376,8,0.00,642.00,51.00,78.00,1.0,-1,-1,-1
376,9,756.00,93.00,169.00,435.00,1.0,-1,-1,-1
376,10,544.00,683.00,93.00,37.00,1.0,-1,-1,-1
377,0,695.00,95.00,328.00,538.00,1.0,-1,-1,-1
377,1,935.00,178.00,229.00,412.00,1.0,-1,-1,-1
377,2,0.00,58.00,281.00,493.00,1.0,-1,-1,-1
377,3,694.00,95.00,329.00,538.00,1.0,-1,-1,-1
377,4,0.00,0.00,0.00,0.00,1.0,-1,-1,-1
377,5,284.00,102.00,369.00,491.00,1.0,-1,-1,-1
377,6,1075.00,94.00,205.00,448.00,1.0,-1,-1,-1
377,7,541.00,119.00,219.00,442.00,1.0,-1,-1,-1
377,8,0.00,643.00,54.00,77.00,1.0,-1,-1,-1
377,9,763.00,95.00,160.00,434.00,1.0,-1,-1,-1
377,10,547.00,685.00,94.00,35.00,1.0,-1,-1,-1
378,0,698.00,104.00,308.00,530.00,1.0,-1,-1,-1
378,1,934.00,128.00,225.00,462.00,1.0,-1,-1,-1
378,2,0.00,62.00,279.00,490.00,1.0,-1,-1,-1
378,3,698.00,98.00,309.00,536.00,1.0,-1,-1,-1
378,4,0.00,0.00,0.00,0.00,1.0,-1,-1,-1
378,5,286.00,107.00,365.00,487.00,1.0,-1,-1,-1
378,6,1077.00,98.00,203.00,443.00,1.0,-1,-1,-1
378,7,547.00,121.00,256.00,440.00,1.0,-1,-1,-1
378,8,0.00,643.00,57.00,77.00,1.0,-1,-1,-1
378,9,771.00,98.00,135.00,431.00,1.0,-1,-1,-1
378,10,551.00,685.00,93.00,35.00,1.0,-1,-1,-1
379,0,697.00,124.00,310.00,510.00,1.0,-1,-1,-1
379,1,930.00,137.00,222.00,454.00,1.0,-1,-1,-1
379,2,0.00,66.00,274.00,486.00,1.0,-1,-1,-1
379,3,696.00,99.00,311.00,535.00,1.0,-1,-1,-1
379,4,0.00,0.00,0.00,0.00,1.0,-1,-1,-1
379,5,289.00,112.00,350.00,482.00,1.0,-1,-1,-1
379,6,1080.00,103.00,200.00,436.00,1.0,-1,-1,-1
379,7,555.00,125.00,251.00,436.00,1.0,-1,-1,-1
379,8,0.00,644.00,62.00,76.00,1.0,-1,-1,-1
379,9,797.00,100.00,119.00,430.00,1.0,-1,-1,-1
379,10,554.00,686.00,94.00,34.00,1.0,-1,-1,-1
380,0,700.00,132.00,312.00,502.00,1.0,-1,-1,-1
380,1,926.00,142.00,220.00,449.00,1.0,-1,-1,-1
380,2,0.00,69.00,265.00,483.00,1.0,-1,-1,-1
380,3,694.00,102.00,318.00,532.00,1.0,-1,-1,-1
380,4,0.00,0.00,0.00,0.00,1.0,-1,-1,-1
380,5,294.00,117.00,344.00,477.00,1.0,-1,-1,-1
380,6,1088.00,107.00,192.00,413.00,1.0,-1,-1,-1
380,7,565.00,130.00,238.00,431.00,1.0,-1,-1,-1
380,8,0.00,644.00,67.00,76.00,1.0,-1,-1,-1
380,9,796.00,105.00,117.00,425.00,1.0,-1,-1,-1
380,10,559.00,685.00,93.00,35.00,1.0,-1,-1,-1
381,0,692.00,108.00,324.00,526.00,1.0,-1,-1,-1
381,1,920.00,149.00,218.00,442.00,1.0,-1,-1,-1
381,2,0.00,73.00,260.00,479.00,1.0,-1,-1,-1
381,3,694.00,107.00,322.00,527.00,1.0,-1,-1,-1
381,4,0.00,0.00,0.00,0.00,1.0,-1,-1,-1
381,5,297.00,125.00,334.00,469.00,1.0,-1,-1,-1
381,6,1088.00,112.00,192.00,385.00,1.0,-1,-1,-1
381,7,576.00,131.00,229.00,430.00,1.0,-1,-1,-1
381,8,0.00,644.00,72.00,76.00,1.0,-1,-1,-1
381,9,843.00,135.00,82.00,394.00,1.0,-1,-1,-1
381,10,565.00,685.00,92.00,35.00,1.0,-1,-1,-1
382,0,679.00,113.00,335.00,521.00,1.0,-1,-1,-1
382,1,917.00,159.00,221.00,431.00,1.0,-1,-1,-1
382,2,10.00,78.00,241.00,473.00,1.0,-1,-1,-1
382,3,679.00,113.00,335.00,521.00,1.0,-1,-1,-1
382,4,0.00,0.00,0.00,0.00,1.0,-1,-1,-1
382,5,290.00,134.00,340.00,459.00,1.0,-1,-1,-1
382,6,1088.00,119.00,192.00,393.00,1.0,-1,-1,-1
382,7,584.00,136.00,216.00,425.00,1.0,-1,-1,-1
382,8,0.00,643.00,76.00,77.00,1.0,-1,-1,-1
382,9,810.00,165.00,114.00,349.00,1.0,-1,-1,-1
382,10,568.00,685.00,93.00,35.00,1.0,-1,-1,-1
383,0,672.00,126.00,335.00,506.00,1.0,-1,-1,-1
383,1,914.00,171.00,222.00,418.00,1.0,-1,-1,-1
383,2,23.00,85.00,213.00,464.00,1.0,-1,-1,-1
383,3,675.00,123.00,331.00,509.00,1.0,-1,-1,-1
383,4,0.00,0.00,0.00,0.00,1.0,-1,-1,-1
383,5,285.00,146.00,338.00,446.00,1.0,-1,-1,-1
383,6,1087.00,126.00,193.00,406.00,1.0,-1,-1,-1
383,7,588.00,143.00,206.00,416.00,1.0,-1,-1,-1
383,8,0.00,641.00,79.00,79.00,1.0,-1,-1,-1
383,9,816.00,166.00,114.00,361.00,1.0,-1,-1,-1
383,10,572.00,683.00,95.00,37.00,1.0,-1,-1,-1
384,0,662.00,147.00,330.00,482.00,1.0,-1,-1,-1
384,1,909.00,188.00,219.00,399.00,1.0,-1,-1,-1
384,2,13.00,94.00,207.00,453.00,1.0,-1,-1,-1
384,3,662.00,146.00,330.00,483.00,1.0,-1,-1,-1
384,4,0.00,0.00,0.00,0.00,1.0,-1,-1,-1
384,5,278.00,160.00,327.00,429.00,1.0,-1,-1,-1
384,6,1087.00,144.00,193.00,389.00,1.0,-1,-1,-1
384,7,593.00,152.00,188.00,405.00,1.0,-1,-1,-1
384,8,0.00,638.00,85.00,82.00,1.0,-1,-1,-1
384,9,797.00,138.00,135.00,388.00,1.0,-1,-1,-1
384,10,572.00,681.00,100.00,39.00,1.0,-1,-1,-1
385,0,728.00,249.00,245.00,377.00,1.0,-1,-1,-1
385,1,911.00,206.00,213.00,380.00,1.0,-1,-1,-1
385,2,4.00,107.00,215.00,437.00,1.0,-1,-1,-1
385,3,682.00,219.00,291.00,407.00,1.0,-1,-1,-1
385,4,0.00,0.00,0.00,0.00,1.0,-1,-1,-1
385,5,270.00,177.00,331.00,410.00,1.0,-1,-1,-1
385,6,1086.00,161.00,194.00,372.00,1.0,-1,-1,-1
385,7,596.00,165.00,169.00,390.00,1.0,-1,-1,-1
385,8,0.00,634.00,89.00,86.00,1.0,-1,-1,-1
385,9,796.00,155.00,140.00,370.00,1.0,-1,-1,-1
385,10,571.00,678.00,104.00,42.00,1.0,-1,-1,-1
386,0,732.00,259.00,220.00,367.00,1.0,-1,-1,-1
386,1,910.00,211.00,216.00,373.00,1.0,-1,-1,-1
386,2,0.00,128.00,224.00,414.00,1.0,-1,-1,-1
386,3,684.00,259.00,268.00,367.00,1.0,-1,-1,-1
386,4,0.00,0.00,0.00,0.00,1.0,-1,-1,-1
386,5,264.00,200.00,326.00,385.00,1.0,-1,-1,-1
386,6,1083.00,178.00,197.00,354.00,1.0,-1,-1,-1
386,7,597.00,180.00,144.00,373.00,1.0,-1,-1,-1
386,8,0.00,632.00,95.00,88.00,1.0,-1,-1,-1
386,9,799.00,172.00,139.00,351.00,1.0,-1,-1,-1
386,10,575.00,676.00,104.00,44.00,1.0,-1,-1,-1
387,0,735.00,267.00,198.00,358.00,1.0,-1,-1,-1
387,1,920.00,213.00,207.00,369.00,1.0,-1,-1,-1
387,2,0.00,159.00,234.00,375.00,1.0,-1,-1,-1
387,3,667.00,267.00,266.00,358.00,1.0,-1,-1,-1
387,4,0.00,0.00,0.00,0.00,1.0,-1,-1,-1
387,5,261.00,206.00,323.00,377.00,1.0,-1,-1,-1
387,6,1090.00,180.00,190.00,349.00,1.0,-1,-1,-1
387,7,596.00,202.00,128.00,349.00,1.0,-1,-1,-1
387,8,8.00,630.00,95.00,90.00,1.0,-1,-1,-1
387,9,802.00,175.00,141.00,346.00,1.0,-1,-1,-1
387,10,577.00,673.00,112.00,47.00,1.0,-1,-1,-1
388,0,727.00,276.00,187.00,348.00,1.0,-1,-1,-1
388,1,954.00,215.00,168.00,365.00,1.0,-1,-1,-1
388,2,0.00,195.00,233.00,333.00,1.0,-1,-1,-1
388,3,666.00,275.00,248.00,349.00,1.0,-1,-1,-1
388,4,0.00,0.00,0.00,0.00,1.0,-1,-1,-1
388,5,261.00,214.00,326.00,367.00,1.0,-1,-1,-1
388,6,1106.00,184.00,174.00,344.00,1.0,-1,-1,-1
388,7,598.00,206.00,124.00,337.00,1.0,-1,-1,-1
388,8,16.00,628.00,94.00,92.00,1.0,-1,-1,-1
388,9,812.00,180.00,131.00,339.00,1.0,-1,-1,-1
388,10,580.00,671.00,114.00,49.00,1.0,-1,-1,-1
389,0,724.00,285.00,174.00,338.00,1.0,-1,-1,-1
389,1,956.00,218.00,153.00,356.00,1.0,-1,-1,-1
389,2,0.00,201.00,219.00,325.00,1.0,-1,-1,-1
389,3,690.00,284.00,208.00,339.00,1.0,-1,-1,-1
389,4,0.00,0.00,0.00,0.00,1.0,-1,-1,-1
389,5,272.00,222.00,311.00,357.00,1.0,-1,-1,-1
389,6,1122.00,191.00,147.00,335.00,1.0,-1,-1,-1
389,7,609.00,209.00,103.00,327.00,1.0,-1,-1,-1
389,8,23.00,626.00,95.00,94.00,1.0,-1,-1,-1
389,9,826.00,185.00,112.00,334.00,1.0,-1,-1,-1
389,10,587.00,669.00,114.00,51.00,1.0,-1,-1,-1
390,0,721.00,291.00,169.00,326.00,1.0,-1,-1,-1
390,1,952.00,220.00,134.00,347.00,1.0,-1,-1,-1
390,2,15.00,203.00,185.00,321.00,1.0,-1,-1,-1
390,3,707.00,289.00,183.00,328.00,1.0,-1,-1,-1
390,4,0.00,0.00,0.00,0.00,1.0,-1,-1,-1
390,5,292.00,229.00,273.00,348.00,1.0,-1,-1,-1
390,6,1130.00,200.00,121.00,324.00,1.0,-1,-1,-1
390,7,581.00,212.00,116.00,322.00,1.0,-1,-1,-1
390,8,34.00,624.00,94.00,96.00,1.0,-1,-1,-1
390,9,824.00,190.00,110.00,326.00,1.0,-1,-1,-1
390,10,591.00,666.00,115.00,54.00,1.0,-1,-1,-1
391,0,717.00,302.00,174.00,310.00,1.0,-1,-1,-1
391,1,945.00,224.00,112.00,337.00,1.0,-1,-1,-1
391,2,42.00,207.00,139.00,315.00,1.0,-1,-1,-1
391,3,717.00,299.00,175.00,313.00,1.0,-1,-1,-1
391,4,0.00,0.00,0.00,0.00,1.0,-1,-1,-1
391,5,316.00,236.00,224.00,338.00,1.0,-1,-1,-1
391,6,1125.00,211.00,106.00,311.00,1.0,-1,-1,-1
391,7,559.00,212.00,137.00,320.00,1.0,-1,-1,-1
391,8,42.00,621.00,93.00,99.00,1.0,-1,-1,-1
391,9,819.00,197.00,110.00,317.00,1.0,-1,-1,-1
391,10,596.00,663.00,113.00,57.00,1.0,-1,-1,-1
392,0,713.00,307.00,178.00,302.00,1.0,-1,-1,-1
392,1,936.00,227.00,102.00,331.00,1.0,-1,-1,-1
392,2,48.00,214.00,138.00,306.00,1.0,-1,-1,-1
392,3,713.00,306.00,179.00,303.00,1.0,-1,-1,-1
392,4,0.00,0.00,0.00,0.00,1.0,-1,-1,-1
392,5,341.00,240.00,166.00,334.00,1.0,-1,-1,-1
392,6,1126.00,223.00,100.00,297.00,1.0,-1,-1,-1
392,7,552.00,214.00,144.00,316.00,1.0,-1,-1,-1
392,8,50.00,618.00,92.00,102.00,1.0,-1,-1,-1
392,9,817.00,210.00,110.00,299.00,1.0,-1,-1,-1
392,10,598.00,659.00,115.00,61.00,1.0,-1,-1,-1
393,0,710.00,313.00,178.00,292.00,1.0,-1,-1,-1
393,1,912.00,233.00,114.00,323.00,1.0,-1,-1,-1
393,2,47.00,226.00,143.00,292.00,1.0,-1,-1,-1
393,3,710.00,313.00,178.00,292.00,1.0,-1,-1,-1
393,4,0.00,0.00,0.00,0.00,1.0,-1,-1,-1
393,5,334.00,249.00,147.00,322.00,1.0,-1,-1,-1
393,6,1117.00,231.00,97.00,286.00,1.0,-1,-1,-1
393,7,548.00,219.00,145.00,308.00,1.0,-1,-1,-1
393,8,59.00,614.00,90.00,106.00,1.0,-1,-1,-1
393,9,819.00,225.00,102.00,281.00,1.0,-1,-1,-1
393,10,598.00,655.00,114.00,65.00,1.0,-1,-1,-1
394,0,704.00,321.00,182.00,280.00,1.0,-1,-1,-1
394,1,896.00,237.00,125.00,316.00,1.0,-1,-1,-1
394,2,54.00,241.00,139.00,275.00,1.0,-1,-1,-1
394,3,704.00,321.00,181.00,280.00,1.0,-1,-1,-1
394,4,0.00,285.00,9.00,17.00,1.0,-1,-1,-1
394,5,330.00,261.00,148.00,306.00,1.0,-1,-1,-1
394,6,1098.00,235.00,110.00,285.00,1.0,-1,-1,-1
394,7,552.00,225.00,136.00,300.00,1.0,-1,-1,-1
394,8,69.00,611.00,90.00,109.00,1.0,-1,-1,-1
394,9,821.00,239.00,96.00,264.00,1.0,-1,-1,-1
394,10,600.00,650.00,112.00,70.00,1.0,-1,-1,-1
395,0,701.00,328.00,181.00,268.00,1.0,-1,-1,-1
395,1,887.00,246.00,131.00,302.00,1.0,-1,-1,-1
395,2,68.00,257.00,130.00,256.00,1.0,-1,-1,-1
395,3,701.00,328.00,181.00,268.00,1.0,-1,-1,-1
395,4,0.00,235.00,18.00,118.00,1.0,-1,-1,-1
395,5,328.00,273.00,146.00,289.00,1.0,-1,-1,-1
395,6,1082.00,239.00,119.00,277.00,1.0,-1,-1,-1
395,7,567.00,231.00,119.00,290.00,1.0,-1,-1,-1
395,8,82.00,605.00,89.00,115.00,1.0,-1,-1,-1
395,9,824.00,249.00,92.00,250.00,1.0,-1,-1,-1
395,10,604.00,644.00,108.00,76.00,1.0,-1,-1,-1
396,0,698.00,334.00,179.00,257.00,1.0,-1,-1,-1
396,1,866.00,255.00,137.00,288.00,1.0,-1,-1,-1
396,2,84.00,260.00,119.00,250.00,1.0,-1,-1,-1
396,3,698.00,334.00,179.00,257.00,1.0,-1,-1,-1
396,4,0.00,217.00,35.00,139.00,1.0,-1,-1,-1
396,5,329.00,289.00,139.00,268.00,1.0,-1,-1,-1
396,6,1070.00,239.00,118.00,275.00,1.0,-1,-1,-1
396,7,579.00,237.00,107.00,280.00,1.0,-1,-1,-1
396,8,94.00,600.00,87.00,120.00,1.0,-1,-1,-1
396,9,826.00,252.00,88.00,243.00,1.0,-1,-1,-1
396,10,604.00,638.00,106.00,82.00,1.0,-1,-1,-1
397,0,698.00,336.00,173.00,252.00,1.0,-1,-1,-1
397,1,855.00,261.00,132.00,279.00,1.0,-1,-1,-1
397,2,87.00,263.00,122.00,244.00,1.0,-1,-1,-1
397,3,698.00,336.00,173.00,252.00,1.0,-1,-1,-1
397,4,0.00,201.00,48.00,156.00,1.0,-1,-1,-1
397,5,321.00,302.00,146.00,247.00,1.0,-1,-1,-1
397,6,1060.00,239.00,113.00,271.00,1.0,-1,-1,-1
397,7,589.00,241.00,97.00,272.00,1.0,-1,-1,-1
397,8,106.00,595.00,85.00,125.00,1.0,-1,-1,-1
397,9,829.00,255.00,82.00,236.00,1.0,-1,-1,-1
397,10,605.00,631.00,104.00,89.00,1.0,-1,-1,-1
398,0,699.00,333.00,172.00,251.00,1.0,-1,-1,-1
398,1,843.00,271.00,126.00,265.00,1.0,-1,-1,-1
398,2,103.00,264.00,119.00,239.00,1.0,-1,-1,-1
398,3,699.00,332.00,172.00,252.00,1.0,-1,-1,-1
398,4,0.00,205.00,61.00,151.00,1.0,-1,-1,-1
398,5,312.00,310.00,157.00,235.00,1.0,-1,-1,-1
398,6,1052.00,237.00,107.00,269.00,1.0,-1,-1,-1
398,7,598.00,246.00,86.00,265.00,1.0,-1,-1,-1
398,8,99.00,590.00,105.00,123.00,1.0,-1,-1,-1
398,9,823.00,256.00,84.00,232.00,1.0,-1,-1,-1
398,10,607.00,625.00,102.00,95.00,1.0,-1,-1,-1
399,0,701.00,331.00,173.00,252.00,1.0,-1,-1,-1
399,1,836.00,277.00,113.00,254.00,1.0,-1,-1,-1
399,2,124.00,265.00,109.00,234.00,1.0,-1,-1,-1
399,3,701.00,331.00,173.00,252.00,1.0,-1,-1,-1
399,4,5.00,210.00,72.00,145.00,1.0,-1,-1,-1
399,5,310.00,311.00,159.00,229.00,1.0,-1,-1,-1
399,6,1043.00,237.00,108.00,266.00,1.0,-1,-1,-1
399,7,601.00,249.00,82.00,258.00,1.0,-1,-1,-1
399,8,90.00,584.00,148.00,136.00,1.0,-1,-1,-1
399,9,816.00,258.00,85.00,226.00,1.0,-1,-1,-1
399,10,607.00,618.00,100.00,102.00,1.0,-1,-1,-1
400,0,704.00,328.00,175.00,254.00,1.0,-1,-1,-1
400,1,830.00,279.00,113.00,247.00,1.0,-1,-1,-1
400,2,143.00,266.00,98.00,230.00,1.0,-1,-1,-1
400,3,704.00,328.00,175.00,254.00,1.0,-1,-1,-1
400,4,22.00,214.00,71.00,137.00,1.0,-1,-1,-1
400,5,172.00,312.00,296.00,224.00,1.0,-1,-1,-1
400,6,1035.00,237.00,105.00,263.00,1.0,-1,-1,-1
400,7,597.00,251.00,90.00,251.00,1.0,-1,-1,-1
400,8,97.00,578.00,153.00,142.00,1.0,-1,-1,-1
400,9,810.00,258.00,87.00,99.00,1.0,-1,-1,-1
400,10,608.00,611.00,96.00,109.00,1.0,-1,-1,-1
401,0,710.00,324.00,173.00,255.00,1.0,-1,-1,-1
401,1,836.00,265.00,102.00,257.00,1.0,-1,-1,-1
401,2,163.00,264.00,86.00,229.00,1.0,-1,-1,-1
401,3,710.00,324.00,173.00,255.00,1.0,-1,-1,-1
401,4,38.00,218.00,66.00,117.00,1.0,-1,-1,-1
401,5,315.00,311.00,151.00,221.00,1.0,-1,-1,-1
401,6,1029.00,237.00,97.00,260.00,1.0,-1,-1,-1
401,7,595.00,252.00,93.00,247.00,1.0,-1,-1,-1
401,8,107.00,573.00,167.00,147.00,1.0,-1,-1,-1
401,9,806.00,258.00,97.00,90.00,1.0,-1,-1,-1
401,10,609.00,605.00,94.00,115.00,1.0,-1,-1,-1
402,0,715.00,319.00,168.00,255.00,1.0,-1,-1,-1
402,1,830.00,281.00,103.00,237.00,1.0,-1,-1,-1
402,2,178.00,259.00,83.00,230.00,1.0,-1,-1,-1
402,3,715.00,318.00,168.00,256.00,1.0,-1,-1,-1
402,4,55.00,225.00,65.00,114.00,1.0,-1,-1,-1
402,5,323.00,311.00,140.00,216.00,1.0,-1,-1,-1
402,6,1017.00,238.00,94.00,255.00,1.0,-1,-1,-1
402,7,593.00,254.00,93.00,240.00,1.0,-1,-1,-1
402,8,120.00,567.00,164.00,153.00,1.0,-1,-1,-1
402,9,803.00,258.00,96.00,82.00,1.0,-1,-1,-1
402,10,582.00,599.00,136.00,121.00,1.0,-1,-1,-1
403,0,722.00,314.00,159.00,253.00,1.0,-1,-1,-1
403,1,802.00,280.00,123.00,234.00,1.0,-1,-1,-1
403,2,187.00,253.00,86.00,232.00,1.0,-1,-1,-1
403,3,722.00,314.00,159.00,253.00,1.0,-1,-1,-1
403,4,70.00,226.00,64.00,126.00,1.0,-1,-1,-1
403,5,329.00,311.00,131.00,211.00,1.0,-1,-1,-1
403,6,1006.00,240.00,92.00,249.00,1.0,-1,-1,-1
403,7,592.00,256.00,91.00,234.00,1.0,-1,-1,-1
403,8,133.00,561.00,166.00,159.00,1.0,-1,-1,-1
403,9,804.00,256.00,94.00,77.00,1.0,-1,-1,-1
403,10,576.00,591.00,153.00,129.00,1.0,-1,-1,-1
404,0,726.00,307.00,149.00,254.00,1.0,-1,-1,-1
404,1,795.00,279.00,119.00,230.00,1.0,-1,-1,-1
404,2,192.00,246.00,92.00,235.00,1.0,-1,-1,-1
404,3,726.00,307.00,149.00,254.00,1.0,-1,-1,-1
404,4,86.00,229.00,60.00,109.00,1.0,-1,-1,-1
404,5,337.00,311.00,119.00,206.00,1.0,-1,-1,-1
404,6,997.00,241.00,86.00,245.00,1.0,-1,-1,-1
404,7,589.00,258.00,88.00,227.00,1.0,-1,-1,-1
404,8,144.00,555.00,168.00,165.00,1.0,-1,-1,-1
404,9,791.00,254.00,100.00,249.00,1.0,-1,-1,-1
404,10,572.00,585.00,164.00,135.00,1.0,-1,-1,-1
405,0,728.00,304.00,141.00,253.00,1.0,-1,-1,-1
405,1,814.00,275.00,88.00,96.00,1.0,-1,-1,-1
405,2,204.00,243.00,90.00,234.00,1.0,-1,-1,-1
405,3,728.00,303.00,141.00,254.00,1.0,-1,-1,-1
405,4,100.00,234.00,59.00,105.00,1.0,-1,-1,-1
405,5,345.00,310.00,119.00,204.00,1.0,-1,-1,-1
405,6,987.00,242.00,82.00,244.00,1.0,-1,-1,-1
405,7,587.00,258.00,82.00,223.00,1.0,-1,-1,-1
405,8,159.00,550.00,162.00,170.00,1.0,-1,-1,-1
405,9,787.00,251.00,97.00,248.00,1.0,-1,-1,-1
405,10,570.00,579.00,171.00,141.00,1.0,-1,-1,-1
406,0,727.00,299.00,137.00,254.00,1.0,-1,-1,-1
406,1,801.00,271.00,90.00,207.00,1.0,-1,-1,-1
406,2,212.00,239.00,89.00,235.00,1.0,-1,-1,-1
406,3,726.00,299.00,138.00,253.00,1.0,-1,-1,-1
406,4,112.00,237.00,59.00,106.00,1.0,-1,-1,-1
406,5,350.00,309.00,118.00,202.00,1.0,-1,-1,-1
406,6,979.00,240.00,76.00,249.00,1.0,-1,-1,-1
406,7,579.00,258.00,83.00,219.00,1.0,-1,-1,-1
406,8,166.00,546.00,168.00,174.00,1.0,-1,-1,-1
406,9,789.00,247.00,89.00,254.00,1.0,-1,-1,-1
406,10,568.00,575.00,175.00,145.00,1.0,-1,-1,-1
407,0,731.00,290.00,131.00,261.00,1.0,-1,-1,-1
407,1,812.00,267.00,72.00,82.00,1.0,-1,-1,-1
407,2,211.00,234.00,87.00,239.00,1.0,-1,-1,-1
407,3,731.00,290.00,132.00,261.00,1.0,-1,-1,-1
407,4,112.00,235.00,64.00,121.00,1.0,-1,-1,-1
407,5,346.00,308.00,119.00,202.00,1.0,-1,-1,-1
407,6,977.00,238.00,74.00,251.00,1.0,-1,-1,-1
407,7,567.00,256.00,89.00,217.00,1.0,-1,-1,-1
407,8,163.00,545.00,170.00,175.00,1.0,-1,-1,-1
407,9,791.00,242.00,85.00,259.00,1.0,-1,-1,-1
407,10,565.00,574.00,177.00,146.00,1.0,-1,-1,-1
408,0,743.00,284.00,119.00,267.00,1.0,-1,-1,-1
408,1,812.00,264.00,65.00,75.00,1.0,-1,-1,-1
408,2,209.00,229.00,86.00,244.00,1.0,-1,-1,-1
408,3,742.00,284.00,121.00,267.00,1.0,-1,-1,-1
408,4,112.00,235.00,64.00,121.00,1.0,-1,-1,-1
408,5,341.00,304.00,122.00,206.00,1.0,-1,-1,-1
408,6,977.00,235.00,76.00,253.00,1.0,-1,-1,-1
408,7,558.00,254.00,92.00,218.00,1.0,-1,-1,-1
408,8,163.00,544.00,169.00,176.00,1.0,-1,-1,-1
408,9,802.00,237.00,72.00,258.00,1.0,-1,-1,-1
408,10,564.00,573.00,178.00,147.00,1.0,-1,-1,-1
409,0,756.00,279.00,106.00,271.00,1.0,-1,-1,-1
409,1,818.00,259.00,53.00,88.00,1.0,-1,-1,-1
409,2,206.00,225.00,85.00,247.00,1.0,-1,-1,-1
409,3,756.00,278.00,106.00,272.00,1.0,-1,-1,-1
409,4,111.00,235.00,64.00,120.00,1.0,-1,-1,-1
409,5,337.00,303.00,123.00,207.00,1.0,-1,-1,-1
409,6,978.00,231.00,77.00,257.00,1.0,-1,-1,-1
409,7,550.00,250.00,94.00,222.00,1.0,-1,-1,-1
409,8,163.00,544.00,169.00,176.00,1.0,-1,-1,-1
409,9,766.00,232.00,107.00,267.00,1.0,-1,-1,-1
409,10,564.00,573.00,178.00,147.00,1.0,-1,-1,-1
410,0,762.00,273.00,100.00,277.00,1.0,-1,-1,-1
410,1,824.00,253.00,39.00,86.00,1.0,-1,-1,-1
410,2,203.00,222.00,84.00,250.00,1.0,-1,-1,-1
410,3,762.00,273.00,100.00,277.00,1.0,-1,-1,-1
410,4,111.00,234.00,62.00,119.00,1.0,-1,-1,-1
410,5,333.00,299.00,122.00,211.00,1.0,-1,-1,-1
410,6,982.00,228.00,74.00,259.00,1.0,-1,-1,-1
410,7,543.00,248.00,100.00,224.00,1.0,-1,-1,-1
410,8,163.00,544.00,169.00,176.00,1.0,-1,-1,-1
410,9,781.00,228.00,93.00,265.00,1.0,-1,-1,-1
410,10,563.00,572.00,179.00,148.00,1.0,-1,-1,-1
411,0,769.00,252.00,89.00,297.00,1.0,-1,-1,-1
411,1,825.00,248.00,39.00,77.00,1.0,-1,-1,-1
411,2,200.00,217.00,83.00,254.00,1.0,-1,-1,-1
411,3,767.00,257.00,91.00,292.00,1.0,-1,-1,-1
411,4,111.00,236.00,57.00,105.00,1.0,-1,-1,-1
411,5,330.00,296.00,123.00,214.00,1.0,-1,-1,-1
411,6,983.00,225.00,73.00,262.00,1.0,-1,-1,-1
411,7,540.00,245.00,101.00,225.00,1.0,-1,-1,-1
411,8,160.00,543.00,170.00,177.00,1.0,-1,-1,-1
411,9,837.00,224.00,41.00,234.00,1.0,-1,-1,-1
411,10,559.00,571.00,224.00,149.00,1.0,-1,-1,-1
412,0,767.00,248.00,91.00,300.00,1.0,-1,-1,-1
412,1,817.00,239.00,54.00,204.00,1.0,-1,-1,-1
412,2,197.00,215.00,82.00,256.00,1.0,-1,-1,-1
412,3,766.00,248.00,92.00,300.00,1.0,-1,-1,-1
412,4,110.00,235.00,56.00,105.00,1.0,-1,-1,-1
412,5,327.00,292.00,122.00,216.00,1.0,-1,-1,-1
412,6,983.00,224.00,73.00,262.00,1.0,-1,-1,-1
412,7,537.00,242.00,103.00,228.00,1.0,-1,-1,-1
412,8,159.00,543.00,170.00,177.00,1.0,-1,-1,-1
412,9,836.00,221.00,42.00,237.00,1.0,-1,-1,-1
412,10,559.00,571.00,181.00,149.00,1.0,-1,-1,-1
413,0,764.00,253.00,96.00,295.00,1.0,-1,-1,-1
413,1,810.00,242.00,38.00,78.00,1.0,-1,-1,-1
413,2,191.00,213.00,81.00,258.00,1.0,-1,-1,-1
413,3,762.00,255.00,98.00,294.00,1.0,-1,-1,-1
413,4,107.00,231.00,58.00,109.00,1.0,-1,-1,-1
413,5,323.00,287.00,118.00,220.00,1.0,-1,-1,-1
413,6,983.00,221.00,74.00,265.00,1.0,-1,-1,-1
413,7,536.00,240.00,103.00,230.00,1.0,-1,-1,-1
413,8,160.00,542.00,189.00,178.00,1.0,-1,-1,-1
413,9,835.00,218.00,44.00,240.00,1.0,-1,-1,-1
413,10,561.00,571.00,223.00,149.00,1.0,-1,-1,-1
414,0,762.00,250.00,103.00,298.00,1.0,-1,-1,-1
414,1,807.00,239.00,28.00,48.00,1.0,-1,-1,-1
414,2,185.00,211.00,82.00,259.00,1.0,-1,-1,-1
414,3,767.00,249.00,101.00,299.00,1.0,-1,-1,-1
414,4,107.00,230.00,57.00,103.00,1.0,-1,-1,-1
414,5,317.00,281.00,118.00,225.00,1.0,-1,-1,-1
414,6,983.00,220.00,75.00,266.00,1.0,-1,-1,-1
414,7,534.00,236.00,103.00,233.00,1.0,-1,-1,-1
414,8,159.00,542.00,193.00,178.00,1.0,-1,-1,-1
414,9,829.00,216.00,50.00,241.00,1.0,-1,-1,-1
414,10,560.00,571.00,180.00,149.00,1.0,-1,-1,-1
415,0,782.00,245.00,87.00,302.00,1.0,-1,-1,-1
415,1,805.00,237.00,28.00,43.00,1.0,-1,-1,-1
415,2,177.00,209.00,86.00,260.00,1.0,-1,-1,-1
415,3,782.00,245.00,92.00,302.00,1.0,-1,-1,-1
415,4,106.00,230.00,58.00,103.00,1.0,-1,-1,-1
415,5,305.00,275.00,127.00,234.00,1.0,-1,-1,-1
415,6,981.00,218.00,86.00,267.00,1.0,-1,-1,-1
415,7,532.00,234.00,102.00,234.00,1.0,-1,-1,-1
415,8,156.00,541.00,196.00,179.00,1.0,-1,-1,-1
415,9,828.00,215.00,54.00,241.00,1.0,-1,-1,-1
415,10,555.00,569.00,227.00,151.00,1.0,-1,-1,-1
416,0,789.00,241.00,75.00,304.00,1.0,-1,-1,-1
416,1,791.00,236.00,37.00,219.00,1.0,-1,-1,-1
416,2,175.00,208.00,84.00,260.00,1.0,-1,-1,-1
416,3,789.00,241.00,88.00,304.00,1.0,-1,-1,-1
416,4,104.00,229.00,58.00,102.00,1.0,-1,-1,-1
416,5,297.00,268.00,129.00,240.00,1.0,-1,-1,-1
416,6,980.00,217.00,90.00,267.00,1.0,-1,-1,-1
416,7,531.00,230.00,99.00,237.00,1.0,-1,-1,-1
416,8,155.00,540.00,199.00,180.00,1.0,-1,-1,-1
416,9,793.00,214.00,91.00,241.00,1.0,-1,-1,-1
416,10,554.00,568.00,249.00,152.00,1.0,-1,-1,-1
417,0,791.00,237.00,74.00,308.00,1.0,-1,-1,-1
417,1,794.00,234.00,69.00,221.00,1.0,-1,-1,-1
417,2,174.00,207.00,82.00,261.00,1.0,-1,-1,-1
417,3,797.00,240.00,81.00,305.00,1.0,-1,-1,-1
417,4,102.00,229.00,59.00,101.00,1.0,-1,-1,-1
417,5,291.00,258.00,127.00,250.00,1.0,-1,-1,-1
417,6,977.00,216.00,93.00,268.00,1.0,-1,-1,-1
417,7,312.00,226.00,312.00,240.00,1.0,-1,-1,-1
417,8,155.00,539.00,200.00,181.00,1.0,-1,-1,-1
417,9,795.00,213.00,90.00,242.00,1.0,-1,-1,-1
417,10,553.00,567.00,251.00,153.00,1.0,-1,-1,-1
418,0,793.00,236.00,74.00,308.00,1.0,-1,-1,-1
418,1,787.00,233.00,32.00,222.00,1.0,-1,-1,-1
418,2,172.00,206.00,81.00,261.00,1.0,-1,-1,-1
418,3,793.00,237.00,82.00,307.00,1.0,-1,-1,-1
418,4,101.00,227.00,59.00,102.00,1.0,-1,-1,-1
418,5,289.00,247.00,120.00,260.00,1.0,-1,-1,-1
418,6,975.00,216.00,93.00,269.00,1.0,-1,-1,-1
418,7,530.00,223.00,90.00,243.00,1.0,-1,-1,-1
418,8,153.00,539.00,202.00,181.00,1.0,-1,-1,-1
418,9,803.00,212.00,82.00,243.00,1.0,-1,-1,-1
418,10,552.00,567.00,252.00,153.00,1.0,-1,-1,-1
419,0,799.00,238.00,67.00,305.00,1.0,-1,-1,-1
419,1,807.00,398.00,22.00,57.00,1.0,-1,-1,-1
419,2,171.00,206.00,80.00,261.00,1.0,-1,-1,-1
419,3,799.00,234.00,77.00,309.00,1.0,-1,-1,-1
419,4,99.00,226.00,59.00,102.00,1.0,-1,-1,-1
419,5,288.00,237.00,111.00,270.00,1.0,-1,-1,-1
419,6,974.00,215.00,94.00,269.00,1.0,-1,-1,-1
419,7,529.00,220.00,88.00,245.00,1.0,-1,-1,-1
419,8,152.00,538.00,202.00,182.00,1.0,-1,-1,-1
419,9,809.00,211.00,75.00,243.00,1.0,-1,-1,-1
419,10,551.00,566.00,254.00,154.00,1.0,-1,-1,-1
420,0,801.00,236.00,64.00,306.00,1.0,-1,-1,-1
420,1,806.00,352.00,24.00,103.00,1.0,-1,-1,-1
420,2,169.00,204.00,79.00,262.00,1.0,-1,-1,-1
420,3,800.00,232.00,76.00,310.00,1.0,-1,-1,-1
420,4,98.00,225.00,59.00,103.00,1.0,-1,-1,-1
420,5,287.00,230.00,103.00,276.00,1.0,-1,-1,-1
420,6,974.00,214.00,93.00,269.00,1.0,-1,-1,-1
420,7,527.00,218.00,88.00,246.00,1.0,-1,-1,-1
420,8,151.00,537.00,202.00,183.00,1.0,-1,-1,-1
420,9,814.00,210.00,71.00,244.00,1.0,-1,-1,-1
420,10,549.00,565.00,254.00,155.00,1.0,-1,-1,-1
421,0,800.00,230.00,65.00,311.00,1.0,-1,-1,-1
421,1,806.00,349.00,23.00,104.00,1.0,-1,-1,-1
421,2,166.00,203.00,80.00,262.00,1.0,-1,-1,-1
421,3,800.00,229.00,77.00,312.00,1.0,-1,-1,-1
421,4,97.00,224.00,59.00,104.00,1.0,-1,-1,-1
421,5,284.00,226.00,98.00,279.00,1.0,-1,-1,-1
421,6,975.00,213.00,93.00,269.00,1.0,-1,-1,-1
421,7,526.00,216.00,87.00,247.00,1.0,-1,-1,-1
421,8,149.00,536.00,203.00,184.00,1.0,-1,-1,-1
421,9,815.00,210.00,69.00,243.00,1.0,-1,-1,-1
421,10,547.00,563.00,190.00,157.00,1.0,-1,-1,-1
421,11,726.00,231.00,79.00,258.00,1.0,-1,-1,-1
422,0,798.00,230.00,67.00,310.00,1.0,-1,-1,-1
422,1,805.00,351.00,24.00,101.00,1.0,-1,-1,-1
422,2,165.00,202.00,78.00,262.00,1.0,-1,-1,-1
422,3,798.00,228.00,78.00,312.00,1.0,-1,-1,-1
422,4,95.00,223.00,63.00,121.00,1.0,-1,-1,-1
422,5,281.00,222.00,92.00,282.00,1.0,-1,-1,-1
422,6,976.00,212.00,93.00,269.00,1.0,-1,-1,-1
422,7,524.00,214.00,88.00,248.00,1.0,-1,-1,-1
422,8,148.00,535.00,204.00,185.00,1.0,-1,-1,-1
422,9,814.00,209.00,70.00,242.00,1.0,-1,-1,-1
422,10,547.00,563.00,189.00,157.00,1.0,-1,-1,-1
422,11,723.00,230.00,82.00,259.00,1.0,-1,-1,-1
423,0,797.00,228.00,68.00,311.00,1.0,-1,-1,-1
423,1,802.00,346.00,26.00,105.00,1.0,-1,-1,-1
423,2,163.00,201.00,77.00,262.00,1.0,-1,-1,-1
423,3,797.00,227.00,78.00,312.00,1.0,-1,-1,-1
423,4,93.00,222.00,66.00,122.00,1.0,-1,-1,-1
423,5,280.00,219.00,88.00,284.00,1.0,-1,-1,-1
423,6,977.00,211.00,95.00,269.00,1.0,-1,-1,-1
423,7,523.00,213.00,88.00,248.00,1.0,-1,-1,-1
423,8,146.00,534.00,204.00,186.00,1.0,-1,-1,-1
423,9,802.00,208.00,80.00,243.00,1.0,-1,-1,-1
423,10,546.00,562.00,190.00,158.00,1.0,-1,-1,-1
423,11,722.00,229.00,85.00,259.00,1.0,-1,-1,-1
424,0,795.00,226.00,69.00,312.00,1.0,-1,-1,-1
424,1,807.00,395.00,20.00,55.00,1.0,-1,-1,-1
424,2,161.00,201.00,77.00,260.00,1.0,-1,-1,-1
424,3,796.00,226.00,78.00,312.00,1.0,-1,-1,-1
424,4,92.00,221.00,66.00,124.00,1.0,-1,-1,-1
424,5,278.00,216.00,83.00,286.00,1.0,-1,-1,-1
424,6,978.00,211.00,95.00,268.00,1.0,-1,-1,-1
424,7,522.00,212.00,88.00,248.00,1.0,-1,-1,-1
424,8,145.00,533.00,204.00,187.00,1.0,-1,-1,-1
424,9,802.00,207.00,78.00,242.00,1.0,-1,-1,-1
424,10,544.00,561.00,192.00,159.00,1.0,-1,-1,-1
424,11,722.00,228.00,82.00,258.00,1.0,-1,-1,-1
425,0,794.00,226.00,69.00,311.00,1.0,-1,-1,-1
425,1,807.00,394.00,17.00,55.00,1.0,-1,-1,-1
425,2,159.00,200.00,76.00,261.00,1.0,-1,-1,-1
425,3,794.00,225.00,79.00,312.00,1.0,-1,-1,-1
425,4,90.00,220.00,65.00,122.00,1.0,-1,-1,-1
425,5,276.00,214.00,81.00,287.00,1.0,-1,-1,-1
425,6,980.00,210.00,92.00,268.00,1.0,-1,-1,-1
425,7,521.00,211.00,87.00,247.00,1.0,-1,-1,-1
425,8,144.00,531.00,204.00,189.00,1.0,-1,-1,-1
425,9,807.00,205.00,71.00,244.00,1.0,-1,-1,-1
425,10,543.00,560.00,192.00,160.00,1.0,-1,-1,-1
425,11,720.00,227.00,82.00,259.00,1.0,-1,-1,-1
426,0,792.00,225.00,71.00,311.00,1.0,-1,-1,-1
426,1,804.00,384.00,18.00,63.00,1.0,-1,-1,-1
426,2,157.00,199.00,76.00,260.00,1.0,-1,-1,-1
426,3,792.00,225.00,80.00,311.00,1.0,-1,-1,-1
426,4,88.00,219.00,60.00,103.00,1.0,-1,-1,-1
426,5,274.00,212.00,77.00,287.00,1.0,-1,-1,-1
426,6,980.00,209.00,92.00,268.00,1.0,-1,-1,-1
426,7,519.00,210.00,88.00,248.00,1.0,-1,-1,-1
426,8,142.00,530.00,204.00,190.00,1.0,-1,-1,-1
426,9,806.00,204.00,68.00,243.00,1.0,-1,-1,-1
426,10,542.00,559.00,193.00,161.00,1.0,-1,-1,-1
426,11,717.00,226.00,83.00,258.00,1.0,-1,-1,-1
427,0,790.00,225.00,70.00,310.00,1.0,-1,-1,-1
427,1,803.00,383.00,17.00,63.00,1.0,-1,-1,-1
427,2,157.00,198.00,75.00,260.00,1.0,-1,-1,-1
427,3,789.00,225.00,82.00,310.00,1.0,-1,-1,-1
427,4,87.00,218.00,60.00,102.00,1.0,-1,-1,-1
427,5,273.00,211.00,75.00,287.00,1.0,-1,-1,-1
427,6,979.00,209.00,93.00,266.00,1.0,-1,-1,-1
427,7,518.00,209.00,89.00,247.00,1.0,-1,-1,-1
427,8,142.00,530.00,204.00,190.00,1.0,-1,-1,-1
427,9,806.00,203.00,66.00,243.00,1.0,-1,-1,-1
427,10,540.00,558.00,194.00,162.00,1.0,-1,-1,-1
427,11,716.00,225.00,80.00,258.00,1.0,-1,-1,-1
428,0,787.00,225.00,72.00,309.00,1.0,-1,-1,-1
428,1,802.00,344.00,46.00,101.00,1.0,-1,-1,-1
428,2,155.00,197.00,75.00,260.00,1.0,-1,-1,-1
428,3,787.00,223.00,82.00,311.00,1.0,-1,-1,-1
428,4,86.00,218.00,60.00,102.00,1.0,-1,-1,-1
428,5,271.00,209.00,73.00,288.00,1.0,-1,-1,-1
428,6,977.00,209.00,94.00,266.00,1.0,-1,-1,-1
428,7,516.00,208.00,88.00,247.00,1.0,-1,-1,-1
428,8,140.00,528.00,204.00,192.00,1.0,-1,-1,-1
428,9,803.00,202.00,67.00,243.00,1.0,-1,-1,-1
428,10,538.00,556.00,195.00,164.00,1.0,-1,-1,-1
428,11,714.00,224.00,80.00,258.00,1.0,-1,-1,-1
429,0,786.00,222.00,71.00,311.00,1.0,-1,-1,-1
429,1,803.00,408.00,16.00,37.00,1.0,-1,-1,-1
429,2,155.00,197.00,73.00,259.00,1.0,-1,-1,-1
429,3,786.00,221.00,82.00,312.00,1.0,-1,-1,-1
429,4,85.00,216.00,59.00,102.00,1.0,-1,-1,-1
429,5,271.00,209.00,70.00,287.00,1.0,-1,-1,-1
429,6,975.00,208.00,95.00,266.00,1.0,-1,-1,-1
429,7,515.00,208.00,88.00,246.00,1.0,-1,-1,-1
429,8,140.00,527.00,204.00,193.00,1.0,-1,-1,-1
429,9,803.00,201.00,66.00,244.00,1.0,-1,-1,-1
429,10,537.00,555.00,196.00,165.00,1.0,-1,-1,-1
429,11,713.00,224.00,80.00,257.00,1.0,-1,-1,-1
430,0,785.00,222.00,70.00,310.00,1.0,-1,-1,-1
430,1,802.00,408.00,15.00,36.00,1.0,-1,-1,-1
430,2,153.00,196.00,74.00,259.00,1.0,-1,-1,-1
430,3,784.00,221.00,82.00,311.00,1.0,-1,-1,-1
430,4,84.00,215.00,59.00,102.00,1.0,-1,-1,-1
430,5,269.00,207.00,69.00,288.00,1.0,-1,-1,-1
430,6,974.00,207.00,95.00,266.00,1.0,-1,-1,-1
430,7,514.00,207.00,89.00,247.00,1.0,-1,-1,-1
430,8,139.00,526.00,203.00,194.00,1.0,-1,-1,-1
430,9,802.00,200.00,66.00,243.00,1.0,-1,-1,-1
430,10,535.00,555.00,198.00,165.00,1.0,-1,-1,-1
430,11,711.00,222.00,80.00,258.00,1.0,-1,-1,-1
431,0,782.00,221.00,72.00,310.00,1.0,-1,-1,-1
431,1,797.00,395.00,19.00,48.00,1.0,-1,-1,-1
431,2,152.00,196.00,75.00,258.00,1.0,-1,-1,-1
431,3,782.00,220.00,82.00,311.00,1.0,-1,-1,-1
431,4,84.00,214.00,59.00,103.00,1.0,-1,-1,-1
431,5,268.00,206.00,69.00,288.00,1.0,-1,-1,-1
431,6,973.00,207.00,95.00,265.00,1.0,-1,-1,-1
431,7,512.00,206.00,88.00,247.00,1.0,-1,-1,-1
431,8,138.00,525.00,202.00,195.00,1.0,-1,-1,-1
431,9,801.00,199.00,66.00,243.00,1.0,-1,-1,-1
431,10,534.00,553.00,198.00,167.00,1.0,-1,-1,-1
431,11,709.00,222.00,81.00,257.00,1.0,-1,-1,-1
432,0,781.00,220.00,71.00,310.00,1.0,-1,-1,-1
432,1,776.00,338.00,39.00,104.00,1.0,-1,-1,-1
432,2,152.00,196.00,74.00,257.00,1.0,-1,-1,-1
432,3,781.00,219.00,82.00,311.00,1.0,-1,-1,-1
432,4,83.00,213.00,59.00,103.00,1.0,-1,-1,-1
432,5,267.00,205.00,68.00,288.00,1.0,-1,-1,-1
432,6,972.00,207.00,94.00,264.00,1.0,-1,-1,-1
432,7,512.00,205.00,88.00,247.00,1.0,-1,-1,-1
432,8,136.00,524.00,203.00,196.00,1.0,-1,-1,-1
432,9,781.00,199.00,85.00,242.00,1.0,-1,-1,-1
432,10,533.00,552.00,200.00,168.00,1.0,-1,-1,-1
432,11,708.00,221.00,81.00,258.00,1.0,-1,-1,-1
433,0,781.00,220.00,69.00,309.00,1.0,-1,-1,-1
433,1,777.00,209.00,51.00,232.00,1.0,-1,-1,-1
433,2,151.00,195.00,74.00,257.00,1.0,-1,-1,-1
433,3,781.00,220.00,80.00,309.00,1.0,-1,-1,-1
433,4,82.00,213.00,59.00,102.00,1.0,-1,-1,-1
433,5,267.00,204.00,66.00,288.00,1.0,-1,-1,-1
433,6,971.00,206.00,94.00,264.00,1.0,-1,-1,-1
433,7,511.00,205.00,88.00,246.00,1.0,-1,-1,-1
433,8,135.00,523.00,203.00,197.00,1.0,-1,-1,-1
433,9,780.00,198.00,86.00,242.00,1.0,-1,-1,-1
433,10,532.00,552.00,200.00,168.00,1.0,-1,-1,-1
433,11,707.00,220.00,80.00,258.00,1.0,-1,-1,-1
434,0,780.00,219.00,68.00,310.00,1.0,-1,-1,-1
434,1,796.00,209.00,32.00,231.00,1.0,-1,-1,-1
434,2,151.00,194.00,74.00,258.00,1.0,-1,-1,-1
434,3,780.00,218.00,80.00,311.00,1.0,-1,-1,-1
434,4,81.00,212.00,60.00,103.00,1.0,-1,-1,-1
434,5,266.00,203.00,67.00,289.00,1.0,-1,-1,-1
434,6,970.00,205.00,93.00,265.00,1.0,-1,-1,-1
434,7,510.00,204.00,88.00,247.00,1.0,-1,-1,-1
434,8,134.00,523.00,204.00,197.00,1.0,-1,-1,-1
434,9,787.00,197.00,78.00,243.00,1.0,-1,-1,-1
434,10,530.00,551.00,201.00,169.00,1.0,-1,-1,-1
434,11,706.00,220.00,80.00,257.00,1.0,-1,-1,-1
435,0,777.00,218.00,71.00,310.00,1.0,-1,-1,-1
435,1,787.00,209.00,41.00,231.00,1.0,-1,-1,-1
435,2,151.00,193.00,74.00,258.00,1.0,-1,-1,-1
435,3,778.00,218.00,81.00,310.00,1.0,-1,-1,-1
435,4,81.00,211.00,59.00,103.00,1.0,-1,-1,-1
435,5,266.00,203.00,66.00,288.00,1.0,-1,-1,-1
435,6,970.00,205.00,92.00,264.00,1.0,-1,-1,-1
435,7,510.00,204.00,88.00,245.00,1.0,-1,-1,-1
435,8,133.00,522.00,204.00,198.00,1.0,-1,-1,-1
435,9,796.00,196.00,69.00,244.00,1.0,-1,-1,-1
435,10,528.00,550.00,204.00,170.00,1.0,-1,-1,-1
435,11,706.00,219.00,79.00,257.00,1.0,-1,-1,-1
436,0,775.00,217.00,69.00,311.00,1.0,-1,-1,-1
436,1,782.00,209.00,46.00,230.00,1.0,-1,-1,-1
436,2,152.00,192.00,72.00,258.00,1.0,-1,-1,-1
436,3,775.00,217.00,83.00,311.00,1.0,-1,-1,-1
436,4,80.00,210.00,59.00,103.00,1.0,-1,-1,-1
436,5,266.00,202.00,66.00,289.00,1.0,-1,-1,-1
436,6,968.00,205.00,93.00,263.00,1.0,-1,-1,-1
436,7,509.00,203.00,89.00,246.00,1.0,-1,-1,-1
436,8,133.00,521.00,203.00,199.00,1.0,-1,-1,-1
436,9,797.00,195.00,68.00,243.00,1.0,-1,-1,-1
436,10,528.00,550.00,204.00,170.00,1.0,-1,-1,-1
436,11,705.00,218.00,80.00,258.00,1.0,-1,-1,-1
437,0,773.00,218.00,70.00,308.00,1.0,-1,-1,-1
437,1,796.00,209.00,52.00,229.00,1.0,-1,-1,-1
437,2,153.00,192.00,71.00,258.00,1.0,-1,-1,-1
437,3,773.00,218.00,84.00,308.00,1.0,-1,-1,-1
437,4,80.00,210.00,58.00,104.00,1.0,-1,-1,-1
437,5,266.00,201.00,65.00,289.00,1.0,-1,-1,-1
437,6,968.00,207.00,90.00,261.00,1.0,-1,-1,-1
437,7,509.00,203.00,88.00,245.00,1.0,-1,-1,-1
437,8,132.00,520.00,204.00,200.00,1.0,-1,-1,-1
437,9,797.00,195.00,67.00,242.00,1.0,-1,-1,-1
437,10,528.00,549.00,205.00,171.00,1.0,-1,-1,-1
437,11,704.00,218.00,80.00,257.00,1.0,-1,-1,-1
438,0,772.00,217.00,70.00,309.00,1.0,-1,-1,-1
438,1,796.00,344.00,52.00,94.00,1.0,-1,-1,-1
438,2,152.00,191.00,71.00,258.00,1.0,-1,-1,-1
438,3,772.00,217.00,84.00,309.00,1.0,-1,-1,-1
438,4,79.00,209.00,59.00,103.00,1.0,-1,-1,-1
438,5,267.00,201.00,64.00,288.00,1.0,-1,-1,-1
438,6,968.00,207.00,89.00,260.00,1.0,-1,-1,-1
438,7,509.00,202.00,88.00,246.00,1.0,-1,-1,-1
438,8,132.00,520.00,204.00,200.00,1.0,-1,-1,-1
438,9,796.00,194.00,68.00,242.00,1.0,-1,-1,-1
438,10,528.00,548.00,205.00,172.00,1.0,-1,-1,-1
438,11,703.00,218.00,79.00,256.00,1.0,-1,-1,-1
439,0,769.00,215.00,70.00,311.00,1.0,-1,-1,-1
439,1,794.00,401.00,50.00,36.00,1.0,-1,-1,-1
439,2,152.00,190.00,71.00,259.00,1.0,-1,-1,-1
439,3,769.00,214.00,85.00,312.00,1.0,-1,-1,-1
439,4,78.00,209.00,60.00,102.00,1.0,-1,-1,-1
439,5,268.00,200.00,62.00,289.00,1.0,-1,-1,-1
439,6,967.00,207.00,88.00,260.00,1.0,-1,-1,-1
439,7,509.00,202.00,87.00,245.00,1.0,-1,-1,-1
439,8,132.00,519.00,203.00,201.00,1.0,-1,-1,-1
439,9,796.00,193.00,68.00,242.00,1.0,-1,-1,-1
439,10,528.00,548.00,204.00,172.00,1.0,-1,-1,-1
439,11,701.00,218.00,80.00,256.00,1.0,-1,-1,-1
440,0,766.00,213.00,72.00,312.00,1.0,-1,-1,-1
440,1,792.00,344.00,56.00,93.00,1.0,-1,-1,-1
440,2,151.00,189.00,72.00,259.00,1.0,-1,-1,-1
440,3,766.00,213.00,85.00,312.00,1.0,-1,-1,-1
440,4,78.00,209.00,59.00,102.00,1.0,-1,-1,-1
440,5,268.00,200.00,62.00,289.00,1.0,-1,-1,-1
440,6,967.00,207.00,86.00,259.00,1.0,-1,-1,-1
440,7,509.00,201.00,86.00,246.00,1.0,-1,-1,-1
440,8,131.00,519.00,203.00,201.00,1.0,-1,-1,-1
440,9,797.00,192.00,67.00,242.00,1.0,-1,-1,-1
440,10,527.00,547.00,204.00,173.00,1.0,-1,-1,-1
440,11,700.00,218.00,81.00,256.00,1.0,-1,-1,-1
441,0,760.00,209.00,70.00,315.00,1.0,-1,-1,-1
441,1,787.00,344.00,37.00,93.00,1.0,-1,-1,-1
441,2,152.00,189.00,70.00,259.00,1.0,-1,-1,-1
441,3,760.00,209.00,90.00,316.00,1.0,-1,-1,-1
441,4,77.00,208.00,60.00,103.00,1.0,-1,-1,-1
441,5,269.00,200.00,62.00,288.00,1.0,-1,-1,-1
441,6,967.00,208.00,85.00,257.00,1.0,-1,-1,-1
441,7,509.00,201.00,86.00,246.00,1.0,-1,-1,-1
441,8,131.00,518.00,203.00,202.00,1.0,-1,-1,-1
441,9,797.00,192.00,66.00,241.00,1.0,-1,-1,-1
441,10,525.00,547.00,208.00,173.00,1.0,-1,-1,-1
441,11,699.00,218.00,83.00,255.00,1.0,-1,-1,-1
442,0,756.00,204.00,74.00,320.00,1.0,-1,-1,-1
442,1,784.00,343.00,39.00,94.00,1.0,-1,-1,-1
442,2,151.00,189.00,71.00,258.00,1.0,-1,-1,-1
442,3,756.00,204.00,93.00,320.00,1.0,-1,-1,-1
442,4,77.00,208.00,59.00,103.00,1.0,-1,-1,-1
442,5,272.00,200.00,59.00,288.00,1.0,-1,-1,-1
442,6,966.00,208.00,86.00,257.00,1.0,-1,-1,-1
442,7,509.00,201.00,86.00,245.00,1.0,-1,-1,-1
442,8,131.00,518.00,203.00,202.00,1.0,-1,-1,-1
442,9,797.00,192.00,66.00,241.00,1.0,-1,-1,-1
442,10,525.00,546.00,208.00,174.00,1.0,-1,-1,-1
442,11,701.00,217.00,82.00,256.00,1.0,-1,-1,-1
443,0,753.00,203.00,73.00,321.00,1.0,-1,-1,-1
443,1,782.00,287.00,26.00,150.00,1.0,-1,-1,-1
443,2,151.00,190.00,71.00,257.00,1.0,-1,-1,-1
443,3,752.00,202.00,95.00,322.00,1.0,-1,-1,-1
443,4,77.00,207.00,59.00,103.00,1.0,-1,-1,-1
443,5,271.00,200.00,60.00,287.00,1.0,-1,-1,-1
443,6,966.00,208.00,85.00,257.00,1.0,-1,-1,-1
443,7,509.00,200.00,85.00,246.00,1.0,-1,-1,-1
443,8,130.00,518.00,203.00,202.00,1.0,-1,-1,-1
443,9,796.00,192.00,67.00,241.00,1.0,-1,-1,-1
443,10,525.00,546.00,208.00,174.00,1.0,-1,-1,-1
443,11,702.00,216.00,81.00,257.00,1.0,-1,-1,-1
444,0,744.00,201.00,79.00,323.00,1.0,-1,-1,-1
444,1,792.00,220.00,71.00,280.00,1.0,-1,-1,-1
444,2,150.00,190.00,72.00,257.00,1.0,-1,-1,-1
444,3,748.00,201.00,95.00,323.00,1.0,-1,-1,-1
444,4,77.00,207.00,59.00,103.00,1.0,-1,-1,-1
444,5,271.00,201.00,59.00,286.00,1.0,-1,-1,-1
444,6,965.00,209.00,85.00,256.00,1.0,-1,-1,-1
444,7,509.00,200.00,86.00,246.00,1.0,-1,-1,-1
444,8,129.00,517.00,204.00,203.00,1.0,-1,-1,-1
444,9,794.00,192.00,71.00,241.00,1.0,-1,-1,-1
444,10,525.00,546.00,208.00,174.00,1.0,-1,-1,-1
444,11,704.00,215.00,80.00,257.00,1.0,-1,-1,-1
445,0,742.00,200.00,77.00,323.00,1.0,-1,-1,-1
445,1,795.00,194.00,71.00,305.00,1.0,-1,-1,-1
445,2,151.00,191.00,72.00,256.00,1.0,-1,-1,-1
445,3,744.00,200.00,96.00,323.00,1.0,-1,-1,-1
445,4,76.00,207.00,60.00,102.00,1.0,-1,-1,-1
445,5,270.00,202.00,61.00,285.00,1.0,-1,-1,-1
445,6,965.00,210.00,84.00,255.00,1.0,-1,-1,-1
445,7,509.00,200.00,87.00,245.00,1.0,-1,-1,-1
445,8,128.00,517.00,205.00,203.00,1.0,-1,-1,-1
445,9,792.00,193.00,73.00,239.00,1.0,-1,-1,-1
445,10,524.00,545.00,209.00,175.00,1.0,-1,-1,-1
445,11,705.00,237.00,78.00,235.00,1.0,-1,-1,-1
446,0,727.00,200.00,88.00,323.00,1.0,-1,-1,-1
446,1,791.00,194.00,78.00,289.00,1.0,-1,-1,-1
446,2,150.00,192.00,73.00,254.00,1.0,-1,-1,-1
446,3,740.00,200.00,98.00,323.00,1.0,-1,-1,-1
446,4,76.00,206.00,62.00,114.00,1.0,-1,-1,-1
446,5,270.00,204.00,61.00,283.00,1.0,-1,-1,-1
446,6,965.00,210.00,83.00,254.00,1.0,-1,-1,-1
446,7,509.00,200.00,88.00,245.00,1.0,-1,-1,-1
446,8,129.00,517.00,204.00,203.00,1.0,-1,-1,-1
446,9,792.00,194.00,76.00,238.00,1.0,-1,-1,-1
446,10,525.00,545.00,209.00,175.00,1.0,-1,-1,-1
446,11,706.00,254.00,75.00,218.00,1.0,-1,-1,-1
447,0,726.00,201.00,82.00,322.00,1.0,-1,-1,-1
447,1,792.00,195.00,76.00,237.00,1.0,-1,-1,-1
447,2,151.00,192.00,74.00,254.00,1.0,-1,-1,-1
447,3,737.00,201.00,100.00,322.00,1.0,-1,-1,-1
447,4,76.00,206.00,60.00,108.00,1.0,-1,-1,-1
447,5,269.00,206.00,63.00,280.00,1.0,-1,-1,-1
447,6,965.00,210.00,83.00,254.00,1.0,-1,-1,-1
447,7,509.00,199.00,89.00,246.00,1.0,-1,-1,-1
447,8,129.00,517.00,204.00,203.00,1.0,-1,-1,-1
447,9,793.00,195.00,75.00,237.00,1.0,-1,-1,-1
447,10,525.00,545.00,209.00,175.00,1.0,-1,-1,-1
447,11,707.00,237.00,73.00,235.00,1.0,-1,-1,-1
448,0,732.00,201.00,75.00,322.00,1.0,-1,-1,-1
448,1,767.00,197.00,102.00,235.00,1.0,-1,-1,-1
448,2,151.00,193.00,78.00,253.00,1.0,-1,-1,-1
448,3,732.00,201.00,102.00,322.00,1.0,-1,-1,-1
448,4,76.00,206.00,59.00,103.00,1.0,-1,-1,-1
448,5,269.00,208.00,63.00,278.00,1.0,-1,-1,-1
448,6,965.00,211.00,83.00,253.00,1.0,-1,-1,-1
448,7,509.00,199.00,91.00,246.00,1.0,-1,-1,-1
448,8,129.00,517.00,203.00,203.00,1.0,-1,-1,-1
448,9,794.00,196.00,75.00,236.00,1.0,-1,-1,-1
448,10,524.00,545.00,210.00,175.00,1.0,-1,-1,-1
448,11,709.00,226.00,75.00,246.00,1.0,-1,-1,-1
449,0,727.00,203.00,92.00,320.00,1.0,-1,-1,-1
449,1,755.00,222.00,60.00,247.00,1.0,-1,-1,-1
449,2,152.00,194.00,81.00,252.00,1.0,-1,-1,-1
449,3,717.00,202.00,115.00,321.00,1.0,-1,-1,-1
449,4,75.00,205.00,61.00,108.00,1.0,-1,-1,-1
449,5,268.00,209.00,65.00,277.00,1.0,-1,-1,-1
449,6,964.00,212.00,84.00,252.00,1.0,-1,-1,-1
449,7,509.00,200.00,91.00,245.00,1.0,-1,-1,-1
449,8,128.00,517.00,204.00,203.00,1.0,-1,-1,-1
449,9,796.00,197.00,75.00,235.00,1.0,-1,-1,-1
449,10,524.00,545.00,210.00,175.00,1.0,-1,-1,-1
449,11,714.00,222.00,91.00,250.00,1.0,-1,-1,-1
450,0,723.00,203.00,105.00,320.00,1.0,-1,-1,-1
450,1,755.00,218.00,80.00,250.00,1.0,-1,-1,-1
450,2,154.00,195.00,84.00,251.00,1.0,-1,-1,-1
450,3,716.00,203.00,112.00,320.00,1.0,-1,-1,-1
450,4,75.00,205.00,133.00,140.00,1.0,-1,-1,-1
450,5,267.00,211.00,66.00,275.00,1.0,-1,-1,-1
450,6,962.00,213.00,88.00,250.00,1.0,-1,-1,-1
450,7,508.00,201.00,96.00,243.00,1.0,-1,-1,-1
450,8,128.00,517.00,204.00,203.00,1.0,-1,-1,-1
450,9,797.00,198.00,76.00,234.00,1.0,-1,-1,-1
450,10,524.00,545.00,210.00,175.00,1.0,-1,-1,-1
450,11,715.00,218.00,92.00,256.00,1.0,-1,-1,-1
451,0,717.00,205.00,96.00,317.00,1.0,-1,-1,-1
451,1,755.00,221.00,83.00,287.00,1.0,-1,-1,-1
451,2,154.00,196.00,89.00,250.00,1.0,-1,-1,-1
451,3,717.00,205.00,99.00,317.00,1.0,-1,-1,-1
451,4,75.00,205.00,133.00,140.00,1.0,-1,-1,-1
451,5,267.00,212.00,66.00,274.00,1.0,-1,-1,-1
451,6,961.00,213.00,91.00,250.00,1.0,-1,-1,-1
451,7,508.00,201.00,102.00,243.00,1.0,-1,-1,-1
451,8,128.00,517.00,204.00,203.00,1.0,-1,-1,-1
451,9,796.00,199.00,82.00,233.00,1.0,-1,-1,-1
451,10,524.00,545.00,210.00,175.00,1.0,-1,-1,-1
451,11,717.00,220.00,93.00,256.00,1.0,-1,-1,-1
452,0,713.00,207.00,97.00,315.00,1.0,-1,-1,-1
452,1,755.00,222.00,78.00,166.00,1.0,-1,-1,-1
452,2,153.00,196.00,97.00,250.00,1.0,-1,-1,-1
452,3,712.00,207.00,98.00,315.00,1.0,-1,-1,-1
452,4,75.00,205.00,60.00,104.00,1.0,-1,-1,-1
452,5,266.00,212.00,68.00,274.00,1.0,-1,-1,-1
452,6,957.00,215.00,97.00,248.00,1.0,-1,-1,-1
452,7,508.00,201.00,111.00,243.00,1.0,-1,-1,-1
452,8,128.00,517.00,204.00,203.00,1.0,-1,-1,-1
452,9,796.00,199.00,90.00,235.00,1.0,-1,-1,-1
452,10,524.00,544.00,210.00,176.00,1.0,-1,-1,-1
452,11,745.00,223.00,69.00,254.00,1.0,-1,-1,-1
453,0,708.00,209.00,107.00,313.00,1.0,-1,-1,-1
453,1,751.00,225.00,79.00,168.00,1.0,-1,-1,-1
453,2,154.00,195.00,106.00,251.00,1.0,-1,-1,-1
453,3,708.00,209.00,107.00,313.00,1.0,-1,-1,-1
453,4,75.00,205.00,153.00,103.00,1.0,-1,-1,-1
453,5,265.00,213.00,71.00,273.00,1.0,-1,-1,-1
453,6,951.00,216.00,103.00,247.00,1.0,-1,-1,-1
453,7,508.00,202.00,121.00,243.00,1.0,-1,-1,-1
453,8,128.00,517.00,204.00,203.00,1.0,-1,-1,-1
453,9,796.00,199.00,98.00,234.00,1.0,-1,-1,-1
453,10,523.00,544.00,211.00,176.00,1.0,-1,-1,-1
453,11,752.00,225.00,68.00,276.00,1.0,-1,-1,-1
454,0,701.00,214.00,116.00,308.00,1.0,-1,-1,-1
454,1,745.00,225.00,86.00,230.00,1.0,-1,-1,-1
454,2,153.00,196.00,114.00,250.00,1.0,-1,-1,-1
454,3,701.00,214.00,117.00,308.00,1.0,-1,-1,-1
454,4,74.00,205.00,154.00,163.00,1.0,-1,-1,-1
454,5,264.00,213.00,74.00,273.00,1.0,-1,-1,-1
454,6,944.00,217.00,107.00,246.00,1.0,-1,-1,-1
454,7,509.00,203.00,131.00,242.00,1.0,-1,-1,-1
454,8,128.00,516.00,204.00,204.00,1.0,-1,-1,-1
454,9,797.00,199.00,104.00,235.00,1.0,-1,-1,-1
454,10,523.00,544.00,211.00,176.00,1.0,-1,-1,-1
454,11,745.00,226.00,71.00,256.00,1.0,-1,-1,-1
455,0,694.00,217.00,123.00,305.00,1.0,-1,-1,-1
455,1,746.00,227.00,93.00,235.00,1.0,-1,-1,-1
455,2,153.00,196.00,116.00,250.00,1.0,-1,-1,-1
455,3,694.00,217.00,123.00,305.00,1.0,-1,-1,-1
455,4,74.00,205.00,59.00,103.00,1.0,-1,-1,-1
455,5,256.00,212.00,87.00,274.00,1.0,-1,-1,-1
455,6,938.00,217.00,110.00,246.00,1.0,-1,-1,-1
455,7,514.00,204.00,139.00,242.00,1.0,-1,-1,-1
455,8,127.00,516.00,205.00,204.00,1.0,-1,-1,-1
455,9,801.00,199.00,108.00,234.00,1.0,-1,-1,-1
455,10,523.00,544.00,211.00,176.00,1.0,-1,-1,-1
455,11,745.00,227.00,83.00,254.00,1.0,-1,-1,-1
456,0,684.00,220.00,130.00,302.00,1.0,-1,-1,-1
456,1,747.00,228.00,77.00,196.00,1.0,-1,-1,-1
456,2,153.00,194.00,118.00,252.00,1.0,-1,-1,-1
456,3,683.00,220.00,131.00,302.00,1.0,-1,-1,-1
456,4,74.00,205.00,64.00,118.00,1.0,-1,-1,-1
456,5,257.00,210.00,94.00,276.00,1.0,-1,-1,-1
456,6,936.00,216.00,112.00,248.00,1.0,-1,-1,-1
456,7,521.00,204.00,141.00,243.00,1.0,-1,-1,-1
456,8,127.00,517.00,205.00,203.00,1.0,-1,-1,-1
456,9,810.00,199.00,102.00,235.00,1.0,-1,-1,-1
456,10,524.00,545.00,210.00,175.00,1.0,-1,-1,-1
456,11,747.00,228.00,71.00,240.00,1.0,-1,-1,-1
457,0,672.00,224.00,133.00,298.00,1.0,-1,-1,-1
457,1,751.00,231.00,77.00,241.00,1.0,-1,-1,-1
457,2,153.00,193.00,123.00,253.00,1.0,-1,-1,-1
457,3,672.00,224.00,133.00,299.00,1.0,-1,-1,-1
457,4,74.00,205.00,174.00,140.00,1.0,-1,-1,-1
457,5,257.00,207.00,97.00,279.00,1.0,-1,-1,-1
457,6,937.00,217.00,111.00,247.00,1.0,-1,-1,-1
457,7,531.00,205.00,136.00,244.00,1.0,-1,-1,-1
457,8,127.00,517.00,204.00,203.00,1.0,-1,-1,-1
457,9,821.00,198.00,93.00,236.00,1.0,-1,-1,-1
457,10,523.00,545.00,210.00,175.00,1.0,-1,-1,-1
457,11,751.00,231.00,68.00,240.00,1.0,-1,-1,-1
458,0,650.00,224.00,145.00,298.00,1.0,-1,-1,-1
458,1,752.00,233.00,72.00,250.00,1.0,-1,-1,-1
458,2,154.00,192.00,119.00,254.00,1.0,-1,-1,-1
458,3,652.00,224.00,144.00,298.00,1.0,-1,-1,-1
458,4,74.00,206.00,174.00,103.00,1.0,-1,-1,-1
458,5,261.00,205.00,90.00,281.00,1.0,-1,-1,-1
458,6,930.00,220.00,118.00,244.00,1.0,-1,-1,-1
458,7,541.00,206.00,118.00,242.00,1.0,-1,-1,-1
458,8,127.00,517.00,204.00,203.00,1.0,-1,-1,-1
458,9,824.00,197.00,85.00,239.00,1.0,-1,-1,-1
458,10,521.00,545.00,212.00,175.00,1.0,-1,-1,-1
458,11,752.00,233.00,70.00,251.00,1.0,-1,-1,-1
459,0,627.00,224.00,157.00,295.00,1.0,-1,-1,-1
459,1,753.00,234.00,66.00,248.00,1.0,-1,-1,-1
459,2,155.00,191.00,115.00,255.00,1.0,-1,-1,-1
459,3,627.00,224.00,156.00,295.00,1.0,-1,-1,-1
459,4,74.00,206.00,174.00,184.00,1.0,-1,-1,-1
459,5,262.00,202.00,83.00,284.00,1.0,-1,-1,-1
459,6,918.00,219.00,129.00,247.00,1.0,-1,-1,-1
459,7,547.00,209.00,109.00,236.00,1.0,-1,-1,-1
459,8,127.00,517.00,204.00,203.00,1.0,-1,-1,-1
459,9,824.00,197.00,84.00,239.00,1.0,-1,-1,-1
459,10,522.00,545.00,210.00,175.00,1.0,-1,-1,-1
459,11,753.00,234.00,80.00,249.00,1.0,-1,-1,-1
460,0,612.00,224.00,149.00,291.00,1.0,-1,-1,-1
460,1,756.00,235.00,97.00,247.00,1.0,-1,-1,-1
460,2,160.00,190.00,109.00,256.00,1.0,-1,-1,-1
460,3,614.00,224.00,146.00,291.00,1.0,-1,-1,-1
460,4,74.00,206.00,174.00,184.00,1.0,-1,-1,-1
460,5,263.00,200.00,71.00,287.00,1.0,-1,-1,-1
460,6,914.00,219.00,133.00,251.00,1.0,-1,-1,-1
460,7,550.00,209.00,98.00,234.00,1.0,-1,-1,-1
460,8,127.00,517.00,204.00,203.00,1.0,-1,-1,-1
460,9,828.00,198.00,74.00,239.00,1.0,-1,-1,-1
460,10,522.00,545.00,210.00,175.00,1.0,-1,-1,-1
460,11,756.00,235.00,99.00,248.00,1.0,-1,-1,-1
461,0,616.00,225.00,129.00,290.00,1.0,-1,-1,-1
461,1,757.00,235.00,101.00,248.00,1.0,-1,-1,-1
461,2,169.00,190.00,103.00,255.00,1.0,-1,-1,-1
461,3,615.00,225.00,130.00,291.00,1.0,-1,-1,-1
461,4,74.00,206.00,174.00,139.00,1.0,-1,-1,-1
461,5,264.00,197.00,70.00,290.00,1.0,-1,-1,-1
461,6,913.00,216.00,132.00,255.00,1.0,-1,-1,-1
461,7,552.00,211.00,92.00,232.00,1.0,-1,-1,-1
461,8,127.00,517.00,204.00,203.00,1.0,-1,-1,-1
461,9,829.00,198.00,69.00,240.00,1.0,-1,-1,-1
461,10,522.00,545.00,210.00,175.00,1.0,-1,-1,-1
461,11,757.00,235.00,101.00,248.00,1.0,-1,-1,-1
462,0,624.00,226.00,133.00,290.00,1.0,-1,-1,-1
462,1,760.00,234.00,100.00,250.00,1.0,-1,-1,-1
462,2,185.00,190.00,94.00,255.00,1.0,-1,-1,-1
462,3,624.00,225.00,132.00,291.00,1.0,-1,-1,-1
462,4,74.00,207.00,66.00,120.00,1.0,-1,-1,-1
462,5,266.00,196.00,68.00,291.00,1.0,-1,-1,-1
462,6,899.00,212.00,143.00,259.00,1.0,-1,-1,-1
462,7,555.00,211.00,85.00,235.00,1.0,-1,-1,-1
462,8,126.00,518.00,205.00,202.00,1.0,-1,-1,-1
462,9,830.00,198.00,70.00,240.00,1.0,-1,-1,-1
462,10,522.00,546.00,209.00,174.00,1.0,-1,-1,-1
462,11,759.00,234.00,101.00,250.00,1.0,-1,-1,-1
463,0,629.00,224.00,149.00,293.00,1.0,-1,-1,-1
463,1,761.00,232.00,95.00,256.00,1.0,-1,-1,-1
463,2,210.00,188.00,72.00,258.00,1.0,-1,-1,-1
463,3,629.00,224.00,149.00,293.00,1.0,-1,-1,-1
463,4,74.00,207.00,65.00,120.00,1.0,-1,-1,-1
463,5,265.00,194.00,73.00,291.00,1.0,-1,-1,-1
463,6,895.00,212.00,144.00,259.00,1.0,-1,-1,-1
463,7,557.00,210.00,70.00,242.00,1.0,-1,-1,-1
463,8,127.00,518.00,204.00,202.00,1.0,-1,-1,-1
463,9,831.00,197.00,76.00,243.00,1.0,-1,-1,-1
463,10,523.00,546.00,208.00,174.00,1.0,-1,-1,-1
463,11,761.00,232.00,95.00,256.00,1.0,-1,-1,-1
464,0,618.00,221.00,176.00,296.00,1.0,-1,-1,-1
464,1,767.00,229.00,66.00,264.00,1.0,-1,-1,-1
464,2,219.00,169.00,62.00,275.00,1.0,-1,-1,-1
464,3,618.00,220.00,175.00,297.00,1.0,-1,-1,-1
464,4,74.00,207.00,66.00,121.00,1.0,-1,-1,-1
464,5,256.00,190.00,86.00,295.00,1.0,-1,-1,-1
464,6,900.00,210.00,132.00,262.00,1.0,-1,-1,-1
464,7,560.00,207.00,60.00,250.00,1.0,-1,-1,-1
464,8,127.00,519.00,204.00,201.00,1.0,-1,-1,-1
464,9,834.00,195.00,77.00,247.00,1.0,-1,-1,-1
464,10,523.00,547.00,207.00,173.00,1.0,-1,-1,-1
464,11,767.00,229.00,67.00,264.00,1.0,-1,-1,-1
465,0,593.00,209.00,205.00,308.00,1.0,-1,-1,-1
465,1,769.00,210.00,70.00,287.00,1.0,-1,-1,-1
465,2,206.00,155.00,76.00,289.00,1.0,-1,-1,-1
465,3,593.00,214.00,198.00,303.00,1.0,-1,-1,-1
465,4,74.00,208.00,66.00,121.00,1.0,-1,-1,-1
465,5,247.00,164.00,91.00,320.00,1.0,-1,-1,-1
465,6,895.00,194.00,125.00,278.00,1.0,-1,-1,-1
465,7,545.00,192.00,76.00,265.00,1.0,-1,-1,-1
465,8,127.00,519.00,204.00,201.00,1.0,-1,-1,-1
465,9,836.00,192.00,77.00,251.00,1.0,-1,-1,-1
465,10,524.00,548.00,205.00,172.00,1.0,-1,-1,-1
465,11,769.00,210.00,70.00,288.00,1.0,-1,-1,-1
466,0,578.00,190.00,218.00,328.00,1.0,-1,-1,-1
466,1,772.00,195.00,69.00,306.00,1.0,-1,-1,-1
466,2,194.00,189.00,95.00,250.00,1.0,-1,-1,-1
466,3,578.00,191.00,211.00,327.00,1.0,-1,-1,-1
466,4,74.00,208.00,66.00,122.00,1.0,-1,-1,-1
466,5,243.00,159.00,90.00,324.00,1.0,-1,-1,-1
466,6,882.00,177.00,125.00,296.00,1.0,-1,-1,-1
466,7,523.00,170.00,98.00,288.00,1.0,-1,-1,-1
466,8,126.00,520.00,205.00,200.00,1.0,-1,-1,-1
466,9,838.00,175.00,81.00,268.00,1.0,-1,-1,-1
466,10,524.00,549.00,206.00,171.00,1.0,-1,-1,-1
466,11,765.00,195.00,76.00,306.00,1.0,-1,-1,-1
467,0,569.00,177.00,210.00,340.00,1.0,-1,-1,-1
467,1,775.00,190.00,78.00,313.00,1.0,-1,-1,-1
467,2,188.00,190.00,118.00,249.00,1.0,-1,-1,-1
467,3,569.00,177.00,212.00,340.00,1.0,-1,-1,-1
467,4,74.00,209.00,66.00,122.00,1.0,-1,-1,-1
467,5,242.00,138.00,90.00,343.00,1.0,-1,-1,-1
467,6,860.00,167.00,131.00,306.00,1.0,-1,-1,-1
467,7,504.00,158.00,119.00,287.00,1.0,-1,-1,-1
467,8,126.00,520.00,206.00,200.00,1.0,-1,-1,-1
467,9,817.00,164.00,106.00,279.00,1.0,-1,-1,-1
467,10,524.00,549.00,206.00,171.00,1.0,-1,-1,-1
467,11,772.00,190.00,72.00,313.00,1.0,-1,-1,-1
468,0,561.00,177.00,171.00,340.00,1.0,-1,-1,-1
468,1,741.00,223.00,111.00,281.00,1.0,-1,-1,-1
468,2,187.00,178.00,122.00,283.00,1.0,-1,-1,-1
468,3,561.00,180.00,171.00,337.00,1.0,-1,-1,-1
468,4,74.00,210.00,66.00,122.00,1.0,-1,-1,-1
468,5,241.00,125.00,92.00,357.00,1.0,-1,-1,-1
468,6,856.00,161.00,115.00,313.00,1.0,-1,-1,-1
468,7,490.00,144.00,172.00,289.00,1.0,-1,-1,-1
468,8,126.00,521.00,205.00,199.00,1.0,-1,-1,-1
468,9,804.00,161.00,115.00,283.00,1.0,-1,-1,-1
468,10,525.00,550.00,203.00,170.00,1.0,-1,-1,-1
468,11,741.00,223.00,110.00,281.00,1.0,-1,-1,-1
469,0,557.00,180.00,135.00,337.00,1.0,-1,-1,-1
469,1,720.00,224.00,136.00,280.00,1.0,-1,-1,-1
469,2,194.00,119.00,132.00,353.00,1.0,-1,-1,-1
469,3,557.00,180.00,135.00,337.00,1.0,-1,-1,-1
469,4,74.00,210.00,66.00,122.00,1.0,-1,-1,-1
469,5,192.00,119.00,141.00,364.00,1.0,-1,-1,-1
469,6,853.00,146.00,98.00,329.00,1.0,-1,-1,-1
469,7,484.00,139.00,168.00,321.00,1.0,-1,-1,-1
469,8,127.00,521.00,205.00,199.00,1.0,-1,-1,-1
469,9,801.00,190.00,112.00,254.00,1.0,-1,-1,-1
469,10,525.00,550.00,203.00,170.00,1.0,-1,-1,-1
469,11,720.00,223.00,137.00,282.00,1.0,-1,-1,-1
470,0,555.00,139.00,125.00,378.00,1.0,-1,-1,-1
470,1,706.00,212.00,155.00,293.00,1.0,-1,-1,-1
470,2,182.00,118.00,151.00,363.00,1.0,-1,-1,-1
470,3,555.00,181.00,125.00,336.00,1.0,-1,-1,-1
470,4,75.00,211.00,66.00,122.00,1.0,-1,-1,-1
470,5,181.00,118.00,152.00,365.00,1.0,-1,-1,-1
470,6,819.00,143.00,134.00,332.00,1.0,-1,-1,-1
470,7,484.00,136.00,139.00,324.00,1.0,-1,-1,-1
470,8,126.00,522.00,206.00,198.00,1.0,-1,-1,-1
470,9,799.00,189.00,114.00,257.00,1.0,-1,-1,-1
470,10,525.00,550.00,203.00,170.00,1.0,-1,-1,-1
470,11,706.00,212.00,155.00,293.00,1.0,-1,-1,-1
471,0,490.00,134.00,181.00,384.00,1.0,-1,-1,-1
471,1,703.00,205.00,162.00,302.00,1.0,-1,-1,-1
471,2,162.00,119.00,181.00,364.00,1.0,-1,-1,-1
471,3,490.00,137.00,181.00,381.00,1.0,-1,-1,-1
471,4,75.00,212.00,66.00,122.00,1.0,-1,-1,-1
471,5,161.00,118.00,182.00,366.00,1.0,-1,-1,-1
471,6,802.00,142.00,157.00,336.00,1.0,-1,-1,-1
471,7,489.00,133.00,184.00,328.00,1.0,-1,-1,-1
471,8,126.00,523.00,206.00,197.00,1.0,-1,-1,-1
471,9,860.00,188.00,59.00,256.00,1.0,-1,-1,-1
471,10,525.00,551.00,202.00,169.00,1.0,-1,-1,-1
471,11,703.00,205.00,162.00,302.00,1.0,-1,-1,-1
472,0,497.00,135.00,178.00,385.00,1.0,-1,-1,-1
472,1,707.00,181.00,161.00,326.00,1.0,-1,-1,-1
472,2,157.00,120.00,193.00,365.00,1.0,-1,-1,-1
472,3,497.00,135.00,178.00,384.00,1.0,-1,-1,-1
472,4,75.00,212.00,65.00,122.00,1.0,-1,-1,-1
472,5,156.00,120.00,194.00,365.00,1.0,-1,-1,-1
472,6,772.00,143.00,193.00,338.00,1.0,-1,-1,-1
472,7,496.00,134.00,179.00,328.00,1.0,-1,-1,-1
472,8,127.00,523.00,205.00,197.00,1.0,-1,-1,-1
472,9,861.00,189.00,81.00,255.00,1.0,-1,-1,-1
472,10,526.00,552.00,201.00,168.00,1.0,-1,-1,-1
472,11,707.00,181.00,159.00,326.00,1.0,-1,-1,-1
473,0,517.00,199.00,154.00,321.00,1.0,-1,-1,-1
473,1,718.00,214.00,142.00,297.00,1.0,-1,-1,-1
473,2,160.00,123.00,195.00,362.00,1.0,-1,-1,-1
473,3,512.00,142.00,161.00,378.00,1.0,-1,-1,-1
473,4,75.00,213.00,66.00,123.00,1.0,-1,-1,-1
473,5,159.00,123.00,197.00,362.00,1.0,-1,-1,-1
473,6,772.00,146.00,197.00,340.00,1.0,-1,-1,-1
473,7,511.00,135.00,162.00,325.00,1.0,-1,-1,-1
473,8,129.00,524.00,204.00,196.00,1.0,-1,-1,-1
473,9,867.00,191.00,89.00,254.00,1.0,-1,-1,-1
473,10,526.00,552.00,201.00,168.00,1.0,-1,-1,-1
473,11,718.00,194.00,142.00,317.00,1.0,-1,-1,-1
474,0,520.00,194.00,144.00,327.00,1.0,-1,-1,-1
474,1,726.00,206.00,130.00,310.00,1.0,-1,-1,-1
474,2,167.00,124.00,193.00,362.00,1.0,-1,-1,-1
474,3,520.00,194.00,144.00,326.00,1.0,-1,-1,-1
474,4,75.00,214.00,66.00,123.00,1.0,-1,-1,-1
474,5,167.00,124.00,193.00,362.00,1.0,-1,-1,-1
474,6,791.00,149.00,183.00,340.00,1.0,-1,-1,-1
474,7,518.00,137.00,147.00,326.00,1.0,-1,-1,-1
474,8,128.00,525.00,205.00,195.00,1.0,-1,-1,-1
474,9,889.00,192.00,82.00,257.00,1.0,-1,-1,-1
474,10,526.00,552.00,201.00,168.00,1.0,-1,-1,-1
474,11,724.00,189.00,134.00,327.00,1.0,-1,-1,-1
475,0,535.00,142.00,120.00,380.00,1.0,-1,-1,-1
475,1,740.00,204.00,124.00,316.00,1.0,-1,-1,-1
475,2,179.00,128.00,182.00,358.00,1.0,-1,-1,-1
475,3,537.00,196.00,117.00,326.00,1.0,-1,-1,-1
475,4,75.00,215.00,66.00,122.00,1.0,-1,-1,-1
475,5,179.00,128.00,182.00,358.00,1.0,-1,-1,-1
475,6,789.00,153.00,189.00,337.00,1.0,-1,-1,-1
475,7,534.00,141.00,121.00,325.00,1.0,-1,-1,-1
475,8,128.00,525.00,205.00,195.00,1.0,-1,-1,-1
475,9,890.00,194.00,94.00,255.00,1.0,-1,-1,-1
475,10,526.00,553.00,200.00,167.00,1.0,-1,-1,-1
475,11,739.00,186.00,120.00,334.00,1.0,-1,-1,-1
476,0,527.00,148.00,128.00,374.00,1.0,-1,-1,-1
476,1,754.00,204.00,103.00,319.00,1.0,-1,-1,-1
476,2,301.00,133.00,68.00,316.00,1.0,-1,-1,-1
476,3,527.00,203.00,116.00,319.00,1.0,-1,-1,-1
476,4,75.00,216.00,67.00,122.00,1.0,-1,-1,-1
476,5,197.00,134.00,165.00,352.00,1.0,-1,-1,-1
476,6,802.00,153.00,177.00,338.00,1.0,-1,-1,-1
476,7,546.00,147.00,115.00,321.00,1.0,-1,-1,-1
476,8,129.00,526.00,204.00,194.00,1.0,-1,-1,-1
476,9,892.00,153.00,100.00,296.00,1.0,-1,-1,-1
476,10,527.00,554.00,199.00,166.00,1.0,-1,-1,-1
476,11,753.00,180.00,110.00,343.00,1.0,-1,-1,-1
477,0,507.00,161.00,154.00,361.00,1.0,-1,-1,-1
477,1,760.00,177.00,104.00,348.00,1.0,-1,-1,-1
477,2,303.00,144.00,80.00,306.00,1.0,-1,-1,-1
477,3,506.00,184.00,114.00,338.00,1.0,-1,-1,-1
477,4,76.00,216.00,64.00,122.00,1.0,-1,-1,-1
477,5,219.00,144.00,125.00,342.00,1.0,-1,-1,-1
477,6,812.00,156.00,168.00,335.00,1.0,-1,-1,-1
477,7,561.00,160.00,107.00,311.00,1.0,-1,-1,-1
477,8,128.00,527.00,205.00,193.00,1.0,-1,-1,-1
477,9,895.00,154.00,99.00,296.00,1.0,-1,-1,-1
477,10,527.00,555.00,199.00,165.00,1.0,-1,-1,-1
477,11,760.00,176.00,99.00,349.00,1.0,-1,-1,-1
478,0,483.00,175.00,183.00,345.00,1.0,-1,-1,-1
478,1,763.00,179.00,109.00,347.00,1.0,-1,-1,-1
478,2,307.00,168.00,88.00,281.00,1.0,-1,-1,-1
478,3,483.00,206.00,118.00,314.00,1.0,-1,-1,-1
478,4,76.00,217.00,66.00,122.00,1.0,-1,-1,-1
478,5,235.00,152.00,98.00,334.00,1.0,-1,-1,-1
478,6,824.00,159.00,159.00,335.00,1.0,-1,-1,-1
478,7,572.00,171.00,100.00,300.00,1.0,-1,-1,-1
478,8,129.00,528.00,204.00,192.00,1.0,-1,-1,-1
478,9,881.00,150.00,116.00,303.00,1.0,-1,-1,-1
478,10,527.00,556.00,198.00,164.00,1.0,-1,-1,-1
478,11,763.00,179.00,106.00,347.00,1.0,-1,-1,-1
479,0,462.00,208.00,202.00,312.00,1.0,-1,-1,-1
479,1,767.00,188.00,139.00,339.00,1.0,-1,-1,-1
479,2,312.00,189.00,93.00,261.00,1.0,-1,-1,-1
479,3,462.00,209.00,137.00,311.00,1.0,-1,-1,-1
479,4,76.00,217.00,64.00,122.00,1.0,-1,-1,-1
479,5,241.00,153.00,89.00,333.00,1.0,-1,-1,-1
479,6,797.00,160.00,186.00,351.00,1.0,-1,-1,-1
479,7,584.00,181.00,88.00,294.00,1.0,-1,-1,-1
479,8,130.00,528.00,204.00,192.00,1.0,-1,-1,-1
479,9,880.00,149.00,117.00,305.00,1.0,-1,-1,-1
479,10,528.00,557.00,197.00,163.00,1.0,-1,-1,-1
479,11,767.00,186.00,139.00,341.00,1.0,-1,-1,-1
480,0,448.00,202.00,153.00,319.00,1.0,-1,-1,-1
480,1,768.00,197.00,130.00,330.00,1.0,-1,-1,-1
480,2,315.00,192.00,97.00,260.00,1.0,-1,-1,-1
480,3,448.00,203.00,150.00,318.00,1.0,-1,-1,-1
480,4,77.00,218.00,66.00,122.00,1.0,-1,-1,-1
480,5,245.00,160.00,83.00,325.00,1.0,-1,-1,-1
480,6,826.00,183.00,77.00,331.00,1.0,-1,-1,-1
480,7,587.00,192.00,90.00,284.00,1.0,-1,-1,-1
480,8,130.00,529.00,204.00,191.00,1.0,-1,-1,-1
480,9,877.00,154.00,120.00,300.00,1.0,-1,-1,-1
480,10,529.00,557.00,196.00,163.00,1.0,-1,-1,-1
480,11,768.00,196.00,130.00,331.00,1.0,-1,-1,-1
481,0,442.00,212.00,157.00,310.00,1.0,-1,-1,-1
481,1,769.00,209.00,120.00,319.00,1.0,-1,-1,-1
481,2,320.00,192.00,94.00,260.00,1.0,-1,-1,-1
481,3,442.00,212.00,156.00,310.00,1.0,-1,-1,-1
481,4,77.00,219.00,211.00,122.00,1.0,-1,-1,-1
481,5,249.00,171.00,76.00,315.00,1.0,-1,-1,-1
481,6,821.00,215.00,68.00,304.00,1.0,-1,-1,-1
481,7,576.00,197.00,102.00,280.00,1.0,-1,-1,-1
481,8,131.00,529.00,203.00,191.00,1.0,-1,-1,-1
481,9,889.00,158.00,109.00,297.00,1.0,-1,-1,-1
481,10,530.00,558.00,195.00,162.00,1.0,-1,-1,-1
481,11,769.00,209.00,120.00,319.00,1.0,-1,-1,-1
482,0,443.00,212.00,141.00,310.00,1.0,-1,-1,-1
482,1,772.00,226.00,122.00,303.00,1.0,-1,-1,-1
482,2,319.00,193.00,100.00,260.00,1.0,-1,-1,-1
482,3,443.00,212.00,141.00,310.00,1.0,-1,-1,-1
482,4,77.00,219.00,211.00,160.00,1.0,-1,-1,-1
482,5,249.00,181.00,72.00,307.00,1.0,-1,-1,-1
482,6,822.00,228.00,72.00,296.00,1.0,-1,-1,-1
482,7,575.00,200.00,103.00,278.00,1.0,-1,-1,-1
482,8,131.00,530.00,204.00,190.00,1.0,-1,-1,-1
482,9,896.00,166.00,102.00,290.00,1.0,-1,-1,-1
482,10,530.00,559.00,194.00,161.00,1.0,-1,-1,-1
482,11,771.00,226.00,123.00,303.00,1.0,-1,-1,-1
483,0,445.00,214.00,139.00,310.00,1.0,-1,-1,-1
483,1,773.00,232.00,123.00,298.00,1.0,-1,-1,-1
483,2,315.00,192.00,106.00,262.00,1.0,-1,-1,-1
483,3,445.00,215.00,139.00,309.00,1.0,-1,-1,-1
483,4,78.00,220.00,210.00,170.00,1.0,-1,-1,-1
483,5,250.00,185.00,68.00,304.00,1.0,-1,-1,-1
483,6,825.00,248.00,72.00,281.00,1.0,-1,-1,-1
483,7,580.00,200.00,97.00,279.00,1.0,-1,-1,-1
483,8,131.00,531.00,204.00,189.00,1.0,-1,-1,-1
483,9,901.00,175.00,97.00,283.00,1.0,-1,-1,-1
483,10,531.00,560.00,191.00,160.00,1.0,-1,-1,-1
483,11,773.00,232.00,123.00,298.00,1.0,-1,-1,-1
484,0,445.00,207.00,139.00,317.00,1.0,-1,-1,-1
484,1,772.00,233.00,121.00,299.00,1.0,-1,-1,-1
484,2,315.00,185.00,108.00,270.00,1.0,-1,-1,-1
484,3,446.00,207.00,138.00,317.00,1.0,-1,-1,-1
484,4,78.00,221.00,67.00,123.00,1.0,-1,-1,-1
484,5,251.00,180.00,67.00,310.00,1.0,-1,-1,-1
484,6,822.00,247.00,72.00,285.00,1.0,-1,-1,-1
484,7,584.00,199.00,91.00,281.00,1.0,-1,-1,-1
484,8,132.00,532.00,204.00,188.00,1.0,-1,-1,-1
484,9,906.00,184.00,95.00,276.00,1.0,-1,-1,-1
484,10,531.00,561.00,192.00,159.00,1.0,-1,-1,-1
484,11,772.00,233.00,121.00,299.00,1.0,-1,-1,-1
485,0,445.00,196.00,132.00,330.00,1.0,-1,-1,-1
485,1,770.00,233.00,120.00,301.00,1.0,-1,-1,-1
485,2,322.00,179.00,102.00,277.00,1.0,-1,-1,-1
485,3,445.00,196.00,132.00,330.00,1.0,-1,-1,-1
485,4,79.00,222.00,64.00,121.00,1.0,-1,-1,-1
485,5,249.00,169.00,69.00,322.00,1.0,-1,-1,-1
485,6,802.00,236.00,87.00,298.00,1.0,-1,-1,-1
485,7,589.00,193.00,87.00,287.00,1.0,-1,-1,-1
485,8,133.00,533.00,204.00,187.00,1.0,-1,-1,-1
485,9,911.00,192.00,91.00,270.00,1.0,-1,-1,-1
485,10,533.00,562.00,190.00,158.00,1.0,-1,-1,-1
485,11,770.00,233.00,120.00,301.00,1.0,-1,-1,-1
486,0,445.00,183.00,113.00,344.00,1.0,-1,-1,-1
486,1,769.00,225.00,121.00,314.00,1.0,-1,-1,-1
486,2,332.00,172.00,92.00,285.00,1.0,-1,-1,-1
486,3,445.00,183.00,114.00,344.00,1.0,-1,-1,-1
486,4,80.00,223.00,208.00,167.00,1.0,-1,-1,-1
486,5,242.00,155.00,77.00,337.00,1.0,-1,-1,-1
486,6,802.00,234.00,88.00,306.00,1.0,-1,-1,-1
486,7,589.00,184.00,87.00,297.00,1.0,-1,-1,-1
486,8,134.00,534.00,203.00,186.00,1.0,-1,-1,-1
486,9,916.00,196.00,90.00,266.00,1.0,-1,-1,-1
486,10,533.00,562.00,189.00,158.00,1.0,-1,-1,-1
486,11,769.00,225.00,122.00,315.00,1.0,-1,-1,-1
487,0,442.00,175.00,99.00,353.00,1.0,-1,-1,-1
487,1,766.00,214.00,124.00,329.00,1.0,-1,-1,-1
487,2,337.00,168.00,88.00,290.00,1.0,-1,-1,-1
487,3,442.00,175.00,99.00,353.00,1.0,-1,-1,-1
487,4,81.00,224.00,59.00,109.00,1.0,-1,-1,-1
487,5,227.00,143.00,93.00,350.00,1.0,-1,-1,-1
487,6,807.00,231.00,83.00,312.00,1.0,-1,-1,-1
487,7,586.00,179.00,91.00,303.00,1.0,-1,-1,-1
487,8,136.00,535.00,202.00,185.00,1.0,-1,-1,-1
487,9,920.00,201.00,94.00,263.00,1.0,-1,-1,-1
487,10,534.00,563.00,188.00,157.00,1.0,-1,-1,-1
487,11,766.00,214.00,125.00,329.00,1.0,-1,-1,-1
488,0,439.00,164.00,82.00,365.00,1.0,-1,-1,-1
488,1,796.00,219.00,98.00,325.00,1.0,-1,-1,-1
488,2,339.00,159.00,86.00,299.00,1.0,-1,-1,-1
488,3,439.00,164.00,82.00,365.00,1.0,-1,-1,-1
488,4,82.00,225.00,206.00,165.00,1.0,-1,-1,-1
488,5,212.00,140.00,109.00,354.00,1.0,-1,-1,-1
488,6,810.00,220.00,84.00,324.00,1.0,-1,-1,-1
488,7,578.00,175.00,100.00,308.00,1.0,-1,-1,-1
488,8,136.00,536.00,203.00,184.00,1.0,-1,-1,-1
488,9,923.00,203.00,100.00,262.00,1.0,-1,-1,-1
488,10,536.00,564.00,188.00,156.00,1.0,-1,-1,-1
488,11,763.00,203.00,131.00,341.00,1.0,-1,-1,-1
489,0,434.00,168.00,80.00,361.00,1.0,-1,-1,-1
489,1,814.00,240.00,84.00,305.00,1.0,-1,-1,-1
489,2,341.00,149.00,85.00,310.00,1.0,-1,-1,-1
489,3,433.00,169.00,81.00,360.00,1.0,-1,-1,-1
489,4,83.00,226.00,205.00,164.00,1.0,-1,-1,-1
489,5,204.00,142.00,117.00,352.00,1.0,-1,-1,-1
489,6,814.00,209.00,84.00,336.00,1.0,-1,-1,-1
489,7,569.00,168.00,110.00,316.00,1.0,-1,-1,-1
489,8,137.00,537.00,202.00,183.00,1.0,-1,-1,-1
489,9,926.00,203.00,105.00,263.00,1.0,-1,-1,-1
489,10,537.00,565.00,186.00,155.00,1.0,-1,-1,-1
489,11,758.00,192.00,71.00,325.00,1.0,-1,-1,-1
490,0,430.00,161.00,79.00,368.00,1.0,-1,-1,-1
490,1,802.00,237.00,98.00,309.00,1.0,-1,-1,-1
490,2,342.00,148.00,85.00,312.00,1.0,-1,-1,-1
490,3,430.00,161.00,79.00,368.00,1.0,-1,-1,-1
490,4,84.00,227.00,59.00,103.00,1.0,-1,-1,-1
490,5,198.00,145.00,124.00,351.00,1.0,-1,-1,-1
490,6,805.00,240.00,95.00,306.00,1.0,-1,-1,-1
490,7,560.00,170.00,121.00,315.00,1.0,-1,-1,-1
490,8,137.00,538.00,203.00,182.00,1.0,-1,-1,-1
490,9,929.00,201.00,100.00,269.00,1.0,-1,-1,-1
490,10,538.00,566.00,186.00,154.00,1.0,-1,-1,-1
490,11,741.00,176.00,97.00,342.00,1.0,-1,-1,-1
491,0,420.00,160.00,84.00,370.00,1.0,-1,-1,-1
491,1,815.00,246.00,86.00,301.00,1.0,-1,-1,-1
491,2,343.00,150.00,84.00,311.00,1.0,-1,-1,-1
491,3,420.00,160.00,84.00,370.00,1.0,-1,-1,-1
491,4,84.00,228.00,204.00,162.00,1.0,-1,-1,-1
491,5,192.00,149.00,131.00,347.00,1.0,-1,-1,-1
491,6,806.00,246.00,95.00,301.00,1.0,-1,-1,-1
491,7,555.00,176.00,127.00,310.00,1.0,-1,-1,-1
491,8,138.00,539.00,203.00,181.00,1.0,-1,-1,-1
491,9,932.00,196.00,98.00,276.00,1.0,-1,-1,-1
491,10,539.00,567.00,186.00,153.00,1.0,-1,-1,-1
491,11,720.00,167.00,120.00,352.00,1.0,-1,-1,-1
492,0,411.00,163.00,89.00,368.00,1.0,-1,-1,-1
492,1,816.00,247.00,87.00,301.00,1.0,-1,-1,-1
492,2,339.00,159.00,92.00,303.00,1.0,-1,-1,-1
492,3,411.00,163.00,89.00,368.00,1.0,-1,-1,-1
492,4,85.00,229.00,67.00,122.00,1.0,-1,-1,-1
492,5,189.00,156.00,135.00,341.00,1.0,-1,-1,-1
492,6,787.00,247.00,116.00,301.00,1.0,-1,-1,-1
492,7,553.00,181.00,131.00,306.00,1.0,-1,-1,-1
492,8,139.00,540.00,204.00,180.00,1.0,-1,-1,-1
492,9,934.00,193.00,99.00,280.00,1.0,-1,-1,-1
492,10,541.00,568.00,184.00,152.00,1.0,-1,-1,-1
492,11,704.00,162.00,135.00,358.00,1.0,-1,-1,-1
493,0,401.00,170.00,93.00,362.00,1.0,-1,-1,-1
493,1,807.00,249.00,97.00,300.00,1.0,-1,-1,-1
493,2,336.00,167.00,99.00,232.00,1.0,-1,-1,-1
493,3,352.00,170.00,142.00,362.00,1.0,-1,-1,-1
493,4,87.00,230.00,66.00,122.00,1.0,-1,-1,-1
493,5,187.00,162.00,138.00,336.00,1.0,-1,-1,-1
493,6,785.00,249.00,119.00,299.00,1.0,-1,-1,-1
493,7,555.00,189.00,130.00,299.00,1.0,-1,-1,-1
493,8,140.00,540.00,203.00,180.00,1.0,-1,-1,-1
493,9,930.00,188.00,106.00,285.00,1.0,-1,-1,-1
493,10,542.00,569.00,184.00,151.00,1.0,-1,-1,-1
493,11,691.00,162.00,129.00,359.00,1.0,-1,-1,-1
494,0,375.00,181.00,113.00,352.00,1.0,-1,-1,-1
494,1,811.00,251.00,97.00,299.00,1.0,-1,-1,-1
494,2,328.00,177.00,111.00,287.00,1.0,-1,-1,-1
494,3,330.00,180.00,158.00,353.00,1.0,-1,-1,-1
494,4,88.00,230.00,66.00,123.00,1.0,-1,-1,-1
494,5,173.00,170.00,153.00,329.00,1.0,-1,-1,-1
494,6,793.00,251.00,115.00,299.00,1.0,-1,-1,-1
494,7,552.00,197.00,134.00,292.00,1.0,-1,-1,-1
494,8,142.00,541.00,202.00,179.00,1.0,-1,-1,-1
494,9,917.00,188.00,120.00,286.00,1.0,-1,-1,-1
494,10,544.00,570.00,225.00,150.00,1.0,-1,-1,-1
494,11,683.00,166.00,135.00,356.00,1.0,-1,-1,-1
495,0,351.00,221.00,133.00,312.00,1.0,-1,-1,-1
495,1,810.00,255.00,102.00,296.00,1.0,-1,-1,-1
495,2,321.00,188.00,125.00,276.00,1.0,-1,-1,-1
495,3,351.00,221.00,134.00,312.00,1.0,-1,-1,-1
495,4,89.00,231.00,66.00,123.00,1.0,-1,-1,-1
495,5,161.00,181.00,166.00,319.00,1.0,-1,-1,-1
495,6,786.00,255.00,125.00,296.00,1.0,-1,-1,-1
495,7,540.00,211.00,147.00,279.00,1.0,-1,-1,-1
495,8,143.00,542.00,202.00,178.00,1.0,-1,-1,-1
495,9,912.00,192.00,126.00,283.00,1.0,-1,-1,-1
495,10,546.00,570.00,180.00,150.00,1.0,-1,-1,-1
495,11,678.00,172.00,136.00,351.00,1.0,-1,-1,-1
496,0,336.00,223.00,142.00,311.00,1.0,-1,-1,-1
496,1,801.00,259.00,114.00,294.00,1.0,-1,-1,-1
496,2,317.00,202.00,131.00,263.00,1.0,-1,-1,-1
496,3,336.00,223.00,142.00,311.00,1.0,-1,-1,-1
496,4,90.00,232.00,67.00,123.00,1.0,-1,-1,-1
496,5,150.00,193.00,178.00,307.00,1.0,-1,-1,-1
496,6,782.00,259.00,133.00,293.00,1.0,-1,-1,-1
496,7,531.00,220.00,157.00,270.00,1.0,-1,-1,-1
496,8,144.00,542.00,202.00,178.00,1.0,-1,-1,-1
496,9,911.00,192.00,129.00,284.00,1.0,-1,-1,-1
496,10,547.00,571.00,179.00,149.00,1.0,-1,-1,-1
496,11,677.00,181.00,132.00,343.00,1.0,-1,-1,-1
497,0,328.00,224.00,150.00,311.00,1.0,-1,-1,-1
497,1,751.00,266.00,167.00,287.00,1.0,-1,-1,-1
497,2,313.00,213.00,136.00,253.00,1.0,-1,-1,-1
497,3,327.00,224.00,151.00,311.00,1.0,-1,-1,-1
497,4,92.00,233.00,156.00,123.00,1.0,-1,-1,-1
497,5,147.00,210.00,181.00,290.00,1.0,-1,-1,-1
497,6,766.00,266.00,152.00,287.00,1.0,-1,-1,-1
497,7,511.00,223.00,179.00,267.00,1.0,-1,-1,-1
497,8,145.00,543.00,202.00,177.00,1.0,-1,-1,-1
497,9,914.00,196.00,127.00,280.00,1.0,-1,-1,-1
497,10,548.00,571.00,200.00,149.00,1.0,-1,-1,-1
497,11,678.00,192.00,127.00,332.00,1.0,-1,-1,-1
498,0,320.00,225.00,158.00,310.00,1.0,-1,-1,-1
498,1,751.00,273.00,169.00,280.00,1.0,-1,-1,-1
498,2,315.00,218.00,153.00,248.00,1.0,-1,-1,-1
498,3,319.00,225.00,159.00,310.00,1.0,-1,-1,-1
498,4,93.00,233.00,66.00,123.00,1.0,-1,-1,-1
498,5,147.00,229.00,183.00,272.00,1.0,-1,-1,-1
498,6,757.00,273.00,163.00,280.00,1.0,-1,-1,-1
498,7,506.00,226.00,186.00,265.00,1.0,-1,-1,-1
498,8,146.00,544.00,202.00,176.00,1.0,-1,-1,-1
498,9,907.00,203.00,135.00,274.00,1.0,-1,-1,-1
498,10,550.00,572.00,178.00,148.00,1.0,-1,-1,-1
498,11,672.00,207.00,132.00,318.00,1.0,-1,-1,-1
499,0,311.00,226.00,169.00,309.00,1.0,-1,-1,-1
499,1,745.00,282.00,173.00,272.00,1.0,-1,-1,-1
499,2,309.00,225.00,166.00,241.00,1.0,-1,-1,-1
499,3,311.00,226.00,169.00,309.00,1.0,-1,-1,-1
499,4,95.00,234.00,65.00,121.00,1.0,-1,-1,-1
499,5,147.00,237.00,183.00,264.00,1.0,-1,-1,-1
499,6,755.00,282.00,163.00,272.00,1.0,-1,-1,-1
499,7,517.00,232.00,177.00,260.00,1.0,-1,-1,-1
499,8,147.00,544.00,202.00,176.00,1.0,-1,-1,-1
499,9,896.00,217.00,147.00,261.00,1.0,-1,-1,-1
499,10,552.00,573.00,177.00,147.00,1.0,-1,-1,-1
499,11,655.00,220.00,144.00,305.00,1.0,-1,-1,-1
500,0,290.00,227.00,189.00,309.00,1.0,-1,-1,-1
500,1,783.00,295.00,130.00,260.00,1.0,-1,-1,-1
500,2,290.00,234.00,192.00,224.00,1.0,-1,-1,-1
500,3,290.00,226.00,189.00,310.00,1.0,-1,-1,-1
500,4,96.00,235.00,65.00,121.00,1.0,-1,-1,-1
500,5,152.00,242.00,176.00,256.00,1.0,-1,-1,-1
500,6,768.00,295.00,145.00,260.00,1.0,-1,-1,-1
500,7,516.00,239.00,179.00,254.00,1.0,-1,-1,-1
500,8,150.00,545.00,202.00,175.00,1.0,-1,-1,-1
500,9,884.00,226.00,161.00,252.00,1.0,-1,-1,-1
500,10,554.00,573.00,177.00,147.00,1.0,-1,-1,-1
500,11,642.00,223.00,155.00,303.00,1.0,-1,-1,-1
501,0,287.00,228.00,190.00,308.00,1.0,-1,-1,-1
501,1,767.00,305.00,146.00,254.00,1.0,-1,-1,-1
501,2,282.00,232.00,205.00,228.00,1.0,-1,-1,-1
501,3,288.00,228.00,189.00,308.00,1.0,-1,-1,-1
501,4,98.00,235.00,60.00,118.00,1.0,-1,-1,-1
501,5,162.00,249.00,163.00,250.00,1.0,-1,-1,-1
501,6,779.00,305.00,134.00,254.00,1.0,-1,-1,-1
501,7,512.00,245.00,183.00,249.00,1.0,-1,-1,-1
501,8,152.00,545.00,201.00,175.00,1.0,-1,-1,-1
501,9,874.00,227.00,172.00,251.00,1.0,-1,-1,-1
501,10,556.00,574.00,177.00,146.00,1.0,-1,-1,-1
501,11,637.00,227.00,160.00,299.00,1.0,-1,-1,-1
502,0,299.00,232.00,174.00,305.00,1.0,-1,-1,-1
502,1,758.00,320.00,159.00,242.00,1.0,-1,-1,-1
502,2,322.00,258.00,171.00,201.00,1.0,-1,-1,-1
502,3,299.00,232.00,173.00,305.00,1.0,-1,-1,-1
502,4,100.00,235.00,64.00,119.00,1.0,-1,-1,-1
502,5,159.00,257.00,162.00,245.00,1.0,-1,-1,-1
502,6,761.00,320.00,156.00,242.00,1.0,-1,-1,-1
502,7,514.00,256.00,182.00,238.00,1.0,-1,-1,-1
502,8,154.00,545.00,200.00,175.00,1.0,-1,-1,-1
502,9,867.00,231.00,179.00,248.00,1.0,-1,-1,-1
502,10,557.00,574.00,177.00,146.00,1.0,-1,-1,-1
502,11,637.00,233.00,161.00,293.00,1.0,-1,-1,-1
503,0,296.00,237.00,175.00,300.00,1.0,-1,-1,-1
503,1,759.00,337.00,160.00,225.00,1.0,-1,-1,-1
503,2,402.00,260.00,99.00,200.00,1.0,-1,-1,-1
503,3,296.00,237.00,175.00,300.00,1.0,-1,-1,-1
503,4,101.00,235.00,62.00,114.00,1.0,-1,-1,-1
503,5,135.00,265.00,178.00,236.00,1.0,-1,-1,-1
503,6,762.00,337.00,158.00,225.00,1.0,-1,-1,-1
503,7,516.00,265.00,182.00,229.00,1.0,-1,-1,-1
503,8,156.00,545.00,201.00,175.00,1.0,-1,-1,-1
503,9,867.00,236.00,178.00,243.00,1.0,-1,-1,-1
503,10,559.00,575.00,176.00,145.00,1.0,-1,-1,-1
503,11,638.00,242.00,160.00,285.00,1.0,-1,-1,-1
504,0,296.00,245.00,170.00,293.00,1.0,-1,-1,-1
504,1,767.00,353.00,155.00,210.00,1.0,-1,-1,-1
504,2,400.00,271.00,104.00,189.00,1.0,-1,-1,-1
504,3,296.00,245.00,170.00,293.00,1.0,-1,-1,-1
504,4,103.00,236.00,60.00,107.00,1.0,-1,-1,-1
504,5,141.00,275.00,164.00,230.00,1.0,-1,-1,-1
504,6,773.00,353.00,149.00,210.00,1.0,-1,-1,-1
504,7,519.00,275.00,180.00,220.00,1.0,-1,-1,-1
504,8,157.00,546.00,202.00,174.00,1.0,-1,-1,-1
504,9,878.00,243.00,163.00,237.00,1.0,-1,-1,-1
504,10,562.00,575.00,175.00,145.00,1.0,-1,-1,-1
504,11,654.00,254.00,132.00,274.00,1.0,-1,-1,-1
505,0,300.00,253.00,158.00,285.00,1.0,-1,-1,-1
505,1,770.00,366.00,154.00,197.00,1.0,-1,-1,-1
505,2,399.00,279.00,108.00,184.00,1.0,-1,-1,-1
505,3,295.00,253.00,163.00,285.00,1.0,-1,-1,-1
505,4,106.00,236.00,65.00,123.00,1.0,-1,-1,-1
505,5,147.00,286.00,155.00,219.00,1.0,-1,-1,-1
505,6,772.00,366.00,152.00,197.00,1.0,-1,-1,-1
505,7,519.00,287.00,181.00,208.00,1.0,-1,-1,-1
505,8,159.00,546.00,201.00,174.00,1.0,-1,-1,-1
505,9,880.00,250.00,152.00,231.00,1.0,-1,-1,-1
505,10,563.00,575.00,175.00,145.00,1.0,-1,-1,-1
505,11,664.00,265.00,120.00,264.00,1.0,-1,-1,-1
506,0,286.00,266.00,157.00,273.00,1.0,-1,-1,-1
506,1,780.00,383.00,146.00,180.00,1.0,-1,-1,-1
506,2,367.00,288.00,144.00,175.00,1.0,-1,-1,-1
506,3,288.00,266.00,155.00,273.00,1.0,-1,-1,-1
506,4,107.00,236.00,66.00,123.00,1.0,-1,-1,-1
506,5,151.00,296.00,153.00,209.00,1.0,-1,-1,-1
506,6,780.00,384.00,146.00,179.00,1.0,-1,-1,-1
506,7,524.00,296.00,178.00,199.00,1.0,-1,-1,-1
506,8,160.00,547.00,202.00,173.00,1.0,-1,-1,-1
506,9,880.00,260.00,142.00,221.00,1.0,-1,-1,-1
506,10,566.00,576.00,174.00,144.00,1.0,-1,-1,-1
506,11,660.00,276.00,124.00,258.00,1.0,-1,-1,-1
507,0,290.00,277.00,139.00,264.00,1.0,-1,-1,-1
507,1,779.00,393.00,148.00,170.00,1.0,-1,-1,-1
507,2,367.00,297.00,148.00,166.00,1.0,-1,-1,-1
507,3,290.00,278.00,139.00,263.00,1.0,-1,-1,-1
507,4,109.00,236.00,66.00,122.00,1.0,-1,-1,-1
507,5,157.00,306.00,148.00,199.00,1.0,-1,-1,-1
507,6,779.00,393.00,148.00,170.00,1.0,-1,-1,-1
507,7,526.00,305.00,177.00,190.00,1.0,-1,-1,-1
507,8,162.00,547.00,202.00,173.00,1.0,-1,-1,-1
507,9,887.00,268.00,136.00,214.00,1.0,-1,-1,-1
507,10,567.00,576.00,175.00,144.00,1.0,-1,-1,-1
507,11,642.00,288.00,149.00,247.00,1.0,-1,-1,-1
508,0,289.00,289.00,137.00,253.00,1.0,-1,-1,-1
508,1,777.00,393.00,150.00,171.00,1.0,-1,-1,-1
508,2,365.00,306.00,152.00,158.00,1.0,-1,-1,-1
508,3,290.00,290.00,136.00,252.00,1.0,-1,-1,-1
508,4,111.00,237.00,67.00,122.00,1.0,-1,-1,-1
508,5,159.00,315.00,149.00,191.00,1.0,-1,-1,-1
508,6,777.00,393.00,150.00,171.00,1.0,-1,-1,-1
508,7,526.00,314.00,179.00,182.00,1.0,-1,-1,-1
508,8,164.00,547.00,201.00,173.00,1.0,-1,-1,-1
508,9,905.00,275.00,119.00,208.00,1.0,-1,-1,-1
508,10,569.00,576.00,174.00,144.00,1.0,-1,-1,-1
508,11,645.00,297.00,148.00,239.00,1.0,-1,-1,-1
509,0,291.00,300.00,136.00,242.00,1.0,-1,-1,-1
509,1,777.00,393.00,150.00,171.00,1.0,-1,-1,-1
509,2,406.00,315.00,114.00,149.00,1.0,-1,-1,-1
509,3,290.00,300.00,137.00,243.00,1.0,-1,-1,-1
509,4,113.00,237.00,66.00,122.00,1.0,-1,-1,-1
509,5,162.00,327.00,147.00,179.00,1.0,-1,-1,-1
509,6,777.00,393.00,150.00,171.00,1.0,-1,-1,-1
509,7,529.00,324.00,178.00,172.00,1.0,-1,-1,-1
509,8,166.00,547.00,202.00,173.00,1.0,-1,-1,-1
509,9,913.00,285.00,113.00,198.00,1.0,-1,-1,-1
509,10,572.00,577.00,173.00,143.00,1.0,-1,-1,-1
509,11,641.00,307.00,153.00,229.00,1.0,-1,-1,-1
510,0,292.00,311.00,134.00,232.00,1.0,-1,-1,-1
510,1,779.00,392.00,147.00,172.00,1.0,-1,-1,-1
510,2,405.00,320.00,117.00,144.00,1.0,-1,-1,-1
510,3,292.00,311.00,134.00,232.00,1.0,-1,-1,-1
510,4,115.00,237.00,66.00,123.00,1.0,-1,-1,-1
510,5,168.00,338.00,144.00,169.00,1.0,-1,-1,-1
510,6,779.00,392.00,147.00,172.00,1.0,-1,-1,-1
510,7,528.00,329.00,181.00,168.00,1.0,-1,-1,-1
510,8,168.00,548.00,201.00,172.00,1.0,-1,-1,-1
510,9,911.00,294.00,116.00,189.00,1.0,-1,-1,-1
510,10,574.00,577.00,173.00,143.00,1.0,-1,-1,-1
510,11,646.00,317.00,150.00,219.00,1.0,-1,-1,-1
511,0,293.00,321.00,133.00,222.00,1.0,-1,-1,-1
511,1,781.00,391.00,145.00,174.00,1.0,-1,-1,-1
511,2,397.00,328.00,125.00,137.00,1.0,-1,-1,-1
511,3,292.00,321.00,134.00,222.00,1.0,-1,-1,-1
511,4,117.00,238.00,66.00,122.00,1.0,-1,-1,-1
511,5,170.00,350.00,143.00,156.00,1.0,-1,-1,-1
511,6,781.00,391.00,145.00,174.00,1.0,-1,-1,-1
511,7,531.00,337.00,179.00,160.00,1.0,-1,-1,-1
511,8,170.00,548.00,201.00,172.00,1.0,-1,-1,-1
511,9,908.00,302.00,120.00,182.00,1.0,-1,-1,-1
511,10,576.00,577.00,172.00,143.00,1.0,-1,-1,-1
511,11,650.00,323.00,146.00,214.00,1.0,-1,-1,-1
512,0,297.00,330.00,131.00,214.00,1.0,-1,-1,-1
512,1,781.00,389.00,148.00,174.00,1.0,-1,-1,-1
512,2,406.00,330.00,118.00,135.00,1.0,-1,-1,-1
512,3,296.00,330.00,131.00,214.00,1.0,-1,-1,-1
512,4,119.00,238.00,64.00,121.00,1.0,-1,-1,-1
512,5,171.00,363.00,142.00,143.00,1.0,-1,-1,-1
512,6,781.00,389.00,148.00,174.00,1.0,-1,-1,-1
512,7,531.00,346.00,182.00,152.00,1.0,-1,-1,-1
512,8,172.00,549.00,194.00,171.00,1.0,-1,-1,-1
512,9,906.00,310.00,123.00,175.00,1.0,-1,-1,-1
512,10,577.00,578.00,172.00,142.00,1.0,-1,-1,-1
512,11,652.00,329.00,145.00,208.00,1.0,-1,-1,-1
513,0,292.00,340.00,136.00,204.00,1.0,-1,-1,-1
513,1,781.00,387.00,162.00,177.00,1.0,-1,-1,-1
513,2,397.00,329.00,140.00,134.00,1.0,-1,-1,-1
513,3,291.00,340.00,137.00,204.00,1.0,-1,-1,-1
513,4,120.00,239.00,59.00,110.00,1.0,-1,-1,-1
513,5,172.00,360.00,141.00,147.00,1.0,-1,-1,-1
513,6,781.00,387.00,162.00,177.00,1.0,-1,-1,-1
513,7,535.00,351.00,183.00,147.00,1.0,-1,-1,-1
513,8,173.00,549.00,164.00,171.00,1.0,-1,-1,-1
513,9,904.00,317.00,127.00,167.00,1.0,-1,-1,-1
513,10,579.00,579.00,171.00,141.00,1.0,-1,-1,-1
513,11,655.00,334.00,142.00,204.00,1.0,-1,-1,-1
514,0,287.00,349.00,141.00,196.00,1.0,-1,-1,-1
514,1,781.00,386.00,186.00,178.00,1.0,-1,-1,-1
514,2,400.00,324.00,147.00,140.00,1.0,-1,-1,-1
514,3,287.00,349.00,141.00,195.00,1.0,-1,-1,-1
514,4,122.00,240.00,59.00,106.00,1.0,-1,-1,-1
514,5,176.00,356.00,142.00,161.00,1.0,-1,-1,-1
514,6,781.00,386.00,186.00,178.00,1.0,-1,-1,-1
514,7,537.00,349.00,161.00,149.00,1.0,-1,-1,-1
514,8,176.00,549.00,164.00,171.00,1.0,-1,-1,-1
514,9,903.00,324.00,139.00,157.00,1.0,-1,-1,-1
514,10,582.00,579.00,170.00,141.00,1.0,-1,-1,-1
514,11,656.00,340.00,140.00,198.00,1.0,-1,-1,-1
515,0,284.00,357.00,154.00,182.00,1.0,-1,-1,-1
515,1,782.00,384.00,186.00,181.00,1.0,-1,-1,-1
515,2,403.00,322.00,138.00,142.00,1.0,-1,-1,-1
515,3,283.00,357.00,155.00,182.00,1.0,-1,-1,-1
515,4,123.00,240.00,60.00,106.00,1.0,-1,-1,-1
515,5,176.00,352.00,142.00,156.00,1.0,-1,-1,-1
515,6,782.00,384.00,187.00,181.00,1.0,-1,-1,-1
515,7,536.00,347.00,139.00,153.00,1.0,-1,-1,-1
515,8,178.00,550.00,163.00,170.00,1.0,-1,-1,-1
515,9,902.00,332.00,157.00,149.00,1.0,-1,-1,-1
515,10,583.00,579.00,171.00,141.00,1.0,-1,-1,-1
515,11,654.00,344.00,154.00,188.00,1.0,-1,-1,-1
516,0,281.00,364.00,177.00,175.00,1.0,-1,-1,-1
516,1,782.00,382.00,193.00,183.00,1.0,-1,-1,-1
516,2,405.00,320.00,135.00,144.00,1.0,-1,-1,-1
516,3,281.00,365.00,177.00,174.00,1.0,-1,-1,-1
516,4,125.00,241.00,65.00,120.00,1.0,-1,-1,-1
516,5,177.00,349.00,156.00,159.00,1.0,-1,-1,-1
516,6,786.00,382.00,189.00,183.00,1.0,-1,-1,-1
516,7,537.00,346.00,137.00,155.00,1.0,-1,-1,-1
516,8,179.00,551.00,163.00,169.00,1.0,-1,-1,-1
516,9,902.00,337.00,171.00,145.00,1.0,-1,-1,-1
516,10,584.00,579.00,170.00,141.00,1.0,-1,-1,-1
516,11,652.00,348.00,161.00,185.00,1.0,-1,-1,-1
517,0,280.00,367.00,197.00,172.00,1.0,-1,-1,-1
517,1,783.00,380.00,193.00,186.00,1.0,-1,-1,-1
517,2,408.00,318.00,155.00,147.00,1.0,-1,-1,-1
517,3,280.00,367.00,191.00,172.00,1.0,-1,-1,-1
517,4,127.00,241.00,66.00,121.00,1.0,-1,-1,-1
517,5,179.00,346.00,149.00,162.00,1.0,-1,-1,-1
517,6,782.00,380.00,195.00,186.00,1.0,-1,-1,-1
517,7,538.00,344.00,117.00,158.00,1.0,-1,-1,-1
517,8,180.00,551.00,164.00,169.00,1.0,-1,-1,-1
517,9,902.00,335.00,171.00,148.00,1.0,-1,-1,-1
517,10,587.00,580.00,169.00,140.00,1.0,-1,-1,-1
517,11,651.00,349.00,141.00,185.00,1.0,-1,-1,-1
518,0,279.00,367.00,189.00,173.00,1.0,-1,-1,-1
518,1,782.00,377.00,176.00,189.00,1.0,-1,-1,-1
518,2,409.00,302.00,155.00,162.00,1.0,-1,-1,-1
518,3,278.00,367.00,190.00,173.00,1.0,-1,-1,-1
518,4,128.00,242.00,66.00,121.00,1.0,-1,-1,-1
518,5,177.00,342.00,120.00,166.00,1.0,-1,-1,-1
518,6,782.00,364.00,166.00,202.00,1.0,-1,-1,-1
518,7,539.00,342.00,119.00,160.00,1.0,-1,-1,-1
518,8,182.00,551.00,163.00,169.00,1.0,-1,-1,-1
518,9,906.00,333.00,174.00,150.00,1.0,-1,-1,-1
518,10,588.00,580.00,169.00,140.00,1.0,-1,-1,-1
518,11,650.00,337.00,144.00,197.00,1.0,-1,-1,-1
519,0,278.00,364.00,184.00,176.00,1.0,-1,-1,-1
519,1,784.00,366.00,160.00,201.00,1.0,-1,-1,-1
519,2,402.00,276.00,152.00,189.00,1.0,-1,-1,-1
519,3,278.00,364.00,187.00,176.00,1.0,-1,-1,-1
519,4,130.00,242.00,65.00,121.00,1.0,-1,-1,-1
519,5,177.00,340.00,120.00,168.00,1.0,-1,-1,-1
519,6,784.00,366.00,158.00,201.00,1.0,-1,-1,-1
519,7,540.00,326.00,202.00,176.00,1.0,-1,-1,-1
519,8,182.00,551.00,164.00,169.00,1.0,-1,-1,-1
519,9,925.00,316.00,159.00,168.00,1.0,-1,-1,-1
519,10,589.00,581.00,169.00,139.00,1.0,-1,-1,-1
519,11,650.00,304.00,156.00,230.00,1.0,-1,-1,-1
520,0,277.00,343.00,221.00,202.00,1.0,-1,-1,-1
520,1,786.00,372.00,161.00,196.00,1.0,-1,-1,-1
520,2,402.00,264.00,144.00,203.00,1.0,-1,-1,-1
520,3,277.00,343.00,221.00,202.00,1.0,-1,-1,-1
520,4,131.00,242.00,66.00,122.00,1.0,-1,-1,-1
520,5,177.00,337.00,122.00,172.00,1.0,-1,-1,-1
520,6,786.00,374.00,159.00,194.00,1.0,-1,-1,-1
520,7,541.00,277.00,211.00,226.00,1.0,-1,-1,-1
520,8,184.00,551.00,163.00,169.00,1.0,-1,-1,-1
520,9,930.00,293.00,149.00,191.00,1.0,-1,-1,-1
520,10,591.00,581.00,168.00,139.00,1.0,-1,-1,-1
520,11,650.00,358.00,228.00,177.00,1.0,-1,-1,-1
521,0,278.00,313.00,210.00,232.00,1.0,-1,-1,-1
521,1,788.00,370.00,163.00,198.00,1.0,-1,-1,-1
521,2,403.00,255.00,145.00,212.00,1.0,-1,-1,-1
521,3,277.00,304.00,212.00,241.00,1.0,-1,-1,-1
521,4,132.00,243.00,66.00,121.00,1.0,-1,-1,-1
521,5,176.00,336.00,130.00,173.00,1.0,-1,-1,-1
521,6,788.00,372.00,165.00,196.00,1.0,-1,-1,-1
521,7,542.00,257.00,205.00,247.00,1.0,-1,-1,-1
521,8,185.00,552.00,163.00,168.00,1.0,-1,-1,-1
521,9,932.00,267.00,141.00,217.00,1.0,-1,-1,-1
521,10,592.00,581.00,168.00,139.00,1.0,-1,-1,-1
521,11,651.00,315.00,232.00,220.00,1.0,-1,-1,-1
522,0,279.00,338.00,219.00,208.00,1.0,-1,-1,-1
522,1,791.00,364.00,157.00,204.00,1.0,-1,-1,-1
522,2,404.00,245.00,141.00,223.00,1.0,-1,-1,-1
522,3,279.00,337.00,221.00,209.00,1.0,-1,-1,-1
522,4,133.00,243.00,66.00,122.00,1.0,-1,-1,-1
522,5,176.00,278.00,168.00,231.00,1.0,-1,-1,-1
522,6,791.00,363.00,159.00,205.00,1.0,-1,-1,-1
522,7,542.00,239.00,198.00,265.00,1.0,-1,-1,-1
522,8,186.00,552.00,164.00,168.00,1.0,-1,-1,-1
522,9,932.00,257.00,132.00,228.00,1.0,-1,-1,-1
522,10,594.00,581.00,168.00,139.00,1.0,-1,-1,-1
522,11,652.00,290.00,227.00,245.00,1.0,-1,-1,-1
523,0,279.00,292.00,260.00,254.00,1.0,-1,-1,-1
523,1,792.00,262.00,164.00,306.00,1.0,-1,-1,-1
523,2,406.00,236.00,137.00,232.00,1.0,-1,-1,-1
523,3,279.00,293.00,259.00,253.00,1.0,-1,-1,-1
523,4,135.00,243.00,133.00,121.00,1.0,-1,-1,-1
523,5,177.00,252.00,165.00,258.00,1.0,-1,-1,-1
523,6,792.00,262.00,162.00,306.00,1.0,-1,-1,-1
523,7,543.00,225.00,190.00,279.00,1.0,-1,-1,-1
523,8,187.00,552.00,163.00,168.00,1.0,-1,-1,-1
523,9,932.00,237.00,124.00,249.00,1.0,-1,-1,-1
523,10,594.00,582.00,168.00,138.00,1.0,-1,-1,-1
523,11,653.00,269.00,220.00,267.00,1.0,-1,-1,-1
524,0,279.00,265.00,231.00,281.00,1.0,-1,-1,-1
524,1,795.00,249.00,158.00,319.00,1.0,-1,-1,-1
524,2,409.00,226.00,130.00,242.00,1.0,-1,-1,-1
524,3,279.00,265.00,232.00,282.00,1.0,-1,-1,-1
524,4,135.00,243.00,66.00,122.00,1.0,-1,-1,-1
524,5,177.00,232.00,163.00,279.00,1.0,-1,-1,-1
524,6,795.00,248.00,158.00,321.00,1.0,-1,-1,-1
524,7,545.00,212.00,178.00,293.00,1.0,-1,-1,-1
524,8,189.00,553.00,162.00,167.00,1.0,-1,-1,-1
524,9,932.00,225.00,118.00,261.00,1.0,-1,-1,-1
524,10,595.00,582.00,168.00,138.00,1.0,-1,-1,-1
524,11,656.00,248.00,213.00,288.00,1.0,-1,-1,-1
525,0,280.00,241.00,218.00,306.00,1.0,-1,-1,-1
525,1,797.00,237.00,151.00,332.00,1.0,-1,-1,-1
525,2,410.00,214.00,122.00,255.00,1.0,-1,-1,-1
525,3,280.00,241.00,218.00,306.00,1.0,-1,-1,-1
525,4,136.00,244.00,66.00,122.00,1.0,-1,-1,-1
525,5,179.00,214.00,163.00,297.00,1.0,-1,-1,-1
525,6,797.00,236.00,152.00,333.00,1.0,-1,-1,-1
525,7,546.00,204.00,164.00,301.00,1.0,-1,-1,-1
525,8,189.00,553.00,163.00,167.00,1.0,-1,-1,-1
525,9,932.00,215.00,113.00,272.00,1.0,-1,-1,-1
525,10,596.00,582.00,168.00,138.00,1.0,-1,-1,-1
525,11,658.00,232.00,206.00,304.00,1.0,-1,-1,-1
526,0,282.00,221.00,198.00,326.00,1.0,-1,-1,-1
526,1,800.00,225.00,143.00,344.00,1.0,-1,-1,-1
526,2,410.00,202.00,118.00,267.00,1.0,-1,-1,-1
526,3,281.00,222.00,199.00,325.00,1.0,-1,-1,-1
526,4,137.00,244.00,66.00,122.00,1.0,-1,-1,-1
526,5,181.00,201.00,158.00,311.00,1.0,-1,-1,-1
526,6,800.00,225.00,143.00,344.00,1.0,-1,-1,-1
526,7,547.00,196.00,149.00,309.00,1.0,-1,-1,-1
526,8,190.00,553.00,162.00,167.00,1.0,-1,-1,-1
526,9,930.00,205.00,110.00,282.00,1.0,-1,-1,-1
526,10,597.00,582.00,168.00,138.00,1.0,-1,-1,-1
526,11,660.00,218.00,195.00,318.00,1.0,-1,-1,-1
527,0,284.00,208.00,178.00,339.00,1.0,-1,-1,-1
527,1,801.00,221.00,137.00,348.00,1.0,-1,-1,-1
527,2,411.00,195.00,118.00,274.00,1.0,-1,-1,-1
527,3,283.00,208.00,179.00,339.00,1.0,-1,-1,-1
527,4,138.00,244.00,66.00,122.00,1.0,-1,-1,-1
527,5,182.00,192.00,154.00,320.00,1.0,-1,-1,-1
527,6,801.00,221.00,137.00,348.00,1.0,-1,-1,-1
527,7,547.00,192.00,135.00,313.00,1.0,-1,-1,-1
527,8,191.00,553.00,162.00,167.00,1.0,-1,-1,-1
527,9,931.00,200.00,102.00,287.00,1.0,-1,-1,-1
527,10,597.00,583.00,168.00,137.00,1.0,-1,-1,-1
527,11,661.00,208.00,178.00,328.00,1.0,-1,-1,-1
528,0,286.00,201.00,157.00,346.00,1.0,-1,-1,-1
528,1,802.00,219.00,138.00,351.00,1.0,-1,-1,-1
528,2,412.00,191.00,119.00,279.00,1.0,-1,-1,-1
528,3,287.00,201.00,156.00,347.00,1.0,-1,-1,-1
528,4,139.00,244.00,66.00,123.00,1.0,-1,-1,-1
528,5,182.00,187.00,141.00,326.00,1.0,-1,-1,-1
528,6,802.00,219.00,138.00,351.00,1.0,-1,-1,-1
528,7,547.00,192.00,128.00,313.00,1.0,-1,-1,-1
528,8,192.00,554.00,161.00,166.00,1.0,-1,-1,-1
528,9,932.00,195.00,102.00,292.00,1.0,-1,-1,-1
528,10,599.00,582.00,167.00,138.00,1.0,-1,-1,-1
528,11,662.00,202.00,157.00,337.00,1.0,-1,-1,-1
529,0,288.00,195.00,137.00,353.00,1.0,-1,-1,-1
529,1,803.00,219.00,138.00,351.00,1.0,-1,-1,-1
529,2,414.00,186.00,118.00,284.00,1.0,-1,-1,-1
529,3,288.00,195.00,137.00,353.00,1.0,-1,-1,-1
529,4,140.00,244.00,66.00,124.00,1.0,-1,-1,-1
529,5,183.00,184.00,240.00,329.00,1.0,-1,-1,-1
529,6,803.00,220.00,138.00,350.00,1.0,-1,-1,-1
529,7,549.00,191.00,128.00,315.00,1.0,-1,-1,-1
529,8,193.00,554.00,161.00,166.00,1.0,-1,-1,-1
529,9,934.00,195.00,101.00,291.00,1.0,-1,-1,-1
529,10,600.00,583.00,167.00,137.00,1.0,-1,-1,-1
529,11,664.00,200.00,139.00,339.00,1.0,-1,-1,-1
529,12,0.00,630.00,80.00,90.00,1.0,-1,-1,-1
530,0,290.00,193.00,133.00,355.00,1.0,-1,-1,-1
530,1,803.00,219.00,139.00,351.00,1.0,-1,-1,-1
530,2,416.00,186.00,117.00,283.00,1.0,-1,-1,-1
530,3,290.00,193.00,133.00,355.00,1.0,-1,-1,-1
530,4,141.00,245.00,66.00,123.00,1.0,-1,-1,-1
530,5,183.00,180.00,121.00,333.00,1.0,-1,-1,-1
530,6,803.00,219.00,139.00,351.00,1.0,-1,-1,-1
530,7,550.00,192.00,128.00,314.00,1.0,-1,-1,-1
530,8,194.00,554.00,161.00,166.00,1.0,-1,-1,-1
530,9,932.00,198.00,104.00,288.00,1.0,-1,-1,-1
530,10,601.00,583.00,167.00,137.00,1.0,-1,-1,-1
530,11,666.00,197.00,132.00,342.00,1.0,-1,-1,-1
530,12,0.00,630.00,81.00,90.00,1.0,-1,-1,-1
531,0,290.00,195.00,135.00,353.00,1.0,-1,-1,-1
531,1,804.00,219.00,139.00,351.00,1.0,-1,-1,-1
531,2,418.00,186.00,116.00,283.00,1.0,-1,-1,-1
531,3,290.00,195.00,135.00,353.00,1.0,-1,-1,-1
531,4,142.00,245.00,66.00,123.00,1.0,-1,-1,-1
531,5,184.00,180.00,122.00,333.00,1.0,-1,-1,-1
531,6,804.00,219.00,138.00,351.00,1.0,-1,-1,-1
531,7,551.00,191.00,128.00,315.00,1.0,-1,-1,-1
531,8,195.00,554.00,161.00,166.00,1.0,-1,-1,-1
531,9,935.00,200.00,102.00,287.00,1.0,-1,-1,-1
531,10,601.00,583.00,167.00,137.00,1.0,-1,-1,-1
531,11,666.00,198.00,133.00,342.00,1.0,-1,-1,-1
531,12,0.00,629.00,82.00,91.00,1.0,-1,-1,-1
532,0,292.00,199.00,134.00,349.00,1.0,-1,-1,-1
532,1,806.00,220.00,137.00,350.00,1.0,-1,-1,-1
532,2,419.00,186.00,115.00,284.00,1.0,-1,-1,-1
532,3,292.00,198.00,134.00,350.00,1.0,-1,-1,-1
532,4,143.00,245.00,66.00,123.00,1.0,-1,-1,-1
532,5,185.00,180.00,122.00,333.00,1.0,-1,-1,-1
532,6,805.00,220.00,138.00,350.00,1.0,-1,-1,-1
532,7,551.00,191.00,128.00,315.00,1.0,-1,-1,-1
532,8,195.00,554.00,161.00,166.00,1.0,-1,-1,-1
532,9,935.00,199.00,102.00,288.00,1.0,-1,-1,-1
532,10,602.00,584.00,167.00,136.00,1.0,-1,-1,-1
532,11,667.00,198.00,133.00,342.00,1.0,-1,-1,-1
532,12,0.00,629.00,83.00,91.00,1.0,-1,-1,-1
533,0,292.00,200.00,136.00,348.00,1.0,-1,-1,-1
533,1,805.00,219.00,138.00,352.00,1.0,-1,-1,-1
533,2,421.00,186.00,113.00,284.00,1.0,-1,-1,-1
533,3,292.00,200.00,135.00,348.00,1.0,-1,-1,-1
533,4,144.00,245.00,66.00,123.00,1.0,-1,-1,-1
533,5,185.00,180.00,123.00,333.00,1.0,-1,-1,-1
533,6,805.00,220.00,138.00,351.00,1.0,-1,-1,-1
533,7,552.00,191.00,128.00,315.00,1.0,-1,-1,-1
533,8,196.00,554.00,161.00,166.00,1.0,-1,-1,-1
533,9,936.00,200.00,101.00,286.00,1.0,-1,-1,-1
533,10,603.00,583.00,167.00,137.00,1.0,-1,-1,-1
533,11,667.00,200.00,134.00,340.00,1.0,-1,-1,-1
533,12,0.00,629.00,84.00,91.00,1.0,-1,-1,-1
534,0,293.00,202.00,135.00,346.00,1.0,-1,-1,-1
534,1,806.00,220.00,137.00,350.00,1.0,-1,-1,-1
534,2,422.00,188.00,112.00,282.00,1.0,-1,-1,-1
534,3,293.00,202.00,135.00,346.00,1.0,-1,-1,-1
534,4,144.00,245.00,66.00,123.00,1.0,-1,-1,-1
534,5,186.00,181.00,122.00,332.00,1.0,-1,-1,-1
534,6,806.00,220.00,137.00,350.00,1.0,-1,-1,-1
534,7,552.00,191.00,128.00,315.00,1.0,-1,-1,-1
534,8,197.00,555.00,161.00,165.00,1.0,-1,-1,-1
534,9,936.00,200.00,101.00,287.00,1.0,-1,-1,-1
534,10,604.00,583.00,167.00,137.00,1.0,-1,-1,-1
534,11,668.00,200.00,133.00,340.00,1.0,-1,-1,-1
534,12,0.00,629.00,85.00,91.00,1.0,-1,-1,-1
535,0,293.00,202.00,136.00,346.00,1.0,-1,-1,-1
535,1,806.00,221.00,138.00,349.00,1.0,-1,-1,-1
535,2,422.00,187.00,111.00,283.00,1.0,-1,-1,-1
535,3,294.00,203.00,134.00,345.00,1.0,-1,-1,-1
535,4,145.00,245.00,66.00,123.00,1.0,-1,-1,-1
535,5,187.00,181.00,121.00,332.00,1.0,-1,-1,-1
535,6,806.00,221.00,138.00,349.00,1.0,-1,-1,-1
535,7,553.00,191.00,127.00,315.00,1.0,-1,-1,-1
535,8,197.00,555.00,161.00,165.00,1.0,-1,-1,-1
535,9,936.00,201.00,101.00,286.00,1.0,-1,-1,-1
535,10,604.00,583.00,167.00,137.00,1.0,-1,-1,-1
535,11,667.00,201.00,134.00,340.00,1.0,-1,-1,-1
535,12,0.00,628.00,86.00,92.00,1.0,-1,-1,-1
536,0,295.00,202.00,134.00,346.00,1.0,-1,-1,-1
536,1,806.00,220.00,138.00,350.00,1.0,-1,-1,-1
536,2,422.00,187.00,111.00,284.00,1.0,-1,-1,-1
536,3,295.00,202.00,134.00,347.00,1.0,-1,-1,-1
536,4,146.00,245.00,66.00,124.00,1.0,-1,-1,-1
536,5,187.00,181.00,122.00,333.00,1.0,-1,-1,-1
536,6,806.00,220.00,138.00,350.00,1.0,-1,-1,-1
536,7,554.00,191.00,125.00,316.00,1.0,-1,-1,-1
536,8,197.00,555.00,162.00,165.00,1.0,-1,-1,-1
536,9,934.00,201.00,103.00,287.00,1.0,-1,-1,-1
536,10,606.00,584.00,166.00,136.00,1.0,-1,-1,-1
536,11,668.00,201.00,133.00,339.00,1.0,-1,-1,-1
536,12,0.00,628.00,87.00,92.00,1.0,-1,-1,-1
537,0,295.00,201.00,134.00,348.00,1.0,-1,-1,-1
537,1,806.00,220.00,138.00,351.00,1.0,-1,-1,-1
537,2,423.00,188.00,110.00,283.00,1.0,-1,-1,-1
537,3,295.00,201.00,134.00,348.00,1.0,-1,-1,-1
537,4,146.00,245.00,66.00,124.00,1.0,-1,-1,-1
537,5,188.00,181.00,121.00,333.00,1.0,-1,-1,-1
537,6,806.00,220.00,138.00,351.00,1.0,-1,-1,-1
537,7,555.00,191.00,124.00,316.00,1.0,-1,-1,-1
537,8,198.00,555.00,162.00,165.00,1.0,-1,-1,-1
537,9,935.00,200.00,102.00,288.00,1.0,-1,-1,-1
537,10,606.00,584.00,166.00,136.00,1.0,-1,-1,-1
537,11,668.00,202.00,133.00,339.00,1.0,-1,-1,-1
537,12,0.00,628.00,88.00,92.00,1.0,-1,-1,-1
538,0,294.00,200.00,135.00,348.00,1.0,-1,-1,-1
538,1,807.00,220.00,137.00,351.00,1.0,-1,-1,-1
538,2,422.00,188.00,111.00,283.00,1.0,-1,-1,-1
538,3,295.00,200.00,134.00,349.00,1.0,-1,-1,-1
538,4,146.00,246.00,67.00,123.00,1.0,-1,-1,-1
538,5,189.00,182.00,120.00,332.00,1.0,-1,-1,-1
538,6,806.00,220.00,138.00,351.00,1.0,-1,-1,-1
538,7,555.00,190.00,124.00,317.00,1.0,-1,-1,-1
538,8,198.00,555.00,162.00,165.00,1.0,-1,-1,-1
538,9,936.00,200.00,101.00,288.00,1.0,-1,-1,-1
538,10,607.00,584.00,166.00,136.00,1.0,-1,-1,-1
538,11,669.00,202.00,132.00,339.00,1.0,-1,-1,-1
538,12,0.00,628.00,88.00,92.00,1.0,-1,-1,-1
539,0,295.00,199.00,134.00,350.00,1.0,-1,-1,-1
539,1,807.00,221.00,137.00,350.00,1.0,-1,-1,-1
539,2,422.00,188.00,111.00,283.00,1.0,-1,-1,-1
539,3,295.00,199.00,134.00,350.00,1.0,-1,-1,-1
539,4,147.00,246.00,66.00,123.00,1.0,-1,-1,-1
539,5,189.00,181.00,119.00,333.00,1.0,-1,-1,-1
539,6,807.00,221.00,137.00,350.00,1.0,-1,-1,-1
539,7,555.00,191.00,124.00,316.00,1.0,-1,-1,-1
539,8,198.00,555.00,162.00,165.00,1.0,-1,-1,-1
539,9,936.00,200.00,102.00,289.00,1.0,-1,-1,-1
539,10,607.00,584.00,166.00,136.00,1.0,-1,-1,-1
539,11,669.00,203.00,132.00,338.00,1.0,-1,-1,-1
539,12,0.00,569.00,288.00,151.00,1.0,-1,-1,-1
540,0,294.00,199.00,135.00,350.00,1.0,-1,-1,-1
540,1,807.00,221.00,137.00,350.00,1.0,-1,-1,-1
540,2,423.00,188.00,110.00,283.00,1.0,-1,-1,-1
540,3,294.00,199.00,135.00,350.00,1.0,-1,-1,-1
540,4,147.00,246.00,66.00,123.00,1.0,-1,-1,-1
540,5,190.00,181.00,118.00,333.00,1.0,-1,-1,-1
540,6,807.00,221.00,137.00,350.00,1.0,-1,-1,-1
540,7,557.00,191.00,122.00,316.00,1.0,-1,-1,-1
540,8,199.00,555.00,162.00,165.00,1.0,-1,-1,-1
540,9,936.00,199.00,102.00,290.00,1.0,-1,-1,-1
540,10,607.00,584.00,166.00,136.00,1.0,-1,-1,-1
540,11,669.00,203.00,133.00,338.00,1.0,-1,-1,-1
540,12,0.00,628.00,89.00,92.00,1.0,-1,-1,-1
541,0,295.00,198.00,134.00,351.00,1.0,-1,-1,-1
541,1,807.00,221.00,137.00,350.00,1.0,-1,-1,-1
541,2,423.00,188.00,110.00,283.00,1.0,-1,-1,-1
541,3,294.00,198.00,135.00,351.00,1.0,-1,-1,-1
541,4,147.00,246.00,67.00,123.00,1.0,-1,-1,-1
541,5,190.00,181.00,118.00,333.00,1.0,-1,-1,-1
541,6,807.00,221.00,137.00,350.00,1.0,-1,-1,-1
541,7,556.00,191.00,123.00,316.00,1.0,-1,-1,-1
541,8,200.00,555.00,161.00,165.00,1.0,-1,-1,-1
541,9,936.00,198.00,102.00,291.00,1.0,-1,-1,-1
541,10,608.00,584.00,165.00,136.00,1.0,-1,-1,-1
541,11,669.00,203.00,133.00,338.00,1.0,-1,-1,-1
541,12,0.00,628.00,89.00,92.00,1.0,-1,-1,-1
542,0,295.00,197.00,134.00,352.00,1.0,-1,-1,-1
542,1,808.00,221.00,136.00,350.00,1.0,-1,-1,-1
542,2,423.00,188.00,110.00,284.00,1.0,-1,-1,-1
542,3,294.00,197.00,135.00,352.00,1.0,-1,-1,-1
542,4,148.00,246.00,66.00,123.00,1.0,-1,-1,-1
542,5,189.00,181.00,119.00,333.00,1.0,-1,-1,-1
542,6,807.00,222.00,137.00,349.00,1.0,-1,-1,-1
542,7,557.00,191.00,122.00,316.00,1.0,-1,-1,-1
542,8,199.00,555.00,162.00,165.00,1.0,-1,-1,-1
542,9,936.00,198.00,103.00,291.00,1.0,-1,-1,-1
542,10,607.00,584.00,166.00,136.00,1.0,-1,-1,-1
542,11,669.00,203.00,134.00,338.00,1.0,-1,-1,-1
542,12,0.00,627.00,89.00,93.00,1.0,-1,-1,-1
543,0,295.00,198.00,135.00,351.00,1.0,-1,-1,-1
543,1,809.00,222.00,136.00,349.00,1.0,-1,-1,-1
543,2,423.00,188.00,110.00,284.00,1.0,-1,-1,-1
543,3,295.00,197.00,135.00,352.00,1.0,-1,-1,-1
543,4,148.00,246.00,66.00,123.00,1.0,-1,-1,-1
543,5,190.00,182.00,118.00,332.00,1.0,-1,-1,-1
543,6,808.00,222.00,137.00,349.00,1.0,-1,-1,-1
543,7,557.00,191.00,122.00,316.00,1.0,-1,-1,-1
543,8,199.00,555.00,162.00,165.00,1.0,-1,-1,-1
543,9,937.00,198.00,102.00,291.00,1.0,-1,-1,-1
543,10,608.00,584.00,165.00,136.00,1.0,-1,-1,-1
543,11,669.00,203.00,134.00,338.00,1.0,-1,-1,-1
543,12,0.00,626.00,89.00,94.00,1.0,-1,-1,-1
544,0,296.00,198.00,134.00,351.00,1.0,-1,-1,-1
544,1,809.00,222.00,136.00,349.00,1.0,-1,-1,-1
544,2,424.00,188.00,109.00,284.00,1.0,-1,-1,-1
544,3,295.00,197.00,135.00,352.00,1.0,-1,-1,-1
544,4,148.00,246.00,66.00,123.00,1.0,-1,-1,-1
544,5,190.00,182.00,118.00,332.00,1.0,-1,-1,-1
544,6,809.00,222.00,136.00,349.00,1.0,-1,-1,-1
544,7,557.00,191.00,122.00,316.00,1.0,-1,-1,-1
544,8,200.00,555.00,162.00,165.00,1.0,-1,-1,-1
544,9,937.00,198.00,102.00,290.00,1.0,-1,-1,-1
544,10,608.00,584.00,166.00,136.00,1.0,-1,-1,-1
544,11,670.00,203.00,134.00,338.00,1.0,-1,-1,-1
544,12,0.00,625.00,90.00,95.00,1.0,-1,-1,-1
545,0,295.00,198.00,136.00,351.00,1.0,-1,-1,-1
545,1,809.00,222.00,136.00,349.00,1.0,-1,-1,-1
545,2,424.00,189.00,110.00,283.00,1.0,-1,-1,-1
545,3,296.00,197.00,135.00,352.00,1.0,-1,-1,-1
545,4,148.00,246.00,66.00,123.00,1.0,-1,-1,-1
545,5,190.00,182.00,118.00,332.00,1.0,-1,-1,-1
545,6,808.00,222.00,137.00,350.00,1.0,-1,-1,-1
545,7,557.00,191.00,122.00,316.00,1.0,-1,-1,-1
545,8,200.00,555.00,163.00,165.00,1.0,-1,-1,-1
545,9,937.00,198.00,103.00,291.00,1.0,-1,-1,-1
545,10,609.00,584.00,165.00,136.00,1.0,-1,-1,-1
545,11,670.00,204.00,134.00,337.00,1.0,-1,-1,-1
545,12,0.00,623.00,90.00,97.00,1.0,-1,-1,-1
546,0,295.00,198.00,136.00,351.00,1.0,-1,-1,-1
546,1,810.00,222.00,135.00,349.00,1.0,-1,-1,-1
546,2,424.00,188.00,110.00,284.00,1.0,-1,-1,-1
546,3,295.00,198.00,136.00,351.00,1.0,-1,-1,-1
546,4,148.00,246.00,66.00,123.00,1.0,-1,-1,-1
546,5,190.00,182.00,118.00,332.00,1.0,-1,-1,-1
546,6,809.00,222.00,136.00,350.00,1.0,-1,-1,-1
546,7,557.00,192.00,122.00,315.00,1.0,-1,-1,-1
546,8,200.00,555.00,162.00,165.00,1.0,-1,-1,-1
546,9,937.00,198.00,103.00,291.00,1.0,-1,-1,-1
546,10,608.00,584.00,165.00,136.00,1.0,-1,-1,-1
546,11,670.00,203.00,134.00,338.00,1.0,-1,-1,-1
546,12,0.00,623.00,90.00,97.00,1.0,-1,-1,-1
547,0,295.00,198.00,136.00,351.00,1.0,-1,-1,-1
547,1,809.00,222.00,137.00,350.00,1.0,-1,-1,-1
547,2,424.00,188.00,110.00,284.00,1.0,-1,-1,-1
547,3,296.00,198.00,135.00,352.00,1.0,-1,-1,-1
547,4,148.00,246.00,66.00,123.00,1.0,-1,-1,-1
547,5,190.00,182.00,119.00,332.00,1.0,-1,-1,-1
547,6,809.00,223.00,137.00,349.00,1.0,-1,-1,-1
547,7,557.00,192.00,122.00,315.00,1.0,-1,-1,-1
547,8,200.00,555.00,163.00,165.00,1.0,-1,-1,-1
547,9,937.00,198.00,103.00,291.00,1.0,-1,-1,-1
547,10,608.00,584.00,166.00,136.00,1.0,-1,-1,-1
547,11,671.00,204.00,133.00,337.00,1.0,-1,-1,-1
547,12,0.00,622.00,90.00,98.00,1.0,-1,-1,-1
548,0,296.00,199.00,136.00,351.00,1.0,-1,-1,-1
548,1,809.00,223.00,137.00,349.00,1.0,-1,-1,-1
548,2,425.00,188.00,110.00,284.00,1.0,-1,-1,-1
548,3,295.00,199.00,137.00,351.00,1.0,-1,-1,-1
548,4,148.00,246.00,66.00,123.00,1.0,-1,-1,-1
548,5,190.00,182.00,119.00,332.00,1.0,-1,-1,-1
548,6,809.00,223.00,137.00,349.00,1.0,-1,-1,-1
548,7,557.00,192.00,122.00,316.00,1.0,-1,-1,-1
548,8,201.00,556.00,162.00,164.00,1.0,-1,-1,-1
548,9,939.00,198.00,100.00,291.00,1.0,-1,-1,-1
548,10,609.00,585.00,165.00,135.00,1.0,-1,-1,-1
548,11,670.00,204.00,134.00,337.00,1.0,-1,-1,-1
548,12,0.00,622.00,90.00,98.00,1.0,-1,-1,-1
549,0,296.00,199.00,136.00,350.00,1.0,-1,-1,-1
549,1,809.00,224.00,137.00,348.00,1.0,-1,-1,-1
549,2,425.00,188.00,110.00,284.00,1.0,-1,-1,-1
549,3,296.00,199.00,136.00,351.00,1.0,-1,-1,-1
549,4,148.00,246.00,66.00,123.00,1.0,-1,-1,-1
549,5,190.00,182.00,119.00,332.00,1.0,-1,-1,-1
549,6,809.00,224.00,137.00,348.00,1.0,-1,-1,-1
549,7,557.00,192.00,122.00,315.00,1.0,-1,-1,-1
549,8,200.00,555.00,163.00,165.00,1.0,-1,-1,-1
549,9,937.00,198.00,102.00,290.00,1.0,-1,-1,-1
549,10,608.00,584.00,165.00,136.00,1.0,-1,-1,-1
549,11,670.00,204.00,134.00,337.00,1.0,-1,-1,-1
549,12,0.00,622.00,90.00,98.00,1.0,-1,-1,-1
550,0,297.00,199.00,135.00,350.00,1.0,-1,-1,-1
550,1,810.00,224.00,135.00,347.00,1.0,-1,-1,-1
550,2,425.00,188.00,110.00,284.00,1.0,-1,-1,-1
550,3,297.00,199.00,135.00,350.00,1.0,-1,-1,-1
550,4,148.00,246.00,66.00,123.00,1.0,-1,-1,-1
550,5,190.00,182.00,119.00,332.00,1.0,-1,-1,-1
550,6,809.00,224.00,137.00,348.00,1.0,-1,-1,-1
550,7,557.00,192.00,122.00,315.00,1.0,-1,-1,-1
550,8,200.00,555.00,162.00,165.00,1.0,-1,-1,-1
550,9,939.00,198.00,100.00,291.00,1.0,-1,-1,-1
550,10,608.00,584.00,165.00,136.00,1.0,-1,-1,-1
550,11,670.00,204.00,134.00,337.00,1.0,-1,-1,-1
550,12,0.00,626.00,90.00,94.00,1.0,-1,-1,-1
551,0,297.00,199.00,135.00,350.00,1.0,-1,-1,-1
551,1,809.00,223.00,137.00,349.00,1.0,-1,-1,-1
551,2,425.00,188.00,110.00,284.00,1.0,-1,-1,-1
551,3,296.00,199.00,136.00,351.00,1.0,-1,-1,-1
551,4,148.00,246.00,66.00,123.00,1.0,-1,-1,-1
551,5,190.00,182.00,119.00,333.00,1.0,-1,-1,-1
551,6,810.00,224.00,136.00,348.00,1.0,-1,-1,-1
551,7,557.00,192.00,122.00,315.00,1.0,-1,-1,-1
551,8,200.00,555.00,163.00,165.00,1.0,-1,-1,-1
551,9,939.00,198.00,100.00,290.00,1.0,-1,-1,-1
551,10,608.00,584.00,165.00,136.00,1.0,-1,-1,-1
551,11,670.00,204.00,134.00,337.00,1.0,-1,-1,-1
551,12,0.00,626.00,90.00,94.00,1.0,-1,-1,-1
552,0,296.00,199.00,136.00,350.00,1.0,-1,-1,-1
552,1,809.00,224.00,137.00,348.00,1.0,-1,-1,-1
552,2,425.00,188.00,111.00,284.00,1.0,-1,-1,-1
552,3,295.00,199.00,137.00,351.00,1.0,-1,-1,-1
552,4,147.00,246.00,67.00,123.00,1.0,-1,-1,-1
552,5,189.00,182.00,120.00,332.00,1.0,-1,-1,-1
552,6,809.00,224.00,136.00,347.00,1.0,-1,-1,-1
552,7,556.00,192.00,123.00,315.00,1.0,-1,-1,-1
552,8,200.00,555.00,162.00,165.00,1.0,-1,-1,-1
552,9,937.00,198.00,102.00,291.00,1.0,-1,-1,-1
552,10,608.00,584.00,165.00,136.00,1.0,-1,-1,-1
552,11,670.00,204.00,134.00,337.00,1.0,-1,-1,-1
552,12,0.00,624.00,90.00,96.00,1.0,-1,-1,-1
553,0,296.00,199.00,136.00,350.00,1.0,-1,-1,-1
553,1,809.00,223.00,137.00,348.00,1.0,-1,-1,-1
553,2,425.00,188.00,111.00,284.00,1.0,-1,-1,-1
553,3,295.00,199.00,136.00,350.00,1.0,-1,-1,-1
553,4,147.00,246.00,67.00,124.00,1.0,-1,-1,-1
553,5,190.00,182.00,119.00,332.00,1.0,-1,-1,-1
553,6,809.00,224.00,137.00,348.00,1.0,-1,-1,-1
553,7,557.00,192.00,122.00,315.00,1.0,-1,-1,-1
553,8,200.00,555.00,162.00,165.00,1.0,-1,-1,-1
553,9,937.00,198.00,102.00,290.00,1.0,-1,-1,-1
553,10,608.00,584.00,166.00,136.00,1.0,-1,-1,-1
553,11,670.00,204.00,134.00,337.00,1.0,-1,-1,-1
553,12,0.00,624.00,90.00,96.00,1.0,-1,-1,-1
554,0,296.00,199.00,135.00,350.00,1.0,-1,-1,-1
554,1,809.00,224.00,137.00,347.00,1.0,-1,-1,-1
554,2,424.00,189.00,112.00,283.00,1.0,-1,-1,-1
554,3,295.00,199.00,136.00,350.00,1.0,-1,-1,-1
554,4,147.00,246.00,121.00,123.00,1.0,-1,-1,-1
554,5,189.00,182.00,120.00,332.00,1.0,-1,-1,-1
554,6,808.00,224.00,137.00,347.00,1.0,-1,-1,-1
554,7,557.00,191.00,122.00,316.00,1.0,-1,-1,-1
554,8,199.00,555.00,163.00,165.00,1.0,-1,-1,-1
554,9,937.00,198.00,102.00,290.00,1.0,-1,-1,-1
554,10,608.00,584.00,165.00,136.00,1.0,-1,-1,-1
554,11,670.00,204.00,134.00,337.00,1.0,-1,-1,-1
554,12,0.00,627.00,89.00,93.00,1.0,-1,-1,-1
555,0,295.00,199.00,136.00,350.00,1.0,-1,-1,-1
555,1,808.00,224.00,137.00,347.00,1.0,-1,-1,-1
555,2,423.00,189.00,113.00,283.00,1.0,-1,-1,-1
555,3,294.00,199.00,137.00,350.00,1.0,-1,-1,-1
555,4,147.00,246.00,66.00,123.00,1.0,-1,-1,-1
555,5,189.00,182.00,120.00,332.00,1.0,-1,-1,-1
555,6,808.00,224.00,137.00,348.00,1.0,-1,-1,-1
555,7,556.00,191.00,123.00,316.00,1.0,-1,-1,-1
555,8,199.00,555.00,162.00,165.00,1.0,-1,-1,-1
555,9,937.00,198.00,101.00,291.00,1.0,-1,-1,-1
555,10,607.00,584.00,165.00,136.00,1.0,-1,-1,-1
555,11,670.00,204.00,134.00,337.00,1.0,-1,-1,-1
555,12,0.00,627.00,88.00,93.00,1.0,-1,-1,-1
556,0,295.00,199.00,136.00,350.00,1.0,-1,-1,-1
556,1,808.00,224.00,137.00,347.00,1.0,-1,-1,-1
556,2,424.00,189.00,112.00,282.00,1.0,-1,-1,-1
556,3,295.00,199.00,136.00,350.00,1.0,-1,-1,-1
556,4,147.00,246.00,141.00,189.00,1.0,-1,-1,-1
556,5,189.00,182.00,120.00,332.00,1.0,-1,-1,-1
556,6,808.00,224.00,137.00,347.00,1.0,-1,-1,-1
556,7,557.00,191.00,122.00,316.00,1.0,-1,-1,-1
556,8,199.00,555.00,163.00,165.00,1.0,-1,-1,-1
556,9,937.00,198.00,101.00,291.00,1.0,-1,-1,-1
556,10,607.00,584.00,166.00,136.00,1.0,-1,-1,-1
556,11,670.00,204.00,134.00,337.00,1.0,-1,-1,-1
556,12,0.00,627.00,89.00,93.00,1.0,-1,-1,-1
557,0,294.00,199.00,137.00,350.00,1.0,-1,-1,-1
557,1,808.00,224.00,137.00,347.00,1.0,-1,-1,-1
557,2,423.00,189.00,113.00,282.00,1.0,-1,-1,-1
557,3,294.00,199.00,136.00,350.00,1.0,-1,-1,-1
557,4,147.00,246.00,65.00,123.00,1.0,-1,-1,-1
557,5,189.00,182.00,120.00,332.00,1.0,-1,-1,-1
557,6,808.00,224.00,136.00,347.00,1.0,-1,-1,-1
557,7,556.00,191.00,123.00,316.00,1.0,-1,-1,-1
557,8,199.00,555.00,162.00,165.00,1.0,-1,-1,-1
557,9,937.00,198.00,101.00,290.00,1.0,-1,-1,-1
557,10,607.00,584.00,165.00,136.00,1.0,-1,-1,-1
557,11,669.00,204.00,135.00,337.00,1.0,-1,-1,-1
557,12,0.00,628.00,89.00,92.00,1.0,-1,-1,-1
558,0,294.00,199.00,136.00,350.00,1.0,-1,-1,-1
558,1,807.00,224.00,137.00,347.00,1.0,-1,-1,-1
558,2,423.00,188.00,113.00,283.00,1.0,-1,-1,-1
558,3,294.00,199.00,136.00,350.00,1.0,-1,-1,-1
558,4,146.00,246.00,66.00,123.00,1.0,-1,-1,-1
558,5,189.00,182.00,120.00,332.00,1.0,-1,-1,-1
558,6,807.00,224.00,137.00,347.00,1.0,-1,-1,-1
558,7,555.00,191.00,124.00,316.00,1.0,-1,-1,-1
558,8,198.00,555.00,163.00,165.00,1.0,-1,-1,-1
558,9,937.00,198.00,100.00,290.00,1.0,-1,-1,-1
558,10,607.00,584.00,165.00,136.00,1.0,-1,-1,-1
558,11,669.00,203.00,135.00,338.00,1.0,-1,-1,-1
558,12,0.00,628.00,88.00,92.00,1.0,-1,-1,-1
559,0,294.00,199.00,136.00,350.00,1.0,-1,-1,-1
559,1,807.00,224.00,137.00,347.00,1.0,-1,-1,-1
559,2,423.00,189.00,113.00,282.00,1.0,-1,-1,-1
559,3,294.00,199.00,136.00,350.00,1.0,-1,-1,-1
559,4,146.00,246.00,122.00,123.00,1.0,-1,-1,-1
559,5,189.00,182.00,120.00,332.00,1.0,-1,-1,-1
559,6,807.00,224.00,137.00,347.00,1.0,-1,-1,-1
559,7,555.00,191.00,124.00,316.00,1.0,-1,-1,-1
559,8,198.00,554.00,163.00,166.00,1.0,-1,-1,-1
559,9,937.00,198.00,100.00,290.00,1.0,-1,-1,-1
559,10,607.00,584.00,165.00,136.00,1.0,-1,-1,-1
559,11,669.00,204.00,135.00,336.00,1.0,-1,-1,-1
559,12,0.00,628.00,88.00,92.00,1.0,-1,-1,-1
560,0,293.00,198.00,136.00,351.00,1.0,-1,-1,-1
560,1,807.00,224.00,137.00,347.00,1.0,-1,-1,-1
560,2,422.00,189.00,114.00,281.00,1.0,-1,-1,-1
560,3,293.00,199.00,136.00,350.00,1.0,-1,-1,-1
560,4,145.00,246.00,67.00,123.00,1.0,-1,-1,-1
560,5,188.00,182.00,121.00,332.00,1.0,-1,-1,-1
560,6,807.00,224.00,136.00,346.00,1.0,-1,-1,-1
560,7,555.00,191.00,123.00,316.00,1.0,-1,-1,-1
560,8,198.00,554.00,163.00,166.00,1.0,-1,-1,-1
560,9,936.00,198.00,101.00,290.00,1.0,-1,-1,-1
560,10,607.00,584.00,165.00,136.00,1.0,-1,-1,-1
560,11,668.00,203.00,136.00,337.00,1.0,-1,-1,-1
560,12,0.00,629.00,89.00,91.00,1.0,-1,-1,-1
561,0,292.00,198.00,137.00,351.00,1.0,-1,-1,-1
561,1,807.00,224.00,137.00,347.00,1.0,-1,-1,-1
561,2,422.00,189.00,114.00,281.00,1.0,-1,-1,-1
561,3,292.00,199.00,137.00,350.00,1.0,-1,-1,-1
561,4,145.00,246.00,66.00,123.00,1.0,-1,-1,-1
561,5,188.00,182.00,120.00,332.00,1.0,-1,-1,-1
561,6,807.00,224.00,135.00,346.00,1.0,-1,-1,-1
561,7,553.00,192.00,125.00,315.00,1.0,-1,-1,-1
561,8,198.00,554.00,161.00,166.00,1.0,-1,-1,-1
561,9,937.00,198.00,99.00,289.00,1.0,-1,-1,-1
561,10,605.00,584.00,166.00,136.00,1.0,-1,-1,-1
561,11,668.00,203.00,135.00,337.00,1.0,-1,-1,-1
561,12,0.00,629.00,88.00,91.00,1.0,-1,-1,-1
562,0,292.00,198.00,136.00,351.00,1.0,-1,-1,-1
562,1,806.00,223.00,138.00,348.00,1.0,-1,-1,-1
562,2,422.00,188.00,114.00,283.00,1.0,-1,-1,-1
562,3,292.00,199.00,136.00,350.00,1.0,-1,-1,-1
562,4,145.00,245.00,66.00,124.00,1.0,-1,-1,-1
562,5,188.00,182.00,120.00,332.00,1.0,-1,-1,-1
562,6,806.00,224.00,137.00,347.00,1.0,-1,-1,-1
562,7,553.00,192.00,125.00,315.00,1.0,-1,-1,-1
562,8,198.00,554.00,161.00,166.00,1.0,-1,-1,-1
562,9,936.00,198.00,100.00,289.00,1.0,-1,-1,-1
562,10,605.00,584.00,166.00,136.00,1.0,-1,-1,-1
562,11,668.00,203.00,135.00,337.00,1.0,-1,-1,-1
562,12,0.00,629.00,88.00,91.00,1.0,-1,-1,-1
563,0,292.00,199.00,136.00,349.00,1.0,-1,-1,-1
563,1,806.00,223.00,137.00,347.00,1.0,-1,-1,-1
563,2,422.00,189.00,114.00,281.00,1.0,-1,-1,-1
563,3,292.00,199.00,136.00,349.00,1.0,-1,-1,-1
563,4,144.00,246.00,67.00,122.00,1.0,-1,-1,-1
563,5,187.00,182.00,121.00,332.00,1.0,-1,-1,-1
563,6,806.00,224.00,137.00,346.00,1.0,-1,-1,-1
563,7,552.00,192.00,125.00,314.00,1.0,-1,-1,-1
563,8,198.00,554.00,161.00,166.00,1.0,-1,-1,-1
563,9,935.00,198.00,101.00,288.00,1.0,-1,-1,-1
563,10,605.00,584.00,166.00,136.00,1.0,-1,-1,-1
563,11,668.00,203.00,135.00,337.00,1.0,-1,-1,-1
563,12,0.00,629.00,88.00,91.00,1.0,-1,-1,-1
564,0,291.00,198.00,136.00,350.00,1.0,-1,-1,-1
564,1,805.00,224.00,138.00,346.00,1.0,-1,-1,-1
564,2,421.00,188.00,114.00,282.00,1.0,-1,-1,-1
564,3,291.00,198.00,137.00,350.00,1.0,-1,-1,-1
564,4,144.00,245.00,124.00,123.00,1.0,-1,-1,-1
564,5,186.00,182.00,122.00,332.00,1.0,-1,-1,-1
564,6,805.00,224.00,137.00,346.00,1.0,-1,-1,-1
564,7,552.00,192.00,125.00,314.00,1.0,-1,-1,-1
564,8,197.00,554.00,162.00,166.00,1.0,-1,-1,-1
564,9,936.00,198.00,100.00,288.00,1.0,-1,-1,-1
564,10,605.00,584.00,165.00,136.00,1.0,-1,-1,-1
564,11,668.00,203.00,135.00,336.00,1.0,-1,-1,-1
564,12,0.00,630.00,88.00,90.00,1.0,-1,-1,-1
565,0,291.00,198.00,136.00,350.00,1.0,-1,-1,-1
565,1,805.00,223.00,138.00,347.00,1.0,-1,-1,-1
565,2,421.00,188.00,114.00,282.00,1.0,-1,-1,-1
565,3,290.00,198.00,137.00,351.00,1.0,-1,-1,-1
565,4,144.00,245.00,66.00,124.00,1.0,-1,-1,-1
565,5,185.00,182.00,123.00,332.00,1.0,-1,-1,-1
565,6,804.00,223.00,139.00,348.00,1.0,-1,-1,-1
565,7,551.00,192.00,126.00,314.00,1.0,-1,-1,-1
565,8,197.00,554.00,162.00,166.00,1.0,-1,-1,-1
565,9,935.00,198.00,100.00,288.00,1.0,-1,-1,-1
565,10,604.00,584.00,166.00,136.00,1.0,-1,-1,-1
565,11,667.00,202.00,136.00,336.00,1.0,-1,-1,-1
565,12,0.00,630.00,87.00,90.00,1.0,-1,-1,-1
566,0,290.00,198.00,137.00,349.00,1.0,-1,-1,-1
566,1,805.00,223.00,137.00,346.00,1.0,-1,-1,-1
566,2,421.00,187.00,114.00,282.00,1.0,-1,-1,-1
566,3,289.00,198.00,138.00,350.00,1.0,-1,-1,-1
566,4,143.00,246.00,125.00,122.00,1.0,-1,-1,-1
566,5,185.00,181.00,123.00,332.00,1.0,-1,-1,-1
566,6,805.00,223.00,137.00,346.00,1.0,-1,-1,-1
566,7,550.00,192.00,127.00,314.00,1.0,-1,-1,-1
566,8,197.00,554.00,162.00,166.00,1.0,-1,-1,-1
566,9,936.00,198.00,99.00,288.00,1.0,-1,-1,-1
566,10,604.00,584.00,167.00,136.00,1.0,-1,-1,-1
566,11,667.00,202.00,136.00,335.00,1.0,-1,-1,-1
566,12,0.00,630.00,87.00,90.00,1.0,-1,-1,-1
567,0,286.00,198.00,141.00,350.00,1.0,-1,-1,-1
567,1,805.00,222.00,136.00,345.00,1.0,-1,-1,-1
567,2,421.00,187.00,113.00,282.00,1.0,-1,-1,-1
567,3,286.00,198.00,141.00,350.00,1.0,-1,-1,-1
567,4,143.00,246.00,125.00,122.00,1.0,-1,-1,-1
567,5,182.00,181.00,126.00,332.00,1.0,-1,-1,-1
567,6,805.00,222.00,136.00,345.00,1.0,-1,-1,-1
567,7,548.00,192.00,128.00,314.00,1.0,-1,-1,-1
567,8,197.00,554.00,160.00,166.00,1.0,-1,-1,-1
567,9,936.00,198.00,99.00,288.00,1.0,-1,-1,-1
567,10,604.00,583.00,167.00,137.00,1.0,-1,-1,-1
567,11,667.00,202.00,136.00,335.00,1.0,-1,-1,-1
567,12,0.00,630.00,86.00,90.00,1.0,-1,-1,-1
568,0,282.00,198.00,144.00,349.00,1.0,-1,-1,-1
568,1,805.00,222.00,136.00,343.00,1.0,-1,-1,-1
568,2,420.00,187.00,114.00,281.00,1.0,-1,-1,-1
568,3,282.00,198.00,144.00,349.00,1.0,-1,-1,-1
568,4,143.00,245.00,125.00,123.00,1.0,-1,-1,-1
568,5,180.00,181.00,128.00,332.00,1.0,-1,-1,-1
568,6,805.00,222.00,136.00,343.00,1.0,-1,-1,-1
568,7,547.00,191.00,129.00,314.00,1.0,-1,-1,-1
568,8,197.00,554.00,160.00,166.00,1.0,-1,-1,-1
568,9,936.00,198.00,99.00,288.00,1.0,-1,-1,-1
568,10,603.00,583.00,167.00,137.00,1.0,-1,-1,-1
568,11,664.00,202.00,138.00,335.00,1.0,-1,-1,-1
568,12,0.00,630.00,86.00,90.00,1.0,-1,-1,-1
569,0,277.00,198.00,149.00,348.00,1.0,-1,-1,-1
569,1,802.00,222.00,139.00,343.00,1.0,-1,-1,-1
569,2,420.00,187.00,114.00,281.00,1.0,-1,-1,-1
569,3,277.00,198.00,149.00,348.00,1.0,-1,-1,-1
569,4,142.00,245.00,126.00,123.00,1.0,-1,-1,-1
569,5,177.00,181.00,131.00,331.00,1.0,-1,-1,-1
569,6,802.00,222.00,139.00,343.00,1.0,-1,-1,-1
569,7,545.00,192.00,131.00,313.00,1.0,-1,-1,-1
569,8,197.00,554.00,160.00,166.00,1.0,-1,-1,-1
569,9,936.00,198.00,98.00,288.00,1.0,-1,-1,-1
569,10,603.00,583.00,168.00,137.00,1.0,-1,-1,-1
569,11,659.00,202.00,144.00,335.00,1.0,-1,-1,-1
569,12,0.00,630.00,86.00,90.00,1.0,-1,-1,-1
570,0,269.00,198.00,157.00,345.00,1.0,-1,-1,-1
570,1,795.00,222.00,146.00,342.00,1.0,-1,-1,-1
570,2,421.00,188.00,113.00,280.00,1.0,-1,-1,-1
570,3,269.00,198.00,157.00,345.00,1.0,-1,-1,-1
570,4,142.00,245.00,66.00,124.00,1.0,-1,-1,-1
570,5,173.00,181.00,135.00,327.00,1.0,-1,-1,-1
570,6,795.00,222.00,146.00,342.00,1.0,-1,-1,-1
570,7,544.00,192.00,132.00,312.00,1.0,-1,-1,-1
570,8,196.00,554.00,161.00,166.00,1.0,-1,-1,-1
570,9,937.00,198.00,97.00,288.00,1.0,-1,-1,-1
570,10,603.00,583.00,167.00,137.00,1.0,-1,-1,-1
570,11,655.00,202.00,147.00,335.00,1.0,-1,-1,-1
570,12,0.00,630.00,86.00,90.00,1.0,-1,-1,-1
571,0,261.00,197.00,165.00,346.00,1.0,-1,-1,-1
571,1,787.00,223.00,155.00,341.00,1.0,-1,-1,-1
571,2,421.00,187.00,113.00,281.00,1.0,-1,-1,-1
571,3,261.00,197.00,165.00,346.00,1.0,-1,-1,-1
571,4,142.00,245.00,66.00,124.00,1.0,-1,-1,-1
571,5,167.00,181.00,140.00,324.00,1.0,-1,-1,-1
571,6,787.00,223.00,155.00,341.00,1.0,-1,-1,-1
571,7,542.00,192.00,134.00,311.00,1.0,-1,-1,-1
571,8,196.00,554.00,161.00,166.00,1.0,-1,-1,-1
571,9,937.00,197.00,97.00,288.00,1.0,-1,-1,-1
571,10,602.00,583.00,168.00,137.00,1.0,-1,-1,-1
571,11,651.00,202.00,151.00,335.00,1.0,-1,-1,-1
571,12,0.00,630.00,85.00,90.00,1.0,-1,-1,-1
572,0,250.00,197.00,176.00,346.00,1.0,-1,-1,-1
572,1,781.00,222.00,163.00,342.00,1.0,-1,-1,-1
572,2,421.00,187.00,112.00,281.00,1.0,-1,-1,-1
572,3,249.00,197.00,177.00,346.00,1.0,-1,-1,-1
572,4,142.00,209.00,146.00,159.00,1.0,-1,-1,-1
572,5,163.00,181.00,144.00,320.00,1.0,-1,-1,-1
572,6,781.00,222.00,163.00,342.00,1.0,-1,-1,-1
572,7,538.00,192.00,137.00,310.00,1.0,-1,-1,-1
572,8,196.00,553.00,161.00,167.00,1.0,-1,-1,-1
572,9,937.00,197.00,97.00,288.00,1.0,-1,-1,-1
572,10,602.00,583.00,168.00,137.00,1.0,-1,-1,-1
572,11,642.00,202.00,160.00,335.00,1.0,-1,-1,-1
572,12,0.00,630.00,85.00,90.00,1.0,-1,-1,-1
573,0,241.00,197.00,185.00,345.00,1.0,-1,-1,-1
573,1,775.00,222.00,170.00,342.00,1.0,-1,-1,-1
573,2,422.00,187.00,111.00,281.00,1.0,-1,-1,-1
573,3,240.00,197.00,185.00,346.00,1.0,-1,-1,-1
573,4,141.00,209.00,147.00,159.00,1.0,-1,-1,-1
573,5,157.00,181.00,150.00,327.00,1.0,-1,-1,-1
573,6,775.00,222.00,170.00,342.00,1.0,-1,-1,-1
573,7,534.00,191.00,141.00,311.00,1.0,-1,-1,-1
573,8,196.00,553.00,161.00,167.00,1.0,-1,-1,-1
573,9,938.00,197.00,96.00,288.00,1.0,-1,-1,-1
573,10,602.00,583.00,168.00,137.00,1.0,-1,-1,-1
573,11,639.00,202.00,163.00,334.00,1.0,-1,-1,-1
573,12,0.00,630.00,85.00,90.00,1.0,-1,-1,-1
574,0,232.00,197.00,193.00,345.00,1.0,-1,-1,-1
574,1,775.00,222.00,172.00,342.00,1.0,-1,-1,-1
574,2,423.00,187.00,110.00,280.00,1.0,-1,-1,-1
574,3,232.00,197.00,193.00,345.00,1.0,-1,-1,-1
574,4,141.00,209.00,147.00,159.00,1.0,-1,-1,-1
574,5,152.00,181.00,155.00,327.00,1.0,-1,-1,-1
574,6,775.00,223.00,171.00,341.00,1.0,-1,-1,-1
574,7,530.00,191.00,145.00,310.00,1.0,-1,-1,-1
574,8,196.00,553.00,161.00,167.00,1.0,-1,-1,-1
574,9,938.00,196.00,95.00,289.00,1.0,-1,-1,-1
574,10,601.00,582.00,168.00,138.00,1.0,-1,-1,-1
574,11,632.00,202.00,169.00,334.00,1.0,-1,-1,-1
574,12,0.00,630.00,84.00,90.00,1.0,-1,-1,-1
575,0,227.00,197.00,198.00,345.00,1.0,-1,-1,-1
575,1,772.00,223.00,175.00,341.00,1.0,-1,-1,-1
575,2,423.00,187.00,110.00,280.00,1.0,-1,-1,-1
575,3,226.00,197.00,199.00,345.00,1.0,-1,-1,-1
575,4,140.00,244.00,66.00,124.00,1.0,-1,-1,-1
575,5,147.00,181.00,159.00,327.00,1.0,-1,-1,-1
575,6,772.00,223.00,174.00,341.00,1.0,-1,-1,-1
575,7,525.00,191.00,150.00,309.00,1.0,-1,-1,-1
575,8,195.00,553.00,161.00,167.00,1.0,-1,-1,-1
575,9,938.00,196.00,95.00,289.00,1.0,-1,-1,-1
575,10,601.00,582.00,167.00,138.00,1.0,-1,-1,-1
575,11,615.00,202.00,186.00,333.00,1.0,-1,-1,-1
575,12,0.00,631.00,84.00,89.00,1.0,-1,-1,-1
576,0,223.00,197.00,202.00,345.00,1.0,-1,-1,-1
576,1,771.00,223.00,174.00,341.00,1.0,-1,-1,-1
576,2,422.00,187.00,110.00,280.00,1.0,-1,-1,-1
576,3,223.00,197.00,202.00,345.00,1.0,-1,-1,-1
576,4,140.00,244.00,128.00,123.00,1.0,-1,-1,-1
576,5,145.00,181.00,161.00,327.00,1.0,-1,-1,-1
576,6,771.00,223.00,174.00,341.00,1.0,-1,-1,-1
576,7,523.00,191.00,151.00,305.00,1.0,-1,-1,-1
576,8,195.00,553.00,161.00,167.00,1.0,-1,-1,-1
576,9,937.00,196.00,96.00,289.00,1.0,-1,-1,-1
576,10,601.00,582.00,167.00,138.00,1.0,-1,-1,-1
576,11,614.00,202.00,187.00,333.00,1.0,-1,-1,-1
576,12,0.00,631.00,84.00,89.00,1.0,-1,-1,-1
577,0,220.00,197.00,204.00,345.00,1.0,-1,-1,-1
577,1,768.00,223.00,176.00,341.00,1.0,-1,-1,-1
577,2,422.00,187.00,110.00,280.00,1.0,-1,-1,-1
577,3,220.00,197.00,205.00,345.00,1.0,-1,-1,-1
577,4,139.00,244.00,129.00,122.00,1.0,-1,-1,-1
577,5,142.00,181.00,163.00,327.00,1.0,-1,-1,-1
577,6,770.00,223.00,174.00,341.00,1.0,-1,-1,-1
577,7,520.00,190.00,154.00,304.00,1.0,-1,-1,-1
577,8,195.00,553.00,160.00,167.00,1.0,-1,-1,-1
577,9,937.00,195.00,96.00,290.00,1.0,-1,-1,-1
577,10,600.00,582.00,168.00,138.00,1.0,-1,-1,-1
577,11,612.00,202.00,188.00,333.00,1.0,-1,-1,-1
577,12,0.00,631.00,83.00,89.00,1.0,-1,-1,-1
578,0,218.00,197.00,207.00,345.00,1.0,-1,-1,-1
578,1,764.00,223.00,180.00,341.00,1.0,-1,-1,-1
578,2,422.00,188.00,110.00,279.00,1.0,-1,-1,-1
578,3,217.00,197.00,208.00,345.00,1.0,-1,-1,-1
578,4,139.00,244.00,66.00,124.00,1.0,-1,-1,-1
578,5,138.00,181.00,167.00,327.00,1.0,-1,-1,-1
578,6,769.00,223.00,175.00,341.00,1.0,-1,-1,-1
578,7,518.00,190.00,155.00,302.00,1.0,-1,-1,-1
578,8,193.00,553.00,162.00,167.00,1.0,-1,-1,-1
578,9,937.00,195.00,96.00,290.00,1.0,-1,-1,-1
578,10,599.00,581.00,168.00,139.00,1.0,-1,-1,-1
578,11,611.00,202.00,189.00,332.00,1.0,-1,-1,-1
578,12,0.00,631.00,83.00,89.00,1.0,-1,-1,-1
579,0,216.00,197.00,208.00,345.00,1.0,-1,-1,-1
579,1,765.00,223.00,178.00,341.00,1.0,-1,-1,-1
579,2,390.00,187.00,142.00,280.00,1.0,-1,-1,-1
579,3,216.00,197.00,208.00,345.00,1.0,-1,-1,-1
579,4,138.00,244.00,130.00,123.00,1.0,-1,-1,-1
579,5,132.00,181.00,173.00,326.00,1.0,-1,-1,-1
579,6,767.00,223.00,176.00,341.00,1.0,-1,-1,-1
579,7,516.00,190.00,156.00,310.00,1.0,-1,-1,-1
579,8,193.00,553.00,162.00,167.00,1.0,-1,-1,-1
579,9,937.00,195.00,96.00,289.00,1.0,-1,-1,-1
579,10,598.00,581.00,170.00,139.00,1.0,-1,-1,-1
579,11,610.00,202.00,189.00,332.00,1.0,-1,-1,-1
579,12,0.00,631.00,83.00,89.00,1.0,-1,-1,-1
580,0,214.00,196.00,208.00,346.00,1.0,-1,-1,-1
580,1,767.00,223.00,176.00,341.00,1.0,-1,-1,-1
580,2,386.00,187.00,146.00,280.00,1.0,-1,-1,-1
580,3,215.00,197.00,207.00,345.00,1.0,-1,-1,-1
580,4,137.00,243.00,67.00,124.00,1.0,-1,-1,-1
580,5,132.00,180.00,172.00,328.00,1.0,-1,-1,-1
580,6,768.00,223.00,175.00,341.00,1.0,-1,-1,-1
580,7,514.00,189.00,158.00,312.00,1.0,-1,-1,-1
580,8,192.00,553.00,162.00,167.00,1.0,-1,-1,-1
580,9,907.00,194.00,126.00,290.00,1.0,-1,-1,-1
580,10,598.00,582.00,170.00,138.00,1.0,-1,-1,-1
580,11,611.00,201.00,187.00,333.00,1.0,-1,-1,-1
580,12,0.00,631.00,82.00,89.00,1.0,-1,-1,-1
581,0,214.00,196.00,208.00,346.00,1.0,-1,-1,-1
581,1,768.00,223.00,175.00,340.00,1.0,-1,-1,-1
581,2,383.00,187.00,148.00,280.00,1.0,-1,-1,-1
581,3,213.00,196.00,210.00,346.00,1.0,-1,-1,-1
581,4,137.00,243.00,131.00,147.00,1.0,-1,-1,-1
581,5,131.00,180.00,173.00,328.00,1.0,-1,-1,-1
581,6,769.00,223.00,174.00,340.00,1.0,-1,-1,-1
581,7,512.00,189.00,159.00,298.00,1.0,-1,-1,-1
581,8,192.00,552.00,161.00,168.00,1.0,-1,-1,-1
581,9,907.00,195.00,125.00,289.00,1.0,-1,-1,-1
581,10,597.00,581.00,171.00,139.00,1.0,-1,-1,-1
581,11,612.00,201.00,186.00,333.00,1.0,-1,-1,-1
581,12,0.00,632.00,82.00,88.00,1.0,-1,-1,-1
582,0,212.00,196.00,210.00,346.00,1.0,-1,-1,-1
582,1,770.00,223.00,173.00,340.00,1.0,-1,-1,-1
582,2,381.00,187.00,150.00,280.00,1.0,-1,-1,-1
582,3,213.00,196.00,210.00,346.00,1.0,-1,-1,-1
582,4,136.00,243.00,132.00,147.00,1.0,-1,-1,-1
582,5,131.00,180.00,172.00,328.00,1.0,-1,-1,-1
582,6,770.00,224.00,173.00,339.00,1.0,-1,-1,-1
582,7,512.00,189.00,159.00,299.00,1.0,-1,-1,-1
582,8,191.00,552.00,162.00,168.00,1.0,-1,-1,-1
582,9,936.00,194.00,95.00,290.00,1.0,-1,-1,-1
582,10,597.00,581.00,170.00,139.00,1.0,-1,-1,-1
582,11,611.00,201.00,186.00,333.00,1.0,-1,-1,-1
582,12,0.00,632.00,81.00,88.00,1.0,-1,-1,-1
583,0,214.00,196.00,207.00,345.00,1.0,-1,-1,-1
583,1,771.00,224.00,173.00,339.00,1.0,-1,-1,-1
583,2,381.00,187.00,149.00,279.00,1.0,-1,-1,-1
583,3,214.00,196.00,207.00,346.00,1.0,-1,-1,-1
583,4,136.00,243.00,65.00,122.00,1.0,-1,-1,-1
583,5,131.00,180.00,172.00,328.00,1.0,-1,-1,-1
583,6,771.00,224.00,172.00,339.00,1.0,-1,-1,-1
583,7,510.00,189.00,160.00,299.00,1.0,-1,-1,-1
583,8,190.00,552.00,162.00,168.00,1.0,-1,-1,-1
583,9,934.00,194.00,97.00,290.00,1.0,-1,-1,-1
583,10,596.00,581.00,170.00,139.00,1.0,-1,-1,-1
583,11,622.00,201.00,174.00,333.00,1.0,-1,-1,-1
583,12,0.00,632.00,81.00,88.00,1.0,-1,-1,-1
584,0,215.00,196.00,205.00,345.00,1.0,-1,-1,-1
584,1,772.00,224.00,172.00,339.00,1.0,-1,-1,-1
584,2,380.00,187.00,150.00,279.00,1.0,-1,-1,-1
584,3,216.00,196.00,204.00,345.00,1.0,-1,-1,-1
584,4,135.00,243.00,66.00,124.00,1.0,-1,-1,-1
584,5,132.00,180.00,170.00,327.00,1.0,-1,-1,-1
584,6,772.00,224.00,172.00,338.00,1.0,-1,-1,-1
584,7,508.00,189.00,162.00,298.00,1.0,-1,-1,-1
584,8,190.00,552.00,162.00,168.00,1.0,-1,-1,-1
584,9,934.00,194.00,97.00,289.00,1.0,-1,-1,-1
584,10,595.00,580.00,171.00,140.00,1.0,-1,-1,-1
584,11,617.00,200.00,179.00,334.00,1.0,-1,-1,-1
584,12,0.00,633.00,80.00,87.00,1.0,-1,-1,-1
585,0,217.00,195.00,203.00,346.00,1.0,-1,-1,-1
585,1,774.00,224.00,170.00,339.00,1.0,-1,-1,-1
585,2,380.00,186.00,149.00,280.00,1.0,-1,-1,-1
585,3,217.00,195.00,203.00,346.00,1.0,-1,-1,-1
585,4,135.00,243.00,66.00,124.00,1.0,-1,-1,-1
585,5,132.00,180.00,169.00,327.00,1.0,-1,-1,-1
585,6,775.00,224.00,169.00,338.00,1.0,-1,-1,-1
585,7,507.00,189.00,162.00,311.00,1.0,-1,-1,-1
585,8,189.00,552.00,162.00,168.00,1.0,-1,-1,-1
585,9,933.00,194.00,98.00,289.00,1.0,-1,-1,-1
585,10,595.00,580.00,170.00,140.00,1.0,-1,-1,-1
585,11,632.00,200.00,162.00,334.00,1.0,-1,-1,-1
585,12,0.00,633.00,79.00,87.00,1.0,-1,-1,-1
586,0,220.00,195.00,199.00,346.00,1.0,-1,-1,-1
586,1,778.00,225.00,165.00,338.00,1.0,-1,-1,-1
586,2,381.00,186.00,147.00,280.00,1.0,-1,-1,-1
586,3,219.00,195.00,200.00,346.00,1.0,-1,-1,-1
586,4,134.00,242.00,66.00,125.00,1.0,-1,-1,-1
586,5,134.00,180.00,166.00,327.00,1.0,-1,-1,-1
586,6,778.00,225.00,165.00,337.00,1.0,-1,-1,-1
586,7,507.00,189.00,161.00,311.00,1.0,-1,-1,-1
586,8,189.00,551.00,162.00,169.00,1.0,-1,-1,-1
586,9,932.00,194.00,98.00,289.00,1.0,-1,-1,-1
586,10,594.00,580.00,171.00,140.00,1.0,-1,-1,-1
586,11,637.00,198.00,156.00,336.00,1.0,-1,-1,-1
586,12,0.00,633.00,79.00,87.00,1.0,-1,-1,-1
587,0,222.00,196.00,195.00,345.00,1.0,-1,-1,-1
587,1,780.00,225.00,163.00,337.00,1.0,-1,-1,-1
587,2,386.00,186.00,142.00,280.00,1.0,-1,-1,-1
587,3,222.00,195.00,196.00,346.00,1.0,-1,-1,-1
587,4,134.00,242.00,66.00,124.00,1.0,-1,-1,-1
587,5,141.00,180.00,158.00,326.00,1.0,-1,-1,-1
587,6,781.00,225.00,162.00,337.00,1.0,-1,-1,-1
587,7,507.00,189.00,161.00,311.00,1.0,-1,-1,-1
587,8,187.00,551.00,164.00,169.00,1.0,-1,-1,-1
587,9,932.00,194.00,97.00,289.00,1.0,-1,-1,-1
587,10,593.00,580.00,171.00,140.00,1.0,-1,-1,-1
587,11,643.00,198.00,149.00,335.00,1.0,-1,-1,-1
587,12,0.00,634.00,78.00,86.00,1.0,-1,-1,-1
588,0,226.00,195.00,190.00,346.00,1.0,-1,-1,-1
588,1,786.00,225.00,157.00,337.00,1.0,-1,-1,-1
588,2,415.00,186.00,112.00,280.00,1.0,-1,-1,-1
588,3,225.00,195.00,191.00,346.00,1.0,-1,-1,-1
588,4,133.00,242.00,66.00,123.00,1.0,-1,-1,-1
588,5,149.00,180.00,149.00,326.00,1.0,-1,-1,-1
588,6,786.00,225.00,157.00,337.00,1.0,-1,-1,-1
588,7,507.00,189.00,160.00,311.00,1.0,-1,-1,-1
588,8,187.00,551.00,162.00,169.00,1.0,-1,-1,-1
588,9,931.00,194.00,98.00,289.00,1.0,-1,-1,-1
588,10,593.00,580.00,171.00,140.00,1.0,-1,-1,-1
588,11,648.00,198.00,143.00,335.00,1.0,-1,-1,-1
588,12,0.00,634.00,78.00,86.00,1.0,-1,-1,-1
589,0,231.00,196.00,197.00,345.00,1.0,-1,-1,-1
589,1,790.00,225.00,152.00,337.00,1.0,-1,-1,-1
589,2,415.00,186.00,111.00,280.00,1.0,-1,-1,-1
589,3,231.00,196.00,188.00,345.00,1.0,-1,-1,-1
589,4,132.00,242.00,66.00,118.00,1.0,-1,-1,-1
589,5,155.00,179.00,142.00,327.00,1.0,-1,-1,-1
589,6,790.00,225.00,152.00,337.00,1.0,-1,-1,-1
589,7,510.00,189.00,156.00,311.00,1.0,-1,-1,-1
589,8,186.00,551.00,163.00,169.00,1.0,-1,-1,-1
589,9,930.00,194.00,98.00,289.00,1.0,-1,-1,-1
589,10,592.00,579.00,171.00,141.00,1.0,-1,-1,-1
589,11,655.00,199.00,135.00,334.00,1.0,-1,-1,-1
589,12,0.00,635.00,77.00,85.00,1.0,-1,-1,-1
590,0,239.00,195.00,202.00,345.00,1.0,-1,-1,-1
590,1,794.00,225.00,147.00,337.00,1.0,-1,-1,-1
590,2,413.00,187.00,112.00,278.00,1.0,-1,-1,-1
590,3,239.00,195.00,201.00,345.00,1.0,-1,-1,-1
590,4,132.00,242.00,66.00,118.00,1.0,-1,-1,-1
590,5,162.00,179.00,266.00,327.00,1.0,-1,-1,-1
590,6,795.00,226.00,145.00,335.00,1.0,-1,-1,-1
590,7,512.00,190.00,153.00,310.00,1.0,-1,-1,-1
590,8,186.00,551.00,163.00,169.00,1.0,-1,-1,-1
590,9,929.00,193.00,99.00,290.00,1.0,-1,-1,-1
590,10,592.00,579.00,171.00,141.00,1.0,-1,-1,-1
590,11,660.00,200.00,129.00,333.00,1.0,-1,-1,-1
590,12,0.00,635.00,76.00,85.00,1.0,-1,-1,-1
591,0,241.00,194.00,213.00,346.00,1.0,-1,-1,-1
591,1,798.00,225.00,141.00,337.00,1.0,-1,-1,-1
591,2,412.00,191.00,113.00,274.00,1.0,-1,-1,-1
591,3,242.00,195.00,210.00,345.00,1.0,-1,-1,-1
591,4,131.00,242.00,67.00,118.00,1.0,-1,-1,-1
591,5,175.00,179.00,120.00,305.00,1.0,-1,-1,-1
591,6,799.00,225.00,140.00,336.00,1.0,-1,-1,-1
591,7,520.00,193.00,144.00,307.00,1.0,-1,-1,-1
591,8,185.00,551.00,164.00,169.00,1.0,-1,-1,-1
591,9,927.00,193.00,100.00,289.00,1.0,-1,-1,-1
591,10,592.00,579.00,171.00,141.00,1.0,-1,-1,-1
591,11,661.00,201.00,135.00,332.00,1.0,-1,-1,-1
591,12,0.00,635.00,76.00,85.00,1.0,-1,-1,-1
592,0,241.00,196.00,218.00,344.00,1.0,-1,-1,-1
592,1,802.00,226.00,134.00,335.00,1.0,-1,-1,-1
592,2,411.00,193.00,113.00,272.00,1.0,-1,-1,-1
592,3,241.00,196.00,218.00,344.00,1.0,-1,-1,-1
592,4,131.00,242.00,66.00,118.00,1.0,-1,-1,-1
592,5,180.00,179.00,114.00,295.00,1.0,-1,-1,-1
592,6,802.00,226.00,134.00,335.00,1.0,-1,-1,-1
592,7,527.00,194.00,138.00,305.00,1.0,-1,-1,-1
592,8,185.00,551.00,163.00,169.00,1.0,-1,-1,-1
592,9,926.00,192.00,100.00,290.00,1.0,-1,-1,-1
592,10,591.00,578.00,170.00,142.00,1.0,-1,-1,-1
592,11,661.00,202.00,143.00,331.00,1.0,-1,-1,-1
592,12,0.00,636.00,75.00,84.00,1.0,-1,-1,-1
593,0,265.00,195.00,195.00,345.00,1.0,-1,-1,-1
593,1,801.00,226.00,132.00,335.00,1.0,-1,-1,-1
593,2,411.00,197.00,112.00,268.00,1.0,-1,-1,-1
593,3,265.00,195.00,195.00,345.00,1.0,-1,-1,-1
593,4,130.00,241.00,67.00,125.00,1.0,-1,-1,-1
593,5,180.00,180.00,139.00,325.00,1.0,-1,-1,-1
593,6,801.00,226.00,132.00,335.00,1.0,-1,-1,-1
593,7,537.00,197.00,128.00,302.00,1.0,-1,-1,-1
593,8,184.00,550.00,164.00,170.00,1.0,-1,-1,-1
593,9,925.00,191.00,100.00,291.00,1.0,-1,-1,-1
593,10,590.00,578.00,171.00,142.00,1.0,-1,-1,-1
593,11,661.00,204.00,138.00,329.00,1.0,-1,-1,-1
593,12,0.00,637.00,74.00,83.00,1.0,-1,-1,-1
594,0,278.00,196.00,180.00,344.00,1.0,-1,-1,-1
594,1,803.00,229.00,128.00,332.00,1.0,-1,-1,-1
594,2,411.00,202.00,112.00,262.00,1.0,-1,-1,-1
594,3,279.00,197.00,180.00,343.00,1.0,-1,-1,-1
594,4,130.00,241.00,66.00,124.00,1.0,-1,-1,-1
594,5,181.00,180.00,113.00,325.00,1.0,-1,-1,-1
594,6,802.00,229.00,129.00,332.00,1.0,-1,-1,-1
594,7,546.00,200.00,120.00,299.00,1.0,-1,-1,-1
594,8,184.00,550.00,164.00,170.00,1.0,-1,-1,-1
594,9,923.00,191.00,101.00,291.00,1.0,-1,-1,-1
594,10,590.00,579.00,171.00,141.00,1.0,-1,-1,-1
594,11,662.00,207.00,132.00,325.00,1.0,-1,-1,-1
594,12,0.00,637.00,74.00,83.00,1.0,-1,-1,-1
595,0,281.00,199.00,142.00,340.00,1.0,-1,-1,-1
595,1,806.00,231.00,128.00,330.00,1.0,-1,-1,-1
595,2,410.00,209.00,113.00,255.00,1.0,-1,-1,-1
595,3,282.00,199.00,139.00,340.00,1.0,-1,-1,-1
595,4,129.00,241.00,67.00,124.00,1.0,-1,-1,-1
595,5,182.00,181.00,111.00,324.00,1.0,-1,-1,-1
595,6,805.00,232.00,127.00,329.00,1.0,-1,-1,-1
595,7,550.00,204.00,117.00,295.00,1.0,-1,-1,-1
595,8,183.00,550.00,164.00,170.00,1.0,-1,-1,-1
595,9,921.00,192.00,103.00,289.00,1.0,-1,-1,-1
595,10,589.00,578.00,171.00,142.00,1.0,-1,-1,-1
595,11,664.00,210.00,134.00,322.00,1.0,-1,-1,-1
595,12,0.00,637.00,74.00,83.00,1.0,-1,-1,-1
596,0,286.00,201.00,133.00,338.00,1.0,-1,-1,-1
596,1,807.00,235.00,152.00,325.00,1.0,-1,-1,-1
596,2,406.00,217.00,123.00,247.00,1.0,-1,-1,-1
596,3,287.00,201.00,132.00,338.00,1.0,-1,-1,-1
596,4,129.00,241.00,66.00,118.00,1.0,-1,-1,-1
596,5,183.00,184.00,110.00,321.00,1.0,-1,-1,-1
596,6,807.00,235.00,147.00,325.00,1.0,-1,-1,-1
596,7,551.00,210.00,117.00,289.00,1.0,-1,-1,-1
596,8,183.00,550.00,164.00,170.00,1.0,-1,-1,-1
596,9,917.00,194.00,106.00,287.00,1.0,-1,-1,-1
596,10,589.00,578.00,171.00,142.00,1.0,-1,-1,-1
596,11,664.00,214.00,147.00,318.00,1.0,-1,-1,-1
596,12,0.00,638.00,73.00,82.00,1.0,-1,-1,-1
597,0,288.00,206.00,125.00,333.00,1.0,-1,-1,-1
597,1,809.00,240.00,149.00,320.00,1.0,-1,-1,-1
597,2,399.00,226.00,139.00,238.00,1.0,-1,-1,-1
597,3,288.00,206.00,130.00,333.00,1.0,-1,-1,-1
597,4,129.00,241.00,66.00,119.00,1.0,-1,-1,-1
597,5,184.00,188.00,108.00,317.00,1.0,-1,-1,-1
597,6,809.00,240.00,140.00,320.00,1.0,-1,-1,-1
597,7,551.00,216.00,116.00,283.00,1.0,-1,-1,-1
597,8,183.00,549.00,164.00,171.00,1.0,-1,-1,-1
597,9,918.00,196.00,105.00,285.00,1.0,-1,-1,-1
597,10,589.00,578.00,171.00,142.00,1.0,-1,-1,-1
597,11,666.00,219.00,157.00,312.00,1.0,-1,-1,-1
597,12,0.00,637.00,73.00,83.00,1.0,-1,-1,-1
598,0,287.00,212.00,146.00,327.00,1.0,-1,-1,-1
598,1,811.00,245.00,119.00,314.00,1.0,-1,-1,-1
598,2,419.00,234.00,120.00,229.00,1.0,-1,-1,-1
598,3,287.00,212.00,128.00,327.00,1.0,-1,-1,-1
598,4,129.00,241.00,65.00,123.00,1.0,-1,-1,-1
598,5,186.00,192.00,106.00,313.00,1.0,-1,-1,-1
598,6,811.00,245.00,118.00,314.00,1.0,-1,-1,-1
598,7,552.00,221.00,116.00,277.00,1.0,-1,-1,-1
598,8,182.00,549.00,164.00,171.00,1.0,-1,-1,-1
598,9,914.00,201.00,108.00,279.00,1.0,-1,-1,-1
598,10,588.00,578.00,172.00,142.00,1.0,-1,-1,-1
598,11,667.00,225.00,157.00,306.00,1.0,-1,-1,-1
598,12,0.00,637.00,73.00,83.00,1.0,-1,-1,-1
599,0,287.00,219.00,139.00,319.00,1.0,-1,-1,-1
599,1,812.00,251.00,116.00,308.00,1.0,-1,-1,-1
599,2,424.00,241.00,114.00,222.00,1.0,-1,-1,-1
599,3,287.00,219.00,126.00,319.00,1.0,-1,-1,-1
599,4,128.00,241.00,66.00,123.00,1.0,-1,-1,-1
599,5,187.00,199.00,110.00,305.00,1.0,-1,-1,-1
599,6,811.00,250.00,117.00,309.00,1.0,-1,-1,-1
599,7,552.00,227.00,125.00,271.00,1.0,-1,-1,-1
599,8,182.00,549.00,163.00,171.00,1.0,-1,-1,-1
599,9,912.00,205.00,110.00,275.00,1.0,-1,-1,-1
599,10,588.00,577.00,172.00,143.00,1.0,-1,-1,-1
599,11,668.00,232.00,151.00,299.00,1.0,-1,-1,-1
599,12,0.00,637.00,72.00,83.00,1.0,-1,-1,-1
600,0,288.00,226.00,128.00,312.00,1.0,-1,-1,-1
600,1,813.00,257.00,115.00,302.00,1.0,-1,-1,-1
600,2,424.00,248.00,112.00,215.00,1.0,-1,-1,-1
600,3,288.00,226.00,130.00,312.00,1.0,-1,-1,-1
600,4,127.00,240.00,68.00,124.00,1.0,-1,-1,-1
600,5,189.00,204.00,103.00,300.00,1.0,-1,-1,-1
600,6,813.00,256.00,115.00,303.00,1.0,-1,-1,-1
600,7,552.00,233.00,126.00,265.00,1.0,-1,-1,-1
600,8,182.00,548.00,164.00,172.00,1.0,-1,-1,-1
600,9,916.00,209.00,106.00,271.00,1.0,-1,-1,-1
600,10,587.00,577.00,173.00,143.00,1.0,-1,-1,-1
600,11,669.00,238.00,148.00,293.00,1.0,-1,-1,-1
600,12,0.00,637.00,72.00,83.00,1.0,-1,-1,-1
601,0,288.00,233.00,125.00,305.00,1.0,-1,-1,-1
601,1,813.00,260.00,115.00,299.00,1.0,-1,-1,-1
601,2,424.00,253.00,110.00,210.00,1.0,-1,-1,-1
601,3,288.00,233.00,125.00,305.00,1.0,-1,-1,-1
601,4,127.00,240.00,67.00,123.00,1.0,-1,-1,-1
601,5,190.00,212.00,101.00,292.00,1.0,-1,-1,-1
601,6,813.00,260.00,115.00,299.00,1.0,-1,-1,-1
601,7,553.00,237.00,119.00,261.00,1.0,-1,-1,-1
601,8,182.00,548.00,163.00,172.00,1.0,-1,-1,-1
601,9,916.00,214.00,109.00,266.00,1.0,-1,-1,-1
601,10,587.00,577.00,172.00,143.00,1.0,-1,-1,-1
601,11,669.00,244.00,142.00,287.00,1.0,-1,-1,-1
601,12,0.00,637.00,72.00,83.00,1.0,-1,-1,-1
602,0,288.00,240.00,122.00,298.00,1.0,-1,-1,-1
602,1,814.00,264.00,114.00,295.00,1.0,-1,-1,-1
602,2,424.00,257.00,110.00,206.00,1.0,-1,-1,-1
602,3,288.00,240.00,122.00,298.00,1.0,-1,-1,-1
602,4,127.00,240.00,67.00,122.00,1.0,-1,-1,-1
602,5,191.00,216.00,99.00,288.00,1.0,-1,-1,-1
602,6,814.00,264.00,114.00,295.00,1.0,-1,-1,-1
602,7,553.00,241.00,122.00,257.00,1.0,-1,-1,-1
602,8,182.00,548.00,163.00,172.00,1.0,-1,-1,-1
602,9,912.00,220.00,124.00,259.00,1.0,-1,-1,-1
602,10,587.00,577.00,172.00,143.00,1.0,-1,-1,-1
602,11,669.00,249.00,137.00,282.00,1.0,-1,-1,-1
602,12,0.00,638.00,72.00,82.00,1.0,-1,-1,-1
603,0,289.00,246.00,119.00,292.00,1.0,-1,-1,-1
603,1,815.00,269.00,113.00,289.00,1.0,-1,-1,-1
603,2,424.00,258.00,112.00,205.00,1.0,-1,-1,-1
603,3,289.00,246.00,119.00,292.00,1.0,-1,-1,-1
603,4,127.00,240.00,66.00,122.00,1.0,-1,-1,-1
603,5,191.00,223.00,128.00,281.00,1.0,-1,-1,-1
603,6,815.00,269.00,113.00,289.00,1.0,-1,-1,-1
603,7,554.00,245.00,119.00,252.00,1.0,-1,-1,-1
603,8,182.00,548.00,162.00,172.00,1.0,-1,-1,-1
603,9,912.00,225.00,114.00,254.00,1.0,-1,-1,-1
603,10,587.00,576.00,172.00,144.00,1.0,-1,-1,-1
603,11,669.00,256.00,134.00,275.00,1.0,-1,-1,-1
603,12,0.00,637.00,72.00,83.00,1.0,-1,-1,-1
604,0,290.00,248.00,117.00,290.00,1.0,-1,-1,-1
604,1,816.00,273.00,112.00,286.00,1.0,-1,-1,-1
604,2,424.00,258.00,110.00,205.00,1.0,-1,-1,-1
604,3,290.00,248.00,117.00,290.00,1.0,-1,-1,-1
604,4,127.00,239.00,66.00,123.00,1.0,-1,-1,-1
604,5,191.00,227.00,127.00,277.00,1.0,-1,-1,-1
604,6,816.00,273.00,112.00,285.00,1.0,-1,-1,-1
604,7,555.00,247.00,118.00,250.00,1.0,-1,-1,-1
604,8,181.00,547.00,163.00,173.00,1.0,-1,-1,-1
604,9,911.00,228.00,117.00,250.00,1.0,-1,-1,-1
604,10,586.00,576.00,173.00,144.00,1.0,-1,-1,-1
604,11,669.00,259.00,131.00,272.00,1.0,-1,-1,-1
604,12,0.00,637.00,71.00,83.00,1.0,-1,-1,-1
605,0,290.00,250.00,116.00,288.00,1.0,-1,-1,-1
605,1,816.00,276.00,111.00,283.00,1.0,-1,-1,-1
605,2,425.00,256.00,113.00,206.00,1.0,-1,-1,-1
605,3,290.00,250.00,117.00,287.00,1.0,-1,-1,-1
605,4,127.00,239.00,66.00,122.00,1.0,-1,-1,-1
605,5,190.00,233.00,129.00,271.00,1.0,-1,-1,-1
605,6,816.00,276.00,111.00,282.00,1.0,-1,-1,-1
605,7,555.00,249.00,117.00,248.00,1.0,-1,-1,-1
605,8,181.00,547.00,162.00,173.00,1.0,-1,-1,-1
605,9,909.00,233.00,117.00,245.00,1.0,-1,-1,-1
605,10,585.00,576.00,173.00,144.00,1.0,-1,-1,-1
605,11,669.00,264.00,130.00,266.00,1.0,-1,-1,-1
605,12,0.00,638.00,70.00,82.00,1.0,-1,-1,-1
606,0,291.00,250.00,115.00,287.00,1.0,-1,-1,-1
606,1,816.00,279.00,111.00,279.00,1.0,-1,-1,-1
606,2,424.00,254.00,115.00,208.00,1.0,-1,-1,-1
606,3,291.00,250.00,115.00,287.00,1.0,-1,-1,-1
606,4,126.00,239.00,67.00,122.00,1.0,-1,-1,-1
606,5,189.00,237.00,130.00,267.00,1.0,-1,-1,-1
606,6,816.00,279.00,111.00,279.00,1.0,-1,-1,-1
606,7,555.00,252.00,115.00,244.00,1.0,-1,-1,-1
606,8,180.00,547.00,163.00,173.00,1.0,-1,-1,-1
606,9,909.00,234.00,125.00,244.00,1.0,-1,-1,-1
606,10,585.00,575.00,173.00,145.00,1.0,-1,-1,-1
606,11,662.00,268.00,137.00,262.00,1.0,-1,-1,-1
606,12,0.00,637.00,70.00,83.00,1.0,-1,-1,-1
607,0,292.00,250.00,114.00,287.00,1.0,-1,-1,-1
607,1,816.00,281.00,110.00,277.00,1.0,-1,-1,-1
607,2,424.00,253.00,115.00,209.00,1.0,-1,-1,-1
607,3,292.00,250.00,114.00,287.00,1.0,-1,-1,-1
607,4,125.00,238.00,67.00,123.00,1.0,-1,-1,-1
607,5,189.00,241.00,130.00,262.00,1.0,-1,-1,-1
607,6,817.00,281.00,109.00,276.00,1.0,-1,-1,-1
607,7,555.00,253.00,114.00,243.00,1.0,-1,-1,-1
607,8,180.00,546.00,163.00,174.00,1.0,-1,-1,-1
607,9,912.00,240.00,121.00,237.00,1.0,-1,-1,-1
607,10,584.00,575.00,174.00,145.00,1.0,-1,-1,-1
607,11,669.00,271.00,130.00,259.00,1.0,-1,-1,-1
607,12,0.00,637.00,70.00,83.00,1.0,-1,-1,-1
608,0,292.00,250.00,115.00,287.00,1.0,-1,-1,-1
608,1,817.00,284.00,108.00,273.00,1.0,-1,-1,-1
608,2,424.00,253.00,116.00,208.00,1.0,-1,-1,-1
608,3,292.00,250.00,115.00,287.00,1.0,-1,-1,-1
608,4,125.00,237.00,67.00,124.00,1.0,-1,-1,-1
608,5,188.00,244.00,132.00,259.00,1.0,-1,-1,-1
608,6,817.00,284.00,108.00,273.00,1.0,-1,-1,-1
608,7,555.00,254.00,114.00,241.00,1.0,-1,-1,-1
608,8,179.00,546.00,164.00,174.00,1.0,-1,-1,-1
608,9,912.00,242.00,106.00,235.00,1.0,-1,-1,-1
608,10,584.00,575.00,173.00,145.00,1.0,-1,-1,-1
608,11,668.00,274.00,131.00,256.00,1.0,-1,-1,-1
608,12,0.00,637.00,69.00,83.00,1.0,-1,-1,-1
609,0,293.00,251.00,115.00,286.00,1.0,-1,-1,-1
609,1,817.00,285.00,108.00,272.00,1.0,-1,-1,-1
609,2,423.00,251.00,117.00,210.00,1.0,-1,-1,-1
609,3,293.00,251.00,115.00,286.00,1.0,-1,-1,-1
609,4,125.00,237.00,66.00,123.00,1.0,-1,-1,-1
609,5,188.00,246.00,132.00,257.00,1.0,-1,-1,-1
609,6,817.00,285.00,107.00,272.00,1.0,-1,-1,-1
609,7,554.00,254.00,115.00,241.00,1.0,-1,-1,-1
609,8,179.00,546.00,164.00,174.00,1.0,-1,-1,-1
609,9,910.00,244.00,117.00,233.00,1.0,-1,-1,-1
609,10,583.00,575.00,174.00,145.00,1.0,-1,-1,-1
609,11,657.00,276.00,142.00,254.00,1.0,-1,-1,-1
609,12,0.00,637.00,69.00,83.00,1.0,-1,-1,-1
610,0,293.00,252.00,120.00,284.00,1.0,-1,-1,-1
610,1,817.00,285.00,107.00,272.00,1.0,-1,-1,-1
610,2,423.00,251.00,116.00,210.00,1.0,-1,-1,-1
610,3,293.00,252.00,120.00,284.00,1.0,-1,-1,-1
610,4,124.00,236.00,67.00,124.00,1.0,-1,-1,-1
610,5,187.00,247.00,126.00,255.00,1.0,-1,-1,-1
610,6,817.00,285.00,107.00,271.00,1.0,-1,-1,-1
610,7,554.00,253.00,115.00,242.00,1.0,-1,-1,-1
610,8,179.00,545.00,164.00,175.00,1.0,-1,-1,-1
610,9,907.00,245.00,117.00,231.00,1.0,-1,-1,-1
610,10,583.00,574.00,174.00,146.00,1.0,-1,-1,-1
610,11,663.00,278.00,136.00,251.00,1.0,-1,-1,-1
610,12,0.00,637.00,69.00,83.00,1.0,-1,-1,-1
611,0,293.00,254.00,122.00,282.00,1.0,-1,-1,-1
611,1,817.00,285.00,106.00,271.00,1.0,-1,-1,-1
611,2,423.00,251.00,116.00,209.00,1.0,-1,-1,-1
611,3,293.00,254.00,122.00,282.00,1.0,-1,-1,-1
611,4,124.00,236.00,67.00,123.00,1.0,-1,-1,-1
611,5,187.00,246.00,132.00,256.00,1.0,-1,-1,-1
611,6,817.00,285.00,106.00,271.00,1.0,-1,-1,-1
611,7,554.00,253.00,115.00,242.00,1.0,-1,-1,-1
611,8,178.00,545.00,205.00,175.00,1.0,-1,-1,-1
611,9,912.00,245.00,105.00,231.00,1.0,-1,-1,-1
611,10,582.00,574.00,174.00,146.00,1.0,-1,-1,-1
611,11,664.00,278.00,135.00,251.00,1.0,-1,-1,-1
611,12,0.00,637.00,68.00,83.00,1.0,-1,-1,-1
612,0,293.00,254.00,124.00,282.00,1.0,-1,-1,-1
612,1,817.00,284.00,106.00,272.00,1.0,-1,-1,-1
612,2,422.00,250.00,117.00,210.00,1.0,-1,-1,-1
612,3,293.00,254.00,125.00,282.00,1.0,-1,-1,-1
612,4,124.00,236.00,66.00,123.00,1.0,-1,-1,-1
612,5,186.00,245.00,133.00,257.00,1.0,-1,-1,-1
612,6,817.00,284.00,106.00,272.00,1.0,-1,-1,-1
612,7,554.00,252.00,114.00,242.00,1.0,-1,-1,-1
612,8,178.00,545.00,206.00,175.00,1.0,-1,-1,-1
612,9,912.00,245.00,105.00,231.00,1.0,-1,-1,-1
612,10,581.00,574.00,176.00,146.00,1.0,-1,-1,-1
612,11,663.00,278.00,137.00,251.00,1.0,-1,-1,-1
612,12,0.00,637.00,68.00,83.00,1.0,-1,-1,-1
613,0,294.00,254.00,123.00,282.00,1.0,-1,-1,-1
613,1,818.00,283.00,105.00,273.00,1.0,-1,-1,-1
613,2,423.00,249.00,116.00,211.00,1.0,-1,-1,-1
613,3,294.00,254.00,123.00,282.00,1.0,-1,-1,-1
613,4,123.00,236.00,66.00,123.00,1.0,-1,-1,-1
613,5,186.00,242.00,131.00,259.00,1.0,-1,-1,-1
613,6,818.00,283.00,105.00,273.00,1.0,-1,-1,-1
613,7,554.00,251.00,113.00,243.00,1.0,-1,-1,-1
613,8,177.00,545.00,207.00,175.00,1.0,-1,-1,-1
613,9,913.00,244.00,103.00,231.00,1.0,-1,-1,-1
613,10,582.00,573.00,198.00,147.00,1.0,-1,-1,-1
613,11,658.00,277.00,141.00,251.00,1.0,-1,-1,-1
613,12,0.00,637.00,67.00,83.00,1.0,-1,-1,-1
614,0,294.00,252.00,123.00,283.00,1.0,-1,-1,-1
614,1,818.00,282.00,104.00,274.00,1.0,-1,-1,-1
614,2,423.00,247.00,116.00,213.00,1.0,-1,-1,-1
614,3,294.00,252.00,123.00,283.00,1.0,-1,-1,-1
614,4,123.00,236.00,66.00,123.00,1.0,-1,-1,-1
614,5,186.00,237.00,132.00,264.00,1.0,-1,-1,-1
614,6,818.00,282.00,104.00,274.00,1.0,-1,-1,-1
614,7,554.00,250.00,111.00,244.00,1.0,-1,-1,-1
614,8,177.00,544.00,207.00,176.00,1.0,-1,-1,-1
614,9,913.00,243.00,103.00,232.00,1.0,-1,-1,-1
614,10,581.00,573.00,202.00,147.00,1.0,-1,-1,-1
614,11,659.00,276.00,141.00,252.00,1.0,-1,-1,-1
614,12,0.00,637.00,67.00,83.00,1.0,-1,-1,-1
615,0,294.00,250.00,123.00,285.00,1.0,-1,-1,-1
615,1,818.00,281.00,104.00,274.00,1.0,-1,-1,-1
615,2,423.00,243.00,115.00,216.00,1.0,-1,-1,-1
615,3,294.00,250.00,123.00,285.00,1.0,-1,-1,-1
615,4,123.00,236.00,66.00,122.00,1.0,-1,-1,-1
615,5,185.00,232.00,131.00,269.00,1.0,-1,-1,-1
615,6,817.00,281.00,105.00,274.00,1.0,-1,-1,-1
615,7,554.00,248.00,107.00,246.00,1.0,-1,-1,-1
615,8,177.00,544.00,207.00,176.00,1.0,-1,-1,-1
615,9,913.00,242.00,104.00,233.00,1.0,-1,-1,-1
615,10,581.00,573.00,217.00,147.00,1.0,-1,-1,-1
615,11,657.00,273.00,142.00,255.00,1.0,-1,-1,-1
615,12,0.00,637.00,67.00,83.00,1.0,-1,-1,-1
616,0,294.00,248.00,123.00,287.00,1.0,-1,-1,-1
616,1,818.00,279.00,103.00,276.00,1.0,-1,-1,-1
616,2,423.00,236.00,115.00,223.00,1.0,-1,-1,-1
616,3,294.00,248.00,123.00,287.00,1.0,-1,-1,-1
616,4,123.00,236.00,66.00,122.00,1.0,-1,-1,-1
616,5,184.00,225.00,130.00,276.00,1.0,-1,-1,-1
616,6,818.00,280.00,103.00,275.00,1.0,-1,-1,-1
616,7,554.00,241.00,105.00,253.00,1.0,-1,-1,-1
616,8,177.00,544.00,207.00,176.00,1.0,-1,-1,-1
616,9,912.00,239.00,107.00,235.00,1.0,-1,-1,-1
616,10,580.00,573.00,177.00,147.00,1.0,-1,-1,-1
616,11,656.00,267.00,143.00,260.00,1.0,-1,-1,-1
616,12,0.00,637.00,67.00,83.00,1.0,-1,-1,-1
617,0,294.00,245.00,122.00,290.00,1.0,-1,-1,-1
617,1,818.00,276.00,103.00,279.00,1.0,-1,-1,-1
617,2,422.00,215.00,116.00,243.00,1.0,-1,-1,-1
617,3,294.00,245.00,123.00,290.00,1.0,-1,-1,-1
617,4,122.00,235.00,67.00,123.00,1.0,-1,-1,-1
617,5,184.00,219.00,130.00,281.00,1.0,-1,-1,-1
617,6,818.00,276.00,103.00,278.00,1.0,-1,-1,-1
617,7,554.00,229.00,103.00,265.00,1.0,-1,-1,-1
617,8,176.00,544.00,208.00,176.00,1.0,-1,-1,-1
617,9,912.00,236.00,107.00,238.00,1.0,-1,-1,-1
617,10,580.00,572.00,177.00,148.00,1.0,-1,-1,-1
617,11,656.00,253.00,143.00,274.00,1.0,-1,-1,-1
617,12,0.00,637.00,67.00,83.00,1.0,-1,-1,-1
618,0,293.00,236.00,123.00,298.00,1.0,-1,-1,-1
618,1,818.00,270.00,102.00,285.00,1.0,-1,-1,-1
618,2,423.00,192.00,112.00,266.00,1.0,-1,-1,-1
618,3,293.00,236.00,122.00,298.00,1.0,-1,-1,-1
618,4,122.00,235.00,66.00,123.00,1.0,-1,-1,-1
618,5,183.00,210.00,133.00,290.00,1.0,-1,-1,-1
618,6,818.00,271.00,102.00,283.00,1.0,-1,-1,-1
618,7,554.00,214.00,103.00,280.00,1.0,-1,-1,-1
618,8,175.00,544.00,208.00,176.00,1.0,-1,-1,-1
618,9,912.00,232.00,107.00,242.00,1.0,-1,-1,-1
618,10,579.00,572.00,204.00,148.00,1.0,-1,-1,-1
618,11,656.00,232.00,142.00,295.00,1.0,-1,-1,-1
618,12,0.00,638.00,66.00,82.00,1.0,-1,-1,-1
619,0,293.00,223.00,122.00,311.00,1.0,-1,-1,-1
619,1,818.00,256.00,102.00,298.00,1.0,-1,-1,-1
619,2,422.00,182.00,111.00,276.00,1.0,-1,-1,-1
619,3,293.00,224.00,123.00,310.00,1.0,-1,-1,-1
619,4,121.00,235.00,67.00,123.00,1.0,-1,-1,-1
619,5,182.00,197.00,134.00,303.00,1.0,-1,-1,-1
619,6,818.00,257.00,101.00,297.00,1.0,-1,-1,-1
619,7,555.00,193.00,102.00,300.00,1.0,-1,-1,-1
619,8,175.00,543.00,208.00,177.00,1.0,-1,-1,-1
619,9,911.00,226.00,109.00,248.00,1.0,-1,-1,-1
619,10,579.00,572.00,219.00,148.00,1.0,-1,-1,-1
619,11,657.00,207.00,141.00,320.00,1.0,-1,-1,-1
619,12,0.00,637.00,66.00,83.00,1.0,-1,-1,-1
620,0,293.00,207.00,123.00,327.00,1.0,-1,-1,-1
620,1,818.00,236.00,101.00,318.00,1.0,-1,-1,-1
620,2,422.00,184.00,109.00,274.00,1.0,-1,-1,-1
620,3,293.00,207.00,123.00,327.00,1.0,-1,-1,-1
620,4,121.00,235.00,66.00,122.00,1.0,-1,-1,-1
620,5,181.00,185.00,137.00,315.00,1.0,-1,-1,-1
620,6,818.00,236.00,101.00,318.00,1.0,-1,-1,-1
620,7,555.00,183.00,102.00,310.00,1.0,-1,-1,-1
620,8,175.00,543.00,208.00,177.00,1.0,-1,-1,-1
620,9,910.00,218.00,109.00,256.00,1.0,-1,-1,-1
620,10,578.00,572.00,220.00,148.00,1.0,-1,-1,-1
620,11,657.00,197.00,139.00,329.00,1.0,-1,-1,-1
620,12,0.00,638.00,65.00,82.00,1.0,-1,-1,-1
621,0,293.00,197.00,125.00,337.00,1.0,-1,-1,-1
621,1,818.00,219.00,100.00,336.00,1.0,-1,-1,-1
621,2,421.00,197.00,107.00,261.00,1.0,-1,-1,-1
621,3,293.00,197.00,125.00,337.00,1.0,-1,-1,-1
621,4,120.00,235.00,66.00,121.00,1.0,-1,-1,-1
621,5,180.00,178.00,138.00,322.00,1.0,-1,-1,-1
621,6,817.00,219.00,101.00,336.00,1.0,-1,-1,-1
621,7,555.00,183.00,101.00,310.00,1.0,-1,-1,-1
621,8,174.00,543.00,209.00,177.00,1.0,-1,-1,-1
621,9,910.00,209.00,109.00,265.00,1.0,-1,-1,-1
621,10,578.00,572.00,220.00,148.00,1.0,-1,-1,-1
621,11,660.00,197.00,136.00,330.00,1.0,-1,-1,-1
621,12,0.00,638.00,65.00,82.00,1.0,-1,-1,-1
622,0,293.00,195.00,126.00,339.00,1.0,-1,-1,-1
622,1,817.00,215.00,101.00,340.00,1.0,-1,-1,-1
622,2,419.00,221.00,106.00,237.00,1.0,-1,-1,-1
622,3,293.00,195.00,126.00,339.00,1.0,-1,-1,-1
622,4,120.00,234.00,66.00,121.00,1.0,-1,-1,-1
622,5,179.00,180.00,133.00,320.00,1.0,-1,-1,-1
622,6,817.00,215.00,100.00,339.00,1.0,-1,-1,-1
622,7,554.00,185.00,102.00,308.00,1.0,-1,-1,-1
622,8,174.00,543.00,209.00,177.00,1.0,-1,-1,-1
622,9,909.00,198.00,109.00,276.00,1.0,-1,-1,-1
622,10,578.00,572.00,221.00,148.00,1.0,-1,-1,-1
622,11,655.00,208.00,140.00,318.00,1.0,-1,-1,-1
622,12,0.00,638.00,65.00,82.00,1.0,-1,-1,-1
623,0,292.00,200.00,126.00,334.00,1.0,-1,-1,-1
623,1,817.00,220.00,99.00,335.00,1.0,-1,-1,-1
623,2,418.00,247.00,117.00,211.00,1.0,-1,-1,-1
623,3,292.00,200.00,126.00,334.00,1.0,-1,-1,-1
623,4,120.00,234.00,64.00,115.00,1.0,-1,-1,-1
623,5,177.00,192.00,133.00,308.00,1.0,-1,-1,-1
623,6,817.00,220.00,99.00,334.00,1.0,-1,-1,-1
623,7,554.00,191.00,102.00,302.00,1.0,-1,-1,-1
623,8,174.00,542.00,209.00,178.00,1.0,-1,-1,-1
623,9,908.00,189.00,112.00,284.00,1.0,-1,-1,-1
623,10,577.00,572.00,222.00,148.00,1.0,-1,-1,-1
623,11,654.00,222.00,141.00,304.00,1.0,-1,-1,-1
623,12,0.00,638.00,64.00,82.00,1.0,-1,-1,-1
624,0,291.00,211.00,128.00,322.00,1.0,-1,-1,-1
624,1,816.00,232.00,99.00,323.00,1.0,-1,-1,-1
624,2,418.00,270.00,131.00,187.00,1.0,-1,-1,-1
624,3,291.00,211.00,128.00,323.00,1.0,-1,-1,-1
624,4,119.00,234.00,149.00,156.00,1.0,-1,-1,-1
624,5,176.00,202.00,133.00,297.00,1.0,-1,-1,-1
624,6,816.00,233.00,98.00,321.00,1.0,-1,-1,-1
624,7,552.00,199.00,117.00,293.00,1.0,-1,-1,-1
624,8,173.00,542.00,210.00,178.00,1.0,-1,-1,-1
624,9,908.00,185.00,115.00,288.00,1.0,-1,-1,-1
624,10,576.00,571.00,223.00,149.00,1.0,-1,-1,-1
624,11,672.00,246.00,126.00,280.00,1.0,-1,-1,-1
624,12,0.00,639.00,64.00,81.00,1.0,-1,-1,-1
625,0,289.00,230.00,131.00,303.00,1.0,-1,-1,-1
625,1,815.00,248.00,98.00,307.00,1.0,-1,-1,-1
625,2,417.00,283.00,137.00,174.00,1.0,-1,-1,-1
625,3,289.00,229.00,131.00,304.00,1.0,-1,-1,-1
625,4,119.00,234.00,149.00,156.00,1.0,-1,-1,-1
625,5,175.00,215.00,132.00,284.00,1.0,-1,-1,-1
625,6,816.00,248.00,97.00,306.00,1.0,-1,-1,-1
625,7,550.00,214.00,129.00,278.00,1.0,-1,-1,-1
625,8,173.00,542.00,210.00,178.00,1.0,-1,-1,-1
625,9,907.00,188.00,118.00,286.00,1.0,-1,-1,-1
625,10,576.00,571.00,223.00,149.00,1.0,-1,-1,-1
625,11,672.00,275.00,126.00,251.00,1.0,-1,-1,-1
625,12,0.00,639.00,64.00,81.00,1.0,-1,-1,-1
626,0,289.00,251.00,131.00,282.00,1.0,-1,-1,-1
626,1,815.00,273.00,98.00,282.00,1.0,-1,-1,-1
626,2,415.00,282.00,135.00,175.00,1.0,-1,-1,-1
626,3,289.00,252.00,131.00,281.00,1.0,-1,-1,-1
626,4,118.00,234.00,130.00,190.00,1.0,-1,-1,-1
626,5,177.00,234.00,123.00,265.00,1.0,-1,-1,-1
626,6,816.00,273.00,95.00,281.00,1.0,-1,-1,-1
626,7,548.00,232.00,143.00,260.00,1.0,-1,-1,-1
626,8,173.00,542.00,209.00,178.00,1.0,-1,-1,-1
626,9,906.00,195.00,122.00,279.00,1.0,-1,-1,-1
626,10,576.00,571.00,222.00,149.00,1.0,-1,-1,-1
626,11,672.00,304.00,126.00,222.00,1.0,-1,-1,-1
626,12,0.00,639.00,64.00,81.00,1.0,-1,-1,-1
627,0,288.00,280.00,140.00,253.00,1.0,-1,-1,-1
627,1,815.00,305.00,105.00,249.00,1.0,-1,-1,-1
627,2,415.00,283.00,130.00,174.00,1.0,-1,-1,-1
627,3,289.00,281.00,139.00,252.00,1.0,-1,-1,-1
627,4,117.00,234.00,131.00,246.00,1.0,-1,-1,-1
627,5,175.00,256.00,125.00,243.00,1.0,-1,-1,-1
627,6,815.00,309.00,103.00,245.00,1.0,-1,-1,-1
627,7,546.00,259.00,157.00,233.00,1.0,-1,-1,-1
627,8,172.00,542.00,210.00,178.00,1.0,-1,-1,-1
627,9,911.00,204.00,114.00,270.00,1.0,-1,-1,-1
627,10,575.00,571.00,180.00,149.00,1.0,-1,-1,-1
627,11,672.00,316.00,126.00,209.00,1.0,-1,-1,-1
627,12,0.00,640.00,63.00,80.00,1.0,-1,-1,-1
628,0,287.00,309.00,131.00,224.00,1.0,-1,-1,-1
628,1,816.00,337.00,97.00,217.00,1.0,-1,-1,-1
628,2,411.00,280.00,133.00,177.00,1.0,-1,-1,-1
628,3,286.00,309.00,132.00,224.00,1.0,-1,-1,-1
628,4,117.00,234.00,65.00,104.00,1.0,-1,-1,-1
628,5,175.00,273.00,129.00,226.00,1.0,-1,-1,-1
628,6,816.00,337.00,97.00,217.00,1.0,-1,-1,-1
628,7,545.00,288.00,166.00,204.00,1.0,-1,-1,-1
628,8,172.00,541.00,210.00,179.00,1.0,-1,-1,-1
628,9,914.00,217.00,124.00,257.00,1.0,-1,-1,-1
628,10,575.00,570.00,180.00,150.00,1.0,-1,-1,-1
628,11,672.00,316.00,127.00,209.00,1.0,-1,-1,-1
628,12,0.00,640.00,63.00,80.00,1.0,-1,-1,-1
629,0,282.00,299.00,146.00,234.00,1.0,-1,-1,-1
629,1,816.00,340.00,122.00,214.00,1.0,-1,-1,-1
629,2,415.00,271.00,138.00,186.00,1.0,-1,-1,-1
629,3,281.00,299.00,150.00,234.00,1.0,-1,-1,-1
629,4,117.00,233.00,63.00,104.00,1.0,-1,-1,-1
629,5,175.00,295.00,129.00,204.00,1.0,-1,-1,-1
629,6,816.00,340.00,101.00,214.00,1.0,-1,-1,-1
629,7,544.00,304.00,146.00,188.00,1.0,-1,-1,-1
629,8,172.00,542.00,209.00,178.00,1.0,-1,-1,-1
629,9,902.00,238.00,146.00,236.00,1.0,-1,-1,-1
629,10,575.00,570.00,180.00,150.00,1.0,-1,-1,-1
629,11,670.00,319.00,128.00,206.00,1.0,-1,-1,-1
629,12,0.00,641.00,63.00,79.00,1.0,-1,-1,-1
630,0,292.00,288.00,141.00,245.00,1.0,-1,-1,-1
630,1,816.00,330.00,123.00,224.00,1.0,-1,-1,-1
630,2,417.00,261.00,133.00,196.00,1.0,-1,-1,-1
630,3,292.00,289.00,140.00,244.00,1.0,-1,-1,-1
630,4,117.00,234.00,67.00,122.00,1.0,-1,-1,-1
630,5,177.00,285.00,123.00,214.00,1.0,-1,-1,-1
630,6,816.00,329.00,144.00,225.00,1.0,-1,-1,-1
630,7,544.00,304.00,127.00,187.00,1.0,-1,-1,-1
630,8,171.00,542.00,210.00,178.00,1.0,-1,-1,-1
630,9,902.00,258.00,154.00,216.00,1.0,-1,-1,-1
630,10,574.00,570.00,225.00,150.00,1.0,-1,-1,-1
630,11,672.00,302.00,127.00,223.00,1.0,-1,-1,-1
630,12,0.00,641.00,62.00,79.00,1.0,-1,-1,-1
631,0,289.00,280.00,145.00,253.00,1.0,-1,-1,-1
631,1,816.00,316.00,133.00,238.00,1.0,-1,-1,-1
631,2,417.00,252.00,125.00,205.00,1.0,-1,-1,-1
631,3,288.00,280.00,146.00,253.00,1.0,-1,-1,-1
631,4,117.00,233.00,66.00,124.00,1.0,-1,-1,-1
631,5,175.00,279.00,115.00,220.00,1.0,-1,-1,-1
631,6,815.00,316.00,146.00,238.00,1.0,-1,-1,-1
631,7,543.00,295.00,137.00,196.00,1.0,-1,-1,-1
631,8,171.00,542.00,210.00,178.00,1.0,-1,-1,-1
631,9,902.00,280.00,159.00,193.00,1.0,-1,-1,-1
631,10,573.00,570.00,181.00,150.00,1.0,-1,-1,-1
631,11,670.00,290.00,130.00,235.00,1.0,-1,-1,-1
631,12,0.00,569.00,248.00,151.00,1.0,-1,-1,-1
631,13,1164.00,406.00,116.00,259.00,1.0,-1,-1,-1
632,0,291.00,272.00,139.00,261.00,1.0,-1,-1,-1
632,1,817.00,306.00,141.00,248.00,1.0,-1,-1,-1
632,2,416.00,245.00,117.00,212.00,1.0,-1,-1,-1
632,3,290.00,272.00,140.00,261.00,1.0,-1,-1,-1
632,4,117.00,233.00,66.00,123.00,1.0,-1,-1,-1
632,5,173.00,273.00,128.00,226.00,1.0,-1,-1,-1
632,6,817.00,306.00,143.00,248.00,1.0,-1,-1,-1
632,7,544.00,288.00,155.00,203.00,1.0,-1,-1,-1
632,8,171.00,541.00,210.00,179.00,1.0,-1,-1,-1
632,9,903.00,279.00,163.00,194.00,1.0,-1,-1,-1
632,10,573.00,570.00,181.00,150.00,1.0,-1,-1,-1
632,11,667.00,280.00,134.00,245.00,1.0,-1,-1,-1
632,12,0.00,642.00,62.00,78.00,1.0,-1,-1,-1
632,13,1164.00,406.00,116.00,257.00,1.0,-1,-1,-1
633,0,294.00,263.00,129.00,269.00,1.0,-1,-1,-1
633,1,815.00,297.00,145.00,256.00,1.0,-1,-1,-1
633,2,416.00,238.00,101.00,219.00,1.0,-1,-1,-1
633,3,294.00,263.00,129.00,269.00,1.0,-1,-1,-1
633,4,116.00,233.00,65.00,123.00,1.0,-1,-1,-1
633,5,170.00,268.00,128.00,230.00,1.0,-1,-1,-1
633,6,815.00,297.00,145.00,256.00,1.0,-1,-1,-1
633,7,545.00,279.00,153.00,212.00,1.0,-1,-1,-1
633,8,170.00,541.00,211.00,179.00,1.0,-1,-1,-1
633,9,903.00,272.00,160.00,201.00,1.0,-1,-1,-1
633,10,573.00,570.00,181.00,150.00,1.0,-1,-1,-1
633,11,667.00,270.00,132.00,255.00,1.0,-1,-1,-1
633,12,0.00,642.00,62.00,78.00,1.0,-1,-1,-1
633,13,1164.00,405.00,116.00,258.00,1.0,-1,-1,-1
634,0,291.00,256.00,125.00,276.00,1.0,-1,-1,-1
634,1,815.00,289.00,145.00,264.00,1.0,-1,-1,-1
634,2,415.00,233.00,88.00,224.00,1.0,-1,-1,-1
634,3,291.00,257.00,125.00,275.00,1.0,-1,-1,-1
634,4,117.00,233.00,64.00,123.00,1.0,-1,-1,-1
634,5,170.00,264.00,118.00,235.00,1.0,-1,-1,-1
634,6,815.00,288.00,144.00,265.00,1.0,-1,-1,-1
634,7,546.00,272.00,138.00,219.00,1.0,-1,-1,-1
634,8,169.00,541.00,211.00,179.00,1.0,-1,-1,-1
634,9,904.00,266.00,154.00,207.00,1.0,-1,-1,-1
634,10,572.00,570.00,182.00,150.00,1.0,-1,-1,-1
634,11,661.00,262.00,137.00,263.00,1.0,-1,-1,-1
634,12,0.00,569.00,248.00,151.00,1.0,-1,-1,-1
634,13,1163.00,405.00,117.00,257.00,1.0,-1,-1,-1
635,0,290.00,251.00,114.00,281.00,1.0,-1,-1,-1
635,1,816.00,284.00,143.00,269.00,1.0,-1,-1,-1
635,2,415.00,229.00,87.00,228.00,1.0,-1,-1,-1
635,3,192.00,251.00,212.00,281.00,1.0,-1,-1,-1
635,4,116.00,233.00,66.00,123.00,1.0,-1,-1,-1
635,5,168.00,260.00,106.00,238.00,1.0,-1,-1,-1
635,6,816.00,283.00,143.00,270.00,1.0,-1,-1,-1
635,7,548.00,266.00,127.00,225.00,1.0,-1,-1,-1
635,8,170.00,541.00,211.00,179.00,1.0,-1,-1,-1
635,9,905.00,260.00,144.00,213.00,1.0,-1,-1,-1
635,10,572.00,570.00,182.00,150.00,1.0,-1,-1,-1
635,11,659.00,256.00,137.00,268.00,1.0,-1,-1,-1
635,12,0.00,569.00,248.00,151.00,1.0,-1,-1,-1
635,13,1164.00,405.00,116.00,257.00,1.0,-1,-1,-1
636,0,288.00,247.00,111.00,285.00,1.0,-1,-1,-1
636,1,818.00,279.00,140.00,274.00,1.0,-1,-1,-1
636,2,414.00,226.00,89.00,232.00,1.0,-1,-1,-1
636,3,288.00,247.00,111.00,285.00,1.0,-1,-1,-1
636,4,116.00,233.00,64.00,123.00,1.0,-1,-1,-1
636,5,167.00,256.00,107.00,242.00,1.0,-1,-1,-1
636,6,818.00,279.00,140.00,274.00,1.0,-1,-1,-1
636,7,550.00,261.00,123.00,230.00,1.0,-1,-1,-1
636,8,170.00,541.00,213.00,179.00,1.0,-1,-1,-1
636,9,906.00,255.00,133.00,217.00,1.0,-1,-1,-1
636,10,572.00,569.00,183.00,151.00,1.0,-1,-1,-1
636,11,659.00,250.00,128.00,274.00,1.0,-1,-1,-1
636,12,0.00,642.00,62.00,78.00,1.0,-1,-1,-1
636,13,1163.00,404.00,117.00,258.00,1.0,-1,-1,-1
637,0,288.00,244.00,109.00,288.00,1.0,-1,-1,-1
637,1,820.00,276.00,131.00,276.00,1.0,-1,-1,-1
637,2,416.00,225.00,88.00,232.00,1.0,-1,-1,-1
637,3,288.00,244.00,108.00,288.00,1.0,-1,-1,-1
637,4,116.00,232.00,62.00,109.00,1.0,-1,-1,-1
637,5,167.00,252.00,104.00,246.00,1.0,-1,-1,-1
637,6,820.00,276.00,131.00,276.00,1.0,-1,-1,-1
637,7,552.00,256.00,112.00,235.00,1.0,-1,-1,-1
637,8,170.00,541.00,213.00,179.00,1.0,-1,-1,-1
637,9,906.00,251.00,116.00,221.00,1.0,-1,-1,-1
637,10,572.00,569.00,182.00,151.00,1.0,-1,-1,-1
637,11,662.00,247.00,121.00,277.00,1.0,-1,-1,-1
637,12,0.00,569.00,248.00,151.00,1.0,-1,-1,-1
637,13,1163.00,404.00,117.00,257.00,1.0,-1,-1,-1
638,0,289.00,241.00,105.00,293.00,1.0,-1,-1,-1
638,1,822.00,274.00,120.00,279.00,1.0,-1,-1,-1
638,2,406.00,223.00,99.00,234.00,1.0,-1,-1,-1
638,3,289.00,241.00,105.00,293.00,1.0,-1,-1,-1
638,4,115.00,232.00,60.00,110.00,1.0,-1,-1,-1
638,5,166.00,248.00,98.00,252.00,1.0,-1,-1,-1
638,6,822.00,274.00,120.00,279.00,1.0,-1,-1,-1
638,7,553.00,252.00,99.00,239.00,1.0,-1,-1,-1
638,8,169.00,540.00,214.00,180.00,1.0,-1,-1,-1
638,9,907.00,247.00,103.00,225.00,1.0,-1,-1,-1
638,10,572.00,569.00,182.00,151.00,1.0,-1,-1,-1
638,11,666.00,245.00,117.00,279.00,1.0,-1,-1,-1
638,12,0.00,644.00,61.00,76.00,1.0,-1,-1,-1
638,13,1163.00,404.00,117.00,256.00,1.0,-1,-1,-1
639,0,289.00,240.00,101.00,293.00,1.0,-1,-1,-1
639,1,825.00,273.00,104.00,279.00,1.0,-1,-1,-1
639,2,400.00,221.00,101.00,235.00,1.0,-1,-1,-1
639,3,289.00,240.00,102.00,293.00,1.0,-1,-1,-1
639,4,115.00,232.00,55.00,121.00,1.0,-1,-1,-1
639,5,164.00,243.00,88.00,255.00,1.0,-1,-1,-1
639,6,824.00,273.00,105.00,279.00,1.0,-1,-1,-1
639,7,548.00,248.00,89.00,243.00,1.0,-1,-1,-1
639,8,168.00,540.00,215.00,180.00,1.0,-1,-1,-1
639,9,909.00,243.00,97.00,228.00,1.0,-1,-1,-1
639,10,571.00,569.00,183.00,151.00,1.0,-1,-1,-1
639,11,672.00,243.00,112.00,280.00,1.0,-1,-1,-1
639,12,0.00,644.00,61.00,76.00,1.0,-1,-1,-1
639,13,1162.00,404.00,118.00,256.00,1.0,-1,-1,-1
640,0,277.00,239.00,98.00,293.00,1.0,-1,-1,-1
640,1,811.00,271.00,102.00,281.00,1.0,-1,-1,-1
640,2,398.00,219.00,95.00,237.00,1.0,-1,-1,-1
640,3,276.00,239.00,100.00,293.00,1.0,-1,-1,-1
640,4,114.00,232.00,56.00,114.00,1.0,-1,-1,-1
640,5,152.00,239.00,98.00,259.00,1.0,-1,-1,-1
640,6,811.00,271.00,102.00,281.00,1.0,-1,-1,-1
640,7,537.00,243.00,99.00,247.00,1.0,-1,-1,-1
640,8,167.00,540.00,216.00,180.00,1.0,-1,-1,-1
640,9,912.00,241.00,86.00,230.00,1.0,-1,-1,-1
640,10,571.00,569.00,182.00,151.00,1.0,-1,-1,-1
640,11,661.00,241.00,124.00,282.00,1.0,-1,-1,-1
640,12,0.00,644.00,60.00,76.00,1.0,-1,-1,-1
640,13,1162.00,404.00,118.00,254.00,1.0,-1,-1,-1
641,0,270.00,239.00,105.00,293.00,1.0,-1,-1,-1
641,1,813.00,267.00,93.00,285.00,1.0,-1,-1,-1
641,2,401.00,217.00,87.00,239.00,1.0,-1,-1,-1
641,3,270.00,239.00,105.00,293.00,1.0,-1,-1,-1
641,4,115.00,232.00,65.00,127.00,1.0,-1,-1,-1
641,5,144.00,235.00,103.00,262.00,1.0,-1,-1,-1
641,6,813.00,267.00,93.00,285.00,1.0,-1,-1,-1
641,7,533.00,239.00,100.00,251.00,1.0,-1,-1,-1
641,8,167.00,540.00,214.00,180.00,1.0,-1,-1,-1
641,9,910.00,238.00,87.00,233.00,1.0,-1,-1,-1
641,10,570.00,568.00,182.00,152.00,1.0,-1,-1,-1
641,11,652.00,239.00,128.00,284.00,1.0,-1,-1,-1
641,12,0.00,645.00,60.00,75.00,1.0,-1,-1,-1
641,13,1161.00,404.00,119.00,254.00,1.0,-1,-1,-1
642,0,266.00,239.00,109.00,294.00,1.0,-1,-1,-1
642,1,814.00,263.00,92.00,289.00,1.0,-1,-1,-1
642,2,404.00,214.00,82.00,242.00,1.0,-1,-1,-1
642,3,266.00,239.00,108.00,294.00,1.0,-1,-1,-1
642,4,114.00,232.00,66.00,123.00,1.0,-1,-1,-1
642,5,141.00,230.00,102.00,267.00,1.0,-1,-1,-1
642,6,814.00,263.00,92.00,289.00,1.0,-1,-1,-1
642,7,524.00,233.00,105.00,256.00,1.0,-1,-1,-1
642,8,167.00,540.00,214.00,180.00,1.0,-1,-1,-1
642,9,897.00,235.00,99.00,236.00,1.0,-1,-1,-1
642,10,570.00,568.00,183.00,152.00,1.0,-1,-1,-1
642,11,652.00,237.00,123.00,286.00,1.0,-1,-1,-1
642,12,0.00,645.00,60.00,75.00,1.0,-1,-1,-1
642,13,1161.00,403.00,119.00,255.00,1.0,-1,-1,-1
643,0,277.00,237.00,96.00,295.00,1.0,-1,-1,-1
643,1,820.00,258.00,86.00,294.00,1.0,-1,-1,-1
643,2,407.00,209.00,79.00,247.00,1.0,-1,-1,-1
643,3,276.00,237.00,97.00,295.00,1.0,-1,-1,-1
643,4,114.00,232.00,66.00,122.00,1.0,-1,-1,-1
643,5,144.00,225.00,99.00,272.00,1.0,-1,-1,-1
643,6,820.00,258.00,86.00,293.00,1.0,-1,-1,-1
643,7,515.00,227.00,111.00,262.00,1.0,-1,-1,-1
643,8,167.00,540.00,215.00,180.00,1.0,-1,-1,-1
643,9,897.00,232.00,97.00,239.00,1.0,-1,-1,-1
643,10,571.00,568.00,182.00,152.00,1.0,-1,-1,-1
643,11,658.00,234.00,111.00,289.00,1.0,-1,-1,-1
643,12,0.00,645.00,60.00,75.00,1.0,-1,-1,-1
643,13,1161.00,403.00,119.00,255.00,1.0,-1,-1,-1
644,0,261.00,226.00,112.00,306.00,1.0,-1,-1,-1
644,1,826.00,252.00,79.00,299.00,1.0,-1,-1,-1
644,2,411.00,202.00,73.00,254.00,1.0,-1,-1,-1
644,3,261.00,233.00,112.00,299.00,1.0,-1,-1,-1
644,4,114.00,232.00,65.00,121.00,1.0,-1,-1,-1
644,5,145.00,219.00,98.00,278.00,1.0,-1,-1,-1
644,6,826.00,252.00,79.00,299.00,1.0,-1,-1,-1
644,7,502.00,220.00,121.00,268.00,1.0,-1,-1,-1
644,8,166.00,540.00,215.00,180.00,1.0,-1,-1,-1
644,9,899.00,230.00,91.00,242.00,1.0,-1,-1,-1
644,10,569.00,568.00,183.00,152.00,1.0,-1,-1,-1
644,11,661.00,230.00,94.00,292.00,1.0,-1,-1,-1
644,12,0.00,646.00,59.00,74.00,1.0,-1,-1,-1
644,13,1161.00,403.00,119.00,255.00,1.0,-1,-1,-1
645,0,264.00,199.00,109.00,332.00,1.0,-1,-1,-1
645,1,835.00,246.00,70.00,304.00,1.0,-1,-1,-1
645,2,406.00,163.00,78.00,292.00,1.0,-1,-1,-1
645,3,264.00,199.00,109.00,332.00,1.0,-1,-1,-1
645,4,113.00,232.00,65.00,122.00,1.0,-1,-1,-1
645,5,143.00,215.00,102.00,281.00,1.0,-1,-1,-1
645,6,835.00,246.00,70.00,304.00,1.0,-1,-1,-1
645,7,506.00,213.00,118.00,275.00,1.0,-1,-1,-1
645,8,165.00,540.00,216.00,180.00,1.0,-1,-1,-1
645,9,892.00,224.00,94.00,247.00,1.0,-1,-1,-1
645,10,569.00,568.00,183.00,152.00,1.0,-1,-1,-1
645,11,654.00,224.00,102.00,298.00,1.0,-1,-1,-1
645,12,0.00,647.00,58.00,73.00,1.0,-1,-1,-1
645,13,1160.00,403.00,120.00,255.00,1.0,-1,-1,-1
646,0,267.00,167.00,105.00,363.00,1.0,-1,-1,-1
646,1,832.00,241.00,72.00,307.00,1.0,-1,-1,-1
646,2,409.00,142.00,73.00,313.00,1.0,-1,-1,-1
646,3,267.00,167.00,105.00,363.00,1.0,-1,-1,-1
646,4,113.00,224.00,66.00,131.00,1.0,-1,-1,-1
646,5,117.00,209.00,142.00,286.00,1.0,-1,-1,-1
646,6,830.00,241.00,74.00,307.00,1.0,-1,-1,-1
646,7,492.00,203.00,131.00,284.00,1.0,-1,-1,-1
646,8,165.00,540.00,216.00,180.00,1.0,-1,-1,-1
646,9,885.00,220.00,97.00,251.00,1.0,-1,-1,-1
646,10,568.00,568.00,183.00,152.00,1.0,-1,-1,-1
646,11,650.00,209.00,103.00,312.00,1.0,-1,-1,-1
646,12,0.00,647.00,58.00,73.00,1.0,-1,-1,-1
646,13,1160.00,403.00,120.00,255.00,1.0,-1,-1,-1
647,0,157.00,147.00,215.00,383.00,1.0,-1,-1,-1
647,1,836.00,218.00,67.00,326.00,1.0,-1,-1,-1
647,2,411.00,130.00,70.00,322.00,1.0,-1,-1,-1
647,3,274.00,147.00,98.00,383.00,1.0,-1,-1,-1
647,4,112.00,234.00,66.00,120.00,1.0,-1,-1,-1
647,5,137.00,197.00,129.00,299.00,1.0,-1,-1,-1
647,6,832.00,213.00,71.00,331.00,1.0,-1,-1,-1
647,7,494.00,178.00,144.00,305.00,1.0,-1,-1,-1
647,8,165.00,540.00,213.00,180.00,1.0,-1,-1,-1
647,9,892.00,195.00,89.00,275.00,1.0,-1,-1,-1
647,10,568.00,568.00,183.00,152.00,1.0,-1,-1,-1
647,11,645.00,171.00,108.00,344.00,1.0,-1,-1,-1
647,12,0.00,648.00,58.00,72.00,1.0,-1,-1,-1
647,13,1160.00,403.00,120.00,255.00,1.0,-1,-1,-1
648,0,122.00,133.00,250.00,392.00,1.0,-1,-1,-1
648,1,836.00,194.00,80.00,352.00,1.0,-1,-1,-1
648,2,412.00,124.00,77.00,327.00,1.0,-1,-1,-1
648,3,279.00,133.00,93.00,392.00,1.0,-1,-1,-1
648,4,112.00,232.00,63.00,123.00,1.0,-1,-1,-1
648,5,121.00,173.00,144.00,324.00,1.0,-1,-1,-1
648,6,836.00,192.00,80.00,354.00,1.0,-1,-1,-1
648,7,490.00,169.00,146.00,309.00,1.0,-1,-1,-1
648,8,165.00,540.00,213.00,180.00,1.0,-1,-1,-1
648,9,883.00,171.00,96.00,296.00,1.0,-1,-1,-1
648,10,568.00,568.00,183.00,152.00,1.0,-1,-1,-1
648,11,642.00,148.00,124.00,364.00,1.0,-1,-1,-1
648,12,0.00,650.00,58.00,70.00,1.0,-1,-1,-1
648,13,1159.00,403.00,121.00,255.00,1.0,-1,-1,-1
649,0,288.00,124.00,82.00,403.00,1.0,-1,-1,-1
649,1,840.00,179.00,89.00,370.00,1.0,-1,-1,-1
649,2,412.00,121.00,81.00,328.00,1.0,-1,-1,-1
649,3,137.00,124.00,233.00,403.00,1.0,-1,-1,-1
649,4,112.00,232.00,59.00,119.00,1.0,-1,-1,-1
649,5,130.00,159.00,130.00,339.00,1.0,-1,-1,-1
649,6,840.00,177.00,89.00,372.00,1.0,-1,-1,-1
649,7,501.00,149.00,132.00,330.00,1.0,-1,-1,-1
649,8,165.00,540.00,214.00,180.00,1.0,-1,-1,-1
649,9,897.00,150.00,91.00,315.00,1.0,-1,-1,-1
649,10,568.00,568.00,183.00,152.00,1.0,-1,-1,-1
649,11,642.00,136.00,141.00,377.00,1.0,-1,-1,-1
649,12,0.00,650.00,58.00,70.00,1.0,-1,-1,-1
649,13,1159.00,402.00,121.00,255.00,1.0,-1,-1,-1
650,0,293.00,125.00,78.00,403.00,1.0,-1,-1,-1
650,1,841.00,176.00,94.00,375.00,1.0,-1,-1,-1
650,2,412.00,123.00,82.00,326.00,1.0,-1,-1,-1
650,3,293.00,125.00,78.00,403.00,1.0,-1,-1,-1
650,4,112.00,232.00,57.00,122.00,1.0,-1,-1,-1
650,5,134.00,156.00,116.00,344.00,1.0,-1,-1,-1
650,6,841.00,173.00,94.00,378.00,1.0,-1,-1,-1
650,7,517.00,142.00,114.00,338.00,1.0,-1,-1,-1
650,8,165.00,540.00,215.00,180.00,1.0,-1,-1,-1
650,9,908.00,142.00,84.00,323.00,1.0,-1,-1,-1
650,10,568.00,568.00,184.00,152.00,1.0,-1,-1,-1
650,11,651.00,135.00,149.00,381.00,1.0,-1,-1,-1
650,12,0.00,650.00,58.00,70.00,1.0,-1,-1,-1
650,13,1159.00,402.00,121.00,255.00,1.0,-1,-1,-1
651,0,306.00,138.00,72.00,392.00,1.0,-1,-1,-1
651,1,842.00,184.00,96.00,368.00,1.0,-1,-1,-1
651,2,414.00,127.00,84.00,321.00,1.0,-1,-1,-1
651,3,306.00,138.00,72.00,392.00,1.0,-1,-1,-1
651,4,111.00,231.00,92.00,122.00,1.0,-1,-1,-1
651,5,135.00,155.00,101.00,348.00,1.0,-1,-1,-1
651,6,842.00,183.00,95.00,369.00,1.0,-1,-1,-1
651,7,535.00,152.00,95.00,327.00,1.0,-1,-1,-1
651,8,165.00,539.00,215.00,181.00,1.0,-1,-1,-1
651,9,907.00,146.00,87.00,318.00,1.0,-1,-1,-1
651,10,567.00,568.00,184.00,152.00,1.0,-1,-1,-1
651,11,660.00,141.00,153.00,375.00,1.0,-1,-1,-1
651,12,0.00,651.00,58.00,69.00,1.0,-1,-1,-1
651,13,1159.00,402.00,121.00,256.00,1.0,-1,-1,-1
652,0,312.00,150.00,70.00,379.00,1.0,-1,-1,-1
652,1,842.00,196.00,93.00,356.00,1.0,-1,-1,-1
652,2,416.00,133.00,84.00,319.00,1.0,-1,-1,-1
652,3,312.00,150.00,70.00,379.00,1.0,-1,-1,-1
652,4,111.00,231.00,53.00,123.00,1.0,-1,-1,-1
652,5,135.00,158.00,85.00,345.00,1.0,-1,-1,-1
652,6,842.00,196.00,93.00,356.00,1.0,-1,-1,-1
652,7,551.00,162.00,87.00,317.00,1.0,-1,-1,-1
652,8,164.00,539.00,215.00,181.00,1.0,-1,-1,-1
652,9,908.00,143.00,88.00,323.00,1.0,-1,-1,-1
652,10,566.00,567.00,185.00,153.00,1.0,-1,-1,-1
652,11,675.00,152.00,144.00,364.00,1.0,-1,-1,-1
652,12,0.00,652.00,56.00,68.00,1.0,-1,-1,-1
652,13,1158.00,402.00,122.00,255.00,1.0,-1,-1,-1
653,0,310.00,162.00,78.00,369.00,1.0,-1,-1,-1
653,1,843.00,216.00,89.00,337.00,1.0,-1,-1,-1
653,2,417.00,147.00,84.00,305.00,1.0,-1,-1,-1
653,3,310.00,162.00,78.00,369.00,1.0,-1,-1,-1
653,4,111.00,227.00,107.00,127.00,1.0,-1,-1,-1
653,5,135.00,158.00,78.00,345.00,1.0,-1,-1,-1
653,6,843.00,216.00,89.00,337.00,1.0,-1,-1,-1
653,7,549.00,169.00,89.00,310.00,1.0,-1,-1,-1
653,8,165.00,539.00,214.00,181.00,1.0,-1,-1,-1
653,9,912.00,150.00,83.00,317.00,1.0,-1,-1,-1
653,10,567.00,567.00,185.00,153.00,1.0,-1,-1,-1
653,11,331.00,167.00,489.00,349.00,1.0,-1,-1,-1
653,12,0.00,652.00,56.00,68.00,1.0,-1,-1,-1
653,13,1158.00,402.00,122.00,255.00,1.0,-1,-1,-1
654,0,306.00,178.00,82.00,354.00,1.0,-1,-1,-1
654,1,841.00,235.00,88.00,320.00,1.0,-1,-1,-1
654,2,413.00,168.00,87.00,284.00,1.0,-1,-1,-1
654,3,306.00,178.00,82.00,353.00,1.0,-1,-1,-1
654,4,111.00,230.00,107.00,123.00,1.0,-1,-1,-1
654,5,134.00,158.00,73.00,346.00,1.0,-1,-1,-1
654,6,841.00,235.00,88.00,319.00,1.0,-1,-1,-1
654,7,548.00,184.00,88.00,295.00,1.0,-1,-1,-1
654,8,164.00,538.00,215.00,182.00,1.0,-1,-1,-1
654,9,915.00,160.00,76.00,307.00,1.0,-1,-1,-1
654,10,566.00,567.00,185.00,153.00,1.0,-1,-1,-1
654,11,674.00,185.00,143.00,331.00,1.0,-1,-1,-1
654,12,0.00,652.00,55.00,68.00,1.0,-1,-1,-1
654,13,1158.00,401.00,122.00,256.00,1.0,-1,-1,-1
655,0,304.00,202.00,81.00,332.00,1.0,-1,-1,-1
655,1,841.00,252.00,84.00,308.00,1.0,-1,-1,-1
655,2,412.00,187.00,84.00,269.00,1.0,-1,-1,-1
655,3,304.00,202.00,81.00,332.00,1.0,-1,-1,-1
655,4,111.00,230.00,107.00,123.00,1.0,-1,-1,-1
655,5,134.00,159.00,67.00,345.00,1.0,-1,-1,-1
655,6,841.00,252.00,84.00,308.00,1.0,-1,-1,-1
655,7,548.00,206.00,70.00,278.00,1.0,-1,-1,-1
655,8,163.00,538.00,216.00,182.00,1.0,-1,-1,-1
655,9,911.00,181.00,94.00,286.00,1.0,-1,-1,-1
655,10,566.00,567.00,185.00,153.00,1.0,-1,-1,-1
655,11,673.00,197.00,132.00,318.00,1.0,-1,-1,-1
655,12,0.00,652.00,54.00,68.00,1.0,-1,-1,-1
655,13,1158.00,401.00,122.00,255.00,1.0,-1,-1,-1
656,0,303.00,229.00,90.00,310.00,1.0,-1,-1,-1
656,1,842.00,258.00,80.00,302.00,1.0,-1,-1,-1
656,2,411.00,205.00,78.00,253.00,1.0,-1,-1,-1
656,3,303.00,229.00,90.00,310.00,1.0,-1,-1,-1
656,4,111.00,229.00,107.00,124.00,1.0,-1,-1,-1
656,5,134.00,204.00,66.00,300.00,1.0,-1,-1,-1
656,6,842.00,260.00,80.00,300.00,1.0,-1,-1,-1
656,7,548.00,222.00,69.00,266.00,1.0,-1,-1,-1
656,8,163.00,537.00,217.00,183.00,1.0,-1,-1,-1
656,9,911.00,205.00,99.00,264.00,1.0,-1,-1,-1
656,10,566.00,567.00,186.00,153.00,1.0,-1,-1,-1
656,11,672.00,212.00,118.00,311.00,1.0,-1,-1,-1
656,12,0.00,652.00,54.00,68.00,1.0,-1,-1,-1
656,13,1158.00,401.00,122.00,255.00,1.0,-1,-1,-1
657,0,302.00,234.00,101.00,305.00,1.0,-1,-1,-1
657,1,842.00,262.00,79.00,297.00,1.0,-1,-1,-1
657,2,411.00,209.00,78.00,249.00,1.0,-1,-1,-1
657,3,302.00,234.00,101.00,305.00,1.0,-1,-1,-1
657,4,110.00,230.00,108.00,123.00,1.0,-1,-1,-1
657,5,132.00,229.00,68.00,275.00,1.0,-1,-1,-1
657,6,842.00,264.00,79.00,295.00,1.0,-1,-1,-1
657,7,547.00,230.00,76.00,257.00,1.0,-1,-1,-1
657,8,162.00,537.00,218.00,183.00,1.0,-1,-1,-1
657,9,907.00,222.00,103.00,250.00,1.0,-1,-1,-1
657,10,566.00,566.00,187.00,154.00,1.0,-1,-1,-1
657,11,671.00,226.00,114.00,297.00,1.0,-1,-1,-1
657,12,0.00,652.00,53.00,68.00,1.0,-1,-1,-1
657,13,1159.00,401.00,121.00,254.00,1.0,-1,-1,-1
658,0,301.00,238.00,110.00,301.00,1.0,-1,-1,-1
658,1,830.00,270.00,91.00,289.00,1.0,-1,-1,-1
658,2,411.00,213.00,82.00,245.00,1.0,-1,-1,-1
658,3,301.00,238.00,110.00,301.00,1.0,-1,-1,-1
658,4,110.00,229.00,48.00,123.00,1.0,-1,-1,-1
658,5,131.00,237.00,69.00,267.00,1.0,-1,-1,-1
658,6,830.00,270.00,91.00,289.00,1.0,-1,-1,-1
658,7,540.00,233.00,82.00,254.00,1.0,-1,-1,-1
658,8,162.00,537.00,217.00,183.00,1.0,-1,-1,-1
658,9,901.00,224.00,88.00,252.00,1.0,-1,-1,-1
658,10,565.00,566.00,187.00,154.00,1.0,-1,-1,-1
658,11,669.00,229.00,116.00,293.00,1.0,-1,-1,-1
658,12,0.00,652.00,52.00,68.00,1.0,-1,-1,-1
658,13,1158.00,400.00,122.00,255.00,1.0,-1,-1,-1
659,0,288.00,241.00,125.00,298.00,1.0,-1,-1,-1
659,1,817.00,277.00,104.00,283.00,1.0,-1,-1,-1
659,2,411.00,216.00,85.00,242.00,1.0,-1,-1,-1
659,3,288.00,241.00,125.00,298.00,1.0,-1,-1,-1
659,4,110.00,229.00,42.00,115.00,1.0,-1,-1,-1
659,5,129.00,239.00,81.00,265.00,1.0,-1,-1,-1
659,6,817.00,278.00,104.00,281.00,1.0,-1,-1,-1
659,7,518.00,236.00,110.00,251.00,1.0,-1,-1,-1
659,8,162.00,537.00,215.00,183.00,1.0,-1,-1,-1
659,9,901.00,225.00,87.00,250.00,1.0,-1,-1,-1
659,10,565.00,566.00,188.00,154.00,1.0,-1,-1,-1
659,11,668.00,232.00,116.00,291.00,1.0,-1,-1,-1
659,12,0.00,653.00,51.00,67.00,1.0,-1,-1,-1
659,13,1158.00,400.00,122.00,256.00,1.0,-1,-1,-1
660,0,269.00,244.00,144.00,295.00,1.0,-1,-1,-1
660,1,809.00,284.00,120.00,275.00,1.0,-1,-1,-1
660,2,412.00,218.00,86.00,240.00,1.0,-1,-1,-1
660,3,269.00,244.00,144.00,295.00,1.0,-1,-1,-1
660,4,109.00,229.00,39.00,105.00,1.0,-1,-1,-1
660,5,126.00,240.00,95.00,264.00,1.0,-1,-1,-1
660,6,809.00,284.00,121.00,275.00,1.0,-1,-1,-1
660,7,508.00,239.00,127.00,248.00,1.0,-1,-1,-1
660,8,162.00,537.00,213.00,183.00,1.0,-1,-1,-1
660,9,905.00,233.00,76.00,242.00,1.0,-1,-1,-1
660,10,565.00,566.00,187.00,154.00,1.0,-1,-1,-1
660,11,667.00,237.00,131.00,285.00,1.0,-1,-1,-1
660,12,0.00,653.00,51.00,67.00,1.0,-1,-1,-1
660,13,1158.00,400.00,122.00,255.00,1.0,-1,-1,-1
661,0,262.00,244.00,152.00,295.00,1.0,-1,-1,-1
661,1,810.00,290.00,117.00,269.00,1.0,-1,-1,-1
661,2,406.00,220.00,97.00,238.00,1.0,-1,-1,-1
661,3,262.00,244.00,152.00,295.00,1.0,-1,-1,-1
661,4,109.00,229.00,39.00,102.00,1.0,-1,-1,-1
661,5,117.00,243.00,107.00,260.00,1.0,-1,-1,-1
661,6,810.00,290.00,118.00,269.00,1.0,-1,-1,-1
661,7,507.00,239.00,135.00,248.00,1.0,-1,-1,-1
661,8,161.00,536.00,212.00,184.00,1.0,-1,-1,-1
661,9,901.00,238.00,78.00,237.00,1.0,-1,-1,-1
661,10,565.00,566.00,187.00,154.00,1.0,-1,-1,-1
661,11,666.00,242.00,139.00,280.00,1.0,-1,-1,-1
661,12,0.00,653.00,50.00,67.00,1.0,-1,-1,-1
661,13,1158.00,400.00,122.00,255.00,1.0,-1,-1,-1
662,0,269.00,243.00,125.00,296.00,1.0,-1,-1,-1
662,1,805.00,293.00,127.00,266.00,1.0,-1,-1,-1
662,2,398.00,221.00,105.00,237.00,1.0,-1,-1,-1
662,3,267.00,243.00,127.00,296.00,1.0,-1,-1,-1
662,4,109.00,229.00,41.00,105.00,1.0,-1,-1,-1
662,5,103.00,248.00,122.00,255.00,1.0,-1,-1,-1
662,6,805.00,293.00,130.00,266.00,1.0,-1,-1,-1
662,7,511.00,242.00,136.00,245.00,1.0,-1,-1,-1
662,8,160.00,536.00,213.00,184.00,1.0,-1,-1,-1
662,9,878.00,247.00,99.00,228.00,1.0,-1,-1,-1
662,10,564.00,566.00,188.00,154.00,1.0,-1,-1,-1
662,11,666.00,248.00,148.00,274.00,1.0,-1,-1,-1
662,12,0.00,614.00,228.00,106.00,1.0,-1,-1,-1
662,13,1157.00,400.00,123.00,255.00,1.0,-1,-1,-1
663,0,257.00,243.00,137.00,296.00,1.0,-1,-1,-1
663,1,834.00,262.00,139.00,297.00,1.0,-1,-1,-1
663,2,401.00,222.00,100.00,236.00,1.0,-1,-1,-1
663,3,257.00,243.00,137.00,296.00,1.0,-1,-1,-1
663,4,109.00,229.00,40.00,97.00,1.0,-1,-1,-1
663,5,98.00,254.00,126.00,249.00,1.0,-1,-1,-1
663,6,839.00,294.00,105.00,265.00,1.0,-1,-1,-1
663,7,519.00,246.00,134.00,241.00,1.0,-1,-1,-1
663,8,159.00,536.00,215.00,184.00,1.0,-1,-1,-1
663,9,883.00,241.00,92.00,234.00,1.0,-1,-1,-1
663,10,564.00,566.00,189.00,154.00,1.0,-1,-1,-1
663,11,665.00,253.00,149.00,269.00,1.0,-1,-1,-1
663,12,0.00,614.00,228.00,106.00,1.0,-1,-1,-1
663,13,1157.00,400.00,123.00,255.00,1.0,-1,-1,-1
664,0,273.00,222.00,122.00,317.00,1.0,-1,-1,-1
664,1,801.00,272.00,164.00,287.00,1.0,-1,-1,-1
664,2,392.00,223.00,105.00,235.00,1.0,-1,-1,-1
664,3,273.00,222.00,122.00,317.00,1.0,-1,-1,-1
664,4,109.00,229.00,44.00,100.00,1.0,-1,-1,-1
664,5,117.00,256.00,106.00,247.00,1.0,-1,-1,-1
664,6,801.00,221.00,148.00,338.00,1.0,-1,-1,-1
664,7,531.00,218.00,123.00,269.00,1.0,-1,-1,-1
664,8,160.00,536.00,216.00,184.00,1.0,-1,-1,-1
664,9,895.00,219.00,83.00,256.00,1.0,-1,-1,-1
664,10,564.00,566.00,188.00,154.00,1.0,-1,-1,-1
664,11,665.00,259.00,144.00,263.00,1.0,-1,-1,-1
664,12,0.00,654.00,49.00,66.00,1.0,-1,-1,-1
664,13,1157.00,400.00,123.00,255.00,1.0,-1,-1,-1
665,0,293.00,188.00,107.00,351.00,1.0,-1,-1,-1
665,1,802.00,204.00,171.00,355.00,1.0,-1,-1,-1
665,2,391.00,198.00,104.00,260.00,1.0,-1,-1,-1
665,3,293.00,188.00,107.00,351.00,1.0,-1,-1,-1
665,4,105.00,229.00,53.00,100.00,1.0,-1,-1,-1
665,5,119.00,257.00,100.00,246.00,1.0,-1,-1,-1
665,6,803.00,234.00,147.00,325.00,1.0,-1,-1,-1
665,7,537.00,201.00,115.00,285.00,1.0,-1,-1,-1
665,8,159.00,536.00,217.00,184.00,1.0,-1,-1,-1
665,9,903.00,197.00,76.00,278.00,1.0,-1,-1,-1
665,10,564.00,565.00,188.00,155.00,1.0,-1,-1,-1
665,11,664.00,269.00,143.00,253.00,1.0,-1,-1,-1
665,12,0.00,655.00,48.00,65.00,1.0,-1,-1,-1
665,13,1157.00,400.00,123.00,255.00,1.0,-1,-1,-1
666,0,307.00,164.00,101.00,375.00,1.0,-1,-1,-1
666,1,818.00,209.00,124.00,350.00,1.0,-1,-1,-1
666,2,412.00,170.00,80.00,288.00,1.0,-1,-1,-1
666,3,307.00,164.00,101.00,375.00,1.0,-1,-1,-1
666,4,101.00,229.00,60.00,100.00,1.0,-1,-1,-1
666,5,92.00,251.00,115.00,252.00,1.0,-1,-1,-1
666,6,818.00,209.00,130.00,350.00,1.0,-1,-1,-1
666,7,535.00,184.00,113.00,302.00,1.0,-1,-1,-1
666,8,158.00,535.00,219.00,185.00,1.0,-1,-1,-1
666,9,902.00,183.00,76.00,292.00,1.0,-1,-1,-1
666,10,564.00,565.00,188.00,155.00,1.0,-1,-1,-1
666,11,665.00,270.00,151.00,252.00,1.0,-1,-1,-1
666,12,0.00,654.00,48.00,66.00,1.0,-1,-1,-1
666,13,1157.00,400.00,123.00,255.00,1.0,-1,-1,-1
667,0,306.00,150.00,104.00,389.00,1.0,-1,-1,-1
667,1,836.00,206.00,84.00,353.00,1.0,-1,-1,-1
667,2,411.00,153.00,84.00,305.00,1.0,-1,-1,-1
667,3,306.00,150.00,104.00,389.00,1.0,-1,-1,-1
667,4,108.00,228.00,52.00,98.00,1.0,-1,-1,-1
667,5,101.00,237.00,103.00,266.00,1.0,-1,-1,-1
667,6,836.00,207.00,85.00,352.00,1.0,-1,-1,-1
667,7,534.00,181.00,110.00,305.00,1.0,-1,-1,-1
667,8,158.00,535.00,219.00,185.00,1.0,-1,-1,-1
667,9,903.00,181.00,61.00,294.00,1.0,-1,-1,-1
667,10,564.00,565.00,188.00,155.00,1.0,-1,-1,-1
667,11,667.00,223.00,154.00,299.00,1.0,-1,-1,-1
667,12,0.00,654.00,48.00,66.00,1.0,-1,-1,-1
667,13,1157.00,400.00,123.00,255.00,1.0,-1,-1,-1
668,0,304.00,145.00,109.00,394.00,1.0,-1,-1,-1
668,1,835.00,216.00,84.00,343.00,1.0,-1,-1,-1
668,2,411.00,180.00,86.00,278.00,1.0,-1,-1,-1
668,3,304.00,145.00,109.00,394.00,1.0,-1,-1,-1
668,4,108.00,228.00,50.00,99.00,1.0,-1,-1,-1
668,5,101.00,203.00,107.00,300.00,1.0,-1,-1,-1
668,6,835.00,219.00,85.00,340.00,1.0,-1,-1,-1
668,7,533.00,186.00,116.00,300.00,1.0,-1,-1,-1
668,8,158.00,535.00,219.00,185.00,1.0,-1,-1,-1
668,9,901.00,188.00,68.00,287.00,1.0,-1,-1,-1
668,10,564.00,566.00,188.00,154.00,1.0,-1,-1,-1
668,11,672.00,202.00,148.00,320.00,1.0,-1,-1,-1
668,12,0.00,655.00,47.00,65.00,1.0,-1,-1,-1
668,13,1156.00,399.00,124.00,256.00,1.0,-1,-1,-1
669,0,304.00,156.00,107.00,383.00,1.0,-1,-1,-1
669,1,834.00,255.00,89.00,304.00,1.0,-1,-1,-1
669,2,410.00,169.00,100.00,289.00,1.0,-1,-1,-1
669,3,304.00,156.00,107.00,383.00,1.0,-1,-1,-1
669,4,108.00,231.00,46.00,97.00,1.0,-1,-1,-1
669,5,112.00,194.00,97.00,309.00,1.0,-1,-1,-1
669,6,834.00,256.00,94.00,303.00,1.0,-1,-1,-1
669,7,533.00,202.00,117.00,284.00,1.0,-1,-1,-1
669,8,157.00,536.00,220.00,184.00,1.0,-1,-1,-1
669,9,892.00,206.00,87.00,269.00,1.0,-1,-1,-1
669,10,563.00,566.00,188.00,154.00,1.0,-1,-1,-1
669,11,681.00,194.00,136.00,328.00,1.0,-1,-1,-1
669,12,0.00,655.00,46.00,65.00,1.0,-1,-1,-1
669,13,1156.00,399.00,124.00,256.00,1.0,-1,-1,-1
670,0,302.00,187.00,113.00,352.00,1.0,-1,-1,-1
670,1,833.00,295.00,86.00,264.00,1.0,-1,-1,-1
670,2,408.00,223.00,103.00,235.00,1.0,-1,-1,-1
670,3,302.00,187.00,113.00,352.00,1.0,-1,-1,-1
670,4,108.00,230.00,47.00,100.00,1.0,-1,-1,-1
670,5,109.00,207.00,99.00,296.00,1.0,-1,-1,-1
670,6,833.00,294.00,86.00,265.00,1.0,-1,-1,-1
670,7,517.00,209.00,150.00,277.00,1.0,-1,-1,-1
670,8,157.00,536.00,220.00,184.00,1.0,-1,-1,-1
670,9,884.00,238.00,98.00,237.00,1.0,-1,-1,-1
670,10,564.00,566.00,188.00,154.00,1.0,-1,-1,-1
670,11,693.00,205.00,121.00,317.00,1.0,-1,-1,-1
670,12,0.00,655.00,45.00,65.00,1.0,-1,-1,-1
670,13,1156.00,399.00,124.00,255.00,1.0,-1,-1,-1
671,0,299.00,240.00,129.00,299.00,1.0,-1,-1,-1
671,1,832.00,314.00,91.00,245.00,1.0,-1,-1,-1
671,2,407.00,239.00,102.00,219.00,1.0,-1,-1,-1
671,3,299.00,240.00,129.00,299.00,1.0,-1,-1,-1
671,4,108.00,229.00,47.00,101.00,1.0,-1,-1,-1
671,5,108.00,236.00,100.00,268.00,1.0,-1,-1,-1
671,6,832.00,315.00,87.00,244.00,1.0,-1,-1,-1
671,7,520.00,247.00,154.00,239.00,1.0,-1,-1,-1
671,8,156.00,536.00,220.00,184.00,1.0,-1,-1,-1
671,9,882.00,264.00,107.00,211.00,1.0,-1,-1,-1
671,10,563.00,565.00,188.00,155.00,1.0,-1,-1,-1
671,11,700.00,244.00,108.00,278.00,1.0,-1,-1,-1
671,12,0.00,656.00,44.00,64.00,1.0,-1,-1,-1
671,13,1156.00,399.00,124.00,256.00,1.0,-1,-1,-1
672,0,299.00,272.00,101.00,267.00,1.0,-1,-1,-1
672,1,832.00,310.00,117.00,249.00,1.0,-1,-1,-1
672,2,406.00,244.00,90.00,213.00,1.0,-1,-1,-1
672,3,299.00,272.00,101.00,267.00,1.0,-1,-1,-1
672,4,107.00,228.00,54.00,99.00,1.0,-1,-1,-1
672,5,106.00,260.00,100.00,243.00,1.0,-1,-1,-1
672,6,832.00,311.00,117.00,248.00,1.0,-1,-1,-1
672,7,533.00,295.00,140.00,191.00,1.0,-1,-1,-1
672,8,155.00,536.00,221.00,184.00,1.0,-1,-1,-1
672,9,904.00,271.00,74.00,204.00,1.0,-1,-1,-1
672,10,563.00,565.00,188.00,155.00,1.0,-1,-1,-1
672,11,702.00,296.00,113.00,226.00,1.0,-1,-1,-1
672,12,0.00,656.00,42.00,64.00,1.0,-1,-1,-1
672,13,1156.00,399.00,124.00,256.00,1.0,-1,-1,-1
673,0,303.00,268.00,114.00,271.00,1.0,-1,-1,-1
673,1,832.00,308.00,87.00,251.00,1.0,-1,-1,-1
673,2,407.00,240.00,102.00,217.00,1.0,-1,-1,-1
673,3,303.00,268.00,114.00,271.00,1.0,-1,-1,-1
673,4,107.00,228.00,56.00,98.00,1.0,-1,-1,-1
673,5,106.00,274.00,96.00,230.00,1.0,-1,-1,-1
673,6,832.00,308.00,87.00,251.00,1.0,-1,-1,-1
673,7,535.00,293.00,119.00,193.00,1.0,-1,-1,-1
673,8,155.00,536.00,220.00,184.00,1.0,-1,-1,-1
673,9,904.00,265.00,77.00,210.00,1.0,-1,-1,-1
673,10,563.00,565.00,188.00,155.00,1.0,-1,-1,-1
673,11,706.00,309.00,124.00,213.00,1.0,-1,-1,-1
673,12,0.00,656.00,41.00,64.00,1.0,-1,-1,-1
673,13,1156.00,399.00,124.00,256.00,1.0,-1,-1,-1
674,0,305.00,261.00,96.00,278.00,1.0,-1,-1,-1
674,1,828.00,267.00,90.00,292.00,1.0,-1,-1,-1
674,2,408.00,236.00,87.00,221.00,1.0,-1,-1,-1
674,3,305.00,261.00,96.00,278.00,1.0,-1,-1,-1
674,4,107.00,229.00,56.00,97.00,1.0,-1,-1,-1
674,5,108.00,268.00,110.00,235.00,1.0,-1,-1,-1
674,6,828.00,267.00,90.00,292.00,1.0,-1,-1,-1
674,7,537.00,281.00,114.00,205.00,1.0,-1,-1,-1
674,8,155.00,536.00,219.00,184.00,1.0,-1,-1,-1
674,9,903.00,243.00,75.00,232.00,1.0,-1,-1,-1
674,10,563.00,565.00,188.00,155.00,1.0,-1,-1,-1
674,11,706.00,293.00,124.00,229.00,1.0,-1,-1,-1
674,12,0.00,656.00,41.00,64.00,1.0,-1,-1,-1
674,13,1155.00,399.00,125.00,256.00,1.0,-1,-1,-1
675,0,301.00,257.00,94.00,282.00,1.0,-1,-1,-1
675,1,817.00,265.00,101.00,294.00,1.0,-1,-1,-1
675,2,407.00,232.00,78.00,225.00,1.0,-1,-1,-1
675,3,300.00,257.00,95.00,282.00,1.0,-1,-1,-1
675,4,107.00,229.00,56.00,96.00,1.0,-1,-1,-1
675,5,110.00,261.00,119.00,242.00,1.0,-1,-1,-1
675,6,817.00,265.00,100.00,294.00,1.0,-1,-1,-1
675,7,530.00,271.00,96.00,215.00,1.0,-1,-1,-1
675,8,154.00,536.00,217.00,184.00,1.0,-1,-1,-1
675,9,895.00,235.00,74.00,240.00,1.0,-1,-1,-1
675,10,563.00,565.00,188.00,155.00,1.0,-1,-1,-1
675,11,701.00,276.00,113.00,246.00,1.0,-1,-1,-1
675,12,0.00,657.00,39.00,63.00,1.0,-1,-1,-1
675,13,1155.00,399.00,125.00,256.00,1.0,-1,-1,-1
676,0,297.00,249.00,98.00,290.00,1.0,-1,-1,-1
676,1,811.00,265.00,106.00,294.00,1.0,-1,-1,-1
676,2,405.00,230.00,81.00,227.00,1.0,-1,-1,-1
676,3,297.00,249.00,98.00,290.00,1.0,-1,-1,-1
676,4,107.00,228.00,54.00,96.00,1.0,-1,-1,-1
676,5,113.00,254.00,111.00,250.00,1.0,-1,-1,-1
676,6,811.00,265.00,106.00,294.00,1.0,-1,-1,-1
676,7,524.00,262.00,99.00,224.00,1.0,-1,-1,-1
676,8,154.00,536.00,216.00,184.00,1.0,-1,-1,-1
676,9,896.00,232.00,66.00,242.00,1.0,-1,-1,-1
676,10,562.00,566.00,189.00,154.00,1.0,-1,-1,-1
676,11,697.00,261.00,107.00,260.00,1.0,-1,-1,-1
676,12,0.00,657.00,39.00,63.00,1.0,-1,-1,-1
676,13,1155.00,399.00,125.00,256.00,1.0,-1,-1,-1
677,0,131.00,241.00,262.00,298.00,1.0,-1,-1,-1
677,1,811.00,263.00,104.00,296.00,1.0,-1,-1,-1
677,2,400.00,228.00,88.00,229.00,1.0,-1,-1,-1
677,3,294.00,241.00,99.00,298.00,1.0,-1,-1,-1
677,4,107.00,229.00,53.00,96.00,1.0,-1,-1,-1
677,5,116.00,249.00,94.00,255.00,1.0,-1,-1,-1
677,6,811.00,263.00,104.00,296.00,1.0,-1,-1,-1
677,7,517.00,253.00,105.00,233.00,1.0,-1,-1,-1
677,8,154.00,536.00,216.00,184.00,1.0,-1,-1,-1
677,9,889.00,231.00,73.00,243.00,1.0,-1,-1,-1
677,10,563.00,566.00,188.00,154.00,1.0,-1,-1,-1
677,11,702.00,248.00,102.00,274.00,1.0,-1,-1,-1
677,12,0.00,657.00,39.00,63.00,1.0,-1,-1,-1
677,13,1155.00,399.00,125.00,256.00,1.0,-1,-1,-1
678,0,297.00,231.00,94.00,308.00,1.0,-1,-1,-1
678,1,814.00,259.00,97.00,299.00,1.0,-1,-1,-1
678,2,396.00,224.00,93.00,234.00,1.0,-1,-1,-1
678,3,297.00,231.00,94.00,308.00,1.0,-1,-1,-1
678,4,107.00,229.00,50.00,96.00,1.0,-1,-1,-1
678,5,119.00,241.00,82.00,263.00,1.0,-1,-1,-1
678,6,814.00,259.00,97.00,299.00,1.0,-1,-1,-1
678,7,522.00,243.00,98.00,243.00,1.0,-1,-1,-1
678,8,153.00,537.00,215.00,183.00,1.0,-1,-1,-1
678,9,884.00,232.00,76.00,242.00,1.0,-1,-1,-1
678,10,563.00,566.00,187.00,154.00,1.0,-1,-1,-1
678,11,699.00,235.00,103.00,287.00,1.0,-1,-1,-1
678,12,0.00,658.00,38.00,62.00,1.0,-1,-1,-1
678,13,1155.00,399.00,125.00,256.00,1.0,-1,-1,-1
679,0,298.00,209.00,93.00,330.00,1.0,-1,-1,-1
679,1,813.00,252.00,97.00,306.00,1.0,-1,-1,-1
679,2,402.00,218.00,87.00,240.00,1.0,-1,-1,-1
679,3,298.00,209.00,93.00,330.00,1.0,-1,-1,-1
679,4,106.00,213.00,39.00,111.00,1.0,-1,-1,-1
679,5,119.00,220.00,79.00,285.00,1.0,-1,-1,-1
679,6,813.00,252.00,97.00,306.00,1.0,-1,-1,-1
679,7,523.00,210.00,94.00,277.00,1.0,-1,-1,-1
679,8,152.00,537.00,214.00,183.00,1.0,-1,-1,-1
679,9,882.00,232.00,76.00,242.00,1.0,-1,-1,-1
679,10,563.00,566.00,187.00,154.00,1.0,-1,-1,-1
679,11,704.00,223.00,98.00,299.00,1.0,-1,-1,-1
679,12,0.00,658.00,38.00,62.00,1.0,-1,-1,-1
679,13,1154.00,399.00,126.00,256.00,1.0,-1,-1,-1
680,0,302.00,159.00,85.00,374.00,1.0,-1,-1,-1
680,1,813.00,239.00,98.00,318.00,1.0,-1,-1,-1
680,2,355.00,184.00,134.00,274.00,1.0,-1,-1,-1
680,3,302.00,159.00,85.00,374.00,1.0,-1,-1,-1
680,4,106.00,175.00,37.00,146.00,1.0,-1,-1,-1
680,5,121.00,173.00,77.00,332.00,1.0,-1,-1,-1
680,6,814.00,240.00,97.00,317.00,1.0,-1,-1,-1
680,7,522.00,191.00,92.00,296.00,1.0,-1,-1,-1
680,8,152.00,537.00,211.00,183.00,1.0,-1,-1,-1
680,9,885.00,228.00,69.00,245.00,1.0,-1,-1,-1
680,10,563.00,566.00,187.00,154.00,1.0,-1,-1,-1
680,11,709.00,196.00,92.00,325.00,1.0,-1,-1,-1
680,12,0.00,658.00,38.00,62.00,1.0,-1,-1,-1
680,13,1154.00,399.00,126.00,256.00,1.0,-1,-1,-1
681,0,308.00,122.00,84.00,404.00,1.0,-1,-1,-1
681,1,814.00,208.00,98.00,348.00,1.0,-1,-1,-1
681,2,361.00,144.00,129.00,314.00,1.0,-1,-1,-1
681,3,308.00,122.00,84.00,404.00,1.0,-1,-1,-1
681,4,106.00,231.00,36.00,98.00,1.0,-1,-1,-1
681,5,123.00,207.00,75.00,298.00,1.0,-1,-1,-1
681,6,814.00,209.00,98.00,347.00,1.0,-1,-1,-1
681,7,524.00,165.00,89.00,322.00,1.0,-1,-1,-1
681,8,152.00,538.00,208.00,182.00,1.0,-1,-1,-1
681,9,881.00,222.00,71.00,250.00,1.0,-1,-1,-1
681,10,562.00,567.00,187.00,153.00,1.0,-1,-1,-1
681,11,711.00,174.00,92.00,341.00,1.0,-1,-1,-1
681,12,0.00,658.00,38.00,62.00,1.0,-1,-1,-1
681,13,1154.00,400.00,126.00,255.00,1.0,-1,-1,-1
682,0,304.00,114.00,98.00,406.00,1.0,-1,-1,-1
682,1,816.00,186.00,98.00,372.00,1.0,-1,-1,-1
682,2,377.00,122.00,116.00,336.00,1.0,-1,-1,-1
682,3,304.00,114.00,98.00,406.00,1.0,-1,-1,-1
682,4,106.00,231.00,38.00,90.00,1.0,-1,-1,-1
682,5,119.00,165.00,77.00,337.00,1.0,-1,-1,-1
682,6,816.00,188.00,98.00,369.00,1.0,-1,-1,-1
682,7,517.00,149.00,95.00,332.00,1.0,-1,-1,-1
682,8,152.00,538.00,206.00,182.00,1.0,-1,-1,-1
682,9,882.00,202.00,66.00,269.00,1.0,-1,-1,-1
682,10,562.00,567.00,185.00,153.00,1.0,-1,-1,-1
682,11,711.00,150.00,95.00,362.00,1.0,-1,-1,-1
682,12,0.00,659.00,38.00,61.00,1.0,-1,-1,-1
682,13,1154.00,400.00,126.00,256.00,1.0,-1,-1,-1
683,0,306.00,112.00,101.00,404.00,1.0,-1,-1,-1
683,1,814.00,172.00,98.00,379.00,1.0,-1,-1,-1
683,2,417.00,121.00,78.00,334.00,1.0,-1,-1,-1
683,3,306.00,112.00,101.00,404.00,1.0,-1,-1,-1
683,4,105.00,231.00,41.00,94.00,1.0,-1,-1,-1
683,5,121.00,135.00,74.00,360.00,1.0,-1,-1,-1
683,6,814.00,172.00,99.00,378.00,1.0,-1,-1,-1
683,7,512.00,130.00,101.00,344.00,1.0,-1,-1,-1
683,8,152.00,539.00,204.00,181.00,1.0,-1,-1,-1
683,9,881.00,175.00,66.00,295.00,1.0,-1,-1,-1
683,10,563.00,567.00,185.00,153.00,1.0,-1,-1,-1
683,11,715.00,139.00,92.00,368.00,1.0,-1,-1,-1
683,12,0.00,659.00,38.00,61.00,1.0,-1,-1,-1
683,13,1154.00,400.00,126.00,256.00,1.0,-1,-1,-1
684,0,311.00,111.00,96.00,401.00,1.0,-1,-1,-1
684,1,811.00,158.00,96.00,393.00,1.0,-1,-1,-1
684,2,397.00,117.00,110.00,332.00,1.0,-1,-1,-1
684,3,311.00,111.00,96.00,401.00,1.0,-1,-1,-1
684,4,105.00,232.00,42.00,92.00,1.0,-1,-1,-1
684,5,127.00,118.00,69.00,373.00,1.0,-1,-1,-1
684,6,811.00,158.00,96.00,393.00,1.0,-1,-1,-1
684,7,511.00,123.00,115.00,348.00,1.0,-1,-1,-1
684,8,152.00,539.00,202.00,181.00,1.0,-1,-1,-1
684,9,880.00,150.00,68.00,322.00,1.0,-1,-1,-1
684,10,562.00,567.00,185.00,153.00,1.0,-1,-1,-1
684,11,721.00,123.00,87.00,380.00,1.0,-1,-1,-1
684,12,0.00,659.00,38.00,61.00,1.0,-1,-1,-1
684,13,1154.00,400.00,126.00,256.00,1.0,-1,-1,-1
685,0,308.00,111.00,102.00,398.00,1.0,-1,-1,-1
685,1,807.00,156.00,101.00,392.00,1.0,-1,-1,-1
685,2,429.00,113.00,80.00,331.00,1.0,-1,-1,-1
685,3,308.00,111.00,102.00,398.00,1.0,-1,-1,-1
685,4,105.00,232.00,43.00,93.00,1.0,-1,-1,-1
685,5,134.00,112.00,64.00,375.00,1.0,-1,-1,-1
685,6,807.00,156.00,101.00,392.00,1.0,-1,-1,-1
685,7,522.00,121.00,106.00,347.00,1.0,-1,-1,-1
685,8,152.00,539.00,201.00,181.00,1.0,-1,-1,-1
685,9,879.00,142.00,75.00,325.00,1.0,-1,-1,-1
685,10,562.00,568.00,184.00,152.00,1.0,-1,-1,-1
685,11,727.00,113.00,81.00,387.00,1.0,-1,-1,-1
685,12,0.00,659.00,37.00,61.00,1.0,-1,-1,-1
685,13,1153.00,400.00,127.00,256.00,1.0,-1,-1,-1
686,0,305.00,110.00,113.00,396.00,1.0,-1,-1,-1
686,1,803.00,157.00,104.00,388.00,1.0,-1,-1,-1
686,2,412.00,110.00,93.00,330.00,1.0,-1,-1,-1
686,3,305.00,110.00,113.00,396.00,1.0,-1,-1,-1
686,4,104.00,232.00,44.00,89.00,1.0,-1,-1,-1
686,5,142.00,111.00,59.00,372.00,1.0,-1,-1,-1
686,6,803.00,157.00,104.00,387.00,1.0,-1,-1,-1
686,7,527.00,123.00,102.00,342.00,1.0,-1,-1,-1
686,8,151.00,539.00,202.00,181.00,1.0,-1,-1,-1
686,9,879.00,135.00,77.00,328.00,1.0,-1,-1,-1
686,10,562.00,568.00,183.00,152.00,1.0,-1,-1,-1
686,11,727.00,113.00,83.00,387.00,1.0,-1,-1,-1
686,12,0.00,659.00,37.00,61.00,1.0,-1,-1,-1
686,13,1153.00,400.00,127.00,256.00,1.0,-1,-1,-1
687,0,295.00,113.00,129.00,394.00,1.0,-1,-1,-1
687,1,801.00,159.00,106.00,383.00,1.0,-1,-1,-1
687,2,418.00,111.00,85.00,327.00,1.0,-1,-1,-1
687,3,295.00,112.00,129.00,395.00,1.0,-1,-1,-1
687,4,104.00,232.00,44.00,89.00,1.0,-1,-1,-1
687,5,143.00,114.00,61.00,368.00,1.0,-1,-1,-1
687,6,800.00,158.00,107.00,385.00,1.0,-1,-1,-1
687,7,527.00,129.00,103.00,336.00,1.0,-1,-1,-1
687,8,150.00,539.00,203.00,181.00,1.0,-1,-1,-1
687,9,875.00,135.00,80.00,325.00,1.0,-1,-1,-1
687,10,562.00,567.00,183.00,153.00,1.0,-1,-1,-1
687,11,722.00,116.00,105.00,385.00,1.0,-1,-1,-1
687,12,0.00,659.00,37.00,61.00,1.0,-1,-1,-1
687,13,1152.00,400.00,128.00,256.00,1.0,-1,-1,-1
688,0,283.00,118.00,146.00,391.00,1.0,-1,-1,-1
688,1,812.00,165.00,101.00,378.00,1.0,-1,-1,-1
688,2,433.00,112.00,69.00,326.00,1.0,-1,-1,-1
688,3,152.00,117.00,277.00,392.00,1.0,-1,-1,-1
688,4,103.00,232.00,45.00,89.00,1.0,-1,-1,-1
688,5,144.00,112.00,62.00,371.00,1.0,-1,-1,-1
688,6,795.00,164.00,118.00,380.00,1.0,-1,-1,-1
688,7,523.00,134.00,106.00,332.00,1.0,-1,-1,-1
688,8,151.00,539.00,203.00,181.00,1.0,-1,-1,-1
688,9,870.00,138.00,83.00,318.00,1.0,-1,-1,-1
688,10,561.00,567.00,184.00,153.00,1.0,-1,-1,-1
688,11,718.00,120.00,130.00,384.00,1.0,-1,-1,-1
688,12,0.00,659.00,37.00,61.00,1.0,-1,-1,-1
688,13,1153.00,400.00,127.00,256.00,1.0,-1,-1,-1
689,0,274.00,130.00,159.00,384.00,1.0,-1,-1,-1
689,1,810.00,177.00,114.00,373.00,1.0,-1,-1,-1
689,2,434.00,113.00,69.00,326.00,1.0,-1,-1,-1
689,3,274.00,129.00,159.00,385.00,1.0,-1,-1,-1
689,4,103.00,232.00,47.00,89.00,1.0,-1,-1,-1
689,5,145.00,116.00,60.00,366.00,1.0,-1,-1,-1
689,6,802.00,176.00,123.00,374.00,1.0,-1,-1,-1
689,7,519.00,135.00,110.00,333.00,1.0,-1,-1,-1
689,8,151.00,539.00,206.00,181.00,1.0,-1,-1,-1
689,9,864.00,144.00,87.00,310.00,1.0,-1,-1,-1
689,10,561.00,567.00,184.00,153.00,1.0,-1,-1,-1
689,11,710.00,124.00,153.00,385.00,1.0,-1,-1,-1
689,12,0.00,659.00,36.00,61.00,1.0,-1,-1,-1
689,13,1152.00,400.00,128.00,256.00,1.0,-1,-1,-1
690,0,263.00,146.00,172.00,371.00,1.0,-1,-1,-1
690,1,811.00,190.00,125.00,360.00,1.0,-1,-1,-1
690,2,412.00,120.00,91.00,320.00,1.0,-1,-1,-1
690,3,265.00,146.00,169.00,371.00,1.0,-1,-1,-1
690,4,103.00,231.00,48.00,90.00,1.0,-1,-1,-1
690,5,146.00,123.00,59.00,358.00,1.0,-1,-1,-1
690,6,811.00,186.00,126.00,364.00,1.0,-1,-1,-1
690,7,517.00,143.00,112.00,326.00,1.0,-1,-1,-1
690,8,150.00,538.00,207.00,182.00,1.0,-1,-1,-1
690,9,852.00,150.00,98.00,302.00,1.0,-1,-1,-1
690,10,560.00,567.00,185.00,153.00,1.0,-1,-1,-1
690,11,701.00,133.00,161.00,384.00,1.0,-1,-1,-1
690,12,0.00,659.00,36.00,61.00,1.0,-1,-1,-1
690,13,1152.00,399.00,128.00,256.00,1.0,-1,-1,-1
691,0,255.00,158.00,181.00,368.00,1.0,-1,-1,-1
691,1,811.00,180.00,137.00,374.00,1.0,-1,-1,-1
691,2,412.00,122.00,101.00,322.00,1.0,-1,-1,-1
691,3,255.00,158.00,181.00,368.00,1.0,-1,-1,-1
691,4,103.00,231.00,49.00,90.00,1.0,-1,-1,-1
691,5,145.00,132.00,60.00,351.00,1.0,-1,-1,-1
691,6,811.00,180.00,137.00,374.00,1.0,-1,-1,-1
691,7,516.00,151.00,107.00,321.00,1.0,-1,-1,-1
691,8,150.00,538.00,207.00,182.00,1.0,-1,-1,-1
691,9,845.00,159.00,107.00,335.00,1.0,-1,-1,-1
691,10,560.00,567.00,185.00,153.00,1.0,-1,-1,-1
691,11,693.00,143.00,171.00,374.00,1.0,-1,-1,-1
691,12,0.00,658.00,36.00,62.00,1.0,-1,-1,-1
691,13,1151.00,399.00,129.00,256.00,1.0,-1,-1,-1
692,0,247.00,157.00,201.00,373.00,1.0,-1,-1,-1
692,1,805.00,193.00,148.00,370.00,1.0,-1,-1,-1
692,2,410.00,133.00,114.00,315.00,1.0,-1,-1,-1
692,3,247.00,158.00,201.00,372.00,1.0,-1,-1,-1
692,4,103.00,231.00,50.00,89.00,1.0,-1,-1,-1
692,5,145.00,148.00,73.00,341.00,1.0,-1,-1,-1
692,6,806.00,192.00,147.00,371.00,1.0,-1,-1,-1
692,7,512.00,166.00,106.00,316.00,1.0,-1,-1,-1
692,8,150.00,537.00,208.00,183.00,1.0,-1,-1,-1
692,9,849.00,169.00,108.00,289.00,1.0,-1,-1,-1
692,10,560.00,567.00,186.00,153.00,1.0,-1,-1,-1
692,11,687.00,152.00,178.00,364.00,1.0,-1,-1,-1
692,12,0.00,658.00,36.00,62.00,1.0,-1,-1,-1
692,13,1151.00,399.00,129.00,256.00,1.0,-1,-1,-1
693,0,242.00,152.00,214.00,379.00,1.0,-1,-1,-1
693,1,806.00,213.00,147.00,350.00,1.0,-1,-1,-1
693,2,409.00,140.00,126.00,314.00,1.0,-1,-1,-1
693,3,242.00,152.00,214.00,379.00,1.0,-1,-1,-1
693,4,103.00,230.00,51.00,89.00,1.0,-1,-1,-1
693,5,145.00,166.00,84.00,328.00,1.0,-1,-1,-1
693,6,806.00,213.00,147.00,350.00,1.0,-1,-1,-1
693,7,509.00,170.00,114.00,313.00,1.0,-1,-1,-1
693,8,150.00,537.00,206.00,183.00,1.0,-1,-1,-1
693,9,858.00,177.00,102.00,290.00,1.0,-1,-1,-1
693,10,559.00,567.00,186.00,153.00,1.0,-1,-1,-1
693,11,683.00,162.00,180.00,354.00,1.0,-1,-1,-1
693,12,0.00,658.00,35.00,62.00,1.0,-1,-1,-1
693,13,1151.00,399.00,129.00,256.00,1.0,-1,-1,-1
694,0,240.00,175.00,217.00,363.00,1.0,-1,-1,-1
694,1,810.00,225.00,140.00,337.00,1.0,-1,-1,-1
694,2,410.00,147.00,136.00,310.00,1.0,-1,-1,-1
694,3,240.00,174.00,217.00,364.00,1.0,-1,-1,-1
694,4,102.00,230.00,51.00,88.00,1.0,-1,-1,-1
694,5,142.00,170.00,95.00,332.00,1.0,-1,-1,-1
694,6,810.00,226.00,140.00,336.00,1.0,-1,-1,-1
694,7,507.00,177.00,119.00,306.00,1.0,-1,-1,-1
694,8,150.00,537.00,205.00,183.00,1.0,-1,-1,-1
694,9,864.00,185.00,97.00,290.00,1.0,-1,-1,-1
694,10,558.00,567.00,186.00,153.00,1.0,-1,-1,-1
694,11,697.00,181.00,166.00,335.00,1.0,-1,-1,-1
694,12,0.00,659.00,34.00,61.00,1.0,-1,-1,-1
694,13,1150.00,399.00,130.00,256.00,1.0,-1,-1,-1
695,0,249.00,199.00,201.00,338.00,1.0,-1,-1,-1
695,1,806.00,236.00,142.00,325.00,1.0,-1,-1,-1
695,2,408.00,158.00,147.00,298.00,1.0,-1,-1,-1
695,3,249.00,199.00,201.00,338.00,1.0,-1,-1,-1
695,4,102.00,229.00,51.00,90.00,1.0,-1,-1,-1
695,5,144.00,175.00,98.00,330.00,1.0,-1,-1,-1
695,6,806.00,236.00,143.00,326.00,1.0,-1,-1,-1
695,7,527.00,184.00,102.00,309.00,1.0,-1,-1,-1
695,8,149.00,536.00,208.00,184.00,1.0,-1,-1,-1
695,9,850.00,196.00,111.00,280.00,1.0,-1,-1,-1
695,10,558.00,566.00,188.00,154.00,1.0,-1,-1,-1
695,11,728.00,186.00,138.00,330.00,1.0,-1,-1,-1
695,12,0.00,657.00,34.00,63.00,1.0,-1,-1,-1
695,13,1150.00,398.00,130.00,257.00,1.0,-1,-1,-1
696,0,276.00,220.00,172.00,317.00,1.0,-1,-1,-1
696,1,802.00,251.00,148.00,310.00,1.0,-1,-1,-1
696,2,392.00,169.00,167.00,290.00,1.0,-1,-1,-1
696,3,277.00,220.00,172.00,316.00,1.0,-1,-1,-1
696,4,102.00,229.00,53.00,89.00,1.0,-1,-1,-1
696,5,140.00,181.00,104.00,323.00,1.0,-1,-1,-1
696,6,802.00,251.00,148.00,310.00,1.0,-1,-1,-1
696,7,530.00,189.00,98.00,304.00,1.0,-1,-1,-1
696,8,150.00,536.00,207.00,184.00,1.0,-1,-1,-1
696,9,851.00,207.00,109.00,268.00,1.0,-1,-1,-1
696,10,558.00,566.00,188.00,154.00,1.0,-1,-1,-1
696,11,727.00,198.00,182.00,318.00,1.0,-1,-1,-1
696,12,0.00,657.00,34.00,63.00,1.0,-1,-1,-1
696,13,1150.00,398.00,130.00,257.00,1.0,-1,-1,-1
697,0,296.00,226.00,153.00,311.00,1.0,-1,-1,-1
697,1,801.00,271.00,148.00,290.00,1.0,-1,-1,-1
697,2,383.00,179.00,175.00,283.00,1.0,-1,-1,-1
697,3,296.00,226.00,153.00,311.00,1.0,-1,-1,-1
697,4,102.00,229.00,54.00,94.00,1.0,-1,-1,-1
697,5,131.00,190.00,112.00,314.00,1.0,-1,-1,-1
697,6,800.00,270.00,149.00,291.00,1.0,-1,-1,-1
697,7,530.00,193.00,98.00,300.00,1.0,-1,-1,-1
697,8,150.00,536.00,207.00,184.00,1.0,-1,-1,-1
697,9,862.00,220.00,98.00,255.00,1.0,-1,-1,-1
697,10,558.00,566.00,187.00,154.00,1.0,-1,-1,-1
697,11,766.00,204.00,147.00,312.00,1.0,-1,-1,-1
697,12,0.00,657.00,34.00,63.00,1.0,-1,-1,-1
697,13,1150.00,398.00,130.00,257.00,1.0,-1,-1,-1
698,0,305.00,235.00,144.00,302.00,1.0,-1,-1,-1
698,1,799.00,361.00,150.00,201.00,1.0,-1,-1,-1
698,2,443.00,189.00,114.00,273.00,1.0,-1,-1,-1
698,3,304.00,235.00,145.00,302.00,1.0,-1,-1,-1
698,4,102.00,229.00,53.00,105.00,1.0,-1,-1,-1
698,5,141.00,204.00,104.00,301.00,1.0,-1,-1,-1
698,6,798.00,299.00,151.00,263.00,1.0,-1,-1,-1
698,7,523.00,201.00,106.00,292.00,1.0,-1,-1,-1
698,8,150.00,536.00,206.00,184.00,1.0,-1,-1,-1
698,9,855.00,231.00,107.00,245.00,1.0,-1,-1,-1
698,10,557.00,566.00,188.00,154.00,1.0,-1,-1,-1
698,11,766.00,217.00,147.00,299.00,1.0,-1,-1,-1
698,12,0.00,657.00,34.00,63.00,1.0,-1,-1,-1
698,13,1150.00,398.00,130.00,256.00,1.0,-1,-1,-1
699,0,307.00,256.00,142.00,280.00,1.0,-1,-1,-1
699,1,838.00,369.00,112.00,193.00,1.0,-1,-1,-1
699,2,442.00,201.00,115.00,261.00,1.0,-1,-1,-1
699,3,307.00,256.00,142.00,280.00,1.0,-1,-1,-1
699,4,102.00,229.00,56.00,99.00,1.0,-1,-1,-1
699,5,121.00,221.00,130.00,284.00,1.0,-1,-1,-1
699,6,755.00,237.00,195.00,324.00,1.0,-1,-1,-1
699,7,522.00,212.00,109.00,281.00,1.0,-1,-1,-1
699,8,149.00,536.00,209.00,184.00,1.0,-1,-1,-1
699,9,857.00,238.00,107.00,238.00,1.0,-1,-1,-1
699,10,558.00,566.00,187.00,154.00,1.0,-1,-1,-1
699,11,755.00,236.00,158.00,280.00,1.0,-1,-1,-1
699,12,0.00,657.00,34.00,63.00,1.0,-1,-1,-1
699,13,1151.00,398.00,129.00,256.00,1.0,-1,-1,-1
700,0,302.00,287.00,146.00,249.00,1.0,-1,-1,-1
700,1,812.00,368.00,140.00,193.00,1.0,-1,-1,-1
700,2,449.00,208.00,108.00,254.00,1.0,-1,-1,-1
700,3,304.00,287.00,144.00,250.00,1.0,-1,-1,-1
700,4,101.00,229.00,60.00,100.00,1.0,-1,-1,-1
700,5,102.00,246.00,154.00,259.00,1.0,-1,-1,-1
700,6,811.00,368.00,142.00,193.00,1.0,-1,-1,-1
700,7,527.00,235.00,108.00,258.00,1.0,-1,-1,-1
700,8,150.00,536.00,210.00,184.00,1.0,-1,-1,-1
700,9,878.00,281.00,88.00,195.00,1.0,-1,-1,-1
700,10,557.00,566.00,188.00,154.00,1.0,-1,-1,-1
700,11,729.00,260.00,184.00,256.00,1.0,-1,-1,-1
700,12,0.00,658.00,34.00,62.00,1.0,-1,-1,-1
700,13,1150.00,398.00,130.00,256.00,1.0,-1,-1,-1
701,0,289.00,340.00,159.00,197.00,1.0,-1,-1,-1
701,1,827.00,369.00,127.00,193.00,1.0,-1,-1,-1
701,2,456.00,217.00,108.00,245.00,1.0,-1,-1,-1
701,3,289.00,340.00,159.00,197.00,1.0,-1,-1,-1
701,4,102.00,230.00,65.00,113.00,1.0,-1,-1,-1
701,5,131.00,271.00,129.00,234.00,1.0,-1,-1,-1
701,6,826.00,369.00,128.00,193.00,1.0,-1,-1,-1
701,7,512.00,245.00,125.00,248.00,1.0,-1,-1,-1
701,8,148.00,536.00,211.00,184.00,1.0,-1,-1,-1
701,9,880.00,257.00,88.00,219.00,1.0,-1,-1,-1
701,10,557.00,566.00,186.00,154.00,1.0,-1,-1,-1
701,11,711.00,307.00,202.00,209.00,1.0,-1,-1,-1
701,12,0.00,659.00,33.00,61.00,1.0,-1,-1,-1
701,13,1150.00,398.00,130.00,257.00,1.0,-1,-1,-1
702,0,277.00,350.00,174.00,187.00,1.0,-1,-1,-1
702,1,838.00,363.00,117.00,199.00,1.0,-1,-1,-1
702,2,459.00,235.00,117.00,227.00,1.0,-1,-1,-1
702,3,276.00,350.00,172.00,187.00,1.0,-1,-1,-1
702,4,101.00,230.00,65.00,119.00,1.0,-1,-1,-1
702,5,140.00,328.00,123.00,177.00,1.0,-1,-1,-1
702,6,838.00,362.00,117.00,200.00,1.0,-1,-1,-1
702,7,502.00,274.00,136.00,219.00,1.0,-1,-1,-1
702,8,149.00,536.00,206.00,184.00,1.0,-1,-1,-1
702,9,867.00,288.00,101.00,188.00,1.0,-1,-1,-1
702,10,557.00,566.00,187.00,154.00,1.0,-1,-1,-1
702,11,712.00,343.00,203.00,173.00,1.0,-1,-1,-1
702,12,0.00,658.00,34.00,62.00,1.0,-1,-1,-1
702,13,1150.00,398.00,130.00,256.00,1.0,-1,-1,-1
703,0,281.00,346.00,187.00,191.00,1.0,-1,-1,-1
703,1,838.00,344.00,116.00,218.00,1.0,-1,-1,-1
703,2,441.00,247.00,117.00,215.00,1.0,-1,-1,-1
703,3,281.00,346.00,187.00,191.00,1.0,-1,-1,-1
703,4,101.00,229.00,62.00,119.00,1.0,-1,-1,-1
703,5,150.00,336.00,115.00,169.00,1.0,-1,-1,-1
703,6,838.00,348.00,117.00,214.00,1.0,-1,-1,-1
703,7,541.00,316.00,108.00,177.00,1.0,-1,-1,-1
703,8,149.00,536.00,200.00,184.00,1.0,-1,-1,-1
703,9,852.00,310.00,128.00,166.00,1.0,-1,-1,-1
703,10,557.00,566.00,189.00,154.00,1.0,-1,-1,-1
703,11,766.00,340.00,152.00,176.00,1.0,-1,-1,-1
703,12,0.00,659.00,34.00,61.00,1.0,-1,-1,-1
703,13,1150.00,398.00,130.00,257.00,1.0,-1,-1,-1
704,0,329.00,342.00,119.00,195.00,1.0,-1,-1,-1
704,1,838.00,292.00,122.00,270.00,1.0,-1,-1,-1
704,2,426.00,282.00,135.00,180.00,1.0,-1,-1,-1
704,3,330.00,342.00,118.00,195.00,1.0,-1,-1,-1
704,4,101.00,230.00,62.00,118.00,1.0,-1,-1,-1
704,5,156.00,334.00,111.00,171.00,1.0,-1,-1,-1
704,6,838.00,333.00,116.00,229.00,1.0,-1,-1,-1
704,7,550.00,262.00,113.00,231.00,1.0,-1,-1,-1
704,8,149.00,536.00,193.00,184.00,1.0,-1,-1,-1
704,9,896.00,326.00,93.00,150.00,1.0,-1,-1,-1
704,10,557.00,566.00,185.00,154.00,1.0,-1,-1,-1
704,11,765.00,335.00,154.00,181.00,1.0,-1,-1,-1
704,12,0.00,660.00,33.00,60.00,1.0,-1,-1,-1
704,13,1150.00,399.00,130.00,255.00,1.0,-1,-1,-1
705,0,330.00,328.00,121.00,209.00,1.0,-1,-1,-1
705,1,836.00,238.00,142.00,324.00,1.0,-1,-1,-1
705,2,460.00,307.00,107.00,154.00,1.0,-1,-1,-1
705,3,330.00,328.00,121.00,209.00,1.0,-1,-1,-1
705,4,101.00,230.00,63.00,119.00,1.0,-1,-1,-1
705,5,148.00,331.00,120.00,174.00,1.0,-1,-1,-1
705,6,836.00,327.00,119.00,235.00,1.0,-1,-1,-1
705,7,553.00,225.00,107.00,268.00,1.0,-1,-1,-1
705,8,149.00,536.00,188.00,184.00,1.0,-1,-1,-1
705,9,932.00,321.00,67.00,155.00,1.0,-1,-1,-1
705,10,557.00,567.00,185.00,153.00,1.0,-1,-1,-1
705,11,766.00,328.00,154.00,188.00,1.0,-1,-1,-1
705,12,0.00,660.00,33.00,60.00,1.0,-1,-1,-1
705,13,1150.00,399.00,130.00,256.00,1.0,-1,-1,-1
706,0,297.00,229.00,188.00,308.00,1.0,-1,-1,-1
706,1,836.00,217.00,133.00,345.00,1.0,-1,-1,-1
706,2,464.00,242.00,105.00,219.00,1.0,-1,-1,-1
706,3,297.00,228.00,190.00,309.00,1.0,-1,-1,-1
706,4,101.00,230.00,59.00,98.00,1.0,-1,-1,-1
706,5,153.00,278.00,155.00,227.00,1.0,-1,-1,-1
706,6,836.00,327.00,122.00,235.00,1.0,-1,-1,-1
706,7,554.00,208.00,101.00,285.00,1.0,-1,-1,-1
706,8,149.00,536.00,188.00,184.00,1.0,-1,-1,-1
706,9,911.00,281.00,62.00,194.00,1.0,-1,-1,-1
706,10,557.00,567.00,185.00,153.00,1.0,-1,-1,-1
706,11,766.00,320.00,153.00,196.00,1.0,-1,-1,-1
706,12,0.00,660.00,33.00,60.00,1.0,-1,-1,-1
706,13,1150.00,399.00,130.00,256.00,1.0,-1,-1,-1
707,0,330.00,202.00,139.00,335.00,1.0,-1,-1,-1
707,1,839.00,201.00,164.00,361.00,1.0,-1,-1,-1
707,2,468.00,301.00,101.00,160.00,1.0,-1,-1,-1
707,3,330.00,201.00,140.00,336.00,1.0,-1,-1,-1
707,4,101.00,230.00,59.00,99.00,1.0,-1,-1,-1
707,5,166.00,239.00,133.00,266.00,1.0,-1,-1,-1
707,6,839.00,298.00,120.00,265.00,1.0,-1,-1,-1
707,7,554.00,196.00,92.00,298.00,1.0,-1,-1,-1
707,8,148.00,536.00,188.00,184.00,1.0,-1,-1,-1
707,9,902.00,257.00,131.00,219.00,1.0,-1,-1,-1
707,10,557.00,567.00,185.00,153.00,1.0,-1,-1,-1
707,11,765.00,313.00,153.00,203.00,1.0,-1,-1,-1
707,12,0.00,661.00,32.00,59.00,1.0,-1,-1,-1
707,13,1149.00,399.00,131.00,256.00,1.0,-1,-1,-1
708,0,329.00,182.00,136.00,355.00,1.0,-1,-1,-1
708,1,844.00,189.00,116.00,374.00,1.0,-1,-1,-1
708,2,447.00,186.00,152.00,274.00,1.0,-1,-1,-1
708,3,329.00,182.00,136.00,355.00,1.0,-1,-1,-1
708,4,101.00,230.00,59.00,98.00,1.0,-1,-1,-1
708,5,166.00,214.00,122.00,291.00,1.0,-1,-1,-1
708,6,844.00,227.00,117.00,336.00,1.0,-1,-1,-1
708,7,517.00,189.00,129.00,305.00,1.0,-1,-1,-1
708,8,148.00,536.00,188.00,184.00,1.0,-1,-1,-1
708,9,875.00,243.00,146.00,233.00,1.0,-1,-1,-1
708,10,557.00,567.00,185.00,153.00,1.0,-1,-1,-1
708,11,765.00,229.00,153.00,287.00,1.0,-1,-1,-1
708,12,0.00,661.00,32.00,59.00,1.0,-1,-1,-1
708,13,1149.00,399.00,131.00,256.00,1.0,-1,-1,-1
709,0,256.00,177.00,263.00,360.00,1.0,-1,-1,-1
709,1,849.00,179.00,122.00,384.00,1.0,-1,-1,-1
709,2,467.00,204.00,116.00,257.00,1.0,-1,-1,-1
709,3,334.00,177.00,178.00,360.00,1.0,-1,-1,-1
709,4,100.00,230.00,60.00,97.00,1.0,-1,-1,-1
709,5,162.00,195.00,115.00,310.00,1.0,-1,-1,-1
709,6,849.00,222.00,119.00,341.00,1.0,-1,-1,-1
709,7,553.00,183.00,95.00,311.00,1.0,-1,-1,-1
709,8,149.00,536.00,186.00,184.00,1.0,-1,-1,-1
709,9,872.00,214.00,134.00,262.00,1.0,-1,-1,-1
709,10,557.00,567.00,185.00,153.00,1.0,-1,-1,-1
709,11,770.00,211.00,149.00,306.00,1.0,-1,-1,-1
709,12,0.00,662.00,32.00,58.00,1.0,-1,-1,-1
709,13,1149.00,399.00,131.00,256.00,1.0,-1,-1,-1
710,0,342.00,174.00,192.00,363.00,1.0,-1,-1,-1
710,1,861.00,170.00,124.00,393.00,1.0,-1,-1,-1
710,2,464.00,200.00,112.00,266.00,1.0,-1,-1,-1
710,3,342.00,175.00,192.00,362.00,1.0,-1,-1,-1
710,4,100.00,230.00,59.00,97.00,1.0,-1,-1,-1
710,5,161.00,183.00,117.00,322.00,1.0,-1,-1,-1
710,6,861.00,180.00,114.00,383.00,1.0,-1,-1,-1
710,7,552.00,182.00,126.00,312.00,1.0,-1,-1,-1
710,8,148.00,537.00,186.00,183.00,1.0,-1,-1,-1
710,9,874.00,203.00,147.00,273.00,1.0,-1,-1,-1
710,10,556.00,567.00,186.00,153.00,1.0,-1,-1,-1
710,11,781.00,197.00,138.00,318.00,1.0,-1,-1,-1
710,12,0.00,662.00,32.00,58.00,1.0,-1,-1,-1
710,13,1149.00,399.00,131.00,256.00,1.0,-1,-1,-1
711,0,355.00,174.00,173.00,363.00,1.0,-1,-1,-1
711,1,880.00,161.00,100.00,401.00,1.0,-1,-1,-1
711,2,465.00,195.00,133.00,280.00,1.0,-1,-1,-1
711,3,355.00,174.00,173.00,363.00,1.0,-1,-1,-1
711,4,100.00,230.00,61.00,103.00,1.0,-1,-1,-1
711,5,162.00,177.00,116.00,328.00,1.0,-1,-1,-1
711,6,880.00,166.00,98.00,396.00,1.0,-1,-1,-1
711,7,549.00,184.00,134.00,310.00,1.0,-1,-1,-1
711,8,147.00,537.00,185.00,183.00,1.0,-1,-1,-1
711,9,946.00,237.00,77.00,240.00,1.0,-1,-1,-1
711,10,556.00,567.00,185.00,153.00,1.0,-1,-1,-1
711,11,789.00,187.00,125.00,327.00,1.0,-1,-1,-1
711,12,0.00,662.00,31.00,58.00,1.0,-1,-1,-1
711,13,1148.00,399.00,132.00,256.00,1.0,-1,-1,-1
712,0,379.00,171.00,162.00,366.00,1.0,-1,-1,-1
712,1,896.00,155.00,73.00,402.00,1.0,-1,-1,-1
712,2,470.00,192.00,139.00,285.00,1.0,-1,-1,-1
712,3,380.00,172.00,159.00,365.00,1.0,-1,-1,-1
712,4,99.00,230.00,59.00,98.00,1.0,-1,-1,-1
712,5,165.00,176.00,114.00,329.00,1.0,-1,-1,-1
712,6,897.00,172.00,72.00,385.00,1.0,-1,-1,-1
712,7,542.00,186.00,139.00,308.00,1.0,-1,-1,-1
712,8,147.00,537.00,185.00,183.00,1.0,-1,-1,-1
712,9,947.00,225.00,72.00,251.00,1.0,-1,-1,-1
712,10,555.00,567.00,185.00,153.00,1.0,-1,-1,-1
712,11,802.00,180.00,112.00,334.00,1.0,-1,-1,-1
712,12,0.00,663.00,31.00,57.00,1.0,-1,-1,-1
712,13,1147.00,399.00,133.00,256.00,1.0,-1,-1,-1
713,0,406.00,160.00,117.00,379.00,1.0,-1,-1,-1
713,1,899.00,153.00,69.00,402.00,1.0,-1,-1,-1
713,2,477.00,189.00,141.00,274.00,1.0,-1,-1,-1
713,3,406.00,160.00,117.00,377.00,1.0,-1,-1,-1
713,4,98.00,230.00,60.00,99.00,1.0,-1,-1,-1
713,5,171.00,175.00,112.00,330.00,1.0,-1,-1,-1
713,6,900.00,155.00,68.00,400.00,1.0,-1,-1,-1
713,7,539.00,185.00,136.00,309.00,1.0,-1,-1,-1
713,8,147.00,537.00,185.00,183.00,1.0,-1,-1,-1
713,9,946.00,201.00,83.00,276.00,1.0,-1,-1,-1
713,10,555.00,567.00,186.00,153.00,1.0,-1,-1,-1
713,11,820.00,174.00,96.00,341.00,1.0,-1,-1,-1
713,12,0.00,663.00,31.00,57.00,1.0,-1,-1,-1
713,13,1147.00,399.00,133.00,256.00,1.0,-1,-1,-1
714,0,412.00,147.00,106.00,391.00,1.0,-1,-1,-1
714,1,900.00,152.00,100.00,402.00,1.0,-1,-1,-1
714,2,487.00,189.00,132.00,273.00,1.0,-1,-1,-1
714,3,412.00,147.00,106.00,391.00,1.0,-1,-1,-1
714,4,98.00,230.00,59.00,97.00,1.0,-1,-1,-1
714,5,178.00,172.00,109.00,333.00,1.0,-1,-1,-1
714,6,900.00,156.00,94.00,398.00,1.0,-1,-1,-1
714,7,546.00,174.00,123.00,320.00,1.0,-1,-1,-1
714,8,146.00,537.00,184.00,183.00,1.0,-1,-1,-1
714,9,951.00,182.00,83.00,295.00,1.0,-1,-1,-1
714,10,554.00,567.00,185.00,153.00,1.0,-1,-1,-1
714,11,839.00,168.00,83.00,347.00,1.0,-1,-1,-1
714,12,0.00,664.00,30.00,56.00,1.0,-1,-1,-1
714,13,1147.00,400.00,133.00,256.00,1.0,-1,-1,-1
715,0,419.00,135.00,94.00,403.00,1.0,-1,-1,-1
715,1,900.00,150.00,70.00,402.00,1.0,-1,-1,-1
715,2,502.00,188.00,117.00,274.00,1.0,-1,-1,-1
715,3,420.00,135.00,93.00,403.00,1.0,-1,-1,-1
715,4,97.00,230.00,59.00,97.00,1.0,-1,-1,-1
715,5,191.00,166.00,96.00,341.00,1.0,-1,-1,-1
715,6,899.00,152.00,62.00,401.00,1.0,-1,-1,-1
715,7,557.00,161.00,110.00,333.00,1.0,-1,-1,-1
715,8,146.00,538.00,183.00,182.00,1.0,-1,-1,-1
715,9,937.00,169.00,95.00,308.00,1.0,-1,-1,-1
715,10,553.00,567.00,186.00,153.00,1.0,-1,-1,-1
715,11,861.00,161.00,61.00,352.00,1.0,-1,-1,-1
715,12,0.00,666.00,29.00,54.00,1.0,-1,-1,-1
715,13,1146.00,400.00,134.00,256.00,1.0,-1,-1,-1
716,0,428.00,125.00,88.00,411.00,1.0,-1,-1,-1
716,1,897.00,153.00,69.00,399.00,1.0,-1,-1,-1
716,2,521.00,184.00,99.00,278.00,1.0,-1,-1,-1
716,3,428.00,125.00,88.00,411.00,1.0,-1,-1,-1
716,4,97.00,231.00,59.00,95.00,1.0,-1,-1,-1
716,5,199.00,157.00,88.00,349.00,1.0,-1,-1,-1
716,6,897.00,157.00,69.00,395.00,1.0,-1,-1,-1
716,7,570.00,155.00,100.00,339.00,1.0,-1,-1,-1
716,8,145.00,538.00,186.00,182.00,1.0,-1,-1,-1
716,9,952.00,153.00,86.00,324.00,1.0,-1,-1,-1
716,10,553.00,567.00,184.00,153.00,1.0,-1,-1,-1
716,11,875.00,152.00,45.00,356.00,1.0,-1,-1,-1
716,12,0.00,666.00,28.00,54.00,1.0,-1,-1,-1
716,13,1145.00,400.00,135.00,256.00,1.0,-1,-1,-1
717,0,436.00,119.00,83.00,414.00,1.0,-1,-1,-1
717,1,888.00,139.00,80.00,415.00,1.0,-1,-1,-1
717,2,536.00,177.00,82.00,286.00,1.0,-1,-1,-1
717,3,436.00,119.00,83.00,414.00,1.0,-1,-1,-1
717,4,96.00,231.00,59.00,102.00,1.0,-1,-1,-1
717,5,209.00,146.00,79.00,360.00,1.0,-1,-1,-1
717,6,888.00,148.00,80.00,405.00,1.0,-1,-1,-1
717,7,583.00,150.00,94.00,340.00,1.0,-1,-1,-1
717,8,145.00,538.00,187.00,182.00,1.0,-1,-1,-1
717,9,959.00,144.00,74.00,333.00,1.0,-1,-1,-1
717,10,552.00,567.00,185.00,153.00,1.0,-1,-1,-1
717,11,882.00,140.00,39.00,375.00,1.0,-1,-1,-1
717,12,0.00,668.00,28.00,52.00,1.0,-1,-1,-1
717,13,1144.00,400.00,136.00,256.00,1.0,-1,-1,-1
718,0,436.00,117.00,83.00,415.00,1.0,-1,-1,-1
718,1,881.00,144.00,90.00,413.00,1.0,-1,-1,-1
718,2,541.00,161.00,82.00,302.00,1.0,-1,-1,-1
718,3,436.00,116.00,83.00,416.00,1.0,-1,-1,-1
718,4,95.00,230.00,60.00,103.00,1.0,-1,-1,-1
718,5,224.00,137.00,71.00,366.00,1.0,-1,-1,-1
718,6,881.00,155.00,90.00,402.00,1.0,-1,-1,-1
718,7,593.00,157.00,91.00,332.00,1.0,-1,-1,-1
718,8,144.00,538.00,191.00,182.00,1.0,-1,-1,-1
718,9,960.00,145.00,70.00,328.00,1.0,-1,-1,-1
718,10,552.00,567.00,185.00,153.00,1.0,-1,-1,-1
718,11,876.00,148.00,59.00,366.00,1.0,-1,-1,-1
718,12,0.00,669.00,28.00,51.00,1.0,-1,-1,-1
718,13,1143.00,400.00,137.00,256.00,1.0,-1,-1,-1
719,0,434.00,124.00,88.00,407.00,1.0,-1,-1,-1
719,1,879.00,170.00,94.00,390.00,1.0,-1,-1,-1
719,2,545.00,157.00,95.00,302.00,1.0,-1,-1,-1
719,3,434.00,124.00,87.00,407.00,1.0,-1,-1,-1
719,4,95.00,230.00,63.00,113.00,1.0,-1,-1,-1
719,5,219.00,134.00,81.00,367.00,1.0,-1,-1,-1
719,6,872.00,191.00,100.00,369.00,1.0,-1,-1,-1
719,7,603.00,159.00,88.00,331.00,1.0,-1,-1,-1
719,8,144.00,538.00,193.00,182.00,1.0,-1,-1,-1
719,9,952.00,138.00,71.00,331.00,1.0,-1,-1,-1
719,10,551.00,567.00,185.00,153.00,1.0,-1,-1,-1
719,11,870.00,150.00,69.00,364.00,1.0,-1,-1,-1
719,12,0.00,670.00,27.00,50.00,1.0,-1,-1,-1
719,13,1142.00,400.00,138.00,256.00,1.0,-1,-1,-1
720,0,435.00,140.00,89.00,392.00,1.0,-1,-1,-1
720,1,865.00,163.00,111.00,407.00,1.0,-1,-1,-1
720,2,540.00,153.00,109.00,306.00,1.0,-1,-1,-1
720,3,435.00,141.00,89.00,391.00,1.0,-1,-1,-1
720,4,94.00,230.00,174.00,205.00,1.0,-1,-1,-1
720,5,215.00,130.00,89.00,371.00,1.0,-1,-1,-1
720,6,864.00,203.00,111.00,367.00,1.0,-1,-1,-1
720,7,611.00,200.00,85.00,294.00,1.0,-1,-1,-1
720,8,143.00,538.00,196.00,182.00,1.0,-1,-1,-1
720,9,927.00,139.00,86.00,277.00,1.0,-1,-1,-1
720,10,550.00,567.00,185.00,153.00,1.0,-1,-1,-1
720,11,872.00,147.00,79.00,367.00,1.0,-1,-1,-1
720,12,0.00,673.00,26.00,47.00,1.0,-1,-1,-1
720,13,1141.00,400.00,139.00,257.00,1.0,-1,-1,-1
721,0,432.00,170.00,95.00,365.00,1.0,-1,-1,-1
721,1,864.00,142.00,111.00,428.00,1.0,-1,-1,-1
721,2,540.00,152.00,109.00,304.00,1.0,-1,-1,-1
721,3,432.00,171.00,94.00,363.00,1.0,-1,-1,-1
721,4,93.00,230.00,65.00,117.00,1.0,-1,-1,-1
721,5,208.00,132.00,97.00,369.00,1.0,-1,-1,-1
721,6,864.00,209.00,110.00,361.00,1.0,-1,-1,-1
721,7,606.00,207.00,92.00,292.00,1.0,-1,-1,-1
721,8,143.00,538.00,199.00,182.00,1.0,-1,-1,-1
721,9,905.00,133.00,103.00,356.00,1.0,-1,-1,-1
721,10,549.00,567.00,186.00,153.00,1.0,-1,-1,-1
721,11,867.00,138.00,108.00,376.00,1.0,-1,-1,-1
721,12,0.00,673.00,25.00,47.00,1.0,-1,-1,-1
721,13,1141.00,400.00,139.00,256.00,1.0,-1,-1,-1
722,0,436.00,203.00,97.00,335.00,1.0,-1,-1,-1
722,1,865.00,147.00,110.00,424.00,1.0,-1,-1,-1
722,2,541.00,156.00,96.00,300.00,1.0,-1,-1,-1
722,3,436.00,204.00,97.00,334.00,1.0,-1,-1,-1
722,4,92.00,231.00,66.00,112.00,1.0,-1,-1,-1
722,5,207.00,141.00,97.00,361.00,1.0,-1,-1,-1
722,6,865.00,226.00,110.00,345.00,1.0,-1,-1,-1
722,7,602.00,208.00,95.00,293.00,1.0,-1,-1,-1
722,8,143.00,538.00,201.00,182.00,1.0,-1,-1,-1
722,9,931.00,136.00,67.00,260.00,1.0,-1,-1,-1
722,10,549.00,567.00,185.00,153.00,1.0,-1,-1,-1
722,11,907.00,142.00,81.00,369.00,1.0,-1,-1,-1
722,12,0.00,673.00,24.00,47.00,1.0,-1,-1,-1
722,13,1140.00,400.00,140.00,256.00,1.0,-1,-1,-1
723,0,444.00,209.00,98.00,334.00,1.0,-1,-1,-1
723,1,866.00,136.00,132.00,435.00,1.0,-1,-1,-1
723,2,542.00,162.00,96.00,296.00,1.0,-1,-1,-1
723,3,444.00,209.00,98.00,334.00,1.0,-1,-1,-1
723,4,91.00,231.00,66.00,119.00,1.0,-1,-1,-1
723,5,207.00,153.00,93.00,350.00,1.0,-1,-1,-1
723,6,906.00,149.00,71.00,422.00,1.0,-1,-1,-1
723,7,590.00,166.00,107.00,337.00,1.0,-1,-1,-1
723,8,143.00,538.00,201.00,182.00,1.0,-1,-1,-1
723,9,866.00,136.00,133.00,248.00,1.0,-1,-1,-1
723,10,548.00,567.00,184.00,153.00,1.0,-1,-1,-1
723,11,867.00,135.00,132.00,252.00,1.0,-1,-1,-1
723,12,0.00,659.00,288.00,61.00,1.0,-1,-1,-1
723,13,1139.00,400.00,141.00,256.00,1.0,-1,-1,-1
724,0,439.00,220.00,108.00,323.00,1.0,-1,-1,-1
724,1,862.00,146.00,121.00,424.00,1.0,-1,-1,-1
724,2,550.00,170.00,76.00,291.00,1.0,-1,-1,-1
724,3,439.00,220.00,108.00,323.00,1.0,-1,-1,-1
724,4,90.00,230.00,65.00,121.00,1.0,-1,-1,-1
724,5,212.00,167.00,93.00,339.00,1.0,-1,-1,-1
724,6,862.00,269.00,116.00,301.00,1.0,-1,-1,-1
724,7,591.00,219.00,102.00,285.00,1.0,-1,-1,-1
724,8,143.00,538.00,203.00,182.00,1.0,-1,-1,-1
724,9,907.00,146.00,93.00,238.00,1.0,-1,-1,-1
724,10,547.00,567.00,185.00,153.00,1.0,-1,-1,-1
724,11,927.00,144.00,72.00,244.00,1.0,-1,-1,-1
724,12,0.00,659.00,288.00,61.00,1.0,-1,-1,-1
724,13,1138.00,399.00,142.00,257.00,1.0,-1,-1,-1
725,0,491.00,230.00,60.00,313.00,1.0,-1,-1,-1
725,1,865.00,163.00,113.00,407.00,1.0,-1,-1,-1
725,2,564.00,181.00,75.00,288.00,1.0,-1,-1,-1
725,3,492.00,230.00,59.00,313.00,1.0,-1,-1,-1
725,4,89.00,230.00,59.00,97.00,1.0,-1,-1,-1
725,5,219.00,179.00,85.00,334.00,1.0,-1,-1,-1
725,6,867.00,270.00,111.00,300.00,1.0,-1,-1,-1
725,7,598.00,226.00,87.00,278.00,1.0,-1,-1,-1
725,8,143.00,538.00,204.00,182.00,1.0,-1,-1,-1
725,9,925.00,159.00,83.00,353.00,1.0,-1,-1,-1
725,10,546.00,567.00,185.00,153.00,1.0,-1,-1,-1
725,11,921.00,159.00,87.00,354.00,1.0,-1,-1,-1
725,12,0.00,614.00,288.00,106.00,1.0,-1,-1,-1
725,13,1137.00,399.00,143.00,256.00,1.0,-1,-1,-1
726,0,448.00,238.00,111.00,305.00,1.0,-1,-1,-1
726,1,880.00,167.00,95.00,403.00,1.0,-1,-1,-1
726,2,571.00,192.00,79.00,277.00,1.0,-1,-1,-1
726,3,442.00,238.00,117.00,305.00,1.0,-1,-1,-1
726,4,87.00,230.00,59.00,96.00,1.0,-1,-1,-1
726,5,231.00,192.00,73.00,321.00,1.0,-1,-1,-1
726,6,881.00,239.00,96.00,331.00,1.0,-1,-1,-1
726,7,612.00,233.00,74.00,273.00,1.0,-1,-1,-1
726,8,141.00,539.00,206.00,181.00,1.0,-1,-1,-1
726,9,897.00,170.00,127.00,341.00,1.0,-1,-1,-1
726,10,544.00,567.00,185.00,153.00,1.0,-1,-1,-1
726,11,922.00,170.00,101.00,342.00,1.0,-1,-1,-1
726,12,0.00,659.00,288.00,61.00,1.0,-1,-1,-1
726,13,1135.00,399.00,145.00,257.00,1.0,-1,-1,-1
727,0,458.00,243.00,123.00,300.00,1.0,-1,-1,-1
727,1,902.00,181.00,77.00,389.00,1.0,-1,-1,-1
727,2,563.00,207.00,87.00,262.00,1.0,-1,-1,-1
727,3,458.00,243.00,123.00,300.00,1.0,-1,-1,-1
727,4,86.00,231.00,59.00,95.00,1.0,-1,-1,-1
727,5,247.00,204.00,65.00,309.00,1.0,-1,-1,-1
727,6,902.00,179.00,78.00,391.00,1.0,-1,-1,-1
727,7,630.00,237.00,58.00,267.00,1.0,-1,-1,-1
727,8,141.00,539.00,206.00,181.00,1.0,-1,-1,-1
727,9,876.00,191.00,163.00,318.00,1.0,-1,-1,-1
727,10,543.00,568.00,184.00,152.00,1.0,-1,-1,-1
727,11,917.00,180.00,121.00,329.00,1.0,-1,-1,-1
727,12,0.00,659.00,288.00,61.00,1.0,-1,-1,-1
727,13,1134.00,399.00,146.00,257.00,1.0,-1,-1,-1
728,0,486.00,246.00,114.00,297.00,1.0,-1,-1,-1
728,1,902.00,271.00,83.00,302.00,1.0,-1,-1,-1
728,2,559.00,213.00,89.00,256.00,1.0,-1,-1,-1
728,3,486.00,246.00,115.00,297.00,1.0,-1,-1,-1
728,4,85.00,230.00,58.00,98.00,1.0,-1,-1,-1
728,5,243.00,218.00,78.00,295.00,1.0,-1,-1,-1
728,6,901.00,267.00,82.00,306.00,1.0,-1,-1,-1
728,7,626.00,239.00,64.00,265.00,1.0,-1,-1,-1
728,8,140.00,539.00,207.00,181.00,1.0,-1,-1,-1
728,9,867.00,176.00,187.00,341.00,1.0,-1,-1,-1
728,10,542.00,567.00,184.00,153.00,1.0,-1,-1,-1
728,11,912.00,175.00,143.00,336.00,1.0,-1,-1,-1
728,12,0.00,569.00,288.00,151.00,1.0,-1,-1,-1
728,13,1133.00,399.00,147.00,257.00,1.0,-1,-1,-1
729,0,490.00,245.00,127.00,302.00,1.0,-1,-1,-1
729,1,902.00,270.00,87.00,307.00,1.0,-1,-1,-1
729,2,557.00,216.00,92.00,254.00,1.0,-1,-1,-1
729,3,490.00,245.00,127.00,302.00,1.0,-1,-1,-1
729,4,83.00,230.00,59.00,96.00,1.0,-1,-1,-1
729,5,240.00,228.00,88.00,286.00,1.0,-1,-1,-1
729,6,902.00,270.00,87.00,307.00,1.0,-1,-1,-1
729,7,629.00,239.00,73.00,265.00,1.0,-1,-1,-1
729,8,140.00,539.00,206.00,181.00,1.0,-1,-1,-1
729,9,871.00,181.00,199.00,338.00,1.0,-1,-1,-1
729,10,540.00,568.00,183.00,152.00,1.0,-1,-1,-1
729,11,902.00,179.00,169.00,334.00,1.0,-1,-1,-1
729,12,0.00,569.00,288.00,151.00,1.0,-1,-1,-1
729,13,1131.00,399.00,149.00,258.00,1.0,-1,-1,-1
730,0,489.00,245.00,144.00,304.00,1.0,-1,-1,-1
730,1,903.00,270.00,92.00,314.00,1.0,-1,-1,-1
730,2,575.00,219.00,79.00,251.00,1.0,-1,-1,-1
730,3,489.00,245.00,144.00,304.00,1.0,-1,-1,-1
730,4,82.00,231.00,59.00,102.00,1.0,-1,-1,-1
730,5,240.00,231.00,97.00,283.00,1.0,-1,-1,-1
730,6,904.00,271.00,90.00,313.00,1.0,-1,-1,-1
730,7,634.00,238.00,81.00,268.00,1.0,-1,-1,-1
730,8,138.00,539.00,207.00,181.00,1.0,-1,-1,-1
730,9,877.00,195.00,204.00,324.00,1.0,-1,-1,-1
730,10,538.00,567.00,183.00,153.00,1.0,-1,-1,-1
730,11,901.00,193.00,180.00,324.00,1.0,-1,-1,-1
730,12,0.00,569.00,288.00,149.00,1.0,-1,-1,-1
730,13,1130.00,399.00,150.00,257.00,1.0,-1,-1,-1
731,0,487.00,244.00,157.00,310.00,1.0,-1,-1,-1
731,1,905.00,280.00,96.00,304.00,1.0,-1,-1,-1
731,2,589.00,220.00,67.00,247.00,1.0,-1,-1,-1
731,3,487.00,244.00,157.00,310.00,1.0,-1,-1,-1
731,4,80.00,231.00,59.00,102.00,1.0,-1,-1,-1
731,5,244.00,231.00,101.00,283.00,1.0,-1,-1,-1
731,6,905.00,280.00,95.00,304.00,1.0,-1,-1,-1
731,7,635.00,238.00,90.00,274.00,1.0,-1,-1,-1
731,8,138.00,539.00,205.00,181.00,1.0,-1,-1,-1
731,9,897.00,215.00,191.00,308.00,1.0,-1,-1,-1
731,10,536.00,567.00,185.00,153.00,1.0,-1,-1,-1
731,11,897.00,214.00,191.00,309.00,1.0,-1,-1,-1
731,12,0.00,558.00,288.00,162.00,1.0,-1,-1,-1
731,13,1128.00,400.00,152.00,257.00,1.0,-1,-1,-1
732,0,490.00,242.00,155.00,316.00,1.0,-1,-1,-1
732,1,902.00,262.00,107.00,322.00,1.0,-1,-1,-1
732,2,596.00,220.00,95.00,262.00,1.0,-1,-1,-1
732,3,490.00,242.00,155.00,316.00,1.0,-1,-1,-1
732,4,77.00,231.00,61.00,106.00,1.0,-1,-1,-1
732,5,241.00,231.00,117.00,283.00,1.0,-1,-1,-1
732,6,902.00,246.00,107.00,338.00,1.0,-1,-1,-1
732,7,634.00,238.00,99.00,283.00,1.0,-1,-1,-1
732,8,137.00,540.00,204.00,180.00,1.0,-1,-1,-1
732,9,905.00,227.00,181.00,305.00,1.0,-1,-1,-1
732,10,534.00,567.00,186.00,153.00,1.0,-1,-1,-1
732,11,903.00,227.00,184.00,305.00,1.0,-1,-1,-1
732,12,0.00,558.00,288.00,158.00,1.0,-1,-1,-1
732,13,1126.00,400.00,154.00,257.00,1.0,-1,-1,-1
733,0,498.00,247.00,145.00,311.00,1.0,-1,-1,-1
733,1,900.00,280.00,114.00,304.00,1.0,-1,-1,-1
733,2,593.00,223.00,98.00,258.00,1.0,-1,-1,-1
733,3,498.00,245.00,145.00,313.00,1.0,-1,-1,-1
733,4,75.00,231.00,64.00,115.00,1.0,-1,-1,-1
733,5,241.00,230.00,125.00,288.00,1.0,-1,-1,-1
733,6,901.00,280.00,103.00,304.00,1.0,-1,-1,-1
733,7,627.00,241.00,110.00,281.00,1.0,-1,-1,-1
733,8,136.00,540.00,203.00,180.00,1.0,-1,-1,-1
733,9,940.00,229.00,143.00,303.00,1.0,-1,-1,-1
733,10,532.00,567.00,185.00,153.00,1.0,-1,-1,-1
733,11,944.00,229.00,140.00,303.00,1.0,-1,-1,-1
733,12,0.00,569.00,188.00,143.00,1.0,-1,-1,-1
733,13,1124.00,400.00,156.00,255.00,1.0,-1,-1,-1
734,0,506.00,248.00,135.00,310.00,1.0,-1,-1,-1
734,1,900.00,280.00,119.00,304.00,1.0,-1,-1,-1
734,2,592.00,226.00,99.00,256.00,1.0,-1,-1,-1
734,3,506.00,248.00,135.00,310.00,1.0,-1,-1,-1
734,4,74.00,230.00,65.00,119.00,1.0,-1,-1,-1
734,5,245.00,229.00,126.00,297.00,1.0,-1,-1,-1
734,6,900.00,277.00,118.00,307.00,1.0,-1,-1,-1
734,7,622.00,244.00,117.00,277.00,1.0,-1,-1,-1
734,8,134.00,540.00,202.00,180.00,1.0,-1,-1,-1
734,9,939.00,232.00,142.00,299.00,1.0,-1,-1,-1
734,10,530.00,567.00,186.00,153.00,1.0,-1,-1,-1
734,11,954.00,232.00,128.00,300.00,1.0,-1,-1,-1
734,12,0.00,690.00,6.00,21.00,1.0,-1,-1,-1
734,13,1122.00,399.00,158.00,256.00,1.0,-1,-1,-1
735,0,516.00,249.00,123.00,309.00,1.0,-1,-1,-1
735,1,901.00,285.00,115.00,299.00,1.0,-1,-1,-1
735,2,592.00,230.00,96.00,252.00,1.0,-1,-1,-1
735,3,516.00,250.00,123.00,308.00,1.0,-1,-1,-1
735,4,72.00,231.00,216.00,119.00,1.0,-1,-1,-1
735,5,249.00,230.00,121.00,295.00,1.0,-1,-1,-1
735,6,901.00,285.00,114.00,299.00,1.0,-1,-1,-1
735,7,624.00,248.00,115.00,274.00,1.0,-1,-1,-1
735,8,132.00,540.00,203.00,180.00,1.0,-1,-1,-1
735,9,946.00,235.00,133.00,296.00,1.0,-1,-1,-1
735,10,528.00,567.00,186.00,153.00,1.0,-1,-1,-1
735,11,957.00,235.00,122.00,296.00,1.0,-1,-1,-1
735,12,0.00,693.00,4.00,16.00,1.0,-1,-1,-1
735,13,1120.00,399.00,160.00,256.00,1.0,-1,-1,-1
736,0,530.00,251.00,109.00,307.00,1.0,-1,-1,-1
736,1,901.00,284.00,115.00,300.00,1.0,-1,-1,-1
736,2,592.00,234.00,84.00,246.00,1.0,-1,-1,-1
736,3,530.00,251.00,109.00,307.00,1.0,-1,-1,-1
736,4,69.00,231.00,59.00,100.00,1.0,-1,-1,-1
736,5,248.00,232.00,120.00,294.00,1.0,-1,-1,-1
736,6,901.00,281.00,114.00,303.00,1.0,-1,-1,-1
736,7,627.00,251.00,111.00,270.00,1.0,-1,-1,-1
736,8,130.00,540.00,202.00,180.00,1.0,-1,-1,-1
736,9,955.00,238.00,122.00,293.00,1.0,-1,-1,-1
736,10,526.00,567.00,185.00,153.00,1.0,-1,-1,-1
736,11,977.00,240.00,101.00,292.00,1.0,-1,-1,-1
736,12,0.00,697.00,3.00,8.00,1.0,-1,-1,-1
736,13,1118.00,399.00,162.00,256.00,1.0,-1,-1,-1
737,0,543.00,253.00,99.00,305.00,1.0,-1,-1,-1
737,1,901.00,280.00,115.00,304.00,1.0,-1,-1,-1
737,2,597.00,237.00,66.00,234.00,1.0,-1,-1,-1
737,3,543.00,253.00,99.00,305.00,1.0,-1,-1,-1
737,4,67.00,231.00,58.00,100.00,1.0,-1,-1,-1
737,5,250.00,235.00,115.00,291.00,1.0,-1,-1,-1
737,6,901.00,279.00,115.00,305.00,1.0,-1,-1,-1
737,7,630.00,255.00,106.00,267.00,1.0,-1,-1,-1
737,8,128.00,540.00,202.00,180.00,1.0,-1,-1,-1
737,9,961.00,240.00,114.00,291.00,1.0,-1,-1,-1
737,10,523.00,567.00,185.00,153.00,1.0,-1,-1,-1
737,11,991.00,246.00,85.00,286.00,1.0,-1,-1,-1
737,12,0.00,0.00,0.00,0.00,1.0,-1,-1,-1
737,13,1115.00,399.00,165.00,256.00,1.0,-1,-1,-1
738,0,547.00,253.00,96.00,305.00,1.0,-1,-1,-1
738,1,901.00,279.00,108.00,305.00,1.0,-1,-1,-1
738,2,619.00,239.00,49.00,196.00,1.0,-1,-1,-1
738,3,547.00,253.00,96.00,305.00,1.0,-1,-1,-1
738,4,65.00,231.00,58.00,99.00,1.0,-1,-1,-1
738,5,256.00,237.00,107.00,289.00,1.0,-1,-1,-1
738,6,901.00,279.00,107.00,305.00,1.0,-1,-1,-1
738,7,630.00,257.00,103.00,265.00,1.0,-1,-1,-1
738,8,126.00,540.00,202.00,180.00,1.0,-1,-1,-1
738,9,987.00,248.00,88.00,283.00,1.0,-1,-1,-1
738,10,522.00,568.00,184.00,152.00,1.0,-1,-1,-1
738,11,987.00,248.00,87.00,283.00,1.0,-1,-1,-1
738,12,0.00,0.00,0.00,0.00,1.0,-1,-1,-1
738,13,1112.00,399.00,168.00,256.00,1.0,-1,-1,-1
739,0,550.00,252.00,92.00,307.00,1.0,-1,-1,-1
739,1,901.00,278.00,137.00,306.00,1.0,-1,-1,-1
739,2,622.00,240.00,47.00,201.00,1.0,-1,-1,-1
739,3,550.00,252.00,92.00,308.00,1.0,-1,-1,-1
739,4,63.00,231.00,59.00,102.00,1.0,-1,-1,-1
739,5,261.00,239.00,100.00,287.00,1.0,-1,-1,-1
739,6,901.00,279.00,108.00,305.00,1.0,-1,-1,-1
739,7,631.00,258.00,97.00,264.00,1.0,-1,-1,-1
739,8,124.00,540.00,201.00,180.00,1.0,-1,-1,-1
739,9,992.00,249.00,86.00,282.00,1.0,-1,-1,-1
739,10,518.00,567.00,184.00,153.00,1.0,-1,-1,-1
739,11,992.00,249.00,86.00,282.00,1.0,-1,-1,-1
739,12,0.00,0.00,0.00,0.00,1.0,-1,-1,-1
739,13,1110.00,399.00,170.00,256.00,1.0,-1,-1,-1
740,0,553.00,251.00,88.00,310.00,1.0,-1,-1,-1
740,1,902.00,279.00,105.00,305.00,1.0,-1,-1,-1
740,2,622.00,241.00,48.00,210.00,1.0,-1,-1,-1
740,3,554.00,251.00,87.00,310.00,1.0,-1,-1,-1
740,4,60.00,231.00,60.00,103.00,1.0,-1,-1,-1
740,5,266.00,241.00,92.00,285.00,1.0,-1,-1,-1
740,6,901.00,278.00,104.00,306.00,1.0,-1,-1,-1
740,7,636.00,258.00,88.00,264.00,1.0,-1,-1,-1
740,8,121.00,540.00,202.00,180.00,1.0,-1,-1,-1
740,9,1003.00,248.00,76.00,283.00,1.0,-1,-1,-1
740,10,516.00,567.00,185.00,153.00,1.0,-1,-1,-1
740,11,996.00,248.00,82.00,283.00,1.0,-1,-1,-1
740,12,0.00,0.00,0.00,0.00,1.0,-1,-1,-1
740,13,1108.00,399.00,172.00,258.00,1.0,-1,-1,-1
741,0,558.00,250.00,94.00,313.00,1.0,-1,-1,-1
741,1,902.00,274.00,103.00,310.00,1.0,-1,-1,-1
741,2,625.00,241.00,46.00,237.00,1.0,-1,-1,-1
741,3,559.00,250.00,93.00,313.00,1.0,-1,-1,-1
741,4,57.00,231.00,251.00,106.00,1.0,-1,-1,-1
741,5,272.00,241.00,85.00,285.00,1.0,-1,-1,-1
741,6,902.00,274.00,83.00,310.00,1.0,-1,-1,-1
741,7,639.00,258.00,81.00,264.00,1.0,-1,-1,-1
741,8,119.00,540.00,202.00,180.00,1.0,-1,-1,-1
741,9,1005.00,244.00,74.00,288.00,1.0,-1,-1,-1
741,10,514.00,568.00,185.00,152.00,1.0,-1,-1,-1
741,11,1006.00,244.00,73.00,288.00,1.0,-1,-1,-1
741,12,0.00,0.00,0.00,0.00,1.0,-1,-1,-1
741,13,1106.00,399.00,174.00,258.00,1.0,-1,-1,-1
742,0,565.00,247.00,99.00,317.00,1.0,-1,-1,-1
742,1,904.00,272.00,94.00,312.00,1.0,-1,-1,-1
742,2,627.00,242.00,43.00,246.00,1.0,-1,-1,-1
742,3,332.00,247.00,332.00,318.00,1.0,-1,-1,-1
742,4,56.00,231.00,272.00,159.00,1.0,-1,-1,-1
742,5,278.00,241.00,77.00,285.00,1.0,-1,-1,-1
742,6,904.00,272.00,82.00,312.00,1.0,-1,-1,-1
742,7,638.00,256.00,78.00,266.00,1.0,-1,-1,-1
742,8,118.00,540.00,200.00,180.00,1.0,-1,-1,-1
742,9,998.00,240.00,79.00,292.00,1.0,-1,-1,-1
742,10,512.00,568.00,184.00,152.00,1.0,-1,-1,-1
742,11,997.00,240.00,80.00,292.00,1.0,-1,-1,-1
742,12,0.00,0.00,0.00,0.00,1.0,-1,-1,-1
742,13,1103.00,399.00,173.00,256.00,1.0,-1,-1,-1
743,0,572.00,245.00,96.00,325.00,1.0,-1,-1,-1
743,1,906.00,276.00,95.00,308.00,1.0,-1,-1,-1
743,2,629.00,241.00,40.00,251.00,1.0,-1,-1,-1
743,3,572.00,245.00,96.00,325.00,1.0,-1,-1,-1
743,4,53.00,231.00,255.00,118.00,1.0,-1,-1,-1
743,5,285.00,241.00,71.00,285.00,1.0,-1,-1,-1
743,6,906.00,268.00,107.00,316.00,1.0,-1,-1,-1
743,7,631.00,247.00,84.00,275.00,1.0,-1,-1,-1
743,8,115.00,540.00,200.00,180.00,1.0,-1,-1,-1
743,9,997.00,233.00,80.00,299.00,1.0,-1,-1,-1
743,10,509.00,568.00,184.00,152.00,1.0,-1,-1,-1
743,11,996.00,234.00,82.00,298.00,1.0,-1,-1,-1
743,12,0.00,0.00,0.00,0.00,1.0,-1,-1,-1
743,13,1101.00,399.00,173.00,256.00,1.0,-1,-1,-1
744,0,575.00,244.00,89.00,326.00,1.0,-1,-1,-1
744,1,908.00,267.00,104.00,322.00,1.0,-1,-1,-1
744,2,628.00,240.00,39.00,198.00,1.0,-1,-1,-1
744,3,575.00,244.00,89.00,326.00,1.0,-1,-1,-1
744,4,50.00,230.00,60.00,101.00,1.0,-1,-1,-1
744,5,284.00,241.00,74.00,287.00,1.0,-1,-1,-1
744,6,908.00,266.00,105.00,323.00,1.0,-1,-1,-1
744,7,630.00,240.00,84.00,283.00,1.0,-1,-1,-1
744,8,113.00,541.00,199.00,179.00,1.0,-1,-1,-1
744,9,999.00,226.00,81.00,306.00,1.0,-1,-1,-1
744,10,507.00,568.00,184.00,152.00,1.0,-1,-1,-1
744,11,999.00,227.00,81.00,304.00,1.0,-1,-1,-1
744,12,0.00,0.00,0.00,0.00,1.0,-1,-1,-1
744,13,1098.00,400.00,173.00,256.00,1.0,-1,-1,-1
745,0,574.00,242.00,87.00,328.00,1.0,-1,-1,-1
745,1,907.00,265.00,91.00,323.00,1.0,-1,-1,-1
745,2,629.00,237.00,35.00,256.00,1.0,-1,-1,-1
745,3,574.00,242.00,88.00,328.00,1.0,-1,-1,-1
745,4,48.00,231.00,59.00,101.00,1.0,-1,-1,-1
745,5,282.00,239.00,77.00,289.00,1.0,-1,-1,-1
745,6,907.00,264.00,88.00,324.00,1.0,-1,-1,-1
745,7,631.00,238.00,81.00,286.00,1.0,-1,-1,-1
745,8,110.00,541.00,200.00,179.00,1.0,-1,-1,-1
745,9,1000.00,223.00,86.00,309.00,1.0,-1,-1,-1
745,10,505.00,568.00,184.00,152.00,1.0,-1,-1,-1
745,11,1000.00,223.00,86.00,309.00,1.0,-1,-1,-1
745,12,0.00,0.00,0.00,0.00,1.0,-1,-1,-1
745,13,1096.00,400.00,173.00,256.00,1.0,-1,-1,-1
746,0,574.00,241.00,85.00,329.00,1.0,-1,-1,-1
746,1,905.00,263.00,73.00,325.00,1.0,-1,-1,-1
746,2,632.00,232.00,61.00,290.00,1.0,-1,-1,-1
746,3,575.00,241.00,85.00,329.00,1.0,-1,-1,-1
746,4,46.00,231.00,242.00,101.00,1.0,-1,-1,-1
746,5,279.00,235.00,81.00,295.00,1.0,-1,-1,-1
746,6,904.00,262.00,74.00,327.00,1.0,-1,-1,-1
746,7,631.00,233.00,79.00,297.00,1.0,-1,-1,-1
746,8,107.00,541.00,201.00,179.00,1.0,-1,-1,-1
746,9,1001.00,221.00,93.00,315.00,1.0,-1,-1,-1
746,10,502.00,568.00,184.00,152.00,1.0,-1,-1,-1
746,11,1002.00,221.00,92.00,315.00,1.0,-1,-1,-1
746,12,0.00,0.00,0.00,0.00,1.0,-1,-1,-1
746,13,1094.00,400.00,173.00,256.00,1.0,-1,-1,-1
747,0,576.00,237.00,82.00,334.00,1.0,-1,-1,-1
747,1,901.00,254.00,89.00,335.00,1.0,-1,-1,-1
747,2,632.00,226.00,47.00,286.00,1.0,-1,-1,-1
747,3,576.00,237.00,82.00,334.00,1.0,-1,-1,-1
747,4,44.00,231.00,58.00,102.00,1.0,-1,-1,-1
747,5,279.00,229.00,85.00,302.00,1.0,-1,-1,-1
747,6,901.00,264.00,88.00,325.00,1.0,-1,-1,-1
747,7,632.00,226.00,73.00,305.00,1.0,-1,-1,-1
747,8,104.00,541.00,201.00,179.00,1.0,-1,-1,-1
747,9,1006.00,222.00,93.00,316.00,1.0,-1,-1,-1
747,10,499.00,568.00,182.00,152.00,1.0,-1,-1,-1
747,11,1007.00,222.00,92.00,316.00,1.0,-1,-1,-1
747,12,0.00,0.00,0.00,0.00,1.0,-1,-1,-1
747,13,1090.00,400.00,174.00,256.00,1.0,-1,-1,-1
748,0,576.00,236.00,81.00,335.00,1.0,-1,-1,-1
748,1,897.00,237.00,91.00,352.00,1.0,-1,-1,-1
748,2,637.00,219.00,36.00,289.00,1.0,-1,-1,-1
748,3,576.00,236.00,81.00,335.00,1.0,-1,-1,-1
748,4,42.00,232.00,59.00,102.00,1.0,-1,-1,-1
748,5,277.00,225.00,95.00,307.00,1.0,-1,-1,-1
748,6,897.00,248.00,91.00,341.00,1.0,-1,-1,-1
748,7,631.00,220.00,77.00,312.00,1.0,-1,-1,-1
748,8,102.00,541.00,201.00,179.00,1.0,-1,-1,-1
748,9,1005.00,203.00,77.00,335.00,1.0,-1,-1,-1
748,10,497.00,568.00,184.00,152.00,1.0,-1,-1,-1
748,11,1006.00,203.00,77.00,335.00,1.0,-1,-1,-1
748,12,0.00,0.00,0.00,0.00,1.0,-1,-1,-1
748,13,1089.00,400.00,173.00,258.00,1.0,-1,-1,-1
749,0,574.00,235.00,81.00,336.00,1.0,-1,-1,-1
749,1,892.00,226.00,87.00,363.00,1.0,-1,-1,-1
749,2,634.00,213.00,55.00,292.00,1.0,-1,-1,-1
749,3,574.00,235.00,81.00,336.00,1.0,-1,-1,-1
749,4,39.00,232.00,60.00,104.00,1.0,-1,-1,-1
749,5,277.00,222.00,106.00,309.00,1.0,-1,-1,-1
749,6,892.00,256.00,87.00,333.00,1.0,-1,-1,-1
749,7,631.00,214.00,72.00,318.00,1.0,-1,-1,-1
749,8,101.00,541.00,199.00,179.00,1.0,-1,-1,-1
749,9,1005.00,195.00,71.00,343.00,1.0,-1,-1,-1
749,10,495.00,568.00,185.00,152.00,1.0,-1,-1,-1
749,11,1005.00,195.00,71.00,343.00,1.0,-1,-1,-1
749,12,0.00,0.00,0.00,0.00,1.0,-1,-1,-1
749,13,1087.00,400.00,173.00,258.00,1.0,-1,-1,-1
750,0,556.00,234.00,96.00,337.00,1.0,-1,-1,-1
750,1,887.00,208.00,86.00,381.00,1.0,-1,-1,-1
750,2,556.00,209.00,132.00,286.00,1.0,-1,-1,-1
750,3,557.00,234.00,95.00,337.00,1.0,-1,-1,-1
750,4,37.00,232.00,62.00,107.00,1.0,-1,-1,-1
750,5,278.00,222.00,123.00,309.00,1.0,-1,-1,-1
750,6,887.00,213.00,82.00,376.00,1.0,-1,-1,-1
750,7,625.00,209.00,76.00,323.00,1.0,-1,-1,-1
750,8,98.00,541.00,200.00,179.00,1.0,-1,-1,-1
750,9,1003.00,192.00,70.00,346.00,1.0,-1,-1,-1
750,10,493.00,568.00,184.00,152.00,1.0,-1,-1,-1
750,11,1004.00,192.00,69.00,346.00,1.0,-1,-1,-1
750,12,0.00,0.00,0.00,0.00,1.0,-1,-1,-1
750,13,1084.00,400.00,173.00,258.00,1.0,-1,-1,-1
751,0,548.00,203.00,102.00,369.00,1.0,-1,-1,-1
751,1,885.00,201.00,83.00,388.00,1.0,-1,-1,-1
751,2,567.00,206.00,132.00,322.00,1.0,-1,-1,-1
751,3,547.00,204.00,103.00,368.00,1.0,-1,-1,-1
751,4,35.00,232.00,273.00,116.00,1.0,-1,-1,-1
751,5,279.00,222.00,130.00,310.00,1.0,-1,-1,-1
751,6,885.00,201.00,83.00,388.00,1.0,-1,-1,-1
751,7,628.00,206.00,73.00,326.00,1.0,-1,-1,-1
751,8,97.00,542.00,197.00,178.00,1.0,-1,-1,-1
751,9,994.00,188.00,78.00,350.00,1.0,-1,-1,-1
751,10,491.00,568.00,183.00,152.00,1.0,-1,-1,-1
751,11,994.00,188.00,78.00,350.00,1.0,-1,-1,-1
751,12,0.00,0.00,0.00,0.00,1.0,-1,-1,-1
751,13,1082.00,400.00,172.00,255.00,1.0,-1,-1,-1
752,0,540.00,195.00,128.00,377.00,1.0,-1,-1,-1
752,1,882.00,194.00,79.00,395.00,1.0,-1,-1,-1
752,2,541.00,204.00,138.00,292.00,1.0,-1,-1,-1
752,3,540.00,196.00,108.00,376.00,1.0,-1,-1,-1
752,4,33.00,232.00,65.00,114.00,1.0,-1,-1,-1
752,5,276.00,223.00,122.00,309.00,1.0,-1,-1,-1
752,6,882.00,192.00,94.00,397.00,1.0,-1,-1,-1
752,7,630.00,204.00,70.00,328.00,1.0,-1,-1,-1
752,8,94.00,542.00,198.00,178.00,1.0,-1,-1,-1
752,9,987.00,186.00,85.00,352.00,1.0,-1,-1,-1
752,10,489.00,568.00,184.00,152.00,1.0,-1,-1,-1
752,11,987.00,185.00,85.00,354.00,1.0,-1,-1,-1
752,12,0.00,0.00,0.00,0.00,1.0,-1,-1,-1
752,13,1080.00,400.00,173.00,256.00,1.0,-1,-1,-1
753,0,535.00,193.00,113.00,379.00,1.0,-1,-1,-1
753,1,879.00,191.00,95.00,398.00,1.0,-1,-1,-1
753,2,536.00,193.00,125.00,304.00,1.0,-1,-1,-1
753,3,535.00,193.00,113.00,379.00,1.0,-1,-1,-1
753,4,30.00,232.00,258.00,147.00,1.0,-1,-1,-1
753,5,273.00,211.00,110.00,321.00,1.0,-1,-1,-1
753,6,879.00,190.00,99.00,399.00,1.0,-1,-1,-1
753,7,631.00,189.00,69.00,343.00,1.0,-1,-1,-1
753,8,91.00,543.00,199.00,177.00,1.0,-1,-1,-1
753,9,979.00,184.00,93.00,355.00,1.0,-1,-1,-1
753,10,487.00,568.00,252.00,152.00,1.0,-1,-1,-1
753,11,979.00,184.00,92.00,355.00,1.0,-1,-1,-1
753,12,0.00,0.00,0.00,0.00,1.0,-1,-1,-1
753,13,1077.00,400.00,174.00,256.00,1.0,-1,-1,-1
754,0,530.00,187.00,119.00,385.00,1.0,-1,-1,-1
754,1,865.00,192.00,106.00,397.00,1.0,-1,-1,-1
754,2,535.00,198.00,134.00,299.00,1.0,-1,-1,-1
754,3,530.00,195.00,118.00,377.00,1.0,-1,-1,-1
754,4,28.00,232.00,280.00,158.00,1.0,-1,-1,-1
754,5,271.00,203.00,101.00,329.00,1.0,-1,-1,-1
754,6,865.00,192.00,106.00,397.00,1.0,-1,-1,-1
754,7,636.00,189.00,62.00,343.00,1.0,-1,-1,-1
754,8,89.00,542.00,199.00,178.00,1.0,-1,-1,-1
754,9,976.00,182.00,95.00,357.00,1.0,-1,-1,-1
754,10,485.00,568.00,185.00,152.00,1.0,-1,-1,-1
754,11,881.00,182.00,190.00,357.00,1.0,-1,-1,-1
754,12,0.00,0.00,0.00,0.00,1.0,-1,-1,-1
754,13,1076.00,400.00,173.00,257.00,1.0,-1,-1,-1
755,0,525.00,181.00,126.00,391.00,1.0,-1,-1,-1
755,1,854.00,198.00,109.00,391.00,1.0,-1,-1,-1
755,2,537.00,189.00,136.00,308.00,1.0,-1,-1,-1
755,3,525.00,183.00,124.00,389.00,1.0,-1,-1,-1
755,4,26.00,232.00,59.00,102.00,1.0,-1,-1,-1
755,5,267.00,194.00,93.00,338.00,1.0,-1,-1,-1
755,6,852.00,198.00,111.00,391.00,1.0,-1,-1,-1
755,7,633.00,181.00,64.00,351.00,1.0,-1,-1,-1
755,8,87.00,543.00,198.00,177.00,1.0,-1,-1,-1
755,9,972.00,180.00,98.00,358.00,1.0,-1,-1,-1
755,10,483.00,568.00,184.00,152.00,1.0,-1,-1,-1
755,11,972.00,180.00,98.00,359.00,1.0,-1,-1,-1
755,12,0.00,0.00,0.00,0.00,1.0,-1,-1,-1
755,13,1074.00,400.00,173.00,256.00,1.0,-1,-1,-1
756,0,523.00,179.00,131.00,393.00,1.0,-1,-1,-1
756,1,845.00,202.00,108.00,387.00,1.0,-1,-1,-1
756,2,570.00,178.00,108.00,319.00,1.0,-1,-1,-1
756,3,523.00,180.00,131.00,392.00,1.0,-1,-1,-1
756,4,24.00,232.00,60.00,104.00,1.0,-1,-1,-1
756,5,266.00,193.00,85.00,340.00,1.0,-1,-1,-1
756,6,842.00,202.00,111.00,387.00,1.0,-1,-1,-1
756,7,630.00,179.00,65.00,353.00,1.0,-1,-1,-1
756,8,85.00,543.00,198.00,177.00,1.0,-1,-1,-1
756,9,972.00,182.00,97.00,357.00,1.0,-1,-1,-1
756,10,482.00,569.00,252.00,151.00,1.0,-1,-1,-1
756,11,972.00,183.00,97.00,356.00,1.0,-1,-1,-1
756,12,0.00,0.00,0.00,0.00,1.0,-1,-1,-1
756,13,1072.00,400.00,173.00,256.00,1.0,-1,-1,-1
757,0,522.00,180.00,135.00,392.00,1.0,-1,-1,-1
757,1,830.00,202.00,118.00,387.00,1.0,-1,-1,-1
757,2,572.00,209.00,91.00,288.00,1.0,-1,-1,-1
757,3,522.00,230.00,122.00,342.00,1.0,-1,-1,-1
757,4,23.00,232.00,59.00,104.00,1.0,-1,-1,-1
757,5,265.00,193.00,75.00,340.00,1.0,-1,-1,-1
757,6,827.00,202.00,121.00,387.00,1.0,-1,-1,-1
757,7,616.00,180.00,77.00,352.00,1.0,-1,-1,-1
757,8,82.00,543.00,199.00,177.00,1.0,-1,-1,-1
757,9,974.00,192.00,93.00,347.00,1.0,-1,-1,-1
757,10,479.00,569.00,183.00,151.00,1.0,-1,-1,-1
757,11,974.00,192.00,93.00,347.00,1.0,-1,-1,-1
757,12,0.00,0.00,0.00,0.00,1.0,-1,-1,-1
757,13,1070.00,401.00,173.00,259.00,1.0,-1,-1,-1
758,0,522.00,181.00,146.00,391.00,1.0,-1,-1,-1
758,1,820.00,203.00,133.00,387.00,1.0,-1,-1,-1
758,2,574.00,183.00,100.00,314.00,1.0,-1,-1,-1
758,3,522.00,230.00,122.00,342.00,1.0,-1,-1,-1
758,4,20.00,232.00,61.00,104.00,1.0,-1,-1,-1
758,5,261.00,194.00,72.00,339.00,1.0,-1,-1,-1
758,6,820.00,203.00,133.00,387.00,1.0,-1,-1,-1
758,7,582.00,183.00,108.00,349.00,1.0,-1,-1,-1
758,8,80.00,543.00,199.00,177.00,1.0,-1,-1,-1
758,9,967.00,202.00,99.00,336.00,1.0,-1,-1,-1
758,10,477.00,569.00,184.00,151.00,1.0,-1,-1,-1
758,11,967.00,202.00,99.00,336.00,1.0,-1,-1,-1
758,12,0.00,0.00,0.00,0.00,1.0,-1,-1,-1
758,13,1068.00,400.00,173.00,259.00,1.0,-1,-1,-1
759,0,525.00,192.00,146.00,380.00,1.0,-1,-1,-1
759,1,810.00,206.00,145.00,384.00,1.0,-1,-1,-1
759,2,571.00,189.00,112.00,308.00,1.0,-1,-1,-1
759,3,525.00,231.00,120.00,341.00,1.0,-1,-1,-1
759,4,18.00,232.00,270.00,181.00,1.0,-1,-1,-1
759,5,254.00,198.00,73.00,335.00,1.0,-1,-1,-1
759,6,811.00,206.00,139.00,384.00,1.0,-1,-1,-1
759,7,617.00,192.00,69.00,340.00,1.0,-1,-1,-1
759,8,79.00,543.00,199.00,177.00,1.0,-1,-1,-1
759,9,961.00,224.00,105.00,314.00,1.0,-1,-1,-1
759,10,477.00,569.00,183.00,151.00,1.0,-1,-1,-1
759,11,961.00,224.00,105.00,314.00,1.0,-1,-1,-1
759,12,0.00,0.00,0.00,0.00,1.0,-1,-1,-1
759,13,1067.00,400.00,172.00,259.00,1.0,-1,-1,-1
760,0,530.00,232.00,120.00,340.00,1.0,-1,-1,-1
760,1,815.00,212.00,138.00,378.00,1.0,-1,-1,-1
760,2,569.00,192.00,134.00,305.00,1.0,-1,-1,-1
760,3,530.00,233.00,119.00,339.00,1.0,-1,-1,-1
760,4,17.00,233.00,271.00,112.00,1.0,-1,-1,-1
760,5,248.00,209.00,77.00,324.00,1.0,-1,-1,-1
760,6,815.00,212.00,138.00,378.00,1.0,-1,-1,-1
760,7,622.00,197.00,76.00,335.00,1.0,-1,-1,-1
760,8,78.00,543.00,198.00,177.00,1.0,-1,-1,-1
760,9,954.00,229.00,115.00,309.00,1.0,-1,-1,-1
760,10,474.00,569.00,184.00,151.00,1.0,-1,-1,-1
760,11,954.00,229.00,115.00,309.00,1.0,-1,-1,-1
760,12,0.00,0.00,0.00,0.00,1.0,-1,-1,-1
760,13,1065.00,400.00,172.00,256.00,1.0,-1,-1,-1
761,0,537.00,220.00,137.00,352.00,1.0,-1,-1,-1
761,1,819.00,218.00,141.00,372.00,1.0,-1,-1,-1
761,2,569.00,202.00,147.00,295.00,1.0,-1,-1,-1
761,3,537.00,236.00,107.00,336.00,1.0,-1,-1,-1
761,4,15.00,232.00,273.00,110.00,1.0,-1,-1,-1
761,5,241.00,224.00,81.00,309.00,1.0,-1,-1,-1
761,6,819.00,218.00,136.00,372.00,1.0,-1,-1,-1
761,7,622.00,203.00,87.00,329.00,1.0,-1,-1,-1
761,8,76.00,543.00,198.00,177.00,1.0,-1,-1,-1
761,9,950.00,233.00,134.00,306.00,1.0,-1,-1,-1
761,10,473.00,569.00,183.00,151.00,1.0,-1,-1,-1
761,11,951.00,233.00,132.00,306.00,1.0,-1,-1,-1
761,12,0.00,0.00,0.00,0.00,1.0,-1,-1,-1
761,13,1063.00,401.00,173.00,255.00,1.0,-1,-1,-1
762,0,541.00,242.00,100.00,331.00,1.0,-1,-1,-1
762,1,857.00,270.00,78.00,320.00,1.0,-1,-1,-1
762,2,572.00,203.00,148.00,294.00,1.0,-1,-1,-1
762,3,541.00,242.00,100.00,331.00,1.0,-1,-1,-1
762,4,13.00,232.00,60.00,104.00,1.0,-1,-1,-1
762,5,234.00,225.00,82.00,308.00,1.0,-1,-1,-1
762,6,860.00,269.00,75.00,321.00,1.0,-1,-1,-1
762,7,627.00,205.00,92.00,327.00,1.0,-1,-1,-1
762,8,74.00,543.00,199.00,177.00,1.0,-1,-1,-1
762,9,948.00,240.00,148.00,299.00,1.0,-1,-1,-1
762,10,472.00,569.00,184.00,151.00,1.0,-1,-1,-1
762,11,948.00,240.00,147.00,299.00,1.0,-1,-1,-1
762,12,0.00,0.00,0.00,0.00,1.0,-1,-1,-1
762,13,1062.00,400.00,172.00,256.00,1.0,-1,-1,-1
763,0,546.00,247.00,95.00,326.00,1.0,-1,-1,-1
763,1,852.00,272.00,84.00,318.00,1.0,-1,-1,-1
763,2,572.00,203.00,148.00,292.00,1.0,-1,-1,-1
763,3,546.00,248.00,95.00,325.00,1.0,-1,-1,-1
763,4,12.00,232.00,59.00,103.00,1.0,-1,-1,-1
763,5,228.00,227.00,82.00,306.00,1.0,-1,-1,-1
763,6,841.00,272.00,95.00,318.00,1.0,-1,-1,-1
763,7,627.00,241.00,71.00,292.00,1.0,-1,-1,-1
763,8,72.00,543.00,199.00,177.00,1.0,-1,-1,-1
763,9,948.00,248.00,154.00,292.00,1.0,-1,-1,-1
763,10,470.00,569.00,183.00,151.00,1.0,-1,-1,-1
763,11,946.00,248.00,156.00,292.00,1.0,-1,-1,-1
763,12,0.00,0.00,0.00,0.00,1.0,-1,-1,-1
763,13,1061.00,400.00,172.00,256.00,1.0,-1,-1,-1
764,0,549.00,249.00,99.00,324.00,1.0,-1,-1,-1
764,1,852.00,274.00,92.00,316.00,1.0,-1,-1,-1
764,2,574.00,205.00,135.00,298.00,1.0,-1,-1,-1
764,3,549.00,250.00,93.00,323.00,1.0,-1,-1,-1
764,4,10.00,232.00,60.00,103.00,1.0,-1,-1,-1
764,5,224.00,231.00,85.00,302.00,1.0,-1,-1,-1
764,6,852.00,274.00,91.00,316.00,1.0,-1,-1,-1
764,7,626.00,248.00,62.00,285.00,1.0,-1,-1,-1
764,8,71.00,543.00,199.00,177.00,1.0,-1,-1,-1
764,9,951.00,252.00,158.00,287.00,1.0,-1,-1,-1
764,10,468.00,569.00,184.00,151.00,1.0,-1,-1,-1
764,11,952.00,253.00,156.00,286.00,1.0,-1,-1,-1
764,12,0.00,0.00,0.00,0.00,1.0,-1,-1,-1
764,13,1059.00,400.00,172.00,256.00,1.0,-1,-1,-1
765,0,555.00,252.00,99.00,321.00,1.0,-1,-1,-1
765,1,850.00,275.00,88.00,315.00,1.0,-1,-1,-1
765,2,573.00,207.00,130.00,307.00,1.0,-1,-1,-1
765,3,555.00,253.00,94.00,320.00,1.0,-1,-1,-1
765,4,9.00,232.00,279.00,203.00,1.0,-1,-1,-1
765,5,223.00,237.00,85.00,296.00,1.0,-1,-1,-1
765,6,850.00,275.00,88.00,315.00,1.0,-1,-1,-1
765,7,627.00,262.00,59.00,271.00,1.0,-1,-1,-1
765,8,69.00,543.00,199.00,177.00,1.0,-1,-1,-1
765,9,955.00,254.00,158.00,285.00,1.0,-1,-1,-1
765,10,467.00,569.00,252.00,151.00,1.0,-1,-1,-1
765,11,955.00,255.00,158.00,284.00,1.0,-1,-1,-1
765,12,0.00,0.00,0.00,0.00,1.0,-1,-1,-1
765,13,1058.00,400.00,172.00,256.00,1.0,-1,-1,-1
766,0,554.00,256.00,99.00,316.00,1.0,-1,-1,-1
766,1,839.00,275.00,94.00,315.00,1.0,-1,-1,-1
766,2,577.00,211.00,137.00,305.00,1.0,-1,-1,-1
766,3,554.00,257.00,97.00,316.00,1.0,-1,-1,-1
766,4,7.00,232.00,281.00,214.00,1.0,-1,-1,-1
766,5,224.00,242.00,92.00,291.00,1.0,-1,-1,-1
766,6,841.00,275.00,92.00,315.00,1.0,-1,-1,-1
766,7,591.00,251.00,90.00,282.00,1.0,-1,-1,-1
766,8,68.00,543.00,199.00,177.00,1.0,-1,-1,-1
766,9,959.00,254.00,156.00,285.00,1.0,-1,-1,-1
766,10,466.00,569.00,252.00,151.00,1.0,-1,-1,-1
766,11,959.00,254.00,156.00,285.00,1.0,-1,-1,-1
766,12,0.00,0.00,0.00,0.00,1.0,-1,-1,-1
766,13,1056.00,400.00,173.00,256.00,1.0,-1,-1,-1
767,0,547.00,259.00,124.00,313.00,1.0,-1,-1,-1
767,1,834.00,275.00,93.00,315.00,1.0,-1,-1,-1
767,2,581.00,215.00,137.00,302.00,1.0,-1,-1,-1
767,3,547.00,259.00,124.00,313.00,1.0,-1,-1,-1
767,4,6.00,232.00,302.00,158.00,1.0,-1,-1,-1
767,5,226.00,247.00,99.00,286.00,1.0,-1,-1,-1
767,6,834.00,275.00,93.00,315.00,1.0,-1,-1,-1
767,7,584.00,297.00,89.00,236.00,1.0,-1,-1,-1
767,8,67.00,543.00,199.00,177.00,1.0,-1,-1,-1
767,9,963.00,252.00,150.00,287.00,1.0,-1,-1,-1
767,10,465.00,569.00,185.00,151.00,1.0,-1,-1,-1
767,11,963.00,253.00,150.00,286.00,1.0,-1,-1,-1
767,12,0.00,0.00,0.00,0.00,1.0,-1,-1,-1
767,13,1055.00,400.00,172.00,256.00,1.0,-1,-1,-1
768,0,538.00,258.00,111.00,315.00,1.0,-1,-1,-1
768,1,836.00,276.00,84.00,313.00,1.0,-1,-1,-1
768,2,613.00,219.00,109.00,277.00,1.0,-1,-1,-1
768,3,538.00,258.00,111.00,315.00,1.0,-1,-1,-1
768,4,5.00,232.00,303.00,158.00,1.0,-1,-1,-1
768,5,221.00,248.00,102.00,285.00,1.0,-1,-1,-1
768,6,835.00,276.00,85.00,313.00,1.0,-1,-1,-1
768,7,620.00,299.00,51.00,234.00,1.0,-1,-1,-1
768,8,66.00,543.00,199.00,177.00,1.0,-1,-1,-1
768,9,966.00,250.00,143.00,289.00,1.0,-1,-1,-1
768,10,464.00,570.00,183.00,150.00,1.0,-1,-1,-1
768,11,966.00,251.00,143.00,288.00,1.0,-1,-1,-1
768,12,0.00,0.00,0.00,0.00,1.0,-1,-1,-1
768,13,1054.00,400.00,172.00,256.00,1.0,-1,-1,-1
769,0,528.00,257.00,118.00,315.00,1.0,-1,-1,-1
769,1,836.00,278.00,83.00,311.00,1.0,-1,-1,-1
769,2,609.00,221.00,119.00,275.00,1.0,-1,-1,-1
769,3,528.00,257.00,122.00,315.00,1.0,-1,-1,-1
769,4,4.00,232.00,264.00,105.00,1.0,-1,-1,-1
769,5,211.00,246.00,104.00,287.00,1.0,-1,-1,-1
769,6,836.00,277.00,83.00,312.00,1.0,-1,-1,-1
769,7,615.00,298.00,55.00,235.00,1.0,-1,-1,-1
769,8,64.00,544.00,200.00,176.00,1.0,-1,-1,-1
769,9,965.00,250.00,140.00,289.00,1.0,-1,-1,-1
769,10,463.00,569.00,185.00,151.00,1.0,-1,-1,-1
769,11,965.00,250.00,140.00,289.00,1.0,-1,-1,-1
769,12,0.00,0.00,0.00,0.00,1.0,-1,-1,-1
769,13,1053.00,400.00,172.00,256.00,1.0,-1,-1,-1
770,0,523.00,252.00,132.00,320.00,1.0,-1,-1,-1
770,1,831.00,278.00,90.00,309.00,1.0,-1,-1,-1
770,2,609.00,221.00,126.00,265.00,1.0,-1,-1,-1
770,3,523.00,252.00,135.00,320.00,1.0,-1,-1,-1
770,4,3.00,232.00,60.00,105.00,1.0,-1,-1,-1
770,5,201.00,242.00,112.00,291.00,1.0,-1,-1,-1
770,6,831.00,278.00,90.00,309.00,1.0,-1,-1,-1
770,7,611.00,434.00,58.00,100.00,1.0,-1,-1,-1
770,8,63.00,544.00,199.00,176.00,1.0,-1,-1,-1
770,9,961.00,249.00,141.00,282.00,1.0,-1,-1,-1
770,10,462.00,570.00,186.00,150.00,1.0,-1,-1,-1
770,11,961.00,249.00,141.00,282.00,1.0,-1,-1,-1
770,12,0.00,0.00,0.00,0.00,1.0,-1,-1,-1
770,13,1052.00,401.00,172.00,255.00,1.0,-1,-1,-1
771,0,522.00,245.00,136.00,324.00,1.0,-1,-1,-1
771,1,756.00,268.00,169.00,316.00,1.0,-1,-1,-1
771,2,611.00,219.00,132.00,303.00,1.0,-1,-1,-1
771,3,522.00,245.00,136.00,324.00,1.0,-1,-1,-1
771,4,0.00,233.00,268.00,104.00,1.0,-1,-1,-1
771,5,190.00,239.00,128.00,293.00,1.0,-1,-1,-1
771,6,832.00,278.00,93.00,306.00,1.0,-1,-1,-1
771,7,610.00,403.00,58.00,130.00,1.0,-1,-1,-1
771,8,62.00,544.00,199.00,176.00,1.0,-1,-1,-1
771,9,953.00,249.00,151.00,275.00,1.0,-1,-1,-1
771,10,461.00,570.00,183.00,150.00,1.0,-1,-1,-1
771,11,953.00,249.00,151.00,275.00,1.0,-1,-1,-1
771,12,0.00,0.00,0.00,0.00,1.0,-1,-1,-1
771,13,1051.00,401.00,172.00,255.00,1.0,-1,-1,-1
772,0,517.00,239.00,128.00,321.00,1.0,-1,-1,-1
772,1,826.00,278.00,105.00,304.00,1.0,-1,-1,-1
772,2,611.00,217.00,135.00,315.00,1.0,-1,-1,-1
772,3,516.00,238.00,129.00,322.00,1.0,-1,-1,-1
772,4,0.00,233.00,288.00,104.00,1.0,-1,-1,-1
772,5,181.00,233.00,139.00,299.00,1.0,-1,-1,-1
772,6,826.00,278.00,105.00,304.00,1.0,-1,-1,-1
772,7,614.00,417.00,50.00,116.00,1.0,-1,-1,-1
772,8,61.00,544.00,199.00,176.00,1.0,-1,-1,-1
772,9,944.00,249.00,165.00,275.00,1.0,-1,-1,-1
772,10,460.00,570.00,183.00,150.00,1.0,-1,-1,-1
772,11,944.00,249.00,165.00,275.00,1.0,-1,-1,-1
772,12,0.00,0.00,0.00,0.00,1.0,-1,-1,-1
772,13,1049.00,401.00,173.00,256.00,1.0,-1,-1,-1
773,0,512.00,229.00,128.00,326.00,1.0,-1,-1,-1
773,1,816.00,277.00,139.00,301.00,1.0,-1,-1,-1
773,2,625.00,215.00,125.00,310.00,1.0,-1,-1,-1
773,3,512.00,229.00,128.00,326.00,1.0,-1,-1,-1
773,4,0.00,233.00,228.00,157.00,1.0,-1,-1,-1
773,5,177.00,226.00,142.00,301.00,1.0,-1,-1,-1
773,6,817.00,277.00,137.00,301.00,1.0,-1,-1,-1
773,7,599.00,218.00,134.00,310.00,1.0,-1,-1,-1
773,8,60.00,544.00,199.00,176.00,1.0,-1,-1,-1
773,9,937.00,248.00,176.00,276.00,1.0,-1,-1,-1
773,10,459.00,570.00,184.00,150.00,1.0,-1,-1,-1
773,11,937.00,248.00,176.00,276.00,1.0,-1,-1,-1
773,12,0.00,0.00,0.00,0.00,1.0,-1,-1,-1
773,13,1049.00,401.00,172.00,256.00,1.0,-1,-1,-1
774,0,501.00,221.00,153.00,333.00,1.0,-1,-1,-1
774,1,811.00,273.00,138.00,301.00,1.0,-1,-1,-1
774,2,617.00,214.00,133.00,276.00,1.0,-1,-1,-1
774,3,502.00,221.00,140.00,333.00,1.0,-1,-1,-1
774,4,0.00,233.00,60.00,105.00,1.0,-1,-1,-1
774,5,173.00,217.00,142.00,303.00,1.0,-1,-1,-1
774,6,811.00,273.00,137.00,301.00,1.0,-1,-1,-1
774,7,612.00,215.00,127.00,302.00,1.0,-1,-1,-1
774,8,59.00,544.00,199.00,176.00,1.0,-1,-1,-1
774,9,937.00,245.00,175.00,279.00,1.0,-1,-1,-1
774,10,458.00,570.00,183.00,150.00,1.0,-1,-1,-1
774,11,936.00,246.00,176.00,278.00,1.0,-1,-1,-1
774,12,0.00,0.00,0.00,0.00,1.0,-1,-1,-1
774,13,1048.00,401.00,173.00,255.00,1.0,-1,-1,-1
775,0,479.00,213.00,182.00,341.00,1.0,-1,-1,-1
775,1,810.00,268.00,143.00,305.00,1.0,-1,-1,-1
775,2,621.00,215.00,137.00,280.00,1.0,-1,-1,-1
775,3,479.00,213.00,182.00,341.00,1.0,-1,-1,-1
775,4,0.00,234.00,59.00,104.00,1.0,-1,-1,-1
775,5,170.00,211.00,143.00,310.00,1.0,-1,-1,-1
775,6,811.00,268.00,137.00,305.00,1.0,-1,-1,-1
775,7,619.00,215.00,141.00,280.00,1.0,-1,-1,-1
775,8,59.00,545.00,199.00,175.00,1.0,-1,-1,-1
775,9,937.00,240.00,172.00,284.00,1.0,-1,-1,-1
775,10,458.00,570.00,183.00,150.00,1.0,-1,-1,-1
775,11,926.00,240.00,183.00,284.00,1.0,-1,-1,-1
775,12,0.00,0.00,0.00,0.00,1.0,-1,-1,-1
775,13,1047.00,401.00,172.00,256.00,1.0,-1,-1,-1
776,0,475.00,206.00,187.00,343.00,1.0,-1,-1,-1
776,1,812.00,259.00,118.00,313.00,1.0,-1,-1,-1
776,2,620.00,218.00,140.00,281.00,1.0,-1,-1,-1
776,3,476.00,206.00,186.00,343.00,1.0,-1,-1,-1
776,4,0.00,234.00,57.00,104.00,1.0,-1,-1,-1
776,5,166.00,204.00,143.00,314.00,1.0,-1,-1,-1
776,6,812.00,259.00,119.00,313.00,1.0,-1,-1,-1
776,7,617.00,218.00,144.00,281.00,1.0,-1,-1,-1
776,8,58.00,545.00,199.00,175.00,1.0,-1,-1,-1
776,9,928.00,234.00,175.00,290.00,1.0,-1,-1,-1
776,10,457.00,570.00,183.00,150.00,1.0,-1,-1,-1
776,11,928.00,234.00,175.00,290.00,1.0,-1,-1,-1
776,12,0.00,0.00,0.00,0.00,1.0,-1,-1,-1
776,13,1046.00,401.00,172.00,256.00,1.0,-1,-1,-1
777,0,491.00,203.00,172.00,342.00,1.0,-1,-1,-1
777,1,811.00,251.00,128.00,321.00,1.0,-1,-1,-1
777,2,620.00,225.00,188.00,275.00,1.0,-1,-1,-1
777,3,491.00,203.00,172.00,342.00,1.0,-1,-1,-1
777,4,0.00,234.00,268.00,212.00,1.0,-1,-1,-1
777,5,164.00,200.00,142.00,311.00,1.0,-1,-1,-1
777,6,811.00,251.00,128.00,321.00,1.0,-1,-1,-1
777,7,621.00,225.00,193.00,275.00,1.0,-1,-1,-1
777,8,57.00,545.00,199.00,175.00,1.0,-1,-1,-1
777,9,938.00,227.00,160.00,297.00,1.0,-1,-1,-1
777,10,456.00,570.00,183.00,150.00,1.0,-1,-1,-1
777,11,938.00,227.00,160.00,297.00,1.0,-1,-1,-1
777,12,0.00,0.00,0.00,0.00,1.0,-1,-1,-1
777,13,1046.00,402.00,172.00,256.00,1.0,-1,-1,-1
778,0,500.00,201.00,164.00,342.00,1.0,-1,-1,-1
778,1,804.00,244.00,156.00,326.00,1.0,-1,-1,-1
778,2,623.00,232.00,107.00,270.00,1.0,-1,-1,-1
778,3,500.00,201.00,164.00,342.00,1.0,-1,-1,-1
778,4,0.00,234.00,288.00,104.00,1.0,-1,-1,-1
778,5,164.00,198.00,142.00,309.00,1.0,-1,-1,-1
778,6,805.00,244.00,155.00,326.00,1.0,-1,-1,-1
778,7,624.00,232.00,179.00,269.00,1.0,-1,-1,-1
778,8,57.00,545.00,198.00,175.00,1.0,-1,-1,-1
778,9,941.00,221.00,150.00,302.00,1.0,-1,-1,-1
778,10,456.00,571.00,181.00,149.00,1.0,-1,-1,-1
778,11,940.00,221.00,151.00,302.00,1.0,-1,-1,-1
778,12,0.00,0.00,0.00,0.00,1.0,-1,-1,-1
778,13,1045.00,402.00,172.00,256.00,1.0,-1,-1,-1
779,0,504.00,202.00,161.00,338.00,1.0,-1,-1,-1
779,1,801.00,240.00,152.00,324.00,1.0,-1,-1,-1
779,2,630.00,239.00,113.00,263.00,1.0,-1,-1,-1
779,3,507.00,201.00,158.00,340.00,1.0,-1,-1,-1
779,4,0.00,235.00,288.00,103.00,1.0,-1,-1,-1
779,5,164.00,198.00,141.00,307.00,1.0,-1,-1,-1
779,6,801.00,240.00,158.00,324.00,1.0,-1,-1,-1
779,7,630.00,237.00,160.00,265.00,1.0,-1,-1,-1
779,8,58.00,545.00,197.00,175.00,1.0,-1,-1,-1
779,9,938.00,217.00,147.00,301.00,1.0,-1,-1,-1
779,10,456.00,571.00,182.00,149.00,1.0,-1,-1,-1
779,11,938.00,217.00,147.00,301.00,1.0,-1,-1,-1
779,12,0.00,0.00,0.00,0.00,1.0,-1,-1,-1
779,13,1045.00,402.00,172.00,255.00,1.0,-1,-1,-1
780,0,500.00,203.00,167.00,335.00,1.0,-1,-1,-1
780,1,798.00,235.00,166.00,325.00,1.0,-1,-1,-1
780,2,634.00,230.00,150.00,272.00,1.0,-1,-1,-1
780,3,515.00,203.00,152.00,336.00,1.0,-1,-1,-1
780,4,0.00,235.00,268.00,110.00,1.0,-1,-1,-1
780,5,166.00,198.00,139.00,305.00,1.0,-1,-1,-1
780,6,798.00,235.00,176.00,325.00,1.0,-1,-1,-1
780,7,634.00,231.00,152.00,271.00,1.0,-1,-1,-1
780,8,56.00,545.00,199.00,175.00,1.0,-1,-1,-1
780,9,942.00,213.00,138.00,300.00,1.0,-1,-1,-1
780,10,455.00,571.00,180.00,149.00,1.0,-1,-1,-1
780,11,942.00,213.00,138.00,300.00,1.0,-1,-1,-1
780,12,0.00,0.00,0.00,0.00,1.0,-1,-1,-1
780,13,1044.00,403.00,172.00,255.00,1.0,-1,-1,-1
781,0,494.00,208.00,173.00,324.00,1.0,-1,-1,-1
781,1,796.00,232.00,168.00,325.00,1.0,-1,-1,-1
781,2,634.00,225.00,140.00,277.00,1.0,-1,-1,-1
781,3,515.00,207.00,154.00,327.00,1.0,-1,-1,-1
781,4,0.00,235.00,248.00,103.00,1.0,-1,-1,-1
781,5,166.00,202.00,138.00,300.00,1.0,-1,-1,-1
781,6,796.00,232.00,168.00,325.00,1.0,-1,-1,-1
781,7,634.00,229.00,141.00,273.00,1.0,-1,-1,-1
781,8,55.00,545.00,199.00,175.00,1.0,-1,-1,-1
781,9,939.00,211.00,136.00,298.00,1.0,-1,-1,-1
781,10,455.00,571.00,180.00,149.00,1.0,-1,-1,-1
781,11,940.00,212.00,135.00,297.00,1.0,-1,-1,-1
781,12,0.00,0.00,0.00,0.00,1.0,-1,-1,-1
781,13,1044.00,403.00,172.00,255.00,1.0,-1,-1,-1
782,0,514.00,215.00,163.00,326.00,1.0,-1,-1,-1
782,1,793.00,232.00,156.00,321.00,1.0,-1,-1,-1
782,2,633.00,220.00,131.00,282.00,1.0,-1,-1,-1
782,3,514.00,214.00,162.00,326.00,1.0,-1,-1,-1
782,4,0.00,235.00,228.00,103.00,1.0,-1,-1,-1
782,5,165.00,207.00,134.00,300.00,1.0,-1,-1,-1
782,6,793.00,232.00,157.00,321.00,1.0,-1,-1,-1
782,7,633.00,239.00,131.00,263.00,1.0,-1,-1,-1
782,8,55.00,546.00,198.00,174.00,1.0,-1,-1,-1
782,9,945.00,211.00,127.00,294.00,1.0,-1,-1,-1
782,10,454.00,571.00,181.00,149.00,1.0,-1,-1,-1
782,11,945.00,212.00,127.00,293.00,1.0,-1,-1,-1
782,12,0.00,0.00,0.00,0.00,1.0,-1,-1,-1
782,13,1044.00,403.00,172.00,255.00,1.0,-1,-1,-1
783,0,513.00,224.00,146.00,320.00,1.0,-1,-1,-1
783,1,791.00,233.00,160.00,316.00,1.0,-1,-1,-1
783,2,634.00,217.00,133.00,284.00,1.0,-1,-1,-1
783,3,513.00,223.00,146.00,321.00,1.0,-1,-1,-1
783,4,0.00,235.00,228.00,104.00,1.0,-1,-1,-1
783,5,164.00,213.00,133.00,300.00,1.0,-1,-1,-1
783,6,791.00,233.00,161.00,316.00,1.0,-1,-1,-1
783,7,636.00,226.00,131.00,275.00,1.0,-1,-1,-1
783,8,54.00,546.00,199.00,174.00,1.0,-1,-1,-1
783,9,950.00,215.00,117.00,288.00,1.0,-1,-1,-1
783,10,454.00,571.00,180.00,149.00,1.0,-1,-1,-1
783,11,951.00,215.00,116.00,287.00,1.0,-1,-1,-1
783,12,0.00,0.00,0.00,0.00,1.0,-1,-1,-1
783,13,1043.00,403.00,172.00,255.00,1.0,-1,-1,-1
784,0,518.00,232.00,141.00,314.00,1.0,-1,-1,-1
784,1,791.00,238.00,158.00,312.00,1.0,-1,-1,-1
784,2,634.00,215.00,134.00,285.00,1.0,-1,-1,-1
784,3,518.00,232.00,142.00,313.00,1.0,-1,-1,-1
784,4,0.00,235.00,268.00,144.00,1.0,-1,-1,-1
784,5,160.00,223.00,135.00,290.00,1.0,-1,-1,-1
784,6,791.00,238.00,159.00,312.00,1.0,-1,-1,-1
784,7,634.00,225.00,134.00,275.00,1.0,-1,-1,-1
784,8,54.00,545.00,199.00,175.00,1.0,-1,-1,-1
784,9,955.00,219.00,109.00,285.00,1.0,-1,-1,-1
784,10,454.00,572.00,180.00,148.00,1.0,-1,-1,-1
784,11,956.00,220.00,108.00,284.00,1.0,-1,-1,-1
784,12,0.00,0.00,0.00,0.00,1.0,-1,-1,-1
784,13,1043.00,403.00,172.00,255.00,1.0,-1,-1,-1
785,0,517.00,241.00,148.00,306.00,1.0,-1,-1,-1
785,1,791.00,244.00,158.00,311.00,1.0,-1,-1,-1
785,2,657.00,217.00,111.00,283.00,1.0,-1,-1,-1
785,3,517.00,241.00,148.00,306.00,1.0,-1,-1,-1
785,4,0.00,235.00,268.00,155.00,1.0,-1,-1,-1
785,5,159.00,228.00,137.00,286.00,1.0,-1,-1,-1
785,6,791.00,244.00,158.00,311.00,1.0,-1,-1,-1
785,7,665.00,217.00,103.00,283.00,1.0,-1,-1,-1
785,8,54.00,546.00,199.00,174.00,1.0,-1,-1,-1
785,9,959.00,225.00,101.00,284.00,1.0,-1,-1,-1
785,10,454.00,572.00,179.00,148.00,1.0,-1,-1,-1
785,11,959.00,225.00,101.00,284.00,1.0,-1,-1,-1
785,12,0.00,0.00,0.00,0.00,1.0,-1,-1,-1
785,13,1043.00,403.00,172.00,255.00,1.0,-1,-1,-1
786,0,517.00,248.00,139.00,299.00,1.0,-1,-1,-1
786,1,792.00,251.00,155.00,304.00,1.0,-1,-1,-1
786,2,657.00,211.00,114.00,289.00,1.0,-1,-1,-1
786,3,517.00,247.00,140.00,300.00,1.0,-1,-1,-1
786,4,0.00,235.00,268.00,110.00,1.0,-1,-1,-1
786,5,158.00,236.00,136.00,278.00,1.0,-1,-1,-1
786,6,792.00,251.00,155.00,304.00,1.0,-1,-1,-1
786,7,656.00,211.00,116.00,289.00,1.0,-1,-1,-1
786,8,54.00,546.00,199.00,174.00,1.0,-1,-1,-1
786,9,961.00,230.00,95.00,280.00,1.0,-1,-1,-1
786,10,454.00,572.00,179.00,148.00,1.0,-1,-1,-1
786,11,962.00,231.00,94.00,279.00,1.0,-1,-1,-1
786,12,0.00,0.00,0.00,0.00,1.0,-1,-1,-1
786,13,1043.00,403.00,172.00,255.00,1.0,-1,-1,-1
787,0,518.00,249.00,145.00,297.00,1.0,-1,-1,-1
787,1,795.00,260.00,149.00,295.00,1.0,-1,-1,-1
787,2,664.00,207.00,119.00,285.00,1.0,-1,-1,-1
787,3,518.00,248.00,140.00,298.00,1.0,-1,-1,-1
787,4,0.00,235.00,208.00,104.00,1.0,-1,-1,-1
787,5,154.00,240.00,141.00,274.00,1.0,-1,-1,-1
787,6,795.00,260.00,149.00,295.00,1.0,-1,-1,-1
787,7,661.00,207.00,122.00,285.00,1.0,-1,-1,-1
787,8,54.00,546.00,198.00,174.00,1.0,-1,-1,-1
787,9,962.00,237.00,91.00,274.00,1.0,-1,-1,-1
787,10,454.00,572.00,178.00,148.00,1.0,-1,-1,-1
787,11,962.00,237.00,91.00,274.00,1.0,-1,-1,-1
787,12,0.00,0.00,0.00,0.00,1.0,-1,-1,-1
787,13,1042.00,403.00,173.00,255.00,1.0,-1,-1,-1
788,0,517.00,240.00,129.00,305.00,1.0,-1,-1,-1
788,1,799.00,269.00,144.00,287.00,1.0,-1,-1,-1
788,2,659.00,204.00,129.00,284.00,1.0,-1,-1,-1
788,3,517.00,240.00,127.00,305.00,1.0,-1,-1,-1
788,4,0.00,235.00,228.00,104.00,1.0,-1,-1,-1
788,5,150.00,241.00,139.00,272.00,1.0,-1,-1,-1
788,6,799.00,269.00,144.00,287.00,1.0,-1,-1,-1
788,7,659.00,204.00,129.00,284.00,1.0,-1,-1,-1
788,8,54.00,546.00,199.00,174.00,1.0,-1,-1,-1
788,9,965.00,241.00,85.00,270.00,1.0,-1,-1,-1
788,10,454.00,573.00,225.00,147.00,1.0,-1,-1,-1
788,11,965.00,241.00,85.00,270.00,1.0,-1,-1,-1
788,12,0.00,0.00,0.00,0.00,1.0,-1,-1,-1
788,13,1043.00,403.00,172.00,255.00,1.0,-1,-1,-1
789,0,521.00,217.00,120.00,327.00,1.0,-1,-1,-1
789,1,803.00,272.00,142.00,284.00,1.0,-1,-1,-1
789,2,661.00,204.00,126.00,282.00,1.0,-1,-1,-1
789,3,521.00,217.00,120.00,327.00,1.0,-1,-1,-1
789,4,0.00,236.00,208.00,103.00,1.0,-1,-1,-1
789,5,152.00,241.00,138.00,273.00,1.0,-1,-1,-1
789,6,803.00,272.00,141.00,284.00,1.0,-1,-1,-1
789,7,660.00,204.00,127.00,282.00,1.0,-1,-1,-1
789,8,54.00,546.00,198.00,174.00,1.0,-1,-1,-1
789,9,966.00,244.00,82.00,267.00,1.0,-1,-1,-1
789,10,454.00,573.00,225.00,147.00,1.0,-1,-1,-1
789,11,966.00,244.00,82.00,267.00,1.0,-1,-1,-1
789,12,0.00,0.00,0.00,0.00,1.0,-1,-1,-1
789,13,1043.00,403.00,172.00,256.00,1.0,-1,-1,-1
790,0,529.00,189.00,110.00,355.00,1.0,-1,-1,-1
790,1,807.00,273.00,142.00,283.00,1.0,-1,-1,-1
790,2,657.00,206.00,133.00,282.00,1.0,-1,-1,-1
790,3,529.00,189.00,136.00,355.00,1.0,-1,-1,-1
790,4,0.00,236.00,208.00,188.00,1.0,-1,-1,-1
790,5,155.00,240.00,129.00,273.00,1.0,-1,-1,-1
790,6,807.00,273.00,142.00,283.00,1.0,-1,-1,-1
790,7,657.00,206.00,133.00,282.00,1.0,-1,-1,-1
790,8,54.00,546.00,198.00,174.00,1.0,-1,-1,-1
790,9,959.00,245.00,88.00,266.00,1.0,-1,-1,-1
790,10,454.00,573.00,224.00,147.00,1.0,-1,-1,-1
790,11,960.00,245.00,86.00,266.00,1.0,-1,-1,-1
790,12,0.00,0.00,0.00,0.00,1.0,-1,-1,-1
790,13,1043.00,403.00,172.00,256.00,1.0,-1,-1,-1
791,0,536.00,170.00,101.00,372.00,1.0,-1,-1,-1
791,1,812.00,273.00,141.00,282.00,1.0,-1,-1,-1
791,2,666.00,209.00,132.00,284.00,1.0,-1,-1,-1
791,3,536.00,170.00,142.00,372.00,1.0,-1,-1,-1
791,4,0.00,236.00,53.00,104.00,1.0,-1,-1,-1
791,5,160.00,215.00,119.00,298.00,1.0,-1,-1,-1
791,6,812.00,273.00,141.00,282.00,1.0,-1,-1,-1
791,7,666.00,209.00,132.00,284.00,1.0,-1,-1,-1
791,8,54.00,547.00,198.00,173.00,1.0,-1,-1,-1
791,9,949.00,245.00,93.00,266.00,1.0,-1,-1,-1
791,10,455.00,573.00,223.00,147.00,1.0,-1,-1,-1
791,11,950.00,246.00,92.00,265.00,1.0,-1,-1,-1
791,12,0.00,0.00,0.00,0.00,1.0,-1,-1,-1
791,13,1042.00,404.00,173.00,255.00,1.0,-1,-1,-1
792,0,538.00,165.00,113.00,372.00,1.0,-1,-1,-1
792,1,816.00,266.00,152.00,289.00,1.0,-1,-1,-1
792,2,675.00,215.00,136.00,279.00,1.0,-1,-1,-1
792,3,539.00,166.00,141.00,371.00,1.0,-1,-1,-1
792,4,0.00,237.00,208.00,103.00,1.0,-1,-1,-1
792,5,168.00,189.00,105.00,318.00,1.0,-1,-1,-1
792,6,817.00,269.00,150.00,286.00,1.0,-1,-1,-1
792,7,675.00,216.00,136.00,278.00,1.0,-1,-1,-1
792,8,55.00,547.00,198.00,173.00,1.0,-1,-1,-1
792,9,960.00,245.00,81.00,265.00,1.0,-1,-1,-1
792,10,456.00,573.00,222.00,147.00,1.0,-1,-1,-1
792,11,960.00,245.00,81.00,265.00,1.0,-1,-1,-1
792,12,0.00,0.00,0.00,0.00,1.0,-1,-1,-1
792,13,1043.00,404.00,173.00,256.00,1.0,-1,-1,-1
793,0,537.00,159.00,120.00,370.00,1.0,-1,-1,-1
793,1,824.00,243.00,155.00,312.00,1.0,-1,-1,-1
793,2,682.00,222.00,139.00,273.00,1.0,-1,-1,-1
793,3,537.00,158.00,151.00,371.00,1.0,-1,-1,-1
793,4,0.00,237.00,53.00,103.00,1.0,-1,-1,-1
793,5,176.00,157.00,90.00,344.00,1.0,-1,-1,-1
793,6,824.00,243.00,155.00,312.00,1.0,-1,-1,-1
793,7,683.00,222.00,138.00,273.00,1.0,-1,-1,-1
793,8,55.00,548.00,198.00,172.00,1.0,-1,-1,-1
793,9,959.00,230.00,81.00,280.00,1.0,-1,-1,-1
793,10,456.00,573.00,222.00,147.00,1.0,-1,-1,-1
793,11,959.00,231.00,81.00,279.00,1.0,-1,-1,-1
793,12,0.00,0.00,0.00,0.00,1.0,-1,-1,-1
793,13,1043.00,404.00,173.00,256.00,1.0,-1,-1,-1
794,0,539.00,148.00,116.00,378.00,1.0,-1,-1,-1
794,1,832.00,217.00,148.00,331.00,1.0,-1,-1,-1
794,2,695.00,229.00,134.00,267.00,1.0,-1,-1,-1
794,3,539.00,149.00,139.00,377.00,1.0,-1,-1,-1
794,4,0.00,238.00,54.00,103.00,1.0,-1,-1,-1
794,5,182.00,136.00,83.00,362.00,1.0,-1,-1,-1
794,6,832.00,217.00,147.00,331.00,1.0,-1,-1,-1
794,7,695.00,229.00,134.00,267.00,1.0,-1,-1,-1
794,8,55.00,548.00,198.00,172.00,1.0,-1,-1,-1
794,9,957.00,207.00,81.00,300.00,1.0,-1,-1,-1
794,10,456.00,574.00,222.00,146.00,1.0,-1,-1,-1
794,11,957.00,207.00,81.00,300.00,1.0,-1,-1,-1
794,12,0.00,0.00,0.00,0.00,1.0,-1,-1,-1
794,13,1043.00,404.00,173.00,256.00,1.0,-1,-1,-1
795,0,538.00,139.00,133.00,383.00,1.0,-1,-1,-1
795,1,841.00,192.00,140.00,350.00,1.0,-1,-1,-1
795,2,708.00,233.00,125.00,264.00,1.0,-1,-1,-1
795,3,538.00,140.00,132.00,382.00,1.0,-1,-1,-1
795,4,0.00,239.00,208.00,151.00,1.0,-1,-1,-1
795,5,184.00,129.00,85.00,362.00,1.0,-1,-1,-1
795,6,841.00,192.00,141.00,350.00,1.0,-1,-1,-1
795,7,709.00,233.00,124.00,263.00,1.0,-1,-1,-1
795,8,56.00,549.00,197.00,171.00,1.0,-1,-1,-1
795,9,951.00,179.00,84.00,320.00,1.0,-1,-1,-1
795,10,457.00,575.00,174.00,145.00,1.0,-1,-1,-1
795,11,954.00,179.00,81.00,320.00,1.0,-1,-1,-1
795,12,0.00,0.00,0.00,0.00,1.0,-1,-1,-1
795,13,1045.00,405.00,172.00,258.00,1.0,-1,-1,-1
796,0,191.00,133.00,464.00,377.00,1.0,-1,-1,-1
796,1,849.00,169.00,125.00,370.00,1.0,-1,-1,-1
796,2,711.00,234.00,120.00,263.00,1.0,-1,-1,-1
796,3,535.00,132.00,124.00,379.00,1.0,-1,-1,-1
796,4,0.00,239.00,54.00,104.00,1.0,-1,-1,-1
796,5,184.00,126.00,75.00,358.00,1.0,-1,-1,-1
796,6,849.00,169.00,126.00,370.00,1.0,-1,-1,-1
796,7,711.00,234.00,120.00,263.00,1.0,-1,-1,-1
796,8,56.00,549.00,197.00,171.00,1.0,-1,-1,-1
796,9,947.00,155.00,83.00,341.00,1.0,-1,-1,-1
796,10,458.00,575.00,173.00,145.00,1.0,-1,-1,-1
796,11,948.00,155.00,82.00,341.00,1.0,-1,-1,-1
796,12,0.00,0.00,0.00,0.00,1.0,-1,-1,-1
796,13,1045.00,405.00,172.00,258.00,1.0,-1,-1,-1
797,0,526.00,127.00,127.00,380.00,1.0,-1,-1,-1
797,1,855.00,149.00,113.00,386.00,1.0,-1,-1,-1
797,2,714.00,232.00,113.00,265.00,1.0,-1,-1,-1
797,3,526.00,127.00,127.00,380.00,1.0,-1,-1,-1
797,4,0.00,239.00,55.00,104.00,1.0,-1,-1,-1
797,5,182.00,123.00,72.00,357.00,1.0,-1,-1,-1
797,6,855.00,149.00,113.00,386.00,1.0,-1,-1,-1
797,7,714.00,232.00,114.00,265.00,1.0,-1,-1,-1
797,8,57.00,550.00,196.00,170.00,1.0,-1,-1,-1
797,9,952.00,140.00,78.00,356.00,1.0,-1,-1,-1
797,10,459.00,576.00,173.00,144.00,1.0,-1,-1,-1
797,11,952.00,140.00,78.00,356.00,1.0,-1,-1,-1
797,12,0.00,0.00,0.00,0.00,1.0,-1,-1,-1
797,13,1046.00,406.00,171.00,258.00,1.0,-1,-1,-1
798,0,518.00,124.00,132.00,381.00,1.0,-1,-1,-1
798,1,854.00,147.00,110.00,379.00,1.0,-1,-1,-1
798,2,714.00,228.00,107.00,269.00,1.0,-1,-1,-1
798,3,519.00,124.00,131.00,381.00,1.0,-1,-1,-1
798,4,0.00,240.00,56.00,104.00,1.0,-1,-1,-1
798,5,181.00,118.00,70.00,359.00,1.0,-1,-1,-1
798,6,854.00,147.00,110.00,379.00,1.0,-1,-1,-1
798,7,714.00,228.00,107.00,269.00,1.0,-1,-1,-1
798,8,58.00,550.00,196.00,170.00,1.0,-1,-1,-1
798,9,952.00,134.00,83.00,355.00,1.0,-1,-1,-1
798,10,460.00,576.00,172.00,144.00,1.0,-1,-1,-1
798,11,955.00,134.00,80.00,355.00,1.0,-1,-1,-1
798,12,0.00,0.00,0.00,0.00,1.0,-1,-1,-1
798,13,1047.00,407.00,171.00,258.00,1.0,-1,-1,-1
799,0,513.00,123.00,133.00,382.00,1.0,-1,-1,-1
799,1,857.00,141.00,107.00,378.00,1.0,-1,-1,-1
799,2,714.00,225.00,99.00,272.00,1.0,-1,-1,-1
799,3,513.00,123.00,133.00,382.00,1.0,-1,-1,-1
799,4,0.00,241.00,58.00,103.00,1.0,-1,-1,-1
799,5,179.00,115.00,70.00,361.00,1.0,-1,-1,-1
799,6,856.00,141.00,108.00,378.00,1.0,-1,-1,-1
799,7,714.00,225.00,99.00,272.00,1.0,-1,-1,-1
799,8,59.00,551.00,195.00,169.00,1.0,-1,-1,-1
799,9,955.00,130.00,80.00,351.00,1.0,-1,-1,-1
799,10,461.00,577.00,172.00,143.00,1.0,-1,-1,-1
799,11,956.00,130.00,79.00,351.00,1.0,-1,-1,-1
799,12,0.00,0.00,0.00,0.00,1.0,-1,-1,-1
799,13,1047.00,407.00,172.00,259.00,1.0,-1,-1,-1
800,0,514.00,124.00,129.00,382.00,1.0,-1,-1,-1
800,1,862.00,140.00,105.00,375.00,1.0,-1,-1,-1
800,2,713.00,222.00,92.00,274.00,1.0,-1,-1,-1
800,3,514.00,124.00,129.00,381.00,1.0,-1,-1,-1
800,4,0.00,241.00,59.00,103.00,1.0,-1,-1,-1
800,5,177.00,113.00,68.00,363.00,1.0,-1,-1,-1
800,6,862.00,140.00,104.00,375.00,1.0,-1,-1,-1
800,7,714.00,222.00,91.00,274.00,1.0,-1,-1,-1
800,8,60.00,551.00,194.00,169.00,1.0,-1,-1,-1
800,9,953.00,124.00,74.00,352.00,1.0,-1,-1,-1
800,10,463.00,578.00,170.00,142.00,1.0,-1,-1,-1
800,11,954.00,124.00,73.00,352.00,1.0,-1,-1,-1
800,12,0.00,0.00,0.00,0.00,1.0,-1,-1,-1
800,13,1049.00,408.00,172.00,259.00,1.0,-1,-1,-1
801,0,511.00,126.00,126.00,381.00,1.0,-1,-1,-1
801,1,867.00,130.00,96.00,381.00,1.0,-1,-1,-1
801,2,713.00,222.00,85.00,270.00,1.0,-1,-1,-1
801,3,512.00,126.00,125.00,381.00,1.0,-1,-1,-1
801,4,0.00,241.00,60.00,104.00,1.0,-1,-1,-1
801,5,172.00,116.00,67.00,361.00,1.0,-1,-1,-1
801,6,867.00,130.00,96.00,381.00,1.0,-1,-1,-1
801,7,713.00,222.00,83.00,270.00,1.0,-1,-1,-1
801,8,61.00,552.00,193.00,168.00,1.0,-1,-1,-1
801,9,954.00,120.00,65.00,353.00,1.0,-1,-1,-1
801,10,464.00,578.00,170.00,142.00,1.0,-1,-1,-1
801,11,955.00,120.00,64.00,353.00,1.0,-1,-1,-1
801,12,0.00,0.00,0.00,0.00,1.0,-1,-1,-1
801,13,1050.00,408.00,172.00,258.00,1.0,-1,-1,-1
802,0,169.00,131.00,461.00,377.00,1.0,-1,-1,-1
802,1,871.00,128.00,92.00,380.00,1.0,-1,-1,-1
802,2,712.00,223.00,82.00,266.00,1.0,-1,-1,-1
802,3,487.00,130.00,145.00,379.00,1.0,-1,-1,-1
802,4,0.00,242.00,61.00,104.00,1.0,-1,-1,-1
802,5,165.00,122.00,69.00,356.00,1.0,-1,-1,-1
802,6,871.00,128.00,92.00,380.00,1.0,-1,-1,-1
802,7,712.00,223.00,77.00,266.00,1.0,-1,-1,-1
802,8,61.00,552.00,194.00,168.00,1.0,-1,-1,-1
802,9,952.00,118.00,61.00,354.00,1.0,-1,-1,-1
802,10,465.00,578.00,170.00,142.00,1.0,-1,-1,-1
802,11,951.00,118.00,62.00,354.00,1.0,-1,-1,-1
802,12,0.00,0.00,0.00,0.00,1.0,-1,-1,-1
802,13,1051.00,408.00,172.00,258.00,1.0,-1,-1,-1
803,0,479.00,136.00,149.00,374.00,1.0,-1,-1,-1
803,1,876.00,130.00,88.00,377.00,1.0,-1,-1,-1
803,2,713.00,225.00,75.00,265.00,1.0,-1,-1,-1
803,3,479.00,136.00,149.00,374.00,1.0,-1,-1,-1
803,4,3.00,242.00,59.00,104.00,1.0,-1,-1,-1
803,5,161.00,133.00,74.00,349.00,1.0,-1,-1,-1
803,6,876.00,130.00,88.00,378.00,1.0,-1,-1,-1
803,7,713.00,225.00,71.00,265.00,1.0,-1,-1,-1
803,8,62.00,552.00,194.00,168.00,1.0,-1,-1,-1
803,9,951.00,116.00,59.00,356.00,1.0,-1,-1,-1
803,10,467.00,579.00,169.00,141.00,1.0,-1,-1,-1
803,11,950.00,116.00,60.00,356.00,1.0,-1,-1,-1
803,12,0.00,0.00,0.00,0.00,1.0,-1,-1,-1
803,13,1051.00,409.00,173.00,258.00,1.0,-1,-1,-1
804,0,470.00,144.00,150.00,374.00,1.0,-1,-1,-1
804,1,881.00,140.00,82.00,368.00,1.0,-1,-1,-1
804,2,713.00,227.00,66.00,261.00,1.0,-1,-1,-1
804,3,469.00,144.00,152.00,374.00,1.0,-1,-1,-1
804,4,3.00,243.00,205.00,103.00,1.0,-1,-1,-1
804,5,157.00,145.00,78.00,344.00,1.0,-1,-1,-1
804,6,881.00,140.00,78.00,368.00,1.0,-1,-1,-1
804,7,713.00,228.00,66.00,260.00,1.0,-1,-1,-1
804,8,64.00,553.00,190.00,167.00,1.0,-1,-1,-1
804,9,952.00,117.00,54.00,356.00,1.0,-1,-1,-1
804,10,468.00,579.00,168.00,141.00,1.0,-1,-1,-1
804,11,951.00,117.00,55.00,356.00,1.0,-1,-1,-1
804,12,0.00,0.00,0.00,0.00,1.0,-1,-1,-1
804,13,1053.00,409.00,172.00,257.00,1.0,-1,-1,-1
805,0,464.00,160.00,148.00,359.00,1.0,-1,-1,-1
805,1,886.00,136.00,77.00,376.00,1.0,-1,-1,-1
805,2,714.00,231.00,64.00,257.00,1.0,-1,-1,-1
805,3,464.00,160.00,148.00,359.00,1.0,-1,-1,-1
805,4,4.00,244.00,204.00,103.00,1.0,-1,-1,-1
805,5,155.00,166.00,80.00,331.00,1.0,-1,-1,-1
805,6,886.00,136.00,76.00,376.00,1.0,-1,-1,-1
805,7,714.00,231.00,64.00,257.00,1.0,-1,-1,-1
805,8,65.00,553.00,191.00,167.00,1.0,-1,-1,-1
805,9,947.00,123.00,57.00,350.00,1.0,-1,-1,-1
805,10,470.00,580.00,167.00,140.00,1.0,-1,-1,-1
805,11,946.00,123.00,58.00,350.00,1.0,-1,-1,-1
805,12,0.00,0.00,0.00,0.00,1.0,-1,-1,-1
805,13,1055.00,410.00,171.00,256.00,1.0,-1,-1,-1
806,0,457.00,171.00,151.00,350.00,1.0,-1,-1,-1
806,1,892.00,142.00,75.00,382.00,1.0,-1,-1,-1
806,2,715.00,236.00,64.00,253.00,1.0,-1,-1,-1
806,3,457.00,171.00,150.00,350.00,1.0,-1,-1,-1
806,4,6.00,244.00,58.00,104.00,1.0,-1,-1,-1
806,5,154.00,191.00,82.00,307.00,1.0,-1,-1,-1
806,6,892.00,142.00,75.00,382.00,1.0,-1,-1,-1
806,7,715.00,236.00,63.00,253.00,1.0,-1,-1,-1
806,8,66.00,555.00,190.00,165.00,1.0,-1,-1,-1
806,9,932.00,130.00,71.00,346.00,1.0,-1,-1,-1
806,10,471.00,581.00,167.00,139.00,1.0,-1,-1,-1
806,11,947.00,130.00,56.00,345.00,1.0,-1,-1,-1
806,12,0.00,0.00,0.00,0.00,1.0,-1,-1,-1
806,13,1055.00,411.00,172.00,256.00,1.0,-1,-1,-1
807,0,446.00,183.00,162.00,338.00,1.0,-1,-1,-1
807,1,901.00,151.00,78.00,376.00,1.0,-1,-1,-1
807,2,699.00,239.00,81.00,251.00,1.0,-1,-1,-1
807,3,446.00,182.00,162.00,339.00,1.0,-1,-1,-1
807,4,7.00,244.00,181.00,104.00,1.0,-1,-1,-1
807,5,156.00,199.00,79.00,300.00,1.0,-1,-1,-1
807,6,901.00,152.00,82.00,375.00,1.0,-1,-1,-1
807,7,700.00,239.00,81.00,251.00,1.0,-1,-1,-1
807,8,67.00,555.00,190.00,165.00,1.0,-1,-1,-1
807,9,946.00,139.00,56.00,343.00,1.0,-1,-1,-1
807,10,472.00,581.00,167.00,139.00,1.0,-1,-1,-1
807,11,946.00,139.00,55.00,343.00,1.0,-1,-1,-1
807,12,0.00,0.00,0.00,0.00,1.0,-1,-1,-1
807,13,1056.00,411.00,172.00,256.00,1.0,-1,-1,-1
808,0,182.00,194.00,425.00,327.00,1.0,-1,-1,-1
808,1,908.00,160.00,75.00,369.00,1.0,-1,-1,-1
808,2,680.00,240.00,103.00,251.00,1.0,-1,-1,-1
808,3,447.00,194.00,161.00,328.00,1.0,-1,-1,-1
808,4,8.00,245.00,180.00,104.00,1.0,-1,-1,-1
808,5,162.00,214.00,75.00,286.00,1.0,-1,-1,-1
808,6,908.00,160.00,74.00,369.00,1.0,-1,-1,-1
808,7,680.00,240.00,103.00,251.00,1.0,-1,-1,-1
808,8,69.00,556.00,189.00,164.00,1.0,-1,-1,-1
808,9,948.00,152.00,52.00,338.00,1.0,-1,-1,-1
808,10,474.00,583.00,166.00,137.00,1.0,-1,-1,-1
808,11,949.00,152.00,51.00,338.00,1.0,-1,-1,-1
808,12,0.00,0.00,0.00,0.00,1.0,-1,-1,-1
808,13,1057.00,412.00,173.00,256.00,1.0,-1,-1,-1
809,0,442.00,189.00,163.00,333.00,1.0,-1,-1,-1
809,1,906.00,175.00,88.00,355.00,1.0,-1,-1,-1
809,2,667.00,237.00,131.00,254.00,1.0,-1,-1,-1
809,3,522.00,215.00,83.00,307.00,1.0,-1,-1,-1
809,4,9.00,247.00,339.00,102.00,1.0,-1,-1,-1
809,5,163.00,235.00,75.00,266.00,1.0,-1,-1,-1
809,6,906.00,176.00,74.00,354.00,1.0,-1,-1,-1
809,7,668.00,237.00,130.00,254.00,1.0,-1,-1,-1
809,8,70.00,556.00,188.00,164.00,1.0,-1,-1,-1
809,9,947.00,171.00,51.00,320.00,1.0,-1,-1,-1
809,10,476.00,584.00,164.00,136.00,1.0,-1,-1,-1
809,11,947.00,172.00,51.00,319.00,1.0,-1,-1,-1
809,12,0.00,0.00,0.00,0.00,1.0,-1,-1,-1
809,13,1058.00,413.00,173.00,256.00,1.0,-1,-1,-1
810,0,437.00,184.00,165.00,338.00,1.0,-1,-1,-1
810,1,904.00,190.00,99.00,341.00,1.0,-1,-1,-1
810,2,663.00,232.00,145.00,260.00,1.0,-1,-1,-1
810,3,438.00,184.00,164.00,338.00,1.0,-1,-1,-1
810,4,11.00,247.00,60.00,104.00,1.0,-1,-1,-1
810,5,164.00,236.00,77.00,265.00,1.0,-1,-1,-1
810,6,904.00,190.00,85.00,341.00,1.0,-1,-1,-1
810,7,664.00,231.00,143.00,261.00,1.0,-1,-1,-1
810,8,71.00,557.00,187.00,163.00,1.0,-1,-1,-1
810,9,945.00,185.00,55.00,309.00,1.0,-1,-1,-1
810,10,477.00,585.00,164.00,135.00,1.0,-1,-1,-1
810,11,945.00,185.00,54.00,309.00,1.0,-1,-1,-1
810,12,0.00,0.00,0.00,0.00,1.0,-1,-1,-1
810,13,1060.00,414.00,172.00,256.00,1.0,-1,-1,-1
811,0,438.00,181.00,160.00,341.00,1.0,-1,-1,-1
811,1,902.00,206.00,108.00,325.00,1.0,-1,-1,-1
811,2,650.00,224.00,164.00,268.00,1.0,-1,-1,-1
811,3,438.00,181.00,160.00,341.00,1.0,-1,-1,-1
811,4,12.00,249.00,196.00,103.00,1.0,-1,-1,-1
811,5,165.00,233.00,78.00,269.00,1.0,-1,-1,-1
811,6,902.00,207.00,106.00,324.00,1.0,-1,-1,-1
811,7,650.00,224.00,164.00,268.00,1.0,-1,-1,-1
811,8,73.00,558.00,186.00,162.00,1.0,-1,-1,-1
811,9,941.00,200.00,59.00,295.00,1.0,-1,-1,-1
811,10,480.00,585.00,162.00,135.00,1.0,-1,-1,-1
811,11,927.00,200.00,73.00,295.00,1.0,-1,-1,-1
811,12,0.00,0.00,0.00,0.00,1.0,-1,-1,-1
811,13,1061.00,415.00,173.00,256.00,1.0,-1,-1,-1
812,0,437.00,180.00,158.00,337.00,1.0,-1,-1,-1
812,1,900.00,225.00,115.00,307.00,1.0,-1,-1,-1
812,2,652.00,215.00,163.00,278.00,1.0,-1,-1,-1
812,3,192.00,179.00,402.00,338.00,1.0,-1,-1,-1
812,4,13.00,250.00,61.00,103.00,1.0,-1,-1,-1
812,5,163.00,231.00,85.00,271.00,1.0,-1,-1,-1
812,6,900.00,224.00,115.00,308.00,1.0,-1,-1,-1
812,7,652.00,215.00,163.00,278.00,1.0,-1,-1,-1
812,8,75.00,561.00,184.00,159.00,1.0,-1,-1,-1
812,9,932.00,225.00,77.00,270.00,1.0,-1,-1,-1
812,10,482.00,587.00,160.00,133.00,1.0,-1,-1,-1
812,11,902.00,224.00,107.00,271.00,1.0,-1,-1,-1
812,12,0.00,0.00,0.00,0.00,1.0,-1,-1,-1
812,13,1063.00,416.00,173.00,257.00,1.0,-1,-1,-1
813,0,435.00,180.00,157.00,329.00,1.0,-1,-1,-1
813,1,894.00,244.00,125.00,288.00,1.0,-1,-1,-1
813,2,657.00,207.00,169.00,281.00,1.0,-1,-1,-1
813,3,435.00,180.00,157.00,330.00,1.0,-1,-1,-1
813,4,14.00,251.00,174.00,105.00,1.0,-1,-1,-1
813,5,161.00,230.00,93.00,262.00,1.0,-1,-1,-1
813,6,895.00,244.00,124.00,288.00,1.0,-1,-1,-1
813,7,657.00,207.00,169.00,281.00,1.0,-1,-1,-1
813,8,76.00,561.00,184.00,159.00,1.0,-1,-1,-1
813,9,894.00,243.00,124.00,253.00,1.0,-1,-1,-1
813,10,484.00,588.00,159.00,132.00,1.0,-1,-1,-1
813,11,894.00,243.00,124.00,253.00,1.0,-1,-1,-1
813,12,0.00,0.00,0.00,0.00,1.0,-1,-1,-1
813,13,1064.00,417.00,173.00,258.00,1.0,-1,-1,-1
814,0,434.00,181.00,158.00,325.00,1.0,-1,-1,-1
814,1,896.00,245.00,127.00,277.00,1.0,-1,-1,-1
814,2,662.00,200.00,172.00,282.00,1.0,-1,-1,-1
814,3,434.00,181.00,158.00,325.00,1.0,-1,-1,-1
814,4,16.00,252.00,172.00,138.00,1.0,-1,-1,-1
814,5,154.00,232.00,105.00,257.00,1.0,-1,-1,-1
814,6,895.00,243.00,128.00,279.00,1.0,-1,-1,-1
814,7,663.00,201.00,171.00,281.00,1.0,-1,-1,-1
814,8,77.00,562.00,183.00,158.00,1.0,-1,-1,-1
814,9,896.00,243.00,93.00,254.00,1.0,-1,-1,-1
814,10,486.00,589.00,158.00,131.00,1.0,-1,-1,-1
814,11,895.00,243.00,94.00,254.00,1.0,-1,-1,-1
814,12,0.00,0.00,0.00,0.00,1.0,-1,-1,-1
814,13,1066.00,418.00,172.00,259.00,1.0,-1,-1,-1
815,0,437.00,231.00,162.00,276.00,1.0,-1,-1,-1
815,1,876.00,246.00,149.00,263.00,1.0,-1,-1,-1
815,2,674.00,195.00,165.00,281.00,1.0,-1,-1,-1
815,3,462.00,194.00,137.00,313.00,1.0,-1,-1,-1
815,4,17.00,253.00,351.00,137.00,1.0,-1,-1,-1
815,5,143.00,236.00,125.00,255.00,1.0,-1,-1,-1
815,6,876.00,245.00,149.00,264.00,1.0,-1,-1,-1
815,7,673.00,195.00,166.00,281.00,1.0,-1,-1,-1
815,8,79.00,563.00,182.00,157.00,1.0,-1,-1,-1
815,9,875.00,243.00,110.00,247.00,1.0,-1,-1,-1
815,10,487.00,590.00,157.00,130.00,1.0,-1,-1,-1
815,11,875.00,243.00,110.00,247.00,1.0,-1,-1,-1
815,12,0.00,0.00,0.00,0.00,1.0,-1,-1,-1
815,13,1069.00,419.00,171.00,260.00,1.0,-1,-1,-1
816,0,455.00,230.00,154.00,280.00,1.0,-1,-1,-1
816,1,926.00,259.00,105.00,253.00,1.0,-1,-1,-1
816,2,677.00,192.00,166.00,279.00,1.0,-1,-1,-1
816,3,455.00,199.00,154.00,311.00,1.0,-1,-1,-1
816,4,19.00,254.00,209.00,104.00,1.0,-1,-1,-1
816,5,135.00,240.00,140.00,252.00,1.0,-1,-1,-1
816,6,927.00,260.00,104.00,253.00,1.0,-1,-1,-1
816,7,677.00,192.00,166.00,279.00,1.0,-1,-1,-1
816,8,81.00,564.00,181.00,156.00,1.0,-1,-1,-1
816,9,875.00,246.00,106.00,237.00,1.0,-1,-1,-1
816,10,490.00,592.00,155.00,128.00,1.0,-1,-1,-1
816,11,872.00,246.00,109.00,237.00,1.0,-1,-1,-1
816,12,0.00,0.00,0.00,0.00,1.0,-1,-1,-1
816,13,1070.00,420.00,172.00,261.00,1.0,-1,-1,-1
817,0,447.00,234.00,168.00,278.00,1.0,-1,-1,-1
817,1,934.00,265.00,104.00,250.00,1.0,-1,-1,-1
817,2,678.00,191.00,167.00,278.00,1.0,-1,-1,-1
817,3,452.00,234.00,163.00,278.00,1.0,-1,-1,-1
817,4,22.00,256.00,186.00,103.00,1.0,-1,-1,-1
817,5,134.00,246.00,147.00,247.00,1.0,-1,-1,-1
817,6,940.00,265.00,98.00,250.00,1.0,-1,-1,-1
817,7,679.00,191.00,166.00,277.00,1.0,-1,-1,-1
817,8,84.00,565.00,180.00,155.00,1.0,-1,-1,-1
817,9,871.00,248.00,100.00,235.00,1.0,-1,-1,-1
817,10,493.00,593.00,153.00,127.00,1.0,-1,-1,-1
817,11,871.00,248.00,117.00,235.00,1.0,-1,-1,-1
817,12,0.00,0.00,0.00,0.00,1.0,-1,-1,-1
817,13,1072.00,421.00,172.00,260.00,1.0,-1,-1,-1
818,0,442.00,240.00,176.00,272.00,1.0,-1,-1,-1
818,1,954.00,270.00,90.00,246.00,1.0,-1,-1,-1
818,2,686.00,191.00,162.00,277.00,1.0,-1,-1,-1
818,3,503.00,240.00,115.00,272.00,1.0,-1,-1,-1
818,4,24.00,257.00,184.00,103.00,1.0,-1,-1,-1
818,5,146.00,251.00,137.00,244.00,1.0,-1,-1,-1
818,6,954.00,270.00,90.00,246.00,1.0,-1,-1,-1
818,7,686.00,191.00,162.00,277.00,1.0,-1,-1,-1
818,8,85.00,566.00,180.00,154.00,1.0,-1,-1,-1
818,9,886.00,251.00,93.00,235.00,1.0,-1,-1,-1
818,10,495.00,594.00,152.00,126.00,1.0,-1,-1,-1
818,11,887.00,251.00,92.00,235.00,1.0,-1,-1,-1
818,12,0.00,0.00,0.00,0.00,1.0,-1,-1,-1
818,13,1074.00,422.00,172.00,261.00,1.0,-1,-1,-1
819,0,511.00,251.00,110.00,263.00,1.0,-1,-1,-1
819,1,953.00,274.00,97.00,243.00,1.0,-1,-1,-1
819,2,692.00,193.00,153.00,277.00,1.0,-1,-1,-1
819,3,511.00,252.00,110.00,262.00,1.0,-1,-1,-1
819,4,26.00,257.00,59.00,104.00,1.0,-1,-1,-1
819,5,154.00,255.00,128.00,240.00,1.0,-1,-1,-1
819,6,952.00,274.00,98.00,243.00,1.0,-1,-1,-1
819,7,692.00,194.00,152.00,276.00,1.0,-1,-1,-1
819,8,87.00,567.00,180.00,153.00,1.0,-1,-1,-1
819,9,906.00,254.00,73.00,232.00,1.0,-1,-1,-1
819,10,498.00,595.00,150.00,125.00,1.0,-1,-1,-1
819,11,906.00,254.00,74.00,232.00,1.0,-1,-1,-1
819,12,0.00,0.00,0.00,0.00,1.0,-1,-1,-1
819,13,1076.00,424.00,172.00,256.00,1.0,-1,-1,-1
820,0,514.00,259.00,110.00,256.00,1.0,-1,-1,-1
820,1,952.00,276.00,103.00,243.00,1.0,-1,-1,-1
820,2,698.00,198.00,143.00,275.00,1.0,-1,-1,-1
820,3,514.00,259.00,110.00,256.00,1.0,-1,-1,-1
820,4,27.00,259.00,61.00,103.00,1.0,-1,-1,-1
820,5,165.00,257.00,121.00,239.00,1.0,-1,-1,-1
820,6,953.00,276.00,102.00,243.00,1.0,-1,-1,-1
820,7,698.00,198.00,143.00,275.00,1.0,-1,-1,-1
820,8,89.00,569.00,179.00,151.00,1.0,-1,-1,-1
820,9,915.00,256.00,64.00,233.00,1.0,-1,-1,-1
820,10,500.00,597.00,148.00,123.00,1.0,-1,-1,-1
820,11,914.00,256.00,65.00,233.00,1.0,-1,-1,-1
820,12,0.00,0.00,0.00,0.00,1.0,-1,-1,-1
820,13,1077.00,425.00,173.00,257.00,1.0,-1,-1,-1
821,0,514.00,259.00,106.00,257.00,1.0,-1,-1,-1
821,1,961.00,276.00,97.00,244.00,1.0,-1,-1,-1
821,2,706.00,203.00,132.00,275.00,1.0,-1,-1,-1
821,3,513.00,259.00,107.00,257.00,1.0,-1,-1,-1
821,4,29.00,260.00,60.00,102.00,1.0,-1,-1,-1
821,5,172.00,257.00,110.00,240.00,1.0,-1,-1,-1
821,6,961.00,276.00,97.00,244.00,1.0,-1,-1,-1
821,7,706.00,203.00,132.00,275.00,1.0,-1,-1,-1
821,8,92.00,570.00,178.00,150.00,1.0,-1,-1,-1
821,9,915.00,257.00,64.00,233.00,1.0,-1,-1,-1
821,10,503.00,598.00,146.00,122.00,1.0,-1,-1,-1
821,11,915.00,257.00,64.00,233.00,1.0,-1,-1,-1
821,12,0.00,0.00,0.00,0.00,1.0,-1,-1,-1
821,13,1079.00,426.00,173.00,259.00,1.0,-1,-1,-1
822,0,510.00,257.00,104.00,259.00,1.0,-1,-1,-1
822,1,946.00,274.00,114.00,247.00,1.0,-1,-1,-1
822,2,705.00,209.00,126.00,276.00,1.0,-1,-1,-1
822,3,510.00,257.00,104.00,259.00,1.0,-1,-1,-1
822,4,32.00,262.00,176.00,103.00,1.0,-1,-1,-1
822,5,177.00,256.00,101.00,242.00,1.0,-1,-1,-1
822,6,947.00,274.00,113.00,247.00,1.0,-1,-1,-1
822,7,705.00,209.00,126.00,276.00,1.0,-1,-1,-1
822,8,96.00,571.00,176.00,149.00,1.0,-1,-1,-1
822,9,911.00,257.00,67.00,234.00,1.0,-1,-1,-1
822,10,506.00,599.00,144.00,121.00,1.0,-1,-1,-1
822,11,911.00,257.00,67.00,234.00,1.0,-1,-1,-1
822,12,0.00,0.00,0.00,0.00,1.0,-1,-1,-1
822,13,1082.00,428.00,172.00,260.00,1.0,-1,-1,-1
823,0,512.00,255.00,96.00,261.00,1.0,-1,-1,-1
823,1,961.00,273.00,100.00,249.00,1.0,-1,-1,-1
823,2,705.00,219.00,121.00,273.00,1.0,-1,-1,-1
823,3,512.00,255.00,96.00,261.00,1.0,-1,-1,-1
823,4,34.00,263.00,60.00,104.00,1.0,-1,-1,-1
823,5,178.00,252.00,94.00,247.00,1.0,-1,-1,-1
823,6,961.00,273.00,100.00,249.00,1.0,-1,-1,-1
823,7,705.00,219.00,121.00,273.00,1.0,-1,-1,-1
823,8,96.00,573.00,176.00,147.00,1.0,-1,-1,-1
823,9,909.00,256.00,71.00,235.00,1.0,-1,-1,-1
823,10,508.00,601.00,141.00,119.00,1.0,-1,-1,-1
823,11,909.00,256.00,74.00,235.00,1.0,-1,-1,-1
823,12,0.00,0.00,0.00,0.00,1.0,-1,-1,-1
823,13,1084.00,429.00,172.00,261.00,1.0,-1,-1,-1
824,0,509.00,256.00,88.00,256.00,1.0,-1,-1,-1
824,1,962.00,273.00,103.00,250.00,1.0,-1,-1,-1
824,2,705.00,229.00,118.00,273.00,1.0,-1,-1,-1
824,3,509.00,256.00,88.00,256.00,1.0,-1,-1,-1
824,4,35.00,264.00,173.00,106.00,1.0,-1,-1,-1
824,5,178.00,251.00,91.00,249.00,1.0,-1,-1,-1
824,6,962.00,273.00,103.00,250.00,1.0,-1,-1,-1
824,7,705.00,229.00,118.00,272.00,1.0,-1,-1,-1
824,8,99.00,574.00,174.00,146.00,1.0,-1,-1,-1
824,9,910.00,256.00,70.00,236.00,1.0,-1,-1,-1
824,10,511.00,602.00,139.00,118.00,1.0,-1,-1,-1
824,11,910.00,256.00,71.00,236.00,1.0,-1,-1,-1
824,12,0.00,0.00,0.00,0.00,1.0,-1,-1,-1
824,13,1086.00,431.00,172.00,259.00,1.0,-1,-1,-1
825,0,486.00,256.00,107.00,241.00,1.0,-1,-1,-1
825,1,962.00,273.00,108.00,232.00,1.0,-1,-1,-1
825,2,705.00,241.00,109.00,264.00,1.0,-1,-1,-1
825,3,486.00,256.00,106.00,241.00,1.0,-1,-1,-1
825,4,37.00,266.00,171.00,102.00,1.0,-1,-1,-1
825,5,178.00,251.00,89.00,241.00,1.0,-1,-1,-1
825,6,962.00,273.00,108.00,232.00,1.0,-1,-1,-1
825,7,705.00,242.00,109.00,263.00,1.0,-1,-1,-1
825,8,101.00,575.00,172.00,145.00,1.0,-1,-1,-1
825,9,909.00,257.00,70.00,235.00,1.0,-1,-1,-1
825,10,513.00,603.00,138.00,117.00,1.0,-1,-1,-1
825,11,908.00,257.00,71.00,235.00,1.0,-1,-1,-1
825,12,0.00,0.00,0.00,0.00,1.0,-1,-1,-1
825,13,1088.00,432.00,173.00,260.00,1.0,-1,-1,-1
826,0,469.00,258.00,109.00,246.00,1.0,-1,-1,-1
826,1,946.00,276.00,130.00,233.00,1.0,-1,-1,-1
826,2,706.00,254.00,88.00,252.00,1.0,-1,-1,-1
826,3,469.00,258.00,109.00,246.00,1.0,-1,-1,-1
826,4,40.00,267.00,168.00,104.00,1.0,-1,-1,-1
826,5,174.00,253.00,92.00,233.00,1.0,-1,-1,-1
826,6,946.00,276.00,130.00,233.00,1.0,-1,-1,-1
826,7,706.00,254.00,89.00,252.00,1.0,-1,-1,-1
826,8,103.00,577.00,172.00,143.00,1.0,-1,-1,-1
826,9,895.00,259.00,84.00,221.00,1.0,-1,-1,-1
826,10,516.00,605.00,136.00,115.00,1.0,-1,-1,-1
826,11,897.00,259.00,81.00,221.00,1.0,-1,-1,-1
826,12,0.00,0.00,0.00,0.00,1.0,-1,-1,-1
826,13,1090.00,433.00,173.00,261.00,1.0,-1,-1,-1
