1,0,543.00,174.00,37.00,84.00,1.0,-1,-1,-1
1,1,44.00,172.00,36.00,88.00,1.0,-1,-1,-1
2,0,556.00,173.00,25.00,85.00,1.0,-1,-1,-1
2,1,47.00,173.00,32.00,87.00,1.0,-1,-1,-1
3,0,565.00,177.00,43.00,86.00,1.0,-1,-1,-1
3,1,54.00,173.00,33.00,92.00,1.0,-1,-1,-1
3,2,504.00,198.00,29.00,94.00,1.0,-1,-1,-1
4,0,566.00,179.00,43.00,87.00,1.0,-1,-1,-1
4,1,57.00,173.00,29.00,92.00,1.0,-1,-1,-1
4,2,505.00,198.00,30.00,94.00,1.0,-1,-1,-1
5,0,574.00,180.00,36.00,86.00,1.0,-1,-1,-1
5,1,60.00,174.00,27.00,92.00,1.0,-1,-1,-1
5,2,508.00,197.00,30.00,95.00,1.0,-1,-1,-1
6,0,595.00,181.00,32.00,89.00,1.0,-1,-1,-1
6,1,64.00,177.00,28.00,92.00,1.0,-1,-1,-1
6,2,511.00,196.00,31.00,92.00,1.0,-1,-1,-1
6,3,237.00,181.00,32.00,73.00,1.0,-1,-1,-1
7,0,598.00,183.00,37.00,89.00,1.0,-1,-1,-1
7,1,67.00,178.00,27.00,92.00,1.0,-1,-1,-1
7,2,512.00,196.00,31.00,91.00,1.0,-1,-1,-1
7,3,241.00,181.00,38.00,73.00,1.0,-1,-1,-1
8,0,599.00,186.00,43.00,91.00,1.0,-1,-1,-1
8,1,68.00,185.00,27.00,87.00,1.0,-1,-1,-1
8,2,515.00,195.00,38.00,91.00,1.0,-1,-1,-1
8,3,245.00,182.00,37.00,74.00,1.0,-1,-1,-1
9,0,616.00,188.00,28.00,89.00,1.0,-1,-1,-1
9,1,72.00,178.00,29.00,94.00,1.0,-1,-1,-1
9,2,519.00,195.00,44.00,91.00,1.0,-1,-1,-1
9,3,255.00,182.00,28.00,75.00,1.0,-1,-1,-1
10,0,621.00,188.00,29.00,90.00,1.0,-1,-1,-1
10,1,74.00,198.00,25.00,74.00,1.0,-1,-1,-1
10,2,523.00,194.00,39.00,92.00,1.0,-1,-1,-1
10,3,260.00,182.00,26.00,76.00,1.0,-1,-1,-1
11,0,626.00,193.00,40.00,92.00,1.0,-1,-1,-1
11,1,76.00,201.00,34.00,74.00,1.0,-1,-1,-1
11,2,528.00,193.00,36.00,90.00,1.0,-1,-1,-1
11,3,265.00,184.00,35.00,75.00,1.0,-1,-1,-1
12,0,628.00,193.00,38.00,93.00,1.0,-1,-1,-1
12,1,79.00,202.00,31.00,73.00,1.0,-1,-1,-1
12,2,534.00,193.00,33.00,90.00,1.0,-1,-1,-1
12,3,270.00,186.00,35.00,76.00,1.0,-1,-1,-1
13,0,638.00,194.00,34.00,91.00,1.0,-1,-1,-1
13,1,84.00,200.00,27.00,75.00,1.0,-1,-1,-1
13,2,536.00,192.00,33.00,91.00,1.0,-1,-1,-1
13,3,275.00,186.00,32.00,77.00,1.0,-1,-1,-1
14,0,644.00,194.00,36.00,94.00,1.0,-1,-1,-1
14,1,86.00,202.00,27.00,74.00,1.0,-1,-1,-1
14,2,538.00,191.00,33.00,92.00,1.0,-1,-1,-1
14,3,279.00,185.00,28.00,78.00,1.0,-1,-1,-1
15,0,652.00,200.00,39.00,95.00,1.0,-1,-1,-1
15,1,90.00,201.00,29.00,79.00,1.0,-1,-1,-1
15,2,541.00,190.00,33.00,92.00,1.0,-1,-1,-1
15,3,286.00,186.00,36.00,77.00,1.0,-1,-1,-1
16,0,656.00,201.00,36.00,95.00,1.0,-1,-1,-1
16,1,93.00,202.00,27.00,79.00,1.0,-1,-1,-1
16,2,544.00,190.00,31.00,92.00,1.0,-1,-1,-1
16,3,291.00,188.00,40.00,75.00,1.0,-1,-1,-1
17,0,660.00,201.00,33.00,95.00,1.0,-1,-1,-1
17,1,96.00,205.00,26.00,76.00,1.0,-1,-1,-1
17,2,545.00,188.00,30.00,93.00,1.0,-1,-1,-1
17,3,296.00,191.00,38.00,73.00,1.0,-1,-1,-1
17,4,186.00,175.00,36.00,75.00,1.0,-1,-1,-1
18,0,667.00,203.00,32.00,96.00,1.0,-1,-1,-1
18,1,98.00,205.00,29.00,76.00,1.0,-1,-1,-1
18,2,545.00,187.00,31.00,89.00,1.0,-1,-1,-1
18,3,307.00,191.00,29.00,73.00,1.0,-1,-1,-1
18,4,195.00,175.00,32.00,76.00,1.0,-1,-1,-1
19,0,671.00,206.00,35.00,97.00,1.0,-1,-1,-1
19,1,98.00,205.00,32.00,76.00,1.0,-1,-1,-1
19,2,546.00,186.00,30.00,89.00,1.0,-1,-1,-1
19,3,312.00,190.00,27.00,75.00,1.0,-1,-1,-1
19,4,199.00,174.00,28.00,78.00,1.0,-1,-1,-1
19,5,0.00,209.00,31.00,83.00,1.0,-1,-1,-1
20,0,672.00,206.00,35.00,99.00,1.0,-1,-1,-1
20,1,100.00,206.00,39.00,76.00,1.0,-1,-1,-1
20,2,547.00,185.00,32.00,89.00,1.0,-1,-1,-1
20,3,316.00,189.00,29.00,77.00,1.0,-1,-1,-1
20,4,202.00,176.00,29.00,75.00,1.0,-1,-1,-1
20,5,0.00,209.00,35.00,84.00,1.0,-1,-1,-1
21,0,674.00,207.00,36.00,99.00,1.0,-1,-1,-1
21,1,103.00,207.00,40.00,77.00,1.0,-1,-1,-1
21,2,546.00,184.00,33.00,90.00,1.0,-1,-1,-1
21,3,319.00,190.00,29.00,75.00,1.0,-1,-1,-1
21,4,207.00,178.00,35.00,75.00,1.0,-1,-1,-1
21,5,0.00,210.00,38.00,84.00,1.0,-1,-1,-1
21,6,602.00,127.00,29.00,74.00,1.0,-1,-1,-1
22,0,682.00,207.00,34.00,99.00,1.0,-1,-1,-1
22,1,109.00,208.00,33.00,76.00,1.0,-1,-1,-1
22,2,547.00,184.00,31.00,90.00,1.0,-1,-1,-1
22,3,323.00,191.00,31.00,74.00,1.0,-1,-1,-1
22,4,211.00,179.00,32.00,76.00,1.0,-1,-1,-1
22,5,3.00,213.00,36.00,86.00,1.0,-1,-1,-1
22,6,607.00,126.00,25.00,75.00,1.0,-1,-1,-1
23,0,687.00,208.00,35.00,101.00,1.0,-1,-1,-1
23,1,112.00,206.00,32.00,79.00,1.0,-1,-1,-1
23,2,547.00,184.00,32.00,90.00,1.0,-1,-1,-1
23,3,328.00,191.00,31.00,74.00,1.0,-1,-1,-1
23,4,214.00,179.00,31.00,77.00,1.0,-1,-1,-1
23,5,5.00,215.00,35.00,85.00,1.0,-1,-1,-1
23,6,611.00,126.00,23.00,74.00,1.0,-1,-1,-1
23,7,151.00,181.00,44.00,95.00,1.0,-1,-1,-1
24,0,691.00,208.00,36.00,104.00,1.0,-1,-1,-1
24,1,116.00,207.00,32.00,77.00,1.0,-1,-1,-1
24,2,549.00,183.00,31.00,91.00,1.0,-1,-1,-1
24,3,331.00,191.00,31.00,73.00,1.0,-1,-1,-1
24,4,219.00,179.00,26.00,76.00,1.0,-1,-1,-1
24,5,7.00,216.00,34.00,84.00,1.0,-1,-1,-1
24,6,613.00,127.00,24.00,74.00,1.0,-1,-1,-1
24,7,155.00,181.00,46.00,95.00,1.0,-1,-1,-1
25,0,697.00,217.00,35.00,101.00,1.0,-1,-1,-1
25,1,122.00,209.00,31.00,79.00,1.0,-1,-1,-1
25,2,551.00,180.00,31.00,90.00,1.0,-1,-1,-1
25,3,338.00,192.00,35.00,67.00,1.0,-1,-1,-1
25,4,224.00,181.00,34.00,78.00,1.0,-1,-1,-1
25,5,10.00,217.00,33.00,84.00,1.0,-1,-1,-1
25,6,616.00,128.00,34.00,73.00,1.0,-1,-1,-1
25,7,162.00,181.00,53.00,95.00,1.0,-1,-1,-1
26,0,704.00,217.00,30.00,101.00,1.0,-1,-1,-1
26,1,123.00,210.00,32.00,80.00,1.0,-1,-1,-1
26,2,551.00,179.00,32.00,88.00,1.0,-1,-1,-1
26,3,341.00,194.00,34.00,64.00,1.0,-1,-1,-1
26,4,225.00,183.00,35.00,77.00,1.0,-1,-1,-1
26,5,13.00,219.00,35.00,84.00,1.0,-1,-1,-1
26,6,618.00,129.00,34.00,72.00,1.0,-1,-1,-1
26,7,166.00,181.00,49.00,94.00,1.0,-1,-1,-1
27,0,709.00,218.00,28.00,100.00,1.0,-1,-1,-1
27,1,125.00,211.00,33.00,79.00,1.0,-1,-1,-1
27,2,552.00,178.00,31.00,88.00,1.0,-1,-1,-1
27,3,345.00,195.00,33.00,58.00,1.0,-1,-1,-1
27,4,229.00,183.00,34.00,80.00,1.0,-1,-1,-1
27,5,16.00,221.00,33.00,83.00,1.0,-1,-1,-1
27,6,624.00,133.00,30.00,68.00,1.0,-1,-1,-1
27,7,164.00,182.00,33.00,94.00,1.0,-1,-1,-1
28,0,713.00,223.00,45.00,101.00,1.0,-1,-1,-1
28,1,132.00,211.00,29.00,79.00,1.0,-1,-1,-1
28,2,551.00,178.00,31.00,88.00,1.0,-1,-1,-1
28,3,356.00,194.00,36.00,80.00,1.0,-1,-1,-1
28,4,237.00,185.00,30.00,77.00,1.0,-1,-1,-1
28,5,21.00,226.00,32.00,78.00,1.0,-1,-1,-1
28,6,628.00,132.00,27.00,69.00,1.0,-1,-1,-1
28,7,164.00,184.00,43.00,91.00,1.0,-1,-1,-1
29,0,714.00,225.00,45.00,103.00,1.0,-1,-1,-1
29,1,124.00,212.00,42.00,78.00,1.0,-1,-1,-1
29,2,551.00,177.00,30.00,88.00,1.0,-1,-1,-1
29,3,360.00,197.00,29.00,78.00,1.0,-1,-1,-1
29,4,242.00,185.00,31.00,78.00,1.0,-1,-1,-1
29,5,21.00,225.00,35.00,79.00,1.0,-1,-1,-1
29,6,633.00,132.00,25.00,70.00,1.0,-1,-1,-1
29,7,165.00,184.00,44.00,92.00,1.0,-1,-1,-1
30,0,735.00,226.00,33.00,102.00,1.0,-1,-1,-1
30,1,138.00,215.00,41.00,80.00,1.0,-1,-1,-1
30,2,551.00,175.00,28.00,86.00,1.0,-1,-1,-1
30,3,365.00,199.00,31.00,84.00,1.0,-1,-1,-1
30,4,250.00,188.00,35.00,78.00,1.0,-1,-1,-1
30,5,24.00,226.00,37.00,84.00,1.0,-1,-1,-1
30,6,640.00,132.00,25.00,70.00,1.0,-1,-1,-1
30,7,169.00,184.00,50.00,91.00,1.0,-1,-1,-1
31,0,741.00,229.00,27.00,105.00,1.0,-1,-1,-1
31,1,146.00,216.00,31.00,79.00,1.0,-1,-1,-1
31,2,550.00,174.00,29.00,87.00,1.0,-1,-1,-1
31,3,367.00,201.00,30.00,83.00,1.0,-1,-1,-1
31,4,254.00,189.00,32.00,77.00,1.0,-1,-1,-1
31,5,28.00,228.00,35.00,83.00,1.0,-1,-1,-1
31,6,643.00,133.00,21.00,68.00,1.0,-1,-1,-1
31,7,172.00,185.00,58.00,90.00,1.0,-1,-1,-1
32,0,743.00,233.00,25.00,95.00,1.0,-1,-1,-1
32,1,147.00,216.00,31.00,79.00,1.0,-1,-1,-1
32,2,550.00,174.00,28.00,86.00,1.0,-1,-1,-1
32,3,371.00,204.00,30.00,82.00,1.0,-1,-1,-1
32,4,259.00,187.00,27.00,79.00,1.0,-1,-1,-1
32,5,33.00,229.00,32.00,81.00,1.0,-1,-1,-1
32,6,645.00,133.00,21.00,69.00,1.0,-1,-1,-1
32,7,175.00,187.00,58.00,88.00,1.0,-1,-1,-1
33,0,745.00,247.00,23.00,81.00,1.0,-1,-1,-1
33,1,150.00,215.00,30.00,79.00,1.0,-1,-1,-1
33,2,550.00,173.00,31.00,87.00,1.0,-1,-1,-1
33,3,374.00,203.00,28.00,84.00,1.0,-1,-1,-1
33,4,262.00,187.00,32.00,81.00,1.0,-1,-1,-1
33,5,35.00,229.00,32.00,81.00,1.0,-1,-1,-1
33,6,646.00,133.00,22.00,69.00,1.0,-1,-1,-1
33,7,176.00,186.00,58.00,89.00,1.0,-1,-1,-1
34,0,757.00,256.00,11.00,71.00,1.0,-1,-1,-1
34,1,152.00,215.00,29.00,82.00,1.0,-1,-1,-1
34,2,551.00,173.00,31.00,87.00,1.0,-1,-1,-1
34,3,376.00,204.00,29.00,83.00,1.0,-1,-1,-1
34,4,264.00,189.00,36.00,82.00,1.0,-1,-1,-1
34,5,36.00,227.00,33.00,83.00,1.0,-1,-1,-1
34,6,647.00,133.00,23.00,68.00,1.0,-1,-1,-1
34,7,176.00,186.00,58.00,89.00,1.0,-1,-1,-1
35,0,0.00,0.00,0.00,0.00,1.0,-1,-1,-1
35,1,156.00,219.00,28.00,84.00,1.0,-1,-1,-1
35,2,556.00,172.00,28.00,87.00,1.0,-1,-1,-1
35,3,381.00,204.00,35.00,82.00,1.0,-1,-1,-1
35,4,271.00,191.00,36.00,83.00,1.0,-1,-1,-1
35,5,42.00,228.00,131.00,86.00,1.0,-1,-1,-1
35,6,651.00,133.00,24.00,69.00,1.0,-1,-1,-1
35,7,178.00,186.00,62.00,88.00,1.0,-1,-1,-1
35,8,2.00,271.00,34.00,111.00,1.0,-1,-1,-1
36,0,0.00,0.00,0.00,0.00,1.0,-1,-1,-1
36,1,158.00,220.00,33.00,84.00,1.0,-1,-1,-1
36,2,558.00,171.00,29.00,87.00,1.0,-1,-1,-1
36,3,385.00,207.00,39.00,81.00,1.0,-1,-1,-1
36,4,277.00,194.00,33.00,80.00,1.0,-1,-1,-1
36,5,46.00,229.00,35.00,86.00,1.0,-1,-1,-1
36,6,653.00,133.00,21.00,68.00,1.0,-1,-1,-1
36,7,183.00,188.00,62.00,86.00,1.0,-1,-1,-1
36,8,7.00,271.00,45.00,110.00,1.0,-1,-1,-1
37,0,0.00,0.00,0.00,0.00,1.0,-1,-1,-1
37,1,158.00,220.00,33.00,84.00,1.0,-1,-1,-1
37,2,560.00,171.00,30.00,86.00,1.0,-1,-1,-1
37,3,389.00,208.00,36.00,83.00,1.0,-1,-1,-1
37,4,281.00,195.00,30.00,79.00,1.0,-1,-1,-1
37,5,47.00,229.00,36.00,86.00,1.0,-1,-1,-1
37,6,655.00,133.00,21.00,69.00,1.0,-1,-1,-1
37,7,218.00,190.00,30.00,86.00,1.0,-1,-1,-1
37,8,10.00,270.00,44.00,110.00,1.0,-1,-1,-1
38,0,0.00,0.00,0.00,0.00,1.0,-1,-1,-1
38,1,160.00,220.00,31.00,83.00,1.0,-1,-1,-1
38,2,562.00,169.00,30.00,85.00,1.0,-1,-1,-1
38,3,398.00,213.00,30.00,78.00,1.0,-1,-1,-1
38,4,291.00,194.00,37.00,82.00,1.0,-1,-1,-1
38,5,52.00,229.00,36.00,89.00,1.0,-1,-1,-1
38,6,655.00,134.00,27.00,70.00,1.0,-1,-1,-1
38,7,223.00,190.00,33.00,86.00,1.0,-1,-1,-1
38,8,30.00,265.00,31.00,108.00,1.0,-1,-1,-1
39,0,0.00,0.00,0.00,0.00,1.0,-1,-1,-1
39,1,162.00,222.00,33.00,83.00,1.0,-1,-1,-1
39,2,563.00,169.00,30.00,86.00,1.0,-1,-1,-1
39,3,401.00,216.00,27.00,76.00,1.0,-1,-1,-1
39,4,293.00,195.00,37.00,82.00,1.0,-1,-1,-1
39,5,54.00,231.00,36.00,92.00,1.0,-1,-1,-1
39,6,655.00,134.00,28.00,70.00,1.0,-1,-1,-1
39,7,228.00,190.00,32.00,86.00,1.0,-1,-1,-1
39,8,37.00,266.00,40.00,105.00,1.0,-1,-1,-1
40,0,0.00,0.00,0.00,0.00,1.0,-1,-1,-1
40,1,167.00,225.00,31.00,85.00,1.0,-1,-1,-1
40,2,564.00,169.00,29.00,85.00,1.0,-1,-1,-1
40,3,406.00,223.00,31.00,71.00,1.0,-1,-1,-1
40,4,305.00,194.00,27.00,83.00,1.0,-1,-1,-1
40,5,58.00,235.00,36.00,91.00,1.0,-1,-1,-1
40,6,649.00,135.00,28.00,69.00,1.0,-1,-1,-1
40,7,235.00,193.00,42.00,85.00,1.0,-1,-1,-1
40,8,43.00,263.00,47.00,107.00,1.0,-1,-1,-1
41,0,0.00,0.00,0.00,0.00,1.0,-1,-1,-1
41,1,168.00,225.00,30.00,84.00,1.0,-1,-1,-1
41,2,564.00,168.00,29.00,86.00,1.0,-1,-1,-1
41,3,409.00,233.00,19.00,59.00,1.0,-1,-1,-1
41,4,308.00,194.00,33.00,85.00,1.0,-1,-1,-1
41,5,58.00,234.00,37.00,90.00,1.0,-1,-1,-1
41,6,651.00,135.00,24.00,70.00,1.0,-1,-1,-1
41,7,237.00,193.00,38.00,86.00,1.0,-1,-1,-1
41,8,57.00,261.00,34.00,107.00,1.0,-1,-1,-1
42,0,0.00,0.00,0.00,0.00,1.0,-1,-1,-1
42,1,170.00,225.00,34.00,84.00,1.0,-1,-1,-1
42,2,563.00,166.00,29.00,87.00,1.0,-1,-1,-1
42,3,415.00,243.00,34.00,56.00,1.0,-1,-1,-1
42,4,314.00,199.00,38.00,84.00,1.0,-1,-1,-1
42,5,61.00,236.00,37.00,48.00,1.0,-1,-1,-1
42,6,647.00,135.00,20.00,69.00,1.0,-1,-1,-1
42,7,247.00,193.00,31.00,86.00,1.0,-1,-1,-1
42,8,73.00,261.00,40.00,107.00,1.0,-1,-1,-1
42,9,479.00,180.00,41.00,87.00,1.0,-1,-1,-1
43,0,0.00,0.00,0.00,0.00,1.0,-1,-1,-1
43,1,173.00,228.00,34.00,88.00,1.0,-1,-1,-1
43,2,564.00,165.00,28.00,84.00,1.0,-1,-1,-1
43,3,421.00,231.00,35.00,69.00,1.0,-1,-1,-1
43,4,325.00,199.00,32.00,86.00,1.0,-1,-1,-1
43,5,66.00,240.00,35.00,92.00,1.0,-1,-1,-1
43,6,637.00,137.00,13.00,40.00,1.0,-1,-1,-1
43,7,256.00,195.00,29.00,90.00,1.0,-1,-1,-1
43,8,86.00,259.00,38.00,106.00,1.0,-1,-1,-1
43,9,491.00,182.00,30.00,87.00,1.0,-1,-1,-1
44,0,0.00,0.00,0.00,0.00,1.0,-1,-1,-1
44,1,170.00,230.00,38.00,88.00,1.0,-1,-1,-1
44,2,563.00,165.00,29.00,84.00,1.0,-1,-1,-1
44,3,424.00,229.00,36.00,74.00,1.0,-1,-1,-1
44,4,331.00,199.00,28.00,86.00,1.0,-1,-1,-1
44,5,68.00,240.00,37.00,94.00,1.0,-1,-1,-1
44,6,633.00,138.00,19.00,70.00,1.0,-1,-1,-1
44,7,259.00,198.00,32.00,88.00,1.0,-1,-1,-1
44,8,97.00,257.00,28.00,104.00,1.0,-1,-1,-1
44,9,499.00,181.00,25.00,89.00,1.0,-1,-1,-1
45,0,0.00,0.00,0.00,0.00,1.0,-1,-1,-1
45,1,168.00,231.00,40.00,89.00,1.0,-1,-1,-1
45,2,563.00,164.00,29.00,84.00,1.0,-1,-1,-1
45,3,432.00,223.00,35.00,84.00,1.0,-1,-1,-1
45,4,336.00,200.00,26.00,85.00,1.0,-1,-1,-1
45,5,69.00,239.00,35.00,95.00,1.0,-1,-1,-1
45,6,631.00,139.00,20.00,69.00,1.0,-1,-1,-1
45,7,262.00,199.00,32.00,88.00,1.0,-1,-1,-1
45,8,102.00,255.00,32.00,106.00,1.0,-1,-1,-1
45,9,503.00,183.00,27.00,91.00,1.0,-1,-1,-1
46,0,0.00,0.00,0.00,0.00,1.0,-1,-1,-1
46,1,179.00,232.00,32.00,87.00,1.0,-1,-1,-1
46,2,563.00,164.00,30.00,83.00,1.0,-1,-1,-1
46,3,435.00,223.00,33.00,88.00,1.0,-1,-1,-1
46,4,341.00,203.00,28.00,82.00,1.0,-1,-1,-1
46,5,71.00,245.00,39.00,97.00,1.0,-1,-1,-1
46,6,623.00,137.00,42.00,71.00,1.0,-1,-1,-1
46,7,268.00,199.00,33.00,88.00,1.0,-1,-1,-1
46,8,113.00,255.00,39.00,105.00,1.0,-1,-1,-1
46,9,511.00,191.00,34.00,86.00,1.0,-1,-1,-1
47,0,0.00,0.00,0.00,0.00,1.0,-1,-1,-1
47,1,179.00,233.00,33.00,86.00,1.0,-1,-1,-1
47,2,564.00,162.00,29.00,84.00,1.0,-1,-1,-1
47,3,442.00,223.00,31.00,88.00,1.0,-1,-1,-1
47,4,346.00,202.00,28.00,82.00,1.0,-1,-1,-1
47,5,71.00,248.00,40.00,97.00,1.0,-1,-1,-1
47,6,616.00,139.00,27.00,69.00,1.0,-1,-1,-1
47,7,273.00,199.00,35.00,88.00,1.0,-1,-1,-1
47,8,119.00,254.00,33.00,103.00,1.0,-1,-1,-1
47,9,518.00,192.00,28.00,86.00,1.0,-1,-1,-1
48,0,0.00,0.00,0.00,0.00,1.0,-1,-1,-1
48,1,181.00,234.00,32.00,87.00,1.0,-1,-1,-1
48,2,564.00,161.00,30.00,85.00,1.0,-1,-1,-1
48,3,443.00,223.00,32.00,92.00,1.0,-1,-1,-1
48,4,354.00,202.00,25.00,85.00,1.0,-1,-1,-1
48,5,71.00,249.00,39.00,97.00,1.0,-1,-1,-1
48,6,604.00,139.00,35.00,70.00,1.0,-1,-1,-1
48,7,277.00,200.00,40.00,87.00,1.0,-1,-1,-1
48,8,122.00,251.00,31.00,105.00,1.0,-1,-1,-1
48,9,523.00,188.00,28.00,89.00,1.0,-1,-1,-1
49,0,0.00,0.00,0.00,0.00,1.0,-1,-1,-1
49,1,186.00,237.00,32.00,89.00,1.0,-1,-1,-1
49,2,565.00,159.00,29.00,82.00,1.0,-1,-1,-1
49,3,448.00,227.00,32.00,94.00,1.0,-1,-1,-1
49,4,359.00,206.00,43.00,50.00,1.0,-1,-1,-1
49,5,73.00,248.00,39.00,98.00,1.0,-1,-1,-1
49,6,602.00,140.00,30.00,71.00,1.0,-1,-1,-1
49,7,286.00,199.00,36.00,91.00,1.0,-1,-1,-1
49,8,129.00,251.00,35.00,105.00,1.0,-1,-1,-1
49,9,535.00,190.00,36.00,90.00,1.0,-1,-1,-1
50,0,0.00,0.00,0.00,0.00,1.0,-1,-1,-1
50,1,189.00,238.00,29.00,88.00,1.0,-1,-1,-1
50,2,565.00,158.00,29.00,82.00,1.0,-1,-1,-1
50,3,450.00,228.00,32.00,93.00,1.0,-1,-1,-1
50,4,363.00,208.00,44.00,87.00,1.0,-1,-1,-1
50,5,75.00,251.00,41.00,98.00,1.0,-1,-1,-1
50,6,599.00,140.00,23.00,71.00,1.0,-1,-1,-1
50,7,292.00,198.00,31.00,92.00,1.0,-1,-1,-1
50,8,132.00,249.00,34.00,106.00,1.0,-1,-1,-1
50,9,538.00,193.00,38.00,91.00,1.0,-1,-1,-1
51,0,0.00,0.00,0.00,0.00,1.0,-1,-1,-1
51,1,192.00,238.00,33.00,88.00,1.0,-1,-1,-1
51,2,564.00,158.00,27.00,82.00,1.0,-1,-1,-1
51,3,457.00,229.00,34.00,92.00,1.0,-1,-1,-1
51,4,377.00,208.00,33.00,89.00,1.0,-1,-1,-1
51,5,81.00,255.00,38.00,99.00,1.0,-1,-1,-1
51,6,588.00,142.00,25.00,72.00,1.0,-1,-1,-1
51,7,300.00,201.00,32.00,94.00,1.0,-1,-1,-1
51,8,139.00,244.00,33.00,103.00,1.0,-1,-1,-1
51,9,551.00,193.00,27.00,92.00,1.0,-1,-1,-1
52,0,0.00,0.00,0.00,0.00,1.0,-1,-1,-1
52,1,194.00,239.00,34.00,90.00,1.0,-1,-1,-1
52,2,562.00,158.00,27.00,51.00,1.0,-1,-1,-1
52,3,457.00,230.00,40.00,91.00,1.0,-1,-1,-1
52,4,381.00,210.00,29.00,87.00,1.0,-1,-1,-1
52,5,84.00,255.00,38.00,100.00,1.0,-1,-1,-1
52,6,584.00,143.00,27.00,73.00,1.0,-1,-1,-1
52,7,303.00,204.00,31.00,92.00,1.0,-1,-1,-1
52,8,143.00,243.00,35.00,103.00,1.0,-1,-1,-1
52,9,556.00,195.00,29.00,92.00,1.0,-1,-1,-1
52,10,110.00,182.00,31.00,80.00,1.0,-1,-1,-1
53,0,0.00,0.00,0.00,0.00,1.0,-1,-1,-1
53,1,197.00,240.00,33.00,93.00,1.0,-1,-1,-1
53,2,559.00,156.00,28.00,76.00,1.0,-1,-1,-1
53,3,460.00,230.00,39.00,93.00,1.0,-1,-1,-1
53,4,386.00,212.00,32.00,86.00,1.0,-1,-1,-1
53,5,86.00,255.00,38.00,99.00,1.0,-1,-1,-1
53,6,582.00,143.00,23.00,72.00,1.0,-1,-1,-1
53,7,303.00,205.00,37.00,93.00,1.0,-1,-1,-1
53,8,147.00,243.00,37.00,103.00,1.0,-1,-1,-1
53,9,562.00,195.00,28.00,95.00,1.0,-1,-1,-1
53,10,115.00,182.00,27.00,80.00,1.0,-1,-1,-1
54,0,0.00,0.00,0.00,0.00,1.0,-1,-1,-1
54,1,199.00,242.00,31.00,93.00,1.0,-1,-1,-1
54,2,558.00,155.00,28.00,80.00,1.0,-1,-1,-1
54,3,463.00,230.00,37.00,92.00,1.0,-1,-1,-1
54,4,391.00,214.00,35.00,87.00,1.0,-1,-1,-1
54,5,88.00,257.00,40.00,100.00,1.0,-1,-1,-1
54,6,578.00,143.00,24.00,63.00,1.0,-1,-1,-1
54,7,304.00,206.00,37.00,93.00,1.0,-1,-1,-1
54,8,152.00,243.00,31.00,102.00,1.0,-1,-1,-1
54,9,563.00,198.00,37.00,93.00,1.0,-1,-1,-1
54,10,120.00,181.00,53.00,149.00,1.0,-1,-1,-1
55,0,0.00,0.00,0.00,0.00,1.0,-1,-1,-1
55,1,201.00,243.00,31.00,93.00,1.0,-1,-1,-1
55,2,558.00,153.00,28.00,81.00,1.0,-1,-1,-1
55,3,466.00,230.00,36.00,92.00,1.0,-1,-1,-1
55,4,396.00,217.00,31.00,87.00,1.0,-1,-1,-1
55,5,91.00,260.00,39.00,103.00,1.0,-1,-1,-1
55,6,574.00,143.00,24.00,60.00,1.0,-1,-1,-1
55,7,309.00,206.00,36.00,93.00,1.0,-1,-1,-1
55,8,157.00,240.00,29.00,98.00,1.0,-1,-1,-1
55,9,568.00,199.00,33.00,95.00,1.0,-1,-1,-1
55,10,124.00,181.00,25.00,83.00,1.0,-1,-1,-1
55,11,500.00,233.00,32.00,90.00,1.0,-1,-1,-1
56,0,0.00,0.00,0.00,0.00,1.0,-1,-1,-1
56,1,204.00,244.00,32.00,92.00,1.0,-1,-1,-1
56,2,556.00,152.00,28.00,81.00,1.0,-1,-1,-1
56,3,474.00,231.00,32.00,98.00,1.0,-1,-1,-1
56,4,403.00,224.00,26.00,80.00,1.0,-1,-1,-1
56,5,96.00,263.00,38.00,103.00,1.0,-1,-1,-1
56,6,565.00,145.00,24.00,71.00,1.0,-1,-1,-1
56,7,320.00,207.00,38.00,92.00,1.0,-1,-1,-1
56,8,164.00,237.00,30.00,101.00,1.0,-1,-1,-1
56,9,580.00,200.00,30.00,94.00,1.0,-1,-1,-1
56,10,132.00,182.00,53.00,139.00,1.0,-1,-1,-1
56,11,507.00,234.00,31.00,92.00,1.0,-1,-1,-1
57,0,0.00,0.00,0.00,0.00,1.0,-1,-1,-1
57,1,206.00,245.00,33.00,91.00,1.0,-1,-1,-1
57,2,557.00,148.00,27.00,85.00,1.0,-1,-1,-1
57,3,477.00,232.00,33.00,97.00,1.0,-1,-1,-1
57,4,405.00,229.00,24.00,78.00,1.0,-1,-1,-1
57,5,99.00,262.00,38.00,104.00,1.0,-1,-1,-1
57,6,558.00,147.00,28.00,76.00,1.0,-1,-1,-1
57,7,324.00,208.00,43.00,91.00,1.0,-1,-1,-1
57,8,168.00,237.00,34.00,100.00,1.0,-1,-1,-1
57,9,584.00,202.00,39.00,93.00,1.0,-1,-1,-1
57,10,136.00,184.00,49.00,119.00,1.0,-1,-1,-1
57,11,512.00,235.00,28.00,95.00,1.0,-1,-1,-1
58,0,0.00,0.00,0.00,0.00,1.0,-1,-1,-1
58,1,208.00,246.00,37.00,93.00,1.0,-1,-1,-1
58,2,556.00,152.00,29.00,80.00,1.0,-1,-1,-1
58,3,480.00,233.00,39.00,98.00,1.0,-1,-1,-1
58,4,407.00,233.00,32.00,76.00,1.0,-1,-1,-1
58,5,102.00,263.00,37.00,103.00,1.0,-1,-1,-1
58,6,553.00,146.00,25.00,78.00,1.0,-1,-1,-1
58,7,329.00,207.00,41.00,94.00,1.0,-1,-1,-1
58,8,169.00,235.00,35.00,100.00,1.0,-1,-1,-1
58,9,589.00,204.00,44.00,94.00,1.0,-1,-1,-1
58,10,141.00,184.00,44.00,83.00,1.0,-1,-1,-1
58,11,513.00,236.00,29.00,94.00,1.0,-1,-1,-1
59,0,0.00,0.00,0.00,0.00,1.0,-1,-1,-1
59,1,212.00,248.00,38.00,93.00,1.0,-1,-1,-1
59,2,559.00,150.00,27.00,82.00,1.0,-1,-1,-1
59,3,484.00,235.00,35.00,96.00,1.0,-1,-1,-1
59,4,410.00,243.00,35.00,71.00,1.0,-1,-1,-1
59,5,103.00,265.00,45.00,105.00,1.0,-1,-1,-1
59,6,549.00,147.00,16.00,75.00,1.0,-1,-1,-1
59,7,334.00,208.00,36.00,93.00,1.0,-1,-1,-1
59,8,179.00,233.00,42.00,95.00,1.0,-1,-1,-1
59,9,591.00,205.00,45.00,96.00,1.0,-1,-1,-1
59,10,145.00,183.00,52.00,120.00,1.0,-1,-1,-1
59,11,514.00,237.00,30.00,93.00,1.0,-1,-1,-1
60,0,0.00,0.00,0.00,0.00,1.0,-1,-1,-1
60,1,220.00,250.00,31.00,92.00,1.0,-1,-1,-1
60,2,560.00,148.00,29.00,79.00,1.0,-1,-1,-1
60,3,489.00,236.00,34.00,95.00,1.0,-1,-1,-1
60,4,422.00,243.00,34.00,72.00,1.0,-1,-1,-1
60,5,112.00,270.00,44.00,107.00,1.0,-1,-1,-1
60,6,535.00,151.00,30.00,74.00,1.0,-1,-1,-1
60,7,343.00,210.00,28.00,93.00,1.0,-1,-1,-1
60,8,189.00,230.00,34.00,98.00,1.0,-1,-1,-1
60,9,610.00,205.00,29.00,96.00,1.0,-1,-1,-1
60,10,151.00,184.00,58.00,110.00,1.0,-1,-1,-1
60,11,521.00,237.00,26.00,93.00,1.0,-1,-1,-1
61,0,0.00,0.00,0.00,0.00,1.0,-1,-1,-1
61,1,222.00,250.00,33.00,92.00,1.0,-1,-1,-1
61,2,562.00,148.00,28.00,78.00,1.0,-1,-1,-1
61,3,493.00,237.00,33.00,94.00,1.0,-1,-1,-1
61,4,431.00,242.00,24.00,73.00,1.0,-1,-1,-1
61,5,115.00,270.00,41.00,107.00,1.0,-1,-1,-1
61,6,532.00,151.00,28.00,75.00,1.0,-1,-1,-1
61,7,347.00,211.00,25.00,91.00,1.0,-1,-1,-1
61,8,192.00,230.00,36.00,98.00,1.0,-1,-1,-1
61,9,615.00,206.00,29.00,99.00,1.0,-1,-1,-1
61,10,154.00,185.00,32.00,79.00,1.0,-1,-1,-1
61,11,524.00,237.00,27.00,93.00,1.0,-1,-1,-1
62,0,0.00,0.00,0.00,0.00,1.0,-1,-1,-1
62,1,226.00,251.00,34.00,94.00,1.0,-1,-1,-1
62,2,563.00,147.00,27.00,79.00,1.0,-1,-1,-1
62,3,495.00,238.00,35.00,93.00,1.0,-1,-1,-1
62,4,432.00,226.00,29.00,89.00,1.0,-1,-1,-1
62,5,119.00,270.00,41.00,107.00,1.0,-1,-1,-1
62,6,527.00,151.00,25.00,75.00,1.0,-1,-1,-1
62,7,351.00,208.00,29.00,93.00,1.0,-1,-1,-1
62,8,195.00,228.00,33.00,98.00,1.0,-1,-1,-1
62,9,620.00,209.00,33.00,98.00,1.0,-1,-1,-1
62,10,158.00,186.00,63.00,126.00,1.0,-1,-1,-1
62,11,525.00,236.00,28.00,94.00,1.0,-1,-1,-1
63,0,0.00,0.00,0.00,0.00,1.0,-1,-1,-1
63,1,228.00,252.00,36.00,96.00,1.0,-1,-1,-1
63,2,563.00,147.00,27.00,79.00,1.0,-1,-1,-1
63,3,499.00,238.00,36.00,93.00,1.0,-1,-1,-1
63,4,435.00,223.00,37.00,92.00,1.0,-1,-1,-1
63,5,121.00,272.00,42.00,108.00,1.0,-1,-1,-1
63,6,521.00,151.00,26.00,75.00,1.0,-1,-1,-1
63,7,355.00,214.00,26.00,87.00,1.0,-1,-1,-1
63,8,205.00,227.00,28.00,94.00,1.0,-1,-1,-1
63,9,623.00,211.00,38.00,99.00,1.0,-1,-1,-1
63,10,163.00,187.00,46.00,75.00,1.0,-1,-1,-1
63,11,529.00,235.00,28.00,95.00,1.0,-1,-1,-1
64,0,0.00,0.00,0.00,0.00,1.0,-1,-1,-1
64,1,233.00,257.00,34.00,96.00,1.0,-1,-1,-1
64,2,564.00,145.00,27.00,80.00,1.0,-1,-1,-1
64,3,505.00,240.00,39.00,93.00,1.0,-1,-1,-1
64,4,438.00,223.00,36.00,94.00,1.0,-1,-1,-1
64,5,128.00,279.00,42.00,109.00,1.0,-1,-1,-1
64,6,502.00,154.00,40.00,75.00,1.0,-1,-1,-1
64,7,373.00,214.00,23.00,98.00,1.0,-1,-1,-1
64,8,217.00,225.00,26.00,96.00,1.0,-1,-1,-1
64,9,636.00,213.00,29.00,98.00,1.0,-1,-1,-1
64,10,172.00,186.00,28.00,80.00,1.0,-1,-1,-1
64,11,538.00,236.00,31.00,92.00,1.0,-1,-1,-1
65,0,0.00,0.00,0.00,0.00,1.0,-1,-1,-1
65,1,236.00,258.00,32.00,95.00,1.0,-1,-1,-1
65,2,564.00,143.00,26.00,80.00,1.0,-1,-1,-1
65,3,508.00,240.00,37.00,93.00,1.0,-1,-1,-1
65,4,445.00,223.00,29.00,94.00,1.0,-1,-1,-1
65,5,131.00,281.00,43.00,109.00,1.0,-1,-1,-1
65,6,501.00,155.00,35.00,76.00,1.0,-1,-1,-1
65,7,376.00,214.00,25.00,96.00,1.0,-1,-1,-1
65,8,219.00,224.00,30.00,96.00,1.0,-1,-1,-1
65,9,640.00,212.00,31.00,99.00,1.0,-1,-1,-1
65,10,174.00,186.00,30.00,80.00,1.0,-1,-1,-1
65,11,540.00,237.00,36.00,91.00,1.0,-1,-1,-1
66,0,0.00,0.00,0.00,0.00,1.0,-1,-1,-1
66,1,240.00,260.00,32.00,93.00,1.0,-1,-1,-1
66,2,564.00,143.00,25.00,76.00,1.0,-1,-1,-1
66,3,520.00,239.00,33.00,98.00,1.0,-1,-1,-1
66,4,459.00,224.00,31.00,96.00,1.0,-1,-1,-1
66,5,138.00,281.00,42.00,109.00,1.0,-1,-1,-1
66,6,493.00,155.00,25.00,77.00,1.0,-1,-1,-1
66,7,383.00,218.00,34.00,95.00,1.0,-1,-1,-1
66,8,240.00,219.00,26.00,59.00,1.0,-1,-1,-1
66,9,650.00,218.00,44.00,99.00,1.0,-1,-1,-1
66,10,181.00,187.00,32.00,85.00,1.0,-1,-1,-1
66,11,548.00,239.00,30.00,91.00,1.0,-1,-1,-1
67,0,0.00,0.00,0.00,0.00,1.0,-1,-1,-1
67,1,243.00,260.00,36.00,95.00,1.0,-1,-1,-1
67,2,565.00,143.00,25.00,76.00,1.0,-1,-1,-1
67,3,525.00,240.00,36.00,101.00,1.0,-1,-1,-1
67,4,460.00,225.00,44.00,95.00,1.0,-1,-1,-1
67,5,142.00,282.00,45.00,109.00,1.0,-1,-1,-1
67,6,486.00,157.00,27.00,76.00,1.0,-1,-1,-1
67,7,383.00,219.00,34.00,95.00,1.0,-1,-1,-1
67,8,247.00,220.00,32.00,90.00,1.0,-1,-1,-1
67,9,651.00,220.00,44.00,100.00,1.0,-1,-1,-1
67,10,186.00,190.00,33.00,86.00,1.0,-1,-1,-1
67,11,555.00,239.00,28.00,91.00,1.0,-1,-1,-1
68,0,0.00,0.00,0.00,0.00,1.0,-1,-1,-1
68,1,246.00,263.00,41.00,95.00,1.0,-1,-1,-1
68,2,566.00,142.00,25.00,76.00,1.0,-1,-1,-1
68,3,529.00,242.00,45.00,100.00,1.0,-1,-1,-1
68,4,461.00,225.00,45.00,96.00,1.0,-1,-1,-1
68,5,147.00,285.00,54.00,110.00,1.0,-1,-1,-1
68,6,481.00,158.00,30.00,73.00,1.0,-1,-1,-1
68,7,384.00,217.00,33.00,97.00,1.0,-1,-1,-1
68,8,256.00,219.00,40.00,90.00,1.0,-1,-1,-1
68,9,658.00,220.00,37.00,100.00,1.0,-1,-1,-1
68,10,190.00,190.00,91.00,104.00,1.0,-1,-1,-1
68,11,559.00,240.00,29.00,90.00,1.0,-1,-1,-1
69,0,0.00,0.00,0.00,0.00,1.0,-1,-1,-1
69,1,250.00,265.00,38.00,96.00,1.0,-1,-1,-1
69,2,567.00,142.00,25.00,76.00,1.0,-1,-1,-1
69,3,530.00,244.00,45.00,98.00,1.0,-1,-1,-1
69,4,467.00,225.00,39.00,96.00,1.0,-1,-1,-1
69,5,153.00,288.00,49.00,111.00,1.0,-1,-1,-1
69,6,478.00,159.00,28.00,77.00,1.0,-1,-1,-1
69,7,389.00,218.00,32.00,96.00,1.0,-1,-1,-1
69,8,264.00,219.00,32.00,89.00,1.0,-1,-1,-1
69,9,670.00,220.00,31.00,100.00,1.0,-1,-1,-1
69,10,194.00,190.00,28.00,87.00,1.0,-1,-1,-1
69,11,564.00,241.00,35.00,88.00,1.0,-1,-1,-1
70,0,0.00,0.00,0.00,0.00,1.0,-1,-1,-1
70,1,254.00,265.00,33.00,96.00,1.0,-1,-1,-1
70,2,567.00,142.00,26.00,76.00,1.0,-1,-1,-1
70,3,536.00,244.00,41.00,98.00,1.0,-1,-1,-1
70,4,478.00,226.00,28.00,95.00,1.0,-1,-1,-1
70,5,157.00,288.00,44.00,112.00,1.0,-1,-1,-1
70,6,473.00,158.00,24.00,78.00,1.0,-1,-1,-1
70,7,394.00,216.00,26.00,103.00,1.0,-1,-1,-1
70,8,271.00,217.00,23.00,91.00,1.0,-1,-1,-1
70,9,676.00,221.00,30.00,103.00,1.0,-1,-1,-1
70,10,197.00,190.00,28.00,87.00,1.0,-1,-1,-1
70,11,568.00,242.00,38.00,89.00,1.0,-1,-1,-1
71,0,0.00,0.00,0.00,0.00,1.0,-1,-1,-1
71,1,255.00,264.00,34.00,97.00,1.0,-1,-1,-1
71,2,569.00,141.00,26.00,76.00,1.0,-1,-1,-1
71,3,545.00,245.00,37.00,97.00,1.0,-1,-1,-1
71,4,481.00,227.00,30.00,94.00,1.0,-1,-1,-1
71,5,162.00,287.00,42.00,113.00,1.0,-1,-1,-1
71,6,468.00,158.00,24.00,78.00,1.0,-1,-1,-1
71,7,398.00,224.00,31.00,99.00,1.0,-1,-1,-1
71,8,277.00,215.00,23.00,103.00,1.0,-1,-1,-1
71,9,681.00,226.00,32.00,100.00,1.0,-1,-1,-1
71,10,200.00,190.00,36.00,88.00,1.0,-1,-1,-1
71,11,574.00,242.00,33.00,91.00,1.0,-1,-1,-1
72,0,0.00,0.00,0.00,0.00,1.0,-1,-1,-1
72,1,259.00,266.00,43.00,99.00,1.0,-1,-1,-1
72,2,571.00,138.00,27.00,74.00,1.0,-1,-1,-1
72,3,554.00,247.00,41.00,95.00,1.0,-1,-1,-1
72,4,490.00,227.00,44.00,94.00,1.0,-1,-1,-1
72,5,169.00,291.00,44.00,118.00,1.0,-1,-1,-1
72,6,456.00,162.00,30.00,73.00,1.0,-1,-1,-1
72,7,407.00,243.00,23.00,73.00,1.0,-1,-1,-1
72,8,291.00,216.00,38.00,85.00,1.0,-1,-1,-1
72,9,687.00,228.00,35.00,103.00,1.0,-1,-1,-1
72,10,208.00,193.00,34.00,89.00,1.0,-1,-1,-1
72,11,584.00,241.00,28.00,93.00,1.0,-1,-1,-1
73,0,0.00,0.00,0.00,0.00,1.0,-1,-1,-1
73,1,263.00,270.00,43.00,99.00,1.0,-1,-1,-1
73,2,572.00,137.00,28.00,74.00,1.0,-1,-1,-1
73,3,559.00,249.00,48.00,94.00,1.0,-1,-1,-1
73,4,492.00,226.00,45.00,94.00,1.0,-1,-1,-1
73,5,173.00,295.00,44.00,117.00,1.0,-1,-1,-1
73,6,446.00,161.00,29.00,73.00,1.0,-1,-1,-1
73,7,411.00,243.00,32.00,72.00,1.0,-1,-1,-1
73,8,296.00,215.00,35.00,88.00,1.0,-1,-1,-1
73,9,696.00,229.00,33.00,102.00,1.0,-1,-1,-1
73,10,212.00,193.00,30.00,89.00,1.0,-1,-1,-1
73,11,589.00,242.00,26.00,92.00,1.0,-1,-1,-1
74,0,0.00,0.00,0.00,0.00,1.0,-1,-1,-1
74,1,268.00,271.00,40.00,102.00,1.0,-1,-1,-1
74,2,573.00,136.00,27.00,75.00,1.0,-1,-1,-1
74,3,561.00,250.00,48.00,96.00,1.0,-1,-1,-1
74,4,500.00,224.00,37.00,95.00,1.0,-1,-1,-1
74,5,178.00,298.00,42.00,117.00,1.0,-1,-1,-1
74,6,446.00,162.00,27.00,70.00,1.0,-1,-1,-1
74,7,415.00,243.00,31.00,67.00,1.0,-1,-1,-1
74,8,304.00,214.00,28.00,90.00,1.0,-1,-1,-1
74,9,699.00,228.00,33.00,102.00,1.0,-1,-1,-1
74,10,214.00,193.00,30.00,88.00,1.0,-1,-1,-1
74,11,596.00,243.00,23.00,95.00,1.0,-1,-1,-1
75,0,0.00,0.00,0.00,0.00,1.0,-1,-1,-1
75,1,270.00,273.00,38.00,100.00,1.0,-1,-1,-1
75,2,571.00,136.00,29.00,75.00,1.0,-1,-1,-1
75,3,571.00,250.00,43.00,96.00,1.0,-1,-1,-1
75,4,511.00,222.00,26.00,94.00,1.0,-1,-1,-1
75,5,181.00,299.00,44.00,115.00,1.0,-1,-1,-1
75,6,440.00,162.00,25.00,67.00,1.0,-1,-1,-1
75,7,418.00,244.00,35.00,79.00,1.0,-1,-1,-1
75,8,315.00,211.00,25.00,92.00,1.0,-1,-1,-1
75,9,705.00,231.00,41.00,103.00,1.0,-1,-1,-1
75,10,217.00,194.00,30.00,89.00,1.0,-1,-1,-1
75,11,601.00,245.00,21.00,94.00,1.0,-1,-1,-1
76,0,0.00,0.00,0.00,0.00,1.0,-1,-1,-1
76,1,274.00,273.00,37.00,99.00,1.0,-1,-1,-1
76,2,568.00,134.00,32.00,77.00,1.0,-1,-1,-1
76,3,577.00,250.00,38.00,95.00,1.0,-1,-1,-1
76,4,515.00,221.00,30.00,95.00,1.0,-1,-1,-1
76,5,185.00,298.00,44.00,117.00,1.0,-1,-1,-1
76,6,434.00,164.00,25.00,66.00,1.0,-1,-1,-1
76,7,422.00,244.00,43.00,84.00,1.0,-1,-1,-1
76,8,320.00,209.00,36.00,94.00,1.0,-1,-1,-1
76,9,709.00,235.00,46.00,103.00,1.0,-1,-1,-1
76,10,219.00,194.00,30.00,93.00,1.0,-1,-1,-1
76,11,603.00,247.00,22.00,95.00,1.0,-1,-1,-1
77,0,0.00,0.00,0.00,0.00,1.0,-1,-1,-1
77,1,279.00,273.00,35.00,100.00,1.0,-1,-1,-1
77,2,573.00,134.00,27.00,76.00,1.0,-1,-1,-1
77,3,581.00,251.00,38.00,99.00,1.0,-1,-1,-1
77,4,519.00,221.00,40.00,95.00,1.0,-1,-1,-1
77,5,189.00,299.00,44.00,115.00,1.0,-1,-1,-1
77,6,432.00,165.00,25.00,67.00,1.0,-1,-1,-1
77,7,431.00,231.00,36.00,101.00,1.0,-1,-1,-1
77,8,321.00,210.00,44.00,92.00,1.0,-1,-1,-1
77,9,711.00,236.00,45.00,104.00,1.0,-1,-1,-1
77,10,222.00,196.00,29.00,92.00,1.0,-1,-1,-1
77,11,604.00,249.00,26.00,95.00,1.0,-1,-1,-1
78,0,0.00,0.00,0.00,0.00,1.0,-1,-1,-1
78,1,283.00,276.00,39.00,101.00,1.0,-1,-1,-1
78,2,574.00,133.00,26.00,76.00,1.0,-1,-1,-1
78,3,585.00,253.00,36.00,101.00,1.0,-1,-1,-1
78,4,523.00,222.00,46.00,93.00,1.0,-1,-1,-1
78,5,193.00,302.00,55.00,119.00,1.0,-1,-1,-1
78,6,424.00,171.00,23.00,41.00,1.0,-1,-1,-1
78,7,433.00,231.00,34.00,101.00,1.0,-1,-1,-1
78,8,330.00,208.00,36.00,91.00,1.0,-1,-1,-1
78,9,719.00,236.00,40.00,106.00,1.0,-1,-1,-1
78,10,224.00,197.00,30.00,93.00,1.0,-1,-1,-1
78,11,613.00,249.00,22.00,95.00,1.0,-1,-1,-1
79,0,0.00,0.00,0.00,0.00,1.0,-1,-1,-1
79,1,288.00,279.00,42.00,101.00,1.0,-1,-1,-1
79,2,574.00,133.00,26.00,73.00,1.0,-1,-1,-1
79,3,588.00,255.00,38.00,103.00,1.0,-1,-1,-1
79,4,524.00,222.00,47.00,93.00,1.0,-1,-1,-1
79,5,199.00,306.00,53.00,118.00,1.0,-1,-1,-1
79,6,416.00,164.00,26.00,40.00,1.0,-1,-1,-1
79,7,437.00,230.00,32.00,102.00,1.0,-1,-1,-1
79,8,344.00,205.00,22.00,90.00,1.0,-1,-1,-1
79,9,732.00,237.00,33.00,104.00,1.0,-1,-1,-1
79,10,227.00,197.00,28.00,93.00,1.0,-1,-1,-1
79,11,616.00,249.00,23.00,93.00,1.0,-1,-1,-1
80,0,0.00,0.00,0.00,0.00,1.0,-1,-1,-1
80,1,294.00,281.00,37.00,103.00,1.0,-1,-1,-1
80,2,574.00,133.00,26.00,72.00,1.0,-1,-1,-1
80,3,592.00,257.00,38.00,103.00,1.0,-1,-1,-1
80,4,528.00,220.00,43.00,94.00,1.0,-1,-1,-1
80,5,205.00,307.00,48.00,120.00,1.0,-1,-1,-1
80,6,412.00,164.00,23.00,39.00,1.0,-1,-1,-1
80,7,442.00,231.00,32.00,102.00,1.0,-1,-1,-1
80,8,349.00,204.00,23.00,92.00,1.0,-1,-1,-1
80,9,739.00,239.00,29.00,108.00,1.0,-1,-1,-1
80,10,229.00,198.00,29.00,92.00,1.0,-1,-1,-1
80,11,621.00,251.00,22.00,94.00,1.0,-1,-1,-1
81,0,0.00,0.00,0.00,0.00,1.0,-1,-1,-1
81,1,298.00,283.00,33.00,101.00,1.0,-1,-1,-1
81,2,574.00,131.00,24.00,74.00,1.0,-1,-1,-1
81,3,596.00,258.00,40.00,102.00,1.0,-1,-1,-1
81,4,536.00,219.00,35.00,93.00,1.0,-1,-1,-1
81,5,210.00,307.00,44.00,120.00,1.0,-1,-1,-1
81,6,406.00,165.00,21.00,49.00,1.0,-1,-1,-1
81,7,447.00,232.00,30.00,107.00,1.0,-1,-1,-1
81,8,352.00,206.00,26.00,90.00,1.0,-1,-1,-1
81,9,742.00,243.00,26.00,106.00,1.0,-1,-1,-1
81,10,232.00,198.00,29.00,92.00,1.0,-1,-1,-1
81,11,626.00,253.00,29.00,95.00,1.0,-1,-1,-1
82,0,0.00,0.00,0.00,0.00,1.0,-1,-1,-1
82,1,303.00,283.00,34.00,101.00,1.0,-1,-1,-1
82,2,575.00,131.00,25.00,73.00,1.0,-1,-1,-1
82,3,599.00,259.00,40.00,101.00,1.0,-1,-1,-1
82,4,541.00,219.00,35.00,93.00,1.0,-1,-1,-1
82,5,213.00,308.00,45.00,118.00,1.0,-1,-1,-1
82,6,402.00,165.00,24.00,38.00,1.0,-1,-1,-1
82,7,452.00,234.00,33.00,107.00,1.0,-1,-1,-1
82,8,357.00,205.00,33.00,89.00,1.0,-1,-1,-1
82,9,744.00,259.00,24.00,83.00,1.0,-1,-1,-1
82,10,235.00,199.00,37.00,91.00,1.0,-1,-1,-1
82,11,630.00,254.00,27.00,96.00,1.0,-1,-1,-1
83,0,762.00,274.00,6.00,66.00,1.0,-1,-1,-1
83,1,310.00,287.00,47.00,106.00,1.0,-1,-1,-1
83,2,575.00,130.00,25.00,74.00,1.0,-1,-1,-1
83,3,607.00,261.00,38.00,99.00,1.0,-1,-1,-1
83,4,550.00,219.00,37.00,93.00,1.0,-1,-1,-1
83,5,221.00,314.00,46.00,124.00,1.0,-1,-1,-1
83,6,392.00,166.00,23.00,66.00,1.0,-1,-1,-1
83,7,457.00,237.00,35.00,107.00,1.0,-1,-1,-1
83,8,376.00,199.00,25.00,81.00,1.0,-1,-1,-1
83,9,761.00,274.00,7.00,66.00,1.0,-1,-1,-1
83,10,242.00,201.00,38.00,90.00,1.0,-1,-1,-1
83,11,638.00,255.00,28.00,96.00,1.0,-1,-1,-1
84,0,0.00,0.00,0.00,0.00,1.0,-1,-1,-1
84,1,313.00,290.00,49.00,107.00,1.0,-1,-1,-1
84,2,575.00,129.00,25.00,72.00,1.0,-1,-1,-1
84,3,611.00,263.00,43.00,100.00,1.0,-1,-1,-1
84,4,553.00,218.00,40.00,94.00,1.0,-1,-1,-1
84,5,225.00,318.00,47.00,125.00,1.0,-1,-1,-1
84,6,388.00,167.00,25.00,50.00,1.0,-1,-1,-1
84,7,464.00,237.00,31.00,107.00,1.0,-1,-1,-1
84,8,381.00,198.00,33.00,87.00,1.0,-1,-1,-1
84,9,0.00,0.00,0.00,0.00,1.0,-1,-1,-1
84,10,244.00,200.00,35.00,91.00,1.0,-1,-1,-1
84,11,642.00,257.00,28.00,99.00,1.0,-1,-1,-1
85,0,0.00,0.00,0.00,0.00,1.0,-1,-1,-1
85,1,318.00,291.00,44.00,105.00,1.0,-1,-1,-1
85,2,575.00,128.00,25.00,71.00,1.0,-1,-1,-1
85,3,613.00,265.00,45.00,101.00,1.0,-1,-1,-1
85,4,559.00,216.00,35.00,95.00,1.0,-1,-1,-1
85,5,230.00,319.00,46.00,124.00,1.0,-1,-1,-1
85,6,384.00,169.00,25.00,45.00,1.0,-1,-1,-1
85,7,469.00,238.00,29.00,105.00,1.0,-1,-1,-1
85,8,387.00,198.00,36.00,83.00,1.0,-1,-1,-1
85,9,0.00,0.00,0.00,0.00,1.0,-1,-1,-1
85,10,248.00,200.00,31.00,91.00,1.0,-1,-1,-1
85,11,647.00,259.00,27.00,100.00,1.0,-1,-1,-1
86,0,0.00,0.00,0.00,0.00,1.0,-1,-1,-1
86,1,322.00,292.00,38.00,104.00,1.0,-1,-1,-1
86,2,573.00,127.00,26.00,71.00,1.0,-1,-1,-1
86,3,614.00,266.00,49.00,103.00,1.0,-1,-1,-1
86,4,564.00,216.00,30.00,93.00,1.0,-1,-1,-1
86,5,233.00,320.00,46.00,123.00,1.0,-1,-1,-1
86,6,379.00,169.00,27.00,72.00,1.0,-1,-1,-1
86,7,473.00,239.00,30.00,105.00,1.0,-1,-1,-1
86,8,394.00,198.00,29.00,84.00,1.0,-1,-1,-1
86,9,0.00,0.00,0.00,0.00,1.0,-1,-1,-1
86,10,251.00,200.00,29.00,92.00,1.0,-1,-1,-1
86,11,652.00,262.00,26.00,101.00,1.0,-1,-1,-1
87,0,0.00,0.00,0.00,0.00,1.0,-1,-1,-1
87,1,332.00,294.00,40.00,106.00,1.0,-1,-1,-1
87,2,569.00,127.00,26.00,71.00,1.0,-1,-1,-1
87,3,626.00,267.00,45.00,103.00,1.0,-1,-1,-1
87,4,572.00,219.00,34.00,87.00,1.0,-1,-1,-1
87,5,242.00,322.00,50.00,123.00,1.0,-1,-1,-1
87,6,366.00,168.00,21.00,39.00,1.0,-1,-1,-1
87,7,477.00,242.00,46.00,103.00,1.0,-1,-1,-1
87,8,406.00,193.00,19.00,89.00,1.0,-1,-1,-1
87,9,0.00,0.00,0.00,0.00,1.0,-1,-1,-1
87,10,256.00,202.00,31.00,95.00,1.0,-1,-1,-1
87,11,661.00,265.00,27.00,99.00,1.0,-1,-1,-1
88,0,0.00,0.00,0.00,0.00,1.0,-1,-1,-1
88,1,337.00,297.00,45.00,108.00,1.0,-1,-1,-1
88,2,568.00,125.00,24.00,72.00,1.0,-1,-1,-1
88,3,634.00,268.00,38.00,102.00,1.0,-1,-1,-1
88,4,581.00,220.00,32.00,85.00,1.0,-1,-1,-1
88,5,246.00,325.00,59.00,125.00,1.0,-1,-1,-1
88,6,364.00,173.00,21.00,69.00,1.0,-1,-1,-1
88,7,480.00,243.00,43.00,103.00,1.0,-1,-1,-1
88,8,411.00,194.00,30.00,88.00,1.0,-1,-1,-1
88,9,0.00,0.00,0.00,0.00,1.0,-1,-1,-1
88,10,259.00,203.00,31.00,95.00,1.0,-1,-1,-1
88,11,665.00,266.00,28.00,98.00,1.0,-1,-1,-1
88,12,371.00,238.00,31.00,101.00,1.0,-1,-1,-1
89,0,0.00,0.00,0.00,0.00,1.0,-1,-1,-1
89,1,342.00,300.00,42.00,109.00,1.0,-1,-1,-1
89,2,565.00,125.00,25.00,70.00,1.0,-1,-1,-1
89,3,637.00,270.00,40.00,106.00,1.0,-1,-1,-1
89,4,582.00,220.00,42.00,85.00,1.0,-1,-1,-1
89,5,252.00,328.00,56.00,128.00,1.0,-1,-1,-1
89,6,358.00,174.00,32.00,85.00,1.0,-1,-1,-1
89,7,487.00,242.00,37.00,104.00,1.0,-1,-1,-1
89,8,412.00,243.00,35.00,38.00,1.0,-1,-1,-1
89,9,0.00,0.00,0.00,0.00,1.0,-1,-1,-1
89,10,261.00,203.00,31.00,97.00,1.0,-1,-1,-1
89,11,667.00,267.00,31.00,98.00,1.0,-1,-1,-1
89,12,372.00,238.00,32.00,101.00,1.0,-1,-1,-1
90,0,0.00,0.00,0.00,0.00,1.0,-1,-1,-1
90,1,345.00,301.00,40.00,107.00,1.0,-1,-1,-1
90,2,563.00,124.00,25.00,69.00,1.0,-1,-1,-1
90,3,640.00,273.00,38.00,106.00,1.0,-1,-1,-1
90,4,586.00,219.00,40.00,86.00,1.0,-1,-1,-1
90,5,259.00,329.00,49.00,127.00,1.0,-1,-1,-1
90,6,353.00,173.00,30.00,85.00,1.0,-1,-1,-1
90,7,498.00,242.00,30.00,105.00,1.0,-1,-1,-1
90,8,424.00,191.00,23.00,82.00,1.0,-1,-1,-1
90,9,0.00,0.00,0.00,0.00,1.0,-1,-1,-1
90,10,263.00,205.00,32.00,95.00,1.0,-1,-1,-1
90,11,667.00,270.00,35.00,99.00,1.0,-1,-1,-1
90,12,372.00,239.00,34.00,100.00,1.0,-1,-1,-1
91,0,0.00,0.00,0.00,0.00,1.0,-1,-1,-1
91,1,352.00,301.00,43.00,108.00,1.0,-1,-1,-1
91,2,562.00,123.00,23.00,70.00,1.0,-1,-1,-1
91,3,642.00,276.00,42.00,106.00,1.0,-1,-1,-1
91,4,589.00,216.00,38.00,89.00,1.0,-1,-1,-1
91,5,264.00,330.00,47.00,126.00,1.0,-1,-1,-1
91,6,348.00,174.00,16.00,47.00,1.0,-1,-1,-1
91,7,503.00,243.00,30.00,109.00,1.0,-1,-1,-1
91,8,432.00,187.00,20.00,86.00,1.0,-1,-1,-1
91,9,0.00,0.00,0.00,0.00,1.0,-1,-1,-1
91,10,265.00,205.00,32.00,95.00,1.0,-1,-1,-1
91,11,670.00,272.00,37.00,100.00,1.0,-1,-1,-1
91,12,374.00,241.00,33.00,102.00,1.0,-1,-1,-1
92,0,0.00,0.00,0.00,0.00,1.0,-1,-1,-1
92,1,358.00,305.00,53.00,111.00,1.0,-1,-1,-1
92,2,559.00,123.00,24.00,69.00,1.0,-1,-1,-1
92,3,648.00,279.00,39.00,107.00,1.0,-1,-1,-1
92,4,605.00,216.00,28.00,89.00,1.0,-1,-1,-1
92,5,272.00,335.00,48.00,130.00,1.0,-1,-1,-1
92,6,333.00,177.00,31.00,81.00,1.0,-1,-1,-1
92,7,508.00,247.00,41.00,107.00,1.0,-1,-1,-1
92,8,438.00,185.00,32.00,88.00,1.0,-1,-1,-1
92,9,0.00,0.00,0.00,0.00,1.0,-1,-1,-1
92,10,268.00,206.00,39.00,96.00,1.0,-1,-1,-1
92,11,678.00,275.00,41.00,98.00,1.0,-1,-1,-1
92,12,375.00,246.00,35.00,80.00,1.0,-1,-1,-1
93,0,0.00,0.00,0.00,0.00,1.0,-1,-1,-1
93,1,363.00,309.00,53.00,111.00,1.0,-1,-1,-1
93,2,557.00,123.00,23.00,59.00,1.0,-1,-1,-1
93,3,650.00,279.00,41.00,107.00,1.0,-1,-1,-1
93,4,609.00,214.00,27.00,91.00,1.0,-1,-1,-1
93,5,276.00,339.00,50.00,132.00,1.0,-1,-1,-1
93,6,327.00,178.00,32.00,81.00,1.0,-1,-1,-1
93,7,511.00,248.00,40.00,106.00,1.0,-1,-1,-1
93,8,436.00,183.00,35.00,89.00,1.0,-1,-1,-1
93,9,0.00,0.00,0.00,0.00,1.0,-1,-1,-1
93,10,270.00,209.00,38.00,95.00,1.0,-1,-1,-1
93,11,685.00,276.00,38.00,98.00,1.0,-1,-1,-1
93,12,378.00,249.00,33.00,77.00,1.0,-1,-1,-1
94,0,0.00,0.00,0.00,0.00,1.0,-1,-1,-1
94,1,368.00,313.00,48.00,110.00,1.0,-1,-1,-1
94,2,555.00,122.00,21.00,48.00,1.0,-1,-1,-1
94,3,653.00,280.00,41.00,106.00,1.0,-1,-1,-1
94,4,614.00,215.00,37.00,89.00,1.0,-1,-1,-1
94,5,281.00,342.00,47.00,131.00,1.0,-1,-1,-1
94,6,325.00,179.00,32.00,82.00,1.0,-1,-1,-1
94,7,519.00,247.00,38.00,106.00,1.0,-1,-1,-1
94,8,448.00,181.00,25.00,85.00,1.0,-1,-1,-1
94,9,0.00,0.00,0.00,0.00,1.0,-1,-1,-1
94,10,273.00,211.00,34.00,96.00,1.0,-1,-1,-1
94,11,691.00,279.00,35.00,100.00,1.0,-1,-1,-1
94,12,380.00,249.00,33.00,79.00,1.0,-1,-1,-1
95,0,0.00,0.00,0.00,0.00,1.0,-1,-1,-1
95,1,375.00,313.00,37.00,109.00,1.0,-1,-1,-1
95,2,554.00,121.00,22.00,54.00,1.0,-1,-1,-1
95,3,657.00,283.00,44.00,106.00,1.0,-1,-1,-1
95,4,621.00,215.00,33.00,88.00,1.0,-1,-1,-1
95,5,286.00,342.00,45.00,131.00,1.0,-1,-1,-1
95,6,319.00,178.00,26.00,82.00,1.0,-1,-1,-1
95,7,528.00,248.00,30.00,105.00,1.0,-1,-1,-1
95,8,452.00,180.00,25.00,86.00,1.0,-1,-1,-1
95,9,0.00,0.00,0.00,0.00,1.0,-1,-1,-1
95,10,276.00,209.00,32.00,98.00,1.0,-1,-1,-1
95,11,695.00,281.00,36.00,102.00,1.0,-1,-1,-1
95,12,383.00,251.00,33.00,82.00,1.0,-1,-1,-1
96,0,0.00,0.00,0.00,0.00,1.0,-1,-1,-1
96,1,380.00,314.00,35.00,108.00,1.0,-1,-1,-1
96,2,552.00,120.00,22.00,56.00,1.0,-1,-1,-1
96,3,661.00,287.00,49.00,107.00,1.0,-1,-1,-1
96,4,625.00,213.00,29.00,87.00,1.0,-1,-1,-1
96,5,289.00,342.00,46.00,131.00,1.0,-1,-1,-1
96,6,313.00,179.00,27.00,81.00,1.0,-1,-1,-1
96,7,533.00,248.00,37.00,107.00,1.0,-1,-1,-1
96,8,455.00,181.00,27.00,85.00,1.0,-1,-1,-1
96,9,0.00,0.00,0.00,0.00,1.0,-1,-1,-1
96,10,277.00,210.00,34.00,97.00,1.0,-1,-1,-1
96,11,698.00,285.00,38.00,103.00,1.0,-1,-1,-1
96,12,387.00,256.00,34.00,94.00,1.0,-1,-1,-1
97,0,0.00,0.00,0.00,0.00,1.0,-1,-1,-1
97,1,384.00,315.00,35.00,107.00,1.0,-1,-1,-1
97,2,550.00,120.00,26.00,54.00,1.0,-1,-1,-1
97,3,664.00,289.00,44.00,110.00,1.0,-1,-1,-1
97,4,633.00,212.00,23.00,89.00,1.0,-1,-1,-1
97,5,293.00,342.00,46.00,131.00,1.0,-1,-1,-1
97,6,306.00,182.00,31.00,78.00,1.0,-1,-1,-1
97,7,536.00,249.00,43.00,107.00,1.0,-1,-1,-1
97,8,436.00,180.00,49.00,87.00,1.0,-1,-1,-1
97,9,0.00,0.00,0.00,0.00,1.0,-1,-1,-1
97,10,279.00,210.00,32.00,97.00,1.0,-1,-1,-1
97,11,706.00,287.00,37.00,100.00,1.0,-1,-1,-1
97,12,392.00,257.00,36.00,102.00,1.0,-1,-1,-1
98,0,0.00,0.00,0.00,0.00,1.0,-1,-1,-1
98,1,388.00,316.00,38.00,109.00,1.0,-1,-1,-1
98,2,549.00,120.00,23.00,43.00,1.0,-1,-1,-1
98,3,668.00,291.00,46.00,111.00,1.0,-1,-1,-1
98,4,636.00,212.00,26.00,90.00,1.0,-1,-1,-1
98,5,296.00,344.00,51.00,133.00,1.0,-1,-1,-1
98,6,300.00,184.00,37.00,77.00,1.0,-1,-1,-1
98,7,538.00,251.00,49.00,107.00,1.0,-1,-1,-1
98,8,461.00,179.00,28.00,84.00,1.0,-1,-1,-1
98,9,0.00,0.00,0.00,0.00,1.0,-1,-1,-1
98,10,280.00,214.00,35.00,97.00,1.0,-1,-1,-1
98,11,712.00,287.00,37.00,100.00,1.0,-1,-1,-1
98,12,398.00,264.00,32.00,97.00,1.0,-1,-1,-1
99,0,0.00,0.00,0.00,0.00,1.0,-1,-1,-1
99,1,396.00,321.00,42.00,113.00,1.0,-1,-1,-1
99,2,546.00,119.00,23.00,61.00,1.0,-1,-1,-1
99,3,685.00,293.00,39.00,109.00,1.0,-1,-1,-1
99,4,646.00,214.00,36.00,87.00,1.0,-1,-1,-1
99,5,305.00,351.00,55.00,137.00,1.0,-1,-1,-1
99,6,286.00,184.00,28.00,45.00,1.0,-1,-1,-1
99,7,548.00,253.00,39.00,107.00,1.0,-1,-1,-1
99,8,469.00,173.00,27.00,85.00,1.0,-1,-1,-1
99,9,0.00,0.00,0.00,0.00,1.0,-1,-1,-1
99,10,282.00,217.00,35.00,100.00,1.0,-1,-1,-1
99,11,721.00,292.00,36.00,100.00,1.0,-1,-1,-1
99,12,405.00,269.00,46.00,73.00,1.0,-1,-1,-1
100,0,0.00,0.00,0.00,0.00,1.0,-1,-1,-1
100,1,397.00,322.00,41.00,113.00,1.0,-1,-1,-1
100,2,544.00,118.00,24.00,62.00,1.0,-1,-1,-1
100,3,688.00,297.00,41.00,109.00,1.0,-1,-1,-1
100,4,652.00,214.00,33.00,87.00,1.0,-1,-1,-1
100,5,311.00,353.00,50.00,135.00,1.0,-1,-1,-1
100,6,280.00,184.00,26.00,50.00,1.0,-1,-1,-1
100,7,560.00,253.00,29.00,106.00,1.0,-1,-1,-1
100,8,472.00,173.00,31.00,84.00,1.0,-1,-1,-1
100,9,0.00,0.00,0.00,0.00,1.0,-1,-1,-1
100,10,282.00,217.00,34.00,101.00,1.0,-1,-1,-1
100,11,720.00,296.00,45.00,99.00,1.0,-1,-1,-1
100,12,411.00,270.00,47.00,77.00,1.0,-1,-1,-1
101,0,0.00,0.00,0.00,0.00,1.0,-1,-1,-1
101,1,411.00,322.00,38.00,113.00,1.0,-1,-1,-1
101,2,543.00,117.00,22.00,64.00,1.0,-1,-1,-1
101,3,696.00,308.00,39.00,108.00,1.0,-1,-1,-1
101,4,659.00,211.00,26.00,90.00,1.0,-1,-1,-1
101,5,322.00,354.00,51.00,134.00,1.0,-1,-1,-1
101,6,260.00,189.00,34.00,82.00,1.0,-1,-1,-1
101,7,571.00,256.00,32.00,113.00,1.0,-1,-1,-1
101,8,481.00,171.00,25.00,81.00,1.0,-1,-1,-1
101,9,0.00,0.00,0.00,0.00,1.0,-1,-1,-1
101,10,283.00,219.00,35.00,99.00,1.0,-1,-1,-1
101,11,738.00,303.00,30.00,94.00,1.0,-1,-1,-1
101,12,434.00,280.00,38.00,104.00,1.0,-1,-1,-1
102,0,0.00,0.00,0.00,0.00,1.0,-1,-1,-1
102,1,414.00,324.00,43.00,116.00,1.0,-1,-1,-1
102,2,540.00,117.00,23.00,33.00,1.0,-1,-1,-1
102,3,700.00,309.00,41.00,112.00,1.0,-1,-1,-1
102,4,661.00,210.00,27.00,91.00,1.0,-1,-1,-1
102,5,326.00,357.00,52.00,139.00,1.0,-1,-1,-1
102,6,258.00,190.00,28.00,83.00,1.0,-1,-1,-1
102,7,572.00,258.00,40.00,113.00,1.0,-1,-1,-1
102,8,484.00,169.00,25.00,82.00,1.0,-1,-1,-1
102,9,0.00,0.00,0.00,0.00,1.0,-1,-1,-1
102,10,283.00,221.00,36.00,98.00,1.0,-1,-1,-1
102,11,751.00,310.00,17.00,90.00,1.0,-1,-1,-1
102,12,440.00,284.00,40.00,100.00,1.0,-1,-1,-1
103,0,0.00,0.00,0.00,0.00,1.0,-1,-1,-1
103,1,417.00,326.00,43.00,120.00,1.0,-1,-1,-1
103,2,539.00,117.00,21.00,33.00,1.0,-1,-1,-1
103,3,705.00,310.00,40.00,111.00,1.0,-1,-1,-1
103,4,664.00,210.00,31.00,87.00,1.0,-1,-1,-1
103,5,332.00,362.00,52.00,141.00,1.0,-1,-1,-1
103,6,254.00,190.00,29.00,83.00,1.0,-1,-1,-1
103,7,575.00,261.00,37.00,110.00,1.0,-1,-1,-1
103,8,486.00,168.00,26.00,82.00,1.0,-1,-1,-1
103,9,0.00,0.00,0.00,0.00,1.0,-1,-1,-1
103,10,284.00,222.00,38.00,101.00,1.0,-1,-1,-1
103,11,750.00,318.00,18.00,81.00,1.0,-1,-1,-1
103,12,448.00,282.00,38.00,107.00,1.0,-1,-1,-1
104,0,0.00,0.00,0.00,0.00,1.0,-1,-1,-1
104,1,421.00,330.00,47.00,121.00,1.0,-1,-1,-1
104,2,537.00,117.00,20.00,62.00,1.0,-1,-1,-1
104,3,709.00,311.00,41.00,110.00,1.0,-1,-1,-1
104,4,668.00,208.00,39.00,89.00,1.0,-1,-1,-1
104,5,339.00,365.00,53.00,141.00,1.0,-1,-1,-1
104,6,247.00,191.00,27.00,82.00,1.0,-1,-1,-1
104,7,582.00,261.00,36.00,110.00,1.0,-1,-1,-1
104,8,488.00,168.00,27.00,73.00,1.0,-1,-1,-1
104,9,0.00,0.00,0.00,0.00,1.0,-1,-1,-1
104,10,287.00,225.00,38.00,101.00,1.0,-1,-1,-1
104,11,757.00,334.00,11.00,65.00,1.0,-1,-1,-1
104,12,455.00,283.00,42.00,115.00,1.0,-1,-1,-1
105,0,761.00,357.00,7.00,42.00,1.0,-1,-1,-1
105,1,426.00,332.00,46.00,118.00,1.0,-1,-1,-1
105,2,536.00,116.00,21.00,62.00,1.0,-1,-1,-1
105,3,714.00,313.00,45.00,109.00,1.0,-1,-1,-1
105,4,670.00,210.00,44.00,90.00,1.0,-1,-1,-1
105,5,346.00,366.00,50.00,139.00,1.0,-1,-1,-1
105,6,235.00,193.00,34.00,80.00,1.0,-1,-1,-1
105,7,592.00,261.00,31.00,110.00,1.0,-1,-1,-1
105,8,489.00,167.00,26.00,39.00,1.0,-1,-1,-1
105,9,0.00,0.00,0.00,0.00,1.0,-1,-1,-1
105,10,290.00,226.00,37.00,102.00,1.0,-1,-1,-1
105,11,761.00,356.00,7.00,43.00,1.0,-1,-1,-1
105,12,462.00,291.00,47.00,114.00,1.0,-1,-1,-1
106,0,0.00,0.00,0.00,0.00,1.0,-1,-1,-1
106,1,430.00,333.00,46.00,117.00,1.0,-1,-1,-1
106,2,535.00,115.00,20.00,33.00,1.0,-1,-1,-1
106,3,718.00,316.00,50.00,109.00,1.0,-1,-1,-1
106,4,673.00,207.00,42.00,94.00,1.0,-1,-1,-1
106,5,352.00,366.00,51.00,139.00,1.0,-1,-1,-1
106,6,219.00,196.00,49.00,78.00,1.0,-1,-1,-1
106,7,597.00,260.00,38.00,112.00,1.0,-1,-1,-1
106,8,490.00,165.00,25.00,46.00,1.0,-1,-1,-1
106,9,0.00,0.00,0.00,0.00,1.0,-1,-1,-1
106,10,293.00,226.00,36.00,103.00,1.0,-1,-1,-1
106,11,0.00,0.00,0.00,0.00,1.0,-1,-1,-1
106,12,467.00,297.00,49.00,107.00,1.0,-1,-1,-1
107,0,0.00,0.00,0.00,0.00,1.0,-1,-1,-1
107,1,436.00,335.00,44.00,116.00,1.0,-1,-1,-1
107,2,524.00,115.00,24.00,64.00,1.0,-1,-1,-1
107,3,724.00,325.00,44.00,103.00,1.0,-1,-1,-1
107,4,686.00,208.00,27.00,91.00,1.0,-1,-1,-1
107,5,364.00,369.00,68.00,140.00,1.0,-1,-1,-1
107,6,214.00,197.00,44.00,80.00,1.0,-1,-1,-1
107,7,601.00,263.00,51.00,113.00,1.0,-1,-1,-1
107,8,494.00,162.00,25.00,79.00,1.0,-1,-1,-1
107,9,0.00,0.00,0.00,0.00,1.0,-1,-1,-1
107,10,296.00,229.00,37.00,101.00,1.0,-1,-1,-1
107,11,0.00,0.00,0.00,0.00,1.0,-1,-1,-1
107,12,485.00,304.00,48.00,123.00,1.0,-1,-1,-1
108,0,0.00,0.00,0.00,0.00,1.0,-1,-1,-1
108,1,440.00,337.00,47.00,120.00,1.0,-1,-1,-1
108,2,520.00,116.00,26.00,62.00,1.0,-1,-1,-1
108,3,739.00,328.00,29.00,100.00,1.0,-1,-1,-1
108,4,694.00,208.00,20.00,92.00,1.0,-1,-1,-1
108,5,373.00,374.00,73.00,139.00,1.0,-1,-1,-1
108,6,209.00,196.00,35.00,81.00,1.0,-1,-1,-1
108,7,603.00,264.00,51.00,113.00,1.0,-1,-1,-1
108,8,495.00,162.00,27.00,80.00,1.0,-1,-1,-1
108,9,0.00,0.00,0.00,0.00,1.0,-1,-1,-1
108,10,297.00,230.00,37.00,106.00,1.0,-1,-1,-1
108,11,0.00,0.00,0.00,0.00,1.0,-1,-1,-1
108,12,496.00,314.00,47.00,115.00,1.0,-1,-1,-1
109,0,0.00,0.00,0.00,0.00,1.0,-1,-1,-1
109,1,449.00,342.00,45.00,124.00,1.0,-1,-1,-1
109,2,515.00,117.00,29.00,62.00,1.0,-1,-1,-1
109,3,759.00,349.00,9.00,79.00,1.0,-1,-1,-1
109,4,690.00,209.00,44.00,89.00,1.0,-1,-1,-1
109,5,391.00,377.00,55.00,137.00,1.0,-1,-1,-1
109,6,193.00,198.00,34.00,85.00,1.0,-1,-1,-1
109,7,623.00,265.00,38.00,112.00,1.0,-1,-1,-1
109,8,499.00,159.00,26.00,77.00,1.0,-1,-1,-1
109,9,0.00,0.00,0.00,0.00,1.0,-1,-1,-1
109,10,299.00,234.00,35.00,106.00,1.0,-1,-1,-1
109,11,0.00,0.00,0.00,0.00,1.0,-1,-1,-1
109,12,517.00,318.00,46.00,124.00,1.0,-1,-1,-1
110,0,0.00,0.00,0.00,0.00,1.0,-1,-1,-1
110,1,453.00,342.00,44.00,123.00,1.0,-1,-1,-1
110,2,511.00,116.00,27.00,60.00,1.0,-1,-1,-1
110,3,765.00,361.00,3.00,68.00,1.0,-1,-1,-1
110,4,689.00,214.00,51.00,89.00,1.0,-1,-1,-1
110,5,400.00,377.00,52.00,136.00,1.0,-1,-1,-1
110,6,189.00,200.00,36.00,83.00,1.0,-1,-1,-1
110,7,630.00,266.00,37.00,118.00,1.0,-1,-1,-1
110,8,499.00,157.00,28.00,78.00,1.0,-1,-1,-1
110,9,0.00,0.00,0.00,0.00,1.0,-1,-1,-1
110,10,299.00,236.00,34.00,106.00,1.0,-1,-1,-1
110,11,0.00,0.00,0.00,0.00,1.0,-1,-1,-1
110,12,519.00,326.00,59.00,130.00,1.0,-1,-1,-1
111,0,0.00,0.00,0.00,0.00,1.0,-1,-1,-1
111,1,460.00,343.00,43.00,122.00,1.0,-1,-1,-1
111,2,508.00,116.00,22.00,57.00,1.0,-1,-1,-1
111,3,766.00,421.00,2.00,7.00,1.0,-1,-1,-1
111,4,694.00,214.00,46.00,92.00,1.0,-1,-1,-1
111,5,408.00,381.00,51.00,144.00,1.0,-1,-1,-1
111,6,186.00,201.00,36.00,84.00,1.0,-1,-1,-1
111,7,635.00,268.00,37.00,119.00,1.0,-1,-1,-1
111,8,500.00,156.00,28.00,80.00,1.0,-1,-1,-1
111,9,0.00,0.00,0.00,0.00,1.0,-1,-1,-1
111,10,298.00,236.00,34.00,106.00,1.0,-1,-1,-1
111,11,0.00,0.00,0.00,0.00,1.0,-1,-1,-1
111,12,529.00,340.00,63.00,123.00,1.0,-1,-1,-1
112,0,0.00,0.00,0.00,0.00,1.0,-1,-1,-1
112,1,468.00,346.00,41.00,128.00,1.0,-1,-1,-1
112,2,500.00,116.00,22.00,57.00,1.0,-1,-1,-1
112,3,0.00,0.00,0.00,0.00,1.0,-1,-1,-1
112,4,709.00,215.00,31.00,91.00,1.0,-1,-1,-1
112,5,422.00,390.00,60.00,147.00,1.0,-1,-1,-1
112,6,178.00,201.00,139.00,84.00,1.0,-1,-1,-1
112,7,640.00,273.00,46.00,119.00,1.0,-1,-1,-1
112,8,501.00,151.00,29.00,82.00,1.0,-1,-1,-1
112,9,0.00,0.00,0.00,0.00,1.0,-1,-1,-1
112,10,304.00,239.00,36.00,103.00,1.0,-1,-1,-1
112,11,0.00,0.00,0.00,0.00,1.0,-1,-1,-1
112,12,561.00,350.00,56.00,136.00,1.0,-1,-1,-1
113,0,0.00,0.00,0.00,0.00,1.0,-1,-1,-1
113,1,473.00,350.00,40.00,127.00,1.0,-1,-1,-1
113,2,494.00,117.00,24.00,59.00,1.0,-1,-1,-1
113,3,0.00,0.00,0.00,0.00,1.0,-1,-1,-1
113,4,713.00,215.00,29.00,90.00,1.0,-1,-1,-1
113,5,430.00,392.00,56.00,145.00,1.0,-1,-1,-1
113,6,169.00,199.00,31.00,87.00,1.0,-1,-1,-1
113,7,646.00,274.00,45.00,118.00,1.0,-1,-1,-1
113,8,503.00,153.00,27.00,75.00,1.0,-1,-1,-1
113,9,0.00,0.00,0.00,0.00,1.0,-1,-1,-1
113,10,307.00,240.00,47.00,105.00,1.0,-1,-1,-1
113,11,0.00,0.00,0.00,0.00,1.0,-1,-1,-1
113,12,576.00,362.00,54.00,136.00,1.0,-1,-1,-1
114,0,0.00,0.00,0.00,0.00,1.0,-1,-1,-1
114,1,479.00,353.00,39.00,129.00,1.0,-1,-1,-1
114,2,491.00,116.00,21.00,61.00,1.0,-1,-1,-1
114,3,0.00,0.00,0.00,0.00,1.0,-1,-1,-1
114,4,717.00,216.00,32.00,92.00,1.0,-1,-1,-1
114,5,436.00,391.00,58.00,146.00,1.0,-1,-1,-1
114,6,160.00,198.00,38.00,90.00,1.0,-1,-1,-1
114,7,654.00,275.00,42.00,116.00,1.0,-1,-1,-1
114,8,506.00,151.00,26.00,76.00,1.0,-1,-1,-1
114,9,0.00,0.00,0.00,0.00,1.0,-1,-1,-1
114,10,308.00,242.00,50.00,104.00,1.0,-1,-1,-1
114,11,0.00,0.00,0.00,0.00,1.0,-1,-1,-1
114,12,595.00,372.00,50.00,125.00,1.0,-1,-1,-1
115,0,0.00,0.00,0.00,0.00,1.0,-1,-1,-1
115,1,484.00,355.00,38.00,128.00,1.0,-1,-1,-1
115,2,487.00,115.00,21.00,62.00,1.0,-1,-1,-1
115,3,0.00,0.00,0.00,0.00,1.0,-1,-1,-1
115,4,717.00,218.00,35.00,92.00,1.0,-1,-1,-1
115,5,442.00,393.00,57.00,144.00,1.0,-1,-1,-1
115,6,155.00,207.00,41.00,85.00,1.0,-1,-1,-1
115,7,658.00,276.00,38.00,116.00,1.0,-1,-1,-1
115,8,507.00,151.00,26.00,77.00,1.0,-1,-1,-1
115,9,754.00,274.00,14.00,82.00,1.0,-1,-1,-1
115,10,309.00,242.00,50.00,106.00,1.0,-1,-1,-1
115,11,0.00,0.00,0.00,0.00,1.0,-1,-1,-1
115,12,609.00,373.00,50.00,129.00,1.0,-1,-1,-1
115,13,205.00,134.00,29.00,58.00,1.0,-1,-1,-1
116,0,0.00,0.00,0.00,0.00,1.0,-1,-1,-1
116,1,495.00,358.00,40.00,125.00,1.0,-1,-1,-1
116,2,477.00,114.00,22.00,63.00,1.0,-1,-1,-1
116,3,0.00,0.00,0.00,0.00,1.0,-1,-1,-1
116,4,720.00,220.00,34.00,93.00,1.0,-1,-1,-1
116,5,458.00,402.00,73.00,149.00,1.0,-1,-1,-1
116,6,149.00,207.00,33.00,86.00,1.0,-1,-1,-1
116,7,666.00,280.00,49.00,115.00,1.0,-1,-1,-1
116,8,513.00,149.00,24.00,73.00,1.0,-1,-1,-1
116,9,0.00,0.00,0.00,0.00,1.0,-1,-1,-1
116,10,331.00,242.00,35.00,106.00,1.0,-1,-1,-1
116,11,0.00,0.00,0.00,0.00,1.0,-1,-1,-1
116,12,624.00,390.00,73.00,145.00,1.0,-1,-1,-1
116,13,198.00,133.00,18.00,59.00,1.0,-1,-1,-1
116,14,501.00,232.00,36.00,96.00,1.0,-1,-1,-1
117,0,0.00,0.00,0.00,0.00,1.0,-1,-1,-1
117,1,501.00,360.00,43.00,126.00,1.0,-1,-1,-1
117,2,466.00,116.00,31.00,60.00,1.0,-1,-1,-1
117,3,0.00,0.00,0.00,0.00,1.0,-1,-1,-1
117,4,727.00,221.00,32.00,93.00,1.0,-1,-1,-1
117,5,466.00,407.00,67.00,148.00,1.0,-1,-1,-1
117,6,142.00,208.00,34.00,86.00,1.0,-1,-1,-1
117,7,667.00,282.00,52.00,117.00,1.0,-1,-1,-1
117,8,515.00,147.00,25.00,74.00,1.0,-1,-1,-1
117,9,0.00,0.00,0.00,0.00,1.0,-1,-1,-1
117,10,338.00,243.00,33.00,109.00,1.0,-1,-1,-1
117,11,0.00,0.00,0.00,0.00,1.0,-1,-1,-1
117,12,649.00,403.00,66.00,132.00,1.0,-1,-1,-1
117,13,193.00,133.00,17.00,60.00,1.0,-1,-1,-1
117,14,505.00,234.00,35.00,96.00,1.0,-1,-1,-1
118,0,0.00,0.00,0.00,0.00,1.0,-1,-1,-1
118,1,514.00,366.00,47.00,129.00,1.0,-1,-1,-1
118,2,461.00,117.00,29.00,60.00,1.0,-1,-1,-1
118,3,0.00,0.00,0.00,0.00,1.0,-1,-1,-1
118,4,735.00,223.00,33.00,96.00,1.0,-1,-1,-1
118,5,486.00,410.00,53.00,145.00,1.0,-1,-1,-1
118,6,131.00,213.00,37.00,87.00,1.0,-1,-1,-1
118,7,679.00,282.00,40.00,118.00,1.0,-1,-1,-1
118,8,519.00,147.00,21.00,74.00,1.0,-1,-1,-1
118,9,0.00,0.00,0.00,0.00,1.0,-1,-1,-1
118,10,341.00,247.00,56.00,107.00,1.0,-1,-1,-1
118,11,0.00,0.00,0.00,0.00,1.0,-1,-1,-1
118,12,679.00,417.00,66.00,158.00,1.0,-1,-1,-1
118,13,179.00,135.00,30.00,58.00,1.0,-1,-1,-1
118,14,517.00,233.00,28.00,97.00,1.0,-1,-1,-1
118,15,454.00,229.00,35.00,91.00,1.0,-1,-1,-1
119,0,0.00,0.00,0.00,0.00,1.0,-1,-1,-1
119,1,522.00,368.00,38.00,127.00,1.0,-1,-1,-1
119,2,457.00,116.00,22.00,60.00,1.0,-1,-1,-1
119,3,0.00,0.00,0.00,0.00,1.0,-1,-1,-1
119,4,738.00,226.00,30.00,96.00,1.0,-1,-1,-1
119,5,494.00,415.00,54.00,152.00,1.0,-1,-1,-1
119,6,128.00,214.00,36.00,87.00,1.0,-1,-1,-1
119,7,690.00,283.00,42.00,117.00,1.0,-1,-1,-1
119,8,521.00,145.00,21.00,74.00,1.0,-1,-1,-1
119,9,0.00,0.00,0.00,0.00,1.0,-1,-1,-1
119,10,347.00,247.00,52.00,108.00,1.0,-1,-1,-1
119,11,0.00,0.00,0.00,0.00,1.0,-1,-1,-1
119,12,701.00,433.00,59.00,143.00,1.0,-1,-1,-1
119,13,176.00,134.00,28.00,59.00,1.0,-1,-1,-1
119,14,522.00,234.00,29.00,96.00,1.0,-1,-1,-1
119,15,456.00,229.00,34.00,91.00,1.0,-1,-1,-1
120,0,0.00,0.00,0.00,0.00,1.0,-1,-1,-1
120,1,528.00,368.00,37.00,98.00,1.0,-1,-1,-1
120,2,452.00,115.00,22.00,62.00,1.0,-1,-1,-1
120,3,0.00,0.00,0.00,0.00,1.0,-1,-1,-1
120,4,742.00,228.00,26.00,98.00,1.0,-1,-1,-1
120,5,501.00,424.00,60.00,152.00,1.0,-1,-1,-1
120,6,124.00,214.00,31.00,87.00,1.0,-1,-1,-1
120,7,696.00,285.00,50.00,120.00,1.0,-1,-1,-1
120,8,523.00,143.00,25.00,43.00,1.0,-1,-1,-1
120,9,0.00,0.00,0.00,0.00,1.0,-1,-1,-1
120,10,362.00,247.00,36.00,108.00,1.0,-1,-1,-1
120,11,0.00,0.00,0.00,0.00,1.0,-1,-1,-1
120,12,722.00,441.00,46.00,135.00,1.0,-1,-1,-1
120,13,171.00,134.00,20.00,59.00,1.0,-1,-1,-1
120,14,525.00,237.00,38.00,96.00,1.0,-1,-1,-1
120,15,460.00,233.00,32.00,86.00,1.0,-1,-1,-1
121,0,0.00,0.00,0.00,0.00,1.0,-1,-1,-1
121,1,533.00,369.00,37.00,80.00,1.0,-1,-1,-1
121,2,448.00,116.00,22.00,61.00,1.0,-1,-1,-1
121,3,0.00,0.00,0.00,0.00,1.0,-1,-1,-1
121,4,747.00,228.00,21.00,98.00,1.0,-1,-1,-1
121,5,509.00,429.00,56.00,147.00,1.0,-1,-1,-1
121,6,120.00,214.00,28.00,87.00,1.0,-1,-1,-1
121,7,700.00,288.00,55.00,121.00,1.0,-1,-1,-1
121,8,525.00,141.00,23.00,69.00,1.0,-1,-1,-1
121,9,0.00,0.00,0.00,0.00,1.0,-1,-1,-1
121,10,376.00,246.00,30.00,109.00,1.0,-1,-1,-1
121,11,0.00,0.00,0.00,0.00,1.0,-1,-1,-1
121,12,724.00,465.00,44.00,111.00,1.0,-1,-1,-1
121,13,164.00,134.00,21.00,59.00,1.0,-1,-1,-1
121,14,527.00,238.00,45.00,98.00,1.0,-1,-1,-1
121,15,463.00,234.00,32.00,85.00,1.0,-1,-1,-1
122,0,0.00,0.00,0.00,0.00,1.0,-1,-1,-1
122,1,545.00,374.00,39.00,131.00,1.0,-1,-1,-1
122,2,437.00,118.00,29.00,58.00,1.0,-1,-1,-1
122,3,0.00,0.00,0.00,0.00,1.0,-1,-1,-1
122,4,756.00,240.00,12.00,79.00,1.0,-1,-1,-1
122,5,523.00,430.00,61.00,146.00,1.0,-1,-1,-1
122,6,103.00,217.00,37.00,89.00,1.0,-1,-1,-1
122,7,705.00,291.00,63.00,121.00,1.0,-1,-1,-1
122,8,529.00,141.00,23.00,66.00,1.0,-1,-1,-1
122,9,0.00,0.00,0.00,0.00,1.0,-1,-1,-1
122,10,382.00,248.00,48.00,107.00,1.0,-1,-1,-1
122,11,0.00,0.00,0.00,0.00,1.0,-1,-1,-1
122,12,757.00,567.00,11.00,9.00,1.0,-1,-1,-1
122,13,155.00,136.00,28.00,57.00,1.0,-1,-1,-1
122,14,535.00,240.00,37.00,99.00,1.0,-1,-1,-1
122,15,468.00,234.00,31.00,85.00,1.0,-1,-1,-1
123,0,0.00,0.00,0.00,0.00,1.0,-1,-1,-1
123,1,553.00,377.00,35.00,65.00,1.0,-1,-1,-1
123,2,431.00,117.00,22.00,29.00,1.0,-1,-1,-1
123,3,0.00,0.00,0.00,0.00,1.0,-1,-1,-1
123,4,763.00,249.00,5.00,68.00,1.0,-1,-1,-1
123,5,528.00,428.00,65.00,148.00,1.0,-1,-1,-1
123,6,99.00,219.00,40.00,89.00,1.0,-1,-1,-1
123,7,713.00,293.00,55.00,118.00,1.0,-1,-1,-1
123,8,532.00,139.00,22.00,65.00,1.0,-1,-1,-1
123,9,0.00,0.00,0.00,0.00,1.0,-1,-1,-1
123,10,382.00,251.00,68.00,104.00,1.0,-1,-1,-1
123,11,0.00,0.00,0.00,0.00,1.0,-1,-1,-1
123,12,0.00,0.00,0.00,0.00,1.0,-1,-1,-1
123,13,150.00,135.00,24.00,59.00,1.0,-1,-1,-1
123,14,546.00,240.00,28.00,99.00,1.0,-1,-1,-1
123,15,472.00,234.00,33.00,85.00,1.0,-1,-1,-1
124,0,0.00,0.00,0.00,0.00,1.0,-1,-1,-1
124,1,559.00,379.00,38.00,69.00,1.0,-1,-1,-1
124,2,430.00,117.00,18.00,29.00,1.0,-1,-1,-1
124,3,0.00,0.00,0.00,0.00,1.0,-1,-1,-1
124,4,0.00,0.00,0.00,0.00,1.0,-1,-1,-1
124,5,535.00,437.00,61.00,139.00,1.0,-1,-1,-1
124,6,100.00,220.00,37.00,89.00,1.0,-1,-1,-1
124,7,722.00,293.00,46.00,118.00,1.0,-1,-1,-1
124,8,534.00,138.00,20.00,65.00,1.0,-1,-1,-1
124,9,0.00,0.00,0.00,0.00,1.0,-1,-1,-1
124,10,386.00,251.00,63.00,105.00,1.0,-1,-1,-1
124,11,0.00,0.00,0.00,0.00,1.0,-1,-1,-1
124,12,0.00,0.00,0.00,0.00,1.0,-1,-1,-1
124,13,145.00,135.00,18.00,57.00,1.0,-1,-1,-1
124,14,549.00,241.00,29.00,100.00,1.0,-1,-1,-1
124,15,474.00,234.00,32.00,85.00,1.0,-1,-1,-1
124,16,502.00,214.00,33.00,93.00,1.0,-1,-1,-1
125,0,0.00,0.00,0.00,0.00,1.0,-1,-1,-1
125,1,566.00,380.00,37.00,77.00,1.0,-1,-1,-1
125,2,424.00,121.00,20.00,47.00,1.0,-1,-1,-1
125,3,0.00,0.00,0.00,0.00,1.0,-1,-1,-1
125,4,0.00,0.00,0.00,0.00,1.0,-1,-1,-1
125,5,542.00,443.00,63.00,133.00,1.0,-1,-1,-1
125,6,95.00,220.00,37.00,89.00,1.0,-1,-1,-1
125,7,727.00,294.00,41.00,118.00,1.0,-1,-1,-1
125,8,535.00,136.00,21.00,44.00,1.0,-1,-1,-1
125,9,0.00,0.00,0.00,0.00,1.0,-1,-1,-1
125,10,401.00,251.00,49.00,105.00,1.0,-1,-1,-1
125,11,0.00,0.00,0.00,0.00,1.0,-1,-1,-1
125,12,0.00,0.00,0.00,0.00,1.0,-1,-1,-1
125,13,141.00,135.00,20.00,60.00,1.0,-1,-1,-1
125,14,552.00,244.00,30.00,102.00,1.0,-1,-1,-1
125,15,477.00,227.00,29.00,92.00,1.0,-1,-1,-1
125,16,506.00,221.00,38.00,85.00,1.0,-1,-1,-1
126,0,0.00,0.00,0.00,0.00,1.0,-1,-1,-1
126,1,573.00,380.00,36.00,84.00,1.0,-1,-1,-1
126,2,409.00,118.00,29.00,56.00,1.0,-1,-1,-1
126,3,0.00,0.00,0.00,0.00,1.0,-1,-1,-1
126,4,0.00,0.00,0.00,0.00,1.0,-1,-1,-1
126,5,550.00,446.00,64.00,130.00,1.0,-1,-1,-1
126,6,90.00,221.00,33.00,88.00,1.0,-1,-1,-1
126,7,730.00,296.00,38.00,121.00,1.0,-1,-1,-1
126,8,538.00,137.00,26.00,53.00,1.0,-1,-1,-1
126,9,0.00,0.00,0.00,0.00,1.0,-1,-1,-1
126,10,421.00,250.00,31.00,106.00,1.0,-1,-1,-1
126,11,0.00,0.00,0.00,0.00,1.0,-1,-1,-1
126,12,0.00,0.00,0.00,0.00,1.0,-1,-1,-1
126,13,131.00,137.00,30.00,58.00,1.0,-1,-1,-1
126,14,557.00,247.00,31.00,101.00,1.0,-1,-1,-1
126,15,477.00,225.00,29.00,91.00,1.0,-1,-1,-1
126,16,509.00,222.00,36.00,84.00,1.0,-1,-1,-1
127,0,0.00,0.00,0.00,0.00,1.0,-1,-1,-1
127,1,579.00,382.00,35.00,86.00,1.0,-1,-1,-1
127,2,406.00,119.00,27.00,56.00,1.0,-1,-1,-1
127,3,0.00,0.00,0.00,0.00,1.0,-1,-1,-1
127,4,0.00,0.00,0.00,0.00,1.0,-1,-1,-1
127,5,559.00,448.00,64.00,128.00,1.0,-1,-1,-1
127,6,84.00,222.00,32.00,87.00,1.0,-1,-1,-1
127,7,732.00,299.00,36.00,121.00,1.0,-1,-1,-1
127,8,541.00,136.00,22.00,69.00,1.0,-1,-1,-1
127,9,0.00,0.00,0.00,0.00,1.0,-1,-1,-1
127,10,432.00,251.00,27.00,110.00,1.0,-1,-1,-1
127,11,0.00,0.00,0.00,0.00,1.0,-1,-1,-1
127,12,0.00,0.00,0.00,0.00,1.0,-1,-1,-1
127,13,128.00,137.00,31.00,58.00,1.0,-1,-1,-1
127,14,560.00,249.00,31.00,102.00,1.0,-1,-1,-1
127,15,480.00,225.00,29.00,90.00,1.0,-1,-1,-1
127,16,517.00,221.00,32.00,84.00,1.0,-1,-1,-1
128,0,0.00,0.00,0.00,0.00,1.0,-1,-1,-1
128,1,586.00,384.00,37.00,89.00,1.0,-1,-1,-1
128,2,404.00,118.00,21.00,57.00,1.0,-1,-1,-1
128,3,0.00,0.00,0.00,0.00,1.0,-1,-1,-1
128,4,0.00,0.00,0.00,0.00,1.0,-1,-1,-1
128,5,568.00,451.00,64.00,125.00,1.0,-1,-1,-1
128,6,80.00,224.00,33.00,90.00,1.0,-1,-1,-1
128,7,733.00,301.00,35.00,109.00,1.0,-1,-1,-1
128,8,541.00,135.00,23.00,78.00,1.0,-1,-1,-1
128,9,0.00,0.00,0.00,0.00,1.0,-1,-1,-1
128,10,434.00,254.00,40.00,110.00,1.0,-1,-1,-1
128,11,0.00,0.00,0.00,0.00,1.0,-1,-1,-1
128,12,0.00,0.00,0.00,0.00,1.0,-1,-1,-1
128,13,124.00,136.00,28.00,59.00,1.0,-1,-1,-1
128,14,565.00,249.00,30.00,102.00,1.0,-1,-1,-1
128,15,486.00,223.00,28.00,91.00,1.0,-1,-1,-1
128,16,531.00,220.00,24.00,85.00,1.0,-1,-1,-1
129,0,738.00,306.00,30.00,107.00,1.0,-1,-1,-1
129,1,593.00,388.00,37.00,92.00,1.0,-1,-1,-1
129,2,399.00,117.00,26.00,58.00,1.0,-1,-1,-1
129,3,0.00,0.00,0.00,0.00,1.0,-1,-1,-1
129,4,0.00,0.00,0.00,0.00,1.0,-1,-1,-1
129,5,575.00,457.00,64.00,119.00,1.0,-1,-1,-1
129,6,77.00,224.00,36.00,92.00,1.0,-1,-1,-1
129,7,738.00,306.00,30.00,115.00,1.0,-1,-1,-1
129,8,544.00,133.00,23.00,65.00,1.0,-1,-1,-1
129,9,0.00,0.00,0.00,0.00,1.0,-1,-1,-1
129,10,437.00,256.00,44.00,111.00,1.0,-1,-1,-1
129,11,0.00,0.00,0.00,0.00,1.0,-1,-1,-1
129,12,0.00,0.00,0.00,0.00,1.0,-1,-1,-1
129,13,119.00,135.00,19.00,60.00,1.0,-1,-1,-1
129,14,568.00,250.00,32.00,101.00,1.0,-1,-1,-1
129,15,489.00,222.00,35.00,91.00,1.0,-1,-1,-1
129,16,534.00,219.00,24.00,86.00,1.0,-1,-1,-1
130,0,746.00,321.00,22.00,99.00,1.0,-1,-1,-1
130,1,603.00,389.00,36.00,95.00,1.0,-1,-1,-1
130,2,394.00,116.00,25.00,59.00,1.0,-1,-1,-1
130,3,0.00,0.00,0.00,0.00,1.0,-1,-1,-1
130,4,0.00,0.00,0.00,0.00,1.0,-1,-1,-1
130,5,582.00,464.00,64.00,112.00,1.0,-1,-1,-1
130,6,76.00,225.00,385.00,91.00,1.0,-1,-1,-1
130,7,745.00,321.00,23.00,101.00,1.0,-1,-1,-1
130,8,547.00,132.00,23.00,68.00,1.0,-1,-1,-1
130,9,0.00,0.00,0.00,0.00,1.0,-1,-1,-1
130,10,445.00,257.00,37.00,111.00,1.0,-1,-1,-1
130,11,0.00,0.00,0.00,0.00,1.0,-1,-1,-1
130,12,0.00,0.00,0.00,0.00,1.0,-1,-1,-1
130,13,110.00,136.00,24.00,60.00,1.0,-1,-1,-1
130,14,572.00,251.00,33.00,99.00,1.0,-1,-1,-1
130,15,491.00,222.00,36.00,91.00,1.0,-1,-1,-1
130,16,535.00,220.00,34.00,84.00,1.0,-1,-1,-1
131,0,760.00,330.00,8.00,92.00,1.0,-1,-1,-1
131,1,617.00,390.00,37.00,96.00,1.0,-1,-1,-1
131,2,385.00,118.00,27.00,58.00,1.0,-1,-1,-1
131,3,760.00,330.00,8.00,91.00,1.0,-1,-1,-1
131,4,0.00,0.00,0.00,0.00,1.0,-1,-1,-1
131,5,596.00,472.00,66.00,104.00,1.0,-1,-1,-1
131,6,70.00,224.00,30.00,91.00,1.0,-1,-1,-1
131,7,760.00,330.00,8.00,92.00,1.0,-1,-1,-1
131,8,553.00,130.00,23.00,70.00,1.0,-1,-1,-1
131,9,0.00,0.00,0.00,0.00,1.0,-1,-1,-1
131,10,461.00,257.00,38.00,111.00,1.0,-1,-1,-1
131,11,0.00,0.00,0.00,0.00,1.0,-1,-1,-1
131,12,0.00,0.00,0.00,0.00,1.0,-1,-1,-1
131,13,98.00,138.00,33.00,59.00,1.0,-1,-1,-1
131,14,578.00,256.00,42.00,102.00,1.0,-1,-1,-1
131,15,497.00,221.00,31.00,89.00,1.0,-1,-1,-1
131,16,546.00,219.00,30.00,84.00,1.0,-1,-1,-1
132,0,765.00,343.00,3.00,80.00,1.0,-1,-1,-1
132,1,622.00,391.00,38.00,101.00,1.0,-1,-1,-1
132,2,381.00,118.00,30.00,59.00,1.0,-1,-1,-1
132,3,765.00,344.00,3.00,78.00,1.0,-1,-1,-1
132,4,0.00,0.00,0.00,0.00,1.0,-1,-1,-1
132,5,604.00,473.00,68.00,103.00,1.0,-1,-1,-1
132,6,68.00,225.00,29.00,90.00,1.0,-1,-1,-1
132,7,765.00,344.00,3.00,78.00,1.0,-1,-1,-1
132,8,555.00,129.00,23.00,68.00,1.0,-1,-1,-1
132,9,0.00,0.00,0.00,0.00,1.0,-1,-1,-1
132,10,466.00,258.00,57.00,110.00,1.0,-1,-1,-1
132,11,0.00,0.00,0.00,0.00,1.0,-1,-1,-1
132,12,0.00,0.00,0.00,0.00,1.0,-1,-1,-1
132,13,98.00,138.00,26.00,58.00,1.0,-1,-1,-1
132,14,580.00,256.00,41.00,105.00,1.0,-1,-1,-1
132,15,504.00,220.00,27.00,90.00,1.0,-1,-1,-1
132,16,559.00,218.00,23.00,85.00,1.0,-1,-1,-1
133,0,0.00,0.00,0.00,0.00,1.0,-1,-1,-1
133,1,629.00,394.00,38.00,110.00,1.0,-1,-1,-1
133,2,375.00,117.00,34.00,61.00,1.0,-1,-1,-1
133,3,0.00,0.00,0.00,0.00,1.0,-1,-1,-1
133,4,0.00,0.00,0.00,0.00,1.0,-1,-1,-1
133,5,611.00,476.00,70.00,100.00,1.0,-1,-1,-1
133,6,66.00,225.00,29.00,91.00,1.0,-1,-1,-1
133,7,766.00,416.00,2.00,6.00,1.0,-1,-1,-1
133,8,556.00,128.00,24.00,68.00,1.0,-1,-1,-1
133,9,0.00,0.00,0.00,0.00,1.0,-1,-1,-1
133,10,467.00,260.00,60.00,109.00,1.0,-1,-1,-1
133,11,0.00,0.00,0.00,0.00,1.0,-1,-1,-1
133,12,0.00,0.00,0.00,0.00,1.0,-1,-1,-1
133,13,93.00,137.00,20.00,59.00,1.0,-1,-1,-1
133,14,587.00,256.00,35.00,105.00,1.0,-1,-1,-1
133,15,508.00,219.00,26.00,91.00,1.0,-1,-1,-1
133,16,563.00,219.00,25.00,84.00,1.0,-1,-1,-1
134,0,0.00,0.00,0.00,0.00,1.0,-1,-1,-1
134,1,628.00,398.00,46.00,118.00,1.0,-1,-1,-1
134,2,370.00,117.00,33.00,62.00,1.0,-1,-1,-1
134,3,0.00,0.00,0.00,0.00,1.0,-1,-1,-1
134,4,0.00,0.00,0.00,0.00,1.0,-1,-1,-1
134,5,620.00,482.00,72.00,94.00,1.0,-1,-1,-1
134,6,64.00,226.00,28.00,91.00,1.0,-1,-1,-1
134,7,0.00,0.00,0.00,0.00,1.0,-1,-1,-1
134,8,560.00,128.00,23.00,69.00,1.0,-1,-1,-1
134,9,0.00,0.00,0.00,0.00,1.0,-1,-1,-1
134,10,473.00,259.00,57.00,110.00,1.0,-1,-1,-1
134,11,0.00,0.00,0.00,0.00,1.0,-1,-1,-1
134,12,0.00,0.00,0.00,0.00,1.0,-1,-1,-1
134,13,89.00,137.00,22.00,60.00,1.0,-1,-1,-1
134,14,596.00,257.00,30.00,103.00,1.0,-1,-1,-1
134,15,511.00,219.00,33.00,91.00,1.0,-1,-1,-1
134,16,564.00,219.00,34.00,84.00,1.0,-1,-1,-1
135,0,0.00,0.00,0.00,0.00,1.0,-1,-1,-1
135,1,636.00,403.00,56.00,119.00,1.0,-1,-1,-1
135,2,358.00,121.00,22.00,59.00,1.0,-1,-1,-1
135,3,0.00,0.00,0.00,0.00,1.0,-1,-1,-1
135,4,0.00,0.00,0.00,0.00,1.0,-1,-1,-1
135,5,644.00,491.00,75.00,85.00,1.0,-1,-1,-1
135,6,56.00,226.00,465.00,91.00,1.0,-1,-1,-1
135,7,0.00,0.00,0.00,0.00,1.0,-1,-1,-1
135,8,563.00,126.00,24.00,67.00,1.0,-1,-1,-1
135,9,0.00,0.00,0.00,0.00,1.0,-1,-1,-1
135,10,507.00,256.00,27.00,117.00,1.0,-1,-1,-1
135,11,0.00,0.00,0.00,0.00,1.0,-1,-1,-1
135,12,0.00,0.00,0.00,0.00,1.0,-1,-1,-1
135,13,76.00,139.00,32.00,58.00,1.0,-1,-1,-1
135,14,602.00,262.00,39.00,105.00,1.0,-1,-1,-1
135,15,521.00,218.00,33.00,87.00,1.0,-1,-1,-1
135,16,572.00,219.00,35.00,83.00,1.0,-1,-1,-1
136,0,0.00,0.00,0.00,0.00,1.0,-1,-1,-1
136,1,651.00,403.00,47.00,126.00,1.0,-1,-1,-1
136,2,349.00,119.00,26.00,58.00,1.0,-1,-1,-1
136,3,0.00,0.00,0.00,0.00,1.0,-1,-1,-1
136,4,0.00,0.00,0.00,0.00,1.0,-1,-1,-1
136,5,655.00,493.00,76.00,83.00,1.0,-1,-1,-1
136,6,54.00,226.00,479.00,91.00,1.0,-1,-1,-1
136,7,0.00,0.00,0.00,0.00,1.0,-1,-1,-1
136,8,566.00,124.00,23.00,68.00,1.0,-1,-1,-1
136,9,0.00,0.00,0.00,0.00,1.0,-1,-1,-1
136,10,513.00,254.00,44.00,121.00,1.0,-1,-1,-1
136,11,0.00,0.00,0.00,0.00,1.0,-1,-1,-1
136,12,0.00,0.00,0.00,0.00,1.0,-1,-1,-1
136,13,73.00,139.00,28.00,58.00,1.0,-1,-1,-1
136,14,607.00,264.00,42.00,105.00,1.0,-1,-1,-1
136,15,526.00,216.00,28.00,88.00,1.0,-1,-1,-1
136,16,585.00,218.00,26.00,83.00,1.0,-1,-1,-1
137,0,0.00,0.00,0.00,0.00,1.0,-1,-1,-1
137,1,669.00,406.00,44.00,131.00,1.0,-1,-1,-1
137,2,338.00,117.00,30.00,63.00,1.0,-1,-1,-1
137,3,0.00,0.00,0.00,0.00,1.0,-1,-1,-1
137,4,0.00,0.00,0.00,0.00,1.0,-1,-1,-1
137,5,676.00,503.00,77.00,73.00,1.0,-1,-1,-1
137,6,54.00,225.00,35.00,92.00,1.0,-1,-1,-1
137,7,0.00,0.00,0.00,0.00,1.0,-1,-1,-1
137,8,572.00,124.00,33.00,152.00,1.0,-1,-1,-1
137,9,0.00,0.00,0.00,0.00,1.0,-1,-1,-1
137,10,518.00,261.00,60.00,112.00,1.0,-1,-1,-1
137,11,0.00,0.00,0.00,0.00,1.0,-1,-1,-1
137,12,0.00,0.00,0.00,0.00,1.0,-1,-1,-1
137,13,52.00,139.00,33.00,58.00,1.0,-1,-1,-1
137,14,619.00,266.00,34.00,106.00,1.0,-1,-1,-1
137,15,532.00,215.00,26.00,54.00,1.0,-1,-1,-1
137,16,595.00,217.00,24.00,84.00,1.0,-1,-1,-1
138,0,0.00,0.00,0.00,0.00,1.0,-1,-1,-1
138,1,669.00,409.00,54.00,129.00,1.0,-1,-1,-1
138,2,334.00,118.00,26.00,62.00,1.0,-1,-1,-1
138,3,0.00,0.00,0.00,0.00,1.0,-1,-1,-1
138,4,0.00,0.00,0.00,0.00,1.0,-1,-1,-1
138,5,686.00,511.00,78.00,65.00,1.0,-1,-1,-1
138,6,54.00,225.00,39.00,92.00,1.0,-1,-1,-1
138,7,0.00,0.00,0.00,0.00,1.0,-1,-1,-1
138,8,575.00,122.00,21.00,68.00,1.0,-1,-1,-1
138,9,0.00,0.00,0.00,0.00,1.0,-1,-1,-1
138,10,537.00,260.00,40.00,113.00,1.0,-1,-1,-1
138,11,0.00,0.00,0.00,0.00,1.0,-1,-1,-1
138,12,0.00,0.00,0.00,0.00,1.0,-1,-1,-1
138,13,46.00,140.00,38.00,57.00,1.0,-1,-1,-1
138,14,623.00,267.00,39.00,105.00,1.0,-1,-1,-1
138,15,536.00,215.00,25.00,89.00,1.0,-1,-1,-1
138,16,596.00,217.00,29.00,84.00,1.0,-1,-1,-1
139,0,0.00,0.00,0.00,0.00,1.0,-1,-1,-1
139,1,669.00,412.00,61.00,133.00,1.0,-1,-1,-1
139,2,328.00,117.00,23.00,63.00,1.0,-1,-1,-1
139,3,0.00,0.00,0.00,0.00,1.0,-1,-1,-1
139,4,0.00,0.00,0.00,0.00,1.0,-1,-1,-1
139,5,700.00,515.00,68.00,61.00,1.0,-1,-1,-1
139,6,55.00,224.00,40.00,93.00,1.0,-1,-1,-1
139,7,0.00,0.00,0.00,0.00,1.0,-1,-1,-1
139,8,577.00,121.00,22.00,66.00,1.0,-1,-1,-1
139,9,0.00,0.00,0.00,0.00,1.0,-1,-1,-1
139,10,554.00,259.00,30.00,114.00,1.0,-1,-1,-1
139,11,0.00,0.00,0.00,0.00,1.0,-1,-1,-1
139,12,0.00,0.00,0.00,0.00,1.0,-1,-1,-1
139,13,48.00,140.00,32.00,57.00,1.0,-1,-1,-1
139,14,628.00,269.00,38.00,103.00,1.0,-1,-1,-1
139,15,539.00,216.00,27.00,88.00,1.0,-1,-1,-1
139,16,600.00,216.00,29.00,84.00,1.0,-1,-1,-1
139,17,390.00,166.00,30.00,73.00,1.0,-1,-1,-1
140,0,0.00,0.00,0.00,0.00,1.0,-1,-1,-1
140,1,675.00,413.00,64.00,135.00,1.0,-1,-1,-1
140,2,324.00,116.00,23.00,64.00,1.0,-1,-1,-1
140,3,0.00,0.00,0.00,0.00,1.0,-1,-1,-1
140,4,0.00,0.00,0.00,0.00,1.0,-1,-1,-1
140,5,712.00,518.00,56.00,58.00,1.0,-1,-1,-1
140,6,56.00,224.00,38.00,93.00,1.0,-1,-1,-1
140,7,0.00,0.00,0.00,0.00,1.0,-1,-1,-1
140,8,579.00,119.00,23.00,67.00,1.0,-1,-1,-1
140,9,0.00,0.00,0.00,0.00,1.0,-1,-1,-1
140,10,559.00,260.00,44.00,113.00,1.0,-1,-1,-1
140,11,0.00,0.00,0.00,0.00,1.0,-1,-1,-1
140,12,0.00,0.00,0.00,0.00,1.0,-1,-1,-1
140,13,45.00,139.00,26.00,55.00,1.0,-1,-1,-1
140,14,634.00,271.00,46.00,105.00,1.0,-1,-1,-1
140,15,540.00,214.00,32.00,89.00,1.0,-1,-1,-1
140,16,610.00,214.00,25.00,83.00,1.0,-1,-1,-1
140,17,386.00,167.00,28.00,72.00,1.0,-1,-1,-1
140,18,722.00,198.00,30.00,97.00,1.0,-1,-1,-1
141,0,0.00,0.00,0.00,0.00,1.0,-1,-1,-1
141,1,690.00,413.00,55.00,135.00,1.0,-1,-1,-1
141,2,315.00,117.00,29.00,62.00,1.0,-1,-1,-1
141,3,0.00,0.00,0.00,0.00,1.0,-1,-1,-1
141,4,0.00,0.00,0.00,0.00,1.0,-1,-1,-1
141,5,723.00,534.00,45.00,42.00,1.0,-1,-1,-1
141,6,59.00,224.00,37.00,93.00,1.0,-1,-1,-1
141,7,0.00,0.00,0.00,0.00,1.0,-1,-1,-1
141,8,581.00,120.00,23.00,66.00,1.0,-1,-1,-1
141,9,0.00,0.00,0.00,0.00,1.0,-1,-1,-1
141,10,559.00,261.00,61.00,112.00,1.0,-1,-1,-1
141,11,0.00,0.00,0.00,0.00,1.0,-1,-1,-1
141,12,0.00,0.00,0.00,0.00,1.0,-1,-1,-1
141,13,44.00,138.00,17.00,57.00,1.0,-1,-1,-1
141,14,637.00,274.00,46.00,104.00,1.0,-1,-1,-1
141,15,547.00,212.00,29.00,89.00,1.0,-1,-1,-1
141,16,616.00,213.00,23.00,85.00,1.0,-1,-1,-1
141,17,386.00,165.00,23.00,73.00,1.0,-1,-1,-1
141,18,724.00,199.00,30.00,96.00,1.0,-1,-1,-1
142,0,0.00,0.00,0.00,0.00,1.0,-1,-1,-1
142,1,718.00,415.00,41.00,141.00,1.0,-1,-1,-1
142,2,308.00,120.00,34.00,62.00,1.0,-1,-1,-1
142,3,0.00,0.00,0.00,0.00,1.0,-1,-1,-1
142,4,0.00,0.00,0.00,0.00,1.0,-1,-1,-1
142,5,750.00,561.00,18.00,15.00,1.0,-1,-1,-1
142,6,65.00,222.00,33.00,91.00,1.0,-1,-1,-1
142,7,0.00,0.00,0.00,0.00,1.0,-1,-1,-1
142,8,586.00,119.00,22.00,65.00,1.0,-1,-1,-1
142,9,0.00,0.00,0.00,0.00,1.0,-1,-1,-1
142,10,580.00,260.00,45.00,110.00,1.0,-1,-1,-1
142,11,0.00,0.00,0.00,0.00,1.0,-1,-1,-1
142,12,0.00,0.00,0.00,0.00,1.0,-1,-1,-1
142,13,30.00,140.00,29.00,56.00,1.0,-1,-1,-1
142,14,649.00,275.00,37.00,106.00,1.0,-1,-1,-1
142,15,558.00,210.00,24.00,91.00,1.0,-1,-1,-1
142,16,620.00,212.00,36.00,83.00,1.0,-1,-1,-1
142,17,373.00,162.00,29.00,75.00,1.0,-1,-1,-1
142,18,731.00,201.00,29.00,95.00,1.0,-1,-1,-1
142,19,463.00,233.00,30.00,92.00,1.0,-1,-1,-1
143,0,0.00,0.00,0.00,0.00,1.0,-1,-1,-1
143,1,718.00,418.00,50.00,143.00,1.0,-1,-1,-1
143,2,303.00,122.00,38.00,62.00,1.0,-1,-1,-1
143,3,0.00,0.00,0.00,0.00,1.0,-1,-1,-1
143,4,0.00,0.00,0.00,0.00,1.0,-1,-1,-1
143,5,0.00,0.00,0.00,0.00,1.0,-1,-1,-1
143,6,67.00,220.00,35.00,93.00,1.0,-1,-1,-1
143,7,0.00,0.00,0.00,0.00,1.0,-1,-1,-1
143,8,588.00,117.00,22.00,64.00,1.0,-1,-1,-1
143,9,0.00,0.00,0.00,0.00,1.0,-1,-1,-1
143,10,601.00,259.00,29.00,113.00,1.0,-1,-1,-1
143,11,0.00,0.00,0.00,0.00,1.0,-1,-1,-1
143,12,0.00,0.00,0.00,0.00,1.0,-1,-1,-1
143,13,29.00,140.00,28.00,56.00,1.0,-1,-1,-1
143,14,654.00,276.00,37.00,105.00,1.0,-1,-1,-1
143,15,561.00,210.00,29.00,91.00,1.0,-1,-1,-1
143,16,625.00,213.00,31.00,81.00,1.0,-1,-1,-1
143,17,371.00,162.00,29.00,74.00,1.0,-1,-1,-1
143,18,733.00,203.00,33.00,97.00,1.0,-1,-1,-1
143,19,464.00,233.00,30.00,93.00,1.0,-1,-1,-1
144,0,0.00,0.00,0.00,0.00,1.0,-1,-1,-1
144,1,718.00,421.00,50.00,143.00,1.0,-1,-1,-1
144,2,299.00,121.00,33.00,62.00,1.0,-1,-1,-1
144,3,0.00,0.00,0.00,0.00,1.0,-1,-1,-1
144,4,0.00,0.00,0.00,0.00,1.0,-1,-1,-1
144,5,0.00,0.00,0.00,0.00,1.0,-1,-1,-1
144,6,70.00,219.00,34.00,94.00,1.0,-1,-1,-1
144,7,0.00,0.00,0.00,0.00,1.0,-1,-1,-1
144,8,590.00,117.00,22.00,65.00,1.0,-1,-1,-1
144,9,0.00,0.00,0.00,0.00,1.0,-1,-1,-1
144,10,607.00,260.00,42.00,113.00,1.0,-1,-1,-1
144,11,0.00,0.00,0.00,0.00,1.0,-1,-1,-1
144,12,0.00,0.00,0.00,0.00,1.0,-1,-1,-1
144,13,23.00,140.00,24.00,56.00,1.0,-1,-1,-1
144,14,659.00,278.00,37.00,108.00,1.0,-1,-1,-1
144,15,564.00,210.00,30.00,90.00,1.0,-1,-1,-1
144,16,636.00,212.00,20.00,81.00,1.0,-1,-1,-1
144,17,374.00,162.00,23.00,74.00,1.0,-1,-1,-1
144,18,733.00,204.00,35.00,99.00,1.0,-1,-1,-1
144,19,464.00,234.00,32.00,92.00,1.0,-1,-1,-1
145,0,0.00,0.00,0.00,0.00,1.0,-1,-1,-1
145,1,720.00,425.00,48.00,139.00,1.0,-1,-1,-1
145,2,293.00,121.00,22.00,64.00,1.0,-1,-1,-1
145,3,0.00,0.00,0.00,0.00,1.0,-1,-1,-1
145,4,0.00,0.00,0.00,0.00,1.0,-1,-1,-1
145,5,0.00,0.00,0.00,0.00,1.0,-1,-1,-1
145,6,74.00,219.00,39.00,94.00,1.0,-1,-1,-1
145,7,0.00,0.00,0.00,0.00,1.0,-1,-1,-1
145,8,592.00,117.00,22.00,65.00,1.0,-1,-1,-1
145,9,0.00,0.00,0.00,0.00,1.0,-1,-1,-1
145,10,607.00,261.00,61.00,110.00,1.0,-1,-1,-1
145,11,0.00,0.00,0.00,0.00,1.0,-1,-1,-1
145,12,0.00,0.00,0.00,0.00,1.0,-1,-1,-1
145,13,16.00,139.00,21.00,57.00,1.0,-1,-1,-1
145,14,664.00,280.00,44.00,106.00,1.0,-1,-1,-1
145,15,568.00,209.00,27.00,90.00,1.0,-1,-1,-1
145,16,638.00,211.00,22.00,81.00,1.0,-1,-1,-1
145,17,372.00,161.00,24.00,71.00,1.0,-1,-1,-1
145,18,735.00,206.00,33.00,98.00,1.0,-1,-1,-1
145,19,465.00,234.00,32.00,92.00,1.0,-1,-1,-1
146,0,0.00,0.00,0.00,0.00,1.0,-1,-1,-1
146,1,729.00,430.00,39.00,134.00,1.0,-1,-1,-1
146,2,283.00,122.00,31.00,63.00,1.0,-1,-1,-1
146,3,0.00,0.00,0.00,0.00,1.0,-1,-1,-1
146,4,0.00,0.00,0.00,0.00,1.0,-1,-1,-1
146,5,0.00,0.00,0.00,0.00,1.0,-1,-1,-1
146,6,78.00,219.00,37.00,94.00,1.0,-1,-1,-1
146,7,0.00,0.00,0.00,0.00,1.0,-1,-1,-1
146,8,595.00,116.00,21.00,64.00,1.0,-1,-1,-1
146,9,0.00,0.00,0.00,0.00,1.0,-1,-1,-1
146,10,614.00,261.00,57.00,112.00,1.0,-1,-1,-1
146,11,0.00,0.00,0.00,0.00,1.0,-1,-1,-1
146,12,0.00,0.00,0.00,0.00,1.0,-1,-1,-1
146,13,6.00,140.00,29.00,56.00,1.0,-1,-1,-1
146,14,669.00,282.00,44.00,107.00,1.0,-1,-1,-1
146,15,572.00,207.00,25.00,88.00,1.0,-1,-1,-1
146,16,639.00,210.00,25.00,57.00,1.0,-1,-1,-1
146,17,371.00,160.00,24.00,71.00,1.0,-1,-1,-1
146,18,741.00,207.00,27.00,98.00,1.0,-1,-1,-1
146,19,466.00,235.00,32.00,95.00,1.0,-1,-1,-1
147,0,0.00,0.00,0.00,0.00,1.0,-1,-1,-1
147,1,744.00,444.00,24.00,120.00,1.0,-1,-1,-1
147,2,278.00,126.00,35.00,61.00,1.0,-1,-1,-1
147,3,0.00,0.00,0.00,0.00,1.0,-1,-1,-1
147,4,0.00,0.00,0.00,0.00,1.0,-1,-1,-1
147,5,0.00,0.00,0.00,0.00,1.0,-1,-1,-1
147,6,80.00,218.00,33.00,94.00,1.0,-1,-1,-1
147,7,0.00,0.00,0.00,0.00,1.0,-1,-1,-1
147,8,597.00,115.00,22.00,63.00,1.0,-1,-1,-1
147,9,0.00,0.00,0.00,0.00,1.0,-1,-1,-1
147,10,632.00,261.00,40.00,112.00,1.0,-1,-1,-1
147,11,0.00,0.00,0.00,0.00,1.0,-1,-1,-1
147,12,0.00,0.00,0.00,0.00,1.0,-1,-1,-1
147,13,0.00,142.00,35.00,54.00,1.0,-1,-1,-1
147,14,674.00,283.00,41.00,110.00,1.0,-1,-1,-1
147,15,576.00,205.00,25.00,88.00,1.0,-1,-1,-1
147,16,643.00,210.00,24.00,54.00,1.0,-1,-1,-1
147,17,371.00,159.00,24.00,71.00,1.0,-1,-1,-1
147,18,748.00,207.00,20.00,98.00,1.0,-1,-1,-1
147,19,468.00,238.00,30.00,95.00,1.0,-1,-1,-1
148,0,0.00,0.00,0.00,0.00,1.0,-1,-1,-1
148,1,763.00,549.00,5.00,16.00,1.0,-1,-1,-1
148,2,272.00,125.00,22.00,62.00,1.0,-1,-1,-1
148,3,0.00,0.00,0.00,0.00,1.0,-1,-1,-1
148,4,0.00,0.00,0.00,0.00,1.0,-1,-1,-1
148,5,0.00,0.00,0.00,0.00,1.0,-1,-1,-1
148,6,83.00,213.00,38.00,89.00,1.0,-1,-1,-1
148,7,0.00,0.00,0.00,0.00,1.0,-1,-1,-1
148,8,601.00,113.00,22.00,62.00,1.0,-1,-1,-1
148,9,0.00,0.00,0.00,0.00,1.0,-1,-1,-1
148,10,655.00,262.00,43.00,112.00,1.0,-1,-1,-1
148,11,0.00,0.00,0.00,0.00,1.0,-1,-1,-1
148,12,0.00,0.00,0.00,0.00,1.0,-1,-1,-1
148,13,0.00,142.00,21.00,53.00,1.0,-1,-1,-1
148,14,691.00,285.00,36.00,108.00,1.0,-1,-1,-1
148,15,581.00,205.00,35.00,88.00,1.0,-1,-1,-1
148,16,647.00,209.00,25.00,83.00,1.0,-1,-1,-1
148,17,373.00,161.00,19.00,63.00,1.0,-1,-1,-1
148,18,749.00,223.00,19.00,82.00,1.0,-1,-1,-1
148,19,467.00,242.00,32.00,95.00,1.0,-1,-1,-1
149,0,0.00,0.00,0.00,0.00,1.0,-1,-1,-1
149,1,763.00,551.00,5.00,14.00,1.0,-1,-1,-1
149,2,268.00,125.00,22.00,62.00,1.0,-1,-1,-1
149,3,0.00,0.00,0.00,0.00,1.0,-1,-1,-1
149,4,0.00,0.00,0.00,0.00,1.0,-1,-1,-1
149,5,0.00,0.00,0.00,0.00,1.0,-1,-1,-1
149,6,86.00,212.00,37.00,90.00,1.0,-1,-1,-1
149,7,0.00,0.00,0.00,0.00,1.0,-1,-1,-1
149,8,603.00,114.00,62.00,171.00,1.0,-1,-1,-1
149,9,0.00,0.00,0.00,0.00,1.0,-1,-1,-1
149,10,656.00,263.00,48.00,111.00,1.0,-1,-1,-1
149,11,0.00,0.00,0.00,0.00,1.0,-1,-1,-1
149,12,0.00,0.00,0.00,0.00,1.0,-1,-1,-1
149,13,0.00,140.00,14.00,57.00,1.0,-1,-1,-1
149,14,696.00,286.00,37.00,108.00,1.0,-1,-1,-1
149,15,584.00,204.00,31.00,88.00,1.0,-1,-1,-1
149,16,651.00,208.00,25.00,83.00,1.0,-1,-1,-1
149,17,376.00,159.00,24.00,65.00,1.0,-1,-1,-1
149,18,753.00,229.00,15.00,76.00,1.0,-1,-1,-1
149,19,467.00,243.00,32.00,94.00,1.0,-1,-1,-1
149,20,147.00,139.00,31.00,70.00,1.0,-1,-1,-1
150,0,0.00,0.00,0.00,0.00,1.0,-1,-1,-1
150,1,763.00,552.00,5.00,12.00,1.0,-1,-1,-1
150,2,260.00,125.00,25.00,63.00,1.0,-1,-1,-1
150,3,0.00,0.00,0.00,0.00,1.0,-1,-1,-1
150,4,0.00,0.00,0.00,0.00,1.0,-1,-1,-1
150,5,0.00,0.00,0.00,0.00,1.0,-1,-1,-1
150,6,88.00,212.00,37.00,90.00,1.0,-1,-1,-1
150,7,0.00,0.00,0.00,0.00,1.0,-1,-1,-1
150,8,605.00,113.00,60.00,163.00,1.0,-1,-1,-1
150,9,0.00,0.00,0.00,0.00,1.0,-1,-1,-1
150,10,663.00,263.00,46.00,110.00,1.0,-1,-1,-1
150,11,0.00,0.00,0.00,0.00,1.0,-1,-1,-1
150,12,0.00,0.00,0.00,0.00,1.0,-1,-1,-1
150,13,0.00,144.00,14.00,52.00,1.0,-1,-1,-1
150,14,700.00,289.00,48.00,108.00,1.0,-1,-1,-1
150,15,585.00,202.00,30.00,88.00,1.0,-1,-1,-1
150,16,654.00,207.00,24.00,81.00,1.0,-1,-1,-1
150,17,383.00,158.00,14.00,54.00,1.0,-1,-1,-1
150,18,761.00,234.00,7.00,70.00,1.0,-1,-1,-1
150,19,467.00,244.00,32.00,93.00,1.0,-1,-1,-1
150,20,136.00,140.00,43.00,69.00,1.0,-1,-1,-1
151,0,0.00,0.00,0.00,0.00,1.0,-1,-1,-1
151,1,0.00,0.00,0.00,0.00,1.0,-1,-1,-1
151,2,250.00,128.00,33.00,63.00,1.0,-1,-1,-1
151,3,0.00,0.00,0.00,0.00,1.0,-1,-1,-1
151,4,0.00,0.00,0.00,0.00,1.0,-1,-1,-1
151,5,0.00,0.00,0.00,0.00,1.0,-1,-1,-1
151,6,90.00,209.00,37.00,92.00,1.0,-1,-1,-1
151,7,0.00,0.00,0.00,0.00,1.0,-1,-1,-1
151,8,608.00,108.00,23.00,63.00,1.0,-1,-1,-1
151,9,0.00,0.00,0.00,0.00,1.0,-1,-1,-1
151,10,703.00,261.00,27.00,112.00,1.0,-1,-1,-1
151,11,0.00,0.00,0.00,0.00,1.0,-1,-1,-1
151,12,0.00,0.00,0.00,0.00,1.0,-1,-1,-1
151,13,0.00,171.00,10.00,25.00,1.0,-1,-1,-1
151,14,707.00,292.00,46.00,111.00,1.0,-1,-1,-1
151,15,595.00,210.00,28.00,76.00,1.0,-1,-1,-1
151,16,658.00,206.00,24.00,82.00,1.0,-1,-1,-1
151,17,380.00,157.00,26.00,67.00,1.0,-1,-1,-1
151,18,0.00,0.00,0.00,0.00,1.0,-1,-1,-1
151,19,469.00,247.00,31.00,97.00,1.0,-1,-1,-1
151,20,129.00,141.00,50.00,68.00,1.0,-1,-1,-1
152,0,718.00,293.00,38.00,109.00,1.0,-1,-1,-1
152,1,0.00,0.00,0.00,0.00,1.0,-1,-1,-1
152,2,249.00,129.00,27.00,62.00,1.0,-1,-1,-1
152,3,0.00,0.00,0.00,0.00,1.0,-1,-1,-1
152,4,0.00,0.00,0.00,0.00,1.0,-1,-1,-1
152,5,0.00,0.00,0.00,0.00,1.0,-1,-1,-1
152,6,92.00,207.00,35.00,88.00,1.0,-1,-1,-1
152,7,719.00,293.00,37.00,110.00,1.0,-1,-1,-1
152,8,611.00,107.00,21.00,65.00,1.0,-1,-1,-1
152,9,0.00,0.00,0.00,0.00,1.0,-1,-1,-1
152,10,704.00,262.00,36.00,109.00,1.0,-1,-1,-1
152,11,0.00,0.00,0.00,0.00,1.0,-1,-1,-1
152,12,0.00,0.00,0.00,0.00,1.0,-1,-1,-1
152,13,0.00,0.00,0.00,0.00,1.0,-1,-1,-1
152,14,718.00,292.00,39.00,110.00,1.0,-1,-1,-1
152,15,598.00,210.00,25.00,76.00,1.0,-1,-1,-1
152,16,661.00,206.00,26.00,82.00,1.0,-1,-1,-1
152,17,380.00,159.00,24.00,68.00,1.0,-1,-1,-1
152,18,0.00,0.00,0.00,0.00,1.0,-1,-1,-1
152,19,469.00,250.00,32.00,97.00,1.0,-1,-1,-1
152,20,123.00,140.00,56.00,69.00,1.0,-1,-1,-1
153,0,730.00,296.00,31.00,108.00,1.0,-1,-1,-1
153,1,0.00,0.00,0.00,0.00,1.0,-1,-1,-1
153,2,244.00,128.00,23.00,63.00,1.0,-1,-1,-1
153,3,0.00,0.00,0.00,0.00,1.0,-1,-1,-1
153,4,0.00,0.00,0.00,0.00,1.0,-1,-1,-1
153,5,0.00,0.00,0.00,0.00,1.0,-1,-1,-1
153,6,93.00,205.00,33.00,88.00,1.0,-1,-1,-1
153,7,730.00,296.00,38.00,108.00,1.0,-1,-1,-1
153,8,614.00,110.00,20.00,61.00,1.0,-1,-1,-1
153,9,0.00,0.00,0.00,0.00,1.0,-1,-1,-1
153,10,705.00,265.00,46.00,106.00,1.0,-1,-1,-1
153,11,0.00,0.00,0.00,0.00,1.0,-1,-1,-1
153,12,0.00,0.00,0.00,0.00,1.0,-1,-1,-1
153,13,0.00,0.00,0.00,0.00,1.0,-1,-1,-1
153,14,727.00,295.00,41.00,109.00,1.0,-1,-1,-1
153,15,600.00,200.00,25.00,87.00,1.0,-1,-1,-1
153,16,662.00,205.00,27.00,82.00,1.0,-1,-1,-1
153,17,378.00,159.00,26.00,68.00,1.0,-1,-1,-1
153,18,0.00,0.00,0.00,0.00,1.0,-1,-1,-1
153,19,471.00,251.00,31.00,96.00,1.0,-1,-1,-1
153,20,118.00,140.00,61.00,69.00,1.0,-1,-1,-1
154,0,718.00,298.00,50.00,115.00,1.0,-1,-1,-1
154,1,0.00,0.00,0.00,0.00,1.0,-1,-1,-1
154,2,239.00,129.00,21.00,64.00,1.0,-1,-1,-1
154,3,0.00,0.00,0.00,0.00,1.0,-1,-1,-1
154,4,0.00,0.00,0.00,0.00,1.0,-1,-1,-1
154,5,0.00,0.00,0.00,0.00,1.0,-1,-1,-1
154,6,93.00,204.00,34.00,88.00,1.0,-1,-1,-1
154,7,737.00,297.00,31.00,116.00,1.0,-1,-1,-1
154,8,616.00,107.00,21.00,62.00,1.0,-1,-1,-1
154,9,0.00,0.00,0.00,0.00,1.0,-1,-1,-1
154,10,714.00,265.00,51.00,104.00,1.0,-1,-1,-1
154,11,0.00,0.00,0.00,0.00,1.0,-1,-1,-1
154,12,0.00,0.00,0.00,0.00,1.0,-1,-1,-1
154,13,0.00,0.00,0.00,0.00,1.0,-1,-1,-1
154,14,736.00,298.00,32.00,114.00,1.0,-1,-1,-1
154,15,602.00,198.00,25.00,87.00,1.0,-1,-1,-1
154,16,665.00,204.00,27.00,81.00,1.0,-1,-1,-1
154,17,376.00,160.00,29.00,69.00,1.0,-1,-1,-1
154,18,0.00,0.00,0.00,0.00,1.0,-1,-1,-1
154,19,473.00,251.00,30.00,96.00,1.0,-1,-1,-1
154,20,114.00,141.00,65.00,68.00,1.0,-1,-1,-1
155,0,740.00,302.00,28.00,102.00,1.0,-1,-1,-1
155,1,0.00,0.00,0.00,0.00,1.0,-1,-1,-1
155,2,230.00,132.00,28.00,64.00,1.0,-1,-1,-1
155,3,0.00,0.00,0.00,0.00,1.0,-1,-1,-1
155,4,0.00,0.00,0.00,0.00,1.0,-1,-1,-1
155,5,0.00,0.00,0.00,0.00,1.0,-1,-1,-1
155,6,95.00,203.00,34.00,89.00,1.0,-1,-1,-1
155,7,741.00,303.00,27.00,101.00,1.0,-1,-1,-1
155,8,619.00,107.00,22.00,61.00,1.0,-1,-1,-1
155,9,0.00,0.00,0.00,0.00,1.0,-1,-1,-1
155,10,742.00,278.00,26.00,80.00,1.0,-1,-1,-1
155,11,0.00,0.00,0.00,0.00,1.0,-1,-1,-1
155,12,0.00,0.00,0.00,0.00,1.0,-1,-1,-1
155,13,0.00,0.00,0.00,0.00,1.0,-1,-1,-1
155,14,740.00,303.00,28.00,102.00,1.0,-1,-1,-1
155,15,607.00,194.00,24.00,85.00,1.0,-1,-1,-1
155,16,673.00,201.00,24.00,83.00,1.0,-1,-1,-1
155,17,369.00,162.00,36.00,68.00,1.0,-1,-1,-1
155,18,0.00,0.00,0.00,0.00,1.0,-1,-1,-1
155,19,475.00,254.00,30.00,96.00,1.0,-1,-1,-1
155,20,105.00,140.00,74.00,69.00,1.0,-1,-1,-1
156,0,747.00,305.00,21.00,100.00,1.0,-1,-1,-1
156,1,0.00,0.00,0.00,0.00,1.0,-1,-1,-1
156,2,226.00,132.00,27.00,64.00,1.0,-1,-1,-1
156,3,748.00,306.00,20.00,99.00,1.0,-1,-1,-1
156,4,0.00,0.00,0.00,0.00,1.0,-1,-1,-1
156,5,0.00,0.00,0.00,0.00,1.0,-1,-1,-1
156,6,95.00,200.00,34.00,90.00,1.0,-1,-1,-1
156,7,748.00,306.00,20.00,99.00,1.0,-1,-1,-1
156,8,621.00,107.00,21.00,61.00,1.0,-1,-1,-1
156,9,0.00,0.00,0.00,0.00,1.0,-1,-1,-1
156,10,0.00,0.00,0.00,0.00,1.0,-1,-1,-1
156,11,0.00,0.00,0.00,0.00,1.0,-1,-1,-1
156,12,0.00,0.00,0.00,0.00,1.0,-1,-1,-1
156,13,0.00,0.00,0.00,0.00,1.0,-1,-1,-1
156,14,747.00,310.00,21.00,95.00,1.0,-1,-1,-1
156,15,608.00,193.00,25.00,85.00,1.0,-1,-1,-1
156,16,676.00,200.00,25.00,83.00,1.0,-1,-1,-1
156,17,364.00,163.00,33.00,67.00,1.0,-1,-1,-1
156,18,0.00,0.00,0.00,0.00,1.0,-1,-1,-1
156,19,473.00,256.00,32.00,98.00,1.0,-1,-1,-1
156,20,100.00,139.00,79.00,70.00,1.0,-1,-1,-1
157,0,755.00,335.00,13.00,73.00,1.0,-1,-1,-1
157,1,0.00,0.00,0.00,0.00,1.0,-1,-1,-1
157,2,223.00,133.00,21.00,63.00,1.0,-1,-1,-1
157,3,757.00,335.00,11.00,72.00,1.0,-1,-1,-1
157,4,0.00,0.00,0.00,0.00,1.0,-1,-1,-1
157,5,0.00,0.00,0.00,0.00,1.0,-1,-1,-1
157,6,94.00,198.00,35.00,86.00,1.0,-1,-1,-1
157,7,757.00,335.00,11.00,73.00,1.0,-1,-1,-1
157,8,623.00,106.00,22.00,60.00,1.0,-1,-1,-1
157,9,755.00,336.00,13.00,66.00,1.0,-1,-1,-1
157,10,755.00,337.00,13.00,40.00,1.0,-1,-1,-1
157,11,0.00,0.00,0.00,0.00,1.0,-1,-1,-1
157,12,0.00,0.00,0.00,0.00,1.0,-1,-1,-1
157,13,0.00,0.00,0.00,0.00,1.0,-1,-1,-1
157,14,756.00,335.00,12.00,73.00,1.0,-1,-1,-1
157,15,610.00,193.00,27.00,85.00,1.0,-1,-1,-1
157,16,678.00,196.00,23.00,86.00,1.0,-1,-1,-1
157,17,358.00,163.00,91.00,69.00,1.0,-1,-1,-1
157,18,0.00,0.00,0.00,0.00,1.0,-1,-1,-1
157,19,473.00,257.00,32.00,99.00,1.0,-1,-1,-1
157,20,96.00,138.00,83.00,71.00,1.0,-1,-1,-1
158,0,760.00,348.00,8.00,23.00,1.0,-1,-1,-1
158,1,0.00,0.00,0.00,0.00,1.0,-1,-1,-1
158,2,218.00,133.00,22.00,63.00,1.0,-1,-1,-1
158,3,0.00,0.00,0.00,0.00,1.0,-1,-1,-1
158,4,0.00,0.00,0.00,0.00,1.0,-1,-1,-1
158,5,0.00,0.00,0.00,0.00,1.0,-1,-1,-1
158,6,95.00,197.00,35.00,84.00,1.0,-1,-1,-1
158,7,0.00,0.00,0.00,0.00,1.0,-1,-1,-1
158,8,624.00,105.00,22.00,60.00,1.0,-1,-1,-1
158,9,0.00,0.00,0.00,0.00,1.0,-1,-1,-1
158,10,0.00,0.00,0.00,0.00,1.0,-1,-1,-1
158,11,0.00,0.00,0.00,0.00,1.0,-1,-1,-1
158,12,0.00,0.00,0.00,0.00,1.0,-1,-1,-1
158,13,0.00,0.00,0.00,0.00,1.0,-1,-1,-1
158,14,0.00,0.00,0.00,0.00,1.0,-1,-1,-1
158,15,612.00,193.00,25.00,85.00,1.0,-1,-1,-1
158,16,678.00,193.00,24.00,88.00,1.0,-1,-1,-1
158,17,352.00,164.00,31.00,70.00,1.0,-1,-1,-1
158,18,0.00,0.00,0.00,0.00,1.0,-1,-1,-1
158,19,473.00,258.00,32.00,99.00,1.0,-1,-1,-1
158,20,91.00,138.00,88.00,71.00,1.0,-1,-1,-1
159,0,0.00,0.00,0.00,0.00,1.0,-1,-1,-1
159,1,0.00,0.00,0.00,0.00,1.0,-1,-1,-1
159,2,203.00,136.00,35.00,62.00,1.0,-1,-1,-1
159,3,0.00,0.00,0.00,0.00,1.0,-1,-1,-1
159,4,0.00,0.00,0.00,0.00,1.0,-1,-1,-1
159,5,0.00,0.00,0.00,0.00,1.0,-1,-1,-1
159,6,96.00,197.00,33.00,84.00,1.0,-1,-1,-1
159,7,0.00,0.00,0.00,0.00,1.0,-1,-1,-1
159,8,627.00,103.00,22.00,61.00,1.0,-1,-1,-1
159,9,0.00,0.00,0.00,0.00,1.0,-1,-1,-1
159,10,0.00,0.00,0.00,0.00,1.0,-1,-1,-1
159,11,0.00,0.00,0.00,0.00,1.0,-1,-1,-1
159,12,0.00,0.00,0.00,0.00,1.0,-1,-1,-1
159,13,0.00,0.00,0.00,0.00,1.0,-1,-1,-1
159,14,0.00,0.00,0.00,0.00,1.0,-1,-1,-1
159,15,616.00,189.00,25.00,82.00,1.0,-1,-1,-1
159,16,686.00,197.00,20.00,79.00,1.0,-1,-1,-1
159,17,340.00,165.00,29.00,71.00,1.0,-1,-1,-1
159,18,0.00,0.00,0.00,0.00,1.0,-1,-1,-1
159,19,472.00,260.00,34.00,97.00,1.0,-1,-1,-1
159,20,80.00,140.00,99.00,69.00,1.0,-1,-1,-1
160,0,0.00,0.00,0.00,0.00,1.0,-1,-1,-1
160,1,0.00,0.00,0.00,0.00,1.0,-1,-1,-1
160,2,202.00,137.00,33.00,62.00,1.0,-1,-1,-1
160,3,0.00,0.00,0.00,0.00,1.0,-1,-1,-1
160,4,0.00,0.00,0.00,0.00,1.0,-1,-1,-1
160,5,0.00,0.00,0.00,0.00,1.0,-1,-1,-1
160,6,95.00,195.00,33.00,85.00,1.0,-1,-1,-1
160,7,0.00,0.00,0.00,0.00,1.0,-1,-1,-1
160,8,629.00,103.00,48.00,101.00,1.0,-1,-1,-1
160,9,0.00,0.00,0.00,0.00,1.0,-1,-1,-1
160,10,0.00,0.00,0.00,0.00,1.0,-1,-1,-1
160,11,0.00,0.00,0.00,0.00,1.0,-1,-1,-1
160,12,0.00,0.00,0.00,0.00,1.0,-1,-1,-1
160,13,0.00,0.00,0.00,0.00,1.0,-1,-1,-1
160,14,0.00,0.00,0.00,0.00,1.0,-1,-1,-1
160,15,618.00,187.00,25.00,83.00,1.0,-1,-1,-1
160,16,685.00,196.00,23.00,80.00,1.0,-1,-1,-1
160,17,333.00,164.00,25.00,72.00,1.0,-1,-1,-1
160,18,0.00,0.00,0.00,0.00,1.0,-1,-1,-1
160,19,472.00,261.00,34.00,97.00,1.0,-1,-1,-1
160,20,77.00,139.00,27.00,64.00,1.0,-1,-1,-1
161,0,0.00,0.00,0.00,0.00,1.0,-1,-1,-1
161,1,0.00,0.00,0.00,0.00,1.0,-1,-1,-1
161,2,198.00,137.00,31.00,63.00,1.0,-1,-1,-1
161,3,0.00,0.00,0.00,0.00,1.0,-1,-1,-1
161,4,0.00,0.00,0.00,0.00,1.0,-1,-1,-1
161,5,0.00,0.00,0.00,0.00,1.0,-1,-1,-1
161,6,94.00,195.00,391.00,117.00,1.0,-1,-1,-1
161,7,0.00,0.00,0.00,0.00,1.0,-1,-1,-1
161,8,632.00,101.00,20.00,60.00,1.0,-1,-1,-1
161,9,0.00,0.00,0.00,0.00,1.0,-1,-1,-1
161,10,0.00,0.00,0.00,0.00,1.0,-1,-1,-1
161,11,0.00,0.00,0.00,0.00,1.0,-1,-1,-1
161,12,0.00,0.00,0.00,0.00,1.0,-1,-1,-1
161,13,0.00,0.00,0.00,0.00,1.0,-1,-1,-1
161,14,0.00,0.00,0.00,0.00,1.0,-1,-1,-1
161,15,619.00,187.00,25.00,83.00,1.0,-1,-1,-1
161,16,686.00,196.00,24.00,80.00,1.0,-1,-1,-1
161,17,322.00,166.00,33.00,69.00,1.0,-1,-1,-1
161,18,0.00,0.00,0.00,0.00,1.0,-1,-1,-1
161,19,474.00,263.00,33.00,99.00,1.0,-1,-1,-1
161,20,73.00,138.00,22.00,65.00,1.0,-1,-1,-1
162,0,0.00,0.00,0.00,0.00,1.0,-1,-1,-1
162,1,0.00,0.00,0.00,0.00,1.0,-1,-1,-1
162,2,190.00,136.00,22.00,66.00,1.0,-1,-1,-1
162,3,0.00,0.00,0.00,0.00,1.0,-1,-1,-1
162,4,0.00,0.00,0.00,0.00,1.0,-1,-1,-1
162,5,0.00,0.00,0.00,0.00,1.0,-1,-1,-1
162,6,93.00,192.00,31.00,84.00,1.0,-1,-1,-1
162,7,0.00,0.00,0.00,0.00,1.0,-1,-1,-1
162,8,633.00,99.00,22.00,61.00,1.0,-1,-1,-1
162,9,0.00,0.00,0.00,0.00,1.0,-1,-1,-1
162,10,0.00,0.00,0.00,0.00,1.0,-1,-1,-1
162,11,0.00,0.00,0.00,0.00,1.0,-1,-1,-1
162,12,0.00,0.00,0.00,0.00,1.0,-1,-1,-1
162,13,0.00,0.00,0.00,0.00,1.0,-1,-1,-1
162,14,0.00,0.00,0.00,0.00,1.0,-1,-1,-1
162,15,621.00,186.00,24.00,83.00,1.0,-1,-1,-1
162,16,689.00,194.00,24.00,80.00,1.0,-1,-1,-1
162,17,308.00,167.00,37.00,70.00,1.0,-1,-1,-1
162,18,0.00,0.00,0.00,0.00,1.0,-1,-1,-1
162,19,479.00,266.00,33.00,100.00,1.0,-1,-1,-1
162,20,66.00,139.00,23.00,64.00,1.0,-1,-1,-1
163,0,0.00,0.00,0.00,0.00,1.0,-1,-1,-1
163,1,0.00,0.00,0.00,0.00,1.0,-1,-1,-1
163,2,183.00,139.00,29.00,63.00,1.0,-1,-1,-1
163,3,0.00,0.00,0.00,0.00,1.0,-1,-1,-1
163,4,0.00,0.00,0.00,0.00,1.0,-1,-1,-1
163,5,0.00,0.00,0.00,0.00,1.0,-1,-1,-1
163,6,92.00,192.00,393.00,102.00,1.0,-1,-1,-1
163,7,0.00,0.00,0.00,0.00,1.0,-1,-1,-1
163,8,634.00,100.00,22.00,60.00,1.0,-1,-1,-1
163,9,0.00,0.00,0.00,0.00,1.0,-1,-1,-1
163,10,0.00,0.00,0.00,0.00,1.0,-1,-1,-1
163,11,0.00,0.00,0.00,0.00,1.0,-1,-1,-1
163,12,0.00,0.00,0.00,0.00,1.0,-1,-1,-1
163,13,0.00,0.00,0.00,0.00,1.0,-1,-1,-1
163,14,0.00,0.00,0.00,0.00,1.0,-1,-1,-1
163,15,622.00,183.00,24.00,84.00,1.0,-1,-1,-1
163,16,689.00,192.00,26.00,79.00,1.0,-1,-1,-1
163,17,304.00,166.00,25.00,71.00,1.0,-1,-1,-1
163,18,0.00,0.00,0.00,0.00,1.0,-1,-1,-1
163,19,481.00,266.00,34.00,100.00,1.0,-1,-1,-1
163,20,60.00,139.00,27.00,64.00,1.0,-1,-1,-1
164,0,0.00,0.00,0.00,0.00,1.0,-1,-1,-1
164,1,0.00,0.00,0.00,0.00,1.0,-1,-1,-1
164,2,175.00,140.00,30.00,64.00,1.0,-1,-1,-1
164,3,0.00,0.00,0.00,0.00,1.0,-1,-1,-1
164,4,0.00,0.00,0.00,0.00,1.0,-1,-1,-1
164,5,0.00,0.00,0.00,0.00,1.0,-1,-1,-1
164,6,92.00,189.00,405.00,123.00,1.0,-1,-1,-1
164,7,0.00,0.00,0.00,0.00,1.0,-1,-1,-1
164,8,636.00,99.00,22.00,58.00,1.0,-1,-1,-1
164,9,0.00,0.00,0.00,0.00,1.0,-1,-1,-1
164,10,0.00,0.00,0.00,0.00,1.0,-1,-1,-1
164,11,0.00,0.00,0.00,0.00,1.0,-1,-1,-1
164,12,0.00,0.00,0.00,0.00,1.0,-1,-1,-1
164,13,0.00,0.00,0.00,0.00,1.0,-1,-1,-1
164,14,0.00,0.00,0.00,0.00,1.0,-1,-1,-1
164,15,622.00,181.00,24.00,81.00,1.0,-1,-1,-1
164,16,690.00,189.00,25.00,79.00,1.0,-1,-1,-1
164,17,277.00,168.00,42.00,70.00,1.0,-1,-1,-1
164,18,0.00,0.00,0.00,0.00,1.0,-1,-1,-1
164,19,487.00,268.00,31.00,101.00,1.0,-1,-1,-1
164,20,52.00,138.00,23.00,63.00,1.0,-1,-1,-1
165,0,0.00,0.00,0.00,0.00,1.0,-1,-1,-1
165,1,0.00,0.00,0.00,0.00,1.0,-1,-1,-1
165,2,165.00,140.00,24.00,64.00,1.0,-1,-1,-1
165,3,0.00,0.00,0.00,0.00,1.0,-1,-1,-1
165,4,0.00,0.00,0.00,0.00,1.0,-1,-1,-1
165,5,0.00,0.00,0.00,0.00,1.0,-1,-1,-1
165,6,92.00,186.00,31.00,81.00,1.0,-1,-1,-1
165,7,0.00,0.00,0.00,0.00,1.0,-1,-1,-1
165,8,640.00,95.00,20.00,61.00,1.0,-1,-1,-1
165,9,0.00,0.00,0.00,0.00,1.0,-1,-1,-1
165,10,0.00,0.00,0.00,0.00,1.0,-1,-1,-1
165,11,0.00,0.00,0.00,0.00,1.0,-1,-1,-1
165,12,0.00,0.00,0.00,0.00,1.0,-1,-1,-1
165,13,0.00,0.00,0.00,0.00,1.0,-1,-1,-1
165,14,0.00,0.00,0.00,0.00,1.0,-1,-1,-1
165,15,624.00,180.00,19.00,82.00,1.0,-1,-1,-1
165,16,688.00,188.00,24.00,80.00,1.0,-1,-1,-1
165,17,271.00,167.00,25.00,72.00,1.0,-1,-1,-1
165,18,0.00,0.00,0.00,0.00,1.0,-1,-1,-1
165,19,492.00,271.00,29.00,103.00,1.0,-1,-1,-1
165,20,43.00,138.00,23.00,64.00,1.0,-1,-1,-1
166,0,0.00,0.00,0.00,0.00,1.0,-1,-1,-1
166,1,0.00,0.00,0.00,0.00,1.0,-1,-1,-1
166,2,160.00,140.00,26.00,64.00,1.0,-1,-1,-1
166,3,0.00,0.00,0.00,0.00,1.0,-1,-1,-1
166,4,0.00,0.00,0.00,0.00,1.0,-1,-1,-1
166,5,0.00,0.00,0.00,0.00,1.0,-1,-1,-1
166,6,93.00,186.00,416.00,126.00,1.0,-1,-1,-1
166,7,0.00,0.00,0.00,0.00,1.0,-1,-1,-1
166,8,642.00,96.00,20.00,60.00,1.0,-1,-1,-1
166,9,0.00,0.00,0.00,0.00,1.0,-1,-1,-1
166,10,0.00,0.00,0.00,0.00,1.0,-1,-1,-1
166,11,0.00,0.00,0.00,0.00,1.0,-1,-1,-1
166,12,0.00,0.00,0.00,0.00,1.0,-1,-1,-1
166,13,0.00,0.00,0.00,0.00,1.0,-1,-1,-1
166,14,0.00,0.00,0.00,0.00,1.0,-1,-1,-1
166,15,625.00,178.00,19.00,76.00,1.0,-1,-1,-1
166,16,686.00,185.00,25.00,81.00,1.0,-1,-1,-1
166,17,263.00,167.00,23.00,71.00,1.0,-1,-1,-1
166,18,0.00,0.00,0.00,0.00,1.0,-1,-1,-1
166,19,494.00,272.00,29.00,104.00,1.0,-1,-1,-1
166,20,35.00,138.00,30.00,63.00,1.0,-1,-1,-1
167,0,0.00,0.00,0.00,0.00,1.0,-1,-1,-1
167,1,0.00,0.00,0.00,0.00,1.0,-1,-1,-1
167,2,151.00,142.00,35.00,62.00,1.0,-1,-1,-1
167,3,0.00,0.00,0.00,0.00,1.0,-1,-1,-1
167,4,0.00,0.00,0.00,0.00,1.0,-1,-1,-1
167,5,0.00,0.00,0.00,0.00,1.0,-1,-1,-1
167,6,93.00,185.00,416.00,127.00,1.0,-1,-1,-1
167,7,0.00,0.00,0.00,0.00,1.0,-1,-1,-1
167,8,643.00,96.00,19.00,57.00,1.0,-1,-1,-1
167,9,0.00,0.00,0.00,0.00,1.0,-1,-1,-1
167,10,0.00,0.00,0.00,0.00,1.0,-1,-1,-1
167,11,0.00,0.00,0.00,0.00,1.0,-1,-1,-1
167,12,0.00,0.00,0.00,0.00,1.0,-1,-1,-1
167,13,0.00,0.00,0.00,0.00,1.0,-1,-1,-1
167,14,0.00,0.00,0.00,0.00,1.0,-1,-1,-1
167,15,625.00,176.00,23.00,33.00,1.0,-1,-1,-1
167,16,684.00,186.00,25.00,76.00,1.0,-1,-1,-1
167,17,246.00,169.00,39.00,70.00,1.0,-1,-1,-1
167,18,0.00,0.00,0.00,0.00,1.0,-1,-1,-1
167,19,496.00,272.00,29.00,104.00,1.0,-1,-1,-1
167,20,35.00,139.00,29.00,63.00,1.0,-1,-1,-1
168,0,0.00,0.00,0.00,0.00,1.0,-1,-1,-1
168,1,0.00,0.00,0.00,0.00,1.0,-1,-1,-1
168,2,149.00,143.00,34.00,62.00,1.0,-1,-1,-1
168,3,0.00,0.00,0.00,0.00,1.0,-1,-1,-1
168,4,0.00,0.00,0.00,0.00,1.0,-1,-1,-1
168,5,0.00,0.00,0.00,0.00,1.0,-1,-1,-1
168,6,92.00,184.00,417.00,128.00,1.0,-1,-1,-1
168,7,0.00,0.00,0.00,0.00,1.0,-1,-1,-1
168,8,645.00,95.00,19.00,58.00,1.0,-1,-1,-1
168,9,0.00,0.00,0.00,0.00,1.0,-1,-1,-1
168,10,0.00,0.00,0.00,0.00,1.0,-1,-1,-1
168,11,0.00,0.00,0.00,0.00,1.0,-1,-1,-1
168,12,0.00,0.00,0.00,0.00,1.0,-1,-1,-1
168,13,0.00,0.00,0.00,0.00,1.0,-1,-1,-1
168,14,0.00,0.00,0.00,0.00,1.0,-1,-1,-1
168,15,626.00,175.00,25.00,34.00,1.0,-1,-1,-1
168,16,683.00,185.00,25.00,76.00,1.0,-1,-1,-1
168,17,241.00,169.00,38.00,69.00,1.0,-1,-1,-1
168,18,0.00,0.00,0.00,0.00,1.0,-1,-1,-1
168,19,500.00,273.00,29.00,103.00,1.0,-1,-1,-1
168,20,31.00,140.00,28.00,62.00,1.0,-1,-1,-1
169,0,0.00,0.00,0.00,0.00,1.0,-1,-1,-1
169,1,0.00,0.00,0.00,0.00,1.0,-1,-1,-1
169,2,144.00,143.00,32.00,62.00,1.0,-1,-1,-1
169,3,0.00,0.00,0.00,0.00,1.0,-1,-1,-1
169,4,0.00,0.00,0.00,0.00,1.0,-1,-1,-1
169,5,0.00,0.00,0.00,0.00,1.0,-1,-1,-1
169,6,91.00,182.00,418.00,121.00,1.0,-1,-1,-1
169,7,0.00,0.00,0.00,0.00,1.0,-1,-1,-1
169,8,647.00,95.00,18.00,57.00,1.0,-1,-1,-1
169,9,0.00,0.00,0.00,0.00,1.0,-1,-1,-1
169,10,0.00,0.00,0.00,0.00,1.0,-1,-1,-1
169,11,0.00,0.00,0.00,0.00,1.0,-1,-1,-1
169,12,0.00,0.00,0.00,0.00,1.0,-1,-1,-1
169,13,0.00,0.00,0.00,0.00,1.0,-1,-1,-1
169,14,0.00,0.00,0.00,0.00,1.0,-1,-1,-1
169,15,626.00,174.00,25.00,39.00,1.0,-1,-1,-1
169,16,682.00,184.00,25.00,77.00,1.0,-1,-1,-1
169,17,238.00,167.00,25.00,71.00,1.0,-1,-1,-1
169,18,0.00,0.00,0.00,0.00,1.0,-1,-1,-1
169,19,503.00,273.00,28.00,103.00,1.0,-1,-1,-1
169,20,27.00,139.00,22.00,62.00,1.0,-1,-1,-1
170,0,0.00,0.00,0.00,0.00,1.0,-1,-1,-1
170,1,0.00,0.00,0.00,0.00,1.0,-1,-1,-1
170,2,139.00,143.00,26.00,63.00,1.0,-1,-1,-1
170,3,0.00,0.00,0.00,0.00,1.0,-1,-1,-1
170,4,0.00,0.00,0.00,0.00,1.0,-1,-1,-1
170,5,0.00,0.00,0.00,0.00,1.0,-1,-1,-1
170,6,90.00,180.00,431.00,150.00,1.0,-1,-1,-1
170,7,0.00,0.00,0.00,0.00,1.0,-1,-1,-1
170,8,646.00,95.00,20.00,57.00,1.0,-1,-1,-1
170,9,0.00,0.00,0.00,0.00,1.0,-1,-1,-1
170,10,0.00,0.00,0.00,0.00,1.0,-1,-1,-1
170,11,0.00,0.00,0.00,0.00,1.0,-1,-1,-1
170,12,0.00,0.00,0.00,0.00,1.0,-1,-1,-1
170,13,0.00,0.00,0.00,0.00,1.0,-1,-1,-1
170,14,0.00,0.00,0.00,0.00,1.0,-1,-1,-1
170,15,627.00,175.00,23.00,42.00,1.0,-1,-1,-1
170,16,682.00,183.00,25.00,78.00,1.0,-1,-1,-1
170,17,231.00,164.00,23.00,75.00,1.0,-1,-1,-1
170,18,0.00,0.00,0.00,0.00,1.0,-1,-1,-1
170,19,506.00,274.00,27.00,101.00,1.0,-1,-1,-1
170,20,23.00,138.00,19.00,64.00,1.0,-1,-1,-1
170,21,399.00,223.00,29.00,78.00,1.0,-1,-1,-1
171,0,0.00,0.00,0.00,0.00,1.0,-1,-1,-1
171,1,0.00,0.00,0.00,0.00,1.0,-1,-1,-1
171,2,135.00,143.00,25.00,63.00,1.0,-1,-1,-1
171,3,0.00,0.00,0.00,0.00,1.0,-1,-1,-1
171,4,0.00,0.00,0.00,0.00,1.0,-1,-1,-1
171,5,0.00,0.00,0.00,0.00,1.0,-1,-1,-1
171,6,90.00,180.00,431.00,141.00,1.0,-1,-1,-1
171,7,0.00,0.00,0.00,0.00,1.0,-1,-1,-1
171,8,649.00,93.00,18.00,58.00,1.0,-1,-1,-1
171,9,0.00,0.00,0.00,0.00,1.0,-1,-1,-1
171,10,0.00,0.00,0.00,0.00,1.0,-1,-1,-1
171,11,0.00,0.00,0.00,0.00,1.0,-1,-1,-1
171,12,0.00,0.00,0.00,0.00,1.0,-1,-1,-1
171,13,0.00,0.00,0.00,0.00,1.0,-1,-1,-1
171,14,0.00,0.00,0.00,0.00,1.0,-1,-1,-1
171,15,627.00,173.00,23.00,51.00,1.0,-1,-1,-1
171,16,681.00,183.00,24.00,77.00,1.0,-1,-1,-1
171,17,214.00,163.00,38.00,75.00,1.0,-1,-1,-1
171,18,0.00,0.00,0.00,0.00,1.0,-1,-1,-1
171,19,508.00,275.00,39.00,101.00,1.0,-1,-1,-1
171,20,19.00,138.00,23.00,63.00,1.0,-1,-1,-1
171,21,398.00,224.00,30.00,80.00,1.0,-1,-1,-1
172,0,0.00,0.00,0.00,0.00,1.0,-1,-1,-1
172,1,0.00,0.00,0.00,0.00,1.0,-1,-1,-1
172,2,128.00,144.00,30.00,63.00,1.0,-1,-1,-1
172,3,0.00,0.00,0.00,0.00,1.0,-1,-1,-1
172,4,0.00,0.00,0.00,0.00,1.0,-1,-1,-1
172,5,0.00,0.00,0.00,0.00,1.0,-1,-1,-1
172,6,91.00,180.00,36.00,78.00,1.0,-1,-1,-1
172,7,0.00,0.00,0.00,0.00,1.0,-1,-1,-1
172,8,650.00,92.00,17.00,58.00,1.0,-1,-1,-1
172,9,0.00,0.00,0.00,0.00,1.0,-1,-1,-1
172,10,0.00,0.00,0.00,0.00,1.0,-1,-1,-1
172,11,0.00,0.00,0.00,0.00,1.0,-1,-1,-1
172,12,0.00,0.00,0.00,0.00,1.0,-1,-1,-1
172,13,0.00,0.00,0.00,0.00,1.0,-1,-1,-1
172,14,0.00,0.00,0.00,0.00,1.0,-1,-1,-1
172,15,627.00,172.00,23.00,67.00,1.0,-1,-1,-1
172,16,680.00,180.00,24.00,78.00,1.0,-1,-1,-1
172,17,210.00,167.00,39.00,71.00,1.0,-1,-1,-1
172,18,0.00,0.00,0.00,0.00,1.0,-1,-1,-1
172,19,509.00,275.00,41.00,101.00,1.0,-1,-1,-1
172,20,16.00,140.00,25.00,61.00,1.0,-1,-1,-1
172,21,399.00,228.00,30.00,79.00,1.0,-1,-1,-1
173,0,0.00,0.00,0.00,0.00,1.0,-1,-1,-1
173,1,0.00,0.00,0.00,0.00,1.0,-1,-1,-1
173,2,123.00,147.00,34.00,60.00,1.0,-1,-1,-1
173,3,0.00,0.00,0.00,0.00,1.0,-1,-1,-1
173,4,0.00,0.00,0.00,0.00,1.0,-1,-1,-1
173,5,0.00,0.00,0.00,0.00,1.0,-1,-1,-1
173,6,91.00,181.00,442.00,149.00,1.0,-1,-1,-1
173,7,0.00,0.00,0.00,0.00,1.0,-1,-1,-1
173,8,652.00,91.00,15.00,57.00,1.0,-1,-1,-1
173,9,0.00,0.00,0.00,0.00,1.0,-1,-1,-1
173,10,0.00,0.00,0.00,0.00,1.0,-1,-1,-1
173,11,0.00,0.00,0.00,0.00,1.0,-1,-1,-1
173,12,0.00,0.00,0.00,0.00,1.0,-1,-1,-1
173,13,0.00,0.00,0.00,0.00,1.0,-1,-1,-1
173,14,0.00,0.00,0.00,0.00,1.0,-1,-1,-1
173,15,627.00,170.00,23.00,70.00,1.0,-1,-1,-1
173,16,680.00,179.00,22.00,76.00,1.0,-1,-1,-1
173,17,209.00,167.00,22.00,71.00,1.0,-1,-1,-1
173,18,0.00,0.00,0.00,0.00,1.0,-1,-1,-1
173,19,511.00,276.00,40.00,100.00,1.0,-1,-1,-1
173,20,14.00,139.00,25.00,62.00,1.0,-1,-1,-1
173,21,400.00,233.00,28.00,77.00,1.0,-1,-1,-1
174,0,0.00,0.00,0.00,0.00,1.0,-1,-1,-1
174,1,0.00,0.00,0.00,0.00,1.0,-1,-1,-1
174,2,120.00,147.00,35.00,61.00,1.0,-1,-1,-1
174,3,0.00,0.00,0.00,0.00,1.0,-1,-1,-1
174,4,0.00,0.00,0.00,0.00,1.0,-1,-1,-1
174,5,0.00,0.00,0.00,0.00,1.0,-1,-1,-1
174,6,91.00,179.00,442.00,133.00,1.0,-1,-1,-1
174,7,0.00,0.00,0.00,0.00,1.0,-1,-1,-1
174,8,652.00,90.00,16.00,58.00,1.0,-1,-1,-1
174,9,0.00,0.00,0.00,0.00,1.0,-1,-1,-1
174,10,0.00,0.00,0.00,0.00,1.0,-1,-1,-1
174,11,0.00,0.00,0.00,0.00,1.0,-1,-1,-1
174,12,0.00,0.00,0.00,0.00,1.0,-1,-1,-1
174,13,0.00,0.00,0.00,0.00,1.0,-1,-1,-1
174,14,0.00,0.00,0.00,0.00,1.0,-1,-1,-1
174,15,626.00,169.00,23.00,73.00,1.0,-1,-1,-1
174,16,679.00,178.00,22.00,75.00,1.0,-1,-1,-1
174,17,204.00,166.00,22.00,71.00,1.0,-1,-1,-1
174,18,0.00,0.00,0.00,0.00,1.0,-1,-1,-1
174,19,512.00,275.00,39.00,101.00,1.0,-1,-1,-1
174,20,10.00,138.00,22.00,62.00,1.0,-1,-1,-1
174,21,402.00,234.00,26.00,76.00,1.0,-1,-1,-1
175,0,0.00,0.00,0.00,0.00,1.0,-1,-1,-1
175,1,0.00,0.00,0.00,0.00,1.0,-1,-1,-1
175,2,114.00,146.00,33.00,61.00,1.0,-1,-1,-1
175,3,0.00,0.00,0.00,0.00,1.0,-1,-1,-1
175,4,0.00,0.00,0.00,0.00,1.0,-1,-1,-1
175,5,0.00,0.00,0.00,0.00,1.0,-1,-1,-1
175,6,91.00,177.00,442.00,108.00,1.0,-1,-1,-1
175,7,0.00,0.00,0.00,0.00,1.0,-1,-1,-1
175,8,654.00,91.00,16.00,57.00,1.0,-1,-1,-1
175,9,0.00,0.00,0.00,0.00,1.0,-1,-1,-1
175,10,0.00,0.00,0.00,0.00,1.0,-1,-1,-1
175,11,0.00,0.00,0.00,0.00,1.0,-1,-1,-1
175,12,0.00,0.00,0.00,0.00,1.0,-1,-1,-1
175,13,0.00,0.00,0.00,0.00,1.0,-1,-1,-1
175,14,0.00,0.00,0.00,0.00,1.0,-1,-1,-1
175,15,627.00,168.00,23.00,74.00,1.0,-1,-1,-1
175,16,677.00,178.00,23.00,75.00,1.0,-1,-1,-1
175,17,196.00,167.00,24.00,70.00,1.0,-1,-1,-1
175,18,0.00,0.00,0.00,0.00,1.0,-1,-1,-1
175,19,520.00,276.00,32.00,100.00,1.0,-1,-1,-1
175,20,7.00,137.00,17.00,63.00,1.0,-1,-1,-1
175,21,403.00,235.00,25.00,75.00,1.0,-1,-1,-1
176,0,0.00,0.00,0.00,0.00,1.0,-1,-1,-1
176,1,0.00,0.00,0.00,0.00,1.0,-1,-1,-1
176,2,109.00,144.00,27.00,63.00,1.0,-1,-1,-1
176,3,0.00,0.00,0.00,0.00,1.0,-1,-1,-1
176,4,0.00,0.00,0.00,0.00,1.0,-1,-1,-1
176,5,0.00,0.00,0.00,0.00,1.0,-1,-1,-1
176,6,92.00,176.00,30.00,78.00,1.0,-1,-1,-1
176,7,0.00,0.00,0.00,0.00,1.0,-1,-1,-1
176,8,656.00,91.00,15.00,57.00,1.0,-1,-1,-1
176,9,0.00,0.00,0.00,0.00,1.0,-1,-1,-1
176,10,0.00,0.00,0.00,0.00,1.0,-1,-1,-1
176,11,0.00,0.00,0.00,0.00,1.0,-1,-1,-1
176,12,0.00,0.00,0.00,0.00,1.0,-1,-1,-1
176,13,0.00,0.00,0.00,0.00,1.0,-1,-1,-1
176,14,0.00,0.00,0.00,0.00,1.0,-1,-1,-1
176,15,627.00,168.00,23.00,75.00,1.0,-1,-1,-1
176,16,672.00,178.00,25.00,75.00,1.0,-1,-1,-1
176,17,187.00,168.00,32.00,70.00,1.0,-1,-1,-1
176,18,0.00,0.00,0.00,0.00,1.0,-1,-1,-1
176,19,529.00,275.00,26.00,103.00,1.0,-1,-1,-1
176,20,2.00,139.00,21.00,61.00,1.0,-1,-1,-1
176,21,404.00,238.00,25.00,76.00,1.0,-1,-1,-1
177,0,0.00,0.00,0.00,0.00,1.0,-1,-1,-1
177,1,0.00,0.00,0.00,0.00,1.0,-1,-1,-1
177,2,105.00,144.00,25.00,64.00,1.0,-1,-1,-1
177,3,0.00,0.00,0.00,0.00,1.0,-1,-1,-1
177,4,0.00,0.00,0.00,0.00,1.0,-1,-1,-1
177,5,0.00,0.00,0.00,0.00,1.0,-1,-1,-1
177,6,92.00,176.00,453.00,145.00,1.0,-1,-1,-1
177,7,0.00,0.00,0.00,0.00,1.0,-1,-1,-1
177,8,658.00,91.00,15.00,55.00,1.0,-1,-1,-1
177,9,0.00,0.00,0.00,0.00,1.0,-1,-1,-1
177,10,0.00,0.00,0.00,0.00,1.0,-1,-1,-1
177,11,0.00,0.00,0.00,0.00,1.0,-1,-1,-1
177,12,0.00,0.00,0.00,0.00,1.0,-1,-1,-1
177,13,0.00,0.00,0.00,0.00,1.0,-1,-1,-1
177,14,0.00,0.00,0.00,0.00,1.0,-1,-1,-1
177,15,627.00,167.00,23.00,76.00,1.0,-1,-1,-1
177,16,672.00,177.00,22.00,75.00,1.0,-1,-1,-1
177,17,185.00,167.00,25.00,67.00,1.0,-1,-1,-1
177,18,0.00,0.00,0.00,0.00,1.0,-1,-1,-1
177,19,532.00,275.00,24.00,104.00,1.0,-1,-1,-1
177,20,0.00,139.00,23.00,60.00,1.0,-1,-1,-1
177,21,404.00,241.00,25.00,76.00,1.0,-1,-1,-1
178,0,0.00,0.00,0.00,0.00,1.0,-1,-1,-1
178,1,0.00,0.00,0.00,0.00,1.0,-1,-1,-1
178,2,100.00,144.00,85.00,78.00,1.0,-1,-1,-1
178,3,0.00,0.00,0.00,0.00,1.0,-1,-1,-1
178,4,0.00,0.00,0.00,0.00,1.0,-1,-1,-1
178,5,0.00,0.00,0.00,0.00,1.0,-1,-1,-1
178,6,91.00,176.00,29.00,77.00,1.0,-1,-1,-1
178,7,0.00,0.00,0.00,0.00,1.0,-1,-1,-1
178,8,660.00,91.00,15.00,54.00,1.0,-1,-1,-1
178,9,0.00,0.00,0.00,0.00,1.0,-1,-1,-1
178,10,0.00,0.00,0.00,0.00,1.0,-1,-1,-1
178,11,0.00,0.00,0.00,0.00,1.0,-1,-1,-1
178,12,0.00,0.00,0.00,0.00,1.0,-1,-1,-1
178,13,0.00,0.00,0.00,0.00,1.0,-1,-1,-1
178,14,0.00,0.00,0.00,0.00,1.0,-1,-1,-1
178,15,628.00,165.00,22.00,75.00,1.0,-1,-1,-1
178,16,669.00,176.00,22.00,73.00,1.0,-1,-1,-1
178,17,179.00,166.00,24.00,67.00,1.0,-1,-1,-1
178,18,0.00,0.00,0.00,0.00,1.0,-1,-1,-1
178,19,535.00,276.00,31.00,102.00,1.0,-1,-1,-1
178,20,0.00,140.00,21.00,59.00,1.0,-1,-1,-1
178,21,406.00,243.00,23.00,78.00,1.0,-1,-1,-1
179,0,0.00,0.00,0.00,0.00,1.0,-1,-1,-1
179,1,0.00,0.00,0.00,0.00,1.0,-1,-1,-1
179,2,93.00,146.00,36.00,61.00,1.0,-1,-1,-1
179,3,0.00,0.00,0.00,0.00,1.0,-1,-1,-1
179,4,0.00,0.00,0.00,0.00,1.0,-1,-1,-1
179,5,0.00,0.00,0.00,0.00,1.0,-1,-1,-1
179,6,90.00,174.00,455.00,156.00,1.0,-1,-1,-1
179,7,0.00,0.00,0.00,0.00,1.0,-1,-1,-1
179,8,661.00,90.00,15.00,54.00,1.0,-1,-1,-1
179,9,0.00,0.00,0.00,0.00,1.0,-1,-1,-1
179,10,0.00,0.00,0.00,0.00,1.0,-1,-1,-1
179,11,0.00,0.00,0.00,0.00,1.0,-1,-1,-1
179,12,0.00,0.00,0.00,0.00,1.0,-1,-1,-1
179,13,0.00,0.00,0.00,0.00,1.0,-1,-1,-1
179,14,0.00,0.00,0.00,0.00,1.0,-1,-1,-1
179,15,628.00,163.00,23.00,74.00,1.0,-1,-1,-1
179,16,667.00,174.00,22.00,73.00,1.0,-1,-1,-1
179,17,171.00,165.00,23.00,69.00,1.0,-1,-1,-1
179,18,0.00,0.00,0.00,0.00,1.0,-1,-1,-1
179,19,535.00,276.00,35.00,102.00,1.0,-1,-1,-1
179,20,0.00,145.00,18.00,53.00,1.0,-1,-1,-1
179,21,406.00,243.00,23.00,79.00,1.0,-1,-1,-1
180,0,0.00,0.00,0.00,0.00,1.0,-1,-1,-1
180,1,0.00,0.00,0.00,0.00,1.0,-1,-1,-1
180,2,89.00,147.00,37.00,59.00,1.0,-1,-1,-1
180,3,0.00,0.00,0.00,0.00,1.0,-1,-1,-1
180,4,0.00,0.00,0.00,0.00,1.0,-1,-1,-1
180,5,0.00,0.00,0.00,0.00,1.0,-1,-1,-1
180,6,89.00,174.00,31.00,73.00,1.0,-1,-1,-1
180,7,0.00,0.00,0.00,0.00,1.0,-1,-1,-1
180,8,662.00,90.00,15.00,54.00,1.0,-1,-1,-1
180,9,0.00,0.00,0.00,0.00,1.0,-1,-1,-1
180,10,0.00,0.00,0.00,0.00,1.0,-1,-1,-1
180,11,0.00,0.00,0.00,0.00,1.0,-1,-1,-1
180,12,0.00,0.00,0.00,0.00,1.0,-1,-1,-1
180,13,0.00,148.00,9.00,50.00,1.0,-1,-1,-1
180,14,0.00,0.00,0.00,0.00,1.0,-1,-1,-1
180,15,628.00,163.00,23.00,75.00,1.0,-1,-1,-1
180,16,664.00,172.00,23.00,75.00,1.0,-1,-1,-1
180,17,159.00,167.00,35.00,66.00,1.0,-1,-1,-1
180,18,0.00,0.00,0.00,0.00,1.0,-1,-1,-1
180,19,535.00,276.00,40.00,102.00,1.0,-1,-1,-1
180,20,0.00,148.00,9.00,50.00,1.0,-1,-1,-1
180,21,406.00,243.00,24.00,79.00,1.0,-1,-1,-1
181,0,0.00,0.00,0.00,0.00,1.0,-1,-1,-1
181,1,0.00,0.00,0.00,0.00,1.0,-1,-1,-1
181,2,84.00,147.00,25.00,62.00,1.0,-1,-1,-1
181,3,0.00,0.00,0.00,0.00,1.0,-1,-1,-1
181,4,0.00,0.00,0.00,0.00,1.0,-1,-1,-1
181,5,0.00,0.00,0.00,0.00,1.0,-1,-1,-1
181,6,89.00,173.00,28.00,73.00,1.0,-1,-1,-1
181,7,0.00,0.00,0.00,0.00,1.0,-1,-1,-1
181,8,664.00,89.00,15.00,55.00,1.0,-1,-1,-1
181,9,0.00,0.00,0.00,0.00,1.0,-1,-1,-1
181,10,0.00,0.00,0.00,0.00,1.0,-1,-1,-1
181,11,0.00,0.00,0.00,0.00,1.0,-1,-1,-1
181,12,0.00,0.00,0.00,0.00,1.0,-1,-1,-1
181,13,0.00,152.00,3.00,13.00,1.0,-1,-1,-1
181,14,0.00,0.00,0.00,0.00,1.0,-1,-1,-1
181,15,627.00,162.00,23.00,76.00,1.0,-1,-1,-1
181,16,662.00,172.00,22.00,74.00,1.0,-1,-1,-1
181,17,159.00,166.00,31.00,67.00,1.0,-1,-1,-1
181,18,0.00,0.00,0.00,0.00,1.0,-1,-1,-1
181,19,536.00,277.00,40.00,102.00,1.0,-1,-1,-1
181,20,0.00,153.00,3.00,45.00,1.0,-1,-1,-1
181,21,407.00,243.00,22.00,79.00,1.0,-1,-1,-1
182,0,0.00,0.00,0.00,0.00,1.0,-1,-1,-1
182,1,0.00,0.00,0.00,0.00,1.0,-1,-1,-1
182,2,80.00,146.00,24.00,58.00,1.0,-1,-1,-1
182,3,0.00,0.00,0.00,0.00,1.0,-1,-1,-1
182,4,0.00,0.00,0.00,0.00,1.0,-1,-1,-1
182,5,0.00,0.00,0.00,0.00,1.0,-1,-1,-1
182,6,90.00,171.00,27.00,75.00,1.0,-1,-1,-1
182,7,0.00,0.00,0.00,0.00,1.0,-1,-1,-1
182,8,665.00,88.00,16.00,56.00,1.0,-1,-1,-1
182,9,0.00,0.00,0.00,0.00,1.0,-1,-1,-1
182,10,0.00,0.00,0.00,0.00,1.0,-1,-1,-1
182,11,0.00,0.00,0.00,0.00,1.0,-1,-1,-1
182,12,0.00,0.00,0.00,0.00,1.0,-1,-1,-1
182,13,0.00,0.00,0.00,0.00,1.0,-1,-1,-1
182,14,0.00,0.00,0.00,0.00,1.0,-1,-1,-1
182,15,626.00,162.00,24.00,74.00,1.0,-1,-1,-1
182,16,661.00,172.00,21.00,73.00,1.0,-1,-1,-1
182,17,157.00,165.00,22.00,67.00,1.0,-1,-1,-1
182,18,0.00,0.00,0.00,0.00,1.0,-1,-1,-1
182,19,538.00,277.00,38.00,102.00,1.0,-1,-1,-1
182,20,0.00,0.00,0.00,0.00,1.0,-1,-1,-1
182,21,409.00,243.00,28.00,79.00,1.0,-1,-1,-1
183,0,0.00,0.00,0.00,0.00,1.0,-1,-1,-1
183,1,0.00,0.00,0.00,0.00,1.0,-1,-1,-1
183,2,77.00,146.00,23.00,67.00,1.0,-1,-1,-1
183,3,0.00,0.00,0.00,0.00,1.0,-1,-1,-1
183,4,0.00,0.00,0.00,0.00,1.0,-1,-1,-1
183,5,0.00,0.00,0.00,0.00,1.0,-1,-1,-1
183,6,90.00,171.00,467.00,123.00,1.0,-1,-1,-1
183,7,0.00,0.00,0.00,0.00,1.0,-1,-1,-1
183,8,667.00,89.00,16.00,53.00,1.0,-1,-1,-1
183,9,0.00,0.00,0.00,0.00,1.0,-1,-1,-1
183,10,0.00,0.00,0.00,0.00,1.0,-1,-1,-1
183,11,0.00,0.00,0.00,0.00,1.0,-1,-1,-1
183,12,0.00,0.00,0.00,0.00,1.0,-1,-1,-1
183,13,0.00,0.00,0.00,0.00,1.0,-1,-1,-1
183,14,0.00,0.00,0.00,0.00,1.0,-1,-1,-1
183,15,626.00,160.00,23.00,75.00,1.0,-1,-1,-1
183,16,659.00,171.00,21.00,71.00,1.0,-1,-1,-1
183,17,152.00,164.00,20.00,68.00,1.0,-1,-1,-1
183,18,0.00,0.00,0.00,0.00,1.0,-1,-1,-1
183,19,542.00,277.00,35.00,102.00,1.0,-1,-1,-1
183,20,0.00,0.00,0.00,0.00,1.0,-1,-1,-1
183,21,411.00,244.00,29.00,78.00,1.0,-1,-1,-1
184,0,0.00,0.00,0.00,0.00,1.0,-1,-1,-1
184,1,0.00,0.00,0.00,0.00,1.0,-1,-1,-1
184,2,67.00,150.00,23.00,65.00,1.0,-1,-1,-1
184,3,0.00,0.00,0.00,0.00,1.0,-1,-1,-1
184,4,0.00,0.00,0.00,0.00,1.0,-1,-1,-1
184,5,0.00,0.00,0.00,0.00,1.0,-1,-1,-1
184,6,89.00,168.00,30.00,75.00,1.0,-1,-1,-1
184,7,0.00,0.00,0.00,0.00,1.0,-1,-1,-1
184,8,671.00,90.00,17.00,52.00,1.0,-1,-1,-1
184,9,0.00,0.00,0.00,0.00,1.0,-1,-1,-1
184,10,0.00,0.00,0.00,0.00,1.0,-1,-1,-1
184,11,0.00,0.00,0.00,0.00,1.0,-1,-1,-1
184,12,0.00,0.00,0.00,0.00,1.0,-1,-1,-1
184,13,0.00,0.00,0.00,0.00,1.0,-1,-1,-1
184,14,0.00,0.00,0.00,0.00,1.0,-1,-1,-1
184,15,625.00,157.00,23.00,74.00,1.0,-1,-1,-1
184,16,655.00,169.00,20.00,71.00,1.0,-1,-1,-1
184,17,143.00,164.00,22.00,67.00,1.0,-1,-1,-1
184,18,0.00,0.00,0.00,0.00,1.0,-1,-1,-1
184,19,554.00,276.00,27.00,102.00,1.0,-1,-1,-1
184,20,0.00,0.00,0.00,0.00,1.0,-1,-1,-1
184,21,415.00,244.00,31.00,82.00,1.0,-1,-1,-1
185,0,0.00,0.00,0.00,0.00,1.0,-1,-1,-1
185,1,0.00,0.00,0.00,0.00,1.0,-1,-1,-1
185,2,65.00,151.00,24.00,65.00,1.0,-1,-1,-1
185,3,0.00,0.00,0.00,0.00,1.0,-1,-1,-1
185,4,0.00,0.00,0.00,0.00,1.0,-1,-1,-1
185,5,0.00,0.00,0.00,0.00,1.0,-1,-1,-1
185,6,88.00,167.00,30.00,73.00,1.0,-1,-1,-1
185,7,0.00,0.00,0.00,0.00,1.0,-1,-1,-1
185,8,671.00,92.00,21.00,50.00,1.0,-1,-1,-1
185,9,0.00,0.00,0.00,0.00,1.0,-1,-1,-1
185,10,0.00,0.00,0.00,0.00,1.0,-1,-1,-1
185,11,0.00,0.00,0.00,0.00,1.0,-1,-1,-1
185,12,0.00,0.00,0.00,0.00,1.0,-1,-1,-1
185,13,0.00,0.00,0.00,0.00,1.0,-1,-1,-1
185,14,0.00,0.00,0.00,0.00,1.0,-1,-1,-1
185,15,625.00,157.00,23.00,73.00,1.0,-1,-1,-1
185,16,652.00,168.00,21.00,71.00,1.0,-1,-1,-1
185,17,141.00,162.00,21.00,66.00,1.0,-1,-1,-1
185,18,0.00,0.00,0.00,0.00,1.0,-1,-1,-1
185,19,556.00,276.00,27.00,101.00,1.0,-1,-1,-1
185,20,0.00,0.00,0.00,0.00,1.0,-1,-1,-1
185,21,414.00,246.00,34.00,88.00,1.0,-1,-1,-1
186,0,0.00,0.00,0.00,0.00,1.0,-1,-1,-1
186,1,0.00,0.00,0.00,0.00,1.0,-1,-1,-1
186,2,60.00,150.00,23.00,66.00,1.0,-1,-1,-1
186,3,0.00,0.00,0.00,0.00,1.0,-1,-1,-1
186,4,0.00,0.00,0.00,0.00,1.0,-1,-1,-1
186,5,0.00,0.00,0.00,0.00,1.0,-1,-1,-1
186,6,88.00,166.00,29.00,74.00,1.0,-1,-1,-1
186,7,0.00,0.00,0.00,0.00,1.0,-1,-1,-1
186,8,673.00,87.00,21.00,54.00,1.0,-1,-1,-1
186,9,0.00,0.00,0.00,0.00,1.0,-1,-1,-1
186,10,0.00,0.00,0.00,0.00,1.0,-1,-1,-1
186,11,0.00,0.00,0.00,0.00,1.0,-1,-1,-1
186,12,0.00,0.00,0.00,0.00,1.0,-1,-1,-1
186,13,0.00,0.00,0.00,0.00,1.0,-1,-1,-1
186,14,0.00,0.00,0.00,0.00,1.0,-1,-1,-1
186,15,625.00,157.00,23.00,73.00,1.0,-1,-1,-1
186,16,647.00,168.00,24.00,70.00,1.0,-1,-1,-1
186,17,139.00,161.00,22.00,66.00,1.0,-1,-1,-1
186,18,0.00,0.00,0.00,0.00,1.0,-1,-1,-1
186,19,559.00,276.00,26.00,101.00,1.0,-1,-1,-1
186,20,0.00,0.00,0.00,0.00,1.0,-1,-1,-1
186,21,415.00,246.00,35.00,87.00,1.0,-1,-1,-1
187,0,0.00,0.00,0.00,0.00,1.0,-1,-1,-1
187,1,0.00,0.00,0.00,0.00,1.0,-1,-1,-1
187,2,55.00,149.00,23.00,67.00,1.0,-1,-1,-1
187,3,0.00,0.00,0.00,0.00,1.0,-1,-1,-1
187,4,0.00,0.00,0.00,0.00,1.0,-1,-1,-1
187,5,0.00,0.00,0.00,0.00,1.0,-1,-1,-1
187,6,88.00,166.00,29.00,73.00,1.0,-1,-1,-1
187,7,0.00,0.00,0.00,0.00,1.0,-1,-1,-1
187,8,678.00,88.00,16.00,51.00,1.0,-1,-1,-1
187,9,0.00,0.00,0.00,0.00,1.0,-1,-1,-1
187,10,0.00,0.00,0.00,0.00,1.0,-1,-1,-1
187,11,0.00,0.00,0.00,0.00,1.0,-1,-1,-1
187,12,0.00,0.00,0.00,0.00,1.0,-1,-1,-1
187,13,0.00,0.00,0.00,0.00,1.0,-1,-1,-1
187,14,0.00,0.00,0.00,0.00,1.0,-1,-1,-1
187,15,626.00,155.00,22.00,75.00,1.0,-1,-1,-1
187,16,645.00,167.00,24.00,72.00,1.0,-1,-1,-1
187,17,139.00,160.00,22.00,67.00,1.0,-1,-1,-1
187,18,0.00,0.00,0.00,0.00,1.0,-1,-1,-1
187,19,560.00,275.00,27.00,103.00,1.0,-1,-1,-1
187,20,0.00,0.00,0.00,0.00,1.0,-1,-1,-1
187,21,415.00,247.00,36.00,94.00,1.0,-1,-1,-1
188,0,0.00,0.00,0.00,0.00,1.0,-1,-1,-1
188,1,0.00,0.00,0.00,0.00,1.0,-1,-1,-1
188,2,48.00,151.00,28.00,65.00,1.0,-1,-1,-1
188,3,0.00,0.00,0.00,0.00,1.0,-1,-1,-1
188,4,0.00,0.00,0.00,0.00,1.0,-1,-1,-1
188,5,0.00,0.00,0.00,0.00,1.0,-1,-1,-1
188,6,88.00,165.00,28.00,74.00,1.0,-1,-1,-1
188,7,0.00,0.00,0.00,0.00,1.0,-1,-1,-1
188,8,678.00,88.00,18.00,52.00,1.0,-1,-1,-1
188,9,0.00,0.00,0.00,0.00,1.0,-1,-1,-1
188,10,0.00,0.00,0.00,0.00,1.0,-1,-1,-1
188,11,0.00,0.00,0.00,0.00,1.0,-1,-1,-1
188,12,0.00,0.00,0.00,0.00,1.0,-1,-1,-1
188,13,0.00,0.00,0.00,0.00,1.0,-1,-1,-1
188,14,0.00,0.00,0.00,0.00,1.0,-1,-1,-1
188,15,626.00,153.00,22.00,74.00,1.0,-1,-1,-1
188,16,643.00,166.00,28.00,72.00,1.0,-1,-1,-1
188,17,139.00,160.00,23.00,67.00,1.0,-1,-1,-1
188,18,0.00,0.00,0.00,0.00,1.0,-1,-1,-1
188,19,561.00,275.00,29.00,102.00,1.0,-1,-1,-1
188,20,0.00,0.00,0.00,0.00,1.0,-1,-1,-1
188,21,417.00,249.00,35.00,93.00,1.0,-1,-1,-1
189,0,0.00,0.00,0.00,0.00,1.0,-1,-1,-1
189,1,0.00,0.00,0.00,0.00,1.0,-1,-1,-1
189,2,40.00,151.00,36.00,67.00,1.0,-1,-1,-1
189,3,0.00,0.00,0.00,0.00,1.0,-1,-1,-1
189,4,0.00,0.00,0.00,0.00,1.0,-1,-1,-1
189,5,0.00,0.00,0.00,0.00,1.0,-1,-1,-1
189,6,87.00,164.00,29.00,74.00,1.0,-1,-1,-1
189,7,0.00,0.00,0.00,0.00,1.0,-1,-1,-1
189,8,680.00,88.00,19.00,51.00,1.0,-1,-1,-1
189,9,0.00,0.00,0.00,0.00,1.0,-1,-1,-1
189,10,0.00,0.00,0.00,0.00,1.0,-1,-1,-1
189,11,0.00,0.00,0.00,0.00,1.0,-1,-1,-1
189,12,0.00,0.00,0.00,0.00,1.0,-1,-1,-1
189,13,0.00,0.00,0.00,0.00,1.0,-1,-1,-1
189,14,0.00,0.00,0.00,0.00,1.0,-1,-1,-1
189,15,626.00,152.00,22.00,72.00,1.0,-1,-1,-1
189,16,642.00,165.00,23.00,70.00,1.0,-1,-1,-1
189,17,141.00,159.00,21.00,66.00,1.0,-1,-1,-1
189,18,0.00,0.00,0.00,0.00,1.0,-1,-1,-1
189,19,562.00,274.00,29.00,102.00,1.0,-1,-1,-1
189,20,0.00,0.00,0.00,0.00,1.0,-1,-1,-1
189,21,421.00,256.00,32.00,86.00,1.0,-1,-1,-1
190,0,0.00,0.00,0.00,0.00,1.0,-1,-1,-1
190,1,0.00,0.00,0.00,0.00,1.0,-1,-1,-1
190,2,40.00,153.00,34.00,67.00,1.0,-1,-1,-1
190,3,0.00,0.00,0.00,0.00,1.0,-1,-1,-1
190,4,0.00,0.00,0.00,0.00,1.0,-1,-1,-1
190,5,0.00,0.00,0.00,0.00,1.0,-1,-1,-1
190,6,87.00,162.00,28.00,73.00,1.0,-1,-1,-1
190,7,0.00,0.00,0.00,0.00,1.0,-1,-1,-1
190,8,685.00,88.00,19.00,52.00,1.0,-1,-1,-1
190,9,0.00,0.00,0.00,0.00,1.0,-1,-1,-1
190,10,0.00,0.00,0.00,0.00,1.0,-1,-1,-1
190,11,0.00,0.00,0.00,0.00,1.0,-1,-1,-1
190,12,0.00,0.00,0.00,0.00,1.0,-1,-1,-1
190,13,0.00,0.00,0.00,0.00,1.0,-1,-1,-1
190,14,0.00,0.00,0.00,0.00,1.0,-1,-1,-1
190,15,626.00,152.00,19.00,73.00,1.0,-1,-1,-1
190,16,639.00,165.00,21.00,70.00,1.0,-1,-1,-1
190,17,142.00,158.00,19.00,65.00,1.0,-1,-1,-1
190,18,0.00,0.00,0.00,0.00,1.0,-1,-1,-1
190,19,563.00,273.00,29.00,102.00,1.0,-1,-1,-1
190,20,0.00,0.00,0.00,0.00,1.0,-1,-1,-1
190,21,423.00,256.00,30.00,85.00,1.0,-1,-1,-1
191,0,0.00,0.00,0.00,0.00,1.0,-1,-1,-1
191,1,0.00,0.00,0.00,0.00,1.0,-1,-1,-1
191,2,37.00,153.00,29.00,67.00,1.0,-1,-1,-1
191,3,0.00,0.00,0.00,0.00,1.0,-1,-1,-1
191,4,0.00,0.00,0.00,0.00,1.0,-1,-1,-1
191,5,0.00,0.00,0.00,0.00,1.0,-1,-1,-1
191,6,87.00,161.00,28.00,72.00,1.0,-1,-1,-1
191,7,0.00,0.00,0.00,0.00,1.0,-1,-1,-1
191,8,685.00,85.00,20.00,54.00,1.0,-1,-1,-1
191,9,0.00,0.00,0.00,0.00,1.0,-1,-1,-1
191,10,0.00,0.00,0.00,0.00,1.0,-1,-1,-1
191,11,0.00,0.00,0.00,0.00,1.0,-1,-1,-1
191,12,0.00,0.00,0.00,0.00,1.0,-1,-1,-1
191,13,0.00,0.00,0.00,0.00,1.0,-1,-1,-1
191,14,0.00,0.00,0.00,0.00,1.0,-1,-1,-1
191,15,625.00,152.00,22.00,73.00,1.0,-1,-1,-1
191,16,638.00,165.00,20.00,70.00,1.0,-1,-1,-1
191,17,143.00,157.00,20.00,66.00,1.0,-1,-1,-1
191,18,0.00,0.00,0.00,0.00,1.0,-1,-1,-1
191,19,564.00,273.00,29.00,102.00,1.0,-1,-1,-1
191,20,0.00,0.00,0.00,0.00,1.0,-1,-1,-1
191,21,424.00,257.00,31.00,89.00,1.0,-1,-1,-1
192,0,0.00,0.00,0.00,0.00,1.0,-1,-1,-1
192,1,754.00,392.00,14.00,75.00,1.0,-1,-1,-1
192,2,33.00,153.00,23.00,67.00,1.0,-1,-1,-1
192,3,0.00,0.00,0.00,0.00,1.0,-1,-1,-1
192,4,0.00,0.00,0.00,0.00,1.0,-1,-1,-1
192,5,0.00,0.00,0.00,0.00,1.0,-1,-1,-1
192,6,88.00,161.00,28.00,72.00,1.0,-1,-1,-1
192,7,0.00,0.00,0.00,0.00,1.0,-1,-1,-1
192,8,689.00,84.00,16.00,55.00,1.0,-1,-1,-1
192,9,0.00,0.00,0.00,0.00,1.0,-1,-1,-1
192,10,0.00,0.00,0.00,0.00,1.0,-1,-1,-1
192,11,0.00,0.00,0.00,0.00,1.0,-1,-1,-1
192,12,0.00,0.00,0.00,0.00,1.0,-1,-1,-1
192,13,0.00,0.00,0.00,0.00,1.0,-1,-1,-1
192,14,0.00,0.00,0.00,0.00,1.0,-1,-1,-1
192,15,625.00,151.00,20.00,73.00,1.0,-1,-1,-1
192,16,636.00,165.00,20.00,69.00,1.0,-1,-1,-1
192,17,145.00,157.00,21.00,66.00,1.0,-1,-1,-1
192,18,0.00,0.00,0.00,0.00,1.0,-1,-1,-1
192,19,564.00,273.00,35.00,102.00,1.0,-1,-1,-1
192,20,0.00,0.00,0.00,0.00,1.0,-1,-1,-1
192,21,433.00,258.00,26.00,91.00,1.0,-1,-1,-1
193,0,0.00,0.00,0.00,0.00,1.0,-1,-1,-1
193,1,753.00,354.00,15.00,112.00,1.0,-1,-1,-1
193,2,27.00,155.00,23.00,69.00,1.0,-1,-1,-1
193,3,0.00,0.00,0.00,0.00,1.0,-1,-1,-1
193,4,0.00,0.00,0.00,0.00,1.0,-1,-1,-1
193,5,0.00,0.00,0.00,0.00,1.0,-1,-1,-1
193,6,91.00,160.00,29.00,72.00,1.0,-1,-1,-1
193,7,0.00,0.00,0.00,0.00,1.0,-1,-1,-1
193,8,695.00,85.00,20.00,55.00,1.0,-1,-1,-1
193,9,0.00,0.00,0.00,0.00,1.0,-1,-1,-1
193,10,0.00,0.00,0.00,0.00,1.0,-1,-1,-1
193,11,0.00,0.00,0.00,0.00,1.0,-1,-1,-1
193,12,0.00,0.00,0.00,0.00,1.0,-1,-1,-1
193,13,0.00,0.00,0.00,0.00,1.0,-1,-1,-1
193,14,0.00,0.00,0.00,0.00,1.0,-1,-1,-1
193,15,624.00,148.00,17.00,72.00,1.0,-1,-1,-1
193,16,627.00,161.00,25.00,72.00,1.0,-1,-1,-1
193,17,150.00,157.00,26.00,63.00,1.0,-1,-1,-1
193,18,0.00,0.00,0.00,0.00,1.0,-1,-1,-1
193,19,569.00,272.00,34.00,102.00,1.0,-1,-1,-1
193,20,0.00,0.00,0.00,0.00,1.0,-1,-1,-1
193,21,435.00,263.00,29.00,87.00,1.0,-1,-1,-1
194,0,0.00,0.00,0.00,0.00,1.0,-1,-1,-1
194,1,751.00,350.00,17.00,120.00,1.0,-1,-1,-1
194,2,23.00,158.00,26.00,69.00,1.0,-1,-1,-1
194,3,0.00,0.00,0.00,0.00,1.0,-1,-1,-1
194,4,0.00,0.00,0.00,0.00,1.0,-1,-1,-1
194,5,0.00,0.00,0.00,0.00,1.0,-1,-1,-1
194,6,91.00,159.00,31.00,72.00,1.0,-1,-1,-1
194,7,0.00,0.00,0.00,0.00,1.0,-1,-1,-1
194,8,695.00,85.00,20.00,57.00,1.0,-1,-1,-1
194,9,0.00,0.00,0.00,0.00,1.0,-1,-1,-1
194,10,0.00,0.00,0.00,0.00,1.0,-1,-1,-1
194,11,0.00,0.00,0.00,0.00,1.0,-1,-1,-1
194,12,0.00,0.00,0.00,0.00,1.0,-1,-1,-1
194,13,0.00,0.00,0.00,0.00,1.0,-1,-1,-1
194,14,0.00,0.00,0.00,0.00,1.0,-1,-1,-1
194,15,623.00,147.00,16.00,69.00,1.0,-1,-1,-1
194,16,627.00,160.00,23.00,72.00,1.0,-1,-1,-1
194,17,169.00,156.00,11.00,31.00,1.0,-1,-1,-1
194,18,0.00,0.00,0.00,0.00,1.0,-1,-1,-1
194,19,571.00,271.00,32.00,103.00,1.0,-1,-1,-1
194,20,0.00,0.00,0.00,0.00,1.0,-1,-1,-1
194,21,438.00,264.00,30.00,87.00,1.0,-1,-1,-1
195,0,0.00,0.00,0.00,0.00,1.0,-1,-1,-1
195,1,728.00,348.00,40.00,118.00,1.0,-1,-1,-1
195,2,16.00,160.00,25.00,67.00,1.0,-1,-1,-1
195,3,0.00,0.00,0.00,0.00,1.0,-1,-1,-1
195,4,0.00,0.00,0.00,0.00,1.0,-1,-1,-1
195,5,0.00,0.00,0.00,0.00,1.0,-1,-1,-1
195,6,93.00,156.00,30.00,70.00,1.0,-1,-1,-1
195,7,0.00,0.00,0.00,0.00,1.0,-1,-1,-1
195,8,701.00,89.00,18.00,55.00,1.0,-1,-1,-1
195,9,0.00,0.00,0.00,0.00,1.0,-1,-1,-1
195,10,0.00,0.00,0.00,0.00,1.0,-1,-1,-1
195,11,0.00,0.00,0.00,0.00,1.0,-1,-1,-1
195,12,0.00,0.00,0.00,0.00,1.0,-1,-1,-1
195,13,0.00,0.00,0.00,0.00,1.0,-1,-1,-1
195,14,0.00,0.00,0.00,0.00,1.0,-1,-1,-1
195,15,622.00,146.00,20.00,41.00,1.0,-1,-1,-1
195,16,624.00,156.00,23.00,72.00,1.0,-1,-1,-1
195,17,177.00,155.00,22.00,61.00,1.0,-1,-1,-1
195,18,0.00,0.00,0.00,0.00,1.0,-1,-1,-1
195,19,573.00,271.00,35.00,100.00,1.0,-1,-1,-1
195,20,0.00,0.00,0.00,0.00,1.0,-1,-1,-1
195,21,442.00,265.00,33.00,91.00,1.0,-1,-1,-1
196,0,0.00,0.00,0.00,0.00,1.0,-1,-1,-1
196,1,717.00,349.00,51.00,118.00,1.0,-1,-1,-1
196,2,13.00,157.00,26.00,71.00,1.0,-1,-1,-1
196,3,0.00,0.00,0.00,0.00,1.0,-1,-1,-1
196,4,0.00,0.00,0.00,0.00,1.0,-1,-1,-1
196,5,0.00,0.00,0.00,0.00,1.0,-1,-1,-1
196,6,96.00,156.00,27.00,70.00,1.0,-1,-1,-1
196,7,0.00,0.00,0.00,0.00,1.0,-1,-1,-1
196,8,703.00,89.00,18.00,55.00,1.0,-1,-1,-1
196,9,0.00,0.00,0.00,0.00,1.0,-1,-1,-1
196,10,0.00,0.00,0.00,0.00,1.0,-1,-1,-1
196,11,0.00,0.00,0.00,0.00,1.0,-1,-1,-1
196,12,0.00,0.00,0.00,0.00,1.0,-1,-1,-1
196,13,0.00,0.00,0.00,0.00,1.0,-1,-1,-1
196,14,0.00,0.00,0.00,0.00,1.0,-1,-1,-1
196,15,622.00,145.00,22.00,41.00,1.0,-1,-1,-1
196,16,619.00,145.00,25.00,83.00,1.0,-1,-1,-1
196,17,181.00,155.00,25.00,61.00,1.0,-1,-1,-1
196,18,0.00,0.00,0.00,0.00,1.0,-1,-1,-1
196,19,575.00,270.00,35.00,100.00,1.0,-1,-1,-1
196,20,0.00,0.00,0.00,0.00,1.0,-1,-1,-1
196,21,446.00,267.00,31.00,91.00,1.0,-1,-1,-1
197,0,0.00,0.00,0.00,0.00,1.0,-1,-1,-1
197,1,716.00,348.00,52.00,115.00,1.0,-1,-1,-1
197,2,6.00,162.00,31.00,69.00,1.0,-1,-1,-1
197,3,0.00,0.00,0.00,0.00,1.0,-1,-1,-1
197,4,0.00,0.00,0.00,0.00,1.0,-1,-1,-1
197,5,0.00,0.00,0.00,0.00,1.0,-1,-1,-1
197,6,98.00,155.00,27.00,70.00,1.0,-1,-1,-1
197,7,0.00,0.00,0.00,0.00,1.0,-1,-1,-1
197,8,707.00,90.00,17.00,55.00,1.0,-1,-1,-1
197,9,0.00,0.00,0.00,0.00,1.0,-1,-1,-1
197,10,0.00,0.00,0.00,0.00,1.0,-1,-1,-1
197,11,0.00,0.00,0.00,0.00,1.0,-1,-1,-1
197,12,0.00,0.00,0.00,0.00,1.0,-1,-1,-1
197,13,0.00,0.00,0.00,0.00,1.0,-1,-1,-1
197,14,0.00,0.00,0.00,0.00,1.0,-1,-1,-1
197,15,625.00,142.00,18.00,41.00,1.0,-1,-1,-1
197,16,617.00,154.00,23.00,72.00,1.0,-1,-1,-1
197,17,190.00,153.00,20.00,63.00,1.0,-1,-1,-1
197,18,0.00,0.00,0.00,0.00,1.0,-1,-1,-1
197,19,580.00,269.00,31.00,101.00,1.0,-1,-1,-1
197,20,0.00,0.00,0.00,0.00,1.0,-1,-1,-1
197,21,453.00,270.00,29.00,91.00,1.0,-1,-1,-1
198,0,0.00,0.00,0.00,0.00,1.0,-1,-1,-1
198,1,716.00,348.00,52.00,115.00,1.0,-1,-1,-1
198,2,10.00,166.00,26.00,68.00,1.0,-1,-1,-1
198,3,0.00,0.00,0.00,0.00,1.0,-1,-1,-1
198,4,0.00,0.00,0.00,0.00,1.0,-1,-1,-1
198,5,0.00,0.00,0.00,0.00,1.0,-1,-1,-1
198,6,100.00,154.00,28.00,70.00,1.0,-1,-1,-1
198,7,0.00,0.00,0.00,0.00,1.0,-1,-1,-1
198,8,706.00,91.00,20.00,54.00,1.0,-1,-1,-1
198,9,0.00,0.00,0.00,0.00,1.0,-1,-1,-1
198,10,0.00,0.00,0.00,0.00,1.0,-1,-1,-1
198,11,0.00,0.00,0.00,0.00,1.0,-1,-1,-1
198,12,0.00,0.00,0.00,0.00,1.0,-1,-1,-1
198,13,0.00,0.00,0.00,0.00,1.0,-1,-1,-1
198,14,0.00,0.00,0.00,0.00,1.0,-1,-1,-1
198,15,625.00,141.00,17.00,52.00,1.0,-1,-1,-1
198,16,615.00,153.00,23.00,71.00,1.0,-1,-1,-1
198,17,195.00,154.00,24.00,62.00,1.0,-1,-1,-1
198,18,0.00,0.00,0.00,0.00,1.0,-1,-1,-1
198,19,581.00,268.00,32.00,102.00,1.0,-1,-1,-1
198,20,0.00,0.00,0.00,0.00,1.0,-1,-1,-1
198,21,458.00,271.00,25.00,90.00,1.0,-1,-1,-1
199,0,0.00,0.00,0.00,0.00,1.0,-1,-1,-1
199,1,716.00,347.00,42.00,116.00,1.0,-1,-1,-1
199,2,11.00,165.00,26.00,69.00,1.0,-1,-1,-1
199,3,0.00,0.00,0.00,0.00,1.0,-1,-1,-1
199,4,0.00,0.00,0.00,0.00,1.0,-1,-1,-1
199,5,0.00,0.00,0.00,0.00,1.0,-1,-1,-1
199,6,100.00,153.00,30.00,68.00,1.0,-1,-1,-1
199,7,0.00,0.00,0.00,0.00,1.0,-1,-1,-1
199,8,708.00,91.00,20.00,56.00,1.0,-1,-1,-1
199,9,0.00,0.00,0.00,0.00,1.0,-1,-1,-1
199,10,0.00,0.00,0.00,0.00,1.0,-1,-1,-1
199,11,0.00,0.00,0.00,0.00,1.0,-1,-1,-1
199,12,0.00,0.00,0.00,0.00,1.0,-1,-1,-1
199,13,0.00,0.00,0.00,0.00,1.0,-1,-1,-1
199,14,0.00,0.00,0.00,0.00,1.0,-1,-1,-1
199,15,625.00,141.00,16.00,53.00,1.0,-1,-1,-1
199,16,614.00,153.00,23.00,71.00,1.0,-1,-1,-1
199,17,201.00,155.00,28.00,61.00,1.0,-1,-1,-1
199,18,0.00,0.00,0.00,0.00,1.0,-1,-1,-1
199,19,583.00,267.00,31.00,103.00,1.0,-1,-1,-1
199,20,0.00,0.00,0.00,0.00,1.0,-1,-1,-1
199,21,461.00,271.00,24.00,90.00,1.0,-1,-1,-1
200,0,0.00,0.00,0.00,0.00,1.0,-1,-1,-1
200,1,712.00,347.00,37.00,116.00,1.0,-1,-1,-1
200,2,12.00,164.00,26.00,70.00,1.0,-1,-1,-1
200,3,0.00,0.00,0.00,0.00,1.0,-1,-1,-1
200,4,0.00,0.00,0.00,0.00,1.0,-1,-1,-1
200,5,0.00,0.00,0.00,0.00,1.0,-1,-1,-1
200,6,102.00,152.00,29.00,68.00,1.0,-1,-1,-1
200,7,0.00,0.00,0.00,0.00,1.0,-1,-1,-1
200,8,710.00,91.00,20.00,56.00,1.0,-1,-1,-1
200,9,0.00,0.00,0.00,0.00,1.0,-1,-1,-1
200,10,0.00,0.00,0.00,0.00,1.0,-1,-1,-1
200,11,0.00,0.00,0.00,0.00,1.0,-1,-1,-1
200,12,0.00,0.00,0.00,0.00,1.0,-1,-1,-1
200,13,0.00,0.00,0.00,0.00,1.0,-1,-1,-1
200,14,0.00,0.00,0.00,0.00,1.0,-1,-1,-1
200,15,624.00,141.00,15.00,68.00,1.0,-1,-1,-1
200,16,613.00,153.00,21.00,71.00,1.0,-1,-1,-1
200,17,202.00,156.00,30.00,60.00,1.0,-1,-1,-1
200,18,0.00,0.00,0.00,0.00,1.0,-1,-1,-1
200,19,585.00,266.00,30.00,104.00,1.0,-1,-1,-1
200,20,0.00,0.00,0.00,0.00,1.0,-1,-1,-1
200,21,463.00,272.00,31.00,90.00,1.0,-1,-1,-1
201,0,0.00,0.00,0.00,0.00,1.0,-1,-1,-1
201,1,706.00,346.00,37.00,116.00,1.0,-1,-1,-1
201,2,17.00,165.00,26.00,71.00,1.0,-1,-1,-1
201,3,0.00,0.00,0.00,0.00,1.0,-1,-1,-1
201,4,0.00,0.00,0.00,0.00,1.0,-1,-1,-1
201,5,0.00,0.00,0.00,0.00,1.0,-1,-1,-1
201,6,105.00,151.00,29.00,69.00,1.0,-1,-1,-1
201,7,0.00,0.00,0.00,0.00,1.0,-1,-1,-1
201,8,711.00,94.00,21.00,55.00,1.0,-1,-1,-1
201,9,0.00,0.00,0.00,0.00,1.0,-1,-1,-1
201,10,0.00,0.00,0.00,0.00,1.0,-1,-1,-1
201,11,0.00,0.00,0.00,0.00,1.0,-1,-1,-1
201,12,0.00,0.00,0.00,0.00,1.0,-1,-1,-1
201,13,0.00,0.00,0.00,0.00,1.0,-1,-1,-1
201,14,0.00,0.00,0.00,0.00,1.0,-1,-1,-1
201,15,620.00,138.00,16.00,68.00,1.0,-1,-1,-1
201,16,612.00,150.00,21.00,73.00,1.0,-1,-1,-1
201,17,217.00,153.00,22.00,63.00,1.0,-1,-1,-1
201,18,0.00,0.00,0.00,0.00,1.0,-1,-1,-1
201,19,588.00,265.00,29.00,100.00,1.0,-1,-1,-1
201,20,0.00,0.00,0.00,0.00,1.0,-1,-1,-1
201,21,465.00,274.00,40.00,91.00,1.0,-1,-1,-1
202,0,0.00,0.00,0.00,0.00,1.0,-1,-1,-1
202,1,696.00,346.00,44.00,117.00,1.0,-1,-1,-1
202,2,19.00,165.00,30.00,71.00,1.0,-1,-1,-1
202,3,0.00,0.00,0.00,0.00,1.0,-1,-1,-1
202,4,0.00,0.00,0.00,0.00,1.0,-1,-1,-1
202,5,0.00,0.00,0.00,0.00,1.0,-1,-1,-1
202,6,107.00,151.00,29.00,68.00,1.0,-1,-1,-1
202,7,0.00,0.00,0.00,0.00,1.0,-1,-1,-1
202,8,712.00,96.00,21.00,54.00,1.0,-1,-1,-1
202,9,0.00,0.00,0.00,0.00,1.0,-1,-1,-1
202,10,0.00,0.00,0.00,0.00,1.0,-1,-1,-1
202,11,0.00,0.00,0.00,0.00,1.0,-1,-1,-1
202,12,0.00,0.00,0.00,0.00,1.0,-1,-1,-1
202,13,0.00,0.00,0.00,0.00,1.0,-1,-1,-1
202,14,0.00,0.00,0.00,0.00,1.0,-1,-1,-1
202,15,617.00,137.00,18.00,68.00,1.0,-1,-1,-1
202,16,612.00,148.00,20.00,75.00,1.0,-1,-1,-1
202,17,222.00,154.00,27.00,62.00,1.0,-1,-1,-1
202,18,0.00,0.00,0.00,0.00,1.0,-1,-1,-1
202,19,590.00,264.00,26.00,99.00,1.0,-1,-1,-1
202,20,0.00,0.00,0.00,0.00,1.0,-1,-1,-1
202,21,469.00,275.00,36.00,90.00,1.0,-1,-1,-1
203,0,0.00,0.00,0.00,0.00,1.0,-1,-1,-1
203,1,691.00,344.00,43.00,118.00,1.0,-1,-1,-1
203,2,24.00,166.00,41.00,70.00,1.0,-1,-1,-1
203,3,0.00,0.00,0.00,0.00,1.0,-1,-1,-1
203,4,0.00,0.00,0.00,0.00,1.0,-1,-1,-1
203,5,0.00,0.00,0.00,0.00,1.0,-1,-1,-1
203,6,110.00,149.00,30.00,68.00,1.0,-1,-1,-1
203,7,0.00,0.00,0.00,0.00,1.0,-1,-1,-1
203,8,712.00,97.00,21.00,54.00,1.0,-1,-1,-1
203,9,0.00,0.00,0.00,0.00,1.0,-1,-1,-1
203,10,0.00,0.00,0.00,0.00,1.0,-1,-1,-1
203,11,0.00,0.00,0.00,0.00,1.0,-1,-1,-1
203,12,0.00,0.00,0.00,0.00,1.0,-1,-1,-1
203,13,0.00,0.00,0.00,0.00,1.0,-1,-1,-1
203,14,0.00,0.00,0.00,0.00,1.0,-1,-1,-1
203,15,615.00,137.00,13.00,18.00,1.0,-1,-1,-1
203,16,610.00,146.00,22.00,73.00,1.0,-1,-1,-1
203,17,231.00,155.00,27.00,64.00,1.0,-1,-1,-1
203,18,0.00,0.00,0.00,0.00,1.0,-1,-1,-1
203,19,592.00,263.00,36.00,99.00,1.0,-1,-1,-1
203,20,0.00,0.00,0.00,0.00,1.0,-1,-1,-1
203,21,491.00,274.00,28.00,93.00,1.0,-1,-1,-1
203,22,195.00,184.00,33.00,74.00,1.0,-1,-1,-1
204,0,0.00,0.00,0.00,0.00,1.0,-1,-1,-1
204,1,691.00,342.00,41.00,120.00,1.0,-1,-1,-1
204,2,28.00,166.00,38.00,70.00,1.0,-1,-1,-1
204,3,0.00,0.00,0.00,0.00,1.0,-1,-1,-1
204,4,0.00,0.00,0.00,0.00,1.0,-1,-1,-1
204,5,0.00,0.00,0.00,0.00,1.0,-1,-1,-1
204,6,112.00,148.00,28.00,68.00,1.0,-1,-1,-1
204,7,0.00,0.00,0.00,0.00,1.0,-1,-1,-1
204,8,712.00,97.00,22.00,54.00,1.0,-1,-1,-1
204,9,0.00,0.00,0.00,0.00,1.0,-1,-1,-1
204,10,0.00,0.00,0.00,0.00,1.0,-1,-1,-1
204,11,0.00,0.00,0.00,0.00,1.0,-1,-1,-1
204,12,0.00,0.00,0.00,0.00,1.0,-1,-1,-1
204,13,0.00,0.00,0.00,0.00,1.0,-1,-1,-1
204,14,0.00,0.00,0.00,0.00,1.0,-1,-1,-1
204,15,613.00,136.00,14.00,27.00,1.0,-1,-1,-1
204,16,609.00,144.00,21.00,75.00,1.0,-1,-1,-1
204,17,237.00,154.00,21.00,65.00,1.0,-1,-1,-1
204,18,0.00,0.00,0.00,0.00,1.0,-1,-1,-1
204,19,593.00,264.00,39.00,98.00,1.0,-1,-1,-1
204,20,0.00,0.00,0.00,0.00,1.0,-1,-1,-1
204,21,491.00,275.00,34.00,93.00,1.0,-1,-1,-1
204,22,199.00,184.00,29.00,73.00,1.0,-1,-1,-1
205,0,0.00,0.00,0.00,0.00,1.0,-1,-1,-1
205,1,688.00,339.00,40.00,121.00,1.0,-1,-1,-1
205,2,36.00,166.00,29.00,71.00,1.0,-1,-1,-1
205,3,0.00,0.00,0.00,0.00,1.0,-1,-1,-1
205,4,0.00,0.00,0.00,0.00,1.0,-1,-1,-1
205,5,0.00,0.00,0.00,0.00,1.0,-1,-1,-1
205,6,117.00,149.00,25.00,67.00,1.0,-1,-1,-1
205,7,0.00,0.00,0.00,0.00,1.0,-1,-1,-1
205,8,714.00,100.00,21.00,52.00,1.0,-1,-1,-1
205,9,0.00,0.00,0.00,0.00,1.0,-1,-1,-1
205,10,0.00,0.00,0.00,0.00,1.0,-1,-1,-1
205,11,0.00,0.00,0.00,0.00,1.0,-1,-1,-1
205,12,0.00,0.00,0.00,0.00,1.0,-1,-1,-1
205,13,0.00,0.00,0.00,0.00,1.0,-1,-1,-1
205,14,0.00,0.00,0.00,0.00,1.0,-1,-1,-1
205,15,610.00,134.00,17.00,27.00,1.0,-1,-1,-1
205,16,609.00,143.00,19.00,73.00,1.0,-1,-1,-1
205,17,246.00,157.00,23.00,65.00,1.0,-1,-1,-1
205,18,0.00,0.00,0.00,0.00,1.0,-1,-1,-1
205,19,596.00,263.00,37.00,98.00,1.0,-1,-1,-1
205,20,0.00,0.00,0.00,0.00,1.0,-1,-1,-1
205,21,494.00,278.00,42.00,92.00,1.0,-1,-1,-1
205,22,209.00,184.00,26.00,77.00,1.0,-1,-1,-1
206,0,0.00,0.00,0.00,0.00,1.0,-1,-1,-1
206,1,682.00,340.00,47.00,118.00,1.0,-1,-1,-1
206,2,41.00,165.00,25.00,72.00,1.0,-1,-1,-1
206,3,0.00,0.00,0.00,0.00,1.0,-1,-1,-1
206,4,0.00,0.00,0.00,0.00,1.0,-1,-1,-1
206,5,0.00,0.00,0.00,0.00,1.0,-1,-1,-1
206,6,118.00,148.00,25.00,67.00,1.0,-1,-1,-1
206,7,0.00,0.00,0.00,0.00,1.0,-1,-1,-1
206,8,714.00,100.00,21.00,53.00,1.0,-1,-1,-1
206,9,0.00,0.00,0.00,0.00,1.0,-1,-1,-1
206,10,0.00,0.00,0.00,0.00,1.0,-1,-1,-1
206,11,0.00,0.00,0.00,0.00,1.0,-1,-1,-1
206,12,0.00,0.00,0.00,0.00,1.0,-1,-1,-1
206,13,0.00,0.00,0.00,0.00,1.0,-1,-1,-1
206,14,0.00,0.00,0.00,0.00,1.0,-1,-1,-1
206,15,609.00,134.00,17.00,28.00,1.0,-1,-1,-1
206,16,607.00,144.00,19.00,71.00,1.0,-1,-1,-1
206,17,250.00,157.00,24.00,67.00,1.0,-1,-1,-1
206,18,0.00,0.00,0.00,0.00,1.0,-1,-1,-1
206,19,602.00,262.00,31.00,99.00,1.0,-1,-1,-1
206,20,0.00,0.00,0.00,0.00,1.0,-1,-1,-1
206,21,501.00,278.00,36.00,92.00,1.0,-1,-1,-1
206,22,213.00,186.00,28.00,74.00,1.0,-1,-1,-1
207,0,0.00,0.00,0.00,0.00,1.0,-1,-1,-1
207,1,684.00,341.00,47.00,117.00,1.0,-1,-1,-1
207,2,46.00,166.00,25.00,73.00,1.0,-1,-1,-1
207,3,0.00,0.00,0.00,0.00,1.0,-1,-1,-1
207,4,0.00,0.00,0.00,0.00,1.0,-1,-1,-1
207,5,0.00,0.00,0.00,0.00,1.0,-1,-1,-1
207,6,118.00,147.00,26.00,68.00,1.0,-1,-1,-1
207,7,0.00,0.00,0.00,0.00,1.0,-1,-1,-1
207,8,714.00,100.00,21.00,53.00,1.0,-1,-1,-1
207,9,0.00,0.00,0.00,0.00,1.0,-1,-1,-1
207,10,0.00,0.00,0.00,0.00,1.0,-1,-1,-1
207,11,0.00,0.00,0.00,0.00,1.0,-1,-1,-1
207,12,0.00,0.00,0.00,0.00,1.0,-1,-1,-1
207,13,0.00,0.00,0.00,0.00,1.0,-1,-1,-1
207,14,0.00,0.00,0.00,0.00,1.0,-1,-1,-1
207,15,607.00,134.00,16.00,28.00,1.0,-1,-1,-1
207,16,606.00,144.00,18.00,71.00,1.0,-1,-1,-1
207,17,253.00,157.00,22.00,67.00,1.0,-1,-1,-1
207,18,0.00,0.00,0.00,0.00,1.0,-1,-1,-1
207,19,612.00,262.00,24.00,99.00,1.0,-1,-1,-1
207,20,0.00,0.00,0.00,0.00,1.0,-1,-1,-1
207,21,515.00,278.00,27.00,92.00,1.0,-1,-1,-1
207,22,216.00,188.00,29.00,75.00,1.0,-1,-1,-1
208,0,0.00,0.00,0.00,0.00,1.0,-1,-1,-1
208,1,691.00,340.00,44.00,118.00,1.0,-1,-1,-1
208,2,49.00,166.00,25.00,73.00,1.0,-1,-1,-1
208,3,0.00,0.00,0.00,0.00,1.0,-1,-1,-1
208,4,0.00,0.00,0.00,0.00,1.0,-1,-1,-1
208,5,0.00,0.00,0.00,0.00,1.0,-1,-1,-1
208,6,121.00,147.00,23.00,66.00,1.0,-1,-1,-1
208,7,0.00,0.00,0.00,0.00,1.0,-1,-1,-1
208,8,714.00,100.00,21.00,54.00,1.0,-1,-1,-1
208,9,0.00,0.00,0.00,0.00,1.0,-1,-1,-1
208,10,0.00,0.00,0.00,0.00,1.0,-1,-1,-1
208,11,0.00,0.00,0.00,0.00,1.0,-1,-1,-1
208,12,0.00,0.00,0.00,0.00,1.0,-1,-1,-1
208,13,0.00,0.00,0.00,0.00,1.0,-1,-1,-1
208,14,0.00,0.00,0.00,0.00,1.0,-1,-1,-1
208,15,605.00,133.00,17.00,30.00,1.0,-1,-1,-1
208,16,605.00,142.00,18.00,73.00,1.0,-1,-1,-1
208,17,257.00,156.00,22.00,68.00,1.0,-1,-1,-1
208,18,0.00,0.00,0.00,0.00,1.0,-1,-1,-1
208,19,618.00,262.00,25.00,99.00,1.0,-1,-1,-1
208,20,0.00,0.00,0.00,0.00,1.0,-1,-1,-1
208,21,521.00,277.00,25.00,93.00,1.0,-1,-1,-1
208,22,221.00,188.00,25.00,76.00,1.0,-1,-1,-1
209,0,0.00,0.00,0.00,0.00,1.0,-1,-1,-1
209,1,690.00,340.00,47.00,118.00,1.0,-1,-1,-1
209,2,54.00,168.00,32.00,71.00,1.0,-1,-1,-1
209,3,0.00,0.00,0.00,0.00,1.0,-1,-1,-1
209,4,0.00,0.00,0.00,0.00,1.0,-1,-1,-1
209,5,0.00,0.00,0.00,0.00,1.0,-1,-1,-1
209,6,122.00,147.00,22.00,66.00,1.0,-1,-1,-1
209,7,0.00,0.00,0.00,0.00,1.0,-1,-1,-1
209,8,714.00,102.00,21.00,54.00,1.0,-1,-1,-1
209,9,0.00,0.00,0.00,0.00,1.0,-1,-1,-1
209,10,0.00,0.00,0.00,0.00,1.0,-1,-1,-1
209,11,0.00,0.00,0.00,0.00,1.0,-1,-1,-1
209,12,0.00,0.00,0.00,0.00,1.0,-1,-1,-1
209,13,0.00,0.00,0.00,0.00,1.0,-1,-1,-1
209,14,0.00,0.00,0.00,0.00,1.0,-1,-1,-1
209,15,603.00,131.00,18.00,34.00,1.0,-1,-1,-1
209,16,603.00,141.00,19.00,73.00,1.0,-1,-1,-1
209,17,260.00,156.00,28.00,69.00,1.0,-1,-1,-1
209,18,0.00,0.00,0.00,0.00,1.0,-1,-1,-1
209,19,619.00,263.00,37.00,98.00,1.0,-1,-1,-1
209,20,0.00,0.00,0.00,0.00,1.0,-1,-1,-1
209,21,523.00,278.00,37.00,91.00,1.0,-1,-1,-1
209,22,224.00,188.00,26.00,76.00,1.0,-1,-1,-1
210,0,0.00,0.00,0.00,0.00,1.0,-1,-1,-1
210,1,690.00,341.00,50.00,117.00,1.0,-1,-1,-1
210,2,58.00,169.00,32.00,72.00,1.0,-1,-1,-1
210,3,0.00,0.00,0.00,0.00,1.0,-1,-1,-1
210,4,0.00,0.00,0.00,0.00,1.0,-1,-1,-1
210,5,0.00,0.00,0.00,0.00,1.0,-1,-1,-1
210,6,124.00,148.00,26.00,66.00,1.0,-1,-1,-1
210,7,0.00,0.00,0.00,0.00,1.0,-1,-1,-1
210,8,714.00,104.00,20.00,53.00,1.0,-1,-1,-1
210,9,0.00,0.00,0.00,0.00,1.0,-1,-1,-1
210,10,0.00,0.00,0.00,0.00,1.0,-1,-1,-1
210,11,0.00,0.00,0.00,0.00,1.0,-1,-1,-1
210,12,0.00,0.00,0.00,0.00,1.0,-1,-1,-1
210,13,0.00,0.00,0.00,0.00,1.0,-1,-1,-1
210,14,0.00,0.00,0.00,0.00,1.0,-1,-1,-1
210,15,602.00,130.00,17.00,34.00,1.0,-1,-1,-1
210,16,602.00,139.00,19.00,76.00,1.0,-1,-1,-1
210,17,265.00,159.00,31.00,68.00,1.0,-1,-1,-1
210,18,0.00,0.00,0.00,0.00,1.0,-1,-1,-1
210,19,618.00,263.00,41.00,98.00,1.0,-1,-1,-1
210,20,0.00,0.00,0.00,0.00,1.0,-1,-1,-1
210,21,523.00,278.00,46.00,92.00,1.0,-1,-1,-1
210,22,227.00,188.00,27.00,75.00,1.0,-1,-1,-1
211,0,0.00,0.00,0.00,0.00,1.0,-1,-1,-1
211,1,691.00,341.00,45.00,117.00,1.0,-1,-1,-1
211,2,62.00,169.00,28.00,72.00,1.0,-1,-1,-1
211,3,0.00,0.00,0.00,0.00,1.0,-1,-1,-1
211,4,0.00,0.00,0.00,0.00,1.0,-1,-1,-1
211,5,0.00,0.00,0.00,0.00,1.0,-1,-1,-1
211,6,127.00,150.00,22.00,64.00,1.0,-1,-1,-1
211,7,0.00,0.00,0.00,0.00,1.0,-1,-1,-1
211,8,713.00,103.00,20.00,55.00,1.0,-1,-1,-1
211,9,0.00,0.00,0.00,0.00,1.0,-1,-1,-1
211,10,0.00,0.00,0.00,0.00,1.0,-1,-1,-1
211,11,0.00,0.00,0.00,0.00,1.0,-1,-1,-1
211,12,0.00,0.00,0.00,0.00,1.0,-1,-1,-1
211,13,0.00,0.00,0.00,0.00,1.0,-1,-1,-1
211,14,0.00,0.00,0.00,0.00,1.0,-1,-1,-1
211,15,600.00,129.00,17.00,48.00,1.0,-1,-1,-1
211,16,600.00,138.00,20.00,77.00,1.0,-1,-1,-1
211,17,268.00,159.00,27.00,69.00,1.0,-1,-1,-1
211,18,0.00,0.00,0.00,0.00,1.0,-1,-1,-1
211,19,619.00,262.00,41.00,99.00,1.0,-1,-1,-1
211,20,0.00,0.00,0.00,0.00,1.0,-1,-1,-1
211,21,525.00,279.00,47.00,91.00,1.0,-1,-1,-1
211,22,230.00,190.00,35.00,76.00,1.0,-1,-1,-1
211,23,554.00,199.00,36.00,95.00,1.0,-1,-1,-1
212,0,0.00,0.00,0.00,0.00,1.0,-1,-1,-1
212,1,695.00,341.00,45.00,117.00,1.0,-1,-1,-1
212,2,65.00,167.00,28.00,74.00,1.0,-1,-1,-1
212,3,0.00,0.00,0.00,0.00,1.0,-1,-1,-1
212,4,0.00,0.00,0.00,0.00,1.0,-1,-1,-1
212,5,0.00,0.00,0.00,0.00,1.0,-1,-1,-1
212,6,129.00,149.00,22.00,65.00,1.0,-1,-1,-1
212,7,0.00,0.00,0.00,0.00,1.0,-1,-1,-1
212,8,712.00,103.00,20.00,56.00,1.0,-1,-1,-1
212,9,0.00,0.00,0.00,0.00,1.0,-1,-1,-1
212,10,0.00,0.00,0.00,0.00,1.0,-1,-1,-1
212,11,0.00,0.00,0.00,0.00,1.0,-1,-1,-1
212,12,0.00,0.00,0.00,0.00,1.0,-1,-1,-1
212,13,0.00,0.00,0.00,0.00,1.0,-1,-1,-1
212,14,0.00,0.00,0.00,0.00,1.0,-1,-1,-1
212,15,598.00,129.00,18.00,34.00,1.0,-1,-1,-1
212,16,599.00,138.00,21.00,77.00,1.0,-1,-1,-1
212,17,273.00,159.00,22.00,69.00,1.0,-1,-1,-1
212,18,0.00,0.00,0.00,0.00,1.0,-1,-1,-1
212,19,623.00,262.00,37.00,99.00,1.0,-1,-1,-1
212,20,0.00,0.00,0.00,0.00,1.0,-1,-1,-1
212,21,532.00,278.00,40.00,89.00,1.0,-1,-1,-1
212,22,235.00,192.00,34.00,76.00,1.0,-1,-1,-1
212,23,558.00,199.00,37.00,95.00,1.0,-1,-1,-1
213,0,0.00,0.00,0.00,0.00,1.0,-1,-1,-1
213,1,702.00,341.00,38.00,120.00,1.0,-1,-1,-1
213,2,68.00,167.00,31.00,75.00,1.0,-1,-1,-1
213,3,0.00,0.00,0.00,0.00,1.0,-1,-1,-1
213,4,0.00,0.00,0.00,0.00,1.0,-1,-1,-1
213,5,0.00,0.00,0.00,0.00,1.0,-1,-1,-1
213,6,130.00,148.00,22.00,67.00,1.0,-1,-1,-1
213,7,0.00,0.00,0.00,0.00,1.0,-1,-1,-1
213,8,711.00,104.00,21.00,55.00,1.0,-1,-1,-1
213,9,0.00,0.00,0.00,0.00,1.0,-1,-1,-1
213,10,0.00,0.00,0.00,0.00,1.0,-1,-1,-1
213,11,0.00,0.00,0.00,0.00,1.0,-1,-1,-1
213,12,0.00,0.00,0.00,0.00,1.0,-1,-1,-1
213,13,0.00,0.00,0.00,0.00,1.0,-1,-1,-1
213,14,0.00,0.00,0.00,0.00,1.0,-1,-1,-1
213,15,595.00,129.00,20.00,39.00,1.0,-1,-1,-1
213,16,596.00,137.00,24.00,78.00,1.0,-1,-1,-1
213,17,278.00,159.00,20.00,69.00,1.0,-1,-1,-1
213,18,0.00,0.00,0.00,0.00,1.0,-1,-1,-1
213,19,631.00,262.00,31.00,97.00,1.0,-1,-1,-1
213,20,0.00,0.00,0.00,0.00,1.0,-1,-1,-1
213,21,546.00,276.00,32.00,91.00,1.0,-1,-1,-1
213,22,239.00,193.00,30.00,76.00,1.0,-1,-1,-1
213,23,562.00,199.00,41.00,95.00,1.0,-1,-1,-1
214,0,0.00,0.00,0.00,0.00,1.0,-1,-1,-1
214,1,708.00,341.00,32.00,122.00,1.0,-1,-1,-1
214,2,73.00,169.00,37.00,72.00,1.0,-1,-1,-1
214,3,0.00,0.00,0.00,0.00,1.0,-1,-1,-1
214,4,0.00,0.00,0.00,0.00,1.0,-1,-1,-1
214,5,0.00,0.00,0.00,0.00,1.0,-1,-1,-1
214,6,133.00,149.00,21.00,66.00,1.0,-1,-1,-1
214,7,0.00,0.00,0.00,0.00,1.0,-1,-1,-1
214,8,711.00,104.00,20.00,55.00,1.0,-1,-1,-1
214,9,0.00,0.00,0.00,0.00,1.0,-1,-1,-1
214,10,0.00,0.00,0.00,0.00,1.0,-1,-1,-1
214,11,0.00,0.00,0.00,0.00,1.0,-1,-1,-1
214,12,0.00,0.00,0.00,0.00,1.0,-1,-1,-1
214,13,0.00,0.00,0.00,0.00,1.0,-1,-1,-1
214,14,0.00,0.00,0.00,0.00,1.0,-1,-1,-1
214,15,594.00,128.00,18.00,43.00,1.0,-1,-1,-1
214,16,595.00,138.00,24.00,76.00,1.0,-1,-1,-1
214,17,282.00,160.00,20.00,71.00,1.0,-1,-1,-1
214,18,0.00,0.00,0.00,0.00,1.0,-1,-1,-1
214,19,642.00,261.00,24.00,100.00,1.0,-1,-1,-1
214,20,0.00,0.00,0.00,0.00,1.0,-1,-1,-1
214,21,556.00,275.00,26.00,92.00,1.0,-1,-1,-1
214,22,243.00,193.00,27.00,76.00,1.0,-1,-1,-1
214,23,565.00,200.00,48.00,89.00,1.0,-1,-1,-1
215,0,0.00,0.00,0.00,0.00,1.0,-1,-1,-1
215,1,708.00,343.00,35.00,119.00,1.0,-1,-1,-1
215,2,84.00,170.00,33.00,72.00,1.0,-1,-1,-1
215,3,0.00,0.00,0.00,0.00,1.0,-1,-1,-1
215,4,0.00,0.00,0.00,0.00,1.0,-1,-1,-1
215,5,0.00,0.00,0.00,0.00,1.0,-1,-1,-1
215,6,139.00,151.00,25.00,64.00,1.0,-1,-1,-1
215,7,0.00,0.00,0.00,0.00,1.0,-1,-1,-1
215,8,710.00,105.00,21.00,56.00,1.0,-1,-1,-1
215,9,0.00,0.00,0.00,0.00,1.0,-1,-1,-1
215,10,0.00,0.00,0.00,0.00,1.0,-1,-1,-1
215,11,0.00,0.00,0.00,0.00,1.0,-1,-1,-1
215,12,0.00,0.00,0.00,0.00,1.0,-1,-1,-1
215,13,0.00,0.00,0.00,0.00,1.0,-1,-1,-1
215,14,0.00,0.00,0.00,0.00,1.0,-1,-1,-1
215,15,590.00,126.00,17.00,65.00,1.0,-1,-1,-1
215,16,595.00,144.00,22.00,68.00,1.0,-1,-1,-1
215,17,289.00,163.00,28.00,70.00,1.0,-1,-1,-1
215,18,0.00,0.00,0.00,0.00,1.0,-1,-1,-1
215,19,649.00,263.00,29.00,100.00,1.0,-1,-1,-1
215,20,0.00,0.00,0.00,0.00,1.0,-1,-1,-1
215,21,559.00,276.00,44.00,90.00,1.0,-1,-1,-1
215,22,250.00,194.00,28.00,80.00,1.0,-1,-1,-1
215,23,573.00,205.00,48.00,97.00,1.0,-1,-1,-1
216,0,0.00,0.00,0.00,0.00,1.0,-1,-1,-1
216,1,708.00,345.00,38.00,118.00,1.0,-1,-1,-1
216,2,89.00,169.00,28.00,72.00,1.0,-1,-1,-1
216,3,0.00,0.00,0.00,0.00,1.0,-1,-1,-1
216,4,0.00,0.00,0.00,0.00,1.0,-1,-1,-1
216,5,0.00,0.00,0.00,0.00,1.0,-1,-1,-1
216,6,142.00,151.00,23.00,65.00,1.0,-1,-1,-1
216,7,0.00,0.00,0.00,0.00,1.0,-1,-1,-1
216,8,709.00,105.00,21.00,57.00,1.0,-1,-1,-1
216,9,0.00,0.00,0.00,0.00,1.0,-1,-1,-1
216,10,0.00,0.00,0.00,0.00,1.0,-1,-1,-1
216,11,0.00,0.00,0.00,0.00,1.0,-1,-1,-1
216,12,0.00,0.00,0.00,0.00,1.0,-1,-1,-1
216,13,0.00,0.00,0.00,0.00,1.0,-1,-1,-1
216,14,0.00,0.00,0.00,0.00,1.0,-1,-1,-1
216,15,586.00,126.00,19.00,62.00,1.0,-1,-1,-1
216,16,594.00,145.00,24.00,65.00,1.0,-1,-1,-1
216,17,297.00,162.00,20.00,71.00,1.0,-1,-1,-1
216,18,0.00,0.00,0.00,0.00,1.0,-1,-1,-1
216,19,653.00,264.00,29.00,101.00,1.0,-1,-1,-1
216,20,0.00,0.00,0.00,0.00,1.0,-1,-1,-1
216,21,562.00,277.00,44.00,89.00,1.0,-1,-1,-1
216,22,255.00,196.00,28.00,78.00,1.0,-1,-1,-1
216,23,577.00,207.00,45.00,96.00,1.0,-1,-1,-1
217,0,0.00,0.00,0.00,0.00,1.0,-1,-1,-1
217,1,712.00,347.00,39.00,119.00,1.0,-1,-1,-1
217,2,98.00,170.00,26.00,76.00,1.0,-1,-1,-1
217,3,0.00,0.00,0.00,0.00,1.0,-1,-1,-1
217,4,0.00,0.00,0.00,0.00,1.0,-1,-1,-1
217,5,0.00,0.00,0.00,0.00,1.0,-1,-1,-1
217,6,145.00,151.00,26.00,66.00,1.0,-1,-1,-1
217,7,0.00,0.00,0.00,0.00,1.0,-1,-1,-1
217,8,708.00,108.00,21.00,59.00,1.0,-1,-1,-1
217,9,0.00,0.00,0.00,0.00,1.0,-1,-1,-1
217,10,0.00,0.00,0.00,0.00,1.0,-1,-1,-1
217,11,0.00,0.00,0.00,0.00,1.0,-1,-1,-1
217,12,0.00,0.00,0.00,0.00,1.0,-1,-1,-1
217,13,0.00,0.00,0.00,0.00,1.0,-1,-1,-1
217,14,0.00,0.00,0.00,0.00,1.0,-1,-1,-1
217,15,582.00,126.00,18.00,61.00,1.0,-1,-1,-1
217,16,590.00,145.00,26.00,65.00,1.0,-1,-1,-1
217,17,305.00,163.00,33.00,70.00,1.0,-1,-1,-1
217,18,0.00,0.00,0.00,0.00,1.0,-1,-1,-1
217,19,661.00,264.00,22.00,102.00,1.0,-1,-1,-1
217,20,0.00,0.00,0.00,0.00,1.0,-1,-1,-1
217,21,581.00,275.00,31.00,91.00,1.0,-1,-1,-1
217,22,263.00,198.00,26.00,79.00,1.0,-1,-1,-1
217,23,585.00,209.00,38.00,80.00,1.0,-1,-1,-1
218,0,756.00,310.00,12.00,83.00,1.0,-1,-1,-1
218,1,718.00,347.00,37.00,118.00,1.0,-1,-1,-1
218,2,102.00,172.00,30.00,75.00,1.0,-1,-1,-1
218,3,756.00,310.00,12.00,84.00,1.0,-1,-1,-1
218,4,0.00,0.00,0.00,0.00,1.0,-1,-1,-1
218,5,0.00,0.00,0.00,0.00,1.0,-1,-1,-1
218,6,148.00,150.00,28.00,69.00,1.0,-1,-1,-1
218,7,756.00,310.00,12.00,44.00,1.0,-1,-1,-1
218,8,707.00,109.00,20.00,58.00,1.0,-1,-1,-1
218,9,0.00,0.00,0.00,0.00,1.0,-1,-1,-1
218,10,758.00,347.00,10.00,49.00,1.0,-1,-1,-1
218,11,0.00,0.00,0.00,0.00,1.0,-1,-1,-1
218,12,0.00,0.00,0.00,0.00,1.0,-1,-1,-1
218,13,0.00,0.00,0.00,0.00,1.0,-1,-1,-1
218,14,0.00,0.00,0.00,0.00,1.0,-1,-1,-1
218,15,580.00,125.00,17.00,62.00,1.0,-1,-1,-1
218,16,589.00,145.00,26.00,64.00,1.0,-1,-1,-1
218,17,308.00,164.00,37.00,70.00,1.0,-1,-1,-1
218,18,0.00,0.00,0.00,0.00,1.0,-1,-1,-1
218,19,664.00,265.00,24.00,57.00,1.0,-1,-1,-1
218,20,0.00,0.00,0.00,0.00,1.0,-1,-1,-1
218,21,590.00,274.00,26.00,92.00,1.0,-1,-1,-1
218,22,266.00,199.00,28.00,78.00,1.0,-1,-1,-1
218,23,588.00,209.00,39.00,92.00,1.0,-1,-1,-1
219,0,0.00,0.00,0.00,0.00,1.0,-1,-1,-1
219,1,732.00,348.00,27.00,119.00,1.0,-1,-1,-1
219,2,110.00,172.00,26.00,77.00,1.0,-1,-1,-1
219,3,763.00,319.00,5.00,27.00,1.0,-1,-1,-1
219,4,0.00,0.00,0.00,0.00,1.0,-1,-1,-1
219,5,0.00,0.00,0.00,0.00,1.0,-1,-1,-1
219,6,154.00,152.00,28.00,67.00,1.0,-1,-1,-1
219,7,763.00,319.00,5.00,27.00,1.0,-1,-1,-1
219,8,704.00,109.00,22.00,59.00,1.0,-1,-1,-1
219,9,0.00,0.00,0.00,0.00,1.0,-1,-1,-1
219,10,0.00,0.00,0.00,0.00,1.0,-1,-1,-1
219,11,0.00,0.00,0.00,0.00,1.0,-1,-1,-1
219,12,0.00,0.00,0.00,0.00,1.0,-1,-1,-1
219,13,0.00,0.00,0.00,0.00,1.0,-1,-1,-1
219,14,0.00,0.00,0.00,0.00,1.0,-1,-1,-1
219,15,577.00,123.00,16.00,64.00,1.0,-1,-1,-1
219,16,589.00,144.00,22.00,66.00,1.0,-1,-1,-1
219,17,324.00,164.00,22.00,70.00,1.0,-1,-1,-1
219,18,0.00,0.00,0.00,0.00,1.0,-1,-1,-1
219,19,670.00,265.00,21.00,40.00,1.0,-1,-1,-1
219,20,0.00,0.00,0.00,0.00,1.0,-1,-1,-1
219,21,593.00,275.00,43.00,91.00,1.0,-1,-1,-1
219,22,273.00,202.00,38.00,78.00,1.0,-1,-1,-1
219,23,599.00,214.00,37.00,99.00,1.0,-1,-1,-1
220,0,0.00,0.00,0.00,0.00,1.0,-1,-1,-1
220,1,733.00,348.00,35.00,119.00,1.0,-1,-1,-1
220,2,116.00,172.00,36.00,77.00,1.0,-1,-1,-1
220,3,0.00,0.00,0.00,0.00,1.0,-1,-1,-1
220,4,0.00,0.00,0.00,0.00,1.0,-1,-1,-1
220,5,0.00,0.00,0.00,0.00,1.0,-1,-1,-1
220,6,162.00,152.00,22.00,68.00,1.0,-1,-1,-1
220,7,0.00,0.00,0.00,0.00,1.0,-1,-1,-1
220,8,702.00,112.00,22.00,60.00,1.0,-1,-1,-1
220,9,0.00,0.00,0.00,0.00,1.0,-1,-1,-1
220,10,0.00,0.00,0.00,0.00,1.0,-1,-1,-1
220,11,0.00,0.00,0.00,0.00,1.0,-1,-1,-1
220,12,0.00,0.00,0.00,0.00,1.0,-1,-1,-1
220,13,0.00,0.00,0.00,0.00,1.0,-1,-1,-1
220,14,0.00,0.00,0.00,0.00,1.0,-1,-1,-1
220,15,573.00,124.00,17.00,62.00,1.0,-1,-1,-1
220,16,587.00,142.00,22.00,65.00,1.0,-1,-1,-1
220,17,334.00,166.00,31.00,71.00,1.0,-1,-1,-1
220,18,0.00,0.00,0.00,0.00,1.0,-1,-1,-1
220,19,676.00,268.00,23.00,59.00,1.0,-1,-1,-1
220,20,0.00,0.00,0.00,0.00,1.0,-1,-1,-1
220,21,605.00,274.00,37.00,90.00,1.0,-1,-1,-1
220,22,280.00,203.00,33.00,79.00,1.0,-1,-1,-1
220,23,608.00,215.00,41.00,87.00,1.0,-1,-1,-1
221,0,0.00,0.00,0.00,0.00,1.0,-1,-1,-1
221,1,733.00,349.00,35.00,118.00,1.0,-1,-1,-1
221,2,120.00,174.00,40.00,76.00,1.0,-1,-1,-1
221,3,0.00,0.00,0.00,0.00,1.0,-1,-1,-1
221,4,0.00,0.00,0.00,0.00,1.0,-1,-1,-1
221,5,0.00,0.00,0.00,0.00,1.0,-1,-1,-1
221,6,164.00,151.00,22.00,69.00,1.0,-1,-1,-1
221,7,0.00,0.00,0.00,0.00,1.0,-1,-1,-1
221,8,702.00,112.00,21.00,61.00,1.0,-1,-1,-1
221,9,0.00,0.00,0.00,0.00,1.0,-1,-1,-1
221,10,0.00,0.00,0.00,0.00,1.0,-1,-1,-1
221,11,0.00,0.00,0.00,0.00,1.0,-1,-1,-1
221,12,0.00,0.00,0.00,0.00,1.0,-1,-1,-1
221,13,0.00,0.00,0.00,0.00,1.0,-1,-1,-1
221,14,0.00,0.00,0.00,0.00,1.0,-1,-1,-1
221,15,571.00,122.00,18.00,64.00,1.0,-1,-1,-1
221,16,586.00,141.00,22.00,66.00,1.0,-1,-1,-1
221,17,337.00,167.00,35.00,71.00,1.0,-1,-1,-1
221,18,0.00,0.00,0.00,0.00,1.0,-1,-1,-1
221,19,682.00,269.00,22.00,61.00,1.0,-1,-1,-1
221,20,0.00,0.00,0.00,0.00,1.0,-1,-1,-1
221,21,619.00,272.00,25.00,92.00,1.0,-1,-1,-1
221,22,287.00,203.00,29.00,78.00,1.0,-1,-1,-1
221,23,614.00,216.00,46.00,70.00,1.0,-1,-1,-1
222,0,0.00,0.00,0.00,0.00,1.0,-1,-1,-1
222,1,736.00,349.00,32.00,118.00,1.0,-1,-1,-1
222,2,126.00,175.00,35.00,76.00,1.0,-1,-1,-1
222,3,0.00,0.00,0.00,0.00,1.0,-1,-1,-1
222,4,0.00,0.00,0.00,0.00,1.0,-1,-1,-1
222,5,0.00,0.00,0.00,0.00,1.0,-1,-1,-1
222,6,168.00,152.00,23.00,68.00,1.0,-1,-1,-1
222,7,0.00,0.00,0.00,0.00,1.0,-1,-1,-1
222,8,701.00,112.00,21.00,60.00,1.0,-1,-1,-1
222,9,0.00,0.00,0.00,0.00,1.0,-1,-1,-1
222,10,0.00,0.00,0.00,0.00,1.0,-1,-1,-1
222,11,0.00,0.00,0.00,0.00,1.0,-1,-1,-1
222,12,0.00,0.00,0.00,0.00,1.0,-1,-1,-1
222,13,0.00,0.00,0.00,0.00,1.0,-1,-1,-1
222,14,0.00,0.00,0.00,0.00,1.0,-1,-1,-1
222,15,569.00,121.00,20.00,62.00,1.0,-1,-1,-1
222,16,586.00,142.00,21.00,65.00,1.0,-1,-1,-1
222,17,347.00,167.00,25.00,71.00,1.0,-1,-1,-1
222,18,0.00,0.00,0.00,0.00,1.0,-1,-1,-1
222,19,688.00,269.00,21.00,63.00,1.0,-1,-1,-1
222,20,0.00,0.00,0.00,0.00,1.0,-1,-1,-1
222,21,625.00,273.00,26.00,91.00,1.0,-1,-1,-1
222,22,292.00,204.00,29.00,81.00,1.0,-1,-1,-1
222,23,619.00,219.00,49.00,69.00,1.0,-1,-1,-1
223,0,0.00,0.00,0.00,0.00,1.0,-1,-1,-1
223,1,740.00,349.00,28.00,118.00,1.0,-1,-1,-1
223,2,136.00,173.00,27.00,78.00,1.0,-1,-1,-1
223,3,0.00,0.00,0.00,0.00,1.0,-1,-1,-1
223,4,0.00,0.00,0.00,0.00,1.0,-1,-1,-1
223,5,0.00,0.00,0.00,0.00,1.0,-1,-1,-1
223,6,174.00,153.00,32.00,69.00,1.0,-1,-1,-1
223,7,0.00,0.00,0.00,0.00,1.0,-1,-1,-1
223,8,699.00,115.00,22.00,61.00,1.0,-1,-1,-1
223,9,0.00,0.00,0.00,0.00,1.0,-1,-1,-1
223,10,0.00,0.00,0.00,0.00,1.0,-1,-1,-1
223,11,0.00,0.00,0.00,0.00,1.0,-1,-1,-1
223,12,0.00,0.00,0.00,0.00,1.0,-1,-1,-1
223,13,0.00,0.00,0.00,0.00,1.0,-1,-1,-1
223,14,0.00,0.00,0.00,0.00,1.0,-1,-1,-1
223,15,567.00,121.00,18.00,61.00,1.0,-1,-1,-1
223,16,585.00,142.00,21.00,64.00,1.0,-1,-1,-1
223,17,357.00,167.00,32.00,71.00,1.0,-1,-1,-1
223,18,0.00,0.00,0.00,0.00,1.0,-1,-1,-1
223,19,697.00,269.00,21.00,72.00,1.0,-1,-1,-1
223,20,0.00,0.00,0.00,0.00,1.0,-1,-1,-1
223,21,626.00,273.00,45.00,90.00,1.0,-1,-1,-1
223,22,301.00,207.00,30.00,83.00,1.0,-1,-1,-1
223,23,629.00,224.00,44.00,87.00,1.0,-1,-1,-1
224,0,0.00,0.00,0.00,0.00,1.0,-1,-1,-1
224,1,745.00,348.00,23.00,120.00,1.0,-1,-1,-1
224,2,139.00,174.00,28.00,81.00,1.0,-1,-1,-1
224,3,0.00,0.00,0.00,0.00,1.0,-1,-1,-1
224,4,0.00,0.00,0.00,0.00,1.0,-1,-1,-1
224,5,0.00,0.00,0.00,0.00,1.0,-1,-1,-1
224,6,178.00,153.00,28.00,69.00,1.0,-1,-1,-1
224,7,0.00,0.00,0.00,0.00,1.0,-1,-1,-1
224,8,699.00,115.00,20.00,63.00,1.0,-1,-1,-1
224,9,0.00,0.00,0.00,0.00,1.0,-1,-1,-1
224,10,0.00,0.00,0.00,0.00,1.0,-1,-1,-1
224,11,0.00,0.00,0.00,0.00,1.0,-1,-1,-1
224,12,0.00,0.00,0.00,0.00,1.0,-1,-1,-1
224,13,0.00,0.00,0.00,0.00,1.0,-1,-1,-1
224,14,0.00,0.00,0.00,0.00,1.0,-1,-1,-1
224,15,565.00,121.00,19.00,61.00,1.0,-1,-1,-1
224,16,585.00,140.00,21.00,66.00,1.0,-1,-1,-1
224,17,363.00,169.00,36.00,71.00,1.0,-1,-1,-1
224,18,0.00,0.00,0.00,0.00,1.0,-1,-1,-1
224,19,699.00,270.00,26.00,97.00,1.0,-1,-1,-1
224,20,0.00,0.00,0.00,0.00,1.0,-1,-1,-1
224,21,629.00,274.00,43.00,89.00,1.0,-1,-1,-1
224,22,306.00,210.00,28.00,81.00,1.0,-1,-1,-1
224,23,635.00,224.00,39.00,79.00,1.0,-1,-1,-1
225,0,0.00,0.00,0.00,0.00,1.0,-1,-1,-1
225,1,748.00,349.00,20.00,122.00,1.0,-1,-1,-1
225,2,148.00,178.00,31.00,76.00,1.0,-1,-1,-1
225,3,714.00,314.00,44.00,123.00,1.0,-1,-1,-1
225,4,0.00,0.00,0.00,0.00,1.0,-1,-1,-1
225,5,0.00,0.00,0.00,0.00,1.0,-1,-1,-1
225,6,189.00,152.00,26.00,71.00,1.0,-1,-1,-1
225,7,0.00,0.00,0.00,0.00,1.0,-1,-1,-1
225,8,696.00,116.00,21.00,61.00,1.0,-1,-1,-1
225,9,0.00,0.00,0.00,0.00,1.0,-1,-1,-1
225,10,0.00,0.00,0.00,0.00,1.0,-1,-1,-1
225,11,0.00,0.00,0.00,0.00,1.0,-1,-1,-1
225,12,0.00,0.00,0.00,0.00,1.0,-1,-1,-1
225,13,0.00,0.00,0.00,0.00,1.0,-1,-1,-1
225,14,0.00,0.00,0.00,0.00,1.0,-1,-1,-1
225,15,562.00,121.00,19.00,60.00,1.0,-1,-1,-1
225,16,585.00,140.00,21.00,63.00,1.0,-1,-1,-1
225,17,374.00,168.00,25.00,73.00,1.0,-1,-1,-1
225,18,0.00,0.00,0.00,0.00,1.0,-1,-1,-1
225,19,699.00,274.00,35.00,94.00,1.0,-1,-1,-1
225,20,0.00,0.00,0.00,0.00,1.0,-1,-1,-1
225,21,655.00,272.00,24.00,90.00,1.0,-1,-1,-1
225,22,313.00,210.00,29.00,81.00,1.0,-1,-1,-1
225,23,647.00,225.00,37.00,107.00,1.0,-1,-1,-1
226,0,0.00,0.00,0.00,0.00,1.0,-1,-1,-1
226,1,748.00,350.00,20.00,121.00,1.0,-1,-1,-1
226,2,152.00,178.00,27.00,76.00,1.0,-1,-1,-1
226,3,0.00,0.00,0.00,0.00,1.0,-1,-1,-1
226,4,0.00,0.00,0.00,0.00,1.0,-1,-1,-1
226,5,0.00,0.00,0.00,0.00,1.0,-1,-1,-1
226,6,192.00,153.00,29.00,70.00,1.0,-1,-1,-1
226,7,0.00,0.00,0.00,0.00,1.0,-1,-1,-1
226,8,695.00,117.00,22.00,63.00,1.0,-1,-1,-1
226,9,0.00,0.00,0.00,0.00,1.0,-1,-1,-1
226,10,0.00,0.00,0.00,0.00,1.0,-1,-1,-1
226,11,0.00,0.00,0.00,0.00,1.0,-1,-1,-1
226,12,0.00,0.00,0.00,0.00,1.0,-1,-1,-1
226,13,0.00,0.00,0.00,0.00,1.0,-1,-1,-1
226,14,0.00,0.00,0.00,0.00,1.0,-1,-1,-1
226,15,561.00,122.00,18.00,57.00,1.0,-1,-1,-1
226,16,585.00,139.00,21.00,63.00,1.0,-1,-1,-1
226,17,379.00,169.00,22.00,74.00,1.0,-1,-1,-1
226,18,0.00,0.00,0.00,0.00,1.0,-1,-1,-1
226,19,701.00,274.00,39.00,99.00,1.0,-1,-1,-1
226,20,0.00,0.00,0.00,0.00,1.0,-1,-1,-1
226,21,658.00,272.00,29.00,90.00,1.0,-1,-1,-1
226,22,317.00,209.00,42.00,83.00,1.0,-1,-1,-1
226,23,651.00,226.00,41.00,106.00,1.0,-1,-1,-1
227,0,0.00,0.00,0.00,0.00,1.0,-1,-1,-1
227,1,749.00,360.00,19.00,111.00,1.0,-1,-1,-1
227,2,155.00,177.00,28.00,77.00,1.0,-1,-1,-1
227,3,0.00,0.00,0.00,0.00,1.0,-1,-1,-1
227,4,0.00,0.00,0.00,0.00,1.0,-1,-1,-1
227,5,0.00,0.00,0.00,0.00,1.0,-1,-1,-1
227,6,196.00,154.00,30.00,70.00,1.0,-1,-1,-1
227,7,0.00,0.00,0.00,0.00,1.0,-1,-1,-1
227,8,694.00,119.00,22.00,62.00,1.0,-1,-1,-1
227,9,0.00,0.00,0.00,0.00,1.0,-1,-1,-1
227,10,0.00,0.00,0.00,0.00,1.0,-1,-1,-1
227,11,0.00,0.00,0.00,0.00,1.0,-1,-1,-1
227,12,0.00,0.00,0.00,0.00,1.0,-1,-1,-1
227,13,0.00,0.00,0.00,0.00,1.0,-1,-1,-1
227,14,0.00,0.00,0.00,0.00,1.0,-1,-1,-1
227,15,559.00,120.00,19.00,59.00,1.0,-1,-1,-1
227,16,584.00,138.00,21.00,64.00,1.0,-1,-1,-1
227,17,384.00,171.00,25.00,74.00,1.0,-1,-1,-1
227,18,0.00,0.00,0.00,0.00,1.0,-1,-1,-1
227,19,710.00,274.00,36.00,103.00,1.0,-1,-1,-1
227,20,0.00,0.00,0.00,0.00,1.0,-1,-1,-1
227,21,659.00,273.00,43.00,89.00,1.0,-1,-1,-1
227,22,322.00,210.00,43.00,84.00,1.0,-1,-1,-1
227,23,650.00,228.00,57.00,106.00,1.0,-1,-1,-1
228,0,0.00,0.00,0.00,0.00,1.0,-1,-1,-1
228,1,750.00,359.00,18.00,113.00,1.0,-1,-1,-1
228,2,157.00,177.00,31.00,78.00,1.0,-1,-1,-1
228,3,0.00,0.00,0.00,0.00,1.0,-1,-1,-1
228,4,0.00,0.00,0.00,0.00,1.0,-1,-1,-1
228,5,0.00,0.00,0.00,0.00,1.0,-1,-1,-1
228,6,201.00,155.00,27.00,70.00,1.0,-1,-1,-1
228,7,0.00,0.00,0.00,0.00,1.0,-1,-1,-1
228,8,694.00,120.00,22.00,62.00,1.0,-1,-1,-1
228,9,0.00,0.00,0.00,0.00,1.0,-1,-1,-1
228,10,737.00,323.00,31.00,114.00,1.0,-1,-1,-1
228,11,0.00,0.00,0.00,0.00,1.0,-1,-1,-1
228,12,0.00,0.00,0.00,0.00,1.0,-1,-1,-1
228,13,0.00,0.00,0.00,0.00,1.0,-1,-1,-1
228,14,0.00,0.00,0.00,0.00,1.0,-1,-1,-1
228,15,558.00,122.00,18.00,57.00,1.0,-1,-1,-1
228,16,583.00,138.00,21.00,62.00,1.0,-1,-1,-1
228,17,390.00,173.00,25.00,73.00,1.0,-1,-1,-1
228,18,0.00,0.00,0.00,0.00,1.0,-1,-1,-1
228,19,726.00,275.00,27.00,101.00,1.0,-1,-1,-1
228,20,0.00,0.00,0.00,0.00,1.0,-1,-1,-1
228,21,660.00,274.00,45.00,88.00,1.0,-1,-1,-1
228,22,324.00,213.00,42.00,81.00,1.0,-1,-1,-1
228,23,654.00,228.00,55.00,109.00,1.0,-1,-1,-1
229,0,0.00,0.00,0.00,0.00,1.0,-1,-1,-1
229,1,747.00,350.00,21.00,121.00,1.0,-1,-1,-1
229,2,161.00,179.00,40.00,78.00,1.0,-1,-1,-1
229,3,0.00,0.00,0.00,0.00,1.0,-1,-1,-1
229,4,0.00,0.00,0.00,0.00,1.0,-1,-1,-1
229,5,0.00,0.00,0.00,0.00,1.0,-1,-1,-1
229,6,204.00,154.00,25.00,71.00,1.0,-1,-1,-1
229,7,0.00,0.00,0.00,0.00,1.0,-1,-1,-1
229,8,693.00,119.00,22.00,64.00,1.0,-1,-1,-1
229,9,0.00,0.00,0.00,0.00,1.0,-1,-1,-1
229,10,742.00,410.00,14.00,27.00,1.0,-1,-1,-1
229,11,0.00,0.00,0.00,0.00,1.0,-1,-1,-1
229,12,0.00,0.00,0.00,0.00,1.0,-1,-1,-1
229,13,0.00,0.00,0.00,0.00,1.0,-1,-1,-1
229,14,0.00,0.00,0.00,0.00,1.0,-1,-1,-1
229,15,557.00,125.00,19.00,54.00,1.0,-1,-1,-1
229,16,581.00,137.00,21.00,62.00,1.0,-1,-1,-1
229,17,394.00,173.00,24.00,74.00,1.0,-1,-1,-1
229,18,0.00,0.00,0.00,0.00,1.0,-1,-1,-1
229,19,730.00,275.00,28.00,101.00,1.0,-1,-1,-1
229,20,0.00,0.00,0.00,0.00,1.0,-1,-1,-1
229,21,664.00,274.00,46.00,88.00,1.0,-1,-1,-1
229,22,333.00,213.00,33.00,81.00,1.0,-1,-1,-1
229,23,664.00,226.00,45.00,110.00,1.0,-1,-1,-1
230,0,0.00,0.00,0.00,0.00,1.0,-1,-1,-1
230,1,751.00,351.00,17.00,120.00,1.0,-1,-1,-1
230,2,166.00,180.00,39.00,80.00,1.0,-1,-1,-1
230,3,0.00,0.00,0.00,0.00,1.0,-1,-1,-1
230,4,0.00,0.00,0.00,0.00,1.0,-1,-1,-1
230,5,0.00,0.00,0.00,0.00,1.0,-1,-1,-1
230,6,208.00,154.00,24.00,71.00,1.0,-1,-1,-1
230,7,0.00,0.00,0.00,0.00,1.0,-1,-1,-1
230,8,692.00,120.00,23.00,64.00,1.0,-1,-1,-1
230,9,0.00,0.00,0.00,0.00,1.0,-1,-1,-1
230,10,0.00,0.00,0.00,0.00,1.0,-1,-1,-1
230,11,0.00,0.00,0.00,0.00,1.0,-1,-1,-1
230,12,0.00,0.00,0.00,0.00,1.0,-1,-1,-1
230,13,0.00,0.00,0.00,0.00,1.0,-1,-1,-1
230,14,0.00,0.00,0.00,0.00,1.0,-1,-1,-1
230,15,555.00,119.00,20.00,59.00,1.0,-1,-1,-1
230,16,580.00,136.00,22.00,61.00,1.0,-1,-1,-1
230,17,399.00,173.00,22.00,74.00,1.0,-1,-1,-1
230,18,0.00,0.00,0.00,0.00,1.0,-1,-1,-1
230,19,730.00,277.00,31.00,99.00,1.0,-1,-1,-1
230,20,0.00,0.00,0.00,0.00,1.0,-1,-1,-1
230,21,676.00,273.00,35.00,89.00,1.0,-1,-1,-1
230,22,341.00,212.00,30.00,83.00,1.0,-1,-1,-1
230,23,681.00,227.00,39.00,108.00,1.0,-1,-1,-1
231,0,0.00,0.00,0.00,0.00,1.0,-1,-1,-1
231,1,751.00,355.00,17.00,116.00,1.0,-1,-1,-1
231,2,171.00,181.00,35.00,80.00,1.0,-1,-1,-1
231,3,0.00,0.00,0.00,0.00,1.0,-1,-1,-1
231,4,0.00,0.00,0.00,0.00,1.0,-1,-1,-1
231,5,0.00,0.00,0.00,0.00,1.0,-1,-1,-1
231,6,211.00,154.00,28.00,71.00,1.0,-1,-1,-1
231,7,0.00,0.00,0.00,0.00,1.0,-1,-1,-1
231,8,691.00,122.00,23.00,63.00,1.0,-1,-1,-1
231,9,0.00,0.00,0.00,0.00,1.0,-1,-1,-1
231,10,0.00,0.00,0.00,0.00,1.0,-1,-1,-1
231,11,0.00,0.00,0.00,0.00,1.0,-1,-1,-1
231,12,0.00,0.00,0.00,0.00,1.0,-1,-1,-1
231,13,0.00,0.00,0.00,0.00,1.0,-1,-1,-1
231,14,0.00,0.00,0.00,0.00,1.0,-1,-1,-1
231,15,554.00,117.00,20.00,60.00,1.0,-1,-1,-1
231,16,580.00,135.00,21.00,62.00,1.0,-1,-1,-1
231,17,402.00,174.00,22.00,73.00,1.0,-1,-1,-1
231,18,0.00,0.00,0.00,0.00,1.0,-1,-1,-1
231,19,731.00,280.00,35.00,96.00,1.0,-1,-1,-1
231,20,0.00,0.00,0.00,0.00,1.0,-1,-1,-1
231,21,692.00,273.00,24.00,91.00,1.0,-1,-1,-1
231,22,346.00,213.00,33.00,86.00,1.0,-1,-1,-1
231,23,688.00,228.00,44.00,106.00,1.0,-1,-1,-1
232,0,0.00,0.00,0.00,0.00,1.0,-1,-1,-1
232,1,751.00,355.00,17.00,116.00,1.0,-1,-1,-1
232,2,176.00,181.00,30.00,80.00,1.0,-1,-1,-1
232,3,0.00,0.00,0.00,0.00,1.0,-1,-1,-1
232,4,0.00,0.00,0.00,0.00,1.0,-1,-1,-1
232,5,0.00,0.00,0.00,0.00,1.0,-1,-1,-1
232,6,216.00,155.00,35.00,71.00,1.0,-1,-1,-1
232,7,0.00,0.00,0.00,0.00,1.0,-1,-1,-1
232,8,691.00,123.00,21.00,61.00,1.0,-1,-1,-1
232,9,0.00,0.00,0.00,0.00,1.0,-1,-1,-1
232,10,0.00,0.00,0.00,0.00,1.0,-1,-1,-1
232,11,0.00,0.00,0.00,0.00,1.0,-1,-1,-1
232,12,0.00,0.00,0.00,0.00,1.0,-1,-1,-1
232,13,0.00,0.00,0.00,0.00,1.0,-1,-1,-1
232,14,0.00,0.00,0.00,0.00,1.0,-1,-1,-1
232,15,554.00,116.00,19.00,60.00,1.0,-1,-1,-1
232,16,581.00,135.00,20.00,62.00,1.0,-1,-1,-1
232,17,405.00,176.00,21.00,71.00,1.0,-1,-1,-1
232,18,0.00,0.00,0.00,0.00,1.0,-1,-1,-1
232,19,733.00,280.00,35.00,96.00,1.0,-1,-1,-1
232,20,0.00,0.00,0.00,0.00,1.0,-1,-1,-1
232,21,693.00,273.00,34.00,92.00,1.0,-1,-1,-1
232,22,352.00,215.00,37.00,84.00,1.0,-1,-1,-1
232,23,690.00,230.00,51.00,112.00,1.0,-1,-1,-1
233,0,0.00,0.00,0.00,0.00,1.0,-1,-1,-1
233,1,751.00,359.00,17.00,112.00,1.0,-1,-1,-1
233,2,180.00,180.00,29.00,81.00,1.0,-1,-1,-1
233,3,0.00,0.00,0.00,0.00,1.0,-1,-1,-1
233,4,0.00,0.00,0.00,0.00,1.0,-1,-1,-1
233,5,0.00,0.00,0.00,0.00,1.0,-1,-1,-1
233,6,219.00,155.00,35.00,71.00,1.0,-1,-1,-1
233,7,0.00,0.00,0.00,0.00,1.0,-1,-1,-1
233,8,690.00,124.00,22.00,61.00,1.0,-1,-1,-1
233,9,0.00,0.00,0.00,0.00,1.0,-1,-1,-1
233,10,0.00,0.00,0.00,0.00,1.0,-1,-1,-1
233,11,0.00,0.00,0.00,0.00,1.0,-1,-1,-1
233,12,0.00,0.00,0.00,0.00,1.0,-1,-1,-1
233,13,0.00,0.00,0.00,0.00,1.0,-1,-1,-1
233,14,0.00,0.00,0.00,0.00,1.0,-1,-1,-1
233,15,554.00,115.00,18.00,60.00,1.0,-1,-1,-1
233,16,581.00,135.00,21.00,62.00,1.0,-1,-1,-1
233,17,410.00,178.00,16.00,69.00,1.0,-1,-1,-1
233,18,0.00,0.00,0.00,0.00,1.0,-1,-1,-1
233,19,745.00,282.00,23.00,91.00,1.0,-1,-1,-1
233,20,0.00,0.00,0.00,0.00,1.0,-1,-1,-1
233,21,693.00,275.00,42.00,91.00,1.0,-1,-1,-1
233,22,355.00,216.00,38.00,85.00,1.0,-1,-1,-1
233,23,691.00,235.00,52.00,111.00,1.0,-1,-1,-1
234,0,0.00,0.00,0.00,0.00,1.0,-1,-1,-1
234,1,751.00,350.00,17.00,121.00,1.0,-1,-1,-1
234,2,184.00,181.00,29.00,85.00,1.0,-1,-1,-1
234,3,0.00,0.00,0.00,0.00,1.0,-1,-1,-1
234,4,0.00,0.00,0.00,0.00,1.0,-1,-1,-1
234,5,0.00,0.00,0.00,0.00,1.0,-1,-1,-1
234,6,224.00,155.00,30.00,71.00,1.0,-1,-1,-1
234,7,0.00,0.00,0.00,0.00,1.0,-1,-1,-1
234,8,689.00,123.00,22.00,62.00,1.0,-1,-1,-1
234,9,0.00,0.00,0.00,0.00,1.0,-1,-1,-1
234,10,0.00,0.00,0.00,0.00,1.0,-1,-1,-1
234,11,0.00,0.00,0.00,0.00,1.0,-1,-1,-1
234,12,0.00,0.00,0.00,0.00,1.0,-1,-1,-1
234,13,0.00,0.00,0.00,0.00,1.0,-1,-1,-1
234,14,0.00,0.00,0.00,0.00,1.0,-1,-1,-1
234,15,552.00,115.00,20.00,61.00,1.0,-1,-1,-1
234,16,583.00,134.00,19.00,63.00,1.0,-1,-1,-1
234,17,414.00,179.00,22.00,70.00,1.0,-1,-1,-1
234,18,0.00,0.00,0.00,0.00,1.0,-1,-1,-1
234,19,760.00,294.00,8.00,48.00,1.0,-1,-1,-1
234,20,0.00,0.00,0.00,0.00,1.0,-1,-1,-1
234,21,696.00,277.00,42.00,90.00,1.0,-1,-1,-1
234,22,364.00,216.00,29.00,84.00,1.0,-1,-1,-1
234,23,699.00,234.00,45.00,112.00,1.0,-1,-1,-1
235,0,0.00,0.00,0.00,0.00,1.0,-1,-1,-1
235,1,751.00,351.00,17.00,121.00,1.0,-1,-1,-1
235,2,188.00,184.00,31.00,82.00,1.0,-1,-1,-1
235,3,0.00,0.00,0.00,0.00,1.0,-1,-1,-1
235,4,0.00,0.00,0.00,0.00,1.0,-1,-1,-1
235,5,0.00,0.00,0.00,0.00,1.0,-1,-1,-1
235,6,231.00,154.00,27.00,72.00,1.0,-1,-1,-1
235,7,0.00,0.00,0.00,0.00,1.0,-1,-1,-1
235,8,688.00,125.00,22.00,61.00,1.0,-1,-1,-1
235,9,0.00,0.00,0.00,0.00,1.0,-1,-1,-1
235,10,0.00,0.00,0.00,0.00,1.0,-1,-1,-1
235,11,0.00,0.00,0.00,0.00,1.0,-1,-1,-1
235,12,0.00,0.00,0.00,0.00,1.0,-1,-1,-1
235,13,0.00,0.00,0.00,0.00,1.0,-1,-1,-1
235,14,0.00,0.00,0.00,0.00,1.0,-1,-1,-1
235,15,552.00,116.00,19.00,59.00,1.0,-1,-1,-1
235,16,584.00,133.00,18.00,61.00,1.0,-1,-1,-1
235,17,416.00,180.00,24.00,24.00,1.0,-1,-1,-1
235,18,0.00,0.00,0.00,0.00,1.0,-1,-1,-1
235,19,765.00,300.00,3.00,37.00,1.0,-1,-1,-1
235,20,0.00,0.00,0.00,0.00,1.0,-1,-1,-1
235,21,704.00,276.00,37.00,92.00,1.0,-1,-1,-1
235,22,368.00,216.00,30.00,84.00,1.0,-1,-1,-1
235,23,718.00,234.00,33.00,97.00,1.0,-1,-1,-1
236,0,0.00,0.00,0.00,0.00,1.0,-1,-1,-1
236,1,750.00,351.00,18.00,121.00,1.0,-1,-1,-1
236,2,196.00,185.00,28.00,83.00,1.0,-1,-1,-1
236,3,0.00,0.00,0.00,0.00,1.0,-1,-1,-1
236,4,0.00,0.00,0.00,0.00,1.0,-1,-1,-1
236,5,0.00,0.00,0.00,0.00,1.0,-1,-1,-1
236,6,239.00,156.00,31.00,71.00,1.0,-1,-1,-1
236,7,0.00,0.00,0.00,0.00,1.0,-1,-1,-1
236,8,686.00,128.00,24.00,67.00,1.0,-1,-1,-1
236,9,0.00,0.00,0.00,0.00,1.0,-1,-1,-1
236,10,0.00,0.00,0.00,0.00,1.0,-1,-1,-1
236,11,0.00,0.00,0.00,0.00,1.0,-1,-1,-1
236,12,0.00,0.00,0.00,0.00,1.0,-1,-1,-1
236,13,0.00,0.00,0.00,0.00,1.0,-1,-1,-1
236,14,0.00,0.00,0.00,0.00,1.0,-1,-1,-1
236,15,551.00,114.00,18.00,58.00,1.0,-1,-1,-1
236,16,587.00,132.00,17.00,61.00,1.0,-1,-1,-1
236,17,431.00,184.00,13.00,80.00,1.0,-1,-1,-1
236,18,0.00,0.00,0.00,0.00,1.0,-1,-1,-1
236,19,0.00,0.00,0.00,0.00,1.0,-1,-1,-1
236,20,0.00,0.00,0.00,0.00,1.0,-1,-1,-1
236,21,724.00,275.00,24.00,92.00,1.0,-1,-1,-1
236,22,379.00,219.00,46.00,82.00,1.0,-1,-1,-1
236,23,732.00,237.00,36.00,107.00,1.0,-1,-1,-1
237,0,0.00,0.00,0.00,0.00,1.0,-1,-1,-1
237,1,749.00,351.00,19.00,121.00,1.0,-1,-1,-1
237,2,199.00,184.00,31.00,84.00,1.0,-1,-1,-1
237,3,0.00,0.00,0.00,0.00,1.0,-1,-1,-1
237,4,0.00,0.00,0.00,0.00,1.0,-1,-1,-1
237,5,0.00,0.00,0.00,0.00,1.0,-1,-1,-1
237,6,243.00,156.00,33.00,72.00,1.0,-1,-1,-1
237,7,0.00,0.00,0.00,0.00,1.0,-1,-1,-1
237,8,685.00,128.00,25.00,61.00,1.0,-1,-1,-1
237,9,0.00,0.00,0.00,0.00,1.0,-1,-1,-1
237,10,0.00,0.00,0.00,0.00,1.0,-1,-1,-1
237,11,0.00,0.00,0.00,0.00,1.0,-1,-1,-1
237,12,0.00,0.00,0.00,0.00,1.0,-1,-1,-1
237,13,0.00,0.00,0.00,0.00,1.0,-1,-1,-1
237,14,0.00,0.00,0.00,0.00,1.0,-1,-1,-1
237,15,550.00,113.00,18.00,59.00,1.0,-1,-1,-1
237,16,588.00,132.00,17.00,61.00,1.0,-1,-1,-1
237,17,430.00,185.00,18.00,82.00,1.0,-1,-1,-1
237,18,0.00,0.00,0.00,0.00,1.0,-1,-1,-1
237,19,0.00,0.00,0.00,0.00,1.0,-1,-1,-1
237,20,0.00,0.00,0.00,0.00,1.0,-1,-1,-1
237,21,724.00,275.00,29.00,92.00,1.0,-1,-1,-1
237,22,383.00,220.00,43.00,84.00,1.0,-1,-1,-1
237,23,739.00,239.00,29.00,100.00,1.0,-1,-1,-1
238,0,0.00,0.00,0.00,0.00,1.0,-1,-1,-1
238,1,749.00,351.00,19.00,121.00,1.0,-1,-1,-1
238,2,202.00,185.00,35.00,84.00,1.0,-1,-1,-1
238,3,0.00,0.00,0.00,0.00,1.0,-1,-1,-1
238,4,0.00,0.00,0.00,0.00,1.0,-1,-1,-1
238,5,0.00,0.00,0.00,0.00,1.0,-1,-1,-1
238,6,248.00,156.00,30.00,73.00,1.0,-1,-1,-1
238,7,0.00,0.00,0.00,0.00,1.0,-1,-1,-1
238,8,685.00,128.00,24.00,65.00,1.0,-1,-1,-1
238,9,0.00,0.00,0.00,0.00,1.0,-1,-1,-1
238,10,0.00,0.00,0.00,0.00,1.0,-1,-1,-1
238,11,0.00,0.00,0.00,0.00,1.0,-1,-1,-1
238,12,0.00,0.00,0.00,0.00,1.0,-1,-1,-1
238,13,0.00,0.00,0.00,0.00,1.0,-1,-1,-1
238,14,0.00,0.00,0.00,0.00,1.0,-1,-1,-1
238,15,550.00,113.00,55.00,59.00,1.0,-1,-1,-1
238,16,589.00,132.00,18.00,61.00,1.0,-1,-1,-1
238,17,431.00,186.00,18.00,80.00,1.0,-1,-1,-1
238,18,0.00,0.00,0.00,0.00,1.0,-1,-1,-1
238,19,0.00,0.00,0.00,0.00,1.0,-1,-1,-1
238,20,0.00,0.00,0.00,0.00,1.0,-1,-1,-1
238,21,725.00,275.00,31.00,92.00,1.0,-1,-1,-1
238,22,386.00,220.00,40.00,84.00,1.0,-1,-1,-1
238,23,729.00,240.00,39.00,99.00,1.0,-1,-1,-1
239,0,0.00,0.00,0.00,0.00,1.0,-1,-1,-1
239,1,749.00,351.00,19.00,121.00,1.0,-1,-1,-1
239,2,206.00,186.00,44.00,83.00,1.0,-1,-1,-1
239,3,0.00,0.00,0.00,0.00,1.0,-1,-1,-1
239,4,0.00,0.00,0.00,0.00,1.0,-1,-1,-1
239,5,0.00,0.00,0.00,0.00,1.0,-1,-1,-1
239,6,253.00,155.00,24.00,74.00,1.0,-1,-1,-1
239,7,0.00,0.00,0.00,0.00,1.0,-1,-1,-1
239,8,684.00,130.00,24.00,69.00,1.0,-1,-1,-1
239,9,0.00,0.00,0.00,0.00,1.0,-1,-1,-1
239,10,0.00,0.00,0.00,0.00,1.0,-1,-1,-1
239,11,0.00,0.00,0.00,0.00,1.0,-1,-1,-1
239,12,0.00,0.00,0.00,0.00,1.0,-1,-1,-1
239,13,0.00,0.00,0.00,0.00,1.0,-1,-1,-1
239,14,0.00,0.00,0.00,0.00,1.0,-1,-1,-1
239,15,550.00,113.00,43.00,59.00,1.0,-1,-1,-1
239,16,590.00,131.00,18.00,61.00,1.0,-1,-1,-1
239,17,433.00,187.00,19.00,79.00,1.0,-1,-1,-1
239,18,0.00,0.00,0.00,0.00,1.0,-1,-1,-1
239,19,0.00,0.00,0.00,0.00,1.0,-1,-1,-1
239,20,0.00,0.00,0.00,0.00,1.0,-1,-1,-1
239,21,726.00,276.00,35.00,92.00,1.0,-1,-1,-1
239,22,399.00,224.00,29.00,80.00,1.0,-1,-1,-1
239,23,756.00,253.00,12.00,76.00,1.0,-1,-1,-1
240,0,0.00,0.00,0.00,0.00,1.0,-1,-1,-1
240,1,749.00,351.00,19.00,121.00,1.0,-1,-1,-1
240,2,212.00,188.00,40.00,83.00,1.0,-1,-1,-1
240,3,0.00,0.00,0.00,0.00,1.0,-1,-1,-1
240,4,0.00,0.00,0.00,0.00,1.0,-1,-1,-1
240,5,0.00,0.00,0.00,0.00,1.0,-1,-1,-1
240,6,258.00,155.00,25.00,73.00,1.0,-1,-1,-1
240,7,0.00,0.00,0.00,0.00,1.0,-1,-1,-1
240,8,683.00,132.00,23.00,69.00,1.0,-1,-1,-1
240,9,0.00,0.00,0.00,0.00,1.0,-1,-1,-1
240,10,0.00,0.00,0.00,0.00,1.0,-1,-1,-1
240,11,0.00,0.00,0.00,0.00,1.0,-1,-1,-1
240,12,0.00,0.00,0.00,0.00,1.0,-1,-1,-1
240,13,0.00,0.00,0.00,0.00,1.0,-1,-1,-1
240,14,0.00,0.00,0.00,0.00,1.0,-1,-1,-1
240,15,550.00,113.00,16.00,58.00,1.0,-1,-1,-1
240,16,591.00,130.00,17.00,61.00,1.0,-1,-1,-1
240,17,432.00,190.00,28.00,81.00,1.0,-1,-1,-1
240,18,0.00,0.00,0.00,0.00,1.0,-1,-1,-1
240,19,0.00,0.00,0.00,0.00,1.0,-1,-1,-1
240,20,0.00,0.00,0.00,0.00,1.0,-1,-1,-1
240,21,732.00,275.00,34.00,91.00,1.0,-1,-1,-1
240,22,406.00,234.00,23.00,72.00,1.0,-1,-1,-1
240,23,760.00,261.00,8.00,74.00,1.0,-1,-1,-1
241,0,0.00,0.00,0.00,0.00,1.0,-1,-1,-1
241,1,750.00,352.00,18.00,120.00,1.0,-1,-1,-1
241,2,217.00,188.00,35.00,83.00,1.0,-1,-1,-1
241,3,0.00,0.00,0.00,0.00,1.0,-1,-1,-1
241,4,0.00,0.00,0.00,0.00,1.0,-1,-1,-1
241,5,0.00,0.00,0.00,0.00,1.0,-1,-1,-1
241,6,262.00,156.00,35.00,73.00,1.0,-1,-1,-1
241,7,0.00,0.00,0.00,0.00,1.0,-1,-1,-1
241,8,681.00,132.00,23.00,69.00,1.0,-1,-1,-1
241,9,0.00,0.00,0.00,0.00,1.0,-1,-1,-1
241,10,0.00,0.00,0.00,0.00,1.0,-1,-1,-1
241,11,0.00,0.00,0.00,0.00,1.0,-1,-1,-1
241,12,0.00,0.00,0.00,0.00,1.0,-1,-1,-1
241,13,0.00,0.00,0.00,0.00,1.0,-1,-1,-1
241,14,0.00,0.00,0.00,0.00,1.0,-1,-1,-1
241,15,549.00,112.00,17.00,56.00,1.0,-1,-1,-1
241,16,592.00,130.00,17.00,60.00,1.0,-1,-1,-1
241,17,433.00,191.00,27.00,83.00,1.0,-1,-1,-1
241,18,0.00,0.00,0.00,0.00,1.0,-1,-1,-1
241,19,0.00,0.00,0.00,0.00,1.0,-1,-1,-1
241,20,0.00,0.00,0.00,0.00,1.0,-1,-1,-1
241,21,746.00,274.00,22.00,88.00,1.0,-1,-1,-1
241,22,414.00,243.00,32.00,67.00,1.0,-1,-1,-1
241,23,0.00,0.00,0.00,0.00,1.0,-1,-1,-1
242,0,0.00,0.00,0.00,0.00,1.0,-1,-1,-1
242,1,751.00,348.00,17.00,124.00,1.0,-1,-1,-1
242,2,223.00,187.00,30.00,84.00,1.0,-1,-1,-1
242,3,0.00,0.00,0.00,0.00,1.0,-1,-1,-1
242,4,0.00,0.00,0.00,0.00,1.0,-1,-1,-1
242,5,0.00,0.00,0.00,0.00,1.0,-1,-1,-1
242,6,267.00,157.00,35.00,72.00,1.0,-1,-1,-1
242,7,0.00,0.00,0.00,0.00,1.0,-1,-1,-1
242,8,680.00,132.00,24.00,68.00,1.0,-1,-1,-1
242,9,0.00,0.00,0.00,0.00,1.0,-1,-1,-1
242,10,0.00,0.00,0.00,0.00,1.0,-1,-1,-1
242,11,0.00,0.00,0.00,0.00,1.0,-1,-1,-1
242,12,0.00,0.00,0.00,0.00,1.0,-1,-1,-1
242,13,0.00,0.00,0.00,0.00,1.0,-1,-1,-1
242,14,0.00,0.00,0.00,0.00,1.0,-1,-1,-1
242,15,549.00,111.00,17.00,57.00,1.0,-1,-1,-1
242,16,592.00,130.00,18.00,60.00,1.0,-1,-1,-1
242,17,433.00,195.00,30.00,81.00,1.0,-1,-1,-1
242,18,0.00,0.00,0.00,0.00,1.0,-1,-1,-1
242,19,0.00,0.00,0.00,0.00,1.0,-1,-1,-1
242,20,0.00,0.00,0.00,0.00,1.0,-1,-1,-1
242,21,748.00,273.00,20.00,94.00,1.0,-1,-1,-1
242,22,415.00,244.00,35.00,69.00,1.0,-1,-1,-1
242,23,0.00,0.00,0.00,0.00,1.0,-1,-1,-1
243,0,0.00,0.00,0.00,0.00,1.0,-1,-1,-1
243,1,751.00,352.00,17.00,120.00,1.0,-1,-1,-1
243,2,233.00,189.00,31.00,87.00,1.0,-1,-1,-1
243,3,0.00,0.00,0.00,0.00,1.0,-1,-1,-1
243,4,0.00,0.00,0.00,0.00,1.0,-1,-1,-1
243,5,0.00,0.00,0.00,0.00,1.0,-1,-1,-1
243,6,276.00,156.00,28.00,73.00,1.0,-1,-1,-1
243,7,0.00,0.00,0.00,0.00,1.0,-1,-1,-1
243,8,678.00,136.00,24.00,69.00,1.0,-1,-1,-1
243,9,0.00,0.00,0.00,0.00,1.0,-1,-1,-1
243,10,0.00,0.00,0.00,0.00,1.0,-1,-1,-1
243,11,0.00,0.00,0.00,0.00,1.0,-1,-1,-1
243,12,0.00,0.00,0.00,0.00,1.0,-1,-1,-1
243,13,0.00,0.00,0.00,0.00,1.0,-1,-1,-1
243,14,0.00,0.00,0.00,0.00,1.0,-1,-1,-1
243,15,548.00,111.00,17.00,57.00,1.0,-1,-1,-1
243,16,593.00,128.00,24.00,62.00,1.0,-1,-1,-1
243,17,445.00,195.00,25.00,86.00,1.0,-1,-1,-1
243,18,0.00,0.00,0.00,0.00,1.0,-1,-1,-1
243,19,0.00,0.00,0.00,0.00,1.0,-1,-1,-1
243,20,0.00,0.00,0.00,0.00,1.0,-1,-1,-1
243,21,752.00,277.00,16.00,89.00,1.0,-1,-1,-1
243,22,432.00,243.00,22.00,71.00,1.0,-1,-1,-1
243,23,0.00,0.00,0.00,0.00,1.0,-1,-1,-1
244,0,0.00,0.00,0.00,0.00,1.0,-1,-1,-1
244,1,751.00,352.00,17.00,120.00,1.0,-1,-1,-1
244,2,238.00,192.00,34.00,85.00,1.0,-1,-1,-1
244,3,0.00,0.00,0.00,0.00,1.0,-1,-1,-1
244,4,0.00,0.00,0.00,0.00,1.0,-1,-1,-1
244,5,0.00,0.00,0.00,0.00,1.0,-1,-1,-1
244,6,282.00,155.00,26.00,75.00,1.0,-1,-1,-1
244,7,0.00,0.00,0.00,0.00,1.0,-1,-1,-1
244,8,676.00,137.00,25.00,69.00,1.0,-1,-1,-1
244,9,0.00,0.00,0.00,0.00,1.0,-1,-1,-1
244,10,0.00,0.00,0.00,0.00,1.0,-1,-1,-1
244,11,0.00,0.00,0.00,0.00,1.0,-1,-1,-1
244,12,0.00,0.00,0.00,0.00,1.0,-1,-1,-1
244,13,0.00,0.00,0.00,0.00,1.0,-1,-1,-1
244,14,0.00,0.00,0.00,0.00,1.0,-1,-1,-1
244,15,547.00,110.00,18.00,58.00,1.0,-1,-1,-1
244,16,593.00,129.00,24.00,61.00,1.0,-1,-1,-1
244,17,448.00,200.00,25.00,84.00,1.0,-1,-1,-1
244,18,0.00,0.00,0.00,0.00,1.0,-1,-1,-1
244,19,0.00,0.00,0.00,0.00,1.0,-1,-1,-1
244,20,0.00,0.00,0.00,0.00,1.0,-1,-1,-1
244,21,756.00,284.00,12.00,76.00,1.0,-1,-1,-1
244,22,433.00,226.00,29.00,87.00,1.0,-1,-1,-1
244,23,0.00,0.00,0.00,0.00,1.0,-1,-1,-1
245,0,0.00,0.00,0.00,0.00,1.0,-1,-1,-1
245,1,747.00,302.00,21.00,170.00,1.0,-1,-1,-1
245,2,246.00,192.00,30.00,87.00,1.0,-1,-1,-1
245,3,0.00,0.00,0.00,0.00,1.0,-1,-1,-1
245,4,0.00,0.00,0.00,0.00,1.0,-1,-1,-1
245,5,0.00,0.00,0.00,0.00,1.0,-1,-1,-1
245,6,291.00,157.00,32.00,74.00,1.0,-1,-1,-1
245,7,0.00,0.00,0.00,0.00,1.0,-1,-1,-1
245,8,675.00,138.00,25.00,70.00,1.0,-1,-1,-1
245,9,0.00,0.00,0.00,0.00,1.0,-1,-1,-1
245,10,0.00,0.00,0.00,0.00,1.0,-1,-1,-1
245,11,0.00,0.00,0.00,0.00,1.0,-1,-1,-1
245,12,0.00,0.00,0.00,0.00,1.0,-1,-1,-1
245,13,0.00,0.00,0.00,0.00,1.0,-1,-1,-1
245,14,0.00,0.00,0.00,0.00,1.0,-1,-1,-1
245,15,547.00,108.00,17.00,57.00,1.0,-1,-1,-1
245,16,602.00,129.00,19.00,60.00,1.0,-1,-1,-1
245,17,454.00,201.00,25.00,44.00,1.0,-1,-1,-1
245,18,0.00,0.00,0.00,0.00,1.0,-1,-1,-1
245,19,0.00,0.00,0.00,0.00,1.0,-1,-1,-1
245,20,0.00,0.00,0.00,0.00,1.0,-1,-1,-1
245,21,764.00,295.00,4.00,21.00,1.0,-1,-1,-1
245,22,441.00,229.00,42.00,89.00,1.0,-1,-1,-1
245,23,0.00,0.00,0.00,0.00,1.0,-1,-1,-1
246,0,0.00,0.00,0.00,0.00,1.0,-1,-1,-1
246,1,745.00,353.00,23.00,119.00,1.0,-1,-1,-1
246,2,249.00,192.00,33.00,87.00,1.0,-1,-1,-1
246,3,0.00,0.00,0.00,0.00,1.0,-1,-1,-1
246,4,0.00,0.00,0.00,0.00,1.0,-1,-1,-1
246,5,0.00,0.00,0.00,0.00,1.0,-1,-1,-1
246,6,294.00,158.00,33.00,74.00,1.0,-1,-1,-1
246,7,0.00,0.00,0.00,0.00,1.0,-1,-1,-1
246,8,674.00,139.00,25.00,72.00,1.0,-1,-1,-1
246,9,0.00,0.00,0.00,0.00,1.0,-1,-1,-1
246,10,0.00,0.00,0.00,0.00,1.0,-1,-1,-1
246,11,0.00,0.00,0.00,0.00,1.0,-1,-1,-1
246,12,0.00,0.00,0.00,0.00,1.0,-1,-1,-1
246,13,0.00,0.00,0.00,0.00,1.0,-1,-1,-1
246,14,0.00,0.00,0.00,0.00,1.0,-1,-1,-1
246,15,547.00,108.00,17.00,56.00,1.0,-1,-1,-1
246,16,606.00,129.00,16.00,61.00,1.0,-1,-1,-1
246,17,457.00,202.00,25.00,41.00,1.0,-1,-1,-1
246,18,0.00,0.00,0.00,0.00,1.0,-1,-1,-1
246,19,0.00,0.00,0.00,0.00,1.0,-1,-1,-1
246,20,0.00,0.00,0.00,0.00,1.0,-1,-1,-1
246,21,0.00,0.00,0.00,0.00,1.0,-1,-1,-1
246,22,442.00,229.00,45.00,90.00,1.0,-1,-1,-1
246,23,0.00,0.00,0.00,0.00,1.0,-1,-1,-1
247,0,0.00,0.00,0.00,0.00,1.0,-1,-1,-1
247,1,743.00,353.00,25.00,119.00,1.0,-1,-1,-1
247,2,253.00,193.00,40.00,86.00,1.0,-1,-1,-1
247,3,0.00,0.00,0.00,0.00,1.0,-1,-1,-1
247,4,0.00,0.00,0.00,0.00,1.0,-1,-1,-1
247,5,0.00,0.00,0.00,0.00,1.0,-1,-1,-1
247,6,300.00,158.00,27.00,74.00,1.0,-1,-1,-1
247,7,0.00,0.00,0.00,0.00,1.0,-1,-1,-1
247,8,673.00,140.00,25.00,72.00,1.0,-1,-1,-1
247,9,0.00,0.00,0.00,0.00,1.0,-1,-1,-1
247,10,0.00,0.00,0.00,0.00,1.0,-1,-1,-1
247,11,0.00,0.00,0.00,0.00,1.0,-1,-1,-1
247,12,0.00,0.00,0.00,0.00,1.0,-1,-1,-1
247,13,0.00,0.00,0.00,0.00,1.0,-1,-1,-1
247,14,0.00,0.00,0.00,0.00,1.0,-1,-1,-1
247,15,547.00,107.00,16.00,57.00,1.0,-1,-1,-1
247,16,608.00,129.00,16.00,61.00,1.0,-1,-1,-1
247,17,462.00,206.00,35.00,84.00,1.0,-1,-1,-1
247,18,0.00,0.00,0.00,0.00,1.0,-1,-1,-1
247,19,0.00,0.00,0.00,0.00,1.0,-1,-1,-1
247,20,0.00,0.00,0.00,0.00,1.0,-1,-1,-1
247,21,0.00,0.00,0.00,0.00,1.0,-1,-1,-1
247,22,450.00,230.00,37.00,89.00,1.0,-1,-1,-1
247,23,0.00,0.00,0.00,0.00,1.0,-1,-1,-1
248,0,0.00,0.00,0.00,0.00,1.0,-1,-1,-1
248,1,742.00,353.00,26.00,118.00,1.0,-1,-1,-1
248,2,258.00,195.00,45.00,85.00,1.0,-1,-1,-1
248,3,480.00,208.00,14.00,51.00,1.0,-1,-1,-1
248,4,0.00,0.00,0.00,0.00,1.0,-1,-1,-1
248,5,0.00,0.00,0.00,0.00,1.0,-1,-1,-1
248,6,305.00,157.00,24.00,75.00,1.0,-1,-1,-1
248,7,0.00,0.00,0.00,0.00,1.0,-1,-1,-1
248,8,673.00,140.00,24.00,72.00,1.0,-1,-1,-1
248,9,0.00,0.00,0.00,0.00,1.0,-1,-1,-1
248,10,0.00,0.00,0.00,0.00,1.0,-1,-1,-1
248,11,0.00,0.00,0.00,0.00,1.0,-1,-1,-1
248,12,0.00,0.00,0.00,0.00,1.0,-1,-1,-1
248,13,0.00,0.00,0.00,0.00,1.0,-1,-1,-1
248,14,0.00,0.00,0.00,0.00,1.0,-1,-1,-1
248,15,547.00,108.00,17.00,56.00,1.0,-1,-1,-1
248,16,608.00,129.00,21.00,60.00,1.0,-1,-1,-1
248,17,466.00,208.00,34.00,85.00,1.0,-1,-1,-1
248,18,0.00,0.00,0.00,0.00,1.0,-1,-1,-1
248,19,0.00,0.00,0.00,0.00,1.0,-1,-1,-1
248,20,0.00,0.00,0.00,0.00,1.0,-1,-1,-1
248,21,0.00,0.00,0.00,0.00,1.0,-1,-1,-1
248,22,460.00,230.00,29.00,90.00,1.0,-1,-1,-1
248,23,0.00,0.00,0.00,0.00,1.0,-1,-1,-1
249,0,0.00,0.00,0.00,0.00,1.0,-1,-1,-1
249,1,741.00,352.00,27.00,119.00,1.0,-1,-1,-1
249,2,264.00,197.00,41.00,85.00,1.0,-1,-1,-1
249,3,478.00,209.00,22.00,67.00,1.0,-1,-1,-1
249,4,0.00,0.00,0.00,0.00,1.0,-1,-1,-1
249,5,0.00,0.00,0.00,0.00,1.0,-1,-1,-1
249,6,309.00,157.00,27.00,74.00,1.0,-1,-1,-1
249,7,0.00,0.00,0.00,0.00,1.0,-1,-1,-1
249,8,672.00,140.00,26.00,73.00,1.0,-1,-1,-1
249,9,0.00,0.00,0.00,0.00,1.0,-1,-1,-1
249,10,0.00,0.00,0.00,0.00,1.0,-1,-1,-1
249,11,0.00,0.00,0.00,0.00,1.0,-1,-1,-1
249,12,0.00,0.00,0.00,0.00,1.0,-1,-1,-1
249,13,0.00,0.00,0.00,0.00,1.0,-1,-1,-1
249,14,0.00,0.00,0.00,0.00,1.0,-1,-1,-1
249,15,547.00,106.00,17.00,58.00,1.0,-1,-1,-1
249,16,609.00,130.00,20.00,59.00,1.0,-1,-1,-1
249,17,478.00,209.00,22.00,82.00,1.0,-1,-1,-1
249,18,0.00,0.00,0.00,0.00,1.0,-1,-1,-1
249,19,0.00,0.00,0.00,0.00,1.0,-1,-1,-1
249,20,0.00,0.00,0.00,0.00,1.0,-1,-1,-1
249,21,0.00,0.00,0.00,0.00,1.0,-1,-1,-1
249,22,466.00,232.00,34.00,94.00,1.0,-1,-1,-1
249,23,0.00,0.00,0.00,0.00,1.0,-1,-1,-1
250,0,0.00,0.00,0.00,0.00,1.0,-1,-1,-1
250,1,739.00,352.00,29.00,119.00,1.0,-1,-1,-1
250,2,270.00,199.00,36.00,83.00,1.0,-1,-1,-1
250,3,482.00,209.00,25.00,70.00,1.0,-1,-1,-1
250,4,0.00,0.00,0.00,0.00,1.0,-1,-1,-1
250,5,0.00,0.00,0.00,0.00,1.0,-1,-1,-1
250,6,315.00,158.00,35.00,74.00,1.0,-1,-1,-1
250,7,0.00,0.00,0.00,0.00,1.0,-1,-1,-1
250,8,671.00,143.00,27.00,73.00,1.0,-1,-1,-1
250,9,0.00,0.00,0.00,0.00,1.0,-1,-1,-1
250,10,0.00,0.00,0.00,0.00,1.0,-1,-1,-1
250,11,0.00,0.00,0.00,0.00,1.0,-1,-1,-1
250,12,0.00,0.00,0.00,0.00,1.0,-1,-1,-1
250,13,0.00,0.00,0.00,0.00,1.0,-1,-1,-1
250,14,0.00,0.00,0.00,0.00,1.0,-1,-1,-1
250,15,547.00,106.00,17.00,55.00,1.0,-1,-1,-1
250,16,611.00,130.00,24.00,59.00,1.0,-1,-1,-1
250,17,481.00,208.00,23.00,69.00,1.0,-1,-1,-1
250,18,0.00,0.00,0.00,0.00,1.0,-1,-1,-1
250,19,0.00,0.00,0.00,0.00,1.0,-1,-1,-1
250,20,0.00,0.00,0.00,0.00,1.0,-1,-1,-1
250,21,0.00,0.00,0.00,0.00,1.0,-1,-1,-1
250,22,472.00,233.00,39.00,94.00,1.0,-1,-1,-1
250,23,0.00,0.00,0.00,0.00,1.0,-1,-1,-1
251,0,0.00,0.00,0.00,0.00,1.0,-1,-1,-1
251,1,737.00,351.00,31.00,120.00,1.0,-1,-1,-1
251,2,277.00,200.00,31.00,82.00,1.0,-1,-1,-1
251,3,484.00,211.00,28.00,71.00,1.0,-1,-1,-1
251,4,0.00,0.00,0.00,0.00,1.0,-1,-1,-1
251,5,0.00,0.00,0.00,0.00,1.0,-1,-1,-1
251,6,317.00,159.00,38.00,73.00,1.0,-1,-1,-1
251,7,0.00,0.00,0.00,0.00,1.0,-1,-1,-1
251,8,671.00,145.00,27.00,72.00,1.0,-1,-1,-1
251,9,0.00,0.00,0.00,0.00,1.0,-1,-1,-1
251,10,0.00,0.00,0.00,0.00,1.0,-1,-1,-1
251,11,0.00,0.00,0.00,0.00,1.0,-1,-1,-1
251,12,0.00,0.00,0.00,0.00,1.0,-1,-1,-1
251,13,0.00,0.00,0.00,0.00,1.0,-1,-1,-1
251,14,0.00,0.00,0.00,0.00,1.0,-1,-1,-1
251,15,548.00,104.00,17.00,57.00,1.0,-1,-1,-1
251,16,615.00,130.00,19.00,59.00,1.0,-1,-1,-1
251,17,484.00,210.00,25.00,43.00,1.0,-1,-1,-1
251,18,0.00,0.00,0.00,0.00,1.0,-1,-1,-1
251,19,0.00,0.00,0.00,0.00,1.0,-1,-1,-1
251,20,0.00,0.00,0.00,0.00,1.0,-1,-1,-1
251,21,0.00,0.00,0.00,0.00,1.0,-1,-1,-1
251,22,475.00,232.00,39.00,97.00,1.0,-1,-1,-1
251,23,0.00,0.00,0.00,0.00,1.0,-1,-1,-1
252,0,0.00,0.00,0.00,0.00,1.0,-1,-1,-1
252,1,734.00,350.00,34.00,120.00,1.0,-1,-1,-1
252,2,282.00,201.00,30.00,85.00,1.0,-1,-1,-1
252,3,492.00,214.00,26.00,86.00,1.0,-1,-1,-1
252,4,0.00,0.00,0.00,0.00,1.0,-1,-1,-1
252,5,0.00,0.00,0.00,0.00,1.0,-1,-1,-1
252,6,321.00,158.00,34.00,75.00,1.0,-1,-1,-1
252,7,0.00,0.00,0.00,0.00,1.0,-1,-1,-1
252,8,672.00,146.00,27.00,74.00,1.0,-1,-1,-1
252,9,0.00,0.00,0.00,0.00,1.0,-1,-1,-1
252,10,0.00,0.00,0.00,0.00,1.0,-1,-1,-1
252,11,0.00,0.00,0.00,0.00,1.0,-1,-1,-1
252,12,0.00,0.00,0.00,0.00,1.0,-1,-1,-1
252,13,0.00,0.00,0.00,0.00,1.0,-1,-1,-1
252,14,0.00,0.00,0.00,0.00,1.0,-1,-1,-1
252,15,548.00,104.00,17.00,57.00,1.0,-1,-1,-1
252,16,616.00,126.00,16.00,64.00,1.0,-1,-1,-1
252,17,491.00,214.00,24.00,80.00,1.0,-1,-1,-1
252,18,0.00,0.00,0.00,0.00,1.0,-1,-1,-1
252,19,0.00,0.00,0.00,0.00,1.0,-1,-1,-1
252,20,0.00,0.00,0.00,0.00,1.0,-1,-1,-1
252,21,0.00,0.00,0.00,0.00,1.0,-1,-1,-1
252,22,484.00,233.00,35.00,96.00,1.0,-1,-1,-1
252,23,0.00,0.00,0.00,0.00,1.0,-1,-1,-1
253,0,0.00,0.00,0.00,0.00,1.0,-1,-1,-1
253,1,732.00,350.00,36.00,121.00,1.0,-1,-1,-1
253,2,286.00,198.00,32.00,90.00,1.0,-1,-1,-1
253,3,499.00,216.00,26.00,87.00,1.0,-1,-1,-1
253,4,0.00,0.00,0.00,0.00,1.0,-1,-1,-1
253,5,0.00,0.00,0.00,0.00,1.0,-1,-1,-1
253,6,330.00,158.00,26.00,74.00,1.0,-1,-1,-1
253,7,0.00,0.00,0.00,0.00,1.0,-1,-1,-1
253,8,672.00,147.00,27.00,72.00,1.0,-1,-1,-1
253,9,0.00,0.00,0.00,0.00,1.0,-1,-1,-1
253,10,0.00,0.00,0.00,0.00,1.0,-1,-1,-1
253,11,0.00,0.00,0.00,0.00,1.0,-1,-1,-1
253,12,0.00,0.00,0.00,0.00,1.0,-1,-1,-1
253,13,0.00,0.00,0.00,0.00,1.0,-1,-1,-1
253,14,0.00,0.00,0.00,0.00,1.0,-1,-1,-1
253,15,548.00,104.00,17.00,57.00,1.0,-1,-1,-1
253,16,615.00,128.00,19.00,63.00,1.0,-1,-1,-1
253,17,503.00,215.00,18.00,88.00,1.0,-1,-1,-1
253,18,0.00,0.00,0.00,0.00,1.0,-1,-1,-1
253,19,0.00,0.00,0.00,0.00,1.0,-1,-1,-1
253,20,0.00,0.00,0.00,0.00,1.0,-1,-1,-1
253,21,0.00,0.00,0.00,0.00,1.0,-1,-1,-1
253,22,488.00,234.00,30.00,95.00,1.0,-1,-1,-1
253,23,0.00,0.00,0.00,0.00,1.0,-1,-1,-1
254,0,0.00,0.00,0.00,0.00,1.0,-1,-1,-1
254,1,728.00,349.00,40.00,119.00,1.0,-1,-1,-1
254,2,297.00,203.00,29.00,89.00,1.0,-1,-1,-1
254,3,508.00,215.00,24.00,42.00,1.0,-1,-1,-1
254,4,0.00,0.00,0.00,0.00,1.0,-1,-1,-1
254,5,0.00,0.00,0.00,0.00,1.0,-1,-1,-1
254,6,339.00,159.00,30.00,76.00,1.0,-1,-1,-1
254,7,0.00,0.00,0.00,0.00,1.0,-1,-1,-1
254,8,672.00,151.00,27.00,73.00,1.0,-1,-1,-1
254,9,0.00,0.00,0.00,0.00,1.0,-1,-1,-1
254,10,0.00,0.00,0.00,0.00,1.0,-1,-1,-1
254,11,0.00,0.00,0.00,0.00,1.0,-1,-1,-1
254,12,0.00,0.00,0.00,0.00,1.0,-1,-1,-1
254,13,0.00,0.00,0.00,0.00,1.0,-1,-1,-1
254,14,0.00,0.00,0.00,0.00,1.0,-1,-1,-1
254,15,548.00,104.00,17.00,56.00,1.0,-1,-1,-1
254,16,619.00,130.00,18.00,62.00,1.0,-1,-1,-1
254,17,508.00,215.00,24.00,41.00,1.0,-1,-1,-1
254,18,0.00,0.00,0.00,0.00,1.0,-1,-1,-1
254,19,0.00,0.00,0.00,0.00,1.0,-1,-1,-1
254,20,0.00,0.00,0.00,0.00,1.0,-1,-1,-1
254,21,0.00,0.00,0.00,0.00,1.0,-1,-1,-1
254,22,499.00,239.00,47.00,92.00,1.0,-1,-1,-1
254,23,0.00,0.00,0.00,0.00,1.0,-1,-1,-1
255,0,0.00,0.00,0.00,0.00,1.0,-1,-1,-1
255,1,727.00,348.00,39.00,118.00,1.0,-1,-1,-1
255,2,301.00,202.00,30.00,90.00,1.0,-1,-1,-1
255,3,513.00,217.00,32.00,86.00,1.0,-1,-1,-1
255,4,0.00,0.00,0.00,0.00,1.0,-1,-1,-1
255,5,0.00,0.00,0.00,0.00,1.0,-1,-1,-1
255,6,343.00,160.00,32.00,75.00,1.0,-1,-1,-1
255,7,0.00,0.00,0.00,0.00,1.0,-1,-1,-1
255,8,673.00,152.00,26.00,74.00,1.0,-1,-1,-1
255,9,0.00,0.00,0.00,0.00,1.0,-1,-1,-1
255,10,0.00,0.00,0.00,0.00,1.0,-1,-1,-1
255,11,0.00,0.00,0.00,0.00,1.0,-1,-1,-1
255,12,0.00,0.00,0.00,0.00,1.0,-1,-1,-1
255,13,0.00,0.00,0.00,0.00,1.0,-1,-1,-1
255,14,0.00,0.00,0.00,0.00,1.0,-1,-1,-1
255,15,548.00,103.00,17.00,56.00,1.0,-1,-1,-1
255,16,621.00,131.00,17.00,62.00,1.0,-1,-1,-1
255,17,513.00,217.00,34.00,87.00,1.0,-1,-1,-1
255,18,0.00,0.00,0.00,0.00,1.0,-1,-1,-1
255,19,0.00,0.00,0.00,0.00,1.0,-1,-1,-1
255,20,0.00,0.00,0.00,0.00,1.0,-1,-1,-1
255,21,0.00,0.00,0.00,0.00,1.0,-1,-1,-1
255,22,502.00,241.00,46.00,94.00,1.0,-1,-1,-1
255,23,0.00,0.00,0.00,0.00,1.0,-1,-1,-1
256,0,0.00,0.00,0.00,0.00,1.0,-1,-1,-1
256,1,727.00,348.00,39.00,118.00,1.0,-1,-1,-1
256,2,304.00,201.00,33.00,91.00,1.0,-1,-1,-1
256,3,519.00,221.00,25.00,39.00,1.0,-1,-1,-1
256,4,0.00,0.00,0.00,0.00,1.0,-1,-1,-1
256,5,0.00,0.00,0.00,0.00,1.0,-1,-1,-1
256,6,346.00,160.00,31.00,77.00,1.0,-1,-1,-1
256,7,0.00,0.00,0.00,0.00,1.0,-1,-1,-1
256,8,673.00,152.00,27.00,74.00,1.0,-1,-1,-1
256,9,0.00,0.00,0.00,0.00,1.0,-1,-1,-1
256,10,0.00,0.00,0.00,0.00,1.0,-1,-1,-1
256,11,0.00,0.00,0.00,0.00,1.0,-1,-1,-1
256,12,0.00,0.00,0.00,0.00,1.0,-1,-1,-1
256,13,0.00,0.00,0.00,0.00,1.0,-1,-1,-1
256,14,0.00,0.00,0.00,0.00,1.0,-1,-1,-1
256,15,548.00,102.00,17.00,56.00,1.0,-1,-1,-1
256,16,622.00,131.00,18.00,62.00,1.0,-1,-1,-1
256,17,520.00,221.00,37.00,86.00,1.0,-1,-1,-1
256,18,0.00,0.00,0.00,0.00,1.0,-1,-1,-1
256,19,0.00,0.00,0.00,0.00,1.0,-1,-1,-1
256,20,0.00,0.00,0.00,0.00,1.0,-1,-1,-1
256,21,0.00,0.00,0.00,0.00,1.0,-1,-1,-1
256,22,507.00,244.00,42.00,91.00,1.0,-1,-1,-1
256,23,0.00,0.00,0.00,0.00,1.0,-1,-1,-1
257,0,0.00,0.00,0.00,0.00,1.0,-1,-1,-1
257,1,729.00,349.00,35.00,117.00,1.0,-1,-1,-1
257,2,313.00,206.00,45.00,89.00,1.0,-1,-1,-1
257,3,540.00,221.00,19.00,36.00,1.0,-1,-1,-1
257,4,0.00,0.00,0.00,0.00,1.0,-1,-1,-1
257,5,0.00,0.00,0.00,0.00,1.0,-1,-1,-1
257,6,357.00,159.00,25.00,78.00,1.0,-1,-1,-1
257,7,0.00,0.00,0.00,0.00,1.0,-1,-1,-1
257,8,673.00,155.00,28.00,74.00,1.0,-1,-1,-1
257,9,0.00,0.00,0.00,0.00,1.0,-1,-1,-1
257,10,0.00,0.00,0.00,0.00,1.0,-1,-1,-1
257,11,0.00,0.00,0.00,0.00,1.0,-1,-1,-1
257,12,0.00,0.00,0.00,0.00,1.0,-1,-1,-1
257,13,0.00,0.00,0.00,0.00,1.0,-1,-1,-1
257,14,0.00,0.00,0.00,0.00,1.0,-1,-1,-1
257,15,549.00,102.00,17.00,55.00,1.0,-1,-1,-1
257,16,624.00,137.00,18.00,56.00,1.0,-1,-1,-1
257,17,539.00,221.00,20.00,37.00,1.0,-1,-1,-1
257,18,0.00,0.00,0.00,0.00,1.0,-1,-1,-1
257,19,0.00,0.00,0.00,0.00,1.0,-1,-1,-1
257,20,0.00,0.00,0.00,0.00,1.0,-1,-1,-1
257,21,0.00,0.00,0.00,0.00,1.0,-1,-1,-1
257,22,525.00,243.00,35.00,96.00,1.0,-1,-1,-1
257,23,0.00,0.00,0.00,0.00,1.0,-1,-1,-1
258,0,0.00,0.00,0.00,0.00,1.0,-1,-1,-1
258,1,730.00,349.00,34.00,117.00,1.0,-1,-1,-1
258,2,318.00,206.00,41.00,90.00,1.0,-1,-1,-1
258,3,538.00,222.00,27.00,90.00,1.0,-1,-1,-1
258,4,0.00,0.00,0.00,0.00,1.0,-1,-1,-1
258,5,0.00,0.00,0.00,0.00,1.0,-1,-1,-1
258,6,361.00,161.00,29.00,76.00,1.0,-1,-1,-1
258,7,0.00,0.00,0.00,0.00,1.0,-1,-1,-1
258,8,673.00,156.00,28.00,73.00,1.0,-1,-1,-1
258,9,0.00,0.00,0.00,0.00,1.0,-1,-1,-1
258,10,0.00,0.00,0.00,0.00,1.0,-1,-1,-1
258,11,0.00,0.00,0.00,0.00,1.0,-1,-1,-1
258,12,0.00,0.00,0.00,0.00,1.0,-1,-1,-1
258,13,0.00,0.00,0.00,0.00,1.0,-1,-1,-1
258,14,0.00,0.00,0.00,0.00,1.0,-1,-1,-1
258,15,550.00,102.00,16.00,55.00,1.0,-1,-1,-1
258,16,625.00,132.00,18.00,62.00,1.0,-1,-1,-1
258,17,539.00,222.00,26.00,90.00,1.0,-1,-1,-1
258,18,0.00,0.00,0.00,0.00,1.0,-1,-1,-1
258,19,0.00,0.00,0.00,0.00,1.0,-1,-1,-1
258,20,0.00,0.00,0.00,0.00,1.0,-1,-1,-1
258,21,0.00,0.00,0.00,0.00,1.0,-1,-1,-1
258,22,531.00,244.00,38.00,99.00,1.0,-1,-1,-1
258,23,0.00,0.00,0.00,0.00,1.0,-1,-1,-1
259,0,0.00,0.00,0.00,0.00,1.0,-1,-1,-1
259,1,731.00,349.00,33.00,117.00,1.0,-1,-1,-1
259,2,326.00,206.00,33.00,91.00,1.0,-1,-1,-1
259,3,553.00,226.00,24.00,93.00,1.0,-1,-1,-1
259,4,0.00,0.00,0.00,0.00,1.0,-1,-1,-1
259,5,0.00,0.00,0.00,0.00,1.0,-1,-1,-1
259,6,366.00,161.00,36.00,76.00,1.0,-1,-1,-1
259,7,0.00,0.00,0.00,0.00,1.0,-1,-1,-1
259,8,675.00,157.00,27.00,75.00,1.0,-1,-1,-1
259,9,0.00,0.00,0.00,0.00,1.0,-1,-1,-1
259,10,0.00,0.00,0.00,0.00,1.0,-1,-1,-1
259,11,0.00,0.00,0.00,0.00,1.0,-1,-1,-1
259,12,0.00,0.00,0.00,0.00,1.0,-1,-1,-1
259,13,0.00,0.00,0.00,0.00,1.0,-1,-1,-1
259,14,0.00,0.00,0.00,0.00,1.0,-1,-1,-1
259,15,550.00,101.00,17.00,56.00,1.0,-1,-1,-1
259,16,626.00,133.00,22.00,62.00,1.0,-1,-1,-1
259,17,553.00,226.00,23.00,91.00,1.0,-1,-1,-1
259,18,0.00,0.00,0.00,0.00,1.0,-1,-1,-1
259,19,0.00,0.00,0.00,0.00,1.0,-1,-1,-1
259,20,0.00,0.00,0.00,0.00,1.0,-1,-1,-1
259,21,0.00,0.00,0.00,0.00,1.0,-1,-1,-1
259,22,535.00,247.00,38.00,97.00,1.0,-1,-1,-1
259,23,0.00,0.00,0.00,0.00,1.0,-1,-1,-1
260,0,0.00,0.00,0.00,0.00,1.0,-1,-1,-1
260,1,731.00,349.00,33.00,117.00,1.0,-1,-1,-1
260,2,336.00,207.00,32.00,95.00,1.0,-1,-1,-1
260,3,565.00,231.00,22.00,90.00,1.0,-1,-1,-1
260,4,0.00,0.00,0.00,0.00,1.0,-1,-1,-1
260,5,0.00,0.00,0.00,0.00,1.0,-1,-1,-1
260,6,372.00,161.00,32.00,77.00,1.0,-1,-1,-1
260,7,0.00,0.00,0.00,0.00,1.0,-1,-1,-1
260,8,676.00,158.00,28.00,77.00,1.0,-1,-1,-1
260,9,0.00,0.00,0.00,0.00,1.0,-1,-1,-1
260,10,0.00,0.00,0.00,0.00,1.0,-1,-1,-1
260,11,0.00,0.00,0.00,0.00,1.0,-1,-1,-1
260,12,0.00,0.00,0.00,0.00,1.0,-1,-1,-1
260,13,0.00,0.00,0.00,0.00,1.0,-1,-1,-1
260,14,0.00,0.00,0.00,0.00,1.0,-1,-1,-1
260,15,552.00,100.00,17.00,54.00,1.0,-1,-1,-1
260,16,629.00,135.00,19.00,62.00,1.0,-1,-1,-1
260,17,565.00,231.00,22.00,90.00,1.0,-1,-1,-1
260,18,0.00,0.00,0.00,0.00,1.0,-1,-1,-1
260,19,0.00,0.00,0.00,0.00,1.0,-1,-1,-1
260,20,0.00,0.00,0.00,0.00,1.0,-1,-1,-1
260,21,0.00,0.00,0.00,0.00,1.0,-1,-1,-1
260,22,549.00,252.00,27.00,94.00,1.0,-1,-1,-1
260,23,0.00,0.00,0.00,0.00,1.0,-1,-1,-1
261,0,0.00,0.00,0.00,0.00,1.0,-1,-1,-1
261,1,730.00,349.00,34.00,117.00,1.0,-1,-1,-1
261,2,340.00,211.00,35.00,91.00,1.0,-1,-1,-1
261,3,569.00,229.00,24.00,72.00,1.0,-1,-1,-1
261,4,0.00,0.00,0.00,0.00,1.0,-1,-1,-1
261,5,0.00,0.00,0.00,0.00,1.0,-1,-1,-1
261,6,382.00,161.00,26.00,77.00,1.0,-1,-1,-1
261,7,0.00,0.00,0.00,0.00,1.0,-1,-1,-1
261,8,678.00,160.00,27.00,78.00,1.0,-1,-1,-1
261,9,0.00,0.00,0.00,0.00,1.0,-1,-1,-1
261,10,0.00,0.00,0.00,0.00,1.0,-1,-1,-1
261,11,0.00,0.00,0.00,0.00,1.0,-1,-1,-1
261,12,0.00,0.00,0.00,0.00,1.0,-1,-1,-1
261,13,0.00,0.00,0.00,0.00,1.0,-1,-1,-1
261,14,0.00,0.00,0.00,0.00,1.0,-1,-1,-1
261,15,553.00,100.00,16.00,54.00,1.0,-1,-1,-1
261,16,631.00,134.00,19.00,63.00,1.0,-1,-1,-1
261,17,570.00,229.00,23.00,72.00,1.0,-1,-1,-1
261,18,0.00,0.00,0.00,0.00,1.0,-1,-1,-1
261,19,0.00,0.00,0.00,0.00,1.0,-1,-1,-1
261,20,0.00,0.00,0.00,0.00,1.0,-1,-1,-1
261,21,0.00,0.00,0.00,0.00,1.0,-1,-1,-1
261,22,553.00,252.00,31.00,94.00,1.0,-1,-1,-1
261,23,0.00,0.00,0.00,0.00,1.0,-1,-1,-1
262,0,0.00,0.00,0.00,0.00,1.0,-1,-1,-1
262,1,729.00,349.00,34.00,117.00,1.0,-1,-1,-1
262,2,346.00,214.00,33.00,93.00,1.0,-1,-1,-1
262,3,576.00,230.00,29.00,91.00,1.0,-1,-1,-1
262,4,0.00,0.00,0.00,0.00,1.0,-1,-1,-1
262,5,0.00,0.00,0.00,0.00,1.0,-1,-1,-1
262,6,386.00,161.00,29.00,79.00,1.0,-1,-1,-1
262,7,0.00,0.00,0.00,0.00,1.0,-1,-1,-1
262,8,679.00,162.00,26.00,78.00,1.0,-1,-1,-1
262,9,0.00,0.00,0.00,0.00,1.0,-1,-1,-1
262,10,0.00,0.00,0.00,0.00,1.0,-1,-1,-1
262,11,0.00,0.00,0.00,0.00,1.0,-1,-1,-1
262,12,0.00,0.00,0.00,0.00,1.0,-1,-1,-1
262,13,0.00,0.00,0.00,0.00,1.0,-1,-1,-1
262,14,0.00,0.00,0.00,0.00,1.0,-1,-1,-1
262,15,553.00,100.00,16.00,54.00,1.0,-1,-1,-1
262,16,632.00,135.00,20.00,61.00,1.0,-1,-1,-1
262,17,577.00,230.00,28.00,91.00,1.0,-1,-1,-1
262,18,0.00,0.00,0.00,0.00,1.0,-1,-1,-1
262,19,0.00,0.00,0.00,0.00,1.0,-1,-1,-1
262,20,0.00,0.00,0.00,0.00,1.0,-1,-1,-1
262,21,0.00,0.00,0.00,0.00,1.0,-1,-1,-1
262,22,557.00,252.00,42.00,97.00,1.0,-1,-1,-1
262,23,0.00,0.00,0.00,0.00,1.0,-1,-1,-1
263,0,0.00,0.00,0.00,0.00,1.0,-1,-1,-1
263,1,728.00,348.00,35.00,118.00,1.0,-1,-1,-1
263,2,351.00,214.00,30.00,94.00,1.0,-1,-1,-1
263,3,583.00,233.00,37.00,92.00,1.0,-1,-1,-1
263,4,0.00,0.00,0.00,0.00,1.0,-1,-1,-1
263,5,0.00,0.00,0.00,0.00,1.0,-1,-1,-1
263,6,391.00,162.00,29.00,79.00,1.0,-1,-1,-1
263,7,0.00,0.00,0.00,0.00,1.0,-1,-1,-1
263,8,678.00,163.00,27.00,78.00,1.0,-1,-1,-1
263,9,0.00,0.00,0.00,0.00,1.0,-1,-1,-1
263,10,0.00,0.00,0.00,0.00,1.0,-1,-1,-1
263,11,0.00,0.00,0.00,0.00,1.0,-1,-1,-1
263,12,0.00,0.00,0.00,0.00,1.0,-1,-1,-1
263,13,0.00,0.00,0.00,0.00,1.0,-1,-1,-1
263,14,0.00,0.00,0.00,0.00,1.0,-1,-1,-1
263,15,554.00,99.00,16.00,56.00,1.0,-1,-1,-1
263,16,633.00,135.00,20.00,61.00,1.0,-1,-1,-1
263,17,584.00,233.00,36.00,92.00,1.0,-1,-1,-1
263,18,0.00,0.00,0.00,0.00,1.0,-1,-1,-1
263,19,0.00,0.00,0.00,0.00,1.0,-1,-1,-1
263,20,0.00,0.00,0.00,0.00,1.0,-1,-1,-1
263,21,0.00,0.00,0.00,0.00,1.0,-1,-1,-1
263,22,562.00,255.00,43.00,98.00,1.0,-1,-1,-1
263,23,0.00,0.00,0.00,0.00,1.0,-1,-1,-1
264,0,0.00,0.00,0.00,0.00,1.0,-1,-1,-1
264,1,728.00,348.00,35.00,118.00,1.0,-1,-1,-1
264,2,353.00,213.00,34.00,95.00,1.0,-1,-1,-1
264,3,593.00,235.00,30.00,94.00,1.0,-1,-1,-1
264,4,0.00,0.00,0.00,0.00,1.0,-1,-1,-1
264,5,0.00,0.00,0.00,0.00,1.0,-1,-1,-1
264,6,393.00,164.00,31.00,74.00,1.0,-1,-1,-1
264,7,0.00,0.00,0.00,0.00,1.0,-1,-1,-1
264,8,678.00,164.00,28.00,77.00,1.0,-1,-1,-1
264,9,0.00,0.00,0.00,0.00,1.0,-1,-1,-1
264,10,0.00,0.00,0.00,0.00,1.0,-1,-1,-1
264,11,0.00,0.00,0.00,0.00,1.0,-1,-1,-1
264,12,0.00,0.00,0.00,0.00,1.0,-1,-1,-1
264,13,0.00,0.00,0.00,0.00,1.0,-1,-1,-1
264,14,0.00,0.00,0.00,0.00,1.0,-1,-1,-1
264,15,554.00,99.00,16.00,56.00,1.0,-1,-1,-1
264,16,634.00,135.00,21.00,63.00,1.0,-1,-1,-1
264,17,594.00,235.00,28.00,94.00,1.0,-1,-1,-1
264,18,0.00,0.00,0.00,0.00,1.0,-1,-1,-1
264,19,0.00,0.00,0.00,0.00,1.0,-1,-1,-1
264,20,0.00,0.00,0.00,0.00,1.0,-1,-1,-1
264,21,0.00,0.00,0.00,0.00,1.0,-1,-1,-1
264,22,564.00,257.00,44.00,97.00,1.0,-1,-1,-1
264,23,0.00,0.00,0.00,0.00,1.0,-1,-1,-1
265,0,0.00,0.00,0.00,0.00,1.0,-1,-1,-1
265,1,727.00,347.00,36.00,119.00,1.0,-1,-1,-1
265,2,361.00,215.00,48.00,93.00,1.0,-1,-1,-1
265,3,604.00,236.00,24.00,94.00,1.0,-1,-1,-1
265,4,0.00,0.00,0.00,0.00,1.0,-1,-1,-1
265,5,0.00,0.00,0.00,0.00,1.0,-1,-1,-1
265,6,404.00,164.00,22.00,72.00,1.0,-1,-1,-1
265,7,0.00,0.00,0.00,0.00,1.0,-1,-1,-1
265,8,677.00,168.00,29.00,76.00,1.0,-1,-1,-1
265,9,0.00,0.00,0.00,0.00,1.0,-1,-1,-1
265,10,0.00,0.00,0.00,0.00,1.0,-1,-1,-1
265,11,0.00,0.00,0.00,0.00,1.0,-1,-1,-1
265,12,0.00,0.00,0.00,0.00,1.0,-1,-1,-1
265,13,0.00,0.00,0.00,0.00,1.0,-1,-1,-1
265,14,0.00,0.00,0.00,0.00,1.0,-1,-1,-1
265,15,556.00,98.00,15.00,37.00,1.0,-1,-1,-1
265,16,634.00,137.00,21.00,64.00,1.0,-1,-1,-1
265,17,604.00,236.00,24.00,94.00,1.0,-1,-1,-1
265,18,0.00,0.00,0.00,0.00,1.0,-1,-1,-1
265,19,0.00,0.00,0.00,0.00,1.0,-1,-1,-1
265,20,0.00,0.00,0.00,0.00,1.0,-1,-1,-1
265,21,0.00,0.00,0.00,0.00,1.0,-1,-1,-1
265,22,583.00,260.00,29.00,96.00,1.0,-1,-1,-1
265,23,0.00,0.00,0.00,0.00,1.0,-1,-1,-1
266,0,0.00,0.00,0.00,0.00,1.0,-1,-1,-1
266,1,726.00,346.00,36.00,120.00,1.0,-1,-1,-1
266,2,367.00,218.00,45.00,94.00,1.0,-1,-1,-1
266,3,610.00,239.00,28.00,97.00,1.0,-1,-1,-1
266,4,0.00,0.00,0.00,0.00,1.0,-1,-1,-1
266,5,0.00,0.00,0.00,0.00,1.0,-1,-1,-1
266,6,408.00,163.00,26.00,41.00,1.0,-1,-1,-1
266,7,0.00,0.00,0.00,0.00,1.0,-1,-1,-1
266,8,678.00,170.00,29.00,78.00,1.0,-1,-1,-1
266,9,0.00,0.00,0.00,0.00,1.0,-1,-1,-1
266,10,0.00,0.00,0.00,0.00,1.0,-1,-1,-1
266,11,0.00,0.00,0.00,0.00,1.0,-1,-1,-1
266,12,0.00,0.00,0.00,0.00,1.0,-1,-1,-1
266,13,0.00,0.00,0.00,0.00,1.0,-1,-1,-1
266,14,0.00,0.00,0.00,0.00,1.0,-1,-1,-1
266,15,556.00,99.00,16.00,35.00,1.0,-1,-1,-1
266,16,634.00,137.00,22.00,64.00,1.0,-1,-1,-1
266,17,612.00,239.00,26.00,97.00,1.0,-1,-1,-1
266,18,0.00,0.00,0.00,0.00,1.0,-1,-1,-1
266,19,0.00,0.00,0.00,0.00,1.0,-1,-1,-1
266,20,0.00,0.00,0.00,0.00,1.0,-1,-1,-1
266,21,0.00,0.00,0.00,0.00,1.0,-1,-1,-1
266,22,589.00,261.00,29.00,103.00,1.0,-1,-1,-1
266,23,0.00,0.00,0.00,0.00,1.0,-1,-1,-1
267,0,0.00,0.00,0.00,0.00,1.0,-1,-1,-1
267,1,726.00,345.00,36.00,121.00,1.0,-1,-1,-1
267,2,372.00,219.00,43.00,95.00,1.0,-1,-1,-1
267,3,616.00,243.00,31.00,96.00,1.0,-1,-1,-1
267,4,0.00,0.00,0.00,0.00,1.0,-1,-1,-1
267,5,0.00,0.00,0.00,0.00,1.0,-1,-1,-1
267,6,412.00,167.00,30.00,37.00,1.0,-1,-1,-1
267,7,0.00,0.00,0.00,0.00,1.0,-1,-1,-1
267,8,677.00,169.00,30.00,79.00,1.0,-1,-1,-1
267,9,0.00,0.00,0.00,0.00,1.0,-1,-1,-1
267,10,0.00,0.00,0.00,0.00,1.0,-1,-1,-1
267,11,0.00,0.00,0.00,0.00,1.0,-1,-1,-1
267,12,0.00,0.00,0.00,0.00,1.0,-1,-1,-1
267,13,0.00,0.00,0.00,0.00,1.0,-1,-1,-1
267,14,0.00,0.00,0.00,0.00,1.0,-1,-1,-1
267,15,558.00,98.00,16.00,46.00,1.0,-1,-1,-1
267,16,634.00,137.00,22.00,64.00,1.0,-1,-1,-1
267,17,616.00,243.00,30.00,96.00,1.0,-1,-1,-1
267,18,0.00,0.00,0.00,0.00,1.0,-1,-1,-1
267,19,0.00,0.00,0.00,0.00,1.0,-1,-1,-1
267,20,0.00,0.00,0.00,0.00,1.0,-1,-1,-1
267,21,0.00,0.00,0.00,0.00,1.0,-1,-1,-1
267,22,593.00,265.00,38.00,100.00,1.0,-1,-1,-1
267,23,0.00,0.00,0.00,0.00,1.0,-1,-1,-1
268,0,0.00,0.00,0.00,0.00,1.0,-1,-1,-1
268,1,726.00,344.00,35.00,122.00,1.0,-1,-1,-1
268,2,381.00,219.00,34.00,95.00,1.0,-1,-1,-1
268,3,624.00,245.00,26.00,97.00,1.0,-1,-1,-1
268,4,0.00,0.00,0.00,0.00,1.0,-1,-1,-1
268,5,0.00,0.00,0.00,0.00,1.0,-1,-1,-1
268,6,417.00,165.00,38.00,78.00,1.0,-1,-1,-1
268,7,0.00,0.00,0.00,0.00,1.0,-1,-1,-1
268,8,676.00,170.00,30.00,81.00,1.0,-1,-1,-1
268,9,0.00,0.00,0.00,0.00,1.0,-1,-1,-1
268,10,0.00,0.00,0.00,0.00,1.0,-1,-1,-1
268,11,0.00,0.00,0.00,0.00,1.0,-1,-1,-1
268,12,0.00,0.00,0.00,0.00,1.0,-1,-1,-1
268,13,0.00,0.00,0.00,0.00,1.0,-1,-1,-1
268,14,0.00,0.00,0.00,0.00,1.0,-1,-1,-1
268,15,560.00,99.00,20.00,53.00,1.0,-1,-1,-1
268,16,635.00,138.00,20.00,63.00,1.0,-1,-1,-1
268,17,624.00,245.00,26.00,97.00,1.0,-1,-1,-1
268,18,0.00,0.00,0.00,0.00,1.0,-1,-1,-1
268,19,0.00,0.00,0.00,0.00,1.0,-1,-1,-1
268,20,0.00,0.00,0.00,0.00,1.0,-1,-1,-1
268,21,0.00,0.00,0.00,0.00,1.0,-1,-1,-1
268,22,598.00,267.00,37.00,101.00,1.0,-1,-1,-1
268,23,0.00,0.00,0.00,0.00,1.0,-1,-1,-1
269,0,0.00,0.00,0.00,0.00,1.0,-1,-1,-1
269,1,726.00,342.00,35.00,123.00,1.0,-1,-1,-1
269,2,387.00,218.00,32.00,96.00,1.0,-1,-1,-1
269,3,630.00,244.00,25.00,97.00,1.0,-1,-1,-1
269,4,0.00,0.00,0.00,0.00,1.0,-1,-1,-1
269,5,0.00,0.00,0.00,0.00,1.0,-1,-1,-1
269,6,432.00,165.00,25.00,78.00,1.0,-1,-1,-1
269,7,0.00,0.00,0.00,0.00,1.0,-1,-1,-1
269,8,676.00,173.00,29.00,82.00,1.0,-1,-1,-1
269,9,0.00,0.00,0.00,0.00,1.0,-1,-1,-1
269,10,0.00,0.00,0.00,0.00,1.0,-1,-1,-1
269,11,0.00,0.00,0.00,0.00,1.0,-1,-1,-1
269,12,0.00,0.00,0.00,0.00,1.0,-1,-1,-1
269,13,0.00,0.00,0.00,0.00,1.0,-1,-1,-1
269,14,0.00,0.00,0.00,0.00,1.0,-1,-1,-1
269,15,561.00,99.00,20.00,53.00,1.0,-1,-1,-1
269,16,635.00,138.00,21.00,65.00,1.0,-1,-1,-1
269,17,631.00,244.00,24.00,97.00,1.0,-1,-1,-1
269,18,0.00,0.00,0.00,0.00,1.0,-1,-1,-1
269,19,0.00,0.00,0.00,0.00,1.0,-1,-1,-1
269,20,0.00,0.00,0.00,0.00,1.0,-1,-1,-1
269,21,0.00,0.00,0.00,0.00,1.0,-1,-1,-1
269,22,608.00,268.00,29.00,100.00,1.0,-1,-1,-1
269,23,0.00,0.00,0.00,0.00,1.0,-1,-1,-1
270,0,0.00,0.00,0.00,0.00,1.0,-1,-1,-1
270,1,725.00,342.00,35.00,120.00,1.0,-1,-1,-1
270,2,392.00,220.00,33.00,100.00,1.0,-1,-1,-1
270,3,636.00,245.00,28.00,95.00,1.0,-1,-1,-1
270,4,0.00,0.00,0.00,0.00,1.0,-1,-1,-1
270,5,0.00,0.00,0.00,0.00,1.0,-1,-1,-1
270,6,432.00,165.00,24.00,77.00,1.0,-1,-1,-1
270,7,0.00,0.00,0.00,0.00,1.0,-1,-1,-1
270,8,675.00,176.00,28.00,82.00,1.0,-1,-1,-1
270,9,0.00,0.00,0.00,0.00,1.0,-1,-1,-1
270,10,0.00,0.00,0.00,0.00,1.0,-1,-1,-1
270,11,0.00,0.00,0.00,0.00,1.0,-1,-1,-1
270,12,0.00,0.00,0.00,0.00,1.0,-1,-1,-1
270,13,0.00,0.00,0.00,0.00,1.0,-1,-1,-1
270,14,0.00,0.00,0.00,0.00,1.0,-1,-1,-1
270,15,562.00,99.00,20.00,53.00,1.0,-1,-1,-1
270,16,635.00,139.00,21.00,66.00,1.0,-1,-1,-1
270,17,637.00,245.00,26.00,95.00,1.0,-1,-1,-1
270,18,0.00,0.00,0.00,0.00,1.0,-1,-1,-1
270,19,0.00,0.00,0.00,0.00,1.0,-1,-1,-1
270,20,0.00,0.00,0.00,0.00,1.0,-1,-1,-1
270,21,0.00,0.00,0.00,0.00,1.0,-1,-1,-1
270,22,613.00,268.00,32.00,100.00,1.0,-1,-1,-1
270,23,0.00,0.00,0.00,0.00,1.0,-1,-1,-1
271,0,0.00,0.00,0.00,0.00,1.0,-1,-1,-1
271,1,725.00,341.00,34.00,119.00,1.0,-1,-1,-1
271,2,397.00,228.00,32.00,92.00,1.0,-1,-1,-1
271,3,644.00,248.00,37.00,97.00,1.0,-1,-1,-1
271,4,0.00,0.00,0.00,0.00,1.0,-1,-1,-1
271,5,0.00,0.00,0.00,0.00,1.0,-1,-1,-1
271,6,435.00,165.00,25.00,78.00,1.0,-1,-1,-1
271,7,0.00,0.00,0.00,0.00,1.0,-1,-1,-1
271,8,673.00,177.00,28.00,81.00,1.0,-1,-1,-1
271,9,0.00,0.00,0.00,0.00,1.0,-1,-1,-1
271,10,0.00,0.00,0.00,0.00,1.0,-1,-1,-1
271,11,0.00,0.00,0.00,0.00,1.0,-1,-1,-1
271,12,0.00,0.00,0.00,0.00,1.0,-1,-1,-1
271,13,0.00,0.00,0.00,0.00,1.0,-1,-1,-1
271,14,0.00,0.00,0.00,0.00,1.0,-1,-1,-1
271,15,565.00,99.00,17.00,53.00,1.0,-1,-1,-1
271,16,637.00,140.00,21.00,67.00,1.0,-1,-1,-1
271,17,645.00,248.00,36.00,97.00,1.0,-1,-1,-1
271,18,760.00,242.00,8.00,37.00,1.0,-1,-1,-1
271,19,0.00,0.00,0.00,0.00,1.0,-1,-1,-1
271,20,0.00,0.00,0.00,0.00,1.0,-1,-1,-1
271,21,0.00,0.00,0.00,0.00,1.0,-1,-1,-1
271,22,618.00,270.00,38.00,101.00,1.0,-1,-1,-1
271,23,0.00,0.00,0.00,0.00,1.0,-1,-1,-1
272,0,0.00,0.00,0.00,0.00,1.0,-1,-1,-1
272,1,725.00,340.00,33.00,119.00,1.0,-1,-1,-1
272,2,402.00,237.00,227.00,86.00,1.0,-1,-1,-1
272,3,651.00,251.00,33.00,99.00,1.0,-1,-1,-1
272,4,0.00,0.00,0.00,0.00,1.0,-1,-1,-1
272,5,0.00,0.00,0.00,0.00,1.0,-1,-1,-1
272,6,439.00,165.00,28.00,79.00,1.0,-1,-1,-1
272,7,0.00,0.00,0.00,0.00,1.0,-1,-1,-1
272,8,673.00,177.00,27.00,80.00,1.0,-1,-1,-1
272,9,0.00,0.00,0.00,0.00,1.0,-1,-1,-1
272,10,0.00,0.00,0.00,0.00,1.0,-1,-1,-1
272,11,0.00,0.00,0.00,0.00,1.0,-1,-1,-1
272,12,0.00,0.00,0.00,0.00,1.0,-1,-1,-1
272,13,0.00,0.00,0.00,0.00,1.0,-1,-1,-1
272,14,0.00,0.00,0.00,0.00,1.0,-1,-1,-1
272,15,567.00,98.00,16.00,54.00,1.0,-1,-1,-1
272,16,638.00,141.00,21.00,65.00,1.0,-1,-1,-1
272,17,651.00,251.00,33.00,99.00,1.0,-1,-1,-1
272,18,761.00,237.00,7.00,61.00,1.0,-1,-1,-1
272,19,0.00,0.00,0.00,0.00,1.0,-1,-1,-1
272,20,0.00,0.00,0.00,0.00,1.0,-1,-1,-1
272,21,760.00,237.00,8.00,62.00,1.0,-1,-1,-1
272,22,622.00,273.00,49.00,102.00,1.0,-1,-1,-1
272,23,0.00,0.00,0.00,0.00,1.0,-1,-1,-1
273,0,0.00,0.00,0.00,0.00,1.0,-1,-1,-1
273,1,711.00,340.00,44.00,120.00,1.0,-1,-1,-1
273,2,411.00,243.00,35.00,78.00,1.0,-1,-1,-1
273,3,663.00,253.00,26.00,98.00,1.0,-1,-1,-1
273,4,0.00,0.00,0.00,0.00,1.0,-1,-1,-1
273,5,0.00,0.00,0.00,0.00,1.0,-1,-1,-1
273,6,447.00,167.00,32.00,80.00,1.0,-1,-1,-1
273,7,0.00,0.00,0.00,0.00,1.0,-1,-1,-1
273,8,671.00,182.00,27.00,78.00,1.0,-1,-1,-1
273,9,0.00,0.00,0.00,0.00,1.0,-1,-1,-1
273,10,0.00,0.00,0.00,0.00,1.0,-1,-1,-1
273,11,0.00,0.00,0.00,0.00,1.0,-1,-1,-1
273,12,0.00,0.00,0.00,0.00,1.0,-1,-1,-1
273,13,0.00,0.00,0.00,0.00,1.0,-1,-1,-1
273,14,0.00,0.00,0.00,0.00,1.0,-1,-1,-1
273,15,572.00,99.00,15.00,50.00,1.0,-1,-1,-1
273,16,639.00,142.00,21.00,65.00,1.0,-1,-1,-1
273,17,664.00,253.00,25.00,98.00,1.0,-1,-1,-1
273,18,0.00,0.00,0.00,0.00,1.0,-1,-1,-1
273,19,0.00,0.00,0.00,0.00,1.0,-1,-1,-1
273,20,0.00,0.00,0.00,0.00,1.0,-1,-1,-1
273,21,755.00,221.00,13.00,77.00,1.0,-1,-1,-1
273,22,630.00,277.00,43.00,101.00,1.0,-1,-1,-1
273,23,0.00,0.00,0.00,0.00,1.0,-1,-1,-1
274,0,0.00,0.00,0.00,0.00,1.0,-1,-1,-1
274,1,705.00,340.00,48.00,119.00,1.0,-1,-1,-1
274,2,414.00,243.00,37.00,81.00,1.0,-1,-1,-1
274,3,669.00,254.00,26.00,102.00,1.0,-1,-1,-1
274,4,0.00,0.00,0.00,0.00,1.0,-1,-1,-1
274,5,0.00,0.00,0.00,0.00,1.0,-1,-1,-1
274,6,451.00,168.00,30.00,81.00,1.0,-1,-1,-1
274,7,0.00,0.00,0.00,0.00,1.0,-1,-1,-1
274,8,669.00,183.00,29.00,72.00,1.0,-1,-1,-1
274,9,0.00,0.00,0.00,0.00,1.0,-1,-1,-1
274,10,0.00,0.00,0.00,0.00,1.0,-1,-1,-1
274,11,0.00,0.00,0.00,0.00,1.0,-1,-1,-1
274,12,0.00,0.00,0.00,0.00,1.0,-1,-1,-1
274,13,0.00,0.00,0.00,0.00,1.0,-1,-1,-1
274,14,0.00,0.00,0.00,0.00,1.0,-1,-1,-1
274,15,573.00,99.00,15.00,53.00,1.0,-1,-1,-1
274,16,638.00,142.00,22.00,67.00,1.0,-1,-1,-1
274,17,670.00,255.00,25.00,101.00,1.0,-1,-1,-1
274,18,0.00,0.00,0.00,0.00,1.0,-1,-1,-1
274,19,0.00,0.00,0.00,0.00,1.0,-1,-1,-1
274,20,0.00,0.00,0.00,0.00,1.0,-1,-1,-1
274,21,752.00,219.00,16.00,80.00,1.0,-1,-1,-1
274,22,646.00,277.00,29.00,101.00,1.0,-1,-1,-1
274,23,0.00,0.00,0.00,0.00,1.0,-1,-1,-1
275,0,0.00,0.00,0.00,0.00,1.0,-1,-1,-1
275,1,703.00,341.00,46.00,118.00,1.0,-1,-1,-1
275,2,419.00,230.00,48.00,97.00,1.0,-1,-1,-1
275,3,675.00,258.00,27.00,101.00,1.0,-1,-1,-1
275,4,0.00,0.00,0.00,0.00,1.0,-1,-1,-1
275,5,0.00,0.00,0.00,0.00,1.0,-1,-1,-1
275,6,458.00,168.00,25.00,80.00,1.0,-1,-1,-1
275,7,0.00,0.00,0.00,0.00,1.0,-1,-1,-1
275,8,668.00,183.00,29.00,78.00,1.0,-1,-1,-1
275,9,0.00,0.00,0.00,0.00,1.0,-1,-1,-1
275,10,0.00,0.00,0.00,0.00,1.0,-1,-1,-1
275,11,0.00,0.00,0.00,0.00,1.0,-1,-1,-1
275,12,0.00,0.00,0.00,0.00,1.0,-1,-1,-1
275,13,0.00,0.00,0.00,0.00,1.0,-1,-1,-1
275,14,0.00,0.00,0.00,0.00,1.0,-1,-1,-1
275,15,575.00,99.00,18.00,53.00,1.0,-1,-1,-1
275,16,638.00,143.00,22.00,67.00,1.0,-1,-1,-1
275,17,675.00,258.00,27.00,101.00,1.0,-1,-1,-1
275,18,0.00,0.00,0.00,0.00,1.0,-1,-1,-1
275,19,0.00,0.00,0.00,0.00,1.0,-1,-1,-1
275,20,0.00,0.00,0.00,0.00,1.0,-1,-1,-1
275,21,751.00,218.00,17.00,80.00,1.0,-1,-1,-1
275,22,651.00,279.00,33.00,105.00,1.0,-1,-1,-1
275,23,0.00,0.00,0.00,0.00,1.0,-1,-1,-1
276,0,0.00,0.00,0.00,0.00,1.0,-1,-1,-1
276,1,703.00,341.00,43.00,118.00,1.0,-1,-1,-1
276,2,427.00,231.00,43.00,100.00,1.0,-1,-1,-1
276,3,684.00,261.00,25.00,102.00,1.0,-1,-1,-1
276,4,0.00,0.00,0.00,0.00,1.0,-1,-1,-1
276,5,0.00,0.00,0.00,0.00,1.0,-1,-1,-1
276,6,463.00,168.00,25.00,80.00,1.0,-1,-1,-1
276,7,0.00,0.00,0.00,0.00,1.0,-1,-1,-1
276,8,667.00,183.00,29.00,83.00,1.0,-1,-1,-1
276,9,0.00,0.00,0.00,0.00,1.0,-1,-1,-1
276,10,0.00,0.00,0.00,0.00,1.0,-1,-1,-1
276,11,0.00,0.00,0.00,0.00,1.0,-1,-1,-1
276,12,0.00,0.00,0.00,0.00,1.0,-1,-1,-1
276,13,0.00,0.00,0.00,0.00,1.0,-1,-1,-1
276,14,0.00,0.00,0.00,0.00,1.0,-1,-1,-1
276,15,577.00,101.00,19.00,51.00,1.0,-1,-1,-1
276,16,637.00,143.00,22.00,67.00,1.0,-1,-1,-1
276,17,682.00,261.00,28.00,103.00,1.0,-1,-1,-1
276,18,0.00,0.00,0.00,0.00,1.0,-1,-1,-1
276,19,0.00,0.00,0.00,0.00,1.0,-1,-1,-1
276,20,0.00,0.00,0.00,0.00,1.0,-1,-1,-1
276,21,746.00,218.00,22.00,80.00,1.0,-1,-1,-1
276,22,658.00,281.00,37.00,107.00,1.0,-1,-1,-1
276,23,0.00,0.00,0.00,0.00,1.0,-1,-1,-1
277,0,0.00,0.00,0.00,0.00,1.0,-1,-1,-1
277,1,703.00,341.00,43.00,118.00,1.0,-1,-1,-1
277,2,433.00,232.00,39.00,100.00,1.0,-1,-1,-1
277,3,689.00,263.00,25.00,101.00,1.0,-1,-1,-1
277,4,0.00,0.00,0.00,0.00,1.0,-1,-1,-1
277,5,0.00,0.00,0.00,0.00,1.0,-1,-1,-1
277,6,467.00,170.00,32.00,78.00,1.0,-1,-1,-1
277,7,0.00,0.00,0.00,0.00,1.0,-1,-1,-1
277,8,665.00,185.00,30.00,86.00,1.0,-1,-1,-1
277,9,0.00,0.00,0.00,0.00,1.0,-1,-1,-1
277,10,0.00,0.00,0.00,0.00,1.0,-1,-1,-1
277,11,0.00,0.00,0.00,0.00,1.0,-1,-1,-1
277,12,0.00,0.00,0.00,0.00,1.0,-1,-1,-1
277,13,0.00,0.00,0.00,0.00,1.0,-1,-1,-1
277,14,0.00,0.00,0.00,0.00,1.0,-1,-1,-1
277,15,579.00,101.00,19.00,51.00,1.0,-1,-1,-1
277,16,636.00,143.00,22.00,67.00,1.0,-1,-1,-1
277,17,689.00,263.00,26.00,101.00,1.0,-1,-1,-1
277,18,0.00,0.00,0.00,0.00,1.0,-1,-1,-1
277,19,0.00,0.00,0.00,0.00,1.0,-1,-1,-1
277,20,0.00,0.00,0.00,0.00,1.0,-1,-1,-1
277,21,743.00,217.00,25.00,80.00,1.0,-1,-1,-1
277,22,658.00,284.00,43.00,106.00,1.0,-1,-1,-1
277,23,0.00,0.00,0.00,0.00,1.0,-1,-1,-1
278,0,0.00,0.00,0.00,0.00,1.0,-1,-1,-1
278,1,701.00,341.00,34.00,118.00,1.0,-1,-1,-1
278,2,445.00,231.00,36.00,101.00,1.0,-1,-1,-1
278,3,701.00,264.00,25.00,79.00,1.0,-1,-1,-1
278,4,0.00,0.00,0.00,0.00,1.0,-1,-1,-1
278,5,0.00,0.00,0.00,0.00,1.0,-1,-1,-1
278,6,477.00,171.00,29.00,81.00,1.0,-1,-1,-1
278,7,0.00,0.00,0.00,0.00,1.0,-1,-1,-1
278,8,662.00,190.00,29.00,86.00,1.0,-1,-1,-1
278,9,0.00,0.00,0.00,0.00,1.0,-1,-1,-1
278,10,0.00,0.00,0.00,0.00,1.0,-1,-1,-1
278,11,0.00,0.00,0.00,0.00,1.0,-1,-1,-1
278,12,0.00,0.00,0.00,0.00,1.0,-1,-1,-1
278,13,0.00,0.00,0.00,0.00,1.0,-1,-1,-1
278,14,0.00,0.00,0.00,0.00,1.0,-1,-1,-1
278,15,586.00,100.00,15.00,51.00,1.0,-1,-1,-1
278,16,635.00,143.00,22.00,68.00,1.0,-1,-1,-1
278,17,701.00,264.00,25.00,98.00,1.0,-1,-1,-1
278,18,0.00,0.00,0.00,0.00,1.0,-1,-1,-1
278,19,0.00,0.00,0.00,0.00,1.0,-1,-1,-1
278,20,0.00,0.00,0.00,0.00,1.0,-1,-1,-1
278,21,738.00,216.00,25.00,75.00,1.0,-1,-1,-1
278,22,676.00,286.00,31.00,104.00,1.0,-1,-1,-1
278,23,0.00,0.00,0.00,0.00,1.0,-1,-1,-1
279,0,0.00,0.00,0.00,0.00,1.0,-1,-1,-1
279,1,700.00,341.00,32.00,118.00,1.0,-1,-1,-1
279,2,451.00,233.00,35.00,104.00,1.0,-1,-1,-1
279,3,710.00,268.00,33.00,101.00,1.0,-1,-1,-1
279,4,0.00,0.00,0.00,0.00,1.0,-1,-1,-1
279,5,0.00,0.00,0.00,0.00,1.0,-1,-1,-1
279,6,480.00,171.00,30.00,82.00,1.0,-1,-1,-1
279,7,0.00,0.00,0.00,0.00,1.0,-1,-1,-1
279,8,659.00,192.00,30.00,84.00,1.0,-1,-1,-1
279,9,0.00,0.00,0.00,0.00,1.0,-1,-1,-1
279,10,0.00,0.00,0.00,0.00,1.0,-1,-1,-1
279,11,0.00,0.00,0.00,0.00,1.0,-1,-1,-1
279,12,0.00,0.00,0.00,0.00,1.0,-1,-1,-1
279,13,0.00,0.00,0.00,0.00,1.0,-1,-1,-1
279,14,0.00,0.00,0.00,0.00,1.0,-1,-1,-1
279,15,588.00,102.00,14.00,51.00,1.0,-1,-1,-1
279,16,635.00,143.00,22.00,70.00,1.0,-1,-1,-1
279,17,710.00,268.00,33.00,100.00,1.0,-1,-1,-1
279,18,0.00,0.00,0.00,0.00,1.0,-1,-1,-1
279,19,0.00,0.00,0.00,0.00,1.0,-1,-1,-1
279,20,0.00,0.00,0.00,0.00,1.0,-1,-1,-1
279,21,736.00,215.00,21.00,76.00,1.0,-1,-1,-1
279,22,682.00,287.00,34.00,104.00,1.0,-1,-1,-1
279,23,0.00,0.00,0.00,0.00,1.0,-1,-1,-1
280,0,0.00,0.00,0.00,0.00,1.0,-1,-1,-1
280,1,698.00,343.00,32.00,116.00,1.0,-1,-1,-1
280,2,457.00,237.00,45.00,100.00,1.0,-1,-1,-1
280,3,717.00,264.00,28.00,109.00,1.0,-1,-1,-1
280,4,0.00,0.00,0.00,0.00,1.0,-1,-1,-1
280,5,0.00,0.00,0.00,0.00,1.0,-1,-1,-1
280,6,483.00,172.00,32.00,82.00,1.0,-1,-1,-1
280,7,0.00,0.00,0.00,0.00,1.0,-1,-1,-1
280,8,658.00,191.00,30.00,85.00,1.0,-1,-1,-1
280,9,0.00,0.00,0.00,0.00,1.0,-1,-1,-1
280,10,0.00,0.00,0.00,0.00,1.0,-1,-1,-1
280,11,0.00,0.00,0.00,0.00,1.0,-1,-1,-1
280,12,0.00,0.00,0.00,0.00,1.0,-1,-1,-1
280,13,0.00,0.00,0.00,0.00,1.0,-1,-1,-1
280,14,0.00,0.00,0.00,0.00,1.0,-1,-1,-1
280,15,589.00,104.00,15.00,31.00,1.0,-1,-1,-1
280,16,635.00,146.00,22.00,68.00,1.0,-1,-1,-1
280,17,717.00,264.00,28.00,109.00,1.0,-1,-1,-1
280,18,0.00,0.00,0.00,0.00,1.0,-1,-1,-1
280,19,0.00,0.00,0.00,0.00,1.0,-1,-1,-1
280,20,0.00,0.00,0.00,0.00,1.0,-1,-1,-1
280,21,734.00,214.00,22.00,77.00,1.0,-1,-1,-1
280,22,687.00,290.00,33.00,99.00,1.0,-1,-1,-1
280,23,0.00,0.00,0.00,0.00,1.0,-1,-1,-1
280,24,340.00,131.00,29.00,59.00,1.0,-1,-1,-1
281,0,0.00,0.00,0.00,0.00,1.0,-1,-1,-1
281,1,692.00,341.00,35.00,118.00,1.0,-1,-1,-1
281,2,459.00,238.00,48.00,102.00,1.0,-1,-1,-1
281,3,722.00,270.00,24.00,104.00,1.0,-1,-1,-1
281,4,0.00,0.00,0.00,0.00,1.0,-1,-1,-1
281,5,0.00,0.00,0.00,0.00,1.0,-1,-1,-1
281,6,486.00,173.00,34.00,85.00,1.0,-1,-1,-1
281,7,0.00,0.00,0.00,0.00,1.0,-1,-1,-1
281,8,656.00,192.00,31.00,90.00,1.0,-1,-1,-1
281,9,0.00,0.00,0.00,0.00,1.0,-1,-1,-1
281,10,0.00,0.00,0.00,0.00,1.0,-1,-1,-1
281,11,0.00,0.00,0.00,0.00,1.0,-1,-1,-1
281,12,0.00,0.00,0.00,0.00,1.0,-1,-1,-1
281,13,0.00,0.00,0.00,0.00,1.0,-1,-1,-1
281,14,0.00,0.00,0.00,0.00,1.0,-1,-1,-1
281,15,592.00,101.00,16.00,49.00,1.0,-1,-1,-1
281,16,636.00,148.00,22.00,67.00,1.0,-1,-1,-1
281,17,722.00,270.00,24.00,104.00,1.0,-1,-1,-1
281,18,0.00,0.00,0.00,0.00,1.0,-1,-1,-1
281,19,0.00,0.00,0.00,0.00,1.0,-1,-1,-1
281,20,0.00,0.00,0.00,0.00,1.0,-1,-1,-1
281,21,732.00,213.00,22.00,77.00,1.0,-1,-1,-1
281,22,688.00,293.00,38.00,96.00,1.0,-1,-1,-1
281,23,0.00,0.00,0.00,0.00,1.0,-1,-1,-1
281,24,341.00,131.00,28.00,61.00,1.0,-1,-1,-1
281,25,700.00,209.00,31.00,83.00,1.0,-1,-1,-1
282,0,0.00,0.00,0.00,0.00,1.0,-1,-1,-1
282,1,687.00,336.00,37.00,123.00,1.0,-1,-1,-1
282,2,471.00,237.00,36.00,103.00,1.0,-1,-1,-1
282,3,729.00,272.00,22.00,102.00,1.0,-1,-1,-1
282,4,0.00,0.00,0.00,0.00,1.0,-1,-1,-1
282,5,0.00,0.00,0.00,0.00,1.0,-1,-1,-1
282,6,490.00,174.00,34.00,83.00,1.0,-1,-1,-1
282,7,0.00,0.00,0.00,0.00,1.0,-1,-1,-1
282,8,656.00,197.00,30.00,86.00,1.0,-1,-1,-1
282,9,0.00,0.00,0.00,0.00,1.0,-1,-1,-1
282,10,0.00,0.00,0.00,0.00,1.0,-1,-1,-1
282,11,0.00,0.00,0.00,0.00,1.0,-1,-1,-1
282,12,0.00,0.00,0.00,0.00,1.0,-1,-1,-1
282,13,0.00,0.00,0.00,0.00,1.0,-1,-1,-1
282,14,0.00,0.00,0.00,0.00,1.0,-1,-1,-1
282,15,595.00,104.00,16.00,50.00,1.0,-1,-1,-1
282,16,637.00,148.00,21.00,67.00,1.0,-1,-1,-1
282,17,726.00,271.00,25.00,103.00,1.0,-1,-1,-1
282,18,0.00,0.00,0.00,0.00,1.0,-1,-1,-1
282,19,0.00,0.00,0.00,0.00,1.0,-1,-1,-1
282,20,0.00,0.00,0.00,0.00,1.0,-1,-1,-1
282,21,730.00,214.00,22.00,70.00,1.0,-1,-1,-1
282,22,703.00,296.00,36.00,105.00,1.0,-1,-1,-1
282,23,0.00,0.00,0.00,0.00,1.0,-1,-1,-1
282,24,338.00,131.00,27.00,61.00,1.0,-1,-1,-1
282,25,698.00,210.00,32.00,86.00,1.0,-1,-1,-1
283,0,0.00,0.00,0.00,0.00,1.0,-1,-1,-1
283,1,686.00,339.00,34.00,119.00,1.0,-1,-1,-1
283,2,477.00,236.00,38.00,104.00,1.0,-1,-1,-1
283,3,737.00,272.00,22.00,108.00,1.0,-1,-1,-1
283,4,0.00,0.00,0.00,0.00,1.0,-1,-1,-1
283,5,0.00,0.00,0.00,0.00,1.0,-1,-1,-1
283,6,495.00,175.00,31.00,85.00,1.0,-1,-1,-1
283,7,0.00,0.00,0.00,0.00,1.0,-1,-1,-1
283,8,654.00,197.00,31.00,89.00,1.0,-1,-1,-1
283,9,0.00,0.00,0.00,0.00,1.0,-1,-1,-1
283,10,0.00,0.00,0.00,0.00,1.0,-1,-1,-1
283,11,0.00,0.00,0.00,0.00,1.0,-1,-1,-1
283,12,0.00,0.00,0.00,0.00,1.0,-1,-1,-1
283,13,0.00,0.00,0.00,0.00,1.0,-1,-1,-1
283,14,0.00,0.00,0.00,0.00,1.0,-1,-1,-1
283,15,598.00,107.00,14.00,46.00,1.0,-1,-1,-1
283,16,637.00,148.00,22.00,67.00,1.0,-1,-1,-1
283,17,736.00,272.00,23.00,108.00,1.0,-1,-1,-1
283,18,0.00,0.00,0.00,0.00,1.0,-1,-1,-1
283,19,0.00,0.00,0.00,0.00,1.0,-1,-1,-1
283,20,0.00,0.00,0.00,0.00,1.0,-1,-1,-1
283,21,729.00,213.00,21.00,75.00,1.0,-1,-1,-1
283,22,709.00,295.00,33.00,106.00,1.0,-1,-1,-1
283,23,0.00,0.00,0.00,0.00,1.0,-1,-1,-1
283,24,335.00,131.00,24.00,61.00,1.0,-1,-1,-1
283,25,691.00,209.00,38.00,87.00,1.0,-1,-1,-1
284,0,0.00,0.00,0.00,0.00,1.0,-1,-1,-1
284,1,685.00,337.00,33.00,120.00,1.0,-1,-1,-1
284,2,482.00,236.00,41.00,104.00,1.0,-1,-1,-1
284,3,744.00,273.00,24.00,102.00,1.0,-1,-1,-1
284,4,0.00,0.00,0.00,0.00,1.0,-1,-1,-1
284,5,0.00,0.00,0.00,0.00,1.0,-1,-1,-1
284,6,500.00,176.00,26.00,83.00,1.0,-1,-1,-1
284,7,0.00,0.00,0.00,0.00,1.0,-1,-1,-1
284,8,652.00,198.00,32.00,88.00,1.0,-1,-1,-1
284,9,0.00,0.00,0.00,0.00,1.0,-1,-1,-1
284,10,0.00,0.00,0.00,0.00,1.0,-1,-1,-1
284,11,0.00,0.00,0.00,0.00,1.0,-1,-1,-1
284,12,0.00,0.00,0.00,0.00,1.0,-1,-1,-1
284,13,0.00,0.00,0.00,0.00,1.0,-1,-1,-1
284,14,0.00,0.00,0.00,0.00,1.0,-1,-1,-1
284,15,599.00,109.00,15.00,42.00,1.0,-1,-1,-1
284,16,637.00,149.00,23.00,66.00,1.0,-1,-1,-1
284,17,744.00,273.00,24.00,102.00,1.0,-1,-1,-1
284,18,0.00,0.00,0.00,0.00,1.0,-1,-1,-1
284,19,0.00,0.00,0.00,0.00,1.0,-1,-1,-1
284,20,0.00,0.00,0.00,0.00,1.0,-1,-1,-1
284,21,727.00,212.00,21.00,75.00,1.0,-1,-1,-1
284,22,715.00,296.00,34.00,105.00,1.0,-1,-1,-1
284,23,0.00,0.00,0.00,0.00,1.0,-1,-1,-1
284,24,332.00,131.00,20.00,61.00,1.0,-1,-1,-1
284,25,691.00,208.00,35.00,88.00,1.0,-1,-1,-1
285,0,0.00,0.00,0.00,0.00,1.0,-1,-1,-1
285,1,678.00,332.00,35.00,119.00,1.0,-1,-1,-1
285,2,494.00,242.00,54.00,102.00,1.0,-1,-1,-1
285,3,759.00,279.00,9.00,74.00,1.0,-1,-1,-1
285,4,0.00,0.00,0.00,0.00,1.0,-1,-1,-1
285,5,0.00,0.00,0.00,0.00,1.0,-1,-1,-1
285,6,506.00,177.00,26.00,75.00,1.0,-1,-1,-1
285,7,0.00,0.00,0.00,0.00,1.0,-1,-1,-1
285,8,650.00,201.00,32.00,90.00,1.0,-1,-1,-1
285,9,0.00,0.00,0.00,0.00,1.0,-1,-1,-1
285,10,0.00,0.00,0.00,0.00,1.0,-1,-1,-1
285,11,0.00,0.00,0.00,0.00,1.0,-1,-1,-1
285,12,0.00,0.00,0.00,0.00,1.0,-1,-1,-1
285,13,0.00,0.00,0.00,0.00,1.0,-1,-1,-1
285,14,0.00,0.00,0.00,0.00,1.0,-1,-1,-1
285,15,604.00,103.00,16.00,52.00,1.0,-1,-1,-1
285,16,637.00,151.00,23.00,68.00,1.0,-1,-1,-1
285,17,759.00,278.00,9.00,75.00,1.0,-1,-1,-1
285,18,0.00,0.00,0.00,0.00,1.0,-1,-1,-1
285,19,0.00,0.00,0.00,0.00,1.0,-1,-1,-1
285,20,0.00,0.00,0.00,0.00,1.0,-1,-1,-1
285,21,724.00,211.00,22.00,78.00,1.0,-1,-1,-1
285,22,724.00,301.00,44.00,110.00,1.0,-1,-1,-1
285,23,0.00,0.00,0.00,0.00,1.0,-1,-1,-1
285,24,322.00,133.00,27.00,61.00,1.0,-1,-1,-1
285,25,686.00,207.00,33.00,88.00,1.0,-1,-1,-1
286,0,0.00,0.00,0.00,0.00,1.0,-1,-1,-1
286,1,669.00,331.00,40.00,116.00,1.0,-1,-1,-1
286,2,514.00,242.00,38.00,103.00,1.0,-1,-1,-1
286,3,0.00,0.00,0.00,0.00,1.0,-1,-1,-1
286,4,0.00,0.00,0.00,0.00,1.0,-1,-1,-1
286,5,0.00,0.00,0.00,0.00,1.0,-1,-1,-1
286,6,513.00,179.00,25.00,79.00,1.0,-1,-1,-1
286,7,0.00,0.00,0.00,0.00,1.0,-1,-1,-1
286,8,648.00,204.00,31.00,91.00,1.0,-1,-1,-1
286,9,0.00,0.00,0.00,0.00,1.0,-1,-1,-1
286,10,0.00,0.00,0.00,0.00,1.0,-1,-1,-1
286,11,0.00,0.00,0.00,0.00,1.0,-1,-1,-1
286,12,0.00,0.00,0.00,0.00,1.0,-1,-1,-1
286,13,0.00,0.00,0.00,0.00,1.0,-1,-1,-1
286,14,0.00,0.00,0.00,0.00,1.0,-1,-1,-1
286,15,607.00,101.00,19.00,54.00,1.0,-1,-1,-1
286,16,636.00,153.00,22.00,68.00,1.0,-1,-1,-1
286,17,0.00,0.00,0.00,0.00,1.0,-1,-1,-1
286,18,0.00,0.00,0.00,0.00,1.0,-1,-1,-1
286,19,0.00,0.00,0.00,0.00,1.0,-1,-1,-1
286,20,0.00,0.00,0.00,0.00,1.0,-1,-1,-1
286,21,720.00,212.00,25.00,77.00,1.0,-1,-1,-1
286,22,730.00,299.00,38.00,112.00,1.0,-1,-1,-1
286,23,0.00,0.00,0.00,0.00,1.0,-1,-1,-1
286,24,317.00,136.00,25.00,60.00,1.0,-1,-1,-1
286,25,684.00,205.00,29.00,89.00,1.0,-1,-1,-1
287,0,0.00,0.00,0.00,0.00,1.0,-1,-1,-1
287,1,659.00,330.00,47.00,117.00,1.0,-1,-1,-1
287,2,521.00,242.00,37.00,104.00,1.0,-1,-1,-1
287,3,0.00,0.00,0.00,0.00,1.0,-1,-1,-1
287,4,0.00,0.00,0.00,0.00,1.0,-1,-1,-1
287,5,0.00,0.00,0.00,0.00,1.0,-1,-1,-1
287,6,514.00,180.00,30.00,79.00,1.0,-1,-1,-1
287,7,0.00,0.00,0.00,0.00,1.0,-1,-1,-1
287,8,647.00,205.00,32.00,90.00,1.0,-1,-1,-1
287,9,0.00,0.00,0.00,0.00,1.0,-1,-1,-1
287,10,0.00,0.00,0.00,0.00,1.0,-1,-1,-1
287,11,0.00,0.00,0.00,0.00,1.0,-1,-1,-1
287,12,0.00,0.00,0.00,0.00,1.0,-1,-1,-1
287,13,0.00,0.00,0.00,0.00,1.0,-1,-1,-1
287,14,0.00,0.00,0.00,0.00,1.0,-1,-1,-1
287,15,610.00,100.00,17.00,55.00,1.0,-1,-1,-1
287,16,635.00,153.00,23.00,67.00,1.0,-1,-1,-1
287,17,0.00,0.00,0.00,0.00,1.0,-1,-1,-1
287,18,0.00,0.00,0.00,0.00,1.0,-1,-1,-1
287,19,0.00,0.00,0.00,0.00,1.0,-1,-1,-1
287,20,0.00,0.00,0.00,0.00,1.0,-1,-1,-1
287,21,717.00,213.00,28.00,77.00,1.0,-1,-1,-1
287,22,744.00,309.00,24.00,102.00,1.0,-1,-1,-1
287,23,0.00,0.00,0.00,0.00,1.0,-1,-1,-1
287,24,312.00,135.00,20.00,61.00,1.0,-1,-1,-1
287,25,684.00,204.00,26.00,90.00,1.0,-1,-1,-1
288,0,0.00,0.00,0.00,0.00,1.0,-1,-1,-1
288,1,652.00,330.00,51.00,117.00,1.0,-1,-1,-1
288,2,528.00,244.00,38.00,108.00,1.0,-1,-1,-1
288,3,0.00,0.00,0.00,0.00,1.0,-1,-1,-1
288,4,0.00,0.00,0.00,0.00,1.0,-1,-1,-1
288,5,0.00,0.00,0.00,0.00,1.0,-1,-1,-1
288,6,520.00,180.00,30.00,81.00,1.0,-1,-1,-1
288,7,0.00,0.00,0.00,0.00,1.0,-1,-1,-1
288,8,646.00,206.00,33.00,89.00,1.0,-1,-1,-1
288,9,0.00,0.00,0.00,0.00,1.0,-1,-1,-1
288,10,0.00,0.00,0.00,0.00,1.0,-1,-1,-1
288,11,753.00,320.00,15.00,91.00,1.0,-1,-1,-1
288,12,0.00,0.00,0.00,0.00,1.0,-1,-1,-1
288,13,0.00,0.00,0.00,0.00,1.0,-1,-1,-1
288,14,0.00,0.00,0.00,0.00,1.0,-1,-1,-1
288,15,613.00,101.00,16.00,55.00,1.0,-1,-1,-1
288,16,635.00,153.00,23.00,67.00,1.0,-1,-1,-1
288,17,0.00,0.00,0.00,0.00,1.0,-1,-1,-1
288,18,0.00,0.00,0.00,0.00,1.0,-1,-1,-1
288,19,0.00,0.00,0.00,0.00,1.0,-1,-1,-1
288,20,0.00,0.00,0.00,0.00,1.0,-1,-1,-1
288,21,717.00,214.00,28.00,78.00,1.0,-1,-1,-1
288,22,753.00,320.00,15.00,91.00,1.0,-1,-1,-1
288,23,0.00,0.00,0.00,0.00,1.0,-1,-1,-1
288,24,308.00,133.00,18.00,63.00,1.0,-1,-1,-1
288,25,684.00,204.00,24.00,90.00,1.0,-1,-1,-1
289,0,0.00,0.00,0.00,0.00,1.0,-1,-1,-1
289,1,651.00,330.00,47.00,117.00,1.0,-1,-1,-1
289,2,533.00,248.00,46.00,105.00,1.0,-1,-1,-1
289,3,0.00,0.00,0.00,0.00,1.0,-1,-1,-1
289,4,0.00,0.00,0.00,0.00,1.0,-1,-1,-1
289,5,0.00,0.00,0.00,0.00,1.0,-1,-1,-1
289,6,525.00,180.00,33.00,84.00,1.0,-1,-1,-1
289,7,0.00,0.00,0.00,0.00,1.0,-1,-1,-1
289,8,645.00,209.00,34.00,94.00,1.0,-1,-1,-1
289,9,0.00,0.00,0.00,0.00,1.0,-1,-1,-1
289,10,0.00,0.00,0.00,0.00,1.0,-1,-1,-1
289,11,759.00,327.00,9.00,84.00,1.0,-1,-1,-1
289,12,0.00,0.00,0.00,0.00,1.0,-1,-1,-1
289,13,0.00,0.00,0.00,0.00,1.0,-1,-1,-1
289,14,0.00,0.00,0.00,0.00,1.0,-1,-1,-1
289,15,616.00,101.00,16.00,55.00,1.0,-1,-1,-1
289,16,635.00,154.00,22.00,67.00,1.0,-1,-1,-1
289,17,0.00,0.00,0.00,0.00,1.0,-1,-1,-1
289,18,0.00,0.00,0.00,0.00,1.0,-1,-1,-1
289,19,0.00,0.00,0.00,0.00,1.0,-1,-1,-1
289,20,0.00,0.00,0.00,0.00,1.0,-1,-1,-1
289,21,717.00,214.00,27.00,80.00,1.0,-1,-1,-1
289,22,758.00,326.00,10.00,85.00,1.0,-1,-1,-1
289,23,0.00,0.00,0.00,0.00,1.0,-1,-1,-1
289,24,301.00,135.00,24.00,61.00,1.0,-1,-1,-1
289,25,681.00,205.00,25.00,87.00,1.0,-1,-1,-1
290,0,763.00,333.00,5.00,79.00,1.0,-1,-1,-1
290,1,650.00,329.00,47.00,116.00,1.0,-1,-1,-1
290,2,537.00,249.00,46.00,107.00,1.0,-1,-1,-1
290,3,0.00,0.00,0.00,0.00,1.0,-1,-1,-1
290,4,0.00,0.00,0.00,0.00,1.0,-1,-1,-1
290,5,0.00,0.00,0.00,0.00,1.0,-1,-1,-1
290,6,528.00,181.00,35.00,83.00,1.0,-1,-1,-1
290,7,0.00,0.00,0.00,0.00,1.0,-1,-1,-1
290,8,645.00,212.00,34.00,93.00,1.0,-1,-1,-1
290,9,763.00,333.00,5.00,79.00,1.0,-1,-1,-1
290,10,0.00,0.00,0.00,0.00,1.0,-1,-1,-1
290,11,763.00,333.00,5.00,79.00,1.0,-1,-1,-1
290,12,0.00,0.00,0.00,0.00,1.0,-1,-1,-1
290,13,0.00,0.00,0.00,0.00,1.0,-1,-1,-1
290,14,0.00,0.00,0.00,0.00,1.0,-1,-1,-1
290,15,618.00,102.00,16.00,55.00,1.0,-1,-1,-1
290,16,635.00,155.00,23.00,67.00,1.0,-1,-1,-1
290,17,0.00,0.00,0.00,0.00,1.0,-1,-1,-1
290,18,0.00,0.00,0.00,0.00,1.0,-1,-1,-1
290,19,0.00,0.00,0.00,0.00,1.0,-1,-1,-1
290,20,0.00,0.00,0.00,0.00,1.0,-1,-1,-1
290,21,717.00,215.00,26.00,79.00,1.0,-1,-1,-1
290,22,763.00,334.00,5.00,77.00,1.0,-1,-1,-1
290,23,0.00,0.00,0.00,0.00,1.0,-1,-1,-1
290,24,295.00,136.00,31.00,60.00,1.0,-1,-1,-1
290,25,678.00,205.00,26.00,86.00,1.0,-1,-1,-1
291,0,764.00,399.00,4.00,12.00,1.0,-1,-1,-1
291,1,649.00,327.00,44.00,115.00,1.0,-1,-1,-1
291,2,548.00,250.00,37.00,106.00,1.0,-1,-1,-1
291,3,0.00,0.00,0.00,0.00,1.0,-1,-1,-1
291,4,0.00,0.00,0.00,0.00,1.0,-1,-1,-1
291,5,0.00,0.00,0.00,0.00,1.0,-1,-1,-1
291,6,532.00,183.00,35.00,82.00,1.0,-1,-1,-1
291,7,0.00,0.00,0.00,0.00,1.0,-1,-1,-1
291,8,645.00,213.00,35.00,92.00,1.0,-1,-1,-1
291,9,764.00,399.00,4.00,12.00,1.0,-1,-1,-1
291,10,0.00,0.00,0.00,0.00,1.0,-1,-1,-1
291,11,764.00,399.00,4.00,12.00,1.0,-1,-1,-1
291,12,0.00,0.00,0.00,0.00,1.0,-1,-1,-1
291,13,0.00,0.00,0.00,0.00,1.0,-1,-1,-1
291,14,764.00,399.00,4.00,12.00,1.0,-1,-1,-1
291,15,620.00,102.00,17.00,54.00,1.0,-1,-1,-1
291,16,636.00,157.00,22.00,68.00,1.0,-1,-1,-1
291,17,0.00,0.00,0.00,0.00,1.0,-1,-1,-1
291,18,0.00,0.00,0.00,0.00,1.0,-1,-1,-1
291,19,0.00,0.00,0.00,0.00,1.0,-1,-1,-1
291,20,0.00,0.00,0.00,0.00,1.0,-1,-1,-1
291,21,716.00,215.00,27.00,79.00,1.0,-1,-1,-1
291,22,764.00,399.00,4.00,12.00,1.0,-1,-1,-1
291,23,0.00,0.00,0.00,0.00,1.0,-1,-1,-1
291,24,295.00,138.00,31.00,58.00,1.0,-1,-1,-1
291,25,677.00,204.00,25.00,88.00,1.0,-1,-1,-1
292,0,0.00,0.00,0.00,0.00,1.0,-1,-1,-1
292,1,641.00,324.00,37.00,115.00,1.0,-1,-1,-1
292,2,560.00,249.00,42.00,107.00,1.0,-1,-1,-1
292,3,0.00,0.00,0.00,0.00,1.0,-1,-1,-1
292,4,0.00,0.00,0.00,0.00,1.0,-1,-1,-1
292,5,0.00,0.00,0.00,0.00,1.0,-1,-1,-1
292,6,541.00,185.00,31.00,85.00,1.0,-1,-1,-1
292,7,0.00,0.00,0.00,0.00,1.0,-1,-1,-1
292,8,646.00,214.00,36.00,94.00,1.0,-1,-1,-1
292,9,0.00,0.00,0.00,0.00,1.0,-1,-1,-1
292,10,0.00,0.00,0.00,0.00,1.0,-1,-1,-1
292,11,0.00,0.00,0.00,0.00,1.0,-1,-1,-1
292,12,0.00,0.00,0.00,0.00,1.0,-1,-1,-1
292,13,0.00,0.00,0.00,0.00,1.0,-1,-1,-1
292,14,0.00,0.00,0.00,0.00,1.0,-1,-1,-1
292,15,624.00,102.00,17.00,55.00,1.0,-1,-1,-1
292,16,637.00,157.00,23.00,67.00,1.0,-1,-1,-1
292,17,0.00,0.00,0.00,0.00,1.0,-1,-1,-1
292,18,0.00,0.00,0.00,0.00,1.0,-1,-1,-1
292,19,0.00,0.00,0.00,0.00,1.0,-1,-1,-1
292,20,0.00,0.00,0.00,0.00,1.0,-1,-1,-1
292,21,715.00,215.00,28.00,80.00,1.0,-1,-1,-1
292,22,0.00,0.00,0.00,0.00,1.0,-1,-1,-1
292,23,0.00,0.00,0.00,0.00,1.0,-1,-1,-1
292,24,288.00,135.00,31.00,59.00,1.0,-1,-1,-1
292,25,676.00,205.00,24.00,87.00,1.0,-1,-1,-1
293,0,0.00,0.00,0.00,0.00,1.0,-1,-1,-1
293,1,638.00,324.00,35.00,115.00,1.0,-1,-1,-1
293,2,566.00,252.00,55.00,106.00,1.0,-1,-1,-1
293,3,0.00,0.00,0.00,0.00,1.0,-1,-1,-1
293,4,0.00,0.00,0.00,0.00,1.0,-1,-1,-1
293,5,0.00,0.00,0.00,0.00,1.0,-1,-1,-1
293,6,547.00,185.00,26.00,85.00,1.0,-1,-1,-1
293,7,0.00,0.00,0.00,0.00,1.0,-1,-1,-1
293,8,646.00,219.00,35.00,94.00,1.0,-1,-1,-1
293,9,0.00,0.00,0.00,0.00,1.0,-1,-1,-1
293,10,0.00,0.00,0.00,0.00,1.0,-1,-1,-1
293,11,0.00,0.00,0.00,0.00,1.0,-1,-1,-1
293,12,0.00,0.00,0.00,0.00,1.0,-1,-1,-1
293,13,0.00,0.00,0.00,0.00,1.0,-1,-1,-1
293,14,0.00,0.00,0.00,0.00,1.0,-1,-1,-1
293,15,627.00,103.00,17.00,55.00,1.0,-1,-1,-1
293,16,637.00,157.00,24.00,68.00,1.0,-1,-1,-1
293,17,0.00,0.00,0.00,0.00,1.0,-1,-1,-1
293,18,0.00,0.00,0.00,0.00,1.0,-1,-1,-1
293,19,0.00,0.00,0.00,0.00,1.0,-1,-1,-1
293,20,0.00,0.00,0.00,0.00,1.0,-1,-1,-1
293,21,713.00,217.00,29.00,79.00,1.0,-1,-1,-1
293,22,0.00,0.00,0.00,0.00,1.0,-1,-1,-1
293,23,0.00,0.00,0.00,0.00,1.0,-1,-1,-1
293,24,286.00,133.00,28.00,61.00,1.0,-1,-1,-1
293,25,674.00,205.00,29.00,87.00,1.0,-1,-1,-1
294,0,0.00,0.00,0.00,0.00,1.0,-1,-1,-1
294,1,627.00,322.00,39.00,116.00,1.0,-1,-1,-1
294,2,577.00,255.00,48.00,107.00,1.0,-1,-1,-1
294,3,0.00,0.00,0.00,0.00,1.0,-1,-1,-1
294,4,0.00,0.00,0.00,0.00,1.0,-1,-1,-1
294,5,0.00,0.00,0.00,0.00,1.0,-1,-1,-1
294,6,554.00,188.00,30.00,85.00,1.0,-1,-1,-1
294,7,0.00,0.00,0.00,0.00,1.0,-1,-1,-1
294,8,647.00,221.00,34.00,95.00,1.0,-1,-1,-1
294,9,0.00,0.00,0.00,0.00,1.0,-1,-1,-1
294,10,0.00,0.00,0.00,0.00,1.0,-1,-1,-1
294,11,0.00,0.00,0.00,0.00,1.0,-1,-1,-1
294,12,0.00,0.00,0.00,0.00,1.0,-1,-1,-1
294,13,0.00,0.00,0.00,0.00,1.0,-1,-1,-1
294,14,0.00,0.00,0.00,0.00,1.0,-1,-1,-1
294,15,631.00,103.00,17.00,55.00,1.0,-1,-1,-1
294,16,638.00,159.00,23.00,71.00,1.0,-1,-1,-1
294,17,0.00,0.00,0.00,0.00,1.0,-1,-1,-1
294,18,0.00,0.00,0.00,0.00,1.0,-1,-1,-1
294,19,0.00,0.00,0.00,0.00,1.0,-1,-1,-1
294,20,0.00,0.00,0.00,0.00,1.0,-1,-1,-1
294,21,712.00,219.00,28.00,81.00,1.0,-1,-1,-1
294,22,0.00,0.00,0.00,0.00,1.0,-1,-1,-1
294,23,0.00,0.00,0.00,0.00,1.0,-1,-1,-1
294,24,284.00,132.00,21.00,62.00,1.0,-1,-1,-1
294,25,674.00,205.00,25.00,88.00,1.0,-1,-1,-1
295,0,0.00,0.00,0.00,0.00,1.0,-1,-1,-1
295,1,624.00,317.00,35.00,115.00,1.0,-1,-1,-1
295,2,599.00,255.00,38.00,110.00,1.0,-1,-1,-1
295,3,0.00,0.00,0.00,0.00,1.0,-1,-1,-1
295,4,0.00,0.00,0.00,0.00,1.0,-1,-1,-1
295,5,0.00,0.00,0.00,0.00,1.0,-1,-1,-1
295,6,560.00,191.00,30.00,87.00,1.0,-1,-1,-1
295,7,0.00,0.00,0.00,0.00,1.0,-1,-1,-1
295,8,650.00,222.00,39.00,96.00,1.0,-1,-1,-1
295,9,0.00,0.00,0.00,0.00,1.0,-1,-1,-1
295,10,0.00,0.00,0.00,0.00,1.0,-1,-1,-1
295,11,0.00,0.00,0.00,0.00,1.0,-1,-1,-1
295,12,0.00,0.00,0.00,0.00,1.0,-1,-1,-1
295,13,0.00,0.00,0.00,0.00,1.0,-1,-1,-1
295,14,0.00,0.00,0.00,0.00,1.0,-1,-1,-1
295,15,634.00,105.00,20.00,53.00,1.0,-1,-1,-1
295,16,636.00,160.00,24.00,71.00,1.0,-1,-1,-1
295,17,0.00,0.00,0.00,0.00,1.0,-1,-1,-1
295,18,0.00,0.00,0.00,0.00,1.0,-1,-1,-1
295,19,0.00,0.00,0.00,0.00,1.0,-1,-1,-1
295,20,0.00,0.00,0.00,0.00,1.0,-1,-1,-1
295,21,710.00,220.00,29.00,81.00,1.0,-1,-1,-1
295,22,0.00,0.00,0.00,0.00,1.0,-1,-1,-1
295,23,0.00,0.00,0.00,0.00,1.0,-1,-1,-1
295,24,275.00,135.00,28.00,62.00,1.0,-1,-1,-1
295,25,676.00,207.00,25.00,87.00,1.0,-1,-1,-1
296,0,0.00,0.00,0.00,0.00,1.0,-1,-1,-1
296,1,619.00,317.00,33.00,110.00,1.0,-1,-1,-1
296,2,606.00,257.00,38.00,104.00,1.0,-1,-1,-1
296,3,0.00,0.00,0.00,0.00,1.0,-1,-1,-1
296,4,0.00,0.00,0.00,0.00,1.0,-1,-1,-1
296,5,0.00,0.00,0.00,0.00,1.0,-1,-1,-1
296,6,563.00,191.00,32.00,87.00,1.0,-1,-1,-1
296,7,0.00,0.00,0.00,0.00,1.0,-1,-1,-1
296,8,653.00,224.00,41.00,95.00,1.0,-1,-1,-1
296,9,0.00,0.00,0.00,0.00,1.0,-1,-1,-1
296,10,0.00,0.00,0.00,0.00,1.0,-1,-1,-1
296,11,0.00,0.00,0.00,0.00,1.0,-1,-1,-1
296,12,0.00,0.00,0.00,0.00,1.0,-1,-1,-1
296,13,0.00,0.00,0.00,0.00,1.0,-1,-1,-1
296,14,0.00,0.00,0.00,0.00,1.0,-1,-1,-1
296,15,636.00,105.00,20.00,54.00,1.0,-1,-1,-1
296,16,636.00,161.00,23.00,70.00,1.0,-1,-1,-1
296,17,0.00,0.00,0.00,0.00,1.0,-1,-1,-1
296,18,0.00,0.00,0.00,0.00,1.0,-1,-1,-1
296,19,0.00,0.00,0.00,0.00,1.0,-1,-1,-1
296,20,0.00,0.00,0.00,0.00,1.0,-1,-1,-1
296,21,710.00,220.00,28.00,81.00,1.0,-1,-1,-1
296,22,0.00,0.00,0.00,0.00,1.0,-1,-1,-1
296,23,0.00,0.00,0.00,0.00,1.0,-1,-1,-1
296,24,274.00,137.00,29.00,63.00,1.0,-1,-1,-1
296,25,679.00,207.00,22.00,88.00,1.0,-1,-1,-1
297,0,0.00,0.00,0.00,0.00,1.0,-1,-1,-1
297,1,600.00,313.00,44.00,113.00,1.0,-1,-1,-1
297,2,622.00,263.00,40.00,111.00,1.0,-1,-1,-1
297,3,0.00,0.00,0.00,0.00,1.0,-1,-1,-1
297,4,0.00,0.00,0.00,0.00,1.0,-1,-1,-1
297,5,0.00,0.00,0.00,0.00,1.0,-1,-1,-1
297,6,567.00,193.00,36.00,89.00,1.0,-1,-1,-1
297,7,0.00,0.00,0.00,0.00,1.0,-1,-1,-1
297,8,666.00,223.00,36.00,98.00,1.0,-1,-1,-1
297,9,0.00,0.00,0.00,0.00,1.0,-1,-1,-1
297,10,0.00,0.00,0.00,0.00,1.0,-1,-1,-1
297,11,0.00,0.00,0.00,0.00,1.0,-1,-1,-1
297,12,0.00,0.00,0.00,0.00,1.0,-1,-1,-1
297,13,0.00,0.00,0.00,0.00,1.0,-1,-1,-1
297,14,0.00,0.00,0.00,0.00,1.0,-1,-1,-1
297,15,643.00,106.00,17.00,54.00,1.0,-1,-1,-1
297,16,635.00,162.00,23.00,73.00,1.0,-1,-1,-1
297,17,0.00,0.00,0.00,0.00,1.0,-1,-1,-1
297,18,0.00,0.00,0.00,0.00,1.0,-1,-1,-1
297,19,0.00,0.00,0.00,0.00,1.0,-1,-1,-1
297,20,0.00,0.00,0.00,0.00,1.0,-1,-1,-1
297,21,709.00,222.00,29.00,81.00,1.0,-1,-1,-1
297,22,0.00,0.00,0.00,0.00,1.0,-1,-1,-1
297,23,676.00,209.00,29.00,90.00,1.0,-1,-1,-1
297,24,268.00,141.00,361.00,153.00,1.0,-1,-1,-1
297,25,673.00,208.00,31.00,91.00,1.0,-1,-1,-1
298,0,0.00,0.00,0.00,0.00,1.0,-1,-1,-1
298,1,596.00,309.00,39.00,111.00,1.0,-1,-1,-1
298,2,643.00,262.00,45.00,112.00,1.0,-1,-1,-1
298,3,0.00,0.00,0.00,0.00,1.0,-1,-1,-1
298,4,0.00,0.00,0.00,0.00,1.0,-1,-1,-1
298,5,0.00,0.00,0.00,0.00,1.0,-1,-1,-1
298,6,577.00,198.00,32.00,92.00,1.0,-1,-1,-1
298,7,0.00,0.00,0.00,0.00,1.0,-1,-1,-1
298,8,681.00,230.00,35.00,98.00,1.0,-1,-1,-1
298,9,0.00,0.00,0.00,0.00,1.0,-1,-1,-1
298,10,0.00,0.00,0.00,0.00,1.0,-1,-1,-1
298,11,0.00,0.00,0.00,0.00,1.0,-1,-1,-1
298,12,0.00,0.00,0.00,0.00,1.0,-1,-1,-1
298,13,0.00,0.00,0.00,0.00,1.0,-1,-1,-1
298,14,0.00,0.00,0.00,0.00,1.0,-1,-1,-1
298,15,648.00,106.00,17.00,55.00,1.0,-1,-1,-1
298,16,636.00,165.00,24.00,73.00,1.0,-1,-1,-1
298,17,0.00,0.00,0.00,0.00,1.0,-1,-1,-1
298,18,0.00,0.00,0.00,0.00,1.0,-1,-1,-1
298,19,0.00,0.00,0.00,0.00,1.0,-1,-1,-1
298,20,0.00,0.00,0.00,0.00,1.0,-1,-1,-1
298,21,713.00,225.00,24.00,81.00,1.0,-1,-1,-1
298,22,0.00,0.00,0.00,0.00,1.0,-1,-1,-1
298,23,0.00,0.00,0.00,0.00,1.0,-1,-1,-1
298,24,252.00,143.00,28.00,62.00,1.0,-1,-1,-1
298,25,675.00,209.00,31.00,87.00,1.0,-1,-1,-1
299,0,0.00,0.00,0.00,0.00,1.0,-1,-1,-1
299,1,584.00,305.00,37.00,110.00,1.0,-1,-1,-1
299,2,651.00,266.00,56.00,112.00,1.0,-1,-1,-1
299,3,0.00,0.00,0.00,0.00,1.0,-1,-1,-1
299,4,0.00,0.00,0.00,0.00,1.0,-1,-1,-1
299,5,0.00,0.00,0.00,0.00,1.0,-1,-1,-1
299,6,582.00,198.00,29.00,92.00,1.0,-1,-1,-1
299,7,0.00,0.00,0.00,0.00,1.0,-1,-1,-1
299,8,697.00,231.00,29.00,98.00,1.0,-1,-1,-1
299,9,0.00,0.00,0.00,0.00,1.0,-1,-1,-1
299,10,0.00,0.00,0.00,0.00,1.0,-1,-1,-1
299,11,0.00,0.00,0.00,0.00,1.0,-1,-1,-1
299,12,0.00,0.00,0.00,0.00,1.0,-1,-1,-1
299,13,0.00,0.00,0.00,0.00,1.0,-1,-1,-1
299,14,0.00,0.00,0.00,0.00,1.0,-1,-1,-1
299,15,652.00,106.00,16.00,57.00,1.0,-1,-1,-1
299,16,636.00,166.00,25.00,72.00,1.0,-1,-1,-1
299,17,0.00,0.00,0.00,0.00,1.0,-1,-1,-1
299,18,0.00,0.00,0.00,0.00,1.0,-1,-1,-1
299,19,0.00,0.00,0.00,0.00,1.0,-1,-1,-1
299,20,0.00,0.00,0.00,0.00,1.0,-1,-1,-1
299,21,715.00,227.00,22.00,79.00,1.0,-1,-1,-1
299,22,0.00,0.00,0.00,0.00,1.0,-1,-1,-1
299,23,0.00,0.00,0.00,0.00,1.0,-1,-1,-1
299,24,250.00,145.00,28.00,65.00,1.0,-1,-1,-1
299,25,675.00,213.00,33.00,57.00,1.0,-1,-1,-1
300,0,0.00,0.00,0.00,0.00,1.0,-1,-1,-1
300,1,574.00,303.00,42.00,111.00,1.0,-1,-1,-1
300,2,678.00,266.00,39.00,113.00,1.0,-1,-1,-1
300,3,0.00,0.00,0.00,0.00,1.0,-1,-1,-1
300,4,0.00,0.00,0.00,0.00,1.0,-1,-1,-1
300,5,0.00,0.00,0.00,0.00,1.0,-1,-1,-1
300,6,588.00,201.00,34.00,91.00,1.0,-1,-1,-1
300,7,0.00,0.00,0.00,0.00,1.0,-1,-1,-1
300,8,705.00,230.00,30.00,99.00,1.0,-1,-1,-1
300,9,0.00,0.00,0.00,0.00,1.0,-1,-1,-1
300,10,0.00,0.00,0.00,0.00,1.0,-1,-1,-1
300,11,0.00,0.00,0.00,0.00,1.0,-1,-1,-1
300,12,0.00,0.00,0.00,0.00,1.0,-1,-1,-1
300,13,0.00,0.00,0.00,0.00,1.0,-1,-1,-1
300,14,0.00,0.00,0.00,0.00,1.0,-1,-1,-1
300,15,654.00,105.00,18.00,58.00,1.0,-1,-1,-1
300,16,636.00,169.00,25.00,72.00,1.0,-1,-1,-1
300,17,0.00,0.00,0.00,0.00,1.0,-1,-1,-1
300,18,0.00,0.00,0.00,0.00,1.0,-1,-1,-1
300,19,0.00,0.00,0.00,0.00,1.0,-1,-1,-1
300,20,0.00,0.00,0.00,0.00,1.0,-1,-1,-1
300,21,712.00,229.00,22.00,34.00,1.0,-1,-1,-1
300,22,0.00,0.00,0.00,0.00,1.0,-1,-1,-1
300,23,0.00,0.00,0.00,0.00,1.0,-1,-1,-1
300,24,244.00,145.00,22.00,65.00,1.0,-1,-1,-1
300,25,672.00,214.00,36.00,71.00,1.0,-1,-1,-1
301,0,0.00,0.00,0.00,0.00,1.0,-1,-1,-1
301,1,574.00,301.00,38.00,112.00,1.0,-1,-1,-1
301,2,685.00,267.00,39.00,117.00,1.0,-1,-1,-1
301,3,0.00,0.00,0.00,0.00,1.0,-1,-1,-1
301,4,0.00,0.00,0.00,0.00,1.0,-1,-1,-1
301,5,0.00,0.00,0.00,0.00,1.0,-1,-1,-1
301,6,590.00,202.00,36.00,92.00,1.0,-1,-1,-1
301,7,0.00,0.00,0.00,0.00,1.0,-1,-1,-1
301,8,706.00,230.00,41.00,102.00,1.0,-1,-1,-1
301,9,0.00,0.00,0.00,0.00,1.0,-1,-1,-1
301,10,0.00,0.00,0.00,0.00,1.0,-1,-1,-1
301,11,0.00,0.00,0.00,0.00,1.0,-1,-1,-1
301,12,0.00,0.00,0.00,0.00,1.0,-1,-1,-1
301,13,0.00,0.00,0.00,0.00,1.0,-1,-1,-1
301,14,0.00,0.00,0.00,0.00,1.0,-1,-1,-1
301,15,656.00,106.00,18.00,57.00,1.0,-1,-1,-1
301,16,636.00,170.00,24.00,73.00,1.0,-1,-1,-1
301,17,0.00,0.00,0.00,0.00,1.0,-1,-1,-1
301,18,0.00,0.00,0.00,0.00,1.0,-1,-1,-1
301,19,0.00,0.00,0.00,0.00,1.0,-1,-1,-1
301,20,0.00,0.00,0.00,0.00,1.0,-1,-1,-1
301,21,706.00,230.00,20.00,40.00,1.0,-1,-1,-1
301,22,0.00,0.00,0.00,0.00,1.0,-1,-1,-1
301,23,0.00,0.00,0.00,0.00,1.0,-1,-1,-1
301,24,241.00,145.00,20.00,65.00,1.0,-1,-1,-1
301,25,671.00,214.00,35.00,91.00,1.0,-1,-1,-1
302,0,0.00,0.00,0.00,0.00,1.0,-1,-1,-1
302,1,575.00,298.00,33.00,112.00,1.0,-1,-1,-1
302,2,691.00,269.00,48.00,114.00,1.0,-1,-1,-1
302,3,0.00,0.00,0.00,0.00,1.0,-1,-1,-1
302,4,0.00,0.00,0.00,0.00,1.0,-1,-1,-1
302,5,0.00,0.00,0.00,0.00,1.0,-1,-1,-1
302,6,593.00,203.00,33.00,92.00,1.0,-1,-1,-1
302,7,0.00,0.00,0.00,0.00,1.0,-1,-1,-1
302,8,723.00,235.00,26.00,98.00,1.0,-1,-1,-1
302,9,0.00,0.00,0.00,0.00,1.0,-1,-1,-1
302,10,0.00,0.00,0.00,0.00,1.0,-1,-1,-1
302,11,0.00,0.00,0.00,0.00,1.0,-1,-1,-1
302,12,0.00,0.00,0.00,0.00,1.0,-1,-1,-1
302,13,0.00,0.00,0.00,0.00,1.0,-1,-1,-1
302,14,0.00,0.00,0.00,0.00,1.0,-1,-1,-1
302,15,657.00,107.00,19.00,57.00,1.0,-1,-1,-1
302,16,635.00,170.00,24.00,75.00,1.0,-1,-1,-1
302,17,0.00,0.00,0.00,0.00,1.0,-1,-1,-1
302,18,0.00,0.00,0.00,0.00,1.0,-1,-1,-1
302,19,0.00,0.00,0.00,0.00,1.0,-1,-1,-1
302,20,0.00,0.00,0.00,0.00,1.0,-1,-1,-1
302,21,707.00,231.00,23.00,46.00,1.0,-1,-1,-1
302,22,0.00,0.00,0.00,0.00,1.0,-1,-1,-1
302,23,0.00,0.00,0.00,0.00,1.0,-1,-1,-1
302,24,239.00,147.00,20.00,65.00,1.0,-1,-1,-1
302,25,670.00,215.00,36.00,91.00,1.0,-1,-1,-1
303,0,0.00,0.00,0.00,0.00,1.0,-1,-1,-1
303,1,572.00,296.00,32.00,107.00,1.0,-1,-1,-1
303,2,692.00,271.00,58.00,113.00,1.0,-1,-1,-1
303,3,0.00,0.00,0.00,0.00,1.0,-1,-1,-1
303,4,0.00,0.00,0.00,0.00,1.0,-1,-1,-1
303,5,0.00,0.00,0.00,0.00,1.0,-1,-1,-1
303,6,594.00,203.00,36.00,92.00,1.0,-1,-1,-1
303,7,0.00,0.00,0.00,0.00,1.0,-1,-1,-1
303,8,728.00,235.00,24.00,99.00,1.0,-1,-1,-1
303,9,0.00,0.00,0.00,0.00,1.0,-1,-1,-1
303,10,0.00,0.00,0.00,0.00,1.0,-1,-1,-1
303,11,0.00,0.00,0.00,0.00,1.0,-1,-1,-1
303,12,0.00,0.00,0.00,0.00,1.0,-1,-1,-1
303,13,0.00,0.00,0.00,0.00,1.0,-1,-1,-1
303,14,0.00,0.00,0.00,0.00,1.0,-1,-1,-1
303,15,659.00,108.00,18.00,57.00,1.0,-1,-1,-1
303,16,634.00,170.00,25.00,74.00,1.0,-1,-1,-1
303,17,0.00,0.00,0.00,0.00,1.0,-1,-1,-1
303,18,0.00,0.00,0.00,0.00,1.0,-1,-1,-1
303,19,0.00,0.00,0.00,0.00,1.0,-1,-1,-1
303,20,0.00,0.00,0.00,0.00,1.0,-1,-1,-1
303,21,704.00,231.00,26.00,65.00,1.0,-1,-1,-1
303,22,0.00,0.00,0.00,0.00,1.0,-1,-1,-1
303,23,0.00,0.00,0.00,0.00,1.0,-1,-1,-1
303,24,237.00,149.00,21.00,63.00,1.0,-1,-1,-1
303,25,669.00,216.00,36.00,91.00,1.0,-1,-1,-1
304,0,0.00,0.00,0.00,0.00,1.0,-1,-1,-1
304,1,560.00,293.00,36.00,107.00,1.0,-1,-1,-1
304,2,719.00,272.00,39.00,114.00,1.0,-1,-1,-1
304,3,0.00,0.00,0.00,0.00,1.0,-1,-1,-1
304,4,0.00,0.00,0.00,0.00,1.0,-1,-1,-1
304,5,0.00,0.00,0.00,0.00,1.0,-1,-1,-1
304,6,599.00,205.00,37.00,93.00,1.0,-1,-1,-1
304,7,0.00,0.00,0.00,0.00,1.0,-1,-1,-1
304,8,730.00,236.00,33.00,54.00,1.0,-1,-1,-1
304,9,0.00,0.00,0.00,0.00,1.0,-1,-1,-1
304,10,0.00,0.00,0.00,0.00,1.0,-1,-1,-1
304,11,0.00,0.00,0.00,0.00,1.0,-1,-1,-1
304,12,0.00,0.00,0.00,0.00,1.0,-1,-1,-1
304,13,0.00,0.00,0.00,0.00,1.0,-1,-1,-1
304,14,0.00,0.00,0.00,0.00,1.0,-1,-1,-1
304,15,662.00,108.00,19.00,58.00,1.0,-1,-1,-1
304,16,634.00,171.00,24.00,74.00,1.0,-1,-1,-1
304,17,0.00,0.00,0.00,0.00,1.0,-1,-1,-1
304,18,0.00,0.00,0.00,0.00,1.0,-1,-1,-1
304,19,0.00,0.00,0.00,0.00,1.0,-1,-1,-1
304,20,0.00,0.00,0.00,0.00,1.0,-1,-1,-1
304,21,700.00,232.00,27.00,85.00,1.0,-1,-1,-1
304,22,0.00,0.00,0.00,0.00,1.0,-1,-1,-1
304,23,0.00,0.00,0.00,0.00,1.0,-1,-1,-1
304,24,232.00,150.00,20.00,65.00,1.0,-1,-1,-1
304,25,670.00,218.00,34.00,92.00,1.0,-1,-1,-1
305,0,0.00,0.00,0.00,0.00,1.0,-1,-1,-1
305,1,553.00,292.00,39.00,105.00,1.0,-1,-1,-1
305,2,733.00,272.00,35.00,115.00,1.0,-1,-1,-1
305,3,0.00,0.00,0.00,0.00,1.0,-1,-1,-1
305,4,0.00,0.00,0.00,0.00,1.0,-1,-1,-1
305,5,0.00,0.00,0.00,0.00,1.0,-1,-1,-1
305,6,601.00,208.00,36.00,95.00,1.0,-1,-1,-1
305,7,0.00,0.00,0.00,0.00,1.0,-1,-1,-1
305,8,741.00,242.00,27.00,45.00,1.0,-1,-1,-1
305,9,0.00,0.00,0.00,0.00,1.0,-1,-1,-1
305,10,0.00,0.00,0.00,0.00,1.0,-1,-1,-1
305,11,0.00,0.00,0.00,0.00,1.0,-1,-1,-1
305,12,0.00,0.00,0.00,0.00,1.0,-1,-1,-1
305,13,0.00,0.00,0.00,0.00,1.0,-1,-1,-1
305,14,0.00,0.00,0.00,0.00,1.0,-1,-1,-1
305,15,664.00,110.00,19.00,58.00,1.0,-1,-1,-1
305,16,636.00,175.00,23.00,72.00,1.0,-1,-1,-1
305,17,0.00,0.00,0.00,0.00,1.0,-1,-1,-1
305,18,0.00,0.00,0.00,0.00,1.0,-1,-1,-1
305,19,0.00,0.00,0.00,0.00,1.0,-1,-1,-1
305,20,0.00,0.00,0.00,0.00,1.0,-1,-1,-1
305,21,696.00,238.00,27.00,84.00,1.0,-1,-1,-1
305,22,0.00,0.00,0.00,0.00,1.0,-1,-1,-1
305,23,0.00,0.00,0.00,0.00,1.0,-1,-1,-1
305,24,228.00,151.00,22.00,63.00,1.0,-1,-1,-1
305,25,670.00,220.00,31.00,93.00,1.0,-1,-1,-1
306,0,0.00,0.00,0.00,0.00,1.0,-1,-1,-1
306,1,546.00,288.00,37.00,102.00,1.0,-1,-1,-1
306,2,743.00,280.00,25.00,107.00,1.0,-1,-1,-1
306,3,0.00,0.00,0.00,0.00,1.0,-1,-1,-1
306,4,0.00,0.00,0.00,0.00,1.0,-1,-1,-1
306,5,0.00,0.00,0.00,0.00,1.0,-1,-1,-1
306,6,602.00,210.00,36.00,96.00,1.0,-1,-1,-1
306,7,0.00,0.00,0.00,0.00,1.0,-1,-1,-1
306,8,754.00,221.00,14.00,67.00,1.0,-1,-1,-1
306,9,0.00,0.00,0.00,0.00,1.0,-1,-1,-1
306,10,0.00,0.00,0.00,0.00,1.0,-1,-1,-1
306,11,0.00,0.00,0.00,0.00,1.0,-1,-1,-1
306,12,0.00,0.00,0.00,0.00,1.0,-1,-1,-1
306,13,0.00,0.00,0.00,0.00,1.0,-1,-1,-1
306,14,0.00,0.00,0.00,0.00,1.0,-1,-1,-1
306,15,665.00,111.00,18.00,59.00,1.0,-1,-1,-1
306,16,636.00,177.00,25.00,72.00,1.0,-1,-1,-1
306,17,0.00,0.00,0.00,0.00,1.0,-1,-1,-1
306,18,0.00,0.00,0.00,0.00,1.0,-1,-1,-1
306,19,0.00,0.00,0.00,0.00,1.0,-1,-1,-1
306,20,0.00,0.00,0.00,0.00,1.0,-1,-1,-1
306,21,692.00,239.00,26.00,84.00,1.0,-1,-1,-1
306,22,0.00,0.00,0.00,0.00,1.0,-1,-1,-1
306,23,0.00,0.00,0.00,0.00,1.0,-1,-1,-1
306,24,226.00,154.00,22.00,63.00,1.0,-1,-1,-1
306,25,671.00,221.00,28.00,92.00,1.0,-1,-1,-1
307,0,757.00,360.00,11.00,24.00,1.0,-1,-1,-1
307,1,540.00,286.00,35.00,103.00,1.0,-1,-1,-1
307,2,754.00,284.00,14.00,100.00,1.0,-1,-1,-1
307,3,754.00,280.00,14.00,57.00,1.0,-1,-1,-1
307,4,0.00,0.00,0.00,0.00,1.0,-1,-1,-1
307,5,0.00,0.00,0.00,0.00,1.0,-1,-1,-1
307,6,602.00,211.00,35.00,95.00,1.0,-1,-1,-1
307,7,0.00,0.00,0.00,0.00,1.0,-1,-1,-1
307,8,0.00,0.00,0.00,0.00,1.0,-1,-1,-1
307,9,0.00,0.00,0.00,0.00,1.0,-1,-1,-1
307,10,0.00,0.00,0.00,0.00,1.0,-1,-1,-1
307,11,0.00,0.00,0.00,0.00,1.0,-1,-1,-1
307,12,0.00,0.00,0.00,0.00,1.0,-1,-1,-1
307,13,0.00,0.00,0.00,0.00,1.0,-1,-1,-1
307,14,0.00,0.00,0.00,0.00,1.0,-1,-1,-1
307,15,664.00,111.00,19.00,58.00,1.0,-1,-1,-1
307,16,637.00,178.00,25.00,75.00,1.0,-1,-1,-1
307,17,754.00,279.00,14.00,58.00,1.0,-1,-1,-1
307,18,0.00,0.00,0.00,0.00,1.0,-1,-1,-1
307,19,0.00,0.00,0.00,0.00,1.0,-1,-1,-1
307,20,0.00,0.00,0.00,0.00,1.0,-1,-1,-1
307,21,689.00,240.00,26.00,83.00,1.0,-1,-1,-1
307,22,0.00,0.00,0.00,0.00,1.0,-1,-1,-1
307,23,0.00,0.00,0.00,0.00,1.0,-1,-1,-1
307,24,225.00,155.00,21.00,63.00,1.0,-1,-1,-1
307,25,671.00,222.00,27.00,91.00,1.0,-1,-1,-1
308,0,0.00,0.00,0.00,0.00,1.0,-1,-1,-1
308,1,536.00,285.00,36.00,104.00,1.0,-1,-1,-1
308,2,759.00,297.00,9.00,40.00,1.0,-1,-1,-1
308,3,759.00,292.00,9.00,44.00,1.0,-1,-1,-1
308,4,0.00,0.00,0.00,0.00,1.0,-1,-1,-1
308,5,0.00,0.00,0.00,0.00,1.0,-1,-1,-1
308,6,602.00,212.00,35.00,94.00,1.0,-1,-1,-1
308,7,0.00,0.00,0.00,0.00,1.0,-1,-1,-1
308,8,0.00,0.00,0.00,0.00,1.0,-1,-1,-1
308,9,0.00,0.00,0.00,0.00,1.0,-1,-1,-1
308,10,0.00,0.00,0.00,0.00,1.0,-1,-1,-1
308,11,0.00,0.00,0.00,0.00,1.0,-1,-1,-1
308,12,0.00,0.00,0.00,0.00,1.0,-1,-1,-1
308,13,0.00,0.00,0.00,0.00,1.0,-1,-1,-1
308,14,0.00,0.00,0.00,0.00,1.0,-1,-1,-1
308,15,665.00,111.00,19.00,58.00,1.0,-1,-1,-1
308,16,637.00,180.00,24.00,74.00,1.0,-1,-1,-1
308,17,759.00,292.00,9.00,44.00,1.0,-1,-1,-1
308,18,0.00,0.00,0.00,0.00,1.0,-1,-1,-1
308,19,0.00,0.00,0.00,0.00,1.0,-1,-1,-1
308,20,0.00,0.00,0.00,0.00,1.0,-1,-1,-1
308,21,683.00,241.00,29.00,84.00,1.0,-1,-1,-1
308,22,0.00,0.00,0.00,0.00,1.0,-1,-1,-1
308,23,0.00,0.00,0.00,0.00,1.0,-1,-1,-1
308,24,224.00,154.00,21.00,65.00,1.0,-1,-1,-1
308,25,669.00,222.00,27.00,92.00,1.0,-1,-1,-1
309,0,0.00,0.00,0.00,0.00,1.0,-1,-1,-1
309,1,533.00,285.00,35.00,104.00,1.0,-1,-1,-1
309,2,0.00,0.00,0.00,0.00,1.0,-1,-1,-1
309,3,763.00,302.00,5.00,15.00,1.0,-1,-1,-1
309,4,0.00,0.00,0.00,0.00,1.0,-1,-1,-1
309,5,0.00,0.00,0.00,0.00,1.0,-1,-1,-1
309,6,601.00,213.00,36.00,96.00,1.0,-1,-1,-1
309,7,0.00,0.00,0.00,0.00,1.0,-1,-1,-1
309,8,0.00,0.00,0.00,0.00,1.0,-1,-1,-1
309,9,0.00,0.00,0.00,0.00,1.0,-1,-1,-1
309,10,0.00,0.00,0.00,0.00,1.0,-1,-1,-1
309,11,0.00,0.00,0.00,0.00,1.0,-1,-1,-1
309,12,0.00,0.00,0.00,0.00,1.0,-1,-1,-1
309,13,0.00,0.00,0.00,0.00,1.0,-1,-1,-1
309,14,0.00,0.00,0.00,0.00,1.0,-1,-1,-1
309,15,665.00,112.00,19.00,58.00,1.0,-1,-1,-1
309,16,636.00,182.00,24.00,71.00,1.0,-1,-1,-1
309,17,0.00,0.00,0.00,0.00,1.0,-1,-1,-1
309,18,0.00,0.00,0.00,0.00,1.0,-1,-1,-1
309,19,0.00,0.00,0.00,0.00,1.0,-1,-1,-1
309,20,0.00,0.00,0.00,0.00,1.0,-1,-1,-1
309,21,679.00,243.00,30.00,84.00,1.0,-1,-1,-1
309,22,0.00,0.00,0.00,0.00,1.0,-1,-1,-1
309,23,0.00,0.00,0.00,0.00,1.0,-1,-1,-1
309,24,223.00,153.00,21.00,66.00,1.0,-1,-1,-1
309,25,663.00,223.00,32.00,92.00,1.0,-1,-1,-1
310,0,0.00,0.00,0.00,0.00,1.0,-1,-1,-1
310,1,532.00,284.00,32.00,104.00,1.0,-1,-1,-1
310,2,0.00,0.00,0.00,0.00,1.0,-1,-1,-1
310,3,0.00,0.00,0.00,0.00,1.0,-1,-1,-1
310,4,0.00,0.00,0.00,0.00,1.0,-1,-1,-1
310,5,0.00,0.00,0.00,0.00,1.0,-1,-1,-1
310,6,601.00,215.00,36.00,97.00,1.0,-1,-1,-1
310,7,0.00,0.00,0.00,0.00,1.0,-1,-1,-1
310,8,0.00,0.00,0.00,0.00,1.0,-1,-1,-1
310,9,0.00,0.00,0.00,0.00,1.0,-1,-1,-1
310,10,0.00,0.00,0.00,0.00,1.0,-1,-1,-1
310,11,0.00,0.00,0.00,0.00,1.0,-1,-1,-1
310,12,0.00,0.00,0.00,0.00,1.0,-1,-1,-1
310,13,0.00,0.00,0.00,0.00,1.0,-1,-1,-1
310,14,0.00,0.00,0.00,0.00,1.0,-1,-1,-1
310,15,665.00,113.00,19.00,58.00,1.0,-1,-1,-1
310,16,636.00,182.00,24.00,71.00,1.0,-1,-1,-1
310,17,0.00,0.00,0.00,0.00,1.0,-1,-1,-1
310,18,0.00,0.00,0.00,0.00,1.0,-1,-1,-1
310,19,0.00,0.00,0.00,0.00,1.0,-1,-1,-1
310,20,0.00,0.00,0.00,0.00,1.0,-1,-1,-1
310,21,678.00,246.00,28.00,84.00,1.0,-1,-1,-1
310,22,0.00,0.00,0.00,0.00,1.0,-1,-1,-1
310,23,0.00,0.00,0.00,0.00,1.0,-1,-1,-1
310,24,222.00,152.00,22.00,67.00,1.0,-1,-1,-1
310,25,659.00,224.00,35.00,93.00,1.0,-1,-1,-1
310,26,332.00,160.00,35.00,64.00,1.0,-1,-1,-1
311,0,0.00,0.00,0.00,0.00,1.0,-1,-1,-1
311,1,529.00,282.00,33.00,105.00,1.0,-1,-1,-1
311,2,0.00,0.00,0.00,0.00,1.0,-1,-1,-1
311,3,0.00,0.00,0.00,0.00,1.0,-1,-1,-1
311,4,0.00,0.00,0.00,0.00,1.0,-1,-1,-1
311,5,0.00,0.00,0.00,0.00,1.0,-1,-1,-1
311,6,601.00,217.00,35.00,97.00,1.0,-1,-1,-1
311,7,0.00,0.00,0.00,0.00,1.0,-1,-1,-1
311,8,0.00,0.00,0.00,0.00,1.0,-1,-1,-1
311,9,0.00,0.00,0.00,0.00,1.0,-1,-1,-1
311,10,0.00,0.00,0.00,0.00,1.0,-1,-1,-1
311,11,0.00,0.00,0.00,0.00,1.0,-1,-1,-1
311,12,0.00,0.00,0.00,0.00,1.0,-1,-1,-1
311,13,0.00,0.00,0.00,0.00,1.0,-1,-1,-1
311,14,0.00,0.00,0.00,0.00,1.0,-1,-1,-1
311,15,665.00,114.00,19.00,58.00,1.0,-1,-1,-1
311,16,636.00,183.00,23.00,70.00,1.0,-1,-1,-1
311,17,0.00,0.00,0.00,0.00,1.0,-1,-1,-1
311,18,0.00,0.00,0.00,0.00,1.0,-1,-1,-1
311,19,0.00,0.00,0.00,0.00,1.0,-1,-1,-1
311,20,0.00,0.00,0.00,0.00,1.0,-1,-1,-1
311,21,677.00,247.00,26.00,83.00,1.0,-1,-1,-1
311,22,0.00,0.00,0.00,0.00,1.0,-1,-1,-1
311,23,0.00,0.00,0.00,0.00,1.0,-1,-1,-1
311,24,221.00,153.00,22.00,66.00,1.0,-1,-1,-1
311,25,658.00,225.00,32.00,93.00,1.0,-1,-1,-1
311,26,330.00,160.00,36.00,65.00,1.0,-1,-1,-1
312,0,0.00,0.00,0.00,0.00,1.0,-1,-1,-1
312,1,522.00,278.00,28.00,102.00,1.0,-1,-1,-1
312,2,0.00,0.00,0.00,0.00,1.0,-1,-1,-1
312,3,0.00,0.00,0.00,0.00,1.0,-1,-1,-1
312,4,0.00,0.00,0.00,0.00,1.0,-1,-1,-1
312,5,0.00,0.00,0.00,0.00,1.0,-1,-1,-1
312,6,600.00,219.00,32.00,97.00,1.0,-1,-1,-1
312,7,0.00,0.00,0.00,0.00,1.0,-1,-1,-1
312,8,0.00,0.00,0.00,0.00,1.0,-1,-1,-1
312,9,0.00,0.00,0.00,0.00,1.0,-1,-1,-1
312,10,0.00,0.00,0.00,0.00,1.0,-1,-1,-1
312,11,0.00,0.00,0.00,0.00,1.0,-1,-1,-1
312,12,0.00,0.00,0.00,0.00,1.0,-1,-1,-1
312,13,0.00,0.00,0.00,0.00,1.0,-1,-1,-1
312,14,0.00,0.00,0.00,0.00,1.0,-1,-1,-1
312,15,665.00,114.00,20.00,60.00,1.0,-1,-1,-1
312,16,636.00,184.00,24.00,73.00,1.0,-1,-1,-1
312,17,0.00,0.00,0.00,0.00,1.0,-1,-1,-1
312,18,0.00,0.00,0.00,0.00,1.0,-1,-1,-1
312,19,0.00,0.00,0.00,0.00,1.0,-1,-1,-1
312,20,0.00,0.00,0.00,0.00,1.0,-1,-1,-1
312,21,671.00,249.00,28.00,85.00,1.0,-1,-1,-1
312,22,0.00,0.00,0.00,0.00,1.0,-1,-1,-1
312,23,0.00,0.00,0.00,0.00,1.0,-1,-1,-1
312,24,219.00,155.00,22.00,67.00,1.0,-1,-1,-1
312,25,654.00,225.00,32.00,93.00,1.0,-1,-1,-1
312,26,328.00,160.00,23.00,65.00,1.0,-1,-1,-1
313,0,0.00,0.00,0.00,0.00,1.0,-1,-1,-1
313,1,520.00,278.00,26.00,101.00,1.0,-1,-1,-1
313,2,0.00,0.00,0.00,0.00,1.0,-1,-1,-1
313,3,0.00,0.00,0.00,0.00,1.0,-1,-1,-1
313,4,0.00,0.00,0.00,0.00,1.0,-1,-1,-1
313,5,0.00,0.00,0.00,0.00,1.0,-1,-1,-1
313,6,599.00,220.00,31.00,97.00,1.0,-1,-1,-1
313,7,0.00,0.00,0.00,0.00,1.0,-1,-1,-1
313,8,0.00,0.00,0.00,0.00,1.0,-1,-1,-1
313,9,0.00,0.00,0.00,0.00,1.0,-1,-1,-1
313,10,0.00,0.00,0.00,0.00,1.0,-1,-1,-1
313,11,0.00,0.00,0.00,0.00,1.0,-1,-1,-1
313,12,0.00,0.00,0.00,0.00,1.0,-1,-1,-1
313,13,0.00,0.00,0.00,0.00,1.0,-1,-1,-1
313,14,0.00,0.00,0.00,0.00,1.0,-1,-1,-1
313,15,665.00,114.00,20.00,60.00,1.0,-1,-1,-1
313,16,636.00,186.00,25.00,72.00,1.0,-1,-1,-1
313,17,0.00,0.00,0.00,0.00,1.0,-1,-1,-1
313,18,0.00,0.00,0.00,0.00,1.0,-1,-1,-1
313,19,0.00,0.00,0.00,0.00,1.0,-1,-1,-1
313,20,0.00,0.00,0.00,0.00,1.0,-1,-1,-1
313,21,668.00,252.00,28.00,85.00,1.0,-1,-1,-1
313,22,0.00,0.00,0.00,0.00,1.0,-1,-1,-1
313,23,0.00,0.00,0.00,0.00,1.0,-1,-1,-1
313,24,219.00,156.00,21.00,67.00,1.0,-1,-1,-1
313,25,652.00,226.00,33.00,93.00,1.0,-1,-1,-1
313,26,324.00,160.00,23.00,65.00,1.0,-1,-1,-1
314,0,0.00,0.00,0.00,0.00,1.0,-1,-1,-1
314,1,503.00,278.00,41.00,100.00,1.0,-1,-1,-1
314,2,0.00,0.00,0.00,0.00,1.0,-1,-1,-1
314,3,0.00,0.00,0.00,0.00,1.0,-1,-1,-1
314,4,0.00,0.00,0.00,0.00,1.0,-1,-1,-1
314,5,0.00,0.00,0.00,0.00,1.0,-1,-1,-1
314,6,598.00,221.00,30.00,97.00,1.0,-1,-1,-1
314,7,0.00,0.00,0.00,0.00,1.0,-1,-1,-1
314,8,0.00,0.00,0.00,0.00,1.0,-1,-1,-1
314,9,0.00,0.00,0.00,0.00,1.0,-1,-1,-1
314,10,0.00,0.00,0.00,0.00,1.0,-1,-1,-1
314,11,0.00,0.00,0.00,0.00,1.0,-1,-1,-1
314,12,0.00,0.00,0.00,0.00,1.0,-1,-1,-1
314,13,0.00,0.00,0.00,0.00,1.0,-1,-1,-1
314,14,0.00,0.00,0.00,0.00,1.0,-1,-1,-1
314,15,665.00,115.00,19.00,62.00,1.0,-1,-1,-1
314,16,637.00,187.00,25.00,69.00,1.0,-1,-1,-1
314,17,0.00,0.00,0.00,0.00,1.0,-1,-1,-1
314,18,0.00,0.00,0.00,0.00,1.0,-1,-1,-1
314,19,0.00,0.00,0.00,0.00,1.0,-1,-1,-1
314,20,0.00,0.00,0.00,0.00,1.0,-1,-1,-1
314,21,665.00,254.00,28.00,86.00,1.0,-1,-1,-1
314,22,0.00,0.00,0.00,0.00,1.0,-1,-1,-1
314,23,655.00,215.00,28.00,32.00,1.0,-1,-1,-1
314,24,218.00,156.00,21.00,68.00,1.0,-1,-1,-1
314,25,650.00,226.00,34.00,96.00,1.0,-1,-1,-1
314,26,317.00,161.00,27.00,66.00,1.0,-1,-1,-1
315,0,0.00,0.00,0.00,0.00,1.0,-1,-1,-1
315,1,496.00,278.00,47.00,98.00,1.0,-1,-1,-1
315,2,0.00,0.00,0.00,0.00,1.0,-1,-1,-1
315,3,0.00,0.00,0.00,0.00,1.0,-1,-1,-1
315,4,0.00,0.00,0.00,0.00,1.0,-1,-1,-1
315,5,0.00,0.00,0.00,0.00,1.0,-1,-1,-1
315,6,588.00,226.00,34.00,97.00,1.0,-1,-1,-1
315,7,0.00,0.00,0.00,0.00,1.0,-1,-1,-1
315,8,0.00,0.00,0.00,0.00,1.0,-1,-1,-1
315,9,0.00,0.00,0.00,0.00,1.0,-1,-1,-1
315,10,0.00,0.00,0.00,0.00,1.0,-1,-1,-1
315,11,0.00,0.00,0.00,0.00,1.0,-1,-1,-1
315,12,0.00,0.00,0.00,0.00,1.0,-1,-1,-1
315,13,0.00,0.00,0.00,0.00,1.0,-1,-1,-1
315,14,0.00,0.00,0.00,0.00,1.0,-1,-1,-1
315,15,664.00,116.00,19.00,62.00,1.0,-1,-1,-1
315,16,637.00,187.00,26.00,69.00,1.0,-1,-1,-1
315,17,0.00,0.00,0.00,0.00,1.0,-1,-1,-1
315,18,0.00,0.00,0.00,0.00,1.0,-1,-1,-1
315,19,0.00,0.00,0.00,0.00,1.0,-1,-1,-1
315,20,0.00,0.00,0.00,0.00,1.0,-1,-1,-1
315,21,659.00,255.00,27.00,86.00,1.0,-1,-1,-1
315,22,0.00,0.00,0.00,0.00,1.0,-1,-1,-1
315,23,0.00,0.00,0.00,0.00,1.0,-1,-1,-1
315,24,215.00,156.00,22.00,68.00,1.0,-1,-1,-1
315,25,648.00,230.00,32.00,95.00,1.0,-1,-1,-1
315,26,306.00,163.00,32.00,66.00,1.0,-1,-1,-1
316,0,0.00,0.00,0.00,0.00,1.0,-1,-1,-1
316,1,495.00,276.00,40.00,97.00,1.0,-1,-1,-1
316,2,0.00,0.00,0.00,0.00,1.0,-1,-1,-1
316,3,0.00,0.00,0.00,0.00,1.0,-1,-1,-1
316,4,0.00,0.00,0.00,0.00,1.0,-1,-1,-1
316,5,0.00,0.00,0.00,0.00,1.0,-1,-1,-1
316,6,588.00,227.00,33.00,98.00,1.0,-1,-1,-1
316,7,0.00,0.00,0.00,0.00,1.0,-1,-1,-1
316,8,0.00,0.00,0.00,0.00,1.0,-1,-1,-1
316,9,0.00,0.00,0.00,0.00,1.0,-1,-1,-1
316,10,0.00,0.00,0.00,0.00,1.0,-1,-1,-1
316,11,0.00,0.00,0.00,0.00,1.0,-1,-1,-1
316,12,0.00,0.00,0.00,0.00,1.0,-1,-1,-1
316,13,0.00,0.00,0.00,0.00,1.0,-1,-1,-1
316,14,0.00,0.00,0.00,0.00,1.0,-1,-1,-1
316,15,663.00,116.00,20.00,62.00,1.0,-1,-1,-1
316,16,637.00,189.00,25.00,74.00,1.0,-1,-1,-1
316,17,0.00,0.00,0.00,0.00,1.0,-1,-1,-1
316,18,0.00,0.00,0.00,0.00,1.0,-1,-1,-1
316,19,0.00,0.00,0.00,0.00,1.0,-1,-1,-1
316,20,0.00,0.00,0.00,0.00,1.0,-1,-1,-1
316,21,655.00,256.00,28.00,85.00,1.0,-1,-1,-1
316,22,0.00,0.00,0.00,0.00,1.0,-1,-1,-1
316,23,0.00,0.00,0.00,0.00,1.0,-1,-1,-1
316,24,214.00,157.00,22.00,70.00,1.0,-1,-1,-1
316,25,646.00,231.00,30.00,95.00,1.0,-1,-1,-1
316,26,305.00,163.00,27.00,66.00,1.0,-1,-1,-1
317,0,0.00,0.00,0.00,0.00,1.0,-1,-1,-1
317,1,492.00,274.00,32.00,99.00,1.0,-1,-1,-1
317,2,0.00,0.00,0.00,0.00,1.0,-1,-1,-1
317,3,0.00,0.00,0.00,0.00,1.0,-1,-1,-1
317,4,0.00,0.00,0.00,0.00,1.0,-1,-1,-1
317,5,0.00,0.00,0.00,0.00,1.0,-1,-1,-1
317,6,583.00,227.00,35.00,98.00,1.0,-1,-1,-1
317,7,0.00,0.00,0.00,0.00,1.0,-1,-1,-1
317,8,0.00,0.00,0.00,0.00,1.0,-1,-1,-1
317,9,0.00,0.00,0.00,0.00,1.0,-1,-1,-1
317,10,0.00,0.00,0.00,0.00,1.0,-1,-1,-1
317,11,0.00,0.00,0.00,0.00,1.0,-1,-1,-1
317,12,0.00,0.00,0.00,0.00,1.0,-1,-1,-1
317,13,0.00,0.00,0.00,0.00,1.0,-1,-1,-1
317,14,0.00,0.00,0.00,0.00,1.0,-1,-1,-1
317,15,663.00,117.00,19.00,61.00,1.0,-1,-1,-1
317,16,636.00,189.00,26.00,74.00,1.0,-1,-1,-1
317,17,0.00,0.00,0.00,0.00,1.0,-1,-1,-1
317,18,0.00,0.00,0.00,0.00,1.0,-1,-1,-1
317,19,0.00,0.00,0.00,0.00,1.0,-1,-1,-1
317,20,0.00,0.00,0.00,0.00,1.0,-1,-1,-1
317,21,642.00,257.00,37.00,84.00,1.0,-1,-1,-1
317,22,0.00,0.00,0.00,0.00,1.0,-1,-1,-1
317,23,0.00,0.00,0.00,0.00,1.0,-1,-1,-1
317,24,212.00,159.00,22.00,69.00,1.0,-1,-1,-1
317,25,645.00,231.00,29.00,67.00,1.0,-1,-1,-1
317,26,301.00,162.00,23.00,67.00,1.0,-1,-1,-1
318,0,0.00,0.00,0.00,0.00,1.0,-1,-1,-1
318,1,484.00,273.00,28.00,100.00,1.0,-1,-1,-1
318,2,0.00,0.00,0.00,0.00,1.0,-1,-1,-1
318,3,0.00,0.00,0.00,0.00,1.0,-1,-1,-1
318,4,0.00,0.00,0.00,0.00,1.0,-1,-1,-1
318,5,0.00,0.00,0.00,0.00,1.0,-1,-1,-1
318,6,577.00,228.00,38.00,97.00,1.0,-1,-1,-1
318,7,0.00,0.00,0.00,0.00,1.0,-1,-1,-1
318,8,0.00,0.00,0.00,0.00,1.0,-1,-1,-1
318,9,0.00,0.00,0.00,0.00,1.0,-1,-1,-1
318,10,0.00,0.00,0.00,0.00,1.0,-1,-1,-1
318,11,0.00,0.00,0.00,0.00,1.0,-1,-1,-1
318,12,0.00,0.00,0.00,0.00,1.0,-1,-1,-1
318,13,0.00,0.00,0.00,0.00,1.0,-1,-1,-1
318,14,0.00,0.00,0.00,0.00,1.0,-1,-1,-1
318,15,663.00,117.00,19.00,61.00,1.0,-1,-1,-1
318,16,635.00,191.00,27.00,68.00,1.0,-1,-1,-1
318,17,0.00,0.00,0.00,0.00,1.0,-1,-1,-1
318,18,0.00,0.00,0.00,0.00,1.0,-1,-1,-1
318,19,762.00,296.00,6.00,36.00,1.0,-1,-1,-1
318,20,0.00,0.00,0.00,0.00,1.0,-1,-1,-1
318,21,639.00,259.00,40.00,84.00,1.0,-1,-1,-1
318,22,0.00,0.00,0.00,0.00,1.0,-1,-1,-1
318,23,0.00,0.00,0.00,0.00,1.0,-1,-1,-1
318,24,210.00,160.00,24.00,69.00,1.0,-1,-1,-1
318,25,644.00,232.00,27.00,48.00,1.0,-1,-1,-1
318,26,298.00,163.00,23.00,66.00,1.0,-1,-1,-1
319,0,0.00,0.00,0.00,0.00,1.0,-1,-1,-1
319,1,477.00,273.00,32.00,101.00,1.0,-1,-1,-1
319,2,0.00,0.00,0.00,0.00,1.0,-1,-1,-1
319,3,0.00,0.00,0.00,0.00,1.0,-1,-1,-1
319,4,0.00,0.00,0.00,0.00,1.0,-1,-1,-1
319,5,0.00,0.00,0.00,0.00,1.0,-1,-1,-1
319,6,573.00,230.00,40.00,101.00,1.0,-1,-1,-1
319,7,0.00,0.00,0.00,0.00,1.0,-1,-1,-1
319,8,0.00,0.00,0.00,0.00,1.0,-1,-1,-1
319,9,0.00,0.00,0.00,0.00,1.0,-1,-1,-1
319,10,0.00,0.00,0.00,0.00,1.0,-1,-1,-1
319,11,0.00,0.00,0.00,0.00,1.0,-1,-1,-1
319,12,0.00,0.00,0.00,0.00,1.0,-1,-1,-1
319,13,0.00,0.00,0.00,0.00,1.0,-1,-1,-1
319,14,0.00,0.00,0.00,0.00,1.0,-1,-1,-1
319,15,663.00,119.00,19.00,61.00,1.0,-1,-1,-1
319,16,634.00,191.00,26.00,64.00,1.0,-1,-1,-1
319,17,0.00,0.00,0.00,0.00,1.0,-1,-1,-1
319,18,0.00,0.00,0.00,0.00,1.0,-1,-1,-1
319,19,757.00,280.00,11.00,51.00,1.0,-1,-1,-1
319,20,0.00,0.00,0.00,0.00,1.0,-1,-1,-1
319,21,638.00,259.00,38.00,85.00,1.0,-1,-1,-1
319,22,0.00,0.00,0.00,0.00,1.0,-1,-1,-1
319,23,654.00,214.00,23.00,22.00,1.0,-1,-1,-1
319,24,208.00,160.00,24.00,69.00,1.0,-1,-1,-1
319,25,643.00,233.00,26.00,41.00,1.0,-1,-1,-1
319,26,288.00,164.00,29.00,66.00,1.0,-1,-1,-1
320,0,0.00,0.00,0.00,0.00,1.0,-1,-1,-1
320,1,469.00,272.00,40.00,101.00,1.0,-1,-1,-1
320,2,0.00,0.00,0.00,0.00,1.0,-1,-1,-1
320,3,0.00,0.00,0.00,0.00,1.0,-1,-1,-1
320,4,0.00,0.00,0.00,0.00,1.0,-1,-1,-1
320,5,0.00,0.00,0.00,0.00,1.0,-1,-1,-1
320,6,570.00,233.00,40.00,102.00,1.0,-1,-1,-1
320,7,0.00,0.00,0.00,0.00,1.0,-1,-1,-1
320,8,0.00,0.00,0.00,0.00,1.0,-1,-1,-1
320,9,0.00,0.00,0.00,0.00,1.0,-1,-1,-1
320,10,0.00,0.00,0.00,0.00,1.0,-1,-1,-1
320,11,0.00,0.00,0.00,0.00,1.0,-1,-1,-1
320,12,0.00,0.00,0.00,0.00,1.0,-1,-1,-1
320,13,0.00,0.00,0.00,0.00,1.0,-1,-1,-1
320,14,0.00,0.00,0.00,0.00,1.0,-1,-1,-1
320,15,663.00,120.00,20.00,61.00,1.0,-1,-1,-1
320,16,633.00,193.00,24.00,59.00,1.0,-1,-1,-1
320,17,0.00,0.00,0.00,0.00,1.0,-1,-1,-1
320,18,0.00,0.00,0.00,0.00,1.0,-1,-1,-1
320,19,754.00,279.00,14.00,84.00,1.0,-1,-1,-1
320,20,0.00,0.00,0.00,0.00,1.0,-1,-1,-1
320,21,636.00,258.00,32.00,87.00,1.0,-1,-1,-1
320,22,0.00,0.00,0.00,0.00,1.0,-1,-1,-1
320,23,0.00,0.00,0.00,0.00,1.0,-1,-1,-1
320,24,206.00,160.00,24.00,69.00,1.0,-1,-1,-1
320,25,628.00,233.00,38.00,90.00,1.0,-1,-1,-1
320,26,283.00,165.00,32.00,64.00,1.0,-1,-1,-1
321,0,0.00,0.00,0.00,0.00,1.0,-1,-1,-1
321,1,468.00,271.00,39.00,101.00,1.0,-1,-1,-1
321,2,0.00,0.00,0.00,0.00,1.0,-1,-1,-1
321,3,0.00,0.00,0.00,0.00,1.0,-1,-1,-1
321,4,0.00,0.00,0.00,0.00,1.0,-1,-1,-1
321,5,0.00,0.00,0.00,0.00,1.0,-1,-1,-1
321,6,568.00,236.00,38.00,102.00,1.0,-1,-1,-1
321,7,0.00,0.00,0.00,0.00,1.0,-1,-1,-1
321,8,0.00,0.00,0.00,0.00,1.0,-1,-1,-1
321,9,0.00,0.00,0.00,0.00,1.0,-1,-1,-1
321,10,0.00,0.00,0.00,0.00,1.0,-1,-1,-1
321,11,0.00,0.00,0.00,0.00,1.0,-1,-1,-1
321,12,0.00,0.00,0.00,0.00,1.0,-1,-1,-1
321,13,0.00,0.00,0.00,0.00,1.0,-1,-1,-1
321,14,0.00,0.00,0.00,0.00,1.0,-1,-1,-1
321,15,664.00,121.00,19.00,61.00,1.0,-1,-1,-1
321,16,632.00,193.00,23.00,58.00,1.0,-1,-1,-1
321,17,0.00,0.00,0.00,0.00,1.0,-1,-1,-1
321,18,0.00,0.00,0.00,0.00,1.0,-1,-1,-1
321,19,751.00,272.00,17.00,91.00,1.0,-1,-1,-1
321,20,0.00,0.00,0.00,0.00,1.0,-1,-1,-1
321,21,631.00,259.00,28.00,86.00,1.0,-1,-1,-1
321,22,0.00,0.00,0.00,0.00,1.0,-1,-1,-1
321,23,0.00,0.00,0.00,0.00,1.0,-1,-1,-1
321,24,205.00,160.00,23.00,70.00,1.0,-1,-1,-1
321,25,623.00,234.00,39.00,91.00,1.0,-1,-1,-1
321,26,282.00,166.00,32.00,66.00,1.0,-1,-1,-1
322,0,0.00,0.00,0.00,0.00,1.0,-1,-1,-1
322,1,467.00,270.00,33.00,99.00,1.0,-1,-1,-1
322,2,0.00,0.00,0.00,0.00,1.0,-1,-1,-1
322,3,0.00,0.00,0.00,0.00,1.0,-1,-1,-1
322,4,0.00,0.00,0.00,0.00,1.0,-1,-1,-1
322,5,0.00,0.00,0.00,0.00,1.0,-1,-1,-1
322,6,568.00,236.00,34.00,102.00,1.0,-1,-1,-1
322,7,0.00,0.00,0.00,0.00,1.0,-1,-1,-1
322,8,0.00,0.00,0.00,0.00,1.0,-1,-1,-1
322,9,0.00,0.00,0.00,0.00,1.0,-1,-1,-1
322,10,0.00,0.00,0.00,0.00,1.0,-1,-1,-1
322,11,0.00,0.00,0.00,0.00,1.0,-1,-1,-1
322,12,0.00,0.00,0.00,0.00,1.0,-1,-1,-1
322,13,0.00,0.00,0.00,0.00,1.0,-1,-1,-1
322,14,0.00,0.00,0.00,0.00,1.0,-1,-1,-1
322,15,664.00,121.00,19.00,62.00,1.0,-1,-1,-1
322,16,631.00,193.00,21.00,46.00,1.0,-1,-1,-1
322,17,0.00,0.00,0.00,0.00,1.0,-1,-1,-1
322,18,0.00,0.00,0.00,0.00,1.0,-1,-1,-1
322,19,747.00,268.00,21.00,96.00,1.0,-1,-1,-1
322,20,0.00,0.00,0.00,0.00,1.0,-1,-1,-1
322,21,628.00,259.00,27.00,89.00,1.0,-1,-1,-1
322,22,0.00,0.00,0.00,0.00,1.0,-1,-1,-1
322,23,0.00,0.00,0.00,0.00,1.0,-1,-1,-1
322,24,204.00,161.00,23.00,70.00,1.0,-1,-1,-1
322,25,622.00,232.00,40.00,94.00,1.0,-1,-1,-1
322,26,281.00,166.00,30.00,66.00,1.0,-1,-1,-1
323,0,752.00,371.00,16.00,51.00,1.0,-1,-1,-1
323,1,462.00,268.00,26.00,98.00,1.0,-1,-1,-1
323,2,0.00,0.00,0.00,0.00,1.0,-1,-1,-1
323,3,0.00,0.00,0.00,0.00,1.0,-1,-1,-1
323,4,0.00,0.00,0.00,0.00,1.0,-1,-1,-1
323,5,0.00,0.00,0.00,0.00,1.0,-1,-1,-1
323,6,566.00,237.00,33.00,101.00,1.0,-1,-1,-1
323,7,0.00,0.00,0.00,0.00,1.0,-1,-1,-1
323,8,0.00,0.00,0.00,0.00,1.0,-1,-1,-1
323,9,0.00,0.00,0.00,0.00,1.0,-1,-1,-1
323,10,0.00,0.00,0.00,0.00,1.0,-1,-1,-1
323,11,752.00,371.00,16.00,51.00,1.0,-1,-1,-1
323,12,0.00,0.00,0.00,0.00,1.0,-1,-1,-1
323,13,0.00,0.00,0.00,0.00,1.0,-1,-1,-1
323,14,0.00,0.00,0.00,0.00,1.0,-1,-1,-1
323,15,664.00,121.00,19.00,62.00,1.0,-1,-1,-1
323,16,631.00,192.00,19.00,34.00,1.0,-1,-1,-1
323,17,0.00,0.00,0.00,0.00,1.0,-1,-1,-1
323,18,0.00,0.00,0.00,0.00,1.0,-1,-1,-1
323,19,741.00,257.00,27.00,105.00,1.0,-1,-1,-1
323,20,0.00,0.00,0.00,0.00,1.0,-1,-1,-1
323,21,623.00,261.00,29.00,87.00,1.0,-1,-1,-1
323,22,0.00,0.00,0.00,0.00,1.0,-1,-1,-1
323,23,0.00,0.00,0.00,0.00,1.0,-1,-1,-1
323,24,203.00,162.00,23.00,71.00,1.0,-1,-1,-1
323,25,621.00,231.00,36.00,95.00,1.0,-1,-1,-1
323,26,280.00,166.00,23.00,66.00,1.0,-1,-1,-1
324,0,749.00,360.00,19.00,62.00,1.0,-1,-1,-1
324,1,454.00,267.00,29.00,98.00,1.0,-1,-1,-1
324,2,0.00,0.00,0.00,0.00,1.0,-1,-1,-1
324,3,0.00,0.00,0.00,0.00,1.0,-1,-1,-1
324,4,0.00,0.00,0.00,0.00,1.0,-1,-1,-1
324,5,0.00,0.00,0.00,0.00,1.0,-1,-1,-1
324,6,564.00,239.00,32.00,99.00,1.0,-1,-1,-1
324,7,0.00,0.00,0.00,0.00,1.0,-1,-1,-1
324,8,0.00,0.00,0.00,0.00,1.0,-1,-1,-1
324,9,0.00,0.00,0.00,0.00,1.0,-1,-1,-1
324,10,0.00,0.00,0.00,0.00,1.0,-1,-1,-1
324,11,0.00,0.00,0.00,0.00,1.0,-1,-1,-1
324,12,0.00,0.00,0.00,0.00,1.0,-1,-1,-1
324,13,0.00,0.00,0.00,0.00,1.0,-1,-1,-1
324,14,0.00,0.00,0.00,0.00,1.0,-1,-1,-1
324,15,664.00,122.00,19.00,62.00,1.0,-1,-1,-1
324,16,627.00,195.00,20.00,35.00,1.0,-1,-1,-1
324,17,0.00,0.00,0.00,0.00,1.0,-1,-1,-1
324,18,0.00,0.00,0.00,0.00,1.0,-1,-1,-1
324,19,735.00,257.00,33.00,103.00,1.0,-1,-1,-1
324,20,0.00,0.00,0.00,0.00,1.0,-1,-1,-1
324,21,619.00,263.00,30.00,88.00,1.0,-1,-1,-1
324,22,0.00,0.00,0.00,0.00,1.0,-1,-1,-1
324,23,0.00,0.00,0.00,0.00,1.0,-1,-1,-1
324,24,202.00,164.00,23.00,71.00,1.0,-1,-1,-1
324,25,622.00,229.00,35.00,96.00,1.0,-1,-1,-1
324,26,276.00,167.00,22.00,66.00,1.0,-1,-1,-1
325,0,747.00,316.00,21.00,105.00,1.0,-1,-1,-1
325,1,437.00,268.00,43.00,97.00,1.0,-1,-1,-1
325,2,0.00,0.00,0.00,0.00,1.0,-1,-1,-1
325,3,0.00,0.00,0.00,0.00,1.0,-1,-1,-1
325,4,0.00,0.00,0.00,0.00,1.0,-1,-1,-1
325,5,0.00,0.00,0.00,0.00,1.0,-1,-1,-1
325,6,547.00,244.00,43.00,100.00,1.0,-1,-1,-1
325,7,0.00,0.00,0.00,0.00,1.0,-1,-1,-1
325,8,0.00,0.00,0.00,0.00,1.0,-1,-1,-1
325,9,0.00,0.00,0.00,0.00,1.0,-1,-1,-1
325,10,0.00,0.00,0.00,0.00,1.0,-1,-1,-1
325,11,0.00,0.00,0.00,0.00,1.0,-1,-1,-1
325,12,0.00,0.00,0.00,0.00,1.0,-1,-1,-1
325,13,0.00,0.00,0.00,0.00,1.0,-1,-1,-1
325,14,0.00,0.00,0.00,0.00,1.0,-1,-1,-1
325,15,663.00,124.00,19.00,63.00,1.0,-1,-1,-1
325,16,620.00,194.00,18.00,32.00,1.0,-1,-1,-1
325,17,0.00,0.00,0.00,0.00,1.0,-1,-1,-1
325,18,0.00,0.00,0.00,0.00,1.0,-1,-1,-1
325,19,721.00,261.00,38.00,88.00,1.0,-1,-1,-1
325,20,0.00,0.00,0.00,0.00,1.0,-1,-1,-1
325,21,614.00,263.00,27.00,88.00,1.0,-1,-1,-1
325,22,0.00,0.00,0.00,0.00,1.0,-1,-1,-1
325,23,608.00,215.00,37.00,88.00,1.0,-1,-1,-1
325,24,201.00,165.00,23.00,71.00,1.0,-1,-1,-1
325,25,608.00,228.00,37.00,103.00,1.0,-1,-1,-1
325,26,271.00,170.00,23.00,66.00,1.0,-1,-1,-1
326,0,0.00,0.00,0.00,0.00,1.0,-1,-1,-1
326,1,435.00,269.00,44.00,94.00,1.0,-1,-1,-1
326,2,0.00,0.00,0.00,0.00,1.0,-1,-1,-1
326,3,0.00,0.00,0.00,0.00,1.0,-1,-1,-1
326,4,0.00,0.00,0.00,0.00,1.0,-1,-1,-1
326,5,0.00,0.00,0.00,0.00,1.0,-1,-1,-1
326,6,548.00,245.00,40.00,102.00,1.0,-1,-1,-1
326,7,0.00,0.00,0.00,0.00,1.0,-1,-1,-1
326,8,0.00,0.00,0.00,0.00,1.0,-1,-1,-1
326,9,0.00,0.00,0.00,0.00,1.0,-1,-1,-1
326,10,0.00,0.00,0.00,0.00,1.0,-1,-1,-1
326,11,0.00,0.00,0.00,0.00,1.0,-1,-1,-1
326,12,0.00,0.00,0.00,0.00,1.0,-1,-1,-1
326,13,0.00,0.00,0.00,0.00,1.0,-1,-1,-1
326,14,0.00,0.00,0.00,0.00,1.0,-1,-1,-1
326,15,662.00,124.00,19.00,63.00,1.0,-1,-1,-1
326,16,616.00,196.00,20.00,51.00,1.0,-1,-1,-1
326,17,0.00,0.00,0.00,0.00,1.0,-1,-1,-1
326,18,0.00,0.00,0.00,0.00,1.0,-1,-1,-1
326,19,721.00,260.00,32.00,89.00,1.0,-1,-1,-1
326,20,0.00,0.00,0.00,0.00,1.0,-1,-1,-1
326,21,611.00,263.00,28.00,88.00,1.0,-1,-1,-1
326,22,0.00,0.00,0.00,0.00,1.0,-1,-1,-1
326,23,591.00,217.00,51.00,83.00,1.0,-1,-1,-1
326,24,200.00,165.00,23.00,71.00,1.0,-1,-1,-1
326,25,591.00,236.00,51.00,88.00,1.0,-1,-1,-1
326,26,268.00,170.00,24.00,69.00,1.0,-1,-1,-1
327,0,736.00,289.00,32.00,158.00,1.0,-1,-1,-1
327,1,434.00,267.00,41.00,96.00,1.0,-1,-1,-1
327,2,0.00,0.00,0.00,0.00,1.0,-1,-1,-1
327,3,0.00,0.00,0.00,0.00,1.0,-1,-1,-1
327,4,0.00,0.00,0.00,0.00,1.0,-1,-1,-1
327,5,0.00,0.00,0.00,0.00,1.0,-1,-1,-1
327,6,543.00,245.00,38.00,102.00,1.0,-1,-1,-1
327,7,0.00,0.00,0.00,0.00,1.0,-1,-1,-1
327,8,0.00,0.00,0.00,0.00,1.0,-1,-1,-1
327,9,0.00,0.00,0.00,0.00,1.0,-1,-1,-1
327,10,0.00,0.00,0.00,0.00,1.0,-1,-1,-1
327,11,0.00,0.00,0.00,0.00,1.0,-1,-1,-1
327,12,0.00,0.00,0.00,0.00,1.0,-1,-1,-1
327,13,0.00,0.00,0.00,0.00,1.0,-1,-1,-1
327,14,0.00,0.00,0.00,0.00,1.0,-1,-1,-1
327,15,661.00,124.00,20.00,63.00,1.0,-1,-1,-1
327,16,612.00,197.00,21.00,56.00,1.0,-1,-1,-1
327,17,0.00,0.00,0.00,0.00,1.0,-1,-1,-1
327,18,0.00,0.00,0.00,0.00,1.0,-1,-1,-1
327,19,717.00,256.00,31.00,92.00,1.0,-1,-1,-1
327,20,0.00,0.00,0.00,0.00,1.0,-1,-1,-1
327,21,606.00,264.00,31.00,88.00,1.0,-1,-1,-1
327,22,0.00,0.00,0.00,0.00,1.0,-1,-1,-1
327,23,610.00,240.00,29.00,38.00,1.0,-1,-1,-1
327,24,200.00,166.00,22.00,73.00,1.0,-1,-1,-1
327,25,589.00,239.00,49.00,82.00,1.0,-1,-1,-1
327,26,266.00,170.00,24.00,69.00,1.0,-1,-1,-1
328,0,0.00,0.00,0.00,0.00,1.0,-1,-1,-1
328,1,426.00,265.00,39.00,92.00,1.0,-1,-1,-1
328,2,0.00,0.00,0.00,0.00,1.0,-1,-1,-1
328,3,0.00,0.00,0.00,0.00,1.0,-1,-1,-1
328,4,0.00,0.00,0.00,0.00,1.0,-1,-1,-1
328,5,0.00,0.00,0.00,0.00,1.0,-1,-1,-1
328,6,536.00,246.00,42.00,101.00,1.0,-1,-1,-1
328,7,0.00,0.00,0.00,0.00,1.0,-1,-1,-1
328,8,0.00,0.00,0.00,0.00,1.0,-1,-1,-1
328,9,0.00,0.00,0.00,0.00,1.0,-1,-1,-1
328,10,0.00,0.00,0.00,0.00,1.0,-1,-1,-1
328,11,0.00,0.00,0.00,0.00,1.0,-1,-1,-1
328,12,0.00,0.00,0.00,0.00,1.0,-1,-1,-1
328,13,0.00,0.00,0.00,0.00,1.0,-1,-1,-1
328,14,0.00,0.00,0.00,0.00,1.0,-1,-1,-1
328,15,661.00,125.00,20.00,64.00,1.0,-1,-1,-1
328,16,607.00,197.00,21.00,50.00,1.0,-1,-1,-1
328,17,0.00,0.00,0.00,0.00,1.0,-1,-1,-1
328,18,0.00,0.00,0.00,0.00,1.0,-1,-1,-1
328,19,756.00,233.00,12.00,95.00,1.0,-1,-1,-1
328,20,0.00,0.00,0.00,0.00,1.0,-1,-1,-1
328,21,604.00,264.00,31.00,89.00,1.0,-1,-1,-1
328,22,0.00,0.00,0.00,0.00,1.0,-1,-1,-1
328,23,606.00,242.00,30.00,37.00,1.0,-1,-1,-1
328,24,199.00,168.00,23.00,73.00,1.0,-1,-1,-1
328,25,606.00,240.00,29.00,40.00,1.0,-1,-1,-1
328,26,264.00,171.00,24.00,68.00,1.0,-1,-1,-1
328,27,712.00,311.00,56.00,137.00,1.0,-1,-1,-1
328,28,711.00,252.00,33.00,96.00,1.0,-1,-1,-1
329,0,742.00,280.00,26.00,172.00,1.0,-1,-1,-1
329,1,420.00,263.00,341.00,130.00,1.0,-1,-1,-1
329,2,0.00,0.00,0.00,0.00,1.0,-1,-1,-1
329,3,748.00,278.00,20.00,158.00,1.0,-1,-1,-1
329,4,0.00,0.00,0.00,0.00,1.0,-1,-1,-1
329,5,0.00,0.00,0.00,0.00,1.0,-1,-1,-1
329,6,531.00,248.00,44.00,107.00,1.0,-1,-1,-1
329,7,742.00,280.00,26.00,170.00,1.0,-1,-1,-1
329,8,0.00,0.00,0.00,0.00,1.0,-1,-1,-1
329,9,0.00,0.00,0.00,0.00,1.0,-1,-1,-1
329,10,0.00,0.00,0.00,0.00,1.0,-1,-1,-1
329,11,0.00,0.00,0.00,0.00,1.0,-1,-1,-1
329,12,0.00,0.00,0.00,0.00,1.0,-1,-1,-1
329,13,0.00,0.00,0.00,0.00,1.0,-1,-1,-1
329,14,0.00,0.00,0.00,0.00,1.0,-1,-1,-1
329,15,661.00,126.00,20.00,64.00,1.0,-1,-1,-1
329,16,602.00,198.00,21.00,45.00,1.0,-1,-1,-1
329,17,733.00,277.00,35.00,164.00,1.0,-1,-1,-1
329,18,0.00,0.00,0.00,0.00,1.0,-1,-1,-1
329,19,751.00,229.00,17.00,57.00,1.0,-1,-1,-1
329,20,0.00,0.00,0.00,0.00,1.0,-1,-1,-1
329,21,602.00,265.00,30.00,90.00,1.0,-1,-1,-1
329,22,0.00,0.00,0.00,0.00,1.0,-1,-1,-1
329,23,600.00,242.00,32.00,41.00,1.0,-1,-1,-1
329,24,197.00,169.00,24.00,75.00,1.0,-1,-1,-1
329,25,601.00,240.00,31.00,46.00,1.0,-1,-1,-1
329,26,261.00,171.00,25.00,67.00,1.0,-1,-1,-1
329,27,712.00,311.00,56.00,141.00,1.0,-1,-1,-1
329,28,706.00,251.00,34.00,96.00,1.0,-1,-1,-1
330,0,746.00,272.00,22.00,50.00,1.0,-1,-1,-1
330,1,413.00,261.00,26.00,88.00,1.0,-1,-1,-1
330,2,0.00,0.00,0.00,0.00,1.0,-1,-1,-1
330,3,746.00,276.00,22.00,47.00,1.0,-1,-1,-1
330,4,0.00,0.00,0.00,0.00,1.0,-1,-1,-1
330,5,0.00,0.00,0.00,0.00,1.0,-1,-1,-1
330,6,529.00,252.00,42.00,105.00,1.0,-1,-1,-1
330,7,741.00,316.00,27.00,131.00,1.0,-1,-1,-1
330,8,0.00,0.00,0.00,0.00,1.0,-1,-1,-1
330,9,0.00,0.00,0.00,0.00,1.0,-1,-1,-1
330,10,0.00,0.00,0.00,0.00,1.0,-1,-1,-1
330,11,0.00,0.00,0.00,0.00,1.0,-1,-1,-1
330,12,0.00,0.00,0.00,0.00,1.0,-1,-1,-1
330,13,0.00,0.00,0.00,0.00,1.0,-1,-1,-1
330,14,0.00,0.00,0.00,0.00,1.0,-1,-1,-1
330,15,661.00,128.00,20.00,64.00,1.0,-1,-1,-1
330,16,597.00,197.00,24.00,55.00,1.0,-1,-1,-1
330,17,579.00,235.00,179.00,63.00,1.0,-1,-1,-1
330,18,0.00,0.00,0.00,0.00,1.0,-1,-1,-1
330,19,746.00,227.00,22.00,54.00,1.0,-1,-1,-1
330,20,0.00,0.00,0.00,0.00,1.0,-1,-1,-1
330,21,601.00,266.00,27.00,91.00,1.0,-1,-1,-1
330,22,0.00,0.00,0.00,0.00,1.0,-1,-1,-1
330,23,598.00,242.00,29.00,88.00,1.0,-1,-1,-1
330,24,196.00,170.00,23.00,74.00,1.0,-1,-1,-1
330,25,594.00,241.00,33.00,91.00,1.0,-1,-1,-1
330,26,259.00,172.00,26.00,69.00,1.0,-1,-1,-1
330,27,713.00,309.00,55.00,138.00,1.0,-1,-1,-1
330,28,702.00,252.00,33.00,84.00,1.0,-1,-1,-1
331,0,737.00,280.00,31.00,44.00,1.0,-1,-1,-1
331,1,406.00,262.00,25.00,91.00,1.0,-1,-1,-1
331,2,0.00,0.00,0.00,0.00,1.0,-1,-1,-1
331,3,738.00,278.00,30.00,46.00,1.0,-1,-1,-1
331,4,0.00,0.00,0.00,0.00,1.0,-1,-1,-1
331,5,0.00,0.00,0.00,0.00,1.0,-1,-1,-1
331,6,528.00,254.00,40.00,107.00,1.0,-1,-1,-1
331,7,723.00,315.00,45.00,133.00,1.0,-1,-1,-1
331,8,0.00,0.00,0.00,0.00,1.0,-1,-1,-1
331,9,0.00,0.00,0.00,0.00,1.0,-1,-1,-1
331,10,0.00,0.00,0.00,0.00,1.0,-1,-1,-1
331,11,0.00,0.00,0.00,0.00,1.0,-1,-1,-1
331,12,0.00,0.00,0.00,0.00,1.0,-1,-1,-1
331,13,0.00,0.00,0.00,0.00,1.0,-1,-1,-1
331,14,0.00,0.00,0.00,0.00,1.0,-1,-1,-1
331,15,662.00,128.00,20.00,64.00,1.0,-1,-1,-1
331,16,592.00,196.00,19.00,58.00,1.0,-1,-1,-1
331,17,570.00,215.00,29.00,118.00,1.0,-1,-1,-1
331,18,0.00,0.00,0.00,0.00,1.0,-1,-1,-1
331,19,742.00,227.00,26.00,76.00,1.0,-1,-1,-1
331,20,0.00,0.00,0.00,0.00,1.0,-1,-1,-1
331,21,597.00,266.00,29.00,91.00,1.0,-1,-1,-1
331,22,0.00,0.00,0.00,0.00,1.0,-1,-1,-1
331,23,585.00,241.00,39.00,93.00,1.0,-1,-1,-1
331,24,195.00,170.00,24.00,74.00,1.0,-1,-1,-1
331,25,585.00,242.00,39.00,92.00,1.0,-1,-1,-1
331,26,255.00,174.00,158.00,93.00,1.0,-1,-1,-1
331,27,712.00,307.00,56.00,141.00,1.0,-1,-1,-1
331,28,699.00,250.00,31.00,85.00,1.0,-1,-1,-1
332,0,698.00,271.00,50.00,138.00,1.0,-1,-1,-1
332,1,394.00,262.00,35.00,91.00,1.0,-1,-1,-1
332,2,0.00,0.00,0.00,0.00,1.0,-1,-1,-1
332,3,718.00,270.00,44.00,53.00,1.0,-1,-1,-1
332,4,0.00,0.00,0.00,0.00,1.0,-1,-1,-1
332,5,0.00,0.00,0.00,0.00,1.0,-1,-1,-1
332,6,528.00,256.00,34.00,106.00,1.0,-1,-1,-1
332,7,718.00,310.00,45.00,135.00,1.0,-1,-1,-1
332,8,0.00,0.00,0.00,0.00,1.0,-1,-1,-1
332,9,0.00,0.00,0.00,0.00,1.0,-1,-1,-1
332,10,0.00,0.00,0.00,0.00,1.0,-1,-1,-1
332,11,0.00,0.00,0.00,0.00,1.0,-1,-1,-1
332,12,0.00,0.00,0.00,0.00,1.0,-1,-1,-1
332,13,0.00,0.00,0.00,0.00,1.0,-1,-1,-1
332,14,0.00,0.00,0.00,0.00,1.0,-1,-1,-1
332,15,661.00,128.00,21.00,66.00,1.0,-1,-1,-1
332,16,584.00,196.00,19.00,58.00,1.0,-1,-1,-1
332,17,566.00,214.00,27.00,120.00,1.0,-1,-1,-1
332,18,0.00,0.00,0.00,0.00,1.0,-1,-1,-1
332,19,735.00,223.00,33.00,96.00,1.0,-1,-1,-1
332,20,0.00,0.00,0.00,0.00,1.0,-1,-1,-1
332,21,590.00,265.00,27.00,93.00,1.0,-1,-1,-1
332,22,0.00,0.00,0.00,0.00,1.0,-1,-1,-1
332,23,582.00,242.00,35.00,93.00,1.0,-1,-1,-1
332,24,194.00,172.00,24.00,75.00,1.0,-1,-1,-1
332,25,582.00,243.00,38.00,92.00,1.0,-1,-1,-1
332,26,249.00,175.00,29.00,71.00,1.0,-1,-1,-1
332,27,705.00,306.00,59.00,139.00,1.0,-1,-1,-1
332,28,691.00,243.00,30.00,91.00,1.0,-1,-1,-1
333,0,691.00,269.00,42.00,141.00,1.0,-1,-1,-1
333,1,393.00,260.00,32.00,93.00,1.0,-1,-1,-1
333,2,757.00,270.00,11.00,110.00,1.0,-1,-1,-1
333,3,711.00,269.00,41.00,56.00,1.0,-1,-1,-1
333,4,0.00,0.00,0.00,0.00,1.0,-1,-1,-1
333,5,0.00,0.00,0.00,0.00,1.0,-1,-1,-1
333,6,526.00,258.00,34.00,104.00,1.0,-1,-1,-1
333,7,718.00,307.00,46.00,134.00,1.0,-1,-1,-1
333,8,0.00,0.00,0.00,0.00,1.0,-1,-1,-1
333,9,0.00,0.00,0.00,0.00,1.0,-1,-1,-1
333,10,0.00,0.00,0.00,0.00,1.0,-1,-1,-1
333,11,0.00,0.00,0.00,0.00,1.0,-1,-1,-1
333,12,0.00,0.00,0.00,0.00,1.0,-1,-1,-1
333,13,0.00,0.00,0.00,0.00,1.0,-1,-1,-1
333,14,0.00,0.00,0.00,0.00,1.0,-1,-1,-1
333,15,661.00,130.00,20.00,66.00,1.0,-1,-1,-1
333,16,578.00,197.00,19.00,47.00,1.0,-1,-1,-1
333,17,564.00,213.00,23.00,122.00,1.0,-1,-1,-1
333,18,0.00,0.00,0.00,0.00,1.0,-1,-1,-1
333,19,731.00,221.00,33.00,95.00,1.0,-1,-1,-1
333,20,0.00,0.00,0.00,0.00,1.0,-1,-1,-1
333,21,585.00,266.00,28.00,92.00,1.0,-1,-1,-1
333,22,0.00,0.00,0.00,0.00,1.0,-1,-1,-1
333,23,577.00,241.00,35.00,94.00,1.0,-1,-1,-1
333,24,194.00,174.00,24.00,74.00,1.0,-1,-1,-1
333,25,578.00,241.00,34.00,94.00,1.0,-1,-1,-1
333,26,247.00,176.00,29.00,70.00,1.0,-1,-1,-1
333,27,694.00,304.00,70.00,137.00,1.0,-1,-1,-1
333,28,687.00,241.00,31.00,92.00,1.0,-1,-1,-1
334,0,687.00,270.00,39.00,140.00,1.0,-1,-1,-1
334,1,387.00,259.00,24.00,95.00,1.0,-1,-1,-1
334,2,750.00,269.00,18.00,111.00,1.0,-1,-1,-1
334,3,688.00,266.00,53.00,56.00,1.0,-1,-1,-1
334,4,0.00,0.00,0.00,0.00,1.0,-1,-1,-1
334,5,0.00,0.00,0.00,0.00,1.0,-1,-1,-1
334,6,520.00,261.00,38.00,108.00,1.0,-1,-1,-1
334,7,717.00,305.00,39.00,126.00,1.0,-1,-1,-1
334,8,0.00,0.00,0.00,0.00,1.0,-1,-1,-1
334,9,0.00,0.00,0.00,0.00,1.0,-1,-1,-1
334,10,0.00,0.00,0.00,0.00,1.0,-1,-1,-1
334,11,0.00,0.00,0.00,0.00,1.0,-1,-1,-1
334,12,0.00,0.00,0.00,0.00,1.0,-1,-1,-1
334,13,0.00,0.00,0.00,0.00,1.0,-1,-1,-1
334,14,0.00,0.00,0.00,0.00,1.0,-1,-1,-1
334,15,660.00,131.00,21.00,66.00,1.0,-1,-1,-1
334,16,574.00,196.00,17.00,44.00,1.0,-1,-1,-1
334,17,562.00,213.00,22.00,87.00,1.0,-1,-1,-1
334,18,0.00,0.00,0.00,0.00,1.0,-1,-1,-1
334,19,727.00,219.00,35.00,96.00,1.0,-1,-1,-1
334,20,0.00,0.00,0.00,0.00,1.0,-1,-1,-1
334,21,573.00,267.00,41.00,89.00,1.0,-1,-1,-1
334,22,0.00,0.00,0.00,0.00,1.0,-1,-1,-1
334,23,576.00,241.00,34.00,98.00,1.0,-1,-1,-1
334,24,194.00,176.00,24.00,74.00,1.0,-1,-1,-1
334,25,576.00,241.00,34.00,99.00,1.0,-1,-1,-1
334,26,246.00,176.00,29.00,70.00,1.0,-1,-1,-1
334,27,718.00,305.00,40.00,125.00,1.0,-1,-1,-1
334,28,676.00,241.00,37.00,83.00,1.0,-1,-1,-1
335,0,712.00,269.00,49.00,110.00,1.0,-1,-1,-1
335,1,359.00,261.00,47.00,92.00,1.0,-1,-1,-1
335,2,733.00,267.00,25.00,112.00,1.0,-1,-1,-1
335,3,679.00,262.00,43.00,61.00,1.0,-1,-1,-1
335,4,0.00,0.00,0.00,0.00,1.0,-1,-1,-1
335,5,0.00,0.00,0.00,0.00,1.0,-1,-1,-1
335,6,516.00,266.00,36.00,108.00,1.0,-1,-1,-1
335,7,711.00,301.00,39.00,129.00,1.0,-1,-1,-1
335,8,0.00,0.00,0.00,0.00,1.0,-1,-1,-1
335,9,0.00,0.00,0.00,0.00,1.0,-1,-1,-1
335,10,0.00,0.00,0.00,0.00,1.0,-1,-1,-1
335,11,0.00,0.00,0.00,0.00,1.0,-1,-1,-1
335,12,0.00,0.00,0.00,0.00,1.0,-1,-1,-1
335,13,0.00,0.00,0.00,0.00,1.0,-1,-1,-1
335,14,0.00,0.00,0.00,0.00,1.0,-1,-1,-1
335,15,660.00,131.00,20.00,67.00,1.0,-1,-1,-1
335,16,564.00,194.00,16.00,32.00,1.0,-1,-1,-1
335,17,558.00,207.00,25.00,92.00,1.0,-1,-1,-1
335,18,0.00,0.00,0.00,0.00,1.0,-1,-1,-1
335,19,718.00,219.00,35.00,82.00,1.0,-1,-1,-1
335,20,0.00,0.00,0.00,0.00,1.0,-1,-1,-1
335,21,565.00,268.00,45.00,89.00,1.0,-1,-1,-1
335,22,0.00,0.00,0.00,0.00,1.0,-1,-1,-1
335,23,572.00,244.00,33.00,52.00,1.0,-1,-1,-1
335,24,194.00,176.00,24.00,74.00,1.0,-1,-1,-1
335,25,572.00,244.00,33.00,54.00,1.0,-1,-1,-1
335,26,248.00,179.00,28.00,69.00,1.0,-1,-1,-1
335,27,711.00,301.00,34.00,129.00,1.0,-1,-1,-1
335,28,673.00,238.00,29.00,84.00,1.0,-1,-1,-1
336,0,711.00,266.00,43.00,145.00,1.0,-1,-1,-1
336,1,355.00,262.00,51.00,91.00,1.0,-1,-1,-1
336,2,727.00,264.00,27.00,113.00,1.0,-1,-1,-1
336,3,686.00,258.00,51.00,55.00,1.0,-1,-1,-1
336,4,0.00,0.00,0.00,0.00,1.0,-1,-1,-1
336,5,0.00,0.00,0.00,0.00,1.0,-1,-1,-1
336,6,511.00,267.00,38.00,107.00,1.0,-1,-1,-1
336,7,709.00,298.00,37.00,132.00,1.0,-1,-1,-1
336,8,0.00,0.00,0.00,0.00,1.0,-1,-1,-1
336,9,0.00,0.00,0.00,0.00,1.0,-1,-1,-1
336,10,0.00,0.00,0.00,0.00,1.0,-1,-1,-1
336,11,0.00,0.00,0.00,0.00,1.0,-1,-1,-1
336,12,0.00,0.00,0.00,0.00,1.0,-1,-1,-1
336,13,0.00,0.00,0.00,0.00,1.0,-1,-1,-1
336,14,0.00,0.00,0.00,0.00,1.0,-1,-1,-1
336,15,659.00,132.00,21.00,66.00,1.0,-1,-1,-1
336,16,559.00,193.00,14.00,28.00,1.0,-1,-1,-1
336,17,556.00,207.00,31.00,65.00,1.0,-1,-1,-1
336,18,0.00,0.00,0.00,0.00,1.0,-1,-1,-1
336,19,711.00,218.00,35.00,92.00,1.0,-1,-1,-1
336,20,0.00,0.00,0.00,0.00,1.0,-1,-1,-1
336,21,562.00,267.00,36.00,90.00,1.0,-1,-1,-1
336,22,0.00,0.00,0.00,0.00,1.0,-1,-1,-1
336,23,573.00,244.00,29.00,90.00,1.0,-1,-1,-1
336,24,195.00,177.00,24.00,79.00,1.0,-1,-1,-1
336,25,573.00,244.00,29.00,90.00,1.0,-1,-1,-1
336,26,249.00,181.00,27.00,70.00,1.0,-1,-1,-1
336,27,709.00,298.00,35.00,132.00,1.0,-1,-1,-1
336,28,668.00,236.00,29.00,82.00,1.0,-1,-1,-1
337,0,709.00,268.00,43.00,153.00,1.0,-1,-1,-1
337,1,355.00,262.00,47.00,91.00,1.0,-1,-1,-1
337,2,718.00,266.00,35.00,109.00,1.0,-1,-1,-1
337,3,683.00,253.00,25.00,55.00,1.0,-1,-1,-1
337,4,0.00,0.00,0.00,0.00,1.0,-1,-1,-1
337,5,0.00,0.00,0.00,0.00,1.0,-1,-1,-1
337,6,506.00,268.00,39.00,108.00,1.0,-1,-1,-1
337,7,707.00,297.00,40.00,129.00,1.0,-1,-1,-1
337,8,0.00,0.00,0.00,0.00,1.0,-1,-1,-1
337,9,0.00,0.00,0.00,0.00,1.0,-1,-1,-1
337,10,0.00,0.00,0.00,0.00,1.0,-1,-1,-1
337,11,0.00,0.00,0.00,0.00,1.0,-1,-1,-1
337,12,0.00,0.00,0.00,0.00,1.0,-1,-1,-1
337,13,0.00,0.00,0.00,0.00,1.0,-1,-1,-1
337,14,0.00,0.00,0.00,0.00,1.0,-1,-1,-1
337,15,659.00,133.00,21.00,67.00,1.0,-1,-1,-1
337,16,550.00,196.00,19.00,74.00,1.0,-1,-1,-1
337,17,550.00,212.00,42.00,117.00,1.0,-1,-1,-1
337,18,0.00,0.00,0.00,0.00,1.0,-1,-1,-1
337,19,705.00,215.00,35.00,94.00,1.0,-1,-1,-1
337,20,0.00,0.00,0.00,0.00,1.0,-1,-1,-1
337,21,557.00,267.00,27.00,89.00,1.0,-1,-1,-1
337,22,0.00,0.00,0.00,0.00,1.0,-1,-1,-1
337,23,570.00,246.00,29.00,94.00,1.0,-1,-1,-1
337,24,195.00,180.00,24.00,77.00,1.0,-1,-1,-1
337,25,570.00,245.00,28.00,97.00,1.0,-1,-1,-1
337,26,250.00,181.00,27.00,72.00,1.0,-1,-1,-1
337,27,707.00,297.00,40.00,129.00,1.0,-1,-1,-1
337,28,664.00,233.00,28.00,80.00,1.0,-1,-1,-1
338,0,700.00,270.00,49.00,151.00,1.0,-1,-1,-1
338,1,354.00,261.00,37.00,93.00,1.0,-1,-1,-1
338,2,700.00,266.00,50.00,107.00,1.0,-1,-1,-1
338,3,678.00,252.00,35.00,60.00,1.0,-1,-1,-1
338,4,0.00,0.00,0.00,0.00,1.0,-1,-1,-1
338,5,0.00,0.00,0.00,0.00,1.0,-1,-1,-1
338,6,504.00,270.00,37.00,111.00,1.0,-1,-1,-1
338,7,702.00,293.00,44.00,128.00,1.0,-1,-1,-1
338,8,0.00,0.00,0.00,0.00,1.0,-1,-1,-1
338,9,0.00,0.00,0.00,0.00,1.0,-1,-1,-1
338,10,0.00,0.00,0.00,0.00,1.0,-1,-1,-1
338,11,0.00,0.00,0.00,0.00,1.0,-1,-1,-1
338,12,0.00,0.00,0.00,0.00,1.0,-1,-1,-1
338,13,0.00,0.00,0.00,0.00,1.0,-1,-1,-1
338,14,0.00,0.00,0.00,0.00,1.0,-1,-1,-1
338,15,660.00,135.00,20.00,67.00,1.0,-1,-1,-1
338,16,546.00,195.00,20.00,75.00,1.0,-1,-1,-1
338,17,564.00,211.00,24.00,59.00,1.0,-1,-1,-1
338,18,0.00,0.00,0.00,0.00,1.0,-1,-1,-1
338,19,700.00,212.00,34.00,68.00,1.0,-1,-1,-1
338,20,0.00,0.00,0.00,0.00,1.0,-1,-1,-1
338,21,552.00,265.00,25.00,91.00,1.0,-1,-1,-1
338,22,0.00,0.00,0.00,0.00,1.0,-1,-1,-1
338,23,566.00,246.00,28.00,96.00,1.0,-1,-1,-1
338,24,195.00,182.00,24.00,77.00,1.0,-1,-1,-1
338,25,567.00,246.00,27.00,96.00,1.0,-1,-1,-1
338,26,251.00,181.00,28.00,71.00,1.0,-1,-1,-1
338,27,700.00,293.00,46.00,128.00,1.0,-1,-1,-1
338,28,660.00,232.00,28.00,82.00,1.0,-1,-1,-1
339,0,698.00,279.00,45.00,129.00,1.0,-1,-1,-1
339,1,348.00,260.00,26.00,93.00,1.0,-1,-1,-1
339,2,696.00,266.00,26.00,108.00,1.0,-1,-1,-1
339,3,673.00,250.00,28.00,61.00,1.0,-1,-1,-1
339,4,0.00,0.00,0.00,0.00,1.0,-1,-1,-1
339,5,0.00,0.00,0.00,0.00,1.0,-1,-1,-1
339,6,501.00,273.00,38.00,111.00,1.0,-1,-1,-1
339,7,699.00,288.00,44.00,122.00,1.0,-1,-1,-1
339,8,0.00,0.00,0.00,0.00,1.0,-1,-1,-1
339,9,0.00,0.00,0.00,0.00,1.0,-1,-1,-1
339,10,0.00,0.00,0.00,0.00,1.0,-1,-1,-1
339,11,0.00,0.00,0.00,0.00,1.0,-1,-1,-1
339,12,0.00,0.00,0.00,0.00,1.0,-1,-1,-1
339,13,0.00,0.00,0.00,0.00,1.0,-1,-1,-1
339,14,0.00,0.00,0.00,0.00,1.0,-1,-1,-1
339,15,661.00,135.00,20.00,68.00,1.0,-1,-1,-1
339,16,541.00,191.00,21.00,69.00,1.0,-1,-1,-1
339,17,564.00,208.00,26.00,45.00,1.0,-1,-1,-1
339,18,0.00,0.00,0.00,0.00,1.0,-1,-1,-1
339,19,695.00,210.00,33.00,58.00,1.0,-1,-1,-1
339,20,0.00,0.00,0.00,0.00,1.0,-1,-1,-1
339,21,538.00,265.00,39.00,91.00,1.0,-1,-1,-1
339,22,0.00,0.00,0.00,0.00,1.0,-1,-1,-1
339,23,560.00,244.00,30.00,98.00,1.0,-1,-1,-1
339,24,195.00,182.00,24.00,78.00,1.0,-1,-1,-1
339,25,561.00,243.00,29.00,100.00,1.0,-1,-1,-1
339,26,252.00,181.00,28.00,71.00,1.0,-1,-1,-1
339,27,699.00,288.00,44.00,122.00,1.0,-1,-1,-1
339,28,656.00,231.00,27.00,81.00,1.0,-1,-1,-1
340,0,696.00,271.00,44.00,138.00,1.0,-1,-1,-1
340,1,338.00,260.00,30.00,93.00,1.0,-1,-1,-1
340,2,692.00,263.00,24.00,111.00,1.0,-1,-1,-1
340,3,668.00,249.00,27.00,61.00,1.0,-1,-1,-1
340,4,0.00,0.00,0.00,0.00,1.0,-1,-1,-1
340,5,0.00,0.00,0.00,0.00,1.0,-1,-1,-1
340,6,499.00,274.00,37.00,112.00,1.0,-1,-1,-1
340,7,697.00,285.00,43.00,125.00,1.0,-1,-1,-1
340,8,0.00,0.00,0.00,0.00,1.0,-1,-1,-1
340,9,0.00,0.00,0.00,0.00,1.0,-1,-1,-1
340,10,0.00,0.00,0.00,0.00,1.0,-1,-1,-1
340,11,0.00,0.00,0.00,0.00,1.0,-1,-1,-1
340,12,0.00,0.00,0.00,0.00,1.0,-1,-1,-1
340,13,0.00,0.00,0.00,0.00,1.0,-1,-1,-1
340,14,0.00,0.00,0.00,0.00,1.0,-1,-1,-1
340,15,661.00,135.00,21.00,68.00,1.0,-1,-1,-1
340,16,537.00,194.00,20.00,68.00,1.0,-1,-1,-1
340,17,565.00,206.00,26.00,55.00,1.0,-1,-1,-1
340,18,0.00,0.00,0.00,0.00,1.0,-1,-1,-1
340,19,691.00,209.00,33.00,70.00,1.0,-1,-1,-1
340,20,0.00,0.00,0.00,0.00,1.0,-1,-1,-1
340,21,535.00,266.00,41.00,90.00,1.0,-1,-1,-1
340,22,0.00,0.00,0.00,0.00,1.0,-1,-1,-1
340,23,559.00,246.00,27.00,96.00,1.0,-1,-1,-1
340,24,195.00,182.00,25.00,78.00,1.0,-1,-1,-1
340,25,561.00,242.00,25.00,100.00,1.0,-1,-1,-1
340,26,253.00,182.00,28.00,73.00,1.0,-1,-1,-1
340,27,696.00,286.00,44.00,124.00,1.0,-1,-1,-1
340,28,652.00,230.00,26.00,82.00,1.0,-1,-1,-1
341,0,666.00,262.00,44.00,118.00,1.0,-1,-1,-1
341,1,323.00,261.00,45.00,92.00,1.0,-1,-1,-1
341,2,683.00,262.00,30.00,112.00,1.0,-1,-1,-1
341,3,661.00,245.00,29.00,60.00,1.0,-1,-1,-1
341,4,0.00,0.00,0.00,0.00,1.0,-1,-1,-1
341,5,0.00,0.00,0.00,0.00,1.0,-1,-1,-1
341,6,499.00,274.00,36.00,112.00,1.0,-1,-1,-1
341,7,694.00,284.00,44.00,126.00,1.0,-1,-1,-1
341,8,0.00,0.00,0.00,0.00,1.0,-1,-1,-1
341,9,0.00,0.00,0.00,0.00,1.0,-1,-1,-1
341,10,0.00,0.00,0.00,0.00,1.0,-1,-1,-1
341,11,0.00,0.00,0.00,0.00,1.0,-1,-1,-1
341,12,0.00,0.00,0.00,0.00,1.0,-1,-1,-1
341,13,0.00,0.00,0.00,0.00,1.0,-1,-1,-1
341,14,0.00,0.00,0.00,0.00,1.0,-1,-1,-1
341,15,661.00,135.00,21.00,68.00,1.0,-1,-1,-1
341,16,531.00,194.00,22.00,75.00,1.0,-1,-1,-1
341,17,559.00,205.00,34.00,114.00,1.0,-1,-1,-1
341,18,0.00,0.00,0.00,0.00,1.0,-1,-1,-1
341,19,687.00,209.00,34.00,79.00,1.0,-1,-1,-1
341,20,0.00,0.00,0.00,0.00,1.0,-1,-1,-1
341,21,535.00,265.00,34.00,90.00,1.0,-1,-1,-1
341,22,0.00,0.00,0.00,0.00,1.0,-1,-1,-1
341,23,552.00,246.00,32.00,96.00,1.0,-1,-1,-1
341,24,196.00,183.00,25.00,76.00,1.0,-1,-1,-1
341,25,551.00,246.00,33.00,96.00,1.0,-1,-1,-1
341,26,255.00,184.00,28.00,71.00,1.0,-1,-1,-1
341,27,695.00,284.00,43.00,126.00,1.0,-1,-1,-1
341,28,648.00,227.00,26.00,81.00,1.0,-1,-1,-1
342,0,658.00,261.00,67.00,126.00,1.0,-1,-1,-1
342,1,319.00,262.00,48.00,91.00,1.0,-1,-1,-1
342,2,669.00,261.00,34.00,113.00,1.0,-1,-1,-1
342,3,652.00,241.00,30.00,56.00,1.0,-1,-1,-1
342,4,0.00,0.00,0.00,0.00,1.0,-1,-1,-1
342,5,0.00,0.00,0.00,0.00,1.0,-1,-1,-1
342,6,493.00,275.00,38.00,111.00,1.0,-1,-1,-1
342,7,694.00,282.00,40.00,124.00,1.0,-1,-1,-1
342,8,0.00,0.00,0.00,0.00,1.0,-1,-1,-1
342,9,0.00,0.00,0.00,0.00,1.0,-1,-1,-1
342,10,0.00,0.00,0.00,0.00,1.0,-1,-1,-1
342,11,0.00,0.00,0.00,0.00,1.0,-1,-1,-1
342,12,0.00,0.00,0.00,0.00,1.0,-1,-1,-1
342,13,0.00,0.00,0.00,0.00,1.0,-1,-1,-1
342,14,0.00,0.00,0.00,0.00,1.0,-1,-1,-1
342,15,661.00,135.00,21.00,71.00,1.0,-1,-1,-1
342,16,523.00,194.00,29.00,76.00,1.0,-1,-1,-1
342,17,568.00,205.00,27.00,85.00,1.0,-1,-1,-1
342,18,0.00,0.00,0.00,0.00,1.0,-1,-1,-1
342,19,684.00,206.00,32.00,87.00,1.0,-1,-1,-1
342,20,0.00,0.00,0.00,0.00,1.0,-1,-1,-1
342,21,528.00,265.00,27.00,88.00,1.0,-1,-1,-1
342,22,0.00,0.00,0.00,0.00,1.0,-1,-1,-1
342,23,548.00,246.00,35.00,96.00,1.0,-1,-1,-1
342,24,197.00,185.00,28.00,76.00,1.0,-1,-1,-1
342,25,548.00,246.00,36.00,96.00,1.0,-1,-1,-1
342,26,256.00,185.00,28.00,72.00,1.0,-1,-1,-1
342,27,694.00,282.00,40.00,124.00,1.0,-1,-1,-1
342,28,643.00,224.00,26.00,76.00,1.0,-1,-1,-1
343,0,652.00,243.00,43.00,122.00,1.0,-1,-1,-1
343,1,315.00,259.00,36.00,92.00,1.0,-1,-1,-1
343,2,656.00,258.00,39.00,109.00,1.0,-1,-1,-1
343,3,642.00,238.00,38.00,47.00,1.0,-1,-1,-1
343,4,0.00,0.00,0.00,0.00,1.0,-1,-1,-1
343,5,0.00,0.00,0.00,0.00,1.0,-1,-1,-1
343,6,484.00,278.00,40.00,108.00,1.0,-1,-1,-1
343,7,690.00,273.00,37.00,118.00,1.0,-1,-1,-1
343,8,0.00,0.00,0.00,0.00,1.0,-1,-1,-1
343,9,0.00,0.00,0.00,0.00,1.0,-1,-1,-1
343,10,0.00,0.00,0.00,0.00,1.0,-1,-1,-1
343,11,0.00,0.00,0.00,0.00,1.0,-1,-1,-1
343,12,0.00,0.00,0.00,0.00,1.0,-1,-1,-1
343,13,0.00,0.00,0.00,0.00,1.0,-1,-1,-1
343,14,0.00,0.00,0.00,0.00,1.0,-1,-1,-1
343,15,661.00,140.00,20.00,69.00,1.0,-1,-1,-1
343,16,517.00,192.00,26.00,74.00,1.0,-1,-1,-1
343,17,571.00,201.00,28.00,84.00,1.0,-1,-1,-1
343,18,0.00,0.00,0.00,0.00,1.0,-1,-1,-1
343,19,676.00,202.00,35.00,92.00,1.0,-1,-1,-1
343,20,0.00,0.00,0.00,0.00,1.0,-1,-1,-1
343,21,518.00,264.00,26.00,89.00,1.0,-1,-1,-1
343,22,0.00,0.00,0.00,0.00,1.0,-1,-1,-1
343,23,536.00,245.00,33.00,96.00,1.0,-1,-1,-1
343,24,198.00,187.00,29.00,78.00,1.0,-1,-1,-1
343,25,538.00,245.00,31.00,96.00,1.0,-1,-1,-1
343,26,260.00,186.00,25.00,73.00,1.0,-1,-1,-1
343,27,691.00,273.00,36.00,118.00,1.0,-1,-1,-1
343,28,628.00,222.00,34.00,81.00,1.0,-1,-1,-1
344,0,644.00,250.00,33.00,113.00,1.0,-1,-1,-1
344,1,309.00,258.00,24.00,93.00,1.0,-1,-1,-1
344,2,645.00,256.00,33.00,107.00,1.0,-1,-1,-1
344,3,652.00,236.00,26.00,43.00,1.0,-1,-1,-1
344,4,0.00,0.00,0.00,0.00,1.0,-1,-1,-1
344,5,0.00,0.00,0.00,0.00,1.0,-1,-1,-1
344,6,485.00,277.00,35.00,110.00,1.0,-1,-1,-1
344,7,688.00,271.00,36.00,120.00,1.0,-1,-1,-1
344,8,0.00,0.00,0.00,0.00,1.0,-1,-1,-1
344,9,0.00,0.00,0.00,0.00,1.0,-1,-1,-1
344,10,0.00,0.00,0.00,0.00,1.0,-1,-1,-1
344,11,0.00,0.00,0.00,0.00,1.0,-1,-1,-1
344,12,0.00,0.00,0.00,0.00,1.0,-1,-1,-1
344,13,0.00,0.00,0.00,0.00,1.0,-1,-1,-1
344,14,0.00,0.00,0.00,0.00,1.0,-1,-1,-1
344,15,660.00,140.00,21.00,69.00,1.0,-1,-1,-1
344,16,511.00,192.00,20.00,72.00,1.0,-1,-1,-1
344,17,574.00,198.00,26.00,83.00,1.0,-1,-1,-1
344,18,0.00,0.00,0.00,0.00,1.0,-1,-1,-1
344,19,676.00,201.00,33.00,97.00,1.0,-1,-1,-1
344,20,0.00,188.00,5.00,18.00,1.0,-1,-1,-1
344,21,515.00,264.00,29.00,89.00,1.0,-1,-1,-1
344,22,0.00,0.00,0.00,0.00,1.0,-1,-1,-1
344,23,534.00,245.00,29.00,97.00,1.0,-1,-1,-1
344,24,199.00,188.00,30.00,77.00,1.0,-1,-1,-1
344,25,533.00,245.00,29.00,97.00,1.0,-1,-1,-1
344,26,260.00,186.00,29.00,73.00,1.0,-1,-1,-1
344,27,688.00,271.00,36.00,120.00,1.0,-1,-1,-1
344,28,625.00,222.00,33.00,79.00,1.0,-1,-1,-1
345,0,614.00,234.00,52.00,130.00,1.0,-1,-1,-1
345,1,286.00,261.00,44.00,95.00,1.0,-1,-1,-1
345,2,614.00,255.00,52.00,109.00,1.0,-1,-1,-1
345,3,648.00,231.00,29.00,131.00,1.0,-1,-1,-1
345,4,0.00,0.00,0.00,0.00,1.0,-1,-1,-1
345,5,0.00,0.00,0.00,0.00,1.0,-1,-1,-1
345,6,476.00,278.00,45.00,109.00,1.0,-1,-1,-1
345,7,682.00,268.00,38.00,121.00,1.0,-1,-1,-1
345,8,0.00,0.00,0.00,0.00,1.0,-1,-1,-1
345,9,0.00,0.00,0.00,0.00,1.0,-1,-1,-1
345,10,640.00,275.00,26.00,89.00,1.0,-1,-1,-1
345,11,0.00,0.00,0.00,0.00,1.0,-1,-1,-1
345,12,0.00,0.00,0.00,0.00,1.0,-1,-1,-1
345,13,0.00,0.00,0.00,0.00,1.0,-1,-1,-1
345,14,0.00,0.00,0.00,0.00,1.0,-1,-1,-1
345,15,660.00,141.00,21.00,68.00,1.0,-1,-1,-1
345,16,502.00,192.00,23.00,75.00,1.0,-1,-1,-1
345,17,579.00,197.00,29.00,83.00,1.0,-1,-1,-1
345,18,0.00,0.00,0.00,0.00,1.0,-1,-1,-1
345,19,668.00,201.00,31.00,89.00,1.0,-1,-1,-1
345,20,0.00,158.00,11.00,51.00,1.0,-1,-1,-1
345,21,503.00,263.00,29.00,84.00,1.0,-1,-1,-1
345,22,0.00,0.00,0.00,0.00,1.0,-1,-1,-1
345,23,520.00,246.00,34.00,94.00,1.0,-1,-1,-1
345,24,210.00,188.00,23.00,81.00,1.0,-1,-1,-1
345,25,520.00,246.00,35.00,94.00,1.0,-1,-1,-1
345,26,265.00,188.00,34.00,72.00,1.0,-1,-1,-1
345,27,682.00,268.00,38.00,120.00,1.0,-1,-1,-1
345,28,622.00,217.00,26.00,84.00,1.0,-1,-1,-1
346,0,606.00,262.00,57.00,99.00,1.0,-1,-1,-1
346,1,280.00,263.00,49.00,95.00,1.0,-1,-1,-1
346,2,606.00,257.00,58.00,106.00,1.0,-1,-1,-1
346,3,642.00,228.00,32.00,134.00,1.0,-1,-1,-1
346,4,0.00,0.00,0.00,0.00,1.0,-1,-1,-1
346,5,0.00,0.00,0.00,0.00,1.0,-1,-1,-1
346,6,475.00,279.00,44.00,108.00,1.0,-1,-1,-1
346,7,681.00,265.00,36.00,120.00,1.0,-1,-1,-1
346,8,0.00,0.00,0.00,0.00,1.0,-1,-1,-1
346,9,0.00,0.00,0.00,0.00,1.0,-1,-1,-1
346,10,606.00,258.00,58.00,106.00,1.0,-1,-1,-1
346,11,0.00,0.00,0.00,0.00,1.0,-1,-1,-1
346,12,0.00,0.00,0.00,0.00,1.0,-1,-1,-1
346,13,0.00,0.00,0.00,0.00,1.0,-1,-1,-1
346,14,0.00,0.00,0.00,0.00,1.0,-1,-1,-1
346,15,660.00,143.00,21.00,59.00,1.0,-1,-1,-1
346,16,495.00,192.00,27.00,72.00,1.0,-1,-1,-1
346,17,582.00,196.00,27.00,81.00,1.0,-1,-1,-1
346,18,0.00,0.00,0.00,0.00,1.0,-1,-1,-1
346,19,663.00,199.00,31.00,88.00,1.0,-1,-1,-1
346,20,0.00,146.00,13.00,63.00,1.0,-1,-1,-1
346,21,497.00,262.00,21.00,82.00,1.0,-1,-1,-1
346,22,0.00,0.00,0.00,0.00,1.0,-1,-1,-1
346,23,517.00,246.00,37.00,96.00,1.0,-1,-1,-1
346,24,213.00,191.00,26.00,78.00,1.0,-1,-1,-1
346,25,516.00,247.00,38.00,95.00,1.0,-1,-1,-1
346,26,270.00,189.00,32.00,73.00,1.0,-1,-1,-1
346,27,681.00,264.00,36.00,121.00,1.0,-1,-1,-1
346,28,617.00,214.00,28.00,52.00,1.0,-1,-1,-1
347,0,605.00,252.00,50.00,108.00,1.0,-1,-1,-1
347,1,280.00,264.00,45.00,95.00,1.0,-1,-1,-1
347,2,606.00,252.00,50.00,107.00,1.0,-1,-1,-1
347,3,641.00,226.00,25.00,105.00,1.0,-1,-1,-1
347,4,0.00,0.00,0.00,0.00,1.0,-1,-1,-1
347,5,0.00,0.00,0.00,0.00,1.0,-1,-1,-1
347,6,477.00,280.00,41.00,111.00,1.0,-1,-1,-1
347,7,679.00,261.00,36.00,115.00,1.0,-1,-1,-1
347,8,0.00,0.00,0.00,0.00,1.0,-1,-1,-1
347,9,0.00,0.00,0.00,0.00,1.0,-1,-1,-1
347,10,606.00,252.00,50.00,108.00,1.0,-1,-1,-1
347,11,0.00,0.00,0.00,0.00,1.0,-1,-1,-1
347,12,0.00,0.00,0.00,0.00,1.0,-1,-1,-1
347,13,0.00,0.00,0.00,0.00,1.0,-1,-1,-1
347,14,0.00,0.00,0.00,0.00,1.0,-1,-1,-1
347,15,660.00,145.00,21.00,54.00,1.0,-1,-1,-1
347,16,490.00,192.00,28.00,71.00,1.0,-1,-1,-1
347,17,586.00,193.00,26.00,82.00,1.0,-1,-1,-1
347,18,0.00,0.00,0.00,0.00,1.0,-1,-1,-1
347,19,659.00,196.00,30.00,91.00,1.0,-1,-1,-1
347,20,0.00,144.00,13.00,65.00,1.0,-1,-1,-1
347,21,493.00,260.00,20.00,37.00,1.0,-1,-1,-1
347,22,0.00,0.00,0.00,0.00,1.0,-1,-1,-1
347,23,511.00,246.00,37.00,95.00,1.0,-1,-1,-1
347,24,216.00,192.00,29.00,78.00,1.0,-1,-1,-1
347,25,511.00,246.00,37.00,95.00,1.0,-1,-1,-1
347,26,273.00,191.00,30.00,73.00,1.0,-1,-1,-1
347,27,679.00,261.00,36.00,115.00,1.0,-1,-1,-1
347,28,612.00,214.00,31.00,49.00,1.0,-1,-1,-1
347,29,733.00,332.00,35.00,117.00,1.0,-1,-1,-1
348,0,600.00,252.00,20.00,105.00,1.0,-1,-1,-1
348,1,270.00,263.00,28.00,95.00,1.0,-1,-1,-1
348,2,600.00,251.00,26.00,106.00,1.0,-1,-1,-1
348,3,634.00,224.00,30.00,105.00,1.0,-1,-1,-1
348,4,0.00,0.00,0.00,0.00,1.0,-1,-1,-1
348,5,0.00,0.00,0.00,0.00,1.0,-1,-1,-1
348,6,481.00,285.00,44.00,107.00,1.0,-1,-1,-1
348,7,669.00,256.00,41.00,116.00,1.0,-1,-1,-1
348,8,0.00,0.00,0.00,0.00,1.0,-1,-1,-1
348,9,0.00,0.00,0.00,0.00,1.0,-1,-1,-1
348,10,600.00,251.00,26.00,107.00,1.0,-1,-1,-1
348,11,0.00,0.00,0.00,0.00,1.0,-1,-1,-1
348,12,0.00,0.00,0.00,0.00,1.0,-1,-1,-1
348,13,0.00,145.00,22.00,64.00,1.0,-1,-1,-1
348,14,0.00,0.00,0.00,0.00,1.0,-1,-1,-1
348,15,661.00,146.00,22.00,59.00,1.0,-1,-1,-1
348,16,480.00,190.00,20.00,74.00,1.0,-1,-1,-1
348,17,592.00,189.00,26.00,74.00,1.0,-1,-1,-1
348,18,0.00,0.00,0.00,0.00,1.0,-1,-1,-1
348,19,654.00,193.00,27.00,94.00,1.0,-1,-1,-1
348,20,0.00,146.00,22.00,64.00,1.0,-1,-1,-1
348,21,472.00,261.00,31.00,85.00,1.0,-1,-1,-1
348,22,0.00,0.00,0.00,0.00,1.0,-1,-1,-1
348,23,503.00,244.00,31.00,55.00,1.0,-1,-1,-1
348,24,223.00,192.00,23.00,79.00,1.0,-1,-1,-1
348,25,503.00,244.00,31.00,55.00,1.0,-1,-1,-1
348,26,278.00,191.00,28.00,74.00,1.0,-1,-1,-1
348,27,669.00,256.00,40.00,116.00,1.0,-1,-1,-1
348,28,612.00,211.00,24.00,60.00,1.0,-1,-1,-1
348,29,734.00,296.00,34.00,152.00,1.0,-1,-1,-1
349,0,578.00,250.00,35.00,101.00,1.0,-1,-1,-1
349,1,263.00,264.00,29.00,94.00,1.0,-1,-1,-1
349,2,578.00,250.00,35.00,101.00,1.0,-1,-1,-1
349,3,628.00,221.00,31.00,102.00,1.0,-1,-1,-1
349,4,0.00,0.00,0.00,0.00,1.0,-1,-1,-1
349,5,0.00,0.00,0.00,0.00,1.0,-1,-1,-1
349,6,485.00,285.00,46.00,107.00,1.0,-1,-1,-1
349,7,667.00,255.00,39.00,116.00,1.0,-1,-1,-1
349,8,0.00,0.00,0.00,0.00,1.0,-1,-1,-1
349,9,0.00,0.00,0.00,0.00,1.0,-1,-1,-1
349,10,579.00,250.00,34.00,100.00,1.0,-1,-1,-1
349,11,0.00,0.00,0.00,0.00,1.0,-1,-1,-1
349,12,0.00,0.00,0.00,0.00,1.0,-1,-1,-1
349,13,0.00,0.00,0.00,0.00,1.0,-1,-1,-1
349,14,0.00,0.00,0.00,0.00,1.0,-1,-1,-1
349,15,661.00,146.00,22.00,65.00,1.0,-1,-1,-1
349,16,475.00,190.00,24.00,76.00,1.0,-1,-1,-1
349,17,595.00,189.00,25.00,65.00,1.0,-1,-1,-1
349,18,0.00,0.00,0.00,0.00,1.0,-1,-1,-1
349,19,649.00,194.00,28.00,92.00,1.0,-1,-1,-1
349,20,3.00,146.00,24.00,65.00,1.0,-1,-1,-1
349,21,472.00,258.00,25.00,88.00,1.0,-1,-1,-1
349,22,0.00,0.00,0.00,0.00,1.0,-1,-1,-1
349,23,496.00,243.00,34.00,56.00,1.0,-1,-1,-1
349,24,225.00,192.00,25.00,79.00,1.0,-1,-1,-1
349,25,497.00,244.00,33.00,55.00,1.0,-1,-1,-1
349,26,280.00,192.00,28.00,74.00,1.0,-1,-1,-1
349,27,667.00,255.00,39.00,116.00,1.0,-1,-1,-1
349,28,607.00,208.00,25.00,68.00,1.0,-1,-1,-1
349,29,730.00,293.00,38.00,155.00,1.0,-1,-1,-1
350,0,567.00,250.00,40.00,101.00,1.0,-1,-1,-1
350,1,249.00,266.00,43.00,94.00,1.0,-1,-1,-1
350,2,568.00,251.00,40.00,100.00,1.0,-1,-1,-1
350,3,622.00,217.00,31.00,100.00,1.0,-1,-1,-1
350,4,0.00,0.00,0.00,0.00,1.0,-1,-1,-1
350,5,0.00,0.00,0.00,0.00,1.0,-1,-1,-1
350,6,490.00,285.00,47.00,105.00,1.0,-1,-1,-1
350,7,668.00,252.00,35.00,115.00,1.0,-1,-1,-1
350,8,0.00,0.00,0.00,0.00,1.0,-1,-1,-1
350,9,0.00,0.00,0.00,0.00,1.0,-1,-1,-1
350,10,568.00,251.00,40.00,100.00,1.0,-1,-1,-1
350,11,0.00,0.00,0.00,0.00,1.0,-1,-1,-1
350,12,0.00,0.00,0.00,0.00,1.0,-1,-1,-1
350,13,0.00,0.00,0.00,0.00,1.0,-1,-1,-1
350,14,0.00,0.00,0.00,0.00,1.0,-1,-1,-1
350,15,661.00,147.00,22.00,68.00,1.0,-1,-1,-1
350,16,469.00,190.00,28.00,74.00,1.0,-1,-1,-1
350,17,598.00,187.00,23.00,64.00,1.0,-1,-1,-1
350,18,0.00,0.00,0.00,0.00,1.0,-1,-1,-1
350,19,644.00,192.00,30.00,92.00,1.0,-1,-1,-1
350,20,7.00,145.00,22.00,66.00,1.0,-1,-1,-1
350,21,468.00,259.00,25.00,87.00,1.0,-1,-1,-1
350,22,0.00,0.00,0.00,0.00,1.0,-1,-1,-1
350,23,493.00,244.00,28.00,71.00,1.0,-1,-1,-1
350,24,227.00,194.00,31.00,78.00,1.0,-1,-1,-1
350,25,493.00,244.00,28.00,71.00,1.0,-1,-1,-1
350,26,281.00,193.00,30.00,76.00,1.0,-1,-1,-1
350,27,668.00,252.00,35.00,116.00,1.0,-1,-1,-1
350,28,603.00,206.00,26.00,73.00,1.0,-1,-1,-1
350,29,710.00,281.00,58.00,167.00,1.0,-1,-1,-1
351,0,564.00,246.00,27.00,106.00,1.0,-1,-1,-1
351,1,241.00,267.00,47.00,95.00,1.0,-1,-1,-1
351,2,564.00,247.00,27.00,104.00,1.0,-1,-1,-1
351,3,619.00,215.00,26.00,101.00,1.0,-1,-1,-1
351,4,0.00,0.00,0.00,0.00,1.0,-1,-1,-1
351,5,0.00,0.00,0.00,0.00,1.0,-1,-1,-1
351,6,501.00,287.00,45.00,111.00,1.0,-1,-1,-1
351,7,662.00,245.00,35.00,112.00,1.0,-1,-1,-1
351,8,0.00,0.00,0.00,0.00,1.0,-1,-1,-1
351,9,0.00,0.00,0.00,0.00,1.0,-1,-1,-1
351,10,564.00,247.00,27.00,105.00,1.0,-1,-1,-1
351,11,0.00,0.00,0.00,0.00,1.0,-1,-1,-1
351,12,0.00,0.00,0.00,0.00,1.0,-1,-1,-1
351,13,0.00,0.00,0.00,0.00,1.0,-1,-1,-1
351,14,0.00,0.00,0.00,0.00,1.0,-1,-1,-1
351,15,660.00,149.00,21.00,72.00,1.0,-1,-1,-1
351,16,460.00,190.00,25.00,69.00,1.0,-1,-1,-1
351,17,605.00,183.00,23.00,84.00,1.0,-1,-1,-1
351,18,0.00,0.00,0.00,0.00,1.0,-1,-1,-1
351,19,638.00,187.00,29.00,90.00,1.0,-1,-1,-1
351,20,13.00,145.00,22.00,66.00,1.0,-1,-1,-1
351,21,458.00,256.00,26.00,90.00,1.0,-1,-1,-1
351,22,0.00,0.00,0.00,0.00,1.0,-1,-1,-1
351,23,485.00,241.00,33.00,94.00,1.0,-1,-1,-1
351,24,230.00,196.00,33.00,77.00,1.0,-1,-1,-1
351,25,485.00,241.00,33.00,94.00,1.0,-1,-1,-1
351,26,283.00,198.00,30.00,75.00,1.0,-1,-1,-1
351,27,662.00,245.00,35.00,111.00,1.0,-1,-1,-1
351,28,598.00,203.00,28.00,83.00,1.0,-1,-1,-1
351,29,703.00,333.00,35.00,108.00,1.0,-1,-1,-1
352,0,553.00,246.00,30.00,104.00,1.0,-1,-1,-1
352,1,235.00,266.00,43.00,96.00,1.0,-1,-1,-1
352,2,553.00,246.00,30.00,104.00,1.0,-1,-1,-1
352,3,619.00,216.00,27.00,99.00,1.0,-1,-1,-1
352,4,0.00,0.00,0.00,0.00,1.0,-1,-1,-1
352,5,0.00,0.00,0.00,0.00,1.0,-1,-1,-1
352,6,506.00,290.00,44.00,112.00,1.0,-1,-1,-1
352,7,660.00,244.00,36.00,113.00,1.0,-1,-1,-1
352,8,0.00,0.00,0.00,0.00,1.0,-1,-1,-1
352,9,0.00,0.00,0.00,0.00,1.0,-1,-1,-1
352,10,553.00,246.00,30.00,104.00,1.0,-1,-1,-1
352,11,0.00,0.00,0.00,0.00,1.0,-1,-1,-1
352,12,0.00,0.00,0.00,0.00,1.0,-1,-1,-1
352,13,0.00,0.00,0.00,0.00,1.0,-1,-1,-1
352,14,0.00,0.00,0.00,0.00,1.0,-1,-1,-1
352,15,660.00,149.00,21.00,71.00,1.0,-1,-1,-1
352,16,456.00,190.00,20.00,70.00,1.0,-1,-1,-1
352,17,607.00,182.00,23.00,42.00,1.0,-1,-1,-1
352,18,0.00,0.00,0.00,0.00,1.0,-1,-1,-1
352,19,636.00,187.00,29.00,89.00,1.0,-1,-1,-1
352,20,16.00,144.00,24.00,67.00,1.0,-1,-1,-1
352,21,444.00,257.00,38.00,89.00,1.0,-1,-1,-1
352,22,0.00,0.00,0.00,0.00,1.0,-1,-1,-1
352,23,479.00,240.00,36.00,95.00,1.0,-1,-1,-1
352,24,234.00,196.00,31.00,80.00,1.0,-1,-1,-1
352,25,480.00,240.00,35.00,95.00,1.0,-1,-1,-1
352,26,285.00,197.00,28.00,75.00,1.0,-1,-1,-1
352,27,661.00,244.00,35.00,113.00,1.0,-1,-1,-1
352,28,595.00,204.00,27.00,83.00,1.0,-1,-1,-1
352,29,697.00,320.00,69.00,113.00,1.0,-1,-1,-1
353,0,541.00,248.00,39.00,102.00,1.0,-1,-1,-1
353,1,223.00,268.00,30.00,96.00,1.0,-1,-1,-1
353,2,541.00,248.00,40.00,102.00,1.0,-1,-1,-1
353,3,612.00,209.00,35.00,97.00,1.0,-1,-1,-1
353,4,0.00,0.00,0.00,0.00,1.0,-1,-1,-1
353,5,0.00,0.00,0.00,0.00,1.0,-1,-1,-1
353,6,517.00,293.00,37.00,112.00,1.0,-1,-1,-1
353,7,658.00,241.00,34.00,112.00,1.0,-1,-1,-1
353,8,0.00,0.00,0.00,0.00,1.0,-1,-1,-1
353,9,0.00,0.00,0.00,0.00,1.0,-1,-1,-1
353,10,541.00,248.00,40.00,102.00,1.0,-1,-1,-1
353,11,0.00,0.00,0.00,0.00,1.0,-1,-1,-1
353,12,0.00,0.00,0.00,0.00,1.0,-1,-1,-1
353,13,0.00,0.00,0.00,0.00,1.0,-1,-1,-1
353,14,0.00,0.00,0.00,0.00,1.0,-1,-1,-1
353,15,660.00,151.00,22.00,71.00,1.0,-1,-1,-1
353,16,446.00,190.00,24.00,74.00,1.0,-1,-1,-1
353,17,611.00,181.00,20.00,37.00,1.0,-1,-1,-1
353,18,0.00,0.00,0.00,0.00,1.0,-1,-1,-1
353,19,622.00,186.00,33.00,80.00,1.0,-1,-1,-1
353,20,24.00,146.00,27.00,66.00,1.0,-1,-1,-1
353,21,442.00,254.00,35.00,90.00,1.0,-1,-1,-1
353,22,0.00,0.00,0.00,0.00,1.0,-1,-1,-1
353,23,469.00,240.00,38.00,95.00,1.0,-1,-1,-1
353,24,243.00,197.00,25.00,84.00,1.0,-1,-1,-1
353,25,470.00,240.00,37.00,95.00,1.0,-1,-1,-1
353,26,288.00,196.00,29.00,76.00,1.0,-1,-1,-1
353,27,658.00,241.00,34.00,112.00,1.0,-1,-1,-1
353,28,589.00,199.00,26.00,78.00,1.0,-1,-1,-1
353,29,668.00,319.00,53.00,114.00,1.0,-1,-1,-1
354,0,525.00,247.00,46.00,102.00,1.0,-1,-1,-1
354,1,210.00,270.00,43.00,96.00,1.0,-1,-1,-1
354,2,525.00,247.00,45.00,101.00,1.0,-1,-1,-1
354,3,611.00,196.00,39.00,106.00,1.0,-1,-1,-1
354,4,0.00,0.00,0.00,0.00,1.0,-1,-1,-1
354,5,0.00,0.00,0.00,0.00,1.0,-1,-1,-1
354,6,526.00,294.00,40.00,109.00,1.0,-1,-1,-1
354,7,657.00,237.00,33.00,109.00,1.0,-1,-1,-1
354,8,0.00,0.00,0.00,0.00,1.0,-1,-1,-1
354,9,0.00,0.00,0.00,0.00,1.0,-1,-1,-1
354,10,525.00,247.00,45.00,101.00,1.0,-1,-1,-1
354,11,0.00,0.00,0.00,0.00,1.0,-1,-1,-1
354,12,0.00,0.00,0.00,0.00,1.0,-1,-1,-1
354,13,0.00,0.00,0.00,0.00,1.0,-1,-1,-1
354,14,0.00,0.00,0.00,0.00,1.0,-1,-1,-1
354,15,661.00,153.00,21.00,71.00,1.0,-1,-1,-1
354,16,444.00,189.00,25.00,74.00,1.0,-1,-1,-1
354,17,614.00,179.00,33.00,46.00,1.0,-1,-1,-1
354,18,0.00,0.00,0.00,0.00,1.0,-1,-1,-1
354,19,621.00,180.00,29.00,47.00,1.0,-1,-1,-1
354,20,27.00,145.00,24.00,68.00,1.0,-1,-1,-1
354,21,438.00,253.00,31.00,88.00,1.0,-1,-1,-1
354,22,0.00,0.00,0.00,0.00,1.0,-1,-1,-1
354,23,466.00,239.00,36.00,94.00,1.0,-1,-1,-1
354,24,246.00,200.00,25.00,82.00,1.0,-1,-1,-1
354,25,466.00,239.00,37.00,94.00,1.0,-1,-1,-1
354,26,291.00,197.00,29.00,77.00,1.0,-1,-1,-1
354,27,657.00,237.00,33.00,109.00,1.0,-1,-1,-1
354,28,585.00,197.00,28.00,83.00,1.0,-1,-1,-1
354,29,663.00,318.00,56.00,114.00,1.0,-1,-1,-1
355,0,523.00,245.00,24.00,105.00,1.0,-1,-1,-1
355,1,202.00,272.00,51.00,95.00,1.0,-1,-1,-1
355,2,523.00,245.00,24.00,104.00,1.0,-1,-1,-1
355,3,609.00,206.00,30.00,96.00,1.0,-1,-1,-1
355,4,0.00,0.00,0.00,0.00,1.0,-1,-1,-1
355,5,0.00,0.00,0.00,0.00,1.0,-1,-1,-1
355,6,532.00,294.00,35.00,110.00,1.0,-1,-1,-1
355,7,655.00,234.00,34.00,106.00,1.0,-1,-1,-1
355,8,0.00,0.00,0.00,0.00,1.0,-1,-1,-1
355,9,0.00,0.00,0.00,0.00,1.0,-1,-1,-1
355,10,523.00,245.00,24.00,104.00,1.0,-1,-1,-1
355,11,0.00,0.00,0.00,0.00,1.0,-1,-1,-1
355,12,0.00,0.00,0.00,0.00,1.0,-1,-1,-1
355,13,0.00,0.00,0.00,0.00,1.0,-1,-1,-1
355,14,0.00,0.00,0.00,0.00,1.0,-1,-1,-1
355,15,662.00,154.00,21.00,71.00,1.0,-1,-1,-1
355,16,440.00,189.00,23.00,71.00,1.0,-1,-1,-1
355,17,616.00,176.00,29.00,49.00,1.0,-1,-1,-1
355,18,0.00,0.00,0.00,0.00,1.0,-1,-1,-1
355,19,616.00,176.00,29.00,49.00,1.0,-1,-1,-1
355,20,32.00,145.00,21.00,67.00,1.0,-1,-1,-1
355,21,434.00,253.00,24.00,88.00,1.0,-1,-1,-1
355,22,0.00,0.00,0.00,0.00,1.0,-1,-1,-1
355,23,459.00,237.00,38.00,93.00,1.0,-1,-1,-1
355,24,248.00,202.00,26.00,83.00,1.0,-1,-1,-1
355,25,459.00,237.00,38.00,93.00,1.0,-1,-1,-1
355,26,293.00,198.00,31.00,77.00,1.0,-1,-1,-1
355,27,655.00,234.00,34.00,105.00,1.0,-1,-1,-1
355,28,583.00,197.00,27.00,84.00,1.0,-1,-1,-1
355,29,663.00,316.00,52.00,113.00,1.0,-1,-1,-1
356,0,516.00,243.00,24.00,106.00,1.0,-1,-1,-1
356,1,201.00,272.00,50.00,96.00,1.0,-1,-1,-1
356,2,516.00,243.00,24.00,106.00,1.0,-1,-1,-1
356,3,607.00,203.00,29.00,98.00,1.0,-1,-1,-1
356,4,0.00,0.00,0.00,0.00,1.0,-1,-1,-1
356,5,0.00,0.00,0.00,0.00,1.0,-1,-1,-1
356,6,538.00,296.00,42.00,114.00,1.0,-1,-1,-1
356,7,652.00,233.00,35.00,101.00,1.0,-1,-1,-1
356,8,0.00,0.00,0.00,0.00,1.0,-1,-1,-1
356,9,0.00,0.00,0.00,0.00,1.0,-1,-1,-1
356,10,516.00,243.00,24.00,106.00,1.0,-1,-1,-1
356,11,0.00,0.00,0.00,0.00,1.0,-1,-1,-1
356,12,0.00,0.00,0.00,0.00,1.0,-1,-1,-1
356,13,0.00,0.00,0.00,0.00,1.0,-1,-1,-1
356,14,0.00,0.00,0.00,0.00,1.0,-1,-1,-1
356,15,663.00,155.00,21.00,70.00,1.0,-1,-1,-1
356,16,433.00,189.00,22.00,67.00,1.0,-1,-1,-1
356,17,619.00,175.00,23.00,50.00,1.0,-1,-1,-1
356,18,0.00,0.00,0.00,0.00,1.0,-1,-1,-1
356,19,614.00,175.00,28.00,49.00,1.0,-1,-1,-1
356,20,35.00,145.00,19.00,68.00,1.0,-1,-1,-1
356,21,432.00,253.00,125.00,88.00,1.0,-1,-1,-1
356,22,0.00,0.00,0.00,0.00,1.0,-1,-1,-1
356,23,457.00,235.00,37.00,95.00,1.0,-1,-1,-1
356,24,250.00,202.00,25.00,83.00,1.0,-1,-1,-1
356,25,457.00,235.00,37.00,95.00,1.0,-1,-1,-1
356,26,295.00,200.00,30.00,78.00,1.0,-1,-1,-1
356,27,653.00,233.00,34.00,101.00,1.0,-1,-1,-1
356,28,580.00,196.00,27.00,82.00,1.0,-1,-1,-1
356,29,663.00,314.00,42.00,112.00,1.0,-1,-1,-1
357,0,496.00,242.00,43.00,106.00,1.0,-1,-1,-1
357,1,193.00,271.00,49.00,97.00,1.0,-1,-1,-1
357,2,495.00,242.00,45.00,107.00,1.0,-1,-1,-1
357,3,606.00,206.00,28.00,93.00,1.0,-1,-1,-1
357,4,0.00,0.00,0.00,0.00,1.0,-1,-1,-1
357,5,0.00,0.00,0.00,0.00,1.0,-1,-1,-1
357,6,541.00,299.00,54.00,113.00,1.0,-1,-1,-1
357,7,649.00,232.00,36.00,94.00,1.0,-1,-1,-1
357,8,0.00,0.00,0.00,0.00,1.0,-1,-1,-1
357,9,0.00,0.00,0.00,0.00,1.0,-1,-1,-1
357,10,496.00,243.00,43.00,105.00,1.0,-1,-1,-1
357,11,0.00,0.00,0.00,0.00,1.0,-1,-1,-1
357,12,0.00,0.00,0.00,0.00,1.0,-1,-1,-1
357,13,0.00,0.00,0.00,0.00,1.0,-1,-1,-1
357,14,0.00,0.00,0.00,0.00,1.0,-1,-1,-1
357,15,664.00,154.00,22.00,71.00,1.0,-1,-1,-1
357,16,432.00,187.00,18.00,75.00,1.0,-1,-1,-1
357,17,621.00,175.00,21.00,52.00,1.0,-1,-1,-1
357,18,0.00,0.00,0.00,0.00,1.0,-1,-1,-1
357,19,610.00,175.00,32.00,52.00,1.0,-1,-1,-1
357,20,39.00,146.00,20.00,68.00,1.0,-1,-1,-1
357,21,421.00,252.00,32.00,89.00,1.0,-1,-1,-1
357,22,0.00,0.00,0.00,0.00,1.0,-1,-1,-1
357,23,454.00,235.00,37.00,95.00,1.0,-1,-1,-1
357,24,251.00,202.00,26.00,84.00,1.0,-1,-1,-1
357,25,453.00,235.00,38.00,95.00,1.0,-1,-1,-1
357,26,297.00,201.00,30.00,78.00,1.0,-1,-1,-1
357,27,649.00,232.00,36.00,94.00,1.0,-1,-1,-1
357,28,578.00,193.00,26.00,84.00,1.0,-1,-1,-1
357,29,660.00,312.00,36.00,114.00,1.0,-1,-1,-1
358,0,487.00,243.00,50.00,105.00,1.0,-1,-1,-1
358,1,188.00,270.00,37.00,97.00,1.0,-1,-1,-1
358,2,486.00,243.00,50.00,106.00,1.0,-1,-1,-1
358,3,602.00,194.00,30.00,100.00,1.0,-1,-1,-1
358,4,0.00,0.00,0.00,0.00,1.0,-1,-1,-1
358,5,0.00,0.00,0.00,0.00,1.0,-1,-1,-1
358,6,541.00,303.00,60.00,115.00,1.0,-1,-1,-1
358,7,650.00,229.00,32.00,97.00,1.0,-1,-1,-1
358,8,0.00,0.00,0.00,0.00,1.0,-1,-1,-1
358,9,0.00,0.00,0.00,0.00,1.0,-1,-1,-1
358,10,487.00,243.00,50.00,105.00,1.0,-1,-1,-1
358,11,0.00,0.00,0.00,0.00,1.0,-1,-1,-1
358,12,0.00,0.00,0.00,0.00,1.0,-1,-1,-1
358,13,0.00,0.00,0.00,0.00,1.0,-1,-1,-1
358,14,0.00,0.00,0.00,0.00,1.0,-1,-1,-1
358,15,664.00,156.00,22.00,71.00,1.0,-1,-1,-1
358,16,421.00,188.00,25.00,73.00,1.0,-1,-1,-1
358,17,621.00,174.00,20.00,77.00,1.0,-1,-1,-1
358,18,0.00,0.00,0.00,0.00,1.0,-1,-1,-1
358,19,616.00,174.00,25.00,71.00,1.0,-1,-1,-1
358,20,43.00,147.00,24.00,67.00,1.0,-1,-1,-1
358,21,419.00,253.00,32.00,87.00,1.0,-1,-1,-1
358,22,0.00,0.00,0.00,0.00,1.0,-1,-1,-1
358,23,451.00,235.00,37.00,95.00,1.0,-1,-1,-1
358,24,252.00,203.00,28.00,83.00,1.0,-1,-1,-1
358,25,451.00,234.00,38.00,96.00,1.0,-1,-1,-1
358,26,299.00,202.00,30.00,77.00,1.0,-1,-1,-1
358,27,649.00,230.00,33.00,97.00,1.0,-1,-1,-1
358,28,574.00,191.00,27.00,80.00,1.0,-1,-1,-1
358,29,657.00,311.00,36.00,115.00,1.0,-1,-1,-1
359,0,484.00,240.00,28.00,103.00,1.0,-1,-1,-1
359,1,171.00,272.00,42.00,95.00,1.0,-1,-1,-1
359,2,484.00,240.00,28.00,103.00,1.0,-1,-1,-1
359,3,597.00,196.00,30.00,93.00,1.0,-1,-1,-1
359,4,0.00,0.00,0.00,0.00,1.0,-1,-1,-1
359,5,0.00,0.00,0.00,0.00,1.0,-1,-1,-1
359,6,564.00,303.00,44.00,116.00,1.0,-1,-1,-1
359,7,644.00,224.00,33.00,102.00,1.0,-1,-1,-1
359,8,0.00,0.00,0.00,0.00,1.0,-1,-1,-1
359,9,0.00,0.00,0.00,0.00,1.0,-1,-1,-1
359,10,484.00,240.00,27.00,103.00,1.0,-1,-1,-1
359,11,0.00,0.00,0.00,0.00,1.0,-1,-1,-1
359,12,0.00,0.00,0.00,0.00,1.0,-1,-1,-1
359,13,0.00,0.00,0.00,0.00,1.0,-1,-1,-1
359,14,759.00,348.00,9.00,67.00,1.0,-1,-1,-1
359,15,666.00,159.00,22.00,73.00,1.0,-1,-1,-1
359,16,416.00,188.00,28.00,72.00,1.0,-1,-1,-1
359,17,620.00,169.00,21.00,80.00,1.0,-1,-1,-1
359,18,0.00,0.00,0.00,0.00,1.0,-1,-1,-1
359,19,619.00,169.00,22.00,79.00,1.0,-1,-1,-1
359,20,48.00,148.00,22.00,67.00,1.0,-1,-1,-1
359,21,411.00,243.00,19.00,92.00,1.0,-1,-1,-1
359,22,760.00,406.00,8.00,9.00,1.0,-1,-1,-1
359,23,448.00,231.00,36.00,94.00,1.0,-1,-1,-1
359,24,256.00,207.00,33.00,82.00,1.0,-1,-1,-1
359,25,448.00,231.00,36.00,94.00,1.0,-1,-1,-1
359,26,301.00,203.00,31.00,81.00,1.0,-1,-1,-1
359,27,644.00,224.00,33.00,102.00,1.0,-1,-1,-1
359,28,568.00,188.00,27.00,81.00,1.0,-1,-1,-1
359,29,652.00,313.00,35.00,110.00,1.0,-1,-1,-1
360,0,474.00,239.00,28.00,105.00,1.0,-1,-1,-1
360,1,160.00,273.00,53.00,94.00,1.0,-1,-1,-1
360,2,474.00,239.00,28.00,105.00,1.0,-1,-1,-1
360,3,596.00,199.00,30.00,90.00,1.0,-1,-1,-1
360,4,0.00,0.00,0.00,0.00,1.0,-1,-1,-1
360,5,0.00,0.00,0.00,0.00,1.0,-1,-1,-1
360,6,576.00,304.00,45.00,117.00,1.0,-1,-1,-1
360,7,642.00,222.00,33.00,104.00,1.0,-1,-1,-1
360,8,748.00,248.00,20.00,98.00,1.0,-1,-1,-1
360,9,0.00,0.00,0.00,0.00,1.0,-1,-1,-1
360,10,474.00,239.00,29.00,105.00,1.0,-1,-1,-1
360,11,752.00,315.00,16.00,98.00,1.0,-1,-1,-1
360,12,0.00,0.00,0.00,0.00,1.0,-1,-1,-1
360,13,0.00,0.00,0.00,0.00,1.0,-1,-1,-1
360,14,0.00,0.00,0.00,0.00,1.0,-1,-1,-1
360,15,667.00,160.00,22.00,73.00,1.0,-1,-1,-1
360,16,408.00,186.00,20.00,65.00,1.0,-1,-1,-1
360,17,619.00,168.00,21.00,80.00,1.0,-1,-1,-1
360,18,0.00,0.00,0.00,0.00,1.0,-1,-1,-1
360,19,618.00,169.00,22.00,77.00,1.0,-1,-1,-1
360,20,53.00,147.00,21.00,68.00,1.0,-1,-1,-1
360,21,405.00,244.00,24.00,91.00,1.0,-1,-1,-1
360,22,0.00,0.00,0.00,0.00,1.0,-1,-1,-1
360,23,447.00,230.00,32.00,91.00,1.0,-1,-1,-1
360,24,256.00,208.00,32.00,83.00,1.0,-1,-1,-1
360,25,446.00,230.00,34.00,91.00,1.0,-1,-1,-1
360,26,304.00,206.00,29.00,78.00,1.0,-1,-1,-1
360,27,642.00,222.00,33.00,104.00,1.0,-1,-1,-1
360,28,565.00,188.00,27.00,81.00,1.0,-1,-1,-1
360,29,651.00,308.00,35.00,108.00,1.0,-1,-1,-1
361,0,450.00,240.00,49.00,103.00,1.0,-1,-1,-1
361,1,153.00,270.00,46.00,98.00,1.0,-1,-1,-1
361,2,449.00,240.00,50.00,103.00,1.0,-1,-1,-1
361,3,595.00,199.00,27.00,86.00,1.0,-1,-1,-1
361,4,0.00,0.00,0.00,0.00,1.0,-1,-1,-1
361,5,0.00,0.00,0.00,0.00,1.0,-1,-1,-1
361,6,583.00,311.00,55.00,119.00,1.0,-1,-1,-1
361,7,638.00,220.00,33.00,103.00,1.0,-1,-1,-1
361,8,744.00,246.00,24.00,97.00,1.0,-1,-1,-1
361,9,0.00,0.00,0.00,0.00,1.0,-1,-1,-1
361,10,450.00,241.00,49.00,102.00,1.0,-1,-1,-1
361,11,0.00,0.00,0.00,0.00,1.0,-1,-1,-1
361,12,0.00,0.00,0.00,0.00,1.0,-1,-1,-1
361,13,0.00,0.00,0.00,0.00,1.0,-1,-1,-1
361,14,0.00,0.00,0.00,0.00,1.0,-1,-1,-1
361,15,669.00,160.00,21.00,73.00,1.0,-1,-1,-1
361,16,400.00,187.00,19.00,71.00,1.0,-1,-1,-1
361,17,617.00,167.00,22.00,76.00,1.0,-1,-1,-1
361,18,0.00,0.00,0.00,0.00,1.0,-1,-1,-1
361,19,616.00,167.00,23.00,75.00,1.0,-1,-1,-1
361,20,60.00,148.00,30.00,67.00,1.0,-1,-1,-1
361,21,395.00,247.00,33.00,87.00,1.0,-1,-1,-1
361,22,0.00,0.00,0.00,0.00,1.0,-1,-1,-1
361,23,439.00,229.00,28.00,84.00,1.0,-1,-1,-1
361,24,263.00,208.00,26.00,83.00,1.0,-1,-1,-1
361,25,439.00,229.00,28.00,84.00,1.0,-1,-1,-1
361,26,307.00,207.00,29.00,80.00,1.0,-1,-1,-1
361,27,638.00,220.00,33.00,103.00,1.0,-1,-1,-1
361,28,558.00,185.00,30.00,79.00,1.0,-1,-1,-1
361,29,642.00,316.00,39.00,98.00,1.0,-1,-1,-1
362,0,449.00,239.00,45.00,103.00,1.0,-1,-1,-1
362,1,146.00,270.00,36.00,98.00,1.0,-1,-1,-1
362,2,449.00,239.00,45.00,103.00,1.0,-1,-1,-1
362,3,592.00,187.00,29.00,92.00,1.0,-1,-1,-1
362,4,0.00,0.00,0.00,0.00,1.0,-1,-1,-1
362,5,0.00,0.00,0.00,0.00,1.0,-1,-1,-1
362,6,588.00,313.00,54.00,121.00,1.0,-1,-1,-1
362,7,636.00,216.00,35.00,99.00,1.0,-1,-1,-1
362,8,733.00,245.00,28.00,90.00,1.0,-1,-1,-1
362,9,0.00,0.00,0.00,0.00,1.0,-1,-1,-1
362,10,449.00,239.00,45.00,103.00,1.0,-1,-1,-1
362,11,0.00,0.00,0.00,0.00,1.0,-1,-1,-1
362,12,0.00,0.00,0.00,0.00,1.0,-1,-1,-1
362,13,0.00,0.00,0.00,0.00,1.0,-1,-1,-1
362,14,0.00,0.00,0.00,0.00,1.0,-1,-1,-1
362,15,670.00,161.00,22.00,73.00,1.0,-1,-1,-1
362,16,396.00,187.00,23.00,73.00,1.0,-1,-1,-1
362,17,614.00,165.00,24.00,75.00,1.0,-1,-1,-1
362,18,0.00,0.00,0.00,0.00,1.0,-1,-1,-1
362,19,614.00,165.00,24.00,75.00,1.0,-1,-1,-1
362,20,64.00,148.00,29.00,67.00,1.0,-1,-1,-1
362,21,393.00,245.00,31.00,87.00,1.0,-1,-1,-1
362,22,0.00,0.00,0.00,0.00,1.0,-1,-1,-1
362,23,438.00,228.00,24.00,86.00,1.0,-1,-1,-1
362,24,264.00,209.00,26.00,82.00,1.0,-1,-1,-1
362,25,437.00,228.00,24.00,86.00,1.0,-1,-1,-1
362,26,309.00,208.00,29.00,79.00,1.0,-1,-1,-1
362,27,636.00,217.00,33.00,98.00,1.0,-1,-1,-1
362,28,555.00,183.00,24.00,78.00,1.0,-1,-1,-1
362,29,633.00,307.00,46.00,107.00,1.0,-1,-1,-1
363,0,443.00,234.00,27.00,105.00,1.0,-1,-1,-1
363,1,128.00,271.00,43.00,98.00,1.0,-1,-1,-1
363,2,440.00,233.00,30.00,105.00,1.0,-1,-1,-1
363,3,591.00,183.00,27.00,93.00,1.0,-1,-1,-1
363,4,0.00,0.00,0.00,0.00,1.0,-1,-1,-1
363,5,0.00,0.00,0.00,0.00,1.0,-1,-1,-1
363,6,613.00,313.00,36.00,121.00,1.0,-1,-1,-1
363,7,633.00,212.00,33.00,97.00,1.0,-1,-1,-1
363,8,733.00,242.00,35.00,91.00,1.0,-1,-1,-1
363,9,0.00,0.00,0.00,0.00,1.0,-1,-1,-1
363,10,441.00,234.00,29.00,104.00,1.0,-1,-1,-1
363,11,0.00,0.00,0.00,0.00,1.0,-1,-1,-1
363,12,0.00,0.00,0.00,0.00,1.0,-1,-1,-1
363,13,0.00,0.00,0.00,0.00,1.0,-1,-1,-1
363,14,0.00,0.00,0.00,0.00,1.0,-1,-1,-1
363,15,672.00,165.00,24.00,68.00,1.0,-1,-1,-1
363,16,386.00,186.00,21.00,58.00,1.0,-1,-1,-1
363,17,611.00,162.00,25.00,75.00,1.0,-1,-1,-1
363,18,0.00,0.00,0.00,0.00,1.0,-1,-1,-1
363,19,611.00,162.00,25.00,75.00,1.0,-1,-1,-1
363,20,73.00,148.00,22.00,68.00,1.0,-1,-1,-1
363,21,385.00,242.00,30.00,87.00,1.0,-1,-1,-1
363,22,0.00,0.00,0.00,0.00,1.0,-1,-1,-1
363,23,432.00,225.00,29.00,88.00,1.0,-1,-1,-1
363,24,266.00,213.00,26.00,84.00,1.0,-1,-1,-1
363,25,432.00,225.00,29.00,88.00,1.0,-1,-1,-1
363,26,313.00,209.00,32.00,80.00,1.0,-1,-1,-1
363,27,632.00,212.00,34.00,98.00,1.0,-1,-1,-1
363,28,546.00,182.00,26.00,79.00,1.0,-1,-1,-1
363,29,647.00,306.00,24.00,108.00,1.0,-1,-1,-1
364,0,434.00,234.00,31.00,104.00,1.0,-1,-1,-1
364,1,117.00,273.00,55.00,95.00,1.0,-1,-1,-1
364,2,434.00,226.00,31.00,111.00,1.0,-1,-1,-1
364,3,590.00,182.00,26.00,92.00,1.0,-1,-1,-1
364,4,0.00,0.00,0.00,0.00,1.0,-1,-1,-1
364,5,0.00,0.00,0.00,0.00,1.0,-1,-1,-1
364,6,619.00,315.00,43.00,119.00,1.0,-1,-1,-1
364,7,627.00,211.00,34.00,92.00,1.0,-1,-1,-1
364,8,729.00,239.00,35.00,94.00,1.0,-1,-1,-1
364,9,0.00,0.00,0.00,0.00,1.0,-1,-1,-1
364,10,434.00,234.00,31.00,104.00,1.0,-1,-1,-1
364,11,0.00,0.00,0.00,0.00,1.0,-1,-1,-1
364,12,0.00,0.00,0.00,0.00,1.0,-1,-1,-1
364,13,0.00,0.00,0.00,0.00,1.0,-1,-1,-1
364,14,0.00,0.00,0.00,0.00,1.0,-1,-1,-1
364,15,673.00,165.00,24.00,65.00,1.0,-1,-1,-1
364,16,381.00,187.00,21.00,59.00,1.0,-1,-1,-1
364,17,610.00,162.00,24.00,74.00,1.0,-1,-1,-1
364,18,0.00,0.00,0.00,0.00,1.0,-1,-1,-1
364,19,610.00,162.00,25.00,74.00,1.0,-1,-1,-1
364,20,77.00,148.00,19.00,69.00,1.0,-1,-1,-1
364,21,383.00,242.00,30.00,87.00,1.0,-1,-1,-1
364,22,0.00,0.00,0.00,0.00,1.0,-1,-1,-1
364,23,432.00,224.00,29.00,101.00,1.0,-1,-1,-1
364,24,266.00,215.00,27.00,82.00,1.0,-1,-1,-1
364,25,433.00,224.00,28.00,100.00,1.0,-1,-1,-1
364,26,317.00,211.00,32.00,78.00,1.0,-1,-1,-1
364,27,627.00,211.00,34.00,92.00,1.0,-1,-1,-1
364,28,543.00,182.00,26.00,77.00,1.0,-1,-1,-1
364,29,650.00,311.00,19.00,99.00,1.0,-1,-1,-1
365,0,433.00,244.00,29.00,93.00,1.0,-1,-1,-1
365,1,117.00,274.00,53.00,95.00,1.0,-1,-1,-1
365,2,432.00,244.00,30.00,93.00,1.0,-1,-1,-1
365,3,589.00,181.00,27.00,92.00,1.0,-1,-1,-1
365,4,0.00,0.00,0.00,0.00,1.0,-1,-1,-1
365,5,0.00,0.00,0.00,0.00,1.0,-1,-1,-1
365,6,622.00,315.00,60.00,120.00,1.0,-1,-1,-1
365,7,627.00,210.00,31.00,90.00,1.0,-1,-1,-1
365,8,723.00,238.00,34.00,115.00,1.0,-1,-1,-1
365,9,0.00,0.00,0.00,0.00,1.0,-1,-1,-1
365,10,432.00,243.00,30.00,95.00,1.0,-1,-1,-1
365,11,0.00,0.00,0.00,0.00,1.0,-1,-1,-1
365,12,0.00,0.00,0.00,0.00,1.0,-1,-1,-1
365,13,0.00,0.00,0.00,0.00,1.0,-1,-1,-1
365,14,0.00,0.00,0.00,0.00,1.0,-1,-1,-1
365,15,678.00,165.00,22.00,59.00,1.0,-1,-1,-1
365,16,377.00,189.00,21.00,71.00,1.0,-1,-1,-1
365,17,608.00,161.00,24.00,72.00,1.0,-1,-1,-1
365,18,0.00,0.00,0.00,0.00,1.0,-1,-1,-1
365,19,609.00,161.00,23.00,72.00,1.0,-1,-1,-1
365,20,80.00,148.00,20.00,69.00,1.0,-1,-1,-1
365,21,380.00,241.00,31.00,88.00,1.0,-1,-1,-1
365,22,0.00,0.00,0.00,0.00,1.0,-1,-1,-1
365,23,430.00,224.00,30.00,72.00,1.0,-1,-1,-1
365,24,266.00,215.00,27.00,82.00,1.0,-1,-1,-1
365,25,433.00,224.00,27.00,72.00,1.0,-1,-1,-1
365,26,320.00,210.00,31.00,82.00,1.0,-1,-1,-1
365,27,627.00,210.00,31.00,89.00,1.0,-1,-1,-1
365,28,539.00,180.00,26.00,78.00,1.0,-1,-1,-1
365,29,625.00,300.00,34.00,47.00,1.0,-1,-1,-1
366,0,430.00,244.00,30.00,92.00,1.0,-1,-1,-1
366,1,110.00,273.00,53.00,96.00,1.0,-1,-1,-1
366,2,430.00,244.00,30.00,92.00,1.0,-1,-1,-1
366,3,585.00,180.00,30.00,88.00,1.0,-1,-1,-1
366,4,0.00,0.00,0.00,0.00,1.0,-1,-1,-1
366,5,0.00,0.00,0.00,0.00,1.0,-1,-1,-1
366,6,623.00,320.00,63.00,120.00,1.0,-1,-1,-1
366,7,624.00,207.00,31.00,53.00,1.0,-1,-1,-1
366,8,711.00,237.00,45.00,112.00,1.0,-1,-1,-1
366,9,0.00,0.00,0.00,0.00,1.0,-1,-1,-1
366,10,427.00,243.00,33.00,93.00,1.0,-1,-1,-1
366,11,0.00,0.00,0.00,0.00,1.0,-1,-1,-1
366,12,0.00,0.00,0.00,0.00,1.0,-1,-1,-1
366,13,0.00,0.00,0.00,0.00,1.0,-1,-1,-1
366,14,0.00,0.00,0.00,0.00,1.0,-1,-1,-1
366,15,679.00,167.00,23.00,59.00,1.0,-1,-1,-1
366,16,368.00,190.00,26.00,72.00,1.0,-1,-1,-1
366,17,606.00,160.00,23.00,69.00,1.0,-1,-1,-1
366,18,0.00,0.00,0.00,0.00,1.0,-1,-1,-1
366,19,607.00,160.00,22.00,68.00,1.0,-1,-1,-1
366,20,85.00,150.00,26.00,67.00,1.0,-1,-1,-1
366,21,379.00,241.00,30.00,87.00,1.0,-1,-1,-1
366,22,373.00,177.00,274.00,77.00,1.0,-1,-1,-1
366,23,423.00,224.00,35.00,61.00,1.0,-1,-1,-1
366,24,267.00,214.00,26.00,83.00,1.0,-1,-1,-1
366,25,443.00,225.00,15.00,35.00,1.0,-1,-1,-1
366,26,322.00,211.00,29.00,81.00,1.0,-1,-1,-1
366,27,624.00,207.00,31.00,53.00,1.0,-1,-1,-1
366,28,536.00,178.00,25.00,75.00,1.0,-1,-1,-1
366,29,623.00,296.00,36.00,106.00,1.0,-1,-1,-1
367,0,420.00,243.00,38.00,87.00,1.0,-1,-1,-1
367,1,103.00,272.00,46.00,97.00,1.0,-1,-1,-1
367,2,421.00,243.00,37.00,87.00,1.0,-1,-1,-1
367,3,587.00,180.00,28.00,85.00,1.0,-1,-1,-1
367,4,0.00,0.00,0.00,0.00,1.0,-1,-1,-1
367,5,0.00,0.00,0.00,0.00,1.0,-1,-1,-1
367,6,632.00,320.00,54.00,120.00,1.0,-1,-1,-1
367,7,622.00,204.00,32.00,58.00,1.0,-1,-1,-1
367,8,706.00,237.00,43.00,111.00,1.0,-1,-1,-1
367,9,0.00,0.00,0.00,0.00,1.0,-1,-1,-1
367,10,421.00,243.00,37.00,87.00,1.0,-1,-1,-1
367,11,0.00,0.00,0.00,0.00,1.0,-1,-1,-1
367,12,0.00,0.00,0.00,0.00,1.0,-1,-1,-1
367,13,0.00,0.00,0.00,0.00,1.0,-1,-1,-1
367,14,0.00,0.00,0.00,0.00,1.0,-1,-1,-1
367,15,681.00,168.00,21.00,57.00,1.0,-1,-1,-1
367,16,365.00,190.00,22.00,73.00,1.0,-1,-1,-1
367,17,604.00,158.00,23.00,71.00,1.0,-1,-1,-1
367,18,0.00,0.00,0.00,0.00,1.0,-1,-1,-1
367,19,604.00,158.00,23.00,71.00,1.0,-1,-1,-1
367,20,88.00,150.00,25.00,68.00,1.0,-1,-1,-1
367,21,378.00,239.00,29.00,85.00,1.0,-1,-1,-1
367,22,532.00,175.00,27.00,77.00,1.0,-1,-1,-1
367,23,420.00,227.00,38.00,85.00,1.0,-1,-1,-1
367,24,267.00,214.00,28.00,83.00,1.0,-1,-1,-1
367,25,421.00,227.00,37.00,88.00,1.0,-1,-1,-1
367,26,324.00,212.00,30.00,80.00,1.0,-1,-1,-1
367,27,622.00,204.00,32.00,58.00,1.0,-1,-1,-1
367,28,532.00,176.00,27.00,77.00,1.0,-1,-1,-1
367,29,621.00,293.00,37.00,110.00,1.0,-1,-1,-1
368,0,416.00,243.00,40.00,84.00,1.0,-1,-1,-1
368,1,98.00,271.00,34.00,98.00,1.0,-1,-1,-1
368,2,416.00,243.00,41.00,83.00,1.0,-1,-1,-1
368,3,587.00,175.00,28.00,89.00,1.0,-1,-1,-1
368,4,0.00,0.00,0.00,0.00,1.0,-1,-1,-1
368,5,0.00,0.00,0.00,0.00,1.0,-1,-1,-1
368,6,649.00,322.00,47.00,118.00,1.0,-1,-1,-1
368,7,620.00,203.00,31.00,58.00,1.0,-1,-1,-1
368,8,703.00,236.00,40.00,112.00,1.0,-1,-1,-1
368,9,0.00,0.00,0.00,0.00,1.0,-1,-1,-1
368,10,416.00,244.00,32.00,82.00,1.0,-1,-1,-1
368,11,0.00,0.00,0.00,0.00,1.0,-1,-1,-1
368,12,0.00,0.00,0.00,0.00,1.0,-1,-1,-1
368,13,0.00,0.00,0.00,0.00,1.0,-1,-1,-1
368,14,0.00,0.00,0.00,0.00,1.0,-1,-1,-1
368,15,682.00,169.00,22.00,50.00,1.0,-1,-1,-1
368,16,361.00,188.00,20.00,75.00,1.0,-1,-1,-1
368,17,602.00,156.00,22.00,72.00,1.0,-1,-1,-1
368,18,0.00,0.00,0.00,0.00,1.0,-1,-1,-1
368,19,605.00,156.00,19.00,72.00,1.0,-1,-1,-1
368,20,91.00,150.00,24.00,68.00,1.0,-1,-1,-1
368,21,376.00,237.00,30.00,83.00,1.0,-1,-1,-1
368,22,528.00,176.00,27.00,76.00,1.0,-1,-1,-1
368,23,416.00,227.00,41.00,97.00,1.0,-1,-1,-1
368,24,268.00,216.00,32.00,82.00,1.0,-1,-1,-1
368,25,436.00,226.00,22.00,80.00,1.0,-1,-1,-1
368,26,325.00,213.00,30.00,80.00,1.0,-1,-1,-1
368,27,620.00,202.00,31.00,59.00,1.0,-1,-1,-1
368,28,528.00,176.00,27.00,77.00,1.0,-1,-1,-1
368,29,618.00,292.00,37.00,111.00,1.0,-1,-1,-1
369,0,406.00,243.00,41.00,79.00,1.0,-1,-1,-1
369,1,86.00,272.00,42.00,97.00,1.0,-1,-1,-1
369,2,405.00,243.00,24.00,76.00,1.0,-1,-1,-1
369,3,590.00,174.00,28.00,86.00,1.0,-1,-1,-1
369,4,0.00,0.00,0.00,0.00,1.0,-1,-1,-1
369,5,0.00,0.00,0.00,0.00,1.0,-1,-1,-1
369,6,667.00,324.00,52.00,127.00,1.0,-1,-1,-1
369,7,616.00,201.00,32.00,65.00,1.0,-1,-1,-1
369,8,700.00,235.00,32.00,112.00,1.0,-1,-1,-1
369,9,0.00,0.00,0.00,0.00,1.0,-1,-1,-1
369,10,405.00,243.00,32.00,78.00,1.0,-1,-1,-1
369,11,0.00,0.00,0.00,0.00,1.0,-1,-1,-1
369,12,0.00,0.00,0.00,0.00,1.0,-1,-1,-1
369,13,0.00,0.00,0.00,0.00,1.0,-1,-1,-1
369,14,0.00,0.00,0.00,0.00,1.0,-1,-1,-1
369,15,685.00,170.00,21.00,47.00,1.0,-1,-1,-1
369,16,352.00,187.00,24.00,75.00,1.0,-1,-1,-1
369,17,596.00,156.00,22.00,33.00,1.0,-1,-1,-1
369,18,0.00,0.00,0.00,0.00,1.0,-1,-1,-1
369,19,595.00,156.00,23.00,33.00,1.0,-1,-1,-1
369,20,99.00,149.00,23.00,69.00,1.0,-1,-1,-1
369,21,374.00,235.00,30.00,85.00,1.0,-1,-1,-1
369,22,523.00,175.00,30.00,101.00,1.0,-1,-1,-1
369,23,408.00,228.00,44.00,77.00,1.0,-1,-1,-1
369,24,265.00,219.00,40.00,86.00,1.0,-1,-1,-1
369,25,412.00,241.00,42.00,63.00,1.0,-1,-1,-1
369,26,328.00,216.00,31.00,82.00,1.0,-1,-1,-1
369,27,616.00,201.00,32.00,65.00,1.0,-1,-1,-1
369,28,522.00,175.00,31.00,77.00,1.0,-1,-1,-1
369,29,614.00,289.00,34.00,109.00,1.0,-1,-1,-1
370,0,401.00,224.00,29.00,96.00,1.0,-1,-1,-1
370,1,78.00,270.00,42.00,97.00,1.0,-1,-1,-1
370,2,401.00,224.00,29.00,96.00,1.0,-1,-1,-1
370,3,592.00,167.00,29.00,85.00,1.0,-1,-1,-1
370,4,0.00,0.00,0.00,0.00,1.0,-1,-1,-1
370,5,0.00,0.00,0.00,0.00,1.0,-1,-1,-1
370,6,672.00,328.00,54.00,128.00,1.0,-1,-1,-1
370,7,613.00,195.00,31.00,68.00,1.0,-1,-1,-1
370,8,685.00,232.00,36.00,105.00,1.0,-1,-1,-1
370,9,0.00,0.00,0.00,0.00,1.0,-1,-1,-1
370,10,401.00,224.00,29.00,96.00,1.0,-1,-1,-1
370,11,0.00,0.00,0.00,0.00,1.0,-1,-1,-1
370,12,0.00,0.00,0.00,0.00,1.0,-1,-1,-1
370,13,0.00,0.00,0.00,0.00,1.0,-1,-1,-1
370,14,0.00,0.00,0.00,0.00,1.0,-1,-1,-1
370,15,688.00,171.00,21.00,46.00,1.0,-1,-1,-1
370,16,342.00,189.00,29.00,69.00,1.0,-1,-1,-1
370,17,590.00,153.00,18.00,68.00,1.0,-1,-1,-1
370,18,0.00,0.00,0.00,0.00,1.0,-1,-1,-1
370,19,590.00,153.00,18.00,67.00,1.0,-1,-1,-1
370,20,106.00,151.00,28.00,69.00,1.0,-1,-1,-1
370,21,371.00,232.00,30.00,86.00,1.0,-1,-1,-1
370,22,514.00,171.00,24.00,71.00,1.0,-1,-1,-1
370,23,403.00,223.00,44.00,80.00,1.0,-1,-1,-1
370,24,275.00,220.00,31.00,85.00,1.0,-1,-1,-1
370,25,431.00,244.00,16.00,59.00,1.0,-1,-1,-1
370,26,329.00,219.00,40.00,84.00,1.0,-1,-1,-1
370,27,613.00,195.00,31.00,67.00,1.0,-1,-1,-1
370,28,514.00,171.00,24.00,71.00,1.0,-1,-1,-1
370,29,610.00,289.00,34.00,101.00,1.0,-1,-1,-1
371,0,396.00,219.00,32.00,100.00,1.0,-1,-1,-1
371,1,67.00,267.00,27.00,97.00,1.0,-1,-1,-1
371,2,395.00,219.00,33.00,100.00,1.0,-1,-1,-1
371,3,595.00,168.00,28.00,71.00,1.0,-1,-1,-1
371,4,0.00,0.00,0.00,0.00,1.0,-1,-1,-1
371,5,0.00,0.00,0.00,0.00,1.0,-1,-1,-1
371,6,699.00,331.00,39.00,125.00,1.0,-1,-1,-1
371,7,611.00,193.00,28.00,54.00,1.0,-1,-1,-1
371,8,679.00,231.00,33.00,108.00,1.0,-1,-1,-1
371,9,0.00,0.00,0.00,0.00,1.0,-1,-1,-1
371,10,396.00,219.00,31.00,100.00,1.0,-1,-1,-1
371,11,0.00,0.00,0.00,0.00,1.0,-1,-1,-1
371,12,0.00,0.00,0.00,0.00,1.0,-1,-1,-1
371,13,0.00,0.00,0.00,0.00,1.0,-1,-1,-1
371,14,0.00,0.00,0.00,0.00,1.0,-1,-1,-1
371,15,692.00,174.00,21.00,48.00,1.0,-1,-1,-1
371,16,331.00,187.00,20.00,43.00,1.0,-1,-1,-1
371,17,582.00,152.00,21.00,68.00,1.0,-1,-1,-1
371,18,0.00,0.00,0.00,0.00,1.0,-1,-1,-1
371,19,582.00,152.00,21.00,69.00,1.0,-1,-1,-1
371,20,115.00,151.00,21.00,68.00,1.0,-1,-1,-1
371,21,370.00,228.00,27.00,82.00,1.0,-1,-1,-1
371,22,505.00,171.00,25.00,67.00,1.0,-1,-1,-1
371,23,397.00,219.00,43.00,74.00,1.0,-1,-1,-1
371,24,283.00,221.00,27.00,91.00,1.0,-1,-1,-1
371,25,415.00,244.00,25.00,52.00,1.0,-1,-1,-1
371,26,330.00,223.00,31.00,80.00,1.0,-1,-1,-1
371,27,611.00,193.00,28.00,54.00,1.0,-1,-1,-1
371,28,505.00,171.00,25.00,68.00,1.0,-1,-1,-1
371,29,598.00,291.00,40.00,99.00,1.0,-1,-1,-1
372,0,396.00,219.00,32.00,99.00,1.0,-1,-1,-1
372,1,59.00,268.00,35.00,95.00,1.0,-1,-1,-1
372,2,395.00,218.00,33.00,100.00,1.0,-1,-1,-1
372,3,595.00,166.00,27.00,77.00,1.0,-1,-1,-1
372,4,696.00,282.00,39.00,93.00,1.0,-1,-1,-1
372,5,0.00,0.00,0.00,0.00,1.0,-1,-1,-1
372,6,705.00,332.00,41.00,124.00,1.0,-1,-1,-1
372,7,606.00,191.00,30.00,58.00,1.0,-1,-1,-1
372,8,673.00,229.00,37.00,109.00,1.0,-1,-1,-1
372,9,0.00,0.00,0.00,0.00,1.0,-1,-1,-1
372,10,396.00,219.00,32.00,99.00,1.0,-1,-1,-1
372,11,0.00,0.00,0.00,0.00,1.0,-1,-1,-1
372,12,0.00,0.00,0.00,0.00,1.0,-1,-1,-1
372,13,0.00,0.00,0.00,0.00,1.0,-1,-1,-1
372,14,0.00,0.00,0.00,0.00,1.0,-1,-1,-1
372,15,694.00,174.00,21.00,43.00,1.0,-1,-1,-1
372,16,320.00,187.00,27.00,75.00,1.0,-1,-1,-1
372,17,579.00,152.00,22.00,68.00,1.0,-1,-1,-1
372,18,0.00,0.00,0.00,0.00,1.0,-1,-1,-1
372,19,580.00,152.00,21.00,68.00,1.0,-1,-1,-1
372,20,118.00,151.00,20.00,70.00,1.0,-1,-1,-1
372,21,369.00,228.00,27.00,83.00,1.0,-1,-1,-1
372,22,502.00,170.00,25.00,67.00,1.0,-1,-1,-1
372,23,396.00,218.00,41.00,82.00,1.0,-1,-1,-1
372,24,285.00,224.00,27.00,90.00,1.0,-1,-1,-1
372,25,418.00,244.00,19.00,59.00,1.0,-1,-1,-1
372,26,328.00,223.00,34.00,81.00,1.0,-1,-1,-1
372,27,606.00,191.00,30.00,58.00,1.0,-1,-1,-1
372,28,502.00,170.00,25.00,68.00,1.0,-1,-1,-1
372,29,597.00,284.00,36.00,105.00,1.0,-1,-1,-1
372,30,552.00,154.00,28.00,79.00,1.0,-1,-1,-1
373,0,395.00,216.00,33.00,100.00,1.0,-1,-1,-1
373,1,46.00,269.00,47.00,95.00,1.0,-1,-1,-1
373,2,395.00,216.00,31.00,100.00,1.0,-1,-1,-1
373,3,594.00,163.00,27.00,57.00,1.0,-1,-1,-1
373,4,684.00,281.00,49.00,107.00,1.0,-1,-1,-1
373,5,0.00,0.00,0.00,0.00,1.0,-1,-1,-1
373,6,708.00,335.00,57.00,121.00,1.0,-1,-1,-1
373,7,604.00,189.00,29.00,60.00,1.0,-1,-1,-1
373,8,670.00,227.00,37.00,108.00,1.0,-1,-1,-1
373,9,0.00,0.00,0.00,0.00,1.0,-1,-1,-1
373,10,395.00,216.00,31.00,100.00,1.0,-1,-1,-1
373,11,0.00,0.00,0.00,0.00,1.0,-1,-1,-1
373,12,0.00,0.00,0.00,0.00,1.0,-1,-1,-1
373,13,0.00,0.00,0.00,0.00,1.0,-1,-1,-1
373,14,0.00,0.00,0.00,0.00,1.0,-1,-1,-1
373,15,696.00,175.00,21.00,41.00,1.0,-1,-1,-1
373,16,318.00,187.00,24.00,75.00,1.0,-1,-1,-1
373,17,578.00,153.00,21.00,65.00,1.0,-1,-1,-1
373,18,0.00,0.00,0.00,0.00,1.0,-1,-1,-1
373,19,578.00,153.00,21.00,65.00,1.0,-1,-1,-1
373,20,122.00,151.00,20.00,70.00,1.0,-1,-1,-1
373,21,368.00,227.00,28.00,83.00,1.0,-1,-1,-1
373,22,500.00,168.00,22.00,67.00,1.0,-1,-1,-1
373,23,395.00,216.00,30.00,99.00,1.0,-1,-1,-1
373,24,287.00,226.00,27.00,89.00,1.0,-1,-1,-1
373,25,399.00,264.00,25.00,41.00,1.0,-1,-1,-1
373,26,331.00,223.00,32.00,83.00,1.0,-1,-1,-1
373,27,604.00,189.00,29.00,60.00,1.0,-1,-1,-1
373,28,500.00,168.00,22.00,67.00,1.0,-1,-1,-1
373,29,595.00,289.00,35.00,96.00,1.0,-1,-1,-1
373,30,549.00,154.00,28.00,80.00,1.0,-1,-1,-1
374,0,394.00,214.00,34.00,96.00,1.0,-1,-1,-1
374,1,45.00,269.00,48.00,95.00,1.0,-1,-1,-1
374,2,394.00,214.00,34.00,97.00,1.0,-1,-1,-1
374,3,597.00,160.00,23.00,46.00,1.0,-1,-1,-1
374,4,684.00,281.00,47.00,109.00,1.0,-1,-1,-1
374,5,0.00,0.00,0.00,0.00,1.0,-1,-1,-1
374,6,709.00,339.00,59.00,121.00,1.0,-1,-1,-1
374,7,602.00,186.00,30.00,62.00,1.0,-1,-1,-1
374,8,667.00,225.00,33.00,93.00,1.0,-1,-1,-1
374,9,0.00,0.00,0.00,0.00,1.0,-1,-1,-1
374,10,394.00,214.00,34.00,96.00,1.0,-1,-1,-1
374,11,0.00,0.00,0.00,0.00,1.0,-1,-1,-1
374,12,0.00,0.00,0.00,0.00,1.0,-1,-1,-1
374,13,0.00,0.00,0.00,0.00,1.0,-1,-1,-1
374,14,0.00,0.00,0.00,0.00,1.0,-1,-1,-1
374,15,697.00,175.00,22.00,62.00,1.0,-1,-1,-1
374,16,314.00,185.00,22.00,77.00,1.0,-1,-1,-1
374,17,576.00,152.00,41.00,66.00,1.0,-1,-1,-1
374,18,0.00,0.00,0.00,0.00,1.0,-1,-1,-1
374,19,576.00,152.00,22.00,66.00,1.0,-1,-1,-1
374,20,126.00,152.00,27.00,70.00,1.0,-1,-1,-1
374,21,368.00,225.00,28.00,84.00,1.0,-1,-1,-1
374,22,496.00,166.00,23.00,67.00,1.0,-1,-1,-1
374,23,394.00,214.00,32.00,96.00,1.0,-1,-1,-1
374,24,288.00,227.00,28.00,88.00,1.0,-1,-1,-1
374,25,399.00,262.00,23.00,42.00,1.0,-1,-1,-1
374,26,335.00,226.00,31.00,83.00,1.0,-1,-1,-1
374,27,602.00,186.00,30.00,62.00,1.0,-1,-1,-1
374,28,496.00,166.00,23.00,67.00,1.0,-1,-1,-1
374,29,590.00,275.00,39.00,103.00,1.0,-1,-1,-1
374,30,546.00,154.00,27.00,80.00,1.0,-1,-1,-1
375,0,393.00,212.00,35.00,94.00,1.0,-1,-1,-1
375,1,43.00,269.00,46.00,94.00,1.0,-1,-1,-1
375,2,392.00,212.00,36.00,95.00,1.0,-1,-1,-1
375,3,597.00,160.00,24.00,39.00,1.0,-1,-1,-1
375,4,683.00,280.00,46.00,110.00,1.0,-1,-1,-1
375,5,0.00,0.00,0.00,0.00,1.0,-1,-1,-1
375,6,718.00,344.00,50.00,116.00,1.0,-1,-1,-1
375,7,600.00,185.00,29.00,62.00,1.0,-1,-1,-1
375,8,661.00,224.00,32.00,112.00,1.0,-1,-1,-1
375,9,0.00,0.00,0.00,0.00,1.0,-1,-1,-1
375,10,393.00,213.00,35.00,93.00,1.0,-1,-1,-1
375,11,0.00,0.00,0.00,0.00,1.0,-1,-1,-1
375,12,0.00,0.00,0.00,0.00,1.0,-1,-1,-1
375,13,0.00,0.00,0.00,0.00,1.0,-1,-1,-1
375,14,0.00,0.00,0.00,0.00,1.0,-1,-1,-1
375,15,697.00,176.00,24.00,71.00,1.0,-1,-1,-1
375,16,308.00,188.00,23.00,73.00,1.0,-1,-1,-1
375,17,573.00,151.00,22.00,67.00,1.0,-1,-1,-1
375,18,0.00,0.00,0.00,0.00,1.0,-1,-1,-1
375,19,573.00,151.00,22.00,67.00,1.0,-1,-1,-1
375,20,130.00,153.00,26.00,70.00,1.0,-1,-1,-1
375,21,368.00,223.00,27.00,81.00,1.0,-1,-1,-1
375,22,492.00,166.00,24.00,69.00,1.0,-1,-1,-1
375,23,393.00,212.00,34.00,94.00,1.0,-1,-1,-1
375,24,289.00,226.00,29.00,89.00,1.0,-1,-1,-1
375,25,393.00,215.00,29.00,90.00,1.0,-1,-1,-1
375,26,338.00,227.00,30.00,85.00,1.0,-1,-1,-1
375,27,600.00,185.00,29.00,62.00,1.0,-1,-1,-1
375,28,492.00,166.00,24.00,70.00,1.0,-1,-1,-1
375,29,589.00,266.00,34.00,112.00,1.0,-1,-1,-1
375,30,543.00,154.00,27.00,79.00,1.0,-1,-1,-1
376,0,391.00,211.00,37.00,94.00,1.0,-1,-1,-1
376,1,35.00,267.00,44.00,96.00,1.0,-1,-1,-1
376,2,391.00,211.00,37.00,95.00,1.0,-1,-1,-1
376,3,599.00,160.00,23.00,35.00,1.0,-1,-1,-1
376,4,685.00,278.00,43.00,110.00,1.0,-1,-1,-1
376,5,0.00,0.00,0.00,0.00,1.0,-1,-1,-1
376,6,732.00,338.00,36.00,122.00,1.0,-1,-1,-1
376,7,598.00,184.00,28.00,58.00,1.0,-1,-1,-1
376,8,657.00,224.00,32.00,106.00,1.0,-1,-1,-1
376,9,0.00,0.00,0.00,0.00,1.0,-1,-1,-1
376,10,392.00,211.00,36.00,95.00,1.0,-1,-1,-1
376,11,0.00,0.00,0.00,0.00,1.0,-1,-1,-1
376,12,0.00,0.00,0.00,0.00,1.0,-1,-1,-1
376,13,0.00,0.00,0.00,0.00,1.0,-1,-1,-1
376,14,0.00,0.00,0.00,0.00,1.0,-1,-1,-1
376,15,699.00,177.00,23.00,77.00,1.0,-1,-1,-1
376,16,304.00,188.00,19.00,54.00,1.0,-1,-1,-1
376,17,567.00,151.00,25.00,67.00,1.0,-1,-1,-1
376,18,0.00,0.00,0.00,0.00,1.0,-1,-1,-1
376,19,568.00,151.00,24.00,67.00,1.0,-1,-1,-1
376,20,134.00,153.00,23.00,71.00,1.0,-1,-1,-1
376,21,368.00,221.00,25.00,80.00,1.0,-1,-1,-1
376,22,483.00,165.00,29.00,129.00,1.0,-1,-1,-1
376,23,392.00,211.00,35.00,94.00,1.0,-1,-1,-1
376,24,291.00,226.00,32.00,89.00,1.0,-1,-1,-1
376,25,391.00,211.00,34.00,95.00,1.0,-1,-1,-1
376,26,339.00,228.00,29.00,84.00,1.0,-1,-1,-1
376,27,598.00,184.00,28.00,56.00,1.0,-1,-1,-1
376,28,484.00,165.00,29.00,68.00,1.0,-1,-1,-1
376,29,587.00,275.00,36.00,103.00,1.0,-1,-1,-1
376,30,540.00,152.00,26.00,77.00,1.0,-1,-1,-1
377,0,390.00,210.00,38.00,96.00,1.0,-1,-1,-1
377,1,28.00,266.00,36.00,97.00,1.0,-1,-1,-1
377,2,390.00,210.00,38.00,96.00,1.0,-1,-1,-1
377,3,600.00,159.00,23.00,38.00,1.0,-1,-1,-1
377,4,681.00,274.00,44.00,112.00,1.0,-1,-1,-1
377,5,0.00,0.00,0.00,0.00,1.0,-1,-1,-1
377,6,747.00,332.00,21.00,134.00,1.0,-1,-1,-1
377,7,596.00,183.00,26.00,60.00,1.0,-1,-1,-1
377,8,653.00,224.00,32.00,105.00,1.0,-1,-1,-1
377,9,0.00,0.00,0.00,0.00,1.0,-1,-1,-1
377,10,390.00,210.00,38.00,96.00,1.0,-1,-1,-1
377,11,0.00,0.00,0.00,0.00,1.0,-1,-1,-1
377,12,0.00,0.00,0.00,0.00,1.0,-1,-1,-1
377,13,0.00,0.00,0.00,0.00,1.0,-1,-1,-1
377,14,0.00,0.00,0.00,0.00,1.0,-1,-1,-1
377,15,702.00,178.00,22.00,79.00,1.0,-1,-1,-1
377,16,299.00,188.00,20.00,47.00,1.0,-1,-1,-1
377,17,559.00,152.00,30.00,66.00,1.0,-1,-1,-1
377,18,0.00,0.00,0.00,0.00,1.0,-1,-1,-1
377,19,559.00,152.00,29.00,65.00,1.0,-1,-1,-1
377,20,138.00,153.00,22.00,71.00,1.0,-1,-1,-1
377,21,369.00,221.00,22.00,80.00,1.0,-1,-1,-1
377,22,485.00,165.00,26.00,70.00,1.0,-1,-1,-1
377,23,389.00,210.00,36.00,96.00,1.0,-1,-1,-1
377,24,292.00,229.00,33.00,89.00,1.0,-1,-1,-1
377,25,389.00,210.00,31.00,96.00,1.0,-1,-1,-1
377,26,341.00,227.00,29.00,84.00,1.0,-1,-1,-1
377,27,597.00,183.00,25.00,60.00,1.0,-1,-1,-1
377,28,485.00,165.00,26.00,70.00,1.0,-1,-1,-1
377,29,585.00,275.00,37.00,103.00,1.0,-1,-1,-1
377,30,537.00,150.00,26.00,75.00,1.0,-1,-1,-1
377,31,558.00,229.00,37.00,103.00,1.0,-1,-1,-1
378,0,382.00,208.00,37.00,92.00,1.0,-1,-1,-1
378,1,16.00,266.00,39.00,97.00,1.0,-1,-1,-1
378,2,382.00,208.00,37.00,92.00,1.0,-1,-1,-1
378,3,602.00,153.00,26.00,43.00,1.0,-1,-1,-1
378,4,675.00,270.00,44.00,106.00,1.0,-1,-1,-1
378,5,0.00,0.00,0.00,0.00,1.0,-1,-1,-1
378,6,755.00,369.00,13.00,91.00,1.0,-1,-1,-1
378,7,594.00,178.00,27.00,43.00,1.0,-1,-1,-1
378,8,648.00,221.00,32.00,112.00,1.0,-1,-1,-1
378,9,0.00,0.00,0.00,0.00,1.0,-1,-1,-1
378,10,382.00,208.00,37.00,92.00,1.0,-1,-1,-1
378,11,753.00,271.00,15.00,186.00,1.0,-1,-1,-1
378,12,0.00,0.00,0.00,0.00,1.0,-1,-1,-1
378,13,0.00,0.00,0.00,0.00,1.0,-1,-1,-1
378,14,0.00,0.00,0.00,0.00,1.0,-1,-1,-1
378,15,704.00,180.00,22.00,78.00,1.0,-1,-1,-1
378,16,288.00,189.00,20.00,105.00,1.0,-1,-1,-1
378,17,557.00,152.00,26.00,68.00,1.0,-1,-1,-1
378,18,0.00,0.00,0.00,0.00,1.0,-1,-1,-1
378,19,557.00,152.00,26.00,68.00,1.0,-1,-1,-1
378,20,146.00,154.00,28.00,70.00,1.0,-1,-1,-1
378,21,363.00,220.00,28.00,79.00,1.0,-1,-1,-1
378,22,478.00,162.00,22.00,66.00,1.0,-1,-1,-1
378,23,383.00,207.00,36.00,93.00,1.0,-1,-1,-1
378,24,295.00,233.00,35.00,90.00,1.0,-1,-1,-1
378,25,382.00,207.00,38.00,94.00,1.0,-1,-1,-1
378,26,343.00,231.00,31.00,88.00,1.0,-1,-1,-1
378,27,594.00,178.00,26.00,43.00,1.0,-1,-1,-1
378,28,478.00,162.00,23.00,66.00,1.0,-1,-1,-1
378,29,582.00,269.00,32.00,101.00,1.0,-1,-1,-1
378,30,525.00,150.00,32.00,75.00,1.0,-1,-1,-1
378,31,555.00,226.00,32.00,104.00,1.0,-1,-1,-1
379,0,379.00,207.00,36.00,89.00,1.0,-1,-1,-1
379,1,15.00,267.00,40.00,96.00,1.0,-1,-1,-1
379,2,379.00,206.00,37.00,90.00,1.0,-1,-1,-1
379,3,602.00,151.00,28.00,43.00,1.0,-1,-1,-1
379,4,674.00,268.00,41.00,108.00,1.0,-1,-1,-1
379,5,0.00,0.00,0.00,0.00,1.0,-1,-1,-1
379,6,758.00,437.00,10.00,24.00,1.0,-1,-1,-1
379,7,592.00,177.00,28.00,42.00,1.0,-1,-1,-1
379,8,644.00,220.00,33.00,111.00,1.0,-1,-1,-1
379,9,0.00,0.00,0.00,0.00,1.0,-1,-1,-1
379,10,379.00,206.00,37.00,90.00,1.0,-1,-1,-1
379,11,749.00,270.00,19.00,190.00,1.0,-1,-1,-1
379,12,0.00,0.00,0.00,0.00,1.0,-1,-1,-1
379,13,0.00,0.00,0.00,0.00,1.0,-1,-1,-1
379,14,0.00,0.00,0.00,0.00,1.0,-1,-1,-1
379,15,705.00,180.00,22.00,78.00,1.0,-1,-1,-1
379,16,282.00,188.00,20.00,72.00,1.0,-1,-1,-1
379,17,554.00,152.00,23.00,68.00,1.0,-1,-1,-1
379,18,0.00,0.00,0.00,0.00,1.0,-1,-1,-1
379,19,554.00,152.00,22.00,68.00,1.0,-1,-1,-1
379,20,151.00,154.00,28.00,70.00,1.0,-1,-1,-1
379,21,358.00,219.00,29.00,76.00,1.0,-1,-1,-1
379,22,474.00,161.00,23.00,63.00,1.0,-1,-1,-1
379,23,379.00,205.00,37.00,91.00,1.0,-1,-1,-1
379,24,296.00,234.00,35.00,90.00,1.0,-1,-1,-1
379,25,379.00,204.00,37.00,92.00,1.0,-1,-1,-1
379,26,345.00,235.00,32.00,86.00,1.0,-1,-1,-1
379,27,592.00,177.00,27.00,41.00,1.0,-1,-1,-1
379,28,474.00,161.00,23.00,63.00,1.0,-1,-1,-1
379,29,579.00,263.00,33.00,106.00,1.0,-1,-1,-1
379,30,521.00,150.00,33.00,75.00,1.0,-1,-1,-1
379,31,551.00,224.00,34.00,100.00,1.0,-1,-1,-1
380,0,377.00,204.00,35.00,92.00,1.0,-1,-1,-1
380,1,13.00,265.00,38.00,97.00,1.0,-1,-1,-1
380,2,377.00,204.00,35.00,92.00,1.0,-1,-1,-1
380,3,603.00,151.00,28.00,52.00,1.0,-1,-1,-1
380,4,666.00,267.00,43.00,109.00,1.0,-1,-1,-1
380,5,0.00,0.00,0.00,0.00,1.0,-1,-1,-1
380,6,0.00,0.00,0.00,0.00,1.0,-1,-1,-1
380,7,591.00,175.00,30.00,42.00,1.0,-1,-1,-1
380,8,640.00,217.00,37.00,107.00,1.0,-1,-1,-1
380,9,0.00,0.00,0.00,0.00,1.0,-1,-1,-1
380,10,377.00,204.00,34.00,92.00,1.0,-1,-1,-1
380,11,744.00,266.00,24.00,105.00,1.0,-1,-1,-1
380,12,0.00,0.00,0.00,0.00,1.0,-1,-1,-1
380,13,0.00,0.00,0.00,0.00,1.0,-1,-1,-1
380,14,0.00,0.00,0.00,0.00,1.0,-1,-1,-1
380,15,706.00,180.00,22.00,77.00,1.0,-1,-1,-1
380,16,278.00,188.00,21.00,73.00,1.0,-1,-1,-1
380,17,551.00,152.00,22.00,69.00,1.0,-1,-1,-1
380,18,0.00,0.00,0.00,0.00,1.0,-1,-1,-1
380,19,551.00,152.00,22.00,69.00,1.0,-1,-1,-1
380,20,153.00,155.00,29.00,71.00,1.0,-1,-1,-1
380,21,352.00,217.00,27.00,73.00,1.0,-1,-1,-1
380,22,468.00,161.00,26.00,67.00,1.0,-1,-1,-1
380,23,378.00,203.00,33.00,93.00,1.0,-1,-1,-1
380,24,303.00,233.00,30.00,91.00,1.0,-1,-1,-1
380,25,377.00,203.00,35.00,93.00,1.0,-1,-1,-1
380,26,348.00,235.00,31.00,88.00,1.0,-1,-1,-1
380,27,591.00,175.00,26.00,42.00,1.0,-1,-1,-1
380,28,469.00,161.00,25.00,66.00,1.0,-1,-1,-1
380,29,576.00,262.00,34.00,107.00,1.0,-1,-1,-1
380,30,520.00,149.00,32.00,74.00,1.0,-1,-1,-1
380,31,543.00,223.00,39.00,98.00,1.0,-1,-1,-1
381,0,376.00,202.00,33.00,94.00,1.0,-1,-1,-1
381,1,8.00,264.00,33.00,93.00,1.0,-1,-1,-1
381,2,376.00,202.00,32.00,94.00,1.0,-1,-1,-1
381,3,604.00,150.00,28.00,66.00,1.0,-1,-1,-1
381,4,666.00,267.00,38.00,107.00,1.0,-1,-1,-1
381,5,0.00,0.00,0.00,0.00,1.0,-1,-1,-1
381,6,0.00,0.00,0.00,0.00,1.0,-1,-1,-1
381,7,588.00,175.00,26.00,42.00,1.0,-1,-1,-1
381,8,637.00,219.00,39.00,106.00,1.0,-1,-1,-1
381,9,0.00,0.00,0.00,0.00,1.0,-1,-1,-1
381,10,376.00,202.00,32.00,94.00,1.0,-1,-1,-1
381,11,739.00,265.00,29.00,105.00,1.0,-1,-1,-1
381,12,0.00,0.00,0.00,0.00,1.0,-1,-1,-1
381,13,0.00,0.00,0.00,0.00,1.0,-1,-1,-1
381,14,0.00,0.00,0.00,0.00,1.0,-1,-1,-1
381,15,707.00,181.00,22.00,63.00,1.0,-1,-1,-1
381,16,271.00,188.00,26.00,74.00,1.0,-1,-1,-1
381,17,546.00,154.00,23.00,68.00,1.0,-1,-1,-1
381,18,0.00,0.00,0.00,0.00,1.0,-1,-1,-1
381,19,547.00,154.00,22.00,68.00,1.0,-1,-1,-1
381,20,160.00,155.00,22.00,71.00,1.0,-1,-1,-1
381,21,343.00,216.00,28.00,38.00,1.0,-1,-1,-1
381,22,469.00,161.00,22.00,66.00,1.0,-1,-1,-1
381,23,376.00,202.00,32.00,93.00,1.0,-1,-1,-1
381,24,307.00,233.00,28.00,93.00,1.0,-1,-1,-1
381,25,375.00,201.00,34.00,94.00,1.0,-1,-1,-1
381,26,350.00,235.00,30.00,88.00,1.0,-1,-1,-1
381,27,588.00,175.00,26.00,42.00,1.0,-1,-1,-1
381,28,468.00,161.00,23.00,66.00,1.0,-1,-1,-1
381,29,571.00,263.00,36.00,106.00,1.0,-1,-1,-1
381,30,516.00,147.00,26.00,74.00,1.0,-1,-1,-1
381,31,536.00,222.00,42.00,100.00,1.0,-1,-1,-1
382,0,372.00,202.00,32.00,87.00,1.0,-1,-1,-1
382,1,0.00,262.00,33.00,94.00,1.0,-1,-1,-1
382,2,372.00,202.00,32.00,87.00,1.0,-1,-1,-1
382,3,605.00,146.00,25.00,73.00,1.0,-1,-1,-1
382,4,658.00,262.00,38.00,104.00,1.0,-1,-1,-1
382,5,0.00,0.00,0.00,0.00,1.0,-1,-1,-1
382,6,0.00,0.00,0.00,0.00,1.0,-1,-1,-1
382,7,583.00,172.00,27.00,39.00,1.0,-1,-1,-1
382,8,628.00,217.00,44.00,92.00,1.0,-1,-1,-1
382,9,0.00,0.00,0.00,0.00,1.0,-1,-1,-1
382,10,372.00,202.00,32.00,87.00,1.0,-1,-1,-1
382,11,732.00,263.00,30.00,97.00,1.0,-1,-1,-1
382,12,0.00,0.00,0.00,0.00,1.0,-1,-1,-1
382,13,0.00,0.00,0.00,0.00,1.0,-1,-1,-1
382,14,0.00,0.00,0.00,0.00,1.0,-1,-1,-1
382,15,712.00,184.00,22.00,76.00,1.0,-1,-1,-1
382,16,261.00,188.00,33.00,73.00,1.0,-1,-1,-1
382,17,540.00,157.00,23.00,67.00,1.0,-1,-1,-1
382,18,0.00,0.00,0.00,0.00,1.0,-1,-1,-1
382,19,540.00,157.00,23.00,66.00,1.0,-1,-1,-1
382,20,169.00,154.00,19.00,71.00,1.0,-1,-1,-1
382,21,337.00,216.00,27.00,74.00,1.0,-1,-1,-1
382,22,459.00,159.00,24.00,67.00,1.0,-1,-1,-1
382,23,372.00,201.00,32.00,88.00,1.0,-1,-1,-1
382,24,311.00,239.00,28.00,96.00,1.0,-1,-1,-1
382,25,372.00,201.00,32.00,88.00,1.0,-1,-1,-1
382,26,357.00,238.00,29.00,85.00,1.0,-1,-1,-1
382,27,583.00,172.00,26.00,39.00,1.0,-1,-1,-1
382,28,459.00,159.00,24.00,67.00,1.0,-1,-1,-1
382,29,566.00,264.00,36.00,102.00,1.0,-1,-1,-1
382,30,508.00,145.00,26.00,72.00,1.0,-1,-1,-1
382,31,525.00,221.00,44.00,100.00,1.0,-1,-1,-1
383,0,355.00,203.00,30.00,89.00,1.0,-1,-1,-1
383,1,0.00,264.00,32.00,92.00,1.0,-1,-1,-1
383,2,349.00,203.00,46.00,92.00,1.0,-1,-1,-1
383,3,608.00,144.00,23.00,50.00,1.0,-1,-1,-1
383,4,650.00,260.00,38.00,103.00,1.0,-1,-1,-1
383,5,0.00,0.00,0.00,0.00,1.0,-1,-1,-1
383,6,0.00,0.00,0.00,0.00,1.0,-1,-1,-1
383,7,582.00,169.00,29.00,52.00,1.0,-1,-1,-1
383,8,635.00,223.00,30.00,93.00,1.0,-1,-1,-1
383,9,0.00,0.00,0.00,0.00,1.0,-1,-1,-1
383,10,356.00,203.00,29.00,89.00,1.0,-1,-1,-1
383,11,720.00,257.00,41.00,100.00,1.0,-1,-1,-1
383,12,0.00,0.00,0.00,0.00,1.0,-1,-1,-1
383,13,0.00,0.00,0.00,0.00,1.0,-1,-1,-1
383,14,0.00,0.00,0.00,0.00,1.0,-1,-1,-1
383,15,713.00,184.00,24.00,81.00,1.0,-1,-1,-1
383,16,253.00,188.00,20.00,73.00,1.0,-1,-1,-1
383,17,532.00,157.00,22.00,66.00,1.0,-1,-1,-1
383,18,0.00,0.00,0.00,0.00,1.0,-1,-1,-1
383,19,532.00,157.00,22.00,65.00,1.0,-1,-1,-1
383,20,177.00,158.00,27.00,70.00,1.0,-1,-1,-1
383,21,330.00,214.00,24.00,74.00,1.0,-1,-1,-1
383,22,452.00,157.00,25.00,69.00,1.0,-1,-1,-1
383,23,364.00,198.00,38.00,61.00,1.0,-1,-1,-1
383,24,313.00,242.00,30.00,95.00,1.0,-1,-1,-1
383,25,375.00,198.00,27.00,60.00,1.0,-1,-1,-1
383,26,357.00,243.00,43.00,85.00,1.0,-1,-1,-1
383,27,582.00,169.00,29.00,52.00,1.0,-1,-1,-1
383,28,452.00,157.00,25.00,69.00,1.0,-1,-1,-1
383,29,559.00,248.00,34.00,113.00,1.0,-1,-1,-1
383,30,502.00,144.00,25.00,74.00,1.0,-1,-1,-1
383,31,522.00,219.00,35.00,97.00,1.0,-1,-1,-1
383,32,601.00,260.00,37.00,105.00,1.0,-1,-1,-1
383,33,688.00,261.00,34.00,99.00,1.0,-1,-1,-1
384,0,349.00,204.00,29.00,90.00,1.0,-1,-1,-1
384,1,0.00,265.00,30.00,90.00,1.0,-1,-1,-1
384,2,349.00,204.00,29.00,90.00,1.0,-1,-1,-1
384,3,610.00,144.00,23.00,47.00,1.0,-1,-1,-1
384,4,648.00,256.00,37.00,107.00,1.0,-1,-1,-1
384,5,0.00,0.00,0.00,0.00,1.0,-1,-1,-1
384,6,0.00,0.00,0.00,0.00,1.0,-1,-1,-1
384,7,582.00,169.00,29.00,57.00,1.0,-1,-1,-1
384,8,632.00,223.00,29.00,103.00,1.0,-1,-1,-1
384,9,0.00,0.00,0.00,0.00,1.0,-1,-1,-1
384,10,349.00,204.00,29.00,90.00,1.0,-1,-1,-1
384,11,713.00,259.00,37.00,98.00,1.0,-1,-1,-1
384,12,0.00,0.00,0.00,0.00,1.0,-1,-1,-1
384,13,0.00,0.00,0.00,0.00,1.0,-1,-1,-1
384,14,0.00,0.00,0.00,0.00,1.0,-1,-1,-1
384,15,712.00,185.00,26.00,80.00,1.0,-1,-1,-1
384,16,250.00,188.00,22.00,73.00,1.0,-1,-1,-1
384,17,528.00,157.00,23.00,68.00,1.0,-1,-1,-1
384,18,0.00,0.00,0.00,0.00,1.0,-1,-1,-1
384,19,528.00,157.00,23.00,68.00,1.0,-1,-1,-1
384,20,181.00,157.00,23.00,70.00,1.0,-1,-1,-1
384,21,327.00,213.00,23.00,75.00,1.0,-1,-1,-1
384,22,447.00,157.00,26.00,66.00,1.0,-1,-1,-1
384,23,364.00,198.00,36.00,60.00,1.0,-1,-1,-1
384,24,315.00,242.00,29.00,95.00,1.0,-1,-1,-1
384,25,364.00,198.00,36.00,60.00,1.0,-1,-1,-1
384,26,366.00,242.00,34.00,89.00,1.0,-1,-1,-1
384,27,582.00,169.00,29.00,56.00,1.0,-1,-1,-1
384,28,448.00,157.00,25.00,66.00,1.0,-1,-1,-1
384,29,556.00,259.00,34.00,102.00,1.0,-1,-1,-1
384,30,499.00,143.00,25.00,72.00,1.0,-1,-1,-1
384,31,519.00,217.00,34.00,99.00,1.0,-1,-1,-1
384,32,594.00,260.00,41.00,105.00,1.0,-1,-1,-1
384,33,656.00,261.00,63.00,99.00,1.0,-1,-1,-1
385,0,335.00,204.00,37.00,90.00,1.0,-1,-1,-1
385,1,0.00,272.00,13.00,78.00,1.0,-1,-1,-1
385,2,335.00,203.00,39.00,91.00,1.0,-1,-1,-1
385,3,614.00,142.00,25.00,62.00,1.0,-1,-1,-1
385,4,642.00,255.00,37.00,105.00,1.0,-1,-1,-1
385,5,0.00,0.00,0.00,0.00,1.0,-1,-1,-1
385,6,0.00,0.00,0.00,0.00,1.0,-1,-1,-1
385,7,582.00,166.00,26.00,38.00,1.0,-1,-1,-1
385,8,604.00,221.00,59.00,109.00,1.0,-1,-1,-1
385,9,0.00,0.00,0.00,0.00,1.0,-1,-1,-1
385,10,335.00,203.00,38.00,91.00,1.0,-1,-1,-1
385,11,710.00,255.00,30.00,95.00,1.0,-1,-1,-1
385,12,0.00,0.00,0.00,0.00,1.0,-1,-1,-1
385,13,0.00,0.00,0.00,0.00,1.0,-1,-1,-1
385,14,0.00,0.00,0.00,0.00,1.0,-1,-1,-1
385,15,713.00,187.00,26.00,70.00,1.0,-1,-1,-1
385,16,240.00,188.00,29.00,72.00,1.0,-1,-1,-1
385,17,518.00,161.00,28.00,65.00,1.0,-1,-1,-1
385,18,0.00,0.00,0.00,0.00,1.0,-1,-1,-1
385,19,518.00,161.00,28.00,64.00,1.0,-1,-1,-1
385,20,189.00,157.00,24.00,72.00,1.0,-1,-1,-1
385,21,315.00,216.00,38.00,46.00,1.0,-1,-1,-1
385,22,442.00,156.00,22.00,67.00,1.0,-1,-1,-1
385,23,361.00,197.00,30.00,74.00,1.0,-1,-1,-1
385,24,318.00,246.00,37.00,95.00,1.0,-1,-1,-1
385,25,361.00,197.00,30.00,73.00,1.0,-1,-1,-1
385,26,376.00,243.00,29.00,89.00,1.0,-1,-1,-1
385,27,582.00,166.00,26.00,38.00,1.0,-1,-1,-1
385,28,441.00,156.00,23.00,67.00,1.0,-1,-1,-1
385,29,551.00,259.00,33.00,101.00,1.0,-1,-1,-1
385,30,492.00,141.00,25.00,73.00,1.0,-1,-1,-1
385,31,513.00,217.00,33.00,99.00,1.0,-1,-1,-1
385,32,593.00,258.00,38.00,100.00,1.0,-1,-1,-1
385,33,651.00,261.00,59.00,99.00,1.0,-1,-1,-1
386,0,331.00,203.00,28.00,91.00,1.0,-1,-1,-1
386,1,0.00,277.00,8.00,74.00,1.0,-1,-1,-1
386,2,331.00,203.00,28.00,91.00,1.0,-1,-1,-1
386,3,615.00,138.00,26.00,56.00,1.0,-1,-1,-1
386,4,640.00,254.00,36.00,101.00,1.0,-1,-1,-1
386,5,0.00,0.00,0.00,0.00,1.0,-1,-1,-1
386,6,0.00,0.00,0.00,0.00,1.0,-1,-1,-1
386,7,583.00,163.00,27.00,43.00,1.0,-1,-1,-1
386,8,627.00,229.00,30.00,86.00,1.0,-1,-1,-1
386,9,0.00,0.00,0.00,0.00,1.0,-1,-1,-1
386,10,331.00,203.00,28.00,91.00,1.0,-1,-1,-1
386,11,706.00,253.00,29.00,95.00,1.0,-1,-1,-1
386,12,0.00,0.00,0.00,0.00,1.0,-1,-1,-1
386,13,0.00,0.00,0.00,0.00,1.0,-1,-1,-1
386,14,0.00,0.00,0.00,0.00,1.0,-1,-1,-1
386,15,713.00,189.00,25.00,64.00,1.0,-1,-1,-1
386,16,235.00,188.00,24.00,71.00,1.0,-1,-1,-1
386,17,514.00,161.00,28.00,63.00,1.0,-1,-1,-1
386,18,0.00,0.00,0.00,0.00,1.0,-1,-1,-1
386,19,514.00,161.00,28.00,63.00,1.0,-1,-1,-1
386,20,193.00,157.00,31.00,72.00,1.0,-1,-1,-1
386,21,309.00,215.00,24.00,71.00,1.0,-1,-1,-1
386,22,437.00,155.00,22.00,67.00,1.0,-1,-1,-1
386,23,358.00,196.00,29.00,80.00,1.0,-1,-1,-1
386,24,319.00,250.00,38.00,94.00,1.0,-1,-1,-1
386,25,358.00,197.00,29.00,78.00,1.0,-1,-1,-1
386,26,378.00,244.00,30.00,92.00,1.0,-1,-1,-1
386,27,583.00,163.00,27.00,43.00,1.0,-1,-1,-1
386,28,437.00,155.00,22.00,67.00,1.0,-1,-1,-1
386,29,551.00,258.00,30.00,101.00,1.0,-1,-1,-1
386,30,486.00,141.00,28.00,73.00,1.0,-1,-1,-1
386,31,510.00,217.00,34.00,99.00,1.0,-1,-1,-1
386,32,589.00,256.00,34.00,100.00,1.0,-1,-1,-1
386,33,674.00,256.00,32.00,102.00,1.0,-1,-1,-1
387,0,323.00,205.00,26.00,47.00,1.0,-1,-1,-1
387,1,0.00,285.00,5.00,65.00,1.0,-1,-1,-1
387,2,323.00,204.00,26.00,49.00,1.0,-1,-1,-1
387,3,616.00,138.00,28.00,53.00,1.0,-1,-1,-1
387,4,639.00,252.00,34.00,102.00,1.0,-1,-1,-1
387,5,0.00,0.00,0.00,0.00,1.0,-1,-1,-1
387,6,0.00,0.00,0.00,0.00,1.0,-1,-1,-1
387,7,586.00,162.00,25.00,47.00,1.0,-1,-1,-1
387,8,607.00,227.00,41.00,101.00,1.0,-1,-1,-1
387,9,0.00,0.00,0.00,0.00,1.0,-1,-1,-1
387,10,323.00,204.00,26.00,48.00,1.0,-1,-1,-1
387,11,703.00,251.00,29.00,96.00,1.0,-1,-1,-1
387,12,0.00,0.00,0.00,0.00,1.0,-1,-1,-1
387,13,0.00,0.00,0.00,0.00,1.0,-1,-1,-1
387,14,0.00,0.00,0.00,0.00,1.0,-1,-1,-1
387,15,712.00,190.00,25.00,57.00,1.0,-1,-1,-1
387,16,231.00,187.00,19.00,72.00,1.0,-1,-1,-1
387,17,509.00,160.00,26.00,67.00,1.0,-1,-1,-1
387,18,0.00,0.00,0.00,0.00,1.0,-1,-1,-1
387,19,509.00,160.00,25.00,66.00,1.0,-1,-1,-1
387,20,198.00,158.00,27.00,72.00,1.0,-1,-1,-1
387,21,304.00,214.00,25.00,72.00,1.0,-1,-1,-1
387,22,433.00,154.00,22.00,67.00,1.0,-1,-1,-1
387,23,354.00,195.00,29.00,80.00,1.0,-1,-1,-1
387,24,321.00,248.00,36.00,99.00,1.0,-1,-1,-1
387,25,354.00,195.00,29.00,79.00,1.0,-1,-1,-1
387,26,379.00,246.00,33.00,91.00,1.0,-1,-1,-1
387,27,585.00,162.00,26.00,47.00,1.0,-1,-1,-1
387,28,433.00,154.00,22.00,66.00,1.0,-1,-1,-1
387,29,550.00,257.00,28.00,99.00,1.0,-1,-1,-1
387,30,483.00,142.00,29.00,72.00,1.0,-1,-1,-1
387,31,506.00,215.00,32.00,99.00,1.0,-1,-1,-1
387,32,580.00,254.00,36.00,102.00,1.0,-1,-1,-1
387,33,671.00,255.00,32.00,97.00,1.0,-1,-1,-1
388,0,313.00,205.00,28.00,83.00,1.0,-1,-1,-1
388,1,0.00,295.00,4.00,55.00,1.0,-1,-1,-1
388,2,310.00,205.00,31.00,84.00,1.0,-1,-1,-1
388,3,617.00,139.00,29.00,46.00,1.0,-1,-1,-1
388,4,636.00,252.00,35.00,101.00,1.0,-1,-1,-1
388,5,0.00,0.00,0.00,0.00,1.0,-1,-1,-1
388,6,0.00,0.00,0.00,0.00,1.0,-1,-1,-1
388,7,585.00,162.00,26.00,50.00,1.0,-1,-1,-1
388,8,604.00,218.00,38.00,111.00,1.0,-1,-1,-1
388,9,0.00,0.00,0.00,0.00,1.0,-1,-1,-1
388,10,313.00,205.00,28.00,84.00,1.0,-1,-1,-1
388,11,700.00,250.00,27.00,97.00,1.0,-1,-1,-1
388,12,0.00,0.00,0.00,0.00,1.0,-1,-1,-1
388,13,0.00,0.00,0.00,0.00,1.0,-1,-1,-1
388,14,0.00,0.00,0.00,0.00,1.0,-1,-1,-1
388,15,711.00,189.00,25.00,54.00,1.0,-1,-1,-1
388,16,226.00,188.00,23.00,73.00,1.0,-1,-1,-1
388,17,505.00,160.00,23.00,56.00,1.0,-1,-1,-1
388,18,0.00,0.00,0.00,0.00,1.0,-1,-1,-1
388,19,505.00,160.00,23.00,55.00,1.0,-1,-1,-1
388,20,202.00,159.00,24.00,71.00,1.0,-1,-1,-1
388,21,299.00,213.00,25.00,73.00,1.0,-1,-1,-1
388,22,432.00,154.00,20.00,58.00,1.0,-1,-1,-1
388,23,350.00,194.00,30.00,81.00,1.0,-1,-1,-1
388,24,324.00,252.00,34.00,95.00,1.0,-1,-1,-1
388,25,350.00,194.00,30.00,81.00,1.0,-1,-1,-1
388,26,382.00,249.00,33.00,90.00,1.0,-1,-1,-1
388,27,585.00,162.00,26.00,50.00,1.0,-1,-1,-1
388,28,432.00,154.00,20.00,61.00,1.0,-1,-1,-1
388,29,547.00,254.00,28.00,97.00,1.0,-1,-1,-1
388,30,479.00,141.00,26.00,69.00,1.0,-1,-1,-1
388,31,503.00,214.00,33.00,98.00,1.0,-1,-1,-1
388,32,576.00,253.00,36.00,102.00,1.0,-1,-1,-1
388,33,667.00,250.00,33.00,98.00,1.0,-1,-1,-1
389,0,300.00,204.00,29.00,87.00,1.0,-1,-1,-1
389,1,0.00,0.00,0.00,0.00,1.0,-1,-1,-1
389,2,300.00,204.00,29.00,87.00,1.0,-1,-1,-1
389,3,623.00,134.00,24.00,46.00,1.0,-1,-1,-1
389,4,628.00,253.00,38.00,100.00,1.0,-1,-1,-1
389,5,0.00,0.00,0.00,0.00,1.0,-1,-1,-1
389,6,0.00,0.00,0.00,0.00,1.0,-1,-1,-1
389,7,581.00,159.00,29.00,67.00,1.0,-1,-1,-1
389,8,598.00,215.00,32.00,114.00,1.0,-1,-1,-1
389,9,0.00,0.00,0.00,0.00,1.0,-1,-1,-1
389,10,299.00,204.00,30.00,87.00,1.0,-1,-1,-1
389,11,692.00,246.00,28.00,98.00,1.0,-1,-1,-1
389,12,0.00,0.00,0.00,0.00,1.0,-1,-1,-1
389,13,0.00,0.00,0.00,0.00,1.0,-1,-1,-1
389,14,0.00,0.00,0.00,0.00,1.0,-1,-1,-1
389,15,710.00,191.00,22.00,54.00,1.0,-1,-1,-1
389,16,214.00,188.00,33.00,73.00,1.0,-1,-1,-1
389,17,490.00,163.00,28.00,71.00,1.0,-1,-1,-1
389,18,0.00,0.00,0.00,0.00,1.0,-1,-1,-1
389,19,490.00,163.00,28.00,71.00,1.0,-1,-1,-1
389,20,210.00,158.00,18.00,40.00,1.0,-1,-1,-1
389,21,290.00,211.00,18.00,71.00,1.0,-1,-1,-1
389,22,430.00,153.00,15.00,49.00,1.0,-1,-1,-1
389,23,345.00,194.00,29.00,81.00,1.0,-1,-1,-1
389,24,333.00,252.00,30.00,96.00,1.0,-1,-1,-1
389,25,345.00,194.00,29.00,82.00,1.0,-1,-1,-1
389,26,391.00,252.00,31.00,90.00,1.0,-1,-1,-1
389,27,581.00,159.00,29.00,67.00,1.0,-1,-1,-1
389,28,430.00,153.00,15.00,49.00,1.0,-1,-1,-1
389,29,534.00,251.00,35.00,98.00,1.0,-1,-1,-1
389,30,470.00,138.00,25.00,71.00,1.0,-1,-1,-1
389,31,489.00,212.00,37.00,95.00,1.0,-1,-1,-1
389,32,571.00,251.00,34.00,104.00,1.0,-1,-1,-1
389,33,659.00,249.00,34.00,97.00,1.0,-1,-1,-1
390,0,289.00,202.00,30.00,88.00,1.0,-1,-1,-1
390,1,0.00,0.00,0.00,0.00,1.0,-1,-1,-1
390,2,289.00,202.00,30.00,88.00,1.0,-1,-1,-1
390,3,625.00,133.00,22.00,43.00,1.0,-1,-1,-1
390,4,618.00,243.00,47.00,109.00,1.0,-1,-1,-1
390,5,0.00,0.00,0.00,0.00,1.0,-1,-1,-1
390,6,758.00,449.00,10.00,11.00,1.0,-1,-1,-1
390,7,580.00,157.00,29.00,73.00,1.0,-1,-1,-1
390,8,588.00,228.00,32.00,100.00,1.0,-1,-1,-1
390,9,0.00,0.00,0.00,0.00,1.0,-1,-1,-1
390,10,289.00,202.00,30.00,88.00,1.0,-1,-1,-1
390,11,688.00,245.00,28.00,92.00,1.0,-1,-1,-1
390,12,0.00,0.00,0.00,0.00,1.0,-1,-1,-1
390,13,0.00,0.00,0.00,0.00,1.0,-1,-1,-1
390,14,0.00,0.00,0.00,0.00,1.0,-1,-1,-1
390,15,708.00,192.00,22.00,47.00,1.0,-1,-1,-1
390,16,211.00,185.00,30.00,76.00,1.0,-1,-1,-1
390,17,489.00,164.00,24.00,71.00,1.0,-1,-1,-1
390,18,0.00,0.00,0.00,0.00,1.0,-1,-1,-1
390,19,489.00,164.00,24.00,71.00,1.0,-1,-1,-1
390,20,214.00,159.00,24.00,33.00,1.0,-1,-1,-1
390,21,284.00,208.00,13.00,37.00,1.0,-1,-1,-1
390,22,420.00,154.00,22.00,48.00,1.0,-1,-1,-1
390,23,342.00,193.00,27.00,79.00,1.0,-1,-1,-1
390,24,336.00,255.00,30.00,99.00,1.0,-1,-1,-1
390,25,342.00,193.00,27.00,79.00,1.0,-1,-1,-1
390,26,395.00,251.00,32.00,92.00,1.0,-1,-1,-1
390,27,579.00,157.00,30.00,73.00,1.0,-1,-1,-1
390,28,420.00,154.00,22.00,48.00,1.0,-1,-1,-1
390,29,525.00,252.00,42.00,97.00,1.0,-1,-1,-1
390,30,467.00,139.00,24.00,70.00,1.0,-1,-1,-1
390,31,487.00,211.00,39.00,96.00,1.0,-1,-1,-1
390,32,567.00,248.00,34.00,105.00,1.0,-1,-1,-1
390,33,658.00,248.00,31.00,97.00,1.0,-1,-1,-1
391,0,267.00,204.00,52.00,87.00,1.0,-1,-1,-1
391,1,0.00,0.00,0.00,0.00,1.0,-1,-1,-1
391,2,268.00,203.00,51.00,88.00,1.0,-1,-1,-1
391,3,628.00,132.00,21.00,43.00,1.0,-1,-1,-1
391,4,615.00,244.00,48.00,106.00,1.0,-1,-1,-1
391,5,0.00,0.00,0.00,0.00,1.0,-1,-1,-1
391,6,0.00,0.00,0.00,0.00,1.0,-1,-1,-1
391,7,579.00,156.00,30.00,75.00,1.0,-1,-1,-1
391,8,578.00,225.00,41.00,104.00,1.0,-1,-1,-1
391,9,0.00,0.00,0.00,0.00,1.0,-1,-1,-1
391,10,267.00,204.00,52.00,87.00,1.0,-1,-1,-1
391,11,684.00,243.00,30.00,92.00,1.0,-1,-1,-1
391,12,0.00,0.00,0.00,0.00,1.0,-1,-1,-1
391,13,0.00,0.00,0.00,0.00,1.0,-1,-1,-1
391,14,0.00,0.00,0.00,0.00,1.0,-1,-1,-1
391,15,705.00,194.00,23.00,46.00,1.0,-1,-1,-1
391,16,208.00,188.00,20.00,73.00,1.0,-1,-1,-1
391,17,485.00,163.00,24.00,71.00,1.0,-1,-1,-1
391,18,0.00,0.00,0.00,0.00,1.0,-1,-1,-1
391,19,485.00,163.00,24.00,70.00,1.0,-1,-1,-1
391,20,218.00,161.00,27.00,70.00,1.0,-1,-1,-1
391,21,283.00,215.00,21.00,68.00,1.0,-1,-1,-1
391,22,418.00,154.00,21.00,46.00,1.0,-1,-1,-1
391,23,340.00,192.00,27.00,71.00,1.0,-1,-1,-1
391,24,339.00,262.00,30.00,95.00,1.0,-1,-1,-1
391,25,340.00,192.00,27.00,71.00,1.0,-1,-1,-1
391,26,399.00,251.00,31.00,91.00,1.0,-1,-1,-1
391,27,579.00,155.00,30.00,79.00,1.0,-1,-1,-1
391,28,418.00,154.00,21.00,48.00,1.0,-1,-1,-1
391,29,524.00,252.00,41.00,94.00,1.0,-1,-1,-1
391,30,462.00,140.00,25.00,68.00,1.0,-1,-1,-1
391,31,481.00,210.00,40.00,97.00,1.0,-1,-1,-1
391,32,565.00,252.00,32.00,98.00,1.0,-1,-1,-1
391,33,655.00,247.00,31.00,96.00,1.0,-1,-1,-1
392,0,259.00,205.00,57.00,86.00,1.0,-1,-1,-1
392,1,0.00,0.00,0.00,0.00,1.0,-1,-1,-1
392,2,259.00,204.00,57.00,87.00,1.0,-1,-1,-1
392,3,630.00,132.00,21.00,40.00,1.0,-1,-1,-1
392,4,613.00,244.00,49.00,106.00,1.0,-1,-1,-1
392,5,0.00,0.00,0.00,0.00,1.0,-1,-1,-1
392,6,755.00,361.00,13.00,97.00,1.0,-1,-1,-1
392,7,580.00,155.00,28.00,82.00,1.0,-1,-1,-1
392,8,558.00,225.00,47.00,102.00,1.0,-1,-1,-1
392,9,0.00,0.00,0.00,0.00,1.0,-1,-1,-1
392,10,259.00,205.00,57.00,85.00,1.0,-1,-1,-1
392,11,680.00,241.00,32.00,94.00,1.0,-1,-1,-1
392,12,0.00,0.00,0.00,0.00,1.0,-1,-1,-1
392,13,0.00,0.00,0.00,0.00,1.0,-1,-1,-1
392,14,0.00,0.00,0.00,0.00,1.0,-1,-1,-1
392,15,703.00,194.00,22.00,48.00,1.0,-1,-1,-1
392,16,204.00,188.00,21.00,72.00,1.0,-1,-1,-1
392,17,480.00,163.00,25.00,69.00,1.0,-1,-1,-1
392,18,0.00,0.00,0.00,0.00,1.0,-1,-1,-1
392,19,480.00,163.00,25.00,69.00,1.0,-1,-1,-1
392,20,220.00,162.00,28.00,74.00,1.0,-1,-1,-1
392,21,280.00,262.00,22.00,19.00,1.0,-1,-1,-1
392,22,414.00,149.00,22.00,54.00,1.0,-1,-1,-1
392,23,334.00,191.00,31.00,79.00,1.0,-1,-1,-1
392,24,342.00,264.00,30.00,96.00,1.0,-1,-1,-1
392,25,334.00,191.00,31.00,79.00,1.0,-1,-1,-1
392,26,402.00,253.00,41.00,90.00,1.0,-1,-1,-1
392,27,580.00,155.00,28.00,83.00,1.0,-1,-1,-1
392,28,413.00,148.00,23.00,55.00,1.0,-1,-1,-1
392,29,524.00,250.00,37.00,94.00,1.0,-1,-1,-1
392,30,458.00,142.00,23.00,66.00,1.0,-1,-1,-1
392,31,480.00,211.00,37.00,95.00,1.0,-1,-1,-1
392,32,563.00,250.00,30.00,97.00,1.0,-1,-1,-1
392,33,652.00,244.00,30.00,98.00,1.0,-1,-1,-1
393,0,256.00,201.00,32.00,87.00,1.0,-1,-1,-1
393,1,0.00,0.00,0.00,0.00,1.0,-1,-1,-1
393,2,256.00,201.00,31.00,87.00,1.0,-1,-1,-1
393,3,634.00,129.00,23.00,42.00,1.0,-1,-1,-1
393,4,615.00,244.00,46.00,106.00,1.0,-1,-1,-1
393,5,0.00,0.00,0.00,0.00,1.0,-1,-1,-1
393,6,736.00,329.00,32.00,128.00,1.0,-1,-1,-1
393,7,583.00,153.00,26.00,74.00,1.0,-1,-1,-1
393,8,543.00,224.00,27.00,100.00,1.0,-1,-1,-1
393,9,0.00,0.00,0.00,0.00,1.0,-1,-1,-1
393,10,256.00,201.00,31.00,87.00,1.0,-1,-1,-1
393,11,670.00,240.00,33.00,93.00,1.0,-1,-1,-1
393,12,0.00,0.00,0.00,0.00,1.0,-1,-1,-1
393,13,0.00,0.00,0.00,0.00,1.0,-1,-1,-1
393,14,0.00,0.00,0.00,0.00,1.0,-1,-1,-1
393,15,696.00,193.00,22.00,47.00,1.0,-1,-1,-1
393,16,193.00,189.00,30.00,71.00,1.0,-1,-1,-1
393,17,466.00,167.00,31.00,72.00,1.0,-1,-1,-1
393,18,0.00,0.00,0.00,0.00,1.0,-1,-1,-1
393,19,466.00,167.00,31.00,71.00,1.0,-1,-1,-1
393,20,229.00,161.00,24.00,75.00,1.0,-1,-1,-1
393,21,271.00,212.00,30.00,69.00,1.0,-1,-1,-1
393,22,407.00,150.00,19.00,64.00,1.0,-1,-1,-1
393,23,321.00,192.00,37.00,77.00,1.0,-1,-1,-1
393,24,348.00,264.00,30.00,96.00,1.0,-1,-1,-1
393,25,321.00,192.00,37.00,77.00,1.0,-1,-1,-1
393,26,408.00,258.00,44.00,92.00,1.0,-1,-1,-1
393,27,583.00,153.00,25.00,76.00,1.0,-1,-1,-1
393,28,407.00,150.00,19.00,63.00,1.0,-1,-1,-1
393,29,519.00,247.00,27.00,95.00,1.0,-1,-1,-1
393,30,450.00,140.00,23.00,68.00,1.0,-1,-1,-1
393,31,475.00,208.00,34.00,93.00,1.0,-1,-1,-1
393,32,549.00,244.00,37.00,101.00,1.0,-1,-1,-1
393,33,648.00,241.00,24.00,96.00,1.0,-1,-1,-1
394,0,249.00,199.00,23.00,89.00,1.0,-1,-1,-1
394,1,0.00,0.00,0.00,0.00,1.0,-1,-1,-1
394,2,249.00,199.00,23.00,89.00,1.0,-1,-1,-1
394,3,635.00,127.00,25.00,41.00,1.0,-1,-1,-1
394,4,618.00,244.00,43.00,106.00,1.0,-1,-1,-1
394,5,0.00,0.00,0.00,0.00,1.0,-1,-1,-1
394,6,727.00,328.00,41.00,128.00,1.0,-1,-1,-1
394,7,584.00,150.00,26.00,72.00,1.0,-1,-1,-1
394,8,535.00,222.00,31.00,98.00,1.0,-1,-1,-1
394,9,0.00,0.00,0.00,0.00,1.0,-1,-1,-1
394,10,249.00,199.00,23.00,89.00,1.0,-1,-1,-1
394,11,668.00,239.00,31.00,92.00,1.0,-1,-1,-1
394,12,0.00,0.00,0.00,0.00,1.0,-1,-1,-1
394,13,0.00,0.00,0.00,0.00,1.0,-1,-1,-1
394,14,0.00,0.00,0.00,0.00,1.0,-1,-1,-1
394,15,693.00,194.00,23.00,46.00,1.0,-1,-1,-1
394,16,189.00,189.00,68.00,71.00,1.0,-1,-1,-1
394,17,467.00,167.00,25.00,73.00,1.0,-1,-1,-1
394,18,0.00,0.00,0.00,0.00,1.0,-1,-1,-1
394,19,468.00,167.00,24.00,73.00,1.0,-1,-1,-1
394,20,233.00,161.00,21.00,75.00,1.0,-1,-1,-1
394,21,266.00,211.00,28.00,70.00,1.0,-1,-1,-1
394,22,403.00,149.00,20.00,65.00,1.0,-1,-1,-1
394,23,321.00,191.00,35.00,79.00,1.0,-1,-1,-1
394,24,351.00,263.00,31.00,96.00,1.0,-1,-1,-1
394,25,321.00,191.00,35.00,79.00,1.0,-1,-1,-1
394,26,415.00,257.00,36.00,92.00,1.0,-1,-1,-1
394,27,584.00,150.00,26.00,71.00,1.0,-1,-1,-1
394,28,403.00,149.00,21.00,65.00,1.0,-1,-1,-1
394,29,516.00,246.00,26.00,96.00,1.0,-1,-1,-1
394,30,446.00,142.00,24.00,65.00,1.0,-1,-1,-1
394,31,471.00,207.00,32.00,94.00,1.0,-1,-1,-1
394,32,547.00,243.00,37.00,101.00,1.0,-1,-1,-1
394,33,646.00,240.00,22.00,98.00,1.0,-1,-1,-1
395,0,234.00,199.00,37.00,89.00,1.0,-1,-1,-1
395,1,0.00,0.00,0.00,0.00,1.0,-1,-1,-1
395,2,235.00,199.00,36.00,89.00,1.0,-1,-1,-1
395,3,636.00,127.00,27.00,37.00,1.0,-1,-1,-1
395,4,618.00,242.00,42.00,105.00,1.0,-1,-1,-1
395,5,0.00,0.00,0.00,0.00,1.0,-1,-1,-1
395,6,721.00,326.00,47.00,130.00,1.0,-1,-1,-1
395,7,584.00,148.00,27.00,71.00,1.0,-1,-1,-1
395,8,512.00,224.00,44.00,94.00,1.0,-1,-1,-1
395,9,0.00,0.00,0.00,0.00,1.0,-1,-1,-1
395,10,234.00,199.00,37.00,89.00,1.0,-1,-1,-1
395,11,663.00,237.00,29.00,90.00,1.0,-1,-1,-1
395,12,0.00,0.00,0.00,0.00,1.0,-1,-1,-1
395,13,0.00,0.00,0.00,0.00,1.0,-1,-1,-1
395,14,0.00,0.00,0.00,0.00,1.0,-1,-1,-1
395,15,690.00,195.00,21.00,46.00,1.0,-1,-1,-1
395,16,184.00,188.00,22.00,71.00,1.0,-1,-1,-1
395,17,466.00,168.00,22.00,60.00,1.0,-1,-1,-1
395,18,0.00,0.00,0.00,0.00,1.0,-1,-1,-1
395,19,466.00,168.00,22.00,60.00,1.0,-1,-1,-1
395,20,238.00,162.00,22.00,47.00,1.0,-1,-1,-1
395,21,259.00,209.00,23.00,71.00,1.0,-1,-1,-1
395,22,399.00,148.00,21.00,66.00,1.0,-1,-1,-1
395,23,318.00,190.00,29.00,79.00,1.0,-1,-1,-1
395,24,351.00,266.00,43.00,97.00,1.0,-1,-1,-1
395,25,318.00,191.00,29.00,78.00,1.0,-1,-1,-1
395,26,423.00,258.00,32.00,91.00,1.0,-1,-1,-1
395,27,584.00,148.00,27.00,71.00,1.0,-1,-1,-1
395,28,399.00,148.00,21.00,66.00,1.0,-1,-1,-1
395,29,513.00,247.00,26.00,95.00,1.0,-1,-1,-1
395,30,441.00,144.00,26.00,63.00,1.0,-1,-1,-1
395,31,467.00,206.00,32.00,95.00,1.0,-1,-1,-1
395,32,549.00,243.00,34.00,99.00,1.0,-1,-1,-1
395,33,643.00,240.00,21.00,98.00,1.0,-1,-1,-1
396,0,220.00,200.00,40.00,87.00,1.0,-1,-1,-1
396,1,0.00,0.00,0.00,0.00,1.0,-1,-1,-1
396,2,220.00,200.00,40.00,87.00,1.0,-1,-1,-1
396,3,641.00,126.00,25.00,38.00,1.0,-1,-1,-1
396,4,621.00,237.00,33.00,106.00,1.0,-1,-1,-1
396,5,0.00,0.00,0.00,0.00,1.0,-1,-1,-1
396,6,715.00,318.00,45.00,129.00,1.0,-1,-1,-1
396,7,584.00,147.00,28.00,57.00,1.0,-1,-1,-1
396,8,508.00,220.00,37.00,95.00,1.0,-1,-1,-1
396,9,0.00,0.00,0.00,0.00,1.0,-1,-1,-1
396,10,220.00,200.00,40.00,87.00,1.0,-1,-1,-1
396,11,656.00,234.00,28.00,93.00,1.0,-1,-1,-1
396,12,0.00,0.00,0.00,0.00,1.0,-1,-1,-1
396,13,0.00,0.00,0.00,0.00,1.0,-1,-1,-1
396,14,0.00,0.00,0.00,0.00,1.0,-1,-1,-1
396,15,680.00,194.00,22.00,47.00,1.0,-1,-1,-1
396,16,177.00,189.00,24.00,70.00,1.0,-1,-1,-1
396,17,458.00,169.00,24.00,48.00,1.0,-1,-1,-1
396,18,0.00,0.00,0.00,0.00,1.0,-1,-1,-1
396,19,458.00,169.00,24.00,47.00,1.0,-1,-1,-1
396,20,248.00,164.00,23.00,55.00,1.0,-1,-1,-1
396,21,249.00,208.00,27.00,72.00,1.0,-1,-1,-1
396,22,390.00,148.00,24.00,62.00,1.0,-1,-1,-1
396,23,311.00,189.00,25.00,80.00,1.0,-1,-1,-1
396,24,353.00,270.00,43.00,99.00,1.0,-1,-1,-1
396,25,311.00,189.00,25.00,80.00,1.0,-1,-1,-1
396,26,434.00,261.00,31.00,94.00,1.0,-1,-1,-1
396,27,584.00,147.00,28.00,57.00,1.0,-1,-1,-1
396,28,390.00,148.00,47.00,110.00,1.0,-1,-1,-1
396,29,507.00,222.00,32.00,117.00,1.0,-1,-1,-1
396,30,431.00,144.00,24.00,63.00,1.0,-1,-1,-1
396,31,461.00,207.00,29.00,93.00,1.0,-1,-1,-1
396,32,541.00,241.00,32.00,94.00,1.0,-1,-1,-1
396,33,628.00,236.00,28.00,98.00,1.0,-1,-1,-1
397,0,219.00,198.00,25.00,88.00,1.0,-1,-1,-1
397,1,0.00,0.00,0.00,0.00,1.0,-1,-1,-1
397,2,219.00,198.00,25.00,88.00,1.0,-1,-1,-1
397,3,644.00,124.00,21.00,48.00,1.0,-1,-1,-1
397,4,619.00,234.00,34.00,109.00,1.0,-1,-1,-1
397,5,0.00,0.00,0.00,0.00,1.0,-1,-1,-1
397,6,715.00,314.00,40.00,127.00,1.0,-1,-1,-1
397,7,584.00,146.00,28.00,61.00,1.0,-1,-1,-1
397,8,509.00,220.00,25.00,99.00,1.0,-1,-1,-1
397,9,0.00,0.00,0.00,0.00,1.0,-1,-1,-1
397,10,219.00,198.00,25.00,88.00,1.0,-1,-1,-1
397,11,652.00,234.00,28.00,92.00,1.0,-1,-1,-1
397,12,0.00,0.00,0.00,0.00,1.0,-1,-1,-1
397,13,0.00,144.00,11.00,26.00,1.0,-1,-1,-1
397,14,0.00,0.00,0.00,0.00,1.0,-1,-1,-1
397,15,676.00,194.00,22.00,48.00,1.0,-1,-1,-1
397,16,172.00,190.00,28.00,68.00,1.0,-1,-1,-1
397,17,455.00,171.00,25.00,44.00,1.0,-1,-1,-1
397,18,0.00,0.00,0.00,0.00,1.0,-1,-1,-1
397,19,456.00,171.00,24.00,42.00,1.0,-1,-1,-1
397,20,252.00,163.00,22.00,75.00,1.0,-1,-1,-1
397,21,244.00,207.00,30.00,73.00,1.0,-1,-1,-1
397,22,388.00,148.00,23.00,64.00,1.0,-1,-1,-1
397,23,307.00,189.00,26.00,80.00,1.0,-1,-1,-1
397,24,357.00,270.00,41.00,100.00,1.0,-1,-1,-1
397,25,307.00,190.00,26.00,79.00,1.0,-1,-1,-1
397,26,435.00,263.00,36.00,94.00,1.0,-1,-1,-1
397,27,584.00,146.00,28.00,62.00,1.0,-1,-1,-1
397,28,388.00,148.00,23.00,64.00,1.0,-1,-1,-1
397,29,503.00,224.00,30.00,112.00,1.0,-1,-1,-1
397,30,430.00,144.00,20.00,60.00,1.0,-1,-1,-1
397,31,457.00,208.00,32.00,91.00,1.0,-1,-1,-1
397,32,535.00,240.00,36.00,96.00,1.0,-1,-1,-1
397,33,620.00,234.00,32.00,88.00,1.0,-1,-1,-1
398,0,208.00,197.00,25.00,88.00,1.0,-1,-1,-1
398,1,0.00,0.00,0.00,0.00,1.0,-1,-1,-1
398,2,208.00,197.00,25.00,88.00,1.0,-1,-1,-1
398,3,647.00,122.00,18.00,66.00,1.0,-1,-1,-1
398,4,617.00,232.00,34.00,111.00,1.0,-1,-1,-1
398,5,0.00,0.00,0.00,0.00,1.0,-1,-1,-1
398,6,702.00,313.00,46.00,126.00,1.0,-1,-1,-1
398,7,583.00,144.00,28.00,68.00,1.0,-1,-1,-1
398,8,487.00,223.00,41.00,96.00,1.0,-1,-1,-1
398,9,0.00,0.00,0.00,0.00,1.0,-1,-1,-1
398,10,208.00,197.00,25.00,88.00,1.0,-1,-1,-1
398,11,650.00,232.00,27.00,93.00,1.0,-1,-1,-1
398,12,0.00,0.00,0.00,0.00,1.0,-1,-1,-1
398,13,0.00,0.00,0.00,0.00,1.0,-1,-1,-1
398,14,0.00,0.00,0.00,0.00,1.0,-1,-1,-1
398,15,673.00,194.00,23.00,47.00,1.0,-1,-1,-1
398,16,166.00,190.00,29.00,64.00,1.0,-1,-1,-1
398,17,454.00,172.00,24.00,38.00,1.0,-1,-1,-1
398,18,0.00,0.00,0.00,0.00,1.0,-1,-1,-1
398,19,454.00,172.00,24.00,37.00,1.0,-1,-1,-1
398,20,255.00,164.00,21.00,76.00,1.0,-1,-1,-1
398,21,240.00,205.00,26.00,71.00,1.0,-1,-1,-1
398,22,385.00,147.00,23.00,66.00,1.0,-1,-1,-1
398,23,302.00,190.00,28.00,79.00,1.0,-1,-1,-1
398,24,372.00,269.00,30.00,101.00,1.0,-1,-1,-1
398,25,302.00,190.00,28.00,79.00,1.0,-1,-1,-1
398,26,438.00,266.00,38.00,95.00,1.0,-1,-1,-1
398,27,583.00,144.00,28.00,69.00,1.0,-1,-1,-1
398,28,385.00,147.00,23.00,66.00,1.0,-1,-1,-1
398,29,499.00,225.00,26.00,112.00,1.0,-1,-1,-1
398,30,430.00,147.00,16.00,57.00,1.0,-1,-1,-1
398,31,453.00,206.00,30.00,92.00,1.0,-1,-1,-1
398,32,530.00,239.00,37.00,96.00,1.0,-1,-1,-1
398,33,618.00,232.00,26.00,92.00,1.0,-1,-1,-1
399,0,189.00,199.00,44.00,87.00,1.0,-1,-1,-1
399,1,0.00,0.00,0.00,0.00,1.0,-1,-1,-1
399,2,190.00,199.00,43.00,87.00,1.0,-1,-1,-1
399,3,650.00,122.00,19.00,67.00,1.0,-1,-1,-1
399,4,616.00,232.00,32.00,110.00,1.0,-1,-1,-1
399,5,0.00,0.00,0.00,0.00,1.0,-1,-1,-1
399,6,691.00,312.00,50.00,126.00,1.0,-1,-1,-1
399,7,583.00,142.00,28.00,70.00,1.0,-1,-1,-1
399,8,479.00,225.00,47.00,93.00,1.0,-1,-1,-1
399,9,0.00,0.00,0.00,0.00,1.0,-1,-1,-1
399,10,190.00,199.00,43.00,86.00,1.0,-1,-1,-1
399,11,647.00,231.00,26.00,91.00,1.0,-1,-1,-1
399,12,0.00,0.00,0.00,0.00,1.0,-1,-1,-1
399,13,0.00,0.00,0.00,0.00,1.0,-1,-1,-1
399,14,0.00,0.00,0.00,0.00,1.0,-1,-1,-1
399,15,669.00,194.00,23.00,47.00,1.0,-1,-1,-1
399,16,161.00,189.00,26.00,65.00,1.0,-1,-1,-1
399,17,454.00,173.00,23.00,37.00,1.0,-1,-1,-1
399,18,0.00,0.00,0.00,0.00,1.0,-1,-1,-1
399,19,454.00,173.00,23.00,35.00,1.0,-1,-1,-1
399,20,259.00,167.00,23.00,76.00,1.0,-1,-1,-1
399,21,238.00,204.00,21.00,72.00,1.0,-1,-1,-1
399,22,381.00,146.00,22.00,65.00,1.0,-1,-1,-1
399,23,298.00,188.00,26.00,80.00,1.0,-1,-1,-1
399,24,377.00,270.00,28.00,103.00,1.0,-1,-1,-1
399,25,298.00,189.00,26.00,78.00,1.0,-1,-1,-1
399,26,444.00,270.00,33.00,91.00,1.0,-1,-1,-1
399,27,583.00,142.00,28.00,70.00,1.0,-1,-1,-1
399,28,381.00,146.00,22.00,65.00,1.0,-1,-1,-1
399,29,493.00,240.00,31.00,95.00,1.0,-1,-1,-1
399,30,416.00,145.00,27.00,59.00,1.0,-1,-1,-1
399,31,448.00,207.00,30.00,70.00,1.0,-1,-1,-1
399,32,525.00,239.00,38.00,96.00,1.0,-1,-1,-1
399,33,612.00,231.00,24.00,90.00,1.0,-1,-1,-1
400,0,180.00,201.00,45.00,82.00,1.0,-1,-1,-1
400,1,0.00,0.00,0.00,0.00,1.0,-1,-1,-1
400,2,180.00,200.00,45.00,83.00,1.0,-1,-1,-1
400,3,655.00,122.00,17.00,65.00,1.0,-1,-1,-1
400,4,607.00,236.00,37.00,100.00,1.0,-1,-1,-1
400,5,0.00,0.00,0.00,0.00,1.0,-1,-1,-1
400,6,684.00,305.00,46.00,125.00,1.0,-1,-1,-1
400,7,584.00,142.00,26.00,73.00,1.0,-1,-1,-1
400,8,475.00,216.00,25.00,92.00,1.0,-1,-1,-1
400,9,0.00,0.00,0.00,0.00,1.0,-1,-1,-1
400,10,180.00,201.00,45.00,82.00,1.0,-1,-1,-1
400,11,640.00,225.00,25.00,91.00,1.0,-1,-1,-1
400,12,0.00,0.00,0.00,0.00,1.0,-1,-1,-1
400,13,0.00,0.00,0.00,0.00,1.0,-1,-1,-1
400,14,0.00,0.00,0.00,0.00,1.0,-1,-1,-1
400,15,660.00,196.00,23.00,45.00,1.0,-1,-1,-1
400,16,153.00,190.00,22.00,70.00,1.0,-1,-1,-1
400,17,452.00,174.00,23.00,41.00,1.0,-1,-1,-1
400,18,0.00,0.00,0.00,0.00,1.0,-1,-1,-1
400,19,452.00,174.00,23.00,41.00,1.0,-1,-1,-1
400,20,265.00,168.00,23.00,79.00,1.0,-1,-1,-1
400,21,226.00,204.00,29.00,72.00,1.0,-1,-1,-1
400,22,374.00,145.00,24.00,64.00,1.0,-1,-1,-1
400,23,287.00,187.00,30.00,78.00,1.0,-1,-1,-1
400,24,384.00,275.00,40.00,104.00,1.0,-1,-1,-1
400,25,287.00,188.00,30.00,77.00,1.0,-1,-1,-1
400,26,454.00,268.00,34.00,93.00,1.0,-1,-1,-1
400,27,584.00,142.00,26.00,73.00,1.0,-1,-1,-1
400,28,375.00,145.00,23.00,64.00,1.0,-1,-1,-1
400,29,486.00,240.00,34.00,95.00,1.0,-1,-1,-1
400,30,406.00,146.00,20.00,68.00,1.0,-1,-1,-1
400,31,434.00,200.00,37.00,91.00,1.0,-1,-1,-1
400,32,524.00,236.00,33.00,98.00,1.0,-1,-1,-1
400,33,600.00,231.00,25.00,86.00,1.0,-1,-1,-1
401,0,173.00,198.00,36.00,85.00,1.0,-1,-1,-1
401,1,0.00,0.00,0.00,0.00,1.0,-1,-1,-1
401,2,173.00,198.00,36.00,85.00,1.0,-1,-1,-1
401,3,656.00,120.00,20.00,67.00,1.0,-1,-1,-1
401,4,604.00,237.00,38.00,98.00,1.0,-1,-1,-1
401,5,0.00,0.00,0.00,0.00,1.0,-1,-1,-1
401,6,675.00,301.00,49.00,121.00,1.0,-1,-1,-1
401,7,585.00,141.00,25.00,73.00,1.0,-1,-1,-1
401,8,470.00,214.00,23.00,61.00,1.0,-1,-1,-1
401,9,0.00,0.00,0.00,0.00,1.0,-1,-1,-1
401,10,172.00,198.00,37.00,85.00,1.0,-1,-1,-1
401,11,639.00,227.00,22.00,87.00,1.0,-1,-1,-1
401,12,0.00,0.00,0.00,0.00,1.0,-1,-1,-1
401,13,0.00,0.00,0.00,0.00,1.0,-1,-1,-1
401,14,0.00,0.00,0.00,0.00,1.0,-1,-1,-1
401,15,656.00,196.00,23.00,47.00,1.0,-1,-1,-1
401,16,147.00,190.00,50.00,77.00,1.0,-1,-1,-1
401,17,452.00,176.00,22.00,42.00,1.0,-1,-1,-1
401,18,0.00,0.00,0.00,0.00,1.0,-1,-1,-1
401,19,450.00,177.00,23.00,47.00,1.0,-1,-1,-1
401,20,268.00,168.00,22.00,74.00,1.0,-1,-1,-1
401,21,225.00,204.00,29.00,71.00,1.0,-1,-1,-1
401,22,371.00,145.00,27.00,65.00,1.0,-1,-1,-1
401,23,279.00,188.00,35.00,76.00,1.0,-1,-1,-1
401,24,387.00,277.00,35.00,102.00,1.0,-1,-1,-1
401,25,279.00,188.00,35.00,76.00,1.0,-1,-1,-1
401,26,457.00,271.00,45.00,91.00,1.0,-1,-1,-1
401,27,585.00,141.00,25.00,73.00,1.0,-1,-1,-1
401,28,371.00,146.00,26.00,64.00,1.0,-1,-1,-1
401,29,483.00,240.00,36.00,93.00,1.0,-1,-1,-1
401,30,400.00,145.00,23.00,61.00,1.0,-1,-1,-1
401,31,433.00,200.00,36.00,90.00,1.0,-1,-1,-1
401,32,521.00,234.00,28.00,96.00,1.0,-1,-1,-1
401,33,599.00,230.00,21.00,87.00,1.0,-1,-1,-1
402,0,169.00,198.00,26.00,85.00,1.0,-1,-1,-1
402,1,0.00,0.00,0.00,0.00,1.0,-1,-1,-1
402,2,169.00,198.00,26.00,85.00,1.0,-1,-1,-1
402,3,657.00,118.00,23.00,68.00,1.0,-1,-1,-1
402,4,606.00,243.00,37.00,92.00,1.0,-1,-1,-1
402,5,0.00,0.00,0.00,0.00,1.0,-1,-1,-1
402,6,669.00,299.00,50.00,123.00,1.0,-1,-1,-1
402,7,586.00,140.00,25.00,73.00,1.0,-1,-1,-1
402,8,453.00,215.00,35.00,96.00,1.0,-1,-1,-1
402,9,0.00,0.00,0.00,0.00,1.0,-1,-1,-1
402,10,169.00,198.00,26.00,84.00,1.0,-1,-1,-1
402,11,633.00,225.00,23.00,80.00,1.0,-1,-1,-1
402,12,0.00,0.00,0.00,0.00,1.0,-1,-1,-1
402,13,0.00,0.00,0.00,0.00,1.0,-1,-1,-1
402,14,0.00,0.00,0.00,0.00,1.0,-1,-1,-1
402,15,651.00,195.00,24.00,47.00,1.0,-1,-1,-1
402,16,143.00,190.00,29.00,70.00,1.0,-1,-1,-1
402,17,448.00,178.00,24.00,45.00,1.0,-1,-1,-1
402,18,0.00,0.00,0.00,0.00,1.0,-1,-1,-1
402,19,448.00,178.00,24.00,45.00,1.0,-1,-1,-1
402,20,271.00,168.00,21.00,63.00,1.0,-1,-1,-1
402,21,222.00,203.00,28.00,70.00,1.0,-1,-1,-1
402,22,368.00,146.00,28.00,64.00,1.0,-1,-1,-1
402,23,278.00,189.00,35.00,75.00,1.0,-1,-1,-1
402,24,394.00,276.00,33.00,103.00,1.0,-1,-1,-1
402,25,278.00,189.00,35.00,75.00,1.0,-1,-1,-1
402,26,463.00,275.00,45.00,91.00,1.0,-1,-1,-1
402,27,586.00,139.00,25.00,75.00,1.0,-1,-1,-1
402,28,368.00,146.00,28.00,63.00,1.0,-1,-1,-1
402,29,478.00,238.00,37.00,93.00,1.0,-1,-1,-1
402,30,396.00,145.00,23.00,74.00,1.0,-1,-1,-1
402,31,429.00,209.00,39.00,94.00,1.0,-1,-1,-1
402,32,516.00,232.00,25.00,98.00,1.0,-1,-1,-1
402,33,595.00,227.00,25.00,90.00,1.0,-1,-1,-1
403,0,157.00,198.00,37.00,85.00,1.0,-1,-1,-1
403,1,0.00,0.00,0.00,0.00,1.0,-1,-1,-1
403,2,157.00,198.00,37.00,85.00,1.0,-1,-1,-1
403,3,657.00,117.00,26.00,69.00,1.0,-1,-1,-1
403,4,608.00,245.00,34.00,90.00,1.0,-1,-1,-1
403,5,0.00,0.00,0.00,0.00,1.0,-1,-1,-1
403,6,665.00,297.00,48.00,125.00,1.0,-1,-1,-1
403,7,586.00,138.00,25.00,75.00,1.0,-1,-1,-1
403,8,441.00,215.00,42.00,92.00,1.0,-1,-1,-1
403,9,0.00,0.00,0.00,0.00,1.0,-1,-1,-1
403,10,157.00,198.00,37.00,85.00,1.0,-1,-1,-1
403,11,630.00,225.00,18.00,35.00,1.0,-1,-1,-1
403,12,0.00,0.00,0.00,0.00,1.0,-1,-1,-1
403,13,0.00,0.00,0.00,0.00,1.0,-1,-1,-1
403,14,0.00,0.00,0.00,0.00,1.0,-1,-1,-1
403,15,647.00,195.00,24.00,47.00,1.0,-1,-1,-1
403,16,138.00,190.00,22.00,70.00,1.0,-1,-1,-1
403,17,449.00,179.00,23.00,39.00,1.0,-1,-1,-1
403,18,0.00,0.00,0.00,0.00,1.0,-1,-1,-1
403,19,449.00,179.00,23.00,40.00,1.0,-1,-1,-1
403,20,273.00,169.00,21.00,39.00,1.0,-1,-1,-1
403,21,217.00,201.00,24.00,72.00,1.0,-1,-1,-1
403,22,363.00,145.00,23.00,65.00,1.0,-1,-1,-1
403,23,277.00,188.00,31.00,76.00,1.0,-1,-1,-1
403,24,403.00,275.00,27.00,104.00,1.0,-1,-1,-1
403,25,276.00,188.00,32.00,76.00,1.0,-1,-1,-1
403,26,465.00,273.00,43.00,97.00,1.0,-1,-1,-1
403,27,586.00,138.00,25.00,75.00,1.0,-1,-1,-1
403,28,363.00,145.00,23.00,65.00,1.0,-1,-1,-1
403,29,477.00,237.00,28.00,50.00,1.0,-1,-1,-1
403,30,385.00,148.00,28.00,71.00,1.0,-1,-1,-1
403,31,431.00,208.00,32.00,100.00,1.0,-1,-1,-1
403,32,511.00,233.00,26.00,95.00,1.0,-1,-1,-1
403,33,591.00,225.00,27.00,92.00,1.0,-1,-1,-1
404,0,150.00,199.00,43.00,84.00,1.0,-1,-1,-1
404,1,0.00,0.00,0.00,0.00,1.0,-1,-1,-1
404,2,150.00,199.00,43.00,84.00,1.0,-1,-1,-1
404,3,658.00,117.00,28.00,68.00,1.0,-1,-1,-1
404,4,609.00,239.00,32.00,96.00,1.0,-1,-1,-1
404,5,0.00,0.00,0.00,0.00,1.0,-1,-1,-1
404,6,661.00,296.00,46.00,124.00,1.0,-1,-1,-1
404,7,586.00,137.00,25.00,76.00,1.0,-1,-1,-1
404,8,440.00,216.00,39.00,92.00,1.0,-1,-1,-1
404,9,0.00,0.00,0.00,0.00,1.0,-1,-1,-1
404,10,150.00,199.00,43.00,84.00,1.0,-1,-1,-1
404,11,626.00,224.00,15.00,24.00,1.0,-1,-1,-1
404,12,0.00,0.00,0.00,0.00,1.0,-1,-1,-1
404,13,0.00,0.00,0.00,0.00,1.0,-1,-1,-1
404,14,0.00,0.00,0.00,0.00,1.0,-1,-1,-1
404,15,643.00,196.00,25.00,46.00,1.0,-1,-1,-1
404,16,132.00,190.00,22.00,70.00,1.0,-1,-1,-1
404,17,449.00,179.00,24.00,37.00,1.0,-1,-1,-1
404,18,0.00,0.00,0.00,0.00,1.0,-1,-1,-1
404,19,449.00,179.00,24.00,37.00,1.0,-1,-1,-1
404,20,279.00,171.00,30.00,78.00,1.0,-1,-1,-1
404,21,212.00,201.00,24.00,72.00,1.0,-1,-1,-1
404,22,358.00,144.00,22.00,66.00,1.0,-1,-1,-1
404,23,273.00,187.00,27.00,77.00,1.0,-1,-1,-1
404,24,405.00,278.00,40.00,101.00,1.0,-1,-1,-1
404,25,273.00,187.00,26.00,77.00,1.0,-1,-1,-1
404,26,473.00,273.00,35.00,97.00,1.0,-1,-1,-1
404,27,586.00,137.00,26.00,77.00,1.0,-1,-1,-1
404,28,358.00,144.00,22.00,66.00,1.0,-1,-1,-1
404,29,474.00,236.00,28.00,47.00,1.0,-1,-1,-1
404,30,379.00,150.00,29.00,72.00,1.0,-1,-1,-1
404,31,422.00,211.00,30.00,97.00,1.0,-1,-1,-1
404,32,506.00,233.00,28.00,95.00,1.0,-1,-1,-1
404,33,588.00,225.00,31.00,92.00,1.0,-1,-1,-1
405,0,149.00,198.00,39.00,84.00,1.0,-1,-1,-1
405,1,0.00,0.00,0.00,0.00,1.0,-1,-1,-1
405,2,149.00,198.00,39.00,84.00,1.0,-1,-1,-1
405,3,660.00,117.00,28.00,68.00,1.0,-1,-1,-1
405,4,609.00,237.00,27.00,96.00,1.0,-1,-1,-1
405,5,0.00,0.00,0.00,0.00,1.0,-1,-1,-1
405,6,658.00,292.00,44.00,125.00,1.0,-1,-1,-1
405,7,586.00,136.00,25.00,78.00,1.0,-1,-1,-1
405,8,441.00,216.00,36.00,92.00,1.0,-1,-1,-1
405,9,0.00,0.00,0.00,0.00,1.0,-1,-1,-1
405,10,149.00,198.00,39.00,84.00,1.0,-1,-1,-1
405,11,619.00,222.00,20.00,25.00,1.0,-1,-1,-1
405,12,0.00,0.00,0.00,0.00,1.0,-1,-1,-1
405,13,0.00,0.00,0.00,0.00,1.0,-1,-1,-1
405,14,0.00,0.00,0.00,0.00,1.0,-1,-1,-1
405,15,638.00,196.00,25.00,73.00,1.0,-1,-1,-1
405,16,127.00,190.00,26.00,70.00,1.0,-1,-1,-1
405,17,451.00,180.00,25.00,38.00,1.0,-1,-1,-1
405,18,0.00,0.00,0.00,0.00,1.0,-1,-1,-1
405,19,451.00,180.00,26.00,38.00,1.0,-1,-1,-1
405,20,284.00,173.00,26.00,80.00,1.0,-1,-1,-1
405,21,208.00,201.00,26.00,72.00,1.0,-1,-1,-1
405,22,354.00,144.00,23.00,64.00,1.0,-1,-1,-1
405,23,269.00,186.00,26.00,78.00,1.0,-1,-1,-1
405,24,407.00,286.00,51.00,94.00,1.0,-1,-1,-1
405,25,269.00,186.00,25.00,78.00,1.0,-1,-1,-1
405,26,482.00,273.00,29.00,97.00,1.0,-1,-1,-1
405,27,586.00,136.00,25.00,78.00,1.0,-1,-1,-1
405,28,354.00,144.00,23.00,64.00,1.0,-1,-1,-1
405,29,471.00,235.00,28.00,74.00,1.0,-1,-1,-1
405,30,379.00,150.00,24.00,72.00,1.0,-1,-1,-1
405,31,418.00,243.00,26.00,47.00,1.0,-1,-1,-1
405,32,506.00,233.00,27.00,95.00,1.0,-1,-1,-1
405,33,584.00,224.00,31.00,93.00,1.0,-1,-1,-1
406,0,136.00,194.00,27.00,84.00,1.0,-1,-1,-1
406,1,0.00,0.00,0.00,0.00,1.0,-1,-1,-1
406,2,136.00,194.00,27.00,84.00,1.0,-1,-1,-1
406,3,666.00,113.00,20.00,67.00,1.0,-1,-1,-1
406,4,608.00,228.00,48.00,53.00,1.0,-1,-1,-1
406,5,0.00,0.00,0.00,0.00,1.0,-1,-1,-1
406,6,655.00,286.00,37.00,116.00,1.0,-1,-1,-1
406,7,583.00,134.00,27.00,72.00,1.0,-1,-1,-1
406,8,421.00,227.00,29.00,69.00,1.0,-1,-1,-1
406,9,0.00,0.00,0.00,0.00,1.0,-1,-1,-1
406,10,136.00,194.00,27.00,84.00,1.0,-1,-1,-1
406,11,603.00,221.00,21.00,76.00,1.0,-1,-1,-1
406,12,0.00,0.00,0.00,0.00,1.0,-1,-1,-1
406,13,0.00,0.00,0.00,0.00,1.0,-1,-1,-1
406,14,0.00,0.00,0.00,0.00,1.0,-1,-1,-1
406,15,628.00,194.00,25.00,55.00,1.0,-1,-1,-1
406,16,120.00,189.00,21.00,70.00,1.0,-1,-1,-1
406,17,463.00,182.00,22.00,34.00,1.0,-1,-1,-1
406,18,0.00,0.00,0.00,0.00,1.0,-1,-1,-1
406,19,462.00,179.00,17.00,20.00,1.0,-1,-1,-1
406,20,284.00,173.00,26.00,79.00,1.0,-1,-1,-1
406,21,202.00,199.00,27.00,72.00,1.0,-1,-1,-1
406,22,345.00,144.00,27.00,63.00,1.0,-1,-1,-1
406,23,260.00,186.00,28.00,78.00,1.0,-1,-1,-1
406,24,418.00,279.00,43.00,105.00,1.0,-1,-1,-1
406,25,260.00,186.00,28.00,78.00,1.0,-1,-1,-1
406,26,486.00,280.00,39.00,97.00,1.0,-1,-1,-1
406,27,583.00,134.00,27.00,73.00,1.0,-1,-1,-1
406,28,345.00,144.00,27.00,64.00,1.0,-1,-1,-1
406,29,466.00,233.00,27.00,91.00,1.0,-1,-1,-1
406,30,370.00,148.00,25.00,74.00,1.0,-1,-1,-1
406,31,412.00,242.00,38.00,51.00,1.0,-1,-1,-1
406,32,495.00,231.00,26.00,58.00,1.0,-1,-1,-1
406,33,577.00,223.00,32.00,91.00,1.0,-1,-1,-1
407,0,126.00,195.00,37.00,83.00,1.0,-1,-1,-1
407,1,0.00,0.00,0.00,0.00,1.0,-1,-1,-1
407,2,126.00,194.00,37.00,84.00,1.0,-1,-1,-1
407,3,668.00,112.00,19.00,67.00,1.0,-1,-1,-1
407,4,620.00,226.00,29.00,78.00,1.0,-1,-1,-1
407,5,0.00,0.00,0.00,0.00,1.0,-1,-1,-1
407,6,642.00,284.00,44.00,119.00,1.0,-1,-1,-1
407,7,582.00,132.00,27.00,74.00,1.0,-1,-1,-1
407,8,409.00,243.00,35.00,58.00,1.0,-1,-1,-1
407,9,0.00,0.00,0.00,0.00,1.0,-1,-1,-1
407,10,126.00,195.00,37.00,83.00,1.0,-1,-1,-1
407,11,600.00,220.00,20.00,79.00,1.0,-1,-1,-1
407,12,0.00,0.00,0.00,0.00,1.0,-1,-1,-1
407,13,0.00,0.00,0.00,0.00,1.0,-1,-1,-1
407,14,0.00,0.00,0.00,0.00,1.0,-1,-1,-1
407,15,626.00,196.00,22.00,45.00,1.0,-1,-1,-1
407,16,115.00,188.00,18.00,71.00,1.0,-1,-1,-1
407,17,477.00,173.00,27.00,47.00,1.0,-1,-1,-1
407,18,0.00,0.00,0.00,0.00,1.0,-1,-1,-1
407,19,466.00,183.00,23.00,37.00,1.0,-1,-1,-1
407,20,287.00,175.00,26.00,81.00,1.0,-1,-1,-1
407,21,199.00,198.00,22.00,70.00,1.0,-1,-1,-1
407,22,342.00,143.00,22.00,61.00,1.0,-1,-1,-1
407,23,258.00,185.00,26.00,78.00,1.0,-1,-1,-1
407,24,434.00,280.00,29.00,105.00,1.0,-1,-1,-1
407,25,257.00,185.00,27.00,78.00,1.0,-1,-1,-1
407,26,490.00,282.00,40.00,100.00,1.0,-1,-1,-1
407,27,582.00,132.00,27.00,74.00,1.0,-1,-1,-1
407,28,342.00,143.00,22.00,61.00,1.0,-1,-1,-1
407,29,464.00,231.00,26.00,92.00,1.0,-1,-1,-1
407,30,360.00,149.00,30.00,74.00,1.0,-1,-1,-1
407,31,408.00,243.00,36.00,58.00,1.0,-1,-1,-1
407,32,489.00,230.00,29.00,70.00,1.0,-1,-1,-1
407,33,575.00,219.00,32.00,91.00,1.0,-1,-1,-1
408,0,121.00,195.00,44.00,83.00,1.0,-1,-1,-1
408,1,0.00,0.00,0.00,0.00,1.0,-1,-1,-1
408,2,121.00,195.00,43.00,83.00,1.0,-1,-1,-1
408,3,671.00,112.00,20.00,67.00,1.0,-1,-1,-1
408,4,615.00,224.00,28.00,100.00,1.0,-1,-1,-1
408,5,0.00,0.00,0.00,0.00,1.0,-1,-1,-1
408,6,633.00,283.00,48.00,118.00,1.0,-1,-1,-1
408,7,581.00,131.00,27.00,75.00,1.0,-1,-1,-1
408,8,402.00,203.00,27.00,98.00,1.0,-1,-1,-1
408,9,0.00,0.00,0.00,0.00,1.0,-1,-1,-1
408,10,121.00,195.00,44.00,83.00,1.0,-1,-1,-1
408,11,598.00,219.00,22.00,80.00,1.0,-1,-1,-1
408,12,0.00,0.00,0.00,0.00,1.0,-1,-1,-1
408,13,0.00,0.00,0.00,0.00,1.0,-1,-1,-1
408,14,0.00,0.00,0.00,0.00,1.0,-1,-1,-1
408,15,622.00,196.00,23.00,45.00,1.0,-1,-1,-1
408,16,111.00,188.00,19.00,71.00,1.0,-1,-1,-1
408,17,477.00,169.00,26.00,52.00,1.0,-1,-1,-1
408,18,0.00,0.00,0.00,0.00,1.0,-1,-1,-1
408,19,468.00,184.00,24.00,56.00,1.0,-1,-1,-1
408,20,288.00,177.00,27.00,81.00,1.0,-1,-1,-1
408,21,197.00,198.00,21.00,70.00,1.0,-1,-1,-1
408,22,341.00,142.00,19.00,61.00,1.0,-1,-1,-1
408,23,255.00,184.00,26.00,76.00,1.0,-1,-1,-1
408,24,438.00,284.00,30.00,103.00,1.0,-1,-1,-1
408,25,254.00,184.00,27.00,76.00,1.0,-1,-1,-1
408,26,496.00,282.00,36.00,103.00,1.0,-1,-1,-1
408,27,581.00,131.00,27.00,75.00,1.0,-1,-1,-1
408,28,341.00,142.00,19.00,61.00,1.0,-1,-1,-1
408,29,462.00,229.00,25.00,90.00,1.0,-1,-1,-1
408,30,350.00,151.00,37.00,72.00,1.0,-1,-1,-1
408,31,402.00,196.00,41.00,105.00,1.0,-1,-1,-1
408,32,482.00,229.00,34.00,78.00,1.0,-1,-1,-1
408,33,571.00,217.00,31.00,88.00,1.0,-1,-1,-1
409,0,119.00,195.00,39.00,82.00,1.0,-1,-1,-1
409,1,0.00,0.00,0.00,0.00,1.0,-1,-1,-1
409,2,119.00,195.00,39.00,82.00,1.0,-1,-1,-1
409,3,672.00,113.00,19.00,66.00,1.0,-1,-1,-1
409,4,612.00,226.00,28.00,99.00,1.0,-1,-1,-1
409,5,0.00,0.00,0.00,0.00,1.0,-1,-1,-1
409,6,634.00,280.00,44.00,119.00,1.0,-1,-1,-1
409,7,581.00,131.00,26.00,75.00,1.0,-1,-1,-1
409,8,400.00,194.00,29.00,107.00,1.0,-1,-1,-1
409,9,0.00,0.00,0.00,0.00,1.0,-1,-1,-1
409,10,119.00,195.00,39.00,82.00,1.0,-1,-1,-1
409,11,595.00,217.00,20.00,66.00,1.0,-1,-1,-1
409,12,0.00,0.00,0.00,0.00,1.0,-1,-1,-1
409,13,0.00,0.00,0.00,0.00,1.0,-1,-1,-1
409,14,0.00,0.00,0.00,0.00,1.0,-1,-1,-1
409,15,618.00,193.00,23.00,48.00,1.0,-1,-1,-1
409,16,108.00,188.00,16.00,71.00,1.0,-1,-1,-1
409,17,474.00,169.00,25.00,41.00,1.0,-1,-1,-1
409,18,0.00,0.00,0.00,0.00,1.0,-1,-1,-1
409,19,476.00,182.00,17.00,43.00,1.0,-1,-1,-1
409,20,290.00,179.00,27.00,83.00,1.0,-1,-1,-1
409,21,193.00,198.00,23.00,70.00,1.0,-1,-1,-1
409,22,336.00,143.00,20.00,59.00,1.0,-1,-1,-1
409,23,250.00,183.00,29.00,77.00,1.0,-1,-1,-1
409,24,443.00,288.00,34.00,105.00,1.0,-1,-1,-1
409,25,250.00,183.00,28.00,77.00,1.0,-1,-1,-1
409,26,503.00,284.00,32.00,100.00,1.0,-1,-1,-1
409,27,581.00,131.00,26.00,75.00,1.0,-1,-1,-1
409,28,336.00,143.00,20.00,59.00,1.0,-1,-1,-1
409,29,457.00,228.00,28.00,91.00,1.0,-1,-1,-1
409,30,349.00,152.00,36.00,73.00,1.0,-1,-1,-1
409,31,399.00,194.00,30.00,107.00,1.0,-1,-1,-1
409,32,478.00,229.00,36.00,91.00,1.0,-1,-1,-1
409,33,567.00,216.00,30.00,88.00,1.0,-1,-1,-1
410,0,108.00,190.00,27.00,83.00,1.0,-1,-1,-1
410,1,0.00,0.00,0.00,0.00,1.0,-1,-1,-1
410,2,109.00,190.00,27.00,83.00,1.0,-1,-1,-1
410,3,675.00,110.00,22.00,62.00,1.0,-1,-1,-1
410,4,604.00,223.00,31.00,94.00,1.0,-1,-1,-1
410,5,0.00,0.00,0.00,0.00,1.0,-1,-1,-1
410,6,619.00,274.00,46.00,114.00,1.0,-1,-1,-1
410,7,582.00,129.00,25.00,74.00,1.0,-1,-1,-1
410,8,386.00,194.00,30.00,109.00,1.0,-1,-1,-1
410,9,0.00,0.00,0.00,0.00,1.0,-1,-1,-1
410,10,108.00,190.00,27.00,83.00,1.0,-1,-1,-1
410,11,583.00,214.00,25.00,34.00,1.0,-1,-1,-1
410,12,0.00,0.00,0.00,0.00,1.0,-1,-1,-1
410,13,0.00,0.00,0.00,0.00,1.0,-1,-1,-1
410,14,0.00,0.00,0.00,0.00,1.0,-1,-1,-1
410,15,607.00,194.00,25.00,43.00,1.0,-1,-1,-1
410,16,100.00,190.00,12.00,68.00,1.0,-1,-1,-1
410,17,468.00,168.00,20.00,38.00,1.0,-1,-1,-1
410,18,0.00,0.00,0.00,0.00,1.0,-1,-1,-1
410,19,474.00,185.00,26.00,51.00,1.0,-1,-1,-1
410,20,292.00,179.00,27.00,84.00,1.0,-1,-1,-1
410,21,187.00,198.00,27.00,69.00,1.0,-1,-1,-1
410,22,328.00,143.00,20.00,57.00,1.0,-1,-1,-1
410,23,240.00,184.00,33.00,75.00,1.0,-1,-1,-1
410,24,450.00,294.00,34.00,103.00,1.0,-1,-1,-1
410,25,240.00,184.00,33.00,75.00,1.0,-1,-1,-1
410,26,511.00,285.00,40.00,99.00,1.0,-1,-1,-1
410,27,582.00,129.00,25.00,74.00,1.0,-1,-1,-1
410,28,328.00,143.00,20.00,57.00,1.0,-1,-1,-1
410,29,450.00,228.00,28.00,82.00,1.0,-1,-1,-1
410,30,345.00,151.00,23.00,75.00,1.0,-1,-1,-1
410,31,385.00,193.00,34.00,110.00,1.0,-1,-1,-1
410,32,474.00,227.00,35.00,114.00,1.0,-1,-1,-1
410,33,548.00,216.00,40.00,83.00,1.0,-1,-1,-1
411,0,100.00,190.00,33.00,83.00,1.0,-1,-1,-1
411,1,0.00,0.00,0.00,0.00,1.0,-1,-1,-1
411,2,99.00,190.00,34.00,83.00,1.0,-1,-1,-1
411,3,675.00,109.00,24.00,65.00,1.0,-1,-1,-1
411,4,600.00,221.00,34.00,96.00,1.0,-1,-1,-1
411,5,0.00,0.00,0.00,0.00,1.0,-1,-1,-1
411,6,614.00,273.00,46.00,115.00,1.0,-1,-1,-1
411,7,583.00,128.00,24.00,72.00,1.0,-1,-1,-1
411,8,364.00,210.00,52.00,92.00,1.0,-1,-1,-1
411,9,0.00,0.00,0.00,0.00,1.0,-1,-1,-1
411,10,100.00,190.00,33.00,83.00,1.0,-1,-1,-1
411,11,578.00,214.00,19.00,27.00,1.0,-1,-1,-1
411,12,0.00,0.00,0.00,0.00,1.0,-1,-1,-1
411,13,0.00,0.00,0.00,0.00,1.0,-1,-1,-1
411,14,0.00,0.00,0.00,0.00,1.0,-1,-1,-1
411,15,603.00,194.00,23.00,39.00,1.0,-1,-1,-1
411,16,96.00,189.00,13.00,70.00,1.0,-1,-1,-1
411,17,460.00,166.00,27.00,74.00,1.0,-1,-1,-1
411,18,0.00,0.00,0.00,0.00,1.0,-1,-1,-1
411,19,476.00,188.00,28.00,53.00,1.0,-1,-1,-1
411,20,294.00,180.00,27.00,83.00,1.0,-1,-1,-1
411,21,182.00,196.00,26.00,70.00,1.0,-1,-1,-1
411,22,322.00,141.00,19.00,58.00,1.0,-1,-1,-1
411,23,239.00,184.00,32.00,74.00,1.0,-1,-1,-1
411,24,455.00,293.00,33.00,104.00,1.0,-1,-1,-1
411,25,239.00,183.00,32.00,75.00,1.0,-1,-1,-1
411,26,515.00,288.00,46.00,98.00,1.0,-1,-1,-1
411,27,583.00,127.00,24.00,73.00,1.0,-1,-1,-1
411,28,322.00,142.00,20.00,58.00,1.0,-1,-1,-1
411,29,448.00,227.00,26.00,84.00,1.0,-1,-1,-1
411,30,339.00,151.00,25.00,77.00,1.0,-1,-1,-1
411,31,395.00,194.00,23.00,89.00,1.0,-1,-1,-1
411,32,474.00,231.00,22.00,57.00,1.0,-1,-1,-1
411,33,548.00,214.00,31.00,84.00,1.0,-1,-1,-1
412,0,89.00,188.00,34.00,83.00,1.0,-1,-1,-1
412,1,0.00,0.00,0.00,0.00,1.0,-1,-1,-1
412,2,89.00,188.00,36.00,83.00,1.0,-1,-1,-1
412,3,677.00,109.00,25.00,65.00,1.0,-1,-1,-1
412,4,596.00,218.00,42.00,98.00,1.0,-1,-1,-1
412,5,0.00,0.00,0.00,0.00,1.0,-1,-1,-1
412,6,605.00,270.00,45.00,116.00,1.0,-1,-1,-1
412,7,583.00,126.00,25.00,72.00,1.0,-1,-1,-1
412,8,360.00,209.00,48.00,91.00,1.0,-1,-1,-1
412,9,0.00,0.00,0.00,0.00,1.0,-1,-1,-1
412,10,89.00,188.00,34.00,83.00,1.0,-1,-1,-1
412,11,567.00,212.00,19.00,25.00,1.0,-1,-1,-1
412,12,0.00,0.00,0.00,0.00,1.0,-1,-1,-1
412,13,0.00,0.00,0.00,0.00,1.0,-1,-1,-1
412,14,0.00,0.00,0.00,0.00,1.0,-1,-1,-1
412,15,592.00,191.00,21.00,85.00,1.0,-1,-1,-1
412,16,89.00,188.00,15.00,55.00,1.0,-1,-1,-1
412,17,456.00,164.00,27.00,77.00,1.0,-1,-1,-1
412,18,0.00,0.00,0.00,0.00,1.0,-1,-1,-1
412,19,479.00,188.00,32.00,76.00,1.0,-1,-1,-1
412,20,299.00,184.00,30.00,84.00,1.0,-1,-1,-1
412,21,175.00,195.00,23.00,71.00,1.0,-1,-1,-1
412,22,312.00,140.00,23.00,56.00,1.0,-1,-1,-1
412,23,230.00,182.00,27.00,76.00,1.0,-1,-1,-1
412,24,463.00,293.00,40.00,104.00,1.0,-1,-1,-1
412,25,230.00,182.00,27.00,76.00,1.0,-1,-1,-1
412,26,520.00,291.00,47.00,103.00,1.0,-1,-1,-1
412,27,583.00,126.00,24.00,72.00,1.0,-1,-1,-1
412,28,313.00,140.00,23.00,56.00,1.0,-1,-1,-1
412,29,443.00,224.00,24.00,87.00,1.0,-1,-1,-1
412,30,327.00,155.00,33.00,76.00,1.0,-1,-1,-1
412,31,383.00,192.00,32.00,89.00,1.0,-1,-1,-1
412,32,472.00,223.00,28.00,54.00,1.0,-1,-1,-1
412,33,539.00,208.00,27.00,90.00,1.0,-1,-1,-1
413,0,85.00,188.00,27.00,81.00,1.0,-1,-1,-1
413,1,0.00,0.00,0.00,0.00,1.0,-1,-1,-1
413,2,85.00,189.00,27.00,80.00,1.0,-1,-1,-1
413,3,679.00,108.00,23.00,65.00,1.0,-1,-1,-1
413,4,598.00,219.00,38.00,86.00,1.0,-1,-1,-1
413,5,0.00,0.00,0.00,0.00,1.0,-1,-1,-1
413,6,604.00,267.00,42.00,116.00,1.0,-1,-1,-1
413,7,583.00,126.00,24.00,67.00,1.0,-1,-1,-1
413,8,360.00,207.00,32.00,93.00,1.0,-1,-1,-1
413,9,0.00,0.00,0.00,0.00,1.0,-1,-1,-1
413,10,85.00,188.00,27.00,81.00,1.0,-1,-1,-1
413,11,562.00,210.00,20.00,24.00,1.0,-1,-1,-1
413,12,0.00,0.00,0.00,0.00,1.0,-1,-1,-1
413,13,0.00,0.00,0.00,0.00,1.0,-1,-1,-1
413,14,0.00,0.00,0.00,0.00,1.0,-1,-1,-1
413,15,590.00,192.00,19.00,34.00,1.0,-1,-1,-1
413,16,85.00,189.00,11.00,69.00,1.0,-1,-1,-1
413,17,453.00,164.00,26.00,75.00,1.0,-1,-1,-1
413,18,0.00,0.00,0.00,0.00,1.0,-1,-1,-1
413,19,480.00,189.00,30.00,78.00,1.0,-1,-1,-1
413,20,302.00,185.00,27.00,84.00,1.0,-1,-1,-1
413,21,171.00,195.00,26.00,71.00,1.0,-1,-1,-1
413,22,310.00,140.00,21.00,47.00,1.0,-1,-1,-1
413,23,225.00,181.00,28.00,77.00,1.0,-1,-1,-1
413,24,464.00,297.00,49.00,108.00,1.0,-1,-1,-1
413,25,226.00,182.00,27.00,76.00,1.0,-1,-1,-1
413,26,531.00,293.00,35.00,101.00,1.0,-1,-1,-1
413,27,583.00,126.00,24.00,67.00,1.0,-1,-1,-1
413,28,310.00,140.00,21.00,47.00,1.0,-1,-1,-1
413,29,441.00,222.00,23.00,89.00,1.0,-1,-1,-1
413,30,324.00,155.00,31.00,76.00,1.0,-1,-1,-1
413,31,377.00,191.00,31.00,88.00,1.0,-1,-1,-1
413,32,475.00,221.00,25.00,51.00,1.0,-1,-1,-1
413,33,536.00,208.00,26.00,85.00,1.0,-1,-1,-1
414,0,78.00,189.00,30.00,81.00,1.0,-1,-1,-1
414,1,0.00,0.00,0.00,0.00,1.0,-1,-1,-1
414,2,78.00,189.00,31.00,81.00,1.0,-1,-1,-1
414,3,682.00,108.00,19.00,63.00,1.0,-1,-1,-1
414,4,598.00,217.00,38.00,61.00,1.0,-1,-1,-1
414,5,0.00,0.00,0.00,0.00,1.0,-1,-1,-1
414,6,604.00,264.00,37.00,109.00,1.0,-1,-1,-1
414,7,583.00,125.00,25.00,68.00,1.0,-1,-1,-1
414,8,347.00,205.00,30.00,95.00,1.0,-1,-1,-1
414,9,0.00,0.00,0.00,0.00,1.0,-1,-1,-1
414,10,78.00,189.00,30.00,81.00,1.0,-1,-1,-1
414,11,558.00,210.00,24.00,65.00,1.0,-1,-1,-1
414,12,0.00,0.00,0.00,0.00,1.0,-1,-1,-1
414,13,0.00,0.00,0.00,0.00,1.0,-1,-1,-1
414,14,0.00,0.00,0.00,0.00,1.0,-1,-1,-1
414,15,585.00,192.00,24.00,48.00,1.0,-1,-1,-1
414,16,78.00,189.00,29.00,70.00,1.0,-1,-1,-1
414,17,449.00,165.00,27.00,72.00,1.0,-1,-1,-1
414,18,0.00,0.00,0.00,0.00,1.0,-1,-1,-1
414,19,478.00,192.00,28.00,78.00,1.0,-1,-1,-1
414,20,305.00,186.00,27.00,83.00,1.0,-1,-1,-1
414,21,168.00,194.00,27.00,68.00,1.0,-1,-1,-1
414,22,306.00,139.00,22.00,48.00,1.0,-1,-1,-1
414,23,222.00,182.00,28.00,76.00,1.0,-1,-1,-1
414,24,467.00,300.00,49.00,107.00,1.0,-1,-1,-1
414,25,223.00,182.00,27.00,76.00,1.0,-1,-1,-1
414,26,538.00,295.00,34.00,99.00,1.0,-1,-1,-1
414,27,584.00,125.00,24.00,69.00,1.0,-1,-1,-1
414,28,306.00,139.00,22.00,47.00,1.0,-1,-1,-1
414,29,439.00,224.00,20.00,86.00,1.0,-1,-1,-1
414,30,319.00,156.00,26.00,74.00,1.0,-1,-1,-1
414,31,372.00,191.00,31.00,89.00,1.0,-1,-1,-1
414,32,469.00,222.00,25.00,85.00,1.0,-1,-1,-1
414,33,529.00,205.00,28.00,90.00,1.0,-1,-1,-1
415,0,61.00,191.00,48.00,78.00,1.0,-1,-1,-1
415,1,0.00,0.00,0.00,0.00,1.0,-1,-1,-1
415,2,61.00,191.00,47.00,78.00,1.0,-1,-1,-1
415,3,684.00,105.00,17.00,65.00,1.0,-1,-1,-1
415,4,602.00,216.00,33.00,57.00,1.0,-1,-1,-1
415,5,0.00,0.00,0.00,0.00,1.0,-1,-1,-1
415,6,602.00,262.00,34.00,109.00,1.0,-1,-1,-1
415,7,584.00,123.00,24.00,69.00,1.0,-1,-1,-1
415,8,336.00,206.00,40.00,94.00,1.0,-1,-1,-1
415,9,0.00,0.00,0.00,0.00,1.0,-1,-1,-1
415,10,62.00,191.00,46.00,78.00,1.0,-1,-1,-1
415,11,553.00,210.00,24.00,85.00,1.0,-1,-1,-1
415,12,0.00,0.00,0.00,0.00,1.0,-1,-1,-1
415,13,0.00,0.00,0.00,0.00,1.0,-1,-1,-1
415,14,0.00,0.00,0.00,0.00,1.0,-1,-1,-1
415,15,580.00,193.00,26.00,78.00,1.0,-1,-1,-1
415,16,79.00,190.00,20.00,69.00,1.0,-1,-1,-1
415,17,444.00,165.00,28.00,77.00,1.0,-1,-1,-1
415,18,0.00,0.00,0.00,0.00,1.0,-1,-1,-1
415,19,477.00,194.00,27.00,77.00,1.0,-1,-1,-1
415,20,307.00,185.00,28.00,87.00,1.0,-1,-1,-1
415,21,165.00,194.00,22.00,60.00,1.0,-1,-1,-1
415,22,304.00,138.00,23.00,46.00,1.0,-1,-1,-1
415,23,219.00,182.00,28.00,75.00,1.0,-1,-1,-1
415,24,472.00,301.00,44.00,109.00,1.0,-1,-1,-1
415,25,219.00,182.00,28.00,75.00,1.0,-1,-1,-1
415,26,541.00,296.00,36.00,106.00,1.0,-1,-1,-1
415,27,584.00,123.00,24.00,70.00,1.0,-1,-1,-1
415,28,304.00,138.00,23.00,44.00,1.0,-1,-1,-1
415,29,435.00,244.00,17.00,60.00,1.0,-1,-1,-1
415,30,313.00,155.00,27.00,44.00,1.0,-1,-1,-1
415,31,369.00,191.00,31.00,89.00,1.0,-1,-1,-1
415,32,464.00,221.00,27.00,125.00,1.0,-1,-1,-1
415,33,523.00,206.00,28.00,86.00,1.0,-1,-1,-1
416,0,58.00,192.00,47.00,78.00,1.0,-1,-1,-1
416,1,0.00,0.00,0.00,0.00,1.0,-1,-1,-1
416,2,58.00,192.00,47.00,78.00,1.0,-1,-1,-1
416,3,686.00,105.00,16.00,65.00,1.0,-1,-1,-1
416,4,601.00,215.00,35.00,59.00,1.0,-1,-1,-1
416,5,0.00,0.00,0.00,0.00,1.0,-1,-1,-1
416,6,589.00,261.00,41.00,110.00,1.0,-1,-1,-1
416,7,584.00,122.00,25.00,71.00,1.0,-1,-1,-1
416,8,328.00,206.00,48.00,94.00,1.0,-1,-1,-1
416,9,0.00,0.00,0.00,0.00,1.0,-1,-1,-1
416,10,58.00,192.00,47.00,78.00,1.0,-1,-1,-1
416,11,549.00,209.00,25.00,85.00,1.0,-1,-1,-1
416,12,0.00,0.00,0.00,0.00,1.0,-1,-1,-1
416,13,0.00,0.00,0.00,0.00,1.0,-1,-1,-1
416,14,0.00,0.00,0.00,0.00,1.0,-1,-1,-1
416,15,576.00,191.00,25.00,83.00,1.0,-1,-1,-1
416,16,76.00,190.00,27.00,69.00,1.0,-1,-1,-1
416,17,440.00,163.00,28.00,82.00,1.0,-1,-1,-1
416,18,0.00,0.00,0.00,0.00,1.0,-1,-1,-1
416,19,476.00,195.00,25.00,78.00,1.0,-1,-1,-1
416,20,310.00,187.00,26.00,88.00,1.0,-1,-1,-1
416,21,162.00,193.00,20.00,60.00,1.0,-1,-1,-1
416,22,302.00,137.00,20.00,44.00,1.0,-1,-1,-1
416,23,214.00,181.00,27.00,74.00,1.0,-1,-1,-1
416,24,480.00,302.00,40.00,107.00,1.0,-1,-1,-1
416,25,215.00,181.00,26.00,74.00,1.0,-1,-1,-1
416,26,545.00,298.00,38.00,105.00,1.0,-1,-1,-1
416,27,584.00,122.00,25.00,71.00,1.0,-1,-1,-1
416,28,302.00,137.00,20.00,41.00,1.0,-1,-1,-1
416,29,433.00,244.00,16.00,45.00,1.0,-1,-1,-1
416,30,308.00,159.00,28.00,73.00,1.0,-1,-1,-1
416,31,367.00,191.00,30.00,89.00,1.0,-1,-1,-1
416,32,459.00,221.00,31.00,124.00,1.0,-1,-1,-1
416,33,519.00,209.00,26.00,83.00,1.0,-1,-1,-1
417,0,47.00,189.00,30.00,81.00,1.0,-1,-1,-1
417,1,0.00,0.00,0.00,0.00,1.0,-1,-1,-1
417,2,47.00,189.00,27.00,81.00,1.0,-1,-1,-1
417,3,687.00,107.00,21.00,63.00,1.0,-1,-1,-1
417,4,601.00,213.00,34.00,90.00,1.0,-1,-1,-1
417,5,0.00,0.00,0.00,0.00,1.0,-1,-1,-1
417,6,583.00,256.00,40.00,110.00,1.0,-1,-1,-1
417,7,586.00,122.00,23.00,71.00,1.0,-1,-1,-1
417,8,324.00,204.00,32.00,91.00,1.0,-1,-1,-1
417,9,0.00,0.00,0.00,0.00,1.0,-1,-1,-1
417,10,47.00,189.00,27.00,81.00,1.0,-1,-1,-1
417,11,542.00,206.00,22.00,83.00,1.0,-1,-1,-1
417,12,0.00,0.00,0.00,0.00,1.0,-1,-1,-1
417,13,0.00,0.00,0.00,0.00,1.0,-1,-1,-1
417,14,0.00,0.00,0.00,0.00,1.0,-1,-1,-1
417,15,568.00,189.00,23.00,81.00,1.0,-1,-1,-1
417,16,65.00,190.00,21.00,69.00,1.0,-1,-1,-1
417,17,431.00,161.00,30.00,82.00,1.0,-1,-1,-1
417,18,0.00,0.00,0.00,0.00,1.0,-1,-1,-1
417,19,472.00,196.00,24.00,79.00,1.0,-1,-1,-1
417,20,314.00,192.00,27.00,77.00,1.0,-1,-1,-1
417,21,153.00,193.00,26.00,66.00,1.0,-1,-1,-1
417,22,292.00,136.00,23.00,53.00,1.0,-1,-1,-1
417,23,203.00,181.00,31.00,74.00,1.0,-1,-1,-1
417,24,498.00,304.00,31.00,116.00,1.0,-1,-1,-1
417,25,202.00,181.00,32.00,75.00,1.0,-1,-1,-1
417,26,556.00,302.00,34.00,107.00,1.0,-1,-1,-1
417,27,586.00,122.00,23.00,71.00,1.0,-1,-1,-1
417,28,292.00,137.00,23.00,51.00,1.0,-1,-1,-1
417,29,422.00,246.00,7.00,34.00,1.0,-1,-1,-1
417,30,294.00,162.00,31.00,72.00,1.0,-1,-1,-1
417,31,361.00,189.00,31.00,90.00,1.0,-1,-1,-1
417,32,450.00,218.00,32.00,88.00,1.0,-1,-1,-1
417,33,510.00,205.00,29.00,71.00,1.0,-1,-1,-1
418,0,31.00,191.00,39.00,78.00,1.0,-1,-1,-1
418,1,0.00,0.00,0.00,0.00,1.0,-1,-1,-1
418,2,32.00,191.00,38.00,78.00,1.0,-1,-1,-1
418,3,688.00,107.00,21.00,61.00,1.0,-1,-1,-1
418,4,600.00,209.00,33.00,95.00,1.0,-1,-1,-1
418,5,0.00,0.00,0.00,0.00,1.0,-1,-1,-1
418,6,566.00,251.00,45.00,68.00,1.0,-1,-1,-1
418,7,589.00,120.00,24.00,67.00,1.0,-1,-1,-1
418,8,306.00,202.00,36.00,93.00,1.0,-1,-1,-1
418,9,0.00,0.00,0.00,0.00,1.0,-1,-1,-1
418,10,32.00,191.00,38.00,78.00,1.0,-1,-1,-1
418,11,534.00,204.00,20.00,84.00,1.0,-1,-1,-1
418,12,0.00,0.00,0.00,0.00,1.0,-1,-1,-1
418,13,0.00,0.00,0.00,0.00,1.0,-1,-1,-1
418,14,0.00,0.00,0.00,0.00,1.0,-1,-1,-1
418,15,560.00,189.00,24.00,81.00,1.0,-1,-1,-1
418,16,56.00,190.00,29.00,68.00,1.0,-1,-1,-1
418,17,431.00,161.00,26.00,43.00,1.0,-1,-1,-1
418,18,0.00,0.00,0.00,0.00,1.0,-1,-1,-1
418,19,465.00,200.00,27.00,75.00,1.0,-1,-1,-1
418,20,324.00,192.00,24.00,85.00,1.0,-1,-1,-1
418,21,141.00,192.00,35.00,67.00,1.0,-1,-1,-1
418,22,285.00,138.00,20.00,28.00,1.0,-1,-1,-1
418,23,197.00,181.00,33.00,74.00,1.0,-1,-1,-1
418,24,502.00,312.00,38.00,115.00,1.0,-1,-1,-1
418,25,197.00,181.00,33.00,74.00,1.0,-1,-1,-1
418,26,565.00,306.00,37.00,103.00,1.0,-1,-1,-1
418,27,589.00,119.00,24.00,69.00,1.0,-1,-1,-1
418,28,285.00,138.00,20.00,28.00,1.0,-1,-1,-1
418,29,421.00,244.00,30.00,57.00,1.0,-1,-1,-1
418,30,289.00,162.00,26.00,73.00,1.0,-1,-1,-1
418,31,358.00,190.00,29.00,83.00,1.0,-1,-1,-1
418,32,443.00,217.00,32.00,89.00,1.0,-1,-1,-1
418,33,496.00,206.00,37.00,84.00,1.0,-1,-1,-1
419,0,29.00,190.00,37.00,79.00,1.0,-1,-1,-1
419,1,0.00,0.00,0.00,0.00,1.0,-1,-1,-1
419,2,29.00,190.00,36.00,79.00,1.0,-1,-1,-1
419,3,690.00,107.00,21.00,60.00,1.0,-1,-1,-1
419,4,600.00,208.00,33.00,93.00,1.0,-1,-1,-1
419,5,0.00,0.00,0.00,0.00,1.0,-1,-1,-1
419,6,562.00,250.00,45.00,66.00,1.0,-1,-1,-1
419,7,590.00,118.00,24.00,69.00,1.0,-1,-1,-1
419,8,295.00,203.00,47.00,91.00,1.0,-1,-1,-1
419,9,0.00,0.00,0.00,0.00,1.0,-1,-1,-1
419,10,29.00,190.00,37.00,79.00,1.0,-1,-1,-1
419,11,529.00,205.00,24.00,83.00,1.0,-1,-1,-1
419,12,0.00,0.00,0.00,0.00,1.0,-1,-1,-1
419,13,0.00,0.00,0.00,0.00,1.0,-1,-1,-1
419,14,0.00,0.00,0.00,0.00,1.0,-1,-1,-1
419,15,556.00,190.00,25.00,80.00,1.0,-1,-1,-1
419,16,51.00,190.00,32.00,67.00,1.0,-1,-1,-1
419,17,431.00,160.00,19.00,44.00,1.0,-1,-1,-1
419,18,0.00,0.00,0.00,0.00,1.0,-1,-1,-1
419,19,461.00,201.00,26.00,76.00,1.0,-1,-1,-1
419,20,325.00,193.00,31.00,88.00,1.0,-1,-1,-1
419,21,138.00,191.00,33.00,69.00,1.0,-1,-1,-1
419,22,281.00,136.00,19.00,35.00,1.0,-1,-1,-1
419,23,192.00,181.00,30.00,74.00,1.0,-1,-1,-1
419,24,506.00,314.00,40.00,113.00,1.0,-1,-1,-1
419,25,192.00,181.00,30.00,74.00,1.0,-1,-1,-1
419,26,568.00,309.00,46.00,102.00,1.0,-1,-1,-1
419,27,590.00,118.00,23.00,69.00,1.0,-1,-1,-1
419,28,281.00,136.00,20.00,35.00,1.0,-1,-1,-1
419,29,413.00,243.00,37.00,56.00,1.0,-1,-1,-1
419,30,285.00,162.00,24.00,75.00,1.0,-1,-1,-1
419,31,354.00,194.00,31.00,79.00,1.0,-1,-1,-1
419,32,441.00,217.00,31.00,89.00,1.0,-1,-1,-1
419,33,492.00,204.00,38.00,83.00,1.0,-1,-1,-1
420,0,24.00,188.00,30.00,76.00,1.0,-1,-1,-1
420,1,0.00,0.00,0.00,0.00,1.0,-1,-1,-1
420,2,24.00,188.00,30.00,76.00,1.0,-1,-1,-1
420,3,694.00,107.00,18.00,59.00,1.0,-1,-1,-1
420,4,600.00,208.00,35.00,87.00,1.0,-1,-1,-1
420,5,0.00,0.00,0.00,0.00,1.0,-1,-1,-1
420,6,559.00,249.00,44.00,120.00,1.0,-1,-1,-1
420,7,591.00,117.00,25.00,70.00,1.0,-1,-1,-1
420,8,295.00,202.00,44.00,91.00,1.0,-1,-1,-1
420,9,0.00,0.00,0.00,0.00,1.0,-1,-1,-1
420,10,23.00,188.00,29.00,76.00,1.0,-1,-1,-1
420,11,523.00,203.00,28.00,84.00,1.0,-1,-1,-1
420,12,0.00,0.00,0.00,0.00,1.0,-1,-1,-1
420,13,0.00,0.00,0.00,0.00,1.0,-1,-1,-1
420,14,0.00,0.00,0.00,0.00,1.0,-1,-1,-1
420,15,552.00,189.00,24.00,75.00,1.0,-1,-1,-1
420,16,49.00,190.00,28.00,68.00,1.0,-1,-1,-1
420,17,423.00,163.00,25.00,41.00,1.0,-1,-1,-1
420,18,0.00,0.00,0.00,0.00,1.0,-1,-1,-1
420,19,457.00,201.00,26.00,77.00,1.0,-1,-1,-1
420,20,326.00,196.00,36.00,97.00,1.0,-1,-1,-1
420,21,138.00,191.00,26.00,69.00,1.0,-1,-1,-1
420,22,277.00,136.00,20.00,35.00,1.0,-1,-1,-1
420,23,188.00,180.00,25.00,75.00,1.0,-1,-1,-1
420,24,515.00,312.00,35.00,114.00,1.0,-1,-1,-1
420,25,188.00,180.00,25.00,75.00,1.0,-1,-1,-1
420,26,574.00,310.00,50.00,104.00,1.0,-1,-1,-1
420,27,591.00,117.00,25.00,70.00,1.0,-1,-1,-1
420,28,276.00,136.00,21.00,35.00,1.0,-1,-1,-1
420,29,408.00,243.00,32.00,53.00,1.0,-1,-1,-1
420,30,280.00,162.00,25.00,77.00,1.0,-1,-1,-1
420,31,352.00,190.00,30.00,83.00,1.0,-1,-1,-1
420,32,439.00,216.00,31.00,89.00,1.0,-1,-1,-1
420,33,490.00,204.00,37.00,82.00,1.0,-1,-1,-1
421,0,18.00,187.00,26.00,78.00,1.0,-1,-1,-1
421,1,0.00,0.00,0.00,0.00,1.0,-1,-1,-1
421,2,18.00,187.00,26.00,78.00,1.0,-1,-1,-1
421,3,699.00,106.00,14.00,60.00,1.0,-1,-1,-1
421,4,601.00,206.00,36.00,88.00,1.0,-1,-1,-1
421,5,0.00,0.00,0.00,0.00,1.0,-1,-1,-1
421,6,556.00,246.00,43.00,103.00,1.0,-1,-1,-1
421,7,592.00,118.00,25.00,69.00,1.0,-1,-1,-1
421,8,295.00,201.00,36.00,89.00,1.0,-1,-1,-1
421,9,0.00,0.00,0.00,0.00,1.0,-1,-1,-1
421,10,18.00,187.00,26.00,78.00,1.0,-1,-1,-1
421,11,517.00,202.00,27.00,86.00,1.0,-1,-1,-1
421,12,0.00,0.00,0.00,0.00,1.0,-1,-1,-1
421,13,0.00,0.00,0.00,0.00,1.0,-1,-1,-1
421,14,0.00,0.00,0.00,0.00,1.0,-1,-1,-1
421,15,551.00,188.00,23.00,74.00,1.0,-1,-1,-1
421,16,45.00,190.00,22.00,68.00,1.0,-1,-1,-1
421,17,418.00,158.00,26.00,45.00,1.0,-1,-1,-1
421,18,0.00,0.00,0.00,0.00,1.0,-1,-1,-1
421,19,456.00,202.00,24.00,83.00,1.0,-1,-1,-1
421,20,322.00,198.00,40.00,90.00,1.0,-1,-1,-1
421,21,136.00,191.00,26.00,68.00,1.0,-1,-1,-1
421,22,273.00,136.00,20.00,34.00,1.0,-1,-1,-1
421,23,184.00,180.00,25.00,74.00,1.0,-1,-1,-1
421,24,520.00,312.00,37.00,115.00,1.0,-1,-1,-1
421,25,183.00,180.00,26.00,74.00,1.0,-1,-1,-1
421,26,576.00,312.00,49.00,108.00,1.0,-1,-1,-1
421,27,592.00,117.00,25.00,70.00,1.0,-1,-1,-1
421,28,272.00,136.00,21.00,35.00,1.0,-1,-1,-1
421,29,405.00,225.00,24.00,70.00,1.0,-1,-1,-1
421,30,274.00,160.00,26.00,81.00,1.0,-1,-1,-1
421,31,351.00,195.00,29.00,77.00,1.0,-1,-1,-1
421,32,435.00,214.00,32.00,88.00,1.0,-1,-1,-1
421,33,489.00,201.00,29.00,85.00,1.0,-1,-1,-1
422,0,7.00,187.00,33.00,78.00,1.0,-1,-1,-1
422,1,0.00,0.00,0.00,0.00,1.0,-1,-1,-1
422,2,7.00,187.00,33.00,78.00,1.0,-1,-1,-1
422,3,699.00,107.00,17.00,59.00,1.0,-1,-1,-1
422,4,602.00,204.00,34.00,90.00,1.0,-1,-1,-1
422,5,0.00,0.00,0.00,0.00,1.0,-1,-1,-1
422,6,556.00,243.00,39.00,107.00,1.0,-1,-1,-1
422,7,592.00,117.00,26.00,69.00,1.0,-1,-1,-1
422,8,285.00,199.00,31.00,91.00,1.0,-1,-1,-1
422,9,0.00,0.00,0.00,0.00,1.0,-1,-1,-1
422,10,9.00,187.00,31.00,78.00,1.0,-1,-1,-1
422,11,514.00,200.00,22.00,84.00,1.0,-1,-1,-1
422,12,0.00,0.00,0.00,0.00,1.0,-1,-1,-1
422,13,0.00,0.00,0.00,0.00,1.0,-1,-1,-1
422,14,0.00,0.00,0.00,0.00,1.0,-1,-1,-1
422,15,547.00,188.00,25.00,85.00,1.0,-1,-1,-1
422,16,42.00,188.00,107.00,70.00,1.0,-1,-1,-1
422,17,414.00,155.00,27.00,48.00,1.0,-1,-1,-1
422,18,0.00,0.00,0.00,0.00,1.0,-1,-1,-1
422,19,453.00,205.00,26.00,83.00,1.0,-1,-1,-1
422,20,335.00,197.00,27.00,90.00,1.0,-1,-1,-1
422,21,134.00,191.00,27.00,68.00,1.0,-1,-1,-1
422,22,269.00,136.00,20.00,42.00,1.0,-1,-1,-1
422,23,180.00,181.00,27.00,74.00,1.0,-1,-1,-1
422,24,522.00,315.00,51.00,115.00,1.0,-1,-1,-1
422,25,180.00,181.00,27.00,74.00,1.0,-1,-1,-1
422,26,583.00,312.00,44.00,108.00,1.0,-1,-1,-1
422,27,592.00,117.00,26.00,69.00,1.0,-1,-1,-1
422,28,269.00,136.00,20.00,41.00,1.0,-1,-1,-1
422,29,402.00,210.00,22.00,85.00,1.0,-1,-1,-1
422,30,272.00,160.00,24.00,82.00,1.0,-1,-1,-1
422,31,353.00,193.00,24.00,78.00,1.0,-1,-1,-1
422,32,433.00,213.00,25.00,90.00,1.0,-1,-1,-1
422,33,487.00,201.00,29.00,78.00,1.0,-1,-1,-1
423,0,0.00,187.00,36.00,76.00,1.0,-1,-1,-1
423,1,0.00,0.00,0.00,0.00,1.0,-1,-1,-1
423,2,0.00,187.00,36.00,76.00,1.0,-1,-1,-1
423,3,700.00,110.00,19.00,58.00,1.0,-1,-1,-1
423,4,603.00,202.00,27.00,91.00,1.0,-1,-1,-1
423,5,0.00,0.00,0.00,0.00,1.0,-1,-1,-1
423,6,554.00,239.00,34.00,104.00,1.0,-1,-1,-1
423,7,594.00,115.00,23.00,67.00,1.0,-1,-1,-1
423,8,267.00,201.00,42.00,89.00,1.0,-1,-1,-1
423,9,0.00,0.00,0.00,0.00,1.0,-1,-1,-1
423,10,0.00,187.00,36.00,76.00,1.0,-1,-1,-1
423,11,505.00,200.00,24.00,82.00,1.0,-1,-1,-1
423,12,0.00,0.00,0.00,0.00,1.0,-1,-1,-1
423,13,0.00,0.00,0.00,0.00,1.0,-1,-1,-1
423,14,0.00,0.00,0.00,0.00,1.0,-1,-1,-1
423,15,542.00,188.00,26.00,79.00,1.0,-1,-1,-1
423,16,34.00,189.00,27.00,70.00,1.0,-1,-1,-1
423,17,407.00,157.00,20.00,50.00,1.0,-1,-1,-1
423,18,0.00,0.00,0.00,0.00,1.0,-1,-1,-1
423,19,451.00,208.00,26.00,85.00,1.0,-1,-1,-1
423,20,339.00,200.00,28.00,76.00,1.0,-1,-1,-1
423,21,126.00,189.00,25.00,66.00,1.0,-1,-1,-1
423,22,262.00,137.00,18.00,36.00,1.0,-1,-1,-1
423,23,170.00,180.00,26.00,74.00,1.0,-1,-1,-1
423,24,524.00,324.00,54.00,112.00,1.0,-1,-1,-1
423,25,169.00,180.00,26.00,74.00,1.0,-1,-1,-1
423,26,602.00,315.00,36.00,111.00,1.0,-1,-1,-1
423,27,595.00,115.00,22.00,67.00,1.0,-1,-1,-1
423,28,262.00,137.00,18.00,36.00,1.0,-1,-1,-1
423,29,397.00,208.00,26.00,88.00,1.0,-1,-1,-1
423,30,264.00,164.00,27.00,65.00,1.0,-1,-1,-1
423,31,340.00,193.00,26.00,74.00,1.0,-1,-1,-1
423,32,422.00,235.00,28.00,64.00,1.0,-1,-1,-1
423,33,481.00,200.00,26.00,85.00,1.0,-1,-1,-1
424,0,0.00,187.00,27.00,75.00,1.0,-1,-1,-1
424,1,0.00,0.00,0.00,0.00,1.0,-1,-1,-1
424,2,0.00,187.00,27.00,75.00,1.0,-1,-1,-1
424,3,702.00,110.00,21.00,58.00,1.0,-1,-1,-1
424,4,604.00,200.00,27.00,90.00,1.0,-1,-1,-1
424,5,0.00,0.00,0.00,0.00,1.0,-1,-1,-1
424,6,545.00,239.00,40.00,91.00,1.0,-1,-1,-1
424,7,595.00,114.00,21.00,67.00,1.0,-1,-1,-1
424,8,260.00,198.00,47.00,92.00,1.0,-1,-1,-1
424,9,0.00,0.00,0.00,0.00,1.0,-1,-1,-1
424,10,0.00,187.00,27.00,75.00,1.0,-1,-1,-1
424,11,501.00,199.00,26.00,83.00,1.0,-1,-1,-1
424,12,0.00,0.00,0.00,0.00,1.0,-1,-1,-1
424,13,0.00,0.00,0.00,0.00,1.0,-1,-1,-1
424,14,0.00,0.00,0.00,0.00,1.0,-1,-1,-1
424,15,536.00,188.00,30.00,77.00,1.0,-1,-1,-1
424,16,28.00,190.00,29.00,68.00,1.0,-1,-1,-1
424,17,403.00,156.00,23.00,53.00,1.0,-1,-1,-1
424,18,0.00,0.00,0.00,0.00,1.0,-1,-1,-1
424,19,450.00,209.00,23.00,84.00,1.0,-1,-1,-1
424,20,343.00,203.00,27.00,64.00,1.0,-1,-1,-1
424,21,124.00,188.00,24.00,67.00,1.0,-1,-1,-1
424,22,257.00,136.00,19.00,35.00,1.0,-1,-1,-1
424,23,166.00,180.00,26.00,74.00,1.0,-1,-1,-1
424,24,534.00,323.00,48.00,113.00,1.0,-1,-1,-1
424,25,166.00,180.00,26.00,74.00,1.0,-1,-1,-1
424,26,607.00,319.00,41.00,110.00,1.0,-1,-1,-1
424,27,595.00,114.00,21.00,67.00,1.0,-1,-1,-1
424,28,257.00,136.00,19.00,35.00,1.0,-1,-1,-1
424,29,394.00,207.00,21.00,85.00,1.0,-1,-1,-1
424,30,259.00,165.00,28.00,79.00,1.0,-1,-1,-1
424,31,336.00,191.00,25.00,56.00,1.0,-1,-1,-1
424,32,409.00,244.00,41.00,55.00,1.0,-1,-1,-1
424,33,478.00,199.00,26.00,87.00,1.0,-1,-1,-1
425,0,0.00,194.00,12.00,68.00,1.0,-1,-1,-1
425,1,0.00,0.00,0.00,0.00,1.0,-1,-1,-1
425,2,0.00,195.00,12.00,67.00,1.0,-1,-1,-1
425,3,702.00,111.00,22.00,59.00,1.0,-1,-1,-1
425,4,603.00,198.00,30.00,86.00,1.0,-1,-1,-1
425,5,0.00,0.00,0.00,0.00,1.0,-1,-1,-1
425,6,546.00,237.00,35.00,94.00,1.0,-1,-1,-1
425,7,596.00,114.00,21.00,67.00,1.0,-1,-1,-1
425,8,263.00,198.00,36.00,88.00,1.0,-1,-1,-1
425,9,0.00,0.00,0.00,0.00,1.0,-1,-1,-1
425,10,0.00,195.00,12.00,67.00,1.0,-1,-1,-1
425,11,498.00,197.00,26.00,83.00,1.0,-1,-1,-1
425,12,0.00,0.00,0.00,0.00,1.0,-1,-1,-1
425,13,0.00,0.00,0.00,0.00,1.0,-1,-1,-1
425,14,0.00,0.00,0.00,0.00,1.0,-1,-1,-1
425,15,533.00,188.00,30.00,77.00,1.0,-1,-1,-1
425,16,24.00,190.00,113.00,68.00,1.0,-1,-1,-1
425,17,398.00,155.00,27.00,57.00,1.0,-1,-1,-1
425,18,0.00,0.00,0.00,0.00,1.0,-1,-1,-1
425,19,451.00,210.00,21.00,82.00,1.0,-1,-1,-1
425,20,347.00,205.00,27.00,93.00,1.0,-1,-1,-1
425,21,122.00,188.00,24.00,67.00,1.0,-1,-1,-1
425,22,250.00,134.00,22.00,45.00,1.0,-1,-1,-1
425,23,158.00,180.00,30.00,74.00,1.0,-1,-1,-1
425,24,552.00,323.00,36.00,115.00,1.0,-1,-1,-1
425,25,159.00,180.00,29.00,74.00,1.0,-1,-1,-1
425,26,612.00,323.00,44.00,110.00,1.0,-1,-1,-1
425,27,596.00,114.00,21.00,67.00,1.0,-1,-1,-1
425,28,250.00,134.00,22.00,44.00,1.0,-1,-1,-1
425,29,390.00,206.00,23.00,83.00,1.0,-1,-1,-1
425,30,251.00,167.00,32.00,82.00,1.0,-1,-1,-1
425,31,331.00,183.00,27.00,79.00,1.0,-1,-1,-1
425,32,409.00,243.00,39.00,55.00,1.0,-1,-1,-1
425,33,474.00,199.00,26.00,87.00,1.0,-1,-1,-1
426,0,0.00,207.00,8.00,55.00,1.0,-1,-1,-1
426,1,0.00,0.00,0.00,0.00,1.0,-1,-1,-1
426,2,0.00,207.00,8.00,56.00,1.0,-1,-1,-1
426,3,701.00,111.00,24.00,64.00,1.0,-1,-1,-1
426,4,593.00,196.00,46.00,88.00,1.0,-1,-1,-1
426,5,0.00,0.00,0.00,0.00,1.0,-1,-1,-1
426,6,536.00,231.00,39.00,101.00,1.0,-1,-1,-1
426,7,597.00,113.00,21.00,66.00,1.0,-1,-1,-1
426,8,259.00,195.00,26.00,87.00,1.0,-1,-1,-1
426,9,0.00,0.00,0.00,0.00,1.0,-1,-1,-1
426,10,0.00,207.00,7.00,55.00,1.0,-1,-1,-1
426,11,489.00,194.00,26.00,81.00,1.0,-1,-1,-1
426,12,0.00,0.00,0.00,0.00,1.0,-1,-1,-1
426,13,0.00,0.00,0.00,0.00,1.0,-1,-1,-1
426,14,0.00,0.00,0.00,0.00,1.0,-1,-1,-1
426,15,532.00,186.00,25.00,79.00,1.0,-1,-1,-1
426,16,16.00,189.00,22.00,68.00,1.0,-1,-1,-1
426,17,393.00,153.00,27.00,61.00,1.0,-1,-1,-1
426,18,0.00,0.00,0.00,0.00,1.0,-1,-1,-1
426,19,463.00,214.00,29.00,86.00,1.0,-1,-1,-1
426,20,351.00,205.00,29.00,93.00,1.0,-1,-1,-1
426,21,118.00,189.00,26.00,65.00,1.0,-1,-1,-1
426,22,241.00,134.00,24.00,61.00,1.0,-1,-1,-1
426,23,153.00,180.00,31.00,74.00,1.0,-1,-1,-1
426,24,564.00,330.00,41.00,123.00,1.0,-1,-1,-1
426,25,153.00,180.00,31.00,74.00,1.0,-1,-1,-1
426,26,628.00,325.00,34.00,110.00,1.0,-1,-1,-1
426,27,596.00,113.00,22.00,66.00,1.0,-1,-1,-1
426,28,241.00,134.00,24.00,61.00,1.0,-1,-1,-1
426,29,385.00,202.00,25.00,85.00,1.0,-1,-1,-1
426,30,243.00,170.00,33.00,79.00,1.0,-1,-1,-1
426,31,326.00,192.00,26.00,56.00,1.0,-1,-1,-1
426,32,403.00,214.00,25.00,83.00,1.0,-1,-1,-1
426,33,468.00,198.00,24.00,84.00,1.0,-1,-1,-1
427,0,0.00,0.00,0.00,0.00,1.0,-1,-1,-1
427,1,0.00,0.00,0.00,0.00,1.0,-1,-1,-1
427,2,0.00,0.00,0.00,0.00,1.0,-1,-1,-1
427,3,701.00,114.00,23.00,63.00,1.0,-1,-1,-1
427,4,593.00,196.00,45.00,87.00,1.0,-1,-1,-1
427,5,0.00,0.00,0.00,0.00,1.0,-1,-1,-1
427,6,533.00,229.00,40.00,102.00,1.0,-1,-1,-1
427,7,597.00,113.00,21.00,65.00,1.0,-1,-1,-1
427,8,245.00,194.00,40.00,87.00,1.0,-1,-1,-1
427,9,0.00,0.00,0.00,0.00,1.0,-1,-1,-1
427,10,0.00,0.00,0.00,0.00,1.0,-1,-1,-1
427,11,481.00,193.00,29.00,81.00,1.0,-1,-1,-1
427,12,0.00,0.00,0.00,0.00,1.0,-1,-1,-1
427,13,0.00,0.00,0.00,0.00,1.0,-1,-1,-1
427,14,0.00,0.00,0.00,0.00,1.0,-1,-1,-1
427,15,529.00,186.00,25.00,76.00,1.0,-1,-1,-1
427,16,12.00,189.00,26.00,68.00,1.0,-1,-1,-1
427,17,390.00,154.00,26.00,54.00,1.0,-1,-1,-1
427,18,0.00,0.00,0.00,0.00,1.0,-1,-1,-1
427,19,460.00,205.00,21.00,72.00,1.0,-1,-1,-1
427,20,352.00,206.00,37.00,94.00,1.0,-1,-1,-1
427,21,115.00,188.00,27.00,65.00,1.0,-1,-1,-1
427,22,240.00,137.00,21.00,58.00,1.0,-1,-1,-1
427,23,149.00,180.00,26.00,74.00,1.0,-1,-1,-1
427,24,566.00,334.00,42.00,123.00,1.0,-1,-1,-1
427,25,149.00,180.00,26.00,74.00,1.0,-1,-1,-1
427,26,633.00,325.00,38.00,110.00,1.0,-1,-1,-1
427,27,597.00,113.00,21.00,65.00,1.0,-1,-1,-1
427,28,240.00,137.00,21.00,58.00,1.0,-1,-1,-1
427,29,382.00,203.00,24.00,85.00,1.0,-1,-1,-1
427,30,245.00,171.00,29.00,78.00,1.0,-1,-1,-1
427,31,322.00,189.00,27.00,54.00,1.0,-1,-1,-1
427,32,400.00,211.00,22.00,86.00,1.0,-1,-1,-1
427,33,459.00,196.00,17.00,33.00,1.0,-1,-1,-1
428,0,0.00,0.00,0.00,0.00,1.0,-1,-1,-1
428,1,0.00,0.00,0.00,0.00,1.0,-1,-1,-1
428,2,0.00,0.00,0.00,0.00,1.0,-1,-1,-1
428,3,700.00,113.00,22.00,64.00,1.0,-1,-1,-1
428,4,601.00,189.00,32.00,89.00,1.0,-1,-1,-1
428,5,0.00,0.00,0.00,0.00,1.0,-1,-1,-1
428,6,529.00,227.00,39.00,103.00,1.0,-1,-1,-1
428,7,597.00,112.00,21.00,66.00,1.0,-1,-1,-1
428,8,243.00,195.00,38.00,84.00,1.0,-1,-1,-1
428,9,0.00,0.00,0.00,0.00,1.0,-1,-1,-1
428,10,0.00,0.00,0.00,0.00,1.0,-1,-1,-1
428,11,476.00,193.00,28.00,80.00,1.0,-1,-1,-1
428,12,0.00,0.00,0.00,0.00,1.0,-1,-1,-1
428,13,0.00,0.00,0.00,0.00,1.0,-1,-1,-1
428,14,0.00,0.00,0.00,0.00,1.0,-1,-1,-1
428,15,524.00,185.00,24.00,83.00,1.0,-1,-1,-1
428,16,6.00,189.00,23.00,67.00,1.0,-1,-1,-1
428,17,383.00,152.00,26.00,57.00,1.0,-1,-1,-1
428,18,0.00,0.00,0.00,0.00,1.0,-1,-1,-1
428,19,459.00,216.00,28.00,87.00,1.0,-1,-1,-1
428,20,362.00,211.00,31.00,94.00,1.0,-1,-1,-1
428,21,107.00,187.00,21.00,66.00,1.0,-1,-1,-1
428,22,234.00,137.00,19.00,58.00,1.0,-1,-1,-1
428,23,142.00,180.00,26.00,74.00,1.0,-1,-1,-1
428,24,576.00,337.00,40.00,120.00,1.0,-1,-1,-1
428,25,142.00,180.00,26.00,74.00,1.0,-1,-1,-1
428,26,640.00,331.00,57.00,107.00,1.0,-1,-1,-1
428,27,597.00,112.00,21.00,65.00,1.0,-1,-1,-1
428,28,233.00,137.00,20.00,58.00,1.0,-1,-1,-1
428,29,382.00,202.00,14.00,68.00,1.0,-1,-1,-1
428,30,242.00,171.00,29.00,44.00,1.0,-1,-1,-1
428,31,313.00,188.00,28.00,55.00,1.0,-1,-1,-1
428,32,390.00,211.00,32.00,86.00,1.0,-1,-1,-1
428,33,448.00,194.00,26.00,55.00,1.0,-1,-1,-1
429,0,0.00,0.00,0.00,0.00,1.0,-1,-1,-1
429,1,0.00,0.00,0.00,0.00,1.0,-1,-1,-1
429,2,0.00,0.00,0.00,0.00,1.0,-1,-1,-1
429,3,697.00,114.00,22.00,66.00,1.0,-1,-1,-1
429,4,604.00,187.00,29.00,86.00,1.0,-1,-1,-1
429,5,0.00,0.00,0.00,0.00,1.0,-1,-1,-1
429,6,530.00,222.00,35.00,99.00,1.0,-1,-1,-1
429,7,597.00,113.00,20.00,64.00,1.0,-1,-1,-1
429,8,227.00,189.00,36.00,88.00,1.0,-1,-1,-1
429,9,0.00,0.00,0.00,0.00,1.0,-1,-1,-1
429,10,0.00,0.00,0.00,0.00,1.0,-1,-1,-1
429,11,463.00,192.00,25.00,36.00,1.0,-1,-1,-1
429,12,0.00,0.00,0.00,0.00,1.0,-1,-1,-1
429,13,0.00,0.00,0.00,0.00,1.0,-1,-1,-1
429,14,0.00,0.00,0.00,0.00,1.0,-1,-1,-1
429,15,509.00,186.00,33.00,80.00,1.0,-1,-1,-1
429,16,0.00,189.00,20.00,68.00,1.0,-1,-1,-1
429,17,377.00,150.00,26.00,72.00,1.0,-1,-1,-1
429,18,0.00,0.00,0.00,0.00,1.0,-1,-1,-1
429,19,465.00,220.00,30.00,92.00,1.0,-1,-1,-1
429,20,368.00,208.00,29.00,97.00,1.0,-1,-1,-1
429,21,100.00,188.00,26.00,64.00,1.0,-1,-1,-1
429,22,224.00,137.00,22.00,57.00,1.0,-1,-1,-1
429,23,136.00,179.00,25.00,74.00,1.0,-1,-1,-1
429,24,585.00,341.00,55.00,122.00,1.0,-1,-1,-1
429,25,136.00,179.00,25.00,74.00,1.0,-1,-1,-1
429,26,649.00,335.00,52.00,111.00,1.0,-1,-1,-1
429,27,597.00,113.00,21.00,64.00,1.0,-1,-1,-1
429,28,224.00,137.00,22.00,57.00,1.0,-1,-1,-1
429,29,375.00,199.00,14.00,14.00,1.0,-1,-1,-1
429,30,246.00,176.00,25.00,82.00,1.0,-1,-1,-1
429,31,303.00,182.00,32.00,60.00,1.0,-1,-1,-1
429,32,385.00,208.00,22.00,86.00,1.0,-1,-1,-1
429,33,444.00,196.00,26.00,64.00,1.0,-1,-1,-1
430,0,0.00,0.00,0.00,0.00,1.0,-1,-1,-1
430,1,0.00,0.00,0.00,0.00,1.0,-1,-1,-1
430,2,0.00,0.00,0.00,0.00,1.0,-1,-1,-1
430,3,696.00,116.00,22.00,65.00,1.0,-1,-1,-1
430,4,606.00,186.00,29.00,87.00,1.0,-1,-1,-1
430,5,0.00,0.00,0.00,0.00,1.0,-1,-1,-1
430,6,530.00,220.00,33.00,97.00,1.0,-1,-1,-1
430,7,596.00,113.00,21.00,61.00,1.0,-1,-1,-1
430,8,219.00,190.00,38.00,87.00,1.0,-1,-1,-1
430,9,0.00,0.00,0.00,0.00,1.0,-1,-1,-1
430,10,0.00,0.00,0.00,0.00,1.0,-1,-1,-1
430,11,459.00,190.00,25.00,61.00,1.0,-1,-1,-1
430,12,0.00,0.00,0.00,0.00,1.0,-1,-1,-1
430,13,0.00,0.00,0.00,0.00,1.0,-1,-1,-1
430,14,0.00,0.00,0.00,0.00,1.0,-1,-1,-1
430,15,506.00,187.00,33.00,80.00,1.0,-1,-1,-1
430,16,0.00,188.00,21.00,67.00,1.0,-1,-1,-1
430,17,375.00,150.00,25.00,70.00,1.0,-1,-1,-1
430,18,0.00,0.00,0.00,0.00,1.0,-1,-1,-1
430,19,468.00,225.00,28.00,90.00,1.0,-1,-1,-1
430,20,371.00,209.00,30.00,102.00,1.0,-1,-1,-1
430,21,97.00,187.00,26.00,65.00,1.0,-1,-1,-1
430,22,220.00,138.00,25.00,56.00,1.0,-1,-1,-1
430,23,132.00,178.00,27.00,72.00,1.0,-1,-1,-1
430,24,589.00,345.00,58.00,122.00,1.0,-1,-1,-1
430,25,132.00,178.00,26.00,72.00,1.0,-1,-1,-1
430,26,665.00,335.00,40.00,112.00,1.0,-1,-1,-1
430,27,595.00,113.00,22.00,61.00,1.0,-1,-1,-1
430,28,220.00,138.00,25.00,57.00,1.0,-1,-1,-1
430,29,372.00,199.00,15.00,34.00,1.0,-1,-1,-1
430,30,243.00,177.00,27.00,81.00,1.0,-1,-1,-1
430,31,299.00,188.00,31.00,54.00,1.0,-1,-1,-1
430,32,373.00,201.00,15.00,31.00,1.0,-1,-1,-1
430,33,441.00,194.00,28.00,79.00,1.0,-1,-1,-1
431,0,0.00,0.00,0.00,0.00,1.0,-1,-1,-1
431,1,0.00,0.00,0.00,0.00,1.0,-1,-1,-1
431,2,0.00,0.00,0.00,0.00,1.0,-1,-1,-1
431,3,694.00,116.00,22.00,66.00,1.0,-1,-1,-1
431,4,607.00,186.00,30.00,86.00,1.0,-1,-1,-1
431,5,0.00,0.00,0.00,0.00,1.0,-1,-1,-1
431,6,529.00,219.00,32.00,99.00,1.0,-1,-1,-1
431,7,592.00,114.00,22.00,61.00,1.0,-1,-1,-1
431,8,214.00,190.00,42.00,87.00,1.0,-1,-1,-1
431,9,0.00,0.00,0.00,0.00,1.0,-1,-1,-1
431,10,0.00,0.00,0.00,0.00,1.0,-1,-1,-1
431,11,457.00,191.00,23.00,71.00,1.0,-1,-1,-1
431,12,0.00,0.00,0.00,0.00,1.0,-1,-1,-1
431,13,0.00,0.00,0.00,0.00,1.0,-1,-1,-1
431,14,0.00,0.00,0.00,0.00,1.0,-1,-1,-1
431,15,506.00,186.00,28.00,81.00,1.0,-1,-1,-1
431,16,0.00,196.00,19.00,60.00,1.0,-1,-1,-1
431,17,372.00,151.00,24.00,66.00,1.0,-1,-1,-1
431,18,0.00,0.00,0.00,0.00,1.0,-1,-1,-1
431,19,471.00,225.00,29.00,89.00,1.0,-1,-1,-1
431,20,374.00,216.00,29.00,97.00,1.0,-1,-1,-1
431,21,98.00,186.00,20.00,64.00,1.0,-1,-1,-1
431,22,218.00,138.00,26.00,59.00,1.0,-1,-1,-1
431,23,129.00,178.00,26.00,72.00,1.0,-1,-1,-1
431,24,591.00,347.00,56.00,123.00,1.0,-1,-1,-1
431,25,129.00,178.00,26.00,72.00,1.0,-1,-1,-1
431,26,675.00,337.00,36.00,114.00,1.0,-1,-1,-1
431,27,592.00,114.00,22.00,61.00,1.0,-1,-1,-1
431,28,218.00,138.00,26.00,59.00,1.0,-1,-1,-1
431,29,367.00,200.00,17.00,88.00,1.0,-1,-1,-1
431,30,242.00,178.00,29.00,80.00,1.0,-1,-1,-1
431,31,296.00,188.00,26.00,55.00,1.0,-1,-1,-1
431,32,362.00,205.00,22.00,88.00,1.0,-1,-1,-1
431,33,436.00,193.00,23.00,80.00,1.0,-1,-1,-1
432,0,0.00,0.00,0.00,0.00,1.0,-1,-1,-1
432,1,0.00,0.00,0.00,0.00,1.0,-1,-1,-1
432,2,0.00,0.00,0.00,0.00,1.0,-1,-1,-1
432,3,692.00,117.00,19.00,65.00,1.0,-1,-1,-1
432,4,608.00,181.00,28.00,88.00,1.0,-1,-1,-1
432,5,0.00,0.00,0.00,0.00,1.0,-1,-1,-1
432,6,523.00,216.00,34.00,98.00,1.0,-1,-1,-1
432,7,588.00,113.00,22.00,64.00,1.0,-1,-1,-1
432,8,212.00,187.00,26.00,85.00,1.0,-1,-1,-1
432,9,0.00,0.00,0.00,0.00,1.0,-1,-1,-1
432,10,0.00,0.00,0.00,0.00,1.0,-1,-1,-1
432,11,447.00,189.00,29.00,80.00,1.0,-1,-1,-1
432,12,0.00,0.00,0.00,0.00,1.0,-1,-1,-1
432,13,0.00,0.00,0.00,0.00,1.0,-1,-1,-1
432,14,0.00,0.00,0.00,0.00,1.0,-1,-1,-1
432,15,503.00,186.00,24.00,80.00,1.0,-1,-1,-1
432,16,0.00,238.00,9.00,16.00,1.0,-1,-1,-1
432,17,361.00,150.00,31.00,71.00,1.0,-1,-1,-1
432,18,0.00,0.00,0.00,0.00,1.0,-1,-1,-1
432,19,479.00,228.00,27.00,94.00,1.0,-1,-1,-1
432,20,380.00,219.00,24.00,98.00,1.0,-1,-1,-1
432,21,94.00,184.00,20.00,65.00,1.0,-1,-1,-1
432,22,210.00,138.00,23.00,56.00,1.0,-1,-1,-1
432,23,122.00,179.00,30.00,70.00,1.0,-1,-1,-1
432,24,619.00,348.00,40.00,122.00,1.0,-1,-1,-1
432,25,122.00,179.00,30.00,70.00,1.0,-1,-1,-1
432,26,683.00,344.00,48.00,116.00,1.0,-1,-1,-1
432,27,588.00,112.00,22.00,65.00,1.0,-1,-1,-1
432,28,210.00,138.00,23.00,56.00,1.0,-1,-1,-1
432,29,364.00,201.00,17.00,41.00,1.0,-1,-1,-1
432,30,242.00,178.00,28.00,85.00,1.0,-1,-1,-1
432,31,288.00,186.00,25.00,54.00,1.0,-1,-1,-1
432,32,348.00,207.00,38.00,86.00,1.0,-1,-1,-1
432,33,432.00,193.00,14.00,81.00,1.0,-1,-1,-1
433,0,0.00,0.00,0.00,0.00,1.0,-1,-1,-1
433,1,0.00,0.00,0.00,0.00,1.0,-1,-1,-1
433,2,0.00,0.00,0.00,0.00,1.0,-1,-1,-1
433,3,688.00,118.00,21.00,65.00,1.0,-1,-1,-1
433,4,608.00,181.00,28.00,83.00,1.0,-1,-1,-1
433,5,0.00,0.00,0.00,0.00,1.0,-1,-1,-1
433,6,520.00,213.00,35.00,95.00,1.0,-1,-1,-1
433,7,586.00,115.00,21.00,62.00,1.0,-1,-1,-1
433,8,211.00,187.00,25.00,84.00,1.0,-1,-1,-1
433,9,0.00,0.00,0.00,0.00,1.0,-1,-1,-1
433,10,0.00,0.00,0.00,0.00,1.0,-1,-1,-1
433,11,444.00,188.00,21.00,78.00,1.0,-1,-1,-1
433,12,0.00,0.00,0.00,0.00,1.0,-1,-1,-1
433,13,0.00,0.00,0.00,0.00,1.0,-1,-1,-1
433,14,0.00,0.00,0.00,0.00,1.0,-1,-1,-1
433,15,500.00,187.00,23.00,77.00,1.0,-1,-1,-1
433,16,0.00,240.00,11.00,13.00,1.0,-1,-1,-1
433,17,357.00,149.00,27.00,69.00,1.0,-1,-1,-1
433,18,0.00,0.00,0.00,0.00,1.0,-1,-1,-1
433,19,481.00,231.00,29.00,92.00,1.0,-1,-1,-1
433,20,382.00,215.00,31.00,102.00,1.0,-1,-1,-1
433,21,90.00,184.00,22.00,64.00,1.0,-1,-1,-1
433,22,206.00,137.00,21.00,53.00,1.0,-1,-1,-1
433,23,118.00,178.00,29.00,70.00,1.0,-1,-1,-1
433,24,630.00,349.00,35.00,131.00,1.0,-1,-1,-1
433,25,118.00,178.00,28.00,70.00,1.0,-1,-1,-1
433,26,686.00,347.00,50.00,117.00,1.0,-1,-1,-1
433,27,586.00,114.00,21.00,63.00,1.0,-1,-1,-1
433,28,206.00,137.00,21.00,55.00,1.0,-1,-1,-1
433,29,361.00,198.00,18.00,70.00,1.0,-1,-1,-1
433,30,242.00,181.00,28.00,84.00,1.0,-1,-1,-1
433,31,283.00,186.00,27.00,54.00,1.0,-1,-1,-1
433,32,348.00,207.00,34.00,86.00,1.0,-1,-1,-1
433,33,432.00,200.00,14.00,74.00,1.0,-1,-1,-1
434,0,0.00,0.00,0.00,0.00,1.0,-1,-1,-1
434,1,0.00,0.00,0.00,0.00,1.0,-1,-1,-1
434,2,0.00,0.00,0.00,0.00,1.0,-1,-1,-1
434,3,682.00,119.00,26.00,65.00,1.0,-1,-1,-1
434,4,605.00,180.00,33.00,82.00,1.0,-1,-1,-1
434,5,0.00,0.00,0.00,0.00,1.0,-1,-1,-1
434,6,518.00,210.00,36.00,95.00,1.0,-1,-1,-1
434,7,584.00,114.00,21.00,62.00,1.0,-1,-1,-1
434,8,200.00,186.00,34.00,85.00,1.0,-1,-1,-1
434,9,0.00,0.00,0.00,0.00,1.0,-1,-1,-1
434,10,0.00,0.00,0.00,0.00,1.0,-1,-1,-1
434,11,442.00,188.00,20.00,78.00,1.0,-1,-1,-1
434,12,0.00,0.00,0.00,0.00,1.0,-1,-1,-1
434,13,0.00,0.00,0.00,0.00,1.0,-1,-1,-1
434,14,0.00,0.00,0.00,0.00,1.0,-1,-1,-1
434,15,495.00,188.00,24.00,74.00,1.0,-1,-1,-1
434,16,0.00,0.00,0.00,0.00,1.0,-1,-1,-1
434,17,354.00,148.00,26.00,51.00,1.0,-1,-1,-1
434,18,0.00,0.00,0.00,0.00,1.0,-1,-1,-1
434,19,484.00,234.00,30.00,92.00,1.0,-1,-1,-1
434,20,388.00,213.00,25.00,104.00,1.0,-1,-1,-1
434,21,88.00,184.00,23.00,63.00,1.0,-1,-1,-1
434,22,202.00,137.00,21.00,60.00,1.0,-1,-1,-1
434,23,113.00,177.00,27.00,71.00,1.0,-1,-1,-1
434,24,631.00,355.00,55.00,128.00,1.0,-1,-1,-1
434,25,113.00,177.00,27.00,71.00,1.0,-1,-1,-1
434,26,697.00,348.00,41.00,117.00,1.0,-1,-1,-1
434,27,584.00,114.00,21.00,63.00,1.0,-1,-1,-1
434,28,202.00,137.00,21.00,60.00,1.0,-1,-1,-1
434,29,358.00,197.00,19.00,74.00,1.0,-1,-1,-1
434,30,241.00,183.00,28.00,85.00,1.0,-1,-1,-1
434,31,280.00,185.00,26.00,56.00,1.0,-1,-1,-1
434,32,344.00,207.00,26.00,86.00,1.0,-1,-1,-1
434,33,422.00,198.00,22.00,74.00,1.0,-1,-1,-1
435,0,0.00,0.00,0.00,0.00,1.0,-1,-1,-1
435,1,0.00,0.00,0.00,0.00,1.0,-1,-1,-1
435,2,0.00,0.00,0.00,0.00,1.0,-1,-1,-1
435,3,681.00,120.00,27.00,67.00,1.0,-1,-1,-1
435,4,603.00,180.00,36.00,83.00,1.0,-1,-1,-1
435,5,0.00,0.00,0.00,0.00,1.0,-1,-1,-1
435,6,517.00,209.00,35.00,96.00,1.0,-1,-1,-1
435,7,582.00,113.00,20.00,63.00,1.0,-1,-1,-1
435,8,198.00,186.00,32.00,85.00,1.0,-1,-1,-1
435,9,0.00,0.00,0.00,0.00,1.0,-1,-1,-1
435,10,0.00,0.00,0.00,0.00,1.0,-1,-1,-1
435,11,436.00,185.00,22.00,81.00,1.0,-1,-1,-1
435,12,0.00,0.00,0.00,0.00,1.0,-1,-1,-1
435,13,0.00,0.00,0.00,0.00,1.0,-1,-1,-1
435,14,0.00,0.00,0.00,0.00,1.0,-1,-1,-1
435,15,491.00,188.00,24.00,49.00,1.0,-1,-1,-1
435,16,0.00,0.00,0.00,0.00,1.0,-1,-1,-1
435,17,351.00,148.00,26.00,51.00,1.0,-1,-1,-1
435,18,0.00,0.00,0.00,0.00,1.0,-1,-1,-1
435,19,488.00,235.00,30.00,91.00,1.0,-1,-1,-1
435,20,389.00,217.00,35.00,100.00,1.0,-1,-1,-1
435,21,85.00,184.00,25.00,63.00,1.0,-1,-1,-1
435,22,194.00,139.00,30.00,57.00,1.0,-1,-1,-1
435,23,110.00,177.00,28.00,71.00,1.0,-1,-1,-1
435,24,631.00,360.00,62.00,126.00,1.0,-1,-1,-1
435,25,110.00,177.00,28.00,71.00,1.0,-1,-1,-1
435,26,708.00,348.00,37.00,117.00,1.0,-1,-1,-1
435,27,581.00,112.00,21.00,65.00,1.0,-1,-1,-1
435,28,193.00,139.00,31.00,57.00,1.0,-1,-1,-1
435,29,355.00,196.00,21.00,75.00,1.0,-1,-1,-1
435,30,239.00,184.00,29.00,84.00,1.0,-1,-1,-1
435,31,277.00,185.00,24.00,55.00,1.0,-1,-1,-1
435,32,338.00,206.00,24.00,86.00,1.0,-1,-1,-1
435,33,411.00,190.00,17.00,76.00,1.0,-1,-1,-1
